ISO-10303-21;
HEADER;
FILE_DESCRIPTION(('FreeCAD Model'),'2;1');
FILE_NAME('Open CASCADE Shape Model','2026-04-24T03:50:46',(''),(''),
  'Open CASCADE STEP processor 7.8','FreeCAD','Unknown');
FILE_SCHEMA(('AUTOMOTIVE_DESIGN { 1 0 10303 214 1 1 1 1 }'));
ENDSEC;
DATA;
#1 = APPLICATION_PROTOCOL_DEFINITION('international standard',
  'automotive_design',2000,#2);
#2 = APPLICATION_CONTEXT(
  'core data for automotive mechanical design processes');
#3 = SHAPE_DEFINITION_REPRESENTATION(#4,#10);
#4 = PRODUCT_DEFINITION_SHAPE('','',#5);
#5 = PRODUCT_DEFINITION('design','',#6,#9);
#6 = PRODUCT_DEFINITION_FORMATION('','',#7);
#7 = PRODUCT('Lid','Lid','',(#8));
#8 = PRODUCT_CONTEXT('',#2,'mechanical');
#9 = PRODUCT_DEFINITION_CONTEXT('part definition',#2,'design');
#10 = ADVANCED_BREP_SHAPE_REPRESENTATION('',(#11,#15),#13057);
#11 = AXIS2_PLACEMENT_3D('',#12,#13,#14);
#12 = CARTESIAN_POINT('',(0.,0.,0.));
#13 = DIRECTION('',(0.,0.,1.));
#14 = DIRECTION('',(1.,0.,-0.));
#15 = MANIFOLD_SOLID_BREP('',#16);
#16 = CLOSED_SHELL('',(#17,#81,#156,#180,#213,#319,#344,#393,#410,#441,
    #500,#531,#564,#644,#737,#753,#812,#836,#885,#909,#951,#975,#1017,
    #1066,#1090,#1114,#1156,#1337,#1354,#1366,#1382,#3384,#3450,#3515,
    #3548,#3642,#3660,#3684,#3702,#3719,#3744,#3761,#3793,#3898,#3929,
    #4034,#4072,#4096,#4127,#4144,#4160,#4184,#4201,#4213,#4237,#4254,
    #4266,#4278,#4329,#4360,#4384,#4408,#4425,#4456,#4480,#4504,#4521,
    #4552,#4576,#4600,#4617,#4634,#4651,#4682,#4706,#4730,#4754,#4771,
    #4802,#4826,#4850,#4874,#4898,#4915,#4946,#4972,#4998,#5022,#5046,
    #5070,#5096,#5122,#5148,#5174,#5200,#5224,#5248,#5272,#5298,#5324,
    #5350,#5376,#5400,#5417,#5448,#5472,#5496,#5513,#5544,#5568,#5592,
    #5616,#5640,#5664,#5688,#5705,#5736,#5762,#5788,#5812,#5838,#5864,
    #5881,#5914,#5940,#5966,#5992,#6018,#6044,#6070,#6094,#6120,#6146,
    #6172,#6198,#6224,#6250,#6276,#6302,#6328,#6352,#6378,#6397,#6430,
    #6456,#6480,#6506,#6532,#6549,#6582,#6608,#6632,#6656,#6680,#6706,
    #6732,#6749,#6782,#6808,#6832,#6858,#6884,#6908,#6932,#6949,#6982,
    #7008,#7032,#7058,#7084,#7108,#7134,#7160,#7184,#7210,#7236,#7253,
    #7284,#7308,#7332,#7349,#7380,#7404,#7428,#7452,#7469,#7500,#7524,
    #7548,#7572,#7596,#7613,#7644,#7668,#7692,#7709,#7740,#7764,#7788,
    #7812,#7829,#7860,#7884,#7908,#7925,#7956,#7982,#8008,#8032,#8056,
    #8080,#8106,#8132,#8158,#8184,#8210,#8234,#8258,#8282,#8308,#8334,
    #8360,#8386,#8410,#8427,#8458,#8482,#8506,#8523,#8556,#8582,#8606,
    #8632,#8658,#8682,#8708,#8734,#8758,#8784,#8810,#8827,#8860,#8886,
    #8910,#8936,#8962,#8986,#9012,#9038,#9062,#9088,#9114,#9131,#9164,
    #9190,#9214,#9240,#9266,#9290,#9316,#9342,#9366,#9392,#9418,#9435,
    #9468,#9494,#9518,#9544,#9570,#9594,#9620,#9646,#9670,#9696,#9722,
    #9739,#9772,#9798,#9822,#9848,#9874,#9898,#9924,#9950,#9974,#10000,
    #10026,#10043,#10074,#10098,#10122,#10139,#10170,#10194,#10218,
    #10242,#10259,#10290,#10314,#10338,#10362,#10386,#10403,#10434,
    #10458,#10482,#10506,#10523,#10554,#10578,#10602,#10619,#10665,
    #10696,#10720,#10744,#10761,#10785,#10809,#10826,#10888,#10928,
    #10998,#11022,#11080,#11113,#11190,#11214,#11284,#11295,#11313,
    #11331,#11343,#11361,#11379,#11391,#11422,#11446,#11470,#11487,
    #11520,#11545,#11570,#11587,#11620,#11645,#11670,#11687,#11720,
    #11745,#11770,#11787,#11800,#11814,#11842,#11854,#11870,#11885,
    #11913,#11927,#11943,#11959,#11979,#11991,#12004,#12018,#12031,
    #12043,#12071,#12083,#12103,#12123,#12143,#12163,#12183,#12195,
    #12208,#12222,#12235,#12247,#12278,#12316,#12340,#12371,#12404,
    #12429,#12454,#12471,#12496,#12521,#12546,#12571,#12597,#12622,
    #12634,#12660,#12685,#12703,#12715,#12733,#12766,#12791,#12816,
    #12833,#12845,#12857,#12869,#12881,#12893,#12905,#12931,#12957,
    #12983,#13009,#13021,#13030,#13039,#13048));
#17 = ADVANCED_FACE('',(#18),#76,.F.);
#18 = FACE_BOUND('',#19,.F.);
#19 = EDGE_LOOP('',(#20,#30,#38,#46,#54,#62,#70));
#20 = ORIENTED_EDGE('',*,*,#21,.T.);
#21 = EDGE_CURVE('',#22,#24,#26,.T.);
#22 = VERTEX_POINT('',#23);
#23 = CARTESIAN_POINT('',(47.,-10.2,0.));
#24 = VERTEX_POINT('',#25);
#25 = CARTESIAN_POINT('',(47.,26.9,0.));
#26 = LINE('',#27,#28);
#27 = CARTESIAN_POINT('',(47.,-28.4,0.));
#28 = VECTOR('',#29,1.);
#29 = DIRECTION('',(0.,1.,0.));
#30 = ORIENTED_EDGE('',*,*,#31,.T.);
#31 = EDGE_CURVE('',#24,#32,#34,.T.);
#32 = VERTEX_POINT('',#33);
#33 = CARTESIAN_POINT('',(45.5,28.4,0.));
#34 = LINE('',#35,#36);
#35 = CARTESIAN_POINT('',(41.6,32.3,0.));
#36 = VECTOR('',#37,1.);
#37 = DIRECTION('',(-0.707106781187,0.707106781187,0.));
#38 = ORIENTED_EDGE('',*,*,#39,.T.);
#39 = EDGE_CURVE('',#32,#40,#42,.T.);
#40 = VERTEX_POINT('',#41);
#41 = CARTESIAN_POINT('',(31.41,28.4,-1.5473E-11));
#42 = LINE('',#43,#44);
#43 = CARTESIAN_POINT('',(47.,28.4,0.));
#44 = VECTOR('',#45,1.);
#45 = DIRECTION('',(-1.,0.,0.));
#46 = ORIENTED_EDGE('',*,*,#47,.T.);
#47 = EDGE_CURVE('',#40,#48,#50,.T.);
#48 = VERTEX_POINT('',#49);
#49 = CARTESIAN_POINT('',(31.41,27.3,0.));
#50 = LINE('',#51,#52);
#51 = CARTESIAN_POINT('',(31.41,28.4,-1.547334E-11));
#52 = VECTOR('',#53,1.);
#53 = DIRECTION('',(-9.E-17,-1.,2.2E-16));
#54 = ORIENTED_EDGE('',*,*,#55,.F.);
#55 = EDGE_CURVE('',#56,#48,#58,.T.);
#56 = VERTEX_POINT('',#57);
#57 = CARTESIAN_POINT('',(45.9,27.3,0.));
#58 = LINE('',#59,#60);
#59 = CARTESIAN_POINT('',(45.6,27.3,-6.E-17));
#60 = VECTOR('',#61,1.);
#61 = DIRECTION('',(-1.,0.,0.));
#62 = ORIENTED_EDGE('',*,*,#63,.F.);
#63 = EDGE_CURVE('',#64,#56,#66,.T.);
#64 = VERTEX_POINT('',#65);
#65 = CARTESIAN_POINT('',(45.9,-10.2,0.));
#66 = LINE('',#67,#68);
#67 = CARTESIAN_POINT('',(45.9,-10.2,-6.E-17));
#68 = VECTOR('',#69,1.);
#69 = DIRECTION('',(0.,1.,0.));
#70 = ORIENTED_EDGE('',*,*,#71,.F.);
#71 = EDGE_CURVE('',#22,#64,#72,.T.);
#72 = LINE('',#73,#74);
#73 = CARTESIAN_POINT('',(47.,-10.2,0.));
#74 = VECTOR('',#75,1.);
#75 = DIRECTION('',(-1.,-0.,-0.));
#76 = PLANE('',#77);
#77 = AXIS2_PLACEMENT_3D('',#78,#79,#80);
#78 = CARTESIAN_POINT('',(-1.54E-15,-2.3E-15,0.));
#79 = DIRECTION('',(0.,0.,1.));
#80 = DIRECTION('',(1.,0.,0.));
#81 = ADVANCED_FACE('',(#82,#140),#151,.T.);
#82 = FACE_BOUND('',#83,.T.);
#83 = EDGE_LOOP('',(#84,#85,#93,#101,#109,#117,#125,#134));
#84 = ORIENTED_EDGE('',*,*,#21,.T.);
#85 = ORIENTED_EDGE('',*,*,#86,.T.);
#86 = EDGE_CURVE('',#24,#87,#89,.T.);
#87 = VERTEX_POINT('',#88);
#88 = CARTESIAN_POINT('',(47.,26.9,11.52));
#89 = LINE('',#90,#91);
#90 = CARTESIAN_POINT('',(47.,26.9,0.));
#91 = VECTOR('',#92,1.);
#92 = DIRECTION('',(0.,0.,1.));
#93 = ORIENTED_EDGE('',*,*,#94,.F.);
#94 = EDGE_CURVE('',#95,#87,#97,.T.);
#95 = VERTEX_POINT('',#96);
#96 = CARTESIAN_POINT('',(47.,-26.9,11.52));
#97 = LINE('',#98,#99);
#98 = CARTESIAN_POINT('',(47.,-28.4,11.52));
#99 = VECTOR('',#100,1.);
#100 = DIRECTION('',(0.,1.,0.));
#101 = ORIENTED_EDGE('',*,*,#102,.F.);
#102 = EDGE_CURVE('',#103,#95,#105,.T.);
#103 = VERTEX_POINT('',#104);
#104 = CARTESIAN_POINT('',(47.,-26.9,0.));
#105 = LINE('',#106,#107);
#106 = CARTESIAN_POINT('',(47.,-26.9,0.));
#107 = VECTOR('',#108,1.);
#108 = DIRECTION('',(0.,0.,1.));
#109 = ORIENTED_EDGE('',*,*,#110,.T.);
#110 = EDGE_CURVE('',#103,#111,#113,.T.);
#111 = VERTEX_POINT('',#112);
#112 = CARTESIAN_POINT('',(47.,-16.97,0.));
#113 = LINE('',#114,#115);
#114 = CARTESIAN_POINT('',(47.,-28.4,0.));
#115 = VECTOR('',#116,1.);
#116 = DIRECTION('',(0.,1.,0.));
#117 = ORIENTED_EDGE('',*,*,#118,.F.);
#118 = EDGE_CURVE('',#119,#111,#121,.T.);
#119 = VERTEX_POINT('',#120);
#120 = CARTESIAN_POINT('',(47.,-16.97,2.69));
#121 = LINE('',#122,#123);
#122 = CARTESIAN_POINT('',(47.,-16.97,2.69));
#123 = VECTOR('',#124,1.);
#124 = DIRECTION('',(0.,0.,-1.));
#125 = ORIENTED_EDGE('',*,*,#126,.F.);
#126 = EDGE_CURVE('',#127,#119,#129,.T.);
#127 = VERTEX_POINT('',#128);
#128 = CARTESIAN_POINT('',(47.,-10.2,2.69));
#129 = CIRCLE('',#130,3.385);
#130 = AXIS2_PLACEMENT_3D('',#131,#132,#133);
#131 = CARTESIAN_POINT('',(47.,-13.585,2.69));
#132 = DIRECTION('',(1.,0.,0.));
#133 = DIRECTION('',(0.,1.,0.));
#134 = ORIENTED_EDGE('',*,*,#135,.T.);
#135 = EDGE_CURVE('',#127,#22,#136,.T.);
#136 = LINE('',#137,#138);
#137 = CARTESIAN_POINT('',(47.,-10.2,2.69));
#138 = VECTOR('',#139,1.);
#139 = DIRECTION('',(0.,0.,-1.));
#140 = FACE_BOUND('',#141,.T.);
#141 = EDGE_LOOP('',(#142));
#142 = ORIENTED_EDGE('',*,*,#143,.F.);
#143 = EDGE_CURVE('',#144,#144,#146,.T.);
#144 = VERTEX_POINT('',#145);
#145 = CARTESIAN_POINT('',(47.,16.667134,1.572711));
#146 = CIRCLE('',#147,0.5);
#147 = AXIS2_PLACEMENT_3D('',#148,#149,#150);
#148 = CARTESIAN_POINT('',(47.,16.167134,1.572711));
#149 = DIRECTION('',(1.,0.,0.));
#150 = DIRECTION('',(0.,1.,0.));
#151 = PLANE('',#152);
#152 = AXIS2_PLACEMENT_3D('',#153,#154,#155);
#153 = CARTESIAN_POINT('',(47.,3.1E-16,6.51));
#154 = DIRECTION('',(1.,0.,0.));
#155 = DIRECTION('',(0.,0.,1.));
#156 = ADVANCED_FACE('',(#157),#175,.T.);
#157 = FACE_BOUND('',#158,.F.);
#158 = EDGE_LOOP('',(#159,#160,#161,#169));
#159 = ORIENTED_EDGE('',*,*,#31,.F.);
#160 = ORIENTED_EDGE('',*,*,#86,.T.);
#161 = ORIENTED_EDGE('',*,*,#162,.T.);
#162 = EDGE_CURVE('',#87,#163,#165,.T.);
#163 = VERTEX_POINT('',#164);
#164 = CARTESIAN_POINT('',(45.5,28.4,11.52));
#165 = LINE('',#166,#167);
#166 = CARTESIAN_POINT('',(46.625,27.275,11.52));
#167 = VECTOR('',#168,1.);
#168 = DIRECTION('',(-0.707106781187,0.707106781187,4.23E-15));
#169 = ORIENTED_EDGE('',*,*,#170,.F.);
#170 = EDGE_CURVE('',#32,#163,#171,.T.);
#171 = LINE('',#172,#173);
#172 = CARTESIAN_POINT('',(45.5,28.4,0.));
#173 = VECTOR('',#174,1.);
#174 = DIRECTION('',(0.,0.,1.));
#175 = PLANE('',#176);
#176 = AXIS2_PLACEMENT_3D('',#177,#178,#179);
#177 = CARTESIAN_POINT('',(46.25,27.65,0.));
#178 = DIRECTION('',(0.707106781187,0.707106781187,0.));
#179 = DIRECTION('',(-0.,0.,-1.));
#180 = ADVANCED_FACE('',(#181),#208,.T.);
#181 = FACE_BOUND('',#182,.T.);
#182 = EDGE_LOOP('',(#183,#193,#200,#201,#202));
#183 = ORIENTED_EDGE('',*,*,#184,.F.);
#184 = EDGE_CURVE('',#185,#187,#189,.T.);
#185 = VERTEX_POINT('',#186);
#186 = CARTESIAN_POINT('',(45.6,-10.2,0.3));
#187 = VERTEX_POINT('',#188);
#188 = CARTESIAN_POINT('',(45.6,-10.2,2.69));
#189 = LINE('',#190,#191);
#190 = CARTESIAN_POINT('',(45.6,-10.2,1.345));
#191 = VECTOR('',#192,1.);
#192 = DIRECTION('',(0.,0.,1.));
#193 = ORIENTED_EDGE('',*,*,#194,.T.);
#194 = EDGE_CURVE('',#185,#64,#195,.T.);
#195 = CIRCLE('',#196,0.3);
#196 = AXIS2_PLACEMENT_3D('',#197,#198,#199);
#197 = CARTESIAN_POINT('',(45.9,-10.2,0.3));
#198 = DIRECTION('',(0.,-1.,0.));
#199 = DIRECTION('',(0.,0.,1.));
#200 = ORIENTED_EDGE('',*,*,#71,.F.);
#201 = ORIENTED_EDGE('',*,*,#135,.F.);
#202 = ORIENTED_EDGE('',*,*,#203,.T.);
#203 = EDGE_CURVE('',#127,#187,#204,.T.);
#204 = LINE('',#205,#206);
#205 = CARTESIAN_POINT('',(47.,-10.2,2.69));
#206 = VECTOR('',#207,1.);
#207 = DIRECTION('',(-1.,-0.,-0.));
#208 = PLANE('',#209);
#209 = AXIS2_PLACEMENT_3D('',#210,#211,#212);
#210 = CARTESIAN_POINT('',(46.3,-10.2,1.345));
#211 = DIRECTION('',(-0.,-1.,-0.));
#212 = DIRECTION('',(0.,0.,-1.));
#213 = ADVANCED_FACE('',(#214),#314,.T.);
#214 = FACE_BOUND('',#215,.T.);
#215 = EDGE_LOOP('',(#216,#226,#234,#240,#241,#242,#250,#258,#266,#274,
    #282,#291,#299,#308));
#216 = ORIENTED_EDGE('',*,*,#217,.T.);
#217 = EDGE_CURVE('',#218,#220,#222,.T.);
#218 = VERTEX_POINT('',#219);
#219 = CARTESIAN_POINT('',(-25.2,28.4,-2.E-15));
#220 = VERTEX_POINT('',#221);
#221 = CARTESIAN_POINT('',(-45.5,28.4,0.));
#222 = LINE('',#223,#224);
#223 = CARTESIAN_POINT('',(47.,28.4,0.));
#224 = VECTOR('',#225,1.);
#225 = DIRECTION('',(-1.,0.,0.));
#226 = ORIENTED_EDGE('',*,*,#227,.T.);
#227 = EDGE_CURVE('',#220,#228,#230,.T.);
#228 = VERTEX_POINT('',#229);
#229 = CARTESIAN_POINT('',(-45.5,28.4,11.52));
#230 = LINE('',#231,#232);
#231 = CARTESIAN_POINT('',(-45.5,28.4,0.));
#232 = VECTOR('',#233,1.);
#233 = DIRECTION('',(0.,0.,1.));
#234 = ORIENTED_EDGE('',*,*,#235,.F.);
#235 = EDGE_CURVE('',#163,#228,#236,.T.);
#236 = LINE('',#237,#238);
#237 = CARTESIAN_POINT('',(47.,28.4,11.52));
#238 = VECTOR('',#239,1.);
#239 = DIRECTION('',(-1.,0.,0.));
#240 = ORIENTED_EDGE('',*,*,#170,.F.);
#241 = ORIENTED_EDGE('',*,*,#39,.T.);
#242 = ORIENTED_EDGE('',*,*,#243,.F.);
#243 = EDGE_CURVE('',#244,#40,#246,.T.);
#244 = VERTEX_POINT('',#245);
#245 = CARTESIAN_POINT('',(31.41,28.4,2.049999999975));
#246 = LINE('',#247,#248);
#247 = CARTESIAN_POINT('',(31.41,28.4,2.049999999975));
#248 = VECTOR('',#249,1.);
#249 = DIRECTION('',(0.,0.,-1.));
#250 = ORIENTED_EDGE('',*,*,#251,.F.);
#251 = EDGE_CURVE('',#252,#244,#254,.T.);
#252 = VERTEX_POINT('',#253);
#253 = CARTESIAN_POINT('',(27.17,28.4,2.049999999975));
#254 = LINE('',#255,#256);
#255 = CARTESIAN_POINT('',(27.17,28.4,2.049999999975));
#256 = VECTOR('',#257,1.);
#257 = DIRECTION('',(1.,0.,0.));
#258 = ORIENTED_EDGE('',*,*,#259,.F.);
#259 = EDGE_CURVE('',#260,#252,#262,.T.);
#260 = VERTEX_POINT('',#261);
#261 = CARTESIAN_POINT('',(27.17,28.4,-1.5474E-11));
#262 = LINE('',#263,#264);
#263 = CARTESIAN_POINT('',(27.17,28.4,-1.547606E-11));
#264 = VECTOR('',#265,1.);
#265 = DIRECTION('',(0.,0.,1.));
#266 = ORIENTED_EDGE('',*,*,#267,.T.);
#267 = EDGE_CURVE('',#260,#268,#270,.T.);
#268 = VERTEX_POINT('',#269);
#269 = CARTESIAN_POINT('',(-16.1,28.4,-1.E-15));
#270 = LINE('',#271,#272);
#271 = CARTESIAN_POINT('',(47.,28.4,0.));
#272 = VECTOR('',#273,1.);
#273 = DIRECTION('',(-1.,0.,0.));
#274 = ORIENTED_EDGE('',*,*,#275,.F.);
#275 = EDGE_CURVE('',#276,#268,#278,.T.);
#276 = VERTEX_POINT('',#277);
#277 = CARTESIAN_POINT('',(-16.1,28.4,1.77));
#278 = LINE('',#279,#280);
#279 = CARTESIAN_POINT('',(-16.1,28.4,1.77));
#280 = VECTOR('',#281,1.);
#281 = DIRECTION('',(0.,0.,-1.));
#282 = ORIENTED_EDGE('',*,*,#283,.F.);
#283 = EDGE_CURVE('',#284,#276,#286,.T.);
#284 = VERTEX_POINT('',#285);
#285 = CARTESIAN_POINT('',(-17.39,28.4,3.06));
#286 = CIRCLE('',#287,1.29);
#287 = AXIS2_PLACEMENT_3D('',#288,#289,#290);
#288 = CARTESIAN_POINT('',(-17.39,28.4,1.77));
#289 = DIRECTION('',(0.,1.,-0.));
#290 = DIRECTION('',(-1.,0.,0.));
#291 = ORIENTED_EDGE('',*,*,#292,.F.);
#292 = EDGE_CURVE('',#293,#284,#295,.T.);
#293 = VERTEX_POINT('',#294);
#294 = CARTESIAN_POINT('',(-23.91,28.4,3.06));
#295 = LINE('',#296,#297);
#296 = CARTESIAN_POINT('',(-23.91,28.4,3.06));
#297 = VECTOR('',#298,1.);
#298 = DIRECTION('',(1.,0.,0.));
#299 = ORIENTED_EDGE('',*,*,#300,.F.);
#300 = EDGE_CURVE('',#301,#293,#303,.T.);
#301 = VERTEX_POINT('',#302);
#302 = CARTESIAN_POINT('',(-25.2,28.4,1.77));
#303 = CIRCLE('',#304,1.29);
#304 = AXIS2_PLACEMENT_3D('',#305,#306,#307);
#305 = CARTESIAN_POINT('',(-23.91,28.4,1.77));
#306 = DIRECTION('',(0.,1.,-0.));
#307 = DIRECTION('',(-1.,0.,0.));
#308 = ORIENTED_EDGE('',*,*,#309,.T.);
#309 = EDGE_CURVE('',#301,#218,#310,.T.);
#310 = LINE('',#311,#312);
#311 = CARTESIAN_POINT('',(-25.2,28.4,1.77));
#312 = VECTOR('',#313,1.);
#313 = DIRECTION('',(0.,0.,-1.));
#314 = PLANE('',#315);
#315 = AXIS2_PLACEMENT_3D('',#316,#317,#318);
#316 = CARTESIAN_POINT('',(-5.3E-16,28.4,6.51));
#317 = DIRECTION('',(0.,1.,0.));
#318 = DIRECTION('',(0.,0.,1.));
#319 = ADVANCED_FACE('',(#320),#339,.T.);
#320 = FACE_BOUND('',#321,.F.);
#321 = EDGE_LOOP('',(#322,#323,#324,#333));
#322 = ORIENTED_EDGE('',*,*,#194,.T.);
#323 = ORIENTED_EDGE('',*,*,#63,.T.);
#324 = ORIENTED_EDGE('',*,*,#325,.F.);
#325 = EDGE_CURVE('',#326,#56,#328,.T.);
#326 = VERTEX_POINT('',#327);
#327 = CARTESIAN_POINT('',(45.6,27.,0.3));
#328 = ELLIPSE('',#329,0.424264068712,0.3);
#329 = AXIS2_PLACEMENT_3D('',#330,#331,#332);
#330 = CARTESIAN_POINT('',(45.9,27.3,0.3));
#331 = DIRECTION('',(0.707106781187,-0.707106781187,0.));
#332 = DIRECTION('',(0.707106781187,0.707106781187,0.));
#333 = ORIENTED_EDGE('',*,*,#334,.F.);
#334 = EDGE_CURVE('',#185,#326,#335,.T.);
#335 = LINE('',#336,#337);
#336 = CARTESIAN_POINT('',(45.6,-10.2,0.3));
#337 = VECTOR('',#338,1.);
#338 = DIRECTION('',(0.,1.,0.));
#339 = CYLINDRICAL_SURFACE('',#340,0.3);
#340 = AXIS2_PLACEMENT_3D('',#341,#342,#343);
#341 = CARTESIAN_POINT('',(45.9,-10.2,0.3));
#342 = DIRECTION('',(0.,1.,0.));
#343 = DIRECTION('',(-1.,0.,0.));
#344 = ADVANCED_FACE('',(#345),#388,.T.);
#345 = FACE_BOUND('',#346,.T.);
#346 = EDGE_LOOP('',(#347,#348,#357,#365,#373,#381,#387));
#347 = ORIENTED_EDGE('',*,*,#47,.T.);
#348 = ORIENTED_EDGE('',*,*,#349,.T.);
#349 = EDGE_CURVE('',#48,#350,#352,.T.);
#350 = VERTEX_POINT('',#351);
#351 = CARTESIAN_POINT('',(31.41,27.,0.3));
#352 = CIRCLE('',#353,0.3);
#353 = AXIS2_PLACEMENT_3D('',#354,#355,#356);
#354 = CARTESIAN_POINT('',(31.41,27.3,0.3));
#355 = DIRECTION('',(-1.,0.,0.));
#356 = DIRECTION('',(0.,0.,-1.));
#357 = ORIENTED_EDGE('',*,*,#358,.F.);
#358 = EDGE_CURVE('',#359,#350,#361,.T.);
#359 = VERTEX_POINT('',#360);
#360 = CARTESIAN_POINT('',(31.41,27.,2.23));
#361 = LINE('',#362,#363);
#362 = CARTESIAN_POINT('',(31.41,27.,2.23));
#363 = VECTOR('',#364,1.);
#364 = DIRECTION('',(0.,-2.2E-16,-1.));
#365 = ORIENTED_EDGE('',*,*,#366,.F.);
#366 = EDGE_CURVE('',#367,#359,#369,.T.);
#367 = VERTEX_POINT('',#368);
#368 = CARTESIAN_POINT('',(31.41,27.6,2.23));
#369 = LINE('',#370,#371);
#370 = CARTESIAN_POINT('',(31.41,27.6,2.23));
#371 = VECTOR('',#372,1.);
#372 = DIRECTION('',(0.,-1.,2.2E-16));
#373 = ORIENTED_EDGE('',*,*,#374,.T.);
#374 = EDGE_CURVE('',#367,#375,#377,.T.);
#375 = VERTEX_POINT('',#376);
#376 = CARTESIAN_POINT('',(31.41,27.6,2.049999999975));
#377 = LINE('',#378,#379);
#378 = CARTESIAN_POINT('',(31.41,27.6,2.23));
#379 = VECTOR('',#380,1.);
#380 = DIRECTION('',(0.,0.,-1.));
#381 = ORIENTED_EDGE('',*,*,#382,.F.);
#382 = EDGE_CURVE('',#244,#375,#383,.T.);
#383 = LINE('',#384,#385);
#384 = CARTESIAN_POINT('',(31.41,28.4,2.049999999975));
#385 = VECTOR('',#386,1.);
#386 = DIRECTION('',(-9.E-17,-1.,2.2E-16));
#387 = ORIENTED_EDGE('',*,*,#243,.T.);
#388 = PLANE('',#389);
#389 = AXIS2_PLACEMENT_3D('',#390,#391,#392);
#390 = CARTESIAN_POINT('',(31.41,27.680165289255,1.095165289248));
#391 = DIRECTION('',(-1.,1.97E-15,-4.1E-16));
#392 = DIRECTION('',(-1.97E-15,-1.,0.));
#393 = ADVANCED_FACE('',(#394),#405,.T.);
#394 = FACE_BOUND('',#395,.T.);
#395 = EDGE_LOOP('',(#396,#397,#403,#404));
#396 = ORIENTED_EDGE('',*,*,#325,.F.);
#397 = ORIENTED_EDGE('',*,*,#398,.T.);
#398 = EDGE_CURVE('',#326,#350,#399,.T.);
#399 = LINE('',#400,#401);
#400 = CARTESIAN_POINT('',(45.6,27.,0.3));
#401 = VECTOR('',#402,1.);
#402 = DIRECTION('',(-1.,0.,0.));
#403 = ORIENTED_EDGE('',*,*,#349,.F.);
#404 = ORIENTED_EDGE('',*,*,#55,.F.);
#405 = CYLINDRICAL_SURFACE('',#406,0.3);
#406 = AXIS2_PLACEMENT_3D('',#407,#408,#409);
#407 = CARTESIAN_POINT('',(45.6,27.3,0.3));
#408 = DIRECTION('',(-1.,0.,0.));
#409 = DIRECTION('',(0.,0.,-1.));
#410 = ADVANCED_FACE('',(#411),#436,.T.);
#411 = FACE_BOUND('',#412,.T.);
#412 = EDGE_LOOP('',(#413,#421,#422,#430));
#413 = ORIENTED_EDGE('',*,*,#414,.F.);
#414 = EDGE_CURVE('',#95,#415,#417,.T.);
#415 = VERTEX_POINT('',#416);
#416 = CARTESIAN_POINT('',(45.5,-26.9,13.02));
#417 = LINE('',#418,#419);
#418 = CARTESIAN_POINT('',(46.625,-26.9,11.895));
#419 = VECTOR('',#420,1.);
#420 = DIRECTION('',(-0.707106781187,-3.37E-15,0.707106781187));
#421 = ORIENTED_EDGE('',*,*,#94,.T.);
#422 = ORIENTED_EDGE('',*,*,#423,.T.);
#423 = EDGE_CURVE('',#87,#424,#426,.T.);
#424 = VERTEX_POINT('',#425);
#425 = CARTESIAN_POINT('',(45.5,26.9,13.02));
#426 = LINE('',#427,#428);
#427 = CARTESIAN_POINT('',(46.625,26.9,11.895));
#428 = VECTOR('',#429,1.);
#429 = DIRECTION('',(-0.707106781187,5.1E-15,0.707106781187));
#430 = ORIENTED_EDGE('',*,*,#431,.F.);
#431 = EDGE_CURVE('',#415,#424,#432,.T.);
#432 = LINE('',#433,#434);
#433 = CARTESIAN_POINT('',(45.5,-28.4,13.02));
#434 = VECTOR('',#435,1.);
#435 = DIRECTION('',(0.,1.,0.));
#436 = PLANE('',#437);
#437 = AXIS2_PLACEMENT_3D('',#438,#439,#440);
#438 = CARTESIAN_POINT('',(46.25,-28.4,12.27));
#439 = DIRECTION('',(0.707106781187,0.,0.707106781187));
#440 = DIRECTION('',(-0.,1.,0.));
#441 = ADVANCED_FACE('',(#442),#495,.F.);
#442 = FACE_BOUND('',#443,.F.);
#443 = EDGE_LOOP('',(#444,#445,#446,#455,#463,#472,#480,#489));
#444 = ORIENTED_EDGE('',*,*,#126,.F.);
#445 = ORIENTED_EDGE('',*,*,#203,.T.);
#446 = ORIENTED_EDGE('',*,*,#447,.T.);
#447 = EDGE_CURVE('',#187,#448,#450,.T.);
#448 = VERTEX_POINT('',#449);
#449 = CARTESIAN_POINT('',(45.6,-10.24174933634,3.22));
#450 = CIRCLE('',#451,3.385);
#451 = AXIS2_PLACEMENT_3D('',#452,#453,#454);
#452 = CARTESIAN_POINT('',(45.6,-13.585,2.69));
#453 = DIRECTION('',(1.,0.,0.));
#454 = DIRECTION('',(0.,1.,0.));
#455 = ORIENTED_EDGE('',*,*,#456,.F.);
#456 = EDGE_CURVE('',#457,#448,#459,.T.);
#457 = VERTEX_POINT('',#458);
#458 = CARTESIAN_POINT('',(44.5,-10.24174933634,3.22));
#459 = LINE('',#460,#461);
#460 = CARTESIAN_POINT('',(47.,-10.24174933634,3.22));
#461 = VECTOR('',#462,1.);
#462 = DIRECTION('',(1.,0.,0.));
#463 = ORIENTED_EDGE('',*,*,#464,.T.);
#464 = EDGE_CURVE('',#457,#465,#467,.T.);
#465 = VERTEX_POINT('',#466);
#466 = CARTESIAN_POINT('',(44.5,-16.92825066365,3.22));
#467 = CIRCLE('',#468,3.385);
#468 = AXIS2_PLACEMENT_3D('',#469,#470,#471);
#469 = CARTESIAN_POINT('',(44.5,-13.585,2.69));
#470 = DIRECTION('',(1.,0.,0.));
#471 = DIRECTION('',(0.,1.,0.));
#472 = ORIENTED_EDGE('',*,*,#473,.T.);
#473 = EDGE_CURVE('',#465,#474,#476,.T.);
#474 = VERTEX_POINT('',#475);
#475 = CARTESIAN_POINT('',(45.6,-16.92825066365,3.22));
#476 = LINE('',#477,#478);
#477 = CARTESIAN_POINT('',(47.,-16.92825066365,3.22));
#478 = VECTOR('',#479,1.);
#479 = DIRECTION('',(1.,0.,0.));
#480 = ORIENTED_EDGE('',*,*,#481,.T.);
#481 = EDGE_CURVE('',#474,#482,#484,.T.);
#482 = VERTEX_POINT('',#483);
#483 = CARTESIAN_POINT('',(45.6,-16.97,2.69));
#484 = CIRCLE('',#485,3.385);
#485 = AXIS2_PLACEMENT_3D('',#486,#487,#488);
#486 = CARTESIAN_POINT('',(45.6,-13.585,2.69));
#487 = DIRECTION('',(1.,0.,0.));
#488 = DIRECTION('',(0.,1.,0.));
#489 = ORIENTED_EDGE('',*,*,#490,.F.);
#490 = EDGE_CURVE('',#119,#482,#491,.T.);
#491 = LINE('',#492,#493);
#492 = CARTESIAN_POINT('',(47.,-16.97,2.69));
#493 = VECTOR('',#494,1.);
#494 = DIRECTION('',(-1.,-0.,-0.));
#495 = CYLINDRICAL_SURFACE('',#496,3.385);
#496 = AXIS2_PLACEMENT_3D('',#497,#498,#499);
#497 = CARTESIAN_POINT('',(47.,-13.585,2.69));
#498 = DIRECTION('',(1.,0.,0.));
#499 = DIRECTION('',(0.,1.,0.));
#500 = ADVANCED_FACE('',(#501),#526,.T.);
#501 = FACE_BOUND('',#502,.T.);
#502 = EDGE_LOOP('',(#503,#511,#512,#520));
#503 = ORIENTED_EDGE('',*,*,#504,.F.);
#504 = EDGE_CURVE('',#103,#505,#507,.T.);
#505 = VERTEX_POINT('',#506);
#506 = CARTESIAN_POINT('',(45.5,-28.4,0.));
#507 = LINE('',#508,#509);
#508 = CARTESIAN_POINT('',(41.6,-32.3,0.));
#509 = VECTOR('',#510,1.);
#510 = DIRECTION('',(-0.707106781187,-0.707106781187,0.));
#511 = ORIENTED_EDGE('',*,*,#102,.T.);
#512 = ORIENTED_EDGE('',*,*,#513,.T.);
#513 = EDGE_CURVE('',#95,#514,#516,.T.);
#514 = VERTEX_POINT('',#515);
#515 = CARTESIAN_POINT('',(45.5,-28.4,11.52));
#516 = LINE('',#517,#518);
#517 = CARTESIAN_POINT('',(46.625,-27.275,11.52));
#518 = VECTOR('',#519,1.);
#519 = DIRECTION('',(-0.707106781187,-0.707106781187,2.6E-15));
#520 = ORIENTED_EDGE('',*,*,#521,.F.);
#521 = EDGE_CURVE('',#505,#514,#522,.T.);
#522 = LINE('',#523,#524);
#523 = CARTESIAN_POINT('',(45.5,-28.4,0.));
#524 = VECTOR('',#525,1.);
#525 = DIRECTION('',(0.,0.,1.));
#526 = PLANE('',#527);
#527 = AXIS2_PLACEMENT_3D('',#528,#529,#530);
#528 = CARTESIAN_POINT('',(46.25,-27.65,0.));
#529 = DIRECTION('',(0.707106781187,-0.707106781187,0.));
#530 = DIRECTION('',(0.,0.,1.));
#531 = ADVANCED_FACE('',(#532),#559,.T.);
#532 = FACE_BOUND('',#533,.T.);
#533 = EDGE_LOOP('',(#534,#542,#551,#557,#558));
#534 = ORIENTED_EDGE('',*,*,#535,.T.);
#535 = EDGE_CURVE('',#111,#536,#538,.T.);
#536 = VERTEX_POINT('',#537);
#537 = CARTESIAN_POINT('',(45.9,-16.97,0.));
#538 = LINE('',#539,#540);
#539 = CARTESIAN_POINT('',(47.,-16.97,0.));
#540 = VECTOR('',#541,1.);
#541 = DIRECTION('',(-1.,-0.,-0.));
#542 = ORIENTED_EDGE('',*,*,#543,.F.);
#543 = EDGE_CURVE('',#544,#536,#546,.T.);
#544 = VERTEX_POINT('',#545);
#545 = CARTESIAN_POINT('',(45.6,-16.97,0.3));
#546 = CIRCLE('',#547,0.3);
#547 = AXIS2_PLACEMENT_3D('',#548,#549,#550);
#548 = CARTESIAN_POINT('',(45.9,-16.97,0.3));
#549 = DIRECTION('',(0.,-1.,0.));
#550 = DIRECTION('',(0.,0.,1.));
#551 = ORIENTED_EDGE('',*,*,#552,.T.);
#552 = EDGE_CURVE('',#544,#482,#553,.T.);
#553 = LINE('',#554,#555);
#554 = CARTESIAN_POINT('',(45.6,-16.97,1.345));
#555 = VECTOR('',#556,1.);
#556 = DIRECTION('',(0.,0.,1.));
#557 = ORIENTED_EDGE('',*,*,#490,.F.);
#558 = ORIENTED_EDGE('',*,*,#118,.T.);
#559 = PLANE('',#560);
#560 = AXIS2_PLACEMENT_3D('',#561,#562,#563);
#561 = CARTESIAN_POINT('',(46.3,-16.97,1.345));
#562 = DIRECTION('',(8.1E-16,1.,0.));
#563 = DIRECTION('',(1.,-8.1E-16,0.));
#564 = ADVANCED_FACE('',(#565),#639,.F.);
#565 = FACE_BOUND('',#566,.F.);
#566 = EDGE_LOOP('',(#567,#568,#576,#584,#592,#598,#599,#600,#601,#609,
    #617,#625,#633));
#567 = ORIENTED_EDGE('',*,*,#217,.T.);
#568 = ORIENTED_EDGE('',*,*,#569,.T.);
#569 = EDGE_CURVE('',#220,#570,#572,.T.);
#570 = VERTEX_POINT('',#571);
#571 = CARTESIAN_POINT('',(-47.,26.9,0.));
#572 = LINE('',#573,#574);
#573 = CARTESIAN_POINT('',(-41.6,32.3,0.));
#574 = VECTOR('',#575,1.);
#575 = DIRECTION('',(-0.707106781187,-0.707106781187,0.));
#576 = ORIENTED_EDGE('',*,*,#577,.T.);
#577 = EDGE_CURVE('',#570,#578,#580,.T.);
#578 = VERTEX_POINT('',#579);
#579 = CARTESIAN_POINT('',(-47.,-26.9,0.));
#580 = LINE('',#581,#582);
#581 = CARTESIAN_POINT('',(-47.,28.4,0.));
#582 = VECTOR('',#583,1.);
#583 = DIRECTION('',(0.,-1.,0.));
#584 = ORIENTED_EDGE('',*,*,#585,.F.);
#585 = EDGE_CURVE('',#586,#578,#588,.T.);
#586 = VERTEX_POINT('',#587);
#587 = CARTESIAN_POINT('',(-45.5,-28.4,0.));
#588 = LINE('',#589,#590);
#589 = CARTESIAN_POINT('',(-41.6,-32.3,0.));
#590 = VECTOR('',#591,1.);
#591 = DIRECTION('',(-0.707106781187,0.707106781187,0.));
#592 = ORIENTED_EDGE('',*,*,#593,.T.);
#593 = EDGE_CURVE('',#586,#505,#594,.T.);
#594 = LINE('',#595,#596);
#595 = CARTESIAN_POINT('',(-47.,-28.4,0.));
#596 = VECTOR('',#597,1.);
#597 = DIRECTION('',(1.,0.,0.));
#598 = ORIENTED_EDGE('',*,*,#504,.F.);
#599 = ORIENTED_EDGE('',*,*,#110,.T.);
#600 = ORIENTED_EDGE('',*,*,#535,.T.);
#601 = ORIENTED_EDGE('',*,*,#602,.F.);
#602 = EDGE_CURVE('',#603,#536,#605,.T.);
#603 = VERTEX_POINT('',#604);
#604 = CARTESIAN_POINT('',(45.9,-27.3,0.));
#605 = LINE('',#606,#607);
#606 = CARTESIAN_POINT('',(45.9,-27.,-6.E-17));
#607 = VECTOR('',#608,1.);
#608 = DIRECTION('',(0.,1.,0.));
#609 = ORIENTED_EDGE('',*,*,#610,.F.);
#610 = EDGE_CURVE('',#611,#603,#613,.T.);
#611 = VERTEX_POINT('',#612);
#612 = CARTESIAN_POINT('',(-45.9,-27.3,-0.));
#613 = LINE('',#614,#615);
#614 = CARTESIAN_POINT('',(-45.6,-27.3,-6.E-17));
#615 = VECTOR('',#616,1.);
#616 = DIRECTION('',(1.,0.,0.));
#617 = ORIENTED_EDGE('',*,*,#618,.F.);
#618 = EDGE_CURVE('',#619,#611,#621,.T.);
#619 = VERTEX_POINT('',#620);
#620 = CARTESIAN_POINT('',(-45.9,27.3,0.));
#621 = LINE('',#622,#623);
#622 = CARTESIAN_POINT('',(-45.9,27.,-6.E-17));
#623 = VECTOR('',#624,1.);
#624 = DIRECTION('',(0.,-1.,0.));
#625 = ORIENTED_EDGE('',*,*,#626,.F.);
#626 = EDGE_CURVE('',#627,#619,#629,.T.);
#627 = VERTEX_POINT('',#628);
#628 = CARTESIAN_POINT('',(-25.2,27.3,0.));
#629 = LINE('',#630,#631);
#630 = CARTESIAN_POINT('',(-25.2,27.3,-6.E-17));
#631 = VECTOR('',#632,1.);
#632 = DIRECTION('',(-1.,0.,0.));
#633 = ORIENTED_EDGE('',*,*,#634,.F.);
#634 = EDGE_CURVE('',#218,#627,#635,.T.);
#635 = LINE('',#636,#637);
#636 = CARTESIAN_POINT('',(-25.2,28.4,-2.18E-15));
#637 = VECTOR('',#638,1.);
#638 = DIRECTION('',(-9.E-17,-1.,2.2E-16));
#639 = PLANE('',#640);
#640 = AXIS2_PLACEMENT_3D('',#641,#642,#643);
#641 = CARTESIAN_POINT('',(-1.54E-15,-2.3E-15,0.));
#642 = DIRECTION('',(0.,0.,1.));
#643 = DIRECTION('',(1.,0.,0.));
#644 = ADVANCED_FACE('',(#645),#732,.F.);
#645 = FACE_BOUND('',#646,.F.);
#646 = EDGE_LOOP('',(#647,#658,#683,#692,#717,#724,#730,#731));
#647 = ORIENTED_EDGE('',*,*,#648,.T.);
#648 = EDGE_CURVE('',#649,#651,#653,.T.);
#649 = VERTEX_POINT('',#650);
#650 = CARTESIAN_POINT('',(46.2,16.667134,1.572711));
#651 = VERTEX_POINT('',#652);
#652 = CARTESIAN_POINT('',(46.2,16.595855786748,1.83000000009));
#653 = CIRCLE('',#654,0.5);
#654 = AXIS2_PLACEMENT_3D('',#655,#656,#657);
#655 = CARTESIAN_POINT('',(46.2,16.167134,1.572711));
#656 = DIRECTION('',(1.,0.,0.));
#657 = DIRECTION('',(0.,1.,0.));
#658 = ORIENTED_EDGE('',*,*,#659,.F.);
#659 = EDGE_CURVE('',#660,#651,#662,.T.);
#660 = VERTEX_POINT('',#661);
#661 = CARTESIAN_POINT('',(46.2,15.738412213198,1.83));
#662 = ( BOUNDED_CURVE() B_SPLINE_CURVE(10,(#663,#664,#665,#666,#667,
    #668,#669,#670,#671,#672,#673,#674,#675,#676,#677,#678,#679,#680,
#681,#682),.UNSPECIFIED.,.F.,.F.) B_SPLINE_CURVE_WITH_KNOTS((11,9,11),(
23.938412213198,24.367134,24.795855786802),.UNSPECIFIED.) CURVE() 
GEOMETRIC_REPRESENTATION_ITEM() RATIONAL_B_SPLINE_CURVE((1.,1.,1.,1.,1.,
    1.000000000001,1.,1.,1.,1.,1.,1.,1.,1.,1.,1.,1.,1.,1.,1.)) 
REPRESENTATION_ITEM('') );
#663 = CARTESIAN_POINT('',(46.2,15.738412213198,1.83));
#664 = CARTESIAN_POINT('',(46.2,15.781284391878,1.901438098978));
#665 = CARTESIAN_POINT('',(46.2,15.824156570558,1.943158016681));
#666 = CARTESIAN_POINT('',(46.2,15.867028749238,1.98343111346));
#667 = CARTESIAN_POINT('',(46.2,15.909900927919,2.006326959497));
#668 = CARTESIAN_POINT('',(46.2,15.952773106598,2.033172587187));
#669 = CARTESIAN_POINT('',(46.2,15.99564528528,2.046851252039));
#670 = CARTESIAN_POINT('',(46.2,16.038517463959,2.060888109751));
#671 = CARTESIAN_POINT('',(46.2,16.08138964264,2.068548684601));
#672 = CARTESIAN_POINT('',(46.2,16.12426182132,2.072711));
#673 = CARTESIAN_POINT('',(46.2,16.21000617868,2.072711));
#674 = CARTESIAN_POINT('',(46.2,16.25287835736,2.068548684601));
#675 = CARTESIAN_POINT('',(46.2,16.295750536041,2.060888109751));
#676 = CARTESIAN_POINT('',(46.2,16.33862271472,2.046851252039));
#677 = CARTESIAN_POINT('',(46.2,16.381494893402,2.033172587187));
#678 = CARTESIAN_POINT('',(46.2,16.424367072081,2.006326959497));
#679 = CARTESIAN_POINT('',(46.2,16.467239250762,1.98343111346));
#680 = CARTESIAN_POINT('',(46.2,16.510111429442,1.943158016681));
#681 = CARTESIAN_POINT('',(46.2,16.552983608122,1.901438098978));
#682 = CARTESIAN_POINT('',(46.2,16.595855786748,1.83000000009));
#683 = ORIENTED_EDGE('',*,*,#684,.T.);
#684 = EDGE_CURVE('',#660,#685,#687,.T.);
#685 = VERTEX_POINT('',#686);
#686 = CARTESIAN_POINT('',(46.2,15.729994010433,1.33));
#687 = CIRCLE('',#688,0.5);
#688 = AXIS2_PLACEMENT_3D('',#689,#690,#691);
#689 = CARTESIAN_POINT('',(46.2,16.167134,1.572711));
#690 = DIRECTION('',(1.,0.,0.));
#691 = DIRECTION('',(0.,1.,0.));
#692 = ORIENTED_EDGE('',*,*,#693,.F.);
#693 = EDGE_CURVE('',#694,#685,#696,.T.);
#694 = VERTEX_POINT('',#695);
#695 = CARTESIAN_POINT('',(46.2,16.604273989567,1.33));
#696 = ( BOUNDED_CURVE() B_SPLINE_CURVE(10,(#697,#698,#699,#700,#701,
    #702,#703,#704,#705,#706,#707,#708,#709,#710,#711,#712,#713,#714,
#715,#716),.UNSPECIFIED.,.F.,.F.) B_SPLINE_CURVE_WITH_KNOTS((11,9,11),(
5.095726010433,5.532866,5.970005989567),.UNSPECIFIED.) CURVE() 
GEOMETRIC_REPRESENTATION_ITEM() RATIONAL_B_SPLINE_CURVE((1.,1.,1.,1.,
    1.000000000001,0.999999999999,1.,1.,1.,1.,1.,1.,1.,1.,1.,1.,1.,1.,1.
,1.)) REPRESENTATION_ITEM('') );
#697 = CARTESIAN_POINT('',(46.2,16.604273989567,1.33));
#698 = CARTESIAN_POINT('',(46.2,16.560559990611,1.251267939863));
#699 = CARTESIAN_POINT('',(46.2,16.516845991654,1.209172645373));
#700 = CARTESIAN_POINT('',(46.2,16.473131992698,1.164245982099));
#701 = CARTESIAN_POINT('',(46.2,16.42941799374,1.143556768893));
#702 = CARTESIAN_POINT('',(46.2,16.385703994784,1.112425320269));
#703 = CARTESIAN_POINT('',(46.2,16.341989995827,1.100424207184));
#704 = CARTESIAN_POINT('',(46.2,16.29827599687,1.084702111474));
#705 = CARTESIAN_POINT('',(46.2,16.254561997913,1.077093201649));
#706 = CARTESIAN_POINT('',(46.2,16.210847998957,1.072711));
#707 = CARTESIAN_POINT('',(46.2,16.123420001043,1.072711));
#708 = CARTESIAN_POINT('',(46.2,16.079706002087,1.077093201649));
#709 = CARTESIAN_POINT('',(46.2,16.035992003129,1.084702111474));
#710 = CARTESIAN_POINT('',(46.2,15.992278004174,1.100424207183));
#711 = CARTESIAN_POINT('',(46.2,15.948564005214,1.11242532027));
#712 = CARTESIAN_POINT('',(46.2,15.904850006261,1.143556768891));
#713 = CARTESIAN_POINT('',(46.2,15.861136007302,1.1642459821));
#714 = CARTESIAN_POINT('',(46.2,15.817422008346,1.209172645372));
#715 = CARTESIAN_POINT('',(46.2,15.773708009389,1.251267939863));
#716 = CARTESIAN_POINT('',(46.2,15.729994010433,1.33));
#717 = ORIENTED_EDGE('',*,*,#718,.T.);
#718 = EDGE_CURVE('',#694,#649,#719,.T.);
#719 = CIRCLE('',#720,0.5);
#720 = AXIS2_PLACEMENT_3D('',#721,#722,#723);
#721 = CARTESIAN_POINT('',(46.2,16.167134,1.572711));
#722 = DIRECTION('',(1.,0.,0.));
#723 = DIRECTION('',(0.,1.,0.));
#724 = ORIENTED_EDGE('',*,*,#725,.F.);
#725 = EDGE_CURVE('',#144,#649,#726,.T.);
#726 = LINE('',#727,#728);
#727 = CARTESIAN_POINT('',(47.,16.667134,1.572711));
#728 = VECTOR('',#729,1.);
#729 = DIRECTION('',(-1.,-0.,-0.));
#730 = ORIENTED_EDGE('',*,*,#143,.F.);
#731 = ORIENTED_EDGE('',*,*,#725,.T.);
#732 = CYLINDRICAL_SURFACE('',#733,0.5);
#733 = AXIS2_PLACEMENT_3D('',#734,#735,#736);
#734 = CARTESIAN_POINT('',(47.,16.167134,1.572711));
#735 = DIRECTION('',(1.,0.,0.));
#736 = DIRECTION('',(0.,1.,0.));
#737 = ADVANCED_FACE('',(#738),#748,.T.);
#738 = FACE_BOUND('',#739,.T.);
#739 = EDGE_LOOP('',(#740,#741,#742));
#740 = ORIENTED_EDGE('',*,*,#423,.F.);
#741 = ORIENTED_EDGE('',*,*,#162,.T.);
#742 = ORIENTED_EDGE('',*,*,#743,.F.);
#743 = EDGE_CURVE('',#424,#163,#744,.T.);
#744 = LINE('',#745,#746);
#745 = CARTESIAN_POINT('',(45.5,27.65,12.27));
#746 = VECTOR('',#747,1.);
#747 = DIRECTION('',(-8.7E-16,0.707106781187,-0.707106781187));
#748 = PLANE('',#749);
#749 = AXIS2_PLACEMENT_3D('',#750,#751,#752);
#750 = CARTESIAN_POINT('',(47.,26.9,11.52));
#751 = DIRECTION('',(0.57735026919,0.57735026919,0.57735026919));
#752 = DIRECTION('',(-2.775557561563E-17,0.707106781187,-0.707106781187)
  );
#753 = ADVANCED_FACE('',(#754,#773),#807,.T.);
#754 = FACE_BOUND('',#755,.T.);
#755 = EDGE_LOOP('',(#756,#757,#758,#766,#772));
#756 = ORIENTED_EDGE('',*,*,#184,.T.);
#757 = ORIENTED_EDGE('',*,*,#447,.T.);
#758 = ORIENTED_EDGE('',*,*,#759,.T.);
#759 = EDGE_CURVE('',#448,#760,#762,.T.);
#760 = VERTEX_POINT('',#761);
#761 = CARTESIAN_POINT('',(45.6,27.,3.22));
#762 = LINE('',#763,#764);
#763 = CARTESIAN_POINT('',(45.6,-27.,3.22));
#764 = VECTOR('',#765,1.);
#765 = DIRECTION('',(0.,1.,0.));
#766 = ORIENTED_EDGE('',*,*,#767,.F.);
#767 = EDGE_CURVE('',#326,#760,#768,.T.);
#768 = LINE('',#769,#770);
#769 = CARTESIAN_POINT('',(45.6,27.,0.));
#770 = VECTOR('',#771,1.);
#771 = DIRECTION('',(0.,0.,1.));
#772 = ORIENTED_EDGE('',*,*,#334,.F.);
#773 = FACE_BOUND('',#774,.T.);
#774 = EDGE_LOOP('',(#775,#785,#793,#801));
#775 = ORIENTED_EDGE('',*,*,#776,.F.);
#776 = EDGE_CURVE('',#777,#779,#781,.T.);
#777 = VERTEX_POINT('',#778);
#778 = CARTESIAN_POINT('',(45.6,-8.2,2.23));
#779 = VERTEX_POINT('',#780);
#780 = CARTESIAN_POINT('',(45.6,21.7,2.23));
#781 = LINE('',#782,#783);
#782 = CARTESIAN_POINT('',(45.6,-23.7,2.23));
#783 = VECTOR('',#784,1.);
#784 = DIRECTION('',(0.,1.,0.));
#785 = ORIENTED_EDGE('',*,*,#786,.T.);
#786 = EDGE_CURVE('',#777,#787,#789,.T.);
#787 = VERTEX_POINT('',#788);
#788 = CARTESIAN_POINT('',(45.6,-8.2,0.93));
#789 = LINE('',#790,#791);
#790 = CARTESIAN_POINT('',(45.6,-8.2,2.23));
#791 = VECTOR('',#792,1.);
#792 = DIRECTION('',(0.,0.,-1.));
#793 = ORIENTED_EDGE('',*,*,#794,.F.);
#794 = EDGE_CURVE('',#795,#787,#797,.T.);
#795 = VERTEX_POINT('',#796);
#796 = CARTESIAN_POINT('',(45.6,21.7,0.93));
#797 = LINE('',#798,#799);
#798 = CARTESIAN_POINT('',(45.6,21.7,0.93));
#799 = VECTOR('',#800,1.);
#800 = DIRECTION('',(0.,-1.,0.));
#801 = ORIENTED_EDGE('',*,*,#802,.F.);
#802 = EDGE_CURVE('',#779,#795,#803,.T.);
#803 = LINE('',#804,#805);
#804 = CARTESIAN_POINT('',(45.6,21.7,2.23));
#805 = VECTOR('',#806,1.);
#806 = DIRECTION('',(0.,0.,-1.));
#807 = PLANE('',#808);
#808 = AXIS2_PLACEMENT_3D('',#809,#810,#811);
#809 = CARTESIAN_POINT('',(45.6,8.389802321672,1.610869624197));
#810 = DIRECTION('',(-1.,-0.,-0.));
#811 = DIRECTION('',(0.,0.,-1.));
#812 = ADVANCED_FACE('',(#813),#831,.T.);
#813 = FACE_BOUND('',#814,.F.);
#814 = EDGE_LOOP('',(#815,#816,#817,#825));
#815 = ORIENTED_EDGE('',*,*,#569,.F.);
#816 = ORIENTED_EDGE('',*,*,#227,.T.);
#817 = ORIENTED_EDGE('',*,*,#818,.F.);
#818 = EDGE_CURVE('',#819,#228,#821,.T.);
#819 = VERTEX_POINT('',#820);
#820 = CARTESIAN_POINT('',(-47.,26.9,11.52));
#821 = LINE('',#822,#823);
#822 = CARTESIAN_POINT('',(-46.625,27.275,11.52));
#823 = VECTOR('',#824,1.);
#824 = DIRECTION('',(0.707106781187,0.707106781187,-1.63E-15));
#825 = ORIENTED_EDGE('',*,*,#826,.F.);
#826 = EDGE_CURVE('',#570,#819,#827,.T.);
#827 = LINE('',#828,#829);
#828 = CARTESIAN_POINT('',(-47.,26.9,0.));
#829 = VECTOR('',#830,1.);
#830 = DIRECTION('',(0.,0.,1.));
#831 = PLANE('',#832);
#832 = AXIS2_PLACEMENT_3D('',#833,#834,#835);
#833 = CARTESIAN_POINT('',(-46.25,27.65,0.));
#834 = DIRECTION('',(-0.707106781187,0.707106781187,0.));
#835 = DIRECTION('',(-0.,-0.,-1.));
#836 = ADVANCED_FACE('',(#837),#880,.T.);
#837 = FACE_BOUND('',#838,.T.);
#838 = EDGE_LOOP('',(#839,#840,#841,#849,#857,#865,#873));
#839 = ORIENTED_EDGE('',*,*,#634,.F.);
#840 = ORIENTED_EDGE('',*,*,#309,.F.);
#841 = ORIENTED_EDGE('',*,*,#842,.T.);
#842 = EDGE_CURVE('',#301,#843,#845,.T.);
#843 = VERTEX_POINT('',#844);
#844 = CARTESIAN_POINT('',(-25.2,27.6,1.77));
#845 = LINE('',#846,#847);
#846 = CARTESIAN_POINT('',(-25.2,28.4,1.77));
#847 = VECTOR('',#848,1.);
#848 = DIRECTION('',(-9.E-17,-1.,2.2E-16));
#849 = ORIENTED_EDGE('',*,*,#850,.T.);
#850 = EDGE_CURVE('',#843,#851,#853,.T.);
#851 = VERTEX_POINT('',#852);
#852 = CARTESIAN_POINT('',(-25.2,27.6,0.93));
#853 = LINE('',#854,#855);
#854 = CARTESIAN_POINT('',(-25.2,27.6,1.675));
#855 = VECTOR('',#856,1.);
#856 = DIRECTION('',(9.E-17,0.,-1.));
#857 = ORIENTED_EDGE('',*,*,#858,.T.);
#858 = EDGE_CURVE('',#851,#859,#861,.T.);
#859 = VERTEX_POINT('',#860);
#860 = CARTESIAN_POINT('',(-25.2,27.,0.93));
#861 = LINE('',#862,#863);
#862 = CARTESIAN_POINT('',(-25.2,27.7,0.93));
#863 = VECTOR('',#864,1.);
#864 = DIRECTION('',(-9.E-17,-1.,2.2E-16));
#865 = ORIENTED_EDGE('',*,*,#866,.F.);
#866 = EDGE_CURVE('',#867,#859,#869,.T.);
#867 = VERTEX_POINT('',#868);
#868 = CARTESIAN_POINT('',(-25.2,27.,0.3));
#869 = LINE('',#870,#871);
#870 = CARTESIAN_POINT('',(-25.2,27.,0.885));
#871 = VECTOR('',#872,1.);
#872 = DIRECTION('',(-9.E-17,0.,1.));
#873 = ORIENTED_EDGE('',*,*,#874,.T.);
#874 = EDGE_CURVE('',#867,#627,#875,.T.);
#875 = CIRCLE('',#876,0.3);
#876 = AXIS2_PLACEMENT_3D('',#877,#878,#879);
#877 = CARTESIAN_POINT('',(-25.2,27.3,0.3));
#878 = DIRECTION('',(1.,-0.,0.));
#879 = DIRECTION('',(0.,0.,-1.));
#880 = PLANE('',#881);
#881 = AXIS2_PLACEMENT_3D('',#882,#883,#884);
#882 = CARTESIAN_POINT('',(-25.2,28.4,1.77));
#883 = DIRECTION('',(1.,-9.E-17,9.E-17));
#884 = DIRECTION('',(9.E-17,-2.2E-16,-1.));
#885 = ADVANCED_FACE('',(#886),#904,.T.);
#886 = FACE_BOUND('',#887,.T.);
#887 = EDGE_LOOP('',(#888,#889,#897,#903));
#888 = ORIENTED_EDGE('',*,*,#235,.T.);
#889 = ORIENTED_EDGE('',*,*,#890,.F.);
#890 = EDGE_CURVE('',#891,#228,#893,.T.);
#891 = VERTEX_POINT('',#892);
#892 = CARTESIAN_POINT('',(-45.5,26.9,13.02));
#893 = LINE('',#894,#895);
#894 = CARTESIAN_POINT('',(-45.5,27.65,12.27));
#895 = VECTOR('',#896,1.);
#896 = DIRECTION('',(2.4E-15,0.707106781187,-0.707106781187));
#897 = ORIENTED_EDGE('',*,*,#898,.F.);
#898 = EDGE_CURVE('',#424,#891,#899,.T.);
#899 = LINE('',#900,#901);
#900 = CARTESIAN_POINT('',(47.,26.9,13.02));
#901 = VECTOR('',#902,1.);
#902 = DIRECTION('',(-1.,0.,0.));
#903 = ORIENTED_EDGE('',*,*,#743,.T.);
#904 = PLANE('',#905);
#905 = AXIS2_PLACEMENT_3D('',#906,#907,#908);
#906 = CARTESIAN_POINT('',(47.,27.65,12.27));
#907 = DIRECTION('',(0.,0.707106781187,0.707106781187));
#908 = DIRECTION('',(-1.,0.,0.));
#909 = ADVANCED_FACE('',(#910),#946,.F.);
#910 = FACE_BOUND('',#911,.F.);
#911 = EDGE_LOOP('',(#912,#913,#914,#923,#931,#940));
#912 = ORIENTED_EDGE('',*,*,#300,.F.);
#913 = ORIENTED_EDGE('',*,*,#842,.T.);
#914 = ORIENTED_EDGE('',*,*,#915,.T.);
#915 = EDGE_CURVE('',#843,#916,#918,.T.);
#916 = VERTEX_POINT('',#917);
#917 = CARTESIAN_POINT('',(-25.11519707931,27.6,2.23));
#918 = CIRCLE('',#919,1.29);
#919 = AXIS2_PLACEMENT_3D('',#920,#921,#922);
#920 = CARTESIAN_POINT('',(-23.91,27.6,1.77));
#921 = DIRECTION('',(9.E-17,1.,-2.2E-16));
#922 = DIRECTION('',(-1.,9.E-17,-9.E-17));
#923 = ORIENTED_EDGE('',*,*,#924,.F.);
#924 = EDGE_CURVE('',#925,#916,#927,.T.);
#925 = VERTEX_POINT('',#926);
#926 = CARTESIAN_POINT('',(-25.11519707931,27.,2.23));
#927 = LINE('',#928,#929);
#928 = CARTESIAN_POINT('',(-25.11519707931,28.4,2.23));
#929 = VECTOR('',#930,1.);
#930 = DIRECTION('',(9.E-17,1.,-2.2E-16));
#931 = ORIENTED_EDGE('',*,*,#932,.T.);
#932 = EDGE_CURVE('',#925,#933,#935,.T.);
#933 = VERTEX_POINT('',#934);
#934 = CARTESIAN_POINT('',(-23.91,27.,3.06));
#935 = CIRCLE('',#936,1.29);
#936 = AXIS2_PLACEMENT_3D('',#937,#938,#939);
#937 = CARTESIAN_POINT('',(-23.91,27.,1.77));
#938 = DIRECTION('',(9.E-17,1.,-2.2E-16));
#939 = DIRECTION('',(-1.,9.E-17,-9.E-17));
#940 = ORIENTED_EDGE('',*,*,#941,.F.);
#941 = EDGE_CURVE('',#293,#933,#942,.T.);
#942 = LINE('',#943,#944);
#943 = CARTESIAN_POINT('',(-23.91,28.4,3.06));
#944 = VECTOR('',#945,1.);
#945 = DIRECTION('',(-9.E-17,-1.,2.2E-16));
#946 = CYLINDRICAL_SURFACE('',#947,1.29);
#947 = AXIS2_PLACEMENT_3D('',#948,#949,#950);
#948 = CARTESIAN_POINT('',(-23.91,28.4,1.77));
#949 = DIRECTION('',(9.E-17,1.,-2.2E-16));
#950 = DIRECTION('',(-1.,9.E-17,-9.E-17));
#951 = ADVANCED_FACE('',(#952),#970,.F.);
#952 = FACE_BOUND('',#953,.F.);
#953 = EDGE_LOOP('',(#954,#955,#956,#964));
#954 = ORIENTED_EDGE('',*,*,#292,.F.);
#955 = ORIENTED_EDGE('',*,*,#941,.T.);
#956 = ORIENTED_EDGE('',*,*,#957,.F.);
#957 = EDGE_CURVE('',#958,#933,#960,.T.);
#958 = VERTEX_POINT('',#959);
#959 = CARTESIAN_POINT('',(-17.39,27.,3.06));
#960 = LINE('',#961,#962);
#961 = CARTESIAN_POINT('',(10.845,27.,3.06));
#962 = VECTOR('',#963,1.);
#963 = DIRECTION('',(-1.,-0.,-9.E-17));
#964 = ORIENTED_EDGE('',*,*,#965,.F.);
#965 = EDGE_CURVE('',#284,#958,#966,.T.);
#966 = LINE('',#967,#968);
#967 = CARTESIAN_POINT('',(-17.39,28.4,3.06));
#968 = VECTOR('',#969,1.);
#969 = DIRECTION('',(-9.E-17,-1.,2.2E-16));
#970 = PLANE('',#971);
#971 = AXIS2_PLACEMENT_3D('',#972,#973,#974);
#972 = CARTESIAN_POINT('',(-23.91,28.4,3.06));
#973 = DIRECTION('',(-9.E-17,2.2E-16,1.));
#974 = DIRECTION('',(1.,-9.E-17,9.E-17));
#975 = ADVANCED_FACE('',(#976),#1012,.F.);
#976 = FACE_BOUND('',#977,.F.);
#977 = EDGE_LOOP('',(#978,#979,#980,#989,#997,#1006));
#978 = ORIENTED_EDGE('',*,*,#283,.F.);
#979 = ORIENTED_EDGE('',*,*,#965,.T.);
#980 = ORIENTED_EDGE('',*,*,#981,.T.);
#981 = EDGE_CURVE('',#958,#982,#984,.T.);
#982 = VERTEX_POINT('',#983);
#983 = CARTESIAN_POINT('',(-16.18480292068,27.,2.23));
#984 = CIRCLE('',#985,1.29);
#985 = AXIS2_PLACEMENT_3D('',#986,#987,#988);
#986 = CARTESIAN_POINT('',(-17.39,27.,1.77));
#987 = DIRECTION('',(9.E-17,1.,-2.2E-16));
#988 = DIRECTION('',(-1.,9.E-17,-9.E-17));
#989 = ORIENTED_EDGE('',*,*,#990,.T.);
#990 = EDGE_CURVE('',#982,#991,#993,.T.);
#991 = VERTEX_POINT('',#992);
#992 = CARTESIAN_POINT('',(-16.18480292068,27.6,2.23));
#993 = LINE('',#994,#995);
#994 = CARTESIAN_POINT('',(-16.18480292068,28.4,2.23));
#995 = VECTOR('',#996,1.);
#996 = DIRECTION('',(9.E-17,1.,-2.2E-16));
#997 = ORIENTED_EDGE('',*,*,#998,.T.);
#998 = EDGE_CURVE('',#991,#999,#1001,.T.);
#999 = VERTEX_POINT('',#1000);
#1000 = CARTESIAN_POINT('',(-16.1,27.6,1.77));
#1001 = CIRCLE('',#1002,1.29);
#1002 = AXIS2_PLACEMENT_3D('',#1003,#1004,#1005);
#1003 = CARTESIAN_POINT('',(-17.39,27.6,1.77));
#1004 = DIRECTION('',(9.E-17,1.,-2.2E-16));
#1005 = DIRECTION('',(-1.,9.E-17,-9.E-17));
#1006 = ORIENTED_EDGE('',*,*,#1007,.F.);
#1007 = EDGE_CURVE('',#276,#999,#1008,.T.);
#1008 = LINE('',#1009,#1010);
#1009 = CARTESIAN_POINT('',(-16.1,28.4,1.77));
#1010 = VECTOR('',#1011,1.);
#1011 = DIRECTION('',(-9.E-17,-1.,2.2E-16));
#1012 = CYLINDRICAL_SURFACE('',#1013,1.29);
#1013 = AXIS2_PLACEMENT_3D('',#1014,#1015,#1016);
#1014 = CARTESIAN_POINT('',(-17.39,28.4,1.77));
#1015 = DIRECTION('',(9.E-17,1.,-2.2E-16));
#1016 = DIRECTION('',(-1.,9.E-17,-9.E-17));
#1017 = ADVANCED_FACE('',(#1018),#1061,.F.);
#1018 = FACE_BOUND('',#1019,.F.);
#1019 = EDGE_LOOP('',(#1020,#1028,#1029,#1030,#1038,#1046,#1054));
#1020 = ORIENTED_EDGE('',*,*,#1021,.F.);
#1021 = EDGE_CURVE('',#268,#1022,#1024,.T.);
#1022 = VERTEX_POINT('',#1023);
#1023 = CARTESIAN_POINT('',(-16.1,27.3,0.));
#1024 = LINE('',#1025,#1026);
#1025 = CARTESIAN_POINT('',(-16.1,28.4,-1.39E-15));
#1026 = VECTOR('',#1027,1.);
#1027 = DIRECTION('',(-9.E-17,-1.,2.2E-16));
#1028 = ORIENTED_EDGE('',*,*,#275,.F.);
#1029 = ORIENTED_EDGE('',*,*,#1007,.T.);
#1030 = ORIENTED_EDGE('',*,*,#1031,.T.);
#1031 = EDGE_CURVE('',#999,#1032,#1034,.T.);
#1032 = VERTEX_POINT('',#1033);
#1033 = CARTESIAN_POINT('',(-16.1,27.6,0.93));
#1034 = LINE('',#1035,#1036);
#1035 = CARTESIAN_POINT('',(-16.1,27.6,1.675));
#1036 = VECTOR('',#1037,1.);
#1037 = DIRECTION('',(9.E-17,0.,-1.));
#1038 = ORIENTED_EDGE('',*,*,#1039,.T.);
#1039 = EDGE_CURVE('',#1032,#1040,#1042,.T.);
#1040 = VERTEX_POINT('',#1041);
#1041 = CARTESIAN_POINT('',(-16.1,27.,0.93));
#1042 = LINE('',#1043,#1044);
#1043 = CARTESIAN_POINT('',(-16.1,27.7,0.93));
#1044 = VECTOR('',#1045,1.);
#1045 = DIRECTION('',(-9.E-17,-1.,2.2E-16));
#1046 = ORIENTED_EDGE('',*,*,#1047,.F.);
#1047 = EDGE_CURVE('',#1048,#1040,#1050,.T.);
#1048 = VERTEX_POINT('',#1049);
#1049 = CARTESIAN_POINT('',(-16.1,27.,0.3));
#1050 = LINE('',#1051,#1052);
#1051 = CARTESIAN_POINT('',(-16.1,27.,0.885));
#1052 = VECTOR('',#1053,1.);
#1053 = DIRECTION('',(-9.E-17,0.,1.));
#1054 = ORIENTED_EDGE('',*,*,#1055,.T.);
#1055 = EDGE_CURVE('',#1048,#1022,#1056,.T.);
#1056 = CIRCLE('',#1057,0.3);
#1057 = AXIS2_PLACEMENT_3D('',#1058,#1059,#1060);
#1058 = CARTESIAN_POINT('',(-16.1,27.3,0.3));
#1059 = DIRECTION('',(1.,-0.,0.));
#1060 = DIRECTION('',(0.,0.,-1.));
#1061 = PLANE('',#1062);
#1062 = AXIS2_PLACEMENT_3D('',#1063,#1064,#1065);
#1063 = CARTESIAN_POINT('',(-16.1,28.4,1.77));
#1064 = DIRECTION('',(1.,-9.E-17,9.E-17));
#1065 = DIRECTION('',(9.E-17,-2.2E-16,-1.));
#1066 = ADVANCED_FACE('',(#1067),#1085,.F.);
#1067 = FACE_BOUND('',#1068,.F.);
#1068 = EDGE_LOOP('',(#1069,#1070,#1078,#1084));
#1069 = ORIENTED_EDGE('',*,*,#251,.F.);
#1070 = ORIENTED_EDGE('',*,*,#1071,.T.);
#1071 = EDGE_CURVE('',#252,#1072,#1074,.T.);
#1072 = VERTEX_POINT('',#1073);
#1073 = CARTESIAN_POINT('',(27.17,27.6,2.049999999975));
#1074 = LINE('',#1075,#1076);
#1075 = CARTESIAN_POINT('',(27.17,28.4,2.049999999975));
#1076 = VECTOR('',#1077,1.);
#1077 = DIRECTION('',(-9.E-17,-1.,2.2E-16));
#1078 = ORIENTED_EDGE('',*,*,#1079,.T.);
#1079 = EDGE_CURVE('',#1072,#375,#1080,.T.);
#1080 = LINE('',#1081,#1082);
#1081 = CARTESIAN_POINT('',(13.585,27.6,2.049999999975));
#1082 = VECTOR('',#1083,1.);
#1083 = DIRECTION('',(1.,0.,9.E-17));
#1084 = ORIENTED_EDGE('',*,*,#382,.F.);
#1085 = PLANE('',#1086);
#1086 = AXIS2_PLACEMENT_3D('',#1087,#1088,#1089);
#1087 = CARTESIAN_POINT('',(27.17,28.4,2.049999999975));
#1088 = DIRECTION('',(-9.E-17,2.2E-16,1.));
#1089 = DIRECTION('',(1.,-9.E-17,9.E-17));
#1090 = ADVANCED_FACE('',(#1091),#1109,.F.);
#1091 = FACE_BOUND('',#1092,.F.);
#1092 = EDGE_LOOP('',(#1093,#1101,#1102,#1103));
#1093 = ORIENTED_EDGE('',*,*,#1094,.F.);
#1094 = EDGE_CURVE('',#260,#1095,#1097,.T.);
#1095 = VERTEX_POINT('',#1096);
#1096 = CARTESIAN_POINT('',(27.17,27.3,0.));
#1097 = LINE('',#1098,#1099);
#1098 = CARTESIAN_POINT('',(27.17,28.4,-1.547371E-11));
#1099 = VECTOR('',#1100,1.);
#1100 = DIRECTION('',(-9.E-17,-1.,2.2E-16));
#1101 = ORIENTED_EDGE('',*,*,#267,.T.);
#1102 = ORIENTED_EDGE('',*,*,#1021,.T.);
#1103 = ORIENTED_EDGE('',*,*,#1104,.F.);
#1104 = EDGE_CURVE('',#1095,#1022,#1105,.T.);
#1105 = LINE('',#1106,#1107);
#1106 = CARTESIAN_POINT('',(27.17,27.3,-6.E-17));
#1107 = VECTOR('',#1108,1.);
#1108 = DIRECTION('',(-1.,0.,0.));
#1109 = PLANE('',#1110);
#1110 = AXIS2_PLACEMENT_3D('',#1111,#1112,#1113);
#1111 = CARTESIAN_POINT('',(-1.54E-15,-2.3E-15,0.));
#1112 = DIRECTION('',(0.,0.,1.));
#1113 = DIRECTION('',(1.,0.,0.));
#1114 = ADVANCED_FACE('',(#1115),#1151,.T.);
#1115 = FACE_BOUND('',#1116,.T.);
#1116 = EDGE_LOOP('',(#1117,#1127,#1134,#1135,#1136,#1137,#1145));
#1117 = ORIENTED_EDGE('',*,*,#1118,.T.);
#1118 = EDGE_CURVE('',#1119,#1121,#1123,.T.);
#1119 = VERTEX_POINT('',#1120);
#1120 = CARTESIAN_POINT('',(27.17,27.,2.23));
#1121 = VERTEX_POINT('',#1122);
#1122 = CARTESIAN_POINT('',(27.17,27.,0.3));
#1123 = LINE('',#1124,#1125);
#1124 = CARTESIAN_POINT('',(27.17,27.,-7.73765E-12));
#1125 = VECTOR('',#1126,1.);
#1126 = DIRECTION('',(9.E-17,0.,-1.));
#1127 = ORIENTED_EDGE('',*,*,#1128,.T.);
#1128 = EDGE_CURVE('',#1121,#1095,#1129,.T.);
#1129 = CIRCLE('',#1130,0.3);
#1130 = AXIS2_PLACEMENT_3D('',#1131,#1132,#1133);
#1131 = CARTESIAN_POINT('',(27.17,27.3,0.3));
#1132 = DIRECTION('',(1.,-0.,0.));
#1133 = DIRECTION('',(0.,0.,-1.));
#1134 = ORIENTED_EDGE('',*,*,#1094,.F.);
#1135 = ORIENTED_EDGE('',*,*,#259,.T.);
#1136 = ORIENTED_EDGE('',*,*,#1071,.T.);
#1137 = ORIENTED_EDGE('',*,*,#1138,.T.);
#1138 = EDGE_CURVE('',#1072,#1139,#1141,.T.);
#1139 = VERTEX_POINT('',#1140);
#1140 = CARTESIAN_POINT('',(27.17,27.6,2.23));
#1141 = LINE('',#1142,#1143);
#1142 = CARTESIAN_POINT('',(27.17,27.6,0.93));
#1143 = VECTOR('',#1144,1.);
#1144 = DIRECTION('',(0.,0.,1.));
#1145 = ORIENTED_EDGE('',*,*,#1146,.T.);
#1146 = EDGE_CURVE('',#1139,#1119,#1147,.T.);
#1147 = LINE('',#1148,#1149);
#1148 = CARTESIAN_POINT('',(27.17,27.6,2.23));
#1149 = VECTOR('',#1150,1.);
#1150 = DIRECTION('',(0.,-1.,2.2E-16));
#1151 = PLANE('',#1152);
#1152 = AXIS2_PLACEMENT_3D('',#1153,#1154,#1155);
#1153 = CARTESIAN_POINT('',(27.17,27.680165289255,1.095165289248));
#1154 = DIRECTION('',(1.,-1.23E-15,7.3E-16));
#1155 = DIRECTION('',(1.23E-15,1.,0.));
#1156 = ADVANCED_FACE('',(#1157,#1230,#1264,#1298),#1332,.T.);
#1157 = FACE_BOUND('',#1158,.T.);
#1158 = EDGE_LOOP('',(#1159,#1160,#1168,#1176,#1182,#1183,#1191,#1197,
    #1198,#1199,#1200,#1208,#1214,#1215,#1221,#1222,#1228,#1229));
#1159 = ORIENTED_EDGE('',*,*,#767,.T.);
#1160 = ORIENTED_EDGE('',*,*,#1161,.T.);
#1161 = EDGE_CURVE('',#760,#1162,#1164,.T.);
#1162 = VERTEX_POINT('',#1163);
#1163 = CARTESIAN_POINT('',(-45.6,27.,3.22));
#1164 = LINE('',#1165,#1166);
#1165 = CARTESIAN_POINT('',(45.6,27.,3.22));
#1166 = VECTOR('',#1167,1.);
#1167 = DIRECTION('',(-1.,0.,0.));
#1168 = ORIENTED_EDGE('',*,*,#1169,.F.);
#1169 = EDGE_CURVE('',#1170,#1162,#1172,.T.);
#1170 = VERTEX_POINT('',#1171);
#1171 = CARTESIAN_POINT('',(-45.6,27.,0.3));
#1172 = LINE('',#1173,#1174);
#1173 = CARTESIAN_POINT('',(-45.6,27.,0.));
#1174 = VECTOR('',#1175,1.);
#1175 = DIRECTION('',(0.,0.,1.));
#1176 = ORIENTED_EDGE('',*,*,#1177,.F.);
#1177 = EDGE_CURVE('',#867,#1170,#1178,.T.);
#1178 = LINE('',#1179,#1180);
#1179 = CARTESIAN_POINT('',(-25.2,27.,0.3));
#1180 = VECTOR('',#1181,1.);
#1181 = DIRECTION('',(-1.,0.,0.));
#1182 = ORIENTED_EDGE('',*,*,#866,.T.);
#1183 = ORIENTED_EDGE('',*,*,#1184,.T.);
#1184 = EDGE_CURVE('',#859,#1185,#1187,.T.);
#1185 = VERTEX_POINT('',#1186);
#1186 = CARTESIAN_POINT('',(-25.11519707931,27.,0.93));
#1187 = LINE('',#1188,#1189);
#1188 = CARTESIAN_POINT('',(-27.11519707931,27.,0.93));
#1189 = VECTOR('',#1190,1.);
#1190 = DIRECTION('',(1.,0.,0.));
#1191 = ORIENTED_EDGE('',*,*,#1192,.T.);
#1192 = EDGE_CURVE('',#1185,#925,#1193,.T.);
#1193 = LINE('',#1194,#1195);
#1194 = CARTESIAN_POINT('',(-25.11519707931,27.,0.93));
#1195 = VECTOR('',#1196,1.);
#1196 = DIRECTION('',(0.,0.,1.));
#1197 = ORIENTED_EDGE('',*,*,#932,.T.);
#1198 = ORIENTED_EDGE('',*,*,#957,.F.);
#1199 = ORIENTED_EDGE('',*,*,#981,.T.);
#1200 = ORIENTED_EDGE('',*,*,#1201,.T.);
#1201 = EDGE_CURVE('',#982,#1202,#1204,.T.);
#1202 = VERTEX_POINT('',#1203);
#1203 = CARTESIAN_POINT('',(-16.18480292068,27.,0.93));
#1204 = LINE('',#1205,#1206);
#1205 = CARTESIAN_POINT('',(-16.18480292068,27.,2.23));
#1206 = VECTOR('',#1207,1.);
#1207 = DIRECTION('',(0.,0.,-1.));
#1208 = ORIENTED_EDGE('',*,*,#1209,.T.);
#1209 = EDGE_CURVE('',#1202,#1040,#1210,.T.);
#1210 = LINE('',#1211,#1212);
#1211 = CARTESIAN_POINT('',(-16.18480292068,27.,0.93));
#1212 = VECTOR('',#1213,1.);
#1213 = DIRECTION('',(1.,0.,0.));
#1214 = ORIENTED_EDGE('',*,*,#1047,.F.);
#1215 = ORIENTED_EDGE('',*,*,#1216,.F.);
#1216 = EDGE_CURVE('',#1121,#1048,#1217,.T.);
#1217 = LINE('',#1218,#1219);
#1218 = CARTESIAN_POINT('',(27.17,27.,0.3));
#1219 = VECTOR('',#1220,1.);
#1220 = DIRECTION('',(-1.,0.,0.));
#1221 = ORIENTED_EDGE('',*,*,#1118,.F.);
#1222 = ORIENTED_EDGE('',*,*,#1223,.F.);
#1223 = EDGE_CURVE('',#359,#1119,#1224,.T.);
#1224 = LINE('',#1225,#1226);
#1225 = CARTESIAN_POINT('',(40.3,27.,2.23));
#1226 = VECTOR('',#1227,1.);
#1227 = DIRECTION('',(-1.,0.,0.));
#1228 = ORIENTED_EDGE('',*,*,#358,.T.);
#1229 = ORIENTED_EDGE('',*,*,#398,.F.);
#1230 = FACE_BOUND('',#1231,.T.);
#1231 = EDGE_LOOP('',(#1232,#1242,#1250,#1258));
#1232 = ORIENTED_EDGE('',*,*,#1233,.F.);
#1233 = EDGE_CURVE('',#1234,#1236,#1238,.T.);
#1234 = VERTEX_POINT('',#1235);
#1235 = CARTESIAN_POINT('',(25.17,27.,2.23));
#1236 = VERTEX_POINT('',#1237);
#1237 = CARTESIAN_POINT('',(-14.18480292068,27.,2.23));
#1238 = LINE('',#1239,#1240);
#1239 = CARTESIAN_POINT('',(40.3,27.,2.23));
#1240 = VECTOR('',#1241,1.);
#1241 = DIRECTION('',(-1.,0.,0.));
#1242 = ORIENTED_EDGE('',*,*,#1243,.T.);
#1243 = EDGE_CURVE('',#1234,#1244,#1246,.T.);
#1244 = VERTEX_POINT('',#1245);
#1245 = CARTESIAN_POINT('',(25.17,27.,0.93));
#1246 = LINE('',#1247,#1248);
#1247 = CARTESIAN_POINT('',(25.17,27.,2.23));
#1248 = VECTOR('',#1249,1.);
#1249 = DIRECTION('',(0.,0.,-1.));
#1250 = ORIENTED_EDGE('',*,*,#1251,.F.);
#1251 = EDGE_CURVE('',#1252,#1244,#1254,.T.);
#1252 = VERTEX_POINT('',#1253);
#1253 = CARTESIAN_POINT('',(-14.18480292068,27.,0.93));
#1254 = LINE('',#1255,#1256);
#1255 = CARTESIAN_POINT('',(-40.3,27.,0.93));
#1256 = VECTOR('',#1257,1.);
#1257 = DIRECTION('',(1.,0.,0.));
#1258 = ORIENTED_EDGE('',*,*,#1259,.T.);
#1259 = EDGE_CURVE('',#1252,#1236,#1260,.T.);
#1260 = LINE('',#1261,#1262);
#1261 = CARTESIAN_POINT('',(-14.18480292068,27.,0.93));
#1262 = VECTOR('',#1263,1.);
#1263 = DIRECTION('',(0.,0.,1.));
#1264 = FACE_BOUND('',#1265,.T.);
#1265 = EDGE_LOOP('',(#1266,#1276,#1284,#1292));
#1266 = ORIENTED_EDGE('',*,*,#1267,.F.);
#1267 = EDGE_CURVE('',#1268,#1270,#1272,.T.);
#1268 = VERTEX_POINT('',#1269);
#1269 = CARTESIAN_POINT('',(-27.11519707931,27.,2.23));
#1270 = VERTEX_POINT('',#1271);
#1271 = CARTESIAN_POINT('',(-40.3,27.,2.23));
#1272 = LINE('',#1273,#1274);
#1273 = CARTESIAN_POINT('',(40.3,27.,2.23));
#1274 = VECTOR('',#1275,1.);
#1275 = DIRECTION('',(-1.,0.,0.));
#1276 = ORIENTED_EDGE('',*,*,#1277,.T.);
#1277 = EDGE_CURVE('',#1268,#1278,#1280,.T.);
#1278 = VERTEX_POINT('',#1279);
#1279 = CARTESIAN_POINT('',(-27.11519707931,27.,0.93));
#1280 = LINE('',#1281,#1282);
#1281 = CARTESIAN_POINT('',(-27.11519707931,27.,2.23));
#1282 = VECTOR('',#1283,1.);
#1283 = DIRECTION('',(0.,0.,-1.));
#1284 = ORIENTED_EDGE('',*,*,#1285,.F.);
#1285 = EDGE_CURVE('',#1286,#1278,#1288,.T.);
#1286 = VERTEX_POINT('',#1287);
#1287 = CARTESIAN_POINT('',(-40.3,27.,0.93));
#1288 = LINE('',#1289,#1290);
#1289 = CARTESIAN_POINT('',(-40.3,27.,0.93));
#1290 = VECTOR('',#1291,1.);
#1291 = DIRECTION('',(1.,0.,0.));
#1292 = ORIENTED_EDGE('',*,*,#1293,.F.);
#1293 = EDGE_CURVE('',#1270,#1286,#1294,.T.);
#1294 = LINE('',#1295,#1296);
#1295 = CARTESIAN_POINT('',(-40.3,27.,2.23));
#1296 = VECTOR('',#1297,1.);
#1297 = DIRECTION('',(0.,0.,-1.));
#1298 = FACE_BOUND('',#1299,.T.);
#1299 = EDGE_LOOP('',(#1300,#1310,#1318,#1326));
#1300 = ORIENTED_EDGE('',*,*,#1301,.F.);
#1301 = EDGE_CURVE('',#1302,#1304,#1306,.T.);
#1302 = VERTEX_POINT('',#1303);
#1303 = CARTESIAN_POINT('',(33.41,27.,0.93));
#1304 = VERTEX_POINT('',#1305);
#1305 = CARTESIAN_POINT('',(40.3,27.,0.93));
#1306 = LINE('',#1307,#1308);
#1307 = CARTESIAN_POINT('',(-40.3,27.,0.93));
#1308 = VECTOR('',#1309,1.);
#1309 = DIRECTION('',(1.,0.,0.));
#1310 = ORIENTED_EDGE('',*,*,#1311,.T.);
#1311 = EDGE_CURVE('',#1302,#1312,#1314,.T.);
#1312 = VERTEX_POINT('',#1313);
#1313 = CARTESIAN_POINT('',(33.41,27.,2.23));
#1314 = LINE('',#1315,#1316);
#1315 = CARTESIAN_POINT('',(33.41,27.,0.93));
#1316 = VECTOR('',#1317,1.);
#1317 = DIRECTION('',(0.,0.,1.));
#1318 = ORIENTED_EDGE('',*,*,#1319,.F.);
#1319 = EDGE_CURVE('',#1320,#1312,#1322,.T.);
#1320 = VERTEX_POINT('',#1321);
#1321 = CARTESIAN_POINT('',(40.3,27.,2.23));
#1322 = LINE('',#1323,#1324);
#1323 = CARTESIAN_POINT('',(40.3,27.,2.23));
#1324 = VECTOR('',#1325,1.);
#1325 = DIRECTION('',(-1.,0.,0.));
#1326 = ORIENTED_EDGE('',*,*,#1327,.F.);
#1327 = EDGE_CURVE('',#1304,#1320,#1328,.T.);
#1328 = LINE('',#1329,#1330);
#1329 = CARTESIAN_POINT('',(40.3,27.,0.93));
#1330 = VECTOR('',#1331,1.);
#1331 = DIRECTION('',(0.,0.,1.));
#1332 = PLANE('',#1333);
#1333 = AXIS2_PLACEMENT_3D('',#1334,#1335,#1336);
#1334 = CARTESIAN_POINT('',(0.123358062677,27.,1.774133832346));
#1335 = DIRECTION('',(-0.,-1.,-0.));
#1336 = DIRECTION('',(0.,0.,-1.));
#1337 = ADVANCED_FACE('',(#1338),#1349,.F.);
#1338 = FACE_BOUND('',#1339,.F.);
#1339 = EDGE_LOOP('',(#1340,#1341,#1342,#1348));
#1340 = ORIENTED_EDGE('',*,*,#1223,.F.);
#1341 = ORIENTED_EDGE('',*,*,#366,.F.);
#1342 = ORIENTED_EDGE('',*,*,#1343,.T.);
#1343 = EDGE_CURVE('',#367,#1139,#1344,.T.);
#1344 = LINE('',#1345,#1346);
#1345 = CARTESIAN_POINT('',(40.3,27.6,2.23));
#1346 = VECTOR('',#1347,1.);
#1347 = DIRECTION('',(-1.,0.,0.));
#1348 = ORIENTED_EDGE('',*,*,#1146,.T.);
#1349 = PLANE('',#1350);
#1350 = AXIS2_PLACEMENT_3D('',#1351,#1352,#1353);
#1351 = CARTESIAN_POINT('',(40.3,27.,2.23));
#1352 = DIRECTION('',(0.,2.2E-16,1.));
#1353 = DIRECTION('',(-1.,0.,0.));
#1354 = ADVANCED_FACE('',(#1355),#1361,.F.);
#1355 = FACE_BOUND('',#1356,.F.);
#1356 = EDGE_LOOP('',(#1357,#1358,#1359,#1360));
#1357 = ORIENTED_EDGE('',*,*,#1138,.T.);
#1358 = ORIENTED_EDGE('',*,*,#1343,.F.);
#1359 = ORIENTED_EDGE('',*,*,#374,.T.);
#1360 = ORIENTED_EDGE('',*,*,#1079,.F.);
#1361 = PLANE('',#1362);
#1362 = AXIS2_PLACEMENT_3D('',#1363,#1364,#1365);
#1363 = CARTESIAN_POINT('',(0.,27.6,1.58));
#1364 = DIRECTION('',(0.,1.,0.));
#1365 = DIRECTION('',(0.,0.,1.));
#1366 = ADVANCED_FACE('',(#1367),#1377,.F.);
#1367 = FACE_BOUND('',#1368,.F.);
#1368 = EDGE_LOOP('',(#1369,#1370,#1371));
#1369 = ORIENTED_EDGE('',*,*,#414,.F.);
#1370 = ORIENTED_EDGE('',*,*,#513,.T.);
#1371 = ORIENTED_EDGE('',*,*,#1372,.F.);
#1372 = EDGE_CURVE('',#415,#514,#1373,.T.);
#1373 = LINE('',#1374,#1375);
#1374 = CARTESIAN_POINT('',(45.5,-27.65,12.27));
#1375 = VECTOR('',#1376,1.);
#1376 = DIRECTION('',(-7.7E-16,-0.707106781187,-0.707106781187));
#1377 = PLANE('',#1378);
#1378 = AXIS2_PLACEMENT_3D('',#1379,#1380,#1381);
#1379 = CARTESIAN_POINT('',(47.,-26.9,11.52));
#1380 = DIRECTION('',(-0.57735026919,0.57735026919,-0.57735026919));
#1381 = DIRECTION('',(-2.775557561563E-17,-0.707106781187,
    -0.707106781187));
#1382 = ADVANCED_FACE('',(#1383,#1401,#1443,#1493,#1655,#1689,#1755,
    #1813,#1975,#2025,#2091,#2157,#2255,#2289,#2331,#2381,#2415,#2457,
    #2491,#2653,#2687,#2785,#2883,#2981,#3079,#3177,#3211,#3253,#3303,
    #3345),#3379,.T.);
#1383 = FACE_BOUND('',#1384,.T.);
#1384 = EDGE_LOOP('',(#1385,#1386,#1394,#1400));
#1385 = ORIENTED_EDGE('',*,*,#898,.T.);
#1386 = ORIENTED_EDGE('',*,*,#1387,.T.);
#1387 = EDGE_CURVE('',#891,#1388,#1390,.T.);
#1388 = VERTEX_POINT('',#1389);
#1389 = CARTESIAN_POINT('',(-45.5,-26.9,13.02));
#1390 = LINE('',#1391,#1392);
#1391 = CARTESIAN_POINT('',(-45.5,28.4,13.02));
#1392 = VECTOR('',#1393,1.);
#1393 = DIRECTION('',(0.,-1.,0.));
#1394 = ORIENTED_EDGE('',*,*,#1395,.T.);
#1395 = EDGE_CURVE('',#1388,#415,#1396,.T.);
#1396 = LINE('',#1397,#1398);
#1397 = CARTESIAN_POINT('',(-47.,-26.9,13.02));
#1398 = VECTOR('',#1399,1.);
#1399 = DIRECTION('',(1.,0.,0.));
#1400 = ORIENTED_EDGE('',*,*,#431,.T.);
#1401 = FACE_BOUND('',#1402,.T.);
#1402 = EDGE_LOOP('',(#1403,#1413,#1421,#1429,#1437));
#1403 = ORIENTED_EDGE('',*,*,#1404,.T.);
#1404 = EDGE_CURVE('',#1405,#1407,#1409,.T.);
#1405 = VERTEX_POINT('',#1406);
#1406 = CARTESIAN_POINT('',(-39.67857142857,-22.4919047619,13.02));
#1407 = VERTEX_POINT('',#1408);
#1408 = CARTESIAN_POINT('',(-38.39285714285,-22.12047619047,13.02));
#1409 = LINE('',#1410,#1411);
#1410 = CARTESIAN_POINT('',(-39.67857142857,-22.4919047619,13.02));
#1411 = VECTOR('',#1412,1.);
#1412 = DIRECTION('',(0.960714182841,0.277539652821,0.));
#1413 = ORIENTED_EDGE('',*,*,#1414,.T.);
#1414 = EDGE_CURVE('',#1407,#1415,#1417,.T.);
#1415 = VERTEX_POINT('',#1416);
#1416 = CARTESIAN_POINT('',(-37.,-22.6419047619,13.02));
#1417 = LINE('',#1418,#1419);
#1418 = CARTESIAN_POINT('',(-38.39285714285,-22.12047619047,13.02));
#1419 = VECTOR('',#1420,1.);
#1420 = DIRECTION('',(0.936526400854,-0.350597062884,0.));
#1421 = ORIENTED_EDGE('',*,*,#1422,.T.);
#1422 = EDGE_CURVE('',#1415,#1423,#1425,.T.);
#1423 = VERTEX_POINT('',#1424);
#1424 = CARTESIAN_POINT('',(-37.,-23.46333333333,13.02));
#1425 = LINE('',#1426,#1427);
#1426 = CARTESIAN_POINT('',(-37.,-22.6419047619,13.02));
#1427 = VECTOR('',#1428,1.);
#1428 = DIRECTION('',(0.,-1.,0.));
#1429 = ORIENTED_EDGE('',*,*,#1430,.T.);
#1430 = EDGE_CURVE('',#1423,#1431,#1433,.T.);
#1431 = VERTEX_POINT('',#1432);
#1432 = CARTESIAN_POINT('',(-39.67857142857,-22.54904761904,13.02));
#1433 = LINE('',#1434,#1435);
#1434 = CARTESIAN_POINT('',(-37.,-23.46333333333,13.02));
#1435 = VECTOR('',#1436,1.);
#1436 = DIRECTION('',(-0.946387496742,0.323033598888,0.));
#1437 = ORIENTED_EDGE('',*,*,#1438,.T.);
#1438 = EDGE_CURVE('',#1431,#1405,#1439,.T.);
#1439 = LINE('',#1440,#1441);
#1440 = CARTESIAN_POINT('',(-39.67857142857,-22.54904761904,13.02));
#1441 = VECTOR('',#1442,1.);
#1442 = DIRECTION('',(0.,1.,0.));
#1443 = FACE_BOUND('',#1444,.T.);
#1444 = EDGE_LOOP('',(#1445,#1455,#1463,#1471,#1479,#1487));
#1445 = ORIENTED_EDGE('',*,*,#1446,.T.);
#1446 = EDGE_CURVE('',#1447,#1449,#1451,.T.);
#1447 = VERTEX_POINT('',#1448);
#1448 = CARTESIAN_POINT('',(-40.2,-21.46333333333,13.02));
#1449 = VERTEX_POINT('',#1450);
#1450 = CARTESIAN_POINT('',(-37.,-20.41333333333,13.02));
#1451 = LINE('',#1452,#1453);
#1452 = CARTESIAN_POINT('',(-40.2,-21.46333333333,13.02));
#1453 = VECTOR('',#1454,1.);
#1454 = DIRECTION('',(0.950157464068,0.311770417897,0.));
#1455 = ORIENTED_EDGE('',*,*,#1456,.T.);
#1456 = EDGE_CURVE('',#1449,#1457,#1459,.T.);
#1457 = VERTEX_POINT('',#1458);
#1458 = CARTESIAN_POINT('',(-37.,-21.2419047619,13.02));
#1459 = LINE('',#1460,#1461);
#1460 = CARTESIAN_POINT('',(-37.,-20.41333333333,13.02));
#1461 = VECTOR('',#1462,1.);
#1462 = DIRECTION('',(0.,-1.,0.));
#1463 = ORIENTED_EDGE('',*,*,#1464,.T.);
#1464 = EDGE_CURVE('',#1457,#1465,#1467,.T.);
#1465 = VERTEX_POINT('',#1466);
#1466 = CARTESIAN_POINT('',(-40.19285714285,-22.28476190476,13.02));
#1467 = LINE('',#1468,#1469);
#1468 = CARTESIAN_POINT('',(-37.,-21.2419047619,13.02));
#1469 = VECTOR('',#1470,1.);
#1470 = DIRECTION('',(-0.95057984149,-0.310480216684,0.));
#1471 = ORIENTED_EDGE('',*,*,#1472,.T.);
#1472 = EDGE_CURVE('',#1465,#1473,#1475,.T.);
#1473 = VERTEX_POINT('',#1474);
#1474 = CARTESIAN_POINT('',(-42.,-22.28476190476,13.02));
#1475 = LINE('',#1476,#1477);
#1476 = CARTESIAN_POINT('',(-40.19285714285,-22.28476190476,13.02));
#1477 = VECTOR('',#1478,1.);
#1478 = DIRECTION('',(-1.,0.,0.));
#1479 = ORIENTED_EDGE('',*,*,#1480,.T.);
#1480 = EDGE_CURVE('',#1473,#1481,#1483,.T.);
#1481 = VERTEX_POINT('',#1482);
#1482 = CARTESIAN_POINT('',(-42.,-21.46333333333,13.02));
#1483 = LINE('',#1484,#1485);
#1484 = CARTESIAN_POINT('',(-42.,-22.28476190476,13.02));
#1485 = VECTOR('',#1486,1.);
#1486 = DIRECTION('',(0.,1.,0.));
#1487 = ORIENTED_EDGE('',*,*,#1488,.T.);
#1488 = EDGE_CURVE('',#1481,#1447,#1489,.T.);
#1489 = LINE('',#1490,#1491);
#1490 = CARTESIAN_POINT('',(-42.,-21.46333333333,13.02));
#1491 = VECTOR('',#1492,1.);
#1492 = DIRECTION('',(1.,0.,0.));
#1493 = FACE_BOUND('',#1494,.T.);
#1494 = EDGE_LOOP('',(#1495,#1505,#1513,#1521,#1529,#1537,#1545,#1553,
    #1561,#1569,#1577,#1585,#1593,#1601,#1609,#1617,#1625,#1633,#1641,
    #1649));
#1495 = ORIENTED_EDGE('',*,*,#1496,.T.);
#1496 = EDGE_CURVE('',#1497,#1499,#1501,.T.);
#1497 = VERTEX_POINT('',#1498);
#1498 = CARTESIAN_POINT('',(-39.89285714285,-18.55904761904,13.02));
#1499 = VERTEX_POINT('',#1500);
#1500 = CARTESIAN_POINT('',(-39.89285714285,-18.14476190476,13.02));
#1501 = LINE('',#1502,#1503);
#1502 = CARTESIAN_POINT('',(-39.89285714285,-18.55904761904,13.02));
#1503 = VECTOR('',#1504,1.);
#1504 = DIRECTION('',(0.,1.,0.));
#1505 = ORIENTED_EDGE('',*,*,#1506,.T.);
#1506 = EDGE_CURVE('',#1499,#1507,#1509,.T.);
#1507 = VERTEX_POINT('',#1508);
#1508 = CARTESIAN_POINT('',(-39.17857142857,-18.14476190476,13.02));
#1509 = LINE('',#1510,#1511);
#1510 = CARTESIAN_POINT('',(-39.89285714285,-18.14476190476,13.02));
#1511 = VECTOR('',#1512,1.);
#1512 = DIRECTION('',(1.,0.,0.));
#1513 = ORIENTED_EDGE('',*,*,#1514,.T.);
#1514 = EDGE_CURVE('',#1507,#1515,#1517,.T.);
#1515 = VERTEX_POINT('',#1516);
#1516 = CARTESIAN_POINT('',(-39.17857142857,-18.54476190476,13.02));
#1517 = LINE('',#1518,#1519);
#1518 = CARTESIAN_POINT('',(-39.17857142857,-18.14476190476,13.02));
#1519 = VECTOR('',#1520,1.);
#1520 = DIRECTION('',(0.,-1.,0.));
#1521 = ORIENTED_EDGE('',*,*,#1522,.T.);
#1522 = EDGE_CURVE('',#1515,#1523,#1525,.T.);
#1523 = VERTEX_POINT('',#1524);
#1524 = CARTESIAN_POINT('',(-38.58571428571,-19.23047619047,13.02));
#1525 = B_SPLINE_CURVE_WITH_KNOTS('',2,(#1526,#1527,#1528),
  .UNSPECIFIED.,.F.,.F.,(3,3),(0.,1.),.PIECEWISE_BEZIER_KNOTS.);
#1526 = CARTESIAN_POINT('',(-39.17857142857,-18.54476190476,13.02));
#1527 = CARTESIAN_POINT('',(-39.17857142857,-19.16619047619,13.02));
#1528 = CARTESIAN_POINT('',(-38.58571428571,-19.23047619047,13.02));
#1529 = ORIENTED_EDGE('',*,*,#1530,.T.);
#1530 = EDGE_CURVE('',#1523,#1531,#1533,.T.);
#1531 = VERTEX_POINT('',#1532);
#1532 = CARTESIAN_POINT('',(-38.46428571428,-19.23761904761,13.02));
#1533 = B_SPLINE_CURVE_WITH_KNOTS('',2,(#1534,#1535,#1536),
  .UNSPECIFIED.,.F.,.F.,(3,3),(0.,1.),.PIECEWISE_BEZIER_KNOTS.);
#1534 = CARTESIAN_POINT('',(-38.58571428571,-19.23047619047,13.02));
#1535 = CARTESIAN_POINT('',(-38.52142857142,-19.23761904761,13.02));
#1536 = CARTESIAN_POINT('',(-38.46428571428,-19.23761904761,13.02));
#1537 = ORIENTED_EDGE('',*,*,#1538,.T.);
#1538 = EDGE_CURVE('',#1531,#1539,#1541,.T.);
#1539 = VERTEX_POINT('',#1540);
#1540 = CARTESIAN_POINT('',(-37.75714285714,-18.69476190476,13.02));
#1541 = B_SPLINE_CURVE_WITH_KNOTS('',2,(#1542,#1543,#1544),
  .UNSPECIFIED.,.F.,.F.,(3,3),(0.,1.),.PIECEWISE_BEZIER_KNOTS.);
#1542 = CARTESIAN_POINT('',(-38.46428571428,-19.23761904761,13.02));
#1543 = CARTESIAN_POINT('',(-37.86428571428,-19.23761904761,13.02));
#1544 = CARTESIAN_POINT('',(-37.75714285714,-18.69476190476,13.02));
#1545 = ORIENTED_EDGE('',*,*,#1546,.T.);
#1546 = EDGE_CURVE('',#1539,#1547,#1549,.T.);
#1547 = VERTEX_POINT('',#1548);
#1548 = CARTESIAN_POINT('',(-37.74285714285,-18.48761904761,13.02));
#1549 = B_SPLINE_CURVE_WITH_KNOTS('',2,(#1550,#1551,#1552),
  .UNSPECIFIED.,.F.,.F.,(3,3),(0.,1.),.PIECEWISE_BEZIER_KNOTS.);
#1550 = CARTESIAN_POINT('',(-37.75714285714,-18.69476190476,13.02));
#1551 = CARTESIAN_POINT('',(-37.74285714285,-18.59476190476,13.02));
#1552 = CARTESIAN_POINT('',(-37.74285714285,-18.48761904761,13.02));
#1553 = ORIENTED_EDGE('',*,*,#1554,.T.);
#1554 = EDGE_CURVE('',#1547,#1555,#1557,.T.);
#1555 = VERTEX_POINT('',#1556);
#1556 = CARTESIAN_POINT('',(-37.74285714285,-18.14476190476,13.02));
#1557 = LINE('',#1558,#1559);
#1558 = CARTESIAN_POINT('',(-37.74285714285,-18.48761904761,13.02));
#1559 = VECTOR('',#1560,1.);
#1560 = DIRECTION('',(0.,1.,0.));
#1561 = ORIENTED_EDGE('',*,*,#1562,.T.);
#1562 = EDGE_CURVE('',#1555,#1563,#1565,.T.);
#1563 = VERTEX_POINT('',#1564);
#1564 = CARTESIAN_POINT('',(-37.,-18.14476190476,13.02));
#1565 = LINE('',#1566,#1567);
#1566 = CARTESIAN_POINT('',(-37.74285714285,-18.14476190476,13.02));
#1567 = VECTOR('',#1568,1.);
#1568 = DIRECTION('',(1.,0.,0.));
#1569 = ORIENTED_EDGE('',*,*,#1570,.T.);
#1570 = EDGE_CURVE('',#1563,#1571,#1573,.T.);
#1571 = VERTEX_POINT('',#1572);
#1572 = CARTESIAN_POINT('',(-37.,-18.58047619047,13.02));
#1573 = LINE('',#1574,#1575);
#1574 = CARTESIAN_POINT('',(-37.,-18.14476190476,13.02));
#1575 = VECTOR('',#1576,1.);
#1576 = DIRECTION('',(0.,-1.,0.));
#1577 = ORIENTED_EDGE('',*,*,#1578,.T.);
#1578 = EDGE_CURVE('',#1571,#1579,#1581,.T.);
#1579 = VERTEX_POINT('',#1580);
#1580 = CARTESIAN_POINT('',(-37.70714285714,-19.85904761904,13.02));
#1581 = B_SPLINE_CURVE_WITH_KNOTS('',2,(#1582,#1583,#1584),
  .UNSPECIFIED.,.F.,.F.,(3,3),(0.,1.),.PIECEWISE_BEZIER_KNOTS.);
#1582 = CARTESIAN_POINT('',(-37.,-18.58047619047,13.02));
#1583 = CARTESIAN_POINT('',(-37.02142857142,-19.53047619047,13.02));
#1584 = CARTESIAN_POINT('',(-37.70714285714,-19.85904761904,13.02));
#1585 = ORIENTED_EDGE('',*,*,#1586,.T.);
#1586 = EDGE_CURVE('',#1579,#1587,#1589,.T.);
#1587 = VERTEX_POINT('',#1588);
#1588 = CARTESIAN_POINT('',(-38.36428571428,-19.99476190476,13.02));
#1589 = B_SPLINE_CURVE_WITH_KNOTS('',2,(#1590,#1591,#1592),
  .UNSPECIFIED.,.F.,.F.,(3,3),(0.,1.),.PIECEWISE_BEZIER_KNOTS.);
#1590 = CARTESIAN_POINT('',(-37.70714285714,-19.85904761904,13.02));
#1591 = CARTESIAN_POINT('',(-37.99285714285,-19.99476190476,13.02));
#1592 = CARTESIAN_POINT('',(-38.36428571428,-19.99476190476,13.02));
#1593 = ORIENTED_EDGE('',*,*,#1594,.T.);
#1594 = EDGE_CURVE('',#1587,#1595,#1597,.T.);
#1595 = VERTEX_POINT('',#1596);
#1596 = CARTESIAN_POINT('',(-39.51428571428,-19.50904761904,13.02));
#1597 = B_SPLINE_CURVE_WITH_KNOTS('',2,(#1598,#1599,#1600),
  .UNSPECIFIED.,.F.,.F.,(3,3),(0.,1.),.PIECEWISE_BEZIER_KNOTS.);
#1598 = CARTESIAN_POINT('',(-38.36428571428,-19.99476190476,13.02));
#1599 = CARTESIAN_POINT('',(-39.15714285714,-19.98761904761,13.02));
#1600 = CARTESIAN_POINT('',(-39.51428571428,-19.50904761904,13.02));
#1601 = ORIENTED_EDGE('',*,*,#1602,.T.);
#1602 = EDGE_CURVE('',#1595,#1603,#1605,.T.);
#1603 = VERTEX_POINT('',#1604);
#1604 = CARTESIAN_POINT('',(-40.27857142857,-19.98047619047,13.02));
#1605 = B_SPLINE_CURVE_WITH_KNOTS('',2,(#1606,#1607,#1608),
  .UNSPECIFIED.,.F.,.F.,(3,3),(0.,1.),.PIECEWISE_BEZIER_KNOTS.);
#1606 = CARTESIAN_POINT('',(-39.51428571428,-19.50904761904,13.02));
#1607 = CARTESIAN_POINT('',(-39.72857142857,-19.88047619047,13.02));
#1608 = CARTESIAN_POINT('',(-40.27857142857,-19.98047619047,13.02));
#1609 = ORIENTED_EDGE('',*,*,#1610,.T.);
#1610 = EDGE_CURVE('',#1603,#1611,#1613,.T.);
#1611 = VERTEX_POINT('',#1612);
#1612 = CARTESIAN_POINT('',(-40.45,-20.0019047619,13.02));
#1613 = B_SPLINE_CURVE_WITH_KNOTS('',2,(#1614,#1615,#1616),
  .UNSPECIFIED.,.F.,.F.,(3,3),(0.,1.),.PIECEWISE_BEZIER_KNOTS.);
#1614 = CARTESIAN_POINT('',(-40.27857142857,-19.98047619047,13.02));
#1615 = CARTESIAN_POINT('',(-40.37142857142,-19.99476190476,13.02));
#1616 = CARTESIAN_POINT('',(-40.45,-20.0019047619,13.02));
#1617 = ORIENTED_EDGE('',*,*,#1618,.T.);
#1618 = EDGE_CURVE('',#1611,#1619,#1621,.T.);
#1619 = VERTEX_POINT('',#1620);
#1620 = CARTESIAN_POINT('',(-42.,-20.12333333333,13.02));
#1621 = LINE('',#1622,#1623);
#1622 = CARTESIAN_POINT('',(-40.45,-20.0019047619,13.02));
#1623 = VECTOR('',#1624,1.);
#1624 = DIRECTION('',(-0.996945395907,-7.810171304339E-02,0.));
#1625 = ORIENTED_EDGE('',*,*,#1626,.T.);
#1626 = EDGE_CURVE('',#1619,#1627,#1629,.T.);
#1627 = VERTEX_POINT('',#1628);
#1628 = CARTESIAN_POINT('',(-42.,-19.38047619047,13.02));
#1629 = LINE('',#1630,#1631);
#1630 = CARTESIAN_POINT('',(-42.,-20.12333333333,13.02));
#1631 = VECTOR('',#1632,1.);
#1632 = DIRECTION('',(0.,1.,0.));
#1633 = ORIENTED_EDGE('',*,*,#1634,.T.);
#1634 = EDGE_CURVE('',#1627,#1635,#1637,.T.);
#1635 = VERTEX_POINT('',#1636);
#1636 = CARTESIAN_POINT('',(-40.72857142857,-19.27333333333,13.02));
#1637 = LINE('',#1638,#1639);
#1638 = CARTESIAN_POINT('',(-42.,-19.38047619047,13.02));
#1639 = VECTOR('',#1640,1.);
#1640 = DIRECTION('',(0.996468111813,8.397203189433E-02,0.));
#1641 = ORIENTED_EDGE('',*,*,#1642,.T.);
#1642 = EDGE_CURVE('',#1635,#1643,#1645,.T.);
#1643 = VERTEX_POINT('',#1644);
#1644 = CARTESIAN_POINT('',(-39.97142857142,-18.9519047619,13.02));
#1645 = B_SPLINE_CURVE_WITH_KNOTS('',2,(#1646,#1647,#1648),
  .UNSPECIFIED.,.F.,.F.,(3,3),(0.,1.),.PIECEWISE_BEZIER_KNOTS.);
#1646 = CARTESIAN_POINT('',(-40.72857142857,-19.27333333333,13.02));
#1647 = CARTESIAN_POINT('',(-40.12857142857,-19.21619047619,13.02));
#1648 = CARTESIAN_POINT('',(-39.97142857142,-18.9519047619,13.02));
#1649 = ORIENTED_EDGE('',*,*,#1650,.T.);
#1650 = EDGE_CURVE('',#1643,#1497,#1651,.T.);
#1651 = B_SPLINE_CURVE_WITH_KNOTS('',2,(#1652,#1653,#1654),
  .UNSPECIFIED.,.F.,.F.,(3,3),(0.,1.),.PIECEWISE_BEZIER_KNOTS.);
#1652 = CARTESIAN_POINT('',(-39.97142857142,-18.9519047619,13.02));
#1653 = CARTESIAN_POINT('',(-39.89285714285,-18.79476190476,13.02));
#1654 = CARTESIAN_POINT('',(-39.89285714285,-18.55904761904,13.02));
#1655 = FACE_BOUND('',#1656,.T.);
#1656 = EDGE_LOOP('',(#1657,#1667,#1675,#1683));
#1657 = ORIENTED_EDGE('',*,*,#1658,.T.);
#1658 = EDGE_CURVE('',#1659,#1661,#1663,.T.);
#1659 = VERTEX_POINT('',#1660);
#1660 = CARTESIAN_POINT('',(-42.,-17.78047619047,13.02));
#1661 = VERTEX_POINT('',#1662);
#1662 = CARTESIAN_POINT('',(-42.,-16.98047619047,13.02));
#1663 = LINE('',#1664,#1665);
#1664 = CARTESIAN_POINT('',(-42.,-17.78047619047,13.02));
#1665 = VECTOR('',#1666,1.);
#1666 = DIRECTION('',(0.,1.,0.));
#1667 = ORIENTED_EDGE('',*,*,#1668,.T.);
#1668 = EDGE_CURVE('',#1661,#1669,#1671,.T.);
#1669 = VERTEX_POINT('',#1670);
#1670 = CARTESIAN_POINT('',(-37.,-16.98047619047,13.02));
#1671 = LINE('',#1672,#1673);
#1672 = CARTESIAN_POINT('',(-42.,-16.98047619047,13.02));
#1673 = VECTOR('',#1674,1.);
#1674 = DIRECTION('',(1.,0.,0.));
#1675 = ORIENTED_EDGE('',*,*,#1676,.T.);
#1676 = EDGE_CURVE('',#1669,#1677,#1679,.T.);
#1677 = VERTEX_POINT('',#1678);
#1678 = CARTESIAN_POINT('',(-37.,-17.78047619047,13.02));
#1679 = LINE('',#1680,#1681);
#1680 = CARTESIAN_POINT('',(-37.,-16.98047619047,13.02));
#1681 = VECTOR('',#1682,1.);
#1682 = DIRECTION('',(0.,-1.,0.));
#1683 = ORIENTED_EDGE('',*,*,#1684,.T.);
#1684 = EDGE_CURVE('',#1677,#1659,#1685,.T.);
#1685 = LINE('',#1686,#1687);
#1686 = CARTESIAN_POINT('',(-37.,-17.78047619047,13.02));
#1687 = VECTOR('',#1688,1.);
#1688 = DIRECTION('',(-1.,0.,0.));
#1689 = FACE_BOUND('',#1690,.T.);
#1690 = EDGE_LOOP('',(#1691,#1701,#1709,#1717,#1725,#1733,#1741,#1749));
#1691 = ORIENTED_EDGE('',*,*,#1692,.T.);
#1692 = EDGE_CURVE('',#1693,#1695,#1697,.T.);
#1693 = VERTEX_POINT('',#1694);
#1694 = CARTESIAN_POINT('',(-37.77857142857,-14.62285714285,13.02));
#1695 = VERTEX_POINT('',#1696);
#1696 = CARTESIAN_POINT('',(-37.77857142857,-13.47285714285,13.02));
#1697 = LINE('',#1698,#1699);
#1698 = CARTESIAN_POINT('',(-37.77857142857,-14.62285714285,13.02));
#1699 = VECTOR('',#1700,1.);
#1700 = DIRECTION('',(0.,1.,0.));
#1701 = ORIENTED_EDGE('',*,*,#1702,.T.);
#1702 = EDGE_CURVE('',#1695,#1703,#1705,.T.);
#1703 = VERTEX_POINT('',#1704);
#1704 = CARTESIAN_POINT('',(-37.,-13.47285714285,13.02));
#1705 = LINE('',#1706,#1707);
#1706 = CARTESIAN_POINT('',(-37.77857142857,-13.47285714285,13.02));
#1707 = VECTOR('',#1708,1.);
#1708 = DIRECTION('',(1.,0.,0.));
#1709 = ORIENTED_EDGE('',*,*,#1710,.T.);
#1710 = EDGE_CURVE('',#1703,#1711,#1713,.T.);
#1711 = VERTEX_POINT('',#1712);
#1712 = CARTESIAN_POINT('',(-37.,-16.56571428571,13.02));
#1713 = LINE('',#1714,#1715);
#1714 = CARTESIAN_POINT('',(-37.,-13.47285714285,13.02));
#1715 = VECTOR('',#1716,1.);
#1716 = DIRECTION('',(0.,-1.,0.));
#1717 = ORIENTED_EDGE('',*,*,#1718,.T.);
#1718 = EDGE_CURVE('',#1711,#1719,#1721,.T.);
#1719 = VERTEX_POINT('',#1720);
#1720 = CARTESIAN_POINT('',(-37.77857142857,-16.56571428571,13.02));
#1721 = LINE('',#1722,#1723);
#1722 = CARTESIAN_POINT('',(-37.,-16.56571428571,13.02));
#1723 = VECTOR('',#1724,1.);
#1724 = DIRECTION('',(-1.,0.,0.));
#1725 = ORIENTED_EDGE('',*,*,#1726,.T.);
#1726 = EDGE_CURVE('',#1719,#1727,#1729,.T.);
#1727 = VERTEX_POINT('',#1728);
#1728 = CARTESIAN_POINT('',(-37.77857142857,-15.42285714285,13.02));
#1729 = LINE('',#1730,#1731);
#1730 = CARTESIAN_POINT('',(-37.77857142857,-16.56571428571,13.02));
#1731 = VECTOR('',#1732,1.);
#1732 = DIRECTION('',(0.,1.,0.));
#1733 = ORIENTED_EDGE('',*,*,#1734,.T.);
#1734 = EDGE_CURVE('',#1727,#1735,#1737,.T.);
#1735 = VERTEX_POINT('',#1736);
#1736 = CARTESIAN_POINT('',(-42.,-15.42285714285,13.02));
#1737 = LINE('',#1738,#1739);
#1738 = CARTESIAN_POINT('',(-37.77857142857,-15.42285714285,13.02));
#1739 = VECTOR('',#1740,1.);
#1740 = DIRECTION('',(-1.,0.,0.));
#1741 = ORIENTED_EDGE('',*,*,#1742,.T.);
#1742 = EDGE_CURVE('',#1735,#1743,#1745,.T.);
#1743 = VERTEX_POINT('',#1744);
#1744 = CARTESIAN_POINT('',(-42.,-14.62285714285,13.02));
#1745 = LINE('',#1746,#1747);
#1746 = CARTESIAN_POINT('',(-42.,-15.42285714285,13.02));
#1747 = VECTOR('',#1748,1.);
#1748 = DIRECTION('',(0.,1.,0.));
#1749 = ORIENTED_EDGE('',*,*,#1750,.T.);
#1750 = EDGE_CURVE('',#1743,#1693,#1751,.T.);
#1751 = LINE('',#1752,#1753);
#1752 = CARTESIAN_POINT('',(-42.,-14.62285714285,13.02));
#1753 = VECTOR('',#1754,1.);
#1754 = DIRECTION('',(1.,0.,0.));
#1755 = FACE_BOUND('',#1756,.T.);
#1756 = EDGE_LOOP('',(#1757,#1767,#1775,#1783,#1791,#1799,#1807));
#1757 = ORIENTED_EDGE('',*,*,#1758,.T.);
#1758 = EDGE_CURVE('',#1759,#1761,#1763,.T.);
#1759 = VERTEX_POINT('',#1760);
#1760 = CARTESIAN_POINT('',(-37.77857142857,-11.85571428571,13.02));
#1761 = VERTEX_POINT('',#1762);
#1762 = CARTESIAN_POINT('',(-37.75,-11.73428571428,13.02));
#1763 = LINE('',#1764,#1765);
#1764 = CARTESIAN_POINT('',(-37.77857142857,-11.85571428571,13.02));
#1765 = VECTOR('',#1766,1.);
#1766 = DIRECTION('',(0.229039333726,0.973417168334,0.));
#1767 = ORIENTED_EDGE('',*,*,#1768,.T.);
#1768 = EDGE_CURVE('',#1761,#1769,#1771,.T.);
#1769 = VERTEX_POINT('',#1770);
#1770 = CARTESIAN_POINT('',(-37.,-11.73428571428,13.02));
#1771 = LINE('',#1772,#1773);
#1772 = CARTESIAN_POINT('',(-37.75,-11.73428571428,13.02));
#1773 = VECTOR('',#1774,1.);
#1774 = DIRECTION('',(1.,0.,0.));
#1775 = ORIENTED_EDGE('',*,*,#1776,.T.);
#1776 = EDGE_CURVE('',#1769,#1777,#1779,.T.);
#1777 = VERTEX_POINT('',#1778);
#1778 = CARTESIAN_POINT('',(-37.52857142857,-12.76285714285,13.02));
#1779 = B_SPLINE_CURVE_WITH_KNOTS('',2,(#1780,#1781,#1782),
  .UNSPECIFIED.,.F.,.F.,(3,3),(0.,1.),.PIECEWISE_BEZIER_KNOTS.);
#1780 = CARTESIAN_POINT('',(-37.,-11.73428571428,13.02));
#1781 = CARTESIAN_POINT('',(-37.,-12.34857142857,13.02));
#1782 = CARTESIAN_POINT('',(-37.52857142857,-12.76285714285,13.02));
#1783 = ORIENTED_EDGE('',*,*,#1784,.T.);
#1784 = EDGE_CURVE('',#1777,#1785,#1787,.T.);
#1785 = VERTEX_POINT('',#1786);
#1786 = CARTESIAN_POINT('',(-38.05,-12.99857142857,13.02));
#1787 = B_SPLINE_CURVE_WITH_KNOTS('',2,(#1788,#1789,#1790),
  .UNSPECIFIED.,.F.,.F.,(3,3),(0.,1.),.PIECEWISE_BEZIER_KNOTS.);
#1788 = CARTESIAN_POINT('',(-37.52857142857,-12.76285714285,13.02));
#1789 = CARTESIAN_POINT('',(-37.81428571428,-12.98428571428,13.02));
#1790 = CARTESIAN_POINT('',(-38.05,-12.99857142857,13.02));
#1791 = ORIENTED_EDGE('',*,*,#1792,.T.);
#1792 = EDGE_CURVE('',#1785,#1793,#1795,.T.);
#1793 = VERTEX_POINT('',#1794);
#1794 = CARTESIAN_POINT('',(-38.29285714285,-12.26285714285,13.02));
#1795 = LINE('',#1796,#1797);
#1796 = CARTESIAN_POINT('',(-38.05,-12.99857142857,13.02));
#1797 = VECTOR('',#1798,1.);
#1798 = DIRECTION('',(-0.313460593315,0.94960120916,0.));
#1799 = ORIENTED_EDGE('',*,*,#1800,.T.);
#1800 = EDGE_CURVE('',#1793,#1801,#1803,.T.);
#1801 = VERTEX_POINT('',#1802);
#1802 = CARTESIAN_POINT('',(-37.94285714285,-12.10214285714,13.02));
#1803 = B_SPLINE_CURVE_WITH_KNOTS('',2,(#1804,#1805,#1806),
  .UNSPECIFIED.,.F.,.F.,(3,3),(0.,1.),.PIECEWISE_BEZIER_KNOTS.);
#1804 = CARTESIAN_POINT('',(-38.29285714285,-12.26285714285,13.02));
#1805 = CARTESIAN_POINT('',(-38.07857142857,-12.23428571428,13.02));
#1806 = CARTESIAN_POINT('',(-37.94285714285,-12.10214285714,13.02));
#1807 = ORIENTED_EDGE('',*,*,#1808,.T.);
#1808 = EDGE_CURVE('',#1801,#1759,#1809,.T.);
#1809 = B_SPLINE_CURVE_WITH_KNOTS('',2,(#1810,#1811,#1812),
  .UNSPECIFIED.,.F.,.F.,(3,3),(0.,1.),.PIECEWISE_BEZIER_KNOTS.);
#1810 = CARTESIAN_POINT('',(-37.94285714285,-12.10214285714,13.02));
#1811 = CARTESIAN_POINT('',(-37.80714285714,-11.97,13.02));
#1812 = CARTESIAN_POINT('',(-37.77857142857,-11.85571428571,13.02));
#1813 = FACE_BOUND('',#1814,.T.);
#1814 = EDGE_LOOP('',(#1815,#1825,#1833,#1841,#1849,#1857,#1865,#1873,
    #1881,#1889,#1897,#1905,#1913,#1921,#1929,#1937,#1945,#1953,#1961,
    #1969));
#1815 = ORIENTED_EDGE('',*,*,#1816,.T.);
#1816 = EDGE_CURVE('',#1817,#1819,#1821,.T.);
#1817 = VERTEX_POINT('',#1818);
#1818 = CARTESIAN_POINT('',(-38.93571428571,-10.21285714285,13.02));
#1819 = VERTEX_POINT('',#1820);
#1820 = CARTESIAN_POINT('',(-38.35714285714,-10.10571428571,13.02));
#1821 = B_SPLINE_CURVE_WITH_KNOTS('',2,(#1822,#1823,#1824),
  .UNSPECIFIED.,.F.,.F.,(3,3),(0.,1.),.PIECEWISE_BEZIER_KNOTS.);
#1822 = CARTESIAN_POINT('',(-38.93571428571,-10.21285714285,13.02));
#1823 = CARTESIAN_POINT('',(-38.68571428571,-10.10571428571,13.02));
#1824 = CARTESIAN_POINT('',(-38.35714285714,-10.10571428571,13.02));
#1825 = ORIENTED_EDGE('',*,*,#1826,.T.);
#1826 = EDGE_CURVE('',#1819,#1827,#1829,.T.);
#1827 = VERTEX_POINT('',#1828);
#1828 = CARTESIAN_POINT('',(-37.18571428571,-10.77714285714,13.02));
#1829 = B_SPLINE_CURVE_WITH_KNOTS('',2,(#1830,#1831,#1832),
  .UNSPECIFIED.,.F.,.F.,(3,3),(0.,1.),.PIECEWISE_BEZIER_KNOTS.);
#1830 = CARTESIAN_POINT('',(-38.35714285714,-10.10571428571,13.02));
#1831 = CARTESIAN_POINT('',(-37.57857142857,-10.10571428571,13.02));
#1832 = CARTESIAN_POINT('',(-37.18571428571,-10.77714285714,13.02));
#1833 = ORIENTED_EDGE('',*,*,#1834,.T.);
#1834 = EDGE_CURVE('',#1827,#1835,#1837,.T.);
#1835 = VERTEX_POINT('',#1836);
#1836 = CARTESIAN_POINT('',(-37.,-11.36285714285,13.02));
#1837 = B_SPLINE_CURVE_WITH_KNOTS('',2,(#1838,#1839,#1840),
  .UNSPECIFIED.,.F.,.F.,(3,3),(0.,1.),.PIECEWISE_BEZIER_KNOTS.);
#1838 = CARTESIAN_POINT('',(-37.18571428571,-10.77714285714,13.02));
#1839 = CARTESIAN_POINT('',(-37.00714285714,-11.09142857142,13.02));
#1840 = CARTESIAN_POINT('',(-37.,-11.36285714285,13.02));
#1841 = ORIENTED_EDGE('',*,*,#1842,.T.);
#1842 = EDGE_CURVE('',#1835,#1843,#1845,.T.);
#1843 = VERTEX_POINT('',#1844);
#1844 = CARTESIAN_POINT('',(-37.75,-11.36285714285,13.02));
#1845 = LINE('',#1846,#1847);
#1846 = CARTESIAN_POINT('',(-37.,-11.36285714285,13.02));
#1847 = VECTOR('',#1848,1.);
#1848 = DIRECTION('',(-1.,0.,0.));
#1849 = ORIENTED_EDGE('',*,*,#1850,.T.);
#1850 = EDGE_CURVE('',#1843,#1851,#1853,.T.);
#1851 = VERTEX_POINT('',#1852);
#1852 = CARTESIAN_POINT('',(-38.00714285714,-10.97714285714,13.02));
#1853 = B_SPLINE_CURVE_WITH_KNOTS('',2,(#1854,#1855,#1856),
  .UNSPECIFIED.,.F.,.F.,(3,3),(0.,1.),.PIECEWISE_BEZIER_KNOTS.);
#1854 = CARTESIAN_POINT('',(-37.75,-11.36285714285,13.02));
#1855 = CARTESIAN_POINT('',(-37.78571428571,-11.14142857142,13.02));
#1856 = CARTESIAN_POINT('',(-38.00714285714,-10.97714285714,13.02));
#1857 = ORIENTED_EDGE('',*,*,#1858,.T.);
#1858 = EDGE_CURVE('',#1851,#1859,#1861,.T.);
#1859 = VERTEX_POINT('',#1860);
#1860 = CARTESIAN_POINT('',(-38.34285714285,-10.87,13.02));
#1861 = B_SPLINE_CURVE_WITH_KNOTS('',2,(#1862,#1863,#1864),
  .UNSPECIFIED.,.F.,.F.,(3,3),(0.,1.),.PIECEWISE_BEZIER_KNOTS.);
#1862 = CARTESIAN_POINT('',(-38.00714285714,-10.97714285714,13.02));
#1863 = CARTESIAN_POINT('',(-38.16428571428,-10.87,13.02));
#1864 = CARTESIAN_POINT('',(-38.34285714285,-10.87,13.02));
#1865 = ORIENTED_EDGE('',*,*,#1866,.T.);
#1866 = EDGE_CURVE('',#1859,#1867,#1869,.T.);
#1867 = VERTEX_POINT('',#1868);
#1868 = CARTESIAN_POINT('',(-38.93571428571,-11.40571428571,13.02));
#1869 = B_SPLINE_CURVE_WITH_KNOTS('',2,(#1870,#1871,#1872),
  .UNSPECIFIED.,.F.,.F.,(3,3),(0.,1.),.PIECEWISE_BEZIER_KNOTS.);
#1870 = CARTESIAN_POINT('',(-38.34285714285,-10.87,13.02));
#1871 = CARTESIAN_POINT('',(-38.71428571428,-10.87,13.02));
#1872 = CARTESIAN_POINT('',(-38.93571428571,-11.40571428571,13.02));
#1873 = ORIENTED_EDGE('',*,*,#1874,.T.);
#1874 = EDGE_CURVE('',#1867,#1875,#1877,.T.);
#1875 = VERTEX_POINT('',#1876);
#1876 = CARTESIAN_POINT('',(-39.07142857142,-11.80571428571,13.02));
#1877 = B_SPLINE_CURVE_WITH_KNOTS('',2,(#1878,#1879,#1880),
  .UNSPECIFIED.,.F.,.F.,(3,3),(0.,1.),.PIECEWISE_BEZIER_KNOTS.);
#1878 = CARTESIAN_POINT('',(-38.93571428571,-11.40571428571,13.02));
#1879 = CARTESIAN_POINT('',(-38.98571428571,-11.53428571428,13.02));
#1880 = CARTESIAN_POINT('',(-39.07142857142,-11.80571428571,13.02));
#1881 = ORIENTED_EDGE('',*,*,#1882,.T.);
#1882 = EDGE_CURVE('',#1875,#1883,#1885,.T.);
#1883 = VERTEX_POINT('',#1884);
#1884 = CARTESIAN_POINT('',(-39.24285714285,-12.28428571428,13.02));
#1885 = B_SPLINE_CURVE_WITH_KNOTS('',2,(#1886,#1887,#1888),
  .UNSPECIFIED.,.F.,.F.,(3,3),(0.,1.),.PIECEWISE_BEZIER_KNOTS.);
#1886 = CARTESIAN_POINT('',(-39.07142857142,-11.80571428571,13.02));
#1887 = CARTESIAN_POINT('',(-39.17857142857,-12.14857142857,13.02));
#1888 = CARTESIAN_POINT('',(-39.24285714285,-12.28428571428,13.02));
#1889 = ORIENTED_EDGE('',*,*,#1890,.T.);
#1890 = EDGE_CURVE('',#1883,#1891,#1893,.T.);
#1891 = VERTEX_POINT('',#1892);
#1892 = CARTESIAN_POINT('',(-39.97142857142,-13.09142857142,13.02));
#1893 = B_SPLINE_CURVE_WITH_KNOTS('',2,(#1894,#1895,#1896),
  .UNSPECIFIED.,.F.,.F.,(3,3),(0.,1.),.PIECEWISE_BEZIER_KNOTS.);
#1894 = CARTESIAN_POINT('',(-39.24285714285,-12.28428571428,13.02));
#1895 = CARTESIAN_POINT('',(-39.55,-12.90571428571,13.02));
#1896 = CARTESIAN_POINT('',(-39.97142857142,-13.09142857142,13.02));
#1897 = ORIENTED_EDGE('',*,*,#1898,.T.);
#1898 = EDGE_CURVE('',#1891,#1899,#1901,.T.);
#1899 = VERTEX_POINT('',#1900);
#1900 = CARTESIAN_POINT('',(-40.52142857142,-13.19857142857,13.02));
#1901 = B_SPLINE_CURVE_WITH_KNOTS('',2,(#1902,#1903,#1904),
  .UNSPECIFIED.,.F.,.F.,(3,3),(0.,1.),.PIECEWISE_BEZIER_KNOTS.);
#1902 = CARTESIAN_POINT('',(-39.97142857142,-13.09142857142,13.02));
#1903 = CARTESIAN_POINT('',(-40.22142857142,-13.19857142857,13.02));
#1904 = CARTESIAN_POINT('',(-40.52142857142,-13.19857142857,13.02));
#1905 = ORIENTED_EDGE('',*,*,#1906,.T.);
#1906 = EDGE_CURVE('',#1899,#1907,#1909,.T.);
#1907 = VERTEX_POINT('',#1908);
#1908 = CARTESIAN_POINT('',(-41.61428571428,-12.71285714285,13.02));
#1909 = B_SPLINE_CURVE_WITH_KNOTS('',2,(#1910,#1911,#1912),
  .UNSPECIFIED.,.F.,.F.,(3,3),(0.,1.),.PIECEWISE_BEZIER_KNOTS.);
#1910 = CARTESIAN_POINT('',(-40.52142857142,-13.19857142857,13.02));
#1911 = CARTESIAN_POINT('',(-41.15,-13.19857142857,13.02));
#1912 = CARTESIAN_POINT('',(-41.61428571428,-12.71285714285,13.02));
#1913 = ORIENTED_EDGE('',*,*,#1914,.T.);
#1914 = EDGE_CURVE('',#1907,#1915,#1917,.T.);
#1915 = VERTEX_POINT('',#1916);
#1916 = CARTESIAN_POINT('',(-42.02142857142,-11.73428571428,13.02));
#1917 = B_SPLINE_CURVE_WITH_KNOTS('',2,(#1918,#1919,#1920),
  .UNSPECIFIED.,.F.,.F.,(3,3),(0.,1.),.PIECEWISE_BEZIER_KNOTS.);
#1918 = CARTESIAN_POINT('',(-41.61428571428,-12.71285714285,13.02));
#1919 = CARTESIAN_POINT('',(-42.02142857142,-12.27714285714,13.02));
#1920 = CARTESIAN_POINT('',(-42.02142857142,-11.73428571428,13.02));
#1921 = ORIENTED_EDGE('',*,*,#1922,.T.);
#1922 = EDGE_CURVE('',#1915,#1923,#1925,.T.);
#1923 = VERTEX_POINT('',#1924);
#1924 = CARTESIAN_POINT('',(-41.28571428571,-11.73428571428,13.02));
#1925 = LINE('',#1926,#1927);
#1926 = CARTESIAN_POINT('',(-42.02142857142,-11.73428571428,13.02));
#1927 = VECTOR('',#1928,1.);
#1928 = DIRECTION('',(1.,0.,0.));
#1929 = ORIENTED_EDGE('',*,*,#1930,.T.);
#1930 = EDGE_CURVE('',#1923,#1931,#1933,.T.);
#1931 = VERTEX_POINT('',#1932);
#1932 = CARTESIAN_POINT('',(-41.02857142857,-12.22,13.02));
#1933 = B_SPLINE_CURVE_WITH_KNOTS('',2,(#1934,#1935,#1936),
  .UNSPECIFIED.,.F.,.F.,(3,3),(0.,1.),.PIECEWISE_BEZIER_KNOTS.);
#1934 = CARTESIAN_POINT('',(-41.28571428571,-11.73428571428,13.02));
#1935 = CARTESIAN_POINT('',(-41.27142857142,-12.00571428571,13.02));
#1936 = CARTESIAN_POINT('',(-41.02857142857,-12.22,13.02));
#1937 = ORIENTED_EDGE('',*,*,#1938,.T.);
#1938 = EDGE_CURVE('',#1931,#1939,#1941,.T.);
#1939 = VERTEX_POINT('',#1940);
#1940 = CARTESIAN_POINT('',(-40.53571428571,-12.39857142857,13.02));
#1941 = B_SPLINE_CURVE_WITH_KNOTS('',2,(#1942,#1943,#1944),
  .UNSPECIFIED.,.F.,.F.,(3,3),(0.,1.),.PIECEWISE_BEZIER_KNOTS.);
#1942 = CARTESIAN_POINT('',(-41.02857142857,-12.22,13.02));
#1943 = CARTESIAN_POINT('',(-40.81428571428,-12.39857142857,13.02));
#1944 = CARTESIAN_POINT('',(-40.53571428571,-12.39857142857,13.02));
#1945 = ORIENTED_EDGE('',*,*,#1946,.T.);
#1946 = EDGE_CURVE('',#1939,#1947,#1949,.T.);
#1947 = VERTEX_POINT('',#1948);
#1948 = CARTESIAN_POINT('',(-39.87857142857,-11.79142857142,13.02));
#1949 = B_SPLINE_CURVE_WITH_KNOTS('',2,(#1950,#1951,#1952),
  .UNSPECIFIED.,.F.,.F.,(3,3),(0.,1.),.PIECEWISE_BEZIER_KNOTS.);
#1950 = CARTESIAN_POINT('',(-40.53571428571,-12.39857142857,13.02));
#1951 = CARTESIAN_POINT('',(-40.1,-12.39857142857,13.02));
#1952 = CARTESIAN_POINT('',(-39.87857142857,-11.79142857142,13.02));
#1953 = ORIENTED_EDGE('',*,*,#1954,.T.);
#1954 = EDGE_CURVE('',#1947,#1955,#1957,.T.);
#1955 = VERTEX_POINT('',#1956);
#1956 = CARTESIAN_POINT('',(-39.75,-11.39142857142,13.02));
#1957 = B_SPLINE_CURVE_WITH_KNOTS('',2,(#1958,#1959,#1960),
  .UNSPECIFIED.,.F.,.F.,(3,3),(0.,1.),.PIECEWISE_BEZIER_KNOTS.);
#1958 = CARTESIAN_POINT('',(-39.87857142857,-11.79142857142,13.02));
#1959 = CARTESIAN_POINT('',(-39.82857142857,-11.66285714285,13.02));
#1960 = CARTESIAN_POINT('',(-39.75,-11.39142857142,13.02));
#1961 = ORIENTED_EDGE('',*,*,#1962,.T.);
#1962 = EDGE_CURVE('',#1955,#1963,#1965,.T.);
#1963 = VERTEX_POINT('',#1964);
#1964 = CARTESIAN_POINT('',(-39.61428571428,-10.98428571428,13.02));
#1965 = B_SPLINE_CURVE_WITH_KNOTS('',2,(#1966,#1967,#1968),
  .UNSPECIFIED.,.F.,.F.,(3,3),(0.,1.),.PIECEWISE_BEZIER_KNOTS.);
#1966 = CARTESIAN_POINT('',(-39.75,-11.39142857142,13.02));
#1967 = CARTESIAN_POINT('',(-39.66428571428,-11.09142857142,13.02));
#1968 = CARTESIAN_POINT('',(-39.61428571428,-10.98428571428,13.02));
#1969 = ORIENTED_EDGE('',*,*,#1970,.T.);
#1970 = EDGE_CURVE('',#1963,#1817,#1971,.T.);
#1971 = B_SPLINE_CURVE_WITH_KNOTS('',2,(#1972,#1973,#1974),
  .UNSPECIFIED.,.F.,.F.,(3,3),(0.,1.),.PIECEWISE_BEZIER_KNOTS.);
#1972 = CARTESIAN_POINT('',(-39.61428571428,-10.98428571428,13.02));
#1973 = CARTESIAN_POINT('',(-39.35,-10.38428571428,13.02));
#1974 = CARTESIAN_POINT('',(-38.93571428571,-10.21285714285,13.02));
#1975 = FACE_BOUND('',#1976,.T.);
#1976 = EDGE_LOOP('',(#1977,#1987,#1995,#2003,#2011,#2019));
#1977 = ORIENTED_EDGE('',*,*,#1978,.T.);
#1978 = EDGE_CURVE('',#1979,#1981,#1983,.T.);
#1979 = VERTEX_POINT('',#1980);
#1980 = CARTESIAN_POINT('',(-41.49285714285,-10.32,13.02));
#1981 = VERTEX_POINT('',#1982);
#1982 = CARTESIAN_POINT('',(-40.87142857142,-10.04857142857,13.02));
#1983 = B_SPLINE_CURVE_WITH_KNOTS('',2,(#1984,#1985,#1986),
  .UNSPECIFIED.,.F.,.F.,(3,3),(0.,1.),.PIECEWISE_BEZIER_KNOTS.);
#1984 = CARTESIAN_POINT('',(-41.49285714285,-10.32,13.02));
#1985 = CARTESIAN_POINT('',(-41.15714285714,-10.05571428571,13.02));
#1986 = CARTESIAN_POINT('',(-40.87142857142,-10.04857142857,13.02));
#1987 = ORIENTED_EDGE('',*,*,#1988,.T.);
#1988 = EDGE_CURVE('',#1981,#1989,#1991,.T.);
#1989 = VERTEX_POINT('',#1990);
#1990 = CARTESIAN_POINT('',(-40.61428571428,-10.77,13.02));
#1991 = LINE('',#1992,#1993);
#1992 = CARTESIAN_POINT('',(-40.87142857142,-10.04857142857,13.02));
#1993 = VECTOR('',#1994,1.);
#1994 = DIRECTION('',(0.335745526718,-0.941952727736,0.));
#1995 = ORIENTED_EDGE('',*,*,#1996,.T.);
#1996 = EDGE_CURVE('',#1989,#1997,#1999,.T.);
#1997 = VERTEX_POINT('',#1998);
#1998 = CARTESIAN_POINT('',(-41.25714285714,-11.27714285714,13.02));
#1999 = B_SPLINE_CURVE_WITH_KNOTS('',2,(#2000,#2001,#2002),
  .UNSPECIFIED.,.F.,.F.,(3,3),(0.,1.),.PIECEWISE_BEZIER_KNOTS.);
#2000 = CARTESIAN_POINT('',(-40.61428571428,-10.77,13.02));
#2001 = CARTESIAN_POINT('',(-41.07857142857,-10.81285714285,13.02));
#2002 = CARTESIAN_POINT('',(-41.25714285714,-11.27714285714,13.02));
#2003 = ORIENTED_EDGE('',*,*,#2004,.T.);
#2004 = EDGE_CURVE('',#1997,#2005,#2007,.T.);
#2005 = VERTEX_POINT('',#2006);
#2006 = CARTESIAN_POINT('',(-41.28571428571,-11.36285714285,13.02));
#2007 = B_SPLINE_CURVE_WITH_KNOTS('',2,(#2008,#2009,#2010),
  .UNSPECIFIED.,.F.,.F.,(3,3),(0.,1.),.PIECEWISE_BEZIER_KNOTS.);
#2008 = CARTESIAN_POINT('',(-41.25714285714,-11.27714285714,13.02));
#2009 = CARTESIAN_POINT('',(-41.28571428571,-11.36285714285,13.02));
#2010 = CARTESIAN_POINT('',(-41.28571428571,-11.36285714285,13.02));
#2011 = ORIENTED_EDGE('',*,*,#2012,.T.);
#2012 = EDGE_CURVE('',#2005,#2013,#2015,.T.);
#2013 = VERTEX_POINT('',#2014);
#2014 = CARTESIAN_POINT('',(-42.02142857142,-11.36285714285,13.02));
#2015 = LINE('',#2016,#2017);
#2016 = CARTESIAN_POINT('',(-41.28571428571,-11.36285714285,13.02));
#2017 = VECTOR('',#2018,1.);
#2018 = DIRECTION('',(-1.,0.,0.));
#2019 = ORIENTED_EDGE('',*,*,#2020,.T.);
#2020 = EDGE_CURVE('',#2013,#1979,#2021,.T.);
#2021 = B_SPLINE_CURVE_WITH_KNOTS('',2,(#2022,#2023,#2024),
  .UNSPECIFIED.,.F.,.F.,(3,3),(0.,1.),.PIECEWISE_BEZIER_KNOTS.);
#2022 = CARTESIAN_POINT('',(-42.02142857142,-11.36285714285,13.02));
#2023 = CARTESIAN_POINT('',(-42.02142857142,-10.74857142857,13.02));
#2024 = CARTESIAN_POINT('',(-41.49285714285,-10.32,13.02));
#2025 = FACE_BOUND('',#2026,.T.);
#2026 = EDGE_LOOP('',(#2027,#2037,#2045,#2053,#2061,#2069,#2077,#2085));
#2027 = ORIENTED_EDGE('',*,*,#2028,.T.);
#2028 = EDGE_CURVE('',#2029,#2031,#2033,.T.);
#2029 = VERTEX_POINT('',#2030);
#2030 = CARTESIAN_POINT('',(-41.82857142857,-8.918095238095,13.02));
#2031 = VERTEX_POINT('',#2032);
#2032 = CARTESIAN_POINT('',(-42.03571428571,-8.225238095238,13.02));
#2033 = B_SPLINE_CURVE_WITH_KNOTS('',2,(#2034,#2035,#2036),
  .UNSPECIFIED.,.F.,.F.,(3,3),(0.,1.),.PIECEWISE_BEZIER_KNOTS.);
#2034 = CARTESIAN_POINT('',(-41.82857142857,-8.918095238095,13.02));
#2035 = CARTESIAN_POINT('',(-42.03571428571,-8.55380952381,13.02));
#2036 = CARTESIAN_POINT('',(-42.03571428571,-8.225238095238,13.02));
#2037 = ORIENTED_EDGE('',*,*,#2038,.T.);
#2038 = EDGE_CURVE('',#2031,#2039,#2041,.T.);
#2039 = VERTEX_POINT('',#2040);
#2040 = CARTESIAN_POINT('',(-41.23571428571,-8.225238095238,13.02));
#2041 = LINE('',#2042,#2043);
#2042 = CARTESIAN_POINT('',(-42.03571428571,-8.225238095238,13.02));
#2043 = VECTOR('',#2044,1.);
#2044 = DIRECTION('',(1.,0.,0.));
#2045 = ORIENTED_EDGE('',*,*,#2046,.T.);
#2046 = EDGE_CURVE('',#2039,#2047,#2049,.T.);
#2047 = VERTEX_POINT('',#2048);
#2048 = CARTESIAN_POINT('',(-41.07857142857,-8.610952380952,13.02));
#2049 = B_SPLINE_CURVE_WITH_KNOTS('',2,(#2050,#2051,#2052),
  .UNSPECIFIED.,.F.,.F.,(3,3),(0.,1.),.PIECEWISE_BEZIER_KNOTS.);
#2050 = CARTESIAN_POINT('',(-41.23571428571,-8.225238095238,13.02));
#2051 = CARTESIAN_POINT('',(-41.23571428571,-8.410952380952,13.02));
#2052 = CARTESIAN_POINT('',(-41.07857142857,-8.610952380952,13.02));
#2053 = ORIENTED_EDGE('',*,*,#2054,.T.);
#2054 = EDGE_CURVE('',#2047,#2055,#2057,.T.);
#2055 = VERTEX_POINT('',#2056);
#2056 = CARTESIAN_POINT('',(-40.62142857142,-8.839523809524,13.02));
#2057 = B_SPLINE_CURVE_WITH_KNOTS('',2,(#2058,#2059,#2060),
  .UNSPECIFIED.,.F.,.F.,(3,3),(0.,1.),.PIECEWISE_BEZIER_KNOTS.);
#2058 = CARTESIAN_POINT('',(-41.07857142857,-8.610952380952,13.02));
#2059 = CARTESIAN_POINT('',(-40.89285714285,-8.832380952381,13.02));
#2060 = CARTESIAN_POINT('',(-40.62142857142,-8.839523809524,13.02));
#2061 = ORIENTED_EDGE('',*,*,#2062,.T.);
#2062 = EDGE_CURVE('',#2055,#2063,#2065,.T.);
#2063 = VERTEX_POINT('',#2064);
#2064 = CARTESIAN_POINT('',(-37.,-8.839523809524,13.02));
#2065 = LINE('',#2066,#2067);
#2066 = CARTESIAN_POINT('',(-40.62142857142,-8.839523809524,13.02));
#2067 = VECTOR('',#2068,1.);
#2068 = DIRECTION('',(1.,0.,0.));
#2069 = ORIENTED_EDGE('',*,*,#2070,.T.);
#2070 = EDGE_CURVE('',#2063,#2071,#2073,.T.);
#2071 = VERTEX_POINT('',#2072);
#2072 = CARTESIAN_POINT('',(-37.,-9.632380952381,13.02));
#2073 = LINE('',#2074,#2075);
#2074 = CARTESIAN_POINT('',(-37.,-8.839523809524,13.02));
#2075 = VECTOR('',#2076,1.);
#2076 = DIRECTION('',(0.,-1.,0.));
#2077 = ORIENTED_EDGE('',*,*,#2078,.T.);
#2078 = EDGE_CURVE('',#2071,#2079,#2081,.T.);
#2079 = VERTEX_POINT('',#2080);
#2080 = CARTESIAN_POINT('',(-40.62142857142,-9.632380952381,13.02));
#2081 = LINE('',#2082,#2083);
#2082 = CARTESIAN_POINT('',(-37.,-9.632380952381,13.02));
#2083 = VECTOR('',#2084,1.);
#2084 = DIRECTION('',(-1.,0.,0.));
#2085 = ORIENTED_EDGE('',*,*,#2086,.T.);
#2086 = EDGE_CURVE('',#2079,#2029,#2087,.T.);
#2087 = B_SPLINE_CURVE_WITH_KNOTS('',2,(#2088,#2089,#2090),
  .UNSPECIFIED.,.F.,.F.,(3,3),(0.,1.),.PIECEWISE_BEZIER_KNOTS.);
#2088 = CARTESIAN_POINT('',(-40.62142857142,-9.632380952381,13.02));
#2089 = CARTESIAN_POINT('',(-41.42857142857,-9.632380952381,13.02));
#2090 = CARTESIAN_POINT('',(-41.82857142857,-8.918095238095,13.02));
#2091 = FACE_BOUND('',#2092,.T.);
#2092 = EDGE_LOOP('',(#2093,#2103,#2111,#2119,#2127,#2135,#2143,#2151));
#2093 = ORIENTED_EDGE('',*,*,#2094,.T.);
#2094 = EDGE_CURVE('',#2095,#2097,#2099,.T.);
#2095 = VERTEX_POINT('',#2096);
#2096 = CARTESIAN_POINT('',(-41.75,-7.032380952381,13.02));
#2097 = VERTEX_POINT('',#2098);
#2098 = CARTESIAN_POINT('',(-40.62142857142,-6.439523809524,13.02));
#2099 = B_SPLINE_CURVE_WITH_KNOTS('',2,(#2100,#2101,#2102),
  .UNSPECIFIED.,.F.,.F.,(3,3),(0.,1.),.PIECEWISE_BEZIER_KNOTS.);
#2100 = CARTESIAN_POINT('',(-41.75,-7.032380952381,13.02));
#2101 = CARTESIAN_POINT('',(-41.32857142857,-6.446666666667,13.02));
#2102 = CARTESIAN_POINT('',(-40.62142857142,-6.439523809524,13.02));
#2103 = ORIENTED_EDGE('',*,*,#2104,.T.);
#2104 = EDGE_CURVE('',#2097,#2105,#2107,.T.);
#2105 = VERTEX_POINT('',#2106);
#2106 = CARTESIAN_POINT('',(-37.,-6.439523809524,13.02));
#2107 = LINE('',#2108,#2109);
#2108 = CARTESIAN_POINT('',(-40.62142857142,-6.439523809524,13.02));
#2109 = VECTOR('',#2110,1.);
#2110 = DIRECTION('',(1.,0.,0.));
#2111 = ORIENTED_EDGE('',*,*,#2112,.T.);
#2112 = EDGE_CURVE('',#2105,#2113,#2115,.T.);
#2113 = VERTEX_POINT('',#2114);
#2114 = CARTESIAN_POINT('',(-37.,-7.239523809524,13.02));
#2115 = LINE('',#2116,#2117);
#2116 = CARTESIAN_POINT('',(-37.,-6.439523809524,13.02));
#2117 = VECTOR('',#2118,1.);
#2118 = DIRECTION('',(0.,-1.,0.));
#2119 = ORIENTED_EDGE('',*,*,#2120,.T.);
#2120 = EDGE_CURVE('',#2113,#2121,#2123,.T.);
#2121 = VERTEX_POINT('',#2122);
#2122 = CARTESIAN_POINT('',(-40.62142857142,-7.239523809524,13.02));
#2123 = LINE('',#2124,#2125);
#2124 = CARTESIAN_POINT('',(-37.,-7.239523809524,13.02));
#2125 = VECTOR('',#2126,1.);
#2126 = DIRECTION('',(-1.,0.,0.));
#2127 = ORIENTED_EDGE('',*,*,#2128,.T.);
#2128 = EDGE_CURVE('',#2121,#2129,#2131,.T.);
#2129 = VERTEX_POINT('',#2130);
#2130 = CARTESIAN_POINT('',(-41.19285714285,-7.675238095238,13.02));
#2131 = B_SPLINE_CURVE_WITH_KNOTS('',2,(#2132,#2133,#2134),
  .UNSPECIFIED.,.F.,.F.,(3,3),(0.,1.),.PIECEWISE_BEZIER_KNOTS.);
#2132 = CARTESIAN_POINT('',(-40.62142857142,-7.239523809524,13.02));
#2133 = CARTESIAN_POINT('',(-41.02142857142,-7.246666666667,13.02));
#2134 = CARTESIAN_POINT('',(-41.19285714285,-7.675238095238,13.02));
#2135 = ORIENTED_EDGE('',*,*,#2136,.T.);
#2136 = EDGE_CURVE('',#2129,#2137,#2139,.T.);
#2137 = VERTEX_POINT('',#2138);
#2138 = CARTESIAN_POINT('',(-41.23571428571,-7.85380952381,13.02));
#2139 = B_SPLINE_CURVE_WITH_KNOTS('',2,(#2140,#2141,#2142),
  .UNSPECIFIED.,.F.,.F.,(3,3),(0.,1.),.PIECEWISE_BEZIER_KNOTS.);
#2140 = CARTESIAN_POINT('',(-41.19285714285,-7.675238095238,13.02));
#2141 = CARTESIAN_POINT('',(-41.23571428571,-7.782380952381,13.02));
#2142 = CARTESIAN_POINT('',(-41.23571428571,-7.85380952381,13.02));
#2143 = ORIENTED_EDGE('',*,*,#2144,.T.);
#2144 = EDGE_CURVE('',#2137,#2145,#2147,.T.);
#2145 = VERTEX_POINT('',#2146);
#2146 = CARTESIAN_POINT('',(-42.03571428571,-7.85380952381,13.02));
#2147 = LINE('',#2148,#2149);
#2148 = CARTESIAN_POINT('',(-41.23571428571,-7.85380952381,13.02));
#2149 = VECTOR('',#2150,1.);
#2150 = DIRECTION('',(-1.,0.,0.));
#2151 = ORIENTED_EDGE('',*,*,#2152,.T.);
#2152 = EDGE_CURVE('',#2145,#2095,#2153,.T.);
#2153 = B_SPLINE_CURVE_WITH_KNOTS('',2,(#2154,#2155,#2156),
  .UNSPECIFIED.,.F.,.F.,(3,3),(0.,1.),.PIECEWISE_BEZIER_KNOTS.);
#2154 = CARTESIAN_POINT('',(-42.03571428571,-7.85380952381,13.02));
#2155 = CARTESIAN_POINT('',(-42.03571428571,-7.446666666667,13.02));
#2156 = CARTESIAN_POINT('',(-41.75,-7.032380952381,13.02));
#2157 = FACE_BOUND('',#2158,.T.);
#2158 = EDGE_LOOP('',(#2159,#2169,#2177,#2185,#2193,#2201,#2209,#2217,
    #2225,#2233,#2241,#2249));
#2159 = ORIENTED_EDGE('',*,*,#2160,.T.);
#2160 = EDGE_CURVE('',#2161,#2163,#2165,.T.);
#2161 = VERTEX_POINT('',#2162);
#2162 = CARTESIAN_POINT('',(-41.89285714285,-4.98619047619,13.02));
#2163 = VERTEX_POINT('',#2164);
#2164 = CARTESIAN_POINT('',(-42.,-4.293333333333,13.02));
#2165 = B_SPLINE_CURVE_WITH_KNOTS('',2,(#2166,#2167,#2168),
  .UNSPECIFIED.,.F.,.F.,(3,3),(0.,1.),.PIECEWISE_BEZIER_KNOTS.);
#2166 = CARTESIAN_POINT('',(-41.89285714285,-4.98619047619,13.02));
#2167 = CARTESIAN_POINT('',(-42.,-4.664761904762,13.02));
#2168 = CARTESIAN_POINT('',(-42.,-4.293333333333,13.02));
#2169 = ORIENTED_EDGE('',*,*,#2170,.T.);
#2170 = EDGE_CURVE('',#2163,#2171,#2173,.T.);
#2171 = VERTEX_POINT('',#2172);
#2172 = CARTESIAN_POINT('',(-41.20714285714,-4.293333333333,13.02));
#2173 = LINE('',#2174,#2175);
#2174 = CARTESIAN_POINT('',(-42.,-4.293333333333,13.02));
#2175 = VECTOR('',#2176,1.);
#2176 = DIRECTION('',(1.,0.,0.));
#2177 = ORIENTED_EDGE('',*,*,#2178,.T.);
#2178 = EDGE_CURVE('',#2171,#2179,#2181,.T.);
#2179 = VERTEX_POINT('',#2180);
#2180 = CARTESIAN_POINT('',(-40.60714285714,-5.129047619048,13.02));
#2181 = B_SPLINE_CURVE_WITH_KNOTS('',2,(#2182,#2183,#2184),
  .UNSPECIFIED.,.F.,.F.,(3,3),(0.,1.),.PIECEWISE_BEZIER_KNOTS.);
#2182 = CARTESIAN_POINT('',(-41.20714285714,-4.293333333333,13.02));
#2183 = CARTESIAN_POINT('',(-41.20714285714,-5.114761904762,13.02));
#2184 = CARTESIAN_POINT('',(-40.60714285714,-5.129047619048,13.02));
#2185 = ORIENTED_EDGE('',*,*,#2186,.T.);
#2186 = EDGE_CURVE('',#2179,#2187,#2189,.T.);
#2187 = VERTEX_POINT('',#2188);
#2188 = CARTESIAN_POINT('',(-40.59285714285,-5.129047619048,13.02));
#2189 = B_SPLINE_CURVE_WITH_KNOTS('',2,(#2190,#2191,#2192),
  .UNSPECIFIED.,.F.,.F.,(3,3),(0.,1.),.PIECEWISE_BEZIER_KNOTS.);
#2190 = CARTESIAN_POINT('',(-40.60714285714,-5.129047619048,13.02));
#2191 = CARTESIAN_POINT('',(-40.6,-5.129047619048,13.02));
#2192 = CARTESIAN_POINT('',(-40.59285714285,-5.129047619048,13.02));
#2193 = ORIENTED_EDGE('',*,*,#2194,.T.);
#2194 = EDGE_CURVE('',#2187,#2195,#2197,.T.);
#2195 = VERTEX_POINT('',#2196);
#2196 = CARTESIAN_POINT('',(-38.40714285714,-5.129047619048,13.02));
#2197 = LINE('',#2198,#2199);
#2198 = CARTESIAN_POINT('',(-40.59285714285,-5.129047619048,13.02));
#2199 = VECTOR('',#2200,1.);
#2200 = DIRECTION('',(1.,0.,0.));
#2201 = ORIENTED_EDGE('',*,*,#2202,.T.);
#2202 = EDGE_CURVE('',#2195,#2203,#2205,.T.);
#2203 = VERTEX_POINT('',#2204);
#2204 = CARTESIAN_POINT('',(-37.84285714285,-4.650476190476,13.02));
#2205 = B_SPLINE_CURVE_WITH_KNOTS('',2,(#2206,#2207,#2208),
  .UNSPECIFIED.,.F.,.F.,(3,3),(0.,1.),.PIECEWISE_BEZIER_KNOTS.);
#2206 = CARTESIAN_POINT('',(-38.40714285714,-5.129047619048,13.02));
#2207 = CARTESIAN_POINT('',(-37.97857142857,-5.129047619048,13.02));
#2208 = CARTESIAN_POINT('',(-37.84285714285,-4.650476190476,13.02));
#2209 = ORIENTED_EDGE('',*,*,#2210,.T.);
#2210 = EDGE_CURVE('',#2203,#2211,#2213,.T.);
#2211 = VERTEX_POINT('',#2212);
#2212 = CARTESIAN_POINT('',(-37.79285714285,-4.293333333333,13.02));
#2213 = B_SPLINE_CURVE_WITH_KNOTS('',2,(#2214,#2215,#2216),
  .UNSPECIFIED.,.F.,.F.,(3,3),(0.,1.),.PIECEWISE_BEZIER_KNOTS.);
#2214 = CARTESIAN_POINT('',(-37.84285714285,-4.650476190476,13.02));
#2215 = CARTESIAN_POINT('',(-37.79285714285,-4.48619047619,13.02));
#2216 = CARTESIAN_POINT('',(-37.79285714285,-4.293333333333,13.02));
#2217 = ORIENTED_EDGE('',*,*,#2218,.T.);
#2218 = EDGE_CURVE('',#2211,#2219,#2221,.T.);
#2219 = VERTEX_POINT('',#2220);
#2220 = CARTESIAN_POINT('',(-37.,-4.293333333333,13.02));
#2221 = LINE('',#2222,#2223);
#2222 = CARTESIAN_POINT('',(-37.79285714285,-4.293333333333,13.02));
#2223 = VECTOR('',#2224,1.);
#2224 = DIRECTION('',(1.,0.,0.));
#2225 = ORIENTED_EDGE('',*,*,#2226,.T.);
#2226 = EDGE_CURVE('',#2219,#2227,#2229,.T.);
#2227 = VERTEX_POINT('',#2228);
#2228 = CARTESIAN_POINT('',(-37.6,-5.657619047619,13.02));
#2229 = B_SPLINE_CURVE_WITH_KNOTS('',2,(#2230,#2231,#2232),
  .UNSPECIFIED.,.F.,.F.,(3,3),(0.,1.),.PIECEWISE_BEZIER_KNOTS.);
#2230 = CARTESIAN_POINT('',(-37.,-4.293333333333,13.02));
#2231 = CARTESIAN_POINT('',(-37.,-5.207619047619,13.02));
#2232 = CARTESIAN_POINT('',(-37.6,-5.657619047619,13.02));
#2233 = ORIENTED_EDGE('',*,*,#2234,.T.);
#2234 = EDGE_CURVE('',#2227,#2235,#2237,.T.);
#2235 = VERTEX_POINT('',#2236);
#2236 = CARTESIAN_POINT('',(-38.40714285714,-5.921904761905,13.02));
#2237 = B_SPLINE_CURVE_WITH_KNOTS('',2,(#2238,#2239,#2240),
  .UNSPECIFIED.,.F.,.F.,(3,3),(0.,1.),.PIECEWISE_BEZIER_KNOTS.);
#2238 = CARTESIAN_POINT('',(-37.6,-5.657619047619,13.02));
#2239 = CARTESIAN_POINT('',(-37.95714285714,-5.921904761905,13.02));
#2240 = CARTESIAN_POINT('',(-38.40714285714,-5.921904761905,13.02));
#2241 = ORIENTED_EDGE('',*,*,#2242,.T.);
#2242 = EDGE_CURVE('',#2235,#2243,#2245,.T.);
#2243 = VERTEX_POINT('',#2244);
#2244 = CARTESIAN_POINT('',(-40.59285714285,-5.921904761905,13.02));
#2245 = LINE('',#2246,#2247);
#2246 = CARTESIAN_POINT('',(-38.40714285714,-5.921904761905,13.02));
#2247 = VECTOR('',#2248,1.);
#2248 = DIRECTION('',(-1.,0.,0.));
#2249 = ORIENTED_EDGE('',*,*,#2250,.T.);
#2250 = EDGE_CURVE('',#2243,#2161,#2251,.T.);
#2251 = B_SPLINE_CURVE_WITH_KNOTS('',2,(#2252,#2253,#2254),
  .UNSPECIFIED.,.F.,.F.,(3,3),(0.,1.),.PIECEWISE_BEZIER_KNOTS.);
#2252 = CARTESIAN_POINT('',(-40.59285714285,-5.921904761905,13.02));
#2253 = CARTESIAN_POINT('',(-41.58571428571,-5.921904761905,13.02));
#2254 = CARTESIAN_POINT('',(-41.89285714285,-4.98619047619,13.02));
#2255 = FACE_BOUND('',#2256,.T.);
#2256 = EDGE_LOOP('',(#2257,#2267,#2275,#2283));
#2257 = ORIENTED_EDGE('',*,*,#2258,.T.);
#2258 = EDGE_CURVE('',#2259,#2261,#2263,.T.);
#2259 = VERTEX_POINT('',#2260);
#2260 = CARTESIAN_POINT('',(-42.,-3.921904761905,13.02));
#2261 = VERTEX_POINT('',#2262);
#2262 = CARTESIAN_POINT('',(-42.,-3.121904761905,13.02));
#2263 = LINE('',#2264,#2265);
#2264 = CARTESIAN_POINT('',(-42.,-3.921904761905,13.02));
#2265 = VECTOR('',#2266,1.);
#2266 = DIRECTION('',(0.,1.,0.));
#2267 = ORIENTED_EDGE('',*,*,#2268,.T.);
#2268 = EDGE_CURVE('',#2261,#2269,#2271,.T.);
#2269 = VERTEX_POINT('',#2270);
#2270 = CARTESIAN_POINT('',(-37.,-3.121904761905,13.02));
#2271 = LINE('',#2272,#2273);
#2272 = CARTESIAN_POINT('',(-42.,-3.121904761905,13.02));
#2273 = VECTOR('',#2274,1.);
#2274 = DIRECTION('',(1.,0.,0.));
#2275 = ORIENTED_EDGE('',*,*,#2276,.T.);
#2276 = EDGE_CURVE('',#2269,#2277,#2279,.T.);
#2277 = VERTEX_POINT('',#2278);
#2278 = CARTESIAN_POINT('',(-37.,-3.921904761905,13.02));
#2279 = LINE('',#2280,#2281);
#2280 = CARTESIAN_POINT('',(-37.,-3.121904761905,13.02));
#2281 = VECTOR('',#2282,1.);
#2282 = DIRECTION('',(0.,-1.,0.));
#2283 = ORIENTED_EDGE('',*,*,#2284,.T.);
#2284 = EDGE_CURVE('',#2277,#2259,#2285,.T.);
#2285 = LINE('',#2286,#2287);
#2286 = CARTESIAN_POINT('',(-37.,-3.921904761905,13.02));
#2287 = VECTOR('',#2288,1.);
#2288 = DIRECTION('',(-1.,0.,0.));
#2289 = FACE_BOUND('',#2290,.T.);
#2290 = EDGE_LOOP('',(#2291,#2301,#2309,#2317,#2325));
#2291 = ORIENTED_EDGE('',*,*,#2292,.T.);
#2292 = EDGE_CURVE('',#2293,#2295,#2297,.T.);
#2293 = VERTEX_POINT('',#2294);
#2294 = CARTESIAN_POINT('',(-40.27857142857,-2.471428571429,13.02));
#2295 = VERTEX_POINT('',#2296);
#2296 = CARTESIAN_POINT('',(-39.08571428571,-1.728571428571,13.02));
#2297 = LINE('',#2298,#2299);
#2298 = CARTESIAN_POINT('',(-40.27857142857,-2.471428571429,13.02));
#2299 = VECTOR('',#2300,1.);
#2300 = DIRECTION('',(0.848853874434,0.528627562522,0.));
#2301 = ORIENTED_EDGE('',*,*,#2302,.T.);
#2302 = EDGE_CURVE('',#2295,#2303,#2305,.T.);
#2303 = VERTEX_POINT('',#2304);
#2304 = CARTESIAN_POINT('',(-37.,-1.728571428571,13.02));
#2305 = LINE('',#2306,#2307);
#2306 = CARTESIAN_POINT('',(-39.08571428571,-1.728571428571,13.02));
#2307 = VECTOR('',#2308,1.);
#2308 = DIRECTION('',(1.,0.,0.));
#2309 = ORIENTED_EDGE('',*,*,#2310,.T.);
#2310 = EDGE_CURVE('',#2303,#2311,#2313,.T.);
#2311 = VERTEX_POINT('',#2312);
#2312 = CARTESIAN_POINT('',(-37.,-2.528571428571,13.02));
#2313 = LINE('',#2314,#2315);
#2314 = CARTESIAN_POINT('',(-37.,-1.728571428571,13.02));
#2315 = VECTOR('',#2316,1.);
#2316 = DIRECTION('',(0.,-1.,0.));
#2317 = ORIENTED_EDGE('',*,*,#2318,.T.);
#2318 = EDGE_CURVE('',#2311,#2319,#2321,.T.);
#2319 = VERTEX_POINT('',#2320);
#2320 = CARTESIAN_POINT('',(-40.27857142857,-2.528571428571,13.02));
#2321 = LINE('',#2322,#2323);
#2322 = CARTESIAN_POINT('',(-37.,-2.528571428571,13.02));
#2323 = VECTOR('',#2324,1.);
#2324 = DIRECTION('',(-1.,0.,0.));
#2325 = ORIENTED_EDGE('',*,*,#2326,.T.);
#2326 = EDGE_CURVE('',#2319,#2293,#2327,.T.);
#2327 = LINE('',#2328,#2329);
#2328 = CARTESIAN_POINT('',(-40.27857142857,-2.528571428571,13.02));
#2329 = VECTOR('',#2330,1.);
#2330 = DIRECTION('',(0.,1.,0.));
#2331 = FACE_BOUND('',#2332,.T.);
#2332 = EDGE_LOOP('',(#2333,#2343,#2351,#2359,#2367,#2375));
#2333 = ORIENTED_EDGE('',*,*,#2334,.T.);
#2334 = EDGE_CURVE('',#2335,#2337,#2339,.T.);
#2335 = VERTEX_POINT('',#2336);
#2336 = CARTESIAN_POINT('',(-42.,-2.142857142857,13.02));
#2337 = VERTEX_POINT('',#2338);
#2338 = CARTESIAN_POINT('',(-37.51428571428,0.65,13.02));
#2339 = LINE('',#2340,#2341);
#2340 = CARTESIAN_POINT('',(-42.,-2.142857142857,13.02));
#2341 = VECTOR('',#2342,1.);
#2342 = DIRECTION('',(0.848908352634,0.528540073057,0.));
#2343 = ORIENTED_EDGE('',*,*,#2344,.T.);
#2344 = EDGE_CURVE('',#2337,#2345,#2347,.T.);
#2345 = VERTEX_POINT('',#2346);
#2346 = CARTESIAN_POINT('',(-37.,0.65,13.02));
#2347 = LINE('',#2348,#2349);
#2348 = CARTESIAN_POINT('',(-37.51428571428,0.65,13.02));
#2349 = VECTOR('',#2350,1.);
#2350 = DIRECTION('',(1.,0.,0.));
#2351 = ORIENTED_EDGE('',*,*,#2352,.T.);
#2352 = EDGE_CURVE('',#2345,#2353,#2355,.T.);
#2353 = VERTEX_POINT('',#2354);
#2354 = CARTESIAN_POINT('',(-37.,-1.428571428571E-02,13.02));
#2355 = LINE('',#2356,#2357);
#2356 = CARTESIAN_POINT('',(-37.,0.65,13.02));
#2357 = VECTOR('',#2358,1.);
#2358 = DIRECTION('',(0.,-1.,0.));
#2359 = ORIENTED_EDGE('',*,*,#2360,.T.);
#2360 = EDGE_CURVE('',#2353,#2361,#2363,.T.);
#2361 = VERTEX_POINT('',#2362);
#2362 = CARTESIAN_POINT('',(-41.03571428571,-2.528571428571,13.02));
#2363 = LINE('',#2364,#2365);
#2364 = CARTESIAN_POINT('',(-37.,-1.428571428571E-02,13.02));
#2365 = VECTOR('',#2366,1.);
#2366 = DIRECTION('',(-0.848756985023,-0.528783112793,0.));
#2367 = ORIENTED_EDGE('',*,*,#2368,.T.);
#2368 = EDGE_CURVE('',#2361,#2369,#2371,.T.);
#2369 = VERTEX_POINT('',#2370);
#2370 = CARTESIAN_POINT('',(-42.,-2.528571428571,13.02));
#2371 = LINE('',#2372,#2373);
#2372 = CARTESIAN_POINT('',(-41.03571428571,-2.528571428571,13.02));
#2373 = VECTOR('',#2374,1.);
#2374 = DIRECTION('',(-1.,0.,0.));
#2375 = ORIENTED_EDGE('',*,*,#2376,.T.);
#2376 = EDGE_CURVE('',#2369,#2335,#2377,.T.);
#2377 = LINE('',#2378,#2379);
#2378 = CARTESIAN_POINT('',(-42.,-2.528571428571,13.02));
#2379 = VECTOR('',#2380,1.);
#2380 = DIRECTION('',(0.,1.,0.));
#2381 = FACE_BOUND('',#2382,.T.);
#2382 = EDGE_LOOP('',(#2383,#2393,#2401,#2409));
#2383 = ORIENTED_EDGE('',*,*,#2384,.F.);
#2384 = EDGE_CURVE('',#2385,#2387,#2389,.T.);
#2385 = VERTEX_POINT('',#2386);
#2386 = CARTESIAN_POINT('',(-33.5,25.32,13.02));
#2387 = VERTEX_POINT('',#2388);
#2388 = CARTESIAN_POINT('',(-33.5,-25.1,13.02));
#2389 = LINE('',#2390,#2391);
#2390 = CARTESIAN_POINT('',(-33.5,25.32,13.02));
#2391 = VECTOR('',#2392,1.);
#2392 = DIRECTION('',(0.,-1.,0.));
#2393 = ORIENTED_EDGE('',*,*,#2394,.F.);
#2394 = EDGE_CURVE('',#2395,#2385,#2397,.T.);
#2395 = VERTEX_POINT('',#2396);
#2396 = CARTESIAN_POINT('',(36.7,25.32,13.02));
#2397 = LINE('',#2398,#2399);
#2398 = CARTESIAN_POINT('',(36.7,25.32,13.02));
#2399 = VECTOR('',#2400,1.);
#2400 = DIRECTION('',(-1.,0.,0.));
#2401 = ORIENTED_EDGE('',*,*,#2402,.F.);
#2402 = EDGE_CURVE('',#2403,#2395,#2405,.T.);
#2403 = VERTEX_POINT('',#2404);
#2404 = CARTESIAN_POINT('',(36.7,-25.1,13.02));
#2405 = LINE('',#2406,#2407);
#2406 = CARTESIAN_POINT('',(36.7,-25.1,13.02));
#2407 = VECTOR('',#2408,1.);
#2408 = DIRECTION('',(0.,1.,0.));
#2409 = ORIENTED_EDGE('',*,*,#2410,.F.);
#2410 = EDGE_CURVE('',#2387,#2403,#2411,.T.);
#2411 = LINE('',#2412,#2413);
#2412 = CARTESIAN_POINT('',(-33.5,-25.1,13.02));
#2413 = VECTOR('',#2414,1.);
#2414 = DIRECTION('',(1.,0.,0.));
#2415 = FACE_BOUND('',#2416,.T.);
#2416 = EDGE_LOOP('',(#2417,#2427,#2435,#2443,#2451));
#2417 = ORIENTED_EDGE('',*,*,#2418,.T.);
#2418 = EDGE_CURVE('',#2419,#2421,#2423,.T.);
#2419 = VERTEX_POINT('',#2420);
#2420 = CARTESIAN_POINT('',(-42.,-0.15,13.02));
#2421 = VERTEX_POINT('',#2422);
#2422 = CARTESIAN_POINT('',(-42.,0.65,13.02));
#2423 = LINE('',#2424,#2425);
#2424 = CARTESIAN_POINT('',(-42.,-0.15,13.02));
#2425 = VECTOR('',#2426,1.);
#2426 = DIRECTION('',(0.,1.,0.));
#2427 = ORIENTED_EDGE('',*,*,#2428,.T.);
#2428 = EDGE_CURVE('',#2421,#2429,#2431,.T.);
#2429 = VERTEX_POINT('',#2430);
#2430 = CARTESIAN_POINT('',(-38.27142857142,0.65,13.02));
#2431 = LINE('',#2432,#2433);
#2432 = CARTESIAN_POINT('',(-42.,0.65,13.02));
#2433 = VECTOR('',#2434,1.);
#2434 = DIRECTION('',(1.,0.,0.));
#2435 = ORIENTED_EDGE('',*,*,#2436,.T.);
#2436 = EDGE_CURVE('',#2429,#2437,#2439,.T.);
#2437 = VERTEX_POINT('',#2438);
#2438 = CARTESIAN_POINT('',(-38.27142857142,0.592857142857,13.02));
#2439 = LINE('',#2440,#2441);
#2440 = CARTESIAN_POINT('',(-38.27142857142,0.65,13.02));
#2441 = VECTOR('',#2442,1.);
#2442 = DIRECTION('',(0.,-1.,0.));
#2443 = ORIENTED_EDGE('',*,*,#2444,.T.);
#2444 = EDGE_CURVE('',#2437,#2445,#2447,.T.);
#2445 = VERTEX_POINT('',#2446);
#2446 = CARTESIAN_POINT('',(-39.46428571428,-0.15,13.02));
#2447 = LINE('',#2448,#2449);
#2448 = CARTESIAN_POINT('',(-38.27142857142,0.592857142857,13.02));
#2449 = VECTOR('',#2450,1.);
#2450 = DIRECTION('',(-0.848853874434,-0.528627562522,0.));
#2451 = ORIENTED_EDGE('',*,*,#2452,.T.);
#2452 = EDGE_CURVE('',#2445,#2419,#2453,.T.);
#2453 = LINE('',#2454,#2455);
#2454 = CARTESIAN_POINT('',(-39.46428571428,-0.15,13.02));
#2455 = VECTOR('',#2456,1.);
#2456 = DIRECTION('',(-1.,0.,0.));
#2457 = FACE_BOUND('',#2458,.T.);
#2458 = EDGE_LOOP('',(#2459,#2469,#2477,#2485));
#2459 = ORIENTED_EDGE('',*,*,#2460,.T.);
#2460 = EDGE_CURVE('',#2461,#2463,#2465,.T.);
#2461 = VERTEX_POINT('',#2462);
#2462 = CARTESIAN_POINT('',(-42.,1.251904761905,13.02));
#2463 = VERTEX_POINT('',#2464);
#2464 = CARTESIAN_POINT('',(-42.,2.051904761905,13.02));
#2465 = LINE('',#2466,#2467);
#2466 = CARTESIAN_POINT('',(-42.,1.251904761905,13.02));
#2467 = VECTOR('',#2468,1.);
#2468 = DIRECTION('',(0.,1.,0.));
#2469 = ORIENTED_EDGE('',*,*,#2470,.T.);
#2470 = EDGE_CURVE('',#2463,#2471,#2473,.T.);
#2471 = VERTEX_POINT('',#2472);
#2472 = CARTESIAN_POINT('',(-37.,2.051904761905,13.02));
#2473 = LINE('',#2474,#2475);
#2474 = CARTESIAN_POINT('',(-42.,2.051904761905,13.02));
#2475 = VECTOR('',#2476,1.);
#2476 = DIRECTION('',(1.,0.,0.));
#2477 = ORIENTED_EDGE('',*,*,#2478,.T.);
#2478 = EDGE_CURVE('',#2471,#2479,#2481,.T.);
#2479 = VERTEX_POINT('',#2480);
#2480 = CARTESIAN_POINT('',(-37.,1.251904761905,13.02));
#2481 = LINE('',#2482,#2483);
#2482 = CARTESIAN_POINT('',(-37.,2.051904761905,13.02));
#2483 = VECTOR('',#2484,1.);
#2484 = DIRECTION('',(0.,-1.,0.));
#2485 = ORIENTED_EDGE('',*,*,#2486,.T.);
#2486 = EDGE_CURVE('',#2479,#2461,#2487,.T.);
#2487 = LINE('',#2488,#2489);
#2488 = CARTESIAN_POINT('',(-37.,1.251904761905,13.02));
#2489 = VECTOR('',#2490,1.);
#2490 = DIRECTION('',(-1.,0.,0.));
#2491 = FACE_BOUND('',#2492,.T.);
#2492 = EDGE_LOOP('',(#2493,#2503,#2511,#2519,#2527,#2535,#2543,#2551,
    #2559,#2567,#2575,#2583,#2591,#2599,#2607,#2615,#2623,#2631,#2639,
    #2647));
#2493 = ORIENTED_EDGE('',*,*,#2494,.T.);
#2494 = EDGE_CURVE('',#2495,#2497,#2499,.T.);
#2495 = VERTEX_POINT('',#2496);
#2496 = CARTESIAN_POINT('',(-39.89285714285,5.745714285714,13.02));
#2497 = VERTEX_POINT('',#2498);
#2498 = CARTESIAN_POINT('',(-39.89285714285,6.16,13.02));
#2499 = LINE('',#2500,#2501);
#2500 = CARTESIAN_POINT('',(-39.89285714285,5.745714285714,13.02));
#2501 = VECTOR('',#2502,1.);
#2502 = DIRECTION('',(0.,1.,0.));
#2503 = ORIENTED_EDGE('',*,*,#2504,.T.);
#2504 = EDGE_CURVE('',#2497,#2505,#2507,.T.);
#2505 = VERTEX_POINT('',#2506);
#2506 = CARTESIAN_POINT('',(-39.17857142857,6.16,13.02));
#2507 = LINE('',#2508,#2509);
#2508 = CARTESIAN_POINT('',(-39.89285714285,6.16,13.02));
#2509 = VECTOR('',#2510,1.);
#2510 = DIRECTION('',(1.,0.,0.));
#2511 = ORIENTED_EDGE('',*,*,#2512,.T.);
#2512 = EDGE_CURVE('',#2505,#2513,#2515,.T.);
#2513 = VERTEX_POINT('',#2514);
#2514 = CARTESIAN_POINT('',(-39.17857142857,5.76,13.02));
#2515 = LINE('',#2516,#2517);
#2516 = CARTESIAN_POINT('',(-39.17857142857,6.16,13.02));
#2517 = VECTOR('',#2518,1.);
#2518 = DIRECTION('',(0.,-1.,0.));
#2519 = ORIENTED_EDGE('',*,*,#2520,.T.);
#2520 = EDGE_CURVE('',#2513,#2521,#2523,.T.);
#2521 = VERTEX_POINT('',#2522);
#2522 = CARTESIAN_POINT('',(-38.58571428571,5.074285714286,13.02));
#2523 = B_SPLINE_CURVE_WITH_KNOTS('',2,(#2524,#2525,#2526),
  .UNSPECIFIED.,.F.,.F.,(3,3),(0.,1.),.PIECEWISE_BEZIER_KNOTS.);
#2524 = CARTESIAN_POINT('',(-39.17857142857,5.76,13.02));
#2525 = CARTESIAN_POINT('',(-39.17857142857,5.138571428571,13.02));
#2526 = CARTESIAN_POINT('',(-38.58571428571,5.074285714286,13.02));
#2527 = ORIENTED_EDGE('',*,*,#2528,.T.);
#2528 = EDGE_CURVE('',#2521,#2529,#2531,.T.);
#2529 = VERTEX_POINT('',#2530);
#2530 = CARTESIAN_POINT('',(-38.46428571428,5.067142857143,13.02));
#2531 = B_SPLINE_CURVE_WITH_KNOTS('',2,(#2532,#2533,#2534),
  .UNSPECIFIED.,.F.,.F.,(3,3),(0.,1.),.PIECEWISE_BEZIER_KNOTS.);
#2532 = CARTESIAN_POINT('',(-38.58571428571,5.074285714286,13.02));
#2533 = CARTESIAN_POINT('',(-38.52142857142,5.067142857143,13.02));
#2534 = CARTESIAN_POINT('',(-38.46428571428,5.067142857143,13.02));
#2535 = ORIENTED_EDGE('',*,*,#2536,.T.);
#2536 = EDGE_CURVE('',#2529,#2537,#2539,.T.);
#2537 = VERTEX_POINT('',#2538);
#2538 = CARTESIAN_POINT('',(-37.75714285714,5.61,13.02));
#2539 = B_SPLINE_CURVE_WITH_KNOTS('',2,(#2540,#2541,#2542),
  .UNSPECIFIED.,.F.,.F.,(3,3),(0.,1.),.PIECEWISE_BEZIER_KNOTS.);
#2540 = CARTESIAN_POINT('',(-38.46428571428,5.067142857143,13.02));
#2541 = CARTESIAN_POINT('',(-37.86428571428,5.067142857143,13.02));
#2542 = CARTESIAN_POINT('',(-37.75714285714,5.61,13.02));
#2543 = ORIENTED_EDGE('',*,*,#2544,.T.);
#2544 = EDGE_CURVE('',#2537,#2545,#2547,.T.);
#2545 = VERTEX_POINT('',#2546);
#2546 = CARTESIAN_POINT('',(-37.74285714285,5.817142857143,13.02));
#2547 = B_SPLINE_CURVE_WITH_KNOTS('',2,(#2548,#2549,#2550),
  .UNSPECIFIED.,.F.,.F.,(3,3),(0.,1.),.PIECEWISE_BEZIER_KNOTS.);
#2548 = CARTESIAN_POINT('',(-37.75714285714,5.61,13.02));
#2549 = CARTESIAN_POINT('',(-37.74285714285,5.71,13.02));
#2550 = CARTESIAN_POINT('',(-37.74285714285,5.817142857143,13.02));
#2551 = ORIENTED_EDGE('',*,*,#2552,.T.);
#2552 = EDGE_CURVE('',#2545,#2553,#2555,.T.);
#2553 = VERTEX_POINT('',#2554);
#2554 = CARTESIAN_POINT('',(-37.74285714285,6.16,13.02));
#2555 = LINE('',#2556,#2557);
#2556 = CARTESIAN_POINT('',(-37.74285714285,5.817142857143,13.02));
#2557 = VECTOR('',#2558,1.);
#2558 = DIRECTION('',(0.,1.,0.));
#2559 = ORIENTED_EDGE('',*,*,#2560,.T.);
#2560 = EDGE_CURVE('',#2553,#2561,#2563,.T.);
#2561 = VERTEX_POINT('',#2562);
#2562 = CARTESIAN_POINT('',(-37.,6.16,13.02));
#2563 = LINE('',#2564,#2565);
#2564 = CARTESIAN_POINT('',(-37.74285714285,6.16,13.02));
#2565 = VECTOR('',#2566,1.);
#2566 = DIRECTION('',(1.,0.,0.));
#2567 = ORIENTED_EDGE('',*,*,#2568,.T.);
#2568 = EDGE_CURVE('',#2561,#2569,#2571,.T.);
#2569 = VERTEX_POINT('',#2570);
#2570 = CARTESIAN_POINT('',(-37.,5.724285714286,13.02));
#2571 = LINE('',#2572,#2573);
#2572 = CARTESIAN_POINT('',(-37.,6.16,13.02));
#2573 = VECTOR('',#2574,1.);
#2574 = DIRECTION('',(0.,-1.,0.));
#2575 = ORIENTED_EDGE('',*,*,#2576,.T.);
#2576 = EDGE_CURVE('',#2569,#2577,#2579,.T.);
#2577 = VERTEX_POINT('',#2578);
#2578 = CARTESIAN_POINT('',(-37.70714285714,4.445714285714,13.02));
#2579 = B_SPLINE_CURVE_WITH_KNOTS('',2,(#2580,#2581,#2582),
  .UNSPECIFIED.,.F.,.F.,(3,3),(0.,1.),.PIECEWISE_BEZIER_KNOTS.);
#2580 = CARTESIAN_POINT('',(-37.,5.724285714286,13.02));
#2581 = CARTESIAN_POINT('',(-37.02142857142,4.774285714286,13.02));
#2582 = CARTESIAN_POINT('',(-37.70714285714,4.445714285714,13.02));
#2583 = ORIENTED_EDGE('',*,*,#2584,.T.);
#2584 = EDGE_CURVE('',#2577,#2585,#2587,.T.);
#2585 = VERTEX_POINT('',#2586);
#2586 = CARTESIAN_POINT('',(-38.36428571428,4.31,13.02));
#2587 = B_SPLINE_CURVE_WITH_KNOTS('',2,(#2588,#2589,#2590),
  .UNSPECIFIED.,.F.,.F.,(3,3),(0.,1.),.PIECEWISE_BEZIER_KNOTS.);
#2588 = CARTESIAN_POINT('',(-37.70714285714,4.445714285714,13.02));
#2589 = CARTESIAN_POINT('',(-37.99285714285,4.31,13.02));
#2590 = CARTESIAN_POINT('',(-38.36428571428,4.31,13.02));
#2591 = ORIENTED_EDGE('',*,*,#2592,.T.);
#2592 = EDGE_CURVE('',#2585,#2593,#2595,.T.);
#2593 = VERTEX_POINT('',#2594);
#2594 = CARTESIAN_POINT('',(-39.51428571428,4.795714285714,13.02));
#2595 = B_SPLINE_CURVE_WITH_KNOTS('',2,(#2596,#2597,#2598),
  .UNSPECIFIED.,.F.,.F.,(3,3),(0.,1.),.PIECEWISE_BEZIER_KNOTS.);
#2596 = CARTESIAN_POINT('',(-38.36428571428,4.31,13.02));
#2597 = CARTESIAN_POINT('',(-39.15714285714,4.317142857143,13.02));
#2598 = CARTESIAN_POINT('',(-39.51428571428,4.795714285714,13.02));
#2599 = ORIENTED_EDGE('',*,*,#2600,.T.);
#2600 = EDGE_CURVE('',#2593,#2601,#2603,.T.);
#2601 = VERTEX_POINT('',#2602);
#2602 = CARTESIAN_POINT('',(-40.27857142857,4.324285714286,13.02));
#2603 = B_SPLINE_CURVE_WITH_KNOTS('',2,(#2604,#2605,#2606),
  .UNSPECIFIED.,.F.,.F.,(3,3),(0.,1.),.PIECEWISE_BEZIER_KNOTS.);
#2604 = CARTESIAN_POINT('',(-39.51428571428,4.795714285714,13.02));
#2605 = CARTESIAN_POINT('',(-39.72857142857,4.424285714286,13.02));
#2606 = CARTESIAN_POINT('',(-40.27857142857,4.324285714286,13.02));
#2607 = ORIENTED_EDGE('',*,*,#2608,.T.);
#2608 = EDGE_CURVE('',#2601,#2609,#2611,.T.);
#2609 = VERTEX_POINT('',#2610);
#2610 = CARTESIAN_POINT('',(-40.45,4.302857142857,13.02));
#2611 = B_SPLINE_CURVE_WITH_KNOTS('',2,(#2612,#2613,#2614),
  .UNSPECIFIED.,.F.,.F.,(3,3),(0.,1.),.PIECEWISE_BEZIER_KNOTS.);
#2612 = CARTESIAN_POINT('',(-40.27857142857,4.324285714286,13.02));
#2613 = CARTESIAN_POINT('',(-40.37142857142,4.31,13.02));
#2614 = CARTESIAN_POINT('',(-40.45,4.302857142857,13.02));
#2615 = ORIENTED_EDGE('',*,*,#2616,.T.);
#2616 = EDGE_CURVE('',#2609,#2617,#2619,.T.);
#2617 = VERTEX_POINT('',#2618);
#2618 = CARTESIAN_POINT('',(-42.,4.181428571429,13.02));
#2619 = LINE('',#2620,#2621);
#2620 = CARTESIAN_POINT('',(-40.45,4.302857142857,13.02));
#2621 = VECTOR('',#2622,1.);
#2622 = DIRECTION('',(-0.996945395907,-7.810171304339E-02,0.));
#2623 = ORIENTED_EDGE('',*,*,#2624,.T.);
#2624 = EDGE_CURVE('',#2617,#2625,#2627,.T.);
#2625 = VERTEX_POINT('',#2626);
#2626 = CARTESIAN_POINT('',(-42.,4.924285714286,13.02));
#2627 = LINE('',#2628,#2629);
#2628 = CARTESIAN_POINT('',(-42.,4.181428571429,13.02));
#2629 = VECTOR('',#2630,1.);
#2630 = DIRECTION('',(0.,1.,0.));
#2631 = ORIENTED_EDGE('',*,*,#2632,.T.);
#2632 = EDGE_CURVE('',#2625,#2633,#2635,.T.);
#2633 = VERTEX_POINT('',#2634);
#2634 = CARTESIAN_POINT('',(-40.72857142857,5.031428571429,13.02));
#2635 = LINE('',#2636,#2637);
#2636 = CARTESIAN_POINT('',(-42.,4.924285714286,13.02));
#2637 = VECTOR('',#2638,1.);
#2638 = DIRECTION('',(0.996468111813,8.397203189433E-02,0.));
#2639 = ORIENTED_EDGE('',*,*,#2640,.T.);
#2640 = EDGE_CURVE('',#2633,#2641,#2643,.T.);
#2641 = VERTEX_POINT('',#2642);
#2642 = CARTESIAN_POINT('',(-39.97142857142,5.352857142857,13.02));
#2643 = B_SPLINE_CURVE_WITH_KNOTS('',2,(#2644,#2645,#2646),
  .UNSPECIFIED.,.F.,.F.,(3,3),(0.,1.),.PIECEWISE_BEZIER_KNOTS.);
#2644 = CARTESIAN_POINT('',(-40.72857142857,5.031428571429,13.02));
#2645 = CARTESIAN_POINT('',(-40.12857142857,5.088571428571,13.02));
#2646 = CARTESIAN_POINT('',(-39.97142857142,5.352857142857,13.02));
#2647 = ORIENTED_EDGE('',*,*,#2648,.T.);
#2648 = EDGE_CURVE('',#2641,#2495,#2649,.T.);
#2649 = B_SPLINE_CURVE_WITH_KNOTS('',2,(#2650,#2651,#2652),
  .UNSPECIFIED.,.F.,.F.,(3,3),(0.,1.),.PIECEWISE_BEZIER_KNOTS.);
#2650 = CARTESIAN_POINT('',(-39.97142857142,5.352857142857,13.02));
#2651 = CARTESIAN_POINT('',(-39.89285714285,5.51,13.02));
#2652 = CARTESIAN_POINT('',(-39.89285714285,5.745714285714,13.02));
#2653 = FACE_BOUND('',#2654,.T.);
#2654 = EDGE_LOOP('',(#2655,#2665,#2673,#2681));
#2655 = ORIENTED_EDGE('',*,*,#2656,.T.);
#2656 = EDGE_CURVE('',#2657,#2659,#2661,.T.);
#2657 = VERTEX_POINT('',#2658);
#2658 = CARTESIAN_POINT('',(-42.,6.524285714286,13.02));
#2659 = VERTEX_POINT('',#2660);
#2660 = CARTESIAN_POINT('',(-42.,7.324285714286,13.02));
#2661 = LINE('',#2662,#2663);
#2662 = CARTESIAN_POINT('',(-42.,6.524285714286,13.02));
#2663 = VECTOR('',#2664,1.);
#2664 = DIRECTION('',(0.,1.,0.));
#2665 = ORIENTED_EDGE('',*,*,#2666,.T.);
#2666 = EDGE_CURVE('',#2659,#2667,#2669,.T.);
#2667 = VERTEX_POINT('',#2668);
#2668 = CARTESIAN_POINT('',(-37.,7.324285714286,13.02));
#2669 = LINE('',#2670,#2671);
#2670 = CARTESIAN_POINT('',(-42.,7.324285714286,13.02));
#2671 = VECTOR('',#2672,1.);
#2672 = DIRECTION('',(1.,0.,0.));
#2673 = ORIENTED_EDGE('',*,*,#2674,.T.);
#2674 = EDGE_CURVE('',#2667,#2675,#2677,.T.);
#2675 = VERTEX_POINT('',#2676);
#2676 = CARTESIAN_POINT('',(-37.,6.524285714286,13.02));
#2677 = LINE('',#2678,#2679);
#2678 = CARTESIAN_POINT('',(-37.,7.324285714286,13.02));
#2679 = VECTOR('',#2680,1.);
#2680 = DIRECTION('',(0.,-1.,0.));
#2681 = ORIENTED_EDGE('',*,*,#2682,.T.);
#2682 = EDGE_CURVE('',#2675,#2657,#2683,.T.);
#2683 = LINE('',#2684,#2685);
#2684 = CARTESIAN_POINT('',(-37.,6.524285714286,13.02));
#2685 = VECTOR('',#2686,1.);
#2686 = DIRECTION('',(-1.,0.,0.));
#2687 = FACE_BOUND('',#2688,.T.);
#2688 = EDGE_LOOP('',(#2689,#2699,#2707,#2715,#2723,#2731,#2739,#2747,
    #2755,#2763,#2771,#2779));
#2689 = ORIENTED_EDGE('',*,*,#2690,.T.);
#2690 = EDGE_CURVE('',#2691,#2693,#2695,.T.);
#2691 = VERTEX_POINT('',#2692);
#2692 = CARTESIAN_POINT('',(-41.82142857142,8.601428571429,13.02));
#2693 = VERTEX_POINT('',#2694);
#2694 = CARTESIAN_POINT('',(-42.03571428571,9.301428571429,13.02));
#2695 = B_SPLINE_CURVE_WITH_KNOTS('',2,(#2696,#2697,#2698),
  .UNSPECIFIED.,.F.,.F.,(3,3),(0.,1.),.PIECEWISE_BEZIER_KNOTS.);
#2696 = CARTESIAN_POINT('',(-41.82142857142,8.601428571429,13.02));
#2697 = CARTESIAN_POINT('',(-42.03571428571,8.972857142857,13.02));
#2698 = CARTESIAN_POINT('',(-42.03571428571,9.301428571429,13.02));
#2699 = ORIENTED_EDGE('',*,*,#2700,.T.);
#2700 = EDGE_CURVE('',#2693,#2701,#2703,.T.);
#2701 = VERTEX_POINT('',#2702);
#2702 = CARTESIAN_POINT('',(-41.23571428571,9.301428571429,13.02));
#2703 = LINE('',#2704,#2705);
#2704 = CARTESIAN_POINT('',(-42.03571428571,9.301428571429,13.02));
#2705 = VECTOR('',#2706,1.);
#2706 = DIRECTION('',(1.,0.,0.));
#2707 = ORIENTED_EDGE('',*,*,#2708,.T.);
#2708 = EDGE_CURVE('',#2701,#2709,#2711,.T.);
#2709 = VERTEX_POINT('',#2710);
#2710 = CARTESIAN_POINT('',(-41.06428571428,8.915714285714,13.02));
#2711 = B_SPLINE_CURVE_WITH_KNOTS('',2,(#2712,#2713,#2714),
  .UNSPECIFIED.,.F.,.F.,(3,3),(0.,1.),.PIECEWISE_BEZIER_KNOTS.);
#2712 = CARTESIAN_POINT('',(-41.23571428571,9.301428571429,13.02));
#2713 = CARTESIAN_POINT('',(-41.23571428571,9.115714285714,13.02));
#2714 = CARTESIAN_POINT('',(-41.06428571428,8.915714285714,13.02));
#2715 = ORIENTED_EDGE('',*,*,#2716,.T.);
#2716 = EDGE_CURVE('',#2709,#2717,#2719,.T.);
#2717 = VERTEX_POINT('',#2718);
#2718 = CARTESIAN_POINT('',(-40.60714285714,8.694285714286,13.02));
#2719 = B_SPLINE_CURVE_WITH_KNOTS('',2,(#2720,#2721,#2722),
  .UNSPECIFIED.,.F.,.F.,(3,3),(0.,1.),.PIECEWISE_BEZIER_KNOTS.);
#2720 = CARTESIAN_POINT('',(-41.06428571428,8.915714285714,13.02));
#2721 = CARTESIAN_POINT('',(-40.87142857142,8.701428571429,13.02));
#2722 = CARTESIAN_POINT('',(-40.60714285714,8.694285714286,13.02));
#2723 = ORIENTED_EDGE('',*,*,#2724,.T.);
#2724 = EDGE_CURVE('',#2717,#2725,#2727,.T.);
#2725 = VERTEX_POINT('',#2726);
#2726 = CARTESIAN_POINT('',(-38.37142857142,8.694285714286,13.02));
#2727 = LINE('',#2728,#2729);
#2728 = CARTESIAN_POINT('',(-40.60714285714,8.694285714286,13.02));
#2729 = VECTOR('',#2730,1.);
#2730 = DIRECTION('',(1.,0.,0.));
#2731 = ORIENTED_EDGE('',*,*,#2732,.T.);
#2732 = EDGE_CURVE('',#2725,#2733,#2735,.T.);
#2733 = VERTEX_POINT('',#2734);
#2734 = CARTESIAN_POINT('',(-37.95714285714,8.88,13.02));
#2735 = B_SPLINE_CURVE_WITH_KNOTS('',2,(#2736,#2737,#2738),
  .UNSPECIFIED.,.F.,.F.,(3,3),(0.,1.),.PIECEWISE_BEZIER_KNOTS.);
#2736 = CARTESIAN_POINT('',(-38.37142857142,8.694285714286,13.02));
#2737 = CARTESIAN_POINT('',(-38.15714285714,8.694285714286,13.02));
#2738 = CARTESIAN_POINT('',(-37.95714285714,8.88,13.02));
#2739 = ORIENTED_EDGE('',*,*,#2740,.T.);
#2740 = EDGE_CURVE('',#2733,#2741,#2743,.T.);
#2741 = VERTEX_POINT('',#2742);
#2742 = CARTESIAN_POINT('',(-37.75714285714,9.301428571429,13.02));
#2743 = B_SPLINE_CURVE_WITH_KNOTS('',2,(#2744,#2745,#2746),
  .UNSPECIFIED.,.F.,.F.,(3,3),(0.,1.),.PIECEWISE_BEZIER_KNOTS.);
#2744 = CARTESIAN_POINT('',(-37.95714285714,8.88,13.02));
#2745 = CARTESIAN_POINT('',(-37.76428571428,9.058571428571,13.02));
#2746 = CARTESIAN_POINT('',(-37.75714285714,9.301428571429,13.02));
#2747 = ORIENTED_EDGE('',*,*,#2748,.T.);
#2748 = EDGE_CURVE('',#2741,#2749,#2751,.T.);
#2749 = VERTEX_POINT('',#2750);
#2750 = CARTESIAN_POINT('',(-36.96428571428,9.301428571429,13.02));
#2751 = LINE('',#2752,#2753);
#2752 = CARTESIAN_POINT('',(-37.75714285714,9.301428571429,13.02));
#2753 = VECTOR('',#2754,1.);
#2754 = DIRECTION('',(1.,0.,0.));
#2755 = ORIENTED_EDGE('',*,*,#2756,.T.);
#2756 = EDGE_CURVE('',#2749,#2757,#2759,.T.);
#2757 = VERTEX_POINT('',#2758);
#2758 = CARTESIAN_POINT('',(-37.58571428571,8.144285714286,13.02));
#2759 = B_SPLINE_CURVE_WITH_KNOTS('',2,(#2760,#2761,#2762),
  .UNSPECIFIED.,.F.,.F.,(3,3),(0.,1.),.PIECEWISE_BEZIER_KNOTS.);
#2760 = CARTESIAN_POINT('',(-36.96428571428,9.301428571429,13.02));
#2761 = CARTESIAN_POINT('',(-36.96428571428,8.58,13.02));
#2762 = CARTESIAN_POINT('',(-37.58571428571,8.144285714286,13.02));
#2763 = ORIENTED_EDGE('',*,*,#2764,.T.);
#2764 = EDGE_CURVE('',#2757,#2765,#2767,.T.);
#2765 = VERTEX_POINT('',#2766);
#2766 = CARTESIAN_POINT('',(-38.25714285714,7.894285714286,13.02));
#2767 = B_SPLINE_CURVE_WITH_KNOTS('',2,(#2768,#2769,#2770),
  .UNSPECIFIED.,.F.,.F.,(3,3),(0.,1.),.PIECEWISE_BEZIER_KNOTS.);
#2768 = CARTESIAN_POINT('',(-37.58571428571,8.144285714286,13.02));
#2769 = CARTESIAN_POINT('',(-37.94285714285,7.894285714286,13.02));
#2770 = CARTESIAN_POINT('',(-38.25714285714,7.894285714286,13.02));
#2771 = ORIENTED_EDGE('',*,*,#2772,.T.);
#2772 = EDGE_CURVE('',#2765,#2773,#2775,.T.);
#2773 = VERTEX_POINT('',#2774);
#2774 = CARTESIAN_POINT('',(-40.60714285714,7.894285714286,13.02));
#2775 = LINE('',#2776,#2777);
#2776 = CARTESIAN_POINT('',(-38.25714285714,7.894285714286,13.02));
#2777 = VECTOR('',#2778,1.);
#2778 = DIRECTION('',(-1.,0.,0.));
#2779 = ORIENTED_EDGE('',*,*,#2780,.T.);
#2780 = EDGE_CURVE('',#2773,#2691,#2781,.T.);
#2781 = B_SPLINE_CURVE_WITH_KNOTS('',2,(#2782,#2783,#2784),
  .UNSPECIFIED.,.F.,.F.,(3,3),(0.,1.),.PIECEWISE_BEZIER_KNOTS.);
#2782 = CARTESIAN_POINT('',(-40.60714285714,7.894285714286,13.02));
#2783 = CARTESIAN_POINT('',(-41.4,7.894285714286,13.02));
#2784 = CARTESIAN_POINT('',(-41.82142857142,8.601428571429,13.02));
#2785 = FACE_BOUND('',#2786,.T.);
#2786 = EDGE_LOOP('',(#2787,#2797,#2805,#2813,#2821,#2829,#2837,#2845,
    #2853,#2861,#2869,#2877));
#2787 = ORIENTED_EDGE('',*,*,#2788,.T.);
#2788 = EDGE_CURVE('',#2789,#2791,#2793,.T.);
#2789 = VERTEX_POINT('',#2790);
#2790 = CARTESIAN_POINT('',(-41.74285714285,10.508571428571,13.02));
#2791 = VERTEX_POINT('',#2792);
#2792 = CARTESIAN_POINT('',(-40.60714285714,11.094285714286,13.02));
#2793 = B_SPLINE_CURVE_WITH_KNOTS('',2,(#2794,#2795,#2796),
  .UNSPECIFIED.,.F.,.F.,(3,3),(0.,1.),.PIECEWISE_BEZIER_KNOTS.);
#2794 = CARTESIAN_POINT('',(-41.74285714285,10.508571428571,13.02));
#2795 = CARTESIAN_POINT('',(-41.31428571428,11.087142857143,13.02));
#2796 = CARTESIAN_POINT('',(-40.60714285714,11.094285714286,13.02));
#2797 = ORIENTED_EDGE('',*,*,#2798,.T.);
#2798 = EDGE_CURVE('',#2791,#2799,#2801,.T.);
#2799 = VERTEX_POINT('',#2800);
#2800 = CARTESIAN_POINT('',(-38.25714285714,11.094285714286,13.02));
#2801 = LINE('',#2802,#2803);
#2802 = CARTESIAN_POINT('',(-40.60714285714,11.094285714286,13.02));
#2803 = VECTOR('',#2804,1.);
#2804 = DIRECTION('',(1.,0.,0.));
#2805 = ORIENTED_EDGE('',*,*,#2806,.T.);
#2806 = EDGE_CURVE('',#2799,#2807,#2809,.T.);
#2807 = VERTEX_POINT('',#2808);
#2808 = CARTESIAN_POINT('',(-37.48571428571,10.772857142857,13.02));
#2809 = B_SPLINE_CURVE_WITH_KNOTS('',2,(#2810,#2811,#2812),
  .UNSPECIFIED.,.F.,.F.,(3,3),(0.,1.),.PIECEWISE_BEZIER_KNOTS.);
#2810 = CARTESIAN_POINT('',(-38.25714285714,11.094285714286,13.02));
#2811 = CARTESIAN_POINT('',(-37.87857142857,11.094285714286,13.02));
#2812 = CARTESIAN_POINT('',(-37.48571428571,10.772857142857,13.02));
#2813 = ORIENTED_EDGE('',*,*,#2814,.T.);
#2814 = EDGE_CURVE('',#2807,#2815,#2817,.T.);
#2815 = VERTEX_POINT('',#2816);
#2816 = CARTESIAN_POINT('',(-36.96428571428,9.687142857143,13.02));
#2817 = B_SPLINE_CURVE_WITH_KNOTS('',2,(#2818,#2819,#2820),
  .UNSPECIFIED.,.F.,.F.,(3,3),(0.,1.),.PIECEWISE_BEZIER_KNOTS.);
#2818 = CARTESIAN_POINT('',(-37.48571428571,10.772857142857,13.02));
#2819 = CARTESIAN_POINT('',(-36.97142857142,10.344285714286,13.02));
#2820 = CARTESIAN_POINT('',(-36.96428571428,9.687142857143,13.02));
#2821 = ORIENTED_EDGE('',*,*,#2822,.T.);
#2822 = EDGE_CURVE('',#2815,#2823,#2825,.T.);
#2823 = VERTEX_POINT('',#2824);
#2824 = CARTESIAN_POINT('',(-37.75714285714,9.687142857143,13.02));
#2825 = LINE('',#2826,#2827);
#2826 = CARTESIAN_POINT('',(-36.96428571428,9.687142857143,13.02));
#2827 = VECTOR('',#2828,1.);
#2828 = DIRECTION('',(-1.,0.,0.));
#2829 = ORIENTED_EDGE('',*,*,#2830,.T.);
#2830 = EDGE_CURVE('',#2823,#2831,#2833,.T.);
#2831 = VERTEX_POINT('',#2832);
#2832 = CARTESIAN_POINT('',(-38.15714285714,10.244285714286,13.02));
#2833 = B_SPLINE_CURVE_WITH_KNOTS('',2,(#2834,#2835,#2836),
  .UNSPECIFIED.,.F.,.F.,(3,3),(0.,1.),.PIECEWISE_BEZIER_KNOTS.);
#2834 = CARTESIAN_POINT('',(-37.75714285714,9.687142857143,13.02));
#2835 = CARTESIAN_POINT('',(-37.76428571428,10.058571428571,13.02));
#2836 = CARTESIAN_POINT('',(-38.15714285714,10.244285714286,13.02));
#2837 = ORIENTED_EDGE('',*,*,#2838,.T.);
#2838 = EDGE_CURVE('',#2831,#2839,#2841,.T.);
#2839 = VERTEX_POINT('',#2840);
#2840 = CARTESIAN_POINT('',(-38.37142857142,10.301428571429,13.02));
#2841 = B_SPLINE_CURVE_WITH_KNOTS('',2,(#2842,#2843,#2844),
  .UNSPECIFIED.,.F.,.F.,(3,3),(0.,1.),.PIECEWISE_BEZIER_KNOTS.);
#2842 = CARTESIAN_POINT('',(-38.15714285714,10.244285714286,13.02));
#2843 = CARTESIAN_POINT('',(-38.28571428571,10.301428571429,13.02));
#2844 = CARTESIAN_POINT('',(-38.37142857142,10.301428571429,13.02));
#2845 = ORIENTED_EDGE('',*,*,#2846,.T.);
#2846 = EDGE_CURVE('',#2839,#2847,#2849,.T.);
#2847 = VERTEX_POINT('',#2848);
#2848 = CARTESIAN_POINT('',(-40.60714285714,10.301428571429,13.02));
#2849 = LINE('',#2850,#2851);
#2850 = CARTESIAN_POINT('',(-38.37142857142,10.301428571429,13.02));
#2851 = VECTOR('',#2852,1.);
#2852 = DIRECTION('',(-1.,0.,0.));
#2853 = ORIENTED_EDGE('',*,*,#2854,.T.);
#2854 = EDGE_CURVE('',#2847,#2855,#2857,.T.);
#2855 = VERTEX_POINT('',#2856);
#2856 = CARTESIAN_POINT('',(-41.17857142857,9.901428571429,13.02));
#2857 = B_SPLINE_CURVE_WITH_KNOTS('',2,(#2858,#2859,#2860),
  .UNSPECIFIED.,.F.,.F.,(3,3),(0.,1.),.PIECEWISE_BEZIER_KNOTS.);
#2858 = CARTESIAN_POINT('',(-40.60714285714,10.301428571429,13.02));
#2859 = CARTESIAN_POINT('',(-40.99285714285,10.301428571429,13.02));
#2860 = CARTESIAN_POINT('',(-41.17857142857,9.901428571429,13.02));
#2861 = ORIENTED_EDGE('',*,*,#2862,.T.);
#2862 = EDGE_CURVE('',#2855,#2863,#2865,.T.);
#2863 = VERTEX_POINT('',#2864);
#2864 = CARTESIAN_POINT('',(-41.23571428571,9.694285714286,13.02));
#2865 = B_SPLINE_CURVE_WITH_KNOTS('',2,(#2866,#2867,#2868),
  .UNSPECIFIED.,.F.,.F.,(3,3),(0.,1.),.PIECEWISE_BEZIER_KNOTS.);
#2866 = CARTESIAN_POINT('',(-41.17857142857,9.901428571429,13.02));
#2867 = CARTESIAN_POINT('',(-41.23571428571,9.78,13.02));
#2868 = CARTESIAN_POINT('',(-41.23571428571,9.694285714286,13.02));
#2869 = ORIENTED_EDGE('',*,*,#2870,.T.);
#2870 = EDGE_CURVE('',#2863,#2871,#2873,.T.);
#2871 = VERTEX_POINT('',#2872);
#2872 = CARTESIAN_POINT('',(-42.03571428571,9.694285714286,13.02));
#2873 = LINE('',#2874,#2875);
#2874 = CARTESIAN_POINT('',(-41.23571428571,9.694285714286,13.02));
#2875 = VECTOR('',#2876,1.);
#2876 = DIRECTION('',(-1.,0.,0.));
#2877 = ORIENTED_EDGE('',*,*,#2878,.T.);
#2878 = EDGE_CURVE('',#2871,#2789,#2879,.T.);
#2879 = B_SPLINE_CURVE_WITH_KNOTS('',2,(#2880,#2881,#2882),
  .UNSPECIFIED.,.F.,.F.,(3,3),(0.,1.),.PIECEWISE_BEZIER_KNOTS.);
#2880 = CARTESIAN_POINT('',(-42.03571428571,9.694285714286,13.02));
#2881 = CARTESIAN_POINT('',(-42.03571428571,10.101428571429,13.02));
#2882 = CARTESIAN_POINT('',(-41.74285714285,10.508571428571,13.02));
#2883 = FACE_BOUND('',#2884,.T.);
#2884 = EDGE_LOOP('',(#2885,#2895,#2903,#2911,#2919,#2927,#2935,#2943,
    #2951,#2959,#2967,#2975));
#2885 = ORIENTED_EDGE('',*,*,#2886,.T.);
#2886 = EDGE_CURVE('',#2887,#2889,#2891,.T.);
#2887 = VERTEX_POINT('',#2888);
#2888 = CARTESIAN_POINT('',(-41.82142857142,12.35,13.02));
#2889 = VERTEX_POINT('',#2890);
#2890 = CARTESIAN_POINT('',(-42.03571428571,13.05,13.02));
#2891 = B_SPLINE_CURVE_WITH_KNOTS('',2,(#2892,#2893,#2894),
  .UNSPECIFIED.,.F.,.F.,(3,3),(0.,1.),.PIECEWISE_BEZIER_KNOTS.);
#2892 = CARTESIAN_POINT('',(-41.82142857142,12.35,13.02));
#2893 = CARTESIAN_POINT('',(-42.03571428571,12.721428571429,13.02));
#2894 = CARTESIAN_POINT('',(-42.03571428571,13.05,13.02));
#2895 = ORIENTED_EDGE('',*,*,#2896,.T.);
#2896 = EDGE_CURVE('',#2889,#2897,#2899,.T.);
#2897 = VERTEX_POINT('',#2898);
#2898 = CARTESIAN_POINT('',(-41.23571428571,13.05,13.02));
#2899 = LINE('',#2900,#2901);
#2900 = CARTESIAN_POINT('',(-42.03571428571,13.05,13.02));
#2901 = VECTOR('',#2902,1.);
#2902 = DIRECTION('',(1.,0.,0.));
#2903 = ORIENTED_EDGE('',*,*,#2904,.T.);
#2904 = EDGE_CURVE('',#2897,#2905,#2907,.T.);
#2905 = VERTEX_POINT('',#2906);
#2906 = CARTESIAN_POINT('',(-41.06428571428,12.664285714286,13.02));
#2907 = B_SPLINE_CURVE_WITH_KNOTS('',2,(#2908,#2909,#2910),
  .UNSPECIFIED.,.F.,.F.,(3,3),(0.,1.),.PIECEWISE_BEZIER_KNOTS.);
#2908 = CARTESIAN_POINT('',(-41.23571428571,13.05,13.02));
#2909 = CARTESIAN_POINT('',(-41.23571428571,12.864285714286,13.02));
#2910 = CARTESIAN_POINT('',(-41.06428571428,12.664285714286,13.02));
#2911 = ORIENTED_EDGE('',*,*,#2912,.T.);
#2912 = EDGE_CURVE('',#2905,#2913,#2915,.T.);
#2913 = VERTEX_POINT('',#2914);
#2914 = CARTESIAN_POINT('',(-40.60714285714,12.442857142857,13.02));
#2915 = B_SPLINE_CURVE_WITH_KNOTS('',2,(#2916,#2917,#2918),
  .UNSPECIFIED.,.F.,.F.,(3,3),(0.,1.),.PIECEWISE_BEZIER_KNOTS.);
#2916 = CARTESIAN_POINT('',(-41.06428571428,12.664285714286,13.02));
#2917 = CARTESIAN_POINT('',(-40.87142857142,12.45,13.02));
#2918 = CARTESIAN_POINT('',(-40.60714285714,12.442857142857,13.02));
#2919 = ORIENTED_EDGE('',*,*,#2920,.T.);
#2920 = EDGE_CURVE('',#2913,#2921,#2923,.T.);
#2921 = VERTEX_POINT('',#2922);
#2922 = CARTESIAN_POINT('',(-38.37142857142,12.442857142857,13.02));
#2923 = LINE('',#2924,#2925);
#2924 = CARTESIAN_POINT('',(-40.60714285714,12.442857142857,13.02));
#2925 = VECTOR('',#2926,1.);
#2926 = DIRECTION('',(1.,0.,0.));
#2927 = ORIENTED_EDGE('',*,*,#2928,.T.);
#2928 = EDGE_CURVE('',#2921,#2929,#2931,.T.);
#2929 = VERTEX_POINT('',#2930);
#2930 = CARTESIAN_POINT('',(-37.95714285714,12.628571428571,13.02));
#2931 = B_SPLINE_CURVE_WITH_KNOTS('',2,(#2932,#2933,#2934),
  .UNSPECIFIED.,.F.,.F.,(3,3),(0.,1.),.PIECEWISE_BEZIER_KNOTS.);
#2932 = CARTESIAN_POINT('',(-38.37142857142,12.442857142857,13.02));
#2933 = CARTESIAN_POINT('',(-38.15714285714,12.442857142857,13.02));
#2934 = CARTESIAN_POINT('',(-37.95714285714,12.628571428571,13.02));
#2935 = ORIENTED_EDGE('',*,*,#2936,.T.);
#2936 = EDGE_CURVE('',#2929,#2937,#2939,.T.);
#2937 = VERTEX_POINT('',#2938);
#2938 = CARTESIAN_POINT('',(-37.75714285714,13.05,13.02));
#2939 = B_SPLINE_CURVE_WITH_KNOTS('',2,(#2940,#2941,#2942),
  .UNSPECIFIED.,.F.,.F.,(3,3),(0.,1.),.PIECEWISE_BEZIER_KNOTS.);
#2940 = CARTESIAN_POINT('',(-37.95714285714,12.628571428571,13.02));
#2941 = CARTESIAN_POINT('',(-37.76428571428,12.807142857143,13.02));
#2942 = CARTESIAN_POINT('',(-37.75714285714,13.05,13.02));
#2943 = ORIENTED_EDGE('',*,*,#2944,.T.);
#2944 = EDGE_CURVE('',#2937,#2945,#2947,.T.);
#2945 = VERTEX_POINT('',#2946);
#2946 = CARTESIAN_POINT('',(-36.96428571428,13.05,13.02));
#2947 = LINE('',#2948,#2949);
#2948 = CARTESIAN_POINT('',(-37.75714285714,13.05,13.02));
#2949 = VECTOR('',#2950,1.);
#2950 = DIRECTION('',(1.,0.,0.));
#2951 = ORIENTED_EDGE('',*,*,#2952,.T.);
#2952 = EDGE_CURVE('',#2945,#2953,#2955,.T.);
#2953 = VERTEX_POINT('',#2954);
#2954 = CARTESIAN_POINT('',(-37.58571428571,11.892857142857,13.02));
#2955 = B_SPLINE_CURVE_WITH_KNOTS('',2,(#2956,#2957,#2958),
  .UNSPECIFIED.,.F.,.F.,(3,3),(0.,1.),.PIECEWISE_BEZIER_KNOTS.);
#2956 = CARTESIAN_POINT('',(-36.96428571428,13.05,13.02));
#2957 = CARTESIAN_POINT('',(-36.96428571428,12.328571428571,13.02));
#2958 = CARTESIAN_POINT('',(-37.58571428571,11.892857142857,13.02));
#2959 = ORIENTED_EDGE('',*,*,#2960,.T.);
#2960 = EDGE_CURVE('',#2953,#2961,#2963,.T.);
#2961 = VERTEX_POINT('',#2962);
#2962 = CARTESIAN_POINT('',(-38.25714285714,11.642857142857,13.02));
#2963 = B_SPLINE_CURVE_WITH_KNOTS('',2,(#2964,#2965,#2966),
  .UNSPECIFIED.,.F.,.F.,(3,3),(0.,1.),.PIECEWISE_BEZIER_KNOTS.);
#2964 = CARTESIAN_POINT('',(-37.58571428571,11.892857142857,13.02));
#2965 = CARTESIAN_POINT('',(-37.94285714285,11.642857142857,13.02));
#2966 = CARTESIAN_POINT('',(-38.25714285714,11.642857142857,13.02));
#2967 = ORIENTED_EDGE('',*,*,#2968,.T.);
#2968 = EDGE_CURVE('',#2961,#2969,#2971,.T.);
#2969 = VERTEX_POINT('',#2970);
#2970 = CARTESIAN_POINT('',(-40.60714285714,11.642857142857,13.02));
#2971 = LINE('',#2972,#2973);
#2972 = CARTESIAN_POINT('',(-38.25714285714,11.642857142857,13.02));
#2973 = VECTOR('',#2974,1.);
#2974 = DIRECTION('',(-1.,0.,0.));
#2975 = ORIENTED_EDGE('',*,*,#2976,.T.);
#2976 = EDGE_CURVE('',#2969,#2887,#2977,.T.);
#2977 = B_SPLINE_CURVE_WITH_KNOTS('',2,(#2978,#2979,#2980),
  .UNSPECIFIED.,.F.,.F.,(3,3),(0.,1.),.PIECEWISE_BEZIER_KNOTS.);
#2978 = CARTESIAN_POINT('',(-40.60714285714,11.642857142857,13.02));
#2979 = CARTESIAN_POINT('',(-41.4,11.642857142857,13.02));
#2980 = CARTESIAN_POINT('',(-41.82142857142,12.35,13.02));
#2981 = FACE_BOUND('',#2982,.T.);
#2982 = EDGE_LOOP('',(#2983,#2993,#3001,#3009,#3017,#3025,#3033,#3041,
    #3049,#3057,#3065,#3073));
#2983 = ORIENTED_EDGE('',*,*,#2984,.T.);
#2984 = EDGE_CURVE('',#2985,#2987,#2989,.T.);
#2985 = VERTEX_POINT('',#2986);
#2986 = CARTESIAN_POINT('',(-41.74285714285,14.257142857143,13.02));
#2987 = VERTEX_POINT('',#2988);
#2988 = CARTESIAN_POINT('',(-40.60714285714,14.842857142857,13.02));
#2989 = B_SPLINE_CURVE_WITH_KNOTS('',2,(#2990,#2991,#2992),
  .UNSPECIFIED.,.F.,.F.,(3,3),(0.,1.),.PIECEWISE_BEZIER_KNOTS.);
#2990 = CARTESIAN_POINT('',(-41.74285714285,14.257142857143,13.02));
#2991 = CARTESIAN_POINT('',(-41.31428571428,14.835714285714,13.02));
#2992 = CARTESIAN_POINT('',(-40.60714285714,14.842857142857,13.02));
#2993 = ORIENTED_EDGE('',*,*,#2994,.T.);
#2994 = EDGE_CURVE('',#2987,#2995,#2997,.T.);
#2995 = VERTEX_POINT('',#2996);
#2996 = CARTESIAN_POINT('',(-38.25714285714,14.842857142857,13.02));
#2997 = LINE('',#2998,#2999);
#2998 = CARTESIAN_POINT('',(-40.60714285714,14.842857142857,13.02));
#2999 = VECTOR('',#3000,1.);
#3000 = DIRECTION('',(1.,0.,0.));
#3001 = ORIENTED_EDGE('',*,*,#3002,.T.);
#3002 = EDGE_CURVE('',#2995,#3003,#3005,.T.);
#3003 = VERTEX_POINT('',#3004);
#3004 = CARTESIAN_POINT('',(-37.48571428571,14.521428571429,13.02));
#3005 = B_SPLINE_CURVE_WITH_KNOTS('',2,(#3006,#3007,#3008),
  .UNSPECIFIED.,.F.,.F.,(3,3),(0.,1.),.PIECEWISE_BEZIER_KNOTS.);
#3006 = CARTESIAN_POINT('',(-38.25714285714,14.842857142857,13.02));
#3007 = CARTESIAN_POINT('',(-37.87857142857,14.842857142857,13.02));
#3008 = CARTESIAN_POINT('',(-37.48571428571,14.521428571429,13.02));
#3009 = ORIENTED_EDGE('',*,*,#3010,.T.);
#3010 = EDGE_CURVE('',#3003,#3011,#3013,.T.);
#3011 = VERTEX_POINT('',#3012);
#3012 = CARTESIAN_POINT('',(-36.96428571428,13.435714285714,13.02));
#3013 = B_SPLINE_CURVE_WITH_KNOTS('',2,(#3014,#3015,#3016),
  .UNSPECIFIED.,.F.,.F.,(3,3),(0.,1.),.PIECEWISE_BEZIER_KNOTS.);
#3014 = CARTESIAN_POINT('',(-37.48571428571,14.521428571429,13.02));
#3015 = CARTESIAN_POINT('',(-36.97142857142,14.092857142857,13.02));
#3016 = CARTESIAN_POINT('',(-36.96428571428,13.435714285714,13.02));
#3017 = ORIENTED_EDGE('',*,*,#3018,.T.);
#3018 = EDGE_CURVE('',#3011,#3019,#3021,.T.);
#3019 = VERTEX_POINT('',#3020);
#3020 = CARTESIAN_POINT('',(-37.75714285714,13.435714285714,13.02));
#3021 = LINE('',#3022,#3023);
#3022 = CARTESIAN_POINT('',(-36.96428571428,13.435714285714,13.02));
#3023 = VECTOR('',#3024,1.);
#3024 = DIRECTION('',(-1.,0.,0.));
#3025 = ORIENTED_EDGE('',*,*,#3026,.T.);
#3026 = EDGE_CURVE('',#3019,#3027,#3029,.T.);
#3027 = VERTEX_POINT('',#3028);
#3028 = CARTESIAN_POINT('',(-38.15714285714,13.992857142857,13.02));
#3029 = B_SPLINE_CURVE_WITH_KNOTS('',2,(#3030,#3031,#3032),
  .UNSPECIFIED.,.F.,.F.,(3,3),(0.,1.),.PIECEWISE_BEZIER_KNOTS.);
#3030 = CARTESIAN_POINT('',(-37.75714285714,13.435714285714,13.02));
#3031 = CARTESIAN_POINT('',(-37.76428571428,13.807142857143,13.02));
#3032 = CARTESIAN_POINT('',(-38.15714285714,13.992857142857,13.02));
#3033 = ORIENTED_EDGE('',*,*,#3034,.T.);
#3034 = EDGE_CURVE('',#3027,#3035,#3037,.T.);
#3035 = VERTEX_POINT('',#3036);
#3036 = CARTESIAN_POINT('',(-38.37142857142,14.05,13.02));
#3037 = B_SPLINE_CURVE_WITH_KNOTS('',2,(#3038,#3039,#3040),
  .UNSPECIFIED.,.F.,.F.,(3,3),(0.,1.),.PIECEWISE_BEZIER_KNOTS.);
#3038 = CARTESIAN_POINT('',(-38.15714285714,13.992857142857,13.02));
#3039 = CARTESIAN_POINT('',(-38.28571428571,14.05,13.02));
#3040 = CARTESIAN_POINT('',(-38.37142857142,14.05,13.02));
#3041 = ORIENTED_EDGE('',*,*,#3042,.T.);
#3042 = EDGE_CURVE('',#3035,#3043,#3045,.T.);
#3043 = VERTEX_POINT('',#3044);
#3044 = CARTESIAN_POINT('',(-40.60714285714,14.05,13.02));
#3045 = LINE('',#3046,#3047);
#3046 = CARTESIAN_POINT('',(-38.37142857142,14.05,13.02));
#3047 = VECTOR('',#3048,1.);
#3048 = DIRECTION('',(-1.,0.,0.));
#3049 = ORIENTED_EDGE('',*,*,#3050,.T.);
#3050 = EDGE_CURVE('',#3043,#3051,#3053,.T.);
#3051 = VERTEX_POINT('',#3052);
#3052 = CARTESIAN_POINT('',(-41.17857142857,13.65,13.02));
#3053 = B_SPLINE_CURVE_WITH_KNOTS('',2,(#3054,#3055,#3056),
  .UNSPECIFIED.,.F.,.F.,(3,3),(0.,1.),.PIECEWISE_BEZIER_KNOTS.);
#3054 = CARTESIAN_POINT('',(-40.60714285714,14.05,13.02));
#3055 = CARTESIAN_POINT('',(-40.99285714285,14.05,13.02));
#3056 = CARTESIAN_POINT('',(-41.17857142857,13.65,13.02));
#3057 = ORIENTED_EDGE('',*,*,#3058,.T.);
#3058 = EDGE_CURVE('',#3051,#3059,#3061,.T.);
#3059 = VERTEX_POINT('',#3060);
#3060 = CARTESIAN_POINT('',(-41.23571428571,13.442857142857,13.02));
#3061 = B_SPLINE_CURVE_WITH_KNOTS('',2,(#3062,#3063,#3064),
  .UNSPECIFIED.,.F.,.F.,(3,3),(0.,1.),.PIECEWISE_BEZIER_KNOTS.);
#3062 = CARTESIAN_POINT('',(-41.17857142857,13.65,13.02));
#3063 = CARTESIAN_POINT('',(-41.23571428571,13.528571428571,13.02));
#3064 = CARTESIAN_POINT('',(-41.23571428571,13.442857142857,13.02));
#3065 = ORIENTED_EDGE('',*,*,#3066,.T.);
#3066 = EDGE_CURVE('',#3059,#3067,#3069,.T.);
#3067 = VERTEX_POINT('',#3068);
#3068 = CARTESIAN_POINT('',(-42.03571428571,13.442857142857,13.02));
#3069 = LINE('',#3070,#3071);
#3070 = CARTESIAN_POINT('',(-41.23571428571,13.442857142857,13.02));
#3071 = VECTOR('',#3072,1.);
#3072 = DIRECTION('',(-1.,0.,0.));
#3073 = ORIENTED_EDGE('',*,*,#3074,.T.);
#3074 = EDGE_CURVE('',#3067,#2985,#3075,.T.);
#3075 = B_SPLINE_CURVE_WITH_KNOTS('',2,(#3076,#3077,#3078),
  .UNSPECIFIED.,.F.,.F.,(3,3),(0.,1.),.PIECEWISE_BEZIER_KNOTS.);
#3076 = CARTESIAN_POINT('',(-42.03571428571,13.442857142857,13.02));
#3077 = CARTESIAN_POINT('',(-42.03571428571,13.85,13.02));
#3078 = CARTESIAN_POINT('',(-41.74285714285,14.257142857143,13.02));
#3079 = FACE_BOUND('',#3080,.T.);
#3080 = EDGE_LOOP('',(#3081,#3091,#3099,#3107,#3115,#3123,#3131,#3139,
    #3147,#3155,#3163,#3171));
#3081 = ORIENTED_EDGE('',*,*,#3082,.T.);
#3082 = EDGE_CURVE('',#3083,#3085,#3087,.T.);
#3083 = VERTEX_POINT('',#3084);
#3084 = CARTESIAN_POINT('',(-41.89285714285,16.331904761905,13.02));
#3085 = VERTEX_POINT('',#3086);
#3086 = CARTESIAN_POINT('',(-42.,17.024761904762,13.02));
#3087 = B_SPLINE_CURVE_WITH_KNOTS('',2,(#3088,#3089,#3090),
  .UNSPECIFIED.,.F.,.F.,(3,3),(0.,1.),.PIECEWISE_BEZIER_KNOTS.);
#3088 = CARTESIAN_POINT('',(-41.89285714285,16.331904761905,13.02));
#3089 = CARTESIAN_POINT('',(-42.,16.653333333333,13.02));
#3090 = CARTESIAN_POINT('',(-42.,17.024761904762,13.02));
#3091 = ORIENTED_EDGE('',*,*,#3092,.T.);
#3092 = EDGE_CURVE('',#3085,#3093,#3095,.T.);
#3093 = VERTEX_POINT('',#3094);
#3094 = CARTESIAN_POINT('',(-41.20714285714,17.024761904762,13.02));
#3095 = LINE('',#3096,#3097);
#3096 = CARTESIAN_POINT('',(-42.,17.024761904762,13.02));
#3097 = VECTOR('',#3098,1.);
#3098 = DIRECTION('',(1.,0.,0.));
#3099 = ORIENTED_EDGE('',*,*,#3100,.T.);
#3100 = EDGE_CURVE('',#3093,#3101,#3103,.T.);
#3101 = VERTEX_POINT('',#3102);
#3102 = CARTESIAN_POINT('',(-40.60714285714,16.189047619048,13.02));
#3103 = B_SPLINE_CURVE_WITH_KNOTS('',2,(#3104,#3105,#3106),
  .UNSPECIFIED.,.F.,.F.,(3,3),(0.,1.),.PIECEWISE_BEZIER_KNOTS.);
#3104 = CARTESIAN_POINT('',(-41.20714285714,17.024761904762,13.02));
#3105 = CARTESIAN_POINT('',(-41.20714285714,16.203333333333,13.02));
#3106 = CARTESIAN_POINT('',(-40.60714285714,16.189047619048,13.02));
#3107 = ORIENTED_EDGE('',*,*,#3108,.T.);
#3108 = EDGE_CURVE('',#3101,#3109,#3111,.T.);
#3109 = VERTEX_POINT('',#3110);
#3110 = CARTESIAN_POINT('',(-40.59285714285,16.189047619048,13.02));
#3111 = B_SPLINE_CURVE_WITH_KNOTS('',2,(#3112,#3113,#3114),
  .UNSPECIFIED.,.F.,.F.,(3,3),(0.,1.),.PIECEWISE_BEZIER_KNOTS.);
#3112 = CARTESIAN_POINT('',(-40.60714285714,16.189047619048,13.02));
#3113 = CARTESIAN_POINT('',(-40.6,16.189047619048,13.02));
#3114 = CARTESIAN_POINT('',(-40.59285714285,16.189047619048,13.02));
#3115 = ORIENTED_EDGE('',*,*,#3116,.T.);
#3116 = EDGE_CURVE('',#3109,#3117,#3119,.T.);
#3117 = VERTEX_POINT('',#3118);
#3118 = CARTESIAN_POINT('',(-38.40714285714,16.189047619048,13.02));
#3119 = LINE('',#3120,#3121);
#3120 = CARTESIAN_POINT('',(-40.59285714285,16.189047619048,13.02));
#3121 = VECTOR('',#3122,1.);
#3122 = DIRECTION('',(1.,0.,0.));
#3123 = ORIENTED_EDGE('',*,*,#3124,.T.);
#3124 = EDGE_CURVE('',#3117,#3125,#3127,.T.);
#3125 = VERTEX_POINT('',#3126);
#3126 = CARTESIAN_POINT('',(-37.84285714285,16.667619047619,13.02));
#3127 = B_SPLINE_CURVE_WITH_KNOTS('',2,(#3128,#3129,#3130),
  .UNSPECIFIED.,.F.,.F.,(3,3),(0.,1.),.PIECEWISE_BEZIER_KNOTS.);
#3128 = CARTESIAN_POINT('',(-38.40714285714,16.189047619048,13.02));
#3129 = CARTESIAN_POINT('',(-37.97857142857,16.189047619048,13.02));
#3130 = CARTESIAN_POINT('',(-37.84285714285,16.667619047619,13.02));
#3131 = ORIENTED_EDGE('',*,*,#3132,.T.);
#3132 = EDGE_CURVE('',#3125,#3133,#3135,.T.);
#3133 = VERTEX_POINT('',#3134);
#3134 = CARTESIAN_POINT('',(-37.79285714285,17.024761904762,13.02));
#3135 = B_SPLINE_CURVE_WITH_KNOTS('',2,(#3136,#3137,#3138),
  .UNSPECIFIED.,.F.,.F.,(3,3),(0.,1.),.PIECEWISE_BEZIER_KNOTS.);
#3136 = CARTESIAN_POINT('',(-37.84285714285,16.667619047619,13.02));
#3137 = CARTESIAN_POINT('',(-37.79285714285,16.831904761905,13.02));
#3138 = CARTESIAN_POINT('',(-37.79285714285,17.024761904762,13.02));
#3139 = ORIENTED_EDGE('',*,*,#3140,.T.);
#3140 = EDGE_CURVE('',#3133,#3141,#3143,.T.);
#3141 = VERTEX_POINT('',#3142);
#3142 = CARTESIAN_POINT('',(-37.,17.024761904762,13.02));
#3143 = LINE('',#3144,#3145);
#3144 = CARTESIAN_POINT('',(-37.79285714285,17.024761904762,13.02));
#3145 = VECTOR('',#3146,1.);
#3146 = DIRECTION('',(1.,0.,0.));
#3147 = ORIENTED_EDGE('',*,*,#3148,.T.);
#3148 = EDGE_CURVE('',#3141,#3149,#3151,.T.);
#3149 = VERTEX_POINT('',#3150);
#3150 = CARTESIAN_POINT('',(-37.6,15.660476190476,13.02));
#3151 = B_SPLINE_CURVE_WITH_KNOTS('',2,(#3152,#3153,#3154),
  .UNSPECIFIED.,.F.,.F.,(3,3),(0.,1.),.PIECEWISE_BEZIER_KNOTS.);
#3152 = CARTESIAN_POINT('',(-37.,17.024761904762,13.02));
#3153 = CARTESIAN_POINT('',(-37.,16.110476190476,13.02));
#3154 = CARTESIAN_POINT('',(-37.6,15.660476190476,13.02));
#3155 = ORIENTED_EDGE('',*,*,#3156,.T.);
#3156 = EDGE_CURVE('',#3149,#3157,#3159,.T.);
#3157 = VERTEX_POINT('',#3158);
#3158 = CARTESIAN_POINT('',(-38.40714285714,15.39619047619,13.02));
#3159 = B_SPLINE_CURVE_WITH_KNOTS('',2,(#3160,#3161,#3162),
  .UNSPECIFIED.,.F.,.F.,(3,3),(0.,1.),.PIECEWISE_BEZIER_KNOTS.);
#3160 = CARTESIAN_POINT('',(-37.6,15.660476190476,13.02));
#3161 = CARTESIAN_POINT('',(-37.95714285714,15.39619047619,13.02));
#3162 = CARTESIAN_POINT('',(-38.40714285714,15.39619047619,13.02));
#3163 = ORIENTED_EDGE('',*,*,#3164,.T.);
#3164 = EDGE_CURVE('',#3157,#3165,#3167,.T.);
#3165 = VERTEX_POINT('',#3166);
#3166 = CARTESIAN_POINT('',(-40.59285714285,15.39619047619,13.02));
#3167 = LINE('',#3168,#3169);
#3168 = CARTESIAN_POINT('',(-38.40714285714,15.39619047619,13.02));
#3169 = VECTOR('',#3170,1.);
#3170 = DIRECTION('',(-1.,0.,0.));
#3171 = ORIENTED_EDGE('',*,*,#3172,.T.);
#3172 = EDGE_CURVE('',#3165,#3083,#3173,.T.);
#3173 = B_SPLINE_CURVE_WITH_KNOTS('',2,(#3174,#3175,#3176),
  .UNSPECIFIED.,.F.,.F.,(3,3),(0.,1.),.PIECEWISE_BEZIER_KNOTS.);
#3174 = CARTESIAN_POINT('',(-40.59285714285,15.39619047619,13.02));
#3175 = CARTESIAN_POINT('',(-41.58571428571,15.39619047619,13.02));
#3176 = CARTESIAN_POINT('',(-41.89285714285,16.331904761905,13.02));
#3177 = FACE_BOUND('',#3178,.T.);
#3178 = EDGE_LOOP('',(#3179,#3189,#3197,#3205));
#3179 = ORIENTED_EDGE('',*,*,#3180,.T.);
#3180 = EDGE_CURVE('',#3181,#3183,#3185,.T.);
#3181 = VERTEX_POINT('',#3182);
#3182 = CARTESIAN_POINT('',(-42.,17.39619047619,13.02));
#3183 = VERTEX_POINT('',#3184);
#3184 = CARTESIAN_POINT('',(-42.,18.19619047619,13.02));
#3185 = LINE('',#3186,#3187);
#3186 = CARTESIAN_POINT('',(-42.,17.39619047619,13.02));
#3187 = VECTOR('',#3188,1.);
#3188 = DIRECTION('',(0.,1.,0.));
#3189 = ORIENTED_EDGE('',*,*,#3190,.T.);
#3190 = EDGE_CURVE('',#3183,#3191,#3193,.T.);
#3191 = VERTEX_POINT('',#3192);
#3192 = CARTESIAN_POINT('',(-37.,18.19619047619,13.02));
#3193 = LINE('',#3194,#3195);
#3194 = CARTESIAN_POINT('',(-42.,18.19619047619,13.02));
#3195 = VECTOR('',#3196,1.);
#3196 = DIRECTION('',(1.,0.,0.));
#3197 = ORIENTED_EDGE('',*,*,#3198,.T.);
#3198 = EDGE_CURVE('',#3191,#3199,#3201,.T.);
#3199 = VERTEX_POINT('',#3200);
#3200 = CARTESIAN_POINT('',(-37.,17.39619047619,13.02));
#3201 = LINE('',#3202,#3203);
#3202 = CARTESIAN_POINT('',(-37.,18.19619047619,13.02));
#3203 = VECTOR('',#3204,1.);
#3204 = DIRECTION('',(0.,-1.,0.));
#3205 = ORIENTED_EDGE('',*,*,#3206,.T.);
#3206 = EDGE_CURVE('',#3199,#3181,#3207,.T.);
#3207 = LINE('',#3208,#3209);
#3208 = CARTESIAN_POINT('',(-37.,17.39619047619,13.02));
#3209 = VECTOR('',#3210,1.);
#3210 = DIRECTION('',(-1.,0.,0.));
#3211 = FACE_BOUND('',#3212,.T.);
#3212 = EDGE_LOOP('',(#3213,#3223,#3231,#3239,#3247));
#3213 = ORIENTED_EDGE('',*,*,#3214,.T.);
#3214 = EDGE_CURVE('',#3215,#3217,#3219,.T.);
#3215 = VERTEX_POINT('',#3216);
#3216 = CARTESIAN_POINT('',(-40.27857142857,18.846666666667,13.02));
#3217 = VERTEX_POINT('',#3218);
#3218 = CARTESIAN_POINT('',(-39.08571428571,19.589523809524,13.02));
#3219 = LINE('',#3220,#3221);
#3220 = CARTESIAN_POINT('',(-40.27857142857,18.846666666667,13.02));
#3221 = VECTOR('',#3222,1.);
#3222 = DIRECTION('',(0.848853874434,0.528627562522,0.));
#3223 = ORIENTED_EDGE('',*,*,#3224,.T.);
#3224 = EDGE_CURVE('',#3217,#3225,#3227,.T.);
#3225 = VERTEX_POINT('',#3226);
#3226 = CARTESIAN_POINT('',(-37.,19.589523809524,13.02));
#3227 = LINE('',#3228,#3229);
#3228 = CARTESIAN_POINT('',(-39.08571428571,19.589523809524,13.02));
#3229 = VECTOR('',#3230,1.);
#3230 = DIRECTION('',(1.,0.,0.));
#3231 = ORIENTED_EDGE('',*,*,#3232,.T.);
#3232 = EDGE_CURVE('',#3225,#3233,#3235,.T.);
#3233 = VERTEX_POINT('',#3234);
#3234 = CARTESIAN_POINT('',(-37.,18.789523809524,13.02));
#3235 = LINE('',#3236,#3237);
#3236 = CARTESIAN_POINT('',(-37.,19.589523809524,13.02));
#3237 = VECTOR('',#3238,1.);
#3238 = DIRECTION('',(0.,-1.,0.));
#3239 = ORIENTED_EDGE('',*,*,#3240,.T.);
#3240 = EDGE_CURVE('',#3233,#3241,#3243,.T.);
#3241 = VERTEX_POINT('',#3242);
#3242 = CARTESIAN_POINT('',(-40.27857142857,18.789523809524,13.02));
#3243 = LINE('',#3244,#3245);
#3244 = CARTESIAN_POINT('',(-37.,18.789523809524,13.02));
#3245 = VECTOR('',#3246,1.);
#3246 = DIRECTION('',(-1.,0.,0.));
#3247 = ORIENTED_EDGE('',*,*,#3248,.T.);
#3248 = EDGE_CURVE('',#3241,#3215,#3249,.T.);
#3249 = LINE('',#3250,#3251);
#3250 = CARTESIAN_POINT('',(-40.27857142857,18.789523809524,13.02));
#3251 = VECTOR('',#3252,1.);
#3252 = DIRECTION('',(0.,1.,0.));
#3253 = FACE_BOUND('',#3254,.T.);
#3254 = EDGE_LOOP('',(#3255,#3265,#3273,#3281,#3289,#3297));
#3255 = ORIENTED_EDGE('',*,*,#3256,.T.);
#3256 = EDGE_CURVE('',#3257,#3259,#3261,.T.);
#3257 = VERTEX_POINT('',#3258);
#3258 = CARTESIAN_POINT('',(-42.,19.175238095238,13.02));
#3259 = VERTEX_POINT('',#3260);
#3260 = CARTESIAN_POINT('',(-37.51428571428,21.968095238095,13.02));
#3261 = LINE('',#3262,#3263);
#3262 = CARTESIAN_POINT('',(-42.,19.175238095238,13.02));
#3263 = VECTOR('',#3264,1.);
#3264 = DIRECTION('',(0.848908352634,0.528540073057,0.));
#3265 = ORIENTED_EDGE('',*,*,#3266,.T.);
#3266 = EDGE_CURVE('',#3259,#3267,#3269,.T.);
#3267 = VERTEX_POINT('',#3268);
#3268 = CARTESIAN_POINT('',(-37.,21.968095238095,13.02));
#3269 = LINE('',#3270,#3271);
#3270 = CARTESIAN_POINT('',(-37.51428571428,21.968095238095,13.02));
#3271 = VECTOR('',#3272,1.);
#3272 = DIRECTION('',(1.,0.,0.));
#3273 = ORIENTED_EDGE('',*,*,#3274,.T.);
#3274 = EDGE_CURVE('',#3267,#3275,#3277,.T.);
#3275 = VERTEX_POINT('',#3276);
#3276 = CARTESIAN_POINT('',(-37.,21.30380952381,13.02));
#3277 = LINE('',#3278,#3279);
#3278 = CARTESIAN_POINT('',(-37.,21.968095238095,13.02));
#3279 = VECTOR('',#3280,1.);
#3280 = DIRECTION('',(0.,-1.,0.));
#3281 = ORIENTED_EDGE('',*,*,#3282,.T.);
#3282 = EDGE_CURVE('',#3275,#3283,#3285,.T.);
#3283 = VERTEX_POINT('',#3284);
#3284 = CARTESIAN_POINT('',(-41.03571428571,18.789523809524,13.02));
#3285 = LINE('',#3286,#3287);
#3286 = CARTESIAN_POINT('',(-37.,21.30380952381,13.02));
#3287 = VECTOR('',#3288,1.);
#3288 = DIRECTION('',(-0.848756985023,-0.528783112793,0.));
#3289 = ORIENTED_EDGE('',*,*,#3290,.T.);
#3290 = EDGE_CURVE('',#3283,#3291,#3293,.T.);
#3291 = VERTEX_POINT('',#3292);
#3292 = CARTESIAN_POINT('',(-42.,18.789523809524,13.02));
#3293 = LINE('',#3294,#3295);
#3294 = CARTESIAN_POINT('',(-41.03571428571,18.789523809524,13.02));
#3295 = VECTOR('',#3296,1.);
#3296 = DIRECTION('',(-1.,0.,0.));
#3297 = ORIENTED_EDGE('',*,*,#3298,.T.);
#3298 = EDGE_CURVE('',#3291,#3257,#3299,.T.);
#3299 = LINE('',#3300,#3301);
#3300 = CARTESIAN_POINT('',(-42.,18.789523809524,13.02));
#3301 = VECTOR('',#3302,1.);
#3302 = DIRECTION('',(0.,1.,0.));
#3303 = FACE_BOUND('',#3304,.T.);
#3304 = EDGE_LOOP('',(#3305,#3315,#3323,#3331,#3339));
#3305 = ORIENTED_EDGE('',*,*,#3306,.T.);
#3306 = EDGE_CURVE('',#3307,#3309,#3311,.T.);
#3307 = VERTEX_POINT('',#3308);
#3308 = CARTESIAN_POINT('',(-42.,21.168095238095,13.02));
#3309 = VERTEX_POINT('',#3310);
#3310 = CARTESIAN_POINT('',(-42.,21.968095238095,13.02));
#3311 = LINE('',#3312,#3313);
#3312 = CARTESIAN_POINT('',(-42.,21.168095238095,13.02));
#3313 = VECTOR('',#3314,1.);
#3314 = DIRECTION('',(0.,1.,0.));
#3315 = ORIENTED_EDGE('',*,*,#3316,.T.);
#3316 = EDGE_CURVE('',#3309,#3317,#3319,.T.);
#3317 = VERTEX_POINT('',#3318);
#3318 = CARTESIAN_POINT('',(-38.27142857142,21.968095238095,13.02));
#3319 = LINE('',#3320,#3321);
#3320 = CARTESIAN_POINT('',(-42.,21.968095238095,13.02));
#3321 = VECTOR('',#3322,1.);
#3322 = DIRECTION('',(1.,0.,0.));
#3323 = ORIENTED_EDGE('',*,*,#3324,.T.);
#3324 = EDGE_CURVE('',#3317,#3325,#3327,.T.);
#3325 = VERTEX_POINT('',#3326);
#3326 = CARTESIAN_POINT('',(-38.27142857142,21.910952380952,13.02));
#3327 = LINE('',#3328,#3329);
#3328 = CARTESIAN_POINT('',(-38.27142857142,21.968095238095,13.02));
#3329 = VECTOR('',#3330,1.);
#3330 = DIRECTION('',(0.,-1.,0.));
#3331 = ORIENTED_EDGE('',*,*,#3332,.T.);
#3332 = EDGE_CURVE('',#3325,#3333,#3335,.T.);
#3333 = VERTEX_POINT('',#3334);
#3334 = CARTESIAN_POINT('',(-39.46428571428,21.168095238095,13.02));
#3335 = LINE('',#3336,#3337);
#3336 = CARTESIAN_POINT('',(-38.27142857142,21.910952380952,13.02));
#3337 = VECTOR('',#3338,1.);
#3338 = DIRECTION('',(-0.848853874434,-0.528627562522,0.));
#3339 = ORIENTED_EDGE('',*,*,#3340,.T.);
#3340 = EDGE_CURVE('',#3333,#3307,#3341,.T.);
#3341 = LINE('',#3342,#3343);
#3342 = CARTESIAN_POINT('',(-39.46428571428,21.168095238095,13.02));
#3343 = VECTOR('',#3344,1.);
#3344 = DIRECTION('',(-1.,0.,0.));
#3345 = FACE_BOUND('',#3346,.T.);
#3346 = EDGE_LOOP('',(#3347,#3357,#3365,#3373));
#3347 = ORIENTED_EDGE('',*,*,#3348,.T.);
#3348 = EDGE_CURVE('',#3349,#3351,#3353,.T.);
#3349 = VERTEX_POINT('',#3350);
#3350 = CARTESIAN_POINT('',(-42.,22.57,13.02));
#3351 = VERTEX_POINT('',#3352);
#3352 = CARTESIAN_POINT('',(-42.,23.37,13.02));
#3353 = LINE('',#3354,#3355);
#3354 = CARTESIAN_POINT('',(-42.,22.57,13.02));
#3355 = VECTOR('',#3356,1.);
#3356 = DIRECTION('',(0.,1.,0.));
#3357 = ORIENTED_EDGE('',*,*,#3358,.T.);
#3358 = EDGE_CURVE('',#3351,#3359,#3361,.T.);
#3359 = VERTEX_POINT('',#3360);
#3360 = CARTESIAN_POINT('',(-37.,23.37,13.02));
#3361 = LINE('',#3362,#3363);
#3362 = CARTESIAN_POINT('',(-42.,23.37,13.02));
#3363 = VECTOR('',#3364,1.);
#3364 = DIRECTION('',(1.,0.,0.));
#3365 = ORIENTED_EDGE('',*,*,#3366,.T.);
#3366 = EDGE_CURVE('',#3359,#3367,#3369,.T.);
#3367 = VERTEX_POINT('',#3368);
#3368 = CARTESIAN_POINT('',(-37.,22.57,13.02));
#3369 = LINE('',#3370,#3371);
#3370 = CARTESIAN_POINT('',(-37.,23.37,13.02));
#3371 = VECTOR('',#3372,1.);
#3372 = DIRECTION('',(0.,-1.,0.));
#3373 = ORIENTED_EDGE('',*,*,#3374,.T.);
#3374 = EDGE_CURVE('',#3367,#3349,#3375,.T.);
#3375 = LINE('',#3376,#3377);
#3376 = CARTESIAN_POINT('',(-37.,22.57,13.02));
#3377 = VECTOR('',#3378,1.);
#3378 = DIRECTION('',(-1.,0.,0.));
#3379 = PLANE('',#3380);
#3380 = AXIS2_PLACEMENT_3D('',#3381,#3382,#3383);
#3381 = CARTESIAN_POINT('',(0.711045611967,4.888438582271E-02,13.02));
#3382 = DIRECTION('',(0.,0.,1.));
#3383 = DIRECTION('',(1.,0.,0.));
#3384 = ADVANCED_FACE('',(#3385,#3411),#3445,.T.);
#3385 = FACE_BOUND('',#3386,.T.);
#3386 = EDGE_LOOP('',(#3387,#3397,#3403,#3404,#3405));
#3387 = ORIENTED_EDGE('',*,*,#3388,.T.);
#3388 = EDGE_CURVE('',#3389,#3391,#3393,.T.);
#3389 = VERTEX_POINT('',#3390);
#3390 = CARTESIAN_POINT('',(45.6,-27.,0.3));
#3391 = VERTEX_POINT('',#3392);
#3392 = CARTESIAN_POINT('',(45.6,-27.,3.22));
#3393 = LINE('',#3394,#3395);
#3394 = CARTESIAN_POINT('',(45.6,-27.,0.));
#3395 = VECTOR('',#3396,1.);
#3396 = DIRECTION('',(0.,0.,1.));
#3397 = ORIENTED_EDGE('',*,*,#3398,.T.);
#3398 = EDGE_CURVE('',#3391,#474,#3399,.T.);
#3399 = LINE('',#3400,#3401);
#3400 = CARTESIAN_POINT('',(45.6,-27.,3.22));
#3401 = VECTOR('',#3402,1.);
#3402 = DIRECTION('',(0.,1.,0.));
#3403 = ORIENTED_EDGE('',*,*,#481,.T.);
#3404 = ORIENTED_EDGE('',*,*,#552,.F.);
#3405 = ORIENTED_EDGE('',*,*,#3406,.F.);
#3406 = EDGE_CURVE('',#3389,#544,#3407,.T.);
#3407 = LINE('',#3408,#3409);
#3408 = CARTESIAN_POINT('',(45.6,-27.,0.3));
#3409 = VECTOR('',#3410,1.);
#3410 = DIRECTION('',(0.,1.,0.));
#3411 = FACE_BOUND('',#3412,.T.);
#3412 = EDGE_LOOP('',(#3413,#3423,#3431,#3439));
#3413 = ORIENTED_EDGE('',*,*,#3414,.F.);
#3414 = EDGE_CURVE('',#3415,#3417,#3419,.T.);
#3415 = VERTEX_POINT('',#3416);
#3416 = CARTESIAN_POINT('',(45.6,-18.97,0.93));
#3417 = VERTEX_POINT('',#3418);
#3418 = CARTESIAN_POINT('',(45.6,-23.7,0.93));
#3419 = LINE('',#3420,#3421);
#3420 = CARTESIAN_POINT('',(45.6,21.7,0.93));
#3421 = VECTOR('',#3422,1.);
#3422 = DIRECTION('',(0.,-1.,0.));
#3423 = ORIENTED_EDGE('',*,*,#3424,.T.);
#3424 = EDGE_CURVE('',#3415,#3425,#3427,.T.);
#3425 = VERTEX_POINT('',#3426);
#3426 = CARTESIAN_POINT('',(45.6,-18.97,2.23));
#3427 = LINE('',#3428,#3429);
#3428 = CARTESIAN_POINT('',(45.6,-18.97,0.93));
#3429 = VECTOR('',#3430,1.);
#3430 = DIRECTION('',(0.,0.,1.));
#3431 = ORIENTED_EDGE('',*,*,#3432,.F.);
#3432 = EDGE_CURVE('',#3433,#3425,#3435,.T.);
#3433 = VERTEX_POINT('',#3434);
#3434 = CARTESIAN_POINT('',(45.6,-23.7,2.23));
#3435 = LINE('',#3436,#3437);
#3436 = CARTESIAN_POINT('',(45.6,-23.7,2.23));
#3437 = VECTOR('',#3438,1.);
#3438 = DIRECTION('',(0.,1.,0.));
#3439 = ORIENTED_EDGE('',*,*,#3440,.F.);
#3440 = EDGE_CURVE('',#3417,#3433,#3441,.T.);
#3441 = LINE('',#3442,#3443);
#3442 = CARTESIAN_POINT('',(45.6,-23.7,0.93));
#3443 = VECTOR('',#3444,1.);
#3444 = DIRECTION('',(0.,0.,1.));
#3445 = PLANE('',#3446);
#3446 = AXIS2_PLACEMENT_3D('',#3447,#3448,#3449);
#3447 = CARTESIAN_POINT('',(45.6,-21.97638247141,1.612649898298));
#3448 = DIRECTION('',(-1.,-0.,-0.));
#3449 = DIRECTION('',(0.,0.,-1.));
#3450 = ADVANCED_FACE('',(#3451),#3510,.F.);
#3451 = FACE_BOUND('',#3452,.F.);
#3452 = EDGE_LOOP('',(#3453,#3454,#3455,#3463,#3469,#3470,#3471,#3479,
    #3487,#3495,#3503,#3509));
#3453 = ORIENTED_EDGE('',*,*,#759,.T.);
#3454 = ORIENTED_EDGE('',*,*,#1161,.T.);
#3455 = ORIENTED_EDGE('',*,*,#3456,.T.);
#3456 = EDGE_CURVE('',#1162,#3457,#3459,.T.);
#3457 = VERTEX_POINT('',#3458);
#3458 = CARTESIAN_POINT('',(-45.6,-27.,3.22));
#3459 = LINE('',#3460,#3461);
#3460 = CARTESIAN_POINT('',(-45.6,27.,3.22));
#3461 = VECTOR('',#3462,1.);
#3462 = DIRECTION('',(0.,-1.,0.));
#3463 = ORIENTED_EDGE('',*,*,#3464,.T.);
#3464 = EDGE_CURVE('',#3457,#3391,#3465,.T.);
#3465 = LINE('',#3466,#3467);
#3466 = CARTESIAN_POINT('',(-45.6,-27.,3.22));
#3467 = VECTOR('',#3468,1.);
#3468 = DIRECTION('',(1.,0.,0.));
#3469 = ORIENTED_EDGE('',*,*,#3398,.T.);
#3470 = ORIENTED_EDGE('',*,*,#473,.F.);
#3471 = ORIENTED_EDGE('',*,*,#3472,.F.);
#3472 = EDGE_CURVE('',#3473,#465,#3475,.T.);
#3473 = VERTEX_POINT('',#3474);
#3474 = CARTESIAN_POINT('',(44.5,-25.9,3.22));
#3475 = LINE('',#3476,#3477);
#3476 = CARTESIAN_POINT('',(44.5,-25.9,3.22));
#3477 = VECTOR('',#3478,1.);
#3478 = DIRECTION('',(0.,1.,0.));
#3479 = ORIENTED_EDGE('',*,*,#3480,.F.);
#3480 = EDGE_CURVE('',#3481,#3473,#3483,.T.);
#3481 = VERTEX_POINT('',#3482);
#3482 = CARTESIAN_POINT('',(-44.5,-25.9,3.22));
#3483 = LINE('',#3484,#3485);
#3484 = CARTESIAN_POINT('',(-44.5,-25.9,3.22));
#3485 = VECTOR('',#3486,1.);
#3486 = DIRECTION('',(1.,0.,0.));
#3487 = ORIENTED_EDGE('',*,*,#3488,.F.);
#3488 = EDGE_CURVE('',#3489,#3481,#3491,.T.);
#3489 = VERTEX_POINT('',#3490);
#3490 = CARTESIAN_POINT('',(-44.5,25.9,3.22));
#3491 = LINE('',#3492,#3493);
#3492 = CARTESIAN_POINT('',(-44.5,25.9,3.22));
#3493 = VECTOR('',#3494,1.);
#3494 = DIRECTION('',(0.,-1.,0.));
#3495 = ORIENTED_EDGE('',*,*,#3496,.F.);
#3496 = EDGE_CURVE('',#3497,#3489,#3499,.T.);
#3497 = VERTEX_POINT('',#3498);
#3498 = CARTESIAN_POINT('',(44.5,25.9,3.22));
#3499 = LINE('',#3500,#3501);
#3500 = CARTESIAN_POINT('',(44.5,25.9,3.22));
#3501 = VECTOR('',#3502,1.);
#3502 = DIRECTION('',(-1.,0.,0.));
#3503 = ORIENTED_EDGE('',*,*,#3504,.F.);
#3504 = EDGE_CURVE('',#457,#3497,#3505,.T.);
#3505 = LINE('',#3506,#3507);
#3506 = CARTESIAN_POINT('',(44.5,-25.9,3.22));
#3507 = VECTOR('',#3508,1.);
#3508 = DIRECTION('',(0.,1.,0.));
#3509 = ORIENTED_EDGE('',*,*,#456,.T.);
#3510 = PLANE('',#3511);
#3511 = AXIS2_PLACEMENT_3D('',#3512,#3513,#3514);
#3512 = CARTESIAN_POINT('',(0.,0.,3.22));
#3513 = DIRECTION('',(0.,0.,1.));
#3514 = DIRECTION('',(1.,0.,0.));
#3515 = ADVANCED_FACE('',(#3516),#3543,.T.);
#3516 = FACE_BOUND('',#3517,.T.);
#3517 = EDGE_LOOP('',(#3518,#3519,#3527,#3535,#3541,#3542));
#3518 = ORIENTED_EDGE('',*,*,#3472,.F.);
#3519 = ORIENTED_EDGE('',*,*,#3520,.T.);
#3520 = EDGE_CURVE('',#3473,#3521,#3523,.T.);
#3521 = VERTEX_POINT('',#3522);
#3522 = CARTESIAN_POINT('',(44.5,-25.9,10.82));
#3523 = LINE('',#3524,#3525);
#3524 = CARTESIAN_POINT('',(44.5,-25.9,3.22));
#3525 = VECTOR('',#3526,1.);
#3526 = DIRECTION('',(0.,0.,1.));
#3527 = ORIENTED_EDGE('',*,*,#3528,.T.);
#3528 = EDGE_CURVE('',#3521,#3529,#3531,.T.);
#3529 = VERTEX_POINT('',#3530);
#3530 = CARTESIAN_POINT('',(44.5,25.9,10.82));
#3531 = LINE('',#3532,#3533);
#3532 = CARTESIAN_POINT('',(44.5,-25.9,10.82));
#3533 = VECTOR('',#3534,1.);
#3534 = DIRECTION('',(0.,1.,0.));
#3535 = ORIENTED_EDGE('',*,*,#3536,.F.);
#3536 = EDGE_CURVE('',#3497,#3529,#3537,.T.);
#3537 = LINE('',#3538,#3539);
#3538 = CARTESIAN_POINT('',(44.5,25.9,3.22));
#3539 = VECTOR('',#3540,1.);
#3540 = DIRECTION('',(0.,0.,1.));
#3541 = ORIENTED_EDGE('',*,*,#3504,.F.);
#3542 = ORIENTED_EDGE('',*,*,#464,.T.);
#3543 = PLANE('',#3544);
#3544 = AXIS2_PLACEMENT_3D('',#3545,#3546,#3547);
#3545 = CARTESIAN_POINT('',(44.5,-25.9,3.22));
#3546 = DIRECTION('',(-1.,0.,0.));
#3547 = DIRECTION('',(0.,1.,0.));
#3548 = ADVANCED_FACE('',(#3549,#3567),#3637,.T.);
#3549 = FACE_BOUND('',#3550,.T.);
#3550 = EDGE_LOOP('',(#3551,#3552,#3553,#3561));
#3551 = ORIENTED_EDGE('',*,*,#593,.T.);
#3552 = ORIENTED_EDGE('',*,*,#521,.T.);
#3553 = ORIENTED_EDGE('',*,*,#3554,.F.);
#3554 = EDGE_CURVE('',#3555,#514,#3557,.T.);
#3555 = VERTEX_POINT('',#3556);
#3556 = CARTESIAN_POINT('',(-45.5,-28.4,11.52));
#3557 = LINE('',#3558,#3559);
#3558 = CARTESIAN_POINT('',(-47.,-28.4,11.52));
#3559 = VECTOR('',#3560,1.);
#3560 = DIRECTION('',(1.,0.,0.));
#3561 = ORIENTED_EDGE('',*,*,#3562,.F.);
#3562 = EDGE_CURVE('',#586,#3555,#3563,.T.);
#3563 = LINE('',#3564,#3565);
#3564 = CARTESIAN_POINT('',(-45.5,-28.4,0.));
#3565 = VECTOR('',#3566,1.);
#3566 = DIRECTION('',(0.,0.,1.));
#3567 = FACE_BOUND('',#3568,.T.);
#3568 = EDGE_LOOP('',(#3569,#3579,#3588,#3596,#3605,#3613,#3622,#3630));
#3569 = ORIENTED_EDGE('',*,*,#3570,.F.);
#3570 = EDGE_CURVE('',#3571,#3573,#3575,.T.);
#3571 = VERTEX_POINT('',#3572);
#3572 = CARTESIAN_POINT('',(21.302553,-28.4,1.780635));
#3573 = VERTEX_POINT('',#3574);
#3574 = CARTESIAN_POINT('',(21.302553,-28.4,1.318276));
#3575 = LINE('',#3576,#3577);
#3576 = CARTESIAN_POINT('',(21.302553,-28.4,1.780635));
#3577 = VECTOR('',#3578,1.);
#3578 = DIRECTION('',(0.,0.,-1.));
#3579 = ORIENTED_EDGE('',*,*,#3580,.F.);
#3580 = EDGE_CURVE('',#3581,#3571,#3583,.T.);
#3581 = VERTEX_POINT('',#3582);
#3582 = CARTESIAN_POINT('',(21.809252,-28.4,2.287334));
#3583 = CIRCLE('',#3584,0.506699);
#3584 = AXIS2_PLACEMENT_3D('',#3585,#3586,#3587);
#3585 = CARTESIAN_POINT('',(21.809252,-28.4,1.780635));
#3586 = DIRECTION('',(0.,-1.,0.));
#3587 = DIRECTION('',(1.,0.,0.));
#3588 = ORIENTED_EDGE('',*,*,#3589,.F.);
#3589 = EDGE_CURVE('',#3590,#3581,#3592,.T.);
#3590 = VERTEX_POINT('',#3591);
#3591 = CARTESIAN_POINT('',(33.155333,-28.4,2.287334));
#3592 = LINE('',#3593,#3594);
#3593 = CARTESIAN_POINT('',(33.155333,-28.4,2.287334));
#3594 = VECTOR('',#3595,1.);
#3595 = DIRECTION('',(-1.,0.,0.));
#3596 = ORIENTED_EDGE('',*,*,#3597,.F.);
#3597 = EDGE_CURVE('',#3598,#3590,#3600,.T.);
#3598 = VERTEX_POINT('',#3599);
#3599 = CARTESIAN_POINT('',(33.662032,-28.4,1.780635));
#3600 = CIRCLE('',#3601,0.506699);
#3601 = AXIS2_PLACEMENT_3D('',#3602,#3603,#3604);
#3602 = CARTESIAN_POINT('',(33.155333,-28.4,1.780635));
#3603 = DIRECTION('',(0.,-1.,0.));
#3604 = DIRECTION('',(1.,0.,0.));
#3605 = ORIENTED_EDGE('',*,*,#3606,.F.);
#3606 = EDGE_CURVE('',#3607,#3598,#3609,.T.);
#3607 = VERTEX_POINT('',#3608);
#3608 = CARTESIAN_POINT('',(33.662032,-28.4,1.318276));
#3609 = LINE('',#3610,#3611);
#3610 = CARTESIAN_POINT('',(33.662032,-28.4,1.318276));
#3611 = VECTOR('',#3612,1.);
#3612 = DIRECTION('',(0.,0.,1.));
#3613 = ORIENTED_EDGE('',*,*,#3614,.F.);
#3614 = EDGE_CURVE('',#3615,#3607,#3617,.T.);
#3615 = VERTEX_POINT('',#3616);
#3616 = CARTESIAN_POINT('',(33.155333,-28.4,0.811577));
#3617 = CIRCLE('',#3618,0.506699);
#3618 = AXIS2_PLACEMENT_3D('',#3619,#3620,#3621);
#3619 = CARTESIAN_POINT('',(33.155333,-28.4,1.318276));
#3620 = DIRECTION('',(0.,-1.,0.));
#3621 = DIRECTION('',(1.,0.,0.));
#3622 = ORIENTED_EDGE('',*,*,#3623,.F.);
#3623 = EDGE_CURVE('',#3624,#3615,#3626,.T.);
#3624 = VERTEX_POINT('',#3625);
#3625 = CARTESIAN_POINT('',(21.809252,-28.4,0.811577));
#3626 = LINE('',#3627,#3628);
#3627 = CARTESIAN_POINT('',(21.809252,-28.4,0.811577));
#3628 = VECTOR('',#3629,1.);
#3629 = DIRECTION('',(1.,0.,0.));
#3630 = ORIENTED_EDGE('',*,*,#3631,.F.);
#3631 = EDGE_CURVE('',#3573,#3624,#3632,.T.);
#3632 = CIRCLE('',#3633,0.506699);
#3633 = AXIS2_PLACEMENT_3D('',#3634,#3635,#3636);
#3634 = CARTESIAN_POINT('',(21.809252,-28.4,1.318276));
#3635 = DIRECTION('',(0.,-1.,0.));
#3636 = DIRECTION('',(1.,0.,0.));
#3637 = PLANE('',#3638);
#3638 = AXIS2_PLACEMENT_3D('',#3639,#3640,#3641);
#3639 = CARTESIAN_POINT('',(6.E-16,-28.4,6.51));
#3640 = DIRECTION('',(-0.,-1.,-0.));
#3641 = DIRECTION('',(0.,0.,-1.));
#3642 = ADVANCED_FACE('',(#3643),#3655,.T.);
#3643 = FACE_BOUND('',#3644,.F.);
#3644 = EDGE_LOOP('',(#3645,#3652,#3653,#3654));
#3645 = ORIENTED_EDGE('',*,*,#3646,.T.);
#3646 = EDGE_CURVE('',#3389,#603,#3647,.T.);
#3647 = ELLIPSE('',#3648,0.424264068712,0.3);
#3648 = AXIS2_PLACEMENT_3D('',#3649,#3650,#3651);
#3649 = CARTESIAN_POINT('',(45.9,-27.3,0.3));
#3650 = DIRECTION('',(-0.707106781187,-0.707106781187,0.));
#3651 = DIRECTION('',(0.707106781187,-0.707106781187,0.));
#3652 = ORIENTED_EDGE('',*,*,#602,.T.);
#3653 = ORIENTED_EDGE('',*,*,#543,.F.);
#3654 = ORIENTED_EDGE('',*,*,#3406,.F.);
#3655 = CYLINDRICAL_SURFACE('',#3656,0.3);
#3656 = AXIS2_PLACEMENT_3D('',#3657,#3658,#3659);
#3657 = CARTESIAN_POINT('',(45.9,-27.,0.3));
#3658 = DIRECTION('',(0.,1.,0.));
#3659 = DIRECTION('',(-1.,0.,0.));
#3660 = ADVANCED_FACE('',(#3661),#3679,.T.);
#3661 = FACE_BOUND('',#3662,.T.);
#3662 = EDGE_LOOP('',(#3663,#3664,#3672,#3678));
#3663 = ORIENTED_EDGE('',*,*,#577,.T.);
#3664 = ORIENTED_EDGE('',*,*,#3665,.T.);
#3665 = EDGE_CURVE('',#578,#3666,#3668,.T.);
#3666 = VERTEX_POINT('',#3667);
#3667 = CARTESIAN_POINT('',(-47.,-26.9,11.52));
#3668 = LINE('',#3669,#3670);
#3669 = CARTESIAN_POINT('',(-47.,-26.9,0.));
#3670 = VECTOR('',#3671,1.);
#3671 = DIRECTION('',(0.,0.,1.));
#3672 = ORIENTED_EDGE('',*,*,#3673,.F.);
#3673 = EDGE_CURVE('',#819,#3666,#3674,.T.);
#3674 = LINE('',#3675,#3676);
#3675 = CARTESIAN_POINT('',(-47.,28.4,11.52));
#3676 = VECTOR('',#3677,1.);
#3677 = DIRECTION('',(0.,-1.,0.));
#3678 = ORIENTED_EDGE('',*,*,#826,.F.);
#3679 = PLANE('',#3680);
#3680 = AXIS2_PLACEMENT_3D('',#3681,#3682,#3683);
#3681 = CARTESIAN_POINT('',(-47.,0.,6.51));
#3682 = DIRECTION('',(-1.,-0.,-0.));
#3683 = DIRECTION('',(0.,0.,-1.));
#3684 = ADVANCED_FACE('',(#3685),#3697,.T.);
#3685 = FACE_BOUND('',#3686,.F.);
#3686 = EDGE_LOOP('',(#3687,#3688,#3689,#3696));
#3687 = ORIENTED_EDGE('',*,*,#874,.T.);
#3688 = ORIENTED_EDGE('',*,*,#626,.T.);
#3689 = ORIENTED_EDGE('',*,*,#3690,.F.);
#3690 = EDGE_CURVE('',#1170,#619,#3691,.T.);
#3691 = ELLIPSE('',#3692,0.424264068712,0.3);
#3692 = AXIS2_PLACEMENT_3D('',#3693,#3694,#3695);
#3693 = CARTESIAN_POINT('',(-45.9,27.3,0.3));
#3694 = DIRECTION('',(0.707106781187,0.707106781187,-0.));
#3695 = DIRECTION('',(-0.707106781187,0.707106781187,0.));
#3696 = ORIENTED_EDGE('',*,*,#1177,.F.);
#3697 = CYLINDRICAL_SURFACE('',#3698,0.3);
#3698 = AXIS2_PLACEMENT_3D('',#3699,#3700,#3701);
#3699 = CARTESIAN_POINT('',(-25.2,27.3,0.3));
#3700 = DIRECTION('',(-1.,0.,0.));
#3701 = DIRECTION('',(0.,-1.,0.));
#3702 = ADVANCED_FACE('',(#3703),#3714,.T.);
#3703 = FACE_BOUND('',#3704,.T.);
#3704 = EDGE_LOOP('',(#3705,#3706,#3707,#3713));
#3705 = ORIENTED_EDGE('',*,*,#585,.F.);
#3706 = ORIENTED_EDGE('',*,*,#3562,.T.);
#3707 = ORIENTED_EDGE('',*,*,#3708,.T.);
#3708 = EDGE_CURVE('',#3555,#3666,#3709,.T.);
#3709 = LINE('',#3710,#3711);
#3710 = CARTESIAN_POINT('',(-45.875,-28.025,11.52));
#3711 = VECTOR('',#3712,1.);
#3712 = DIRECTION('',(-0.707106781187,0.707106781187,1.63E-15));
#3713 = ORIENTED_EDGE('',*,*,#3665,.F.);
#3714 = PLANE('',#3715);
#3715 = AXIS2_PLACEMENT_3D('',#3716,#3717,#3718);
#3716 = CARTESIAN_POINT('',(-46.25,-27.65,0.));
#3717 = DIRECTION('',(-0.707106781187,-0.707106781187,0.));
#3718 = DIRECTION('',(0.,0.,1.));
#3719 = ADVANCED_FACE('',(#3720),#3739,.T.);
#3720 = FACE_BOUND('',#3721,.F.);
#3721 = EDGE_LOOP('',(#3722,#3723,#3724,#3733));
#3722 = ORIENTED_EDGE('',*,*,#3690,.T.);
#3723 = ORIENTED_EDGE('',*,*,#618,.T.);
#3724 = ORIENTED_EDGE('',*,*,#3725,.F.);
#3725 = EDGE_CURVE('',#3726,#611,#3728,.T.);
#3726 = VERTEX_POINT('',#3727);
#3727 = CARTESIAN_POINT('',(-45.6,-27.,0.3));
#3728 = ELLIPSE('',#3729,0.424264068712,0.3);
#3729 = AXIS2_PLACEMENT_3D('',#3730,#3731,#3732);
#3730 = CARTESIAN_POINT('',(-45.9,-27.3,0.3));
#3731 = DIRECTION('',(-0.707106781187,0.707106781187,0.));
#3732 = DIRECTION('',(0.707106781187,0.707106781187,0.));
#3733 = ORIENTED_EDGE('',*,*,#3734,.F.);
#3734 = EDGE_CURVE('',#1170,#3726,#3735,.T.);
#3735 = LINE('',#3736,#3737);
#3736 = CARTESIAN_POINT('',(-45.6,27.,0.3));
#3737 = VECTOR('',#3738,1.);
#3738 = DIRECTION('',(0.,-1.,0.));
#3739 = CYLINDRICAL_SURFACE('',#3740,0.3);
#3740 = AXIS2_PLACEMENT_3D('',#3741,#3742,#3743);
#3741 = CARTESIAN_POINT('',(-45.9,27.,0.3));
#3742 = DIRECTION('',(0.,-1.,0.));
#3743 = DIRECTION('',(1.,0.,0.));
#3744 = ADVANCED_FACE('',(#3745),#3756,.T.);
#3745 = FACE_BOUND('',#3746,.F.);
#3746 = EDGE_LOOP('',(#3747,#3748,#3749,#3750));
#3747 = ORIENTED_EDGE('',*,*,#3725,.T.);
#3748 = ORIENTED_EDGE('',*,*,#610,.T.);
#3749 = ORIENTED_EDGE('',*,*,#3646,.F.);
#3750 = ORIENTED_EDGE('',*,*,#3751,.F.);
#3751 = EDGE_CURVE('',#3726,#3389,#3752,.T.);
#3752 = LINE('',#3753,#3754);
#3753 = CARTESIAN_POINT('',(-45.6,-27.,0.3));
#3754 = VECTOR('',#3755,1.);
#3755 = DIRECTION('',(1.,0.,0.));
#3756 = CYLINDRICAL_SURFACE('',#3757,0.3);
#3757 = AXIS2_PLACEMENT_3D('',#3758,#3759,#3760);
#3758 = CARTESIAN_POINT('',(-45.6,-27.3,0.3));
#3759 = DIRECTION('',(1.,0.,0.));
#3760 = DIRECTION('',(0.,1.,0.));
#3761 = ADVANCED_FACE('',(#3762),#3788,.F.);
#3762 = FACE_BOUND('',#3763,.F.);
#3763 = EDGE_LOOP('',(#3764,#3765,#3766,#3774,#3782));
#3764 = ORIENTED_EDGE('',*,*,#648,.F.);
#3765 = ORIENTED_EDGE('',*,*,#718,.F.);
#3766 = ORIENTED_EDGE('',*,*,#3767,.F.);
#3767 = EDGE_CURVE('',#3768,#694,#3770,.T.);
#3768 = VERTEX_POINT('',#3769);
#3769 = CARTESIAN_POINT('',(46.2,21.3,1.33));
#3770 = LINE('',#3771,#3772);
#3771 = CARTESIAN_POINT('',(46.2,21.7,1.33));
#3772 = VECTOR('',#3773,1.);
#3773 = DIRECTION('',(0.,-1.,0.));
#3774 = ORIENTED_EDGE('',*,*,#3775,.F.);
#3775 = EDGE_CURVE('',#3776,#3768,#3778,.T.);
#3776 = VERTEX_POINT('',#3777);
#3777 = CARTESIAN_POINT('',(46.2,21.3,1.83));
#3778 = LINE('',#3779,#3780);
#3779 = CARTESIAN_POINT('',(46.2,21.3,2.23));
#3780 = VECTOR('',#3781,1.);
#3781 = DIRECTION('',(0.,0.,-1.));
#3782 = ORIENTED_EDGE('',*,*,#3783,.F.);
#3783 = EDGE_CURVE('',#651,#3776,#3784,.T.);
#3784 = LINE('',#3785,#3786);
#3785 = CARTESIAN_POINT('',(46.2,-8.2,1.83));
#3786 = VECTOR('',#3787,1.);
#3787 = DIRECTION('',(0.,1.,0.));
#3788 = PLANE('',#3789);
#3789 = AXIS2_PLACEMENT_3D('',#3790,#3791,#3792);
#3790 = CARTESIAN_POINT('',(46.2,-1.,1.58));
#3791 = DIRECTION('',(1.,0.,0.));
#3792 = DIRECTION('',(0.,0.,1.));
#3793 = ADVANCED_FACE('',(#3794),#3837,.F.);
#3794 = FACE_BOUND('',#3795,.F.);
#3795 = EDGE_LOOP('',(#3796,#3805,#3806,#3814));
#3796 = ORIENTED_EDGE('',*,*,#3797,.T.);
#3797 = EDGE_CURVE('',#3798,#660,#3800,.T.);
#3798 = VERTEX_POINT('',#3799);
#3799 = CARTESIAN_POINT('',(45.8,15.738412213198,2.23));
#3800 = CIRCLE('',#3801,0.4);
#3801 = AXIS2_PLACEMENT_3D('',#3802,#3803,#3804);
#3802 = CARTESIAN_POINT('',(45.8,15.738412213198,1.83));
#3803 = DIRECTION('',(0.,1.,0.));
#3804 = DIRECTION('',(0.,0.,1.));
#3805 = ORIENTED_EDGE('',*,*,#659,.T.);
#3806 = ORIENTED_EDGE('',*,*,#3807,.F.);
#3807 = EDGE_CURVE('',#3808,#651,#3810,.T.);
#3808 = VERTEX_POINT('',#3809);
#3809 = CARTESIAN_POINT('',(45.799999999851,16.595855786802,2.23));
#3810 = ( BOUNDED_CURVE() B_SPLINE_CURVE(2,(#3811,#3812,#3813),
.UNSPECIFIED.,.F.,.F.) B_SPLINE_CURVE_WITH_KNOTS((3,3),(0.,
0.857443573605),.PIECEWISE_BEZIER_KNOTS.) CURVE() 
GEOMETRIC_REPRESENTATION_ITEM() RATIONAL_B_SPLINE_CURVE((1.,
0.707106781187,1.)) REPRESENTATION_ITEM('') );
#3811 = CARTESIAN_POINT('',(45.799999999851,16.595855786802,2.23));
#3812 = CARTESIAN_POINT('',(46.2,16.595855786802,2.23));
#3813 = CARTESIAN_POINT('',(46.2,16.595855786748,1.83000000009));
#3814 = ORIENTED_EDGE('',*,*,#3815,.F.);
#3815 = EDGE_CURVE('',#3798,#3808,#3816,.T.);
#3816 = ( BOUNDED_CURVE() B_SPLINE_CURVE(10,(#3817,#3818,#3819,#3820,
    #3821,#3822,#3823,#3824,#3825,#3826,#3827,#3828,#3829,#3830,#3831,
    #3832,#3833,#3834,#3835,#3836),.UNSPECIFIED.,.F.,.F.) 
B_SPLINE_CURVE_WITH_KNOTS((11,9,11),(23.938412213198,24.367134,
24.795855786802),.UNSPECIFIED.) CURVE() GEOMETRIC_REPRESENTATION_ITEM() 
RATIONAL_B_SPLINE_CURVE((1.,1.,1.,1.,1.,1.000000000001,1.,1.,1.,1.,1.,1.
,1.,1.,1.,1.,1.,1.,1.,1.)) REPRESENTATION_ITEM('') );
#3817 = CARTESIAN_POINT('',(45.8,15.738412213198,2.23));
#3818 = CARTESIAN_POINT('',(45.8,15.781284391878,2.23));
#3819 = CARTESIAN_POINT('',(45.813991624333,15.824156570558,2.23));
#3820 = CARTESIAN_POINT('',(45.824005208029,15.867028749238,2.23));
#3821 = CARTESIAN_POINT('',(45.841210365513,15.909900927919,2.23));
#3822 = CARTESIAN_POINT('',(45.850786776933,15.952773106599,2.23));
#3823 = CARTESIAN_POINT('',(45.864454667228,15.995645285279,2.23));
#3824 = CARTESIAN_POINT('',(45.872395827617,16.038517463959,2.23));
#3825 = CARTESIAN_POINT('',(45.878987905108,16.08138964264,2.23));
#3826 = CARTESIAN_POINT('',(45.882051308417,16.12426182132,2.23));
#3827 = CARTESIAN_POINT('',(45.882051308417,16.21000617868,2.23));
#3828 = CARTESIAN_POINT('',(45.878987905107,16.25287835736,2.23));
#3829 = CARTESIAN_POINT('',(45.872395827618,16.295750536041,2.23));
#3830 = CARTESIAN_POINT('',(45.864454667225,16.338622714721,2.23));
#3831 = CARTESIAN_POINT('',(45.850786776936,16.381494893402,2.23));
#3832 = CARTESIAN_POINT('',(45.841210365511,16.424367072081,2.23));
#3833 = CARTESIAN_POINT('',(45.82400520803,16.467239250762,2.23));
#3834 = CARTESIAN_POINT('',(45.813991624333,16.510111429442,2.23));
#3835 = CARTESIAN_POINT('',(45.8,16.552983608122,2.23));
#3836 = CARTESIAN_POINT('',(45.799999999851,16.595855786802,2.23));
#3837 = ( BOUNDED_SURFACE() B_SPLINE_SURFACE(2,10,(
    (#3838,#3839,#3840,#3841,#3842,#3843,#3844,#3845,#3846,#3847,#3848
      ,#3849,#3850,#3851,#3852,#3853,#3854,#3855,#3856,#3857)
    ,(#3858,#3859,#3860,#3861,#3862,#3863,#3864,#3865,#3866,#3867,#3868
      ,#3869,#3870,#3871,#3872,#3873,#3874,#3875,#3876,#3877)
    ,(#3878,#3879,#3880,#3881,#3882,#3883,#3884,#3885,#3886,#3887,#3888
      ,#3889,#3890,#3891,#3892,#3893,#3894,#3895,#3896,#3897
)),.UNSPECIFIED.,.F.,.F.,.F.) B_SPLINE_SURFACE_WITH_KNOTS((3,3),(11,9,11
    ),(0.,0.857443573605),(23.938412213198,24.367134,24.795855786802),
.UNSPECIFIED.) GEOMETRIC_REPRESENTATION_ITEM() RATIONAL_B_SPLINE_SURFACE
((
    (1.,1.,1.,1.,1.,1.000000000001,1.,1.,1.,1.,1.,1.,1.,1.,1.,1.,1.,1.
      ,1.,1.)
    ,(0.707106781187,0.770249736464,0.800975673441,0.83392125225
      ,0.847734416793,0.869830468573,0.87750837971,0.888341767969
      ,0.893369012804,0.89631955797,0.89631955797,0.893369012804
      ,0.888341767969,0.87750837971,0.869830468573,0.847734416793
      ,0.83392125225,0.800975673442,0.770249736464,0.707106781187)
    ,(1.,1.,1.,1.,1.,1.000000000001,1.,1.,1.,1.,1.,1.,1.,1.,1.,1.,1.,1.
,1.,1.))) REPRESENTATION_ITEM('') SURFACE() );
#3838 = CARTESIAN_POINT('',(45.8,15.738412213198,2.23));
#3839 = CARTESIAN_POINT('',(45.8,15.781284391878,2.23));
#3840 = CARTESIAN_POINT('',(45.813991624333,15.824156570558,2.23));
#3841 = CARTESIAN_POINT('',(45.824005208029,15.867028749238,2.23));
#3842 = CARTESIAN_POINT('',(45.841210365513,15.909900927919,2.23));
#3843 = CARTESIAN_POINT('',(45.850786776933,15.952773106599,2.23));
#3844 = CARTESIAN_POINT('',(45.864454667228,15.995645285279,2.23));
#3845 = CARTESIAN_POINT('',(45.872395827617,16.038517463959,2.23));
#3846 = CARTESIAN_POINT('',(45.878987905108,16.08138964264,2.23));
#3847 = CARTESIAN_POINT('',(45.882051308417,16.12426182132,2.23));
#3848 = CARTESIAN_POINT('',(45.882051308417,16.21000617868,2.23));
#3849 = CARTESIAN_POINT('',(45.878987905107,16.25287835736,2.23));
#3850 = CARTESIAN_POINT('',(45.872395827618,16.295750536041,2.23));
#3851 = CARTESIAN_POINT('',(45.864454667225,16.338622714721,2.23));
#3852 = CARTESIAN_POINT('',(45.850786776936,16.381494893402,2.23));
#3853 = CARTESIAN_POINT('',(45.841210365511,16.424367072081,2.23));
#3854 = CARTESIAN_POINT('',(45.82400520803,16.467239250762,2.23));
#3855 = CARTESIAN_POINT('',(45.813991624333,16.510111429442,2.23));
#3856 = CARTESIAN_POINT('',(45.8,16.552983608122,2.23));
#3857 = CARTESIAN_POINT('',(45.799999999851,16.595855786802,2.23));
#3858 = CARTESIAN_POINT('',(46.2,15.738412213198,2.23));
#3859 = CARTESIAN_POINT('',(46.134418199928,15.777769848564,2.23));
#3860 = CARTESIAN_POINT('',(46.112494563336,15.821576441317,2.23));
#3861 = CARTESIAN_POINT('',(46.091944315867,15.863130111008,2.23));
#3862 = CARTESIAN_POINT('',(46.089626873918,15.908528798414,2.23));
#3863 = CARTESIAN_POINT('',(46.08028499823,15.949881188652,
    2.230000000001));
#3864 = CARTESIAN_POINT('',(46.082043789278,15.995003719935,
    2.229999999999));
#3865 = CARTESIAN_POINT('',(46.079721550461,16.037539675987,2.23));
#3866 = CARTESIAN_POINT('',(46.080092590565,16.081167237245,2.23));
#3867 = CARTESIAN_POINT('',(46.079931034504,16.12426182132,2.23));
#3868 = CARTESIAN_POINT('',(46.079931034504,16.21000617868,2.23));
#3869 = CARTESIAN_POINT('',(46.080092590565,16.253100762755,2.23));
#3870 = CARTESIAN_POINT('',(46.079721550461,16.296728324013,2.23));
#3871 = CARTESIAN_POINT('',(46.082043789277,16.339264280065,2.23));
#3872 = CARTESIAN_POINT('',(46.080284998231,16.384386811348,2.23));
#3873 = CARTESIAN_POINT('',(46.089626873917,16.425739201586,2.23));
#3874 = CARTESIAN_POINT('',(46.091944315868,16.471137888992,2.23));
#3875 = CARTESIAN_POINT('',(46.112494563336,16.512691558683,2.23));
#3876 = CARTESIAN_POINT('',(46.134418199928,16.556498151436,2.23));
#3877 = CARTESIAN_POINT('',(46.2,16.595855786802,2.23));
#3878 = CARTESIAN_POINT('',(46.2,15.738412213198,1.83));
#3879 = CARTESIAN_POINT('',(46.2,15.781284391878,1.901438098978));
#3880 = CARTESIAN_POINT('',(46.2,15.824156570558,1.943158016681));
#3881 = CARTESIAN_POINT('',(46.2,15.867028749238,1.98343111346));
#3882 = CARTESIAN_POINT('',(46.2,15.909900927919,2.006326959497));
#3883 = CARTESIAN_POINT('',(46.2,15.952773106598,2.033172587187));
#3884 = CARTESIAN_POINT('',(46.2,15.99564528528,2.046851252039));
#3885 = CARTESIAN_POINT('',(46.2,16.038517463959,2.060888109751));
#3886 = CARTESIAN_POINT('',(46.2,16.08138964264,2.068548684601));
#3887 = CARTESIAN_POINT('',(46.2,16.12426182132,2.072711));
#3888 = CARTESIAN_POINT('',(46.2,16.21000617868,2.072711));
#3889 = CARTESIAN_POINT('',(46.2,16.25287835736,2.068548684601));
#3890 = CARTESIAN_POINT('',(46.2,16.295750536041,2.060888109751));
#3891 = CARTESIAN_POINT('',(46.2,16.33862271472,2.046851252039));
#3892 = CARTESIAN_POINT('',(46.2,16.381494893402,2.033172587187));
#3893 = CARTESIAN_POINT('',(46.2,16.424367072081,2.006326959497));
#3894 = CARTESIAN_POINT('',(46.2,16.467239250762,1.98343111346));
#3895 = CARTESIAN_POINT('',(46.2,16.510111429442,1.943158016681));
#3896 = CARTESIAN_POINT('',(46.2,16.552983608122,1.901438098978));
#3897 = CARTESIAN_POINT('',(46.2,16.595855786748,1.83000000009));
#3898 = ADVANCED_FACE('',(#3899),#3924,.F.);
#3899 = FACE_BOUND('',#3900,.F.);
#3900 = EDGE_LOOP('',(#3901,#3902,#3910,#3918));
#3901 = ORIENTED_EDGE('',*,*,#684,.F.);
#3902 = ORIENTED_EDGE('',*,*,#3903,.F.);
#3903 = EDGE_CURVE('',#3904,#660,#3906,.T.);
#3904 = VERTEX_POINT('',#3905);
#3905 = CARTESIAN_POINT('',(46.2,-7.8,1.83));
#3906 = LINE('',#3907,#3908);
#3907 = CARTESIAN_POINT('',(46.2,-8.2,1.83));
#3908 = VECTOR('',#3909,1.);
#3909 = DIRECTION('',(0.,1.,0.));
#3910 = ORIENTED_EDGE('',*,*,#3911,.T.);
#3911 = EDGE_CURVE('',#3904,#3912,#3914,.T.);
#3912 = VERTEX_POINT('',#3913);
#3913 = CARTESIAN_POINT('',(46.2,-7.8,1.33));
#3914 = LINE('',#3915,#3916);
#3915 = CARTESIAN_POINT('',(46.2,-7.8,2.23));
#3916 = VECTOR('',#3917,1.);
#3917 = DIRECTION('',(0.,0.,-1.));
#3918 = ORIENTED_EDGE('',*,*,#3919,.F.);
#3919 = EDGE_CURVE('',#685,#3912,#3920,.T.);
#3920 = LINE('',#3921,#3922);
#3921 = CARTESIAN_POINT('',(46.2,21.7,1.33));
#3922 = VECTOR('',#3923,1.);
#3923 = DIRECTION('',(0.,-1.,0.));
#3924 = PLANE('',#3925);
#3925 = AXIS2_PLACEMENT_3D('',#3926,#3927,#3928);
#3926 = CARTESIAN_POINT('',(46.2,-1.,1.58));
#3927 = DIRECTION('',(1.,0.,0.));
#3928 = DIRECTION('',(0.,0.,1.));
#3929 = ADVANCED_FACE('',(#3930),#3973,.F.);
#3930 = FACE_BOUND('',#3931,.F.);
#3931 = EDGE_LOOP('',(#3932,#3941,#3942,#3950));
#3932 = ORIENTED_EDGE('',*,*,#3933,.F.);
#3933 = EDGE_CURVE('',#694,#3934,#3936,.T.);
#3934 = VERTEX_POINT('',#3935);
#3935 = CARTESIAN_POINT('',(45.8,16.604273989567,0.93));
#3936 = CIRCLE('',#3937,0.4);
#3937 = AXIS2_PLACEMENT_3D('',#3938,#3939,#3940);
#3938 = CARTESIAN_POINT('',(45.8,16.604273989567,1.33));
#3939 = DIRECTION('',(-0.,1.,0.));
#3940 = DIRECTION('',(1.,0.,0.));
#3941 = ORIENTED_EDGE('',*,*,#693,.T.);
#3942 = ORIENTED_EDGE('',*,*,#3943,.T.);
#3943 = EDGE_CURVE('',#685,#3944,#3946,.T.);
#3944 = VERTEX_POINT('',#3945);
#3945 = CARTESIAN_POINT('',(45.8,15.729994010433,0.93));
#3946 = ( BOUNDED_CURVE() B_SPLINE_CURVE(2,(#3947,#3948,#3949),
.UNSPECIFIED.,.F.,.F.) B_SPLINE_CURVE_WITH_KNOTS((3,3),(0.,
0.874279979135),.PIECEWISE_BEZIER_KNOTS.) CURVE() 
GEOMETRIC_REPRESENTATION_ITEM() RATIONAL_B_SPLINE_CURVE((1.,
0.707106781187,1.)) REPRESENTATION_ITEM('') );
#3947 = CARTESIAN_POINT('',(46.2,15.729994010433,1.33));
#3948 = CARTESIAN_POINT('',(46.2,15.729994010433,0.93));
#3949 = CARTESIAN_POINT('',(45.8,15.729994010433,0.93));
#3950 = ORIENTED_EDGE('',*,*,#3951,.F.);
#3951 = EDGE_CURVE('',#3934,#3944,#3952,.T.);
#3952 = ( BOUNDED_CURVE() B_SPLINE_CURVE(10,(#3953,#3954,#3955,#3956,
    #3957,#3958,#3959,#3960,#3961,#3962,#3963,#3964,#3965,#3966,#3967,
    #3968,#3969,#3970,#3971,#3972),.UNSPECIFIED.,.F.,.F.) 
B_SPLINE_CURVE_WITH_KNOTS((11,9,11),(5.095726010433,5.532866,
5.970005989567),.UNSPECIFIED.) CURVE() GEOMETRIC_REPRESENTATION_ITEM() 
RATIONAL_B_SPLINE_CURVE((1.,1.,1.,1.,1.000000000001,0.999999999999,1.,1.
,1.,1.,1.,1.,1.,1.,1.,1.,1.,1.,1.,1.)) REPRESENTATION_ITEM('') );
#3953 = CARTESIAN_POINT('',(45.8,16.604273989567,0.93));
#3954 = CARTESIAN_POINT('',(45.8,16.560559990611,0.93));
#3955 = CARTESIAN_POINT('',(45.816894811991,16.516845991654,0.93));
#3956 = CARTESIAN_POINT('',(45.827071959743,16.473131992697,0.93));
#3957 = CARTESIAN_POINT('',(45.84805670635,16.429417993741,0.93));
#3958 = CARTESIAN_POINT('',(45.857398745521,16.385703994783,0.93));
#3959 = CARTESIAN_POINT('',(45.874001473134,16.341989995827,0.93));
#3960 = CARTESIAN_POINT('',(45.882539245113,16.29827599687,0.93));
#3961 = CARTESIAN_POINT('',(45.890249378629,16.254561997914,0.93));
#3962 = CARTESIAN_POINT('',(45.893728273458,16.210847998957,0.93));
#3963 = CARTESIAN_POINT('',(45.893728273458,16.123420001043,0.93));
#3964 = CARTESIAN_POINT('',(45.890249378628,16.079706002087,0.93));
#3965 = CARTESIAN_POINT('',(45.882539245114,16.03599200313,0.93));
#3966 = CARTESIAN_POINT('',(45.874001473131,15.992278004173,0.93));
#3967 = CARTESIAN_POINT('',(45.857398745524,15.948564005216,0.93));
#3968 = CARTESIAN_POINT('',(45.848056706347,15.90485000626,0.93));
#3969 = CARTESIAN_POINT('',(45.827071959744,15.861136007303,0.93));
#3970 = CARTESIAN_POINT('',(45.816894811991,15.817422008346,0.93));
#3971 = CARTESIAN_POINT('',(45.8,15.773708009389,0.93));
#3972 = CARTESIAN_POINT('',(45.8,15.729994010433,0.93));
#3973 = ( BOUNDED_SURFACE() B_SPLINE_SURFACE(2,10,(
    (#3974,#3975,#3976,#3977,#3978,#3979,#3980,#3981,#3982,#3983,#3984
      ,#3985,#3986,#3987,#3988,#3989,#3990,#3991,#3992,#3993)
    ,(#3994,#3995,#3996,#3997,#3998,#3999,#4000,#4001,#4002,#4003,#4004
      ,#4005,#4006,#4007,#4008,#4009,#4010,#4011,#4012,#4013)
    ,(#4014,#4015,#4016,#4017,#4018,#4019,#4020,#4021,#4022,#4023,#4024
      ,#4025,#4026,#4027,#4028,#4029,#4030,#4031,#4032,#4033
)),.UNSPECIFIED.,.F.,.F.,.F.) B_SPLINE_SURFACE_WITH_KNOTS((3,3),(11,9,11
    ),(0.,0.874279979135),(5.095726010433,5.532866,5.970005989567),
.UNSPECIFIED.) GEOMETRIC_REPRESENTATION_ITEM() RATIONAL_B_SPLINE_SURFACE
((
    (1.,1.,1.,1.,1.000000000001,0.999999999999,1.,1.,1.,1.,1.,1.,1.,1.
      ,1.,1.,1.,1.,1.,1.)
    ,(0.707106781187,0.776696748211,0.806492978493,0.843967135907
      ,0.854265163876,0.88093333469,0.88606483841,0.89859926648
      ,0.903326294596,0.906427741191,0.906427741191,0.903326294596
      ,0.898599266481,0.88606483841,0.88093333469,0.854265163876
      ,0.843967135908,0.806492978493,0.776696748211,0.707106781187)
    ,(1.,1.,1.,1.,1.000000000001,0.999999999999,1.,1.,1.,1.,1.,1.,1.,1.
,1.,1.,1.,1.,1.,1.))) REPRESENTATION_ITEM('') SURFACE() );
#3974 = CARTESIAN_POINT('',(45.8,16.604273989567,0.93));
#3975 = CARTESIAN_POINT('',(45.8,16.560559990611,0.93));
#3976 = CARTESIAN_POINT('',(45.816894811991,16.516845991654,0.93));
#3977 = CARTESIAN_POINT('',(45.827071959743,16.473131992697,0.93));
#3978 = CARTESIAN_POINT('',(45.84805670635,16.429417993741,0.93));
#3979 = CARTESIAN_POINT('',(45.857398745521,16.385703994783,0.93));
#3980 = CARTESIAN_POINT('',(45.874001473134,16.341989995827,0.93));
#3981 = CARTESIAN_POINT('',(45.882539245113,16.29827599687,0.93));
#3982 = CARTESIAN_POINT('',(45.890249378629,16.254561997914,0.93));
#3983 = CARTESIAN_POINT('',(45.893728273458,16.210847998957,0.93));
#3984 = CARTESIAN_POINT('',(45.893728273458,16.123420001043,0.93));
#3985 = CARTESIAN_POINT('',(45.890249378628,16.079706002087,0.93));
#3986 = CARTESIAN_POINT('',(45.882539245114,16.03599200313,0.93));
#3987 = CARTESIAN_POINT('',(45.874001473131,15.992278004173,0.93));
#3988 = CARTESIAN_POINT('',(45.857398745524,15.948564005216,0.93));
#3989 = CARTESIAN_POINT('',(45.848056706347,15.90485000626,0.93));
#3990 = CARTESIAN_POINT('',(45.827071959744,15.861136007303,0.93));
#3991 = CARTESIAN_POINT('',(45.816894811991,15.817422008346,0.93));
#3992 = CARTESIAN_POINT('',(45.8,15.773708009389,0.93));
#3993 = CARTESIAN_POINT('',(45.8,15.729994010433,0.93));
#3994 = CARTESIAN_POINT('',(46.2,16.604273989567,0.93));
#3995 = CARTESIAN_POINT('',(46.12832212347,16.564476648886,0.93));
#3996 = CARTESIAN_POINT('',(46.108938685189,16.519306427312,0.93));
#3997 = CARTESIAN_POINT('',(46.085930683602,16.477659295109,0.93));
#3998 = CARTESIAN_POINT('',(46.088171511154,16.430238986276,
    0.929999999999));
#3999 = CARTESIAN_POINT('',(46.07640600639,16.389286087148,
    0.930000000001));
#4000 = CARTESIAN_POINT('',(46.081476779311,16.342271508517,
    0.929999999999));
#4001 = CARTESIAN_POINT('',(46.07876632529,16.29944670643,0.930000000001
    ));
#4002 = CARTESIAN_POINT('',(46.080058215988,16.254760690587,0.93));
#4003 = CARTESIAN_POINT('',(46.080113091425,16.210847998957,0.93));
#4004 = CARTESIAN_POINT('',(46.080113091425,16.123420001043,0.93));
#4005 = CARTESIAN_POINT('',(46.080058215988,16.079507309413,0.93));
#4006 = CARTESIAN_POINT('',(46.07876632529,16.03482129357,0.930000000001
    ));
#4007 = CARTESIAN_POINT('',(46.08147677931,15.991996491484,
    0.929999999999));
#4008 = CARTESIAN_POINT('',(46.076406006391,15.94498191285,
    0.930000000002));
#4009 = CARTESIAN_POINT('',(46.088171511153,15.904029013725,
    0.929999999999));
#4010 = CARTESIAN_POINT('',(46.085930683603,15.85660870489,0.93));
#4011 = CARTESIAN_POINT('',(46.108938685189,15.814961572688,0.93));
#4012 = CARTESIAN_POINT('',(46.12832212347,15.769791351115,0.93));
#4013 = CARTESIAN_POINT('',(46.2,15.729994010433,0.93));
#4014 = CARTESIAN_POINT('',(46.2,16.604273989567,1.33));
#4015 = CARTESIAN_POINT('',(46.2,16.560559990611,1.251267939863));
#4016 = CARTESIAN_POINT('',(46.2,16.516845991654,1.209172645373));
#4017 = CARTESIAN_POINT('',(46.2,16.473131992698,1.164245982099));
#4018 = CARTESIAN_POINT('',(46.2,16.42941799374,1.143556768893));
#4019 = CARTESIAN_POINT('',(46.2,16.385703994784,1.112425320269));
#4020 = CARTESIAN_POINT('',(46.2,16.341989995827,1.100424207184));
#4021 = CARTESIAN_POINT('',(46.2,16.29827599687,1.084702111474));
#4022 = CARTESIAN_POINT('',(46.2,16.254561997913,1.077093201649));
#4023 = CARTESIAN_POINT('',(46.2,16.210847998957,1.072711));
#4024 = CARTESIAN_POINT('',(46.2,16.123420001043,1.072711));
#4025 = CARTESIAN_POINT('',(46.2,16.079706002087,1.077093201649));
#4026 = CARTESIAN_POINT('',(46.2,16.035992003129,1.084702111474));
#4027 = CARTESIAN_POINT('',(46.2,15.992278004174,1.100424207183));
#4028 = CARTESIAN_POINT('',(46.2,15.948564005214,1.11242532027));
#4029 = CARTESIAN_POINT('',(46.2,15.904850006261,1.143556768891));
#4030 = CARTESIAN_POINT('',(46.2,15.861136007302,1.1642459821));
#4031 = CARTESIAN_POINT('',(46.2,15.817422008346,1.209172645372));
#4032 = CARTESIAN_POINT('',(46.2,15.773708009389,1.251267939863));
#4033 = CARTESIAN_POINT('',(46.2,15.729994010433,1.33));
#4034 = ADVANCED_FACE('',(#4035),#4067,.F.);
#4035 = FACE_BOUND('',#4036,.F.);
#4036 = EDGE_LOOP('',(#4037,#4045,#4046,#4054,#4060,#4061));
#4037 = ORIENTED_EDGE('',*,*,#4038,.F.);
#4038 = EDGE_CURVE('',#779,#4039,#4041,.T.);
#4039 = VERTEX_POINT('',#4040);
#4040 = CARTESIAN_POINT('',(45.8,21.7,2.23));
#4041 = LINE('',#4042,#4043);
#4042 = CARTESIAN_POINT('',(45.6,21.7,2.23));
#4043 = VECTOR('',#4044,1.);
#4044 = DIRECTION('',(1.,0.,0.));
#4045 = ORIENTED_EDGE('',*,*,#776,.F.);
#4046 = ORIENTED_EDGE('',*,*,#4047,.F.);
#4047 = EDGE_CURVE('',#4048,#777,#4050,.T.);
#4048 = VERTEX_POINT('',#4049);
#4049 = CARTESIAN_POINT('',(45.8,-8.2,2.23));
#4050 = LINE('',#4051,#4052);
#4051 = CARTESIAN_POINT('',(46.2,-8.2,2.23));
#4052 = VECTOR('',#4053,1.);
#4053 = DIRECTION('',(-1.,0.,0.));
#4054 = ORIENTED_EDGE('',*,*,#4055,.T.);
#4055 = EDGE_CURVE('',#4048,#3798,#4056,.T.);
#4056 = LINE('',#4057,#4058);
#4057 = CARTESIAN_POINT('',(45.8,-8.2,2.23));
#4058 = VECTOR('',#4059,1.);
#4059 = DIRECTION('',(0.,1.,0.));
#4060 = ORIENTED_EDGE('',*,*,#3815,.T.);
#4061 = ORIENTED_EDGE('',*,*,#4062,.T.);
#4062 = EDGE_CURVE('',#3808,#4039,#4063,.T.);
#4063 = LINE('',#4064,#4065);
#4064 = CARTESIAN_POINT('',(45.8,-8.2,2.23));
#4065 = VECTOR('',#4066,1.);
#4066 = DIRECTION('',(0.,1.,0.));
#4067 = PLANE('',#4068);
#4068 = AXIS2_PLACEMENT_3D('',#4069,#4070,#4071);
#4069 = CARTESIAN_POINT('',(45.6,-23.7,2.23));
#4070 = DIRECTION('',(0.,0.,1.));
#4071 = DIRECTION('',(0.,1.,0.));
#4072 = ADVANCED_FACE('',(#4073),#4091,.F.);
#4073 = FACE_BOUND('',#4074,.F.);
#4074 = EDGE_LOOP('',(#4075,#4076,#4077,#4085));
#4075 = ORIENTED_EDGE('',*,*,#4047,.T.);
#4076 = ORIENTED_EDGE('',*,*,#786,.T.);
#4077 = ORIENTED_EDGE('',*,*,#4078,.F.);
#4078 = EDGE_CURVE('',#4079,#787,#4081,.T.);
#4079 = VERTEX_POINT('',#4080);
#4080 = CARTESIAN_POINT('',(45.8,-8.2,0.93));
#4081 = LINE('',#4082,#4083);
#4082 = CARTESIAN_POINT('',(46.2,-8.2,0.93));
#4083 = VECTOR('',#4084,1.);
#4084 = DIRECTION('',(-1.,0.,0.));
#4085 = ORIENTED_EDGE('',*,*,#4086,.F.);
#4086 = EDGE_CURVE('',#4048,#4079,#4087,.T.);
#4087 = LINE('',#4088,#4089);
#4088 = CARTESIAN_POINT('',(45.8,-8.2,2.23));
#4089 = VECTOR('',#4090,1.);
#4090 = DIRECTION('',(0.,0.,-1.));
#4091 = PLANE('',#4092);
#4092 = AXIS2_PLACEMENT_3D('',#4093,#4094,#4095);
#4093 = CARTESIAN_POINT('',(46.2,-8.2,2.23));
#4094 = DIRECTION('',(-0.,-1.,-0.));
#4095 = DIRECTION('',(0.,0.,-1.));
#4096 = ADVANCED_FACE('',(#4097),#4122,.F.);
#4097 = FACE_BOUND('',#4098,.F.);
#4098 = EDGE_LOOP('',(#4099,#4100,#4101,#4109,#4115,#4116));
#4099 = ORIENTED_EDGE('',*,*,#4078,.T.);
#4100 = ORIENTED_EDGE('',*,*,#794,.F.);
#4101 = ORIENTED_EDGE('',*,*,#4102,.T.);
#4102 = EDGE_CURVE('',#795,#4103,#4105,.T.);
#4103 = VERTEX_POINT('',#4104);
#4104 = CARTESIAN_POINT('',(45.8,21.7,0.93));
#4105 = LINE('',#4106,#4107);
#4106 = CARTESIAN_POINT('',(45.6,21.7,0.93));
#4107 = VECTOR('',#4108,1.);
#4108 = DIRECTION('',(1.,0.,0.));
#4109 = ORIENTED_EDGE('',*,*,#4110,.T.);
#4110 = EDGE_CURVE('',#4103,#3934,#4111,.T.);
#4111 = LINE('',#4112,#4113);
#4112 = CARTESIAN_POINT('',(45.8,21.7,0.93));
#4113 = VECTOR('',#4114,1.);
#4114 = DIRECTION('',(0.,-1.,0.));
#4115 = ORIENTED_EDGE('',*,*,#3951,.T.);
#4116 = ORIENTED_EDGE('',*,*,#4117,.T.);
#4117 = EDGE_CURVE('',#3944,#4079,#4118,.T.);
#4118 = LINE('',#4119,#4120);
#4119 = CARTESIAN_POINT('',(45.8,21.7,0.93));
#4120 = VECTOR('',#4121,1.);
#4121 = DIRECTION('',(0.,-1.,0.));
#4122 = PLANE('',#4123);
#4123 = AXIS2_PLACEMENT_3D('',#4124,#4125,#4126);
#4124 = CARTESIAN_POINT('',(45.6,21.7,0.93));
#4125 = DIRECTION('',(0.,0.,-1.));
#4126 = DIRECTION('',(0.,-1.,0.));
#4127 = ADVANCED_FACE('',(#4128),#4139,.F.);
#4128 = FACE_BOUND('',#4129,.F.);
#4129 = EDGE_LOOP('',(#4130,#4131,#4137,#4138));
#4130 = ORIENTED_EDGE('',*,*,#4038,.T.);
#4131 = ORIENTED_EDGE('',*,*,#4132,.T.);
#4132 = EDGE_CURVE('',#4039,#4103,#4133,.T.);
#4133 = LINE('',#4134,#4135);
#4134 = CARTESIAN_POINT('',(45.8,21.7,2.23));
#4135 = VECTOR('',#4136,1.);
#4136 = DIRECTION('',(0.,0.,-1.));
#4137 = ORIENTED_EDGE('',*,*,#4102,.F.);
#4138 = ORIENTED_EDGE('',*,*,#802,.F.);
#4139 = PLANE('',#4140);
#4140 = AXIS2_PLACEMENT_3D('',#4141,#4142,#4143);
#4141 = CARTESIAN_POINT('',(45.6,21.7,2.23));
#4142 = DIRECTION('',(0.,1.,0.));
#4143 = DIRECTION('',(0.,0.,-1.));
#4144 = ADVANCED_FACE('',(#4145),#4155,.F.);
#4145 = FACE_BOUND('',#4146,.F.);
#4146 = EDGE_LOOP('',(#4147,#4153,#4154));
#4147 = ORIENTED_EDGE('',*,*,#4148,.F.);
#4148 = EDGE_CURVE('',#819,#891,#4149,.T.);
#4149 = LINE('',#4150,#4151);
#4150 = CARTESIAN_POINT('',(-46.625,26.9,11.895));
#4151 = VECTOR('',#4152,1.);
#4152 = DIRECTION('',(0.707106781187,7.7E-16,0.707106781187));
#4153 = ORIENTED_EDGE('',*,*,#818,.T.);
#4154 = ORIENTED_EDGE('',*,*,#890,.F.);
#4155 = PLANE('',#4156);
#4156 = AXIS2_PLACEMENT_3D('',#4157,#4158,#4159);
#4157 = CARTESIAN_POINT('',(-47.,26.9,11.52));
#4158 = DIRECTION('',(0.57735026919,-0.57735026919,-0.57735026919));
#4159 = DIRECTION('',(-5.551115123126E-17,0.707106781187,-0.707106781187
    ));
#4160 = ADVANCED_FACE('',(#4161),#4179,.F.);
#4161 = FACE_BOUND('',#4162,.F.);
#4162 = EDGE_LOOP('',(#4163,#4171,#4172,#4173));
#4163 = ORIENTED_EDGE('',*,*,#4164,.F.);
#4164 = EDGE_CURVE('',#851,#4165,#4167,.T.);
#4165 = VERTEX_POINT('',#4166);
#4166 = CARTESIAN_POINT('',(-25.11519707931,27.6,0.93));
#4167 = LINE('',#4168,#4169);
#4168 = CARTESIAN_POINT('',(-27.11519707931,27.6,0.93));
#4169 = VECTOR('',#4170,1.);
#4170 = DIRECTION('',(1.,0.,0.));
#4171 = ORIENTED_EDGE('',*,*,#858,.T.);
#4172 = ORIENTED_EDGE('',*,*,#1184,.T.);
#4173 = ORIENTED_EDGE('',*,*,#4174,.F.);
#4174 = EDGE_CURVE('',#4165,#1185,#4175,.T.);
#4175 = LINE('',#4176,#4177);
#4176 = CARTESIAN_POINT('',(-25.11519707931,27.6,0.93));
#4177 = VECTOR('',#4178,1.);
#4178 = DIRECTION('',(0.,-1.,2.2E-16));
#4179 = PLANE('',#4180);
#4180 = AXIS2_PLACEMENT_3D('',#4181,#4182,#4183);
#4181 = CARTESIAN_POINT('',(-27.11519707931,27.6,0.93));
#4182 = DIRECTION('',(0.,2.2E-16,1.));
#4183 = DIRECTION('',(1.,0.,0.));
#4184 = ADVANCED_FACE('',(#4185),#4196,.T.);
#4185 = FACE_BOUND('',#4186,.T.);
#4186 = EDGE_LOOP('',(#4187,#4188,#4194,#4195));
#4187 = ORIENTED_EDGE('',*,*,#915,.T.);
#4188 = ORIENTED_EDGE('',*,*,#4189,.F.);
#4189 = EDGE_CURVE('',#4165,#916,#4190,.T.);
#4190 = LINE('',#4191,#4192);
#4191 = CARTESIAN_POINT('',(-25.11519707931,27.6,0.93));
#4192 = VECTOR('',#4193,1.);
#4193 = DIRECTION('',(0.,0.,1.));
#4194 = ORIENTED_EDGE('',*,*,#4164,.F.);
#4195 = ORIENTED_EDGE('',*,*,#850,.F.);
#4196 = PLANE('',#4197);
#4197 = AXIS2_PLACEMENT_3D('',#4198,#4199,#4200);
#4198 = CARTESIAN_POINT('',(4.32,27.6,1.58));
#4199 = DIRECTION('',(0.,1.,0.));
#4200 = DIRECTION('',(0.,0.,1.));
#4201 = ADVANCED_FACE('',(#4202),#4208,.F.);
#4202 = FACE_BOUND('',#4203,.F.);
#4203 = EDGE_LOOP('',(#4204,#4205,#4206,#4207));
#4204 = ORIENTED_EDGE('',*,*,#4174,.T.);
#4205 = ORIENTED_EDGE('',*,*,#1192,.T.);
#4206 = ORIENTED_EDGE('',*,*,#924,.T.);
#4207 = ORIENTED_EDGE('',*,*,#4189,.F.);
#4208 = PLANE('',#4209);
#4209 = AXIS2_PLACEMENT_3D('',#4210,#4211,#4212);
#4210 = CARTESIAN_POINT('',(-25.11519707931,27.6,0.93));
#4211 = DIRECTION('',(-1.,0.,0.));
#4212 = DIRECTION('',(0.,2.2E-16,1.));
#4213 = ADVANCED_FACE('',(#4214),#4232,.T.);
#4214 = FACE_BOUND('',#4215,.T.);
#4215 = EDGE_LOOP('',(#4216,#4224,#4225,#4226));
#4216 = ORIENTED_EDGE('',*,*,#4217,.F.);
#4217 = EDGE_CURVE('',#991,#4218,#4220,.T.);
#4218 = VERTEX_POINT('',#4219);
#4219 = CARTESIAN_POINT('',(-16.18480292068,27.6,0.93));
#4220 = LINE('',#4221,#4222);
#4221 = CARTESIAN_POINT('',(-16.18480292068,27.6,2.23));
#4222 = VECTOR('',#4223,1.);
#4223 = DIRECTION('',(0.,0.,-1.));
#4224 = ORIENTED_EDGE('',*,*,#998,.T.);
#4225 = ORIENTED_EDGE('',*,*,#1031,.T.);
#4226 = ORIENTED_EDGE('',*,*,#4227,.F.);
#4227 = EDGE_CURVE('',#4218,#1032,#4228,.T.);
#4228 = LINE('',#4229,#4230);
#4229 = CARTESIAN_POINT('',(-16.18480292068,27.6,0.93));
#4230 = VECTOR('',#4231,1.);
#4231 = DIRECTION('',(1.,0.,0.));
#4232 = PLANE('',#4233);
#4233 = AXIS2_PLACEMENT_3D('',#4234,#4235,#4236);
#4234 = CARTESIAN_POINT('',(4.32,27.6,1.58));
#4235 = DIRECTION('',(0.,1.,0.));
#4236 = DIRECTION('',(0.,0.,1.));
#4237 = ADVANCED_FACE('',(#4238),#4249,.F.);
#4238 = FACE_BOUND('',#4239,.F.);
#4239 = EDGE_LOOP('',(#4240,#4241,#4242,#4248));
#4240 = ORIENTED_EDGE('',*,*,#990,.F.);
#4241 = ORIENTED_EDGE('',*,*,#1201,.T.);
#4242 = ORIENTED_EDGE('',*,*,#4243,.F.);
#4243 = EDGE_CURVE('',#4218,#1202,#4244,.T.);
#4244 = LINE('',#4245,#4246);
#4245 = CARTESIAN_POINT('',(-16.18480292068,27.6,0.93));
#4246 = VECTOR('',#4247,1.);
#4247 = DIRECTION('',(0.,-1.,2.2E-16));
#4248 = ORIENTED_EDGE('',*,*,#4217,.F.);
#4249 = PLANE('',#4250);
#4250 = AXIS2_PLACEMENT_3D('',#4251,#4252,#4253);
#4251 = CARTESIAN_POINT('',(-16.18480292068,27.6,2.23));
#4252 = DIRECTION('',(1.,0.,0.));
#4253 = DIRECTION('',(0.,-2.2E-16,-1.));
#4254 = ADVANCED_FACE('',(#4255),#4261,.T.);
#4255 = FACE_BOUND('',#4256,.F.);
#4256 = EDGE_LOOP('',(#4257,#4258,#4259,#4260));
#4257 = ORIENTED_EDGE('',*,*,#1128,.T.);
#4258 = ORIENTED_EDGE('',*,*,#1104,.T.);
#4259 = ORIENTED_EDGE('',*,*,#1055,.F.);
#4260 = ORIENTED_EDGE('',*,*,#1216,.F.);
#4261 = CYLINDRICAL_SURFACE('',#4262,0.3);
#4262 = AXIS2_PLACEMENT_3D('',#4263,#4264,#4265);
#4263 = CARTESIAN_POINT('',(27.17,27.3,0.3));
#4264 = DIRECTION('',(-1.,0.,0.));
#4265 = DIRECTION('',(0.,-1.,0.));
#4266 = ADVANCED_FACE('',(#4267),#4273,.F.);
#4267 = FACE_BOUND('',#4268,.F.);
#4268 = EDGE_LOOP('',(#4269,#4270,#4271,#4272));
#4269 = ORIENTED_EDGE('',*,*,#4227,.F.);
#4270 = ORIENTED_EDGE('',*,*,#4243,.T.);
#4271 = ORIENTED_EDGE('',*,*,#1209,.T.);
#4272 = ORIENTED_EDGE('',*,*,#1039,.F.);
#4273 = PLANE('',#4274);
#4274 = AXIS2_PLACEMENT_3D('',#4275,#4276,#4277);
#4275 = CARTESIAN_POINT('',(-16.18480292068,27.6,0.93));
#4276 = DIRECTION('',(0.,2.2E-16,1.));
#4277 = DIRECTION('',(1.,0.,0.));
#4278 = ADVANCED_FACE('',(#4279,#4290),#4324,.T.);
#4279 = FACE_BOUND('',#4280,.T.);
#4280 = EDGE_LOOP('',(#4281,#4282,#4283,#4289));
#4281 = ORIENTED_EDGE('',*,*,#1169,.T.);
#4282 = ORIENTED_EDGE('',*,*,#3456,.T.);
#4283 = ORIENTED_EDGE('',*,*,#4284,.F.);
#4284 = EDGE_CURVE('',#3726,#3457,#4285,.T.);
#4285 = LINE('',#4286,#4287);
#4286 = CARTESIAN_POINT('',(-45.6,-27.,0.));
#4287 = VECTOR('',#4288,1.);
#4288 = DIRECTION('',(0.,0.,1.));
#4289 = ORIENTED_EDGE('',*,*,#3734,.F.);
#4290 = FACE_BOUND('',#4291,.T.);
#4291 = EDGE_LOOP('',(#4292,#4302,#4310,#4318));
#4292 = ORIENTED_EDGE('',*,*,#4293,.F.);
#4293 = EDGE_CURVE('',#4294,#4296,#4298,.T.);
#4294 = VERTEX_POINT('',#4295);
#4295 = CARTESIAN_POINT('',(-45.6,-21.7,2.23));
#4296 = VERTEX_POINT('',#4297);
#4297 = CARTESIAN_POINT('',(-45.6,-21.7,0.93));
#4298 = LINE('',#4299,#4300);
#4299 = CARTESIAN_POINT('',(-45.6,-21.7,2.23));
#4300 = VECTOR('',#4301,1.);
#4301 = DIRECTION('',(0.,0.,-1.));
#4302 = ORIENTED_EDGE('',*,*,#4303,.F.);
#4303 = EDGE_CURVE('',#4304,#4294,#4306,.T.);
#4304 = VERTEX_POINT('',#4305);
#4305 = CARTESIAN_POINT('',(-45.6,21.7,2.23));
#4306 = LINE('',#4307,#4308);
#4307 = CARTESIAN_POINT('',(-45.6,21.7,2.23));
#4308 = VECTOR('',#4309,1.);
#4309 = DIRECTION('',(0.,-1.,0.));
#4310 = ORIENTED_EDGE('',*,*,#4311,.F.);
#4311 = EDGE_CURVE('',#4312,#4304,#4314,.T.);
#4312 = VERTEX_POINT('',#4313);
#4313 = CARTESIAN_POINT('',(-45.6,21.7,0.93));
#4314 = LINE('',#4315,#4316);
#4315 = CARTESIAN_POINT('',(-45.6,21.7,0.93));
#4316 = VECTOR('',#4317,1.);
#4317 = DIRECTION('',(0.,0.,1.));
#4318 = ORIENTED_EDGE('',*,*,#4319,.F.);
#4319 = EDGE_CURVE('',#4296,#4312,#4320,.T.);
#4320 = LINE('',#4321,#4322);
#4321 = CARTESIAN_POINT('',(-45.6,-21.7,0.93));
#4322 = VECTOR('',#4323,1.);
#4323 = DIRECTION('',(0.,1.,0.));
#4324 = PLANE('',#4325);
#4325 = AXIS2_PLACEMENT_3D('',#4326,#4327,#4328);
#4326 = CARTESIAN_POINT('',(-45.6,27.,0.));
#4327 = DIRECTION('',(1.,0.,0.));
#4328 = DIRECTION('',(0.,-1.,0.));
#4329 = ADVANCED_FACE('',(#4330),#4355,.F.);
#4330 = FACE_BOUND('',#4331,.F.);
#4331 = EDGE_LOOP('',(#4332,#4340,#4341,#4349));
#4332 = ORIENTED_EDGE('',*,*,#4333,.T.);
#4333 = EDGE_CURVE('',#4334,#1236,#4336,.T.);
#4334 = VERTEX_POINT('',#4335);
#4335 = CARTESIAN_POINT('',(-14.18480292068,27.2,2.23));
#4336 = LINE('',#4337,#4338);
#4337 = CARTESIAN_POINT('',(-14.18480292068,27.6,2.23));
#4338 = VECTOR('',#4339,1.);
#4339 = DIRECTION('',(0.,-1.,2.2E-16));
#4340 = ORIENTED_EDGE('',*,*,#1233,.F.);
#4341 = ORIENTED_EDGE('',*,*,#4342,.F.);
#4342 = EDGE_CURVE('',#4343,#1234,#4345,.T.);
#4343 = VERTEX_POINT('',#4344);
#4344 = CARTESIAN_POINT('',(25.17,27.2,2.23));
#4345 = LINE('',#4346,#4347);
#4346 = CARTESIAN_POINT('',(25.17,27.6,2.23));
#4347 = VECTOR('',#4348,1.);
#4348 = DIRECTION('',(0.,-1.,2.2E-16));
#4349 = ORIENTED_EDGE('',*,*,#4350,.T.);
#4350 = EDGE_CURVE('',#4343,#4334,#4351,.T.);
#4351 = LINE('',#4352,#4353);
#4352 = CARTESIAN_POINT('',(25.17,27.2,2.23));
#4353 = VECTOR('',#4354,1.);
#4354 = DIRECTION('',(-1.,0.,0.));
#4355 = PLANE('',#4356);
#4356 = AXIS2_PLACEMENT_3D('',#4357,#4358,#4359);
#4357 = CARTESIAN_POINT('',(40.3,27.,2.23));
#4358 = DIRECTION('',(0.,2.2E-16,1.));
#4359 = DIRECTION('',(-1.,0.,0.));
#4360 = ADVANCED_FACE('',(#4361),#4379,.F.);
#4361 = FACE_BOUND('',#4362,.F.);
#4362 = EDGE_LOOP('',(#4363,#4364,#4365,#4373));
#4363 = ORIENTED_EDGE('',*,*,#4342,.T.);
#4364 = ORIENTED_EDGE('',*,*,#1243,.T.);
#4365 = ORIENTED_EDGE('',*,*,#4366,.F.);
#4366 = EDGE_CURVE('',#4367,#1244,#4369,.T.);
#4367 = VERTEX_POINT('',#4368);
#4368 = CARTESIAN_POINT('',(25.17,27.2,0.93));
#4369 = LINE('',#4370,#4371);
#4370 = CARTESIAN_POINT('',(25.17,27.6,0.93));
#4371 = VECTOR('',#4372,1.);
#4372 = DIRECTION('',(0.,-1.,2.2E-16));
#4373 = ORIENTED_EDGE('',*,*,#4374,.F.);
#4374 = EDGE_CURVE('',#4343,#4367,#4375,.T.);
#4375 = LINE('',#4376,#4377);
#4376 = CARTESIAN_POINT('',(25.17,27.2,2.23));
#4377 = VECTOR('',#4378,1.);
#4378 = DIRECTION('',(0.,-2.2E-16,-1.));
#4379 = PLANE('',#4380);
#4380 = AXIS2_PLACEMENT_3D('',#4381,#4382,#4383);
#4381 = CARTESIAN_POINT('',(25.17,27.6,2.23));
#4382 = DIRECTION('',(1.,0.,0.));
#4383 = DIRECTION('',(0.,-2.2E-16,-1.));
#4384 = ADVANCED_FACE('',(#4385),#4403,.F.);
#4385 = FACE_BOUND('',#4386,.F.);
#4386 = EDGE_LOOP('',(#4387,#4388,#4389,#4397));
#4387 = ORIENTED_EDGE('',*,*,#4366,.T.);
#4388 = ORIENTED_EDGE('',*,*,#1251,.F.);
#4389 = ORIENTED_EDGE('',*,*,#4390,.F.);
#4390 = EDGE_CURVE('',#4391,#1252,#4393,.T.);
#4391 = VERTEX_POINT('',#4392);
#4392 = CARTESIAN_POINT('',(-14.18480292068,27.2,0.93));
#4393 = LINE('',#4394,#4395);
#4394 = CARTESIAN_POINT('',(-14.18480292068,27.6,0.93));
#4395 = VECTOR('',#4396,1.);
#4396 = DIRECTION('',(0.,-1.,2.2E-16));
#4397 = ORIENTED_EDGE('',*,*,#4398,.T.);
#4398 = EDGE_CURVE('',#4391,#4367,#4399,.T.);
#4399 = LINE('',#4400,#4401);
#4400 = CARTESIAN_POINT('',(-14.18480292068,27.2,0.93));
#4401 = VECTOR('',#4402,1.);
#4402 = DIRECTION('',(1.,0.,0.));
#4403 = PLANE('',#4404);
#4404 = AXIS2_PLACEMENT_3D('',#4405,#4406,#4407);
#4405 = CARTESIAN_POINT('',(-40.3,27.,0.93));
#4406 = DIRECTION('',(0.,-2.2E-16,-1.));
#4407 = DIRECTION('',(1.,0.,0.));
#4408 = ADVANCED_FACE('',(#4409),#4420,.F.);
#4409 = FACE_BOUND('',#4410,.F.);
#4410 = EDGE_LOOP('',(#4411,#4412,#4413,#4414));
#4411 = ORIENTED_EDGE('',*,*,#4390,.T.);
#4412 = ORIENTED_EDGE('',*,*,#1259,.T.);
#4413 = ORIENTED_EDGE('',*,*,#4333,.F.);
#4414 = ORIENTED_EDGE('',*,*,#4415,.F.);
#4415 = EDGE_CURVE('',#4391,#4334,#4416,.T.);
#4416 = LINE('',#4417,#4418);
#4417 = CARTESIAN_POINT('',(-14.18480292068,27.2,0.93));
#4418 = VECTOR('',#4419,1.);
#4419 = DIRECTION('',(0.,2.2E-16,1.));
#4420 = PLANE('',#4421);
#4421 = AXIS2_PLACEMENT_3D('',#4422,#4423,#4424);
#4422 = CARTESIAN_POINT('',(-14.18480292068,27.6,0.93));
#4423 = DIRECTION('',(-1.,0.,0.));
#4424 = DIRECTION('',(0.,2.2E-16,1.));
#4425 = ADVANCED_FACE('',(#4426),#4451,.F.);
#4426 = FACE_BOUND('',#4427,.F.);
#4427 = EDGE_LOOP('',(#4428,#4436,#4437,#4445));
#4428 = ORIENTED_EDGE('',*,*,#4429,.F.);
#4429 = EDGE_CURVE('',#1270,#4430,#4432,.T.);
#4430 = VERTEX_POINT('',#4431);
#4431 = CARTESIAN_POINT('',(-40.3,27.2,2.23));
#4432 = LINE('',#4433,#4434);
#4433 = CARTESIAN_POINT('',(-40.3,27.,2.23));
#4434 = VECTOR('',#4435,1.);
#4435 = DIRECTION('',(0.,1.,-2.2E-16));
#4436 = ORIENTED_EDGE('',*,*,#1267,.F.);
#4437 = ORIENTED_EDGE('',*,*,#4438,.F.);
#4438 = EDGE_CURVE('',#4439,#1268,#4441,.T.);
#4439 = VERTEX_POINT('',#4440);
#4440 = CARTESIAN_POINT('',(-27.11519707931,27.2,2.23));
#4441 = LINE('',#4442,#4443);
#4442 = CARTESIAN_POINT('',(-27.11519707931,27.6,2.23));
#4443 = VECTOR('',#4444,1.);
#4444 = DIRECTION('',(0.,-1.,2.2E-16));
#4445 = ORIENTED_EDGE('',*,*,#4446,.T.);
#4446 = EDGE_CURVE('',#4439,#4430,#4447,.T.);
#4447 = LINE('',#4448,#4449);
#4448 = CARTESIAN_POINT('',(-27.11519707931,27.2,2.23));
#4449 = VECTOR('',#4450,1.);
#4450 = DIRECTION('',(-1.,0.,0.));
#4451 = PLANE('',#4452);
#4452 = AXIS2_PLACEMENT_3D('',#4453,#4454,#4455);
#4453 = CARTESIAN_POINT('',(40.3,27.,2.23));
#4454 = DIRECTION('',(0.,2.2E-16,1.));
#4455 = DIRECTION('',(-1.,0.,0.));
#4456 = ADVANCED_FACE('',(#4457),#4475,.F.);
#4457 = FACE_BOUND('',#4458,.F.);
#4458 = EDGE_LOOP('',(#4459,#4460,#4461,#4469));
#4459 = ORIENTED_EDGE('',*,*,#4438,.T.);
#4460 = ORIENTED_EDGE('',*,*,#1277,.T.);
#4461 = ORIENTED_EDGE('',*,*,#4462,.F.);
#4462 = EDGE_CURVE('',#4463,#1278,#4465,.T.);
#4463 = VERTEX_POINT('',#4464);
#4464 = CARTESIAN_POINT('',(-27.11519707931,27.2,0.93));
#4465 = LINE('',#4466,#4467);
#4466 = CARTESIAN_POINT('',(-27.11519707931,27.6,0.93));
#4467 = VECTOR('',#4468,1.);
#4468 = DIRECTION('',(0.,-1.,2.2E-16));
#4469 = ORIENTED_EDGE('',*,*,#4470,.F.);
#4470 = EDGE_CURVE('',#4439,#4463,#4471,.T.);
#4471 = LINE('',#4472,#4473);
#4472 = CARTESIAN_POINT('',(-27.11519707931,27.2,2.23));
#4473 = VECTOR('',#4474,1.);
#4474 = DIRECTION('',(0.,-2.2E-16,-1.));
#4475 = PLANE('',#4476);
#4476 = AXIS2_PLACEMENT_3D('',#4477,#4478,#4479);
#4477 = CARTESIAN_POINT('',(-27.11519707931,27.6,2.23));
#4478 = DIRECTION('',(1.,0.,0.));
#4479 = DIRECTION('',(0.,-2.2E-16,-1.));
#4480 = ADVANCED_FACE('',(#4481),#4499,.F.);
#4481 = FACE_BOUND('',#4482,.F.);
#4482 = EDGE_LOOP('',(#4483,#4484,#4485,#4493));
#4483 = ORIENTED_EDGE('',*,*,#4462,.T.);
#4484 = ORIENTED_EDGE('',*,*,#1285,.F.);
#4485 = ORIENTED_EDGE('',*,*,#4486,.T.);
#4486 = EDGE_CURVE('',#1286,#4487,#4489,.T.);
#4487 = VERTEX_POINT('',#4488);
#4488 = CARTESIAN_POINT('',(-40.3,27.2,0.93));
#4489 = LINE('',#4490,#4491);
#4490 = CARTESIAN_POINT('',(-40.3,27.,0.93));
#4491 = VECTOR('',#4492,1.);
#4492 = DIRECTION('',(0.,1.,-2.2E-16));
#4493 = ORIENTED_EDGE('',*,*,#4494,.T.);
#4494 = EDGE_CURVE('',#4487,#4463,#4495,.T.);
#4495 = LINE('',#4496,#4497);
#4496 = CARTESIAN_POINT('',(-40.3,27.2,0.93));
#4497 = VECTOR('',#4498,1.);
#4498 = DIRECTION('',(1.,0.,0.));
#4499 = PLANE('',#4500);
#4500 = AXIS2_PLACEMENT_3D('',#4501,#4502,#4503);
#4501 = CARTESIAN_POINT('',(-40.3,27.,0.93));
#4502 = DIRECTION('',(0.,-2.2E-16,-1.));
#4503 = DIRECTION('',(1.,0.,0.));
#4504 = ADVANCED_FACE('',(#4505),#4516,.F.);
#4505 = FACE_BOUND('',#4506,.F.);
#4506 = EDGE_LOOP('',(#4507,#4508,#4514,#4515));
#4507 = ORIENTED_EDGE('',*,*,#4429,.T.);
#4508 = ORIENTED_EDGE('',*,*,#4509,.T.);
#4509 = EDGE_CURVE('',#4430,#4487,#4510,.T.);
#4510 = LINE('',#4511,#4512);
#4511 = CARTESIAN_POINT('',(-40.3,27.2,2.23));
#4512 = VECTOR('',#4513,1.);
#4513 = DIRECTION('',(0.,-2.2E-16,-1.));
#4514 = ORIENTED_EDGE('',*,*,#4486,.F.);
#4515 = ORIENTED_EDGE('',*,*,#1293,.F.);
#4516 = PLANE('',#4517);
#4517 = AXIS2_PLACEMENT_3D('',#4518,#4519,#4520);
#4518 = CARTESIAN_POINT('',(-40.3,27.,2.23));
#4519 = DIRECTION('',(-1.,0.,0.));
#4520 = DIRECTION('',(-0.,-2.2E-16,-1.));
#4521 = ADVANCED_FACE('',(#4522),#4547,.F.);
#4522 = FACE_BOUND('',#4523,.F.);
#4523 = EDGE_LOOP('',(#4524,#4532,#4533,#4541));
#4524 = ORIENTED_EDGE('',*,*,#4525,.F.);
#4525 = EDGE_CURVE('',#1304,#4526,#4528,.T.);
#4526 = VERTEX_POINT('',#4527);
#4527 = CARTESIAN_POINT('',(40.3,27.2,0.93));
#4528 = LINE('',#4529,#4530);
#4529 = CARTESIAN_POINT('',(40.3,27.,0.93));
#4530 = VECTOR('',#4531,1.);
#4531 = DIRECTION('',(0.,1.,-2.2E-16));
#4532 = ORIENTED_EDGE('',*,*,#1301,.F.);
#4533 = ORIENTED_EDGE('',*,*,#4534,.F.);
#4534 = EDGE_CURVE('',#4535,#1302,#4537,.T.);
#4535 = VERTEX_POINT('',#4536);
#4536 = CARTESIAN_POINT('',(33.41,27.2,0.93));
#4537 = LINE('',#4538,#4539);
#4538 = CARTESIAN_POINT('',(33.41,27.6,0.93));
#4539 = VECTOR('',#4540,1.);
#4540 = DIRECTION('',(0.,-1.,2.2E-16));
#4541 = ORIENTED_EDGE('',*,*,#4542,.T.);
#4542 = EDGE_CURVE('',#4535,#4526,#4543,.T.);
#4543 = LINE('',#4544,#4545);
#4544 = CARTESIAN_POINT('',(33.41,27.2,0.93));
#4545 = VECTOR('',#4546,1.);
#4546 = DIRECTION('',(1.,0.,0.));
#4547 = PLANE('',#4548);
#4548 = AXIS2_PLACEMENT_3D('',#4549,#4550,#4551);
#4549 = CARTESIAN_POINT('',(-40.3,27.,0.93));
#4550 = DIRECTION('',(0.,-2.2E-16,-1.));
#4551 = DIRECTION('',(1.,0.,0.));
#4552 = ADVANCED_FACE('',(#4553),#4571,.F.);
#4553 = FACE_BOUND('',#4554,.F.);
#4554 = EDGE_LOOP('',(#4555,#4556,#4557,#4565));
#4555 = ORIENTED_EDGE('',*,*,#4534,.T.);
#4556 = ORIENTED_EDGE('',*,*,#1311,.T.);
#4557 = ORIENTED_EDGE('',*,*,#4558,.F.);
#4558 = EDGE_CURVE('',#4559,#1312,#4561,.T.);
#4559 = VERTEX_POINT('',#4560);
#4560 = CARTESIAN_POINT('',(33.41,27.2,2.23));
#4561 = LINE('',#4562,#4563);
#4562 = CARTESIAN_POINT('',(33.41,27.6,2.23));
#4563 = VECTOR('',#4564,1.);
#4564 = DIRECTION('',(0.,-1.,2.2E-16));
#4565 = ORIENTED_EDGE('',*,*,#4566,.F.);
#4566 = EDGE_CURVE('',#4535,#4559,#4567,.T.);
#4567 = LINE('',#4568,#4569);
#4568 = CARTESIAN_POINT('',(33.41,27.2,0.93));
#4569 = VECTOR('',#4570,1.);
#4570 = DIRECTION('',(0.,2.2E-16,1.));
#4571 = PLANE('',#4572);
#4572 = AXIS2_PLACEMENT_3D('',#4573,#4574,#4575);
#4573 = CARTESIAN_POINT('',(33.41,27.6,0.93));
#4574 = DIRECTION('',(-1.,0.,0.));
#4575 = DIRECTION('',(0.,2.2E-16,1.));
#4576 = ADVANCED_FACE('',(#4577),#4595,.F.);
#4577 = FACE_BOUND('',#4578,.F.);
#4578 = EDGE_LOOP('',(#4579,#4580,#4581,#4589));
#4579 = ORIENTED_EDGE('',*,*,#4558,.T.);
#4580 = ORIENTED_EDGE('',*,*,#1319,.F.);
#4581 = ORIENTED_EDGE('',*,*,#4582,.T.);
#4582 = EDGE_CURVE('',#1320,#4583,#4585,.T.);
#4583 = VERTEX_POINT('',#4584);
#4584 = CARTESIAN_POINT('',(40.3,27.2,2.23));
#4585 = LINE('',#4586,#4587);
#4586 = CARTESIAN_POINT('',(40.3,27.,2.23));
#4587 = VECTOR('',#4588,1.);
#4588 = DIRECTION('',(0.,1.,-2.2E-16));
#4589 = ORIENTED_EDGE('',*,*,#4590,.T.);
#4590 = EDGE_CURVE('',#4583,#4559,#4591,.T.);
#4591 = LINE('',#4592,#4593);
#4592 = CARTESIAN_POINT('',(40.3,27.2,2.23));
#4593 = VECTOR('',#4594,1.);
#4594 = DIRECTION('',(-1.,0.,0.));
#4595 = PLANE('',#4596);
#4596 = AXIS2_PLACEMENT_3D('',#4597,#4598,#4599);
#4597 = CARTESIAN_POINT('',(40.3,27.,2.23));
#4598 = DIRECTION('',(0.,2.2E-16,1.));
#4599 = DIRECTION('',(-1.,0.,0.));
#4600 = ADVANCED_FACE('',(#4601),#4612,.F.);
#4601 = FACE_BOUND('',#4602,.F.);
#4602 = EDGE_LOOP('',(#4603,#4604,#4610,#4611));
#4603 = ORIENTED_EDGE('',*,*,#4525,.T.);
#4604 = ORIENTED_EDGE('',*,*,#4605,.T.);
#4605 = EDGE_CURVE('',#4526,#4583,#4606,.T.);
#4606 = LINE('',#4607,#4608);
#4607 = CARTESIAN_POINT('',(40.3,27.2,0.93));
#4608 = VECTOR('',#4609,1.);
#4609 = DIRECTION('',(0.,2.2E-16,1.));
#4610 = ORIENTED_EDGE('',*,*,#4582,.F.);
#4611 = ORIENTED_EDGE('',*,*,#1327,.F.);
#4612 = PLANE('',#4613);
#4613 = AXIS2_PLACEMENT_3D('',#4614,#4615,#4616);
#4614 = CARTESIAN_POINT('',(40.3,27.,0.93));
#4615 = DIRECTION('',(1.,0.,0.));
#4616 = DIRECTION('',(0.,2.2E-16,1.));
#4617 = ADVANCED_FACE('',(#4618),#4629,.T.);
#4618 = FACE_BOUND('',#4619,.T.);
#4619 = EDGE_LOOP('',(#4620,#4626,#4627,#4628));
#4620 = ORIENTED_EDGE('',*,*,#4621,.F.);
#4621 = EDGE_CURVE('',#3555,#1388,#4622,.T.);
#4622 = LINE('',#4623,#4624);
#4623 = CARTESIAN_POINT('',(-45.5,-28.025,11.895));
#4624 = VECTOR('',#4625,1.);
#4625 = DIRECTION('',(-2.4E-15,0.707106781187,0.707106781187));
#4626 = ORIENTED_EDGE('',*,*,#3554,.T.);
#4627 = ORIENTED_EDGE('',*,*,#1372,.F.);
#4628 = ORIENTED_EDGE('',*,*,#1395,.F.);
#4629 = PLANE('',#4630);
#4630 = AXIS2_PLACEMENT_3D('',#4631,#4632,#4633);
#4631 = CARTESIAN_POINT('',(-47.,-27.65,12.27));
#4632 = DIRECTION('',(0.,-0.707106781187,0.707106781187));
#4633 = DIRECTION('',(1.,0.,0.));
#4634 = ADVANCED_FACE('',(#4635),#4646,.T.);
#4635 = FACE_BOUND('',#4636,.F.);
#4636 = EDGE_LOOP('',(#4637,#4638,#4639,#4645));
#4637 = ORIENTED_EDGE('',*,*,#4148,.T.);
#4638 = ORIENTED_EDGE('',*,*,#1387,.T.);
#4639 = ORIENTED_EDGE('',*,*,#4640,.T.);
#4640 = EDGE_CURVE('',#1388,#3666,#4641,.T.);
#4641 = LINE('',#4642,#4643);
#4642 = CARTESIAN_POINT('',(-46.25,-26.9,12.27));
#4643 = VECTOR('',#4644,1.);
#4644 = DIRECTION('',(-0.707106781187,7.7E-16,-0.707106781187));
#4645 = ORIENTED_EDGE('',*,*,#3673,.F.);
#4646 = PLANE('',#4647);
#4647 = AXIS2_PLACEMENT_3D('',#4648,#4649,#4650);
#4648 = CARTESIAN_POINT('',(-46.25,28.4,12.27));
#4649 = DIRECTION('',(-0.707106781187,0.,0.707106781187));
#4650 = DIRECTION('',(-0.,1.,-0.));
#4651 = ADVANCED_FACE('',(#4652),#4677,.T.);
#4652 = FACE_BOUND('',#4653,.T.);
#4653 = EDGE_LOOP('',(#4654,#4662,#4670,#4676));
#4654 = ORIENTED_EDGE('',*,*,#4655,.T.);
#4655 = EDGE_CURVE('',#1405,#4656,#4658,.T.);
#4656 = VERTEX_POINT('',#4657);
#4657 = CARTESIAN_POINT('',(-39.67857142857,-22.4919047619,12.02));
#4658 = LINE('',#4659,#4660);
#4659 = CARTESIAN_POINT('',(-39.67857142857,-22.4919047619,13.02));
#4660 = VECTOR('',#4661,1.);
#4661 = DIRECTION('',(-0.,-0.,-1.));
#4662 = ORIENTED_EDGE('',*,*,#4663,.T.);
#4663 = EDGE_CURVE('',#4656,#4664,#4666,.T.);
#4664 = VERTEX_POINT('',#4665);
#4665 = CARTESIAN_POINT('',(-38.39285714285,-22.12047619047,12.02));
#4666 = LINE('',#4667,#4668);
#4667 = CARTESIAN_POINT('',(-39.67857142857,-22.4919047619,12.02));
#4668 = VECTOR('',#4669,1.);
#4669 = DIRECTION('',(0.960714182841,0.277539652821,0.));
#4670 = ORIENTED_EDGE('',*,*,#4671,.F.);
#4671 = EDGE_CURVE('',#1407,#4664,#4672,.T.);
#4672 = LINE('',#4673,#4674);
#4673 = CARTESIAN_POINT('',(-38.39285714285,-22.12047619047,13.02));
#4674 = VECTOR('',#4675,1.);
#4675 = DIRECTION('',(-0.,-0.,-1.));
#4676 = ORIENTED_EDGE('',*,*,#1404,.F.);
#4677 = PLANE('',#4678);
#4678 = AXIS2_PLACEMENT_3D('',#4679,#4680,#4681);
#4679 = CARTESIAN_POINT('',(-39.67857142857,-22.4919047619,13.02));
#4680 = DIRECTION('',(0.277539652821,-0.960714182841,0.));
#4681 = DIRECTION('',(0.960714182841,0.277539652821,0.));
#4682 = ADVANCED_FACE('',(#4683),#4701,.T.);
#4683 = FACE_BOUND('',#4684,.T.);
#4684 = EDGE_LOOP('',(#4685,#4693,#4699,#4700));
#4685 = ORIENTED_EDGE('',*,*,#4686,.T.);
#4686 = EDGE_CURVE('',#1431,#4687,#4689,.T.);
#4687 = VERTEX_POINT('',#4688);
#4688 = CARTESIAN_POINT('',(-39.67857142857,-22.54904761904,12.02));
#4689 = LINE('',#4690,#4691);
#4690 = CARTESIAN_POINT('',(-39.67857142857,-22.54904761904,13.02));
#4691 = VECTOR('',#4692,1.);
#4692 = DIRECTION('',(-0.,-0.,-1.));
#4693 = ORIENTED_EDGE('',*,*,#4694,.T.);
#4694 = EDGE_CURVE('',#4687,#4656,#4695,.T.);
#4695 = LINE('',#4696,#4697);
#4696 = CARTESIAN_POINT('',(-39.67857142857,-22.54904761904,12.02));
#4697 = VECTOR('',#4698,1.);
#4698 = DIRECTION('',(0.,1.,0.));
#4699 = ORIENTED_EDGE('',*,*,#4655,.F.);
#4700 = ORIENTED_EDGE('',*,*,#1438,.F.);
#4701 = PLANE('',#4702);
#4702 = AXIS2_PLACEMENT_3D('',#4703,#4704,#4705);
#4703 = CARTESIAN_POINT('',(-39.67857142857,-22.54904761904,13.02));
#4704 = DIRECTION('',(1.,-2.2E-16,0.));
#4705 = DIRECTION('',(2.2E-16,1.,0.));
#4706 = ADVANCED_FACE('',(#4707),#4725,.T.);
#4707 = FACE_BOUND('',#4708,.T.);
#4708 = EDGE_LOOP('',(#4709,#4717,#4723,#4724));
#4709 = ORIENTED_EDGE('',*,*,#4710,.T.);
#4710 = EDGE_CURVE('',#1423,#4711,#4713,.T.);
#4711 = VERTEX_POINT('',#4712);
#4712 = CARTESIAN_POINT('',(-37.,-23.46333333333,12.02));
#4713 = LINE('',#4714,#4715);
#4714 = CARTESIAN_POINT('',(-37.,-23.46333333333,13.02));
#4715 = VECTOR('',#4716,1.);
#4716 = DIRECTION('',(-0.,-0.,-1.));
#4717 = ORIENTED_EDGE('',*,*,#4718,.T.);
#4718 = EDGE_CURVE('',#4711,#4687,#4719,.T.);
#4719 = LINE('',#4720,#4721);
#4720 = CARTESIAN_POINT('',(-37.,-23.46333333333,12.02));
#4721 = VECTOR('',#4722,1.);
#4722 = DIRECTION('',(-0.946387496742,0.323033598888,0.));
#4723 = ORIENTED_EDGE('',*,*,#4686,.F.);
#4724 = ORIENTED_EDGE('',*,*,#1430,.F.);
#4725 = PLANE('',#4726);
#4726 = AXIS2_PLACEMENT_3D('',#4727,#4728,#4729);
#4727 = CARTESIAN_POINT('',(-37.,-23.46333333333,13.02));
#4728 = DIRECTION('',(0.323033598888,0.946387496742,0.));
#4729 = DIRECTION('',(-0.946387496742,0.323033598888,0.));
#4730 = ADVANCED_FACE('',(#4731),#4749,.T.);
#4731 = FACE_BOUND('',#4732,.T.);
#4732 = EDGE_LOOP('',(#4733,#4741,#4747,#4748));
#4733 = ORIENTED_EDGE('',*,*,#4734,.T.);
#4734 = EDGE_CURVE('',#1415,#4735,#4737,.T.);
#4735 = VERTEX_POINT('',#4736);
#4736 = CARTESIAN_POINT('',(-37.,-22.6419047619,12.02));
#4737 = LINE('',#4738,#4739);
#4738 = CARTESIAN_POINT('',(-37.,-22.6419047619,13.02));
#4739 = VECTOR('',#4740,1.);
#4740 = DIRECTION('',(-0.,-0.,-1.));
#4741 = ORIENTED_EDGE('',*,*,#4742,.T.);
#4742 = EDGE_CURVE('',#4735,#4711,#4743,.T.);
#4743 = LINE('',#4744,#4745);
#4744 = CARTESIAN_POINT('',(-37.,-22.6419047619,12.02));
#4745 = VECTOR('',#4746,1.);
#4746 = DIRECTION('',(0.,-1.,0.));
#4747 = ORIENTED_EDGE('',*,*,#4710,.F.);
#4748 = ORIENTED_EDGE('',*,*,#1422,.F.);
#4749 = PLANE('',#4750);
#4750 = AXIS2_PLACEMENT_3D('',#4751,#4752,#4753);
#4751 = CARTESIAN_POINT('',(-37.,-22.6419047619,13.02));
#4752 = DIRECTION('',(-1.,2.2E-16,0.));
#4753 = DIRECTION('',(-2.2E-16,-1.,0.));
#4754 = ADVANCED_FACE('',(#4755),#4766,.T.);
#4755 = FACE_BOUND('',#4756,.T.);
#4756 = EDGE_LOOP('',(#4757,#4758,#4764,#4765));
#4757 = ORIENTED_EDGE('',*,*,#4671,.T.);
#4758 = ORIENTED_EDGE('',*,*,#4759,.T.);
#4759 = EDGE_CURVE('',#4664,#4735,#4760,.T.);
#4760 = LINE('',#4761,#4762);
#4761 = CARTESIAN_POINT('',(-38.39285714285,-22.12047619047,12.02));
#4762 = VECTOR('',#4763,1.);
#4763 = DIRECTION('',(0.936526400854,-0.350597062884,0.));
#4764 = ORIENTED_EDGE('',*,*,#4734,.F.);
#4765 = ORIENTED_EDGE('',*,*,#1414,.F.);
#4766 = PLANE('',#4767);
#4767 = AXIS2_PLACEMENT_3D('',#4768,#4769,#4770);
#4768 = CARTESIAN_POINT('',(-38.39285714285,-22.12047619047,13.02));
#4769 = DIRECTION('',(-0.350597062884,-0.936526400854,0.));
#4770 = DIRECTION('',(0.936526400854,-0.350597062884,0.));
#4771 = ADVANCED_FACE('',(#4772),#4797,.T.);
#4772 = FACE_BOUND('',#4773,.T.);
#4773 = EDGE_LOOP('',(#4774,#4782,#4790,#4796));
#4774 = ORIENTED_EDGE('',*,*,#4775,.T.);
#4775 = EDGE_CURVE('',#1447,#4776,#4778,.T.);
#4776 = VERTEX_POINT('',#4777);
#4777 = CARTESIAN_POINT('',(-40.2,-21.46333333333,12.02));
#4778 = LINE('',#4779,#4780);
#4779 = CARTESIAN_POINT('',(-40.2,-21.46333333333,13.02));
#4780 = VECTOR('',#4781,1.);
#4781 = DIRECTION('',(-0.,-0.,-1.));
#4782 = ORIENTED_EDGE('',*,*,#4783,.T.);
#4783 = EDGE_CURVE('',#4776,#4784,#4786,.T.);
#4784 = VERTEX_POINT('',#4785);
#4785 = CARTESIAN_POINT('',(-37.,-20.41333333333,12.02));
#4786 = LINE('',#4787,#4788);
#4787 = CARTESIAN_POINT('',(-40.2,-21.46333333333,12.02));
#4788 = VECTOR('',#4789,1.);
#4789 = DIRECTION('',(0.950157464068,0.311770417897,0.));
#4790 = ORIENTED_EDGE('',*,*,#4791,.F.);
#4791 = EDGE_CURVE('',#1449,#4784,#4792,.T.);
#4792 = LINE('',#4793,#4794);
#4793 = CARTESIAN_POINT('',(-37.,-20.41333333333,13.02));
#4794 = VECTOR('',#4795,1.);
#4795 = DIRECTION('',(-0.,-0.,-1.));
#4796 = ORIENTED_EDGE('',*,*,#1446,.F.);
#4797 = PLANE('',#4798);
#4798 = AXIS2_PLACEMENT_3D('',#4799,#4800,#4801);
#4799 = CARTESIAN_POINT('',(-40.2,-21.46333333333,13.02));
#4800 = DIRECTION('',(0.311770417897,-0.950157464068,0.));
#4801 = DIRECTION('',(0.950157464068,0.311770417897,0.));
#4802 = ADVANCED_FACE('',(#4803),#4821,.T.);
#4803 = FACE_BOUND('',#4804,.T.);
#4804 = EDGE_LOOP('',(#4805,#4813,#4819,#4820));
#4805 = ORIENTED_EDGE('',*,*,#4806,.T.);
#4806 = EDGE_CURVE('',#1481,#4807,#4809,.T.);
#4807 = VERTEX_POINT('',#4808);
#4808 = CARTESIAN_POINT('',(-42.,-21.46333333333,12.02));
#4809 = LINE('',#4810,#4811);
#4810 = CARTESIAN_POINT('',(-42.,-21.46333333333,13.02));
#4811 = VECTOR('',#4812,1.);
#4812 = DIRECTION('',(-0.,-0.,-1.));
#4813 = ORIENTED_EDGE('',*,*,#4814,.T.);
#4814 = EDGE_CURVE('',#4807,#4776,#4815,.T.);
#4815 = LINE('',#4816,#4817);
#4816 = CARTESIAN_POINT('',(-42.,-21.46333333333,12.02));
#4817 = VECTOR('',#4818,1.);
#4818 = DIRECTION('',(1.,0.,0.));
#4819 = ORIENTED_EDGE('',*,*,#4775,.F.);
#4820 = ORIENTED_EDGE('',*,*,#1488,.F.);
#4821 = PLANE('',#4822);
#4822 = AXIS2_PLACEMENT_3D('',#4823,#4824,#4825);
#4823 = CARTESIAN_POINT('',(-42.,-21.46333333333,13.02));
#4824 = DIRECTION('',(-2.2E-16,-1.,0.));
#4825 = DIRECTION('',(1.,-2.2E-16,0.));
#4826 = ADVANCED_FACE('',(#4827),#4845,.T.);
#4827 = FACE_BOUND('',#4828,.T.);
#4828 = EDGE_LOOP('',(#4829,#4837,#4843,#4844));
#4829 = ORIENTED_EDGE('',*,*,#4830,.T.);
#4830 = EDGE_CURVE('',#1473,#4831,#4833,.T.);
#4831 = VERTEX_POINT('',#4832);
#4832 = CARTESIAN_POINT('',(-42.,-22.28476190476,12.02));
#4833 = LINE('',#4834,#4835);
#4834 = CARTESIAN_POINT('',(-42.,-22.28476190476,13.02));
#4835 = VECTOR('',#4836,1.);
#4836 = DIRECTION('',(-0.,-0.,-1.));
#4837 = ORIENTED_EDGE('',*,*,#4838,.T.);
#4838 = EDGE_CURVE('',#4831,#4807,#4839,.T.);
#4839 = LINE('',#4840,#4841);
#4840 = CARTESIAN_POINT('',(-42.,-22.28476190476,12.02));
#4841 = VECTOR('',#4842,1.);
#4842 = DIRECTION('',(0.,1.,0.));
#4843 = ORIENTED_EDGE('',*,*,#4806,.F.);
#4844 = ORIENTED_EDGE('',*,*,#1480,.F.);
#4845 = PLANE('',#4846);
#4846 = AXIS2_PLACEMENT_3D('',#4847,#4848,#4849);
#4847 = CARTESIAN_POINT('',(-42.,-22.28476190476,13.02));
#4848 = DIRECTION('',(1.,-2.2E-16,0.));
#4849 = DIRECTION('',(2.2E-16,1.,0.));
#4850 = ADVANCED_FACE('',(#4851),#4869,.T.);
#4851 = FACE_BOUND('',#4852,.T.);
#4852 = EDGE_LOOP('',(#4853,#4861,#4867,#4868));
#4853 = ORIENTED_EDGE('',*,*,#4854,.T.);
#4854 = EDGE_CURVE('',#1465,#4855,#4857,.T.);
#4855 = VERTEX_POINT('',#4856);
#4856 = CARTESIAN_POINT('',(-40.19285714285,-22.28476190476,12.02));
#4857 = LINE('',#4858,#4859);
#4858 = CARTESIAN_POINT('',(-40.19285714285,-22.28476190476,13.02));
#4859 = VECTOR('',#4860,1.);
#4860 = DIRECTION('',(-0.,-0.,-1.));
#4861 = ORIENTED_EDGE('',*,*,#4862,.T.);
#4862 = EDGE_CURVE('',#4855,#4831,#4863,.T.);
#4863 = LINE('',#4864,#4865);
#4864 = CARTESIAN_POINT('',(-40.19285714285,-22.28476190476,12.02));
#4865 = VECTOR('',#4866,1.);
#4866 = DIRECTION('',(-1.,0.,0.));
#4867 = ORIENTED_EDGE('',*,*,#4830,.F.);
#4868 = ORIENTED_EDGE('',*,*,#1472,.F.);
#4869 = PLANE('',#4870);
#4870 = AXIS2_PLACEMENT_3D('',#4871,#4872,#4873);
#4871 = CARTESIAN_POINT('',(-40.19285714285,-22.28476190476,13.02));
#4872 = DIRECTION('',(2.2E-16,1.,0.));
#4873 = DIRECTION('',(-1.,2.2E-16,0.));
#4874 = ADVANCED_FACE('',(#4875),#4893,.T.);
#4875 = FACE_BOUND('',#4876,.T.);
#4876 = EDGE_LOOP('',(#4877,#4885,#4891,#4892));
#4877 = ORIENTED_EDGE('',*,*,#4878,.T.);
#4878 = EDGE_CURVE('',#1457,#4879,#4881,.T.);
#4879 = VERTEX_POINT('',#4880);
#4880 = CARTESIAN_POINT('',(-37.,-21.2419047619,12.02));
#4881 = LINE('',#4882,#4883);
#4882 = CARTESIAN_POINT('',(-37.,-21.2419047619,13.02));
#4883 = VECTOR('',#4884,1.);
#4884 = DIRECTION('',(-0.,-0.,-1.));
#4885 = ORIENTED_EDGE('',*,*,#4886,.T.);
#4886 = EDGE_CURVE('',#4879,#4855,#4887,.T.);
#4887 = LINE('',#4888,#4889);
#4888 = CARTESIAN_POINT('',(-37.,-21.2419047619,12.02));
#4889 = VECTOR('',#4890,1.);
#4890 = DIRECTION('',(-0.95057984149,-0.310480216684,0.));
#4891 = ORIENTED_EDGE('',*,*,#4854,.F.);
#4892 = ORIENTED_EDGE('',*,*,#1464,.F.);
#4893 = PLANE('',#4894);
#4894 = AXIS2_PLACEMENT_3D('',#4895,#4896,#4897);
#4895 = CARTESIAN_POINT('',(-37.,-21.2419047619,13.02));
#4896 = DIRECTION('',(-0.310480216684,0.95057984149,0.));
#4897 = DIRECTION('',(-0.95057984149,-0.310480216684,0.));
#4898 = ADVANCED_FACE('',(#4899),#4910,.T.);
#4899 = FACE_BOUND('',#4900,.T.);
#4900 = EDGE_LOOP('',(#4901,#4902,#4908,#4909));
#4901 = ORIENTED_EDGE('',*,*,#4791,.T.);
#4902 = ORIENTED_EDGE('',*,*,#4903,.T.);
#4903 = EDGE_CURVE('',#4784,#4879,#4904,.T.);
#4904 = LINE('',#4905,#4906);
#4905 = CARTESIAN_POINT('',(-37.,-20.41333333333,12.02));
#4906 = VECTOR('',#4907,1.);
#4907 = DIRECTION('',(0.,-1.,0.));
#4908 = ORIENTED_EDGE('',*,*,#4878,.F.);
#4909 = ORIENTED_EDGE('',*,*,#1456,.F.);
#4910 = PLANE('',#4911);
#4911 = AXIS2_PLACEMENT_3D('',#4912,#4913,#4914);
#4912 = CARTESIAN_POINT('',(-37.,-20.41333333333,13.02));
#4913 = DIRECTION('',(-1.,2.2E-16,0.));
#4914 = DIRECTION('',(-2.2E-16,-1.,0.));
#4915 = ADVANCED_FACE('',(#4916),#4941,.T.);
#4916 = FACE_BOUND('',#4917,.T.);
#4917 = EDGE_LOOP('',(#4918,#4926,#4934,#4940));
#4918 = ORIENTED_EDGE('',*,*,#4919,.T.);
#4919 = EDGE_CURVE('',#1497,#4920,#4922,.T.);
#4920 = VERTEX_POINT('',#4921);
#4921 = CARTESIAN_POINT('',(-39.89285714285,-18.55904761904,12.02));
#4922 = LINE('',#4923,#4924);
#4923 = CARTESIAN_POINT('',(-39.89285714285,-18.55904761904,13.02));
#4924 = VECTOR('',#4925,1.);
#4925 = DIRECTION('',(-0.,-0.,-1.));
#4926 = ORIENTED_EDGE('',*,*,#4927,.T.);
#4927 = EDGE_CURVE('',#4920,#4928,#4930,.T.);
#4928 = VERTEX_POINT('',#4929);
#4929 = CARTESIAN_POINT('',(-39.89285714285,-18.14476190476,12.02));
#4930 = LINE('',#4931,#4932);
#4931 = CARTESIAN_POINT('',(-39.89285714285,-18.55904761904,12.02));
#4932 = VECTOR('',#4933,1.);
#4933 = DIRECTION('',(0.,1.,0.));
#4934 = ORIENTED_EDGE('',*,*,#4935,.F.);
#4935 = EDGE_CURVE('',#1499,#4928,#4936,.T.);
#4936 = LINE('',#4937,#4938);
#4937 = CARTESIAN_POINT('',(-39.89285714285,-18.14476190476,13.02));
#4938 = VECTOR('',#4939,1.);
#4939 = DIRECTION('',(-0.,-0.,-1.));
#4940 = ORIENTED_EDGE('',*,*,#1496,.F.);
#4941 = PLANE('',#4942);
#4942 = AXIS2_PLACEMENT_3D('',#4943,#4944,#4945);
#4943 = CARTESIAN_POINT('',(-39.89285714285,-18.55904761904,13.02));
#4944 = DIRECTION('',(1.,-2.2E-16,0.));
#4945 = DIRECTION('',(2.2E-16,1.,0.));
#4946 = ADVANCED_FACE('',(#4947),#4965,.T.);
#4947 = FACE_BOUND('',#4948,.T.);
#4948 = EDGE_LOOP('',(#4949,#4957,#4963,#4964));
#4949 = ORIENTED_EDGE('',*,*,#4950,.T.);
#4950 = EDGE_CURVE('',#1643,#4951,#4953,.T.);
#4951 = VERTEX_POINT('',#4952);
#4952 = CARTESIAN_POINT('',(-39.97142857142,-18.9519047619,12.02));
#4953 = LINE('',#4954,#4955);
#4954 = CARTESIAN_POINT('',(-39.97142857142,-18.9519047619,13.02));
#4955 = VECTOR('',#4956,1.);
#4956 = DIRECTION('',(-0.,-0.,-1.));
#4957 = ORIENTED_EDGE('',*,*,#4958,.T.);
#4958 = EDGE_CURVE('',#4951,#4920,#4959,.T.);
#4959 = B_SPLINE_CURVE_WITH_KNOTS('',2,(#4960,#4961,#4962),
  .UNSPECIFIED.,.F.,.F.,(3,3),(0.,1.),.PIECEWISE_BEZIER_KNOTS.);
#4960 = CARTESIAN_POINT('',(-39.97142857142,-18.9519047619,12.02));
#4961 = CARTESIAN_POINT('',(-39.89285714285,-18.79476190476,12.02));
#4962 = CARTESIAN_POINT('',(-39.89285714285,-18.55904761904,12.02));
#4963 = ORIENTED_EDGE('',*,*,#4919,.F.);
#4964 = ORIENTED_EDGE('',*,*,#1650,.F.);
#4965 = SURFACE_OF_LINEAR_EXTRUSION('',#4966,#4970);
#4966 = B_SPLINE_CURVE_WITH_KNOTS('',2,(#4967,#4968,#4969),
  .UNSPECIFIED.,.F.,.F.,(3,3),(0.,1.),.PIECEWISE_BEZIER_KNOTS.);
#4967 = CARTESIAN_POINT('',(-39.97142857142,-18.9519047619,13.02));
#4968 = CARTESIAN_POINT('',(-39.89285714285,-18.79476190476,13.02));
#4969 = CARTESIAN_POINT('',(-39.89285714285,-18.55904761904,13.02));
#4970 = VECTOR('',#4971,1.);
#4971 = DIRECTION('',(0.,0.,1.));
#4972 = ADVANCED_FACE('',(#4973),#4991,.T.);
#4973 = FACE_BOUND('',#4974,.T.);
#4974 = EDGE_LOOP('',(#4975,#4983,#4989,#4990));
#4975 = ORIENTED_EDGE('',*,*,#4976,.T.);
#4976 = EDGE_CURVE('',#1635,#4977,#4979,.T.);
#4977 = VERTEX_POINT('',#4978);
#4978 = CARTESIAN_POINT('',(-40.72857142857,-19.27333333333,12.02));
#4979 = LINE('',#4980,#4981);
#4980 = CARTESIAN_POINT('',(-40.72857142857,-19.27333333333,13.02));
#4981 = VECTOR('',#4982,1.);
#4982 = DIRECTION('',(-0.,-0.,-1.));
#4983 = ORIENTED_EDGE('',*,*,#4984,.T.);
#4984 = EDGE_CURVE('',#4977,#4951,#4985,.T.);
#4985 = B_SPLINE_CURVE_WITH_KNOTS('',2,(#4986,#4987,#4988),
  .UNSPECIFIED.,.F.,.F.,(3,3),(0.,1.),.PIECEWISE_BEZIER_KNOTS.);
#4986 = CARTESIAN_POINT('',(-40.72857142857,-19.27333333333,12.02));
#4987 = CARTESIAN_POINT('',(-40.12857142857,-19.21619047619,12.02));
#4988 = CARTESIAN_POINT('',(-39.97142857142,-18.9519047619,12.02));
#4989 = ORIENTED_EDGE('',*,*,#4950,.F.);
#4990 = ORIENTED_EDGE('',*,*,#1642,.F.);
#4991 = SURFACE_OF_LINEAR_EXTRUSION('',#4992,#4996);
#4992 = B_SPLINE_CURVE_WITH_KNOTS('',2,(#4993,#4994,#4995),
  .UNSPECIFIED.,.F.,.F.,(3,3),(0.,1.),.PIECEWISE_BEZIER_KNOTS.);
#4993 = CARTESIAN_POINT('',(-40.72857142857,-19.27333333333,13.02));
#4994 = CARTESIAN_POINT('',(-40.12857142857,-19.21619047619,13.02));
#4995 = CARTESIAN_POINT('',(-39.97142857142,-18.9519047619,13.02));
#4996 = VECTOR('',#4997,1.);
#4997 = DIRECTION('',(0.,0.,1.));
#4998 = ADVANCED_FACE('',(#4999),#5017,.T.);
#4999 = FACE_BOUND('',#5000,.T.);
#5000 = EDGE_LOOP('',(#5001,#5009,#5015,#5016));
#5001 = ORIENTED_EDGE('',*,*,#5002,.T.);
#5002 = EDGE_CURVE('',#1627,#5003,#5005,.T.);
#5003 = VERTEX_POINT('',#5004);
#5004 = CARTESIAN_POINT('',(-42.,-19.38047619047,12.02));
#5005 = LINE('',#5006,#5007);
#5006 = CARTESIAN_POINT('',(-42.,-19.38047619047,13.02));
#5007 = VECTOR('',#5008,1.);
#5008 = DIRECTION('',(-0.,-0.,-1.));
#5009 = ORIENTED_EDGE('',*,*,#5010,.T.);
#5010 = EDGE_CURVE('',#5003,#4977,#5011,.T.);
#5011 = LINE('',#5012,#5013);
#5012 = CARTESIAN_POINT('',(-42.,-19.38047619047,12.02));
#5013 = VECTOR('',#5014,1.);
#5014 = DIRECTION('',(0.996468111813,8.397203189433E-02,0.));
#5015 = ORIENTED_EDGE('',*,*,#4976,.F.);
#5016 = ORIENTED_EDGE('',*,*,#1634,.F.);
#5017 = PLANE('',#5018);
#5018 = AXIS2_PLACEMENT_3D('',#5019,#5020,#5021);
#5019 = CARTESIAN_POINT('',(-42.,-19.38047619047,13.02));
#5020 = DIRECTION('',(8.397203189433E-02,-0.996468111813,0.));
#5021 = DIRECTION('',(0.996468111813,8.397203189433E-02,0.));
#5022 = ADVANCED_FACE('',(#5023),#5041,.T.);
#5023 = FACE_BOUND('',#5024,.T.);
#5024 = EDGE_LOOP('',(#5025,#5033,#5039,#5040));
#5025 = ORIENTED_EDGE('',*,*,#5026,.T.);
#5026 = EDGE_CURVE('',#1619,#5027,#5029,.T.);
#5027 = VERTEX_POINT('',#5028);
#5028 = CARTESIAN_POINT('',(-42.,-20.12333333333,12.02));
#5029 = LINE('',#5030,#5031);
#5030 = CARTESIAN_POINT('',(-42.,-20.12333333333,13.02));
#5031 = VECTOR('',#5032,1.);
#5032 = DIRECTION('',(-0.,-0.,-1.));
#5033 = ORIENTED_EDGE('',*,*,#5034,.T.);
#5034 = EDGE_CURVE('',#5027,#5003,#5035,.T.);
#5035 = LINE('',#5036,#5037);
#5036 = CARTESIAN_POINT('',(-42.,-20.12333333333,12.02));
#5037 = VECTOR('',#5038,1.);
#5038 = DIRECTION('',(0.,1.,0.));
#5039 = ORIENTED_EDGE('',*,*,#5002,.F.);
#5040 = ORIENTED_EDGE('',*,*,#1626,.F.);
#5041 = PLANE('',#5042);
#5042 = AXIS2_PLACEMENT_3D('',#5043,#5044,#5045);
#5043 = CARTESIAN_POINT('',(-42.,-20.12333333333,13.02));
#5044 = DIRECTION('',(1.,-2.2E-16,0.));
#5045 = DIRECTION('',(2.2E-16,1.,0.));
#5046 = ADVANCED_FACE('',(#5047),#5065,.T.);
#5047 = FACE_BOUND('',#5048,.T.);
#5048 = EDGE_LOOP('',(#5049,#5057,#5063,#5064));
#5049 = ORIENTED_EDGE('',*,*,#5050,.T.);
#5050 = EDGE_CURVE('',#1611,#5051,#5053,.T.);
#5051 = VERTEX_POINT('',#5052);
#5052 = CARTESIAN_POINT('',(-40.45,-20.0019047619,12.02));
#5053 = LINE('',#5054,#5055);
#5054 = CARTESIAN_POINT('',(-40.45,-20.0019047619,13.02));
#5055 = VECTOR('',#5056,1.);
#5056 = DIRECTION('',(-0.,-0.,-1.));
#5057 = ORIENTED_EDGE('',*,*,#5058,.T.);
#5058 = EDGE_CURVE('',#5051,#5027,#5059,.T.);
#5059 = LINE('',#5060,#5061);
#5060 = CARTESIAN_POINT('',(-40.45,-20.0019047619,12.02));
#5061 = VECTOR('',#5062,1.);
#5062 = DIRECTION('',(-0.996945395907,-7.810171304339E-02,0.));
#5063 = ORIENTED_EDGE('',*,*,#5026,.F.);
#5064 = ORIENTED_EDGE('',*,*,#1618,.F.);
#5065 = PLANE('',#5066);
#5066 = AXIS2_PLACEMENT_3D('',#5067,#5068,#5069);
#5067 = CARTESIAN_POINT('',(-40.45,-20.0019047619,13.02));
#5068 = DIRECTION('',(-7.810171304339E-02,0.996945395907,0.));
#5069 = DIRECTION('',(-0.996945395907,-7.810171304339E-02,0.));
#5070 = ADVANCED_FACE('',(#5071),#5089,.T.);
#5071 = FACE_BOUND('',#5072,.T.);
#5072 = EDGE_LOOP('',(#5073,#5081,#5087,#5088));
#5073 = ORIENTED_EDGE('',*,*,#5074,.T.);
#5074 = EDGE_CURVE('',#1603,#5075,#5077,.T.);
#5075 = VERTEX_POINT('',#5076);
#5076 = CARTESIAN_POINT('',(-40.27857142857,-19.98047619047,12.02));
#5077 = LINE('',#5078,#5079);
#5078 = CARTESIAN_POINT('',(-40.27857142857,-19.98047619047,13.02));
#5079 = VECTOR('',#5080,1.);
#5080 = DIRECTION('',(-0.,-0.,-1.));
#5081 = ORIENTED_EDGE('',*,*,#5082,.T.);
#5082 = EDGE_CURVE('',#5075,#5051,#5083,.T.);
#5083 = B_SPLINE_CURVE_WITH_KNOTS('',2,(#5084,#5085,#5086),
  .UNSPECIFIED.,.F.,.F.,(3,3),(0.,1.),.PIECEWISE_BEZIER_KNOTS.);
#5084 = CARTESIAN_POINT('',(-40.27857142857,-19.98047619047,12.02));
#5085 = CARTESIAN_POINT('',(-40.37142857142,-19.99476190476,12.02));
#5086 = CARTESIAN_POINT('',(-40.45,-20.0019047619,12.02));
#5087 = ORIENTED_EDGE('',*,*,#5050,.F.);
#5088 = ORIENTED_EDGE('',*,*,#1610,.F.);
#5089 = SURFACE_OF_LINEAR_EXTRUSION('',#5090,#5094);
#5090 = B_SPLINE_CURVE_WITH_KNOTS('',2,(#5091,#5092,#5093),
  .UNSPECIFIED.,.F.,.F.,(3,3),(0.,1.),.PIECEWISE_BEZIER_KNOTS.);
#5091 = CARTESIAN_POINT('',(-40.27857142857,-19.98047619047,13.02));
#5092 = CARTESIAN_POINT('',(-40.37142857142,-19.99476190476,13.02));
#5093 = CARTESIAN_POINT('',(-40.45,-20.0019047619,13.02));
#5094 = VECTOR('',#5095,1.);
#5095 = DIRECTION('',(0.,0.,1.));
#5096 = ADVANCED_FACE('',(#5097),#5115,.T.);
#5097 = FACE_BOUND('',#5098,.T.);
#5098 = EDGE_LOOP('',(#5099,#5107,#5113,#5114));
#5099 = ORIENTED_EDGE('',*,*,#5100,.T.);
#5100 = EDGE_CURVE('',#1595,#5101,#5103,.T.);
#5101 = VERTEX_POINT('',#5102);
#5102 = CARTESIAN_POINT('',(-39.51428571428,-19.50904761904,12.02));
#5103 = LINE('',#5104,#5105);
#5104 = CARTESIAN_POINT('',(-39.51428571428,-19.50904761904,13.02));
#5105 = VECTOR('',#5106,1.);
#5106 = DIRECTION('',(-0.,-0.,-1.));
#5107 = ORIENTED_EDGE('',*,*,#5108,.T.);
#5108 = EDGE_CURVE('',#5101,#5075,#5109,.T.);
#5109 = B_SPLINE_CURVE_WITH_KNOTS('',2,(#5110,#5111,#5112),
  .UNSPECIFIED.,.F.,.F.,(3,3),(0.,1.),.PIECEWISE_BEZIER_KNOTS.);
#5110 = CARTESIAN_POINT('',(-39.51428571428,-19.50904761904,12.02));
#5111 = CARTESIAN_POINT('',(-39.72857142857,-19.88047619047,12.02));
#5112 = CARTESIAN_POINT('',(-40.27857142857,-19.98047619047,12.02));
#5113 = ORIENTED_EDGE('',*,*,#5074,.F.);
#5114 = ORIENTED_EDGE('',*,*,#1602,.F.);
#5115 = SURFACE_OF_LINEAR_EXTRUSION('',#5116,#5120);
#5116 = B_SPLINE_CURVE_WITH_KNOTS('',2,(#5117,#5118,#5119),
  .UNSPECIFIED.,.F.,.F.,(3,3),(0.,1.),.PIECEWISE_BEZIER_KNOTS.);
#5117 = CARTESIAN_POINT('',(-39.51428571428,-19.50904761904,13.02));
#5118 = CARTESIAN_POINT('',(-39.72857142857,-19.88047619047,13.02));
#5119 = CARTESIAN_POINT('',(-40.27857142857,-19.98047619047,13.02));
#5120 = VECTOR('',#5121,1.);
#5121 = DIRECTION('',(0.,0.,1.));
#5122 = ADVANCED_FACE('',(#5123),#5141,.T.);
#5123 = FACE_BOUND('',#5124,.T.);
#5124 = EDGE_LOOP('',(#5125,#5133,#5139,#5140));
#5125 = ORIENTED_EDGE('',*,*,#5126,.T.);
#5126 = EDGE_CURVE('',#1587,#5127,#5129,.T.);
#5127 = VERTEX_POINT('',#5128);
#5128 = CARTESIAN_POINT('',(-38.36428571428,-19.99476190476,12.02));
#5129 = LINE('',#5130,#5131);
#5130 = CARTESIAN_POINT('',(-38.36428571428,-19.99476190476,13.02));
#5131 = VECTOR('',#5132,1.);
#5132 = DIRECTION('',(-0.,-0.,-1.));
#5133 = ORIENTED_EDGE('',*,*,#5134,.T.);
#5134 = EDGE_CURVE('',#5127,#5101,#5135,.T.);
#5135 = B_SPLINE_CURVE_WITH_KNOTS('',2,(#5136,#5137,#5138),
  .UNSPECIFIED.,.F.,.F.,(3,3),(0.,1.),.PIECEWISE_BEZIER_KNOTS.);
#5136 = CARTESIAN_POINT('',(-38.36428571428,-19.99476190476,12.02));
#5137 = CARTESIAN_POINT('',(-39.15714285714,-19.98761904761,12.02));
#5138 = CARTESIAN_POINT('',(-39.51428571428,-19.50904761904,12.02));
#5139 = ORIENTED_EDGE('',*,*,#5100,.F.);
#5140 = ORIENTED_EDGE('',*,*,#1594,.F.);
#5141 = SURFACE_OF_LINEAR_EXTRUSION('',#5142,#5146);
#5142 = B_SPLINE_CURVE_WITH_KNOTS('',2,(#5143,#5144,#5145),
  .UNSPECIFIED.,.F.,.F.,(3,3),(0.,1.),.PIECEWISE_BEZIER_KNOTS.);
#5143 = CARTESIAN_POINT('',(-38.36428571428,-19.99476190476,13.02));
#5144 = CARTESIAN_POINT('',(-39.15714285714,-19.98761904761,13.02));
#5145 = CARTESIAN_POINT('',(-39.51428571428,-19.50904761904,13.02));
#5146 = VECTOR('',#5147,1.);
#5147 = DIRECTION('',(0.,0.,1.));
#5148 = ADVANCED_FACE('',(#5149),#5167,.T.);
#5149 = FACE_BOUND('',#5150,.T.);
#5150 = EDGE_LOOP('',(#5151,#5159,#5165,#5166));
#5151 = ORIENTED_EDGE('',*,*,#5152,.T.);
#5152 = EDGE_CURVE('',#1579,#5153,#5155,.T.);
#5153 = VERTEX_POINT('',#5154);
#5154 = CARTESIAN_POINT('',(-37.70714285714,-19.85904761904,12.02));
#5155 = LINE('',#5156,#5157);
#5156 = CARTESIAN_POINT('',(-37.70714285714,-19.85904761904,13.02));
#5157 = VECTOR('',#5158,1.);
#5158 = DIRECTION('',(-0.,-0.,-1.));
#5159 = ORIENTED_EDGE('',*,*,#5160,.T.);
#5160 = EDGE_CURVE('',#5153,#5127,#5161,.T.);
#5161 = B_SPLINE_CURVE_WITH_KNOTS('',2,(#5162,#5163,#5164),
  .UNSPECIFIED.,.F.,.F.,(3,3),(0.,1.),.PIECEWISE_BEZIER_KNOTS.);
#5162 = CARTESIAN_POINT('',(-37.70714285714,-19.85904761904,12.02));
#5163 = CARTESIAN_POINT('',(-37.99285714285,-19.99476190476,12.02));
#5164 = CARTESIAN_POINT('',(-38.36428571428,-19.99476190476,12.02));
#5165 = ORIENTED_EDGE('',*,*,#5126,.F.);
#5166 = ORIENTED_EDGE('',*,*,#1586,.F.);
#5167 = SURFACE_OF_LINEAR_EXTRUSION('',#5168,#5172);
#5168 = B_SPLINE_CURVE_WITH_KNOTS('',2,(#5169,#5170,#5171),
  .UNSPECIFIED.,.F.,.F.,(3,3),(0.,1.),.PIECEWISE_BEZIER_KNOTS.);
#5169 = CARTESIAN_POINT('',(-37.70714285714,-19.85904761904,13.02));
#5170 = CARTESIAN_POINT('',(-37.99285714285,-19.99476190476,13.02));
#5171 = CARTESIAN_POINT('',(-38.36428571428,-19.99476190476,13.02));
#5172 = VECTOR('',#5173,1.);
#5173 = DIRECTION('',(0.,0.,1.));
#5174 = ADVANCED_FACE('',(#5175),#5193,.T.);
#5175 = FACE_BOUND('',#5176,.T.);
#5176 = EDGE_LOOP('',(#5177,#5185,#5191,#5192));
#5177 = ORIENTED_EDGE('',*,*,#5178,.T.);
#5178 = EDGE_CURVE('',#1571,#5179,#5181,.T.);
#5179 = VERTEX_POINT('',#5180);
#5180 = CARTESIAN_POINT('',(-37.,-18.58047619047,12.02));
#5181 = LINE('',#5182,#5183);
#5182 = CARTESIAN_POINT('',(-37.,-18.58047619047,13.02));
#5183 = VECTOR('',#5184,1.);
#5184 = DIRECTION('',(-0.,-0.,-1.));
#5185 = ORIENTED_EDGE('',*,*,#5186,.T.);
#5186 = EDGE_CURVE('',#5179,#5153,#5187,.T.);
#5187 = B_SPLINE_CURVE_WITH_KNOTS('',2,(#5188,#5189,#5190),
  .UNSPECIFIED.,.F.,.F.,(3,3),(0.,1.),.PIECEWISE_BEZIER_KNOTS.);
#5188 = CARTESIAN_POINT('',(-37.,-18.58047619047,12.02));
#5189 = CARTESIAN_POINT('',(-37.02142857142,-19.53047619047,12.02));
#5190 = CARTESIAN_POINT('',(-37.70714285714,-19.85904761904,12.02));
#5191 = ORIENTED_EDGE('',*,*,#5152,.F.);
#5192 = ORIENTED_EDGE('',*,*,#1578,.F.);
#5193 = SURFACE_OF_LINEAR_EXTRUSION('',#5194,#5198);
#5194 = B_SPLINE_CURVE_WITH_KNOTS('',2,(#5195,#5196,#5197),
  .UNSPECIFIED.,.F.,.F.,(3,3),(0.,1.),.PIECEWISE_BEZIER_KNOTS.);
#5195 = CARTESIAN_POINT('',(-37.,-18.58047619047,13.02));
#5196 = CARTESIAN_POINT('',(-37.02142857142,-19.53047619047,13.02));
#5197 = CARTESIAN_POINT('',(-37.70714285714,-19.85904761904,13.02));
#5198 = VECTOR('',#5199,1.);
#5199 = DIRECTION('',(0.,0.,1.));
#5200 = ADVANCED_FACE('',(#5201),#5219,.T.);
#5201 = FACE_BOUND('',#5202,.T.);
#5202 = EDGE_LOOP('',(#5203,#5211,#5217,#5218));
#5203 = ORIENTED_EDGE('',*,*,#5204,.T.);
#5204 = EDGE_CURVE('',#1563,#5205,#5207,.T.);
#5205 = VERTEX_POINT('',#5206);
#5206 = CARTESIAN_POINT('',(-37.,-18.14476190476,12.02));
#5207 = LINE('',#5208,#5209);
#5208 = CARTESIAN_POINT('',(-37.,-18.14476190476,13.02));
#5209 = VECTOR('',#5210,1.);
#5210 = DIRECTION('',(-0.,-0.,-1.));
#5211 = ORIENTED_EDGE('',*,*,#5212,.T.);
#5212 = EDGE_CURVE('',#5205,#5179,#5213,.T.);
#5213 = LINE('',#5214,#5215);
#5214 = CARTESIAN_POINT('',(-37.,-18.14476190476,12.02));
#5215 = VECTOR('',#5216,1.);
#5216 = DIRECTION('',(0.,-1.,0.));
#5217 = ORIENTED_EDGE('',*,*,#5178,.F.);
#5218 = ORIENTED_EDGE('',*,*,#1570,.F.);
#5219 = PLANE('',#5220);
#5220 = AXIS2_PLACEMENT_3D('',#5221,#5222,#5223);
#5221 = CARTESIAN_POINT('',(-37.,-18.14476190476,13.02));
#5222 = DIRECTION('',(-1.,2.2E-16,0.));
#5223 = DIRECTION('',(-2.2E-16,-1.,0.));
#5224 = ADVANCED_FACE('',(#5225),#5243,.T.);
#5225 = FACE_BOUND('',#5226,.T.);
#5226 = EDGE_LOOP('',(#5227,#5235,#5241,#5242));
#5227 = ORIENTED_EDGE('',*,*,#5228,.T.);
#5228 = EDGE_CURVE('',#1555,#5229,#5231,.T.);
#5229 = VERTEX_POINT('',#5230);
#5230 = CARTESIAN_POINT('',(-37.74285714285,-18.14476190476,12.02));
#5231 = LINE('',#5232,#5233);
#5232 = CARTESIAN_POINT('',(-37.74285714285,-18.14476190476,13.02));
#5233 = VECTOR('',#5234,1.);
#5234 = DIRECTION('',(-0.,-0.,-1.));
#5235 = ORIENTED_EDGE('',*,*,#5236,.T.);
#5236 = EDGE_CURVE('',#5229,#5205,#5237,.T.);
#5237 = LINE('',#5238,#5239);
#5238 = CARTESIAN_POINT('',(-37.74285714285,-18.14476190476,12.02));
#5239 = VECTOR('',#5240,1.);
#5240 = DIRECTION('',(1.,0.,0.));
#5241 = ORIENTED_EDGE('',*,*,#5204,.F.);
#5242 = ORIENTED_EDGE('',*,*,#1562,.F.);
#5243 = PLANE('',#5244);
#5244 = AXIS2_PLACEMENT_3D('',#5245,#5246,#5247);
#5245 = CARTESIAN_POINT('',(-37.74285714285,-18.14476190476,13.02));
#5246 = DIRECTION('',(-2.2E-16,-1.,0.));
#5247 = DIRECTION('',(1.,-2.2E-16,0.));
#5248 = ADVANCED_FACE('',(#5249),#5267,.T.);
#5249 = FACE_BOUND('',#5250,.T.);
#5250 = EDGE_LOOP('',(#5251,#5259,#5265,#5266));
#5251 = ORIENTED_EDGE('',*,*,#5252,.T.);
#5252 = EDGE_CURVE('',#1547,#5253,#5255,.T.);
#5253 = VERTEX_POINT('',#5254);
#5254 = CARTESIAN_POINT('',(-37.74285714285,-18.48761904761,12.02));
#5255 = LINE('',#5256,#5257);
#5256 = CARTESIAN_POINT('',(-37.74285714285,-18.48761904761,13.02));
#5257 = VECTOR('',#5258,1.);
#5258 = DIRECTION('',(-0.,-0.,-1.));
#5259 = ORIENTED_EDGE('',*,*,#5260,.T.);
#5260 = EDGE_CURVE('',#5253,#5229,#5261,.T.);
#5261 = LINE('',#5262,#5263);
#5262 = CARTESIAN_POINT('',(-37.74285714285,-18.48761904761,12.02));
#5263 = VECTOR('',#5264,1.);
#5264 = DIRECTION('',(0.,1.,0.));
#5265 = ORIENTED_EDGE('',*,*,#5228,.F.);
#5266 = ORIENTED_EDGE('',*,*,#1554,.F.);
#5267 = PLANE('',#5268);
#5268 = AXIS2_PLACEMENT_3D('',#5269,#5270,#5271);
#5269 = CARTESIAN_POINT('',(-37.74285714285,-18.48761904761,13.02));
#5270 = DIRECTION('',(1.,-2.2E-16,0.));
#5271 = DIRECTION('',(2.2E-16,1.,0.));
#5272 = ADVANCED_FACE('',(#5273),#5291,.T.);
#5273 = FACE_BOUND('',#5274,.T.);
#5274 = EDGE_LOOP('',(#5275,#5283,#5289,#5290));
#5275 = ORIENTED_EDGE('',*,*,#5276,.T.);
#5276 = EDGE_CURVE('',#1539,#5277,#5279,.T.);
#5277 = VERTEX_POINT('',#5278);
#5278 = CARTESIAN_POINT('',(-37.75714285714,-18.69476190476,12.02));
#5279 = LINE('',#5280,#5281);
#5280 = CARTESIAN_POINT('',(-37.75714285714,-18.69476190476,13.02));
#5281 = VECTOR('',#5282,1.);
#5282 = DIRECTION('',(-0.,-0.,-1.));
#5283 = ORIENTED_EDGE('',*,*,#5284,.T.);
#5284 = EDGE_CURVE('',#5277,#5253,#5285,.T.);
#5285 = B_SPLINE_CURVE_WITH_KNOTS('',2,(#5286,#5287,#5288),
  .UNSPECIFIED.,.F.,.F.,(3,3),(0.,1.),.PIECEWISE_BEZIER_KNOTS.);
#5286 = CARTESIAN_POINT('',(-37.75714285714,-18.69476190476,12.02));
#5287 = CARTESIAN_POINT('',(-37.74285714285,-18.59476190476,12.02));
#5288 = CARTESIAN_POINT('',(-37.74285714285,-18.48761904761,12.02));
#5289 = ORIENTED_EDGE('',*,*,#5252,.F.);
#5290 = ORIENTED_EDGE('',*,*,#1546,.F.);
#5291 = SURFACE_OF_LINEAR_EXTRUSION('',#5292,#5296);
#5292 = B_SPLINE_CURVE_WITH_KNOTS('',2,(#5293,#5294,#5295),
  .UNSPECIFIED.,.F.,.F.,(3,3),(0.,1.),.PIECEWISE_BEZIER_KNOTS.);
#5293 = CARTESIAN_POINT('',(-37.75714285714,-18.69476190476,13.02));
#5294 = CARTESIAN_POINT('',(-37.74285714285,-18.59476190476,13.02));
#5295 = CARTESIAN_POINT('',(-37.74285714285,-18.48761904761,13.02));
#5296 = VECTOR('',#5297,1.);
#5297 = DIRECTION('',(0.,0.,1.));
#5298 = ADVANCED_FACE('',(#5299),#5317,.T.);
#5299 = FACE_BOUND('',#5300,.T.);
#5300 = EDGE_LOOP('',(#5301,#5309,#5315,#5316));
#5301 = ORIENTED_EDGE('',*,*,#5302,.T.);
#5302 = EDGE_CURVE('',#1531,#5303,#5305,.T.);
#5303 = VERTEX_POINT('',#5304);
#5304 = CARTESIAN_POINT('',(-38.46428571428,-19.23761904761,12.02));
#5305 = LINE('',#5306,#5307);
#5306 = CARTESIAN_POINT('',(-38.46428571428,-19.23761904761,13.02));
#5307 = VECTOR('',#5308,1.);
#5308 = DIRECTION('',(-0.,-0.,-1.));
#5309 = ORIENTED_EDGE('',*,*,#5310,.T.);
#5310 = EDGE_CURVE('',#5303,#5277,#5311,.T.);
#5311 = B_SPLINE_CURVE_WITH_KNOTS('',2,(#5312,#5313,#5314),
  .UNSPECIFIED.,.F.,.F.,(3,3),(0.,1.),.PIECEWISE_BEZIER_KNOTS.);
#5312 = CARTESIAN_POINT('',(-38.46428571428,-19.23761904761,12.02));
#5313 = CARTESIAN_POINT('',(-37.86428571428,-19.23761904761,12.02));
#5314 = CARTESIAN_POINT('',(-37.75714285714,-18.69476190476,12.02));
#5315 = ORIENTED_EDGE('',*,*,#5276,.F.);
#5316 = ORIENTED_EDGE('',*,*,#1538,.F.);
#5317 = SURFACE_OF_LINEAR_EXTRUSION('',#5318,#5322);
#5318 = B_SPLINE_CURVE_WITH_KNOTS('',2,(#5319,#5320,#5321),
  .UNSPECIFIED.,.F.,.F.,(3,3),(0.,1.),.PIECEWISE_BEZIER_KNOTS.);
#5319 = CARTESIAN_POINT('',(-38.46428571428,-19.23761904761,13.02));
#5320 = CARTESIAN_POINT('',(-37.86428571428,-19.23761904761,13.02));
#5321 = CARTESIAN_POINT('',(-37.75714285714,-18.69476190476,13.02));
#5322 = VECTOR('',#5323,1.);
#5323 = DIRECTION('',(0.,0.,1.));
#5324 = ADVANCED_FACE('',(#5325),#5343,.T.);
#5325 = FACE_BOUND('',#5326,.T.);
#5326 = EDGE_LOOP('',(#5327,#5335,#5341,#5342));
#5327 = ORIENTED_EDGE('',*,*,#5328,.T.);
#5328 = EDGE_CURVE('',#1523,#5329,#5331,.T.);
#5329 = VERTEX_POINT('',#5330);
#5330 = CARTESIAN_POINT('',(-38.58571428571,-19.23047619047,12.02));
#5331 = LINE('',#5332,#5333);
#5332 = CARTESIAN_POINT('',(-38.58571428571,-19.23047619047,13.02));
#5333 = VECTOR('',#5334,1.);
#5334 = DIRECTION('',(-0.,-0.,-1.));
#5335 = ORIENTED_EDGE('',*,*,#5336,.T.);
#5336 = EDGE_CURVE('',#5329,#5303,#5337,.T.);
#5337 = B_SPLINE_CURVE_WITH_KNOTS('',2,(#5338,#5339,#5340),
  .UNSPECIFIED.,.F.,.F.,(3,3),(0.,1.),.PIECEWISE_BEZIER_KNOTS.);
#5338 = CARTESIAN_POINT('',(-38.58571428571,-19.23047619047,12.02));
#5339 = CARTESIAN_POINT('',(-38.52142857142,-19.23761904761,12.02));
#5340 = CARTESIAN_POINT('',(-38.46428571428,-19.23761904761,12.02));
#5341 = ORIENTED_EDGE('',*,*,#5302,.F.);
#5342 = ORIENTED_EDGE('',*,*,#1530,.F.);
#5343 = SURFACE_OF_LINEAR_EXTRUSION('',#5344,#5348);
#5344 = B_SPLINE_CURVE_WITH_KNOTS('',2,(#5345,#5346,#5347),
  .UNSPECIFIED.,.F.,.F.,(3,3),(0.,1.),.PIECEWISE_BEZIER_KNOTS.);
#5345 = CARTESIAN_POINT('',(-38.58571428571,-19.23047619047,13.02));
#5346 = CARTESIAN_POINT('',(-38.52142857142,-19.23761904761,13.02));
#5347 = CARTESIAN_POINT('',(-38.46428571428,-19.23761904761,13.02));
#5348 = VECTOR('',#5349,1.);
#5349 = DIRECTION('',(0.,0.,1.));
#5350 = ADVANCED_FACE('',(#5351),#5369,.T.);
#5351 = FACE_BOUND('',#5352,.T.);
#5352 = EDGE_LOOP('',(#5353,#5361,#5367,#5368));
#5353 = ORIENTED_EDGE('',*,*,#5354,.T.);
#5354 = EDGE_CURVE('',#1515,#5355,#5357,.T.);
#5355 = VERTEX_POINT('',#5356);
#5356 = CARTESIAN_POINT('',(-39.17857142857,-18.54476190476,12.02));
#5357 = LINE('',#5358,#5359);
#5358 = CARTESIAN_POINT('',(-39.17857142857,-18.54476190476,13.02));
#5359 = VECTOR('',#5360,1.);
#5360 = DIRECTION('',(-0.,-0.,-1.));
#5361 = ORIENTED_EDGE('',*,*,#5362,.T.);
#5362 = EDGE_CURVE('',#5355,#5329,#5363,.T.);
#5363 = B_SPLINE_CURVE_WITH_KNOTS('',2,(#5364,#5365,#5366),
  .UNSPECIFIED.,.F.,.F.,(3,3),(0.,1.),.PIECEWISE_BEZIER_KNOTS.);
#5364 = CARTESIAN_POINT('',(-39.17857142857,-18.54476190476,12.02));
#5365 = CARTESIAN_POINT('',(-39.17857142857,-19.16619047619,12.02));
#5366 = CARTESIAN_POINT('',(-38.58571428571,-19.23047619047,12.02));
#5367 = ORIENTED_EDGE('',*,*,#5328,.F.);
#5368 = ORIENTED_EDGE('',*,*,#1522,.F.);
#5369 = SURFACE_OF_LINEAR_EXTRUSION('',#5370,#5374);
#5370 = B_SPLINE_CURVE_WITH_KNOTS('',2,(#5371,#5372,#5373),
  .UNSPECIFIED.,.F.,.F.,(3,3),(0.,1.),.PIECEWISE_BEZIER_KNOTS.);
#5371 = CARTESIAN_POINT('',(-39.17857142857,-18.54476190476,13.02));
#5372 = CARTESIAN_POINT('',(-39.17857142857,-19.16619047619,13.02));
#5373 = CARTESIAN_POINT('',(-38.58571428571,-19.23047619047,13.02));
#5374 = VECTOR('',#5375,1.);
#5375 = DIRECTION('',(0.,0.,1.));
#5376 = ADVANCED_FACE('',(#5377),#5395,.T.);
#5377 = FACE_BOUND('',#5378,.T.);
#5378 = EDGE_LOOP('',(#5379,#5387,#5393,#5394));
#5379 = ORIENTED_EDGE('',*,*,#5380,.T.);
#5380 = EDGE_CURVE('',#1507,#5381,#5383,.T.);
#5381 = VERTEX_POINT('',#5382);
#5382 = CARTESIAN_POINT('',(-39.17857142857,-18.14476190476,12.02));
#5383 = LINE('',#5384,#5385);
#5384 = CARTESIAN_POINT('',(-39.17857142857,-18.14476190476,13.02));
#5385 = VECTOR('',#5386,1.);
#5386 = DIRECTION('',(-0.,-0.,-1.));
#5387 = ORIENTED_EDGE('',*,*,#5388,.T.);
#5388 = EDGE_CURVE('',#5381,#5355,#5389,.T.);
#5389 = LINE('',#5390,#5391);
#5390 = CARTESIAN_POINT('',(-39.17857142857,-18.14476190476,12.02));
#5391 = VECTOR('',#5392,1.);
#5392 = DIRECTION('',(0.,-1.,0.));
#5393 = ORIENTED_EDGE('',*,*,#5354,.F.);
#5394 = ORIENTED_EDGE('',*,*,#1514,.F.);
#5395 = PLANE('',#5396);
#5396 = AXIS2_PLACEMENT_3D('',#5397,#5398,#5399);
#5397 = CARTESIAN_POINT('',(-39.17857142857,-18.14476190476,13.02));
#5398 = DIRECTION('',(-1.,2.2E-16,0.));
#5399 = DIRECTION('',(-2.2E-16,-1.,0.));
#5400 = ADVANCED_FACE('',(#5401),#5412,.T.);
#5401 = FACE_BOUND('',#5402,.T.);
#5402 = EDGE_LOOP('',(#5403,#5404,#5410,#5411));
#5403 = ORIENTED_EDGE('',*,*,#4935,.T.);
#5404 = ORIENTED_EDGE('',*,*,#5405,.T.);
#5405 = EDGE_CURVE('',#4928,#5381,#5406,.T.);
#5406 = LINE('',#5407,#5408);
#5407 = CARTESIAN_POINT('',(-39.89285714285,-18.14476190476,12.02));
#5408 = VECTOR('',#5409,1.);
#5409 = DIRECTION('',(1.,0.,0.));
#5410 = ORIENTED_EDGE('',*,*,#5380,.F.);
#5411 = ORIENTED_EDGE('',*,*,#1506,.F.);
#5412 = PLANE('',#5413);
#5413 = AXIS2_PLACEMENT_3D('',#5414,#5415,#5416);
#5414 = CARTESIAN_POINT('',(-39.89285714285,-18.14476190476,13.02));
#5415 = DIRECTION('',(-2.2E-16,-1.,0.));
#5416 = DIRECTION('',(1.,-2.2E-16,0.));
#5417 = ADVANCED_FACE('',(#5418),#5443,.T.);
#5418 = FACE_BOUND('',#5419,.T.);
#5419 = EDGE_LOOP('',(#5420,#5428,#5436,#5442));
#5420 = ORIENTED_EDGE('',*,*,#5421,.T.);
#5421 = EDGE_CURVE('',#1659,#5422,#5424,.T.);
#5422 = VERTEX_POINT('',#5423);
#5423 = CARTESIAN_POINT('',(-42.,-17.78047619047,12.02));
#5424 = LINE('',#5425,#5426);
#5425 = CARTESIAN_POINT('',(-42.,-17.78047619047,13.02));
#5426 = VECTOR('',#5427,1.);
#5427 = DIRECTION('',(-0.,-0.,-1.));
#5428 = ORIENTED_EDGE('',*,*,#5429,.T.);
#5429 = EDGE_CURVE('',#5422,#5430,#5432,.T.);
#5430 = VERTEX_POINT('',#5431);
#5431 = CARTESIAN_POINT('',(-42.,-16.98047619047,12.02));
#5432 = LINE('',#5433,#5434);
#5433 = CARTESIAN_POINT('',(-42.,-17.78047619047,12.02));
#5434 = VECTOR('',#5435,1.);
#5435 = DIRECTION('',(0.,1.,0.));
#5436 = ORIENTED_EDGE('',*,*,#5437,.F.);
#5437 = EDGE_CURVE('',#1661,#5430,#5438,.T.);
#5438 = LINE('',#5439,#5440);
#5439 = CARTESIAN_POINT('',(-42.,-16.98047619047,13.02));
#5440 = VECTOR('',#5441,1.);
#5441 = DIRECTION('',(-0.,-0.,-1.));
#5442 = ORIENTED_EDGE('',*,*,#1658,.F.);
#5443 = PLANE('',#5444);
#5444 = AXIS2_PLACEMENT_3D('',#5445,#5446,#5447);
#5445 = CARTESIAN_POINT('',(-42.,-17.78047619047,13.02));
#5446 = DIRECTION('',(1.,-2.2E-16,0.));
#5447 = DIRECTION('',(2.2E-16,1.,0.));
#5448 = ADVANCED_FACE('',(#5449),#5467,.T.);
#5449 = FACE_BOUND('',#5450,.T.);
#5450 = EDGE_LOOP('',(#5451,#5459,#5465,#5466));
#5451 = ORIENTED_EDGE('',*,*,#5452,.T.);
#5452 = EDGE_CURVE('',#1677,#5453,#5455,.T.);
#5453 = VERTEX_POINT('',#5454);
#5454 = CARTESIAN_POINT('',(-37.,-17.78047619047,12.02));
#5455 = LINE('',#5456,#5457);
#5456 = CARTESIAN_POINT('',(-37.,-17.78047619047,13.02));
#5457 = VECTOR('',#5458,1.);
#5458 = DIRECTION('',(-0.,-0.,-1.));
#5459 = ORIENTED_EDGE('',*,*,#5460,.T.);
#5460 = EDGE_CURVE('',#5453,#5422,#5461,.T.);
#5461 = LINE('',#5462,#5463);
#5462 = CARTESIAN_POINT('',(-37.,-17.78047619047,12.02));
#5463 = VECTOR('',#5464,1.);
#5464 = DIRECTION('',(-1.,0.,0.));
#5465 = ORIENTED_EDGE('',*,*,#5421,.F.);
#5466 = ORIENTED_EDGE('',*,*,#1684,.F.);
#5467 = PLANE('',#5468);
#5468 = AXIS2_PLACEMENT_3D('',#5469,#5470,#5471);
#5469 = CARTESIAN_POINT('',(-37.,-17.78047619047,13.02));
#5470 = DIRECTION('',(2.2E-16,1.,0.));
#5471 = DIRECTION('',(-1.,2.2E-16,0.));
#5472 = ADVANCED_FACE('',(#5473),#5491,.T.);
#5473 = FACE_BOUND('',#5474,.T.);
#5474 = EDGE_LOOP('',(#5475,#5483,#5489,#5490));
#5475 = ORIENTED_EDGE('',*,*,#5476,.T.);
#5476 = EDGE_CURVE('',#1669,#5477,#5479,.T.);
#5477 = VERTEX_POINT('',#5478);
#5478 = CARTESIAN_POINT('',(-37.,-16.98047619047,12.02));
#5479 = LINE('',#5480,#5481);
#5480 = CARTESIAN_POINT('',(-37.,-16.98047619047,13.02));
#5481 = VECTOR('',#5482,1.);
#5482 = DIRECTION('',(-0.,-0.,-1.));
#5483 = ORIENTED_EDGE('',*,*,#5484,.T.);
#5484 = EDGE_CURVE('',#5477,#5453,#5485,.T.);
#5485 = LINE('',#5486,#5487);
#5486 = CARTESIAN_POINT('',(-37.,-16.98047619047,12.02));
#5487 = VECTOR('',#5488,1.);
#5488 = DIRECTION('',(0.,-1.,0.));
#5489 = ORIENTED_EDGE('',*,*,#5452,.F.);
#5490 = ORIENTED_EDGE('',*,*,#1676,.F.);
#5491 = PLANE('',#5492);
#5492 = AXIS2_PLACEMENT_3D('',#5493,#5494,#5495);
#5493 = CARTESIAN_POINT('',(-37.,-16.98047619047,13.02));
#5494 = DIRECTION('',(-1.,2.2E-16,0.));
#5495 = DIRECTION('',(-2.2E-16,-1.,0.));
#5496 = ADVANCED_FACE('',(#5497),#5508,.T.);
#5497 = FACE_BOUND('',#5498,.T.);
#5498 = EDGE_LOOP('',(#5499,#5500,#5506,#5507));
#5499 = ORIENTED_EDGE('',*,*,#5437,.T.);
#5500 = ORIENTED_EDGE('',*,*,#5501,.T.);
#5501 = EDGE_CURVE('',#5430,#5477,#5502,.T.);
#5502 = LINE('',#5503,#5504);
#5503 = CARTESIAN_POINT('',(-42.,-16.98047619047,12.02));
#5504 = VECTOR('',#5505,1.);
#5505 = DIRECTION('',(1.,0.,0.));
#5506 = ORIENTED_EDGE('',*,*,#5476,.F.);
#5507 = ORIENTED_EDGE('',*,*,#1668,.F.);
#5508 = PLANE('',#5509);
#5509 = AXIS2_PLACEMENT_3D('',#5510,#5511,#5512);
#5510 = CARTESIAN_POINT('',(-42.,-16.98047619047,13.02));
#5511 = DIRECTION('',(-2.2E-16,-1.,0.));
#5512 = DIRECTION('',(1.,-2.2E-16,0.));
#5513 = ADVANCED_FACE('',(#5514),#5539,.T.);
#5514 = FACE_BOUND('',#5515,.T.);
#5515 = EDGE_LOOP('',(#5516,#5524,#5532,#5538));
#5516 = ORIENTED_EDGE('',*,*,#5517,.T.);
#5517 = EDGE_CURVE('',#1693,#5518,#5520,.T.);
#5518 = VERTEX_POINT('',#5519);
#5519 = CARTESIAN_POINT('',(-37.77857142857,-14.62285714285,12.02));
#5520 = LINE('',#5521,#5522);
#5521 = CARTESIAN_POINT('',(-37.77857142857,-14.62285714285,13.02));
#5522 = VECTOR('',#5523,1.);
#5523 = DIRECTION('',(-0.,-0.,-1.));
#5524 = ORIENTED_EDGE('',*,*,#5525,.T.);
#5525 = EDGE_CURVE('',#5518,#5526,#5528,.T.);
#5526 = VERTEX_POINT('',#5527);
#5527 = CARTESIAN_POINT('',(-37.77857142857,-13.47285714285,12.02));
#5528 = LINE('',#5529,#5530);
#5529 = CARTESIAN_POINT('',(-37.77857142857,-14.62285714285,12.02));
#5530 = VECTOR('',#5531,1.);
#5531 = DIRECTION('',(0.,1.,0.));
#5532 = ORIENTED_EDGE('',*,*,#5533,.F.);
#5533 = EDGE_CURVE('',#1695,#5526,#5534,.T.);
#5534 = LINE('',#5535,#5536);
#5535 = CARTESIAN_POINT('',(-37.77857142857,-13.47285714285,13.02));
#5536 = VECTOR('',#5537,1.);
#5537 = DIRECTION('',(-0.,-0.,-1.));
#5538 = ORIENTED_EDGE('',*,*,#1692,.F.);
#5539 = PLANE('',#5540);
#5540 = AXIS2_PLACEMENT_3D('',#5541,#5542,#5543);
#5541 = CARTESIAN_POINT('',(-37.77857142857,-14.62285714285,13.02));
#5542 = DIRECTION('',(1.,-2.2E-16,0.));
#5543 = DIRECTION('',(2.2E-16,1.,0.));
#5544 = ADVANCED_FACE('',(#5545),#5563,.T.);
#5545 = FACE_BOUND('',#5546,.T.);
#5546 = EDGE_LOOP('',(#5547,#5555,#5561,#5562));
#5547 = ORIENTED_EDGE('',*,*,#5548,.T.);
#5548 = EDGE_CURVE('',#1743,#5549,#5551,.T.);
#5549 = VERTEX_POINT('',#5550);
#5550 = CARTESIAN_POINT('',(-42.,-14.62285714285,12.02));
#5551 = LINE('',#5552,#5553);
#5552 = CARTESIAN_POINT('',(-42.,-14.62285714285,13.02));
#5553 = VECTOR('',#5554,1.);
#5554 = DIRECTION('',(-0.,-0.,-1.));
#5555 = ORIENTED_EDGE('',*,*,#5556,.T.);
#5556 = EDGE_CURVE('',#5549,#5518,#5557,.T.);
#5557 = LINE('',#5558,#5559);
#5558 = CARTESIAN_POINT('',(-42.,-14.62285714285,12.02));
#5559 = VECTOR('',#5560,1.);
#5560 = DIRECTION('',(1.,0.,0.));
#5561 = ORIENTED_EDGE('',*,*,#5517,.F.);
#5562 = ORIENTED_EDGE('',*,*,#1750,.F.);
#5563 = PLANE('',#5564);
#5564 = AXIS2_PLACEMENT_3D('',#5565,#5566,#5567);
#5565 = CARTESIAN_POINT('',(-42.,-14.62285714285,13.02));
#5566 = DIRECTION('',(-2.2E-16,-1.,0.));
#5567 = DIRECTION('',(1.,-2.2E-16,0.));
#5568 = ADVANCED_FACE('',(#5569),#5587,.T.);
#5569 = FACE_BOUND('',#5570,.T.);
#5570 = EDGE_LOOP('',(#5571,#5579,#5585,#5586));
#5571 = ORIENTED_EDGE('',*,*,#5572,.T.);
#5572 = EDGE_CURVE('',#1735,#5573,#5575,.T.);
#5573 = VERTEX_POINT('',#5574);
#5574 = CARTESIAN_POINT('',(-42.,-15.42285714285,12.02));
#5575 = LINE('',#5576,#5577);
#5576 = CARTESIAN_POINT('',(-42.,-15.42285714285,13.02));
#5577 = VECTOR('',#5578,1.);
#5578 = DIRECTION('',(-0.,-0.,-1.));
#5579 = ORIENTED_EDGE('',*,*,#5580,.T.);
#5580 = EDGE_CURVE('',#5573,#5549,#5581,.T.);
#5581 = LINE('',#5582,#5583);
#5582 = CARTESIAN_POINT('',(-42.,-15.42285714285,12.02));
#5583 = VECTOR('',#5584,1.);
#5584 = DIRECTION('',(0.,1.,0.));
#5585 = ORIENTED_EDGE('',*,*,#5548,.F.);
#5586 = ORIENTED_EDGE('',*,*,#1742,.F.);
#5587 = PLANE('',#5588);
#5588 = AXIS2_PLACEMENT_3D('',#5589,#5590,#5591);
#5589 = CARTESIAN_POINT('',(-42.,-15.42285714285,13.02));
#5590 = DIRECTION('',(1.,-2.2E-16,0.));
#5591 = DIRECTION('',(2.2E-16,1.,0.));
#5592 = ADVANCED_FACE('',(#5593),#5611,.T.);
#5593 = FACE_BOUND('',#5594,.T.);
#5594 = EDGE_LOOP('',(#5595,#5603,#5609,#5610));
#5595 = ORIENTED_EDGE('',*,*,#5596,.T.);
#5596 = EDGE_CURVE('',#1727,#5597,#5599,.T.);
#5597 = VERTEX_POINT('',#5598);
#5598 = CARTESIAN_POINT('',(-37.77857142857,-15.42285714285,12.02));
#5599 = LINE('',#5600,#5601);
#5600 = CARTESIAN_POINT('',(-37.77857142857,-15.42285714285,13.02));
#5601 = VECTOR('',#5602,1.);
#5602 = DIRECTION('',(-0.,-0.,-1.));
#5603 = ORIENTED_EDGE('',*,*,#5604,.T.);
#5604 = EDGE_CURVE('',#5597,#5573,#5605,.T.);
#5605 = LINE('',#5606,#5607);
#5606 = CARTESIAN_POINT('',(-37.77857142857,-15.42285714285,12.02));
#5607 = VECTOR('',#5608,1.);
#5608 = DIRECTION('',(-1.,0.,0.));
#5609 = ORIENTED_EDGE('',*,*,#5572,.F.);
#5610 = ORIENTED_EDGE('',*,*,#1734,.F.);
#5611 = PLANE('',#5612);
#5612 = AXIS2_PLACEMENT_3D('',#5613,#5614,#5615);
#5613 = CARTESIAN_POINT('',(-37.77857142857,-15.42285714285,13.02));
#5614 = DIRECTION('',(2.2E-16,1.,0.));
#5615 = DIRECTION('',(-1.,2.2E-16,0.));
#5616 = ADVANCED_FACE('',(#5617),#5635,.T.);
#5617 = FACE_BOUND('',#5618,.T.);
#5618 = EDGE_LOOP('',(#5619,#5627,#5633,#5634));
#5619 = ORIENTED_EDGE('',*,*,#5620,.T.);
#5620 = EDGE_CURVE('',#1719,#5621,#5623,.T.);
#5621 = VERTEX_POINT('',#5622);
#5622 = CARTESIAN_POINT('',(-37.77857142857,-16.56571428571,12.02));
#5623 = LINE('',#5624,#5625);
#5624 = CARTESIAN_POINT('',(-37.77857142857,-16.56571428571,13.02));
#5625 = VECTOR('',#5626,1.);
#5626 = DIRECTION('',(-0.,-0.,-1.));
#5627 = ORIENTED_EDGE('',*,*,#5628,.T.);
#5628 = EDGE_CURVE('',#5621,#5597,#5629,.T.);
#5629 = LINE('',#5630,#5631);
#5630 = CARTESIAN_POINT('',(-37.77857142857,-16.56571428571,12.02));
#5631 = VECTOR('',#5632,1.);
#5632 = DIRECTION('',(0.,1.,0.));
#5633 = ORIENTED_EDGE('',*,*,#5596,.F.);
#5634 = ORIENTED_EDGE('',*,*,#1726,.F.);
#5635 = PLANE('',#5636);
#5636 = AXIS2_PLACEMENT_3D('',#5637,#5638,#5639);
#5637 = CARTESIAN_POINT('',(-37.77857142857,-16.56571428571,13.02));
#5638 = DIRECTION('',(1.,-2.2E-16,0.));
#5639 = DIRECTION('',(2.2E-16,1.,0.));
#5640 = ADVANCED_FACE('',(#5641),#5659,.T.);
#5641 = FACE_BOUND('',#5642,.T.);
#5642 = EDGE_LOOP('',(#5643,#5651,#5657,#5658));
#5643 = ORIENTED_EDGE('',*,*,#5644,.T.);
#5644 = EDGE_CURVE('',#1711,#5645,#5647,.T.);
#5645 = VERTEX_POINT('',#5646);
#5646 = CARTESIAN_POINT('',(-37.,-16.56571428571,12.02));
#5647 = LINE('',#5648,#5649);
#5648 = CARTESIAN_POINT('',(-37.,-16.56571428571,13.02));
#5649 = VECTOR('',#5650,1.);
#5650 = DIRECTION('',(-0.,-0.,-1.));
#5651 = ORIENTED_EDGE('',*,*,#5652,.T.);
#5652 = EDGE_CURVE('',#5645,#5621,#5653,.T.);
#5653 = LINE('',#5654,#5655);
#5654 = CARTESIAN_POINT('',(-37.,-16.56571428571,12.02));
#5655 = VECTOR('',#5656,1.);
#5656 = DIRECTION('',(-1.,0.,0.));
#5657 = ORIENTED_EDGE('',*,*,#5620,.F.);
#5658 = ORIENTED_EDGE('',*,*,#1718,.F.);
#5659 = PLANE('',#5660);
#5660 = AXIS2_PLACEMENT_3D('',#5661,#5662,#5663);
#5661 = CARTESIAN_POINT('',(-37.,-16.56571428571,13.02));
#5662 = DIRECTION('',(2.2E-16,1.,0.));
#5663 = DIRECTION('',(-1.,2.2E-16,0.));
#5664 = ADVANCED_FACE('',(#5665),#5683,.T.);
#5665 = FACE_BOUND('',#5666,.T.);
#5666 = EDGE_LOOP('',(#5667,#5675,#5681,#5682));
#5667 = ORIENTED_EDGE('',*,*,#5668,.T.);
#5668 = EDGE_CURVE('',#1703,#5669,#5671,.T.);
#5669 = VERTEX_POINT('',#5670);
#5670 = CARTESIAN_POINT('',(-37.,-13.47285714285,12.02));
#5671 = LINE('',#5672,#5673);
#5672 = CARTESIAN_POINT('',(-37.,-13.47285714285,13.02));
#5673 = VECTOR('',#5674,1.);
#5674 = DIRECTION('',(-0.,-0.,-1.));
#5675 = ORIENTED_EDGE('',*,*,#5676,.T.);
#5676 = EDGE_CURVE('',#5669,#5645,#5677,.T.);
#5677 = LINE('',#5678,#5679);
#5678 = CARTESIAN_POINT('',(-37.,-13.47285714285,12.02));
#5679 = VECTOR('',#5680,1.);
#5680 = DIRECTION('',(0.,-1.,0.));
#5681 = ORIENTED_EDGE('',*,*,#5644,.F.);
#5682 = ORIENTED_EDGE('',*,*,#1710,.F.);
#5683 = PLANE('',#5684);
#5684 = AXIS2_PLACEMENT_3D('',#5685,#5686,#5687);
#5685 = CARTESIAN_POINT('',(-37.,-13.47285714285,13.02));
#5686 = DIRECTION('',(-1.,2.2E-16,0.));
#5687 = DIRECTION('',(-2.2E-16,-1.,0.));
#5688 = ADVANCED_FACE('',(#5689),#5700,.T.);
#5689 = FACE_BOUND('',#5690,.T.);
#5690 = EDGE_LOOP('',(#5691,#5692,#5698,#5699));
#5691 = ORIENTED_EDGE('',*,*,#5533,.T.);
#5692 = ORIENTED_EDGE('',*,*,#5693,.T.);
#5693 = EDGE_CURVE('',#5526,#5669,#5694,.T.);
#5694 = LINE('',#5695,#5696);
#5695 = CARTESIAN_POINT('',(-37.77857142857,-13.47285714285,12.02));
#5696 = VECTOR('',#5697,1.);
#5697 = DIRECTION('',(1.,0.,0.));
#5698 = ORIENTED_EDGE('',*,*,#5668,.F.);
#5699 = ORIENTED_EDGE('',*,*,#1702,.F.);
#5700 = PLANE('',#5701);
#5701 = AXIS2_PLACEMENT_3D('',#5702,#5703,#5704);
#5702 = CARTESIAN_POINT('',(-37.77857142857,-13.47285714285,13.02));
#5703 = DIRECTION('',(-2.2E-16,-1.,0.));
#5704 = DIRECTION('',(1.,-2.2E-16,0.));
#5705 = ADVANCED_FACE('',(#5706),#5731,.T.);
#5706 = FACE_BOUND('',#5707,.T.);
#5707 = EDGE_LOOP('',(#5708,#5716,#5724,#5730));
#5708 = ORIENTED_EDGE('',*,*,#5709,.T.);
#5709 = EDGE_CURVE('',#1759,#5710,#5712,.T.);
#5710 = VERTEX_POINT('',#5711);
#5711 = CARTESIAN_POINT('',(-37.77857142857,-11.85571428571,12.02));
#5712 = LINE('',#5713,#5714);
#5713 = CARTESIAN_POINT('',(-37.77857142857,-11.85571428571,13.02));
#5714 = VECTOR('',#5715,1.);
#5715 = DIRECTION('',(-0.,-0.,-1.));
#5716 = ORIENTED_EDGE('',*,*,#5717,.T.);
#5717 = EDGE_CURVE('',#5710,#5718,#5720,.T.);
#5718 = VERTEX_POINT('',#5719);
#5719 = CARTESIAN_POINT('',(-37.75,-11.73428571428,12.02));
#5720 = LINE('',#5721,#5722);
#5721 = CARTESIAN_POINT('',(-37.77857142857,-11.85571428571,12.02));
#5722 = VECTOR('',#5723,1.);
#5723 = DIRECTION('',(0.229039333726,0.973417168334,0.));
#5724 = ORIENTED_EDGE('',*,*,#5725,.F.);
#5725 = EDGE_CURVE('',#1761,#5718,#5726,.T.);
#5726 = LINE('',#5727,#5728);
#5727 = CARTESIAN_POINT('',(-37.75,-11.73428571428,13.02));
#5728 = VECTOR('',#5729,1.);
#5729 = DIRECTION('',(-0.,-0.,-1.));
#5730 = ORIENTED_EDGE('',*,*,#1758,.F.);
#5731 = PLANE('',#5732);
#5732 = AXIS2_PLACEMENT_3D('',#5733,#5734,#5735);
#5733 = CARTESIAN_POINT('',(-37.77857142857,-11.85571428571,13.02));
#5734 = DIRECTION('',(0.973417168334,-0.229039333726,0.));
#5735 = DIRECTION('',(0.229039333726,0.973417168334,0.));
#5736 = ADVANCED_FACE('',(#5737),#5755,.T.);
#5737 = FACE_BOUND('',#5738,.T.);
#5738 = EDGE_LOOP('',(#5739,#5747,#5753,#5754));
#5739 = ORIENTED_EDGE('',*,*,#5740,.T.);
#5740 = EDGE_CURVE('',#1801,#5741,#5743,.T.);
#5741 = VERTEX_POINT('',#5742);
#5742 = CARTESIAN_POINT('',(-37.94285714285,-12.10214285714,12.02));
#5743 = LINE('',#5744,#5745);
#5744 = CARTESIAN_POINT('',(-37.94285714285,-12.10214285714,13.02));
#5745 = VECTOR('',#5746,1.);
#5746 = DIRECTION('',(-0.,-0.,-1.));
#5747 = ORIENTED_EDGE('',*,*,#5748,.T.);
#5748 = EDGE_CURVE('',#5741,#5710,#5749,.T.);
#5749 = B_SPLINE_CURVE_WITH_KNOTS('',2,(#5750,#5751,#5752),
  .UNSPECIFIED.,.F.,.F.,(3,3),(0.,1.),.PIECEWISE_BEZIER_KNOTS.);
#5750 = CARTESIAN_POINT('',(-37.94285714285,-12.10214285714,12.02));
#5751 = CARTESIAN_POINT('',(-37.80714285714,-11.97,12.02));
#5752 = CARTESIAN_POINT('',(-37.77857142857,-11.85571428571,12.02));
#5753 = ORIENTED_EDGE('',*,*,#5709,.F.);
#5754 = ORIENTED_EDGE('',*,*,#1808,.F.);
#5755 = SURFACE_OF_LINEAR_EXTRUSION('',#5756,#5760);
#5756 = B_SPLINE_CURVE_WITH_KNOTS('',2,(#5757,#5758,#5759),
  .UNSPECIFIED.,.F.,.F.,(3,3),(0.,1.),.PIECEWISE_BEZIER_KNOTS.);
#5757 = CARTESIAN_POINT('',(-37.94285714285,-12.10214285714,13.02));
#5758 = CARTESIAN_POINT('',(-37.80714285714,-11.97,13.02));
#5759 = CARTESIAN_POINT('',(-37.77857142857,-11.85571428571,13.02));
#5760 = VECTOR('',#5761,1.);
#5761 = DIRECTION('',(0.,0.,1.));
#5762 = ADVANCED_FACE('',(#5763),#5781,.T.);
#5763 = FACE_BOUND('',#5764,.T.);
#5764 = EDGE_LOOP('',(#5765,#5773,#5779,#5780));
#5765 = ORIENTED_EDGE('',*,*,#5766,.T.);
#5766 = EDGE_CURVE('',#1793,#5767,#5769,.T.);
#5767 = VERTEX_POINT('',#5768);
#5768 = CARTESIAN_POINT('',(-38.29285714285,-12.26285714285,12.02));
#5769 = LINE('',#5770,#5771);
#5770 = CARTESIAN_POINT('',(-38.29285714285,-12.26285714285,13.02));
#5771 = VECTOR('',#5772,1.);
#5772 = DIRECTION('',(-0.,-0.,-1.));
#5773 = ORIENTED_EDGE('',*,*,#5774,.T.);
#5774 = EDGE_CURVE('',#5767,#5741,#5775,.T.);
#5775 = B_SPLINE_CURVE_WITH_KNOTS('',2,(#5776,#5777,#5778),
  .UNSPECIFIED.,.F.,.F.,(3,3),(0.,1.),.PIECEWISE_BEZIER_KNOTS.);
#5776 = CARTESIAN_POINT('',(-38.29285714285,-12.26285714285,12.02));
#5777 = CARTESIAN_POINT('',(-38.07857142857,-12.23428571428,12.02));
#5778 = CARTESIAN_POINT('',(-37.94285714285,-12.10214285714,12.02));
#5779 = ORIENTED_EDGE('',*,*,#5740,.F.);
#5780 = ORIENTED_EDGE('',*,*,#1800,.F.);
#5781 = SURFACE_OF_LINEAR_EXTRUSION('',#5782,#5786);
#5782 = B_SPLINE_CURVE_WITH_KNOTS('',2,(#5783,#5784,#5785),
  .UNSPECIFIED.,.F.,.F.,(3,3),(0.,1.),.PIECEWISE_BEZIER_KNOTS.);
#5783 = CARTESIAN_POINT('',(-38.29285714285,-12.26285714285,13.02));
#5784 = CARTESIAN_POINT('',(-38.07857142857,-12.23428571428,13.02));
#5785 = CARTESIAN_POINT('',(-37.94285714285,-12.10214285714,13.02));
#5786 = VECTOR('',#5787,1.);
#5787 = DIRECTION('',(0.,0.,1.));
#5788 = ADVANCED_FACE('',(#5789),#5807,.T.);
#5789 = FACE_BOUND('',#5790,.T.);
#5790 = EDGE_LOOP('',(#5791,#5799,#5805,#5806));
#5791 = ORIENTED_EDGE('',*,*,#5792,.T.);
#5792 = EDGE_CURVE('',#1785,#5793,#5795,.T.);
#5793 = VERTEX_POINT('',#5794);
#5794 = CARTESIAN_POINT('',(-38.05,-12.99857142857,12.02));
#5795 = LINE('',#5796,#5797);
#5796 = CARTESIAN_POINT('',(-38.05,-12.99857142857,13.02));
#5797 = VECTOR('',#5798,1.);
#5798 = DIRECTION('',(-0.,-0.,-1.));
#5799 = ORIENTED_EDGE('',*,*,#5800,.T.);
#5800 = EDGE_CURVE('',#5793,#5767,#5801,.T.);
#5801 = LINE('',#5802,#5803);
#5802 = CARTESIAN_POINT('',(-38.05,-12.99857142857,12.02));
#5803 = VECTOR('',#5804,1.);
#5804 = DIRECTION('',(-0.313460593315,0.94960120916,0.));
#5805 = ORIENTED_EDGE('',*,*,#5766,.F.);
#5806 = ORIENTED_EDGE('',*,*,#1792,.F.);
#5807 = PLANE('',#5808);
#5808 = AXIS2_PLACEMENT_3D('',#5809,#5810,#5811);
#5809 = CARTESIAN_POINT('',(-38.05,-12.99857142857,13.02));
#5810 = DIRECTION('',(0.94960120916,0.313460593315,0.));
#5811 = DIRECTION('',(-0.313460593315,0.94960120916,0.));
#5812 = ADVANCED_FACE('',(#5813),#5831,.T.);
#5813 = FACE_BOUND('',#5814,.T.);
#5814 = EDGE_LOOP('',(#5815,#5823,#5829,#5830));
#5815 = ORIENTED_EDGE('',*,*,#5816,.T.);
#5816 = EDGE_CURVE('',#1777,#5817,#5819,.T.);
#5817 = VERTEX_POINT('',#5818);
#5818 = CARTESIAN_POINT('',(-37.52857142857,-12.76285714285,12.02));
#5819 = LINE('',#5820,#5821);
#5820 = CARTESIAN_POINT('',(-37.52857142857,-12.76285714285,13.02));
#5821 = VECTOR('',#5822,1.);
#5822 = DIRECTION('',(-0.,-0.,-1.));
#5823 = ORIENTED_EDGE('',*,*,#5824,.T.);
#5824 = EDGE_CURVE('',#5817,#5793,#5825,.T.);
#5825 = B_SPLINE_CURVE_WITH_KNOTS('',2,(#5826,#5827,#5828),
  .UNSPECIFIED.,.F.,.F.,(3,3),(0.,1.),.PIECEWISE_BEZIER_KNOTS.);
#5826 = CARTESIAN_POINT('',(-37.52857142857,-12.76285714285,12.02));
#5827 = CARTESIAN_POINT('',(-37.81428571428,-12.98428571428,12.02));
#5828 = CARTESIAN_POINT('',(-38.05,-12.99857142857,12.02));
#5829 = ORIENTED_EDGE('',*,*,#5792,.F.);
#5830 = ORIENTED_EDGE('',*,*,#1784,.F.);
#5831 = SURFACE_OF_LINEAR_EXTRUSION('',#5832,#5836);
#5832 = B_SPLINE_CURVE_WITH_KNOTS('',2,(#5833,#5834,#5835),
  .UNSPECIFIED.,.F.,.F.,(3,3),(0.,1.),.PIECEWISE_BEZIER_KNOTS.);
#5833 = CARTESIAN_POINT('',(-37.52857142857,-12.76285714285,13.02));
#5834 = CARTESIAN_POINT('',(-37.81428571428,-12.98428571428,13.02));
#5835 = CARTESIAN_POINT('',(-38.05,-12.99857142857,13.02));
#5836 = VECTOR('',#5837,1.);
#5837 = DIRECTION('',(0.,0.,1.));
#5838 = ADVANCED_FACE('',(#5839),#5857,.T.);
#5839 = FACE_BOUND('',#5840,.T.);
#5840 = EDGE_LOOP('',(#5841,#5849,#5855,#5856));
#5841 = ORIENTED_EDGE('',*,*,#5842,.T.);
#5842 = EDGE_CURVE('',#1769,#5843,#5845,.T.);
#5843 = VERTEX_POINT('',#5844);
#5844 = CARTESIAN_POINT('',(-37.,-11.73428571428,12.02));
#5845 = LINE('',#5846,#5847);
#5846 = CARTESIAN_POINT('',(-37.,-11.73428571428,13.02));
#5847 = VECTOR('',#5848,1.);
#5848 = DIRECTION('',(-0.,-0.,-1.));
#5849 = ORIENTED_EDGE('',*,*,#5850,.T.);
#5850 = EDGE_CURVE('',#5843,#5817,#5851,.T.);
#5851 = B_SPLINE_CURVE_WITH_KNOTS('',2,(#5852,#5853,#5854),
  .UNSPECIFIED.,.F.,.F.,(3,3),(0.,1.),.PIECEWISE_BEZIER_KNOTS.);
#5852 = CARTESIAN_POINT('',(-37.,-11.73428571428,12.02));
#5853 = CARTESIAN_POINT('',(-37.,-12.34857142857,12.02));
#5854 = CARTESIAN_POINT('',(-37.52857142857,-12.76285714285,12.02));
#5855 = ORIENTED_EDGE('',*,*,#5816,.F.);
#5856 = ORIENTED_EDGE('',*,*,#1776,.F.);
#5857 = SURFACE_OF_LINEAR_EXTRUSION('',#5858,#5862);
#5858 = B_SPLINE_CURVE_WITH_KNOTS('',2,(#5859,#5860,#5861),
  .UNSPECIFIED.,.F.,.F.,(3,3),(0.,1.),.PIECEWISE_BEZIER_KNOTS.);
#5859 = CARTESIAN_POINT('',(-37.,-11.73428571428,13.02));
#5860 = CARTESIAN_POINT('',(-37.,-12.34857142857,13.02));
#5861 = CARTESIAN_POINT('',(-37.52857142857,-12.76285714285,13.02));
#5862 = VECTOR('',#5863,1.);
#5863 = DIRECTION('',(0.,0.,1.));
#5864 = ADVANCED_FACE('',(#5865),#5876,.T.);
#5865 = FACE_BOUND('',#5866,.T.);
#5866 = EDGE_LOOP('',(#5867,#5868,#5874,#5875));
#5867 = ORIENTED_EDGE('',*,*,#5725,.T.);
#5868 = ORIENTED_EDGE('',*,*,#5869,.T.);
#5869 = EDGE_CURVE('',#5718,#5843,#5870,.T.);
#5870 = LINE('',#5871,#5872);
#5871 = CARTESIAN_POINT('',(-37.75,-11.73428571428,12.02));
#5872 = VECTOR('',#5873,1.);
#5873 = DIRECTION('',(1.,0.,0.));
#5874 = ORIENTED_EDGE('',*,*,#5842,.F.);
#5875 = ORIENTED_EDGE('',*,*,#1768,.F.);
#5876 = PLANE('',#5877);
#5877 = AXIS2_PLACEMENT_3D('',#5878,#5879,#5880);
#5878 = CARTESIAN_POINT('',(-37.75,-11.73428571428,13.02));
#5879 = DIRECTION('',(-2.2E-16,-1.,0.));
#5880 = DIRECTION('',(1.,-2.2E-16,0.));
#5881 = ADVANCED_FACE('',(#5882),#5907,.T.);
#5882 = FACE_BOUND('',#5883,.T.);
#5883 = EDGE_LOOP('',(#5884,#5892,#5900,#5906));
#5884 = ORIENTED_EDGE('',*,*,#5885,.T.);
#5885 = EDGE_CURVE('',#1817,#5886,#5888,.T.);
#5886 = VERTEX_POINT('',#5887);
#5887 = CARTESIAN_POINT('',(-38.93571428571,-10.21285714285,12.02));
#5888 = LINE('',#5889,#5890);
#5889 = CARTESIAN_POINT('',(-38.93571428571,-10.21285714285,13.02));
#5890 = VECTOR('',#5891,1.);
#5891 = DIRECTION('',(-0.,-0.,-1.));
#5892 = ORIENTED_EDGE('',*,*,#5893,.T.);
#5893 = EDGE_CURVE('',#5886,#5894,#5896,.T.);
#5894 = VERTEX_POINT('',#5895);
#5895 = CARTESIAN_POINT('',(-38.35714285714,-10.10571428571,12.02));
#5896 = B_SPLINE_CURVE_WITH_KNOTS('',2,(#5897,#5898,#5899),
  .UNSPECIFIED.,.F.,.F.,(3,3),(0.,1.),.PIECEWISE_BEZIER_KNOTS.);
#5897 = CARTESIAN_POINT('',(-38.93571428571,-10.21285714285,12.02));
#5898 = CARTESIAN_POINT('',(-38.68571428571,-10.10571428571,12.02));
#5899 = CARTESIAN_POINT('',(-38.35714285714,-10.10571428571,12.02));
#5900 = ORIENTED_EDGE('',*,*,#5901,.F.);
#5901 = EDGE_CURVE('',#1819,#5894,#5902,.T.);
#5902 = LINE('',#5903,#5904);
#5903 = CARTESIAN_POINT('',(-38.35714285714,-10.10571428571,13.02));
#5904 = VECTOR('',#5905,1.);
#5905 = DIRECTION('',(-0.,-0.,-1.));
#5906 = ORIENTED_EDGE('',*,*,#1816,.F.);
#5907 = SURFACE_OF_LINEAR_EXTRUSION('',#5908,#5912);
#5908 = B_SPLINE_CURVE_WITH_KNOTS('',2,(#5909,#5910,#5911),
  .UNSPECIFIED.,.F.,.F.,(3,3),(0.,1.),.PIECEWISE_BEZIER_KNOTS.);
#5909 = CARTESIAN_POINT('',(-38.93571428571,-10.21285714285,13.02));
#5910 = CARTESIAN_POINT('',(-38.68571428571,-10.10571428571,13.02));
#5911 = CARTESIAN_POINT('',(-38.35714285714,-10.10571428571,13.02));
#5912 = VECTOR('',#5913,1.);
#5913 = DIRECTION('',(0.,0.,1.));
#5914 = ADVANCED_FACE('',(#5915),#5933,.T.);
#5915 = FACE_BOUND('',#5916,.T.);
#5916 = EDGE_LOOP('',(#5917,#5925,#5931,#5932));
#5917 = ORIENTED_EDGE('',*,*,#5918,.T.);
#5918 = EDGE_CURVE('',#1963,#5919,#5921,.T.);
#5919 = VERTEX_POINT('',#5920);
#5920 = CARTESIAN_POINT('',(-39.61428571428,-10.98428571428,12.02));
#5921 = LINE('',#5922,#5923);
#5922 = CARTESIAN_POINT('',(-39.61428571428,-10.98428571428,13.02));
#5923 = VECTOR('',#5924,1.);
#5924 = DIRECTION('',(-0.,-0.,-1.));
#5925 = ORIENTED_EDGE('',*,*,#5926,.T.);
#5926 = EDGE_CURVE('',#5919,#5886,#5927,.T.);
#5927 = B_SPLINE_CURVE_WITH_KNOTS('',2,(#5928,#5929,#5930),
  .UNSPECIFIED.,.F.,.F.,(3,3),(0.,1.),.PIECEWISE_BEZIER_KNOTS.);
#5928 = CARTESIAN_POINT('',(-39.61428571428,-10.98428571428,12.02));
#5929 = CARTESIAN_POINT('',(-39.35,-10.38428571428,12.02));
#5930 = CARTESIAN_POINT('',(-38.93571428571,-10.21285714285,12.02));
#5931 = ORIENTED_EDGE('',*,*,#5885,.F.);
#5932 = ORIENTED_EDGE('',*,*,#1970,.F.);
#5933 = SURFACE_OF_LINEAR_EXTRUSION('',#5934,#5938);
#5934 = B_SPLINE_CURVE_WITH_KNOTS('',2,(#5935,#5936,#5937),
  .UNSPECIFIED.,.F.,.F.,(3,3),(0.,1.),.PIECEWISE_BEZIER_KNOTS.);
#5935 = CARTESIAN_POINT('',(-39.61428571428,-10.98428571428,13.02));
#5936 = CARTESIAN_POINT('',(-39.35,-10.38428571428,13.02));
#5937 = CARTESIAN_POINT('',(-38.93571428571,-10.21285714285,13.02));
#5938 = VECTOR('',#5939,1.);
#5939 = DIRECTION('',(0.,0.,1.));
#5940 = ADVANCED_FACE('',(#5941),#5959,.T.);
#5941 = FACE_BOUND('',#5942,.T.);
#5942 = EDGE_LOOP('',(#5943,#5951,#5957,#5958));
#5943 = ORIENTED_EDGE('',*,*,#5944,.T.);
#5944 = EDGE_CURVE('',#1955,#5945,#5947,.T.);
#5945 = VERTEX_POINT('',#5946);
#5946 = CARTESIAN_POINT('',(-39.75,-11.39142857142,12.02));
#5947 = LINE('',#5948,#5949);
#5948 = CARTESIAN_POINT('',(-39.75,-11.39142857142,13.02));
#5949 = VECTOR('',#5950,1.);
#5950 = DIRECTION('',(-0.,-0.,-1.));
#5951 = ORIENTED_EDGE('',*,*,#5952,.T.);
#5952 = EDGE_CURVE('',#5945,#5919,#5953,.T.);
#5953 = B_SPLINE_CURVE_WITH_KNOTS('',2,(#5954,#5955,#5956),
  .UNSPECIFIED.,.F.,.F.,(3,3),(0.,1.),.PIECEWISE_BEZIER_KNOTS.);
#5954 = CARTESIAN_POINT('',(-39.75,-11.39142857142,12.02));
#5955 = CARTESIAN_POINT('',(-39.66428571428,-11.09142857142,12.02));
#5956 = CARTESIAN_POINT('',(-39.61428571428,-10.98428571428,12.02));
#5957 = ORIENTED_EDGE('',*,*,#5918,.F.);
#5958 = ORIENTED_EDGE('',*,*,#1962,.F.);
#5959 = SURFACE_OF_LINEAR_EXTRUSION('',#5960,#5964);
#5960 = B_SPLINE_CURVE_WITH_KNOTS('',2,(#5961,#5962,#5963),
  .UNSPECIFIED.,.F.,.F.,(3,3),(0.,1.),.PIECEWISE_BEZIER_KNOTS.);
#5961 = CARTESIAN_POINT('',(-39.75,-11.39142857142,13.02));
#5962 = CARTESIAN_POINT('',(-39.66428571428,-11.09142857142,13.02));
#5963 = CARTESIAN_POINT('',(-39.61428571428,-10.98428571428,13.02));
#5964 = VECTOR('',#5965,1.);
#5965 = DIRECTION('',(0.,0.,1.));
#5966 = ADVANCED_FACE('',(#5967),#5985,.T.);
#5967 = FACE_BOUND('',#5968,.T.);
#5968 = EDGE_LOOP('',(#5969,#5977,#5983,#5984));
#5969 = ORIENTED_EDGE('',*,*,#5970,.T.);
#5970 = EDGE_CURVE('',#1947,#5971,#5973,.T.);
#5971 = VERTEX_POINT('',#5972);
#5972 = CARTESIAN_POINT('',(-39.87857142857,-11.79142857142,12.02));
#5973 = LINE('',#5974,#5975);
#5974 = CARTESIAN_POINT('',(-39.87857142857,-11.79142857142,13.02));
#5975 = VECTOR('',#5976,1.);
#5976 = DIRECTION('',(-0.,-0.,-1.));
#5977 = ORIENTED_EDGE('',*,*,#5978,.T.);
#5978 = EDGE_CURVE('',#5971,#5945,#5979,.T.);
#5979 = B_SPLINE_CURVE_WITH_KNOTS('',2,(#5980,#5981,#5982),
  .UNSPECIFIED.,.F.,.F.,(3,3),(0.,1.),.PIECEWISE_BEZIER_KNOTS.);
#5980 = CARTESIAN_POINT('',(-39.87857142857,-11.79142857142,12.02));
#5981 = CARTESIAN_POINT('',(-39.82857142857,-11.66285714285,12.02));
#5982 = CARTESIAN_POINT('',(-39.75,-11.39142857142,12.02));
#5983 = ORIENTED_EDGE('',*,*,#5944,.F.);
#5984 = ORIENTED_EDGE('',*,*,#1954,.F.);
#5985 = SURFACE_OF_LINEAR_EXTRUSION('',#5986,#5990);
#5986 = B_SPLINE_CURVE_WITH_KNOTS('',2,(#5987,#5988,#5989),
  .UNSPECIFIED.,.F.,.F.,(3,3),(0.,1.),.PIECEWISE_BEZIER_KNOTS.);
#5987 = CARTESIAN_POINT('',(-39.87857142857,-11.79142857142,13.02));
#5988 = CARTESIAN_POINT('',(-39.82857142857,-11.66285714285,13.02));
#5989 = CARTESIAN_POINT('',(-39.75,-11.39142857142,13.02));
#5990 = VECTOR('',#5991,1.);
#5991 = DIRECTION('',(0.,0.,1.));
#5992 = ADVANCED_FACE('',(#5993),#6011,.T.);
#5993 = FACE_BOUND('',#5994,.T.);
#5994 = EDGE_LOOP('',(#5995,#6003,#6009,#6010));
#5995 = ORIENTED_EDGE('',*,*,#5996,.T.);
#5996 = EDGE_CURVE('',#1939,#5997,#5999,.T.);
#5997 = VERTEX_POINT('',#5998);
#5998 = CARTESIAN_POINT('',(-40.53571428571,-12.39857142857,12.02));
#5999 = LINE('',#6000,#6001);
#6000 = CARTESIAN_POINT('',(-40.53571428571,-12.39857142857,13.02));
#6001 = VECTOR('',#6002,1.);
#6002 = DIRECTION('',(-0.,-0.,-1.));
#6003 = ORIENTED_EDGE('',*,*,#6004,.T.);
#6004 = EDGE_CURVE('',#5997,#5971,#6005,.T.);
#6005 = B_SPLINE_CURVE_WITH_KNOTS('',2,(#6006,#6007,#6008),
  .UNSPECIFIED.,.F.,.F.,(3,3),(0.,1.),.PIECEWISE_BEZIER_KNOTS.);
#6006 = CARTESIAN_POINT('',(-40.53571428571,-12.39857142857,12.02));
#6007 = CARTESIAN_POINT('',(-40.1,-12.39857142857,12.02));
#6008 = CARTESIAN_POINT('',(-39.87857142857,-11.79142857142,12.02));
#6009 = ORIENTED_EDGE('',*,*,#5970,.F.);
#6010 = ORIENTED_EDGE('',*,*,#1946,.F.);
#6011 = SURFACE_OF_LINEAR_EXTRUSION('',#6012,#6016);
#6012 = B_SPLINE_CURVE_WITH_KNOTS('',2,(#6013,#6014,#6015),
  .UNSPECIFIED.,.F.,.F.,(3,3),(0.,1.),.PIECEWISE_BEZIER_KNOTS.);
#6013 = CARTESIAN_POINT('',(-40.53571428571,-12.39857142857,13.02));
#6014 = CARTESIAN_POINT('',(-40.1,-12.39857142857,13.02));
#6015 = CARTESIAN_POINT('',(-39.87857142857,-11.79142857142,13.02));
#6016 = VECTOR('',#6017,1.);
#6017 = DIRECTION('',(0.,0.,1.));
#6018 = ADVANCED_FACE('',(#6019),#6037,.T.);
#6019 = FACE_BOUND('',#6020,.T.);
#6020 = EDGE_LOOP('',(#6021,#6029,#6035,#6036));
#6021 = ORIENTED_EDGE('',*,*,#6022,.T.);
#6022 = EDGE_CURVE('',#1931,#6023,#6025,.T.);
#6023 = VERTEX_POINT('',#6024);
#6024 = CARTESIAN_POINT('',(-41.02857142857,-12.22,12.02));
#6025 = LINE('',#6026,#6027);
#6026 = CARTESIAN_POINT('',(-41.02857142857,-12.22,13.02));
#6027 = VECTOR('',#6028,1.);
#6028 = DIRECTION('',(-0.,-0.,-1.));
#6029 = ORIENTED_EDGE('',*,*,#6030,.T.);
#6030 = EDGE_CURVE('',#6023,#5997,#6031,.T.);
#6031 = B_SPLINE_CURVE_WITH_KNOTS('',2,(#6032,#6033,#6034),
  .UNSPECIFIED.,.F.,.F.,(3,3),(0.,1.),.PIECEWISE_BEZIER_KNOTS.);
#6032 = CARTESIAN_POINT('',(-41.02857142857,-12.22,12.02));
#6033 = CARTESIAN_POINT('',(-40.81428571428,-12.39857142857,12.02));
#6034 = CARTESIAN_POINT('',(-40.53571428571,-12.39857142857,12.02));
#6035 = ORIENTED_EDGE('',*,*,#5996,.F.);
#6036 = ORIENTED_EDGE('',*,*,#1938,.F.);
#6037 = SURFACE_OF_LINEAR_EXTRUSION('',#6038,#6042);
#6038 = B_SPLINE_CURVE_WITH_KNOTS('',2,(#6039,#6040,#6041),
  .UNSPECIFIED.,.F.,.F.,(3,3),(0.,1.),.PIECEWISE_BEZIER_KNOTS.);
#6039 = CARTESIAN_POINT('',(-41.02857142857,-12.22,13.02));
#6040 = CARTESIAN_POINT('',(-40.81428571428,-12.39857142857,13.02));
#6041 = CARTESIAN_POINT('',(-40.53571428571,-12.39857142857,13.02));
#6042 = VECTOR('',#6043,1.);
#6043 = DIRECTION('',(0.,0.,1.));
#6044 = ADVANCED_FACE('',(#6045),#6063,.T.);
#6045 = FACE_BOUND('',#6046,.T.);
#6046 = EDGE_LOOP('',(#6047,#6055,#6061,#6062));
#6047 = ORIENTED_EDGE('',*,*,#6048,.T.);
#6048 = EDGE_CURVE('',#1923,#6049,#6051,.T.);
#6049 = VERTEX_POINT('',#6050);
#6050 = CARTESIAN_POINT('',(-41.28571428571,-11.73428571428,12.02));
#6051 = LINE('',#6052,#6053);
#6052 = CARTESIAN_POINT('',(-41.28571428571,-11.73428571428,13.02));
#6053 = VECTOR('',#6054,1.);
#6054 = DIRECTION('',(-0.,-0.,-1.));
#6055 = ORIENTED_EDGE('',*,*,#6056,.T.);
#6056 = EDGE_CURVE('',#6049,#6023,#6057,.T.);
#6057 = B_SPLINE_CURVE_WITH_KNOTS('',2,(#6058,#6059,#6060),
  .UNSPECIFIED.,.F.,.F.,(3,3),(0.,1.),.PIECEWISE_BEZIER_KNOTS.);
#6058 = CARTESIAN_POINT('',(-41.28571428571,-11.73428571428,12.02));
#6059 = CARTESIAN_POINT('',(-41.27142857142,-12.00571428571,12.02));
#6060 = CARTESIAN_POINT('',(-41.02857142857,-12.22,12.02));
#6061 = ORIENTED_EDGE('',*,*,#6022,.F.);
#6062 = ORIENTED_EDGE('',*,*,#1930,.F.);
#6063 = SURFACE_OF_LINEAR_EXTRUSION('',#6064,#6068);
#6064 = B_SPLINE_CURVE_WITH_KNOTS('',2,(#6065,#6066,#6067),
  .UNSPECIFIED.,.F.,.F.,(3,3),(0.,1.),.PIECEWISE_BEZIER_KNOTS.);
#6065 = CARTESIAN_POINT('',(-41.28571428571,-11.73428571428,13.02));
#6066 = CARTESIAN_POINT('',(-41.27142857142,-12.00571428571,13.02));
#6067 = CARTESIAN_POINT('',(-41.02857142857,-12.22,13.02));
#6068 = VECTOR('',#6069,1.);
#6069 = DIRECTION('',(0.,0.,1.));
#6070 = ADVANCED_FACE('',(#6071),#6089,.T.);
#6071 = FACE_BOUND('',#6072,.T.);
#6072 = EDGE_LOOP('',(#6073,#6081,#6087,#6088));
#6073 = ORIENTED_EDGE('',*,*,#6074,.T.);
#6074 = EDGE_CURVE('',#1915,#6075,#6077,.T.);
#6075 = VERTEX_POINT('',#6076);
#6076 = CARTESIAN_POINT('',(-42.02142857142,-11.73428571428,12.02));
#6077 = LINE('',#6078,#6079);
#6078 = CARTESIAN_POINT('',(-42.02142857142,-11.73428571428,13.02));
#6079 = VECTOR('',#6080,1.);
#6080 = DIRECTION('',(-0.,-0.,-1.));
#6081 = ORIENTED_EDGE('',*,*,#6082,.T.);
#6082 = EDGE_CURVE('',#6075,#6049,#6083,.T.);
#6083 = LINE('',#6084,#6085);
#6084 = CARTESIAN_POINT('',(-42.02142857142,-11.73428571428,12.02));
#6085 = VECTOR('',#6086,1.);
#6086 = DIRECTION('',(1.,0.,0.));
#6087 = ORIENTED_EDGE('',*,*,#6048,.F.);
#6088 = ORIENTED_EDGE('',*,*,#1922,.F.);
#6089 = PLANE('',#6090);
#6090 = AXIS2_PLACEMENT_3D('',#6091,#6092,#6093);
#6091 = CARTESIAN_POINT('',(-42.02142857142,-11.73428571428,13.02));
#6092 = DIRECTION('',(-2.2E-16,-1.,0.));
#6093 = DIRECTION('',(1.,-2.2E-16,0.));
#6094 = ADVANCED_FACE('',(#6095),#6113,.T.);
#6095 = FACE_BOUND('',#6096,.T.);
#6096 = EDGE_LOOP('',(#6097,#6105,#6111,#6112));
#6097 = ORIENTED_EDGE('',*,*,#6098,.T.);
#6098 = EDGE_CURVE('',#1907,#6099,#6101,.T.);
#6099 = VERTEX_POINT('',#6100);
#6100 = CARTESIAN_POINT('',(-41.61428571428,-12.71285714285,12.02));
#6101 = LINE('',#6102,#6103);
#6102 = CARTESIAN_POINT('',(-41.61428571428,-12.71285714285,13.02));
#6103 = VECTOR('',#6104,1.);
#6104 = DIRECTION('',(-0.,-0.,-1.));
#6105 = ORIENTED_EDGE('',*,*,#6106,.T.);
#6106 = EDGE_CURVE('',#6099,#6075,#6107,.T.);
#6107 = B_SPLINE_CURVE_WITH_KNOTS('',2,(#6108,#6109,#6110),
  .UNSPECIFIED.,.F.,.F.,(3,3),(0.,1.),.PIECEWISE_BEZIER_KNOTS.);
#6108 = CARTESIAN_POINT('',(-41.61428571428,-12.71285714285,12.02));
#6109 = CARTESIAN_POINT('',(-42.02142857142,-12.27714285714,12.02));
#6110 = CARTESIAN_POINT('',(-42.02142857142,-11.73428571428,12.02));
#6111 = ORIENTED_EDGE('',*,*,#6074,.F.);
#6112 = ORIENTED_EDGE('',*,*,#1914,.F.);
#6113 = SURFACE_OF_LINEAR_EXTRUSION('',#6114,#6118);
#6114 = B_SPLINE_CURVE_WITH_KNOTS('',2,(#6115,#6116,#6117),
  .UNSPECIFIED.,.F.,.F.,(3,3),(0.,1.),.PIECEWISE_BEZIER_KNOTS.);
#6115 = CARTESIAN_POINT('',(-41.61428571428,-12.71285714285,13.02));
#6116 = CARTESIAN_POINT('',(-42.02142857142,-12.27714285714,13.02));
#6117 = CARTESIAN_POINT('',(-42.02142857142,-11.73428571428,13.02));
#6118 = VECTOR('',#6119,1.);
#6119 = DIRECTION('',(0.,0.,1.));
#6120 = ADVANCED_FACE('',(#6121),#6139,.T.);
#6121 = FACE_BOUND('',#6122,.T.);
#6122 = EDGE_LOOP('',(#6123,#6131,#6137,#6138));
#6123 = ORIENTED_EDGE('',*,*,#6124,.T.);
#6124 = EDGE_CURVE('',#1899,#6125,#6127,.T.);
#6125 = VERTEX_POINT('',#6126);
#6126 = CARTESIAN_POINT('',(-40.52142857142,-13.19857142857,12.02));
#6127 = LINE('',#6128,#6129);
#6128 = CARTESIAN_POINT('',(-40.52142857142,-13.19857142857,13.02));
#6129 = VECTOR('',#6130,1.);
#6130 = DIRECTION('',(-0.,-0.,-1.));
#6131 = ORIENTED_EDGE('',*,*,#6132,.T.);
#6132 = EDGE_CURVE('',#6125,#6099,#6133,.T.);
#6133 = B_SPLINE_CURVE_WITH_KNOTS('',2,(#6134,#6135,#6136),
  .UNSPECIFIED.,.F.,.F.,(3,3),(0.,1.),.PIECEWISE_BEZIER_KNOTS.);
#6134 = CARTESIAN_POINT('',(-40.52142857142,-13.19857142857,12.02));
#6135 = CARTESIAN_POINT('',(-41.15,-13.19857142857,12.02));
#6136 = CARTESIAN_POINT('',(-41.61428571428,-12.71285714285,12.02));
#6137 = ORIENTED_EDGE('',*,*,#6098,.F.);
#6138 = ORIENTED_EDGE('',*,*,#1906,.F.);
#6139 = SURFACE_OF_LINEAR_EXTRUSION('',#6140,#6144);
#6140 = B_SPLINE_CURVE_WITH_KNOTS('',2,(#6141,#6142,#6143),
  .UNSPECIFIED.,.F.,.F.,(3,3),(0.,1.),.PIECEWISE_BEZIER_KNOTS.);
#6141 = CARTESIAN_POINT('',(-40.52142857142,-13.19857142857,13.02));
#6142 = CARTESIAN_POINT('',(-41.15,-13.19857142857,13.02));
#6143 = CARTESIAN_POINT('',(-41.61428571428,-12.71285714285,13.02));
#6144 = VECTOR('',#6145,1.);
#6145 = DIRECTION('',(0.,0.,1.));
#6146 = ADVANCED_FACE('',(#6147),#6165,.T.);
#6147 = FACE_BOUND('',#6148,.T.);
#6148 = EDGE_LOOP('',(#6149,#6157,#6163,#6164));
#6149 = ORIENTED_EDGE('',*,*,#6150,.T.);
#6150 = EDGE_CURVE('',#1891,#6151,#6153,.T.);
#6151 = VERTEX_POINT('',#6152);
#6152 = CARTESIAN_POINT('',(-39.97142857142,-13.09142857142,12.02));
#6153 = LINE('',#6154,#6155);
#6154 = CARTESIAN_POINT('',(-39.97142857142,-13.09142857142,13.02));
#6155 = VECTOR('',#6156,1.);
#6156 = DIRECTION('',(-0.,-0.,-1.));
#6157 = ORIENTED_EDGE('',*,*,#6158,.T.);
#6158 = EDGE_CURVE('',#6151,#6125,#6159,.T.);
#6159 = B_SPLINE_CURVE_WITH_KNOTS('',2,(#6160,#6161,#6162),
  .UNSPECIFIED.,.F.,.F.,(3,3),(0.,1.),.PIECEWISE_BEZIER_KNOTS.);
#6160 = CARTESIAN_POINT('',(-39.97142857142,-13.09142857142,12.02));
#6161 = CARTESIAN_POINT('',(-40.22142857142,-13.19857142857,12.02));
#6162 = CARTESIAN_POINT('',(-40.52142857142,-13.19857142857,12.02));
#6163 = ORIENTED_EDGE('',*,*,#6124,.F.);
#6164 = ORIENTED_EDGE('',*,*,#1898,.F.);
#6165 = SURFACE_OF_LINEAR_EXTRUSION('',#6166,#6170);
#6166 = B_SPLINE_CURVE_WITH_KNOTS('',2,(#6167,#6168,#6169),
  .UNSPECIFIED.,.F.,.F.,(3,3),(0.,1.),.PIECEWISE_BEZIER_KNOTS.);
#6167 = CARTESIAN_POINT('',(-39.97142857142,-13.09142857142,13.02));
#6168 = CARTESIAN_POINT('',(-40.22142857142,-13.19857142857,13.02));
#6169 = CARTESIAN_POINT('',(-40.52142857142,-13.19857142857,13.02));
#6170 = VECTOR('',#6171,1.);
#6171 = DIRECTION('',(0.,0.,1.));
#6172 = ADVANCED_FACE('',(#6173),#6191,.T.);
#6173 = FACE_BOUND('',#6174,.T.);
#6174 = EDGE_LOOP('',(#6175,#6183,#6189,#6190));
#6175 = ORIENTED_EDGE('',*,*,#6176,.T.);
#6176 = EDGE_CURVE('',#1883,#6177,#6179,.T.);
#6177 = VERTEX_POINT('',#6178);
#6178 = CARTESIAN_POINT('',(-39.24285714285,-12.28428571428,12.02));
#6179 = LINE('',#6180,#6181);
#6180 = CARTESIAN_POINT('',(-39.24285714285,-12.28428571428,13.02));
#6181 = VECTOR('',#6182,1.);
#6182 = DIRECTION('',(-0.,-0.,-1.));
#6183 = ORIENTED_EDGE('',*,*,#6184,.T.);
#6184 = EDGE_CURVE('',#6177,#6151,#6185,.T.);
#6185 = B_SPLINE_CURVE_WITH_KNOTS('',2,(#6186,#6187,#6188),
  .UNSPECIFIED.,.F.,.F.,(3,3),(0.,1.),.PIECEWISE_BEZIER_KNOTS.);
#6186 = CARTESIAN_POINT('',(-39.24285714285,-12.28428571428,12.02));
#6187 = CARTESIAN_POINT('',(-39.55,-12.90571428571,12.02));
#6188 = CARTESIAN_POINT('',(-39.97142857142,-13.09142857142,12.02));
#6189 = ORIENTED_EDGE('',*,*,#6150,.F.);
#6190 = ORIENTED_EDGE('',*,*,#1890,.F.);
#6191 = SURFACE_OF_LINEAR_EXTRUSION('',#6192,#6196);
#6192 = B_SPLINE_CURVE_WITH_KNOTS('',2,(#6193,#6194,#6195),
  .UNSPECIFIED.,.F.,.F.,(3,3),(0.,1.),.PIECEWISE_BEZIER_KNOTS.);
#6193 = CARTESIAN_POINT('',(-39.24285714285,-12.28428571428,13.02));
#6194 = CARTESIAN_POINT('',(-39.55,-12.90571428571,13.02));
#6195 = CARTESIAN_POINT('',(-39.97142857142,-13.09142857142,13.02));
#6196 = VECTOR('',#6197,1.);
#6197 = DIRECTION('',(0.,0.,1.));
#6198 = ADVANCED_FACE('',(#6199),#6217,.T.);
#6199 = FACE_BOUND('',#6200,.T.);
#6200 = EDGE_LOOP('',(#6201,#6209,#6215,#6216));
#6201 = ORIENTED_EDGE('',*,*,#6202,.T.);
#6202 = EDGE_CURVE('',#1875,#6203,#6205,.T.);
#6203 = VERTEX_POINT('',#6204);
#6204 = CARTESIAN_POINT('',(-39.07142857142,-11.80571428571,12.02));
#6205 = LINE('',#6206,#6207);
#6206 = CARTESIAN_POINT('',(-39.07142857142,-11.80571428571,13.02));
#6207 = VECTOR('',#6208,1.);
#6208 = DIRECTION('',(-0.,-0.,-1.));
#6209 = ORIENTED_EDGE('',*,*,#6210,.T.);
#6210 = EDGE_CURVE('',#6203,#6177,#6211,.T.);
#6211 = B_SPLINE_CURVE_WITH_KNOTS('',2,(#6212,#6213,#6214),
  .UNSPECIFIED.,.F.,.F.,(3,3),(0.,1.),.PIECEWISE_BEZIER_KNOTS.);
#6212 = CARTESIAN_POINT('',(-39.07142857142,-11.80571428571,12.02));
#6213 = CARTESIAN_POINT('',(-39.17857142857,-12.14857142857,12.02));
#6214 = CARTESIAN_POINT('',(-39.24285714285,-12.28428571428,12.02));
#6215 = ORIENTED_EDGE('',*,*,#6176,.F.);
#6216 = ORIENTED_EDGE('',*,*,#1882,.F.);
#6217 = SURFACE_OF_LINEAR_EXTRUSION('',#6218,#6222);
#6218 = B_SPLINE_CURVE_WITH_KNOTS('',2,(#6219,#6220,#6221),
  .UNSPECIFIED.,.F.,.F.,(3,3),(0.,1.),.PIECEWISE_BEZIER_KNOTS.);
#6219 = CARTESIAN_POINT('',(-39.07142857142,-11.80571428571,13.02));
#6220 = CARTESIAN_POINT('',(-39.17857142857,-12.14857142857,13.02));
#6221 = CARTESIAN_POINT('',(-39.24285714285,-12.28428571428,13.02));
#6222 = VECTOR('',#6223,1.);
#6223 = DIRECTION('',(0.,0.,1.));
#6224 = ADVANCED_FACE('',(#6225),#6243,.T.);
#6225 = FACE_BOUND('',#6226,.T.);
#6226 = EDGE_LOOP('',(#6227,#6235,#6241,#6242));
#6227 = ORIENTED_EDGE('',*,*,#6228,.T.);
#6228 = EDGE_CURVE('',#1867,#6229,#6231,.T.);
#6229 = VERTEX_POINT('',#6230);
#6230 = CARTESIAN_POINT('',(-38.93571428571,-11.40571428571,12.02));
#6231 = LINE('',#6232,#6233);
#6232 = CARTESIAN_POINT('',(-38.93571428571,-11.40571428571,13.02));
#6233 = VECTOR('',#6234,1.);
#6234 = DIRECTION('',(-0.,-0.,-1.));
#6235 = ORIENTED_EDGE('',*,*,#6236,.T.);
#6236 = EDGE_CURVE('',#6229,#6203,#6237,.T.);
#6237 = B_SPLINE_CURVE_WITH_KNOTS('',2,(#6238,#6239,#6240),
  .UNSPECIFIED.,.F.,.F.,(3,3),(0.,1.),.PIECEWISE_BEZIER_KNOTS.);
#6238 = CARTESIAN_POINT('',(-38.93571428571,-11.40571428571,12.02));
#6239 = CARTESIAN_POINT('',(-38.98571428571,-11.53428571428,12.02));
#6240 = CARTESIAN_POINT('',(-39.07142857142,-11.80571428571,12.02));
#6241 = ORIENTED_EDGE('',*,*,#6202,.F.);
#6242 = ORIENTED_EDGE('',*,*,#1874,.F.);
#6243 = SURFACE_OF_LINEAR_EXTRUSION('',#6244,#6248);
#6244 = B_SPLINE_CURVE_WITH_KNOTS('',2,(#6245,#6246,#6247),
  .UNSPECIFIED.,.F.,.F.,(3,3),(0.,1.),.PIECEWISE_BEZIER_KNOTS.);
#6245 = CARTESIAN_POINT('',(-38.93571428571,-11.40571428571,13.02));
#6246 = CARTESIAN_POINT('',(-38.98571428571,-11.53428571428,13.02));
#6247 = CARTESIAN_POINT('',(-39.07142857142,-11.80571428571,13.02));
#6248 = VECTOR('',#6249,1.);
#6249 = DIRECTION('',(0.,0.,1.));
#6250 = ADVANCED_FACE('',(#6251),#6269,.T.);
#6251 = FACE_BOUND('',#6252,.T.);
#6252 = EDGE_LOOP('',(#6253,#6261,#6267,#6268));
#6253 = ORIENTED_EDGE('',*,*,#6254,.T.);
#6254 = EDGE_CURVE('',#1859,#6255,#6257,.T.);
#6255 = VERTEX_POINT('',#6256);
#6256 = CARTESIAN_POINT('',(-38.34285714285,-10.87,12.02));
#6257 = LINE('',#6258,#6259);
#6258 = CARTESIAN_POINT('',(-38.34285714285,-10.87,13.02));
#6259 = VECTOR('',#6260,1.);
#6260 = DIRECTION('',(-0.,-0.,-1.));
#6261 = ORIENTED_EDGE('',*,*,#6262,.T.);
#6262 = EDGE_CURVE('',#6255,#6229,#6263,.T.);
#6263 = B_SPLINE_CURVE_WITH_KNOTS('',2,(#6264,#6265,#6266),
  .UNSPECIFIED.,.F.,.F.,(3,3),(0.,1.),.PIECEWISE_BEZIER_KNOTS.);
#6264 = CARTESIAN_POINT('',(-38.34285714285,-10.87,12.02));
#6265 = CARTESIAN_POINT('',(-38.71428571428,-10.87,12.02));
#6266 = CARTESIAN_POINT('',(-38.93571428571,-11.40571428571,12.02));
#6267 = ORIENTED_EDGE('',*,*,#6228,.F.);
#6268 = ORIENTED_EDGE('',*,*,#1866,.F.);
#6269 = SURFACE_OF_LINEAR_EXTRUSION('',#6270,#6274);
#6270 = B_SPLINE_CURVE_WITH_KNOTS('',2,(#6271,#6272,#6273),
  .UNSPECIFIED.,.F.,.F.,(3,3),(0.,1.),.PIECEWISE_BEZIER_KNOTS.);
#6271 = CARTESIAN_POINT('',(-38.34285714285,-10.87,13.02));
#6272 = CARTESIAN_POINT('',(-38.71428571428,-10.87,13.02));
#6273 = CARTESIAN_POINT('',(-38.93571428571,-11.40571428571,13.02));
#6274 = VECTOR('',#6275,1.);
#6275 = DIRECTION('',(0.,0.,1.));
#6276 = ADVANCED_FACE('',(#6277),#6295,.T.);
#6277 = FACE_BOUND('',#6278,.T.);
#6278 = EDGE_LOOP('',(#6279,#6287,#6293,#6294));
#6279 = ORIENTED_EDGE('',*,*,#6280,.T.);
#6280 = EDGE_CURVE('',#1851,#6281,#6283,.T.);
#6281 = VERTEX_POINT('',#6282);
#6282 = CARTESIAN_POINT('',(-38.00714285714,-10.97714285714,12.02));
#6283 = LINE('',#6284,#6285);
#6284 = CARTESIAN_POINT('',(-38.00714285714,-10.97714285714,13.02));
#6285 = VECTOR('',#6286,1.);
#6286 = DIRECTION('',(-0.,-0.,-1.));
#6287 = ORIENTED_EDGE('',*,*,#6288,.T.);
#6288 = EDGE_CURVE('',#6281,#6255,#6289,.T.);
#6289 = B_SPLINE_CURVE_WITH_KNOTS('',2,(#6290,#6291,#6292),
  .UNSPECIFIED.,.F.,.F.,(3,3),(0.,1.),.PIECEWISE_BEZIER_KNOTS.);
#6290 = CARTESIAN_POINT('',(-38.00714285714,-10.97714285714,12.02));
#6291 = CARTESIAN_POINT('',(-38.16428571428,-10.87,12.02));
#6292 = CARTESIAN_POINT('',(-38.34285714285,-10.87,12.02));
#6293 = ORIENTED_EDGE('',*,*,#6254,.F.);
#6294 = ORIENTED_EDGE('',*,*,#1858,.F.);
#6295 = SURFACE_OF_LINEAR_EXTRUSION('',#6296,#6300);
#6296 = B_SPLINE_CURVE_WITH_KNOTS('',2,(#6297,#6298,#6299),
  .UNSPECIFIED.,.F.,.F.,(3,3),(0.,1.),.PIECEWISE_BEZIER_KNOTS.);
#6297 = CARTESIAN_POINT('',(-38.00714285714,-10.97714285714,13.02));
#6298 = CARTESIAN_POINT('',(-38.16428571428,-10.87,13.02));
#6299 = CARTESIAN_POINT('',(-38.34285714285,-10.87,13.02));
#6300 = VECTOR('',#6301,1.);
#6301 = DIRECTION('',(0.,0.,1.));
#6302 = ADVANCED_FACE('',(#6303),#6321,.T.);
#6303 = FACE_BOUND('',#6304,.T.);
#6304 = EDGE_LOOP('',(#6305,#6313,#6319,#6320));
#6305 = ORIENTED_EDGE('',*,*,#6306,.T.);
#6306 = EDGE_CURVE('',#1843,#6307,#6309,.T.);
#6307 = VERTEX_POINT('',#6308);
#6308 = CARTESIAN_POINT('',(-37.75,-11.36285714285,12.02));
#6309 = LINE('',#6310,#6311);
#6310 = CARTESIAN_POINT('',(-37.75,-11.36285714285,13.02));
#6311 = VECTOR('',#6312,1.);
#6312 = DIRECTION('',(-0.,-0.,-1.));
#6313 = ORIENTED_EDGE('',*,*,#6314,.T.);
#6314 = EDGE_CURVE('',#6307,#6281,#6315,.T.);
#6315 = B_SPLINE_CURVE_WITH_KNOTS('',2,(#6316,#6317,#6318),
  .UNSPECIFIED.,.F.,.F.,(3,3),(0.,1.),.PIECEWISE_BEZIER_KNOTS.);
#6316 = CARTESIAN_POINT('',(-37.75,-11.36285714285,12.02));
#6317 = CARTESIAN_POINT('',(-37.78571428571,-11.14142857142,12.02));
#6318 = CARTESIAN_POINT('',(-38.00714285714,-10.97714285714,12.02));
#6319 = ORIENTED_EDGE('',*,*,#6280,.F.);
#6320 = ORIENTED_EDGE('',*,*,#1850,.F.);
#6321 = SURFACE_OF_LINEAR_EXTRUSION('',#6322,#6326);
#6322 = B_SPLINE_CURVE_WITH_KNOTS('',2,(#6323,#6324,#6325),
  .UNSPECIFIED.,.F.,.F.,(3,3),(0.,1.),.PIECEWISE_BEZIER_KNOTS.);
#6323 = CARTESIAN_POINT('',(-37.75,-11.36285714285,13.02));
#6324 = CARTESIAN_POINT('',(-37.78571428571,-11.14142857142,13.02));
#6325 = CARTESIAN_POINT('',(-38.00714285714,-10.97714285714,13.02));
#6326 = VECTOR('',#6327,1.);
#6327 = DIRECTION('',(0.,0.,1.));
#6328 = ADVANCED_FACE('',(#6329),#6347,.T.);
#6329 = FACE_BOUND('',#6330,.T.);
#6330 = EDGE_LOOP('',(#6331,#6339,#6345,#6346));
#6331 = ORIENTED_EDGE('',*,*,#6332,.T.);
#6332 = EDGE_CURVE('',#1835,#6333,#6335,.T.);
#6333 = VERTEX_POINT('',#6334);
#6334 = CARTESIAN_POINT('',(-37.,-11.36285714285,12.02));
#6335 = LINE('',#6336,#6337);
#6336 = CARTESIAN_POINT('',(-37.,-11.36285714285,13.02));
#6337 = VECTOR('',#6338,1.);
#6338 = DIRECTION('',(-0.,-0.,-1.));
#6339 = ORIENTED_EDGE('',*,*,#6340,.T.);
#6340 = EDGE_CURVE('',#6333,#6307,#6341,.T.);
#6341 = LINE('',#6342,#6343);
#6342 = CARTESIAN_POINT('',(-37.,-11.36285714285,12.02));
#6343 = VECTOR('',#6344,1.);
#6344 = DIRECTION('',(-1.,0.,0.));
#6345 = ORIENTED_EDGE('',*,*,#6306,.F.);
#6346 = ORIENTED_EDGE('',*,*,#1842,.F.);
#6347 = PLANE('',#6348);
#6348 = AXIS2_PLACEMENT_3D('',#6349,#6350,#6351);
#6349 = CARTESIAN_POINT('',(-37.,-11.36285714285,13.02));
#6350 = DIRECTION('',(2.2E-16,1.,0.));
#6351 = DIRECTION('',(-1.,2.2E-16,0.));
#6352 = ADVANCED_FACE('',(#6353),#6371,.T.);
#6353 = FACE_BOUND('',#6354,.T.);
#6354 = EDGE_LOOP('',(#6355,#6363,#6369,#6370));
#6355 = ORIENTED_EDGE('',*,*,#6356,.T.);
#6356 = EDGE_CURVE('',#1827,#6357,#6359,.T.);
#6357 = VERTEX_POINT('',#6358);
#6358 = CARTESIAN_POINT('',(-37.18571428571,-10.77714285714,12.02));
#6359 = LINE('',#6360,#6361);
#6360 = CARTESIAN_POINT('',(-37.18571428571,-10.77714285714,13.02));
#6361 = VECTOR('',#6362,1.);
#6362 = DIRECTION('',(-0.,-0.,-1.));
#6363 = ORIENTED_EDGE('',*,*,#6364,.T.);
#6364 = EDGE_CURVE('',#6357,#6333,#6365,.T.);
#6365 = B_SPLINE_CURVE_WITH_KNOTS('',2,(#6366,#6367,#6368),
  .UNSPECIFIED.,.F.,.F.,(3,3),(0.,1.),.PIECEWISE_BEZIER_KNOTS.);
#6366 = CARTESIAN_POINT('',(-37.18571428571,-10.77714285714,12.02));
#6367 = CARTESIAN_POINT('',(-37.00714285714,-11.09142857142,12.02));
#6368 = CARTESIAN_POINT('',(-37.,-11.36285714285,12.02));
#6369 = ORIENTED_EDGE('',*,*,#6332,.F.);
#6370 = ORIENTED_EDGE('',*,*,#1834,.F.);
#6371 = SURFACE_OF_LINEAR_EXTRUSION('',#6372,#6376);
#6372 = B_SPLINE_CURVE_WITH_KNOTS('',2,(#6373,#6374,#6375),
  .UNSPECIFIED.,.F.,.F.,(3,3),(0.,1.),.PIECEWISE_BEZIER_KNOTS.);
#6373 = CARTESIAN_POINT('',(-37.18571428571,-10.77714285714,13.02));
#6374 = CARTESIAN_POINT('',(-37.00714285714,-11.09142857142,13.02));
#6375 = CARTESIAN_POINT('',(-37.,-11.36285714285,13.02));
#6376 = VECTOR('',#6377,1.);
#6377 = DIRECTION('',(0.,0.,1.));
#6378 = ADVANCED_FACE('',(#6379),#6390,.T.);
#6379 = FACE_BOUND('',#6380,.T.);
#6380 = EDGE_LOOP('',(#6381,#6382,#6388,#6389));
#6381 = ORIENTED_EDGE('',*,*,#5901,.T.);
#6382 = ORIENTED_EDGE('',*,*,#6383,.T.);
#6383 = EDGE_CURVE('',#5894,#6357,#6384,.T.);
#6384 = B_SPLINE_CURVE_WITH_KNOTS('',2,(#6385,#6386,#6387),
  .UNSPECIFIED.,.F.,.F.,(3,3),(0.,1.),.PIECEWISE_BEZIER_KNOTS.);
#6385 = CARTESIAN_POINT('',(-38.35714285714,-10.10571428571,12.02));
#6386 = CARTESIAN_POINT('',(-37.57857142857,-10.10571428571,12.02));
#6387 = CARTESIAN_POINT('',(-37.18571428571,-10.77714285714,12.02));
#6388 = ORIENTED_EDGE('',*,*,#6356,.F.);
#6389 = ORIENTED_EDGE('',*,*,#1826,.F.);
#6390 = SURFACE_OF_LINEAR_EXTRUSION('',#6391,#6395);
#6391 = B_SPLINE_CURVE_WITH_KNOTS('',2,(#6392,#6393,#6394),
  .UNSPECIFIED.,.F.,.F.,(3,3),(0.,1.),.PIECEWISE_BEZIER_KNOTS.);
#6392 = CARTESIAN_POINT('',(-38.35714285714,-10.10571428571,13.02));
#6393 = CARTESIAN_POINT('',(-37.57857142857,-10.10571428571,13.02));
#6394 = CARTESIAN_POINT('',(-37.18571428571,-10.77714285714,13.02));
#6395 = VECTOR('',#6396,1.);
#6396 = DIRECTION('',(0.,0.,1.));
#6397 = ADVANCED_FACE('',(#6398),#6423,.T.);
#6398 = FACE_BOUND('',#6399,.T.);
#6399 = EDGE_LOOP('',(#6400,#6408,#6416,#6422));
#6400 = ORIENTED_EDGE('',*,*,#6401,.T.);
#6401 = EDGE_CURVE('',#1979,#6402,#6404,.T.);
#6402 = VERTEX_POINT('',#6403);
#6403 = CARTESIAN_POINT('',(-41.49285714285,-10.32,12.02));
#6404 = LINE('',#6405,#6406);
#6405 = CARTESIAN_POINT('',(-41.49285714285,-10.32,13.02));
#6406 = VECTOR('',#6407,1.);
#6407 = DIRECTION('',(-0.,-0.,-1.));
#6408 = ORIENTED_EDGE('',*,*,#6409,.T.);
#6409 = EDGE_CURVE('',#6402,#6410,#6412,.T.);
#6410 = VERTEX_POINT('',#6411);
#6411 = CARTESIAN_POINT('',(-40.87142857142,-10.04857142857,12.02));
#6412 = B_SPLINE_CURVE_WITH_KNOTS('',2,(#6413,#6414,#6415),
  .UNSPECIFIED.,.F.,.F.,(3,3),(0.,1.),.PIECEWISE_BEZIER_KNOTS.);
#6413 = CARTESIAN_POINT('',(-41.49285714285,-10.32,12.02));
#6414 = CARTESIAN_POINT('',(-41.15714285714,-10.05571428571,12.02));
#6415 = CARTESIAN_POINT('',(-40.87142857142,-10.04857142857,12.02));
#6416 = ORIENTED_EDGE('',*,*,#6417,.F.);
#6417 = EDGE_CURVE('',#1981,#6410,#6418,.T.);
#6418 = LINE('',#6419,#6420);
#6419 = CARTESIAN_POINT('',(-40.87142857142,-10.04857142857,13.02));
#6420 = VECTOR('',#6421,1.);
#6421 = DIRECTION('',(-0.,-0.,-1.));
#6422 = ORIENTED_EDGE('',*,*,#1978,.F.);
#6423 = SURFACE_OF_LINEAR_EXTRUSION('',#6424,#6428);
#6424 = B_SPLINE_CURVE_WITH_KNOTS('',2,(#6425,#6426,#6427),
  .UNSPECIFIED.,.F.,.F.,(3,3),(0.,1.),.PIECEWISE_BEZIER_KNOTS.);
#6425 = CARTESIAN_POINT('',(-41.49285714285,-10.32,13.02));
#6426 = CARTESIAN_POINT('',(-41.15714285714,-10.05571428571,13.02));
#6427 = CARTESIAN_POINT('',(-40.87142857142,-10.04857142857,13.02));
#6428 = VECTOR('',#6429,1.);
#6429 = DIRECTION('',(0.,0.,1.));
#6430 = ADVANCED_FACE('',(#6431),#6449,.T.);
#6431 = FACE_BOUND('',#6432,.T.);
#6432 = EDGE_LOOP('',(#6433,#6441,#6447,#6448));
#6433 = ORIENTED_EDGE('',*,*,#6434,.T.);
#6434 = EDGE_CURVE('',#2013,#6435,#6437,.T.);
#6435 = VERTEX_POINT('',#6436);
#6436 = CARTESIAN_POINT('',(-42.02142857142,-11.36285714285,12.02));
#6437 = LINE('',#6438,#6439);
#6438 = CARTESIAN_POINT('',(-42.02142857142,-11.36285714285,13.02));
#6439 = VECTOR('',#6440,1.);
#6440 = DIRECTION('',(-0.,-0.,-1.));
#6441 = ORIENTED_EDGE('',*,*,#6442,.T.);
#6442 = EDGE_CURVE('',#6435,#6402,#6443,.T.);
#6443 = B_SPLINE_CURVE_WITH_KNOTS('',2,(#6444,#6445,#6446),
  .UNSPECIFIED.,.F.,.F.,(3,3),(0.,1.),.PIECEWISE_BEZIER_KNOTS.);
#6444 = CARTESIAN_POINT('',(-42.02142857142,-11.36285714285,12.02));
#6445 = CARTESIAN_POINT('',(-42.02142857142,-10.74857142857,12.02));
#6446 = CARTESIAN_POINT('',(-41.49285714285,-10.32,12.02));
#6447 = ORIENTED_EDGE('',*,*,#6401,.F.);
#6448 = ORIENTED_EDGE('',*,*,#2020,.F.);
#6449 = SURFACE_OF_LINEAR_EXTRUSION('',#6450,#6454);
#6450 = B_SPLINE_CURVE_WITH_KNOTS('',2,(#6451,#6452,#6453),
  .UNSPECIFIED.,.F.,.F.,(3,3),(0.,1.),.PIECEWISE_BEZIER_KNOTS.);
#6451 = CARTESIAN_POINT('',(-42.02142857142,-11.36285714285,13.02));
#6452 = CARTESIAN_POINT('',(-42.02142857142,-10.74857142857,13.02));
#6453 = CARTESIAN_POINT('',(-41.49285714285,-10.32,13.02));
#6454 = VECTOR('',#6455,1.);
#6455 = DIRECTION('',(0.,0.,1.));
#6456 = ADVANCED_FACE('',(#6457),#6475,.T.);
#6457 = FACE_BOUND('',#6458,.T.);
#6458 = EDGE_LOOP('',(#6459,#6467,#6473,#6474));
#6459 = ORIENTED_EDGE('',*,*,#6460,.T.);
#6460 = EDGE_CURVE('',#2005,#6461,#6463,.T.);
#6461 = VERTEX_POINT('',#6462);
#6462 = CARTESIAN_POINT('',(-41.28571428571,-11.36285714285,12.02));
#6463 = LINE('',#6464,#6465);
#6464 = CARTESIAN_POINT('',(-41.28571428571,-11.36285714285,13.02));
#6465 = VECTOR('',#6466,1.);
#6466 = DIRECTION('',(-0.,-0.,-1.));
#6467 = ORIENTED_EDGE('',*,*,#6468,.T.);
#6468 = EDGE_CURVE('',#6461,#6435,#6469,.T.);
#6469 = LINE('',#6470,#6471);
#6470 = CARTESIAN_POINT('',(-41.28571428571,-11.36285714285,12.02));
#6471 = VECTOR('',#6472,1.);
#6472 = DIRECTION('',(-1.,0.,0.));
#6473 = ORIENTED_EDGE('',*,*,#6434,.F.);
#6474 = ORIENTED_EDGE('',*,*,#2012,.F.);
#6475 = PLANE('',#6476);
#6476 = AXIS2_PLACEMENT_3D('',#6477,#6478,#6479);
#6477 = CARTESIAN_POINT('',(-41.28571428571,-11.36285714285,13.02));
#6478 = DIRECTION('',(2.2E-16,1.,0.));
#6479 = DIRECTION('',(-1.,2.2E-16,0.));
#6480 = ADVANCED_FACE('',(#6481),#6499,.T.);
#6481 = FACE_BOUND('',#6482,.T.);
#6482 = EDGE_LOOP('',(#6483,#6491,#6497,#6498));
#6483 = ORIENTED_EDGE('',*,*,#6484,.T.);
#6484 = EDGE_CURVE('',#1997,#6485,#6487,.T.);
#6485 = VERTEX_POINT('',#6486);
#6486 = CARTESIAN_POINT('',(-41.25714285714,-11.27714285714,12.02));
#6487 = LINE('',#6488,#6489);
#6488 = CARTESIAN_POINT('',(-41.25714285714,-11.27714285714,13.02));
#6489 = VECTOR('',#6490,1.);
#6490 = DIRECTION('',(-0.,-0.,-1.));
#6491 = ORIENTED_EDGE('',*,*,#6492,.T.);
#6492 = EDGE_CURVE('',#6485,#6461,#6493,.T.);
#6493 = B_SPLINE_CURVE_WITH_KNOTS('',2,(#6494,#6495,#6496),
  .UNSPECIFIED.,.F.,.F.,(3,3),(0.,1.),.PIECEWISE_BEZIER_KNOTS.);
#6494 = CARTESIAN_POINT('',(-41.25714285714,-11.27714285714,12.02));
#6495 = CARTESIAN_POINT('',(-41.28571428571,-11.36285714285,12.02));
#6496 = CARTESIAN_POINT('',(-41.28571428571,-11.36285714285,12.02));
#6497 = ORIENTED_EDGE('',*,*,#6460,.F.);
#6498 = ORIENTED_EDGE('',*,*,#2004,.F.);
#6499 = SURFACE_OF_LINEAR_EXTRUSION('',#6500,#6504);
#6500 = B_SPLINE_CURVE_WITH_KNOTS('',2,(#6501,#6502,#6503),
  .UNSPECIFIED.,.F.,.F.,(3,3),(0.,1.),.PIECEWISE_BEZIER_KNOTS.);
#6501 = CARTESIAN_POINT('',(-41.25714285714,-11.27714285714,13.02));
#6502 = CARTESIAN_POINT('',(-41.28571428571,-11.36285714285,13.02));
#6503 = CARTESIAN_POINT('',(-41.28571428571,-11.36285714285,13.02));
#6504 = VECTOR('',#6505,1.);
#6505 = DIRECTION('',(0.,0.,1.));
#6506 = ADVANCED_FACE('',(#6507),#6525,.T.);
#6507 = FACE_BOUND('',#6508,.T.);
#6508 = EDGE_LOOP('',(#6509,#6517,#6523,#6524));
#6509 = ORIENTED_EDGE('',*,*,#6510,.T.);
#6510 = EDGE_CURVE('',#1989,#6511,#6513,.T.);
#6511 = VERTEX_POINT('',#6512);
#6512 = CARTESIAN_POINT('',(-40.61428571428,-10.77,12.02));
#6513 = LINE('',#6514,#6515);
#6514 = CARTESIAN_POINT('',(-40.61428571428,-10.77,13.02));
#6515 = VECTOR('',#6516,1.);
#6516 = DIRECTION('',(-0.,-0.,-1.));
#6517 = ORIENTED_EDGE('',*,*,#6518,.T.);
#6518 = EDGE_CURVE('',#6511,#6485,#6519,.T.);
#6519 = B_SPLINE_CURVE_WITH_KNOTS('',2,(#6520,#6521,#6522),
  .UNSPECIFIED.,.F.,.F.,(3,3),(0.,1.),.PIECEWISE_BEZIER_KNOTS.);
#6520 = CARTESIAN_POINT('',(-40.61428571428,-10.77,12.02));
#6521 = CARTESIAN_POINT('',(-41.07857142857,-10.81285714285,12.02));
#6522 = CARTESIAN_POINT('',(-41.25714285714,-11.27714285714,12.02));
#6523 = ORIENTED_EDGE('',*,*,#6484,.F.);
#6524 = ORIENTED_EDGE('',*,*,#1996,.F.);
#6525 = SURFACE_OF_LINEAR_EXTRUSION('',#6526,#6530);
#6526 = B_SPLINE_CURVE_WITH_KNOTS('',2,(#6527,#6528,#6529),
  .UNSPECIFIED.,.F.,.F.,(3,3),(0.,1.),.PIECEWISE_BEZIER_KNOTS.);
#6527 = CARTESIAN_POINT('',(-40.61428571428,-10.77,13.02));
#6528 = CARTESIAN_POINT('',(-41.07857142857,-10.81285714285,13.02));
#6529 = CARTESIAN_POINT('',(-41.25714285714,-11.27714285714,13.02));
#6530 = VECTOR('',#6531,1.);
#6531 = DIRECTION('',(0.,0.,1.));
#6532 = ADVANCED_FACE('',(#6533),#6544,.T.);
#6533 = FACE_BOUND('',#6534,.T.);
#6534 = EDGE_LOOP('',(#6535,#6536,#6542,#6543));
#6535 = ORIENTED_EDGE('',*,*,#6417,.T.);
#6536 = ORIENTED_EDGE('',*,*,#6537,.T.);
#6537 = EDGE_CURVE('',#6410,#6511,#6538,.T.);
#6538 = LINE('',#6539,#6540);
#6539 = CARTESIAN_POINT('',(-40.87142857142,-10.04857142857,12.02));
#6540 = VECTOR('',#6541,1.);
#6541 = DIRECTION('',(0.335745526718,-0.941952727736,0.));
#6542 = ORIENTED_EDGE('',*,*,#6510,.F.);
#6543 = ORIENTED_EDGE('',*,*,#1988,.F.);
#6544 = PLANE('',#6545);
#6545 = AXIS2_PLACEMENT_3D('',#6546,#6547,#6548);
#6546 = CARTESIAN_POINT('',(-40.87142857142,-10.04857142857,13.02));
#6547 = DIRECTION('',(-0.941952727736,-0.335745526718,0.));
#6548 = DIRECTION('',(0.335745526718,-0.941952727736,0.));
#6549 = ADVANCED_FACE('',(#6550),#6575,.T.);
#6550 = FACE_BOUND('',#6551,.T.);
#6551 = EDGE_LOOP('',(#6552,#6560,#6568,#6574));
#6552 = ORIENTED_EDGE('',*,*,#6553,.T.);
#6553 = EDGE_CURVE('',#2029,#6554,#6556,.T.);
#6554 = VERTEX_POINT('',#6555);
#6555 = CARTESIAN_POINT('',(-41.82857142857,-8.918095238095,12.02));
#6556 = LINE('',#6557,#6558);
#6557 = CARTESIAN_POINT('',(-41.82857142857,-8.918095238095,13.02));
#6558 = VECTOR('',#6559,1.);
#6559 = DIRECTION('',(-0.,-0.,-1.));
#6560 = ORIENTED_EDGE('',*,*,#6561,.T.);
#6561 = EDGE_CURVE('',#6554,#6562,#6564,.T.);
#6562 = VERTEX_POINT('',#6563);
#6563 = CARTESIAN_POINT('',(-42.03571428571,-8.225238095238,12.02));
#6564 = B_SPLINE_CURVE_WITH_KNOTS('',2,(#6565,#6566,#6567),
  .UNSPECIFIED.,.F.,.F.,(3,3),(0.,1.),.PIECEWISE_BEZIER_KNOTS.);
#6565 = CARTESIAN_POINT('',(-41.82857142857,-8.918095238095,12.02));
#6566 = CARTESIAN_POINT('',(-42.03571428571,-8.55380952381,12.02));
#6567 = CARTESIAN_POINT('',(-42.03571428571,-8.225238095238,12.02));
#6568 = ORIENTED_EDGE('',*,*,#6569,.F.);
#6569 = EDGE_CURVE('',#2031,#6562,#6570,.T.);
#6570 = LINE('',#6571,#6572);
#6571 = CARTESIAN_POINT('',(-42.03571428571,-8.225238095238,13.02));
#6572 = VECTOR('',#6573,1.);
#6573 = DIRECTION('',(-0.,-0.,-1.));
#6574 = ORIENTED_EDGE('',*,*,#2028,.F.);
#6575 = SURFACE_OF_LINEAR_EXTRUSION('',#6576,#6580);
#6576 = B_SPLINE_CURVE_WITH_KNOTS('',2,(#6577,#6578,#6579),
  .UNSPECIFIED.,.F.,.F.,(3,3),(0.,1.),.PIECEWISE_BEZIER_KNOTS.);
#6577 = CARTESIAN_POINT('',(-41.82857142857,-8.918095238095,13.02));
#6578 = CARTESIAN_POINT('',(-42.03571428571,-8.55380952381,13.02));
#6579 = CARTESIAN_POINT('',(-42.03571428571,-8.225238095238,13.02));
#6580 = VECTOR('',#6581,1.);
#6581 = DIRECTION('',(0.,0.,1.));
#6582 = ADVANCED_FACE('',(#6583),#6601,.T.);
#6583 = FACE_BOUND('',#6584,.T.);
#6584 = EDGE_LOOP('',(#6585,#6593,#6599,#6600));
#6585 = ORIENTED_EDGE('',*,*,#6586,.T.);
#6586 = EDGE_CURVE('',#2079,#6587,#6589,.T.);
#6587 = VERTEX_POINT('',#6588);
#6588 = CARTESIAN_POINT('',(-40.62142857142,-9.632380952381,12.02));
#6589 = LINE('',#6590,#6591);
#6590 = CARTESIAN_POINT('',(-40.62142857142,-9.632380952381,13.02));
#6591 = VECTOR('',#6592,1.);
#6592 = DIRECTION('',(-0.,-0.,-1.));
#6593 = ORIENTED_EDGE('',*,*,#6594,.T.);
#6594 = EDGE_CURVE('',#6587,#6554,#6595,.T.);
#6595 = B_SPLINE_CURVE_WITH_KNOTS('',2,(#6596,#6597,#6598),
  .UNSPECIFIED.,.F.,.F.,(3,3),(0.,1.),.PIECEWISE_BEZIER_KNOTS.);
#6596 = CARTESIAN_POINT('',(-40.62142857142,-9.632380952381,12.02));
#6597 = CARTESIAN_POINT('',(-41.42857142857,-9.632380952381,12.02));
#6598 = CARTESIAN_POINT('',(-41.82857142857,-8.918095238095,12.02));
#6599 = ORIENTED_EDGE('',*,*,#6553,.F.);
#6600 = ORIENTED_EDGE('',*,*,#2086,.F.);
#6601 = SURFACE_OF_LINEAR_EXTRUSION('',#6602,#6606);
#6602 = B_SPLINE_CURVE_WITH_KNOTS('',2,(#6603,#6604,#6605),
  .UNSPECIFIED.,.F.,.F.,(3,3),(0.,1.),.PIECEWISE_BEZIER_KNOTS.);
#6603 = CARTESIAN_POINT('',(-40.62142857142,-9.632380952381,13.02));
#6604 = CARTESIAN_POINT('',(-41.42857142857,-9.632380952381,13.02));
#6605 = CARTESIAN_POINT('',(-41.82857142857,-8.918095238095,13.02));
#6606 = VECTOR('',#6607,1.);
#6607 = DIRECTION('',(0.,0.,1.));
#6608 = ADVANCED_FACE('',(#6609),#6627,.T.);
#6609 = FACE_BOUND('',#6610,.T.);
#6610 = EDGE_LOOP('',(#6611,#6619,#6625,#6626));
#6611 = ORIENTED_EDGE('',*,*,#6612,.T.);
#6612 = EDGE_CURVE('',#2071,#6613,#6615,.T.);
#6613 = VERTEX_POINT('',#6614);
#6614 = CARTESIAN_POINT('',(-37.,-9.632380952381,12.02));
#6615 = LINE('',#6616,#6617);
#6616 = CARTESIAN_POINT('',(-37.,-9.632380952381,13.02));
#6617 = VECTOR('',#6618,1.);
#6618 = DIRECTION('',(-0.,-0.,-1.));
#6619 = ORIENTED_EDGE('',*,*,#6620,.T.);
#6620 = EDGE_CURVE('',#6613,#6587,#6621,.T.);
#6621 = LINE('',#6622,#6623);
#6622 = CARTESIAN_POINT('',(-37.,-9.632380952381,12.02));
#6623 = VECTOR('',#6624,1.);
#6624 = DIRECTION('',(-1.,0.,0.));
#6625 = ORIENTED_EDGE('',*,*,#6586,.F.);
#6626 = ORIENTED_EDGE('',*,*,#2078,.F.);
#6627 = PLANE('',#6628);
#6628 = AXIS2_PLACEMENT_3D('',#6629,#6630,#6631);
#6629 = CARTESIAN_POINT('',(-37.,-9.632380952381,13.02));
#6630 = DIRECTION('',(2.2E-16,1.,0.));
#6631 = DIRECTION('',(-1.,2.2E-16,0.));
#6632 = ADVANCED_FACE('',(#6633),#6651,.T.);
#6633 = FACE_BOUND('',#6634,.T.);
#6634 = EDGE_LOOP('',(#6635,#6643,#6649,#6650));
#6635 = ORIENTED_EDGE('',*,*,#6636,.T.);
#6636 = EDGE_CURVE('',#2063,#6637,#6639,.T.);
#6637 = VERTEX_POINT('',#6638);
#6638 = CARTESIAN_POINT('',(-37.,-8.839523809524,12.02));
#6639 = LINE('',#6640,#6641);
#6640 = CARTESIAN_POINT('',(-37.,-8.839523809524,13.02));
#6641 = VECTOR('',#6642,1.);
#6642 = DIRECTION('',(-0.,-0.,-1.));
#6643 = ORIENTED_EDGE('',*,*,#6644,.T.);
#6644 = EDGE_CURVE('',#6637,#6613,#6645,.T.);
#6645 = LINE('',#6646,#6647);
#6646 = CARTESIAN_POINT('',(-37.,-8.839523809524,12.02));
#6647 = VECTOR('',#6648,1.);
#6648 = DIRECTION('',(0.,-1.,0.));
#6649 = ORIENTED_EDGE('',*,*,#6612,.F.);
#6650 = ORIENTED_EDGE('',*,*,#2070,.F.);
#6651 = PLANE('',#6652);
#6652 = AXIS2_PLACEMENT_3D('',#6653,#6654,#6655);
#6653 = CARTESIAN_POINT('',(-37.,-8.839523809524,13.02));
#6654 = DIRECTION('',(-1.,2.2E-16,0.));
#6655 = DIRECTION('',(-2.2E-16,-1.,0.));
#6656 = ADVANCED_FACE('',(#6657),#6675,.T.);
#6657 = FACE_BOUND('',#6658,.T.);
#6658 = EDGE_LOOP('',(#6659,#6667,#6673,#6674));
#6659 = ORIENTED_EDGE('',*,*,#6660,.T.);
#6660 = EDGE_CURVE('',#2055,#6661,#6663,.T.);
#6661 = VERTEX_POINT('',#6662);
#6662 = CARTESIAN_POINT('',(-40.62142857142,-8.839523809524,12.02));
#6663 = LINE('',#6664,#6665);
#6664 = CARTESIAN_POINT('',(-40.62142857142,-8.839523809524,13.02));
#6665 = VECTOR('',#6666,1.);
#6666 = DIRECTION('',(-0.,-0.,-1.));
#6667 = ORIENTED_EDGE('',*,*,#6668,.T.);
#6668 = EDGE_CURVE('',#6661,#6637,#6669,.T.);
#6669 = LINE('',#6670,#6671);
#6670 = CARTESIAN_POINT('',(-40.62142857142,-8.839523809524,12.02));
#6671 = VECTOR('',#6672,1.);
#6672 = DIRECTION('',(1.,0.,0.));
#6673 = ORIENTED_EDGE('',*,*,#6636,.F.);
#6674 = ORIENTED_EDGE('',*,*,#2062,.F.);
#6675 = PLANE('',#6676);
#6676 = AXIS2_PLACEMENT_3D('',#6677,#6678,#6679);
#6677 = CARTESIAN_POINT('',(-40.62142857142,-8.839523809524,13.02));
#6678 = DIRECTION('',(-2.2E-16,-1.,0.));
#6679 = DIRECTION('',(1.,-2.2E-16,0.));
#6680 = ADVANCED_FACE('',(#6681),#6699,.T.);
#6681 = FACE_BOUND('',#6682,.T.);
#6682 = EDGE_LOOP('',(#6683,#6691,#6697,#6698));
#6683 = ORIENTED_EDGE('',*,*,#6684,.T.);
#6684 = EDGE_CURVE('',#2047,#6685,#6687,.T.);
#6685 = VERTEX_POINT('',#6686);
#6686 = CARTESIAN_POINT('',(-41.07857142857,-8.610952380952,12.02));
#6687 = LINE('',#6688,#6689);
#6688 = CARTESIAN_POINT('',(-41.07857142857,-8.610952380952,13.02));
#6689 = VECTOR('',#6690,1.);
#6690 = DIRECTION('',(-0.,-0.,-1.));
#6691 = ORIENTED_EDGE('',*,*,#6692,.T.);
#6692 = EDGE_CURVE('',#6685,#6661,#6693,.T.);
#6693 = B_SPLINE_CURVE_WITH_KNOTS('',2,(#6694,#6695,#6696),
  .UNSPECIFIED.,.F.,.F.,(3,3),(0.,1.),.PIECEWISE_BEZIER_KNOTS.);
#6694 = CARTESIAN_POINT('',(-41.07857142857,-8.610952380952,12.02));
#6695 = CARTESIAN_POINT('',(-40.89285714285,-8.832380952381,12.02));
#6696 = CARTESIAN_POINT('',(-40.62142857142,-8.839523809524,12.02));
#6697 = ORIENTED_EDGE('',*,*,#6660,.F.);
#6698 = ORIENTED_EDGE('',*,*,#2054,.F.);
#6699 = SURFACE_OF_LINEAR_EXTRUSION('',#6700,#6704);
#6700 = B_SPLINE_CURVE_WITH_KNOTS('',2,(#6701,#6702,#6703),
  .UNSPECIFIED.,.F.,.F.,(3,3),(0.,1.),.PIECEWISE_BEZIER_KNOTS.);
#6701 = CARTESIAN_POINT('',(-41.07857142857,-8.610952380952,13.02));
#6702 = CARTESIAN_POINT('',(-40.89285714285,-8.832380952381,13.02));
#6703 = CARTESIAN_POINT('',(-40.62142857142,-8.839523809524,13.02));
#6704 = VECTOR('',#6705,1.);
#6705 = DIRECTION('',(0.,0.,1.));
#6706 = ADVANCED_FACE('',(#6707),#6725,.T.);
#6707 = FACE_BOUND('',#6708,.T.);
#6708 = EDGE_LOOP('',(#6709,#6717,#6723,#6724));
#6709 = ORIENTED_EDGE('',*,*,#6710,.T.);
#6710 = EDGE_CURVE('',#2039,#6711,#6713,.T.);
#6711 = VERTEX_POINT('',#6712);
#6712 = CARTESIAN_POINT('',(-41.23571428571,-8.225238095238,12.02));
#6713 = LINE('',#6714,#6715);
#6714 = CARTESIAN_POINT('',(-41.23571428571,-8.225238095238,13.02));
#6715 = VECTOR('',#6716,1.);
#6716 = DIRECTION('',(-0.,-0.,-1.));
#6717 = ORIENTED_EDGE('',*,*,#6718,.T.);
#6718 = EDGE_CURVE('',#6711,#6685,#6719,.T.);
#6719 = B_SPLINE_CURVE_WITH_KNOTS('',2,(#6720,#6721,#6722),
  .UNSPECIFIED.,.F.,.F.,(3,3),(0.,1.),.PIECEWISE_BEZIER_KNOTS.);
#6720 = CARTESIAN_POINT('',(-41.23571428571,-8.225238095238,12.02));
#6721 = CARTESIAN_POINT('',(-41.23571428571,-8.410952380952,12.02));
#6722 = CARTESIAN_POINT('',(-41.07857142857,-8.610952380952,12.02));
#6723 = ORIENTED_EDGE('',*,*,#6684,.F.);
#6724 = ORIENTED_EDGE('',*,*,#2046,.F.);
#6725 = SURFACE_OF_LINEAR_EXTRUSION('',#6726,#6730);
#6726 = B_SPLINE_CURVE_WITH_KNOTS('',2,(#6727,#6728,#6729),
  .UNSPECIFIED.,.F.,.F.,(3,3),(0.,1.),.PIECEWISE_BEZIER_KNOTS.);
#6727 = CARTESIAN_POINT('',(-41.23571428571,-8.225238095238,13.02));
#6728 = CARTESIAN_POINT('',(-41.23571428571,-8.410952380952,13.02));
#6729 = CARTESIAN_POINT('',(-41.07857142857,-8.610952380952,13.02));
#6730 = VECTOR('',#6731,1.);
#6731 = DIRECTION('',(0.,0.,1.));
#6732 = ADVANCED_FACE('',(#6733),#6744,.T.);
#6733 = FACE_BOUND('',#6734,.T.);
#6734 = EDGE_LOOP('',(#6735,#6736,#6742,#6743));
#6735 = ORIENTED_EDGE('',*,*,#6569,.T.);
#6736 = ORIENTED_EDGE('',*,*,#6737,.T.);
#6737 = EDGE_CURVE('',#6562,#6711,#6738,.T.);
#6738 = LINE('',#6739,#6740);
#6739 = CARTESIAN_POINT('',(-42.03571428571,-8.225238095238,12.02));
#6740 = VECTOR('',#6741,1.);
#6741 = DIRECTION('',(1.,0.,0.));
#6742 = ORIENTED_EDGE('',*,*,#6710,.F.);
#6743 = ORIENTED_EDGE('',*,*,#2038,.F.);
#6744 = PLANE('',#6745);
#6745 = AXIS2_PLACEMENT_3D('',#6746,#6747,#6748);
#6746 = CARTESIAN_POINT('',(-42.03571428571,-8.225238095238,13.02));
#6747 = DIRECTION('',(-2.2E-16,-1.,0.));
#6748 = DIRECTION('',(1.,-2.2E-16,0.));
#6749 = ADVANCED_FACE('',(#6750),#6775,.T.);
#6750 = FACE_BOUND('',#6751,.T.);
#6751 = EDGE_LOOP('',(#6752,#6760,#6768,#6774));
#6752 = ORIENTED_EDGE('',*,*,#6753,.T.);
#6753 = EDGE_CURVE('',#2095,#6754,#6756,.T.);
#6754 = VERTEX_POINT('',#6755);
#6755 = CARTESIAN_POINT('',(-41.75,-7.032380952381,12.02));
#6756 = LINE('',#6757,#6758);
#6757 = CARTESIAN_POINT('',(-41.75,-7.032380952381,13.02));
#6758 = VECTOR('',#6759,1.);
#6759 = DIRECTION('',(-0.,-0.,-1.));
#6760 = ORIENTED_EDGE('',*,*,#6761,.T.);
#6761 = EDGE_CURVE('',#6754,#6762,#6764,.T.);
#6762 = VERTEX_POINT('',#6763);
#6763 = CARTESIAN_POINT('',(-40.62142857142,-6.439523809524,12.02));
#6764 = B_SPLINE_CURVE_WITH_KNOTS('',2,(#6765,#6766,#6767),
  .UNSPECIFIED.,.F.,.F.,(3,3),(0.,1.),.PIECEWISE_BEZIER_KNOTS.);
#6765 = CARTESIAN_POINT('',(-41.75,-7.032380952381,12.02));
#6766 = CARTESIAN_POINT('',(-41.32857142857,-6.446666666667,12.02));
#6767 = CARTESIAN_POINT('',(-40.62142857142,-6.439523809524,12.02));
#6768 = ORIENTED_EDGE('',*,*,#6769,.F.);
#6769 = EDGE_CURVE('',#2097,#6762,#6770,.T.);
#6770 = LINE('',#6771,#6772);
#6771 = CARTESIAN_POINT('',(-40.62142857142,-6.439523809524,13.02));
#6772 = VECTOR('',#6773,1.);
#6773 = DIRECTION('',(-0.,-0.,-1.));
#6774 = ORIENTED_EDGE('',*,*,#2094,.F.);
#6775 = SURFACE_OF_LINEAR_EXTRUSION('',#6776,#6780);
#6776 = B_SPLINE_CURVE_WITH_KNOTS('',2,(#6777,#6778,#6779),
  .UNSPECIFIED.,.F.,.F.,(3,3),(0.,1.),.PIECEWISE_BEZIER_KNOTS.);
#6777 = CARTESIAN_POINT('',(-41.75,-7.032380952381,13.02));
#6778 = CARTESIAN_POINT('',(-41.32857142857,-6.446666666667,13.02));
#6779 = CARTESIAN_POINT('',(-40.62142857142,-6.439523809524,13.02));
#6780 = VECTOR('',#6781,1.);
#6781 = DIRECTION('',(0.,0.,1.));
#6782 = ADVANCED_FACE('',(#6783),#6801,.T.);
#6783 = FACE_BOUND('',#6784,.T.);
#6784 = EDGE_LOOP('',(#6785,#6793,#6799,#6800));
#6785 = ORIENTED_EDGE('',*,*,#6786,.T.);
#6786 = EDGE_CURVE('',#2145,#6787,#6789,.T.);
#6787 = VERTEX_POINT('',#6788);
#6788 = CARTESIAN_POINT('',(-42.03571428571,-7.85380952381,12.02));
#6789 = LINE('',#6790,#6791);
#6790 = CARTESIAN_POINT('',(-42.03571428571,-7.85380952381,13.02));
#6791 = VECTOR('',#6792,1.);
#6792 = DIRECTION('',(-0.,-0.,-1.));
#6793 = ORIENTED_EDGE('',*,*,#6794,.T.);
#6794 = EDGE_CURVE('',#6787,#6754,#6795,.T.);
#6795 = B_SPLINE_CURVE_WITH_KNOTS('',2,(#6796,#6797,#6798),
  .UNSPECIFIED.,.F.,.F.,(3,3),(0.,1.),.PIECEWISE_BEZIER_KNOTS.);
#6796 = CARTESIAN_POINT('',(-42.03571428571,-7.85380952381,12.02));
#6797 = CARTESIAN_POINT('',(-42.03571428571,-7.446666666667,12.02));
#6798 = CARTESIAN_POINT('',(-41.75,-7.032380952381,12.02));
#6799 = ORIENTED_EDGE('',*,*,#6753,.F.);
#6800 = ORIENTED_EDGE('',*,*,#2152,.F.);
#6801 = SURFACE_OF_LINEAR_EXTRUSION('',#6802,#6806);
#6802 = B_SPLINE_CURVE_WITH_KNOTS('',2,(#6803,#6804,#6805),
  .UNSPECIFIED.,.F.,.F.,(3,3),(0.,1.),.PIECEWISE_BEZIER_KNOTS.);
#6803 = CARTESIAN_POINT('',(-42.03571428571,-7.85380952381,13.02));
#6804 = CARTESIAN_POINT('',(-42.03571428571,-7.446666666667,13.02));
#6805 = CARTESIAN_POINT('',(-41.75,-7.032380952381,13.02));
#6806 = VECTOR('',#6807,1.);
#6807 = DIRECTION('',(0.,0.,1.));
#6808 = ADVANCED_FACE('',(#6809),#6827,.T.);
#6809 = FACE_BOUND('',#6810,.T.);
#6810 = EDGE_LOOP('',(#6811,#6819,#6825,#6826));
#6811 = ORIENTED_EDGE('',*,*,#6812,.T.);
#6812 = EDGE_CURVE('',#2137,#6813,#6815,.T.);
#6813 = VERTEX_POINT('',#6814);
#6814 = CARTESIAN_POINT('',(-41.23571428571,-7.85380952381,12.02));
#6815 = LINE('',#6816,#6817);
#6816 = CARTESIAN_POINT('',(-41.23571428571,-7.85380952381,13.02));
#6817 = VECTOR('',#6818,1.);
#6818 = DIRECTION('',(-0.,-0.,-1.));
#6819 = ORIENTED_EDGE('',*,*,#6820,.T.);
#6820 = EDGE_CURVE('',#6813,#6787,#6821,.T.);
#6821 = LINE('',#6822,#6823);
#6822 = CARTESIAN_POINT('',(-41.23571428571,-7.85380952381,12.02));
#6823 = VECTOR('',#6824,1.);
#6824 = DIRECTION('',(-1.,0.,0.));
#6825 = ORIENTED_EDGE('',*,*,#6786,.F.);
#6826 = ORIENTED_EDGE('',*,*,#2144,.F.);
#6827 = PLANE('',#6828);
#6828 = AXIS2_PLACEMENT_3D('',#6829,#6830,#6831);
#6829 = CARTESIAN_POINT('',(-41.23571428571,-7.85380952381,13.02));
#6830 = DIRECTION('',(2.2E-16,1.,0.));
#6831 = DIRECTION('',(-1.,2.2E-16,0.));
#6832 = ADVANCED_FACE('',(#6833),#6851,.T.);
#6833 = FACE_BOUND('',#6834,.T.);
#6834 = EDGE_LOOP('',(#6835,#6843,#6849,#6850));
#6835 = ORIENTED_EDGE('',*,*,#6836,.T.);
#6836 = EDGE_CURVE('',#2129,#6837,#6839,.T.);
#6837 = VERTEX_POINT('',#6838);
#6838 = CARTESIAN_POINT('',(-41.19285714285,-7.675238095238,12.02));
#6839 = LINE('',#6840,#6841);
#6840 = CARTESIAN_POINT('',(-41.19285714285,-7.675238095238,13.02));
#6841 = VECTOR('',#6842,1.);
#6842 = DIRECTION('',(-0.,-0.,-1.));
#6843 = ORIENTED_EDGE('',*,*,#6844,.T.);
#6844 = EDGE_CURVE('',#6837,#6813,#6845,.T.);
#6845 = B_SPLINE_CURVE_WITH_KNOTS('',2,(#6846,#6847,#6848),
  .UNSPECIFIED.,.F.,.F.,(3,3),(0.,1.),.PIECEWISE_BEZIER_KNOTS.);
#6846 = CARTESIAN_POINT('',(-41.19285714285,-7.675238095238,12.02));
#6847 = CARTESIAN_POINT('',(-41.23571428571,-7.782380952381,12.02));
#6848 = CARTESIAN_POINT('',(-41.23571428571,-7.85380952381,12.02));
#6849 = ORIENTED_EDGE('',*,*,#6812,.F.);
#6850 = ORIENTED_EDGE('',*,*,#2136,.F.);
#6851 = SURFACE_OF_LINEAR_EXTRUSION('',#6852,#6856);
#6852 = B_SPLINE_CURVE_WITH_KNOTS('',2,(#6853,#6854,#6855),
  .UNSPECIFIED.,.F.,.F.,(3,3),(0.,1.),.PIECEWISE_BEZIER_KNOTS.);
#6853 = CARTESIAN_POINT('',(-41.19285714285,-7.675238095238,13.02));
#6854 = CARTESIAN_POINT('',(-41.23571428571,-7.782380952381,13.02));
#6855 = CARTESIAN_POINT('',(-41.23571428571,-7.85380952381,13.02));
#6856 = VECTOR('',#6857,1.);
#6857 = DIRECTION('',(0.,0.,1.));
#6858 = ADVANCED_FACE('',(#6859),#6877,.T.);
#6859 = FACE_BOUND('',#6860,.T.);
#6860 = EDGE_LOOP('',(#6861,#6869,#6875,#6876));
#6861 = ORIENTED_EDGE('',*,*,#6862,.T.);
#6862 = EDGE_CURVE('',#2121,#6863,#6865,.T.);
#6863 = VERTEX_POINT('',#6864);
#6864 = CARTESIAN_POINT('',(-40.62142857142,-7.239523809524,12.02));
#6865 = LINE('',#6866,#6867);
#6866 = CARTESIAN_POINT('',(-40.62142857142,-7.239523809524,13.02));
#6867 = VECTOR('',#6868,1.);
#6868 = DIRECTION('',(-0.,-0.,-1.));
#6869 = ORIENTED_EDGE('',*,*,#6870,.T.);
#6870 = EDGE_CURVE('',#6863,#6837,#6871,.T.);
#6871 = B_SPLINE_CURVE_WITH_KNOTS('',2,(#6872,#6873,#6874),
  .UNSPECIFIED.,.F.,.F.,(3,3),(0.,1.),.PIECEWISE_BEZIER_KNOTS.);
#6872 = CARTESIAN_POINT('',(-40.62142857142,-7.239523809524,12.02));
#6873 = CARTESIAN_POINT('',(-41.02142857142,-7.246666666667,12.02));
#6874 = CARTESIAN_POINT('',(-41.19285714285,-7.675238095238,12.02));
#6875 = ORIENTED_EDGE('',*,*,#6836,.F.);
#6876 = ORIENTED_EDGE('',*,*,#2128,.F.);
#6877 = SURFACE_OF_LINEAR_EXTRUSION('',#6878,#6882);
#6878 = B_SPLINE_CURVE_WITH_KNOTS('',2,(#6879,#6880,#6881),
  .UNSPECIFIED.,.F.,.F.,(3,3),(0.,1.),.PIECEWISE_BEZIER_KNOTS.);
#6879 = CARTESIAN_POINT('',(-40.62142857142,-7.239523809524,13.02));
#6880 = CARTESIAN_POINT('',(-41.02142857142,-7.246666666667,13.02));
#6881 = CARTESIAN_POINT('',(-41.19285714285,-7.675238095238,13.02));
#6882 = VECTOR('',#6883,1.);
#6883 = DIRECTION('',(0.,0.,1.));
#6884 = ADVANCED_FACE('',(#6885),#6903,.T.);
#6885 = FACE_BOUND('',#6886,.T.);
#6886 = EDGE_LOOP('',(#6887,#6895,#6901,#6902));
#6887 = ORIENTED_EDGE('',*,*,#6888,.T.);
#6888 = EDGE_CURVE('',#2113,#6889,#6891,.T.);
#6889 = VERTEX_POINT('',#6890);
#6890 = CARTESIAN_POINT('',(-37.,-7.239523809524,12.02));
#6891 = LINE('',#6892,#6893);
#6892 = CARTESIAN_POINT('',(-37.,-7.239523809524,13.02));
#6893 = VECTOR('',#6894,1.);
#6894 = DIRECTION('',(-0.,-0.,-1.));
#6895 = ORIENTED_EDGE('',*,*,#6896,.T.);
#6896 = EDGE_CURVE('',#6889,#6863,#6897,.T.);
#6897 = LINE('',#6898,#6899);
#6898 = CARTESIAN_POINT('',(-37.,-7.239523809524,12.02));
#6899 = VECTOR('',#6900,1.);
#6900 = DIRECTION('',(-1.,0.,0.));
#6901 = ORIENTED_EDGE('',*,*,#6862,.F.);
#6902 = ORIENTED_EDGE('',*,*,#2120,.F.);
#6903 = PLANE('',#6904);
#6904 = AXIS2_PLACEMENT_3D('',#6905,#6906,#6907);
#6905 = CARTESIAN_POINT('',(-37.,-7.239523809524,13.02));
#6906 = DIRECTION('',(2.2E-16,1.,0.));
#6907 = DIRECTION('',(-1.,2.2E-16,0.));
#6908 = ADVANCED_FACE('',(#6909),#6927,.T.);
#6909 = FACE_BOUND('',#6910,.T.);
#6910 = EDGE_LOOP('',(#6911,#6919,#6925,#6926));
#6911 = ORIENTED_EDGE('',*,*,#6912,.T.);
#6912 = EDGE_CURVE('',#2105,#6913,#6915,.T.);
#6913 = VERTEX_POINT('',#6914);
#6914 = CARTESIAN_POINT('',(-37.,-6.439523809524,12.02));
#6915 = LINE('',#6916,#6917);
#6916 = CARTESIAN_POINT('',(-37.,-6.439523809524,13.02));
#6917 = VECTOR('',#6918,1.);
#6918 = DIRECTION('',(-0.,-0.,-1.));
#6919 = ORIENTED_EDGE('',*,*,#6920,.T.);
#6920 = EDGE_CURVE('',#6913,#6889,#6921,.T.);
#6921 = LINE('',#6922,#6923);
#6922 = CARTESIAN_POINT('',(-37.,-6.439523809524,12.02));
#6923 = VECTOR('',#6924,1.);
#6924 = DIRECTION('',(0.,-1.,0.));
#6925 = ORIENTED_EDGE('',*,*,#6888,.F.);
#6926 = ORIENTED_EDGE('',*,*,#2112,.F.);
#6927 = PLANE('',#6928);
#6928 = AXIS2_PLACEMENT_3D('',#6929,#6930,#6931);
#6929 = CARTESIAN_POINT('',(-37.,-6.439523809524,13.02));
#6930 = DIRECTION('',(-1.,2.2E-16,0.));
#6931 = DIRECTION('',(-2.2E-16,-1.,0.));
#6932 = ADVANCED_FACE('',(#6933),#6944,.T.);
#6933 = FACE_BOUND('',#6934,.T.);
#6934 = EDGE_LOOP('',(#6935,#6936,#6942,#6943));
#6935 = ORIENTED_EDGE('',*,*,#6769,.T.);
#6936 = ORIENTED_EDGE('',*,*,#6937,.T.);
#6937 = EDGE_CURVE('',#6762,#6913,#6938,.T.);
#6938 = LINE('',#6939,#6940);
#6939 = CARTESIAN_POINT('',(-40.62142857142,-6.439523809524,12.02));
#6940 = VECTOR('',#6941,1.);
#6941 = DIRECTION('',(1.,0.,0.));
#6942 = ORIENTED_EDGE('',*,*,#6912,.F.);
#6943 = ORIENTED_EDGE('',*,*,#2104,.F.);
#6944 = PLANE('',#6945);
#6945 = AXIS2_PLACEMENT_3D('',#6946,#6947,#6948);
#6946 = CARTESIAN_POINT('',(-40.62142857142,-6.439523809524,13.02));
#6947 = DIRECTION('',(-2.2E-16,-1.,0.));
#6948 = DIRECTION('',(1.,-2.2E-16,0.));
#6949 = ADVANCED_FACE('',(#6950),#6975,.T.);
#6950 = FACE_BOUND('',#6951,.T.);
#6951 = EDGE_LOOP('',(#6952,#6960,#6968,#6974));
#6952 = ORIENTED_EDGE('',*,*,#6953,.T.);
#6953 = EDGE_CURVE('',#2161,#6954,#6956,.T.);
#6954 = VERTEX_POINT('',#6955);
#6955 = CARTESIAN_POINT('',(-41.89285714285,-4.98619047619,12.02));
#6956 = LINE('',#6957,#6958);
#6957 = CARTESIAN_POINT('',(-41.89285714285,-4.98619047619,13.02));
#6958 = VECTOR('',#6959,1.);
#6959 = DIRECTION('',(-0.,-0.,-1.));
#6960 = ORIENTED_EDGE('',*,*,#6961,.T.);
#6961 = EDGE_CURVE('',#6954,#6962,#6964,.T.);
#6962 = VERTEX_POINT('',#6963);
#6963 = CARTESIAN_POINT('',(-42.,-4.293333333333,12.02));
#6964 = B_SPLINE_CURVE_WITH_KNOTS('',2,(#6965,#6966,#6967),
  .UNSPECIFIED.,.F.,.F.,(3,3),(0.,1.),.PIECEWISE_BEZIER_KNOTS.);
#6965 = CARTESIAN_POINT('',(-41.89285714285,-4.98619047619,12.02));
#6966 = CARTESIAN_POINT('',(-42.,-4.664761904762,12.02));
#6967 = CARTESIAN_POINT('',(-42.,-4.293333333333,12.02));
#6968 = ORIENTED_EDGE('',*,*,#6969,.F.);
#6969 = EDGE_CURVE('',#2163,#6962,#6970,.T.);
#6970 = LINE('',#6971,#6972);
#6971 = CARTESIAN_POINT('',(-42.,-4.293333333333,13.02));
#6972 = VECTOR('',#6973,1.);
#6973 = DIRECTION('',(-0.,-0.,-1.));
#6974 = ORIENTED_EDGE('',*,*,#2160,.F.);
#6975 = SURFACE_OF_LINEAR_EXTRUSION('',#6976,#6980);
#6976 = B_SPLINE_CURVE_WITH_KNOTS('',2,(#6977,#6978,#6979),
  .UNSPECIFIED.,.F.,.F.,(3,3),(0.,1.),.PIECEWISE_BEZIER_KNOTS.);
#6977 = CARTESIAN_POINT('',(-41.89285714285,-4.98619047619,13.02));
#6978 = CARTESIAN_POINT('',(-42.,-4.664761904762,13.02));
#6979 = CARTESIAN_POINT('',(-42.,-4.293333333333,13.02));
#6980 = VECTOR('',#6981,1.);
#6981 = DIRECTION('',(0.,0.,1.));
#6982 = ADVANCED_FACE('',(#6983),#7001,.T.);
#6983 = FACE_BOUND('',#6984,.T.);
#6984 = EDGE_LOOP('',(#6985,#6993,#6999,#7000));
#6985 = ORIENTED_EDGE('',*,*,#6986,.T.);
#6986 = EDGE_CURVE('',#2243,#6987,#6989,.T.);
#6987 = VERTEX_POINT('',#6988);
#6988 = CARTESIAN_POINT('',(-40.59285714285,-5.921904761905,12.02));
#6989 = LINE('',#6990,#6991);
#6990 = CARTESIAN_POINT('',(-40.59285714285,-5.921904761905,13.02));
#6991 = VECTOR('',#6992,1.);
#6992 = DIRECTION('',(-0.,-0.,-1.));
#6993 = ORIENTED_EDGE('',*,*,#6994,.T.);
#6994 = EDGE_CURVE('',#6987,#6954,#6995,.T.);
#6995 = B_SPLINE_CURVE_WITH_KNOTS('',2,(#6996,#6997,#6998),
  .UNSPECIFIED.,.F.,.F.,(3,3),(0.,1.),.PIECEWISE_BEZIER_KNOTS.);
#6996 = CARTESIAN_POINT('',(-40.59285714285,-5.921904761905,12.02));
#6997 = CARTESIAN_POINT('',(-41.58571428571,-5.921904761905,12.02));
#6998 = CARTESIAN_POINT('',(-41.89285714285,-4.98619047619,12.02));
#6999 = ORIENTED_EDGE('',*,*,#6953,.F.);
#7000 = ORIENTED_EDGE('',*,*,#2250,.F.);
#7001 = SURFACE_OF_LINEAR_EXTRUSION('',#7002,#7006);
#7002 = B_SPLINE_CURVE_WITH_KNOTS('',2,(#7003,#7004,#7005),
  .UNSPECIFIED.,.F.,.F.,(3,3),(0.,1.),.PIECEWISE_BEZIER_KNOTS.);
#7003 = CARTESIAN_POINT('',(-40.59285714285,-5.921904761905,13.02));
#7004 = CARTESIAN_POINT('',(-41.58571428571,-5.921904761905,13.02));
#7005 = CARTESIAN_POINT('',(-41.89285714285,-4.98619047619,13.02));
#7006 = VECTOR('',#7007,1.);
#7007 = DIRECTION('',(0.,0.,1.));
#7008 = ADVANCED_FACE('',(#7009),#7027,.T.);
#7009 = FACE_BOUND('',#7010,.T.);
#7010 = EDGE_LOOP('',(#7011,#7019,#7025,#7026));
#7011 = ORIENTED_EDGE('',*,*,#7012,.T.);
#7012 = EDGE_CURVE('',#2235,#7013,#7015,.T.);
#7013 = VERTEX_POINT('',#7014);
#7014 = CARTESIAN_POINT('',(-38.40714285714,-5.921904761905,12.02));
#7015 = LINE('',#7016,#7017);
#7016 = CARTESIAN_POINT('',(-38.40714285714,-5.921904761905,13.02));
#7017 = VECTOR('',#7018,1.);
#7018 = DIRECTION('',(-0.,-0.,-1.));
#7019 = ORIENTED_EDGE('',*,*,#7020,.T.);
#7020 = EDGE_CURVE('',#7013,#6987,#7021,.T.);
#7021 = LINE('',#7022,#7023);
#7022 = CARTESIAN_POINT('',(-38.40714285714,-5.921904761905,12.02));
#7023 = VECTOR('',#7024,1.);
#7024 = DIRECTION('',(-1.,0.,0.));
#7025 = ORIENTED_EDGE('',*,*,#6986,.F.);
#7026 = ORIENTED_EDGE('',*,*,#2242,.F.);
#7027 = PLANE('',#7028);
#7028 = AXIS2_PLACEMENT_3D('',#7029,#7030,#7031);
#7029 = CARTESIAN_POINT('',(-38.40714285714,-5.921904761905,13.02));
#7030 = DIRECTION('',(2.2E-16,1.,0.));
#7031 = DIRECTION('',(-1.,2.2E-16,0.));
#7032 = ADVANCED_FACE('',(#7033),#7051,.T.);
#7033 = FACE_BOUND('',#7034,.T.);
#7034 = EDGE_LOOP('',(#7035,#7043,#7049,#7050));
#7035 = ORIENTED_EDGE('',*,*,#7036,.T.);
#7036 = EDGE_CURVE('',#2227,#7037,#7039,.T.);
#7037 = VERTEX_POINT('',#7038);
#7038 = CARTESIAN_POINT('',(-37.6,-5.657619047619,12.02));
#7039 = LINE('',#7040,#7041);
#7040 = CARTESIAN_POINT('',(-37.6,-5.657619047619,13.02));
#7041 = VECTOR('',#7042,1.);
#7042 = DIRECTION('',(-0.,-0.,-1.));
#7043 = ORIENTED_EDGE('',*,*,#7044,.T.);
#7044 = EDGE_CURVE('',#7037,#7013,#7045,.T.);
#7045 = B_SPLINE_CURVE_WITH_KNOTS('',2,(#7046,#7047,#7048),
  .UNSPECIFIED.,.F.,.F.,(3,3),(0.,1.),.PIECEWISE_BEZIER_KNOTS.);
#7046 = CARTESIAN_POINT('',(-37.6,-5.657619047619,12.02));
#7047 = CARTESIAN_POINT('',(-37.95714285714,-5.921904761905,12.02));
#7048 = CARTESIAN_POINT('',(-38.40714285714,-5.921904761905,12.02));
#7049 = ORIENTED_EDGE('',*,*,#7012,.F.);
#7050 = ORIENTED_EDGE('',*,*,#2234,.F.);
#7051 = SURFACE_OF_LINEAR_EXTRUSION('',#7052,#7056);
#7052 = B_SPLINE_CURVE_WITH_KNOTS('',2,(#7053,#7054,#7055),
  .UNSPECIFIED.,.F.,.F.,(3,3),(0.,1.),.PIECEWISE_BEZIER_KNOTS.);
#7053 = CARTESIAN_POINT('',(-37.6,-5.657619047619,13.02));
#7054 = CARTESIAN_POINT('',(-37.95714285714,-5.921904761905,13.02));
#7055 = CARTESIAN_POINT('',(-38.40714285714,-5.921904761905,13.02));
#7056 = VECTOR('',#7057,1.);
#7057 = DIRECTION('',(0.,0.,1.));
#7058 = ADVANCED_FACE('',(#7059),#7077,.T.);
#7059 = FACE_BOUND('',#7060,.T.);
#7060 = EDGE_LOOP('',(#7061,#7069,#7075,#7076));
#7061 = ORIENTED_EDGE('',*,*,#7062,.T.);
#7062 = EDGE_CURVE('',#2219,#7063,#7065,.T.);
#7063 = VERTEX_POINT('',#7064);
#7064 = CARTESIAN_POINT('',(-37.,-4.293333333333,12.02));
#7065 = LINE('',#7066,#7067);
#7066 = CARTESIAN_POINT('',(-37.,-4.293333333333,13.02));
#7067 = VECTOR('',#7068,1.);
#7068 = DIRECTION('',(-0.,-0.,-1.));
#7069 = ORIENTED_EDGE('',*,*,#7070,.T.);
#7070 = EDGE_CURVE('',#7063,#7037,#7071,.T.);
#7071 = B_SPLINE_CURVE_WITH_KNOTS('',2,(#7072,#7073,#7074),
  .UNSPECIFIED.,.F.,.F.,(3,3),(0.,1.),.PIECEWISE_BEZIER_KNOTS.);
#7072 = CARTESIAN_POINT('',(-37.,-4.293333333333,12.02));
#7073 = CARTESIAN_POINT('',(-37.,-5.207619047619,12.02));
#7074 = CARTESIAN_POINT('',(-37.6,-5.657619047619,12.02));
#7075 = ORIENTED_EDGE('',*,*,#7036,.F.);
#7076 = ORIENTED_EDGE('',*,*,#2226,.F.);
#7077 = SURFACE_OF_LINEAR_EXTRUSION('',#7078,#7082);
#7078 = B_SPLINE_CURVE_WITH_KNOTS('',2,(#7079,#7080,#7081),
  .UNSPECIFIED.,.F.,.F.,(3,3),(0.,1.),.PIECEWISE_BEZIER_KNOTS.);
#7079 = CARTESIAN_POINT('',(-37.,-4.293333333333,13.02));
#7080 = CARTESIAN_POINT('',(-37.,-5.207619047619,13.02));
#7081 = CARTESIAN_POINT('',(-37.6,-5.657619047619,13.02));
#7082 = VECTOR('',#7083,1.);
#7083 = DIRECTION('',(0.,0.,1.));
#7084 = ADVANCED_FACE('',(#7085),#7103,.T.);
#7085 = FACE_BOUND('',#7086,.T.);
#7086 = EDGE_LOOP('',(#7087,#7095,#7101,#7102));
#7087 = ORIENTED_EDGE('',*,*,#7088,.T.);
#7088 = EDGE_CURVE('',#2211,#7089,#7091,.T.);
#7089 = VERTEX_POINT('',#7090);
#7090 = CARTESIAN_POINT('',(-37.79285714285,-4.293333333333,12.02));
#7091 = LINE('',#7092,#7093);
#7092 = CARTESIAN_POINT('',(-37.79285714285,-4.293333333333,13.02));
#7093 = VECTOR('',#7094,1.);
#7094 = DIRECTION('',(-0.,-0.,-1.));
#7095 = ORIENTED_EDGE('',*,*,#7096,.T.);
#7096 = EDGE_CURVE('',#7089,#7063,#7097,.T.);
#7097 = LINE('',#7098,#7099);
#7098 = CARTESIAN_POINT('',(-37.79285714285,-4.293333333333,12.02));
#7099 = VECTOR('',#7100,1.);
#7100 = DIRECTION('',(1.,0.,0.));
#7101 = ORIENTED_EDGE('',*,*,#7062,.F.);
#7102 = ORIENTED_EDGE('',*,*,#2218,.F.);
#7103 = PLANE('',#7104);
#7104 = AXIS2_PLACEMENT_3D('',#7105,#7106,#7107);
#7105 = CARTESIAN_POINT('',(-37.79285714285,-4.293333333333,13.02));
#7106 = DIRECTION('',(-2.2E-16,-1.,0.));
#7107 = DIRECTION('',(1.,-2.2E-16,0.));
#7108 = ADVANCED_FACE('',(#7109),#7127,.T.);
#7109 = FACE_BOUND('',#7110,.T.);
#7110 = EDGE_LOOP('',(#7111,#7119,#7125,#7126));
#7111 = ORIENTED_EDGE('',*,*,#7112,.T.);
#7112 = EDGE_CURVE('',#2203,#7113,#7115,.T.);
#7113 = VERTEX_POINT('',#7114);
#7114 = CARTESIAN_POINT('',(-37.84285714285,-4.650476190476,12.02));
#7115 = LINE('',#7116,#7117);
#7116 = CARTESIAN_POINT('',(-37.84285714285,-4.650476190476,13.02));
#7117 = VECTOR('',#7118,1.);
#7118 = DIRECTION('',(-0.,-0.,-1.));
#7119 = ORIENTED_EDGE('',*,*,#7120,.T.);
#7120 = EDGE_CURVE('',#7113,#7089,#7121,.T.);
#7121 = B_SPLINE_CURVE_WITH_KNOTS('',2,(#7122,#7123,#7124),
  .UNSPECIFIED.,.F.,.F.,(3,3),(0.,1.),.PIECEWISE_BEZIER_KNOTS.);
#7122 = CARTESIAN_POINT('',(-37.84285714285,-4.650476190476,12.02));
#7123 = CARTESIAN_POINT('',(-37.79285714285,-4.48619047619,12.02));
#7124 = CARTESIAN_POINT('',(-37.79285714285,-4.293333333333,12.02));
#7125 = ORIENTED_EDGE('',*,*,#7088,.F.);
#7126 = ORIENTED_EDGE('',*,*,#2210,.F.);
#7127 = SURFACE_OF_LINEAR_EXTRUSION('',#7128,#7132);
#7128 = B_SPLINE_CURVE_WITH_KNOTS('',2,(#7129,#7130,#7131),
  .UNSPECIFIED.,.F.,.F.,(3,3),(0.,1.),.PIECEWISE_BEZIER_KNOTS.);
#7129 = CARTESIAN_POINT('',(-37.84285714285,-4.650476190476,13.02));
#7130 = CARTESIAN_POINT('',(-37.79285714285,-4.48619047619,13.02));
#7131 = CARTESIAN_POINT('',(-37.79285714285,-4.293333333333,13.02));
#7132 = VECTOR('',#7133,1.);
#7133 = DIRECTION('',(0.,0.,1.));
#7134 = ADVANCED_FACE('',(#7135),#7153,.T.);
#7135 = FACE_BOUND('',#7136,.T.);
#7136 = EDGE_LOOP('',(#7137,#7145,#7151,#7152));
#7137 = ORIENTED_EDGE('',*,*,#7138,.T.);
#7138 = EDGE_CURVE('',#2195,#7139,#7141,.T.);
#7139 = VERTEX_POINT('',#7140);
#7140 = CARTESIAN_POINT('',(-38.40714285714,-5.129047619048,12.02));
#7141 = LINE('',#7142,#7143);
#7142 = CARTESIAN_POINT('',(-38.40714285714,-5.129047619048,13.02));
#7143 = VECTOR('',#7144,1.);
#7144 = DIRECTION('',(-0.,-0.,-1.));
#7145 = ORIENTED_EDGE('',*,*,#7146,.T.);
#7146 = EDGE_CURVE('',#7139,#7113,#7147,.T.);
#7147 = B_SPLINE_CURVE_WITH_KNOTS('',2,(#7148,#7149,#7150),
  .UNSPECIFIED.,.F.,.F.,(3,3),(0.,1.),.PIECEWISE_BEZIER_KNOTS.);
#7148 = CARTESIAN_POINT('',(-38.40714285714,-5.129047619048,12.02));
#7149 = CARTESIAN_POINT('',(-37.97857142857,-5.129047619048,12.02));
#7150 = CARTESIAN_POINT('',(-37.84285714285,-4.650476190476,12.02));
#7151 = ORIENTED_EDGE('',*,*,#7112,.F.);
#7152 = ORIENTED_EDGE('',*,*,#2202,.F.);
#7153 = SURFACE_OF_LINEAR_EXTRUSION('',#7154,#7158);
#7154 = B_SPLINE_CURVE_WITH_KNOTS('',2,(#7155,#7156,#7157),
  .UNSPECIFIED.,.F.,.F.,(3,3),(0.,1.),.PIECEWISE_BEZIER_KNOTS.);
#7155 = CARTESIAN_POINT('',(-38.40714285714,-5.129047619048,13.02));
#7156 = CARTESIAN_POINT('',(-37.97857142857,-5.129047619048,13.02));
#7157 = CARTESIAN_POINT('',(-37.84285714285,-4.650476190476,13.02));
#7158 = VECTOR('',#7159,1.);
#7159 = DIRECTION('',(0.,0.,1.));
#7160 = ADVANCED_FACE('',(#7161),#7179,.T.);
#7161 = FACE_BOUND('',#7162,.T.);
#7162 = EDGE_LOOP('',(#7163,#7171,#7177,#7178));
#7163 = ORIENTED_EDGE('',*,*,#7164,.T.);
#7164 = EDGE_CURVE('',#2187,#7165,#7167,.T.);
#7165 = VERTEX_POINT('',#7166);
#7166 = CARTESIAN_POINT('',(-40.59285714285,-5.129047619048,12.02));
#7167 = LINE('',#7168,#7169);
#7168 = CARTESIAN_POINT('',(-40.59285714285,-5.129047619048,13.02));
#7169 = VECTOR('',#7170,1.);
#7170 = DIRECTION('',(-0.,-0.,-1.));
#7171 = ORIENTED_EDGE('',*,*,#7172,.T.);
#7172 = EDGE_CURVE('',#7165,#7139,#7173,.T.);
#7173 = LINE('',#7174,#7175);
#7174 = CARTESIAN_POINT('',(-40.59285714285,-5.129047619048,12.02));
#7175 = VECTOR('',#7176,1.);
#7176 = DIRECTION('',(1.,0.,0.));
#7177 = ORIENTED_EDGE('',*,*,#7138,.F.);
#7178 = ORIENTED_EDGE('',*,*,#2194,.F.);
#7179 = PLANE('',#7180);
#7180 = AXIS2_PLACEMENT_3D('',#7181,#7182,#7183);
#7181 = CARTESIAN_POINT('',(-40.59285714285,-5.129047619048,13.02));
#7182 = DIRECTION('',(-2.2E-16,-1.,0.));
#7183 = DIRECTION('',(1.,-2.2E-16,0.));
#7184 = ADVANCED_FACE('',(#7185),#7203,.T.);
#7185 = FACE_BOUND('',#7186,.T.);
#7186 = EDGE_LOOP('',(#7187,#7195,#7201,#7202));
#7187 = ORIENTED_EDGE('',*,*,#7188,.T.);
#7188 = EDGE_CURVE('',#2179,#7189,#7191,.T.);
#7189 = VERTEX_POINT('',#7190);
#7190 = CARTESIAN_POINT('',(-40.60714285714,-5.129047619048,12.02));
#7191 = LINE('',#7192,#7193);
#7192 = CARTESIAN_POINT('',(-40.60714285714,-5.129047619048,13.02));
#7193 = VECTOR('',#7194,1.);
#7194 = DIRECTION('',(-0.,-0.,-1.));
#7195 = ORIENTED_EDGE('',*,*,#7196,.T.);
#7196 = EDGE_CURVE('',#7189,#7165,#7197,.T.);
#7197 = B_SPLINE_CURVE_WITH_KNOTS('',2,(#7198,#7199,#7200),
  .UNSPECIFIED.,.F.,.F.,(3,3),(0.,1.),.PIECEWISE_BEZIER_KNOTS.);
#7198 = CARTESIAN_POINT('',(-40.60714285714,-5.129047619048,12.02));
#7199 = CARTESIAN_POINT('',(-40.6,-5.129047619048,12.02));
#7200 = CARTESIAN_POINT('',(-40.59285714285,-5.129047619048,12.02));
#7201 = ORIENTED_EDGE('',*,*,#7164,.F.);
#7202 = ORIENTED_EDGE('',*,*,#2186,.F.);
#7203 = SURFACE_OF_LINEAR_EXTRUSION('',#7204,#7208);
#7204 = B_SPLINE_CURVE_WITH_KNOTS('',2,(#7205,#7206,#7207),
  .UNSPECIFIED.,.F.,.F.,(3,3),(0.,1.),.PIECEWISE_BEZIER_KNOTS.);
#7205 = CARTESIAN_POINT('',(-40.60714285714,-5.129047619048,13.02));
#7206 = CARTESIAN_POINT('',(-40.6,-5.129047619048,13.02));
#7207 = CARTESIAN_POINT('',(-40.59285714285,-5.129047619048,13.02));
#7208 = VECTOR('',#7209,1.);
#7209 = DIRECTION('',(0.,0.,1.));
#7210 = ADVANCED_FACE('',(#7211),#7229,.T.);
#7211 = FACE_BOUND('',#7212,.T.);
#7212 = EDGE_LOOP('',(#7213,#7221,#7227,#7228));
#7213 = ORIENTED_EDGE('',*,*,#7214,.T.);
#7214 = EDGE_CURVE('',#2171,#7215,#7217,.T.);
#7215 = VERTEX_POINT('',#7216);
#7216 = CARTESIAN_POINT('',(-41.20714285714,-4.293333333333,12.02));
#7217 = LINE('',#7218,#7219);
#7218 = CARTESIAN_POINT('',(-41.20714285714,-4.293333333333,13.02));
#7219 = VECTOR('',#7220,1.);
#7220 = DIRECTION('',(-0.,-0.,-1.));
#7221 = ORIENTED_EDGE('',*,*,#7222,.T.);
#7222 = EDGE_CURVE('',#7215,#7189,#7223,.T.);
#7223 = B_SPLINE_CURVE_WITH_KNOTS('',2,(#7224,#7225,#7226),
  .UNSPECIFIED.,.F.,.F.,(3,3),(0.,1.),.PIECEWISE_BEZIER_KNOTS.);
#7224 = CARTESIAN_POINT('',(-41.20714285714,-4.293333333333,12.02));
#7225 = CARTESIAN_POINT('',(-41.20714285714,-5.114761904762,12.02));
#7226 = CARTESIAN_POINT('',(-40.60714285714,-5.129047619048,12.02));
#7227 = ORIENTED_EDGE('',*,*,#7188,.F.);
#7228 = ORIENTED_EDGE('',*,*,#2178,.F.);
#7229 = SURFACE_OF_LINEAR_EXTRUSION('',#7230,#7234);
#7230 = B_SPLINE_CURVE_WITH_KNOTS('',2,(#7231,#7232,#7233),
  .UNSPECIFIED.,.F.,.F.,(3,3),(0.,1.),.PIECEWISE_BEZIER_KNOTS.);
#7231 = CARTESIAN_POINT('',(-41.20714285714,-4.293333333333,13.02));
#7232 = CARTESIAN_POINT('',(-41.20714285714,-5.114761904762,13.02));
#7233 = CARTESIAN_POINT('',(-40.60714285714,-5.129047619048,13.02));
#7234 = VECTOR('',#7235,1.);
#7235 = DIRECTION('',(0.,0.,1.));
#7236 = ADVANCED_FACE('',(#7237),#7248,.T.);
#7237 = FACE_BOUND('',#7238,.T.);
#7238 = EDGE_LOOP('',(#7239,#7240,#7246,#7247));
#7239 = ORIENTED_EDGE('',*,*,#6969,.T.);
#7240 = ORIENTED_EDGE('',*,*,#7241,.T.);
#7241 = EDGE_CURVE('',#6962,#7215,#7242,.T.);
#7242 = LINE('',#7243,#7244);
#7243 = CARTESIAN_POINT('',(-42.,-4.293333333333,12.02));
#7244 = VECTOR('',#7245,1.);
#7245 = DIRECTION('',(1.,0.,0.));
#7246 = ORIENTED_EDGE('',*,*,#7214,.F.);
#7247 = ORIENTED_EDGE('',*,*,#2170,.F.);
#7248 = PLANE('',#7249);
#7249 = AXIS2_PLACEMENT_3D('',#7250,#7251,#7252);
#7250 = CARTESIAN_POINT('',(-42.,-4.293333333333,13.02));
#7251 = DIRECTION('',(-2.2E-16,-1.,0.));
#7252 = DIRECTION('',(1.,-2.2E-16,0.));
#7253 = ADVANCED_FACE('',(#7254),#7279,.T.);
#7254 = FACE_BOUND('',#7255,.T.);
#7255 = EDGE_LOOP('',(#7256,#7264,#7272,#7278));
#7256 = ORIENTED_EDGE('',*,*,#7257,.T.);
#7257 = EDGE_CURVE('',#2259,#7258,#7260,.T.);
#7258 = VERTEX_POINT('',#7259);
#7259 = CARTESIAN_POINT('',(-42.,-3.921904761905,12.02));
#7260 = LINE('',#7261,#7262);
#7261 = CARTESIAN_POINT('',(-42.,-3.921904761905,13.02));
#7262 = VECTOR('',#7263,1.);
#7263 = DIRECTION('',(-0.,-0.,-1.));
#7264 = ORIENTED_EDGE('',*,*,#7265,.T.);
#7265 = EDGE_CURVE('',#7258,#7266,#7268,.T.);
#7266 = VERTEX_POINT('',#7267);
#7267 = CARTESIAN_POINT('',(-42.,-3.121904761905,12.02));
#7268 = LINE('',#7269,#7270);
#7269 = CARTESIAN_POINT('',(-42.,-3.921904761905,12.02));
#7270 = VECTOR('',#7271,1.);
#7271 = DIRECTION('',(0.,1.,0.));
#7272 = ORIENTED_EDGE('',*,*,#7273,.F.);
#7273 = EDGE_CURVE('',#2261,#7266,#7274,.T.);
#7274 = LINE('',#7275,#7276);
#7275 = CARTESIAN_POINT('',(-42.,-3.121904761905,13.02));
#7276 = VECTOR('',#7277,1.);
#7277 = DIRECTION('',(-0.,-0.,-1.));
#7278 = ORIENTED_EDGE('',*,*,#2258,.F.);
#7279 = PLANE('',#7280);
#7280 = AXIS2_PLACEMENT_3D('',#7281,#7282,#7283);
#7281 = CARTESIAN_POINT('',(-42.,-3.921904761905,13.02));
#7282 = DIRECTION('',(1.,-2.2E-16,0.));
#7283 = DIRECTION('',(2.2E-16,1.,0.));
#7284 = ADVANCED_FACE('',(#7285),#7303,.T.);
#7285 = FACE_BOUND('',#7286,.T.);
#7286 = EDGE_LOOP('',(#7287,#7295,#7301,#7302));
#7287 = ORIENTED_EDGE('',*,*,#7288,.T.);
#7288 = EDGE_CURVE('',#2277,#7289,#7291,.T.);
#7289 = VERTEX_POINT('',#7290);
#7290 = CARTESIAN_POINT('',(-37.,-3.921904761905,12.02));
#7291 = LINE('',#7292,#7293);
#7292 = CARTESIAN_POINT('',(-37.,-3.921904761905,13.02));
#7293 = VECTOR('',#7294,1.);
#7294 = DIRECTION('',(-0.,-0.,-1.));
#7295 = ORIENTED_EDGE('',*,*,#7296,.T.);
#7296 = EDGE_CURVE('',#7289,#7258,#7297,.T.);
#7297 = LINE('',#7298,#7299);
#7298 = CARTESIAN_POINT('',(-37.,-3.921904761905,12.02));
#7299 = VECTOR('',#7300,1.);
#7300 = DIRECTION('',(-1.,0.,0.));
#7301 = ORIENTED_EDGE('',*,*,#7257,.F.);
#7302 = ORIENTED_EDGE('',*,*,#2284,.F.);
#7303 = PLANE('',#7304);
#7304 = AXIS2_PLACEMENT_3D('',#7305,#7306,#7307);
#7305 = CARTESIAN_POINT('',(-37.,-3.921904761905,13.02));
#7306 = DIRECTION('',(2.2E-16,1.,0.));
#7307 = DIRECTION('',(-1.,2.2E-16,0.));
#7308 = ADVANCED_FACE('',(#7309),#7327,.T.);
#7309 = FACE_BOUND('',#7310,.T.);
#7310 = EDGE_LOOP('',(#7311,#7319,#7325,#7326));
#7311 = ORIENTED_EDGE('',*,*,#7312,.T.);
#7312 = EDGE_CURVE('',#2269,#7313,#7315,.T.);
#7313 = VERTEX_POINT('',#7314);
#7314 = CARTESIAN_POINT('',(-37.,-3.121904761905,12.02));
#7315 = LINE('',#7316,#7317);
#7316 = CARTESIAN_POINT('',(-37.,-3.121904761905,13.02));
#7317 = VECTOR('',#7318,1.);
#7318 = DIRECTION('',(-0.,-0.,-1.));
#7319 = ORIENTED_EDGE('',*,*,#7320,.T.);
#7320 = EDGE_CURVE('',#7313,#7289,#7321,.T.);
#7321 = LINE('',#7322,#7323);
#7322 = CARTESIAN_POINT('',(-37.,-3.121904761905,12.02));
#7323 = VECTOR('',#7324,1.);
#7324 = DIRECTION('',(0.,-1.,0.));
#7325 = ORIENTED_EDGE('',*,*,#7288,.F.);
#7326 = ORIENTED_EDGE('',*,*,#2276,.F.);
#7327 = PLANE('',#7328);
#7328 = AXIS2_PLACEMENT_3D('',#7329,#7330,#7331);
#7329 = CARTESIAN_POINT('',(-37.,-3.121904761905,13.02));
#7330 = DIRECTION('',(-1.,2.2E-16,0.));
#7331 = DIRECTION('',(-2.2E-16,-1.,0.));
#7332 = ADVANCED_FACE('',(#7333),#7344,.T.);
#7333 = FACE_BOUND('',#7334,.T.);
#7334 = EDGE_LOOP('',(#7335,#7336,#7342,#7343));
#7335 = ORIENTED_EDGE('',*,*,#7273,.T.);
#7336 = ORIENTED_EDGE('',*,*,#7337,.T.);
#7337 = EDGE_CURVE('',#7266,#7313,#7338,.T.);
#7338 = LINE('',#7339,#7340);
#7339 = CARTESIAN_POINT('',(-42.,-3.121904761905,12.02));
#7340 = VECTOR('',#7341,1.);
#7341 = DIRECTION('',(1.,0.,0.));
#7342 = ORIENTED_EDGE('',*,*,#7312,.F.);
#7343 = ORIENTED_EDGE('',*,*,#2268,.F.);
#7344 = PLANE('',#7345);
#7345 = AXIS2_PLACEMENT_3D('',#7346,#7347,#7348);
#7346 = CARTESIAN_POINT('',(-42.,-3.121904761905,13.02));
#7347 = DIRECTION('',(-2.2E-16,-1.,0.));
#7348 = DIRECTION('',(1.,-2.2E-16,0.));
#7349 = ADVANCED_FACE('',(#7350),#7375,.T.);
#7350 = FACE_BOUND('',#7351,.T.);
#7351 = EDGE_LOOP('',(#7352,#7360,#7368,#7374));
#7352 = ORIENTED_EDGE('',*,*,#7353,.T.);
#7353 = EDGE_CURVE('',#2293,#7354,#7356,.T.);
#7354 = VERTEX_POINT('',#7355);
#7355 = CARTESIAN_POINT('',(-40.27857142857,-2.471428571429,12.02));
#7356 = LINE('',#7357,#7358);
#7357 = CARTESIAN_POINT('',(-40.27857142857,-2.471428571429,13.02));
#7358 = VECTOR('',#7359,1.);
#7359 = DIRECTION('',(-0.,-0.,-1.));
#7360 = ORIENTED_EDGE('',*,*,#7361,.T.);
#7361 = EDGE_CURVE('',#7354,#7362,#7364,.T.);
#7362 = VERTEX_POINT('',#7363);
#7363 = CARTESIAN_POINT('',(-39.08571428571,-1.728571428571,12.02));
#7364 = LINE('',#7365,#7366);
#7365 = CARTESIAN_POINT('',(-40.27857142857,-2.471428571429,12.02));
#7366 = VECTOR('',#7367,1.);
#7367 = DIRECTION('',(0.848853874434,0.528627562522,0.));
#7368 = ORIENTED_EDGE('',*,*,#7369,.F.);
#7369 = EDGE_CURVE('',#2295,#7362,#7370,.T.);
#7370 = LINE('',#7371,#7372);
#7371 = CARTESIAN_POINT('',(-39.08571428571,-1.728571428571,13.02));
#7372 = VECTOR('',#7373,1.);
#7373 = DIRECTION('',(-0.,-0.,-1.));
#7374 = ORIENTED_EDGE('',*,*,#2292,.F.);
#7375 = PLANE('',#7376);
#7376 = AXIS2_PLACEMENT_3D('',#7377,#7378,#7379);
#7377 = CARTESIAN_POINT('',(-40.27857142857,-2.471428571429,13.02));
#7378 = DIRECTION('',(0.528627562522,-0.848853874434,0.));
#7379 = DIRECTION('',(0.848853874434,0.528627562522,0.));
#7380 = ADVANCED_FACE('',(#7381),#7399,.T.);
#7381 = FACE_BOUND('',#7382,.T.);
#7382 = EDGE_LOOP('',(#7383,#7391,#7397,#7398));
#7383 = ORIENTED_EDGE('',*,*,#7384,.T.);
#7384 = EDGE_CURVE('',#2319,#7385,#7387,.T.);
#7385 = VERTEX_POINT('',#7386);
#7386 = CARTESIAN_POINT('',(-40.27857142857,-2.528571428571,12.02));
#7387 = LINE('',#7388,#7389);
#7388 = CARTESIAN_POINT('',(-40.27857142857,-2.528571428571,13.02));
#7389 = VECTOR('',#7390,1.);
#7390 = DIRECTION('',(-0.,-0.,-1.));
#7391 = ORIENTED_EDGE('',*,*,#7392,.T.);
#7392 = EDGE_CURVE('',#7385,#7354,#7393,.T.);
#7393 = LINE('',#7394,#7395);
#7394 = CARTESIAN_POINT('',(-40.27857142857,-2.528571428571,12.02));
#7395 = VECTOR('',#7396,1.);
#7396 = DIRECTION('',(0.,1.,0.));
#7397 = ORIENTED_EDGE('',*,*,#7353,.F.);
#7398 = ORIENTED_EDGE('',*,*,#2326,.F.);
#7399 = PLANE('',#7400);
#7400 = AXIS2_PLACEMENT_3D('',#7401,#7402,#7403);
#7401 = CARTESIAN_POINT('',(-40.27857142857,-2.528571428571,13.02));
#7402 = DIRECTION('',(1.,-2.2E-16,0.));
#7403 = DIRECTION('',(2.2E-16,1.,0.));
#7404 = ADVANCED_FACE('',(#7405),#7423,.T.);
#7405 = FACE_BOUND('',#7406,.T.);
#7406 = EDGE_LOOP('',(#7407,#7415,#7421,#7422));
#7407 = ORIENTED_EDGE('',*,*,#7408,.T.);
#7408 = EDGE_CURVE('',#2311,#7409,#7411,.T.);
#7409 = VERTEX_POINT('',#7410);
#7410 = CARTESIAN_POINT('',(-37.,-2.528571428571,12.02));
#7411 = LINE('',#7412,#7413);
#7412 = CARTESIAN_POINT('',(-37.,-2.528571428571,13.02));
#7413 = VECTOR('',#7414,1.);
#7414 = DIRECTION('',(-0.,-0.,-1.));
#7415 = ORIENTED_EDGE('',*,*,#7416,.T.);
#7416 = EDGE_CURVE('',#7409,#7385,#7417,.T.);
#7417 = LINE('',#7418,#7419);
#7418 = CARTESIAN_POINT('',(-37.,-2.528571428571,12.02));
#7419 = VECTOR('',#7420,1.);
#7420 = DIRECTION('',(-1.,0.,0.));
#7421 = ORIENTED_EDGE('',*,*,#7384,.F.);
#7422 = ORIENTED_EDGE('',*,*,#2318,.F.);
#7423 = PLANE('',#7424);
#7424 = AXIS2_PLACEMENT_3D('',#7425,#7426,#7427);
#7425 = CARTESIAN_POINT('',(-37.,-2.528571428571,13.02));
#7426 = DIRECTION('',(2.2E-16,1.,0.));
#7427 = DIRECTION('',(-1.,2.2E-16,0.));
#7428 = ADVANCED_FACE('',(#7429),#7447,.T.);
#7429 = FACE_BOUND('',#7430,.T.);
#7430 = EDGE_LOOP('',(#7431,#7439,#7445,#7446));
#7431 = ORIENTED_EDGE('',*,*,#7432,.T.);
#7432 = EDGE_CURVE('',#2303,#7433,#7435,.T.);
#7433 = VERTEX_POINT('',#7434);
#7434 = CARTESIAN_POINT('',(-37.,-1.728571428571,12.02));
#7435 = LINE('',#7436,#7437);
#7436 = CARTESIAN_POINT('',(-37.,-1.728571428571,13.02));
#7437 = VECTOR('',#7438,1.);
#7438 = DIRECTION('',(-0.,-0.,-1.));
#7439 = ORIENTED_EDGE('',*,*,#7440,.T.);
#7440 = EDGE_CURVE('',#7433,#7409,#7441,.T.);
#7441 = LINE('',#7442,#7443);
#7442 = CARTESIAN_POINT('',(-37.,-1.728571428571,12.02));
#7443 = VECTOR('',#7444,1.);
#7444 = DIRECTION('',(0.,-1.,0.));
#7445 = ORIENTED_EDGE('',*,*,#7408,.F.);
#7446 = ORIENTED_EDGE('',*,*,#2310,.F.);
#7447 = PLANE('',#7448);
#7448 = AXIS2_PLACEMENT_3D('',#7449,#7450,#7451);
#7449 = CARTESIAN_POINT('',(-37.,-1.728571428571,13.02));
#7450 = DIRECTION('',(-1.,2.2E-16,0.));
#7451 = DIRECTION('',(-2.2E-16,-1.,0.));
#7452 = ADVANCED_FACE('',(#7453),#7464,.T.);
#7453 = FACE_BOUND('',#7454,.T.);
#7454 = EDGE_LOOP('',(#7455,#7456,#7462,#7463));
#7455 = ORIENTED_EDGE('',*,*,#7369,.T.);
#7456 = ORIENTED_EDGE('',*,*,#7457,.T.);
#7457 = EDGE_CURVE('',#7362,#7433,#7458,.T.);
#7458 = LINE('',#7459,#7460);
#7459 = CARTESIAN_POINT('',(-39.08571428571,-1.728571428571,12.02));
#7460 = VECTOR('',#7461,1.);
#7461 = DIRECTION('',(1.,0.,0.));
#7462 = ORIENTED_EDGE('',*,*,#7432,.F.);
#7463 = ORIENTED_EDGE('',*,*,#2302,.F.);
#7464 = PLANE('',#7465);
#7465 = AXIS2_PLACEMENT_3D('',#7466,#7467,#7468);
#7466 = CARTESIAN_POINT('',(-39.08571428571,-1.728571428571,13.02));
#7467 = DIRECTION('',(-2.2E-16,-1.,0.));
#7468 = DIRECTION('',(1.,-2.2E-16,0.));
#7469 = ADVANCED_FACE('',(#7470),#7495,.T.);
#7470 = FACE_BOUND('',#7471,.T.);
#7471 = EDGE_LOOP('',(#7472,#7480,#7488,#7494));
#7472 = ORIENTED_EDGE('',*,*,#7473,.T.);
#7473 = EDGE_CURVE('',#2335,#7474,#7476,.T.);
#7474 = VERTEX_POINT('',#7475);
#7475 = CARTESIAN_POINT('',(-42.,-2.142857142857,12.02));
#7476 = LINE('',#7477,#7478);
#7477 = CARTESIAN_POINT('',(-42.,-2.142857142857,13.02));
#7478 = VECTOR('',#7479,1.);
#7479 = DIRECTION('',(-0.,-0.,-1.));
#7480 = ORIENTED_EDGE('',*,*,#7481,.T.);
#7481 = EDGE_CURVE('',#7474,#7482,#7484,.T.);
#7482 = VERTEX_POINT('',#7483);
#7483 = CARTESIAN_POINT('',(-37.51428571428,0.65,12.02));
#7484 = LINE('',#7485,#7486);
#7485 = CARTESIAN_POINT('',(-42.,-2.142857142857,12.02));
#7486 = VECTOR('',#7487,1.);
#7487 = DIRECTION('',(0.848908352634,0.528540073057,0.));
#7488 = ORIENTED_EDGE('',*,*,#7489,.F.);
#7489 = EDGE_CURVE('',#2337,#7482,#7490,.T.);
#7490 = LINE('',#7491,#7492);
#7491 = CARTESIAN_POINT('',(-37.51428571428,0.65,13.02));
#7492 = VECTOR('',#7493,1.);
#7493 = DIRECTION('',(-0.,-0.,-1.));
#7494 = ORIENTED_EDGE('',*,*,#2334,.F.);
#7495 = PLANE('',#7496);
#7496 = AXIS2_PLACEMENT_3D('',#7497,#7498,#7499);
#7497 = CARTESIAN_POINT('',(-42.,-2.142857142857,13.02));
#7498 = DIRECTION('',(0.528540073057,-0.848908352634,0.));
#7499 = DIRECTION('',(0.848908352634,0.528540073057,0.));
#7500 = ADVANCED_FACE('',(#7501),#7519,.T.);
#7501 = FACE_BOUND('',#7502,.T.);
#7502 = EDGE_LOOP('',(#7503,#7511,#7517,#7518));
#7503 = ORIENTED_EDGE('',*,*,#7504,.T.);
#7504 = EDGE_CURVE('',#2369,#7505,#7507,.T.);
#7505 = VERTEX_POINT('',#7506);
#7506 = CARTESIAN_POINT('',(-42.,-2.528571428571,12.02));
#7507 = LINE('',#7508,#7509);
#7508 = CARTESIAN_POINT('',(-42.,-2.528571428571,13.02));
#7509 = VECTOR('',#7510,1.);
#7510 = DIRECTION('',(-0.,-0.,-1.));
#7511 = ORIENTED_EDGE('',*,*,#7512,.T.);
#7512 = EDGE_CURVE('',#7505,#7474,#7513,.T.);
#7513 = LINE('',#7514,#7515);
#7514 = CARTESIAN_POINT('',(-42.,-2.528571428571,12.02));
#7515 = VECTOR('',#7516,1.);
#7516 = DIRECTION('',(0.,1.,0.));
#7517 = ORIENTED_EDGE('',*,*,#7473,.F.);
#7518 = ORIENTED_EDGE('',*,*,#2376,.F.);
#7519 = PLANE('',#7520);
#7520 = AXIS2_PLACEMENT_3D('',#7521,#7522,#7523);
#7521 = CARTESIAN_POINT('',(-42.,-2.528571428571,13.02));
#7522 = DIRECTION('',(1.,-2.2E-16,0.));
#7523 = DIRECTION('',(2.2E-16,1.,0.));
#7524 = ADVANCED_FACE('',(#7525),#7543,.T.);
#7525 = FACE_BOUND('',#7526,.T.);
#7526 = EDGE_LOOP('',(#7527,#7535,#7541,#7542));
#7527 = ORIENTED_EDGE('',*,*,#7528,.T.);
#7528 = EDGE_CURVE('',#2361,#7529,#7531,.T.);
#7529 = VERTEX_POINT('',#7530);
#7530 = CARTESIAN_POINT('',(-41.03571428571,-2.528571428571,12.02));
#7531 = LINE('',#7532,#7533);
#7532 = CARTESIAN_POINT('',(-41.03571428571,-2.528571428571,13.02));
#7533 = VECTOR('',#7534,1.);
#7534 = DIRECTION('',(-0.,-0.,-1.));
#7535 = ORIENTED_EDGE('',*,*,#7536,.T.);
#7536 = EDGE_CURVE('',#7529,#7505,#7537,.T.);
#7537 = LINE('',#7538,#7539);
#7538 = CARTESIAN_POINT('',(-41.03571428571,-2.528571428571,12.02));
#7539 = VECTOR('',#7540,1.);
#7540 = DIRECTION('',(-1.,0.,0.));
#7541 = ORIENTED_EDGE('',*,*,#7504,.F.);
#7542 = ORIENTED_EDGE('',*,*,#2368,.F.);
#7543 = PLANE('',#7544);
#7544 = AXIS2_PLACEMENT_3D('',#7545,#7546,#7547);
#7545 = CARTESIAN_POINT('',(-41.03571428571,-2.528571428571,13.02));
#7546 = DIRECTION('',(2.2E-16,1.,0.));
#7547 = DIRECTION('',(-1.,2.2E-16,0.));
#7548 = ADVANCED_FACE('',(#7549),#7567,.T.);
#7549 = FACE_BOUND('',#7550,.T.);
#7550 = EDGE_LOOP('',(#7551,#7559,#7565,#7566));
#7551 = ORIENTED_EDGE('',*,*,#7552,.T.);
#7552 = EDGE_CURVE('',#2353,#7553,#7555,.T.);
#7553 = VERTEX_POINT('',#7554);
#7554 = CARTESIAN_POINT('',(-37.,-1.428571428571E-02,12.02));
#7555 = LINE('',#7556,#7557);
#7556 = CARTESIAN_POINT('',(-37.,-1.428571428571E-02,13.02));
#7557 = VECTOR('',#7558,1.);
#7558 = DIRECTION('',(-0.,-0.,-1.));
#7559 = ORIENTED_EDGE('',*,*,#7560,.T.);
#7560 = EDGE_CURVE('',#7553,#7529,#7561,.T.);
#7561 = LINE('',#7562,#7563);
#7562 = CARTESIAN_POINT('',(-37.,-1.428571428571E-02,12.02));
#7563 = VECTOR('',#7564,1.);
#7564 = DIRECTION('',(-0.848756985023,-0.528783112793,0.));
#7565 = ORIENTED_EDGE('',*,*,#7528,.F.);
#7566 = ORIENTED_EDGE('',*,*,#2360,.F.);
#7567 = PLANE('',#7568);
#7568 = AXIS2_PLACEMENT_3D('',#7569,#7570,#7571);
#7569 = CARTESIAN_POINT('',(-37.,-1.428571428571E-02,13.02));
#7570 = DIRECTION('',(-0.528783112793,0.848756985023,0.));
#7571 = DIRECTION('',(-0.848756985023,-0.528783112793,0.));
#7572 = ADVANCED_FACE('',(#7573),#7591,.T.);
#7573 = FACE_BOUND('',#7574,.T.);
#7574 = EDGE_LOOP('',(#7575,#7583,#7589,#7590));
#7575 = ORIENTED_EDGE('',*,*,#7576,.T.);
#7576 = EDGE_CURVE('',#2345,#7577,#7579,.T.);
#7577 = VERTEX_POINT('',#7578);
#7578 = CARTESIAN_POINT('',(-37.,0.65,12.02));
#7579 = LINE('',#7580,#7581);
#7580 = CARTESIAN_POINT('',(-37.,0.65,13.02));
#7581 = VECTOR('',#7582,1.);
#7582 = DIRECTION('',(-0.,-0.,-1.));
#7583 = ORIENTED_EDGE('',*,*,#7584,.T.);
#7584 = EDGE_CURVE('',#7577,#7553,#7585,.T.);
#7585 = LINE('',#7586,#7587);
#7586 = CARTESIAN_POINT('',(-37.,0.65,12.02));
#7587 = VECTOR('',#7588,1.);
#7588 = DIRECTION('',(0.,-1.,0.));
#7589 = ORIENTED_EDGE('',*,*,#7552,.F.);
#7590 = ORIENTED_EDGE('',*,*,#2352,.F.);
#7591 = PLANE('',#7592);
#7592 = AXIS2_PLACEMENT_3D('',#7593,#7594,#7595);
#7593 = CARTESIAN_POINT('',(-37.,0.65,13.02));
#7594 = DIRECTION('',(-1.,2.2E-16,0.));
#7595 = DIRECTION('',(-2.2E-16,-1.,0.));
#7596 = ADVANCED_FACE('',(#7597),#7608,.T.);
#7597 = FACE_BOUND('',#7598,.T.);
#7598 = EDGE_LOOP('',(#7599,#7600,#7606,#7607));
#7599 = ORIENTED_EDGE('',*,*,#7489,.T.);
#7600 = ORIENTED_EDGE('',*,*,#7601,.T.);
#7601 = EDGE_CURVE('',#7482,#7577,#7602,.T.);
#7602 = LINE('',#7603,#7604);
#7603 = CARTESIAN_POINT('',(-37.51428571428,0.65,12.02));
#7604 = VECTOR('',#7605,1.);
#7605 = DIRECTION('',(1.,0.,0.));
#7606 = ORIENTED_EDGE('',*,*,#7576,.F.);
#7607 = ORIENTED_EDGE('',*,*,#2344,.F.);
#7608 = PLANE('',#7609);
#7609 = AXIS2_PLACEMENT_3D('',#7610,#7611,#7612);
#7610 = CARTESIAN_POINT('',(-37.51428571428,0.65,13.02));
#7611 = DIRECTION('',(-2.2E-16,-1.,0.));
#7612 = DIRECTION('',(1.,-2.2E-16,0.));
#7613 = ADVANCED_FACE('',(#7614),#7639,.T.);
#7614 = FACE_BOUND('',#7615,.T.);
#7615 = EDGE_LOOP('',(#7616,#7624,#7625,#7633));
#7616 = ORIENTED_EDGE('',*,*,#7617,.T.);
#7617 = EDGE_CURVE('',#7618,#2385,#7620,.T.);
#7618 = VERTEX_POINT('',#7619);
#7619 = CARTESIAN_POINT('',(-33.5,25.32,10.82));
#7620 = LINE('',#7621,#7622);
#7621 = CARTESIAN_POINT('',(-33.5,25.32,10.82));
#7622 = VECTOR('',#7623,1.);
#7623 = DIRECTION('',(0.,0.,1.));
#7624 = ORIENTED_EDGE('',*,*,#2384,.T.);
#7625 = ORIENTED_EDGE('',*,*,#7626,.F.);
#7626 = EDGE_CURVE('',#7627,#2387,#7629,.T.);
#7627 = VERTEX_POINT('',#7628);
#7628 = CARTESIAN_POINT('',(-33.5,-25.1,10.82));
#7629 = LINE('',#7630,#7631);
#7630 = CARTESIAN_POINT('',(-33.5,-25.1,10.82));
#7631 = VECTOR('',#7632,1.);
#7632 = DIRECTION('',(0.,0.,1.));
#7633 = ORIENTED_EDGE('',*,*,#7634,.F.);
#7634 = EDGE_CURVE('',#7618,#7627,#7635,.T.);
#7635 = LINE('',#7636,#7637);
#7636 = CARTESIAN_POINT('',(-33.5,25.32,10.82));
#7637 = VECTOR('',#7638,1.);
#7638 = DIRECTION('',(0.,-1.,0.));
#7639 = PLANE('',#7640);
#7640 = AXIS2_PLACEMENT_3D('',#7641,#7642,#7643);
#7641 = CARTESIAN_POINT('',(-33.5,25.32,10.82));
#7642 = DIRECTION('',(1.,0.,0.));
#7643 = DIRECTION('',(0.,-1.,0.));
#7644 = ADVANCED_FACE('',(#7645),#7663,.T.);
#7645 = FACE_BOUND('',#7646,.T.);
#7646 = EDGE_LOOP('',(#7647,#7655,#7656,#7657));
#7647 = ORIENTED_EDGE('',*,*,#7648,.T.);
#7648 = EDGE_CURVE('',#7649,#2395,#7651,.T.);
#7649 = VERTEX_POINT('',#7650);
#7650 = CARTESIAN_POINT('',(36.7,25.32,10.82));
#7651 = LINE('',#7652,#7653);
#7652 = CARTESIAN_POINT('',(36.7,25.32,10.82));
#7653 = VECTOR('',#7654,1.);
#7654 = DIRECTION('',(0.,0.,1.));
#7655 = ORIENTED_EDGE('',*,*,#2394,.T.);
#7656 = ORIENTED_EDGE('',*,*,#7617,.F.);
#7657 = ORIENTED_EDGE('',*,*,#7658,.F.);
#7658 = EDGE_CURVE('',#7649,#7618,#7659,.T.);
#7659 = LINE('',#7660,#7661);
#7660 = CARTESIAN_POINT('',(36.7,25.32,10.82));
#7661 = VECTOR('',#7662,1.);
#7662 = DIRECTION('',(-1.,0.,0.));
#7663 = PLANE('',#7664);
#7664 = AXIS2_PLACEMENT_3D('',#7665,#7666,#7667);
#7665 = CARTESIAN_POINT('',(36.7,25.32,10.82));
#7666 = DIRECTION('',(0.,-1.,0.));
#7667 = DIRECTION('',(-1.,0.,0.));
#7668 = ADVANCED_FACE('',(#7669),#7687,.T.);
#7669 = FACE_BOUND('',#7670,.T.);
#7670 = EDGE_LOOP('',(#7671,#7672,#7673,#7681));
#7671 = ORIENTED_EDGE('',*,*,#7626,.T.);
#7672 = ORIENTED_EDGE('',*,*,#2410,.T.);
#7673 = ORIENTED_EDGE('',*,*,#7674,.F.);
#7674 = EDGE_CURVE('',#7675,#2403,#7677,.T.);
#7675 = VERTEX_POINT('',#7676);
#7676 = CARTESIAN_POINT('',(36.7,-25.1,10.82));
#7677 = LINE('',#7678,#7679);
#7678 = CARTESIAN_POINT('',(36.7,-25.1,10.82));
#7679 = VECTOR('',#7680,1.);
#7680 = DIRECTION('',(0.,0.,1.));
#7681 = ORIENTED_EDGE('',*,*,#7682,.F.);
#7682 = EDGE_CURVE('',#7627,#7675,#7683,.T.);
#7683 = LINE('',#7684,#7685);
#7684 = CARTESIAN_POINT('',(-33.5,-25.1,10.82));
#7685 = VECTOR('',#7686,1.);
#7686 = DIRECTION('',(1.,0.,0.));
#7687 = PLANE('',#7688);
#7688 = AXIS2_PLACEMENT_3D('',#7689,#7690,#7691);
#7689 = CARTESIAN_POINT('',(-33.5,-25.1,10.82));
#7690 = DIRECTION('',(0.,1.,0.));
#7691 = DIRECTION('',(1.,0.,0.));
#7692 = ADVANCED_FACE('',(#7693),#7704,.T.);
#7693 = FACE_BOUND('',#7694,.T.);
#7694 = EDGE_LOOP('',(#7695,#7696,#7697,#7698));
#7695 = ORIENTED_EDGE('',*,*,#7674,.T.);
#7696 = ORIENTED_EDGE('',*,*,#2402,.T.);
#7697 = ORIENTED_EDGE('',*,*,#7648,.F.);
#7698 = ORIENTED_EDGE('',*,*,#7699,.F.);
#7699 = EDGE_CURVE('',#7675,#7649,#7700,.T.);
#7700 = LINE('',#7701,#7702);
#7701 = CARTESIAN_POINT('',(36.7,-25.1,10.82));
#7702 = VECTOR('',#7703,1.);
#7703 = DIRECTION('',(0.,1.,0.));
#7704 = PLANE('',#7705);
#7705 = AXIS2_PLACEMENT_3D('',#7706,#7707,#7708);
#7706 = CARTESIAN_POINT('',(36.7,-25.1,10.82));
#7707 = DIRECTION('',(-1.,0.,0.));
#7708 = DIRECTION('',(0.,1.,0.));
#7709 = ADVANCED_FACE('',(#7710),#7735,.T.);
#7710 = FACE_BOUND('',#7711,.T.);
#7711 = EDGE_LOOP('',(#7712,#7720,#7728,#7734));
#7712 = ORIENTED_EDGE('',*,*,#7713,.T.);
#7713 = EDGE_CURVE('',#2419,#7714,#7716,.T.);
#7714 = VERTEX_POINT('',#7715);
#7715 = CARTESIAN_POINT('',(-42.,-0.15,12.02));
#7716 = LINE('',#7717,#7718);
#7717 = CARTESIAN_POINT('',(-42.,-0.15,13.02));
#7718 = VECTOR('',#7719,1.);
#7719 = DIRECTION('',(-0.,-0.,-1.));
#7720 = ORIENTED_EDGE('',*,*,#7721,.T.);
#7721 = EDGE_CURVE('',#7714,#7722,#7724,.T.);
#7722 = VERTEX_POINT('',#7723);
#7723 = CARTESIAN_POINT('',(-42.,0.65,12.02));
#7724 = LINE('',#7725,#7726);
#7725 = CARTESIAN_POINT('',(-42.,-0.15,12.02));
#7726 = VECTOR('',#7727,1.);
#7727 = DIRECTION('',(0.,1.,0.));
#7728 = ORIENTED_EDGE('',*,*,#7729,.F.);
#7729 = EDGE_CURVE('',#2421,#7722,#7730,.T.);
#7730 = LINE('',#7731,#7732);
#7731 = CARTESIAN_POINT('',(-42.,0.65,13.02));
#7732 = VECTOR('',#7733,1.);
#7733 = DIRECTION('',(-0.,-0.,-1.));
#7734 = ORIENTED_EDGE('',*,*,#2418,.F.);
#7735 = PLANE('',#7736);
#7736 = AXIS2_PLACEMENT_3D('',#7737,#7738,#7739);
#7737 = CARTESIAN_POINT('',(-42.,-0.15,13.02));
#7738 = DIRECTION('',(1.,-2.2E-16,0.));
#7739 = DIRECTION('',(2.2E-16,1.,0.));
#7740 = ADVANCED_FACE('',(#7741),#7759,.T.);
#7741 = FACE_BOUND('',#7742,.T.);
#7742 = EDGE_LOOP('',(#7743,#7751,#7757,#7758));
#7743 = ORIENTED_EDGE('',*,*,#7744,.T.);
#7744 = EDGE_CURVE('',#2445,#7745,#7747,.T.);
#7745 = VERTEX_POINT('',#7746);
#7746 = CARTESIAN_POINT('',(-39.46428571428,-0.15,12.02));
#7747 = LINE('',#7748,#7749);
#7748 = CARTESIAN_POINT('',(-39.46428571428,-0.15,13.02));
#7749 = VECTOR('',#7750,1.);
#7750 = DIRECTION('',(-0.,-0.,-1.));
#7751 = ORIENTED_EDGE('',*,*,#7752,.T.);
#7752 = EDGE_CURVE('',#7745,#7714,#7753,.T.);
#7753 = LINE('',#7754,#7755);
#7754 = CARTESIAN_POINT('',(-39.46428571428,-0.15,12.02));
#7755 = VECTOR('',#7756,1.);
#7756 = DIRECTION('',(-1.,0.,0.));
#7757 = ORIENTED_EDGE('',*,*,#7713,.F.);
#7758 = ORIENTED_EDGE('',*,*,#2452,.F.);
#7759 = PLANE('',#7760);
#7760 = AXIS2_PLACEMENT_3D('',#7761,#7762,#7763);
#7761 = CARTESIAN_POINT('',(-39.46428571428,-0.15,13.02));
#7762 = DIRECTION('',(2.2E-16,1.,0.));
#7763 = DIRECTION('',(-1.,2.2E-16,0.));
#7764 = ADVANCED_FACE('',(#7765),#7783,.T.);
#7765 = FACE_BOUND('',#7766,.T.);
#7766 = EDGE_LOOP('',(#7767,#7775,#7781,#7782));
#7767 = ORIENTED_EDGE('',*,*,#7768,.T.);
#7768 = EDGE_CURVE('',#2437,#7769,#7771,.T.);
#7769 = VERTEX_POINT('',#7770);
#7770 = CARTESIAN_POINT('',(-38.27142857142,0.592857142857,12.02));
#7771 = LINE('',#7772,#7773);
#7772 = CARTESIAN_POINT('',(-38.27142857142,0.592857142857,13.02));
#7773 = VECTOR('',#7774,1.);
#7774 = DIRECTION('',(-0.,-0.,-1.));
#7775 = ORIENTED_EDGE('',*,*,#7776,.T.);
#7776 = EDGE_CURVE('',#7769,#7745,#7777,.T.);
#7777 = LINE('',#7778,#7779);
#7778 = CARTESIAN_POINT('',(-38.27142857142,0.592857142857,12.02));
#7779 = VECTOR('',#7780,1.);
#7780 = DIRECTION('',(-0.848853874434,-0.528627562522,0.));
#7781 = ORIENTED_EDGE('',*,*,#7744,.F.);
#7782 = ORIENTED_EDGE('',*,*,#2444,.F.);
#7783 = PLANE('',#7784);
#7784 = AXIS2_PLACEMENT_3D('',#7785,#7786,#7787);
#7785 = CARTESIAN_POINT('',(-38.27142857142,0.592857142857,13.02));
#7786 = DIRECTION('',(-0.528627562522,0.848853874434,0.));
#7787 = DIRECTION('',(-0.848853874434,-0.528627562522,0.));
#7788 = ADVANCED_FACE('',(#7789),#7807,.T.);
#7789 = FACE_BOUND('',#7790,.T.);
#7790 = EDGE_LOOP('',(#7791,#7799,#7805,#7806));
#7791 = ORIENTED_EDGE('',*,*,#7792,.T.);
#7792 = EDGE_CURVE('',#2429,#7793,#7795,.T.);
#7793 = VERTEX_POINT('',#7794);
#7794 = CARTESIAN_POINT('',(-38.27142857142,0.65,12.02));
#7795 = LINE('',#7796,#7797);
#7796 = CARTESIAN_POINT('',(-38.27142857142,0.65,13.02));
#7797 = VECTOR('',#7798,1.);
#7798 = DIRECTION('',(-0.,-0.,-1.));
#7799 = ORIENTED_EDGE('',*,*,#7800,.T.);
#7800 = EDGE_CURVE('',#7793,#7769,#7801,.T.);
#7801 = LINE('',#7802,#7803);
#7802 = CARTESIAN_POINT('',(-38.27142857142,0.65,12.02));
#7803 = VECTOR('',#7804,1.);
#7804 = DIRECTION('',(0.,-1.,0.));
#7805 = ORIENTED_EDGE('',*,*,#7768,.F.);
#7806 = ORIENTED_EDGE('',*,*,#2436,.F.);
#7807 = PLANE('',#7808);
#7808 = AXIS2_PLACEMENT_3D('',#7809,#7810,#7811);
#7809 = CARTESIAN_POINT('',(-38.27142857142,0.65,13.02));
#7810 = DIRECTION('',(-1.,2.2E-16,0.));
#7811 = DIRECTION('',(-2.2E-16,-1.,0.));
#7812 = ADVANCED_FACE('',(#7813),#7824,.T.);
#7813 = FACE_BOUND('',#7814,.T.);
#7814 = EDGE_LOOP('',(#7815,#7816,#7822,#7823));
#7815 = ORIENTED_EDGE('',*,*,#7729,.T.);
#7816 = ORIENTED_EDGE('',*,*,#7817,.T.);
#7817 = EDGE_CURVE('',#7722,#7793,#7818,.T.);
#7818 = LINE('',#7819,#7820);
#7819 = CARTESIAN_POINT('',(-42.,0.65,12.02));
#7820 = VECTOR('',#7821,1.);
#7821 = DIRECTION('',(1.,0.,0.));
#7822 = ORIENTED_EDGE('',*,*,#7792,.F.);
#7823 = ORIENTED_EDGE('',*,*,#2428,.F.);
#7824 = PLANE('',#7825);
#7825 = AXIS2_PLACEMENT_3D('',#7826,#7827,#7828);
#7826 = CARTESIAN_POINT('',(-42.,0.65,13.02));
#7827 = DIRECTION('',(-2.2E-16,-1.,0.));
#7828 = DIRECTION('',(1.,-2.2E-16,0.));
#7829 = ADVANCED_FACE('',(#7830),#7855,.T.);
#7830 = FACE_BOUND('',#7831,.T.);
#7831 = EDGE_LOOP('',(#7832,#7840,#7848,#7854));
#7832 = ORIENTED_EDGE('',*,*,#7833,.T.);
#7833 = EDGE_CURVE('',#2461,#7834,#7836,.T.);
#7834 = VERTEX_POINT('',#7835);
#7835 = CARTESIAN_POINT('',(-42.,1.251904761905,12.02));
#7836 = LINE('',#7837,#7838);
#7837 = CARTESIAN_POINT('',(-42.,1.251904761905,13.02));
#7838 = VECTOR('',#7839,1.);
#7839 = DIRECTION('',(-0.,-0.,-1.));
#7840 = ORIENTED_EDGE('',*,*,#7841,.T.);
#7841 = EDGE_CURVE('',#7834,#7842,#7844,.T.);
#7842 = VERTEX_POINT('',#7843);
#7843 = CARTESIAN_POINT('',(-42.,2.051904761905,12.02));
#7844 = LINE('',#7845,#7846);
#7845 = CARTESIAN_POINT('',(-42.,1.251904761905,12.02));
#7846 = VECTOR('',#7847,1.);
#7847 = DIRECTION('',(0.,1.,0.));
#7848 = ORIENTED_EDGE('',*,*,#7849,.F.);
#7849 = EDGE_CURVE('',#2463,#7842,#7850,.T.);
#7850 = LINE('',#7851,#7852);
#7851 = CARTESIAN_POINT('',(-42.,2.051904761905,13.02));
#7852 = VECTOR('',#7853,1.);
#7853 = DIRECTION('',(-0.,-0.,-1.));
#7854 = ORIENTED_EDGE('',*,*,#2460,.F.);
#7855 = PLANE('',#7856);
#7856 = AXIS2_PLACEMENT_3D('',#7857,#7858,#7859);
#7857 = CARTESIAN_POINT('',(-42.,1.251904761905,13.02));
#7858 = DIRECTION('',(1.,-2.2E-16,0.));
#7859 = DIRECTION('',(2.2E-16,1.,0.));
#7860 = ADVANCED_FACE('',(#7861),#7879,.T.);
#7861 = FACE_BOUND('',#7862,.T.);
#7862 = EDGE_LOOP('',(#7863,#7871,#7877,#7878));
#7863 = ORIENTED_EDGE('',*,*,#7864,.T.);
#7864 = EDGE_CURVE('',#2479,#7865,#7867,.T.);
#7865 = VERTEX_POINT('',#7866);
#7866 = CARTESIAN_POINT('',(-37.,1.251904761905,12.02));
#7867 = LINE('',#7868,#7869);
#7868 = CARTESIAN_POINT('',(-37.,1.251904761905,13.02));
#7869 = VECTOR('',#7870,1.);
#7870 = DIRECTION('',(-0.,-0.,-1.));
#7871 = ORIENTED_EDGE('',*,*,#7872,.T.);
#7872 = EDGE_CURVE('',#7865,#7834,#7873,.T.);
#7873 = LINE('',#7874,#7875);
#7874 = CARTESIAN_POINT('',(-37.,1.251904761905,12.02));
#7875 = VECTOR('',#7876,1.);
#7876 = DIRECTION('',(-1.,0.,0.));
#7877 = ORIENTED_EDGE('',*,*,#7833,.F.);
#7878 = ORIENTED_EDGE('',*,*,#2486,.F.);
#7879 = PLANE('',#7880);
#7880 = AXIS2_PLACEMENT_3D('',#7881,#7882,#7883);
#7881 = CARTESIAN_POINT('',(-37.,1.251904761905,13.02));
#7882 = DIRECTION('',(2.2E-16,1.,0.));
#7883 = DIRECTION('',(-1.,2.2E-16,0.));
#7884 = ADVANCED_FACE('',(#7885),#7903,.T.);
#7885 = FACE_BOUND('',#7886,.T.);
#7886 = EDGE_LOOP('',(#7887,#7895,#7901,#7902));
#7887 = ORIENTED_EDGE('',*,*,#7888,.T.);
#7888 = EDGE_CURVE('',#2471,#7889,#7891,.T.);
#7889 = VERTEX_POINT('',#7890);
#7890 = CARTESIAN_POINT('',(-37.,2.051904761905,12.02));
#7891 = LINE('',#7892,#7893);
#7892 = CARTESIAN_POINT('',(-37.,2.051904761905,13.02));
#7893 = VECTOR('',#7894,1.);
#7894 = DIRECTION('',(-0.,-0.,-1.));
#7895 = ORIENTED_EDGE('',*,*,#7896,.T.);
#7896 = EDGE_CURVE('',#7889,#7865,#7897,.T.);
#7897 = LINE('',#7898,#7899);
#7898 = CARTESIAN_POINT('',(-37.,2.051904761905,12.02));
#7899 = VECTOR('',#7900,1.);
#7900 = DIRECTION('',(0.,-1.,0.));
#7901 = ORIENTED_EDGE('',*,*,#7864,.F.);
#7902 = ORIENTED_EDGE('',*,*,#2478,.F.);
#7903 = PLANE('',#7904);
#7904 = AXIS2_PLACEMENT_3D('',#7905,#7906,#7907);
#7905 = CARTESIAN_POINT('',(-37.,2.051904761905,13.02));
#7906 = DIRECTION('',(-1.,2.2E-16,0.));
#7907 = DIRECTION('',(-2.2E-16,-1.,0.));
#7908 = ADVANCED_FACE('',(#7909),#7920,.T.);
#7909 = FACE_BOUND('',#7910,.T.);
#7910 = EDGE_LOOP('',(#7911,#7912,#7918,#7919));
#7911 = ORIENTED_EDGE('',*,*,#7849,.T.);
#7912 = ORIENTED_EDGE('',*,*,#7913,.T.);
#7913 = EDGE_CURVE('',#7842,#7889,#7914,.T.);
#7914 = LINE('',#7915,#7916);
#7915 = CARTESIAN_POINT('',(-42.,2.051904761905,12.02));
#7916 = VECTOR('',#7917,1.);
#7917 = DIRECTION('',(1.,0.,0.));
#7918 = ORIENTED_EDGE('',*,*,#7888,.F.);
#7919 = ORIENTED_EDGE('',*,*,#2470,.F.);
#7920 = PLANE('',#7921);
#7921 = AXIS2_PLACEMENT_3D('',#7922,#7923,#7924);
#7922 = CARTESIAN_POINT('',(-42.,2.051904761905,13.02));
#7923 = DIRECTION('',(-2.2E-16,-1.,0.));
#7924 = DIRECTION('',(1.,-2.2E-16,0.));
#7925 = ADVANCED_FACE('',(#7926),#7951,.T.);
#7926 = FACE_BOUND('',#7927,.T.);
#7927 = EDGE_LOOP('',(#7928,#7936,#7944,#7950));
#7928 = ORIENTED_EDGE('',*,*,#7929,.T.);
#7929 = EDGE_CURVE('',#2495,#7930,#7932,.T.);
#7930 = VERTEX_POINT('',#7931);
#7931 = CARTESIAN_POINT('',(-39.89285714285,5.745714285714,12.02));
#7932 = LINE('',#7933,#7934);
#7933 = CARTESIAN_POINT('',(-39.89285714285,5.745714285714,13.02));
#7934 = VECTOR('',#7935,1.);
#7935 = DIRECTION('',(-0.,-0.,-1.));
#7936 = ORIENTED_EDGE('',*,*,#7937,.T.);
#7937 = EDGE_CURVE('',#7930,#7938,#7940,.T.);
#7938 = VERTEX_POINT('',#7939);
#7939 = CARTESIAN_POINT('',(-39.89285714285,6.16,12.02));
#7940 = LINE('',#7941,#7942);
#7941 = CARTESIAN_POINT('',(-39.89285714285,5.745714285714,12.02));
#7942 = VECTOR('',#7943,1.);
#7943 = DIRECTION('',(0.,1.,0.));
#7944 = ORIENTED_EDGE('',*,*,#7945,.F.);
#7945 = EDGE_CURVE('',#2497,#7938,#7946,.T.);
#7946 = LINE('',#7947,#7948);
#7947 = CARTESIAN_POINT('',(-39.89285714285,6.16,13.02));
#7948 = VECTOR('',#7949,1.);
#7949 = DIRECTION('',(-0.,-0.,-1.));
#7950 = ORIENTED_EDGE('',*,*,#2494,.F.);
#7951 = PLANE('',#7952);
#7952 = AXIS2_PLACEMENT_3D('',#7953,#7954,#7955);
#7953 = CARTESIAN_POINT('',(-39.89285714285,5.745714285714,13.02));
#7954 = DIRECTION('',(1.,-2.2E-16,0.));
#7955 = DIRECTION('',(2.2E-16,1.,0.));
#7956 = ADVANCED_FACE('',(#7957),#7975,.T.);
#7957 = FACE_BOUND('',#7958,.T.);
#7958 = EDGE_LOOP('',(#7959,#7967,#7973,#7974));
#7959 = ORIENTED_EDGE('',*,*,#7960,.T.);
#7960 = EDGE_CURVE('',#2641,#7961,#7963,.T.);
#7961 = VERTEX_POINT('',#7962);
#7962 = CARTESIAN_POINT('',(-39.97142857142,5.352857142857,12.02));
#7963 = LINE('',#7964,#7965);
#7964 = CARTESIAN_POINT('',(-39.97142857142,5.352857142857,13.02));
#7965 = VECTOR('',#7966,1.);
#7966 = DIRECTION('',(-0.,-0.,-1.));
#7967 = ORIENTED_EDGE('',*,*,#7968,.T.);
#7968 = EDGE_CURVE('',#7961,#7930,#7969,.T.);
#7969 = B_SPLINE_CURVE_WITH_KNOTS('',2,(#7970,#7971,#7972),
  .UNSPECIFIED.,.F.,.F.,(3,3),(0.,1.),.PIECEWISE_BEZIER_KNOTS.);
#7970 = CARTESIAN_POINT('',(-39.97142857142,5.352857142857,12.02));
#7971 = CARTESIAN_POINT('',(-39.89285714285,5.51,12.02));
#7972 = CARTESIAN_POINT('',(-39.89285714285,5.745714285714,12.02));
#7973 = ORIENTED_EDGE('',*,*,#7929,.F.);
#7974 = ORIENTED_EDGE('',*,*,#2648,.F.);
#7975 = SURFACE_OF_LINEAR_EXTRUSION('',#7976,#7980);
#7976 = B_SPLINE_CURVE_WITH_KNOTS('',2,(#7977,#7978,#7979),
  .UNSPECIFIED.,.F.,.F.,(3,3),(0.,1.),.PIECEWISE_BEZIER_KNOTS.);
#7977 = CARTESIAN_POINT('',(-39.97142857142,5.352857142857,13.02));
#7978 = CARTESIAN_POINT('',(-39.89285714285,5.51,13.02));
#7979 = CARTESIAN_POINT('',(-39.89285714285,5.745714285714,13.02));
#7980 = VECTOR('',#7981,1.);
#7981 = DIRECTION('',(0.,0.,1.));
#7982 = ADVANCED_FACE('',(#7983),#8001,.T.);
#7983 = FACE_BOUND('',#7984,.T.);
#7984 = EDGE_LOOP('',(#7985,#7993,#7999,#8000));
#7985 = ORIENTED_EDGE('',*,*,#7986,.T.);
#7986 = EDGE_CURVE('',#2633,#7987,#7989,.T.);
#7987 = VERTEX_POINT('',#7988);
#7988 = CARTESIAN_POINT('',(-40.72857142857,5.031428571429,12.02));
#7989 = LINE('',#7990,#7991);
#7990 = CARTESIAN_POINT('',(-40.72857142857,5.031428571429,13.02));
#7991 = VECTOR('',#7992,1.);
#7992 = DIRECTION('',(-0.,-0.,-1.));
#7993 = ORIENTED_EDGE('',*,*,#7994,.T.);
#7994 = EDGE_CURVE('',#7987,#7961,#7995,.T.);
#7995 = B_SPLINE_CURVE_WITH_KNOTS('',2,(#7996,#7997,#7998),
  .UNSPECIFIED.,.F.,.F.,(3,3),(0.,1.),.PIECEWISE_BEZIER_KNOTS.);
#7996 = CARTESIAN_POINT('',(-40.72857142857,5.031428571429,12.02));
#7997 = CARTESIAN_POINT('',(-40.12857142857,5.088571428571,12.02));
#7998 = CARTESIAN_POINT('',(-39.97142857142,5.352857142857,12.02));
#7999 = ORIENTED_EDGE('',*,*,#7960,.F.);
#8000 = ORIENTED_EDGE('',*,*,#2640,.F.);
#8001 = SURFACE_OF_LINEAR_EXTRUSION('',#8002,#8006);
#8002 = B_SPLINE_CURVE_WITH_KNOTS('',2,(#8003,#8004,#8005),
  .UNSPECIFIED.,.F.,.F.,(3,3),(0.,1.),.PIECEWISE_BEZIER_KNOTS.);
#8003 = CARTESIAN_POINT('',(-40.72857142857,5.031428571429,13.02));
#8004 = CARTESIAN_POINT('',(-40.12857142857,5.088571428571,13.02));
#8005 = CARTESIAN_POINT('',(-39.97142857142,5.352857142857,13.02));
#8006 = VECTOR('',#8007,1.);
#8007 = DIRECTION('',(0.,0.,1.));
#8008 = ADVANCED_FACE('',(#8009),#8027,.T.);
#8009 = FACE_BOUND('',#8010,.T.);
#8010 = EDGE_LOOP('',(#8011,#8019,#8025,#8026));
#8011 = ORIENTED_EDGE('',*,*,#8012,.T.);
#8012 = EDGE_CURVE('',#2625,#8013,#8015,.T.);
#8013 = VERTEX_POINT('',#8014);
#8014 = CARTESIAN_POINT('',(-42.,4.924285714286,12.02));
#8015 = LINE('',#8016,#8017);
#8016 = CARTESIAN_POINT('',(-42.,4.924285714286,13.02));
#8017 = VECTOR('',#8018,1.);
#8018 = DIRECTION('',(-0.,-0.,-1.));
#8019 = ORIENTED_EDGE('',*,*,#8020,.T.);
#8020 = EDGE_CURVE('',#8013,#7987,#8021,.T.);
#8021 = LINE('',#8022,#8023);
#8022 = CARTESIAN_POINT('',(-42.,4.924285714286,12.02));
#8023 = VECTOR('',#8024,1.);
#8024 = DIRECTION('',(0.996468111813,8.397203189433E-02,0.));
#8025 = ORIENTED_EDGE('',*,*,#7986,.F.);
#8026 = ORIENTED_EDGE('',*,*,#2632,.F.);
#8027 = PLANE('',#8028);
#8028 = AXIS2_PLACEMENT_3D('',#8029,#8030,#8031);
#8029 = CARTESIAN_POINT('',(-42.,4.924285714286,13.02));
#8030 = DIRECTION('',(8.397203189433E-02,-0.996468111813,0.));
#8031 = DIRECTION('',(0.996468111813,8.397203189433E-02,0.));
#8032 = ADVANCED_FACE('',(#8033),#8051,.T.);
#8033 = FACE_BOUND('',#8034,.T.);
#8034 = EDGE_LOOP('',(#8035,#8043,#8049,#8050));
#8035 = ORIENTED_EDGE('',*,*,#8036,.T.);
#8036 = EDGE_CURVE('',#2617,#8037,#8039,.T.);
#8037 = VERTEX_POINT('',#8038);
#8038 = CARTESIAN_POINT('',(-42.,4.181428571429,12.02));
#8039 = LINE('',#8040,#8041);
#8040 = CARTESIAN_POINT('',(-42.,4.181428571429,13.02));
#8041 = VECTOR('',#8042,1.);
#8042 = DIRECTION('',(-0.,-0.,-1.));
#8043 = ORIENTED_EDGE('',*,*,#8044,.T.);
#8044 = EDGE_CURVE('',#8037,#8013,#8045,.T.);
#8045 = LINE('',#8046,#8047);
#8046 = CARTESIAN_POINT('',(-42.,4.181428571429,12.02));
#8047 = VECTOR('',#8048,1.);
#8048 = DIRECTION('',(0.,1.,0.));
#8049 = ORIENTED_EDGE('',*,*,#8012,.F.);
#8050 = ORIENTED_EDGE('',*,*,#2624,.F.);
#8051 = PLANE('',#8052);
#8052 = AXIS2_PLACEMENT_3D('',#8053,#8054,#8055);
#8053 = CARTESIAN_POINT('',(-42.,4.181428571429,13.02));
#8054 = DIRECTION('',(1.,-2.2E-16,0.));
#8055 = DIRECTION('',(2.2E-16,1.,0.));
#8056 = ADVANCED_FACE('',(#8057),#8075,.T.);
#8057 = FACE_BOUND('',#8058,.T.);
#8058 = EDGE_LOOP('',(#8059,#8067,#8073,#8074));
#8059 = ORIENTED_EDGE('',*,*,#8060,.T.);
#8060 = EDGE_CURVE('',#2609,#8061,#8063,.T.);
#8061 = VERTEX_POINT('',#8062);
#8062 = CARTESIAN_POINT('',(-40.45,4.302857142857,12.02));
#8063 = LINE('',#8064,#8065);
#8064 = CARTESIAN_POINT('',(-40.45,4.302857142857,13.02));
#8065 = VECTOR('',#8066,1.);
#8066 = DIRECTION('',(-0.,-0.,-1.));
#8067 = ORIENTED_EDGE('',*,*,#8068,.T.);
#8068 = EDGE_CURVE('',#8061,#8037,#8069,.T.);
#8069 = LINE('',#8070,#8071);
#8070 = CARTESIAN_POINT('',(-40.45,4.302857142857,12.02));
#8071 = VECTOR('',#8072,1.);
#8072 = DIRECTION('',(-0.996945395907,-7.810171304339E-02,0.));
#8073 = ORIENTED_EDGE('',*,*,#8036,.F.);
#8074 = ORIENTED_EDGE('',*,*,#2616,.F.);
#8075 = PLANE('',#8076);
#8076 = AXIS2_PLACEMENT_3D('',#8077,#8078,#8079);
#8077 = CARTESIAN_POINT('',(-40.45,4.302857142857,13.02));
#8078 = DIRECTION('',(-7.810171304339E-02,0.996945395907,0.));
#8079 = DIRECTION('',(-0.996945395907,-7.810171304339E-02,0.));
#8080 = ADVANCED_FACE('',(#8081),#8099,.T.);
#8081 = FACE_BOUND('',#8082,.T.);
#8082 = EDGE_LOOP('',(#8083,#8091,#8097,#8098));
#8083 = ORIENTED_EDGE('',*,*,#8084,.T.);
#8084 = EDGE_CURVE('',#2601,#8085,#8087,.T.);
#8085 = VERTEX_POINT('',#8086);
#8086 = CARTESIAN_POINT('',(-40.27857142857,4.324285714286,12.02));
#8087 = LINE('',#8088,#8089);
#8088 = CARTESIAN_POINT('',(-40.27857142857,4.324285714286,13.02));
#8089 = VECTOR('',#8090,1.);
#8090 = DIRECTION('',(-0.,-0.,-1.));
#8091 = ORIENTED_EDGE('',*,*,#8092,.T.);
#8092 = EDGE_CURVE('',#8085,#8061,#8093,.T.);
#8093 = B_SPLINE_CURVE_WITH_KNOTS('',2,(#8094,#8095,#8096),
  .UNSPECIFIED.,.F.,.F.,(3,3),(0.,1.),.PIECEWISE_BEZIER_KNOTS.);
#8094 = CARTESIAN_POINT('',(-40.27857142857,4.324285714286,12.02));
#8095 = CARTESIAN_POINT('',(-40.37142857142,4.31,12.02));
#8096 = CARTESIAN_POINT('',(-40.45,4.302857142857,12.02));
#8097 = ORIENTED_EDGE('',*,*,#8060,.F.);
#8098 = ORIENTED_EDGE('',*,*,#2608,.F.);
#8099 = SURFACE_OF_LINEAR_EXTRUSION('',#8100,#8104);
#8100 = B_SPLINE_CURVE_WITH_KNOTS('',2,(#8101,#8102,#8103),
  .UNSPECIFIED.,.F.,.F.,(3,3),(0.,1.),.PIECEWISE_BEZIER_KNOTS.);
#8101 = CARTESIAN_POINT('',(-40.27857142857,4.324285714286,13.02));
#8102 = CARTESIAN_POINT('',(-40.37142857142,4.31,13.02));
#8103 = CARTESIAN_POINT('',(-40.45,4.302857142857,13.02));
#8104 = VECTOR('',#8105,1.);
#8105 = DIRECTION('',(0.,0.,1.));
#8106 = ADVANCED_FACE('',(#8107),#8125,.T.);
#8107 = FACE_BOUND('',#8108,.T.);
#8108 = EDGE_LOOP('',(#8109,#8117,#8123,#8124));
#8109 = ORIENTED_EDGE('',*,*,#8110,.T.);
#8110 = EDGE_CURVE('',#2593,#8111,#8113,.T.);
#8111 = VERTEX_POINT('',#8112);
#8112 = CARTESIAN_POINT('',(-39.51428571428,4.795714285714,12.02));
#8113 = LINE('',#8114,#8115);
#8114 = CARTESIAN_POINT('',(-39.51428571428,4.795714285714,13.02));
#8115 = VECTOR('',#8116,1.);
#8116 = DIRECTION('',(-0.,-0.,-1.));
#8117 = ORIENTED_EDGE('',*,*,#8118,.T.);
#8118 = EDGE_CURVE('',#8111,#8085,#8119,.T.);
#8119 = B_SPLINE_CURVE_WITH_KNOTS('',2,(#8120,#8121,#8122),
  .UNSPECIFIED.,.F.,.F.,(3,3),(0.,1.),.PIECEWISE_BEZIER_KNOTS.);
#8120 = CARTESIAN_POINT('',(-39.51428571428,4.795714285714,12.02));
#8121 = CARTESIAN_POINT('',(-39.72857142857,4.424285714286,12.02));
#8122 = CARTESIAN_POINT('',(-40.27857142857,4.324285714286,12.02));
#8123 = ORIENTED_EDGE('',*,*,#8084,.F.);
#8124 = ORIENTED_EDGE('',*,*,#2600,.F.);
#8125 = SURFACE_OF_LINEAR_EXTRUSION('',#8126,#8130);
#8126 = B_SPLINE_CURVE_WITH_KNOTS('',2,(#8127,#8128,#8129),
  .UNSPECIFIED.,.F.,.F.,(3,3),(0.,1.),.PIECEWISE_BEZIER_KNOTS.);
#8127 = CARTESIAN_POINT('',(-39.51428571428,4.795714285714,13.02));
#8128 = CARTESIAN_POINT('',(-39.72857142857,4.424285714286,13.02));
#8129 = CARTESIAN_POINT('',(-40.27857142857,4.324285714286,13.02));
#8130 = VECTOR('',#8131,1.);
#8131 = DIRECTION('',(0.,0.,1.));
#8132 = ADVANCED_FACE('',(#8133),#8151,.T.);
#8133 = FACE_BOUND('',#8134,.T.);
#8134 = EDGE_LOOP('',(#8135,#8143,#8149,#8150));
#8135 = ORIENTED_EDGE('',*,*,#8136,.T.);
#8136 = EDGE_CURVE('',#2585,#8137,#8139,.T.);
#8137 = VERTEX_POINT('',#8138);
#8138 = CARTESIAN_POINT('',(-38.36428571428,4.31,12.02));
#8139 = LINE('',#8140,#8141);
#8140 = CARTESIAN_POINT('',(-38.36428571428,4.31,13.02));
#8141 = VECTOR('',#8142,1.);
#8142 = DIRECTION('',(-0.,-0.,-1.));
#8143 = ORIENTED_EDGE('',*,*,#8144,.T.);
#8144 = EDGE_CURVE('',#8137,#8111,#8145,.T.);
#8145 = B_SPLINE_CURVE_WITH_KNOTS('',2,(#8146,#8147,#8148),
  .UNSPECIFIED.,.F.,.F.,(3,3),(0.,1.),.PIECEWISE_BEZIER_KNOTS.);
#8146 = CARTESIAN_POINT('',(-38.36428571428,4.31,12.02));
#8147 = CARTESIAN_POINT('',(-39.15714285714,4.317142857143,12.02));
#8148 = CARTESIAN_POINT('',(-39.51428571428,4.795714285714,12.02));
#8149 = ORIENTED_EDGE('',*,*,#8110,.F.);
#8150 = ORIENTED_EDGE('',*,*,#2592,.F.);
#8151 = SURFACE_OF_LINEAR_EXTRUSION('',#8152,#8156);
#8152 = B_SPLINE_CURVE_WITH_KNOTS('',2,(#8153,#8154,#8155),
  .UNSPECIFIED.,.F.,.F.,(3,3),(0.,1.),.PIECEWISE_BEZIER_KNOTS.);
#8153 = CARTESIAN_POINT('',(-38.36428571428,4.31,13.02));
#8154 = CARTESIAN_POINT('',(-39.15714285714,4.317142857143,13.02));
#8155 = CARTESIAN_POINT('',(-39.51428571428,4.795714285714,13.02));
#8156 = VECTOR('',#8157,1.);
#8157 = DIRECTION('',(0.,0.,1.));
#8158 = ADVANCED_FACE('',(#8159),#8177,.T.);
#8159 = FACE_BOUND('',#8160,.T.);
#8160 = EDGE_LOOP('',(#8161,#8169,#8175,#8176));
#8161 = ORIENTED_EDGE('',*,*,#8162,.T.);
#8162 = EDGE_CURVE('',#2577,#8163,#8165,.T.);
#8163 = VERTEX_POINT('',#8164);
#8164 = CARTESIAN_POINT('',(-37.70714285714,4.445714285714,12.02));
#8165 = LINE('',#8166,#8167);
#8166 = CARTESIAN_POINT('',(-37.70714285714,4.445714285714,13.02));
#8167 = VECTOR('',#8168,1.);
#8168 = DIRECTION('',(-0.,-0.,-1.));
#8169 = ORIENTED_EDGE('',*,*,#8170,.T.);
#8170 = EDGE_CURVE('',#8163,#8137,#8171,.T.);
#8171 = B_SPLINE_CURVE_WITH_KNOTS('',2,(#8172,#8173,#8174),
  .UNSPECIFIED.,.F.,.F.,(3,3),(0.,1.),.PIECEWISE_BEZIER_KNOTS.);
#8172 = CARTESIAN_POINT('',(-37.70714285714,4.445714285714,12.02));
#8173 = CARTESIAN_POINT('',(-37.99285714285,4.31,12.02));
#8174 = CARTESIAN_POINT('',(-38.36428571428,4.31,12.02));
#8175 = ORIENTED_EDGE('',*,*,#8136,.F.);
#8176 = ORIENTED_EDGE('',*,*,#2584,.F.);
#8177 = SURFACE_OF_LINEAR_EXTRUSION('',#8178,#8182);
#8178 = B_SPLINE_CURVE_WITH_KNOTS('',2,(#8179,#8180,#8181),
  .UNSPECIFIED.,.F.,.F.,(3,3),(0.,1.),.PIECEWISE_BEZIER_KNOTS.);
#8179 = CARTESIAN_POINT('',(-37.70714285714,4.445714285714,13.02));
#8180 = CARTESIAN_POINT('',(-37.99285714285,4.31,13.02));
#8181 = CARTESIAN_POINT('',(-38.36428571428,4.31,13.02));
#8182 = VECTOR('',#8183,1.);
#8183 = DIRECTION('',(0.,0.,1.));
#8184 = ADVANCED_FACE('',(#8185),#8203,.T.);
#8185 = FACE_BOUND('',#8186,.T.);
#8186 = EDGE_LOOP('',(#8187,#8195,#8201,#8202));
#8187 = ORIENTED_EDGE('',*,*,#8188,.T.);
#8188 = EDGE_CURVE('',#2569,#8189,#8191,.T.);
#8189 = VERTEX_POINT('',#8190);
#8190 = CARTESIAN_POINT('',(-37.,5.724285714286,12.02));
#8191 = LINE('',#8192,#8193);
#8192 = CARTESIAN_POINT('',(-37.,5.724285714286,13.02));
#8193 = VECTOR('',#8194,1.);
#8194 = DIRECTION('',(-0.,-0.,-1.));
#8195 = ORIENTED_EDGE('',*,*,#8196,.T.);
#8196 = EDGE_CURVE('',#8189,#8163,#8197,.T.);
#8197 = B_SPLINE_CURVE_WITH_KNOTS('',2,(#8198,#8199,#8200),
  .UNSPECIFIED.,.F.,.F.,(3,3),(0.,1.),.PIECEWISE_BEZIER_KNOTS.);
#8198 = CARTESIAN_POINT('',(-37.,5.724285714286,12.02));
#8199 = CARTESIAN_POINT('',(-37.02142857142,4.774285714286,12.02));
#8200 = CARTESIAN_POINT('',(-37.70714285714,4.445714285714,12.02));
#8201 = ORIENTED_EDGE('',*,*,#8162,.F.);
#8202 = ORIENTED_EDGE('',*,*,#2576,.F.);
#8203 = SURFACE_OF_LINEAR_EXTRUSION('',#8204,#8208);
#8204 = B_SPLINE_CURVE_WITH_KNOTS('',2,(#8205,#8206,#8207),
  .UNSPECIFIED.,.F.,.F.,(3,3),(0.,1.),.PIECEWISE_BEZIER_KNOTS.);
#8205 = CARTESIAN_POINT('',(-37.,5.724285714286,13.02));
#8206 = CARTESIAN_POINT('',(-37.02142857142,4.774285714286,13.02));
#8207 = CARTESIAN_POINT('',(-37.70714285714,4.445714285714,13.02));
#8208 = VECTOR('',#8209,1.);
#8209 = DIRECTION('',(0.,0.,1.));
#8210 = ADVANCED_FACE('',(#8211),#8229,.T.);
#8211 = FACE_BOUND('',#8212,.T.);
#8212 = EDGE_LOOP('',(#8213,#8221,#8227,#8228));
#8213 = ORIENTED_EDGE('',*,*,#8214,.T.);
#8214 = EDGE_CURVE('',#2561,#8215,#8217,.T.);
#8215 = VERTEX_POINT('',#8216);
#8216 = CARTESIAN_POINT('',(-37.,6.16,12.02));
#8217 = LINE('',#8218,#8219);
#8218 = CARTESIAN_POINT('',(-37.,6.16,13.02));
#8219 = VECTOR('',#8220,1.);
#8220 = DIRECTION('',(-0.,-0.,-1.));
#8221 = ORIENTED_EDGE('',*,*,#8222,.T.);
#8222 = EDGE_CURVE('',#8215,#8189,#8223,.T.);
#8223 = LINE('',#8224,#8225);
#8224 = CARTESIAN_POINT('',(-37.,6.16,12.02));
#8225 = VECTOR('',#8226,1.);
#8226 = DIRECTION('',(0.,-1.,0.));
#8227 = ORIENTED_EDGE('',*,*,#8188,.F.);
#8228 = ORIENTED_EDGE('',*,*,#2568,.F.);
#8229 = PLANE('',#8230);
#8230 = AXIS2_PLACEMENT_3D('',#8231,#8232,#8233);
#8231 = CARTESIAN_POINT('',(-37.,6.16,13.02));
#8232 = DIRECTION('',(-1.,2.2E-16,0.));
#8233 = DIRECTION('',(-2.2E-16,-1.,0.));
#8234 = ADVANCED_FACE('',(#8235),#8253,.T.);
#8235 = FACE_BOUND('',#8236,.T.);
#8236 = EDGE_LOOP('',(#8237,#8245,#8251,#8252));
#8237 = ORIENTED_EDGE('',*,*,#8238,.T.);
#8238 = EDGE_CURVE('',#2553,#8239,#8241,.T.);
#8239 = VERTEX_POINT('',#8240);
#8240 = CARTESIAN_POINT('',(-37.74285714285,6.16,12.02));
#8241 = LINE('',#8242,#8243);
#8242 = CARTESIAN_POINT('',(-37.74285714285,6.16,13.02));
#8243 = VECTOR('',#8244,1.);
#8244 = DIRECTION('',(-0.,-0.,-1.));
#8245 = ORIENTED_EDGE('',*,*,#8246,.T.);
#8246 = EDGE_CURVE('',#8239,#8215,#8247,.T.);
#8247 = LINE('',#8248,#8249);
#8248 = CARTESIAN_POINT('',(-37.74285714285,6.16,12.02));
#8249 = VECTOR('',#8250,1.);
#8250 = DIRECTION('',(1.,0.,0.));
#8251 = ORIENTED_EDGE('',*,*,#8214,.F.);
#8252 = ORIENTED_EDGE('',*,*,#2560,.F.);
#8253 = PLANE('',#8254);
#8254 = AXIS2_PLACEMENT_3D('',#8255,#8256,#8257);
#8255 = CARTESIAN_POINT('',(-37.74285714285,6.16,13.02));
#8256 = DIRECTION('',(-2.2E-16,-1.,0.));
#8257 = DIRECTION('',(1.,-2.2E-16,0.));
#8258 = ADVANCED_FACE('',(#8259),#8277,.T.);
#8259 = FACE_BOUND('',#8260,.T.);
#8260 = EDGE_LOOP('',(#8261,#8269,#8275,#8276));
#8261 = ORIENTED_EDGE('',*,*,#8262,.T.);
#8262 = EDGE_CURVE('',#2545,#8263,#8265,.T.);
#8263 = VERTEX_POINT('',#8264);
#8264 = CARTESIAN_POINT('',(-37.74285714285,5.817142857143,12.02));
#8265 = LINE('',#8266,#8267);
#8266 = CARTESIAN_POINT('',(-37.74285714285,5.817142857143,13.02));
#8267 = VECTOR('',#8268,1.);
#8268 = DIRECTION('',(-0.,-0.,-1.));
#8269 = ORIENTED_EDGE('',*,*,#8270,.T.);
#8270 = EDGE_CURVE('',#8263,#8239,#8271,.T.);
#8271 = LINE('',#8272,#8273);
#8272 = CARTESIAN_POINT('',(-37.74285714285,5.817142857143,12.02));
#8273 = VECTOR('',#8274,1.);
#8274 = DIRECTION('',(0.,1.,0.));
#8275 = ORIENTED_EDGE('',*,*,#8238,.F.);
#8276 = ORIENTED_EDGE('',*,*,#2552,.F.);
#8277 = PLANE('',#8278);
#8278 = AXIS2_PLACEMENT_3D('',#8279,#8280,#8281);
#8279 = CARTESIAN_POINT('',(-37.74285714285,5.817142857143,13.02));
#8280 = DIRECTION('',(1.,-2.2E-16,0.));
#8281 = DIRECTION('',(2.2E-16,1.,0.));
#8282 = ADVANCED_FACE('',(#8283),#8301,.T.);
#8283 = FACE_BOUND('',#8284,.T.);
#8284 = EDGE_LOOP('',(#8285,#8293,#8299,#8300));
#8285 = ORIENTED_EDGE('',*,*,#8286,.T.);
#8286 = EDGE_CURVE('',#2537,#8287,#8289,.T.);
#8287 = VERTEX_POINT('',#8288);
#8288 = CARTESIAN_POINT('',(-37.75714285714,5.61,12.02));
#8289 = LINE('',#8290,#8291);
#8290 = CARTESIAN_POINT('',(-37.75714285714,5.61,13.02));
#8291 = VECTOR('',#8292,1.);
#8292 = DIRECTION('',(-0.,-0.,-1.));
#8293 = ORIENTED_EDGE('',*,*,#8294,.T.);
#8294 = EDGE_CURVE('',#8287,#8263,#8295,.T.);
#8295 = B_SPLINE_CURVE_WITH_KNOTS('',2,(#8296,#8297,#8298),
  .UNSPECIFIED.,.F.,.F.,(3,3),(0.,1.),.PIECEWISE_BEZIER_KNOTS.);
#8296 = CARTESIAN_POINT('',(-37.75714285714,5.61,12.02));
#8297 = CARTESIAN_POINT('',(-37.74285714285,5.71,12.02));
#8298 = CARTESIAN_POINT('',(-37.74285714285,5.817142857143,12.02));
#8299 = ORIENTED_EDGE('',*,*,#8262,.F.);
#8300 = ORIENTED_EDGE('',*,*,#2544,.F.);
#8301 = SURFACE_OF_LINEAR_EXTRUSION('',#8302,#8306);
#8302 = B_SPLINE_CURVE_WITH_KNOTS('',2,(#8303,#8304,#8305),
  .UNSPECIFIED.,.F.,.F.,(3,3),(0.,1.),.PIECEWISE_BEZIER_KNOTS.);
#8303 = CARTESIAN_POINT('',(-37.75714285714,5.61,13.02));
#8304 = CARTESIAN_POINT('',(-37.74285714285,5.71,13.02));
#8305 = CARTESIAN_POINT('',(-37.74285714285,5.817142857143,13.02));
#8306 = VECTOR('',#8307,1.);
#8307 = DIRECTION('',(0.,0.,1.));
#8308 = ADVANCED_FACE('',(#8309),#8327,.T.);
#8309 = FACE_BOUND('',#8310,.T.);
#8310 = EDGE_LOOP('',(#8311,#8319,#8325,#8326));
#8311 = ORIENTED_EDGE('',*,*,#8312,.T.);
#8312 = EDGE_CURVE('',#2529,#8313,#8315,.T.);
#8313 = VERTEX_POINT('',#8314);
#8314 = CARTESIAN_POINT('',(-38.46428571428,5.067142857143,12.02));
#8315 = LINE('',#8316,#8317);
#8316 = CARTESIAN_POINT('',(-38.46428571428,5.067142857143,13.02));
#8317 = VECTOR('',#8318,1.);
#8318 = DIRECTION('',(-0.,-0.,-1.));
#8319 = ORIENTED_EDGE('',*,*,#8320,.T.);
#8320 = EDGE_CURVE('',#8313,#8287,#8321,.T.);
#8321 = B_SPLINE_CURVE_WITH_KNOTS('',2,(#8322,#8323,#8324),
  .UNSPECIFIED.,.F.,.F.,(3,3),(0.,1.),.PIECEWISE_BEZIER_KNOTS.);
#8322 = CARTESIAN_POINT('',(-38.46428571428,5.067142857143,12.02));
#8323 = CARTESIAN_POINT('',(-37.86428571428,5.067142857143,12.02));
#8324 = CARTESIAN_POINT('',(-37.75714285714,5.61,12.02));
#8325 = ORIENTED_EDGE('',*,*,#8286,.F.);
#8326 = ORIENTED_EDGE('',*,*,#2536,.F.);
#8327 = SURFACE_OF_LINEAR_EXTRUSION('',#8328,#8332);
#8328 = B_SPLINE_CURVE_WITH_KNOTS('',2,(#8329,#8330,#8331),
  .UNSPECIFIED.,.F.,.F.,(3,3),(0.,1.),.PIECEWISE_BEZIER_KNOTS.);
#8329 = CARTESIAN_POINT('',(-38.46428571428,5.067142857143,13.02));
#8330 = CARTESIAN_POINT('',(-37.86428571428,5.067142857143,13.02));
#8331 = CARTESIAN_POINT('',(-37.75714285714,5.61,13.02));
#8332 = VECTOR('',#8333,1.);
#8333 = DIRECTION('',(0.,0.,1.));
#8334 = ADVANCED_FACE('',(#8335),#8353,.T.);
#8335 = FACE_BOUND('',#8336,.T.);
#8336 = EDGE_LOOP('',(#8337,#8345,#8351,#8352));
#8337 = ORIENTED_EDGE('',*,*,#8338,.T.);
#8338 = EDGE_CURVE('',#2521,#8339,#8341,.T.);
#8339 = VERTEX_POINT('',#8340);
#8340 = CARTESIAN_POINT('',(-38.58571428571,5.074285714286,12.02));
#8341 = LINE('',#8342,#8343);
#8342 = CARTESIAN_POINT('',(-38.58571428571,5.074285714286,13.02));
#8343 = VECTOR('',#8344,1.);
#8344 = DIRECTION('',(-0.,-0.,-1.));
#8345 = ORIENTED_EDGE('',*,*,#8346,.T.);
#8346 = EDGE_CURVE('',#8339,#8313,#8347,.T.);
#8347 = B_SPLINE_CURVE_WITH_KNOTS('',2,(#8348,#8349,#8350),
  .UNSPECIFIED.,.F.,.F.,(3,3),(0.,1.),.PIECEWISE_BEZIER_KNOTS.);
#8348 = CARTESIAN_POINT('',(-38.58571428571,5.074285714286,12.02));
#8349 = CARTESIAN_POINT('',(-38.52142857142,5.067142857143,12.02));
#8350 = CARTESIAN_POINT('',(-38.46428571428,5.067142857143,12.02));
#8351 = ORIENTED_EDGE('',*,*,#8312,.F.);
#8352 = ORIENTED_EDGE('',*,*,#2528,.F.);
#8353 = SURFACE_OF_LINEAR_EXTRUSION('',#8354,#8358);
#8354 = B_SPLINE_CURVE_WITH_KNOTS('',2,(#8355,#8356,#8357),
  .UNSPECIFIED.,.F.,.F.,(3,3),(0.,1.),.PIECEWISE_BEZIER_KNOTS.);
#8355 = CARTESIAN_POINT('',(-38.58571428571,5.074285714286,13.02));
#8356 = CARTESIAN_POINT('',(-38.52142857142,5.067142857143,13.02));
#8357 = CARTESIAN_POINT('',(-38.46428571428,5.067142857143,13.02));
#8358 = VECTOR('',#8359,1.);
#8359 = DIRECTION('',(0.,0.,1.));
#8360 = ADVANCED_FACE('',(#8361),#8379,.T.);
#8361 = FACE_BOUND('',#8362,.T.);
#8362 = EDGE_LOOP('',(#8363,#8371,#8377,#8378));
#8363 = ORIENTED_EDGE('',*,*,#8364,.T.);
#8364 = EDGE_CURVE('',#2513,#8365,#8367,.T.);
#8365 = VERTEX_POINT('',#8366);
#8366 = CARTESIAN_POINT('',(-39.17857142857,5.76,12.02));
#8367 = LINE('',#8368,#8369);
#8368 = CARTESIAN_POINT('',(-39.17857142857,5.76,13.02));
#8369 = VECTOR('',#8370,1.);
#8370 = DIRECTION('',(-0.,-0.,-1.));
#8371 = ORIENTED_EDGE('',*,*,#8372,.T.);
#8372 = EDGE_CURVE('',#8365,#8339,#8373,.T.);
#8373 = B_SPLINE_CURVE_WITH_KNOTS('',2,(#8374,#8375,#8376),
  .UNSPECIFIED.,.F.,.F.,(3,3),(0.,1.),.PIECEWISE_BEZIER_KNOTS.);
#8374 = CARTESIAN_POINT('',(-39.17857142857,5.76,12.02));
#8375 = CARTESIAN_POINT('',(-39.17857142857,5.138571428571,12.02));
#8376 = CARTESIAN_POINT('',(-38.58571428571,5.074285714286,12.02));
#8377 = ORIENTED_EDGE('',*,*,#8338,.F.);
#8378 = ORIENTED_EDGE('',*,*,#2520,.F.);
#8379 = SURFACE_OF_LINEAR_EXTRUSION('',#8380,#8384);
#8380 = B_SPLINE_CURVE_WITH_KNOTS('',2,(#8381,#8382,#8383),
  .UNSPECIFIED.,.F.,.F.,(3,3),(0.,1.),.PIECEWISE_BEZIER_KNOTS.);
#8381 = CARTESIAN_POINT('',(-39.17857142857,5.76,13.02));
#8382 = CARTESIAN_POINT('',(-39.17857142857,5.138571428571,13.02));
#8383 = CARTESIAN_POINT('',(-38.58571428571,5.074285714286,13.02));
#8384 = VECTOR('',#8385,1.);
#8385 = DIRECTION('',(0.,0.,1.));
#8386 = ADVANCED_FACE('',(#8387),#8405,.T.);
#8387 = FACE_BOUND('',#8388,.T.);
#8388 = EDGE_LOOP('',(#8389,#8397,#8403,#8404));
#8389 = ORIENTED_EDGE('',*,*,#8390,.T.);
#8390 = EDGE_CURVE('',#2505,#8391,#8393,.T.);
#8391 = VERTEX_POINT('',#8392);
#8392 = CARTESIAN_POINT('',(-39.17857142857,6.16,12.02));
#8393 = LINE('',#8394,#8395);
#8394 = CARTESIAN_POINT('',(-39.17857142857,6.16,13.02));
#8395 = VECTOR('',#8396,1.);
#8396 = DIRECTION('',(-0.,-0.,-1.));
#8397 = ORIENTED_EDGE('',*,*,#8398,.T.);
#8398 = EDGE_CURVE('',#8391,#8365,#8399,.T.);
#8399 = LINE('',#8400,#8401);
#8400 = CARTESIAN_POINT('',(-39.17857142857,6.16,12.02));
#8401 = VECTOR('',#8402,1.);
#8402 = DIRECTION('',(0.,-1.,0.));
#8403 = ORIENTED_EDGE('',*,*,#8364,.F.);
#8404 = ORIENTED_EDGE('',*,*,#2512,.F.);
#8405 = PLANE('',#8406);
#8406 = AXIS2_PLACEMENT_3D('',#8407,#8408,#8409);
#8407 = CARTESIAN_POINT('',(-39.17857142857,6.16,13.02));
#8408 = DIRECTION('',(-1.,2.2E-16,0.));
#8409 = DIRECTION('',(-2.2E-16,-1.,0.));
#8410 = ADVANCED_FACE('',(#8411),#8422,.T.);
#8411 = FACE_BOUND('',#8412,.T.);
#8412 = EDGE_LOOP('',(#8413,#8414,#8420,#8421));
#8413 = ORIENTED_EDGE('',*,*,#7945,.T.);
#8414 = ORIENTED_EDGE('',*,*,#8415,.T.);
#8415 = EDGE_CURVE('',#7938,#8391,#8416,.T.);
#8416 = LINE('',#8417,#8418);
#8417 = CARTESIAN_POINT('',(-39.89285714285,6.16,12.02));
#8418 = VECTOR('',#8419,1.);
#8419 = DIRECTION('',(1.,0.,0.));
#8420 = ORIENTED_EDGE('',*,*,#8390,.F.);
#8421 = ORIENTED_EDGE('',*,*,#2504,.F.);
#8422 = PLANE('',#8423);
#8423 = AXIS2_PLACEMENT_3D('',#8424,#8425,#8426);
#8424 = CARTESIAN_POINT('',(-39.89285714285,6.16,13.02));
#8425 = DIRECTION('',(-2.2E-16,-1.,0.));
#8426 = DIRECTION('',(1.,-2.2E-16,0.));
#8427 = ADVANCED_FACE('',(#8428),#8453,.T.);
#8428 = FACE_BOUND('',#8429,.T.);
#8429 = EDGE_LOOP('',(#8430,#8438,#8446,#8452));
#8430 = ORIENTED_EDGE('',*,*,#8431,.T.);
#8431 = EDGE_CURVE('',#2657,#8432,#8434,.T.);
#8432 = VERTEX_POINT('',#8433);
#8433 = CARTESIAN_POINT('',(-42.,6.524285714286,12.02));
#8434 = LINE('',#8435,#8436);
#8435 = CARTESIAN_POINT('',(-42.,6.524285714286,13.02));
#8436 = VECTOR('',#8437,1.);
#8437 = DIRECTION('',(-0.,-0.,-1.));
#8438 = ORIENTED_EDGE('',*,*,#8439,.T.);
#8439 = EDGE_CURVE('',#8432,#8440,#8442,.T.);
#8440 = VERTEX_POINT('',#8441);
#8441 = CARTESIAN_POINT('',(-42.,7.324285714286,12.02));
#8442 = LINE('',#8443,#8444);
#8443 = CARTESIAN_POINT('',(-42.,6.524285714286,12.02));
#8444 = VECTOR('',#8445,1.);
#8445 = DIRECTION('',(0.,1.,0.));
#8446 = ORIENTED_EDGE('',*,*,#8447,.F.);
#8447 = EDGE_CURVE('',#2659,#8440,#8448,.T.);
#8448 = LINE('',#8449,#8450);
#8449 = CARTESIAN_POINT('',(-42.,7.324285714286,13.02));
#8450 = VECTOR('',#8451,1.);
#8451 = DIRECTION('',(-0.,-0.,-1.));
#8452 = ORIENTED_EDGE('',*,*,#2656,.F.);
#8453 = PLANE('',#8454);
#8454 = AXIS2_PLACEMENT_3D('',#8455,#8456,#8457);
#8455 = CARTESIAN_POINT('',(-42.,6.524285714286,13.02));
#8456 = DIRECTION('',(1.,-2.2E-16,0.));
#8457 = DIRECTION('',(2.2E-16,1.,0.));
#8458 = ADVANCED_FACE('',(#8459),#8477,.T.);
#8459 = FACE_BOUND('',#8460,.T.);
#8460 = EDGE_LOOP('',(#8461,#8469,#8475,#8476));
#8461 = ORIENTED_EDGE('',*,*,#8462,.T.);
#8462 = EDGE_CURVE('',#2675,#8463,#8465,.T.);
#8463 = VERTEX_POINT('',#8464);
#8464 = CARTESIAN_POINT('',(-37.,6.524285714286,12.02));
#8465 = LINE('',#8466,#8467);
#8466 = CARTESIAN_POINT('',(-37.,6.524285714286,13.02));
#8467 = VECTOR('',#8468,1.);
#8468 = DIRECTION('',(-0.,-0.,-1.));
#8469 = ORIENTED_EDGE('',*,*,#8470,.T.);
#8470 = EDGE_CURVE('',#8463,#8432,#8471,.T.);
#8471 = LINE('',#8472,#8473);
#8472 = CARTESIAN_POINT('',(-37.,6.524285714286,12.02));
#8473 = VECTOR('',#8474,1.);
#8474 = DIRECTION('',(-1.,0.,0.));
#8475 = ORIENTED_EDGE('',*,*,#8431,.F.);
#8476 = ORIENTED_EDGE('',*,*,#2682,.F.);
#8477 = PLANE('',#8478);
#8478 = AXIS2_PLACEMENT_3D('',#8479,#8480,#8481);
#8479 = CARTESIAN_POINT('',(-37.,6.524285714286,13.02));
#8480 = DIRECTION('',(2.2E-16,1.,0.));
#8481 = DIRECTION('',(-1.,2.2E-16,0.));
#8482 = ADVANCED_FACE('',(#8483),#8501,.T.);
#8483 = FACE_BOUND('',#8484,.T.);
#8484 = EDGE_LOOP('',(#8485,#8493,#8499,#8500));
#8485 = ORIENTED_EDGE('',*,*,#8486,.T.);
#8486 = EDGE_CURVE('',#2667,#8487,#8489,.T.);
#8487 = VERTEX_POINT('',#8488);
#8488 = CARTESIAN_POINT('',(-37.,7.324285714286,12.02));
#8489 = LINE('',#8490,#8491);
#8490 = CARTESIAN_POINT('',(-37.,7.324285714286,13.02));
#8491 = VECTOR('',#8492,1.);
#8492 = DIRECTION('',(-0.,-0.,-1.));
#8493 = ORIENTED_EDGE('',*,*,#8494,.T.);
#8494 = EDGE_CURVE('',#8487,#8463,#8495,.T.);
#8495 = LINE('',#8496,#8497);
#8496 = CARTESIAN_POINT('',(-37.,7.324285714286,12.02));
#8497 = VECTOR('',#8498,1.);
#8498 = DIRECTION('',(0.,-1.,0.));
#8499 = ORIENTED_EDGE('',*,*,#8462,.F.);
#8500 = ORIENTED_EDGE('',*,*,#2674,.F.);
#8501 = PLANE('',#8502);
#8502 = AXIS2_PLACEMENT_3D('',#8503,#8504,#8505);
#8503 = CARTESIAN_POINT('',(-37.,7.324285714286,13.02));
#8504 = DIRECTION('',(-1.,2.2E-16,0.));
#8505 = DIRECTION('',(-2.2E-16,-1.,0.));
#8506 = ADVANCED_FACE('',(#8507),#8518,.T.);
#8507 = FACE_BOUND('',#8508,.T.);
#8508 = EDGE_LOOP('',(#8509,#8510,#8516,#8517));
#8509 = ORIENTED_EDGE('',*,*,#8447,.T.);
#8510 = ORIENTED_EDGE('',*,*,#8511,.T.);
#8511 = EDGE_CURVE('',#8440,#8487,#8512,.T.);
#8512 = LINE('',#8513,#8514);
#8513 = CARTESIAN_POINT('',(-42.,7.324285714286,12.02));
#8514 = VECTOR('',#8515,1.);
#8515 = DIRECTION('',(1.,0.,0.));
#8516 = ORIENTED_EDGE('',*,*,#8486,.F.);
#8517 = ORIENTED_EDGE('',*,*,#2666,.F.);
#8518 = PLANE('',#8519);
#8519 = AXIS2_PLACEMENT_3D('',#8520,#8521,#8522);
#8520 = CARTESIAN_POINT('',(-42.,7.324285714286,13.02));
#8521 = DIRECTION('',(-2.2E-16,-1.,0.));
#8522 = DIRECTION('',(1.,-2.2E-16,0.));
#8523 = ADVANCED_FACE('',(#8524),#8549,.T.);
#8524 = FACE_BOUND('',#8525,.T.);
#8525 = EDGE_LOOP('',(#8526,#8534,#8542,#8548));
#8526 = ORIENTED_EDGE('',*,*,#8527,.T.);
#8527 = EDGE_CURVE('',#2691,#8528,#8530,.T.);
#8528 = VERTEX_POINT('',#8529);
#8529 = CARTESIAN_POINT('',(-41.82142857142,8.601428571429,12.02));
#8530 = LINE('',#8531,#8532);
#8531 = CARTESIAN_POINT('',(-41.82142857142,8.601428571429,13.02));
#8532 = VECTOR('',#8533,1.);
#8533 = DIRECTION('',(-0.,-0.,-1.));
#8534 = ORIENTED_EDGE('',*,*,#8535,.T.);
#8535 = EDGE_CURVE('',#8528,#8536,#8538,.T.);
#8536 = VERTEX_POINT('',#8537);
#8537 = CARTESIAN_POINT('',(-42.03571428571,9.301428571429,12.02));
#8538 = B_SPLINE_CURVE_WITH_KNOTS('',2,(#8539,#8540,#8541),
  .UNSPECIFIED.,.F.,.F.,(3,3),(0.,1.),.PIECEWISE_BEZIER_KNOTS.);
#8539 = CARTESIAN_POINT('',(-41.82142857142,8.601428571429,12.02));
#8540 = CARTESIAN_POINT('',(-42.03571428571,8.972857142857,12.02));
#8541 = CARTESIAN_POINT('',(-42.03571428571,9.301428571429,12.02));
#8542 = ORIENTED_EDGE('',*,*,#8543,.F.);
#8543 = EDGE_CURVE('',#2693,#8536,#8544,.T.);
#8544 = LINE('',#8545,#8546);
#8545 = CARTESIAN_POINT('',(-42.03571428571,9.301428571429,13.02));
#8546 = VECTOR('',#8547,1.);
#8547 = DIRECTION('',(-0.,-0.,-1.));
#8548 = ORIENTED_EDGE('',*,*,#2690,.F.);
#8549 = SURFACE_OF_LINEAR_EXTRUSION('',#8550,#8554);
#8550 = B_SPLINE_CURVE_WITH_KNOTS('',2,(#8551,#8552,#8553),
  .UNSPECIFIED.,.F.,.F.,(3,3),(0.,1.),.PIECEWISE_BEZIER_KNOTS.);
#8551 = CARTESIAN_POINT('',(-41.82142857142,8.601428571429,13.02));
#8552 = CARTESIAN_POINT('',(-42.03571428571,8.972857142857,13.02));
#8553 = CARTESIAN_POINT('',(-42.03571428571,9.301428571429,13.02));
#8554 = VECTOR('',#8555,1.);
#8555 = DIRECTION('',(0.,0.,1.));
#8556 = ADVANCED_FACE('',(#8557),#8575,.T.);
#8557 = FACE_BOUND('',#8558,.T.);
#8558 = EDGE_LOOP('',(#8559,#8567,#8573,#8574));
#8559 = ORIENTED_EDGE('',*,*,#8560,.T.);
#8560 = EDGE_CURVE('',#2773,#8561,#8563,.T.);
#8561 = VERTEX_POINT('',#8562);
#8562 = CARTESIAN_POINT('',(-40.60714285714,7.894285714286,12.02));
#8563 = LINE('',#8564,#8565);
#8564 = CARTESIAN_POINT('',(-40.60714285714,7.894285714286,13.02));
#8565 = VECTOR('',#8566,1.);
#8566 = DIRECTION('',(-0.,-0.,-1.));
#8567 = ORIENTED_EDGE('',*,*,#8568,.T.);
#8568 = EDGE_CURVE('',#8561,#8528,#8569,.T.);
#8569 = B_SPLINE_CURVE_WITH_KNOTS('',2,(#8570,#8571,#8572),
  .UNSPECIFIED.,.F.,.F.,(3,3),(0.,1.),.PIECEWISE_BEZIER_KNOTS.);
#8570 = CARTESIAN_POINT('',(-40.60714285714,7.894285714286,12.02));
#8571 = CARTESIAN_POINT('',(-41.4,7.894285714286,12.02));
#8572 = CARTESIAN_POINT('',(-41.82142857142,8.601428571429,12.02));
#8573 = ORIENTED_EDGE('',*,*,#8527,.F.);
#8574 = ORIENTED_EDGE('',*,*,#2780,.F.);
#8575 = SURFACE_OF_LINEAR_EXTRUSION('',#8576,#8580);
#8576 = B_SPLINE_CURVE_WITH_KNOTS('',2,(#8577,#8578,#8579),
  .UNSPECIFIED.,.F.,.F.,(3,3),(0.,1.),.PIECEWISE_BEZIER_KNOTS.);
#8577 = CARTESIAN_POINT('',(-40.60714285714,7.894285714286,13.02));
#8578 = CARTESIAN_POINT('',(-41.4,7.894285714286,13.02));
#8579 = CARTESIAN_POINT('',(-41.82142857142,8.601428571429,13.02));
#8580 = VECTOR('',#8581,1.);
#8581 = DIRECTION('',(0.,0.,1.));
#8582 = ADVANCED_FACE('',(#8583),#8601,.T.);
#8583 = FACE_BOUND('',#8584,.T.);
#8584 = EDGE_LOOP('',(#8585,#8593,#8599,#8600));
#8585 = ORIENTED_EDGE('',*,*,#8586,.T.);
#8586 = EDGE_CURVE('',#2765,#8587,#8589,.T.);
#8587 = VERTEX_POINT('',#8588);
#8588 = CARTESIAN_POINT('',(-38.25714285714,7.894285714286,12.02));
#8589 = LINE('',#8590,#8591);
#8590 = CARTESIAN_POINT('',(-38.25714285714,7.894285714286,13.02));
#8591 = VECTOR('',#8592,1.);
#8592 = DIRECTION('',(-0.,-0.,-1.));
#8593 = ORIENTED_EDGE('',*,*,#8594,.T.);
#8594 = EDGE_CURVE('',#8587,#8561,#8595,.T.);
#8595 = LINE('',#8596,#8597);
#8596 = CARTESIAN_POINT('',(-38.25714285714,7.894285714286,12.02));
#8597 = VECTOR('',#8598,1.);
#8598 = DIRECTION('',(-1.,0.,0.));
#8599 = ORIENTED_EDGE('',*,*,#8560,.F.);
#8600 = ORIENTED_EDGE('',*,*,#2772,.F.);
#8601 = PLANE('',#8602);
#8602 = AXIS2_PLACEMENT_3D('',#8603,#8604,#8605);
#8603 = CARTESIAN_POINT('',(-38.25714285714,7.894285714286,13.02));
#8604 = DIRECTION('',(2.2E-16,1.,0.));
#8605 = DIRECTION('',(-1.,2.2E-16,0.));
#8606 = ADVANCED_FACE('',(#8607),#8625,.T.);
#8607 = FACE_BOUND('',#8608,.T.);
#8608 = EDGE_LOOP('',(#8609,#8617,#8623,#8624));
#8609 = ORIENTED_EDGE('',*,*,#8610,.T.);
#8610 = EDGE_CURVE('',#2757,#8611,#8613,.T.);
#8611 = VERTEX_POINT('',#8612);
#8612 = CARTESIAN_POINT('',(-37.58571428571,8.144285714286,12.02));
#8613 = LINE('',#8614,#8615);
#8614 = CARTESIAN_POINT('',(-37.58571428571,8.144285714286,13.02));
#8615 = VECTOR('',#8616,1.);
#8616 = DIRECTION('',(-0.,-0.,-1.));
#8617 = ORIENTED_EDGE('',*,*,#8618,.T.);
#8618 = EDGE_CURVE('',#8611,#8587,#8619,.T.);
#8619 = B_SPLINE_CURVE_WITH_KNOTS('',2,(#8620,#8621,#8622),
  .UNSPECIFIED.,.F.,.F.,(3,3),(0.,1.),.PIECEWISE_BEZIER_KNOTS.);
#8620 = CARTESIAN_POINT('',(-37.58571428571,8.144285714286,12.02));
#8621 = CARTESIAN_POINT('',(-37.94285714285,7.894285714286,12.02));
#8622 = CARTESIAN_POINT('',(-38.25714285714,7.894285714286,12.02));
#8623 = ORIENTED_EDGE('',*,*,#8586,.F.);
#8624 = ORIENTED_EDGE('',*,*,#2764,.F.);
#8625 = SURFACE_OF_LINEAR_EXTRUSION('',#8626,#8630);
#8626 = B_SPLINE_CURVE_WITH_KNOTS('',2,(#8627,#8628,#8629),
  .UNSPECIFIED.,.F.,.F.,(3,3),(0.,1.),.PIECEWISE_BEZIER_KNOTS.);
#8627 = CARTESIAN_POINT('',(-37.58571428571,8.144285714286,13.02));
#8628 = CARTESIAN_POINT('',(-37.94285714285,7.894285714286,13.02));
#8629 = CARTESIAN_POINT('',(-38.25714285714,7.894285714286,13.02));
#8630 = VECTOR('',#8631,1.);
#8631 = DIRECTION('',(0.,0.,1.));
#8632 = ADVANCED_FACE('',(#8633),#8651,.T.);
#8633 = FACE_BOUND('',#8634,.T.);
#8634 = EDGE_LOOP('',(#8635,#8643,#8649,#8650));
#8635 = ORIENTED_EDGE('',*,*,#8636,.T.);
#8636 = EDGE_CURVE('',#2749,#8637,#8639,.T.);
#8637 = VERTEX_POINT('',#8638);
#8638 = CARTESIAN_POINT('',(-36.96428571428,9.301428571429,12.02));
#8639 = LINE('',#8640,#8641);
#8640 = CARTESIAN_POINT('',(-36.96428571428,9.301428571429,13.02));
#8641 = VECTOR('',#8642,1.);
#8642 = DIRECTION('',(-0.,-0.,-1.));
#8643 = ORIENTED_EDGE('',*,*,#8644,.T.);
#8644 = EDGE_CURVE('',#8637,#8611,#8645,.T.);
#8645 = B_SPLINE_CURVE_WITH_KNOTS('',2,(#8646,#8647,#8648),
  .UNSPECIFIED.,.F.,.F.,(3,3),(0.,1.),.PIECEWISE_BEZIER_KNOTS.);
#8646 = CARTESIAN_POINT('',(-36.96428571428,9.301428571429,12.02));
#8647 = CARTESIAN_POINT('',(-36.96428571428,8.58,12.02));
#8648 = CARTESIAN_POINT('',(-37.58571428571,8.144285714286,12.02));
#8649 = ORIENTED_EDGE('',*,*,#8610,.F.);
#8650 = ORIENTED_EDGE('',*,*,#2756,.F.);
#8651 = SURFACE_OF_LINEAR_EXTRUSION('',#8652,#8656);
#8652 = B_SPLINE_CURVE_WITH_KNOTS('',2,(#8653,#8654,#8655),
  .UNSPECIFIED.,.F.,.F.,(3,3),(0.,1.),.PIECEWISE_BEZIER_KNOTS.);
#8653 = CARTESIAN_POINT('',(-36.96428571428,9.301428571429,13.02));
#8654 = CARTESIAN_POINT('',(-36.96428571428,8.58,13.02));
#8655 = CARTESIAN_POINT('',(-37.58571428571,8.144285714286,13.02));
#8656 = VECTOR('',#8657,1.);
#8657 = DIRECTION('',(0.,0.,1.));
#8658 = ADVANCED_FACE('',(#8659),#8677,.T.);
#8659 = FACE_BOUND('',#8660,.T.);
#8660 = EDGE_LOOP('',(#8661,#8669,#8675,#8676));
#8661 = ORIENTED_EDGE('',*,*,#8662,.T.);
#8662 = EDGE_CURVE('',#2741,#8663,#8665,.T.);
#8663 = VERTEX_POINT('',#8664);
#8664 = CARTESIAN_POINT('',(-37.75714285714,9.301428571429,12.02));
#8665 = LINE('',#8666,#8667);
#8666 = CARTESIAN_POINT('',(-37.75714285714,9.301428571429,13.02));
#8667 = VECTOR('',#8668,1.);
#8668 = DIRECTION('',(-0.,-0.,-1.));
#8669 = ORIENTED_EDGE('',*,*,#8670,.T.);
#8670 = EDGE_CURVE('',#8663,#8637,#8671,.T.);
#8671 = LINE('',#8672,#8673);
#8672 = CARTESIAN_POINT('',(-37.75714285714,9.301428571429,12.02));
#8673 = VECTOR('',#8674,1.);
#8674 = DIRECTION('',(1.,0.,0.));
#8675 = ORIENTED_EDGE('',*,*,#8636,.F.);
#8676 = ORIENTED_EDGE('',*,*,#2748,.F.);
#8677 = PLANE('',#8678);
#8678 = AXIS2_PLACEMENT_3D('',#8679,#8680,#8681);
#8679 = CARTESIAN_POINT('',(-37.75714285714,9.301428571429,13.02));
#8680 = DIRECTION('',(-2.2E-16,-1.,0.));
#8681 = DIRECTION('',(1.,-2.2E-16,0.));
#8682 = ADVANCED_FACE('',(#8683),#8701,.T.);
#8683 = FACE_BOUND('',#8684,.T.);
#8684 = EDGE_LOOP('',(#8685,#8693,#8699,#8700));
#8685 = ORIENTED_EDGE('',*,*,#8686,.T.);
#8686 = EDGE_CURVE('',#2733,#8687,#8689,.T.);
#8687 = VERTEX_POINT('',#8688);
#8688 = CARTESIAN_POINT('',(-37.95714285714,8.88,12.02));
#8689 = LINE('',#8690,#8691);
#8690 = CARTESIAN_POINT('',(-37.95714285714,8.88,13.02));
#8691 = VECTOR('',#8692,1.);
#8692 = DIRECTION('',(-0.,-0.,-1.));
#8693 = ORIENTED_EDGE('',*,*,#8694,.T.);
#8694 = EDGE_CURVE('',#8687,#8663,#8695,.T.);
#8695 = B_SPLINE_CURVE_WITH_KNOTS('',2,(#8696,#8697,#8698),
  .UNSPECIFIED.,.F.,.F.,(3,3),(0.,1.),.PIECEWISE_BEZIER_KNOTS.);
#8696 = CARTESIAN_POINT('',(-37.95714285714,8.88,12.02));
#8697 = CARTESIAN_POINT('',(-37.76428571428,9.058571428571,12.02));
#8698 = CARTESIAN_POINT('',(-37.75714285714,9.301428571429,12.02));
#8699 = ORIENTED_EDGE('',*,*,#8662,.F.);
#8700 = ORIENTED_EDGE('',*,*,#2740,.F.);
#8701 = SURFACE_OF_LINEAR_EXTRUSION('',#8702,#8706);
#8702 = B_SPLINE_CURVE_WITH_KNOTS('',2,(#8703,#8704,#8705),
  .UNSPECIFIED.,.F.,.F.,(3,3),(0.,1.),.PIECEWISE_BEZIER_KNOTS.);
#8703 = CARTESIAN_POINT('',(-37.95714285714,8.88,13.02));
#8704 = CARTESIAN_POINT('',(-37.76428571428,9.058571428571,13.02));
#8705 = CARTESIAN_POINT('',(-37.75714285714,9.301428571429,13.02));
#8706 = VECTOR('',#8707,1.);
#8707 = DIRECTION('',(0.,0.,1.));
#8708 = ADVANCED_FACE('',(#8709),#8727,.T.);
#8709 = FACE_BOUND('',#8710,.T.);
#8710 = EDGE_LOOP('',(#8711,#8719,#8725,#8726));
#8711 = ORIENTED_EDGE('',*,*,#8712,.T.);
#8712 = EDGE_CURVE('',#2725,#8713,#8715,.T.);
#8713 = VERTEX_POINT('',#8714);
#8714 = CARTESIAN_POINT('',(-38.37142857142,8.694285714286,12.02));
#8715 = LINE('',#8716,#8717);
#8716 = CARTESIAN_POINT('',(-38.37142857142,8.694285714286,13.02));
#8717 = VECTOR('',#8718,1.);
#8718 = DIRECTION('',(-0.,-0.,-1.));
#8719 = ORIENTED_EDGE('',*,*,#8720,.T.);
#8720 = EDGE_CURVE('',#8713,#8687,#8721,.T.);
#8721 = B_SPLINE_CURVE_WITH_KNOTS('',2,(#8722,#8723,#8724),
  .UNSPECIFIED.,.F.,.F.,(3,3),(0.,1.),.PIECEWISE_BEZIER_KNOTS.);
#8722 = CARTESIAN_POINT('',(-38.37142857142,8.694285714286,12.02));
#8723 = CARTESIAN_POINT('',(-38.15714285714,8.694285714286,12.02));
#8724 = CARTESIAN_POINT('',(-37.95714285714,8.88,12.02));
#8725 = ORIENTED_EDGE('',*,*,#8686,.F.);
#8726 = ORIENTED_EDGE('',*,*,#2732,.F.);
#8727 = SURFACE_OF_LINEAR_EXTRUSION('',#8728,#8732);
#8728 = B_SPLINE_CURVE_WITH_KNOTS('',2,(#8729,#8730,#8731),
  .UNSPECIFIED.,.F.,.F.,(3,3),(0.,1.),.PIECEWISE_BEZIER_KNOTS.);
#8729 = CARTESIAN_POINT('',(-38.37142857142,8.694285714286,13.02));
#8730 = CARTESIAN_POINT('',(-38.15714285714,8.694285714286,13.02));
#8731 = CARTESIAN_POINT('',(-37.95714285714,8.88,13.02));
#8732 = VECTOR('',#8733,1.);
#8733 = DIRECTION('',(0.,0.,1.));
#8734 = ADVANCED_FACE('',(#8735),#8753,.T.);
#8735 = FACE_BOUND('',#8736,.T.);
#8736 = EDGE_LOOP('',(#8737,#8745,#8751,#8752));
#8737 = ORIENTED_EDGE('',*,*,#8738,.T.);
#8738 = EDGE_CURVE('',#2717,#8739,#8741,.T.);
#8739 = VERTEX_POINT('',#8740);
#8740 = CARTESIAN_POINT('',(-40.60714285714,8.694285714286,12.02));
#8741 = LINE('',#8742,#8743);
#8742 = CARTESIAN_POINT('',(-40.60714285714,8.694285714286,13.02));
#8743 = VECTOR('',#8744,1.);
#8744 = DIRECTION('',(-0.,-0.,-1.));
#8745 = ORIENTED_EDGE('',*,*,#8746,.T.);
#8746 = EDGE_CURVE('',#8739,#8713,#8747,.T.);
#8747 = LINE('',#8748,#8749);
#8748 = CARTESIAN_POINT('',(-40.60714285714,8.694285714286,12.02));
#8749 = VECTOR('',#8750,1.);
#8750 = DIRECTION('',(1.,0.,0.));
#8751 = ORIENTED_EDGE('',*,*,#8712,.F.);
#8752 = ORIENTED_EDGE('',*,*,#2724,.F.);
#8753 = PLANE('',#8754);
#8754 = AXIS2_PLACEMENT_3D('',#8755,#8756,#8757);
#8755 = CARTESIAN_POINT('',(-40.60714285714,8.694285714286,13.02));
#8756 = DIRECTION('',(-2.2E-16,-1.,0.));
#8757 = DIRECTION('',(1.,-2.2E-16,0.));
#8758 = ADVANCED_FACE('',(#8759),#8777,.T.);
#8759 = FACE_BOUND('',#8760,.T.);
#8760 = EDGE_LOOP('',(#8761,#8769,#8775,#8776));
#8761 = ORIENTED_EDGE('',*,*,#8762,.T.);
#8762 = EDGE_CURVE('',#2709,#8763,#8765,.T.);
#8763 = VERTEX_POINT('',#8764);
#8764 = CARTESIAN_POINT('',(-41.06428571428,8.915714285714,12.02));
#8765 = LINE('',#8766,#8767);
#8766 = CARTESIAN_POINT('',(-41.06428571428,8.915714285714,13.02));
#8767 = VECTOR('',#8768,1.);
#8768 = DIRECTION('',(-0.,-0.,-1.));
#8769 = ORIENTED_EDGE('',*,*,#8770,.T.);
#8770 = EDGE_CURVE('',#8763,#8739,#8771,.T.);
#8771 = B_SPLINE_CURVE_WITH_KNOTS('',2,(#8772,#8773,#8774),
  .UNSPECIFIED.,.F.,.F.,(3,3),(0.,1.),.PIECEWISE_BEZIER_KNOTS.);
#8772 = CARTESIAN_POINT('',(-41.06428571428,8.915714285714,12.02));
#8773 = CARTESIAN_POINT('',(-40.87142857142,8.701428571429,12.02));
#8774 = CARTESIAN_POINT('',(-40.60714285714,8.694285714286,12.02));
#8775 = ORIENTED_EDGE('',*,*,#8738,.F.);
#8776 = ORIENTED_EDGE('',*,*,#2716,.F.);
#8777 = SURFACE_OF_LINEAR_EXTRUSION('',#8778,#8782);
#8778 = B_SPLINE_CURVE_WITH_KNOTS('',2,(#8779,#8780,#8781),
  .UNSPECIFIED.,.F.,.F.,(3,3),(0.,1.),.PIECEWISE_BEZIER_KNOTS.);
#8779 = CARTESIAN_POINT('',(-41.06428571428,8.915714285714,13.02));
#8780 = CARTESIAN_POINT('',(-40.87142857142,8.701428571429,13.02));
#8781 = CARTESIAN_POINT('',(-40.60714285714,8.694285714286,13.02));
#8782 = VECTOR('',#8783,1.);
#8783 = DIRECTION('',(0.,0.,1.));
#8784 = ADVANCED_FACE('',(#8785),#8803,.T.);
#8785 = FACE_BOUND('',#8786,.T.);
#8786 = EDGE_LOOP('',(#8787,#8795,#8801,#8802));
#8787 = ORIENTED_EDGE('',*,*,#8788,.T.);
#8788 = EDGE_CURVE('',#2701,#8789,#8791,.T.);
#8789 = VERTEX_POINT('',#8790);
#8790 = CARTESIAN_POINT('',(-41.23571428571,9.301428571429,12.02));
#8791 = LINE('',#8792,#8793);
#8792 = CARTESIAN_POINT('',(-41.23571428571,9.301428571429,13.02));
#8793 = VECTOR('',#8794,1.);
#8794 = DIRECTION('',(-0.,-0.,-1.));
#8795 = ORIENTED_EDGE('',*,*,#8796,.T.);
#8796 = EDGE_CURVE('',#8789,#8763,#8797,.T.);
#8797 = B_SPLINE_CURVE_WITH_KNOTS('',2,(#8798,#8799,#8800),
  .UNSPECIFIED.,.F.,.F.,(3,3),(0.,1.),.PIECEWISE_BEZIER_KNOTS.);
#8798 = CARTESIAN_POINT('',(-41.23571428571,9.301428571429,12.02));
#8799 = CARTESIAN_POINT('',(-41.23571428571,9.115714285714,12.02));
#8800 = CARTESIAN_POINT('',(-41.06428571428,8.915714285714,12.02));
#8801 = ORIENTED_EDGE('',*,*,#8762,.F.);
#8802 = ORIENTED_EDGE('',*,*,#2708,.F.);
#8803 = SURFACE_OF_LINEAR_EXTRUSION('',#8804,#8808);
#8804 = B_SPLINE_CURVE_WITH_KNOTS('',2,(#8805,#8806,#8807),
  .UNSPECIFIED.,.F.,.F.,(3,3),(0.,1.),.PIECEWISE_BEZIER_KNOTS.);
#8805 = CARTESIAN_POINT('',(-41.23571428571,9.301428571429,13.02));
#8806 = CARTESIAN_POINT('',(-41.23571428571,9.115714285714,13.02));
#8807 = CARTESIAN_POINT('',(-41.06428571428,8.915714285714,13.02));
#8808 = VECTOR('',#8809,1.);
#8809 = DIRECTION('',(0.,0.,1.));
#8810 = ADVANCED_FACE('',(#8811),#8822,.T.);
#8811 = FACE_BOUND('',#8812,.T.);
#8812 = EDGE_LOOP('',(#8813,#8814,#8820,#8821));
#8813 = ORIENTED_EDGE('',*,*,#8543,.T.);
#8814 = ORIENTED_EDGE('',*,*,#8815,.T.);
#8815 = EDGE_CURVE('',#8536,#8789,#8816,.T.);
#8816 = LINE('',#8817,#8818);
#8817 = CARTESIAN_POINT('',(-42.03571428571,9.301428571429,12.02));
#8818 = VECTOR('',#8819,1.);
#8819 = DIRECTION('',(1.,0.,0.));
#8820 = ORIENTED_EDGE('',*,*,#8788,.F.);
#8821 = ORIENTED_EDGE('',*,*,#2700,.F.);
#8822 = PLANE('',#8823);
#8823 = AXIS2_PLACEMENT_3D('',#8824,#8825,#8826);
#8824 = CARTESIAN_POINT('',(-42.03571428571,9.301428571429,13.02));
#8825 = DIRECTION('',(-2.2E-16,-1.,0.));
#8826 = DIRECTION('',(1.,-2.2E-16,0.));
#8827 = ADVANCED_FACE('',(#8828),#8853,.T.);
#8828 = FACE_BOUND('',#8829,.T.);
#8829 = EDGE_LOOP('',(#8830,#8838,#8846,#8852));
#8830 = ORIENTED_EDGE('',*,*,#8831,.T.);
#8831 = EDGE_CURVE('',#2789,#8832,#8834,.T.);
#8832 = VERTEX_POINT('',#8833);
#8833 = CARTESIAN_POINT('',(-41.74285714285,10.508571428571,12.02));
#8834 = LINE('',#8835,#8836);
#8835 = CARTESIAN_POINT('',(-41.74285714285,10.508571428571,13.02));
#8836 = VECTOR('',#8837,1.);
#8837 = DIRECTION('',(-0.,-0.,-1.));
#8838 = ORIENTED_EDGE('',*,*,#8839,.T.);
#8839 = EDGE_CURVE('',#8832,#8840,#8842,.T.);
#8840 = VERTEX_POINT('',#8841);
#8841 = CARTESIAN_POINT('',(-40.60714285714,11.094285714286,12.02));
#8842 = B_SPLINE_CURVE_WITH_KNOTS('',2,(#8843,#8844,#8845),
  .UNSPECIFIED.,.F.,.F.,(3,3),(0.,1.),.PIECEWISE_BEZIER_KNOTS.);
#8843 = CARTESIAN_POINT('',(-41.74285714285,10.508571428571,12.02));
#8844 = CARTESIAN_POINT('',(-41.31428571428,11.087142857143,12.02));
#8845 = CARTESIAN_POINT('',(-40.60714285714,11.094285714286,12.02));
#8846 = ORIENTED_EDGE('',*,*,#8847,.F.);
#8847 = EDGE_CURVE('',#2791,#8840,#8848,.T.);
#8848 = LINE('',#8849,#8850);
#8849 = CARTESIAN_POINT('',(-40.60714285714,11.094285714286,13.02));
#8850 = VECTOR('',#8851,1.);
#8851 = DIRECTION('',(-0.,-0.,-1.));
#8852 = ORIENTED_EDGE('',*,*,#2788,.F.);
#8853 = SURFACE_OF_LINEAR_EXTRUSION('',#8854,#8858);
#8854 = B_SPLINE_CURVE_WITH_KNOTS('',2,(#8855,#8856,#8857),
  .UNSPECIFIED.,.F.,.F.,(3,3),(0.,1.),.PIECEWISE_BEZIER_KNOTS.);
#8855 = CARTESIAN_POINT('',(-41.74285714285,10.508571428571,13.02));
#8856 = CARTESIAN_POINT('',(-41.31428571428,11.087142857143,13.02));
#8857 = CARTESIAN_POINT('',(-40.60714285714,11.094285714286,13.02));
#8858 = VECTOR('',#8859,1.);
#8859 = DIRECTION('',(0.,0.,1.));
#8860 = ADVANCED_FACE('',(#8861),#8879,.T.);
#8861 = FACE_BOUND('',#8862,.T.);
#8862 = EDGE_LOOP('',(#8863,#8871,#8877,#8878));
#8863 = ORIENTED_EDGE('',*,*,#8864,.T.);
#8864 = EDGE_CURVE('',#2871,#8865,#8867,.T.);
#8865 = VERTEX_POINT('',#8866);
#8866 = CARTESIAN_POINT('',(-42.03571428571,9.694285714286,12.02));
#8867 = LINE('',#8868,#8869);
#8868 = CARTESIAN_POINT('',(-42.03571428571,9.694285714286,13.02));
#8869 = VECTOR('',#8870,1.);
#8870 = DIRECTION('',(-0.,-0.,-1.));
#8871 = ORIENTED_EDGE('',*,*,#8872,.T.);
#8872 = EDGE_CURVE('',#8865,#8832,#8873,.T.);
#8873 = B_SPLINE_CURVE_WITH_KNOTS('',2,(#8874,#8875,#8876),
  .UNSPECIFIED.,.F.,.F.,(3,3),(0.,1.),.PIECEWISE_BEZIER_KNOTS.);
#8874 = CARTESIAN_POINT('',(-42.03571428571,9.694285714286,12.02));
#8875 = CARTESIAN_POINT('',(-42.03571428571,10.101428571429,12.02));
#8876 = CARTESIAN_POINT('',(-41.74285714285,10.508571428571,12.02));
#8877 = ORIENTED_EDGE('',*,*,#8831,.F.);
#8878 = ORIENTED_EDGE('',*,*,#2878,.F.);
#8879 = SURFACE_OF_LINEAR_EXTRUSION('',#8880,#8884);
#8880 = B_SPLINE_CURVE_WITH_KNOTS('',2,(#8881,#8882,#8883),
  .UNSPECIFIED.,.F.,.F.,(3,3),(0.,1.),.PIECEWISE_BEZIER_KNOTS.);
#8881 = CARTESIAN_POINT('',(-42.03571428571,9.694285714286,13.02));
#8882 = CARTESIAN_POINT('',(-42.03571428571,10.101428571429,13.02));
#8883 = CARTESIAN_POINT('',(-41.74285714285,10.508571428571,13.02));
#8884 = VECTOR('',#8885,1.);
#8885 = DIRECTION('',(0.,0.,1.));
#8886 = ADVANCED_FACE('',(#8887),#8905,.T.);
#8887 = FACE_BOUND('',#8888,.T.);
#8888 = EDGE_LOOP('',(#8889,#8897,#8903,#8904));
#8889 = ORIENTED_EDGE('',*,*,#8890,.T.);
#8890 = EDGE_CURVE('',#2863,#8891,#8893,.T.);
#8891 = VERTEX_POINT('',#8892);
#8892 = CARTESIAN_POINT('',(-41.23571428571,9.694285714286,12.02));
#8893 = LINE('',#8894,#8895);
#8894 = CARTESIAN_POINT('',(-41.23571428571,9.694285714286,13.02));
#8895 = VECTOR('',#8896,1.);
#8896 = DIRECTION('',(-0.,-0.,-1.));
#8897 = ORIENTED_EDGE('',*,*,#8898,.T.);
#8898 = EDGE_CURVE('',#8891,#8865,#8899,.T.);
#8899 = LINE('',#8900,#8901);
#8900 = CARTESIAN_POINT('',(-41.23571428571,9.694285714286,12.02));
#8901 = VECTOR('',#8902,1.);
#8902 = DIRECTION('',(-1.,0.,0.));
#8903 = ORIENTED_EDGE('',*,*,#8864,.F.);
#8904 = ORIENTED_EDGE('',*,*,#2870,.F.);
#8905 = PLANE('',#8906);
#8906 = AXIS2_PLACEMENT_3D('',#8907,#8908,#8909);
#8907 = CARTESIAN_POINT('',(-41.23571428571,9.694285714286,13.02));
#8908 = DIRECTION('',(2.2E-16,1.,0.));
#8909 = DIRECTION('',(-1.,2.2E-16,0.));
#8910 = ADVANCED_FACE('',(#8911),#8929,.T.);
#8911 = FACE_BOUND('',#8912,.T.);
#8912 = EDGE_LOOP('',(#8913,#8921,#8927,#8928));
#8913 = ORIENTED_EDGE('',*,*,#8914,.T.);
#8914 = EDGE_CURVE('',#2855,#8915,#8917,.T.);
#8915 = VERTEX_POINT('',#8916);
#8916 = CARTESIAN_POINT('',(-41.17857142857,9.901428571429,12.02));
#8917 = LINE('',#8918,#8919);
#8918 = CARTESIAN_POINT('',(-41.17857142857,9.901428571429,13.02));
#8919 = VECTOR('',#8920,1.);
#8920 = DIRECTION('',(-0.,-0.,-1.));
#8921 = ORIENTED_EDGE('',*,*,#8922,.T.);
#8922 = EDGE_CURVE('',#8915,#8891,#8923,.T.);
#8923 = B_SPLINE_CURVE_WITH_KNOTS('',2,(#8924,#8925,#8926),
  .UNSPECIFIED.,.F.,.F.,(3,3),(0.,1.),.PIECEWISE_BEZIER_KNOTS.);
#8924 = CARTESIAN_POINT('',(-41.17857142857,9.901428571429,12.02));
#8925 = CARTESIAN_POINT('',(-41.23571428571,9.78,12.02));
#8926 = CARTESIAN_POINT('',(-41.23571428571,9.694285714286,12.02));
#8927 = ORIENTED_EDGE('',*,*,#8890,.F.);
#8928 = ORIENTED_EDGE('',*,*,#2862,.F.);
#8929 = SURFACE_OF_LINEAR_EXTRUSION('',#8930,#8934);
#8930 = B_SPLINE_CURVE_WITH_KNOTS('',2,(#8931,#8932,#8933),
  .UNSPECIFIED.,.F.,.F.,(3,3),(0.,1.),.PIECEWISE_BEZIER_KNOTS.);
#8931 = CARTESIAN_POINT('',(-41.17857142857,9.901428571429,13.02));
#8932 = CARTESIAN_POINT('',(-41.23571428571,9.78,13.02));
#8933 = CARTESIAN_POINT('',(-41.23571428571,9.694285714286,13.02));
#8934 = VECTOR('',#8935,1.);
#8935 = DIRECTION('',(0.,0.,1.));
#8936 = ADVANCED_FACE('',(#8937),#8955,.T.);
#8937 = FACE_BOUND('',#8938,.T.);
#8938 = EDGE_LOOP('',(#8939,#8947,#8953,#8954));
#8939 = ORIENTED_EDGE('',*,*,#8940,.T.);
#8940 = EDGE_CURVE('',#2847,#8941,#8943,.T.);
#8941 = VERTEX_POINT('',#8942);
#8942 = CARTESIAN_POINT('',(-40.60714285714,10.301428571429,12.02));
#8943 = LINE('',#8944,#8945);
#8944 = CARTESIAN_POINT('',(-40.60714285714,10.301428571429,13.02));
#8945 = VECTOR('',#8946,1.);
#8946 = DIRECTION('',(-0.,-0.,-1.));
#8947 = ORIENTED_EDGE('',*,*,#8948,.T.);
#8948 = EDGE_CURVE('',#8941,#8915,#8949,.T.);
#8949 = B_SPLINE_CURVE_WITH_KNOTS('',2,(#8950,#8951,#8952),
  .UNSPECIFIED.,.F.,.F.,(3,3),(0.,1.),.PIECEWISE_BEZIER_KNOTS.);
#8950 = CARTESIAN_POINT('',(-40.60714285714,10.301428571429,12.02));
#8951 = CARTESIAN_POINT('',(-40.99285714285,10.301428571429,12.02));
#8952 = CARTESIAN_POINT('',(-41.17857142857,9.901428571429,12.02));
#8953 = ORIENTED_EDGE('',*,*,#8914,.F.);
#8954 = ORIENTED_EDGE('',*,*,#2854,.F.);
#8955 = SURFACE_OF_LINEAR_EXTRUSION('',#8956,#8960);
#8956 = B_SPLINE_CURVE_WITH_KNOTS('',2,(#8957,#8958,#8959),
  .UNSPECIFIED.,.F.,.F.,(3,3),(0.,1.),.PIECEWISE_BEZIER_KNOTS.);
#8957 = CARTESIAN_POINT('',(-40.60714285714,10.301428571429,13.02));
#8958 = CARTESIAN_POINT('',(-40.99285714285,10.301428571429,13.02));
#8959 = CARTESIAN_POINT('',(-41.17857142857,9.901428571429,13.02));
#8960 = VECTOR('',#8961,1.);
#8961 = DIRECTION('',(0.,0.,1.));
#8962 = ADVANCED_FACE('',(#8963),#8981,.T.);
#8963 = FACE_BOUND('',#8964,.T.);
#8964 = EDGE_LOOP('',(#8965,#8973,#8979,#8980));
#8965 = ORIENTED_EDGE('',*,*,#8966,.T.);
#8966 = EDGE_CURVE('',#2839,#8967,#8969,.T.);
#8967 = VERTEX_POINT('',#8968);
#8968 = CARTESIAN_POINT('',(-38.37142857142,10.301428571429,12.02));
#8969 = LINE('',#8970,#8971);
#8970 = CARTESIAN_POINT('',(-38.37142857142,10.301428571429,13.02));
#8971 = VECTOR('',#8972,1.);
#8972 = DIRECTION('',(-0.,-0.,-1.));
#8973 = ORIENTED_EDGE('',*,*,#8974,.T.);
#8974 = EDGE_CURVE('',#8967,#8941,#8975,.T.);
#8975 = LINE('',#8976,#8977);
#8976 = CARTESIAN_POINT('',(-38.37142857142,10.301428571429,12.02));
#8977 = VECTOR('',#8978,1.);
#8978 = DIRECTION('',(-1.,0.,0.));
#8979 = ORIENTED_EDGE('',*,*,#8940,.F.);
#8980 = ORIENTED_EDGE('',*,*,#2846,.F.);
#8981 = PLANE('',#8982);
#8982 = AXIS2_PLACEMENT_3D('',#8983,#8984,#8985);
#8983 = CARTESIAN_POINT('',(-38.37142857142,10.301428571429,13.02));
#8984 = DIRECTION('',(2.2E-16,1.,0.));
#8985 = DIRECTION('',(-1.,2.2E-16,0.));
#8986 = ADVANCED_FACE('',(#8987),#9005,.T.);
#8987 = FACE_BOUND('',#8988,.T.);
#8988 = EDGE_LOOP('',(#8989,#8997,#9003,#9004));
#8989 = ORIENTED_EDGE('',*,*,#8990,.T.);
#8990 = EDGE_CURVE('',#2831,#8991,#8993,.T.);
#8991 = VERTEX_POINT('',#8992);
#8992 = CARTESIAN_POINT('',(-38.15714285714,10.244285714286,12.02));
#8993 = LINE('',#8994,#8995);
#8994 = CARTESIAN_POINT('',(-38.15714285714,10.244285714286,13.02));
#8995 = VECTOR('',#8996,1.);
#8996 = DIRECTION('',(-0.,-0.,-1.));
#8997 = ORIENTED_EDGE('',*,*,#8998,.T.);
#8998 = EDGE_CURVE('',#8991,#8967,#8999,.T.);
#8999 = B_SPLINE_CURVE_WITH_KNOTS('',2,(#9000,#9001,#9002),
  .UNSPECIFIED.,.F.,.F.,(3,3),(0.,1.),.PIECEWISE_BEZIER_KNOTS.);
#9000 = CARTESIAN_POINT('',(-38.15714285714,10.244285714286,12.02));
#9001 = CARTESIAN_POINT('',(-38.28571428571,10.301428571429,12.02));
#9002 = CARTESIAN_POINT('',(-38.37142857142,10.301428571429,12.02));
#9003 = ORIENTED_EDGE('',*,*,#8966,.F.);
#9004 = ORIENTED_EDGE('',*,*,#2838,.F.);
#9005 = SURFACE_OF_LINEAR_EXTRUSION('',#9006,#9010);
#9006 = B_SPLINE_CURVE_WITH_KNOTS('',2,(#9007,#9008,#9009),
  .UNSPECIFIED.,.F.,.F.,(3,3),(0.,1.),.PIECEWISE_BEZIER_KNOTS.);
#9007 = CARTESIAN_POINT('',(-38.15714285714,10.244285714286,13.02));
#9008 = CARTESIAN_POINT('',(-38.28571428571,10.301428571429,13.02));
#9009 = CARTESIAN_POINT('',(-38.37142857142,10.301428571429,13.02));
#9010 = VECTOR('',#9011,1.);
#9011 = DIRECTION('',(0.,0.,1.));
#9012 = ADVANCED_FACE('',(#9013),#9031,.T.);
#9013 = FACE_BOUND('',#9014,.T.);
#9014 = EDGE_LOOP('',(#9015,#9023,#9029,#9030));
#9015 = ORIENTED_EDGE('',*,*,#9016,.T.);
#9016 = EDGE_CURVE('',#2823,#9017,#9019,.T.);
#9017 = VERTEX_POINT('',#9018);
#9018 = CARTESIAN_POINT('',(-37.75714285714,9.687142857143,12.02));
#9019 = LINE('',#9020,#9021);
#9020 = CARTESIAN_POINT('',(-37.75714285714,9.687142857143,13.02));
#9021 = VECTOR('',#9022,1.);
#9022 = DIRECTION('',(-0.,-0.,-1.));
#9023 = ORIENTED_EDGE('',*,*,#9024,.T.);
#9024 = EDGE_CURVE('',#9017,#8991,#9025,.T.);
#9025 = B_SPLINE_CURVE_WITH_KNOTS('',2,(#9026,#9027,#9028),
  .UNSPECIFIED.,.F.,.F.,(3,3),(0.,1.),.PIECEWISE_BEZIER_KNOTS.);
#9026 = CARTESIAN_POINT('',(-37.75714285714,9.687142857143,12.02));
#9027 = CARTESIAN_POINT('',(-37.76428571428,10.058571428571,12.02));
#9028 = CARTESIAN_POINT('',(-38.15714285714,10.244285714286,12.02));
#9029 = ORIENTED_EDGE('',*,*,#8990,.F.);
#9030 = ORIENTED_EDGE('',*,*,#2830,.F.);
#9031 = SURFACE_OF_LINEAR_EXTRUSION('',#9032,#9036);
#9032 = B_SPLINE_CURVE_WITH_KNOTS('',2,(#9033,#9034,#9035),
  .UNSPECIFIED.,.F.,.F.,(3,3),(0.,1.),.PIECEWISE_BEZIER_KNOTS.);
#9033 = CARTESIAN_POINT('',(-37.75714285714,9.687142857143,13.02));
#9034 = CARTESIAN_POINT('',(-37.76428571428,10.058571428571,13.02));
#9035 = CARTESIAN_POINT('',(-38.15714285714,10.244285714286,13.02));
#9036 = VECTOR('',#9037,1.);
#9037 = DIRECTION('',(0.,0.,1.));
#9038 = ADVANCED_FACE('',(#9039),#9057,.T.);
#9039 = FACE_BOUND('',#9040,.T.);
#9040 = EDGE_LOOP('',(#9041,#9049,#9055,#9056));
#9041 = ORIENTED_EDGE('',*,*,#9042,.T.);
#9042 = EDGE_CURVE('',#2815,#9043,#9045,.T.);
#9043 = VERTEX_POINT('',#9044);
#9044 = CARTESIAN_POINT('',(-36.96428571428,9.687142857143,12.02));
#9045 = LINE('',#9046,#9047);
#9046 = CARTESIAN_POINT('',(-36.96428571428,9.687142857143,13.02));
#9047 = VECTOR('',#9048,1.);
#9048 = DIRECTION('',(-0.,-0.,-1.));
#9049 = ORIENTED_EDGE('',*,*,#9050,.T.);
#9050 = EDGE_CURVE('',#9043,#9017,#9051,.T.);
#9051 = LINE('',#9052,#9053);
#9052 = CARTESIAN_POINT('',(-36.96428571428,9.687142857143,12.02));
#9053 = VECTOR('',#9054,1.);
#9054 = DIRECTION('',(-1.,0.,0.));
#9055 = ORIENTED_EDGE('',*,*,#9016,.F.);
#9056 = ORIENTED_EDGE('',*,*,#2822,.F.);
#9057 = PLANE('',#9058);
#9058 = AXIS2_PLACEMENT_3D('',#9059,#9060,#9061);
#9059 = CARTESIAN_POINT('',(-36.96428571428,9.687142857143,13.02));
#9060 = DIRECTION('',(2.2E-16,1.,0.));
#9061 = DIRECTION('',(-1.,2.2E-16,0.));
#9062 = ADVANCED_FACE('',(#9063),#9081,.T.);
#9063 = FACE_BOUND('',#9064,.T.);
#9064 = EDGE_LOOP('',(#9065,#9073,#9079,#9080));
#9065 = ORIENTED_EDGE('',*,*,#9066,.T.);
#9066 = EDGE_CURVE('',#2807,#9067,#9069,.T.);
#9067 = VERTEX_POINT('',#9068);
#9068 = CARTESIAN_POINT('',(-37.48571428571,10.772857142857,12.02));
#9069 = LINE('',#9070,#9071);
#9070 = CARTESIAN_POINT('',(-37.48571428571,10.772857142857,13.02));
#9071 = VECTOR('',#9072,1.);
#9072 = DIRECTION('',(-0.,-0.,-1.));
#9073 = ORIENTED_EDGE('',*,*,#9074,.T.);
#9074 = EDGE_CURVE('',#9067,#9043,#9075,.T.);
#9075 = B_SPLINE_CURVE_WITH_KNOTS('',2,(#9076,#9077,#9078),
  .UNSPECIFIED.,.F.,.F.,(3,3),(0.,1.),.PIECEWISE_BEZIER_KNOTS.);
#9076 = CARTESIAN_POINT('',(-37.48571428571,10.772857142857,12.02));
#9077 = CARTESIAN_POINT('',(-36.97142857142,10.344285714286,12.02));
#9078 = CARTESIAN_POINT('',(-36.96428571428,9.687142857143,12.02));
#9079 = ORIENTED_EDGE('',*,*,#9042,.F.);
#9080 = ORIENTED_EDGE('',*,*,#2814,.F.);
#9081 = SURFACE_OF_LINEAR_EXTRUSION('',#9082,#9086);
#9082 = B_SPLINE_CURVE_WITH_KNOTS('',2,(#9083,#9084,#9085),
  .UNSPECIFIED.,.F.,.F.,(3,3),(0.,1.),.PIECEWISE_BEZIER_KNOTS.);
#9083 = CARTESIAN_POINT('',(-37.48571428571,10.772857142857,13.02));
#9084 = CARTESIAN_POINT('',(-36.97142857142,10.344285714286,13.02));
#9085 = CARTESIAN_POINT('',(-36.96428571428,9.687142857143,13.02));
#9086 = VECTOR('',#9087,1.);
#9087 = DIRECTION('',(0.,0.,1.));
#9088 = ADVANCED_FACE('',(#9089),#9107,.T.);
#9089 = FACE_BOUND('',#9090,.T.);
#9090 = EDGE_LOOP('',(#9091,#9099,#9105,#9106));
#9091 = ORIENTED_EDGE('',*,*,#9092,.T.);
#9092 = EDGE_CURVE('',#2799,#9093,#9095,.T.);
#9093 = VERTEX_POINT('',#9094);
#9094 = CARTESIAN_POINT('',(-38.25714285714,11.094285714286,12.02));
#9095 = LINE('',#9096,#9097);
#9096 = CARTESIAN_POINT('',(-38.25714285714,11.094285714286,13.02));
#9097 = VECTOR('',#9098,1.);
#9098 = DIRECTION('',(-0.,-0.,-1.));
#9099 = ORIENTED_EDGE('',*,*,#9100,.T.);
#9100 = EDGE_CURVE('',#9093,#9067,#9101,.T.);
#9101 = B_SPLINE_CURVE_WITH_KNOTS('',2,(#9102,#9103,#9104),
  .UNSPECIFIED.,.F.,.F.,(3,3),(0.,1.),.PIECEWISE_BEZIER_KNOTS.);
#9102 = CARTESIAN_POINT('',(-38.25714285714,11.094285714286,12.02));
#9103 = CARTESIAN_POINT('',(-37.87857142857,11.094285714286,12.02));
#9104 = CARTESIAN_POINT('',(-37.48571428571,10.772857142857,12.02));
#9105 = ORIENTED_EDGE('',*,*,#9066,.F.);
#9106 = ORIENTED_EDGE('',*,*,#2806,.F.);
#9107 = SURFACE_OF_LINEAR_EXTRUSION('',#9108,#9112);
#9108 = B_SPLINE_CURVE_WITH_KNOTS('',2,(#9109,#9110,#9111),
  .UNSPECIFIED.,.F.,.F.,(3,3),(0.,1.),.PIECEWISE_BEZIER_KNOTS.);
#9109 = CARTESIAN_POINT('',(-38.25714285714,11.094285714286,13.02));
#9110 = CARTESIAN_POINT('',(-37.87857142857,11.094285714286,13.02));
#9111 = CARTESIAN_POINT('',(-37.48571428571,10.772857142857,13.02));
#9112 = VECTOR('',#9113,1.);
#9113 = DIRECTION('',(0.,0.,1.));
#9114 = ADVANCED_FACE('',(#9115),#9126,.T.);
#9115 = FACE_BOUND('',#9116,.T.);
#9116 = EDGE_LOOP('',(#9117,#9118,#9124,#9125));
#9117 = ORIENTED_EDGE('',*,*,#8847,.T.);
#9118 = ORIENTED_EDGE('',*,*,#9119,.T.);
#9119 = EDGE_CURVE('',#8840,#9093,#9120,.T.);
#9120 = LINE('',#9121,#9122);
#9121 = CARTESIAN_POINT('',(-40.60714285714,11.094285714286,12.02));
#9122 = VECTOR('',#9123,1.);
#9123 = DIRECTION('',(1.,0.,0.));
#9124 = ORIENTED_EDGE('',*,*,#9092,.F.);
#9125 = ORIENTED_EDGE('',*,*,#2798,.F.);
#9126 = PLANE('',#9127);
#9127 = AXIS2_PLACEMENT_3D('',#9128,#9129,#9130);
#9128 = CARTESIAN_POINT('',(-40.60714285714,11.094285714286,13.02));
#9129 = DIRECTION('',(-2.2E-16,-1.,0.));
#9130 = DIRECTION('',(1.,-2.2E-16,0.));
#9131 = ADVANCED_FACE('',(#9132),#9157,.T.);
#9132 = FACE_BOUND('',#9133,.T.);
#9133 = EDGE_LOOP('',(#9134,#9142,#9150,#9156));
#9134 = ORIENTED_EDGE('',*,*,#9135,.T.);
#9135 = EDGE_CURVE('',#2887,#9136,#9138,.T.);
#9136 = VERTEX_POINT('',#9137);
#9137 = CARTESIAN_POINT('',(-41.82142857142,12.35,12.02));
#9138 = LINE('',#9139,#9140);
#9139 = CARTESIAN_POINT('',(-41.82142857142,12.35,13.02));
#9140 = VECTOR('',#9141,1.);
#9141 = DIRECTION('',(-0.,-0.,-1.));
#9142 = ORIENTED_EDGE('',*,*,#9143,.T.);
#9143 = EDGE_CURVE('',#9136,#9144,#9146,.T.);
#9144 = VERTEX_POINT('',#9145);
#9145 = CARTESIAN_POINT('',(-42.03571428571,13.05,12.02));
#9146 = B_SPLINE_CURVE_WITH_KNOTS('',2,(#9147,#9148,#9149),
  .UNSPECIFIED.,.F.,.F.,(3,3),(0.,1.),.PIECEWISE_BEZIER_KNOTS.);
#9147 = CARTESIAN_POINT('',(-41.82142857142,12.35,12.02));
#9148 = CARTESIAN_POINT('',(-42.03571428571,12.721428571429,12.02));
#9149 = CARTESIAN_POINT('',(-42.03571428571,13.05,12.02));
#9150 = ORIENTED_EDGE('',*,*,#9151,.F.);
#9151 = EDGE_CURVE('',#2889,#9144,#9152,.T.);
#9152 = LINE('',#9153,#9154);
#9153 = CARTESIAN_POINT('',(-42.03571428571,13.05,13.02));
#9154 = VECTOR('',#9155,1.);
#9155 = DIRECTION('',(-0.,-0.,-1.));
#9156 = ORIENTED_EDGE('',*,*,#2886,.F.);
#9157 = SURFACE_OF_LINEAR_EXTRUSION('',#9158,#9162);
#9158 = B_SPLINE_CURVE_WITH_KNOTS('',2,(#9159,#9160,#9161),
  .UNSPECIFIED.,.F.,.F.,(3,3),(0.,1.),.PIECEWISE_BEZIER_KNOTS.);
#9159 = CARTESIAN_POINT('',(-41.82142857142,12.35,13.02));
#9160 = CARTESIAN_POINT('',(-42.03571428571,12.721428571429,13.02));
#9161 = CARTESIAN_POINT('',(-42.03571428571,13.05,13.02));
#9162 = VECTOR('',#9163,1.);
#9163 = DIRECTION('',(0.,0.,1.));
#9164 = ADVANCED_FACE('',(#9165),#9183,.T.);
#9165 = FACE_BOUND('',#9166,.T.);
#9166 = EDGE_LOOP('',(#9167,#9175,#9181,#9182));
#9167 = ORIENTED_EDGE('',*,*,#9168,.T.);
#9168 = EDGE_CURVE('',#2969,#9169,#9171,.T.);
#9169 = VERTEX_POINT('',#9170);
#9170 = CARTESIAN_POINT('',(-40.60714285714,11.642857142857,12.02));
#9171 = LINE('',#9172,#9173);
#9172 = CARTESIAN_POINT('',(-40.60714285714,11.642857142857,13.02));
#9173 = VECTOR('',#9174,1.);
#9174 = DIRECTION('',(-0.,-0.,-1.));
#9175 = ORIENTED_EDGE('',*,*,#9176,.T.);
#9176 = EDGE_CURVE('',#9169,#9136,#9177,.T.);
#9177 = B_SPLINE_CURVE_WITH_KNOTS('',2,(#9178,#9179,#9180),
  .UNSPECIFIED.,.F.,.F.,(3,3),(0.,1.),.PIECEWISE_BEZIER_KNOTS.);
#9178 = CARTESIAN_POINT('',(-40.60714285714,11.642857142857,12.02));
#9179 = CARTESIAN_POINT('',(-41.4,11.642857142857,12.02));
#9180 = CARTESIAN_POINT('',(-41.82142857142,12.35,12.02));
#9181 = ORIENTED_EDGE('',*,*,#9135,.F.);
#9182 = ORIENTED_EDGE('',*,*,#2976,.F.);
#9183 = SURFACE_OF_LINEAR_EXTRUSION('',#9184,#9188);
#9184 = B_SPLINE_CURVE_WITH_KNOTS('',2,(#9185,#9186,#9187),
  .UNSPECIFIED.,.F.,.F.,(3,3),(0.,1.),.PIECEWISE_BEZIER_KNOTS.);
#9185 = CARTESIAN_POINT('',(-40.60714285714,11.642857142857,13.02));
#9186 = CARTESIAN_POINT('',(-41.4,11.642857142857,13.02));
#9187 = CARTESIAN_POINT('',(-41.82142857142,12.35,13.02));
#9188 = VECTOR('',#9189,1.);
#9189 = DIRECTION('',(0.,0.,1.));
#9190 = ADVANCED_FACE('',(#9191),#9209,.T.);
#9191 = FACE_BOUND('',#9192,.T.);
#9192 = EDGE_LOOP('',(#9193,#9201,#9207,#9208));
#9193 = ORIENTED_EDGE('',*,*,#9194,.T.);
#9194 = EDGE_CURVE('',#2961,#9195,#9197,.T.);
#9195 = VERTEX_POINT('',#9196);
#9196 = CARTESIAN_POINT('',(-38.25714285714,11.642857142857,12.02));
#9197 = LINE('',#9198,#9199);
#9198 = CARTESIAN_POINT('',(-38.25714285714,11.642857142857,13.02));
#9199 = VECTOR('',#9200,1.);
#9200 = DIRECTION('',(-0.,-0.,-1.));
#9201 = ORIENTED_EDGE('',*,*,#9202,.T.);
#9202 = EDGE_CURVE('',#9195,#9169,#9203,.T.);
#9203 = LINE('',#9204,#9205);
#9204 = CARTESIAN_POINT('',(-38.25714285714,11.642857142857,12.02));
#9205 = VECTOR('',#9206,1.);
#9206 = DIRECTION('',(-1.,0.,0.));
#9207 = ORIENTED_EDGE('',*,*,#9168,.F.);
#9208 = ORIENTED_EDGE('',*,*,#2968,.F.);
#9209 = PLANE('',#9210);
#9210 = AXIS2_PLACEMENT_3D('',#9211,#9212,#9213);
#9211 = CARTESIAN_POINT('',(-38.25714285714,11.642857142857,13.02));
#9212 = DIRECTION('',(2.2E-16,1.,0.));
#9213 = DIRECTION('',(-1.,2.2E-16,0.));
#9214 = ADVANCED_FACE('',(#9215),#9233,.T.);
#9215 = FACE_BOUND('',#9216,.T.);
#9216 = EDGE_LOOP('',(#9217,#9225,#9231,#9232));
#9217 = ORIENTED_EDGE('',*,*,#9218,.T.);
#9218 = EDGE_CURVE('',#2953,#9219,#9221,.T.);
#9219 = VERTEX_POINT('',#9220);
#9220 = CARTESIAN_POINT('',(-37.58571428571,11.892857142857,12.02));
#9221 = LINE('',#9222,#9223);
#9222 = CARTESIAN_POINT('',(-37.58571428571,11.892857142857,13.02));
#9223 = VECTOR('',#9224,1.);
#9224 = DIRECTION('',(-0.,-0.,-1.));
#9225 = ORIENTED_EDGE('',*,*,#9226,.T.);
#9226 = EDGE_CURVE('',#9219,#9195,#9227,.T.);
#9227 = B_SPLINE_CURVE_WITH_KNOTS('',2,(#9228,#9229,#9230),
  .UNSPECIFIED.,.F.,.F.,(3,3),(0.,1.),.PIECEWISE_BEZIER_KNOTS.);
#9228 = CARTESIAN_POINT('',(-37.58571428571,11.892857142857,12.02));
#9229 = CARTESIAN_POINT('',(-37.94285714285,11.642857142857,12.02));
#9230 = CARTESIAN_POINT('',(-38.25714285714,11.642857142857,12.02));
#9231 = ORIENTED_EDGE('',*,*,#9194,.F.);
#9232 = ORIENTED_EDGE('',*,*,#2960,.F.);
#9233 = SURFACE_OF_LINEAR_EXTRUSION('',#9234,#9238);
#9234 = B_SPLINE_CURVE_WITH_KNOTS('',2,(#9235,#9236,#9237),
  .UNSPECIFIED.,.F.,.F.,(3,3),(0.,1.),.PIECEWISE_BEZIER_KNOTS.);
#9235 = CARTESIAN_POINT('',(-37.58571428571,11.892857142857,13.02));
#9236 = CARTESIAN_POINT('',(-37.94285714285,11.642857142857,13.02));
#9237 = CARTESIAN_POINT('',(-38.25714285714,11.642857142857,13.02));
#9238 = VECTOR('',#9239,1.);
#9239 = DIRECTION('',(0.,0.,1.));
#9240 = ADVANCED_FACE('',(#9241),#9259,.T.);
#9241 = FACE_BOUND('',#9242,.T.);
#9242 = EDGE_LOOP('',(#9243,#9251,#9257,#9258));
#9243 = ORIENTED_EDGE('',*,*,#9244,.T.);
#9244 = EDGE_CURVE('',#2945,#9245,#9247,.T.);
#9245 = VERTEX_POINT('',#9246);
#9246 = CARTESIAN_POINT('',(-36.96428571428,13.05,12.02));
#9247 = LINE('',#9248,#9249);
#9248 = CARTESIAN_POINT('',(-36.96428571428,13.05,13.02));
#9249 = VECTOR('',#9250,1.);
#9250 = DIRECTION('',(-0.,-0.,-1.));
#9251 = ORIENTED_EDGE('',*,*,#9252,.T.);
#9252 = EDGE_CURVE('',#9245,#9219,#9253,.T.);
#9253 = B_SPLINE_CURVE_WITH_KNOTS('',2,(#9254,#9255,#9256),
  .UNSPECIFIED.,.F.,.F.,(3,3),(0.,1.),.PIECEWISE_BEZIER_KNOTS.);
#9254 = CARTESIAN_POINT('',(-36.96428571428,13.05,12.02));
#9255 = CARTESIAN_POINT('',(-36.96428571428,12.328571428571,12.02));
#9256 = CARTESIAN_POINT('',(-37.58571428571,11.892857142857,12.02));
#9257 = ORIENTED_EDGE('',*,*,#9218,.F.);
#9258 = ORIENTED_EDGE('',*,*,#2952,.F.);
#9259 = SURFACE_OF_LINEAR_EXTRUSION('',#9260,#9264);
#9260 = B_SPLINE_CURVE_WITH_KNOTS('',2,(#9261,#9262,#9263),
  .UNSPECIFIED.,.F.,.F.,(3,3),(0.,1.),.PIECEWISE_BEZIER_KNOTS.);
#9261 = CARTESIAN_POINT('',(-36.96428571428,13.05,13.02));
#9262 = CARTESIAN_POINT('',(-36.96428571428,12.328571428571,13.02));
#9263 = CARTESIAN_POINT('',(-37.58571428571,11.892857142857,13.02));
#9264 = VECTOR('',#9265,1.);
#9265 = DIRECTION('',(0.,0.,1.));
#9266 = ADVANCED_FACE('',(#9267),#9285,.T.);
#9267 = FACE_BOUND('',#9268,.T.);
#9268 = EDGE_LOOP('',(#9269,#9277,#9283,#9284));
#9269 = ORIENTED_EDGE('',*,*,#9270,.T.);
#9270 = EDGE_CURVE('',#2937,#9271,#9273,.T.);
#9271 = VERTEX_POINT('',#9272);
#9272 = CARTESIAN_POINT('',(-37.75714285714,13.05,12.02));
#9273 = LINE('',#9274,#9275);
#9274 = CARTESIAN_POINT('',(-37.75714285714,13.05,13.02));
#9275 = VECTOR('',#9276,1.);
#9276 = DIRECTION('',(-0.,-0.,-1.));
#9277 = ORIENTED_EDGE('',*,*,#9278,.T.);
#9278 = EDGE_CURVE('',#9271,#9245,#9279,.T.);
#9279 = LINE('',#9280,#9281);
#9280 = CARTESIAN_POINT('',(-37.75714285714,13.05,12.02));
#9281 = VECTOR('',#9282,1.);
#9282 = DIRECTION('',(1.,0.,0.));
#9283 = ORIENTED_EDGE('',*,*,#9244,.F.);
#9284 = ORIENTED_EDGE('',*,*,#2944,.F.);
#9285 = PLANE('',#9286);
#9286 = AXIS2_PLACEMENT_3D('',#9287,#9288,#9289);
#9287 = CARTESIAN_POINT('',(-37.75714285714,13.05,13.02));
#9288 = DIRECTION('',(-2.2E-16,-1.,0.));
#9289 = DIRECTION('',(1.,-2.2E-16,0.));
#9290 = ADVANCED_FACE('',(#9291),#9309,.T.);
#9291 = FACE_BOUND('',#9292,.T.);
#9292 = EDGE_LOOP('',(#9293,#9301,#9307,#9308));
#9293 = ORIENTED_EDGE('',*,*,#9294,.T.);
#9294 = EDGE_CURVE('',#2929,#9295,#9297,.T.);
#9295 = VERTEX_POINT('',#9296);
#9296 = CARTESIAN_POINT('',(-37.95714285714,12.628571428571,12.02));
#9297 = LINE('',#9298,#9299);
#9298 = CARTESIAN_POINT('',(-37.95714285714,12.628571428571,13.02));
#9299 = VECTOR('',#9300,1.);
#9300 = DIRECTION('',(-0.,-0.,-1.));
#9301 = ORIENTED_EDGE('',*,*,#9302,.T.);
#9302 = EDGE_CURVE('',#9295,#9271,#9303,.T.);
#9303 = B_SPLINE_CURVE_WITH_KNOTS('',2,(#9304,#9305,#9306),
  .UNSPECIFIED.,.F.,.F.,(3,3),(0.,1.),.PIECEWISE_BEZIER_KNOTS.);
#9304 = CARTESIAN_POINT('',(-37.95714285714,12.628571428571,12.02));
#9305 = CARTESIAN_POINT('',(-37.76428571428,12.807142857143,12.02));
#9306 = CARTESIAN_POINT('',(-37.75714285714,13.05,12.02));
#9307 = ORIENTED_EDGE('',*,*,#9270,.F.);
#9308 = ORIENTED_EDGE('',*,*,#2936,.F.);
#9309 = SURFACE_OF_LINEAR_EXTRUSION('',#9310,#9314);
#9310 = B_SPLINE_CURVE_WITH_KNOTS('',2,(#9311,#9312,#9313),
  .UNSPECIFIED.,.F.,.F.,(3,3),(0.,1.),.PIECEWISE_BEZIER_KNOTS.);
#9311 = CARTESIAN_POINT('',(-37.95714285714,12.628571428571,13.02));
#9312 = CARTESIAN_POINT('',(-37.76428571428,12.807142857143,13.02));
#9313 = CARTESIAN_POINT('',(-37.75714285714,13.05,13.02));
#9314 = VECTOR('',#9315,1.);
#9315 = DIRECTION('',(0.,0.,1.));
#9316 = ADVANCED_FACE('',(#9317),#9335,.T.);
#9317 = FACE_BOUND('',#9318,.T.);
#9318 = EDGE_LOOP('',(#9319,#9327,#9333,#9334));
#9319 = ORIENTED_EDGE('',*,*,#9320,.T.);
#9320 = EDGE_CURVE('',#2921,#9321,#9323,.T.);
#9321 = VERTEX_POINT('',#9322);
#9322 = CARTESIAN_POINT('',(-38.37142857142,12.442857142857,12.02));
#9323 = LINE('',#9324,#9325);
#9324 = CARTESIAN_POINT('',(-38.37142857142,12.442857142857,13.02));
#9325 = VECTOR('',#9326,1.);
#9326 = DIRECTION('',(-0.,-0.,-1.));
#9327 = ORIENTED_EDGE('',*,*,#9328,.T.);
#9328 = EDGE_CURVE('',#9321,#9295,#9329,.T.);
#9329 = B_SPLINE_CURVE_WITH_KNOTS('',2,(#9330,#9331,#9332),
  .UNSPECIFIED.,.F.,.F.,(3,3),(0.,1.),.PIECEWISE_BEZIER_KNOTS.);
#9330 = CARTESIAN_POINT('',(-38.37142857142,12.442857142857,12.02));
#9331 = CARTESIAN_POINT('',(-38.15714285714,12.442857142857,12.02));
#9332 = CARTESIAN_POINT('',(-37.95714285714,12.628571428571,12.02));
#9333 = ORIENTED_EDGE('',*,*,#9294,.F.);
#9334 = ORIENTED_EDGE('',*,*,#2928,.F.);
#9335 = SURFACE_OF_LINEAR_EXTRUSION('',#9336,#9340);
#9336 = B_SPLINE_CURVE_WITH_KNOTS('',2,(#9337,#9338,#9339),
  .UNSPECIFIED.,.F.,.F.,(3,3),(0.,1.),.PIECEWISE_BEZIER_KNOTS.);
#9337 = CARTESIAN_POINT('',(-38.37142857142,12.442857142857,13.02));
#9338 = CARTESIAN_POINT('',(-38.15714285714,12.442857142857,13.02));
#9339 = CARTESIAN_POINT('',(-37.95714285714,12.628571428571,13.02));
#9340 = VECTOR('',#9341,1.);
#9341 = DIRECTION('',(0.,0.,1.));
#9342 = ADVANCED_FACE('',(#9343),#9361,.T.);
#9343 = FACE_BOUND('',#9344,.T.);
#9344 = EDGE_LOOP('',(#9345,#9353,#9359,#9360));
#9345 = ORIENTED_EDGE('',*,*,#9346,.T.);
#9346 = EDGE_CURVE('',#2913,#9347,#9349,.T.);
#9347 = VERTEX_POINT('',#9348);
#9348 = CARTESIAN_POINT('',(-40.60714285714,12.442857142857,12.02));
#9349 = LINE('',#9350,#9351);
#9350 = CARTESIAN_POINT('',(-40.60714285714,12.442857142857,13.02));
#9351 = VECTOR('',#9352,1.);
#9352 = DIRECTION('',(-0.,-0.,-1.));
#9353 = ORIENTED_EDGE('',*,*,#9354,.T.);
#9354 = EDGE_CURVE('',#9347,#9321,#9355,.T.);
#9355 = LINE('',#9356,#9357);
#9356 = CARTESIAN_POINT('',(-40.60714285714,12.442857142857,12.02));
#9357 = VECTOR('',#9358,1.);
#9358 = DIRECTION('',(1.,0.,0.));
#9359 = ORIENTED_EDGE('',*,*,#9320,.F.);
#9360 = ORIENTED_EDGE('',*,*,#2920,.F.);
#9361 = PLANE('',#9362);
#9362 = AXIS2_PLACEMENT_3D('',#9363,#9364,#9365);
#9363 = CARTESIAN_POINT('',(-40.60714285714,12.442857142857,13.02));
#9364 = DIRECTION('',(-2.2E-16,-1.,0.));
#9365 = DIRECTION('',(1.,-2.2E-16,0.));
#9366 = ADVANCED_FACE('',(#9367),#9385,.T.);
#9367 = FACE_BOUND('',#9368,.T.);
#9368 = EDGE_LOOP('',(#9369,#9377,#9383,#9384));
#9369 = ORIENTED_EDGE('',*,*,#9370,.T.);
#9370 = EDGE_CURVE('',#2905,#9371,#9373,.T.);
#9371 = VERTEX_POINT('',#9372);
#9372 = CARTESIAN_POINT('',(-41.06428571428,12.664285714286,12.02));
#9373 = LINE('',#9374,#9375);
#9374 = CARTESIAN_POINT('',(-41.06428571428,12.664285714286,13.02));
#9375 = VECTOR('',#9376,1.);
#9376 = DIRECTION('',(-0.,-0.,-1.));
#9377 = ORIENTED_EDGE('',*,*,#9378,.T.);
#9378 = EDGE_CURVE('',#9371,#9347,#9379,.T.);
#9379 = B_SPLINE_CURVE_WITH_KNOTS('',2,(#9380,#9381,#9382),
  .UNSPECIFIED.,.F.,.F.,(3,3),(0.,1.),.PIECEWISE_BEZIER_KNOTS.);
#9380 = CARTESIAN_POINT('',(-41.06428571428,12.664285714286,12.02));
#9381 = CARTESIAN_POINT('',(-40.87142857142,12.45,12.02));
#9382 = CARTESIAN_POINT('',(-40.60714285714,12.442857142857,12.02));
#9383 = ORIENTED_EDGE('',*,*,#9346,.F.);
#9384 = ORIENTED_EDGE('',*,*,#2912,.F.);
#9385 = SURFACE_OF_LINEAR_EXTRUSION('',#9386,#9390);
#9386 = B_SPLINE_CURVE_WITH_KNOTS('',2,(#9387,#9388,#9389),
  .UNSPECIFIED.,.F.,.F.,(3,3),(0.,1.),.PIECEWISE_BEZIER_KNOTS.);
#9387 = CARTESIAN_POINT('',(-41.06428571428,12.664285714286,13.02));
#9388 = CARTESIAN_POINT('',(-40.87142857142,12.45,13.02));
#9389 = CARTESIAN_POINT('',(-40.60714285714,12.442857142857,13.02));
#9390 = VECTOR('',#9391,1.);
#9391 = DIRECTION('',(0.,0.,1.));
#9392 = ADVANCED_FACE('',(#9393),#9411,.T.);
#9393 = FACE_BOUND('',#9394,.T.);
#9394 = EDGE_LOOP('',(#9395,#9403,#9409,#9410));
#9395 = ORIENTED_EDGE('',*,*,#9396,.T.);
#9396 = EDGE_CURVE('',#2897,#9397,#9399,.T.);
#9397 = VERTEX_POINT('',#9398);
#9398 = CARTESIAN_POINT('',(-41.23571428571,13.05,12.02));
#9399 = LINE('',#9400,#9401);
#9400 = CARTESIAN_POINT('',(-41.23571428571,13.05,13.02));
#9401 = VECTOR('',#9402,1.);
#9402 = DIRECTION('',(-0.,-0.,-1.));
#9403 = ORIENTED_EDGE('',*,*,#9404,.T.);
#9404 = EDGE_CURVE('',#9397,#9371,#9405,.T.);
#9405 = B_SPLINE_CURVE_WITH_KNOTS('',2,(#9406,#9407,#9408),
  .UNSPECIFIED.,.F.,.F.,(3,3),(0.,1.),.PIECEWISE_BEZIER_KNOTS.);
#9406 = CARTESIAN_POINT('',(-41.23571428571,13.05,12.02));
#9407 = CARTESIAN_POINT('',(-41.23571428571,12.864285714286,12.02));
#9408 = CARTESIAN_POINT('',(-41.06428571428,12.664285714286,12.02));
#9409 = ORIENTED_EDGE('',*,*,#9370,.F.);
#9410 = ORIENTED_EDGE('',*,*,#2904,.F.);
#9411 = SURFACE_OF_LINEAR_EXTRUSION('',#9412,#9416);
#9412 = B_SPLINE_CURVE_WITH_KNOTS('',2,(#9413,#9414,#9415),
  .UNSPECIFIED.,.F.,.F.,(3,3),(0.,1.),.PIECEWISE_BEZIER_KNOTS.);
#9413 = CARTESIAN_POINT('',(-41.23571428571,13.05,13.02));
#9414 = CARTESIAN_POINT('',(-41.23571428571,12.864285714286,13.02));
#9415 = CARTESIAN_POINT('',(-41.06428571428,12.664285714286,13.02));
#9416 = VECTOR('',#9417,1.);
#9417 = DIRECTION('',(0.,0.,1.));
#9418 = ADVANCED_FACE('',(#9419),#9430,.T.);
#9419 = FACE_BOUND('',#9420,.T.);
#9420 = EDGE_LOOP('',(#9421,#9422,#9428,#9429));
#9421 = ORIENTED_EDGE('',*,*,#9151,.T.);
#9422 = ORIENTED_EDGE('',*,*,#9423,.T.);
#9423 = EDGE_CURVE('',#9144,#9397,#9424,.T.);
#9424 = LINE('',#9425,#9426);
#9425 = CARTESIAN_POINT('',(-42.03571428571,13.05,12.02));
#9426 = VECTOR('',#9427,1.);
#9427 = DIRECTION('',(1.,0.,0.));
#9428 = ORIENTED_EDGE('',*,*,#9396,.F.);
#9429 = ORIENTED_EDGE('',*,*,#2896,.F.);
#9430 = PLANE('',#9431);
#9431 = AXIS2_PLACEMENT_3D('',#9432,#9433,#9434);
#9432 = CARTESIAN_POINT('',(-42.03571428571,13.05,13.02));
#9433 = DIRECTION('',(-2.2E-16,-1.,0.));
#9434 = DIRECTION('',(1.,-2.2E-16,0.));
#9435 = ADVANCED_FACE('',(#9436),#9461,.T.);
#9436 = FACE_BOUND('',#9437,.T.);
#9437 = EDGE_LOOP('',(#9438,#9446,#9454,#9460));
#9438 = ORIENTED_EDGE('',*,*,#9439,.T.);
#9439 = EDGE_CURVE('',#2985,#9440,#9442,.T.);
#9440 = VERTEX_POINT('',#9441);
#9441 = CARTESIAN_POINT('',(-41.74285714285,14.257142857143,12.02));
#9442 = LINE('',#9443,#9444);
#9443 = CARTESIAN_POINT('',(-41.74285714285,14.257142857143,13.02));
#9444 = VECTOR('',#9445,1.);
#9445 = DIRECTION('',(-0.,-0.,-1.));
#9446 = ORIENTED_EDGE('',*,*,#9447,.T.);
#9447 = EDGE_CURVE('',#9440,#9448,#9450,.T.);
#9448 = VERTEX_POINT('',#9449);
#9449 = CARTESIAN_POINT('',(-40.60714285714,14.842857142857,12.02));
#9450 = B_SPLINE_CURVE_WITH_KNOTS('',2,(#9451,#9452,#9453),
  .UNSPECIFIED.,.F.,.F.,(3,3),(0.,1.),.PIECEWISE_BEZIER_KNOTS.);
#9451 = CARTESIAN_POINT('',(-41.74285714285,14.257142857143,12.02));
#9452 = CARTESIAN_POINT('',(-41.31428571428,14.835714285714,12.02));
#9453 = CARTESIAN_POINT('',(-40.60714285714,14.842857142857,12.02));
#9454 = ORIENTED_EDGE('',*,*,#9455,.F.);
#9455 = EDGE_CURVE('',#2987,#9448,#9456,.T.);
#9456 = LINE('',#9457,#9458);
#9457 = CARTESIAN_POINT('',(-40.60714285714,14.842857142857,13.02));
#9458 = VECTOR('',#9459,1.);
#9459 = DIRECTION('',(-0.,-0.,-1.));
#9460 = ORIENTED_EDGE('',*,*,#2984,.F.);
#9461 = SURFACE_OF_LINEAR_EXTRUSION('',#9462,#9466);
#9462 = B_SPLINE_CURVE_WITH_KNOTS('',2,(#9463,#9464,#9465),
  .UNSPECIFIED.,.F.,.F.,(3,3),(0.,1.),.PIECEWISE_BEZIER_KNOTS.);
#9463 = CARTESIAN_POINT('',(-41.74285714285,14.257142857143,13.02));
#9464 = CARTESIAN_POINT('',(-41.31428571428,14.835714285714,13.02));
#9465 = CARTESIAN_POINT('',(-40.60714285714,14.842857142857,13.02));
#9466 = VECTOR('',#9467,1.);
#9467 = DIRECTION('',(0.,0.,1.));
#9468 = ADVANCED_FACE('',(#9469),#9487,.T.);
#9469 = FACE_BOUND('',#9470,.T.);
#9470 = EDGE_LOOP('',(#9471,#9479,#9485,#9486));
#9471 = ORIENTED_EDGE('',*,*,#9472,.T.);
#9472 = EDGE_CURVE('',#3067,#9473,#9475,.T.);
#9473 = VERTEX_POINT('',#9474);
#9474 = CARTESIAN_POINT('',(-42.03571428571,13.442857142857,12.02));
#9475 = LINE('',#9476,#9477);
#9476 = CARTESIAN_POINT('',(-42.03571428571,13.442857142857,13.02));
#9477 = VECTOR('',#9478,1.);
#9478 = DIRECTION('',(-0.,-0.,-1.));
#9479 = ORIENTED_EDGE('',*,*,#9480,.T.);
#9480 = EDGE_CURVE('',#9473,#9440,#9481,.T.);
#9481 = B_SPLINE_CURVE_WITH_KNOTS('',2,(#9482,#9483,#9484),
  .UNSPECIFIED.,.F.,.F.,(3,3),(0.,1.),.PIECEWISE_BEZIER_KNOTS.);
#9482 = CARTESIAN_POINT('',(-42.03571428571,13.442857142857,12.02));
#9483 = CARTESIAN_POINT('',(-42.03571428571,13.85,12.02));
#9484 = CARTESIAN_POINT('',(-41.74285714285,14.257142857143,12.02));
#9485 = ORIENTED_EDGE('',*,*,#9439,.F.);
#9486 = ORIENTED_EDGE('',*,*,#3074,.F.);
#9487 = SURFACE_OF_LINEAR_EXTRUSION('',#9488,#9492);
#9488 = B_SPLINE_CURVE_WITH_KNOTS('',2,(#9489,#9490,#9491),
  .UNSPECIFIED.,.F.,.F.,(3,3),(0.,1.),.PIECEWISE_BEZIER_KNOTS.);
#9489 = CARTESIAN_POINT('',(-42.03571428571,13.442857142857,13.02));
#9490 = CARTESIAN_POINT('',(-42.03571428571,13.85,13.02));
#9491 = CARTESIAN_POINT('',(-41.74285714285,14.257142857143,13.02));
#9492 = VECTOR('',#9493,1.);
#9493 = DIRECTION('',(0.,0.,1.));
#9494 = ADVANCED_FACE('',(#9495),#9513,.T.);
#9495 = FACE_BOUND('',#9496,.T.);
#9496 = EDGE_LOOP('',(#9497,#9505,#9511,#9512));
#9497 = ORIENTED_EDGE('',*,*,#9498,.T.);
#9498 = EDGE_CURVE('',#3059,#9499,#9501,.T.);
#9499 = VERTEX_POINT('',#9500);
#9500 = CARTESIAN_POINT('',(-41.23571428571,13.442857142857,12.02));
#9501 = LINE('',#9502,#9503);
#9502 = CARTESIAN_POINT('',(-41.23571428571,13.442857142857,13.02));
#9503 = VECTOR('',#9504,1.);
#9504 = DIRECTION('',(-0.,-0.,-1.));
#9505 = ORIENTED_EDGE('',*,*,#9506,.T.);
#9506 = EDGE_CURVE('',#9499,#9473,#9507,.T.);
#9507 = LINE('',#9508,#9509);
#9508 = CARTESIAN_POINT('',(-41.23571428571,13.442857142857,12.02));
#9509 = VECTOR('',#9510,1.);
#9510 = DIRECTION('',(-1.,0.,0.));
#9511 = ORIENTED_EDGE('',*,*,#9472,.F.);
#9512 = ORIENTED_EDGE('',*,*,#3066,.F.);
#9513 = PLANE('',#9514);
#9514 = AXIS2_PLACEMENT_3D('',#9515,#9516,#9517);
#9515 = CARTESIAN_POINT('',(-41.23571428571,13.442857142857,13.02));
#9516 = DIRECTION('',(2.2E-16,1.,0.));
#9517 = DIRECTION('',(-1.,2.2E-16,0.));
#9518 = ADVANCED_FACE('',(#9519),#9537,.T.);
#9519 = FACE_BOUND('',#9520,.T.);
#9520 = EDGE_LOOP('',(#9521,#9529,#9535,#9536));
#9521 = ORIENTED_EDGE('',*,*,#9522,.T.);
#9522 = EDGE_CURVE('',#3051,#9523,#9525,.T.);
#9523 = VERTEX_POINT('',#9524);
#9524 = CARTESIAN_POINT('',(-41.17857142857,13.65,12.02));
#9525 = LINE('',#9526,#9527);
#9526 = CARTESIAN_POINT('',(-41.17857142857,13.65,13.02));
#9527 = VECTOR('',#9528,1.);
#9528 = DIRECTION('',(-0.,-0.,-1.));
#9529 = ORIENTED_EDGE('',*,*,#9530,.T.);
#9530 = EDGE_CURVE('',#9523,#9499,#9531,.T.);
#9531 = B_SPLINE_CURVE_WITH_KNOTS('',2,(#9532,#9533,#9534),
  .UNSPECIFIED.,.F.,.F.,(3,3),(0.,1.),.PIECEWISE_BEZIER_KNOTS.);
#9532 = CARTESIAN_POINT('',(-41.17857142857,13.65,12.02));
#9533 = CARTESIAN_POINT('',(-41.23571428571,13.528571428571,12.02));
#9534 = CARTESIAN_POINT('',(-41.23571428571,13.442857142857,12.02));
#9535 = ORIENTED_EDGE('',*,*,#9498,.F.);
#9536 = ORIENTED_EDGE('',*,*,#3058,.F.);
#9537 = SURFACE_OF_LINEAR_EXTRUSION('',#9538,#9542);
#9538 = B_SPLINE_CURVE_WITH_KNOTS('',2,(#9539,#9540,#9541),
  .UNSPECIFIED.,.F.,.F.,(3,3),(0.,1.),.PIECEWISE_BEZIER_KNOTS.);
#9539 = CARTESIAN_POINT('',(-41.17857142857,13.65,13.02));
#9540 = CARTESIAN_POINT('',(-41.23571428571,13.528571428571,13.02));
#9541 = CARTESIAN_POINT('',(-41.23571428571,13.442857142857,13.02));
#9542 = VECTOR('',#9543,1.);
#9543 = DIRECTION('',(0.,0.,1.));
#9544 = ADVANCED_FACE('',(#9545),#9563,.T.);
#9545 = FACE_BOUND('',#9546,.T.);
#9546 = EDGE_LOOP('',(#9547,#9555,#9561,#9562));
#9547 = ORIENTED_EDGE('',*,*,#9548,.T.);
#9548 = EDGE_CURVE('',#3043,#9549,#9551,.T.);
#9549 = VERTEX_POINT('',#9550);
#9550 = CARTESIAN_POINT('',(-40.60714285714,14.05,12.02));
#9551 = LINE('',#9552,#9553);
#9552 = CARTESIAN_POINT('',(-40.60714285714,14.05,13.02));
#9553 = VECTOR('',#9554,1.);
#9554 = DIRECTION('',(-0.,-0.,-1.));
#9555 = ORIENTED_EDGE('',*,*,#9556,.T.);
#9556 = EDGE_CURVE('',#9549,#9523,#9557,.T.);
#9557 = B_SPLINE_CURVE_WITH_KNOTS('',2,(#9558,#9559,#9560),
  .UNSPECIFIED.,.F.,.F.,(3,3),(0.,1.),.PIECEWISE_BEZIER_KNOTS.);
#9558 = CARTESIAN_POINT('',(-40.60714285714,14.05,12.02));
#9559 = CARTESIAN_POINT('',(-40.99285714285,14.05,12.02));
#9560 = CARTESIAN_POINT('',(-41.17857142857,13.65,12.02));
#9561 = ORIENTED_EDGE('',*,*,#9522,.F.);
#9562 = ORIENTED_EDGE('',*,*,#3050,.F.);
#9563 = SURFACE_OF_LINEAR_EXTRUSION('',#9564,#9568);
#9564 = B_SPLINE_CURVE_WITH_KNOTS('',2,(#9565,#9566,#9567),
  .UNSPECIFIED.,.F.,.F.,(3,3),(0.,1.),.PIECEWISE_BEZIER_KNOTS.);
#9565 = CARTESIAN_POINT('',(-40.60714285714,14.05,13.02));
#9566 = CARTESIAN_POINT('',(-40.99285714285,14.05,13.02));
#9567 = CARTESIAN_POINT('',(-41.17857142857,13.65,13.02));
#9568 = VECTOR('',#9569,1.);
#9569 = DIRECTION('',(0.,0.,1.));
#9570 = ADVANCED_FACE('',(#9571),#9589,.T.);
#9571 = FACE_BOUND('',#9572,.T.);
#9572 = EDGE_LOOP('',(#9573,#9581,#9587,#9588));
#9573 = ORIENTED_EDGE('',*,*,#9574,.T.);
#9574 = EDGE_CURVE('',#3035,#9575,#9577,.T.);
#9575 = VERTEX_POINT('',#9576);
#9576 = CARTESIAN_POINT('',(-38.37142857142,14.05,12.02));
#9577 = LINE('',#9578,#9579);
#9578 = CARTESIAN_POINT('',(-38.37142857142,14.05,13.02));
#9579 = VECTOR('',#9580,1.);
#9580 = DIRECTION('',(-0.,-0.,-1.));
#9581 = ORIENTED_EDGE('',*,*,#9582,.T.);
#9582 = EDGE_CURVE('',#9575,#9549,#9583,.T.);
#9583 = LINE('',#9584,#9585);
#9584 = CARTESIAN_POINT('',(-38.37142857142,14.05,12.02));
#9585 = VECTOR('',#9586,1.);
#9586 = DIRECTION('',(-1.,0.,0.));
#9587 = ORIENTED_EDGE('',*,*,#9548,.F.);
#9588 = ORIENTED_EDGE('',*,*,#3042,.F.);
#9589 = PLANE('',#9590);
#9590 = AXIS2_PLACEMENT_3D('',#9591,#9592,#9593);
#9591 = CARTESIAN_POINT('',(-38.37142857142,14.05,13.02));
#9592 = DIRECTION('',(2.2E-16,1.,0.));
#9593 = DIRECTION('',(-1.,2.2E-16,0.));
#9594 = ADVANCED_FACE('',(#9595),#9613,.T.);
#9595 = FACE_BOUND('',#9596,.T.);
#9596 = EDGE_LOOP('',(#9597,#9605,#9611,#9612));
#9597 = ORIENTED_EDGE('',*,*,#9598,.T.);
#9598 = EDGE_CURVE('',#3027,#9599,#9601,.T.);
#9599 = VERTEX_POINT('',#9600);
#9600 = CARTESIAN_POINT('',(-38.15714285714,13.992857142857,12.02));
#9601 = LINE('',#9602,#9603);
#9602 = CARTESIAN_POINT('',(-38.15714285714,13.992857142857,13.02));
#9603 = VECTOR('',#9604,1.);
#9604 = DIRECTION('',(-0.,-0.,-1.));
#9605 = ORIENTED_EDGE('',*,*,#9606,.T.);
#9606 = EDGE_CURVE('',#9599,#9575,#9607,.T.);
#9607 = B_SPLINE_CURVE_WITH_KNOTS('',2,(#9608,#9609,#9610),
  .UNSPECIFIED.,.F.,.F.,(3,3),(0.,1.),.PIECEWISE_BEZIER_KNOTS.);
#9608 = CARTESIAN_POINT('',(-38.15714285714,13.992857142857,12.02));
#9609 = CARTESIAN_POINT('',(-38.28571428571,14.05,12.02));
#9610 = CARTESIAN_POINT('',(-38.37142857142,14.05,12.02));
#9611 = ORIENTED_EDGE('',*,*,#9574,.F.);
#9612 = ORIENTED_EDGE('',*,*,#3034,.F.);
#9613 = SURFACE_OF_LINEAR_EXTRUSION('',#9614,#9618);
#9614 = B_SPLINE_CURVE_WITH_KNOTS('',2,(#9615,#9616,#9617),
  .UNSPECIFIED.,.F.,.F.,(3,3),(0.,1.),.PIECEWISE_BEZIER_KNOTS.);
#9615 = CARTESIAN_POINT('',(-38.15714285714,13.992857142857,13.02));
#9616 = CARTESIAN_POINT('',(-38.28571428571,14.05,13.02));
#9617 = CARTESIAN_POINT('',(-38.37142857142,14.05,13.02));
#9618 = VECTOR('',#9619,1.);
#9619 = DIRECTION('',(0.,0.,1.));
#9620 = ADVANCED_FACE('',(#9621),#9639,.T.);
#9621 = FACE_BOUND('',#9622,.T.);
#9622 = EDGE_LOOP('',(#9623,#9631,#9637,#9638));
#9623 = ORIENTED_EDGE('',*,*,#9624,.T.);
#9624 = EDGE_CURVE('',#3019,#9625,#9627,.T.);
#9625 = VERTEX_POINT('',#9626);
#9626 = CARTESIAN_POINT('',(-37.75714285714,13.435714285714,12.02));
#9627 = LINE('',#9628,#9629);
#9628 = CARTESIAN_POINT('',(-37.75714285714,13.435714285714,13.02));
#9629 = VECTOR('',#9630,1.);
#9630 = DIRECTION('',(-0.,-0.,-1.));
#9631 = ORIENTED_EDGE('',*,*,#9632,.T.);
#9632 = EDGE_CURVE('',#9625,#9599,#9633,.T.);
#9633 = B_SPLINE_CURVE_WITH_KNOTS('',2,(#9634,#9635,#9636),
  .UNSPECIFIED.,.F.,.F.,(3,3),(0.,1.),.PIECEWISE_BEZIER_KNOTS.);
#9634 = CARTESIAN_POINT('',(-37.75714285714,13.435714285714,12.02));
#9635 = CARTESIAN_POINT('',(-37.76428571428,13.807142857143,12.02));
#9636 = CARTESIAN_POINT('',(-38.15714285714,13.992857142857,12.02));
#9637 = ORIENTED_EDGE('',*,*,#9598,.F.);
#9638 = ORIENTED_EDGE('',*,*,#3026,.F.);
#9639 = SURFACE_OF_LINEAR_EXTRUSION('',#9640,#9644);
#9640 = B_SPLINE_CURVE_WITH_KNOTS('',2,(#9641,#9642,#9643),
  .UNSPECIFIED.,.F.,.F.,(3,3),(0.,1.),.PIECEWISE_BEZIER_KNOTS.);
#9641 = CARTESIAN_POINT('',(-37.75714285714,13.435714285714,13.02));
#9642 = CARTESIAN_POINT('',(-37.76428571428,13.807142857143,13.02));
#9643 = CARTESIAN_POINT('',(-38.15714285714,13.992857142857,13.02));
#9644 = VECTOR('',#9645,1.);
#9645 = DIRECTION('',(0.,0.,1.));
#9646 = ADVANCED_FACE('',(#9647),#9665,.T.);
#9647 = FACE_BOUND('',#9648,.T.);
#9648 = EDGE_LOOP('',(#9649,#9657,#9663,#9664));
#9649 = ORIENTED_EDGE('',*,*,#9650,.T.);
#9650 = EDGE_CURVE('',#3011,#9651,#9653,.T.);
#9651 = VERTEX_POINT('',#9652);
#9652 = CARTESIAN_POINT('',(-36.96428571428,13.435714285714,12.02));
#9653 = LINE('',#9654,#9655);
#9654 = CARTESIAN_POINT('',(-36.96428571428,13.435714285714,13.02));
#9655 = VECTOR('',#9656,1.);
#9656 = DIRECTION('',(-0.,-0.,-1.));
#9657 = ORIENTED_EDGE('',*,*,#9658,.T.);
#9658 = EDGE_CURVE('',#9651,#9625,#9659,.T.);
#9659 = LINE('',#9660,#9661);
#9660 = CARTESIAN_POINT('',(-36.96428571428,13.435714285714,12.02));
#9661 = VECTOR('',#9662,1.);
#9662 = DIRECTION('',(-1.,0.,0.));
#9663 = ORIENTED_EDGE('',*,*,#9624,.F.);
#9664 = ORIENTED_EDGE('',*,*,#3018,.F.);
#9665 = PLANE('',#9666);
#9666 = AXIS2_PLACEMENT_3D('',#9667,#9668,#9669);
#9667 = CARTESIAN_POINT('',(-36.96428571428,13.435714285714,13.02));
#9668 = DIRECTION('',(2.2E-16,1.,0.));
#9669 = DIRECTION('',(-1.,2.2E-16,0.));
#9670 = ADVANCED_FACE('',(#9671),#9689,.T.);
#9671 = FACE_BOUND('',#9672,.T.);
#9672 = EDGE_LOOP('',(#9673,#9681,#9687,#9688));
#9673 = ORIENTED_EDGE('',*,*,#9674,.T.);
#9674 = EDGE_CURVE('',#3003,#9675,#9677,.T.);
#9675 = VERTEX_POINT('',#9676);
#9676 = CARTESIAN_POINT('',(-37.48571428571,14.521428571429,12.02));
#9677 = LINE('',#9678,#9679);
#9678 = CARTESIAN_POINT('',(-37.48571428571,14.521428571429,13.02));
#9679 = VECTOR('',#9680,1.);
#9680 = DIRECTION('',(-0.,-0.,-1.));
#9681 = ORIENTED_EDGE('',*,*,#9682,.T.);
#9682 = EDGE_CURVE('',#9675,#9651,#9683,.T.);
#9683 = B_SPLINE_CURVE_WITH_KNOTS('',2,(#9684,#9685,#9686),
  .UNSPECIFIED.,.F.,.F.,(3,3),(0.,1.),.PIECEWISE_BEZIER_KNOTS.);
#9684 = CARTESIAN_POINT('',(-37.48571428571,14.521428571429,12.02));
#9685 = CARTESIAN_POINT('',(-36.97142857142,14.092857142857,12.02));
#9686 = CARTESIAN_POINT('',(-36.96428571428,13.435714285714,12.02));
#9687 = ORIENTED_EDGE('',*,*,#9650,.F.);
#9688 = ORIENTED_EDGE('',*,*,#3010,.F.);
#9689 = SURFACE_OF_LINEAR_EXTRUSION('',#9690,#9694);
#9690 = B_SPLINE_CURVE_WITH_KNOTS('',2,(#9691,#9692,#9693),
  .UNSPECIFIED.,.F.,.F.,(3,3),(0.,1.),.PIECEWISE_BEZIER_KNOTS.);
#9691 = CARTESIAN_POINT('',(-37.48571428571,14.521428571429,13.02));
#9692 = CARTESIAN_POINT('',(-36.97142857142,14.092857142857,13.02));
#9693 = CARTESIAN_POINT('',(-36.96428571428,13.435714285714,13.02));
#9694 = VECTOR('',#9695,1.);
#9695 = DIRECTION('',(0.,0.,1.));
#9696 = ADVANCED_FACE('',(#9697),#9715,.T.);
#9697 = FACE_BOUND('',#9698,.T.);
#9698 = EDGE_LOOP('',(#9699,#9707,#9713,#9714));
#9699 = ORIENTED_EDGE('',*,*,#9700,.T.);
#9700 = EDGE_CURVE('',#2995,#9701,#9703,.T.);
#9701 = VERTEX_POINT('',#9702);
#9702 = CARTESIAN_POINT('',(-38.25714285714,14.842857142857,12.02));
#9703 = LINE('',#9704,#9705);
#9704 = CARTESIAN_POINT('',(-38.25714285714,14.842857142857,13.02));
#9705 = VECTOR('',#9706,1.);
#9706 = DIRECTION('',(-0.,-0.,-1.));
#9707 = ORIENTED_EDGE('',*,*,#9708,.T.);
#9708 = EDGE_CURVE('',#9701,#9675,#9709,.T.);
#9709 = B_SPLINE_CURVE_WITH_KNOTS('',2,(#9710,#9711,#9712),
  .UNSPECIFIED.,.F.,.F.,(3,3),(0.,1.),.PIECEWISE_BEZIER_KNOTS.);
#9710 = CARTESIAN_POINT('',(-38.25714285714,14.842857142857,12.02));
#9711 = CARTESIAN_POINT('',(-37.87857142857,14.842857142857,12.02));
#9712 = CARTESIAN_POINT('',(-37.48571428571,14.521428571429,12.02));
#9713 = ORIENTED_EDGE('',*,*,#9674,.F.);
#9714 = ORIENTED_EDGE('',*,*,#3002,.F.);
#9715 = SURFACE_OF_LINEAR_EXTRUSION('',#9716,#9720);
#9716 = B_SPLINE_CURVE_WITH_KNOTS('',2,(#9717,#9718,#9719),
  .UNSPECIFIED.,.F.,.F.,(3,3),(0.,1.),.PIECEWISE_BEZIER_KNOTS.);
#9717 = CARTESIAN_POINT('',(-38.25714285714,14.842857142857,13.02));
#9718 = CARTESIAN_POINT('',(-37.87857142857,14.842857142857,13.02));
#9719 = CARTESIAN_POINT('',(-37.48571428571,14.521428571429,13.02));
#9720 = VECTOR('',#9721,1.);
#9721 = DIRECTION('',(0.,0.,1.));
#9722 = ADVANCED_FACE('',(#9723),#9734,.T.);
#9723 = FACE_BOUND('',#9724,.T.);
#9724 = EDGE_LOOP('',(#9725,#9726,#9732,#9733));
#9725 = ORIENTED_EDGE('',*,*,#9455,.T.);
#9726 = ORIENTED_EDGE('',*,*,#9727,.T.);
#9727 = EDGE_CURVE('',#9448,#9701,#9728,.T.);
#9728 = LINE('',#9729,#9730);
#9729 = CARTESIAN_POINT('',(-40.60714285714,14.842857142857,12.02));
#9730 = VECTOR('',#9731,1.);
#9731 = DIRECTION('',(1.,0.,0.));
#9732 = ORIENTED_EDGE('',*,*,#9700,.F.);
#9733 = ORIENTED_EDGE('',*,*,#2994,.F.);
#9734 = PLANE('',#9735);
#9735 = AXIS2_PLACEMENT_3D('',#9736,#9737,#9738);
#9736 = CARTESIAN_POINT('',(-40.60714285714,14.842857142857,13.02));
#9737 = DIRECTION('',(-2.2E-16,-1.,0.));
#9738 = DIRECTION('',(1.,-2.2E-16,0.));
#9739 = ADVANCED_FACE('',(#9740),#9765,.T.);
#9740 = FACE_BOUND('',#9741,.T.);
#9741 = EDGE_LOOP('',(#9742,#9750,#9758,#9764));
#9742 = ORIENTED_EDGE('',*,*,#9743,.T.);
#9743 = EDGE_CURVE('',#3083,#9744,#9746,.T.);
#9744 = VERTEX_POINT('',#9745);
#9745 = CARTESIAN_POINT('',(-41.89285714285,16.331904761905,12.02));
#9746 = LINE('',#9747,#9748);
#9747 = CARTESIAN_POINT('',(-41.89285714285,16.331904761905,13.02));
#9748 = VECTOR('',#9749,1.);
#9749 = DIRECTION('',(-0.,-0.,-1.));
#9750 = ORIENTED_EDGE('',*,*,#9751,.T.);
#9751 = EDGE_CURVE('',#9744,#9752,#9754,.T.);
#9752 = VERTEX_POINT('',#9753);
#9753 = CARTESIAN_POINT('',(-42.,17.024761904762,12.02));
#9754 = B_SPLINE_CURVE_WITH_KNOTS('',2,(#9755,#9756,#9757),
  .UNSPECIFIED.,.F.,.F.,(3,3),(0.,1.),.PIECEWISE_BEZIER_KNOTS.);
#9755 = CARTESIAN_POINT('',(-41.89285714285,16.331904761905,12.02));
#9756 = CARTESIAN_POINT('',(-42.,16.653333333333,12.02));
#9757 = CARTESIAN_POINT('',(-42.,17.024761904762,12.02));
#9758 = ORIENTED_EDGE('',*,*,#9759,.F.);
#9759 = EDGE_CURVE('',#3085,#9752,#9760,.T.);
#9760 = LINE('',#9761,#9762);
#9761 = CARTESIAN_POINT('',(-42.,17.024761904762,13.02));
#9762 = VECTOR('',#9763,1.);
#9763 = DIRECTION('',(-0.,-0.,-1.));
#9764 = ORIENTED_EDGE('',*,*,#3082,.F.);
#9765 = SURFACE_OF_LINEAR_EXTRUSION('',#9766,#9770);
#9766 = B_SPLINE_CURVE_WITH_KNOTS('',2,(#9767,#9768,#9769),
  .UNSPECIFIED.,.F.,.F.,(3,3),(0.,1.),.PIECEWISE_BEZIER_KNOTS.);
#9767 = CARTESIAN_POINT('',(-41.89285714285,16.331904761905,13.02));
#9768 = CARTESIAN_POINT('',(-42.,16.653333333333,13.02));
#9769 = CARTESIAN_POINT('',(-42.,17.024761904762,13.02));
#9770 = VECTOR('',#9771,1.);
#9771 = DIRECTION('',(0.,0.,1.));
#9772 = ADVANCED_FACE('',(#9773),#9791,.T.);
#9773 = FACE_BOUND('',#9774,.T.);
#9774 = EDGE_LOOP('',(#9775,#9783,#9789,#9790));
#9775 = ORIENTED_EDGE('',*,*,#9776,.T.);
#9776 = EDGE_CURVE('',#3165,#9777,#9779,.T.);
#9777 = VERTEX_POINT('',#9778);
#9778 = CARTESIAN_POINT('',(-40.59285714285,15.39619047619,12.02));
#9779 = LINE('',#9780,#9781);
#9780 = CARTESIAN_POINT('',(-40.59285714285,15.39619047619,13.02));
#9781 = VECTOR('',#9782,1.);
#9782 = DIRECTION('',(-0.,-0.,-1.));
#9783 = ORIENTED_EDGE('',*,*,#9784,.T.);
#9784 = EDGE_CURVE('',#9777,#9744,#9785,.T.);
#9785 = B_SPLINE_CURVE_WITH_KNOTS('',2,(#9786,#9787,#9788),
  .UNSPECIFIED.,.F.,.F.,(3,3),(0.,1.),.PIECEWISE_BEZIER_KNOTS.);
#9786 = CARTESIAN_POINT('',(-40.59285714285,15.39619047619,12.02));
#9787 = CARTESIAN_POINT('',(-41.58571428571,15.39619047619,12.02));
#9788 = CARTESIAN_POINT('',(-41.89285714285,16.331904761905,12.02));
#9789 = ORIENTED_EDGE('',*,*,#9743,.F.);
#9790 = ORIENTED_EDGE('',*,*,#3172,.F.);
#9791 = SURFACE_OF_LINEAR_EXTRUSION('',#9792,#9796);
#9792 = B_SPLINE_CURVE_WITH_KNOTS('',2,(#9793,#9794,#9795),
  .UNSPECIFIED.,.F.,.F.,(3,3),(0.,1.),.PIECEWISE_BEZIER_KNOTS.);
#9793 = CARTESIAN_POINT('',(-40.59285714285,15.39619047619,13.02));
#9794 = CARTESIAN_POINT('',(-41.58571428571,15.39619047619,13.02));
#9795 = CARTESIAN_POINT('',(-41.89285714285,16.331904761905,13.02));
#9796 = VECTOR('',#9797,1.);
#9797 = DIRECTION('',(0.,0.,1.));
#9798 = ADVANCED_FACE('',(#9799),#9817,.T.);
#9799 = FACE_BOUND('',#9800,.T.);
#9800 = EDGE_LOOP('',(#9801,#9809,#9815,#9816));
#9801 = ORIENTED_EDGE('',*,*,#9802,.T.);
#9802 = EDGE_CURVE('',#3157,#9803,#9805,.T.);
#9803 = VERTEX_POINT('',#9804);
#9804 = CARTESIAN_POINT('',(-38.40714285714,15.39619047619,12.02));
#9805 = LINE('',#9806,#9807);
#9806 = CARTESIAN_POINT('',(-38.40714285714,15.39619047619,13.02));
#9807 = VECTOR('',#9808,1.);
#9808 = DIRECTION('',(-0.,-0.,-1.));
#9809 = ORIENTED_EDGE('',*,*,#9810,.T.);
#9810 = EDGE_CURVE('',#9803,#9777,#9811,.T.);
#9811 = LINE('',#9812,#9813);
#9812 = CARTESIAN_POINT('',(-38.40714285714,15.39619047619,12.02));
#9813 = VECTOR('',#9814,1.);
#9814 = DIRECTION('',(-1.,0.,0.));
#9815 = ORIENTED_EDGE('',*,*,#9776,.F.);
#9816 = ORIENTED_EDGE('',*,*,#3164,.F.);
#9817 = PLANE('',#9818);
#9818 = AXIS2_PLACEMENT_3D('',#9819,#9820,#9821);
#9819 = CARTESIAN_POINT('',(-38.40714285714,15.39619047619,13.02));
#9820 = DIRECTION('',(2.2E-16,1.,0.));
#9821 = DIRECTION('',(-1.,2.2E-16,0.));
#9822 = ADVANCED_FACE('',(#9823),#9841,.T.);
#9823 = FACE_BOUND('',#9824,.T.);
#9824 = EDGE_LOOP('',(#9825,#9833,#9839,#9840));
#9825 = ORIENTED_EDGE('',*,*,#9826,.T.);
#9826 = EDGE_CURVE('',#3149,#9827,#9829,.T.);
#9827 = VERTEX_POINT('',#9828);
#9828 = CARTESIAN_POINT('',(-37.6,15.660476190476,12.02));
#9829 = LINE('',#9830,#9831);
#9830 = CARTESIAN_POINT('',(-37.6,15.660476190476,13.02));
#9831 = VECTOR('',#9832,1.);
#9832 = DIRECTION('',(-0.,-0.,-1.));
#9833 = ORIENTED_EDGE('',*,*,#9834,.T.);
#9834 = EDGE_CURVE('',#9827,#9803,#9835,.T.);
#9835 = B_SPLINE_CURVE_WITH_KNOTS('',2,(#9836,#9837,#9838),
  .UNSPECIFIED.,.F.,.F.,(3,3),(0.,1.),.PIECEWISE_BEZIER_KNOTS.);
#9836 = CARTESIAN_POINT('',(-37.6,15.660476190476,12.02));
#9837 = CARTESIAN_POINT('',(-37.95714285714,15.39619047619,12.02));
#9838 = CARTESIAN_POINT('',(-38.40714285714,15.39619047619,12.02));
#9839 = ORIENTED_EDGE('',*,*,#9802,.F.);
#9840 = ORIENTED_EDGE('',*,*,#3156,.F.);
#9841 = SURFACE_OF_LINEAR_EXTRUSION('',#9842,#9846);
#9842 = B_SPLINE_CURVE_WITH_KNOTS('',2,(#9843,#9844,#9845),
  .UNSPECIFIED.,.F.,.F.,(3,3),(0.,1.),.PIECEWISE_BEZIER_KNOTS.);
#9843 = CARTESIAN_POINT('',(-37.6,15.660476190476,13.02));
#9844 = CARTESIAN_POINT('',(-37.95714285714,15.39619047619,13.02));
#9845 = CARTESIAN_POINT('',(-38.40714285714,15.39619047619,13.02));
#9846 = VECTOR('',#9847,1.);
#9847 = DIRECTION('',(0.,0.,1.));
#9848 = ADVANCED_FACE('',(#9849),#9867,.T.);
#9849 = FACE_BOUND('',#9850,.T.);
#9850 = EDGE_LOOP('',(#9851,#9859,#9865,#9866));
#9851 = ORIENTED_EDGE('',*,*,#9852,.T.);
#9852 = EDGE_CURVE('',#3141,#9853,#9855,.T.);
#9853 = VERTEX_POINT('',#9854);
#9854 = CARTESIAN_POINT('',(-37.,17.024761904762,12.02));
#9855 = LINE('',#9856,#9857);
#9856 = CARTESIAN_POINT('',(-37.,17.024761904762,13.02));
#9857 = VECTOR('',#9858,1.);
#9858 = DIRECTION('',(-0.,-0.,-1.));
#9859 = ORIENTED_EDGE('',*,*,#9860,.T.);
#9860 = EDGE_CURVE('',#9853,#9827,#9861,.T.);
#9861 = B_SPLINE_CURVE_WITH_KNOTS('',2,(#9862,#9863,#9864),
  .UNSPECIFIED.,.F.,.F.,(3,3),(0.,1.),.PIECEWISE_BEZIER_KNOTS.);
#9862 = CARTESIAN_POINT('',(-37.,17.024761904762,12.02));
#9863 = CARTESIAN_POINT('',(-37.,16.110476190476,12.02));
#9864 = CARTESIAN_POINT('',(-37.6,15.660476190476,12.02));
#9865 = ORIENTED_EDGE('',*,*,#9826,.F.);
#9866 = ORIENTED_EDGE('',*,*,#3148,.F.);
#9867 = SURFACE_OF_LINEAR_EXTRUSION('',#9868,#9872);
#9868 = B_SPLINE_CURVE_WITH_KNOTS('',2,(#9869,#9870,#9871),
  .UNSPECIFIED.,.F.,.F.,(3,3),(0.,1.),.PIECEWISE_BEZIER_KNOTS.);
#9869 = CARTESIAN_POINT('',(-37.,17.024761904762,13.02));
#9870 = CARTESIAN_POINT('',(-37.,16.110476190476,13.02));
#9871 = CARTESIAN_POINT('',(-37.6,15.660476190476,13.02));
#9872 = VECTOR('',#9873,1.);
#9873 = DIRECTION('',(0.,0.,1.));
#9874 = ADVANCED_FACE('',(#9875),#9893,.T.);
#9875 = FACE_BOUND('',#9876,.T.);
#9876 = EDGE_LOOP('',(#9877,#9885,#9891,#9892));
#9877 = ORIENTED_EDGE('',*,*,#9878,.T.);
#9878 = EDGE_CURVE('',#3133,#9879,#9881,.T.);
#9879 = VERTEX_POINT('',#9880);
#9880 = CARTESIAN_POINT('',(-37.79285714285,17.024761904762,12.02));
#9881 = LINE('',#9882,#9883);
#9882 = CARTESIAN_POINT('',(-37.79285714285,17.024761904762,13.02));
#9883 = VECTOR('',#9884,1.);
#9884 = DIRECTION('',(-0.,-0.,-1.));
#9885 = ORIENTED_EDGE('',*,*,#9886,.T.);
#9886 = EDGE_CURVE('',#9879,#9853,#9887,.T.);
#9887 = LINE('',#9888,#9889);
#9888 = CARTESIAN_POINT('',(-37.79285714285,17.024761904762,12.02));
#9889 = VECTOR('',#9890,1.);
#9890 = DIRECTION('',(1.,0.,0.));
#9891 = ORIENTED_EDGE('',*,*,#9852,.F.);
#9892 = ORIENTED_EDGE('',*,*,#3140,.F.);
#9893 = PLANE('',#9894);
#9894 = AXIS2_PLACEMENT_3D('',#9895,#9896,#9897);
#9895 = CARTESIAN_POINT('',(-37.79285714285,17.024761904762,13.02));
#9896 = DIRECTION('',(-2.2E-16,-1.,0.));
#9897 = DIRECTION('',(1.,-2.2E-16,0.));
#9898 = ADVANCED_FACE('',(#9899),#9917,.T.);
#9899 = FACE_BOUND('',#9900,.T.);
#9900 = EDGE_LOOP('',(#9901,#9909,#9915,#9916));
#9901 = ORIENTED_EDGE('',*,*,#9902,.T.);
#9902 = EDGE_CURVE('',#3125,#9903,#9905,.T.);
#9903 = VERTEX_POINT('',#9904);
#9904 = CARTESIAN_POINT('',(-37.84285714285,16.667619047619,12.02));
#9905 = LINE('',#9906,#9907);
#9906 = CARTESIAN_POINT('',(-37.84285714285,16.667619047619,13.02));
#9907 = VECTOR('',#9908,1.);
#9908 = DIRECTION('',(-0.,-0.,-1.));
#9909 = ORIENTED_EDGE('',*,*,#9910,.T.);
#9910 = EDGE_CURVE('',#9903,#9879,#9911,.T.);
#9911 = B_SPLINE_CURVE_WITH_KNOTS('',2,(#9912,#9913,#9914),
  .UNSPECIFIED.,.F.,.F.,(3,3),(0.,1.),.PIECEWISE_BEZIER_KNOTS.);
#9912 = CARTESIAN_POINT('',(-37.84285714285,16.667619047619,12.02));
#9913 = CARTESIAN_POINT('',(-37.79285714285,16.831904761905,12.02));
#9914 = CARTESIAN_POINT('',(-37.79285714285,17.024761904762,12.02));
#9915 = ORIENTED_EDGE('',*,*,#9878,.F.);
#9916 = ORIENTED_EDGE('',*,*,#3132,.F.);
#9917 = SURFACE_OF_LINEAR_EXTRUSION('',#9918,#9922);
#9918 = B_SPLINE_CURVE_WITH_KNOTS('',2,(#9919,#9920,#9921),
  .UNSPECIFIED.,.F.,.F.,(3,3),(0.,1.),.PIECEWISE_BEZIER_KNOTS.);
#9919 = CARTESIAN_POINT('',(-37.84285714285,16.667619047619,13.02));
#9920 = CARTESIAN_POINT('',(-37.79285714285,16.831904761905,13.02));
#9921 = CARTESIAN_POINT('',(-37.79285714285,17.024761904762,13.02));
#9922 = VECTOR('',#9923,1.);
#9923 = DIRECTION('',(0.,0.,1.));
#9924 = ADVANCED_FACE('',(#9925),#9943,.T.);
#9925 = FACE_BOUND('',#9926,.T.);
#9926 = EDGE_LOOP('',(#9927,#9935,#9941,#9942));
#9927 = ORIENTED_EDGE('',*,*,#9928,.T.);
#9928 = EDGE_CURVE('',#3117,#9929,#9931,.T.);
#9929 = VERTEX_POINT('',#9930);
#9930 = CARTESIAN_POINT('',(-38.40714285714,16.189047619048,12.02));
#9931 = LINE('',#9932,#9933);
#9932 = CARTESIAN_POINT('',(-38.40714285714,16.189047619048,13.02));
#9933 = VECTOR('',#9934,1.);
#9934 = DIRECTION('',(-0.,-0.,-1.));
#9935 = ORIENTED_EDGE('',*,*,#9936,.T.);
#9936 = EDGE_CURVE('',#9929,#9903,#9937,.T.);
#9937 = B_SPLINE_CURVE_WITH_KNOTS('',2,(#9938,#9939,#9940),
  .UNSPECIFIED.,.F.,.F.,(3,3),(0.,1.),.PIECEWISE_BEZIER_KNOTS.);
#9938 = CARTESIAN_POINT('',(-38.40714285714,16.189047619048,12.02));
#9939 = CARTESIAN_POINT('',(-37.97857142857,16.189047619048,12.02));
#9940 = CARTESIAN_POINT('',(-37.84285714285,16.667619047619,12.02));
#9941 = ORIENTED_EDGE('',*,*,#9902,.F.);
#9942 = ORIENTED_EDGE('',*,*,#3124,.F.);
#9943 = SURFACE_OF_LINEAR_EXTRUSION('',#9944,#9948);
#9944 = B_SPLINE_CURVE_WITH_KNOTS('',2,(#9945,#9946,#9947),
  .UNSPECIFIED.,.F.,.F.,(3,3),(0.,1.),.PIECEWISE_BEZIER_KNOTS.);
#9945 = CARTESIAN_POINT('',(-38.40714285714,16.189047619048,13.02));
#9946 = CARTESIAN_POINT('',(-37.97857142857,16.189047619048,13.02));
#9947 = CARTESIAN_POINT('',(-37.84285714285,16.667619047619,13.02));
#9948 = VECTOR('',#9949,1.);
#9949 = DIRECTION('',(0.,0.,1.));
#9950 = ADVANCED_FACE('',(#9951),#9969,.T.);
#9951 = FACE_BOUND('',#9952,.T.);
#9952 = EDGE_LOOP('',(#9953,#9961,#9967,#9968));
#9953 = ORIENTED_EDGE('',*,*,#9954,.T.);
#9954 = EDGE_CURVE('',#3109,#9955,#9957,.T.);
#9955 = VERTEX_POINT('',#9956);
#9956 = CARTESIAN_POINT('',(-40.59285714285,16.189047619048,12.02));
#9957 = LINE('',#9958,#9959);
#9958 = CARTESIAN_POINT('',(-40.59285714285,16.189047619048,13.02));
#9959 = VECTOR('',#9960,1.);
#9960 = DIRECTION('',(-0.,-0.,-1.));
#9961 = ORIENTED_EDGE('',*,*,#9962,.T.);
#9962 = EDGE_CURVE('',#9955,#9929,#9963,.T.);
#9963 = LINE('',#9964,#9965);
#9964 = CARTESIAN_POINT('',(-40.59285714285,16.189047619048,12.02));
#9965 = VECTOR('',#9966,1.);
#9966 = DIRECTION('',(1.,0.,0.));
#9967 = ORIENTED_EDGE('',*,*,#9928,.F.);
#9968 = ORIENTED_EDGE('',*,*,#3116,.F.);
#9969 = PLANE('',#9970);
#9970 = AXIS2_PLACEMENT_3D('',#9971,#9972,#9973);
#9971 = CARTESIAN_POINT('',(-40.59285714285,16.189047619048,13.02));
#9972 = DIRECTION('',(-2.2E-16,-1.,0.));
#9973 = DIRECTION('',(1.,-2.2E-16,0.));
#9974 = ADVANCED_FACE('',(#9975),#9993,.T.);
#9975 = FACE_BOUND('',#9976,.T.);
#9976 = EDGE_LOOP('',(#9977,#9985,#9991,#9992));
#9977 = ORIENTED_EDGE('',*,*,#9978,.T.);
#9978 = EDGE_CURVE('',#3101,#9979,#9981,.T.);
#9979 = VERTEX_POINT('',#9980);
#9980 = CARTESIAN_POINT('',(-40.60714285714,16.189047619048,12.02));
#9981 = LINE('',#9982,#9983);
#9982 = CARTESIAN_POINT('',(-40.60714285714,16.189047619048,13.02));
#9983 = VECTOR('',#9984,1.);
#9984 = DIRECTION('',(-0.,-0.,-1.));
#9985 = ORIENTED_EDGE('',*,*,#9986,.T.);
#9986 = EDGE_CURVE('',#9979,#9955,#9987,.T.);
#9987 = B_SPLINE_CURVE_WITH_KNOTS('',2,(#9988,#9989,#9990),
  .UNSPECIFIED.,.F.,.F.,(3,3),(0.,1.),.PIECEWISE_BEZIER_KNOTS.);
#9988 = CARTESIAN_POINT('',(-40.60714285714,16.189047619048,12.02));
#9989 = CARTESIAN_POINT('',(-40.6,16.189047619048,12.02));
#9990 = CARTESIAN_POINT('',(-40.59285714285,16.189047619048,12.02));
#9991 = ORIENTED_EDGE('',*,*,#9954,.F.);
#9992 = ORIENTED_EDGE('',*,*,#3108,.F.);
#9993 = SURFACE_OF_LINEAR_EXTRUSION('',#9994,#9998);
#9994 = B_SPLINE_CURVE_WITH_KNOTS('',2,(#9995,#9996,#9997),
  .UNSPECIFIED.,.F.,.F.,(3,3),(0.,1.),.PIECEWISE_BEZIER_KNOTS.);
#9995 = CARTESIAN_POINT('',(-40.60714285714,16.189047619048,13.02));
#9996 = CARTESIAN_POINT('',(-40.6,16.189047619048,13.02));
#9997 = CARTESIAN_POINT('',(-40.59285714285,16.189047619048,13.02));
#9998 = VECTOR('',#9999,1.);
#9999 = DIRECTION('',(0.,0.,1.));
#10000 = ADVANCED_FACE('',(#10001),#10019,.T.);
#10001 = FACE_BOUND('',#10002,.T.);
#10002 = EDGE_LOOP('',(#10003,#10011,#10017,#10018));
#10003 = ORIENTED_EDGE('',*,*,#10004,.T.);
#10004 = EDGE_CURVE('',#3093,#10005,#10007,.T.);
#10005 = VERTEX_POINT('',#10006);
#10006 = CARTESIAN_POINT('',(-41.20714285714,17.024761904762,12.02));
#10007 = LINE('',#10008,#10009);
#10008 = CARTESIAN_POINT('',(-41.20714285714,17.024761904762,13.02));
#10009 = VECTOR('',#10010,1.);
#10010 = DIRECTION('',(-0.,-0.,-1.));
#10011 = ORIENTED_EDGE('',*,*,#10012,.T.);
#10012 = EDGE_CURVE('',#10005,#9979,#10013,.T.);
#10013 = B_SPLINE_CURVE_WITH_KNOTS('',2,(#10014,#10015,#10016),
  .UNSPECIFIED.,.F.,.F.,(3,3),(0.,1.),.PIECEWISE_BEZIER_KNOTS.);
#10014 = CARTESIAN_POINT('',(-41.20714285714,17.024761904762,12.02));
#10015 = CARTESIAN_POINT('',(-41.20714285714,16.203333333333,12.02));
#10016 = CARTESIAN_POINT('',(-40.60714285714,16.189047619048,12.02));
#10017 = ORIENTED_EDGE('',*,*,#9978,.F.);
#10018 = ORIENTED_EDGE('',*,*,#3100,.F.);
#10019 = SURFACE_OF_LINEAR_EXTRUSION('',#10020,#10024);
#10020 = B_SPLINE_CURVE_WITH_KNOTS('',2,(#10021,#10022,#10023),
  .UNSPECIFIED.,.F.,.F.,(3,3),(0.,1.),.PIECEWISE_BEZIER_KNOTS.);
#10021 = CARTESIAN_POINT('',(-41.20714285714,17.024761904762,13.02));
#10022 = CARTESIAN_POINT('',(-41.20714285714,16.203333333333,13.02));
#10023 = CARTESIAN_POINT('',(-40.60714285714,16.189047619048,13.02));
#10024 = VECTOR('',#10025,1.);
#10025 = DIRECTION('',(0.,0.,1.));
#10026 = ADVANCED_FACE('',(#10027),#10038,.T.);
#10027 = FACE_BOUND('',#10028,.T.);
#10028 = EDGE_LOOP('',(#10029,#10030,#10036,#10037));
#10029 = ORIENTED_EDGE('',*,*,#9759,.T.);
#10030 = ORIENTED_EDGE('',*,*,#10031,.T.);
#10031 = EDGE_CURVE('',#9752,#10005,#10032,.T.);
#10032 = LINE('',#10033,#10034);
#10033 = CARTESIAN_POINT('',(-42.,17.024761904762,12.02));
#10034 = VECTOR('',#10035,1.);
#10035 = DIRECTION('',(1.,0.,0.));
#10036 = ORIENTED_EDGE('',*,*,#10004,.F.);
#10037 = ORIENTED_EDGE('',*,*,#3092,.F.);
#10038 = PLANE('',#10039);
#10039 = AXIS2_PLACEMENT_3D('',#10040,#10041,#10042);
#10040 = CARTESIAN_POINT('',(-42.,17.024761904762,13.02));
#10041 = DIRECTION('',(-2.2E-16,-1.,0.));
#10042 = DIRECTION('',(1.,-2.2E-16,0.));
#10043 = ADVANCED_FACE('',(#10044),#10069,.T.);
#10044 = FACE_BOUND('',#10045,.T.);
#10045 = EDGE_LOOP('',(#10046,#10054,#10062,#10068));
#10046 = ORIENTED_EDGE('',*,*,#10047,.T.);
#10047 = EDGE_CURVE('',#3181,#10048,#10050,.T.);
#10048 = VERTEX_POINT('',#10049);
#10049 = CARTESIAN_POINT('',(-42.,17.39619047619,12.02));
#10050 = LINE('',#10051,#10052);
#10051 = CARTESIAN_POINT('',(-42.,17.39619047619,13.02));
#10052 = VECTOR('',#10053,1.);
#10053 = DIRECTION('',(-0.,-0.,-1.));
#10054 = ORIENTED_EDGE('',*,*,#10055,.T.);
#10055 = EDGE_CURVE('',#10048,#10056,#10058,.T.);
#10056 = VERTEX_POINT('',#10057);
#10057 = CARTESIAN_POINT('',(-42.,18.19619047619,12.02));
#10058 = LINE('',#10059,#10060);
#10059 = CARTESIAN_POINT('',(-42.,17.39619047619,12.02));
#10060 = VECTOR('',#10061,1.);
#10061 = DIRECTION('',(0.,1.,0.));
#10062 = ORIENTED_EDGE('',*,*,#10063,.F.);
#10063 = EDGE_CURVE('',#3183,#10056,#10064,.T.);
#10064 = LINE('',#10065,#10066);
#10065 = CARTESIAN_POINT('',(-42.,18.19619047619,13.02));
#10066 = VECTOR('',#10067,1.);
#10067 = DIRECTION('',(-0.,-0.,-1.));
#10068 = ORIENTED_EDGE('',*,*,#3180,.F.);
#10069 = PLANE('',#10070);
#10070 = AXIS2_PLACEMENT_3D('',#10071,#10072,#10073);
#10071 = CARTESIAN_POINT('',(-42.,17.39619047619,13.02));
#10072 = DIRECTION('',(1.,-2.2E-16,0.));
#10073 = DIRECTION('',(2.2E-16,1.,0.));
#10074 = ADVANCED_FACE('',(#10075),#10093,.T.);
#10075 = FACE_BOUND('',#10076,.T.);
#10076 = EDGE_LOOP('',(#10077,#10085,#10091,#10092));
#10077 = ORIENTED_EDGE('',*,*,#10078,.T.);
#10078 = EDGE_CURVE('',#3199,#10079,#10081,.T.);
#10079 = VERTEX_POINT('',#10080);
#10080 = CARTESIAN_POINT('',(-37.,17.39619047619,12.02));
#10081 = LINE('',#10082,#10083);
#10082 = CARTESIAN_POINT('',(-37.,17.39619047619,13.02));
#10083 = VECTOR('',#10084,1.);
#10084 = DIRECTION('',(-0.,-0.,-1.));
#10085 = ORIENTED_EDGE('',*,*,#10086,.T.);
#10086 = EDGE_CURVE('',#10079,#10048,#10087,.T.);
#10087 = LINE('',#10088,#10089);
#10088 = CARTESIAN_POINT('',(-37.,17.39619047619,12.02));
#10089 = VECTOR('',#10090,1.);
#10090 = DIRECTION('',(-1.,0.,0.));
#10091 = ORIENTED_EDGE('',*,*,#10047,.F.);
#10092 = ORIENTED_EDGE('',*,*,#3206,.F.);
#10093 = PLANE('',#10094);
#10094 = AXIS2_PLACEMENT_3D('',#10095,#10096,#10097);
#10095 = CARTESIAN_POINT('',(-37.,17.39619047619,13.02));
#10096 = DIRECTION('',(2.2E-16,1.,0.));
#10097 = DIRECTION('',(-1.,2.2E-16,0.));
#10098 = ADVANCED_FACE('',(#10099),#10117,.T.);
#10099 = FACE_BOUND('',#10100,.T.);
#10100 = EDGE_LOOP('',(#10101,#10109,#10115,#10116));
#10101 = ORIENTED_EDGE('',*,*,#10102,.T.);
#10102 = EDGE_CURVE('',#3191,#10103,#10105,.T.);
#10103 = VERTEX_POINT('',#10104);
#10104 = CARTESIAN_POINT('',(-37.,18.19619047619,12.02));
#10105 = LINE('',#10106,#10107);
#10106 = CARTESIAN_POINT('',(-37.,18.19619047619,13.02));
#10107 = VECTOR('',#10108,1.);
#10108 = DIRECTION('',(-0.,-0.,-1.));
#10109 = ORIENTED_EDGE('',*,*,#10110,.T.);
#10110 = EDGE_CURVE('',#10103,#10079,#10111,.T.);
#10111 = LINE('',#10112,#10113);
#10112 = CARTESIAN_POINT('',(-37.,18.19619047619,12.02));
#10113 = VECTOR('',#10114,1.);
#10114 = DIRECTION('',(0.,-1.,0.));
#10115 = ORIENTED_EDGE('',*,*,#10078,.F.);
#10116 = ORIENTED_EDGE('',*,*,#3198,.F.);
#10117 = PLANE('',#10118);
#10118 = AXIS2_PLACEMENT_3D('',#10119,#10120,#10121);
#10119 = CARTESIAN_POINT('',(-37.,18.19619047619,13.02));
#10120 = DIRECTION('',(-1.,2.2E-16,0.));
#10121 = DIRECTION('',(-2.2E-16,-1.,0.));
#10122 = ADVANCED_FACE('',(#10123),#10134,.T.);
#10123 = FACE_BOUND('',#10124,.T.);
#10124 = EDGE_LOOP('',(#10125,#10126,#10132,#10133));
#10125 = ORIENTED_EDGE('',*,*,#10063,.T.);
#10126 = ORIENTED_EDGE('',*,*,#10127,.T.);
#10127 = EDGE_CURVE('',#10056,#10103,#10128,.T.);
#10128 = LINE('',#10129,#10130);
#10129 = CARTESIAN_POINT('',(-42.,18.19619047619,12.02));
#10130 = VECTOR('',#10131,1.);
#10131 = DIRECTION('',(1.,0.,0.));
#10132 = ORIENTED_EDGE('',*,*,#10102,.F.);
#10133 = ORIENTED_EDGE('',*,*,#3190,.F.);
#10134 = PLANE('',#10135);
#10135 = AXIS2_PLACEMENT_3D('',#10136,#10137,#10138);
#10136 = CARTESIAN_POINT('',(-42.,18.19619047619,13.02));
#10137 = DIRECTION('',(-2.2E-16,-1.,0.));
#10138 = DIRECTION('',(1.,-2.2E-16,0.));
#10139 = ADVANCED_FACE('',(#10140),#10165,.T.);
#10140 = FACE_BOUND('',#10141,.T.);
#10141 = EDGE_LOOP('',(#10142,#10150,#10158,#10164));
#10142 = ORIENTED_EDGE('',*,*,#10143,.T.);
#10143 = EDGE_CURVE('',#3215,#10144,#10146,.T.);
#10144 = VERTEX_POINT('',#10145);
#10145 = CARTESIAN_POINT('',(-40.27857142857,18.846666666667,12.02));
#10146 = LINE('',#10147,#10148);
#10147 = CARTESIAN_POINT('',(-40.27857142857,18.846666666667,13.02));
#10148 = VECTOR('',#10149,1.);
#10149 = DIRECTION('',(-0.,-0.,-1.));
#10150 = ORIENTED_EDGE('',*,*,#10151,.T.);
#10151 = EDGE_CURVE('',#10144,#10152,#10154,.T.);
#10152 = VERTEX_POINT('',#10153);
#10153 = CARTESIAN_POINT('',(-39.08571428571,19.589523809524,12.02));
#10154 = LINE('',#10155,#10156);
#10155 = CARTESIAN_POINT('',(-40.27857142857,18.846666666667,12.02));
#10156 = VECTOR('',#10157,1.);
#10157 = DIRECTION('',(0.848853874434,0.528627562522,0.));
#10158 = ORIENTED_EDGE('',*,*,#10159,.F.);
#10159 = EDGE_CURVE('',#3217,#10152,#10160,.T.);
#10160 = LINE('',#10161,#10162);
#10161 = CARTESIAN_POINT('',(-39.08571428571,19.589523809524,13.02));
#10162 = VECTOR('',#10163,1.);
#10163 = DIRECTION('',(-0.,-0.,-1.));
#10164 = ORIENTED_EDGE('',*,*,#3214,.F.);
#10165 = PLANE('',#10166);
#10166 = AXIS2_PLACEMENT_3D('',#10167,#10168,#10169);
#10167 = CARTESIAN_POINT('',(-40.27857142857,18.846666666667,13.02));
#10168 = DIRECTION('',(0.528627562522,-0.848853874434,0.));
#10169 = DIRECTION('',(0.848853874434,0.528627562522,0.));
#10170 = ADVANCED_FACE('',(#10171),#10189,.T.);
#10171 = FACE_BOUND('',#10172,.T.);
#10172 = EDGE_LOOP('',(#10173,#10181,#10187,#10188));
#10173 = ORIENTED_EDGE('',*,*,#10174,.T.);
#10174 = EDGE_CURVE('',#3241,#10175,#10177,.T.);
#10175 = VERTEX_POINT('',#10176);
#10176 = CARTESIAN_POINT('',(-40.27857142857,18.789523809524,12.02));
#10177 = LINE('',#10178,#10179);
#10178 = CARTESIAN_POINT('',(-40.27857142857,18.789523809524,13.02));
#10179 = VECTOR('',#10180,1.);
#10180 = DIRECTION('',(-0.,-0.,-1.));
#10181 = ORIENTED_EDGE('',*,*,#10182,.T.);
#10182 = EDGE_CURVE('',#10175,#10144,#10183,.T.);
#10183 = LINE('',#10184,#10185);
#10184 = CARTESIAN_POINT('',(-40.27857142857,18.789523809524,12.02));
#10185 = VECTOR('',#10186,1.);
#10186 = DIRECTION('',(0.,1.,0.));
#10187 = ORIENTED_EDGE('',*,*,#10143,.F.);
#10188 = ORIENTED_EDGE('',*,*,#3248,.F.);
#10189 = PLANE('',#10190);
#10190 = AXIS2_PLACEMENT_3D('',#10191,#10192,#10193);
#10191 = CARTESIAN_POINT('',(-40.27857142857,18.789523809524,13.02));
#10192 = DIRECTION('',(1.,-2.2E-16,0.));
#10193 = DIRECTION('',(2.2E-16,1.,0.));
#10194 = ADVANCED_FACE('',(#10195),#10213,.T.);
#10195 = FACE_BOUND('',#10196,.T.);
#10196 = EDGE_LOOP('',(#10197,#10205,#10211,#10212));
#10197 = ORIENTED_EDGE('',*,*,#10198,.T.);
#10198 = EDGE_CURVE('',#3233,#10199,#10201,.T.);
#10199 = VERTEX_POINT('',#10200);
#10200 = CARTESIAN_POINT('',(-37.,18.789523809524,12.02));
#10201 = LINE('',#10202,#10203);
#10202 = CARTESIAN_POINT('',(-37.,18.789523809524,13.02));
#10203 = VECTOR('',#10204,1.);
#10204 = DIRECTION('',(-0.,-0.,-1.));
#10205 = ORIENTED_EDGE('',*,*,#10206,.T.);
#10206 = EDGE_CURVE('',#10199,#10175,#10207,.T.);
#10207 = LINE('',#10208,#10209);
#10208 = CARTESIAN_POINT('',(-37.,18.789523809524,12.02));
#10209 = VECTOR('',#10210,1.);
#10210 = DIRECTION('',(-1.,0.,0.));
#10211 = ORIENTED_EDGE('',*,*,#10174,.F.);
#10212 = ORIENTED_EDGE('',*,*,#3240,.F.);
#10213 = PLANE('',#10214);
#10214 = AXIS2_PLACEMENT_3D('',#10215,#10216,#10217);
#10215 = CARTESIAN_POINT('',(-37.,18.789523809524,13.02));
#10216 = DIRECTION('',(2.2E-16,1.,0.));
#10217 = DIRECTION('',(-1.,2.2E-16,0.));
#10218 = ADVANCED_FACE('',(#10219),#10237,.T.);
#10219 = FACE_BOUND('',#10220,.T.);
#10220 = EDGE_LOOP('',(#10221,#10229,#10235,#10236));
#10221 = ORIENTED_EDGE('',*,*,#10222,.T.);
#10222 = EDGE_CURVE('',#3225,#10223,#10225,.T.);
#10223 = VERTEX_POINT('',#10224);
#10224 = CARTESIAN_POINT('',(-37.,19.589523809524,12.02));
#10225 = LINE('',#10226,#10227);
#10226 = CARTESIAN_POINT('',(-37.,19.589523809524,13.02));
#10227 = VECTOR('',#10228,1.);
#10228 = DIRECTION('',(-0.,-0.,-1.));
#10229 = ORIENTED_EDGE('',*,*,#10230,.T.);
#10230 = EDGE_CURVE('',#10223,#10199,#10231,.T.);
#10231 = LINE('',#10232,#10233);
#10232 = CARTESIAN_POINT('',(-37.,19.589523809524,12.02));
#10233 = VECTOR('',#10234,1.);
#10234 = DIRECTION('',(0.,-1.,0.));
#10235 = ORIENTED_EDGE('',*,*,#10198,.F.);
#10236 = ORIENTED_EDGE('',*,*,#3232,.F.);
#10237 = PLANE('',#10238);
#10238 = AXIS2_PLACEMENT_3D('',#10239,#10240,#10241);
#10239 = CARTESIAN_POINT('',(-37.,19.589523809524,13.02));
#10240 = DIRECTION('',(-1.,2.2E-16,0.));
#10241 = DIRECTION('',(-2.2E-16,-1.,0.));
#10242 = ADVANCED_FACE('',(#10243),#10254,.T.);
#10243 = FACE_BOUND('',#10244,.T.);
#10244 = EDGE_LOOP('',(#10245,#10246,#10252,#10253));
#10245 = ORIENTED_EDGE('',*,*,#10159,.T.);
#10246 = ORIENTED_EDGE('',*,*,#10247,.T.);
#10247 = EDGE_CURVE('',#10152,#10223,#10248,.T.);
#10248 = LINE('',#10249,#10250);
#10249 = CARTESIAN_POINT('',(-39.08571428571,19.589523809524,12.02));
#10250 = VECTOR('',#10251,1.);
#10251 = DIRECTION('',(1.,0.,0.));
#10252 = ORIENTED_EDGE('',*,*,#10222,.F.);
#10253 = ORIENTED_EDGE('',*,*,#3224,.F.);
#10254 = PLANE('',#10255);
#10255 = AXIS2_PLACEMENT_3D('',#10256,#10257,#10258);
#10256 = CARTESIAN_POINT('',(-39.08571428571,19.589523809524,13.02));
#10257 = DIRECTION('',(-2.2E-16,-1.,0.));
#10258 = DIRECTION('',(1.,-2.2E-16,0.));
#10259 = ADVANCED_FACE('',(#10260),#10285,.T.);
#10260 = FACE_BOUND('',#10261,.T.);
#10261 = EDGE_LOOP('',(#10262,#10270,#10278,#10284));
#10262 = ORIENTED_EDGE('',*,*,#10263,.T.);
#10263 = EDGE_CURVE('',#3257,#10264,#10266,.T.);
#10264 = VERTEX_POINT('',#10265);
#10265 = CARTESIAN_POINT('',(-42.,19.175238095238,12.02));
#10266 = LINE('',#10267,#10268);
#10267 = CARTESIAN_POINT('',(-42.,19.175238095238,13.02));
#10268 = VECTOR('',#10269,1.);
#10269 = DIRECTION('',(-0.,-0.,-1.));
#10270 = ORIENTED_EDGE('',*,*,#10271,.T.);
#10271 = EDGE_CURVE('',#10264,#10272,#10274,.T.);
#10272 = VERTEX_POINT('',#10273);
#10273 = CARTESIAN_POINT('',(-37.51428571428,21.968095238095,12.02));
#10274 = LINE('',#10275,#10276);
#10275 = CARTESIAN_POINT('',(-42.,19.175238095238,12.02));
#10276 = VECTOR('',#10277,1.);
#10277 = DIRECTION('',(0.848908352634,0.528540073057,0.));
#10278 = ORIENTED_EDGE('',*,*,#10279,.F.);
#10279 = EDGE_CURVE('',#3259,#10272,#10280,.T.);
#10280 = LINE('',#10281,#10282);
#10281 = CARTESIAN_POINT('',(-37.51428571428,21.968095238095,13.02));
#10282 = VECTOR('',#10283,1.);
#10283 = DIRECTION('',(-0.,-0.,-1.));
#10284 = ORIENTED_EDGE('',*,*,#3256,.F.);
#10285 = PLANE('',#10286);
#10286 = AXIS2_PLACEMENT_3D('',#10287,#10288,#10289);
#10287 = CARTESIAN_POINT('',(-42.,19.175238095238,13.02));
#10288 = DIRECTION('',(0.528540073057,-0.848908352634,0.));
#10289 = DIRECTION('',(0.848908352634,0.528540073057,0.));
#10290 = ADVANCED_FACE('',(#10291),#10309,.T.);
#10291 = FACE_BOUND('',#10292,.T.);
#10292 = EDGE_LOOP('',(#10293,#10301,#10307,#10308));
#10293 = ORIENTED_EDGE('',*,*,#10294,.T.);
#10294 = EDGE_CURVE('',#3291,#10295,#10297,.T.);
#10295 = VERTEX_POINT('',#10296);
#10296 = CARTESIAN_POINT('',(-42.,18.789523809524,12.02));
#10297 = LINE('',#10298,#10299);
#10298 = CARTESIAN_POINT('',(-42.,18.789523809524,13.02));
#10299 = VECTOR('',#10300,1.);
#10300 = DIRECTION('',(-0.,-0.,-1.));
#10301 = ORIENTED_EDGE('',*,*,#10302,.T.);
#10302 = EDGE_CURVE('',#10295,#10264,#10303,.T.);
#10303 = LINE('',#10304,#10305);
#10304 = CARTESIAN_POINT('',(-42.,18.789523809524,12.02));
#10305 = VECTOR('',#10306,1.);
#10306 = DIRECTION('',(0.,1.,0.));
#10307 = ORIENTED_EDGE('',*,*,#10263,.F.);
#10308 = ORIENTED_EDGE('',*,*,#3298,.F.);
#10309 = PLANE('',#10310);
#10310 = AXIS2_PLACEMENT_3D('',#10311,#10312,#10313);
#10311 = CARTESIAN_POINT('',(-42.,18.789523809524,13.02));
#10312 = DIRECTION('',(1.,-2.2E-16,0.));
#10313 = DIRECTION('',(2.2E-16,1.,0.));
#10314 = ADVANCED_FACE('',(#10315),#10333,.T.);
#10315 = FACE_BOUND('',#10316,.T.);
#10316 = EDGE_LOOP('',(#10317,#10325,#10331,#10332));
#10317 = ORIENTED_EDGE('',*,*,#10318,.T.);
#10318 = EDGE_CURVE('',#3283,#10319,#10321,.T.);
#10319 = VERTEX_POINT('',#10320);
#10320 = CARTESIAN_POINT('',(-41.03571428571,18.789523809524,12.02));
#10321 = LINE('',#10322,#10323);
#10322 = CARTESIAN_POINT('',(-41.03571428571,18.789523809524,13.02));
#10323 = VECTOR('',#10324,1.);
#10324 = DIRECTION('',(-0.,-0.,-1.));
#10325 = ORIENTED_EDGE('',*,*,#10326,.T.);
#10326 = EDGE_CURVE('',#10319,#10295,#10327,.T.);
#10327 = LINE('',#10328,#10329);
#10328 = CARTESIAN_POINT('',(-41.03571428571,18.789523809524,12.02));
#10329 = VECTOR('',#10330,1.);
#10330 = DIRECTION('',(-1.,0.,0.));
#10331 = ORIENTED_EDGE('',*,*,#10294,.F.);
#10332 = ORIENTED_EDGE('',*,*,#3290,.F.);
#10333 = PLANE('',#10334);
#10334 = AXIS2_PLACEMENT_3D('',#10335,#10336,#10337);
#10335 = CARTESIAN_POINT('',(-41.03571428571,18.789523809524,13.02));
#10336 = DIRECTION('',(2.2E-16,1.,0.));
#10337 = DIRECTION('',(-1.,2.2E-16,0.));
#10338 = ADVANCED_FACE('',(#10339),#10357,.T.);
#10339 = FACE_BOUND('',#10340,.T.);
#10340 = EDGE_LOOP('',(#10341,#10349,#10355,#10356));
#10341 = ORIENTED_EDGE('',*,*,#10342,.T.);
#10342 = EDGE_CURVE('',#3275,#10343,#10345,.T.);
#10343 = VERTEX_POINT('',#10344);
#10344 = CARTESIAN_POINT('',(-37.,21.30380952381,12.02));
#10345 = LINE('',#10346,#10347);
#10346 = CARTESIAN_POINT('',(-37.,21.30380952381,13.02));
#10347 = VECTOR('',#10348,1.);
#10348 = DIRECTION('',(-0.,-0.,-1.));
#10349 = ORIENTED_EDGE('',*,*,#10350,.T.);
#10350 = EDGE_CURVE('',#10343,#10319,#10351,.T.);
#10351 = LINE('',#10352,#10353);
#10352 = CARTESIAN_POINT('',(-37.,21.30380952381,12.02));
#10353 = VECTOR('',#10354,1.);
#10354 = DIRECTION('',(-0.848756985023,-0.528783112793,0.));
#10355 = ORIENTED_EDGE('',*,*,#10318,.F.);
#10356 = ORIENTED_EDGE('',*,*,#3282,.F.);
#10357 = PLANE('',#10358);
#10358 = AXIS2_PLACEMENT_3D('',#10359,#10360,#10361);
#10359 = CARTESIAN_POINT('',(-37.,21.30380952381,13.02));
#10360 = DIRECTION('',(-0.528783112793,0.848756985023,0.));
#10361 = DIRECTION('',(-0.848756985023,-0.528783112793,0.));
#10362 = ADVANCED_FACE('',(#10363),#10381,.T.);
#10363 = FACE_BOUND('',#10364,.T.);
#10364 = EDGE_LOOP('',(#10365,#10373,#10379,#10380));
#10365 = ORIENTED_EDGE('',*,*,#10366,.T.);
#10366 = EDGE_CURVE('',#3267,#10367,#10369,.T.);
#10367 = VERTEX_POINT('',#10368);
#10368 = CARTESIAN_POINT('',(-37.,21.968095238095,12.02));
#10369 = LINE('',#10370,#10371);
#10370 = CARTESIAN_POINT('',(-37.,21.968095238095,13.02));
#10371 = VECTOR('',#10372,1.);
#10372 = DIRECTION('',(-0.,-0.,-1.));
#10373 = ORIENTED_EDGE('',*,*,#10374,.T.);
#10374 = EDGE_CURVE('',#10367,#10343,#10375,.T.);
#10375 = LINE('',#10376,#10377);
#10376 = CARTESIAN_POINT('',(-37.,21.968095238095,12.02));
#10377 = VECTOR('',#10378,1.);
#10378 = DIRECTION('',(0.,-1.,0.));
#10379 = ORIENTED_EDGE('',*,*,#10342,.F.);
#10380 = ORIENTED_EDGE('',*,*,#3274,.F.);
#10381 = PLANE('',#10382);
#10382 = AXIS2_PLACEMENT_3D('',#10383,#10384,#10385);
#10383 = CARTESIAN_POINT('',(-37.,21.968095238095,13.02));
#10384 = DIRECTION('',(-1.,2.2E-16,0.));
#10385 = DIRECTION('',(-2.2E-16,-1.,0.));
#10386 = ADVANCED_FACE('',(#10387),#10398,.T.);
#10387 = FACE_BOUND('',#10388,.T.);
#10388 = EDGE_LOOP('',(#10389,#10390,#10396,#10397));
#10389 = ORIENTED_EDGE('',*,*,#10279,.T.);
#10390 = ORIENTED_EDGE('',*,*,#10391,.T.);
#10391 = EDGE_CURVE('',#10272,#10367,#10392,.T.);
#10392 = LINE('',#10393,#10394);
#10393 = CARTESIAN_POINT('',(-37.51428571428,21.968095238095,12.02));
#10394 = VECTOR('',#10395,1.);
#10395 = DIRECTION('',(1.,0.,0.));
#10396 = ORIENTED_EDGE('',*,*,#10366,.F.);
#10397 = ORIENTED_EDGE('',*,*,#3266,.F.);
#10398 = PLANE('',#10399);
#10399 = AXIS2_PLACEMENT_3D('',#10400,#10401,#10402);
#10400 = CARTESIAN_POINT('',(-37.51428571428,21.968095238095,13.02));
#10401 = DIRECTION('',(-2.2E-16,-1.,0.));
#10402 = DIRECTION('',(1.,-2.2E-16,0.));
#10403 = ADVANCED_FACE('',(#10404),#10429,.T.);
#10404 = FACE_BOUND('',#10405,.T.);
#10405 = EDGE_LOOP('',(#10406,#10414,#10422,#10428));
#10406 = ORIENTED_EDGE('',*,*,#10407,.T.);
#10407 = EDGE_CURVE('',#3307,#10408,#10410,.T.);
#10408 = VERTEX_POINT('',#10409);
#10409 = CARTESIAN_POINT('',(-42.,21.168095238095,12.02));
#10410 = LINE('',#10411,#10412);
#10411 = CARTESIAN_POINT('',(-42.,21.168095238095,13.02));
#10412 = VECTOR('',#10413,1.);
#10413 = DIRECTION('',(-0.,-0.,-1.));
#10414 = ORIENTED_EDGE('',*,*,#10415,.T.);
#10415 = EDGE_CURVE('',#10408,#10416,#10418,.T.);
#10416 = VERTEX_POINT('',#10417);
#10417 = CARTESIAN_POINT('',(-42.,21.968095238095,12.02));
#10418 = LINE('',#10419,#10420);
#10419 = CARTESIAN_POINT('',(-42.,21.168095238095,12.02));
#10420 = VECTOR('',#10421,1.);
#10421 = DIRECTION('',(0.,1.,0.));
#10422 = ORIENTED_EDGE('',*,*,#10423,.F.);
#10423 = EDGE_CURVE('',#3309,#10416,#10424,.T.);
#10424 = LINE('',#10425,#10426);
#10425 = CARTESIAN_POINT('',(-42.,21.968095238095,13.02));
#10426 = VECTOR('',#10427,1.);
#10427 = DIRECTION('',(-0.,-0.,-1.));
#10428 = ORIENTED_EDGE('',*,*,#3306,.F.);
#10429 = PLANE('',#10430);
#10430 = AXIS2_PLACEMENT_3D('',#10431,#10432,#10433);
#10431 = CARTESIAN_POINT('',(-42.,21.168095238095,13.02));
#10432 = DIRECTION('',(1.,-2.2E-16,0.));
#10433 = DIRECTION('',(2.2E-16,1.,0.));
#10434 = ADVANCED_FACE('',(#10435),#10453,.T.);
#10435 = FACE_BOUND('',#10436,.T.);
#10436 = EDGE_LOOP('',(#10437,#10445,#10451,#10452));
#10437 = ORIENTED_EDGE('',*,*,#10438,.T.);
#10438 = EDGE_CURVE('',#3333,#10439,#10441,.T.);
#10439 = VERTEX_POINT('',#10440);
#10440 = CARTESIAN_POINT('',(-39.46428571428,21.168095238095,12.02));
#10441 = LINE('',#10442,#10443);
#10442 = CARTESIAN_POINT('',(-39.46428571428,21.168095238095,13.02));
#10443 = VECTOR('',#10444,1.);
#10444 = DIRECTION('',(-0.,-0.,-1.));
#10445 = ORIENTED_EDGE('',*,*,#10446,.T.);
#10446 = EDGE_CURVE('',#10439,#10408,#10447,.T.);
#10447 = LINE('',#10448,#10449);
#10448 = CARTESIAN_POINT('',(-39.46428571428,21.168095238095,12.02));
#10449 = VECTOR('',#10450,1.);
#10450 = DIRECTION('',(-1.,0.,0.));
#10451 = ORIENTED_EDGE('',*,*,#10407,.F.);
#10452 = ORIENTED_EDGE('',*,*,#3340,.F.);
#10453 = PLANE('',#10454);
#10454 = AXIS2_PLACEMENT_3D('',#10455,#10456,#10457);
#10455 = CARTESIAN_POINT('',(-39.46428571428,21.168095238095,13.02));
#10456 = DIRECTION('',(2.2E-16,1.,0.));
#10457 = DIRECTION('',(-1.,2.2E-16,0.));
#10458 = ADVANCED_FACE('',(#10459),#10477,.T.);
#10459 = FACE_BOUND('',#10460,.T.);
#10460 = EDGE_LOOP('',(#10461,#10469,#10475,#10476));
#10461 = ORIENTED_EDGE('',*,*,#10462,.T.);
#10462 = EDGE_CURVE('',#3325,#10463,#10465,.T.);
#10463 = VERTEX_POINT('',#10464);
#10464 = CARTESIAN_POINT('',(-38.27142857142,21.910952380952,12.02));
#10465 = LINE('',#10466,#10467);
#10466 = CARTESIAN_POINT('',(-38.27142857142,21.910952380952,13.02));
#10467 = VECTOR('',#10468,1.);
#10468 = DIRECTION('',(-0.,-0.,-1.));
#10469 = ORIENTED_EDGE('',*,*,#10470,.T.);
#10470 = EDGE_CURVE('',#10463,#10439,#10471,.T.);
#10471 = LINE('',#10472,#10473);
#10472 = CARTESIAN_POINT('',(-38.27142857142,21.910952380952,12.02));
#10473 = VECTOR('',#10474,1.);
#10474 = DIRECTION('',(-0.848853874434,-0.528627562522,0.));
#10475 = ORIENTED_EDGE('',*,*,#10438,.F.);
#10476 = ORIENTED_EDGE('',*,*,#3332,.F.);
#10477 = PLANE('',#10478);
#10478 = AXIS2_PLACEMENT_3D('',#10479,#10480,#10481);
#10479 = CARTESIAN_POINT('',(-38.27142857142,21.910952380952,13.02));
#10480 = DIRECTION('',(-0.528627562522,0.848853874434,0.));
#10481 = DIRECTION('',(-0.848853874434,-0.528627562522,0.));
#10482 = ADVANCED_FACE('',(#10483),#10501,.T.);
#10483 = FACE_BOUND('',#10484,.T.);
#10484 = EDGE_LOOP('',(#10485,#10493,#10499,#10500));
#10485 = ORIENTED_EDGE('',*,*,#10486,.T.);
#10486 = EDGE_CURVE('',#3317,#10487,#10489,.T.);
#10487 = VERTEX_POINT('',#10488);
#10488 = CARTESIAN_POINT('',(-38.27142857142,21.968095238095,12.02));
#10489 = LINE('',#10490,#10491);
#10490 = CARTESIAN_POINT('',(-38.27142857142,21.968095238095,13.02));
#10491 = VECTOR('',#10492,1.);
#10492 = DIRECTION('',(-0.,-0.,-1.));
#10493 = ORIENTED_EDGE('',*,*,#10494,.T.);
#10494 = EDGE_CURVE('',#10487,#10463,#10495,.T.);
#10495 = LINE('',#10496,#10497);
#10496 = CARTESIAN_POINT('',(-38.27142857142,21.968095238095,12.02));
#10497 = VECTOR('',#10498,1.);
#10498 = DIRECTION('',(0.,-1.,0.));
#10499 = ORIENTED_EDGE('',*,*,#10462,.F.);
#10500 = ORIENTED_EDGE('',*,*,#3324,.F.);
#10501 = PLANE('',#10502);
#10502 = AXIS2_PLACEMENT_3D('',#10503,#10504,#10505);
#10503 = CARTESIAN_POINT('',(-38.27142857142,21.968095238095,13.02));
#10504 = DIRECTION('',(-1.,2.2E-16,0.));
#10505 = DIRECTION('',(-2.2E-16,-1.,0.));
#10506 = ADVANCED_FACE('',(#10507),#10518,.T.);
#10507 = FACE_BOUND('',#10508,.T.);
#10508 = EDGE_LOOP('',(#10509,#10510,#10516,#10517));
#10509 = ORIENTED_EDGE('',*,*,#10423,.T.);
#10510 = ORIENTED_EDGE('',*,*,#10511,.T.);
#10511 = EDGE_CURVE('',#10416,#10487,#10512,.T.);
#10512 = LINE('',#10513,#10514);
#10513 = CARTESIAN_POINT('',(-42.,21.968095238095,12.02));
#10514 = VECTOR('',#10515,1.);
#10515 = DIRECTION('',(1.,0.,0.));
#10516 = ORIENTED_EDGE('',*,*,#10486,.F.);
#10517 = ORIENTED_EDGE('',*,*,#3316,.F.);
#10518 = PLANE('',#10519);
#10519 = AXIS2_PLACEMENT_3D('',#10520,#10521,#10522);
#10520 = CARTESIAN_POINT('',(-42.,21.968095238095,13.02));
#10521 = DIRECTION('',(-2.2E-16,-1.,0.));
#10522 = DIRECTION('',(1.,-2.2E-16,0.));
#10523 = ADVANCED_FACE('',(#10524),#10549,.T.);
#10524 = FACE_BOUND('',#10525,.T.);
#10525 = EDGE_LOOP('',(#10526,#10534,#10542,#10548));
#10526 = ORIENTED_EDGE('',*,*,#10527,.T.);
#10527 = EDGE_CURVE('',#3349,#10528,#10530,.T.);
#10528 = VERTEX_POINT('',#10529);
#10529 = CARTESIAN_POINT('',(-42.,22.57,12.02));
#10530 = LINE('',#10531,#10532);
#10531 = CARTESIAN_POINT('',(-42.,22.57,13.02));
#10532 = VECTOR('',#10533,1.);
#10533 = DIRECTION('',(-0.,-0.,-1.));
#10534 = ORIENTED_EDGE('',*,*,#10535,.T.);
#10535 = EDGE_CURVE('',#10528,#10536,#10538,.T.);
#10536 = VERTEX_POINT('',#10537);
#10537 = CARTESIAN_POINT('',(-42.,23.37,12.02));
#10538 = LINE('',#10539,#10540);
#10539 = CARTESIAN_POINT('',(-42.,22.57,12.02));
#10540 = VECTOR('',#10541,1.);
#10541 = DIRECTION('',(0.,1.,0.));
#10542 = ORIENTED_EDGE('',*,*,#10543,.F.);
#10543 = EDGE_CURVE('',#3351,#10536,#10544,.T.);
#10544 = LINE('',#10545,#10546);
#10545 = CARTESIAN_POINT('',(-42.,23.37,13.02));
#10546 = VECTOR('',#10547,1.);
#10547 = DIRECTION('',(-0.,-0.,-1.));
#10548 = ORIENTED_EDGE('',*,*,#3348,.F.);
#10549 = PLANE('',#10550);
#10550 = AXIS2_PLACEMENT_3D('',#10551,#10552,#10553);
#10551 = CARTESIAN_POINT('',(-42.,22.57,13.02));
#10552 = DIRECTION('',(1.,-2.2E-16,0.));
#10553 = DIRECTION('',(2.2E-16,1.,0.));
#10554 = ADVANCED_FACE('',(#10555),#10573,.T.);
#10555 = FACE_BOUND('',#10556,.T.);
#10556 = EDGE_LOOP('',(#10557,#10565,#10571,#10572));
#10557 = ORIENTED_EDGE('',*,*,#10558,.T.);
#10558 = EDGE_CURVE('',#3367,#10559,#10561,.T.);
#10559 = VERTEX_POINT('',#10560);
#10560 = CARTESIAN_POINT('',(-37.,22.57,12.02));
#10561 = LINE('',#10562,#10563);
#10562 = CARTESIAN_POINT('',(-37.,22.57,13.02));
#10563 = VECTOR('',#10564,1.);
#10564 = DIRECTION('',(-0.,-0.,-1.));
#10565 = ORIENTED_EDGE('',*,*,#10566,.T.);
#10566 = EDGE_CURVE('',#10559,#10528,#10567,.T.);
#10567 = LINE('',#10568,#10569);
#10568 = CARTESIAN_POINT('',(-37.,22.57,12.02));
#10569 = VECTOR('',#10570,1.);
#10570 = DIRECTION('',(-1.,0.,0.));
#10571 = ORIENTED_EDGE('',*,*,#10527,.F.);
#10572 = ORIENTED_EDGE('',*,*,#3374,.F.);
#10573 = PLANE('',#10574);
#10574 = AXIS2_PLACEMENT_3D('',#10575,#10576,#10577);
#10575 = CARTESIAN_POINT('',(-37.,22.57,13.02));
#10576 = DIRECTION('',(2.2E-16,1.,0.));
#10577 = DIRECTION('',(-1.,2.2E-16,0.));
#10578 = ADVANCED_FACE('',(#10579),#10597,.T.);
#10579 = FACE_BOUND('',#10580,.T.);
#10580 = EDGE_LOOP('',(#10581,#10589,#10595,#10596));
#10581 = ORIENTED_EDGE('',*,*,#10582,.T.);
#10582 = EDGE_CURVE('',#3359,#10583,#10585,.T.);
#10583 = VERTEX_POINT('',#10584);
#10584 = CARTESIAN_POINT('',(-37.,23.37,12.02));
#10585 = LINE('',#10586,#10587);
#10586 = CARTESIAN_POINT('',(-37.,23.37,13.02));
#10587 = VECTOR('',#10588,1.);
#10588 = DIRECTION('',(-0.,-0.,-1.));
#10589 = ORIENTED_EDGE('',*,*,#10590,.T.);
#10590 = EDGE_CURVE('',#10583,#10559,#10591,.T.);
#10591 = LINE('',#10592,#10593);
#10592 = CARTESIAN_POINT('',(-37.,23.37,12.02));
#10593 = VECTOR('',#10594,1.);
#10594 = DIRECTION('',(0.,-1.,0.));
#10595 = ORIENTED_EDGE('',*,*,#10558,.F.);
#10596 = ORIENTED_EDGE('',*,*,#3366,.F.);
#10597 = PLANE('',#10598);
#10598 = AXIS2_PLACEMENT_3D('',#10599,#10600,#10601);
#10599 = CARTESIAN_POINT('',(-37.,23.37,13.02));
#10600 = DIRECTION('',(-1.,2.2E-16,0.));
#10601 = DIRECTION('',(-2.2E-16,-1.,0.));
#10602 = ADVANCED_FACE('',(#10603),#10614,.T.);
#10603 = FACE_BOUND('',#10604,.T.);
#10604 = EDGE_LOOP('',(#10605,#10606,#10612,#10613));
#10605 = ORIENTED_EDGE('',*,*,#10543,.T.);
#10606 = ORIENTED_EDGE('',*,*,#10607,.T.);
#10607 = EDGE_CURVE('',#10536,#10583,#10608,.T.);
#10608 = LINE('',#10609,#10610);
#10609 = CARTESIAN_POINT('',(-42.,23.37,12.02));
#10610 = VECTOR('',#10611,1.);
#10611 = DIRECTION('',(1.,0.,0.));
#10612 = ORIENTED_EDGE('',*,*,#10582,.F.);
#10613 = ORIENTED_EDGE('',*,*,#3358,.F.);
#10614 = PLANE('',#10615);
#10615 = AXIS2_PLACEMENT_3D('',#10616,#10617,#10618);
#10616 = CARTESIAN_POINT('',(-42.,23.37,13.02));
#10617 = DIRECTION('',(-2.2E-16,-1.,0.));
#10618 = DIRECTION('',(1.,-2.2E-16,0.));
#10619 = ADVANCED_FACE('',(#10620,#10626),#10660,.T.);
#10620 = FACE_BOUND('',#10621,.T.);
#10621 = EDGE_LOOP('',(#10622,#10623,#10624,#10625));
#10622 = ORIENTED_EDGE('',*,*,#4284,.T.);
#10623 = ORIENTED_EDGE('',*,*,#3464,.T.);
#10624 = ORIENTED_EDGE('',*,*,#3388,.F.);
#10625 = ORIENTED_EDGE('',*,*,#3751,.F.);
#10626 = FACE_BOUND('',#10627,.T.);
#10627 = EDGE_LOOP('',(#10628,#10638,#10646,#10654));
#10628 = ORIENTED_EDGE('',*,*,#10629,.F.);
#10629 = EDGE_CURVE('',#10630,#10632,#10634,.T.);
#10630 = VERTEX_POINT('',#10631);
#10631 = CARTESIAN_POINT('',(42.3,-27.,2.23));
#10632 = VERTEX_POINT('',#10633);
#10633 = CARTESIAN_POINT('',(42.3,-27.,0.93));
#10634 = LINE('',#10635,#10636);
#10635 = CARTESIAN_POINT('',(42.3,-27.,2.23));
#10636 = VECTOR('',#10637,1.);
#10637 = DIRECTION('',(0.,0.,-1.));
#10638 = ORIENTED_EDGE('',*,*,#10639,.F.);
#10639 = EDGE_CURVE('',#10640,#10630,#10642,.T.);
#10640 = VERTEX_POINT('',#10641);
#10641 = CARTESIAN_POINT('',(-40.3,-27.,2.23));
#10642 = LINE('',#10643,#10644);
#10643 = CARTESIAN_POINT('',(-40.3,-27.,2.23));
#10644 = VECTOR('',#10645,1.);
#10645 = DIRECTION('',(1.,0.,0.));
#10646 = ORIENTED_EDGE('',*,*,#10647,.F.);
#10647 = EDGE_CURVE('',#10648,#10640,#10650,.T.);
#10648 = VERTEX_POINT('',#10649);
#10649 = CARTESIAN_POINT('',(-40.3,-27.,0.93));
#10650 = LINE('',#10651,#10652);
#10651 = CARTESIAN_POINT('',(-40.3,-27.,0.93));
#10652 = VECTOR('',#10653,1.);
#10653 = DIRECTION('',(0.,0.,1.));
#10654 = ORIENTED_EDGE('',*,*,#10655,.F.);
#10655 = EDGE_CURVE('',#10632,#10648,#10656,.T.);
#10656 = LINE('',#10657,#10658);
#10657 = CARTESIAN_POINT('',(42.3,-27.,0.93));
#10658 = VECTOR('',#10659,1.);
#10659 = DIRECTION('',(-1.,0.,0.));
#10660 = PLANE('',#10661);
#10661 = AXIS2_PLACEMENT_3D('',#10662,#10663,#10664);
#10662 = CARTESIAN_POINT('',(-45.6,-27.,0.));
#10663 = DIRECTION('',(0.,1.,0.));
#10664 = DIRECTION('',(1.,0.,0.));
#10665 = ADVANCED_FACE('',(#10666),#10691,.F.);
#10666 = FACE_BOUND('',#10667,.F.);
#10667 = EDGE_LOOP('',(#10668,#10676,#10677,#10685));
#10668 = ORIENTED_EDGE('',*,*,#10669,.F.);
#10669 = EDGE_CURVE('',#3417,#10670,#10672,.T.);
#10670 = VERTEX_POINT('',#10671);
#10671 = CARTESIAN_POINT('',(45.8,-23.7,0.93));
#10672 = LINE('',#10673,#10674);
#10673 = CARTESIAN_POINT('',(45.6,-23.7,0.93));
#10674 = VECTOR('',#10675,1.);
#10675 = DIRECTION('',(1.,0.,0.));
#10676 = ORIENTED_EDGE('',*,*,#3414,.F.);
#10677 = ORIENTED_EDGE('',*,*,#10678,.F.);
#10678 = EDGE_CURVE('',#10679,#3415,#10681,.T.);
#10679 = VERTEX_POINT('',#10680);
#10680 = CARTESIAN_POINT('',(45.8,-18.97,0.93));
#10681 = LINE('',#10682,#10683);
#10682 = CARTESIAN_POINT('',(46.2,-18.97,0.93));
#10683 = VECTOR('',#10684,1.);
#10684 = DIRECTION('',(-1.,0.,0.));
#10685 = ORIENTED_EDGE('',*,*,#10686,.T.);
#10686 = EDGE_CURVE('',#10679,#10670,#10687,.T.);
#10687 = LINE('',#10688,#10689);
#10688 = CARTESIAN_POINT('',(45.8,-18.97,0.93));
#10689 = VECTOR('',#10690,1.);
#10690 = DIRECTION('',(0.,-1.,0.));
#10691 = PLANE('',#10692);
#10692 = AXIS2_PLACEMENT_3D('',#10693,#10694,#10695);
#10693 = CARTESIAN_POINT('',(45.6,21.7,0.93));
#10694 = DIRECTION('',(0.,0.,-1.));
#10695 = DIRECTION('',(0.,-1.,0.));
#10696 = ADVANCED_FACE('',(#10697),#10715,.F.);
#10697 = FACE_BOUND('',#10698,.F.);
#10698 = EDGE_LOOP('',(#10699,#10700,#10701,#10709));
#10699 = ORIENTED_EDGE('',*,*,#10678,.T.);
#10700 = ORIENTED_EDGE('',*,*,#3424,.T.);
#10701 = ORIENTED_EDGE('',*,*,#10702,.F.);
#10702 = EDGE_CURVE('',#10703,#3425,#10705,.T.);
#10703 = VERTEX_POINT('',#10704);
#10704 = CARTESIAN_POINT('',(45.8,-18.97,2.23));
#10705 = LINE('',#10706,#10707);
#10706 = CARTESIAN_POINT('',(46.2,-18.97,2.23));
#10707 = VECTOR('',#10708,1.);
#10708 = DIRECTION('',(-1.,0.,0.));
#10709 = ORIENTED_EDGE('',*,*,#10710,.F.);
#10710 = EDGE_CURVE('',#10679,#10703,#10711,.T.);
#10711 = LINE('',#10712,#10713);
#10712 = CARTESIAN_POINT('',(45.8,-18.97,0.93));
#10713 = VECTOR('',#10714,1.);
#10714 = DIRECTION('',(0.,0.,1.));
#10715 = PLANE('',#10716);
#10716 = AXIS2_PLACEMENT_3D('',#10717,#10718,#10719);
#10717 = CARTESIAN_POINT('',(46.2,-18.97,0.93));
#10718 = DIRECTION('',(0.,1.,0.));
#10719 = DIRECTION('',(0.,0.,1.));
#10720 = ADVANCED_FACE('',(#10721),#10739,.F.);
#10721 = FACE_BOUND('',#10722,.F.);
#10722 = EDGE_LOOP('',(#10723,#10724,#10725,#10733));
#10723 = ORIENTED_EDGE('',*,*,#10702,.T.);
#10724 = ORIENTED_EDGE('',*,*,#3432,.F.);
#10725 = ORIENTED_EDGE('',*,*,#10726,.T.);
#10726 = EDGE_CURVE('',#3433,#10727,#10729,.T.);
#10727 = VERTEX_POINT('',#10728);
#10728 = CARTESIAN_POINT('',(45.8,-23.7,2.23));
#10729 = LINE('',#10730,#10731);
#10730 = CARTESIAN_POINT('',(45.6,-23.7,2.23));
#10731 = VECTOR('',#10732,1.);
#10732 = DIRECTION('',(1.,0.,0.));
#10733 = ORIENTED_EDGE('',*,*,#10734,.T.);
#10734 = EDGE_CURVE('',#10727,#10703,#10735,.T.);
#10735 = LINE('',#10736,#10737);
#10736 = CARTESIAN_POINT('',(45.8,-23.7,2.23));
#10737 = VECTOR('',#10738,1.);
#10738 = DIRECTION('',(0.,1.,0.));
#10739 = PLANE('',#10740);
#10740 = AXIS2_PLACEMENT_3D('',#10741,#10742,#10743);
#10741 = CARTESIAN_POINT('',(45.6,-23.7,2.23));
#10742 = DIRECTION('',(0.,0.,1.));
#10743 = DIRECTION('',(0.,1.,0.));
#10744 = ADVANCED_FACE('',(#10745),#10756,.F.);
#10745 = FACE_BOUND('',#10746,.F.);
#10746 = EDGE_LOOP('',(#10747,#10748,#10754,#10755));
#10747 = ORIENTED_EDGE('',*,*,#10669,.T.);
#10748 = ORIENTED_EDGE('',*,*,#10749,.T.);
#10749 = EDGE_CURVE('',#10670,#10727,#10750,.T.);
#10750 = LINE('',#10751,#10752);
#10751 = CARTESIAN_POINT('',(45.8,-23.7,0.93));
#10752 = VECTOR('',#10753,1.);
#10753 = DIRECTION('',(0.,0.,1.));
#10754 = ORIENTED_EDGE('',*,*,#10726,.F.);
#10755 = ORIENTED_EDGE('',*,*,#3440,.F.);
#10756 = PLANE('',#10757);
#10757 = AXIS2_PLACEMENT_3D('',#10758,#10759,#10760);
#10758 = CARTESIAN_POINT('',(45.6,-23.7,0.93));
#10759 = DIRECTION('',(0.,-1.,0.));
#10760 = DIRECTION('',(0.,0.,1.));
#10761 = ADVANCED_FACE('',(#10762),#10780,.T.);
#10762 = FACE_BOUND('',#10763,.T.);
#10763 = EDGE_LOOP('',(#10764,#10765,#10773,#10779));
#10764 = ORIENTED_EDGE('',*,*,#3536,.T.);
#10765 = ORIENTED_EDGE('',*,*,#10766,.T.);
#10766 = EDGE_CURVE('',#3529,#10767,#10769,.T.);
#10767 = VERTEX_POINT('',#10768);
#10768 = CARTESIAN_POINT('',(-44.5,25.9,10.82));
#10769 = LINE('',#10770,#10771);
#10770 = CARTESIAN_POINT('',(44.5,25.9,10.82));
#10771 = VECTOR('',#10772,1.);
#10772 = DIRECTION('',(-1.,0.,0.));
#10773 = ORIENTED_EDGE('',*,*,#10774,.F.);
#10774 = EDGE_CURVE('',#3489,#10767,#10775,.T.);
#10775 = LINE('',#10776,#10777);
#10776 = CARTESIAN_POINT('',(-44.5,25.9,3.22));
#10777 = VECTOR('',#10778,1.);
#10778 = DIRECTION('',(0.,0.,1.));
#10779 = ORIENTED_EDGE('',*,*,#3496,.F.);
#10780 = PLANE('',#10781);
#10781 = AXIS2_PLACEMENT_3D('',#10782,#10783,#10784);
#10782 = CARTESIAN_POINT('',(44.5,25.9,3.22));
#10783 = DIRECTION('',(0.,-1.,0.));
#10784 = DIRECTION('',(-1.,0.,0.));
#10785 = ADVANCED_FACE('',(#10786),#10804,.T.);
#10786 = FACE_BOUND('',#10787,.T.);
#10787 = EDGE_LOOP('',(#10788,#10789,#10797,#10803));
#10788 = ORIENTED_EDGE('',*,*,#10774,.T.);
#10789 = ORIENTED_EDGE('',*,*,#10790,.T.);
#10790 = EDGE_CURVE('',#10767,#10791,#10793,.T.);
#10791 = VERTEX_POINT('',#10792);
#10792 = CARTESIAN_POINT('',(-44.5,-25.9,10.82));
#10793 = LINE('',#10794,#10795);
#10794 = CARTESIAN_POINT('',(-44.5,25.9,10.82));
#10795 = VECTOR('',#10796,1.);
#10796 = DIRECTION('',(0.,-1.,0.));
#10797 = ORIENTED_EDGE('',*,*,#10798,.F.);
#10798 = EDGE_CURVE('',#3481,#10791,#10799,.T.);
#10799 = LINE('',#10800,#10801);
#10800 = CARTESIAN_POINT('',(-44.5,-25.9,3.22));
#10801 = VECTOR('',#10802,1.);
#10802 = DIRECTION('',(0.,0.,1.));
#10803 = ORIENTED_EDGE('',*,*,#3488,.F.);
#10804 = PLANE('',#10805);
#10805 = AXIS2_PLACEMENT_3D('',#10806,#10807,#10808);
#10806 = CARTESIAN_POINT('',(-44.5,25.9,3.22));
#10807 = DIRECTION('',(1.,0.,0.));
#10808 = DIRECTION('',(0.,-1.,0.));
#10809 = ADVANCED_FACE('',(#10810),#10821,.T.);
#10810 = FACE_BOUND('',#10811,.T.);
#10811 = EDGE_LOOP('',(#10812,#10813,#10819,#10820));
#10812 = ORIENTED_EDGE('',*,*,#10798,.T.);
#10813 = ORIENTED_EDGE('',*,*,#10814,.T.);
#10814 = EDGE_CURVE('',#10791,#3521,#10815,.T.);
#10815 = LINE('',#10816,#10817);
#10816 = CARTESIAN_POINT('',(-44.5,-25.9,10.82));
#10817 = VECTOR('',#10818,1.);
#10818 = DIRECTION('',(1.,0.,0.));
#10819 = ORIENTED_EDGE('',*,*,#3520,.F.);
#10820 = ORIENTED_EDGE('',*,*,#3480,.F.);
#10821 = PLANE('',#10822);
#10822 = AXIS2_PLACEMENT_3D('',#10823,#10824,#10825);
#10823 = CARTESIAN_POINT('',(-44.5,-25.9,3.22));
#10824 = DIRECTION('',(0.,1.,0.));
#10825 = DIRECTION('',(1.,0.,0.));
#10826 = ADVANCED_FACE('',(#10827,#10833,#10844,#10855,#10861,#10872),
  #10883,.F.);
#10827 = FACE_BOUND('',#10828,.F.);
#10828 = EDGE_LOOP('',(#10829,#10830,#10831,#10832));
#10829 = ORIENTED_EDGE('',*,*,#10766,.T.);
#10830 = ORIENTED_EDGE('',*,*,#10790,.T.);
#10831 = ORIENTED_EDGE('',*,*,#10814,.T.);
#10832 = ORIENTED_EDGE('',*,*,#3528,.T.);
#10833 = FACE_BOUND('',#10834,.F.);
#10834 = EDGE_LOOP('',(#10835));
#10835 = ORIENTED_EDGE('',*,*,#10836,.T.);
#10836 = EDGE_CURVE('',#10837,#10837,#10839,.T.);
#10837 = VERTEX_POINT('',#10838);
#10838 = CARTESIAN_POINT('',(-35.08,-21.95,10.82));
#10839 = CIRCLE('',#10840,1.4);
#10840 = AXIS2_PLACEMENT_3D('',#10841,#10842,#10843);
#10841 = CARTESIAN_POINT('',(-36.48,-21.95,10.82));
#10842 = DIRECTION('',(0.,0.,-1.));
#10843 = DIRECTION('',(1.,0.,0.));
#10844 = FACE_BOUND('',#10845,.F.);
#10845 = EDGE_LOOP('',(#10846));
#10846 = ORIENTED_EDGE('',*,*,#10847,.T.);
#10847 = EDGE_CURVE('',#10848,#10848,#10850,.T.);
#10848 = VERTEX_POINT('',#10849);
#10849 = CARTESIAN_POINT('',(41.,-21.95,10.82));
#10850 = CIRCLE('',#10851,1.4);
#10851 = AXIS2_PLACEMENT_3D('',#10852,#10853,#10854);
#10852 = CARTESIAN_POINT('',(39.6,-21.95,10.82));
#10853 = DIRECTION('',(0.,0.,-1.));
#10854 = DIRECTION('',(1.,0.,0.));
#10855 = FACE_BOUND('',#10856,.F.);
#10856 = EDGE_LOOP('',(#10857,#10858,#10859,#10860));
#10857 = ORIENTED_EDGE('',*,*,#7634,.F.);
#10858 = ORIENTED_EDGE('',*,*,#7658,.F.);
#10859 = ORIENTED_EDGE('',*,*,#7699,.F.);
#10860 = ORIENTED_EDGE('',*,*,#7682,.F.);
#10861 = FACE_BOUND('',#10862,.F.);
#10862 = EDGE_LOOP('',(#10863));
#10863 = ORIENTED_EDGE('',*,*,#10864,.T.);
#10864 = EDGE_CURVE('',#10865,#10865,#10867,.T.);
#10865 = VERTEX_POINT('',#10866);
#10866 = CARTESIAN_POINT('',(-35.08,22.05,10.82));
#10867 = CIRCLE('',#10868,1.4);
#10868 = AXIS2_PLACEMENT_3D('',#10869,#10870,#10871);
#10869 = CARTESIAN_POINT('',(-36.48,22.05,10.82));
#10870 = DIRECTION('',(0.,0.,-1.));
#10871 = DIRECTION('',(1.,0.,0.));
#10872 = FACE_BOUND('',#10873,.F.);
#10873 = EDGE_LOOP('',(#10874));
#10874 = ORIENTED_EDGE('',*,*,#10875,.T.);
#10875 = EDGE_CURVE('',#10876,#10876,#10878,.T.);
#10876 = VERTEX_POINT('',#10877);
#10877 = CARTESIAN_POINT('',(41.,22.05,10.82));
#10878 = CIRCLE('',#10879,1.4);
#10879 = AXIS2_PLACEMENT_3D('',#10880,#10881,#10882);
#10880 = CARTESIAN_POINT('',(39.6,22.05,10.82));
#10881 = DIRECTION('',(0.,0.,-1.));
#10882 = DIRECTION('',(1.,0.,0.));
#10883 = PLANE('',#10884);
#10884 = AXIS2_PLACEMENT_3D('',#10885,#10886,#10887);
#10885 = CARTESIAN_POINT('',(0.711045611967,4.888438582271E-02,10.82));
#10886 = DIRECTION('',(0.,0.,1.));
#10887 = DIRECTION('',(1.,0.,0.));
#10888 = ADVANCED_FACE('',(#10889),#10923,.F.);
#10889 = FACE_BOUND('',#10890,.F.);
#10890 = EDGE_LOOP('',(#10891,#10899,#10900,#10908,#10916));
#10891 = ORIENTED_EDGE('',*,*,#10892,.F.);
#10892 = EDGE_CURVE('',#3573,#10893,#10895,.T.);
#10893 = VERTEX_POINT('',#10894);
#10894 = CARTESIAN_POINT('',(21.302553000165,-27.59982814804,
    1.318275999995));
#10895 = LINE('',#10896,#10897);
#10896 = CARTESIAN_POINT('',(21.302553,-28.4,1.318276));
#10897 = VECTOR('',#10898,1.);
#10898 = DIRECTION('',(0.,1.,-2.2E-16));
#10899 = ORIENTED_EDGE('',*,*,#3570,.F.);
#10900 = ORIENTED_EDGE('',*,*,#10901,.T.);
#10901 = EDGE_CURVE('',#3571,#10902,#10904,.T.);
#10902 = VERTEX_POINT('',#10903);
#10903 = CARTESIAN_POINT('',(21.302553,-27.6,1.780635));
#10904 = LINE('',#10905,#10906);
#10905 = CARTESIAN_POINT('',(21.302553,-28.4,1.780635));
#10906 = VECTOR('',#10907,1.);
#10907 = DIRECTION('',(0.,1.,-2.2E-16));
#10908 = ORIENTED_EDGE('',*,*,#10909,.F.);
#10909 = EDGE_CURVE('',#10910,#10902,#10912,.T.);
#10910 = VERTEX_POINT('',#10911);
#10911 = CARTESIAN_POINT('',(21.302553,-27.6,1.33));
#10912 = LINE('',#10913,#10914);
#10913 = CARTESIAN_POINT('',(21.302553,-27.6,1.6803175));
#10914 = VECTOR('',#10915,1.);
#10915 = DIRECTION('',(0.,0.,1.));
#10916 = ORIENTED_EDGE('',*,*,#10917,.F.);
#10917 = EDGE_CURVE('',#10893,#10910,#10918,.T.);
#10918 = CIRCLE('',#10919,0.4);
#10919 = AXIS2_PLACEMENT_3D('',#10920,#10921,#10922);
#10920 = CARTESIAN_POINT('',(21.302553,-27.2,1.33));
#10921 = DIRECTION('',(-1.,0.,0.));
#10922 = DIRECTION('',(0.,0.,-1.));
#10923 = PLANE('',#10924);
#10924 = AXIS2_PLACEMENT_3D('',#10925,#10926,#10927);
#10925 = CARTESIAN_POINT('',(21.302553,-28.4,1.780635));
#10926 = DIRECTION('',(-1.,0.,0.));
#10927 = DIRECTION('',(-0.,-2.2E-16,-1.));
#10928 = ADVANCED_FACE('',(#10929),#10993,.F.);
#10929 = FACE_BOUND('',#10930,.F.);
#10930 = EDGE_LOOP('',(#10931,#10941,#10950,#10956,#10957,#10958));
#10931 = ORIENTED_EDGE('',*,*,#10932,.F.);
#10932 = EDGE_CURVE('',#10933,#10935,#10937,.T.);
#10933 = VERTEX_POINT('',#10934);
#10934 = CARTESIAN_POINT('',(21.48369766594,-27.1,0.93));
#10935 = VERTEX_POINT('',#10936);
#10936 = CARTESIAN_POINT('',(21.48369766594,-27.2,0.93));
#10937 = LINE('',#10938,#10939);
#10938 = CARTESIAN_POINT('',(21.48369766594,-28.4,0.93));
#10939 = VECTOR('',#10940,1.);
#10940 = DIRECTION('',(0.,-1.,2.2E-16));
#10941 = ORIENTED_EDGE('',*,*,#10942,.T.);
#10942 = EDGE_CURVE('',#10933,#10943,#10945,.T.);
#10943 = VERTEX_POINT('',#10944);
#10944 = CARTESIAN_POINT('',(21.809252,-27.1,0.811577));
#10945 = CIRCLE('',#10946,0.506699);
#10946 = AXIS2_PLACEMENT_3D('',#10947,#10948,#10949);
#10947 = CARTESIAN_POINT('',(21.809252,-27.1,1.318276));
#10948 = DIRECTION('',(0.,-1.,0.));
#10949 = DIRECTION('',(1.,0.,0.));
#10950 = ORIENTED_EDGE('',*,*,#10951,.F.);
#10951 = EDGE_CURVE('',#3624,#10943,#10952,.T.);
#10952 = LINE('',#10953,#10954);
#10953 = CARTESIAN_POINT('',(21.809252,-28.4,0.811577));
#10954 = VECTOR('',#10955,1.);
#10955 = DIRECTION('',(0.,1.,-2.2E-16));
#10956 = ORIENTED_EDGE('',*,*,#3631,.F.);
#10957 = ORIENTED_EDGE('',*,*,#10892,.T.);
#10958 = ORIENTED_EDGE('',*,*,#10959,.F.);
#10959 = EDGE_CURVE('',#10935,#10893,#10960,.T.);
#10960 = B_SPLINE_CURVE_WITH_KNOTS('',7,(#10961,#10962,#10963,#10964,
    #10965,#10966,#10967,#10968,#10969,#10970,#10971,#10972,#10973,
    #10974,#10975,#10976,#10977,#10978,#10979,#10980,#10981,#10982,
    #10983,#10984,#10985,#10986,#10987,#10988,#10989,#10990,#10991,
    #10992),.UNSPECIFIED.,.F.,.F.,(8,6,6,6,6,8),(0.,0.189616044673,
    0.545114572719,0.986758230102,0.989115785759,1.),.UNSPECIFIED.);
#10961 = CARTESIAN_POINT('',(21.48369766594,-27.2,0.93));
#10962 = CARTESIAN_POINT('',(21.48369766594,-27.21901534341,0.93));
#10963 = CARTESIAN_POINT('',(21.482440324008,-27.23803475361,
    0.931054639795));
#10964 = CARTESIAN_POINT('',(21.479922064143,-27.25687116684,
    0.933164614991));
#10965 = CARTESIAN_POINT('',(21.476253863173,-27.27538156684,
    0.936286267945));
#10966 = CARTESIAN_POINT('',(21.47160774471,-27.29346231678,
    0.940355087121));
#10967 = CARTESIAN_POINT('',(21.466172058921,-27.31104315646,
    0.945301643988));
#10968 = CARTESIAN_POINT('',(21.448760598262,-27.36002085727,
    0.961855865639));
#10969 = CARTESIAN_POINT('',(21.435236078489,-27.39001589311,
    0.975494025638));
#10970 = CARTESIAN_POINT('',(21.420593340486,-27.41802334075,
    0.991610697372));
#10971 = CARTESIAN_POINT('',(21.405670392773,-27.44400389631,
    1.009947203967));
#10972 = CARTESIAN_POINT('',(21.391018381449,-27.46789105666,
    1.030273208662));
#10973 = CARTESIAN_POINT('',(21.377054487755,-27.48964456856,
    1.052409229202));
#10974 = CARTESIAN_POINT('',(21.347997668768,-27.53350351944,
    1.105851515474));
#10975 = CARTESIAN_POINT('',(21.333486281862,-27.55436503442,
    1.138016503158));
#10976 = CARTESIAN_POINT('',(21.32123390437,-27.5715938907,
    1.172371222508));
#10977 = CARTESIAN_POINT('',(21.311731071771,-27.58493296662,
    1.208494432277));
#10978 = CARTESIAN_POINT('',(21.305347040877,-27.5941642761,
    1.245872253776));
#10979 = CARTESIAN_POINT('',(21.302286368516,-27.59915869292,
    1.283916492348));
#10980 = CARTESIAN_POINT('',(21.302568222008,-27.59992416637,
    1.322208818747));
#10981 = CARTESIAN_POINT('',(21.302569813797,-27.59992811026,
    1.322412144585));
#10982 = CARTESIAN_POINT('',(21.302571500793,-27.59993193352,
    1.322615471745));
#10983 = CARTESIAN_POINT('',(21.302573283001,-27.59993563617,
    1.322818800136));
#10984 = CARTESIAN_POINT('',(21.302575160421,-27.59993921819,
    1.323022129665));
#10985 = CARTESIAN_POINT('',(21.302577133056,-27.5999426796,
    1.323225460241));
#10986 = CARTESIAN_POINT('',(21.302588747645,-27.59996144391,
    1.324367519957));
#10987 = CARTESIAN_POINT('',(21.302600323875,-27.59997429653,
    1.325306268495));
#10988 = CARTESIAN_POINT('',(21.302613929828,-27.59998457832,
    1.326245028341));
#10989 = CARTESIAN_POINT('',(21.302629565665,-27.59999228938,
    1.327183790455));
#10990 = CARTESIAN_POINT('',(21.302647231481,-27.59999742987,
    1.328122545795));
#10991 = CARTESIAN_POINT('',(21.302666927304,-27.6,1.329061285323));
#10992 = CARTESIAN_POINT('',(21.302688653098,-27.6,1.33));
#10993 = CYLINDRICAL_SURFACE('',#10994,0.506699);
#10994 = AXIS2_PLACEMENT_3D('',#10995,#10996,#10997);
#10995 = CARTESIAN_POINT('',(21.809252,-28.4,1.318276));
#10996 = DIRECTION('',(0.,-1.,2.2E-16));
#10997 = DIRECTION('',(1.,0.,0.));
#10998 = ADVANCED_FACE('',(#10999),#11017,.F.);
#10999 = FACE_BOUND('',#11000,.F.);
#11000 = EDGE_LOOP('',(#11001,#11002,#11010,#11016));
#11001 = ORIENTED_EDGE('',*,*,#10951,.T.);
#11002 = ORIENTED_EDGE('',*,*,#11003,.T.);
#11003 = EDGE_CURVE('',#10943,#11004,#11006,.T.);
#11004 = VERTEX_POINT('',#11005);
#11005 = CARTESIAN_POINT('',(33.155333,-27.1,0.811577));
#11006 = LINE('',#11007,#11008);
#11007 = CARTESIAN_POINT('',(21.809252,-27.1,0.811577));
#11008 = VECTOR('',#11009,1.);
#11009 = DIRECTION('',(1.,0.,0.));
#11010 = ORIENTED_EDGE('',*,*,#11011,.F.);
#11011 = EDGE_CURVE('',#3615,#11004,#11012,.T.);
#11012 = LINE('',#11013,#11014);
#11013 = CARTESIAN_POINT('',(33.155333,-28.4,0.811577));
#11014 = VECTOR('',#11015,1.);
#11015 = DIRECTION('',(0.,1.,-2.2E-16));
#11016 = ORIENTED_EDGE('',*,*,#3623,.F.);
#11017 = PLANE('',#11018);
#11018 = AXIS2_PLACEMENT_3D('',#11019,#11020,#11021);
#11019 = CARTESIAN_POINT('',(21.809252,-28.4,0.811577));
#11020 = DIRECTION('',(0.,-2.2E-16,-1.));
#11021 = DIRECTION('',(1.,0.,0.));
#11022 = ADVANCED_FACE('',(#11023),#11075,.F.);
#11023 = FACE_BOUND('',#11024,.F.);
#11024 = EDGE_LOOP('',(#11025,#11033,#11034,#11035,#11044,#11052));
#11025 = ORIENTED_EDGE('',*,*,#11026,.F.);
#11026 = EDGE_CURVE('',#3607,#11027,#11029,.T.);
#11027 = VERTEX_POINT('',#11028);
#11028 = CARTESIAN_POINT('',(33.662032,-27.59982814786,1.318276));
#11029 = LINE('',#11030,#11031);
#11030 = CARTESIAN_POINT('',(33.662032,-28.4,1.318276));
#11031 = VECTOR('',#11032,1.);
#11032 = DIRECTION('',(0.,1.,-2.2E-16));
#11033 = ORIENTED_EDGE('',*,*,#3614,.F.);
#11034 = ORIENTED_EDGE('',*,*,#11011,.T.);
#11035 = ORIENTED_EDGE('',*,*,#11036,.T.);
#11036 = EDGE_CURVE('',#11004,#11037,#11039,.T.);
#11037 = VERTEX_POINT('',#11038);
#11038 = CARTESIAN_POINT('',(33.48088733406,-27.1,0.93));
#11039 = CIRCLE('',#11040,0.506699);
#11040 = AXIS2_PLACEMENT_3D('',#11041,#11042,#11043);
#11041 = CARTESIAN_POINT('',(33.155333,-27.1,1.318276));
#11042 = DIRECTION('',(0.,-1.,0.));
#11043 = DIRECTION('',(1.,0.,0.));
#11044 = ORIENTED_EDGE('',*,*,#11045,.T.);
#11045 = EDGE_CURVE('',#11037,#11046,#11048,.T.);
#11046 = VERTEX_POINT('',#11047);
#11047 = CARTESIAN_POINT('',(33.48088733406,-27.2,0.93));
#11048 = LINE('',#11049,#11050);
#11049 = CARTESIAN_POINT('',(33.48088733406,-28.4,0.93));
#11050 = VECTOR('',#11051,1.);
#11051 = DIRECTION('',(0.,-1.,2.2E-16));
#11052 = ORIENTED_EDGE('',*,*,#11053,.T.);
#11053 = EDGE_CURVE('',#11046,#11027,#11054,.T.);
#11054 = B_SPLINE_CURVE_WITH_KNOTS('',7,(#11055,#11056,#11057,#11058,
    #11059,#11060,#11061,#11062,#11063,#11064,#11065,#11066,#11067,
    #11068,#11069,#11070,#11071,#11072,#11073,#11074),.UNSPECIFIED.,.F.,
  .F.,(8,6,6,8),(0.,0.193370529,0.555908090343,1.),.UNSPECIFIED.);
#11055 = CARTESIAN_POINT('',(33.48088733406,-27.2,0.93));
#11056 = CARTESIAN_POINT('',(33.48088733406,-27.21901534341,0.93));
#11057 = CARTESIAN_POINT('',(33.482144675992,-27.23803475361,
    0.931054639795));
#11058 = CARTESIAN_POINT('',(33.484662935857,-27.25687116684,
    0.933164614991));
#11059 = CARTESIAN_POINT('',(33.488331136827,-27.27538156684,
    0.936286267945));
#11060 = CARTESIAN_POINT('',(33.49297725529,-27.29346231678,
    0.940355087121));
#11061 = CARTESIAN_POINT('',(33.498412941079,-27.31104315646,
    0.945301643988));
#11062 = CARTESIAN_POINT('',(33.515824401738,-27.36002085727,
    0.961855865639));
#11063 = CARTESIAN_POINT('',(33.529348921511,-27.39001589311,
    0.975494025638));
#11064 = CARTESIAN_POINT('',(33.543991659514,-27.41802334075,
    0.991610697372));
#11065 = CARTESIAN_POINT('',(33.558914607227,-27.44400389631,
    1.009947203967));
#11066 = CARTESIAN_POINT('',(33.573566618551,-27.46789105666,
    1.030273208662));
#11067 = CARTESIAN_POINT('',(33.587530512245,-27.48964456856,
    1.052409229202));
#11068 = CARTESIAN_POINT('',(33.616362272502,-27.53316381123,
    1.105437579831));
#11069 = CARTESIAN_POINT('',(33.630692442509,-27.55378072168,
    1.137117245116));
#11070 = CARTESIAN_POINT('',(33.642835448186,-27.57086857456,
    1.170930562772));
#11071 = CARTESIAN_POINT('',(33.652318917846,-27.58418189366,
    1.206474859512));
#11072 = CARTESIAN_POINT('',(33.658785381645,-27.59351064313,
    1.243260235955));
#11073 = CARTESIAN_POINT('',(33.662032,-27.59872707317,1.280725619982));
#11074 = CARTESIAN_POINT('',(33.662032,-27.59982814786,1.318276));
#11075 = CYLINDRICAL_SURFACE('',#11076,0.506699);
#11076 = AXIS2_PLACEMENT_3D('',#11077,#11078,#11079);
#11077 = CARTESIAN_POINT('',(33.155333,-28.4,1.318276));
#11078 = DIRECTION('',(0.,-1.,2.2E-16));
#11079 = DIRECTION('',(1.,0.,0.));
#11080 = ADVANCED_FACE('',(#11081),#11108,.F.);
#11081 = FACE_BOUND('',#11082,.F.);
#11082 = EDGE_LOOP('',(#11083,#11093,#11099,#11100,#11101));
#11083 = ORIENTED_EDGE('',*,*,#11084,.F.);
#11084 = EDGE_CURVE('',#11085,#11087,#11089,.T.);
#11085 = VERTEX_POINT('',#11086);
#11086 = CARTESIAN_POINT('',(33.662032,-27.6,1.780635));
#11087 = VERTEX_POINT('',#11088);
#11088 = CARTESIAN_POINT('',(33.662032,-27.6,1.33));
#11089 = LINE('',#11090,#11091);
#11090 = CARTESIAN_POINT('',(33.662032,-27.6,1.449138));
#11091 = VECTOR('',#11092,1.);
#11092 = DIRECTION('',(0.,0.,-1.));
#11093 = ORIENTED_EDGE('',*,*,#11094,.F.);
#11094 = EDGE_CURVE('',#3598,#11085,#11095,.T.);
#11095 = LINE('',#11096,#11097);
#11096 = CARTESIAN_POINT('',(33.662032,-28.4,1.780635));
#11097 = VECTOR('',#11098,1.);
#11098 = DIRECTION('',(0.,1.,-2.2E-16));
#11099 = ORIENTED_EDGE('',*,*,#3606,.F.);
#11100 = ORIENTED_EDGE('',*,*,#11026,.T.);
#11101 = ORIENTED_EDGE('',*,*,#11102,.T.);
#11102 = EDGE_CURVE('',#11027,#11087,#11103,.T.);
#11103 = CIRCLE('',#11104,0.4);
#11104 = AXIS2_PLACEMENT_3D('',#11105,#11106,#11107);
#11105 = CARTESIAN_POINT('',(33.662032,-27.2,1.33));
#11106 = DIRECTION('',(-1.,0.,0.));
#11107 = DIRECTION('',(0.,0.,-1.));
#11108 = PLANE('',#11109);
#11109 = AXIS2_PLACEMENT_3D('',#11110,#11111,#11112);
#11110 = CARTESIAN_POINT('',(33.662032,-28.4,1.318276));
#11111 = DIRECTION('',(1.,0.,0.));
#11112 = DIRECTION('',(0.,2.2E-16,1.));
#11113 = ADVANCED_FACE('',(#11114),#11185,.F.);
#11114 = FACE_BOUND('',#11115,.F.);
#11115 = EDGE_LOOP('',(#11116,#11126,#11135,#11141,#11142,#11143,#11152)
  );
#11116 = ORIENTED_EDGE('',*,*,#11117,.F.);
#11117 = EDGE_CURVE('',#11118,#11120,#11122,.T.);
#11118 = VERTEX_POINT('',#11119);
#11119 = CARTESIAN_POINT('',(33.389458977576,-27.1,2.23));
#11120 = VERTEX_POINT('',#11121);
#11121 = CARTESIAN_POINT('',(33.389458977576,-27.2,2.23));
#11122 = LINE('',#11123,#11124);
#11123 = CARTESIAN_POINT('',(33.389458977576,-28.4,2.23));
#11124 = VECTOR('',#11125,1.);
#11125 = DIRECTION('',(0.,-1.,2.2E-16));
#11126 = ORIENTED_EDGE('',*,*,#11127,.T.);
#11127 = EDGE_CURVE('',#11118,#11128,#11130,.T.);
#11128 = VERTEX_POINT('',#11129);
#11129 = CARTESIAN_POINT('',(33.155333,-27.1,2.287334));
#11130 = CIRCLE('',#11131,0.506699);
#11131 = AXIS2_PLACEMENT_3D('',#11132,#11133,#11134);
#11132 = CARTESIAN_POINT('',(33.155333,-27.1,1.780635));
#11133 = DIRECTION('',(0.,-1.,0.));
#11134 = DIRECTION('',(1.,0.,0.));
#11135 = ORIENTED_EDGE('',*,*,#11136,.F.);
#11136 = EDGE_CURVE('',#3590,#11128,#11137,.T.);
#11137 = LINE('',#11138,#11139);
#11138 = CARTESIAN_POINT('',(33.155333,-28.4,2.287334));
#11139 = VECTOR('',#11140,1.);
#11140 = DIRECTION('',(0.,1.,-2.2E-16));
#11141 = ORIENTED_EDGE('',*,*,#3597,.F.);
#11142 = ORIENTED_EDGE('',*,*,#11094,.T.);
#11143 = ORIENTED_EDGE('',*,*,#11144,.T.);
#11144 = EDGE_CURVE('',#11085,#11145,#11147,.T.);
#11145 = VERTEX_POINT('',#11146);
#11146 = CARTESIAN_POINT('',(33.659621581445,-27.6,1.83));
#11147 = CIRCLE('',#11148,0.506699);
#11148 = AXIS2_PLACEMENT_3D('',#11149,#11150,#11151);
#11149 = CARTESIAN_POINT('',(33.155333,-27.6,1.780635));
#11150 = DIRECTION('',(0.,-1.,2.2E-16));
#11151 = DIRECTION('',(1.,0.,0.));
#11152 = ORIENTED_EDGE('',*,*,#11153,.F.);
#11153 = EDGE_CURVE('',#11120,#11145,#11154,.T.);
#11154 = B_SPLINE_CURVE_WITH_KNOTS('',8,(#11155,#11156,#11157,#11158,
    #11159,#11160,#11161,#11162,#11163,#11164,#11165,#11166,#11167,
    #11168,#11169,#11170,#11171,#11172,#11173,#11174,#11175,#11176,
    #11177,#11178,#11179,#11180,#11181,#11182,#11183,#11184),
  .UNSPECIFIED.,.F.,.F.,(9,7,7,7,9),(0.,0.142583136497,0.424572882739,
    0.479242339745,1.),.UNSPECIFIED.);
#11155 = CARTESIAN_POINT('',(33.389458977576,-27.2,2.23));
#11156 = CARTESIAN_POINT('',(33.389458977576,-27.21290429709,2.23));
#11157 = CARTESIAN_POINT('',(33.390372080998,-27.2258096254,
    2.229524231847));
#11158 = CARTESIAN_POINT('',(33.392198928039,-27.23862255205,
    2.22857252526));
#11159 = CARTESIAN_POINT('',(33.394882481644,-27.2512727521,
    2.227160977037));
#11160 = CARTESIAN_POINT('',(33.398325910135,-27.26371034046,
    2.225314055485));
#11161 = CARTESIAN_POINT('',(33.402418263434,-27.27590186656,
    2.223059376544));
#11162 = CARTESIAN_POINT('',(33.40705526795,-27.28782675238,
    2.220424271281));
#11163 = CARTESIAN_POINT('',(33.422203822735,-27.32251483402,
    2.211517885693));
#11164 = CARTESIAN_POINT('',(33.434017464483,-27.34445334906,
    2.204216089164));
#11165 = CARTESIAN_POINT('',(33.446919203151,-27.36538828712,
    2.195680027432));
#11166 = CARTESIAN_POINT('',(33.46043044682,-27.38536900622,
    2.186007058241));
#11167 = CARTESIAN_POINT('',(33.474222991506,-27.40441883147,
    2.175275846838));
#11168 = CARTESIAN_POINT('',(33.4880715056,-27.42255577553,
    2.163548166665));
#11169 = CARTESIAN_POINT('',(33.501813775977,-27.43980281401,
    2.150857014982));
#11170 = CARTESIAN_POINT('',(33.517960764753,-27.45935259915,
    2.134554291212));
#11171 = CARTESIAN_POINT('',(33.520573560509,-27.46249315351,
    2.131871792804));
#11172 = CARTESIAN_POINT('',(33.52317602816,-27.46559949403,
    2.129154454257));
#11173 = CARTESIAN_POINT('',(33.525767158282,-27.46867148571,
    2.12640256673));
#11174 = CARTESIAN_POINT('',(33.528345976646,-27.47170897369,
    2.123616423026));
#11175 = CARTESIAN_POINT('',(33.530911544217,-27.47471178337,
    2.120796317594));
#11176 = CARTESIAN_POINT('',(33.533462957157,-27.47767972032,
    2.117942546529));
#11177 = CARTESIAN_POINT('',(33.560159900425,-27.50854963388,
    2.087553767509));
#11178 = CARTESIAN_POINT('',(33.582965630938,-27.53331338951,
    2.057014605043));
#11179 = CARTESIAN_POINT('',(33.603658186235,-27.55471535881,
    2.023694280811));
#11180 = CARTESIAN_POINT('',(33.621690999551,-27.57241176576,
    1.987904538055));
#11181 = CARTESIAN_POINT('',(33.636584408274,-27.58605641533,
    1.950063714934));
#11182 = CARTESIAN_POINT('',(33.647979477678,-27.59532640331,
    1.910698653229));
#11183 = CARTESIAN_POINT('',(33.655662474717,-27.6,1.870444288779));
#11184 = CARTESIAN_POINT('',(33.659621581445,-27.6,1.83));
#11185 = CYLINDRICAL_SURFACE('',#11186,0.506699);
#11186 = AXIS2_PLACEMENT_3D('',#11187,#11188,#11189);
#11187 = CARTESIAN_POINT('',(33.155333,-28.4,1.780635));
#11188 = DIRECTION('',(0.,-1.,2.2E-16));
#11189 = DIRECTION('',(1.,0.,0.));
#11190 = ADVANCED_FACE('',(#11191),#11209,.F.);
#11191 = FACE_BOUND('',#11192,.F.);
#11192 = EDGE_LOOP('',(#11193,#11194,#11202,#11208));
#11193 = ORIENTED_EDGE('',*,*,#11136,.T.);
#11194 = ORIENTED_EDGE('',*,*,#11195,.T.);
#11195 = EDGE_CURVE('',#11128,#11196,#11198,.T.);
#11196 = VERTEX_POINT('',#11197);
#11197 = CARTESIAN_POINT('',(21.809252,-27.1,2.287334));
#11198 = LINE('',#11199,#11200);
#11199 = CARTESIAN_POINT('',(33.155333,-27.1,2.287334));
#11200 = VECTOR('',#11201,1.);
#11201 = DIRECTION('',(-1.,0.,0.));
#11202 = ORIENTED_EDGE('',*,*,#11203,.F.);
#11203 = EDGE_CURVE('',#3581,#11196,#11204,.T.);
#11204 = LINE('',#11205,#11206);
#11205 = CARTESIAN_POINT('',(21.809252,-28.4,2.287334));
#11206 = VECTOR('',#11207,1.);
#11207 = DIRECTION('',(0.,1.,-2.2E-16));
#11208 = ORIENTED_EDGE('',*,*,#3589,.F.);
#11209 = PLANE('',#11210);
#11210 = AXIS2_PLACEMENT_3D('',#11211,#11212,#11213);
#11211 = CARTESIAN_POINT('',(33.155333,-28.4,2.287334));
#11212 = DIRECTION('',(0.,2.2E-16,1.));
#11213 = DIRECTION('',(-1.,0.,0.));
#11214 = ADVANCED_FACE('',(#11215),#11279,.F.);
#11215 = FACE_BOUND('',#11216,.F.);
#11216 = EDGE_LOOP('',(#11217,#11226,#11227,#11228,#11229,#11238,#11246)
  );
#11217 = ORIENTED_EDGE('',*,*,#11218,.T.);
#11218 = EDGE_CURVE('',#11219,#10902,#11221,.T.);
#11219 = VERTEX_POINT('',#11220);
#11220 = CARTESIAN_POINT('',(21.304963418555,-27.6,1.83));
#11221 = CIRCLE('',#11222,0.506699);
#11222 = AXIS2_PLACEMENT_3D('',#11223,#11224,#11225);
#11223 = CARTESIAN_POINT('',(21.809252,-27.6,1.780635));
#11224 = DIRECTION('',(0.,-1.,2.2E-16));
#11225 = DIRECTION('',(1.,0.,0.));
#11226 = ORIENTED_EDGE('',*,*,#10901,.F.);
#11227 = ORIENTED_EDGE('',*,*,#3580,.F.);
#11228 = ORIENTED_EDGE('',*,*,#11203,.T.);
#11229 = ORIENTED_EDGE('',*,*,#11230,.T.);
#11230 = EDGE_CURVE('',#11196,#11231,#11233,.T.);
#11231 = VERTEX_POINT('',#11232);
#11232 = CARTESIAN_POINT('',(21.575126022424,-27.1,2.23));
#11233 = CIRCLE('',#11234,0.506699);
#11234 = AXIS2_PLACEMENT_3D('',#11235,#11236,#11237);
#11235 = CARTESIAN_POINT('',(21.809252,-27.1,1.780635));
#11236 = DIRECTION('',(0.,-1.,0.));
#11237 = DIRECTION('',(1.,0.,0.));
#11238 = ORIENTED_EDGE('',*,*,#11239,.T.);
#11239 = EDGE_CURVE('',#11231,#11240,#11242,.T.);
#11240 = VERTEX_POINT('',#11241);
#11241 = CARTESIAN_POINT('',(21.575126022424,-27.2,2.23));
#11242 = LINE('',#11243,#11244);
#11243 = CARTESIAN_POINT('',(21.575126022424,-28.4,2.23));
#11244 = VECTOR('',#11245,1.);
#11245 = DIRECTION('',(0.,-1.,2.2E-16));
#11246 = ORIENTED_EDGE('',*,*,#11247,.T.);
#11247 = EDGE_CURVE('',#11240,#11219,#11248,.T.);
#11248 = B_SPLINE_CURVE_WITH_KNOTS('',8,(#11249,#11250,#11251,#11252,
    #11253,#11254,#11255,#11256,#11257,#11258,#11259,#11260,#11261,
    #11262,#11263,#11264,#11265,#11266,#11267,#11268,#11269,#11270,
    #11271,#11272,#11273,#11274,#11275,#11276,#11277,#11278),
  .UNSPECIFIED.,.F.,.F.,(9,7,7,7,9),(0.,0.142583136496,0.424572882738,
    0.479242339744,1.),.UNSPECIFIED.);
#11249 = CARTESIAN_POINT('',(21.575126022424,-27.2,2.23));
#11250 = CARTESIAN_POINT('',(21.575126022424,-27.21290429709,2.23));
#11251 = CARTESIAN_POINT('',(21.574212919002,-27.2258096254,
    2.229524231847));
#11252 = CARTESIAN_POINT('',(21.572386071961,-27.23862255205,
    2.22857252526));
#11253 = CARTESIAN_POINT('',(21.569702518356,-27.2512727521,
    2.227160977037));
#11254 = CARTESIAN_POINT('',(21.566259089865,-27.26371034046,
    2.225314055485));
#11255 = CARTESIAN_POINT('',(21.562166736566,-27.27590186656,
    2.223059376544));
#11256 = CARTESIAN_POINT('',(21.55752973205,-27.28782675238,
    2.220424271281));
#11257 = CARTESIAN_POINT('',(21.542381177265,-27.32251483402,
    2.211517885693));
#11258 = CARTESIAN_POINT('',(21.530567535517,-27.34445334906,
    2.204216089164));
#11259 = CARTESIAN_POINT('',(21.51766579685,-27.36538828712,
    2.195680027432));
#11260 = CARTESIAN_POINT('',(21.50415455318,-27.38536900622,
    2.186007058241));
#11261 = CARTESIAN_POINT('',(21.490362008494,-27.40441883147,
    2.175275846838));
#11262 = CARTESIAN_POINT('',(21.4765134944,-27.42255577553,
    2.163548166665));
#11263 = CARTESIAN_POINT('',(21.462771224023,-27.43980281401,
    2.150857014982));
#11264 = CARTESIAN_POINT('',(21.446624235247,-27.45935259915,
    2.134554291212));
#11265 = CARTESIAN_POINT('',(21.444011439491,-27.46249315351,
    2.131871792804));
#11266 = CARTESIAN_POINT('',(21.44140897184,-27.46559949403,
    2.129154454257));
#11267 = CARTESIAN_POINT('',(21.438817841718,-27.46867148571,
    2.12640256673));
#11268 = CARTESIAN_POINT('',(21.436239023354,-27.47170897369,
    2.123616423026));
#11269 = CARTESIAN_POINT('',(21.433673455783,-27.47471178337,
    2.120796317594));
#11270 = CARTESIAN_POINT('',(21.431122042843,-27.47767972032,
    2.117942546529));
#11271 = CARTESIAN_POINT('',(21.404425099574,-27.50854963388,
    2.087553767509));
#11272 = CARTESIAN_POINT('',(21.381619369062,-27.53331338951,
    2.057014605044));
#11273 = CARTESIAN_POINT('',(21.360926813764,-27.55471535881,
    2.02369428081));
#11274 = CARTESIAN_POINT('',(21.34289400045,-27.57241176576,
    1.987904538056));
#11275 = CARTESIAN_POINT('',(21.328000591725,-27.58605641533,
    1.950063714932));
#11276 = CARTESIAN_POINT('',(21.316605522322,-27.59532640331,
    1.910698653229));
#11277 = CARTESIAN_POINT('',(21.308922525283,-27.6,1.870444288779));
#11278 = CARTESIAN_POINT('',(21.304963418555,-27.6,1.83));
#11279 = CYLINDRICAL_SURFACE('',#11280,0.506699);
#11280 = AXIS2_PLACEMENT_3D('',#11281,#11282,#11283);
#11281 = CARTESIAN_POINT('',(21.809252,-28.4,1.780635));
#11282 = DIRECTION('',(0.,-1.,2.2E-16));
#11283 = DIRECTION('',(1.,0.,0.));
#11284 = ADVANCED_FACE('',(#11285),#11290,.F.);
#11285 = FACE_BOUND('',#11286,.F.);
#11286 = EDGE_LOOP('',(#11287,#11288,#11289));
#11287 = ORIENTED_EDGE('',*,*,#4621,.F.);
#11288 = ORIENTED_EDGE('',*,*,#3708,.T.);
#11289 = ORIENTED_EDGE('',*,*,#4640,.F.);
#11290 = PLANE('',#11291);
#11291 = AXIS2_PLACEMENT_3D('',#11292,#11293,#11294);
#11292 = CARTESIAN_POINT('',(-45.5,-28.4,11.52));
#11293 = DIRECTION('',(0.57735026919,0.57735026919,-0.57735026919));
#11294 = DIRECTION('',(-0.707106781187,0.,-0.707106781187));
#11295 = ADVANCED_FACE('',(#11296),#11308,.F.);
#11296 = FACE_BOUND('',#11297,.F.);
#11297 = EDGE_LOOP('',(#11298,#11299,#11300,#11307));
#11298 = ORIENTED_EDGE('',*,*,#3807,.T.);
#11299 = ORIENTED_EDGE('',*,*,#3783,.T.);
#11300 = ORIENTED_EDGE('',*,*,#11301,.F.);
#11301 = EDGE_CURVE('',#4039,#3776,#11302,.T.);
#11302 = ELLIPSE('',#11303,0.565685424949,0.4);
#11303 = AXIS2_PLACEMENT_3D('',#11304,#11305,#11306);
#11304 = CARTESIAN_POINT('',(45.8,21.3,1.83));
#11305 = DIRECTION('',(0.,0.707106781187,-0.707106781187));
#11306 = DIRECTION('',(0.,0.707106781187,0.707106781187));
#11307 = ORIENTED_EDGE('',*,*,#4062,.F.);
#11308 = CYLINDRICAL_SURFACE('',#11309,0.4);
#11309 = AXIS2_PLACEMENT_3D('',#11310,#11311,#11312);
#11310 = CARTESIAN_POINT('',(45.8,-8.2,1.83));
#11311 = DIRECTION('',(0.,1.,0.));
#11312 = DIRECTION('',(0.,0.,1.));
#11313 = ADVANCED_FACE('',(#11314),#11326,.F.);
#11314 = FACE_BOUND('',#11315,.F.);
#11315 = EDGE_LOOP('',(#11316,#11317,#11318,#11325));
#11316 = ORIENTED_EDGE('',*,*,#11301,.T.);
#11317 = ORIENTED_EDGE('',*,*,#3775,.T.);
#11318 = ORIENTED_EDGE('',*,*,#11319,.T.);
#11319 = EDGE_CURVE('',#3768,#4103,#11320,.T.);
#11320 = ELLIPSE('',#11321,0.565685424949,0.4);
#11321 = AXIS2_PLACEMENT_3D('',#11322,#11323,#11324);
#11322 = CARTESIAN_POINT('',(45.8,21.3,1.33));
#11323 = DIRECTION('',(-0.,0.707106781187,0.707106781187));
#11324 = DIRECTION('',(0.,-0.707106781187,0.707106781187));
#11325 = ORIENTED_EDGE('',*,*,#4132,.F.);
#11326 = CYLINDRICAL_SURFACE('',#11327,0.4);
#11327 = AXIS2_PLACEMENT_3D('',#11328,#11329,#11330);
#11328 = CARTESIAN_POINT('',(45.8,21.3,2.23));
#11329 = DIRECTION('',(0.,0.,-1.));
#11330 = DIRECTION('',(0.,1.,0.));
#11331 = ADVANCED_FACE('',(#11332),#11338,.F.);
#11332 = FACE_BOUND('',#11333,.T.);
#11333 = EDGE_LOOP('',(#11334,#11335,#11336,#11337));
#11334 = ORIENTED_EDGE('',*,*,#11319,.T.);
#11335 = ORIENTED_EDGE('',*,*,#4110,.T.);
#11336 = ORIENTED_EDGE('',*,*,#3933,.F.);
#11337 = ORIENTED_EDGE('',*,*,#3767,.F.);
#11338 = CYLINDRICAL_SURFACE('',#11339,0.4);
#11339 = AXIS2_PLACEMENT_3D('',#11340,#11341,#11342);
#11340 = CARTESIAN_POINT('',(45.8,21.7,1.33));
#11341 = DIRECTION('',(0.,-1.,0.));
#11342 = DIRECTION('',(1.,0.,0.));
#11343 = ADVANCED_FACE('',(#11344),#11356,.F.);
#11344 = FACE_BOUND('',#11345,.F.);
#11345 = EDGE_LOOP('',(#11346,#11353,#11354,#11355));
#11346 = ORIENTED_EDGE('',*,*,#11347,.T.);
#11347 = EDGE_CURVE('',#4048,#3904,#11348,.T.);
#11348 = ELLIPSE('',#11349,0.565685424949,0.4);
#11349 = AXIS2_PLACEMENT_3D('',#11350,#11351,#11352);
#11350 = CARTESIAN_POINT('',(45.8,-7.8,1.83));
#11351 = DIRECTION('',(0.,0.707106781187,0.707106781187));
#11352 = DIRECTION('',(0.,0.707106781187,-0.707106781187));
#11353 = ORIENTED_EDGE('',*,*,#3903,.T.);
#11354 = ORIENTED_EDGE('',*,*,#3797,.F.);
#11355 = ORIENTED_EDGE('',*,*,#4055,.F.);
#11356 = CYLINDRICAL_SURFACE('',#11357,0.4);
#11357 = AXIS2_PLACEMENT_3D('',#11358,#11359,#11360);
#11358 = CARTESIAN_POINT('',(45.8,-8.2,1.83));
#11359 = DIRECTION('',(0.,1.,0.));
#11360 = DIRECTION('',(0.,0.,1.));
#11361 = ADVANCED_FACE('',(#11362),#11374,.F.);
#11362 = FACE_BOUND('',#11363,.T.);
#11363 = EDGE_LOOP('',(#11364,#11365,#11366,#11373));
#11364 = ORIENTED_EDGE('',*,*,#3943,.T.);
#11365 = ORIENTED_EDGE('',*,*,#4117,.T.);
#11366 = ORIENTED_EDGE('',*,*,#11367,.F.);
#11367 = EDGE_CURVE('',#3912,#4079,#11368,.T.);
#11368 = ELLIPSE('',#11369,0.565685424949,0.4);
#11369 = AXIS2_PLACEMENT_3D('',#11370,#11371,#11372);
#11370 = CARTESIAN_POINT('',(45.8,-7.8,1.33));
#11371 = DIRECTION('',(0.,0.707106781187,-0.707106781187));
#11372 = DIRECTION('',(0.,-0.707106781187,-0.707106781187));
#11373 = ORIENTED_EDGE('',*,*,#3919,.F.);
#11374 = CYLINDRICAL_SURFACE('',#11375,0.4);
#11375 = AXIS2_PLACEMENT_3D('',#11376,#11377,#11378);
#11376 = CARTESIAN_POINT('',(45.8,21.7,1.33));
#11377 = DIRECTION('',(0.,-1.,0.));
#11378 = DIRECTION('',(1.,0.,0.));
#11379 = ADVANCED_FACE('',(#11380),#11386,.F.);
#11380 = FACE_BOUND('',#11381,.F.);
#11381 = EDGE_LOOP('',(#11382,#11383,#11384,#11385));
#11382 = ORIENTED_EDGE('',*,*,#11347,.F.);
#11383 = ORIENTED_EDGE('',*,*,#4086,.T.);
#11384 = ORIENTED_EDGE('',*,*,#11367,.F.);
#11385 = ORIENTED_EDGE('',*,*,#3911,.F.);
#11386 = CYLINDRICAL_SURFACE('',#11387,0.4);
#11387 = AXIS2_PLACEMENT_3D('',#11388,#11389,#11390);
#11388 = CARTESIAN_POINT('',(45.8,-7.8,2.23));
#11389 = DIRECTION('',(0.,0.,-1.));
#11390 = DIRECTION('',(1.,0.,0.));
#11391 = ADVANCED_FACE('',(#11392),#11417,.F.);
#11392 = FACE_BOUND('',#11393,.F.);
#11393 = EDGE_LOOP('',(#11394,#11402,#11410,#11416));
#11394 = ORIENTED_EDGE('',*,*,#11395,.T.);
#11395 = EDGE_CURVE('',#4294,#11396,#11398,.T.);
#11396 = VERTEX_POINT('',#11397);
#11397 = CARTESIAN_POINT('',(-45.8,-21.7,2.23));
#11398 = LINE('',#11399,#11400);
#11399 = CARTESIAN_POINT('',(-45.6,-21.7,2.23));
#11400 = VECTOR('',#11401,1.);
#11401 = DIRECTION('',(-1.,-0.,-0.));
#11402 = ORIENTED_EDGE('',*,*,#11403,.T.);
#11403 = EDGE_CURVE('',#11396,#11404,#11406,.T.);
#11404 = VERTEX_POINT('',#11405);
#11405 = CARTESIAN_POINT('',(-45.8,-21.7,0.93));
#11406 = LINE('',#11407,#11408);
#11407 = CARTESIAN_POINT('',(-45.8,-21.7,2.23));
#11408 = VECTOR('',#11409,1.);
#11409 = DIRECTION('',(0.,0.,-1.));
#11410 = ORIENTED_EDGE('',*,*,#11411,.F.);
#11411 = EDGE_CURVE('',#4296,#11404,#11412,.T.);
#11412 = LINE('',#11413,#11414);
#11413 = CARTESIAN_POINT('',(-45.6,-21.7,0.93));
#11414 = VECTOR('',#11415,1.);
#11415 = DIRECTION('',(-1.,-0.,-0.));
#11416 = ORIENTED_EDGE('',*,*,#4293,.F.);
#11417 = PLANE('',#11418);
#11418 = AXIS2_PLACEMENT_3D('',#11419,#11420,#11421);
#11419 = CARTESIAN_POINT('',(-45.6,-21.7,2.23));
#11420 = DIRECTION('',(0.,-1.,0.));
#11421 = DIRECTION('',(0.,0.,-1.));
#11422 = ADVANCED_FACE('',(#11423),#11441,.F.);
#11423 = FACE_BOUND('',#11424,.F.);
#11424 = EDGE_LOOP('',(#11425,#11426,#11434,#11440));
#11425 = ORIENTED_EDGE('',*,*,#11411,.T.);
#11426 = ORIENTED_EDGE('',*,*,#11427,.T.);
#11427 = EDGE_CURVE('',#11404,#11428,#11430,.T.);
#11428 = VERTEX_POINT('',#11429);
#11429 = CARTESIAN_POINT('',(-45.8,21.7,0.93));
#11430 = LINE('',#11431,#11432);
#11431 = CARTESIAN_POINT('',(-45.8,-21.7,0.93));
#11432 = VECTOR('',#11433,1.);
#11433 = DIRECTION('',(0.,1.,0.));
#11434 = ORIENTED_EDGE('',*,*,#11435,.F.);
#11435 = EDGE_CURVE('',#4312,#11428,#11436,.T.);
#11436 = LINE('',#11437,#11438);
#11437 = CARTESIAN_POINT('',(-45.6,21.7,0.93));
#11438 = VECTOR('',#11439,1.);
#11439 = DIRECTION('',(-1.,-0.,-0.));
#11440 = ORIENTED_EDGE('',*,*,#4319,.F.);
#11441 = PLANE('',#11442);
#11442 = AXIS2_PLACEMENT_3D('',#11443,#11444,#11445);
#11443 = CARTESIAN_POINT('',(-45.6,-21.7,0.93));
#11444 = DIRECTION('',(0.,0.,-1.));
#11445 = DIRECTION('',(0.,1.,0.));
#11446 = ADVANCED_FACE('',(#11447),#11465,.F.);
#11447 = FACE_BOUND('',#11448,.F.);
#11448 = EDGE_LOOP('',(#11449,#11450,#11458,#11464));
#11449 = ORIENTED_EDGE('',*,*,#11435,.T.);
#11450 = ORIENTED_EDGE('',*,*,#11451,.T.);
#11451 = EDGE_CURVE('',#11428,#11452,#11454,.T.);
#11452 = VERTEX_POINT('',#11453);
#11453 = CARTESIAN_POINT('',(-45.8,21.7,2.23));
#11454 = LINE('',#11455,#11456);
#11455 = CARTESIAN_POINT('',(-45.8,21.7,0.93));
#11456 = VECTOR('',#11457,1.);
#11457 = DIRECTION('',(0.,0.,1.));
#11458 = ORIENTED_EDGE('',*,*,#11459,.F.);
#11459 = EDGE_CURVE('',#4304,#11452,#11460,.T.);
#11460 = LINE('',#11461,#11462);
#11461 = CARTESIAN_POINT('',(-45.6,21.7,2.23));
#11462 = VECTOR('',#11463,1.);
#11463 = DIRECTION('',(-1.,-0.,-0.));
#11464 = ORIENTED_EDGE('',*,*,#4311,.F.);
#11465 = PLANE('',#11466);
#11466 = AXIS2_PLACEMENT_3D('',#11467,#11468,#11469);
#11467 = CARTESIAN_POINT('',(-45.6,21.7,0.93));
#11468 = DIRECTION('',(0.,1.,0.));
#11469 = DIRECTION('',(0.,0.,1.));
#11470 = ADVANCED_FACE('',(#11471),#11482,.F.);
#11471 = FACE_BOUND('',#11472,.F.);
#11472 = EDGE_LOOP('',(#11473,#11474,#11480,#11481));
#11473 = ORIENTED_EDGE('',*,*,#11459,.T.);
#11474 = ORIENTED_EDGE('',*,*,#11475,.T.);
#11475 = EDGE_CURVE('',#11452,#11396,#11476,.T.);
#11476 = LINE('',#11477,#11478);
#11477 = CARTESIAN_POINT('',(-45.8,21.7,2.23));
#11478 = VECTOR('',#11479,1.);
#11479 = DIRECTION('',(0.,-1.,0.));
#11480 = ORIENTED_EDGE('',*,*,#11395,.F.);
#11481 = ORIENTED_EDGE('',*,*,#4303,.F.);
#11482 = PLANE('',#11483);
#11483 = AXIS2_PLACEMENT_3D('',#11484,#11485,#11486);
#11484 = CARTESIAN_POINT('',(-45.6,21.7,2.23));
#11485 = DIRECTION('',(0.,0.,1.));
#11486 = DIRECTION('',(0.,-1.,0.));
#11487 = ADVANCED_FACE('',(#11488),#11515,.F.);
#11488 = FACE_BOUND('',#11489,.F.);
#11489 = EDGE_LOOP('',(#11490,#11499,#11507,#11514));
#11490 = ORIENTED_EDGE('',*,*,#11491,.T.);
#11491 = EDGE_CURVE('',#4343,#11492,#11494,.T.);
#11492 = VERTEX_POINT('',#11493);
#11493 = CARTESIAN_POINT('',(24.77,27.6,1.83));
#11494 = ELLIPSE('',#11495,0.565685424949,0.4);
#11495 = AXIS2_PLACEMENT_3D('',#11496,#11497,#11498);
#11496 = CARTESIAN_POINT('',(24.77,27.2,1.83));
#11497 = DIRECTION('',(-0.707106781187,1.6E-16,0.707106781187));
#11498 = DIRECTION('',(-0.707106781187,-1.6E-16,-0.707106781187));
#11499 = ORIENTED_EDGE('',*,*,#11500,.T.);
#11500 = EDGE_CURVE('',#11492,#11501,#11503,.T.);
#11501 = VERTEX_POINT('',#11502);
#11502 = CARTESIAN_POINT('',(-13.78480292068,27.6,1.83));
#11503 = LINE('',#11504,#11505);
#11504 = CARTESIAN_POINT('',(25.17,27.6,1.83));
#11505 = VECTOR('',#11506,1.);
#11506 = DIRECTION('',(-1.,0.,0.));
#11507 = ORIENTED_EDGE('',*,*,#11508,.F.);
#11508 = EDGE_CURVE('',#4334,#11501,#11509,.T.);
#11509 = ELLIPSE('',#11510,0.565685424949,0.4);
#11510 = AXIS2_PLACEMENT_3D('',#11511,#11512,#11513);
#11511 = CARTESIAN_POINT('',(-13.78480292068,27.2,1.83));
#11512 = DIRECTION('',(-0.707106781187,-1.6E-16,-0.707106781187));
#11513 = DIRECTION('',(-0.707106781187,1.6E-16,0.707106781187));
#11514 = ORIENTED_EDGE('',*,*,#4350,.F.);
#11515 = CYLINDRICAL_SURFACE('',#11516,0.4);
#11516 = AXIS2_PLACEMENT_3D('',#11517,#11518,#11519);
#11517 = CARTESIAN_POINT('',(25.17,27.2,1.83));
#11518 = DIRECTION('',(-1.,0.,0.));
#11519 = DIRECTION('',(0.,2.2E-16,1.));
#11520 = ADVANCED_FACE('',(#11521),#11540,.F.);
#11521 = FACE_BOUND('',#11522,.T.);
#11522 = EDGE_LOOP('',(#11523,#11524,#11532,#11539));
#11523 = ORIENTED_EDGE('',*,*,#11491,.T.);
#11524 = ORIENTED_EDGE('',*,*,#11525,.T.);
#11525 = EDGE_CURVE('',#11492,#11526,#11528,.T.);
#11526 = VERTEX_POINT('',#11527);
#11527 = CARTESIAN_POINT('',(24.77,27.6,1.33));
#11528 = LINE('',#11529,#11530);
#11529 = CARTESIAN_POINT('',(24.77,27.6,2.23));
#11530 = VECTOR('',#11531,1.);
#11531 = DIRECTION('',(0.,-2.2E-16,-1.));
#11532 = ORIENTED_EDGE('',*,*,#11533,.T.);
#11533 = EDGE_CURVE('',#11526,#4367,#11534,.T.);
#11534 = ELLIPSE('',#11535,0.565685424949,0.4);
#11535 = AXIS2_PLACEMENT_3D('',#11536,#11537,#11538);
#11536 = CARTESIAN_POINT('',(24.77,27.2,1.33));
#11537 = DIRECTION('',(-0.707106781187,-1.6E-16,-0.707106781187));
#11538 = DIRECTION('',(0.707106781187,-1.6E-16,-0.707106781187));
#11539 = ORIENTED_EDGE('',*,*,#4374,.F.);
#11540 = CYLINDRICAL_SURFACE('',#11541,0.4);
#11541 = AXIS2_PLACEMENT_3D('',#11542,#11543,#11544);
#11542 = CARTESIAN_POINT('',(24.77,27.2,2.23));
#11543 = DIRECTION('',(0.,-2.2E-16,-1.));
#11544 = DIRECTION('',(1.,0.,0.));
#11545 = ADVANCED_FACE('',(#11546),#11565,.F.);
#11546 = FACE_BOUND('',#11547,.T.);
#11547 = EDGE_LOOP('',(#11548,#11557,#11558,#11559));
#11548 = ORIENTED_EDGE('',*,*,#11549,.T.);
#11549 = EDGE_CURVE('',#11550,#4391,#11552,.T.);
#11550 = VERTEX_POINT('',#11551);
#11551 = CARTESIAN_POINT('',(-13.78480292068,27.6,1.33));
#11552 = ELLIPSE('',#11553,0.565685424949,0.4);
#11553 = AXIS2_PLACEMENT_3D('',#11554,#11555,#11556);
#11554 = CARTESIAN_POINT('',(-13.78480292068,27.2,1.33));
#11555 = DIRECTION('',(-0.707106781187,1.6E-16,0.707106781187));
#11556 = DIRECTION('',(0.707106781187,1.6E-16,0.707106781187));
#11557 = ORIENTED_EDGE('',*,*,#4398,.T.);
#11558 = ORIENTED_EDGE('',*,*,#11533,.F.);
#11559 = ORIENTED_EDGE('',*,*,#11560,.F.);
#11560 = EDGE_CURVE('',#11550,#11526,#11561,.T.);
#11561 = LINE('',#11562,#11563);
#11562 = CARTESIAN_POINT('',(-14.18480292068,27.6,1.33));
#11563 = VECTOR('',#11564,1.);
#11564 = DIRECTION('',(1.,0.,0.));
#11565 = CYLINDRICAL_SURFACE('',#11566,0.4);
#11566 = AXIS2_PLACEMENT_3D('',#11567,#11568,#11569);
#11567 = CARTESIAN_POINT('',(-14.18480292068,27.2,1.33));
#11568 = DIRECTION('',(1.,0.,0.));
#11569 = DIRECTION('',(0.,1.,0.));
#11570 = ADVANCED_FACE('',(#11571),#11582,.F.);
#11571 = FACE_BOUND('',#11572,.T.);
#11572 = EDGE_LOOP('',(#11573,#11574,#11580,#11581));
#11573 = ORIENTED_EDGE('',*,*,#11549,.F.);
#11574 = ORIENTED_EDGE('',*,*,#11575,.T.);
#11575 = EDGE_CURVE('',#11550,#11501,#11576,.T.);
#11576 = LINE('',#11577,#11578);
#11577 = CARTESIAN_POINT('',(-13.78480292068,27.6,0.93));
#11578 = VECTOR('',#11579,1.);
#11579 = DIRECTION('',(0.,2.2E-16,1.));
#11580 = ORIENTED_EDGE('',*,*,#11508,.F.);
#11581 = ORIENTED_EDGE('',*,*,#4415,.F.);
#11582 = CYLINDRICAL_SURFACE('',#11583,0.4);
#11583 = AXIS2_PLACEMENT_3D('',#11584,#11585,#11586);
#11584 = CARTESIAN_POINT('',(-13.78480292068,27.2,0.93));
#11585 = DIRECTION('',(0.,2.2E-16,1.));
#11586 = DIRECTION('',(-1.,0.,0.));
#11587 = ADVANCED_FACE('',(#11588),#11615,.F.);
#11588 = FACE_BOUND('',#11589,.F.);
#11589 = EDGE_LOOP('',(#11590,#11599,#11607,#11614));
#11590 = ORIENTED_EDGE('',*,*,#11591,.T.);
#11591 = EDGE_CURVE('',#4439,#11592,#11594,.T.);
#11592 = VERTEX_POINT('',#11593);
#11593 = CARTESIAN_POINT('',(-27.51519707931,27.6,1.83));
#11594 = ELLIPSE('',#11595,0.565685424949,0.4);
#11595 = AXIS2_PLACEMENT_3D('',#11596,#11597,#11598);
#11596 = CARTESIAN_POINT('',(-27.51519707931,27.2,1.83));
#11597 = DIRECTION('',(-0.707106781187,1.6E-16,0.707106781187));
#11598 = DIRECTION('',(-0.707106781187,-1.6E-16,-0.707106781187));
#11599 = ORIENTED_EDGE('',*,*,#11600,.T.);
#11600 = EDGE_CURVE('',#11592,#11601,#11603,.T.);
#11601 = VERTEX_POINT('',#11602);
#11602 = CARTESIAN_POINT('',(-39.9,27.6,1.83));
#11603 = LINE('',#11604,#11605);
#11604 = CARTESIAN_POINT('',(-27.11519707931,27.6,1.83));
#11605 = VECTOR('',#11606,1.);
#11606 = DIRECTION('',(-1.,0.,0.));
#11607 = ORIENTED_EDGE('',*,*,#11608,.F.);
#11608 = EDGE_CURVE('',#4430,#11601,#11609,.T.);
#11609 = ELLIPSE('',#11610,0.565685424949,0.4);
#11610 = AXIS2_PLACEMENT_3D('',#11611,#11612,#11613);
#11611 = CARTESIAN_POINT('',(-39.9,27.2,1.83));
#11612 = DIRECTION('',(-0.707106781187,-1.6E-16,-0.707106781187));
#11613 = DIRECTION('',(-0.707106781187,1.6E-16,0.707106781187));
#11614 = ORIENTED_EDGE('',*,*,#4446,.F.);
#11615 = CYLINDRICAL_SURFACE('',#11616,0.4);
#11616 = AXIS2_PLACEMENT_3D('',#11617,#11618,#11619);
#11617 = CARTESIAN_POINT('',(-27.11519707931,27.2,1.83));
#11618 = DIRECTION('',(-1.,0.,0.));
#11619 = DIRECTION('',(0.,2.2E-16,1.));
#11620 = ADVANCED_FACE('',(#11621),#11640,.F.);
#11621 = FACE_BOUND('',#11622,.T.);
#11622 = EDGE_LOOP('',(#11623,#11624,#11632,#11639));
#11623 = ORIENTED_EDGE('',*,*,#11591,.T.);
#11624 = ORIENTED_EDGE('',*,*,#11625,.T.);
#11625 = EDGE_CURVE('',#11592,#11626,#11628,.T.);
#11626 = VERTEX_POINT('',#11627);
#11627 = CARTESIAN_POINT('',(-27.51519707931,27.6,1.33));
#11628 = LINE('',#11629,#11630);
#11629 = CARTESIAN_POINT('',(-27.51519707931,27.6,2.23));
#11630 = VECTOR('',#11631,1.);
#11631 = DIRECTION('',(0.,-2.2E-16,-1.));
#11632 = ORIENTED_EDGE('',*,*,#11633,.F.);
#11633 = EDGE_CURVE('',#4463,#11626,#11634,.T.);
#11634 = ELLIPSE('',#11635,0.565685424949,0.4);
#11635 = AXIS2_PLACEMENT_3D('',#11636,#11637,#11638);
#11636 = CARTESIAN_POINT('',(-27.51519707931,27.2,1.33));
#11637 = DIRECTION('',(0.707106781187,1.6E-16,0.707106781187));
#11638 = DIRECTION('',(0.707106781187,-1.6E-16,-0.707106781187));
#11639 = ORIENTED_EDGE('',*,*,#4470,.F.);
#11640 = CYLINDRICAL_SURFACE('',#11641,0.4);
#11641 = AXIS2_PLACEMENT_3D('',#11642,#11643,#11644);
#11642 = CARTESIAN_POINT('',(-27.51519707931,27.2,2.23));
#11643 = DIRECTION('',(0.,-2.2E-16,-1.));
#11644 = DIRECTION('',(1.,0.,0.));
#11645 = ADVANCED_FACE('',(#11646),#11665,.F.);
#11646 = FACE_BOUND('',#11647,.F.);
#11647 = EDGE_LOOP('',(#11648,#11657,#11663,#11664));
#11648 = ORIENTED_EDGE('',*,*,#11649,.T.);
#11649 = EDGE_CURVE('',#4487,#11650,#11652,.T.);
#11650 = VERTEX_POINT('',#11651);
#11651 = CARTESIAN_POINT('',(-39.9,27.6,1.33));
#11652 = ELLIPSE('',#11653,0.565685424949,0.4);
#11653 = AXIS2_PLACEMENT_3D('',#11654,#11655,#11656);
#11654 = CARTESIAN_POINT('',(-39.9,27.2,1.33));
#11655 = DIRECTION('',(0.707106781187,-1.6E-16,-0.707106781187));
#11656 = DIRECTION('',(0.707106781187,1.6E-16,0.707106781187));
#11657 = ORIENTED_EDGE('',*,*,#11658,.T.);
#11658 = EDGE_CURVE('',#11650,#11626,#11659,.T.);
#11659 = LINE('',#11660,#11661);
#11660 = CARTESIAN_POINT('',(-40.3,27.6,1.33));
#11661 = VECTOR('',#11662,1.);
#11662 = DIRECTION('',(1.,0.,0.));
#11663 = ORIENTED_EDGE('',*,*,#11633,.F.);
#11664 = ORIENTED_EDGE('',*,*,#4494,.F.);
#11665 = CYLINDRICAL_SURFACE('',#11666,0.4);
#11666 = AXIS2_PLACEMENT_3D('',#11667,#11668,#11669);
#11667 = CARTESIAN_POINT('',(-40.3,27.2,1.33));
#11668 = DIRECTION('',(1.,0.,0.));
#11669 = DIRECTION('',(0.,-2.2E-16,-1.));
#11670 = ADVANCED_FACE('',(#11671),#11682,.F.);
#11671 = FACE_BOUND('',#11672,.F.);
#11672 = EDGE_LOOP('',(#11673,#11674,#11680,#11681));
#11673 = ORIENTED_EDGE('',*,*,#11608,.T.);
#11674 = ORIENTED_EDGE('',*,*,#11675,.T.);
#11675 = EDGE_CURVE('',#11601,#11650,#11676,.T.);
#11676 = LINE('',#11677,#11678);
#11677 = CARTESIAN_POINT('',(-39.9,27.6,2.23));
#11678 = VECTOR('',#11679,1.);
#11679 = DIRECTION('',(0.,-2.2E-16,-1.));
#11680 = ORIENTED_EDGE('',*,*,#11649,.F.);
#11681 = ORIENTED_EDGE('',*,*,#4509,.F.);
#11682 = CYLINDRICAL_SURFACE('',#11683,0.4);
#11683 = AXIS2_PLACEMENT_3D('',#11684,#11685,#11686);
#11684 = CARTESIAN_POINT('',(-39.9,27.2,2.23));
#11685 = DIRECTION('',(0.,-2.2E-16,-1.));
#11686 = DIRECTION('',(-1.,0.,0.));
#11687 = ADVANCED_FACE('',(#11688),#11715,.F.);
#11688 = FACE_BOUND('',#11689,.F.);
#11689 = EDGE_LOOP('',(#11690,#11699,#11707,#11714));
#11690 = ORIENTED_EDGE('',*,*,#11691,.T.);
#11691 = EDGE_CURVE('',#4535,#11692,#11694,.T.);
#11692 = VERTEX_POINT('',#11693);
#11693 = CARTESIAN_POINT('',(33.81,27.6,1.33));
#11694 = ELLIPSE('',#11695,0.565685424949,0.4);
#11695 = AXIS2_PLACEMENT_3D('',#11696,#11697,#11698);
#11696 = CARTESIAN_POINT('',(33.81,27.2,1.33));
#11697 = DIRECTION('',(0.707106781187,-1.6E-16,-0.707106781187));
#11698 = DIRECTION('',(0.707106781187,1.6E-16,0.707106781187));
#11699 = ORIENTED_EDGE('',*,*,#11700,.T.);
#11700 = EDGE_CURVE('',#11692,#11701,#11703,.T.);
#11701 = VERTEX_POINT('',#11702);
#11702 = CARTESIAN_POINT('',(39.9,27.6,1.33));
#11703 = LINE('',#11704,#11705);
#11704 = CARTESIAN_POINT('',(33.41,27.6,1.33));
#11705 = VECTOR('',#11706,1.);
#11706 = DIRECTION('',(1.,0.,0.));
#11707 = ORIENTED_EDGE('',*,*,#11708,.F.);
#11708 = EDGE_CURVE('',#4526,#11701,#11709,.T.);
#11709 = ELLIPSE('',#11710,0.565685424949,0.4);
#11710 = AXIS2_PLACEMENT_3D('',#11711,#11712,#11713);
#11711 = CARTESIAN_POINT('',(39.9,27.2,1.33));
#11712 = DIRECTION('',(0.707106781187,1.6E-16,0.707106781187));
#11713 = DIRECTION('',(0.707106781187,-1.6E-16,-0.707106781187));
#11714 = ORIENTED_EDGE('',*,*,#4542,.F.);
#11715 = CYLINDRICAL_SURFACE('',#11716,0.4);
#11716 = AXIS2_PLACEMENT_3D('',#11717,#11718,#11719);
#11717 = CARTESIAN_POINT('',(33.41,27.2,1.33));
#11718 = DIRECTION('',(1.,0.,0.));
#11719 = DIRECTION('',(0.,-2.2E-16,-1.));
#11720 = ADVANCED_FACE('',(#11721),#11740,.F.);
#11721 = FACE_BOUND('',#11722,.T.);
#11722 = EDGE_LOOP('',(#11723,#11724,#11732,#11739));
#11723 = ORIENTED_EDGE('',*,*,#11691,.T.);
#11724 = ORIENTED_EDGE('',*,*,#11725,.T.);
#11725 = EDGE_CURVE('',#11692,#11726,#11728,.T.);
#11726 = VERTEX_POINT('',#11727);
#11727 = CARTESIAN_POINT('',(33.81,27.6,1.83));
#11728 = LINE('',#11729,#11730);
#11729 = CARTESIAN_POINT('',(33.81,27.6,0.93));
#11730 = VECTOR('',#11731,1.);
#11731 = DIRECTION('',(0.,2.2E-16,1.));
#11732 = ORIENTED_EDGE('',*,*,#11733,.F.);
#11733 = EDGE_CURVE('',#4559,#11726,#11734,.T.);
#11734 = ELLIPSE('',#11735,0.565685424949,0.4);
#11735 = AXIS2_PLACEMENT_3D('',#11736,#11737,#11738);
#11736 = CARTESIAN_POINT('',(33.81,27.2,1.83));
#11737 = DIRECTION('',(-0.707106781187,-1.6E-16,-0.707106781187));
#11738 = DIRECTION('',(-0.707106781187,1.6E-16,0.707106781187));
#11739 = ORIENTED_EDGE('',*,*,#4566,.F.);
#11740 = CYLINDRICAL_SURFACE('',#11741,0.4);
#11741 = AXIS2_PLACEMENT_3D('',#11742,#11743,#11744);
#11742 = CARTESIAN_POINT('',(33.81,27.2,0.93));
#11743 = DIRECTION('',(0.,2.2E-16,1.));
#11744 = DIRECTION('',(-1.,0.,0.));
#11745 = ADVANCED_FACE('',(#11746),#11765,.F.);
#11746 = FACE_BOUND('',#11747,.F.);
#11747 = EDGE_LOOP('',(#11748,#11757,#11763,#11764));
#11748 = ORIENTED_EDGE('',*,*,#11749,.T.);
#11749 = EDGE_CURVE('',#4583,#11750,#11752,.T.);
#11750 = VERTEX_POINT('',#11751);
#11751 = CARTESIAN_POINT('',(39.9,27.6,1.83));
#11752 = ELLIPSE('',#11753,0.565685424949,0.4);
#11753 = AXIS2_PLACEMENT_3D('',#11754,#11755,#11756);
#11754 = CARTESIAN_POINT('',(39.9,27.2,1.83));
#11755 = DIRECTION('',(-0.707106781187,1.6E-16,0.707106781187));
#11756 = DIRECTION('',(-0.707106781187,-1.6E-16,-0.707106781187));
#11757 = ORIENTED_EDGE('',*,*,#11758,.T.);
#11758 = EDGE_CURVE('',#11750,#11726,#11759,.T.);
#11759 = LINE('',#11760,#11761);
#11760 = CARTESIAN_POINT('',(40.3,27.6,1.83));
#11761 = VECTOR('',#11762,1.);
#11762 = DIRECTION('',(-1.,0.,0.));
#11763 = ORIENTED_EDGE('',*,*,#11733,.F.);
#11764 = ORIENTED_EDGE('',*,*,#4590,.F.);
#11765 = CYLINDRICAL_SURFACE('',#11766,0.4);
#11766 = AXIS2_PLACEMENT_3D('',#11767,#11768,#11769);
#11767 = CARTESIAN_POINT('',(40.3,27.2,1.83));
#11768 = DIRECTION('',(-1.,0.,0.));
#11769 = DIRECTION('',(0.,2.2E-16,1.));
#11770 = ADVANCED_FACE('',(#11771),#11782,.F.);
#11771 = FACE_BOUND('',#11772,.F.);
#11772 = EDGE_LOOP('',(#11773,#11774,#11780,#11781));
#11773 = ORIENTED_EDGE('',*,*,#11708,.T.);
#11774 = ORIENTED_EDGE('',*,*,#11775,.T.);
#11775 = EDGE_CURVE('',#11701,#11750,#11776,.T.);
#11776 = LINE('',#11777,#11778);
#11777 = CARTESIAN_POINT('',(39.9,27.6,0.93));
#11778 = VECTOR('',#11779,1.);
#11779 = DIRECTION('',(0.,2.2E-16,1.));
#11780 = ORIENTED_EDGE('',*,*,#11749,.F.);
#11781 = ORIENTED_EDGE('',*,*,#4605,.F.);
#11782 = CYLINDRICAL_SURFACE('',#11783,0.4);
#11783 = AXIS2_PLACEMENT_3D('',#11784,#11785,#11786);
#11784 = CARTESIAN_POINT('',(39.9,27.2,0.93));
#11785 = DIRECTION('',(0.,2.2E-16,1.));
#11786 = DIRECTION('',(1.,0.,0.));
#11787 = ADVANCED_FACE('',(#11788),#11795,.T.);
#11788 = FACE_BOUND('',#11789,.T.);
#11789 = EDGE_LOOP('',(#11790,#11791,#11792,#11793,#11794));
#11790 = ORIENTED_EDGE('',*,*,#4759,.F.);
#11791 = ORIENTED_EDGE('',*,*,#4663,.F.);
#11792 = ORIENTED_EDGE('',*,*,#4694,.F.);
#11793 = ORIENTED_EDGE('',*,*,#4718,.F.);
#11794 = ORIENTED_EDGE('',*,*,#4742,.F.);
#11795 = PLANE('',#11796);
#11796 = AXIS2_PLACEMENT_3D('',#11797,#11798,#11799);
#11797 = CARTESIAN_POINT('',(-39.01662928859,-21.93639764064,12.02));
#11798 = DIRECTION('',(0.,0.,1.));
#11799 = DIRECTION('',(0.,-1.,0.));
#11800 = ADVANCED_FACE('',(#11801),#11809,.T.);
#11801 = FACE_BOUND('',#11802,.T.);
#11802 = EDGE_LOOP('',(#11803,#11804,#11805,#11806,#11807,#11808));
#11803 = ORIENTED_EDGE('',*,*,#4903,.F.);
#11804 = ORIENTED_EDGE('',*,*,#4783,.F.);
#11805 = ORIENTED_EDGE('',*,*,#4814,.F.);
#11806 = ORIENTED_EDGE('',*,*,#4838,.F.);
#11807 = ORIENTED_EDGE('',*,*,#4862,.F.);
#11808 = ORIENTED_EDGE('',*,*,#4886,.F.);
#11809 = PLANE('',#11810);
#11810 = AXIS2_PLACEMENT_3D('',#11811,#11812,#11813);
#11811 = CARTESIAN_POINT('',(-39.01662928859,-21.93639764064,12.02));
#11812 = DIRECTION('',(0.,0.,1.));
#11813 = DIRECTION('',(0.,-1.,0.));
#11814 = ADVANCED_FACE('',(#11815),#11837,.T.);
#11815 = FACE_BOUND('',#11816,.T.);
#11816 = EDGE_LOOP('',(#11817,#11818,#11819,#11820,#11821,#11822,#11823,
    #11824,#11825,#11826,#11827,#11828,#11829,#11830,#11831,#11832,
    #11833,#11834,#11835,#11836));
#11817 = ORIENTED_EDGE('',*,*,#5405,.F.);
#11818 = ORIENTED_EDGE('',*,*,#4927,.F.);
#11819 = ORIENTED_EDGE('',*,*,#4958,.F.);
#11820 = ORIENTED_EDGE('',*,*,#4984,.F.);
#11821 = ORIENTED_EDGE('',*,*,#5010,.F.);
#11822 = ORIENTED_EDGE('',*,*,#5034,.F.);
#11823 = ORIENTED_EDGE('',*,*,#5058,.F.);
#11824 = ORIENTED_EDGE('',*,*,#5082,.F.);
#11825 = ORIENTED_EDGE('',*,*,#5108,.F.);
#11826 = ORIENTED_EDGE('',*,*,#5134,.F.);
#11827 = ORIENTED_EDGE('',*,*,#5160,.F.);
#11828 = ORIENTED_EDGE('',*,*,#5186,.F.);
#11829 = ORIENTED_EDGE('',*,*,#5212,.F.);
#11830 = ORIENTED_EDGE('',*,*,#5236,.F.);
#11831 = ORIENTED_EDGE('',*,*,#5260,.F.);
#11832 = ORIENTED_EDGE('',*,*,#5284,.F.);
#11833 = ORIENTED_EDGE('',*,*,#5310,.F.);
#11834 = ORIENTED_EDGE('',*,*,#5336,.F.);
#11835 = ORIENTED_EDGE('',*,*,#5362,.F.);
#11836 = ORIENTED_EDGE('',*,*,#5388,.F.);
#11837 = PLANE('',#11838);
#11838 = AXIS2_PLACEMENT_3D('',#11839,#11840,#11841);
#11839 = CARTESIAN_POINT('',(-39.40719016499,-18.41256201889,12.02));
#11840 = DIRECTION('',(0.,0.,1.));
#11841 = DIRECTION('',(0.,-1.,0.));
#11842 = ADVANCED_FACE('',(#11843),#11849,.T.);
#11843 = FACE_BOUND('',#11844,.T.);
#11844 = EDGE_LOOP('',(#11845,#11846,#11847,#11848));
#11845 = ORIENTED_EDGE('',*,*,#5501,.F.);
#11846 = ORIENTED_EDGE('',*,*,#5429,.F.);
#11847 = ORIENTED_EDGE('',*,*,#5460,.F.);
#11848 = ORIENTED_EDGE('',*,*,#5484,.F.);
#11849 = PLANE('',#11850);
#11850 = AXIS2_PLACEMENT_3D('',#11851,#11852,#11853);
#11851 = CARTESIAN_POINT('',(-39.40719016499,-18.41256201889,12.02));
#11852 = DIRECTION('',(0.,0.,1.));
#11853 = DIRECTION('',(0.,-1.,0.));
#11854 = ADVANCED_FACE('',(#11855),#11865,.T.);
#11855 = FACE_BOUND('',#11856,.T.);
#11856 = EDGE_LOOP('',(#11857,#11858,#11859,#11860,#11861,#11862,#11863,
    #11864));
#11857 = ORIENTED_EDGE('',*,*,#5693,.F.);
#11858 = ORIENTED_EDGE('',*,*,#5525,.F.);
#11859 = ORIENTED_EDGE('',*,*,#5556,.F.);
#11860 = ORIENTED_EDGE('',*,*,#5580,.F.);
#11861 = ORIENTED_EDGE('',*,*,#5604,.F.);
#11862 = ORIENTED_EDGE('',*,*,#5628,.F.);
#11863 = ORIENTED_EDGE('',*,*,#5652,.F.);
#11864 = ORIENTED_EDGE('',*,*,#5676,.F.);
#11865 = PLANE('',#11866);
#11866 = AXIS2_PLACEMENT_3D('',#11867,#11868,#11869);
#11867 = CARTESIAN_POINT('',(-38.90199533476,-15.02114865716,12.02));
#11868 = DIRECTION('',(0.,0.,1.));
#11869 = DIRECTION('',(0.,-1.,0.));
#11870 = ADVANCED_FACE('',(#11871),#11880,.T.);
#11871 = FACE_BOUND('',#11872,.T.);
#11872 = EDGE_LOOP('',(#11873,#11874,#11875,#11876,#11877,#11878,#11879)
  );
#11873 = ORIENTED_EDGE('',*,*,#5869,.F.);
#11874 = ORIENTED_EDGE('',*,*,#5717,.F.);
#11875 = ORIENTED_EDGE('',*,*,#5748,.F.);
#11876 = ORIENTED_EDGE('',*,*,#5774,.F.);
#11877 = ORIENTED_EDGE('',*,*,#5800,.F.);
#11878 = ORIENTED_EDGE('',*,*,#5824,.F.);
#11879 = ORIENTED_EDGE('',*,*,#5850,.F.);
#11880 = PLANE('',#11881);
#11881 = AXIS2_PLACEMENT_3D('',#11882,#11883,#11884);
#11882 = CARTESIAN_POINT('',(-39.53233177416,-11.59912736521,12.02));
#11883 = DIRECTION('',(0.,0.,1.));
#11884 = DIRECTION('',(0.,-1.,0.));
#11885 = ADVANCED_FACE('',(#11886),#11908,.T.);
#11886 = FACE_BOUND('',#11887,.T.);
#11887 = EDGE_LOOP('',(#11888,#11889,#11890,#11891,#11892,#11893,#11894,
    #11895,#11896,#11897,#11898,#11899,#11900,#11901,#11902,#11903,
    #11904,#11905,#11906,#11907));
#11888 = ORIENTED_EDGE('',*,*,#6383,.F.);
#11889 = ORIENTED_EDGE('',*,*,#5893,.F.);
#11890 = ORIENTED_EDGE('',*,*,#5926,.F.);
#11891 = ORIENTED_EDGE('',*,*,#5952,.F.);
#11892 = ORIENTED_EDGE('',*,*,#5978,.F.);
#11893 = ORIENTED_EDGE('',*,*,#6004,.F.);
#11894 = ORIENTED_EDGE('',*,*,#6030,.F.);
#11895 = ORIENTED_EDGE('',*,*,#6056,.F.);
#11896 = ORIENTED_EDGE('',*,*,#6082,.F.);
#11897 = ORIENTED_EDGE('',*,*,#6106,.F.);
#11898 = ORIENTED_EDGE('',*,*,#6132,.F.);
#11899 = ORIENTED_EDGE('',*,*,#6158,.F.);
#11900 = ORIENTED_EDGE('',*,*,#6184,.F.);
#11901 = ORIENTED_EDGE('',*,*,#6210,.F.);
#11902 = ORIENTED_EDGE('',*,*,#6236,.F.);
#11903 = ORIENTED_EDGE('',*,*,#6262,.F.);
#11904 = ORIENTED_EDGE('',*,*,#6288,.F.);
#11905 = ORIENTED_EDGE('',*,*,#6314,.F.);
#11906 = ORIENTED_EDGE('',*,*,#6340,.F.);
#11907 = ORIENTED_EDGE('',*,*,#6364,.F.);
#11908 = PLANE('',#11909);
#11909 = AXIS2_PLACEMENT_3D('',#11910,#11911,#11912);
#11910 = CARTESIAN_POINT('',(-39.53233177416,-11.59912736521,12.02));
#11911 = DIRECTION('',(0.,0.,1.));
#11912 = DIRECTION('',(0.,-1.,0.));
#11913 = ADVANCED_FACE('',(#11914),#11922,.T.);
#11914 = FACE_BOUND('',#11915,.T.);
#11915 = EDGE_LOOP('',(#11916,#11917,#11918,#11919,#11920,#11921));
#11916 = ORIENTED_EDGE('',*,*,#6537,.F.);
#11917 = ORIENTED_EDGE('',*,*,#6409,.F.);
#11918 = ORIENTED_EDGE('',*,*,#6442,.F.);
#11919 = ORIENTED_EDGE('',*,*,#6468,.F.);
#11920 = ORIENTED_EDGE('',*,*,#6492,.F.);
#11921 = ORIENTED_EDGE('',*,*,#6518,.F.);
#11922 = PLANE('',#11923);
#11923 = AXIS2_PLACEMENT_3D('',#11924,#11925,#11926);
#11924 = CARTESIAN_POINT('',(-39.53233177416,-11.59912736521,12.02));
#11925 = DIRECTION('',(0.,0.,1.));
#11926 = DIRECTION('',(0.,-1.,0.));
#11927 = ADVANCED_FACE('',(#11928),#11938,.T.);
#11928 = FACE_BOUND('',#11929,.T.);
#11929 = EDGE_LOOP('',(#11930,#11931,#11932,#11933,#11934,#11935,#11936,
    #11937));
#11930 = ORIENTED_EDGE('',*,*,#6737,.F.);
#11931 = ORIENTED_EDGE('',*,*,#6561,.F.);
#11932 = ORIENTED_EDGE('',*,*,#6594,.F.);
#11933 = ORIENTED_EDGE('',*,*,#6620,.F.);
#11934 = ORIENTED_EDGE('',*,*,#6644,.F.);
#11935 = ORIENTED_EDGE('',*,*,#6668,.F.);
#11936 = ORIENTED_EDGE('',*,*,#6692,.F.);
#11937 = ORIENTED_EDGE('',*,*,#6718,.F.);
#11938 = PLANE('',#11939);
#11939 = AXIS2_PLACEMENT_3D('',#11940,#11941,#11942);
#11940 = CARTESIAN_POINT('',(-39.54452534744,-8.037712300819,12.02));
#11941 = DIRECTION('',(0.,0.,1.));
#11942 = DIRECTION('',(0.,-1.,0.));
#11943 = ADVANCED_FACE('',(#11944),#11954,.T.);
#11944 = FACE_BOUND('',#11945,.T.);
#11945 = EDGE_LOOP('',(#11946,#11947,#11948,#11949,#11950,#11951,#11952,
    #11953));
#11946 = ORIENTED_EDGE('',*,*,#6937,.F.);
#11947 = ORIENTED_EDGE('',*,*,#6761,.F.);
#11948 = ORIENTED_EDGE('',*,*,#6794,.F.);
#11949 = ORIENTED_EDGE('',*,*,#6820,.F.);
#11950 = ORIENTED_EDGE('',*,*,#6844,.F.);
#11951 = ORIENTED_EDGE('',*,*,#6870,.F.);
#11952 = ORIENTED_EDGE('',*,*,#6896,.F.);
#11953 = ORIENTED_EDGE('',*,*,#6920,.F.);
#11954 = PLANE('',#11955);
#11955 = AXIS2_PLACEMENT_3D('',#11956,#11957,#11958);
#11956 = CARTESIAN_POINT('',(-39.54452534744,-8.037712300819,12.02));
#11957 = DIRECTION('',(0.,0.,1.));
#11958 = DIRECTION('',(0.,-1.,0.));
#11959 = ADVANCED_FACE('',(#11960),#11974,.T.);
#11960 = FACE_BOUND('',#11961,.T.);
#11961 = EDGE_LOOP('',(#11962,#11963,#11964,#11965,#11966,#11967,#11968,
    #11969,#11970,#11971,#11972,#11973));
#11962 = ORIENTED_EDGE('',*,*,#7241,.F.);
#11963 = ORIENTED_EDGE('',*,*,#6961,.F.);
#11964 = ORIENTED_EDGE('',*,*,#6994,.F.);
#11965 = ORIENTED_EDGE('',*,*,#7020,.F.);
#11966 = ORIENTED_EDGE('',*,*,#7044,.F.);
#11967 = ORIENTED_EDGE('',*,*,#7070,.F.);
#11968 = ORIENTED_EDGE('',*,*,#7096,.F.);
#11969 = ORIENTED_EDGE('',*,*,#7120,.F.);
#11970 = ORIENTED_EDGE('',*,*,#7146,.F.);
#11971 = ORIENTED_EDGE('',*,*,#7172,.F.);
#11972 = ORIENTED_EDGE('',*,*,#7196,.F.);
#11973 = ORIENTED_EDGE('',*,*,#7222,.F.);
#11974 = PLANE('',#11975);
#11975 = AXIS2_PLACEMENT_3D('',#11976,#11977,#11978);
#11976 = CARTESIAN_POINT('',(-39.50120693882,-4.392051452685,12.02));
#11977 = DIRECTION('',(0.,0.,1.));
#11978 = DIRECTION('',(0.,-1.,0.));
#11979 = ADVANCED_FACE('',(#11980),#11986,.T.);
#11980 = FACE_BOUND('',#11981,.T.);
#11981 = EDGE_LOOP('',(#11982,#11983,#11984,#11985));
#11982 = ORIENTED_EDGE('',*,*,#7337,.F.);
#11983 = ORIENTED_EDGE('',*,*,#7265,.F.);
#11984 = ORIENTED_EDGE('',*,*,#7296,.F.);
#11985 = ORIENTED_EDGE('',*,*,#7320,.F.);
#11986 = PLANE('',#11987);
#11987 = AXIS2_PLACEMENT_3D('',#11988,#11989,#11990);
#11988 = CARTESIAN_POINT('',(-39.50120693882,-4.392051452685,12.02));
#11989 = DIRECTION('',(0.,0.,1.));
#11990 = DIRECTION('',(0.,-1.,0.));
#11991 = ADVANCED_FACE('',(#11992),#11999,.T.);
#11992 = FACE_BOUND('',#11993,.T.);
#11993 = EDGE_LOOP('',(#11994,#11995,#11996,#11997,#11998));
#11994 = ORIENTED_EDGE('',*,*,#7457,.F.);
#11995 = ORIENTED_EDGE('',*,*,#7361,.F.);
#11996 = ORIENTED_EDGE('',*,*,#7392,.F.);
#11997 = ORIENTED_EDGE('',*,*,#7416,.F.);
#11998 = ORIENTED_EDGE('',*,*,#7440,.F.);
#11999 = PLANE('',#12000);
#12000 = AXIS2_PLACEMENT_3D('',#12001,#12002,#12003);
#12001 = CARTESIAN_POINT('',(-39.43515641237,-0.936101838088,12.02));
#12002 = DIRECTION('',(0.,0.,1.));
#12003 = DIRECTION('',(0.,-1.,0.));
#12004 = ADVANCED_FACE('',(#12005),#12013,.T.);
#12005 = FACE_BOUND('',#12006,.T.);
#12006 = EDGE_LOOP('',(#12007,#12008,#12009,#12010,#12011,#12012));
#12007 = ORIENTED_EDGE('',*,*,#7601,.F.);
#12008 = ORIENTED_EDGE('',*,*,#7481,.F.);
#12009 = ORIENTED_EDGE('',*,*,#7512,.F.);
#12010 = ORIENTED_EDGE('',*,*,#7536,.F.);
#12011 = ORIENTED_EDGE('',*,*,#7560,.F.);
#12012 = ORIENTED_EDGE('',*,*,#7584,.F.);
#12013 = PLANE('',#12014);
#12014 = AXIS2_PLACEMENT_3D('',#12015,#12016,#12017);
#12015 = CARTESIAN_POINT('',(-39.43515641237,-0.936101838088,12.02));
#12016 = DIRECTION('',(0.,0.,1.));
#12017 = DIRECTION('',(0.,-1.,0.));
#12018 = ADVANCED_FACE('',(#12019),#12026,.T.);
#12019 = FACE_BOUND('',#12020,.T.);
#12020 = EDGE_LOOP('',(#12021,#12022,#12023,#12024,#12025));
#12021 = ORIENTED_EDGE('',*,*,#7817,.F.);
#12022 = ORIENTED_EDGE('',*,*,#7721,.F.);
#12023 = ORIENTED_EDGE('',*,*,#7752,.F.);
#12024 = ORIENTED_EDGE('',*,*,#7776,.F.);
#12025 = ORIENTED_EDGE('',*,*,#7800,.F.);
#12026 = PLANE('',#12027);
#12027 = AXIS2_PLACEMENT_3D('',#12028,#12029,#12030);
#12028 = CARTESIAN_POINT('',(-39.43515641237,-0.936101838088,12.02));
#12029 = DIRECTION('',(0.,0.,1.));
#12030 = DIRECTION('',(0.,-1.,0.));
#12031 = ADVANCED_FACE('',(#12032),#12038,.T.);
#12032 = FACE_BOUND('',#12033,.T.);
#12033 = EDGE_LOOP('',(#12034,#12035,#12036,#12037));
#12034 = ORIENTED_EDGE('',*,*,#7913,.F.);
#12035 = ORIENTED_EDGE('',*,*,#7841,.F.);
#12036 = ORIENTED_EDGE('',*,*,#7872,.F.);
#12037 = ORIENTED_EDGE('',*,*,#7896,.F.);
#12038 = PLANE('',#12039);
#12039 = AXIS2_PLACEMENT_3D('',#12040,#12041,#12042);
#12040 = CARTESIAN_POINT('',(-39.5,1.651904761905,12.02));
#12041 = DIRECTION('',(0.,0.,1.));
#12042 = DIRECTION('',(0.,-1.,0.));
#12043 = ADVANCED_FACE('',(#12044),#12066,.T.);
#12044 = FACE_BOUND('',#12045,.T.);
#12045 = EDGE_LOOP('',(#12046,#12047,#12048,#12049,#12050,#12051,#12052,
    #12053,#12054,#12055,#12056,#12057,#12058,#12059,#12060,#12061,
    #12062,#12063,#12064,#12065));
#12046 = ORIENTED_EDGE('',*,*,#8415,.F.);
#12047 = ORIENTED_EDGE('',*,*,#7937,.F.);
#12048 = ORIENTED_EDGE('',*,*,#7968,.F.);
#12049 = ORIENTED_EDGE('',*,*,#7994,.F.);
#12050 = ORIENTED_EDGE('',*,*,#8020,.F.);
#12051 = ORIENTED_EDGE('',*,*,#8044,.F.);
#12052 = ORIENTED_EDGE('',*,*,#8068,.F.);
#12053 = ORIENTED_EDGE('',*,*,#8092,.F.);
#12054 = ORIENTED_EDGE('',*,*,#8118,.F.);
#12055 = ORIENTED_EDGE('',*,*,#8144,.F.);
#12056 = ORIENTED_EDGE('',*,*,#8170,.F.);
#12057 = ORIENTED_EDGE('',*,*,#8196,.F.);
#12058 = ORIENTED_EDGE('',*,*,#8222,.F.);
#12059 = ORIENTED_EDGE('',*,*,#8246,.F.);
#12060 = ORIENTED_EDGE('',*,*,#8270,.F.);
#12061 = ORIENTED_EDGE('',*,*,#8294,.F.);
#12062 = ORIENTED_EDGE('',*,*,#8320,.F.);
#12063 = ORIENTED_EDGE('',*,*,#8346,.F.);
#12064 = ORIENTED_EDGE('',*,*,#8372,.F.);
#12065 = ORIENTED_EDGE('',*,*,#8398,.F.);
#12066 = PLANE('',#12067);
#12067 = AXIS2_PLACEMENT_3D('',#12068,#12069,#12070);
#12068 = CARTESIAN_POINT('',(-39.40719016499,5.892199885871,12.02));
#12069 = DIRECTION('',(0.,0.,1.));
#12070 = DIRECTION('',(0.,-1.,0.));
#12071 = ADVANCED_FACE('',(#12072),#12078,.T.);
#12072 = FACE_BOUND('',#12073,.T.);
#12073 = EDGE_LOOP('',(#12074,#12075,#12076,#12077));
#12074 = ORIENTED_EDGE('',*,*,#8511,.F.);
#12075 = ORIENTED_EDGE('',*,*,#8439,.F.);
#12076 = ORIENTED_EDGE('',*,*,#8470,.F.);
#12077 = ORIENTED_EDGE('',*,*,#8494,.F.);
#12078 = PLANE('',#12079);
#12079 = AXIS2_PLACEMENT_3D('',#12080,#12081,#12082);
#12080 = CARTESIAN_POINT('',(-39.40719016499,5.892199885871,12.02));
#12081 = DIRECTION('',(0.,0.,1.));
#12082 = DIRECTION('',(0.,-1.,0.));
#12083 = ADVANCED_FACE('',(#12084),#12098,.T.);
#12084 = FACE_BOUND('',#12085,.T.);
#12085 = EDGE_LOOP('',(#12086,#12087,#12088,#12089,#12090,#12091,#12092,
    #12093,#12094,#12095,#12096,#12097));
#12086 = ORIENTED_EDGE('',*,*,#8815,.F.);
#12087 = ORIENTED_EDGE('',*,*,#8535,.F.);
#12088 = ORIENTED_EDGE('',*,*,#8568,.F.);
#12089 = ORIENTED_EDGE('',*,*,#8594,.F.);
#12090 = ORIENTED_EDGE('',*,*,#8618,.F.);
#12091 = ORIENTED_EDGE('',*,*,#8644,.F.);
#12092 = ORIENTED_EDGE('',*,*,#8670,.F.);
#12093 = ORIENTED_EDGE('',*,*,#8694,.F.);
#12094 = ORIENTED_EDGE('',*,*,#8720,.F.);
#12095 = ORIENTED_EDGE('',*,*,#8746,.F.);
#12096 = ORIENTED_EDGE('',*,*,#8770,.F.);
#12097 = ORIENTED_EDGE('',*,*,#8796,.F.);
#12098 = PLANE('',#12099);
#12099 = AXIS2_PLACEMENT_3D('',#12100,#12101,#12102);
#12100 = CARTESIAN_POINT('',(-39.49446767145,9.495809582697,12.02));
#12101 = DIRECTION('',(0.,0.,1.));
#12102 = DIRECTION('',(0.,-1.,0.));
#12103 = ADVANCED_FACE('',(#12104),#12118,.T.);
#12104 = FACE_BOUND('',#12105,.T.);
#12105 = EDGE_LOOP('',(#12106,#12107,#12108,#12109,#12110,#12111,#12112,
    #12113,#12114,#12115,#12116,#12117));
#12106 = ORIENTED_EDGE('',*,*,#9119,.F.);
#12107 = ORIENTED_EDGE('',*,*,#8839,.F.);
#12108 = ORIENTED_EDGE('',*,*,#8872,.F.);
#12109 = ORIENTED_EDGE('',*,*,#8898,.F.);
#12110 = ORIENTED_EDGE('',*,*,#8922,.F.);
#12111 = ORIENTED_EDGE('',*,*,#8948,.F.);
#12112 = ORIENTED_EDGE('',*,*,#8974,.F.);
#12113 = ORIENTED_EDGE('',*,*,#8998,.F.);
#12114 = ORIENTED_EDGE('',*,*,#9024,.F.);
#12115 = ORIENTED_EDGE('',*,*,#9050,.F.);
#12116 = ORIENTED_EDGE('',*,*,#9074,.F.);
#12117 = ORIENTED_EDGE('',*,*,#9100,.F.);
#12118 = PLANE('',#12119);
#12119 = AXIS2_PLACEMENT_3D('',#12120,#12121,#12122);
#12120 = CARTESIAN_POINT('',(-39.49446767145,9.495809582697,12.02));
#12121 = DIRECTION('',(0.,0.,1.));
#12122 = DIRECTION('',(0.,-1.,0.));
#12123 = ADVANCED_FACE('',(#12124),#12138,.T.);
#12124 = FACE_BOUND('',#12125,.T.);
#12125 = EDGE_LOOP('',(#12126,#12127,#12128,#12129,#12130,#12131,#12132,
    #12133,#12134,#12135,#12136,#12137));
#12126 = ORIENTED_EDGE('',*,*,#9423,.F.);
#12127 = ORIENTED_EDGE('',*,*,#9143,.F.);
#12128 = ORIENTED_EDGE('',*,*,#9176,.F.);
#12129 = ORIENTED_EDGE('',*,*,#9202,.F.);
#12130 = ORIENTED_EDGE('',*,*,#9226,.F.);
#12131 = ORIENTED_EDGE('',*,*,#9252,.F.);
#12132 = ORIENTED_EDGE('',*,*,#9278,.F.);
#12133 = ORIENTED_EDGE('',*,*,#9302,.F.);
#12134 = ORIENTED_EDGE('',*,*,#9328,.F.);
#12135 = ORIENTED_EDGE('',*,*,#9354,.F.);
#12136 = ORIENTED_EDGE('',*,*,#9378,.F.);
#12137 = ORIENTED_EDGE('',*,*,#9404,.F.);
#12138 = PLANE('',#12139);
#12139 = AXIS2_PLACEMENT_3D('',#12140,#12141,#12142);
#12140 = CARTESIAN_POINT('',(-39.49446767145,13.244381011269,12.02));
#12141 = DIRECTION('',(0.,0.,1.));
#12142 = DIRECTION('',(0.,-1.,0.));
#12143 = ADVANCED_FACE('',(#12144),#12158,.T.);
#12144 = FACE_BOUND('',#12145,.T.);
#12145 = EDGE_LOOP('',(#12146,#12147,#12148,#12149,#12150,#12151,#12152,
    #12153,#12154,#12155,#12156,#12157));
#12146 = ORIENTED_EDGE('',*,*,#9727,.F.);
#12147 = ORIENTED_EDGE('',*,*,#9447,.F.);
#12148 = ORIENTED_EDGE('',*,*,#9480,.F.);
#12149 = ORIENTED_EDGE('',*,*,#9506,.F.);
#12150 = ORIENTED_EDGE('',*,*,#9530,.F.);
#12151 = ORIENTED_EDGE('',*,*,#9556,.F.);
#12152 = ORIENTED_EDGE('',*,*,#9582,.F.);
#12153 = ORIENTED_EDGE('',*,*,#9606,.F.);
#12154 = ORIENTED_EDGE('',*,*,#9632,.F.);
#12155 = ORIENTED_EDGE('',*,*,#9658,.F.);
#12156 = ORIENTED_EDGE('',*,*,#9682,.F.);
#12157 = ORIENTED_EDGE('',*,*,#9708,.F.);
#12158 = PLANE('',#12159);
#12159 = AXIS2_PLACEMENT_3D('',#12160,#12161,#12162);
#12160 = CARTESIAN_POINT('',(-39.49446767145,13.244381011269,12.02));
#12161 = DIRECTION('',(0.,0.,1.));
#12162 = DIRECTION('',(0.,-1.,0.));
#12163 = ADVANCED_FACE('',(#12164),#12178,.T.);
#12164 = FACE_BOUND('',#12165,.T.);
#12165 = EDGE_LOOP('',(#12166,#12167,#12168,#12169,#12170,#12171,#12172,
    #12173,#12174,#12175,#12176,#12177));
#12166 = ORIENTED_EDGE('',*,*,#10031,.F.);
#12167 = ORIENTED_EDGE('',*,*,#9751,.F.);
#12168 = ORIENTED_EDGE('',*,*,#9784,.F.);
#12169 = ORIENTED_EDGE('',*,*,#9810,.F.);
#12170 = ORIENTED_EDGE('',*,*,#9834,.F.);
#12171 = ORIENTED_EDGE('',*,*,#9860,.F.);
#12172 = ORIENTED_EDGE('',*,*,#9886,.F.);
#12173 = ORIENTED_EDGE('',*,*,#9910,.F.);
#12174 = ORIENTED_EDGE('',*,*,#9936,.F.);
#12175 = ORIENTED_EDGE('',*,*,#9962,.F.);
#12176 = ORIENTED_EDGE('',*,*,#9986,.F.);
#12177 = ORIENTED_EDGE('',*,*,#10012,.F.);
#12178 = PLANE('',#12179);
#12179 = AXIS2_PLACEMENT_3D('',#12180,#12181,#12182);
#12180 = CARTESIAN_POINT('',(-39.50120693882,16.92604378541,12.02));
#12181 = DIRECTION('',(0.,0.,1.));
#12182 = DIRECTION('',(0.,-1.,0.));
#12183 = ADVANCED_FACE('',(#12184),#12190,.T.);
#12184 = FACE_BOUND('',#12185,.T.);
#12185 = EDGE_LOOP('',(#12186,#12187,#12188,#12189));
#12186 = ORIENTED_EDGE('',*,*,#10127,.F.);
#12187 = ORIENTED_EDGE('',*,*,#10055,.F.);
#12188 = ORIENTED_EDGE('',*,*,#10086,.F.);
#12189 = ORIENTED_EDGE('',*,*,#10110,.F.);
#12190 = PLANE('',#12191);
#12191 = AXIS2_PLACEMENT_3D('',#12192,#12193,#12194);
#12192 = CARTESIAN_POINT('',(-39.50120693882,16.92604378541,12.02));
#12193 = DIRECTION('',(0.,0.,1.));
#12194 = DIRECTION('',(0.,-1.,0.));
#12195 = ADVANCED_FACE('',(#12196),#12203,.T.);
#12196 = FACE_BOUND('',#12197,.T.);
#12197 = EDGE_LOOP('',(#12198,#12199,#12200,#12201,#12202));
#12198 = ORIENTED_EDGE('',*,*,#10247,.F.);
#12199 = ORIENTED_EDGE('',*,*,#10151,.F.);
#12200 = ORIENTED_EDGE('',*,*,#10182,.F.);
#12201 = ORIENTED_EDGE('',*,*,#10206,.F.);
#12202 = ORIENTED_EDGE('',*,*,#10230,.F.);
#12203 = PLANE('',#12204);
#12204 = AXIS2_PLACEMENT_3D('',#12205,#12206,#12207);
#12205 = CARTESIAN_POINT('',(-39.43515641237,20.381993400007,12.02));
#12206 = DIRECTION('',(0.,0.,1.));
#12207 = DIRECTION('',(0.,-1.,0.));
#12208 = ADVANCED_FACE('',(#12209),#12217,.T.);
#12209 = FACE_BOUND('',#12210,.T.);
#12210 = EDGE_LOOP('',(#12211,#12212,#12213,#12214,#12215,#12216));
#12211 = ORIENTED_EDGE('',*,*,#10391,.F.);
#12212 = ORIENTED_EDGE('',*,*,#10271,.F.);
#12213 = ORIENTED_EDGE('',*,*,#10302,.F.);
#12214 = ORIENTED_EDGE('',*,*,#10326,.F.);
#12215 = ORIENTED_EDGE('',*,*,#10350,.F.);
#12216 = ORIENTED_EDGE('',*,*,#10374,.F.);
#12217 = PLANE('',#12218);
#12218 = AXIS2_PLACEMENT_3D('',#12219,#12220,#12221);
#12219 = CARTESIAN_POINT('',(-39.43515641237,20.381993400007,12.02));
#12220 = DIRECTION('',(0.,0.,1.));
#12221 = DIRECTION('',(0.,-1.,0.));
#12222 = ADVANCED_FACE('',(#12223),#12230,.T.);
#12223 = FACE_BOUND('',#12224,.T.);
#12224 = EDGE_LOOP('',(#12225,#12226,#12227,#12228,#12229));
#12225 = ORIENTED_EDGE('',*,*,#10511,.F.);
#12226 = ORIENTED_EDGE('',*,*,#10415,.F.);
#12227 = ORIENTED_EDGE('',*,*,#10446,.F.);
#12228 = ORIENTED_EDGE('',*,*,#10470,.F.);
#12229 = ORIENTED_EDGE('',*,*,#10494,.F.);
#12230 = PLANE('',#12231);
#12231 = AXIS2_PLACEMENT_3D('',#12232,#12233,#12234);
#12232 = CARTESIAN_POINT('',(-39.43515641237,20.381993400007,12.02));
#12233 = DIRECTION('',(0.,0.,1.));
#12234 = DIRECTION('',(0.,-1.,0.));
#12235 = ADVANCED_FACE('',(#12236),#12242,.T.);
#12236 = FACE_BOUND('',#12237,.T.);
#12237 = EDGE_LOOP('',(#12238,#12239,#12240,#12241));
#12238 = ORIENTED_EDGE('',*,*,#10607,.F.);
#12239 = ORIENTED_EDGE('',*,*,#10535,.F.);
#12240 = ORIENTED_EDGE('',*,*,#10566,.F.);
#12241 = ORIENTED_EDGE('',*,*,#10590,.F.);
#12242 = PLANE('',#12243);
#12243 = AXIS2_PLACEMENT_3D('',#12244,#12245,#12246);
#12244 = CARTESIAN_POINT('',(-39.5,22.97,12.02));
#12245 = DIRECTION('',(0.,0.,1.));
#12246 = DIRECTION('',(0.,-1.,0.));
#12247 = ADVANCED_FACE('',(#12248),#12273,.F.);
#12248 = FACE_BOUND('',#12249,.F.);
#12249 = EDGE_LOOP('',(#12250,#12258,#12266,#12272));
#12250 = ORIENTED_EDGE('',*,*,#12251,.T.);
#12251 = EDGE_CURVE('',#10630,#12252,#12254,.T.);
#12252 = VERTEX_POINT('',#12253);
#12253 = CARTESIAN_POINT('',(42.3,-27.2,2.23));
#12254 = LINE('',#12255,#12256);
#12255 = CARTESIAN_POINT('',(42.3,-27.,2.23));
#12256 = VECTOR('',#12257,1.);
#12257 = DIRECTION('',(0.,-1.,2.2E-16));
#12258 = ORIENTED_EDGE('',*,*,#12259,.T.);
#12259 = EDGE_CURVE('',#12252,#12260,#12262,.T.);
#12260 = VERTEX_POINT('',#12261);
#12261 = CARTESIAN_POINT('',(42.3,-27.2,0.93));
#12262 = LINE('',#12263,#12264);
#12263 = CARTESIAN_POINT('',(42.3,-27.2,2.23));
#12264 = VECTOR('',#12265,1.);
#12265 = DIRECTION('',(0.,-2.2E-16,-1.));
#12266 = ORIENTED_EDGE('',*,*,#12267,.F.);
#12267 = EDGE_CURVE('',#10632,#12260,#12268,.T.);
#12268 = LINE('',#12269,#12270);
#12269 = CARTESIAN_POINT('',(42.3,-27.,0.93));
#12270 = VECTOR('',#12271,1.);
#12271 = DIRECTION('',(0.,-1.,2.2E-16));
#12272 = ORIENTED_EDGE('',*,*,#10629,.F.);
#12273 = PLANE('',#12274);
#12274 = AXIS2_PLACEMENT_3D('',#12275,#12276,#12277);
#12275 = CARTESIAN_POINT('',(42.3,-27.,2.23));
#12276 = DIRECTION('',(1.,0.,0.));
#12277 = DIRECTION('',(0.,-2.2E-16,-1.));
#12278 = ADVANCED_FACE('',(#12279),#12311,.F.);
#12279 = FACE_BOUND('',#12280,.F.);
#12280 = EDGE_LOOP('',(#12281,#12289,#12290,#12291,#12297,#12298,#12304,
    #12305));
#12281 = ORIENTED_EDGE('',*,*,#12282,.F.);
#12282 = EDGE_CURVE('',#10648,#12283,#12285,.T.);
#12283 = VERTEX_POINT('',#12284);
#12284 = CARTESIAN_POINT('',(-40.3,-27.2,0.93));
#12285 = LINE('',#12286,#12287);
#12286 = CARTESIAN_POINT('',(-40.3,-27.,0.93));
#12287 = VECTOR('',#12288,1.);
#12288 = DIRECTION('',(0.,-1.,2.2E-16));
#12289 = ORIENTED_EDGE('',*,*,#10655,.F.);
#12290 = ORIENTED_EDGE('',*,*,#12267,.T.);
#12291 = ORIENTED_EDGE('',*,*,#12292,.T.);
#12292 = EDGE_CURVE('',#12260,#11046,#12293,.T.);
#12293 = LINE('',#12294,#12295);
#12294 = CARTESIAN_POINT('',(42.3,-27.2,0.93));
#12295 = VECTOR('',#12296,1.);
#12296 = DIRECTION('',(-1.,0.,0.));
#12297 = ORIENTED_EDGE('',*,*,#11045,.F.);
#12298 = ORIENTED_EDGE('',*,*,#12299,.F.);
#12299 = EDGE_CURVE('',#10933,#11037,#12300,.T.);
#12300 = LINE('',#12301,#12302);
#12301 = CARTESIAN_POINT('',(34.89114625,-27.1,0.93));
#12302 = VECTOR('',#12303,1.);
#12303 = DIRECTION('',(1.,0.,0.));
#12304 = ORIENTED_EDGE('',*,*,#10932,.T.);
#12305 = ORIENTED_EDGE('',*,*,#12306,.T.);
#12306 = EDGE_CURVE('',#10935,#12283,#12307,.T.);
#12307 = LINE('',#12308,#12309);
#12308 = CARTESIAN_POINT('',(21.48369766594,-27.2,0.93));
#12309 = VECTOR('',#12310,1.);
#12310 = DIRECTION('',(-1.,0.,0.));
#12311 = PLANE('',#12312);
#12312 = AXIS2_PLACEMENT_3D('',#12313,#12314,#12315);
#12313 = CARTESIAN_POINT('',(42.3,-27.,0.93));
#12314 = DIRECTION('',(-0.,-2.2E-16,-1.));
#12315 = DIRECTION('',(-1.,0.,0.));
#12316 = ADVANCED_FACE('',(#12317),#12335,.F.);
#12317 = FACE_BOUND('',#12318,.F.);
#12318 = EDGE_LOOP('',(#12319,#12320,#12328,#12334));
#12319 = ORIENTED_EDGE('',*,*,#12282,.T.);
#12320 = ORIENTED_EDGE('',*,*,#12321,.T.);
#12321 = EDGE_CURVE('',#12283,#12322,#12324,.T.);
#12322 = VERTEX_POINT('',#12323);
#12323 = CARTESIAN_POINT('',(-40.3,-27.2,2.23));
#12324 = LINE('',#12325,#12326);
#12325 = CARTESIAN_POINT('',(-40.3,-27.2,0.93));
#12326 = VECTOR('',#12327,1.);
#12327 = DIRECTION('',(0.,2.2E-16,1.));
#12328 = ORIENTED_EDGE('',*,*,#12329,.F.);
#12329 = EDGE_CURVE('',#10640,#12322,#12330,.T.);
#12330 = LINE('',#12331,#12332);
#12331 = CARTESIAN_POINT('',(-40.3,-27.,2.23));
#12332 = VECTOR('',#12333,1.);
#12333 = DIRECTION('',(0.,-1.,2.2E-16));
#12334 = ORIENTED_EDGE('',*,*,#10647,.F.);
#12335 = PLANE('',#12336);
#12336 = AXIS2_PLACEMENT_3D('',#12337,#12338,#12339);
#12337 = CARTESIAN_POINT('',(-40.3,-27.,0.93));
#12338 = DIRECTION('',(-1.,0.,0.));
#12339 = DIRECTION('',(0.,2.2E-16,1.));
#12340 = ADVANCED_FACE('',(#12341),#12366,.F.);
#12341 = FACE_BOUND('',#12342,.F.);
#12342 = EDGE_LOOP('',(#12343,#12344,#12345,#12346,#12352,#12353,#12359,
    #12360));
#12343 = ORIENTED_EDGE('',*,*,#12251,.F.);
#12344 = ORIENTED_EDGE('',*,*,#10639,.F.);
#12345 = ORIENTED_EDGE('',*,*,#12329,.T.);
#12346 = ORIENTED_EDGE('',*,*,#12347,.T.);
#12347 = EDGE_CURVE('',#12322,#11240,#12348,.T.);
#12348 = LINE('',#12349,#12350);
#12349 = CARTESIAN_POINT('',(-40.3,-27.2,2.23));
#12350 = VECTOR('',#12351,1.);
#12351 = DIRECTION('',(1.,0.,0.));
#12352 = ORIENTED_EDGE('',*,*,#11239,.F.);
#12353 = ORIENTED_EDGE('',*,*,#12354,.F.);
#12354 = EDGE_CURVE('',#11118,#11231,#12355,.T.);
#12355 = LINE('',#12356,#12357);
#12356 = CARTESIAN_POINT('',(-6.40885375,-27.1,2.23));
#12357 = VECTOR('',#12358,1.);
#12358 = DIRECTION('',(-1.,0.,0.));
#12359 = ORIENTED_EDGE('',*,*,#11117,.T.);
#12360 = ORIENTED_EDGE('',*,*,#12361,.T.);
#12361 = EDGE_CURVE('',#11120,#12252,#12362,.T.);
#12362 = LINE('',#12363,#12364);
#12363 = CARTESIAN_POINT('',(33.389458977574,-27.2,2.23));
#12364 = VECTOR('',#12365,1.);
#12365 = DIRECTION('',(1.,0.,0.));
#12366 = PLANE('',#12367);
#12367 = AXIS2_PLACEMENT_3D('',#12368,#12369,#12370);
#12368 = CARTESIAN_POINT('',(-40.3,-27.,2.23));
#12369 = DIRECTION('',(0.,2.2E-16,1.));
#12370 = DIRECTION('',(1.,0.,0.));
#12371 = ADVANCED_FACE('',(#12372),#12399,.F.);
#12372 = FACE_BOUND('',#12373,.F.);
#12373 = EDGE_LOOP('',(#12374,#12383,#12391,#12398));
#12374 = ORIENTED_EDGE('',*,*,#12375,.T.);
#12375 = EDGE_CURVE('',#10679,#12376,#12378,.T.);
#12376 = VERTEX_POINT('',#12377);
#12377 = CARTESIAN_POINT('',(46.2,-19.37,1.33));
#12378 = ELLIPSE('',#12379,0.565685424949,0.4);
#12379 = AXIS2_PLACEMENT_3D('',#12380,#12381,#12382);
#12380 = CARTESIAN_POINT('',(45.8,-19.37,1.33));
#12381 = DIRECTION('',(-0.,-0.707106781187,-0.707106781187));
#12382 = DIRECTION('',(0.,-0.707106781187,0.707106781187));
#12383 = ORIENTED_EDGE('',*,*,#12384,.T.);
#12384 = EDGE_CURVE('',#12376,#12385,#12387,.T.);
#12385 = VERTEX_POINT('',#12386);
#12386 = CARTESIAN_POINT('',(46.2,-23.3,1.33));
#12387 = LINE('',#12388,#12389);
#12388 = CARTESIAN_POINT('',(46.2,-18.97,1.33));
#12389 = VECTOR('',#12390,1.);
#12390 = DIRECTION('',(0.,-1.,0.));
#12391 = ORIENTED_EDGE('',*,*,#12392,.F.);
#12392 = EDGE_CURVE('',#10670,#12385,#12393,.T.);
#12393 = ELLIPSE('',#12394,0.565685424949,0.4);
#12394 = AXIS2_PLACEMENT_3D('',#12395,#12396,#12397);
#12395 = CARTESIAN_POINT('',(45.8,-23.3,1.33));
#12396 = DIRECTION('',(0.,-0.707106781187,0.707106781187));
#12397 = DIRECTION('',(0.,-0.707106781187,-0.707106781187));
#12398 = ORIENTED_EDGE('',*,*,#10686,.F.);
#12399 = CYLINDRICAL_SURFACE('',#12400,0.4);
#12400 = AXIS2_PLACEMENT_3D('',#12401,#12402,#12403);
#12401 = CARTESIAN_POINT('',(45.8,-18.97,1.33));
#12402 = DIRECTION('',(0.,-1.,0.));
#12403 = DIRECTION('',(0.,0.,-1.));
#12404 = ADVANCED_FACE('',(#12405),#12424,.F.);
#12405 = FACE_BOUND('',#12406,.T.);
#12406 = EDGE_LOOP('',(#12407,#12408,#12416,#12423));
#12407 = ORIENTED_EDGE('',*,*,#12375,.T.);
#12408 = ORIENTED_EDGE('',*,*,#12409,.T.);
#12409 = EDGE_CURVE('',#12376,#12410,#12412,.T.);
#12410 = VERTEX_POINT('',#12411);
#12411 = CARTESIAN_POINT('',(46.2,-19.37,1.83));
#12412 = LINE('',#12413,#12414);
#12413 = CARTESIAN_POINT('',(46.2,-19.37,0.93));
#12414 = VECTOR('',#12415,1.);
#12415 = DIRECTION('',(0.,0.,1.));
#12416 = ORIENTED_EDGE('',*,*,#12417,.F.);
#12417 = EDGE_CURVE('',#10703,#12410,#12418,.T.);
#12418 = ELLIPSE('',#12419,0.565685424949,0.4);
#12419 = AXIS2_PLACEMENT_3D('',#12420,#12421,#12422);
#12420 = CARTESIAN_POINT('',(45.8,-19.37,1.83));
#12421 = DIRECTION('',(0.,0.707106781187,-0.707106781187));
#12422 = DIRECTION('',(0.,0.707106781187,0.707106781187));
#12423 = ORIENTED_EDGE('',*,*,#10710,.F.);
#12424 = CYLINDRICAL_SURFACE('',#12425,0.4);
#12425 = AXIS2_PLACEMENT_3D('',#12426,#12427,#12428);
#12426 = CARTESIAN_POINT('',(45.8,-19.37,0.93));
#12427 = DIRECTION('',(0.,0.,1.));
#12428 = DIRECTION('',(0.,1.,0.));
#12429 = ADVANCED_FACE('',(#12430),#12449,.F.);
#12430 = FACE_BOUND('',#12431,.F.);
#12431 = EDGE_LOOP('',(#12432,#12441,#12447,#12448));
#12432 = ORIENTED_EDGE('',*,*,#12433,.T.);
#12433 = EDGE_CURVE('',#10727,#12434,#12436,.T.);
#12434 = VERTEX_POINT('',#12435);
#12435 = CARTESIAN_POINT('',(46.2,-23.3,1.83));
#12436 = ELLIPSE('',#12437,0.565685424949,0.4);
#12437 = AXIS2_PLACEMENT_3D('',#12438,#12439,#12440);
#12438 = CARTESIAN_POINT('',(45.8,-23.3,1.83));
#12439 = DIRECTION('',(0.,0.707106781187,0.707106781187));
#12440 = DIRECTION('',(0.,0.707106781187,-0.707106781187));
#12441 = ORIENTED_EDGE('',*,*,#12442,.T.);
#12442 = EDGE_CURVE('',#12434,#12410,#12443,.T.);
#12443 = LINE('',#12444,#12445);
#12444 = CARTESIAN_POINT('',(46.2,-23.7,1.83));
#12445 = VECTOR('',#12446,1.);
#12446 = DIRECTION('',(0.,1.,0.));
#12447 = ORIENTED_EDGE('',*,*,#12417,.F.);
#12448 = ORIENTED_EDGE('',*,*,#10734,.F.);
#12449 = CYLINDRICAL_SURFACE('',#12450,0.4);
#12450 = AXIS2_PLACEMENT_3D('',#12451,#12452,#12453);
#12451 = CARTESIAN_POINT('',(45.8,-23.7,1.83));
#12452 = DIRECTION('',(0.,1.,0.));
#12453 = DIRECTION('',(0.,0.,1.));
#12454 = ADVANCED_FACE('',(#12455),#12466,.F.);
#12455 = FACE_BOUND('',#12456,.F.);
#12456 = EDGE_LOOP('',(#12457,#12458,#12464,#12465));
#12457 = ORIENTED_EDGE('',*,*,#12392,.T.);
#12458 = ORIENTED_EDGE('',*,*,#12459,.T.);
#12459 = EDGE_CURVE('',#12385,#12434,#12460,.T.);
#12460 = LINE('',#12461,#12462);
#12461 = CARTESIAN_POINT('',(46.2,-23.3,0.93));
#12462 = VECTOR('',#12463,1.);
#12463 = DIRECTION('',(0.,0.,1.));
#12464 = ORIENTED_EDGE('',*,*,#12433,.F.);
#12465 = ORIENTED_EDGE('',*,*,#10749,.F.);
#12466 = CYLINDRICAL_SURFACE('',#12467,0.4);
#12467 = AXIS2_PLACEMENT_3D('',#12468,#12469,#12470);
#12468 = CARTESIAN_POINT('',(45.8,-23.3,0.93));
#12469 = DIRECTION('',(0.,0.,1.));
#12470 = DIRECTION('',(0.,-1.,0.));
#12471 = ADVANCED_FACE('',(#12472),#12491,.T.);
#12472 = FACE_BOUND('',#12473,.F.);
#12473 = EDGE_LOOP('',(#12474,#12482,#12489,#12490));
#12474 = ORIENTED_EDGE('',*,*,#12475,.T.);
#12475 = EDGE_CURVE('',#10837,#12476,#12478,.T.);
#12476 = VERTEX_POINT('',#12477);
#12477 = CARTESIAN_POINT('',(-35.08,-21.95,3.02));
#12478 = LINE('',#12479,#12480);
#12479 = CARTESIAN_POINT('',(-35.08,-21.95,10.82));
#12480 = VECTOR('',#12481,1.);
#12481 = DIRECTION('',(0.,0.,-1.));
#12482 = ORIENTED_EDGE('',*,*,#12483,.T.);
#12483 = EDGE_CURVE('',#12476,#12476,#12484,.T.);
#12484 = CIRCLE('',#12485,1.4);
#12485 = AXIS2_PLACEMENT_3D('',#12486,#12487,#12488);
#12486 = CARTESIAN_POINT('',(-36.48,-21.95,3.02));
#12487 = DIRECTION('',(0.,0.,-1.));
#12488 = DIRECTION('',(1.,0.,0.));
#12489 = ORIENTED_EDGE('',*,*,#12475,.F.);
#12490 = ORIENTED_EDGE('',*,*,#10836,.F.);
#12491 = CYLINDRICAL_SURFACE('',#12492,1.4);
#12492 = AXIS2_PLACEMENT_3D('',#12493,#12494,#12495);
#12493 = CARTESIAN_POINT('',(-36.48,-21.95,10.82));
#12494 = DIRECTION('',(0.,0.,1.));
#12495 = DIRECTION('',(1.,0.,0.));
#12496 = ADVANCED_FACE('',(#12497),#12516,.T.);
#12497 = FACE_BOUND('',#12498,.F.);
#12498 = EDGE_LOOP('',(#12499,#12507,#12514,#12515));
#12499 = ORIENTED_EDGE('',*,*,#12500,.T.);
#12500 = EDGE_CURVE('',#10848,#12501,#12503,.T.);
#12501 = VERTEX_POINT('',#12502);
#12502 = CARTESIAN_POINT('',(41.,-21.95,3.02));
#12503 = LINE('',#12504,#12505);
#12504 = CARTESIAN_POINT('',(41.,-21.95,10.82));
#12505 = VECTOR('',#12506,1.);
#12506 = DIRECTION('',(0.,0.,-1.));
#12507 = ORIENTED_EDGE('',*,*,#12508,.T.);
#12508 = EDGE_CURVE('',#12501,#12501,#12509,.T.);
#12509 = CIRCLE('',#12510,1.4);
#12510 = AXIS2_PLACEMENT_3D('',#12511,#12512,#12513);
#12511 = CARTESIAN_POINT('',(39.6,-21.95,3.02));
#12512 = DIRECTION('',(0.,0.,-1.));
#12513 = DIRECTION('',(1.,0.,0.));
#12514 = ORIENTED_EDGE('',*,*,#12500,.F.);
#12515 = ORIENTED_EDGE('',*,*,#10847,.F.);
#12516 = CYLINDRICAL_SURFACE('',#12517,1.4);
#12517 = AXIS2_PLACEMENT_3D('',#12518,#12519,#12520);
#12518 = CARTESIAN_POINT('',(39.6,-21.95,10.82));
#12519 = DIRECTION('',(0.,0.,1.));
#12520 = DIRECTION('',(1.,0.,0.));
#12521 = ADVANCED_FACE('',(#12522),#12541,.T.);
#12522 = FACE_BOUND('',#12523,.F.);
#12523 = EDGE_LOOP('',(#12524,#12532,#12539,#12540));
#12524 = ORIENTED_EDGE('',*,*,#12525,.T.);
#12525 = EDGE_CURVE('',#10865,#12526,#12528,.T.);
#12526 = VERTEX_POINT('',#12527);
#12527 = CARTESIAN_POINT('',(-35.08,22.05,3.02));
#12528 = LINE('',#12529,#12530);
#12529 = CARTESIAN_POINT('',(-35.08,22.05,10.82));
#12530 = VECTOR('',#12531,1.);
#12531 = DIRECTION('',(0.,0.,-1.));
#12532 = ORIENTED_EDGE('',*,*,#12533,.T.);
#12533 = EDGE_CURVE('',#12526,#12526,#12534,.T.);
#12534 = CIRCLE('',#12535,1.4);
#12535 = AXIS2_PLACEMENT_3D('',#12536,#12537,#12538);
#12536 = CARTESIAN_POINT('',(-36.48,22.05,3.02));
#12537 = DIRECTION('',(0.,0.,-1.));
#12538 = DIRECTION('',(1.,0.,0.));
#12539 = ORIENTED_EDGE('',*,*,#12525,.F.);
#12540 = ORIENTED_EDGE('',*,*,#10864,.F.);
#12541 = CYLINDRICAL_SURFACE('',#12542,1.4);
#12542 = AXIS2_PLACEMENT_3D('',#12543,#12544,#12545);
#12543 = CARTESIAN_POINT('',(-36.48,22.05,10.82));
#12544 = DIRECTION('',(0.,0.,1.));
#12545 = DIRECTION('',(1.,0.,0.));
#12546 = ADVANCED_FACE('',(#12547),#12566,.T.);
#12547 = FACE_BOUND('',#12548,.F.);
#12548 = EDGE_LOOP('',(#12549,#12557,#12564,#12565));
#12549 = ORIENTED_EDGE('',*,*,#12550,.T.);
#12550 = EDGE_CURVE('',#10876,#12551,#12553,.T.);
#12551 = VERTEX_POINT('',#12552);
#12552 = CARTESIAN_POINT('',(41.,22.05,3.02));
#12553 = LINE('',#12554,#12555);
#12554 = CARTESIAN_POINT('',(41.,22.05,10.82));
#12555 = VECTOR('',#12556,1.);
#12556 = DIRECTION('',(0.,0.,-1.));
#12557 = ORIENTED_EDGE('',*,*,#12558,.T.);
#12558 = EDGE_CURVE('',#12551,#12551,#12559,.T.);
#12559 = CIRCLE('',#12560,1.4);
#12560 = AXIS2_PLACEMENT_3D('',#12561,#12562,#12563);
#12561 = CARTESIAN_POINT('',(39.6,22.05,3.02));
#12562 = DIRECTION('',(0.,0.,-1.));
#12563 = DIRECTION('',(1.,0.,0.));
#12564 = ORIENTED_EDGE('',*,*,#12550,.F.);
#12565 = ORIENTED_EDGE('',*,*,#10875,.F.);
#12566 = CYLINDRICAL_SURFACE('',#12567,1.4);
#12567 = AXIS2_PLACEMENT_3D('',#12568,#12569,#12570);
#12568 = CARTESIAN_POINT('',(39.6,22.05,10.82));
#12569 = DIRECTION('',(0.,0.,1.));
#12570 = DIRECTION('',(1.,0.,0.));
#12571 = ADVANCED_FACE('',(#12572),#12592,.F.);
#12572 = FACE_BOUND('',#12573,.F.);
#12573 = EDGE_LOOP('',(#12574,#12575,#12576,#12584,#12591));
#12574 = ORIENTED_EDGE('',*,*,#10959,.T.);
#12575 = ORIENTED_EDGE('',*,*,#10917,.T.);
#12576 = ORIENTED_EDGE('',*,*,#12577,.T.);
#12577 = EDGE_CURVE('',#10910,#12578,#12580,.T.);
#12578 = VERTEX_POINT('',#12579);
#12579 = CARTESIAN_POINT('',(-39.9,-27.6,1.33));
#12580 = LINE('',#12581,#12582);
#12581 = CARTESIAN_POINT('',(21.48369766594,-27.6,1.33));
#12582 = VECTOR('',#12583,1.);
#12583 = DIRECTION('',(-1.,0.,0.));
#12584 = ORIENTED_EDGE('',*,*,#12585,.F.);
#12585 = EDGE_CURVE('',#12283,#12578,#12586,.T.);
#12586 = ELLIPSE('',#12587,0.565685424949,0.4);
#12587 = AXIS2_PLACEMENT_3D('',#12588,#12589,#12590);
#12588 = CARTESIAN_POINT('',(-39.9,-27.2,1.33));
#12589 = DIRECTION('',(-0.707106781187,1.6E-16,0.707106781187));
#12590 = DIRECTION('',(-0.707106781187,-1.6E-16,-0.707106781187));
#12591 = ORIENTED_EDGE('',*,*,#12306,.F.);
#12592 = CYLINDRICAL_SURFACE('',#12593,0.4);
#12593 = AXIS2_PLACEMENT_3D('',#12594,#12595,#12596);
#12594 = CARTESIAN_POINT('',(21.48369766594,-27.2,1.33));
#12595 = DIRECTION('',(-1.,0.,0.));
#12596 = DIRECTION('',(-0.,-2.2E-16,-1.));
#12597 = ADVANCED_FACE('',(#12598),#12617,.T.);
#12598 = FACE_BOUND('',#12599,.T.);
#12599 = EDGE_LOOP('',(#12600,#12601,#12602,#12610,#12616));
#12600 = ORIENTED_EDGE('',*,*,#10909,.F.);
#12601 = ORIENTED_EDGE('',*,*,#12577,.T.);
#12602 = ORIENTED_EDGE('',*,*,#12603,.T.);
#12603 = EDGE_CURVE('',#12578,#12604,#12606,.T.);
#12604 = VERTEX_POINT('',#12605);
#12605 = CARTESIAN_POINT('',(-39.9,-27.6,1.83));
#12606 = LINE('',#12607,#12608);
#12607 = CARTESIAN_POINT('',(-39.9,-27.6,0.93));
#12608 = VECTOR('',#12609,1.);
#12609 = DIRECTION('',(0.,2.2E-16,1.));
#12610 = ORIENTED_EDGE('',*,*,#12611,.T.);
#12611 = EDGE_CURVE('',#12604,#11219,#12612,.T.);
#12612 = LINE('',#12613,#12614);
#12613 = CARTESIAN_POINT('',(-40.3,-27.6,1.83));
#12614 = VECTOR('',#12615,1.);
#12615 = DIRECTION('',(1.,0.,0.));
#12616 = ORIENTED_EDGE('',*,*,#11218,.T.);
#12617 = PLANE('',#12618);
#12618 = AXIS2_PLACEMENT_3D('',#12619,#12620,#12621);
#12619 = CARTESIAN_POINT('',(1.,-27.6,1.58));
#12620 = DIRECTION('',(0.,1.,0.));
#12621 = DIRECTION('',(0.,0.,1.));
#12622 = ADVANCED_FACE('',(#12623),#12629,.F.);
#12623 = FACE_BOUND('',#12624,.F.);
#12624 = EDGE_LOOP('',(#12625,#12626,#12627,#12628));
#12625 = ORIENTED_EDGE('',*,*,#10942,.F.);
#12626 = ORIENTED_EDGE('',*,*,#12299,.T.);
#12627 = ORIENTED_EDGE('',*,*,#11036,.F.);
#12628 = ORIENTED_EDGE('',*,*,#11003,.F.);
#12629 = PLANE('',#12630);
#12630 = AXIS2_PLACEMENT_3D('',#12631,#12632,#12633);
#12631 = CARTESIAN_POINT('',(27.4822925,-27.1,1.5494555));
#12632 = DIRECTION('',(0.,1.,0.));
#12633 = DIRECTION('',(0.,0.,1.));
#12634 = ADVANCED_FACE('',(#12635),#12655,.F.);
#12635 = FACE_BOUND('',#12636,.F.);
#12636 = EDGE_LOOP('',(#12637,#12638,#12639,#12648,#12654));
#12637 = ORIENTED_EDGE('',*,*,#11053,.F.);
#12638 = ORIENTED_EDGE('',*,*,#12292,.F.);
#12639 = ORIENTED_EDGE('',*,*,#12640,.T.);
#12640 = EDGE_CURVE('',#12260,#12641,#12643,.T.);
#12641 = VERTEX_POINT('',#12642);
#12642 = CARTESIAN_POINT('',(41.9,-27.6,1.33));
#12643 = ELLIPSE('',#12644,0.565685424949,0.4);
#12644 = AXIS2_PLACEMENT_3D('',#12645,#12646,#12647);
#12645 = CARTESIAN_POINT('',(41.9,-27.2,1.33));
#12646 = DIRECTION('',(-0.707106781187,-1.6E-16,-0.707106781187));
#12647 = DIRECTION('',(-0.707106781187,1.6E-16,0.707106781187));
#12648 = ORIENTED_EDGE('',*,*,#12649,.T.);
#12649 = EDGE_CURVE('',#12641,#11087,#12650,.T.);
#12650 = LINE('',#12651,#12652);
#12651 = CARTESIAN_POINT('',(42.3,-27.6,1.33));
#12652 = VECTOR('',#12653,1.);
#12653 = DIRECTION('',(-1.,0.,0.));
#12654 = ORIENTED_EDGE('',*,*,#11102,.F.);
#12655 = CYLINDRICAL_SURFACE('',#12656,0.4);
#12656 = AXIS2_PLACEMENT_3D('',#12657,#12658,#12659);
#12657 = CARTESIAN_POINT('',(42.3,-27.2,1.33));
#12658 = DIRECTION('',(-1.,0.,0.));
#12659 = DIRECTION('',(-0.,-2.2E-16,-1.));
#12660 = ADVANCED_FACE('',(#12661),#12680,.T.);
#12661 = FACE_BOUND('',#12662,.T.);
#12662 = EDGE_LOOP('',(#12663,#12664,#12672,#12678,#12679));
#12663 = ORIENTED_EDGE('',*,*,#11144,.T.);
#12664 = ORIENTED_EDGE('',*,*,#12665,.T.);
#12665 = EDGE_CURVE('',#11145,#12666,#12668,.T.);
#12666 = VERTEX_POINT('',#12667);
#12667 = CARTESIAN_POINT('',(41.9,-27.6,1.83));
#12668 = LINE('',#12669,#12670);
#12669 = CARTESIAN_POINT('',(33.389458977574,-27.6,1.83));
#12670 = VECTOR('',#12671,1.);
#12671 = DIRECTION('',(1.,0.,0.));
#12672 = ORIENTED_EDGE('',*,*,#12673,.T.);
#12673 = EDGE_CURVE('',#12666,#12641,#12674,.T.);
#12674 = LINE('',#12675,#12676);
#12675 = CARTESIAN_POINT('',(41.9,-27.6,2.23));
#12676 = VECTOR('',#12677,1.);
#12677 = DIRECTION('',(0.,-2.2E-16,-1.));
#12678 = ORIENTED_EDGE('',*,*,#12649,.T.);
#12679 = ORIENTED_EDGE('',*,*,#11084,.F.);
#12680 = PLANE('',#12681);
#12681 = AXIS2_PLACEMENT_3D('',#12682,#12683,#12684);
#12682 = CARTESIAN_POINT('',(1.,-27.6,1.58));
#12683 = DIRECTION('',(0.,1.,0.));
#12684 = DIRECTION('',(0.,0.,1.));
#12685 = ADVANCED_FACE('',(#12686),#12698,.F.);
#12686 = FACE_BOUND('',#12687,.F.);
#12687 = EDGE_LOOP('',(#12688,#12689,#12690,#12697));
#12688 = ORIENTED_EDGE('',*,*,#11153,.T.);
#12689 = ORIENTED_EDGE('',*,*,#12665,.T.);
#12690 = ORIENTED_EDGE('',*,*,#12691,.F.);
#12691 = EDGE_CURVE('',#12252,#12666,#12692,.T.);
#12692 = ELLIPSE('',#12693,0.565685424949,0.4);
#12693 = AXIS2_PLACEMENT_3D('',#12694,#12695,#12696);
#12694 = CARTESIAN_POINT('',(41.9,-27.2,1.83));
#12695 = DIRECTION('',(0.707106781187,-1.6E-16,-0.707106781187));
#12696 = DIRECTION('',(0.707106781187,1.6E-16,0.707106781187));
#12697 = ORIENTED_EDGE('',*,*,#12361,.F.);
#12698 = CYLINDRICAL_SURFACE('',#12699,0.4);
#12699 = AXIS2_PLACEMENT_3D('',#12700,#12701,#12702);
#12700 = CARTESIAN_POINT('',(33.389458977574,-27.2,1.83));
#12701 = DIRECTION('',(1.,0.,0.));
#12702 = DIRECTION('',(0.,2.2E-16,1.));
#12703 = ADVANCED_FACE('',(#12704),#12710,.F.);
#12704 = FACE_BOUND('',#12705,.F.);
#12705 = EDGE_LOOP('',(#12706,#12707,#12708,#12709));
#12706 = ORIENTED_EDGE('',*,*,#12354,.T.);
#12707 = ORIENTED_EDGE('',*,*,#11230,.F.);
#12708 = ORIENTED_EDGE('',*,*,#11195,.F.);
#12709 = ORIENTED_EDGE('',*,*,#11127,.F.);
#12710 = PLANE('',#12711);
#12711 = AXIS2_PLACEMENT_3D('',#12712,#12713,#12714);
#12712 = CARTESIAN_POINT('',(27.4822925,-27.1,1.5494555));
#12713 = DIRECTION('',(0.,1.,0.));
#12714 = DIRECTION('',(0.,0.,1.));
#12715 = ADVANCED_FACE('',(#12716),#12728,.F.);
#12716 = FACE_BOUND('',#12717,.F.);
#12717 = EDGE_LOOP('',(#12718,#12725,#12726,#12727));
#12718 = ORIENTED_EDGE('',*,*,#12719,.T.);
#12719 = EDGE_CURVE('',#12322,#12604,#12720,.T.);
#12720 = ELLIPSE('',#12721,0.565685424949,0.4);
#12721 = AXIS2_PLACEMENT_3D('',#12722,#12723,#12724);
#12722 = CARTESIAN_POINT('',(-39.9,-27.2,1.83));
#12723 = DIRECTION('',(0.707106781187,1.6E-16,0.707106781187));
#12724 = DIRECTION('',(0.707106781187,-1.6E-16,-0.707106781187));
#12725 = ORIENTED_EDGE('',*,*,#12611,.T.);
#12726 = ORIENTED_EDGE('',*,*,#11247,.F.);
#12727 = ORIENTED_EDGE('',*,*,#12347,.F.);
#12728 = CYLINDRICAL_SURFACE('',#12729,0.4);
#12729 = AXIS2_PLACEMENT_3D('',#12730,#12731,#12732);
#12730 = CARTESIAN_POINT('',(-40.3,-27.2,1.83));
#12731 = DIRECTION('',(1.,0.,0.));
#12732 = DIRECTION('',(0.,2.2E-16,1.));
#12733 = ADVANCED_FACE('',(#12734),#12761,.F.);
#12734 = FACE_BOUND('',#12735,.F.);
#12735 = EDGE_LOOP('',(#12736,#12745,#12753,#12760));
#12736 = ORIENTED_EDGE('',*,*,#12737,.T.);
#12737 = EDGE_CURVE('',#11396,#12738,#12740,.T.);
#12738 = VERTEX_POINT('',#12739);
#12739 = CARTESIAN_POINT('',(-46.2,-21.3,1.83));
#12740 = ELLIPSE('',#12741,0.565685424949,0.4);
#12741 = AXIS2_PLACEMENT_3D('',#12742,#12743,#12744);
#12742 = CARTESIAN_POINT('',(-45.8,-21.3,1.83));
#12743 = DIRECTION('',(-0.,-0.707106781187,-0.707106781187));
#12744 = DIRECTION('',(0.,-0.707106781187,0.707106781187));
#12745 = ORIENTED_EDGE('',*,*,#12746,.T.);
#12746 = EDGE_CURVE('',#12738,#12747,#12749,.T.);
#12747 = VERTEX_POINT('',#12748);
#12748 = CARTESIAN_POINT('',(-46.2,-21.3,1.33));
#12749 = LINE('',#12750,#12751);
#12750 = CARTESIAN_POINT('',(-46.2,-21.3,2.23));
#12751 = VECTOR('',#12752,1.);
#12752 = DIRECTION('',(0.,0.,-1.));
#12753 = ORIENTED_EDGE('',*,*,#12754,.F.);
#12754 = EDGE_CURVE('',#11404,#12747,#12755,.T.);
#12755 = ELLIPSE('',#12756,0.565685424949,0.4);
#12756 = AXIS2_PLACEMENT_3D('',#12757,#12758,#12759);
#12757 = CARTESIAN_POINT('',(-45.8,-21.3,1.33));
#12758 = DIRECTION('',(0.,0.707106781187,-0.707106781187));
#12759 = DIRECTION('',(0.,0.707106781187,0.707106781187));
#12760 = ORIENTED_EDGE('',*,*,#11403,.F.);
#12761 = CYLINDRICAL_SURFACE('',#12762,0.4);
#12762 = AXIS2_PLACEMENT_3D('',#12763,#12764,#12765);
#12763 = CARTESIAN_POINT('',(-45.8,-21.3,2.23));
#12764 = DIRECTION('',(0.,0.,-1.));
#12765 = DIRECTION('',(0.,-1.,0.));
#12766 = ADVANCED_FACE('',(#12767),#12786,.F.);
#12767 = FACE_BOUND('',#12768,.F.);
#12768 = EDGE_LOOP('',(#12769,#12770,#12778,#12785));
#12769 = ORIENTED_EDGE('',*,*,#12754,.T.);
#12770 = ORIENTED_EDGE('',*,*,#12771,.T.);
#12771 = EDGE_CURVE('',#12747,#12772,#12774,.T.);
#12772 = VERTEX_POINT('',#12773);
#12773 = CARTESIAN_POINT('',(-46.2,21.3,1.33));
#12774 = LINE('',#12775,#12776);
#12775 = CARTESIAN_POINT('',(-46.2,-21.7,1.33));
#12776 = VECTOR('',#12777,1.);
#12777 = DIRECTION('',(0.,1.,0.));
#12778 = ORIENTED_EDGE('',*,*,#12779,.F.);
#12779 = EDGE_CURVE('',#11428,#12772,#12780,.T.);
#12780 = ELLIPSE('',#12781,0.565685424949,0.4);
#12781 = AXIS2_PLACEMENT_3D('',#12782,#12783,#12784);
#12782 = CARTESIAN_POINT('',(-45.8,21.3,1.33));
#12783 = DIRECTION('',(0.,0.707106781187,0.707106781187));
#12784 = DIRECTION('',(0.,0.707106781187,-0.707106781187));
#12785 = ORIENTED_EDGE('',*,*,#11427,.F.);
#12786 = CYLINDRICAL_SURFACE('',#12787,0.4);
#12787 = AXIS2_PLACEMENT_3D('',#12788,#12789,#12790);
#12788 = CARTESIAN_POINT('',(-45.8,-21.7,1.33));
#12789 = DIRECTION('',(0.,1.,0.));
#12790 = DIRECTION('',(0.,0.,-1.));
#12791 = ADVANCED_FACE('',(#12792),#12811,.F.);
#12792 = FACE_BOUND('',#12793,.F.);
#12793 = EDGE_LOOP('',(#12794,#12795,#12803,#12810));
#12794 = ORIENTED_EDGE('',*,*,#12779,.T.);
#12795 = ORIENTED_EDGE('',*,*,#12796,.T.);
#12796 = EDGE_CURVE('',#12772,#12797,#12799,.T.);
#12797 = VERTEX_POINT('',#12798);
#12798 = CARTESIAN_POINT('',(-46.2,21.3,1.83));
#12799 = LINE('',#12800,#12801);
#12800 = CARTESIAN_POINT('',(-46.2,21.3,0.93));
#12801 = VECTOR('',#12802,1.);
#12802 = DIRECTION('',(0.,0.,1.));
#12803 = ORIENTED_EDGE('',*,*,#12804,.F.);
#12804 = EDGE_CURVE('',#11452,#12797,#12805,.T.);
#12805 = ELLIPSE('',#12806,0.565685424949,0.4);
#12806 = AXIS2_PLACEMENT_3D('',#12807,#12808,#12809);
#12807 = CARTESIAN_POINT('',(-45.8,21.3,1.83));
#12808 = DIRECTION('',(0.,-0.707106781187,0.707106781187));
#12809 = DIRECTION('',(0.,-0.707106781187,-0.707106781187));
#12810 = ORIENTED_EDGE('',*,*,#11451,.F.);
#12811 = CYLINDRICAL_SURFACE('',#12812,0.4);
#12812 = AXIS2_PLACEMENT_3D('',#12813,#12814,#12815);
#12813 = CARTESIAN_POINT('',(-45.8,21.3,0.93));
#12814 = DIRECTION('',(0.,0.,1.));
#12815 = DIRECTION('',(0.,1.,0.));
#12816 = ADVANCED_FACE('',(#12817),#12828,.F.);
#12817 = FACE_BOUND('',#12818,.F.);
#12818 = EDGE_LOOP('',(#12819,#12820,#12826,#12827));
#12819 = ORIENTED_EDGE('',*,*,#12804,.T.);
#12820 = ORIENTED_EDGE('',*,*,#12821,.T.);
#12821 = EDGE_CURVE('',#12797,#12738,#12822,.T.);
#12822 = LINE('',#12823,#12824);
#12823 = CARTESIAN_POINT('',(-46.2,21.7,1.83));
#12824 = VECTOR('',#12825,1.);
#12825 = DIRECTION('',(0.,-1.,0.));
#12826 = ORIENTED_EDGE('',*,*,#12737,.F.);
#12827 = ORIENTED_EDGE('',*,*,#11475,.F.);
#12828 = CYLINDRICAL_SURFACE('',#12829,0.4);
#12829 = AXIS2_PLACEMENT_3D('',#12830,#12831,#12832);
#12830 = CARTESIAN_POINT('',(-45.8,21.7,1.83));
#12831 = DIRECTION('',(0.,-1.,0.));
#12832 = DIRECTION('',(0.,0.,1.));
#12833 = ADVANCED_FACE('',(#12834),#12840,.F.);
#12834 = FACE_BOUND('',#12835,.F.);
#12835 = EDGE_LOOP('',(#12836,#12837,#12838,#12839));
#12836 = ORIENTED_EDGE('',*,*,#11560,.F.);
#12837 = ORIENTED_EDGE('',*,*,#11575,.T.);
#12838 = ORIENTED_EDGE('',*,*,#11500,.F.);
#12839 = ORIENTED_EDGE('',*,*,#11525,.T.);
#12840 = PLANE('',#12841);
#12841 = AXIS2_PLACEMENT_3D('',#12842,#12843,#12844);
#12842 = CARTESIAN_POINT('',(0.,27.6,1.58));
#12843 = DIRECTION('',(0.,1.,0.));
#12844 = DIRECTION('',(0.,0.,1.));
#12845 = ADVANCED_FACE('',(#12846),#12852,.F.);
#12846 = FACE_BOUND('',#12847,.F.);
#12847 = EDGE_LOOP('',(#12848,#12849,#12850,#12851));
#12848 = ORIENTED_EDGE('',*,*,#11600,.F.);
#12849 = ORIENTED_EDGE('',*,*,#11625,.T.);
#12850 = ORIENTED_EDGE('',*,*,#11658,.F.);
#12851 = ORIENTED_EDGE('',*,*,#11675,.F.);
#12852 = PLANE('',#12853);
#12853 = AXIS2_PLACEMENT_3D('',#12854,#12855,#12856);
#12854 = CARTESIAN_POINT('',(0.,27.6,1.58));
#12855 = DIRECTION('',(0.,1.,0.));
#12856 = DIRECTION('',(0.,0.,1.));
#12857 = ADVANCED_FACE('',(#12858),#12864,.F.);
#12858 = FACE_BOUND('',#12859,.F.);
#12859 = EDGE_LOOP('',(#12860,#12861,#12862,#12863));
#12860 = ORIENTED_EDGE('',*,*,#11758,.F.);
#12861 = ORIENTED_EDGE('',*,*,#11775,.F.);
#12862 = ORIENTED_EDGE('',*,*,#11700,.F.);
#12863 = ORIENTED_EDGE('',*,*,#11725,.T.);
#12864 = PLANE('',#12865);
#12865 = AXIS2_PLACEMENT_3D('',#12866,#12867,#12868);
#12866 = CARTESIAN_POINT('',(0.,27.6,1.58));
#12867 = DIRECTION('',(0.,1.,0.));
#12868 = DIRECTION('',(0.,0.,1.));
#12869 = ADVANCED_FACE('',(#12870),#12876,.F.);
#12870 = FACE_BOUND('',#12871,.F.);
#12871 = EDGE_LOOP('',(#12872,#12873,#12874,#12875));
#12872 = ORIENTED_EDGE('',*,*,#12691,.T.);
#12873 = ORIENTED_EDGE('',*,*,#12673,.T.);
#12874 = ORIENTED_EDGE('',*,*,#12640,.F.);
#12875 = ORIENTED_EDGE('',*,*,#12259,.F.);
#12876 = CYLINDRICAL_SURFACE('',#12877,0.4);
#12877 = AXIS2_PLACEMENT_3D('',#12878,#12879,#12880);
#12878 = CARTESIAN_POINT('',(41.9,-27.2,2.23));
#12879 = DIRECTION('',(0.,-2.2E-16,-1.));
#12880 = DIRECTION('',(1.,0.,0.));
#12881 = ADVANCED_FACE('',(#12882),#12888,.F.);
#12882 = FACE_BOUND('',#12883,.F.);
#12883 = EDGE_LOOP('',(#12884,#12885,#12886,#12887));
#12884 = ORIENTED_EDGE('',*,*,#12585,.T.);
#12885 = ORIENTED_EDGE('',*,*,#12603,.T.);
#12886 = ORIENTED_EDGE('',*,*,#12719,.F.);
#12887 = ORIENTED_EDGE('',*,*,#12321,.F.);
#12888 = CYLINDRICAL_SURFACE('',#12889,0.4);
#12889 = AXIS2_PLACEMENT_3D('',#12890,#12891,#12892);
#12890 = CARTESIAN_POINT('',(-39.9,-27.2,0.93));
#12891 = DIRECTION('',(0.,2.2E-16,1.));
#12892 = DIRECTION('',(-1.,0.,0.));
#12893 = ADVANCED_FACE('',(#12894),#12900,.F.);
#12894 = FACE_BOUND('',#12895,.F.);
#12895 = EDGE_LOOP('',(#12896,#12897,#12898,#12899));
#12896 = ORIENTED_EDGE('',*,*,#12384,.F.);
#12897 = ORIENTED_EDGE('',*,*,#12409,.T.);
#12898 = ORIENTED_EDGE('',*,*,#12442,.F.);
#12899 = ORIENTED_EDGE('',*,*,#12459,.F.);
#12900 = PLANE('',#12901);
#12901 = AXIS2_PLACEMENT_3D('',#12902,#12903,#12904);
#12902 = CARTESIAN_POINT('',(46.2,-1.,1.58));
#12903 = DIRECTION('',(1.,0.,0.));
#12904 = DIRECTION('',(0.,0.,1.));
#12905 = ADVANCED_FACE('',(#12906),#12926,.T.);
#12906 = FACE_BOUND('',#12907,.T.);
#12907 = EDGE_LOOP('',(#12908,#12917,#12918,#12919));
#12908 = ORIENTED_EDGE('',*,*,#12909,.F.);
#12909 = EDGE_CURVE('',#12476,#12910,#12912,.T.);
#12910 = VERTEX_POINT('',#12911);
#12911 = CARTESIAN_POINT('',(-35.28,-21.95,2.82));
#12912 = CIRCLE('',#12913,0.2);
#12913 = AXIS2_PLACEMENT_3D('',#12914,#12915,#12916);
#12914 = CARTESIAN_POINT('',(-35.28,-21.95,3.02));
#12915 = DIRECTION('',(-0.,1.,0.));
#12916 = DIRECTION('',(1.,0.,0.));
#12917 = ORIENTED_EDGE('',*,*,#12483,.T.);
#12918 = ORIENTED_EDGE('',*,*,#12909,.T.);
#12919 = ORIENTED_EDGE('',*,*,#12920,.F.);
#12920 = EDGE_CURVE('',#12910,#12910,#12921,.T.);
#12921 = CIRCLE('',#12922,1.2);
#12922 = AXIS2_PLACEMENT_3D('',#12923,#12924,#12925);
#12923 = CARTESIAN_POINT('',(-36.48,-21.95,2.82));
#12924 = DIRECTION('',(0.,0.,-1.));
#12925 = DIRECTION('',(1.,0.,0.));
#12926 = TOROIDAL_SURFACE('',#12927,1.2,0.2);
#12927 = AXIS2_PLACEMENT_3D('',#12928,#12929,#12930);
#12928 = CARTESIAN_POINT('',(-36.48,-21.95,3.02));
#12929 = DIRECTION('',(-0.,-0.,-1.));
#12930 = DIRECTION('',(1.,0.,0.));
#12931 = ADVANCED_FACE('',(#12932),#12952,.T.);
#12932 = FACE_BOUND('',#12933,.T.);
#12933 = EDGE_LOOP('',(#12934,#12943,#12944,#12945));
#12934 = ORIENTED_EDGE('',*,*,#12935,.F.);
#12935 = EDGE_CURVE('',#12501,#12936,#12938,.T.);
#12936 = VERTEX_POINT('',#12937);
#12937 = CARTESIAN_POINT('',(40.8,-21.95,2.82));
#12938 = CIRCLE('',#12939,0.2);
#12939 = AXIS2_PLACEMENT_3D('',#12940,#12941,#12942);
#12940 = CARTESIAN_POINT('',(40.8,-21.95,3.02));
#12941 = DIRECTION('',(-0.,1.,0.));
#12942 = DIRECTION('',(1.,0.,0.));
#12943 = ORIENTED_EDGE('',*,*,#12508,.T.);
#12944 = ORIENTED_EDGE('',*,*,#12935,.T.);
#12945 = ORIENTED_EDGE('',*,*,#12946,.F.);
#12946 = EDGE_CURVE('',#12936,#12936,#12947,.T.);
#12947 = CIRCLE('',#12948,1.2);
#12948 = AXIS2_PLACEMENT_3D('',#12949,#12950,#12951);
#12949 = CARTESIAN_POINT('',(39.6,-21.95,2.82));
#12950 = DIRECTION('',(0.,0.,-1.));
#12951 = DIRECTION('',(1.,0.,0.));
#12952 = TOROIDAL_SURFACE('',#12953,1.2,0.2);
#12953 = AXIS2_PLACEMENT_3D('',#12954,#12955,#12956);
#12954 = CARTESIAN_POINT('',(39.6,-21.95,3.02));
#12955 = DIRECTION('',(-0.,-0.,-1.));
#12956 = DIRECTION('',(1.,0.,0.));
#12957 = ADVANCED_FACE('',(#12958),#12978,.T.);
#12958 = FACE_BOUND('',#12959,.T.);
#12959 = EDGE_LOOP('',(#12960,#12969,#12970,#12971));
#12960 = ORIENTED_EDGE('',*,*,#12961,.F.);
#12961 = EDGE_CURVE('',#12526,#12962,#12964,.T.);
#12962 = VERTEX_POINT('',#12963);
#12963 = CARTESIAN_POINT('',(-35.28,22.05,2.82));
#12964 = CIRCLE('',#12965,0.2);
#12965 = AXIS2_PLACEMENT_3D('',#12966,#12967,#12968);
#12966 = CARTESIAN_POINT('',(-35.28,22.05,3.02));
#12967 = DIRECTION('',(-0.,1.,0.));
#12968 = DIRECTION('',(1.,0.,0.));
#12969 = ORIENTED_EDGE('',*,*,#12533,.T.);
#12970 = ORIENTED_EDGE('',*,*,#12961,.T.);
#12971 = ORIENTED_EDGE('',*,*,#12972,.F.);
#12972 = EDGE_CURVE('',#12962,#12962,#12973,.T.);
#12973 = CIRCLE('',#12974,1.2);
#12974 = AXIS2_PLACEMENT_3D('',#12975,#12976,#12977);
#12975 = CARTESIAN_POINT('',(-36.48,22.05,2.82));
#12976 = DIRECTION('',(0.,0.,-1.));
#12977 = DIRECTION('',(1.,0.,0.));
#12978 = TOROIDAL_SURFACE('',#12979,1.2,0.2);
#12979 = AXIS2_PLACEMENT_3D('',#12980,#12981,#12982);
#12980 = CARTESIAN_POINT('',(-36.48,22.05,3.02));
#12981 = DIRECTION('',(-0.,-0.,-1.));
#12982 = DIRECTION('',(1.,0.,0.));
#12983 = ADVANCED_FACE('',(#12984),#13004,.T.);
#12984 = FACE_BOUND('',#12985,.T.);
#12985 = EDGE_LOOP('',(#12986,#12995,#12996,#12997));
#12986 = ORIENTED_EDGE('',*,*,#12987,.F.);
#12987 = EDGE_CURVE('',#12551,#12988,#12990,.T.);
#12988 = VERTEX_POINT('',#12989);
#12989 = CARTESIAN_POINT('',(40.8,22.05,2.82));
#12990 = CIRCLE('',#12991,0.2);
#12991 = AXIS2_PLACEMENT_3D('',#12992,#12993,#12994);
#12992 = CARTESIAN_POINT('',(40.8,22.05,3.02));
#12993 = DIRECTION('',(-0.,1.,0.));
#12994 = DIRECTION('',(1.,0.,0.));
#12995 = ORIENTED_EDGE('',*,*,#12558,.T.);
#12996 = ORIENTED_EDGE('',*,*,#12987,.T.);
#12997 = ORIENTED_EDGE('',*,*,#12998,.F.);
#12998 = EDGE_CURVE('',#12988,#12988,#12999,.T.);
#12999 = CIRCLE('',#13000,1.2);
#13000 = AXIS2_PLACEMENT_3D('',#13001,#13002,#13003);
#13001 = CARTESIAN_POINT('',(39.6,22.05,2.82));
#13002 = DIRECTION('',(0.,0.,-1.));
#13003 = DIRECTION('',(1.,0.,0.));
#13004 = TOROIDAL_SURFACE('',#13005,1.2,0.2);
#13005 = AXIS2_PLACEMENT_3D('',#13006,#13007,#13008);
#13006 = CARTESIAN_POINT('',(39.6,22.05,3.02));
#13007 = DIRECTION('',(-0.,-0.,-1.));
#13008 = DIRECTION('',(1.,0.,0.));
#13009 = ADVANCED_FACE('',(#13010),#13016,.T.);
#13010 = FACE_BOUND('',#13011,.T.);
#13011 = EDGE_LOOP('',(#13012,#13013,#13014,#13015));
#13012 = ORIENTED_EDGE('',*,*,#12771,.T.);
#13013 = ORIENTED_EDGE('',*,*,#12796,.T.);
#13014 = ORIENTED_EDGE('',*,*,#12821,.T.);
#13015 = ORIENTED_EDGE('',*,*,#12746,.T.);
#13016 = PLANE('',#13017);
#13017 = AXIS2_PLACEMENT_3D('',#13018,#13019,#13020);
#13018 = CARTESIAN_POINT('',(-46.2,-3.81E-15,1.58));
#13019 = DIRECTION('',(1.,0.,0.));
#13020 = DIRECTION('',(0.,0.,1.));
#13021 = ADVANCED_FACE('',(#13022),#13025,.F.);
#13022 = FACE_BOUND('',#13023,.F.);
#13023 = EDGE_LOOP('',(#13024));
#13024 = ORIENTED_EDGE('',*,*,#12920,.F.);
#13025 = PLANE('',#13026);
#13026 = AXIS2_PLACEMENT_3D('',#13027,#13028,#13029);
#13027 = CARTESIAN_POINT('',(1.56,5.E-02,2.82));
#13028 = DIRECTION('',(0.,0.,1.));
#13029 = DIRECTION('',(1.,0.,0.));
#13030 = ADVANCED_FACE('',(#13031),#13034,.F.);
#13031 = FACE_BOUND('',#13032,.F.);
#13032 = EDGE_LOOP('',(#13033));
#13033 = ORIENTED_EDGE('',*,*,#12946,.F.);
#13034 = PLANE('',#13035);
#13035 = AXIS2_PLACEMENT_3D('',#13036,#13037,#13038);
#13036 = CARTESIAN_POINT('',(1.56,5.E-02,2.82));
#13037 = DIRECTION('',(0.,0.,1.));
#13038 = DIRECTION('',(1.,0.,0.));
#13039 = ADVANCED_FACE('',(#13040),#13043,.F.);
#13040 = FACE_BOUND('',#13041,.F.);
#13041 = EDGE_LOOP('',(#13042));
#13042 = ORIENTED_EDGE('',*,*,#12972,.F.);
#13043 = PLANE('',#13044);
#13044 = AXIS2_PLACEMENT_3D('',#13045,#13046,#13047);
#13045 = CARTESIAN_POINT('',(1.56,5.E-02,2.82));
#13046 = DIRECTION('',(0.,0.,1.));
#13047 = DIRECTION('',(1.,0.,0.));
#13048 = ADVANCED_FACE('',(#13049),#13052,.F.);
#13049 = FACE_BOUND('',#13050,.F.);
#13050 = EDGE_LOOP('',(#13051));
#13051 = ORIENTED_EDGE('',*,*,#12998,.F.);
#13052 = PLANE('',#13053);
#13053 = AXIS2_PLACEMENT_3D('',#13054,#13055,#13056);
#13054 = CARTESIAN_POINT('',(1.56,5.E-02,2.82));
#13055 = DIRECTION('',(0.,0.,1.));
#13056 = DIRECTION('',(1.,0.,0.));
#13057 = ( GEOMETRIC_REPRESENTATION_CONTEXT(3) 
GLOBAL_UNCERTAINTY_ASSIGNED_CONTEXT((#13061)) 
GLOBAL_UNIT_ASSIGNED_CONTEXT((#13058,#13059,#13060)) 
REPRESENTATION_CONTEXT('Context #1',
  '3D Context with UNIT and UNCERTAINTY') );
#13058 = ( LENGTH_UNIT() NAMED_UNIT(*) SI_UNIT(.MILLI.,.METRE.) );
#13059 = ( NAMED_UNIT(*) PLANE_ANGLE_UNIT() SI_UNIT($,.RADIAN.) );
#13060 = ( NAMED_UNIT(*) SI_UNIT($,.STERADIAN.) SOLID_ANGLE_UNIT() );
#13061 = UNCERTAINTY_MEASURE_WITH_UNIT(LENGTH_MEASURE(5.E-06),#13058,
  'distance_accuracy_value','confusion accuracy');
#13062 = PRODUCT_RELATED_PRODUCT_CATEGORY('part',$,(#7));
#13063 = MECHANICAL_DESIGN_GEOMETRIC_PRESENTATION_REPRESENTATION('',(
    #13064),#13057);
#13064 = STYLED_ITEM('color',(#13065),#15);
#13065 = PRESENTATION_STYLE_ASSIGNMENT((#13066,#13074));
#13066 = SURFACE_STYLE_USAGE(.BOTH.,#13067);
#13067 = SURFACE_SIDE_STYLE('',(#13068,#13072));
#13068 = SURFACE_STYLE_FILL_AREA(#13069);
#13069 = FILL_AREA_STYLE('',(#13070));
#13070 = FILL_AREA_STYLE_COLOUR('',#13071);
#13071 = COLOUR_RGB('',0.964705886078,0.54901964059,9.803921802644E-02);
#13072 = SURFACE_STYLE_RENDERING_WITH_PROPERTIES(.NORMAL_SHADING.,#13071
  ,(#13073));
#13073 = SURFACE_STYLE_TRANSPARENT(0.699999988079);
#13074 = CURVE_STYLE('',#13075,POSITIVE_LENGTH_MEASURE(0.1),#13076);
#13075 = DRAUGHTING_PRE_DEFINED_CURVE_FONT('continuous');
#13076 = COLOUR_RGB('',9.803921802644E-02,9.803921802644E-02,
  9.803921802644E-02);
ENDSEC;
END-ISO-10303-21;
