ISO-10303-21;
HEADER;
FILE_DESCRIPTION(('FreeCAD Model'),'2;1');
FILE_NAME('Open CASCADE Shape Model','2026-03-02T04:02:24',('Author'),(
    ''),'Open CASCADE STEP processor 7.8','FreeCAD','Unknown');
FILE_SCHEMA(('AUTOMOTIVE_DESIGN { 1 0 10303 214 1 1 1 1 }'));
ENDSEC;
DATA;
#1 = APPLICATION_PROTOCOL_DEFINITION('international standard',
  'automotive_design',2000,#2);
#2 = APPLICATION_CONTEXT(
  'core data for automotive mechanical design processes');
#3 = SHAPE_DEFINITION_REPRESENTATION(#4,#10);
#4 = PRODUCT_DEFINITION_SHAPE('','',#5);
#5 = PRODUCT_DEFINITION('design','',#6,#9);
#6 = PRODUCT_DEFINITION_FORMATION('','',#7);
#7 = PRODUCT('Bottom_without_holes','Bottom_without_holes','',(#8));
#8 = PRODUCT_CONTEXT('',#2,'mechanical');
#9 = PRODUCT_DEFINITION_CONTEXT('part definition',#2,'design');
#10 = ADVANCED_BREP_SHAPE_REPRESENTATION('',(#11,#15),#3119);
#11 = AXIS2_PLACEMENT_3D('',#12,#13,#14);
#12 = CARTESIAN_POINT('',(0.,0.,0.));
#13 = DIRECTION('',(0.,0.,1.));
#14 = DIRECTION('',(1.,0.,-0.));
#15 = MANIFOLD_SOLID_BREP('',#16);
#16 = CLOSED_SHELL('',(#17,#105,#225,#249,#282,#313,#337,#361,#387,#422,
    #446,#504,#528,#615,#632,#697,#755,#813,#864,#880,#892,#908,#939,
    #956,#981,#997,#1014,#1045,#1069,#1093,#1110,#1126,#1138,#1171,#1197
    ,#1223,#1248,#1273,#1299,#1325,#1342,#1388,#1419,#1443,#1467,#1484,
    #1515,#1539,#1563,#1580,#1611,#1635,#1659,#1676,#1707,#1731,#1755,
    #1772,#1838,#1900,#1931,#1956,#1981,#2005,#2029,#2054,#2079,#2096,
    #2162,#2211,#2244,#2269,#2294,#2311,#2344,#2369,#2394,#2411,#2444,
    #2469,#2494,#2511,#2544,#2569,#2594,#2611,#2642,#2703,#2731,#2755,
    #2783,#2807,#2835,#2847,#2871,#2899,#2911,#2923,#2935,#2947,#2959,
    #2971,#2983,#3008,#3033,#3058,#3083,#3092,#3101,#3110));
#17 = ADVANCED_FACE('',(#18),#100,.T.);
#18 = FACE_BOUND('',#19,.T.);
#19 = EDGE_LOOP('',(#20,#30,#38,#46,#54,#62,#70,#78,#86,#94));
#20 = ORIENTED_EDGE('',*,*,#21,.F.);
#21 = EDGE_CURVE('',#22,#24,#26,.T.);
#22 = VERTEX_POINT('',#23);
#23 = CARTESIAN_POINT('',(-47.2,28.8,20.83));
#24 = VERTEX_POINT('',#25);
#25 = CARTESIAN_POINT('',(-47.2,7.5,20.83));
#26 = LINE('',#27,#28);
#27 = CARTESIAN_POINT('',(-47.2,29.8,20.83));
#28 = VECTOR('',#29,1.);
#29 = DIRECTION('',(0.,-1.,0.));
#30 = ORIENTED_EDGE('',*,*,#31,.F.);
#31 = EDGE_CURVE('',#32,#22,#34,.T.);
#32 = VERTEX_POINT('',#33);
#33 = CARTESIAN_POINT('',(-47.2,28.8,-2.));
#34 = LINE('',#35,#36);
#35 = CARTESIAN_POINT('',(-47.2,28.8,-3.));
#36 = VECTOR('',#37,1.);
#37 = DIRECTION('',(0.,0.,1.));
#38 = ORIENTED_EDGE('',*,*,#39,.F.);
#39 = EDGE_CURVE('',#40,#32,#42,.T.);
#40 = VERTEX_POINT('',#41);
#41 = CARTESIAN_POINT('',(-47.2,-28.8,-2.));
#42 = LINE('',#43,#44);
#43 = CARTESIAN_POINT('',(-47.2,-29.8,-2.));
#44 = VECTOR('',#45,1.);
#45 = DIRECTION('',(0.,1.,0.));
#46 = ORIENTED_EDGE('',*,*,#47,.F.);
#47 = EDGE_CURVE('',#48,#40,#50,.T.);
#48 = VERTEX_POINT('',#49);
#49 = CARTESIAN_POINT('',(-47.2,-28.8,20.83));
#50 = LINE('',#51,#52);
#51 = CARTESIAN_POINT('',(-47.2,-28.8,20.83));
#52 = VECTOR('',#53,1.);
#53 = DIRECTION('',(0.,-1.2E-16,-1.));
#54 = ORIENTED_EDGE('',*,*,#55,.F.);
#55 = EDGE_CURVE('',#56,#48,#58,.T.);
#56 = VERTEX_POINT('',#57);
#57 = CARTESIAN_POINT('',(-47.2,-7.5,20.83));
#58 = LINE('',#59,#60);
#59 = CARTESIAN_POINT('',(-47.2,29.8,20.83));
#60 = VECTOR('',#61,1.);
#61 = DIRECTION('',(0.,-1.,0.));
#62 = ORIENTED_EDGE('',*,*,#63,.F.);
#63 = EDGE_CURVE('',#64,#56,#66,.T.);
#64 = VERTEX_POINT('',#65);
#65 = CARTESIAN_POINT('',(-47.2,-7.5,19.83));
#66 = LINE('',#67,#68);
#67 = CARTESIAN_POINT('',(-47.2,-7.5,19.83));
#68 = VECTOR('',#69,1.);
#69 = DIRECTION('',(0.,0.,1.));
#70 = ORIENTED_EDGE('',*,*,#71,.T.);
#71 = EDGE_CURVE('',#64,#72,#74,.T.);
#72 = VERTEX_POINT('',#73);
#73 = CARTESIAN_POINT('',(-47.2,-7.5,18.93));
#74 = LINE('',#75,#76);
#75 = CARTESIAN_POINT('',(-47.2,-7.5,14.3725));
#76 = VECTOR('',#77,1.);
#77 = DIRECTION('',(-0.,-0.,-1.));
#78 = ORIENTED_EDGE('',*,*,#79,.F.);
#79 = EDGE_CURVE('',#80,#72,#82,.T.);
#80 = VERTEX_POINT('',#81);
#81 = CARTESIAN_POINT('',(-47.2,7.5,18.93));
#82 = LINE('',#83,#84);
#83 = CARTESIAN_POINT('',(-47.2,7.5,18.93));
#84 = VECTOR('',#85,1.);
#85 = DIRECTION('',(0.,-1.,0.));
#86 = ORIENTED_EDGE('',*,*,#87,.F.);
#87 = EDGE_CURVE('',#88,#80,#90,.T.);
#88 = VERTEX_POINT('',#89);
#89 = CARTESIAN_POINT('',(-47.2,7.5,19.83));
#90 = LINE('',#91,#92);
#91 = CARTESIAN_POINT('',(-47.2,7.5,14.8725));
#92 = VECTOR('',#93,1.);
#93 = DIRECTION('',(0.,0.,-1.));
#94 = ORIENTED_EDGE('',*,*,#95,.F.);
#95 = EDGE_CURVE('',#24,#88,#96,.T.);
#96 = LINE('',#97,#98);
#97 = CARTESIAN_POINT('',(-47.2,7.5,20.83));
#98 = VECTOR('',#99,1.);
#99 = DIRECTION('',(0.,0.,-1.));
#100 = PLANE('',#101);
#101 = AXIS2_PLACEMENT_3D('',#102,#103,#104);
#102 = CARTESIAN_POINT('',(-47.2,2.93E-14,8.915));
#103 = DIRECTION('',(-1.,5.4E-16,0.));
#104 = DIRECTION('',(-5.4E-16,-1.,0.));
#105 = ADVANCED_FACE('',(#106,#186),#220,.T.);
#106 = FACE_BOUND('',#107,.T.);
#107 = EDGE_LOOP('',(#108,#118,#124,#125,#133,#141,#147,#148,#156,#164,
    #172,#180));
#108 = ORIENTED_EDGE('',*,*,#109,.T.);
#109 = EDGE_CURVE('',#110,#112,#114,.T.);
#110 = VERTEX_POINT('',#111);
#111 = CARTESIAN_POINT('',(46.2,29.8,20.83));
#112 = VERTEX_POINT('',#113);
#113 = CARTESIAN_POINT('',(-46.2,29.8,20.83));
#114 = LINE('',#115,#116);
#115 = CARTESIAN_POINT('',(47.2,29.8,20.83));
#116 = VECTOR('',#117,1.);
#117 = DIRECTION('',(-1.,0.,0.));
#118 = ORIENTED_EDGE('',*,*,#119,.F.);
#119 = EDGE_CURVE('',#22,#112,#120,.T.);
#120 = LINE('',#121,#122);
#121 = CARTESIAN_POINT('',(-42.35,33.65,20.83));
#122 = VECTOR('',#123,1.);
#123 = DIRECTION('',(0.707106781187,0.707106781187,0.));
#124 = ORIENTED_EDGE('',*,*,#21,.T.);
#125 = ORIENTED_EDGE('',*,*,#126,.T.);
#126 = EDGE_CURVE('',#24,#127,#129,.T.);
#127 = VERTEX_POINT('',#128);
#128 = CARTESIAN_POINT('',(-46.2,7.5,20.83));
#129 = LINE('',#130,#131);
#130 = CARTESIAN_POINT('',(-47.2,7.5,20.83));
#131 = VECTOR('',#132,1.);
#132 = DIRECTION('',(1.,0.,0.));
#133 = ORIENTED_EDGE('',*,*,#134,.F.);
#134 = EDGE_CURVE('',#135,#127,#137,.T.);
#135 = VERTEX_POINT('',#136);
#136 = CARTESIAN_POINT('',(-46.2,-7.5,20.83));
#137 = LINE('',#138,#139);
#138 = CARTESIAN_POINT('',(-46.2,-7.5,20.83));
#139 = VECTOR('',#140,1.);
#140 = DIRECTION('',(0.,1.,0.));
#141 = ORIENTED_EDGE('',*,*,#142,.F.);
#142 = EDGE_CURVE('',#56,#135,#143,.T.);
#143 = LINE('',#144,#145);
#144 = CARTESIAN_POINT('',(-47.2,-7.5,20.83));
#145 = VECTOR('',#146,1.);
#146 = DIRECTION('',(1.,0.,0.));
#147 = ORIENTED_EDGE('',*,*,#55,.T.);
#148 = ORIENTED_EDGE('',*,*,#149,.T.);
#149 = EDGE_CURVE('',#48,#150,#152,.T.);
#150 = VERTEX_POINT('',#151);
#151 = CARTESIAN_POINT('',(-46.2,-29.8,20.83));
#152 = LINE('',#153,#154);
#153 = CARTESIAN_POINT('',(-42.35,-33.65,20.83));
#154 = VECTOR('',#155,1.);
#155 = DIRECTION('',(0.707106781187,-0.707106781187,0.));
#156 = ORIENTED_EDGE('',*,*,#157,.T.);
#157 = EDGE_CURVE('',#150,#158,#160,.T.);
#158 = VERTEX_POINT('',#159);
#159 = CARTESIAN_POINT('',(46.2,-29.8,20.83));
#160 = LINE('',#161,#162);
#161 = CARTESIAN_POINT('',(-47.2,-29.8,20.83));
#162 = VECTOR('',#163,1.);
#163 = DIRECTION('',(1.,0.,0.));
#164 = ORIENTED_EDGE('',*,*,#165,.T.);
#165 = EDGE_CURVE('',#158,#166,#168,.T.);
#166 = VERTEX_POINT('',#167);
#167 = CARTESIAN_POINT('',(47.2,-28.8,20.83));
#168 = LINE('',#169,#170);
#169 = CARTESIAN_POINT('',(42.35,-33.65,20.83));
#170 = VECTOR('',#171,1.);
#171 = DIRECTION('',(0.707106781187,0.707106781187,0.));
#172 = ORIENTED_EDGE('',*,*,#173,.T.);
#173 = EDGE_CURVE('',#166,#174,#176,.T.);
#174 = VERTEX_POINT('',#175);
#175 = CARTESIAN_POINT('',(47.2,28.8,20.83));
#176 = LINE('',#177,#178);
#177 = CARTESIAN_POINT('',(47.2,-29.8,20.83));
#178 = VECTOR('',#179,1.);
#179 = DIRECTION('',(0.,1.,0.));
#180 = ORIENTED_EDGE('',*,*,#181,.F.);
#181 = EDGE_CURVE('',#110,#174,#182,.T.);
#182 = LINE('',#183,#184);
#183 = CARTESIAN_POINT('',(42.35,33.65,20.83));
#184 = VECTOR('',#185,1.);
#185 = DIRECTION('',(0.707106781187,-0.707106781187,0.));
#186 = FACE_BOUND('',#187,.T.);
#187 = EDGE_LOOP('',(#188,#198,#206,#214));
#188 = ORIENTED_EDGE('',*,*,#189,.F.);
#189 = EDGE_CURVE('',#190,#192,#194,.T.);
#190 = VERTEX_POINT('',#191);
#191 = CARTESIAN_POINT('',(-45.7,28.3,20.83));
#192 = VERTEX_POINT('',#193);
#193 = CARTESIAN_POINT('',(-45.7,-28.3,20.83));
#194 = LINE('',#195,#196);
#195 = CARTESIAN_POINT('',(-45.7,28.3,20.83));
#196 = VECTOR('',#197,1.);
#197 = DIRECTION('',(0.,-1.,0.));
#198 = ORIENTED_EDGE('',*,*,#199,.F.);
#199 = EDGE_CURVE('',#200,#190,#202,.T.);
#200 = VERTEX_POINT('',#201);
#201 = CARTESIAN_POINT('',(45.7,28.3,20.83));
#202 = LINE('',#203,#204);
#203 = CARTESIAN_POINT('',(45.7,28.3,20.83));
#204 = VECTOR('',#205,1.);
#205 = DIRECTION('',(-1.,0.,0.));
#206 = ORIENTED_EDGE('',*,*,#207,.F.);
#207 = EDGE_CURVE('',#208,#200,#210,.T.);
#208 = VERTEX_POINT('',#209);
#209 = CARTESIAN_POINT('',(45.7,-28.3,20.83));
#210 = LINE('',#211,#212);
#211 = CARTESIAN_POINT('',(45.7,-28.3,20.83));
#212 = VECTOR('',#213,1.);
#213 = DIRECTION('',(0.,1.,0.));
#214 = ORIENTED_EDGE('',*,*,#215,.F.);
#215 = EDGE_CURVE('',#192,#208,#216,.T.);
#216 = LINE('',#217,#218);
#217 = CARTESIAN_POINT('',(-45.7,-28.3,20.83));
#218 = VECTOR('',#219,1.);
#219 = DIRECTION('',(1.,0.,0.));
#220 = PLANE('',#221);
#221 = AXIS2_PLACEMENT_3D('',#222,#223,#224);
#222 = CARTESIAN_POINT('',(3.76E-15,7.5E-16,20.83));
#223 = DIRECTION('',(0.,0.,1.));
#224 = DIRECTION('',(1.,0.,0.));
#225 = ADVANCED_FACE('',(#226),#244,.T.);
#226 = FACE_BOUND('',#227,.T.);
#227 = EDGE_LOOP('',(#228,#229,#230,#238));
#228 = ORIENTED_EDGE('',*,*,#31,.T.);
#229 = ORIENTED_EDGE('',*,*,#119,.T.);
#230 = ORIENTED_EDGE('',*,*,#231,.F.);
#231 = EDGE_CURVE('',#232,#112,#234,.T.);
#232 = VERTEX_POINT('',#233);
#233 = CARTESIAN_POINT('',(-46.2,29.8,-2.));
#234 = LINE('',#235,#236);
#235 = CARTESIAN_POINT('',(-46.2,29.8,-3.));
#236 = VECTOR('',#237,1.);
#237 = DIRECTION('',(0.,0.,1.));
#238 = ORIENTED_EDGE('',*,*,#239,.F.);
#239 = EDGE_CURVE('',#32,#232,#240,.T.);
#240 = LINE('',#241,#242);
#241 = CARTESIAN_POINT('',(-46.7,29.3,-2.));
#242 = VECTOR('',#243,1.);
#243 = DIRECTION('',(0.707106781187,0.707106781187,1.615288656562E-14));
#244 = PLANE('',#245);
#245 = AXIS2_PLACEMENT_3D('',#246,#247,#248);
#246 = CARTESIAN_POINT('',(-46.7,29.3,-3.));
#247 = DIRECTION('',(-0.707106781187,0.707106781187,0.));
#248 = DIRECTION('',(0.,0.,1.));
#249 = ADVANCED_FACE('',(#250),#277,.F.);
#250 = FACE_BOUND('',#251,.F.);
#251 = EDGE_LOOP('',(#252,#262,#268,#269,#270,#271));
#252 = ORIENTED_EDGE('',*,*,#253,.F.);
#253 = EDGE_CURVE('',#254,#256,#258,.T.);
#254 = VERTEX_POINT('',#255);
#255 = CARTESIAN_POINT('',(-46.3,7.5,19.83));
#256 = VERTEX_POINT('',#257);
#257 = CARTESIAN_POINT('',(-46.2,7.5,19.83));
#258 = LINE('',#259,#260);
#259 = CARTESIAN_POINT('',(-47.2,7.5,19.83));
#260 = VECTOR('',#261,1.);
#261 = DIRECTION('',(1.,0.,0.));
#262 = ORIENTED_EDGE('',*,*,#263,.F.);
#263 = EDGE_CURVE('',#80,#254,#264,.T.);
#264 = LINE('',#265,#266);
#265 = CARTESIAN_POINT('',(-46.5,7.5,19.63));
#266 = VECTOR('',#267,1.);
#267 = DIRECTION('',(0.707106781187,0.,0.707106781187));
#268 = ORIENTED_EDGE('',*,*,#87,.F.);
#269 = ORIENTED_EDGE('',*,*,#95,.F.);
#270 = ORIENTED_EDGE('',*,*,#126,.T.);
#271 = ORIENTED_EDGE('',*,*,#272,.T.);
#272 = EDGE_CURVE('',#127,#256,#273,.T.);
#273 = LINE('',#274,#275);
#274 = CARTESIAN_POINT('',(-46.2,7.5,20.83));
#275 = VECTOR('',#276,1.);
#276 = DIRECTION('',(0.,0.,-1.));
#277 = PLANE('',#278);
#278 = AXIS2_PLACEMENT_3D('',#279,#280,#281);
#279 = CARTESIAN_POINT('',(-47.2,7.5,20.83));
#280 = DIRECTION('',(0.,1.,0.));
#281 = DIRECTION('',(0.,0.,-1.));
#282 = ADVANCED_FACE('',(#283),#308,.F.);
#283 = FACE_BOUND('',#284,.T.);
#284 = EDGE_LOOP('',(#285,#293,#294,#302));
#285 = ORIENTED_EDGE('',*,*,#286,.T.);
#286 = EDGE_CURVE('',#287,#40,#289,.T.);
#287 = VERTEX_POINT('',#288);
#288 = CARTESIAN_POINT('',(-46.2,-28.8,-3.));
#289 = LINE('',#290,#291);
#290 = CARTESIAN_POINT('',(-46.45,-28.8,-2.75));
#291 = VECTOR('',#292,1.);
#292 = DIRECTION('',(-0.707106781187,-8.845628357364E-15,0.707106781187)
  );
#293 = ORIENTED_EDGE('',*,*,#39,.T.);
#294 = ORIENTED_EDGE('',*,*,#295,.F.);
#295 = EDGE_CURVE('',#296,#32,#298,.T.);
#296 = VERTEX_POINT('',#297);
#297 = CARTESIAN_POINT('',(-46.2,28.8,-3.));
#298 = LINE('',#299,#300);
#299 = CARTESIAN_POINT('',(-46.45,28.8,-2.75));
#300 = VECTOR('',#301,1.);
#301 = DIRECTION('',(-0.707106781187,-7.884147014172E-15,0.707106781187)
  );
#302 = ORIENTED_EDGE('',*,*,#303,.F.);
#303 = EDGE_CURVE('',#287,#296,#304,.T.);
#304 = LINE('',#305,#306);
#305 = CARTESIAN_POINT('',(-46.2,-29.8,-3.));
#306 = VECTOR('',#307,1.);
#307 = DIRECTION('',(0.,1.,0.));
#308 = PLANE('',#309);
#309 = AXIS2_PLACEMENT_3D('',#310,#311,#312);
#310 = CARTESIAN_POINT('',(-46.7,-29.8,-2.5));
#311 = DIRECTION('',(0.707106781187,0.,0.707106781187));
#312 = DIRECTION('',(-0.,-1.,-0.));
#313 = ADVANCED_FACE('',(#314),#332,.T.);
#314 = FACE_BOUND('',#315,.T.);
#315 = EDGE_LOOP('',(#316,#317,#318,#326));
#316 = ORIENTED_EDGE('',*,*,#149,.F.);
#317 = ORIENTED_EDGE('',*,*,#47,.T.);
#318 = ORIENTED_EDGE('',*,*,#319,.F.);
#319 = EDGE_CURVE('',#320,#40,#322,.T.);
#320 = VERTEX_POINT('',#321);
#321 = CARTESIAN_POINT('',(-46.2,-29.8,-2.));
#322 = LINE('',#323,#324);
#323 = CARTESIAN_POINT('',(-46.7,-29.3,-2.));
#324 = VECTOR('',#325,1.);
#325 = DIRECTION('',(-0.707106781187,0.707106781187,-2.30755522366E-15)
  );
#326 = ORIENTED_EDGE('',*,*,#327,.F.);
#327 = EDGE_CURVE('',#150,#320,#328,.T.);
#328 = LINE('',#329,#330);
#329 = CARTESIAN_POINT('',(-46.2,-29.8,20.83));
#330 = VECTOR('',#331,1.);
#331 = DIRECTION('',(0.,-1.2E-16,-1.));
#332 = PLANE('',#333);
#333 = AXIS2_PLACEMENT_3D('',#334,#335,#336);
#334 = CARTESIAN_POINT('',(-46.7,-29.3,20.83));
#335 = DIRECTION('',(-0.707106781187,-0.707106781187,2.663016943473E-16)
  );
#336 = DIRECTION('',(-1.283037339144E-16,-2.483037339144E-16,-1.));
#337 = ADVANCED_FACE('',(#338),#356,.F.);
#338 = FACE_BOUND('',#339,.T.);
#339 = EDGE_LOOP('',(#340,#341,#342,#350));
#340 = ORIENTED_EDGE('',*,*,#263,.F.);
#341 = ORIENTED_EDGE('',*,*,#79,.T.);
#342 = ORIENTED_EDGE('',*,*,#343,.T.);
#343 = EDGE_CURVE('',#72,#344,#346,.T.);
#344 = VERTEX_POINT('',#345);
#345 = CARTESIAN_POINT('',(-46.3,-7.5,19.83));
#346 = LINE('',#347,#348);
#347 = CARTESIAN_POINT('',(-46.75,-7.5,19.38));
#348 = VECTOR('',#349,1.);
#349 = DIRECTION('',(0.707106781187,0.,0.707106781187));
#350 = ORIENTED_EDGE('',*,*,#351,.F.);
#351 = EDGE_CURVE('',#254,#344,#352,.T.);
#352 = LINE('',#353,#354);
#353 = CARTESIAN_POINT('',(-46.3,7.5,19.83));
#354 = VECTOR('',#355,1.);
#355 = DIRECTION('',(0.,-1.,0.));
#356 = PLANE('',#357);
#357 = AXIS2_PLACEMENT_3D('',#358,#359,#360);
#358 = CARTESIAN_POINT('',(-46.75,7.5,19.38));
#359 = DIRECTION('',(0.707106781187,0.,-0.707106781187));
#360 = DIRECTION('',(0.,1.,0.));
#361 = ADVANCED_FACE('',(#362),#382,.F.);
#362 = FACE_BOUND('',#363,.F.);
#363 = EDGE_LOOP('',(#364,#372,#378,#379,#380,#381));
#364 = ORIENTED_EDGE('',*,*,#365,.T.);
#365 = EDGE_CURVE('',#344,#366,#368,.T.);
#366 = VERTEX_POINT('',#367);
#367 = CARTESIAN_POINT('',(-46.2,-7.5,19.83));
#368 = LINE('',#369,#370);
#369 = CARTESIAN_POINT('',(-47.2,-7.5,19.83));
#370 = VECTOR('',#371,1.);
#371 = DIRECTION('',(1.,0.,0.));
#372 = ORIENTED_EDGE('',*,*,#373,.T.);
#373 = EDGE_CURVE('',#366,#135,#374,.T.);
#374 = LINE('',#375,#376);
#375 = CARTESIAN_POINT('',(-46.2,-7.5,19.83));
#376 = VECTOR('',#377,1.);
#377 = DIRECTION('',(0.,0.,1.));
#378 = ORIENTED_EDGE('',*,*,#142,.F.);
#379 = ORIENTED_EDGE('',*,*,#63,.F.);
#380 = ORIENTED_EDGE('',*,*,#71,.T.);
#381 = ORIENTED_EDGE('',*,*,#343,.T.);
#382 = PLANE('',#383);
#383 = AXIS2_PLACEMENT_3D('',#384,#385,#386);
#384 = CARTESIAN_POINT('',(-47.2,-7.5,19.83));
#385 = DIRECTION('',(0.,-1.,0.));
#386 = DIRECTION('',(0.,0.,1.));
#387 = ADVANCED_FACE('',(#388,#406),#417,.T.);
#388 = FACE_BOUND('',#389,.T.);
#389 = EDGE_LOOP('',(#390,#391,#399,#405));
#390 = ORIENTED_EDGE('',*,*,#109,.F.);
#391 = ORIENTED_EDGE('',*,*,#392,.T.);
#392 = EDGE_CURVE('',#110,#393,#395,.T.);
#393 = VERTEX_POINT('',#394);
#394 = CARTESIAN_POINT('',(46.2,29.8,-2.));
#395 = LINE('',#396,#397);
#396 = CARTESIAN_POINT('',(46.2,29.8,20.83));
#397 = VECTOR('',#398,1.);
#398 = DIRECTION('',(0.,-1.2E-16,-1.));
#399 = ORIENTED_EDGE('',*,*,#400,.F.);
#400 = EDGE_CURVE('',#232,#393,#401,.T.);
#401 = LINE('',#402,#403);
#402 = CARTESIAN_POINT('',(-47.2,29.8,-2.));
#403 = VECTOR('',#404,1.);
#404 = DIRECTION('',(1.,0.,0.));
#405 = ORIENTED_EDGE('',*,*,#231,.T.);
#406 = FACE_BOUND('',#407,.T.);
#407 = EDGE_LOOP('',(#408));
#408 = ORIENTED_EDGE('',*,*,#409,.F.);
#409 = EDGE_CURVE('',#410,#410,#412,.T.);
#410 = VERTEX_POINT('',#411);
#411 = CARTESIAN_POINT('',(24.15,29.8,10.15));
#412 = CIRCLE('',#413,3.5);
#413 = AXIS2_PLACEMENT_3D('',#414,#415,#416);
#414 = CARTESIAN_POINT('',(27.65,29.8,10.15));
#415 = DIRECTION('',(0.,1.,-0.));
#416 = DIRECTION('',(-1.,0.,0.));
#417 = PLANE('',#418);
#418 = AXIS2_PLACEMENT_3D('',#419,#420,#421);
#419 = CARTESIAN_POINT('',(0.,29.8,8.915));
#420 = DIRECTION('',(0.,1.,0.));
#421 = DIRECTION('',(0.,0.,1.));
#422 = ADVANCED_FACE('',(#423),#441,.T.);
#423 = FACE_BOUND('',#424,.F.);
#424 = EDGE_LOOP('',(#425,#426,#427,#435));
#425 = ORIENTED_EDGE('',*,*,#181,.F.);
#426 = ORIENTED_EDGE('',*,*,#392,.T.);
#427 = ORIENTED_EDGE('',*,*,#428,.F.);
#428 = EDGE_CURVE('',#429,#393,#431,.T.);
#429 = VERTEX_POINT('',#430);
#430 = CARTESIAN_POINT('',(47.2,28.8,-2.));
#431 = LINE('',#432,#433);
#432 = CARTESIAN_POINT('',(46.7,29.3,-2.));
#433 = VECTOR('',#434,1.);
#434 = DIRECTION('',(-0.707106781187,0.707106781187,8.17259141713E-15));
#435 = ORIENTED_EDGE('',*,*,#436,.F.);
#436 = EDGE_CURVE('',#174,#429,#437,.T.);
#437 = LINE('',#438,#439);
#438 = CARTESIAN_POINT('',(47.2,28.8,20.83));
#439 = VECTOR('',#440,1.);
#440 = DIRECTION('',(0.,-1.2E-16,-1.));
#441 = PLANE('',#442);
#442 = AXIS2_PLACEMENT_3D('',#443,#444,#445);
#443 = CARTESIAN_POINT('',(46.7,29.3,20.83));
#444 = DIRECTION('',(0.707106781187,0.707106781187,0.));
#445 = DIRECTION('',(-6.E-17,6.E-17,1.));
#446 = ADVANCED_FACE('',(#447,#465),#499,.T.);
#447 = FACE_BOUND('',#448,.T.);
#448 = EDGE_LOOP('',(#449,#450,#458,#464));
#449 = ORIENTED_EDGE('',*,*,#173,.F.);
#450 = ORIENTED_EDGE('',*,*,#451,.T.);
#451 = EDGE_CURVE('',#166,#452,#454,.T.);
#452 = VERTEX_POINT('',#453);
#453 = CARTESIAN_POINT('',(47.2,-28.8,-2.));
#454 = LINE('',#455,#456);
#455 = CARTESIAN_POINT('',(47.2,-28.8,20.83));
#456 = VECTOR('',#457,1.);
#457 = DIRECTION('',(0.,-1.2E-16,-1.));
#458 = ORIENTED_EDGE('',*,*,#459,.F.);
#459 = EDGE_CURVE('',#429,#452,#460,.T.);
#460 = LINE('',#461,#462);
#461 = CARTESIAN_POINT('',(47.2,29.8,-2.));
#462 = VECTOR('',#463,1.);
#463 = DIRECTION('',(0.,-1.,0.));
#464 = ORIENTED_EDGE('',*,*,#436,.F.);
#465 = FACE_BOUND('',#466,.T.);
#466 = EDGE_LOOP('',(#467,#477,#485,#493));
#467 = ORIENTED_EDGE('',*,*,#468,.F.);
#468 = EDGE_CURVE('',#469,#471,#473,.T.);
#469 = VERTEX_POINT('',#470);
#470 = CARTESIAN_POINT('',(47.2,10.475,16.375));
#471 = VERTEX_POINT('',#472);
#472 = CARTESIAN_POINT('',(47.2,10.475,13.325));
#473 = LINE('',#474,#475);
#474 = CARTESIAN_POINT('',(47.2,10.475,16.375));
#475 = VECTOR('',#476,1.);
#476 = DIRECTION('',(0.,0.,-1.));
#477 = ORIENTED_EDGE('',*,*,#478,.F.);
#478 = EDGE_CURVE('',#479,#469,#481,.T.);
#479 = VERTEX_POINT('',#480);
#480 = CARTESIAN_POINT('',(47.2,17.025,16.375));
#481 = LINE('',#482,#483);
#482 = CARTESIAN_POINT('',(47.2,17.025,16.375));
#483 = VECTOR('',#484,1.);
#484 = DIRECTION('',(0.,-1.,0.));
#485 = ORIENTED_EDGE('',*,*,#486,.F.);
#486 = EDGE_CURVE('',#487,#479,#489,.T.);
#487 = VERTEX_POINT('',#488);
#488 = CARTESIAN_POINT('',(47.2,17.025,13.325));
#489 = LINE('',#490,#491);
#490 = CARTESIAN_POINT('',(47.2,17.025,13.325));
#491 = VECTOR('',#492,1.);
#492 = DIRECTION('',(0.,0.,1.));
#493 = ORIENTED_EDGE('',*,*,#494,.F.);
#494 = EDGE_CURVE('',#471,#487,#495,.T.);
#495 = LINE('',#496,#497);
#496 = CARTESIAN_POINT('',(47.2,10.475,13.325));
#497 = VECTOR('',#498,1.);
#498 = DIRECTION('',(0.,1.,0.));
#499 = PLANE('',#500);
#500 = AXIS2_PLACEMENT_3D('',#501,#502,#503);
#501 = CARTESIAN_POINT('',(47.2,2.93E-14,8.915));
#502 = DIRECTION('',(1.,0.,0.));
#503 = DIRECTION('',(0.,0.,1.));
#504 = ADVANCED_FACE('',(#505),#523,.T.);
#505 = FACE_BOUND('',#506,.T.);
#506 = EDGE_LOOP('',(#507,#508,#516,#522));
#507 = ORIENTED_EDGE('',*,*,#165,.F.);
#508 = ORIENTED_EDGE('',*,*,#509,.T.);
#509 = EDGE_CURVE('',#158,#510,#512,.T.);
#510 = VERTEX_POINT('',#511);
#511 = CARTESIAN_POINT('',(46.2,-29.8,-2.));
#512 = LINE('',#513,#514);
#513 = CARTESIAN_POINT('',(46.2,-29.8,20.83));
#514 = VECTOR('',#515,1.);
#515 = DIRECTION('',(0.,-1.2E-16,-1.));
#516 = ORIENTED_EDGE('',*,*,#517,.T.);
#517 = EDGE_CURVE('',#510,#452,#518,.T.);
#518 = LINE('',#519,#520);
#519 = CARTESIAN_POINT('',(46.7,-29.3,-2.));
#520 = VECTOR('',#521,1.);
#521 = DIRECTION('',(0.707106781187,0.707106781187,3.845925372767E-16));
#522 = ORIENTED_EDGE('',*,*,#451,.F.);
#523 = PLANE('',#524);
#524 = AXIS2_PLACEMENT_3D('',#525,#526,#527);
#525 = CARTESIAN_POINT('',(46.7,-29.3,20.83));
#526 = DIRECTION('',(0.707106781187,-0.707106781187,2.382699370476E-16)
  );
#527 = DIRECTION('',(1.084822882392E-16,-2.284822882392E-16,-1.));
#528 = ADVANCED_FACE('',(#529,#540),#610,.T.);
#529 = FACE_BOUND('',#530,.T.);
#530 = EDGE_LOOP('',(#531,#532,#533,#539));
#531 = ORIENTED_EDGE('',*,*,#157,.F.);
#532 = ORIENTED_EDGE('',*,*,#327,.T.);
#533 = ORIENTED_EDGE('',*,*,#534,.F.);
#534 = EDGE_CURVE('',#510,#320,#535,.T.);
#535 = LINE('',#536,#537);
#536 = CARTESIAN_POINT('',(47.2,-29.8,-2.));
#537 = VECTOR('',#538,1.);
#538 = DIRECTION('',(-1.,0.,0.));
#539 = ORIENTED_EDGE('',*,*,#509,.F.);
#540 = FACE_BOUND('',#541,.T.);
#541 = EDGE_LOOP('',(#542,#552,#561,#569,#578,#586,#595,#603));
#542 = ORIENTED_EDGE('',*,*,#543,.F.);
#543 = EDGE_CURVE('',#544,#546,#548,.T.);
#544 = VERTEX_POINT('',#545);
#545 = CARTESIAN_POINT('',(-19.7,-29.8,9.31));
#546 = VERTEX_POINT('',#547);
#547 = CARTESIAN_POINT('',(-12.5,-29.8,9.31));
#548 = LINE('',#549,#550);
#549 = CARTESIAN_POINT('',(-19.7,-29.8,9.31));
#550 = VECTOR('',#551,1.);
#551 = DIRECTION('',(1.,0.,0.));
#552 = ORIENTED_EDGE('',*,*,#553,.F.);
#553 = EDGE_CURVE('',#554,#544,#556,.T.);
#554 = VERTEX_POINT('',#555);
#555 = CARTESIAN_POINT('',(-21.,-29.8,10.61));
#556 = CIRCLE('',#557,1.3);
#557 = AXIS2_PLACEMENT_3D('',#558,#559,#560);
#558 = CARTESIAN_POINT('',(-19.7,-29.8,10.61));
#559 = DIRECTION('',(0.,-1.,4.6E-16));
#560 = DIRECTION('',(-1.,-6.347999999998E-32,-1.38E-16));
#561 = ORIENTED_EDGE('',*,*,#562,.F.);
#562 = EDGE_CURVE('',#563,#554,#565,.T.);
#563 = VERTEX_POINT('',#564);
#564 = CARTESIAN_POINT('',(-21.,-29.8,12.21));
#565 = LINE('',#566,#567);
#566 = CARTESIAN_POINT('',(-21.,-29.8,12.21));
#567 = VECTOR('',#568,1.);
#568 = DIRECTION('',(0.,9.547918011776E-15,-1.));
#569 = ORIENTED_EDGE('',*,*,#570,.F.);
#570 = EDGE_CURVE('',#571,#563,#573,.T.);
#571 = VERTEX_POINT('',#572);
#572 = CARTESIAN_POINT('',(-19.7,-29.8,13.51));
#573 = CIRCLE('',#574,1.3);
#574 = AXIS2_PLACEMENT_3D('',#575,#576,#577);
#575 = CARTESIAN_POINT('',(-19.7,-29.8,12.21));
#576 = DIRECTION('',(0.,-1.,4.6E-16));
#577 = DIRECTION('',(0.,4.6E-16,1.));
#578 = ORIENTED_EDGE('',*,*,#579,.F.);
#579 = EDGE_CURVE('',#580,#571,#582,.T.);
#580 = VERTEX_POINT('',#581);
#581 = CARTESIAN_POINT('',(-12.5,-29.8,13.51));
#582 = LINE('',#583,#584);
#583 = CARTESIAN_POINT('',(-12.5,-29.8,13.51));
#584 = VECTOR('',#585,1.);
#585 = DIRECTION('',(-1.,0.,0.));
#586 = ORIENTED_EDGE('',*,*,#587,.F.);
#587 = EDGE_CURVE('',#588,#580,#590,.T.);
#588 = VERTEX_POINT('',#589);
#589 = CARTESIAN_POINT('',(-11.2,-29.8,12.21));
#590 = CIRCLE('',#591,1.3);
#591 = AXIS2_PLACEMENT_3D('',#592,#593,#594);
#592 = CARTESIAN_POINT('',(-12.5,-29.8,12.21));
#593 = DIRECTION('',(0.,-1.,4.6E-16));
#594 = DIRECTION('',(1.,7.536441461241E-31,1.6383568394E-15));
#595 = ORIENTED_EDGE('',*,*,#596,.F.);
#596 = EDGE_CURVE('',#597,#588,#599,.T.);
#597 = VERTEX_POINT('',#598);
#598 = CARTESIAN_POINT('',(-11.2,-29.8,10.61));
#599 = LINE('',#600,#601);
#600 = CARTESIAN_POINT('',(-11.2,-29.8,10.61));
#601 = VECTOR('',#602,1.);
#602 = DIRECTION('',(0.,-9.547918011776E-15,1.));
#603 = ORIENTED_EDGE('',*,*,#604,.F.);
#604 = EDGE_CURVE('',#546,#597,#605,.T.);
#605 = CIRCLE('',#606,1.3);
#606 = AXIS2_PLACEMENT_3D('',#607,#608,#609);
#607 = CARTESIAN_POINT('',(-12.5,-29.8,10.61));
#608 = DIRECTION('',(0.,-1.,4.6E-16));
#609 = DIRECTION('',(0.,-4.6E-16,-1.));
#610 = PLANE('',#611);
#611 = AXIS2_PLACEMENT_3D('',#612,#613,#614);
#612 = CARTESIAN_POINT('',(-1.154E-14,-29.8,8.915));
#613 = DIRECTION('',(0.,-1.,4.6E-16));
#614 = DIRECTION('',(0.,-4.6E-16,-1.));
#615 = ADVANCED_FACE('',(#616),#627,.F.);
#616 = FACE_BOUND('',#617,.T.);
#617 = EDGE_LOOP('',(#618,#619,#625,#626));
#618 = ORIENTED_EDGE('',*,*,#272,.T.);
#619 = ORIENTED_EDGE('',*,*,#620,.T.);
#620 = EDGE_CURVE('',#256,#366,#621,.T.);
#621 = LINE('',#622,#623);
#622 = CARTESIAN_POINT('',(-46.2,7.5,19.83));
#623 = VECTOR('',#624,1.);
#624 = DIRECTION('',(0.,-1.,0.));
#625 = ORIENTED_EDGE('',*,*,#373,.T.);
#626 = ORIENTED_EDGE('',*,*,#134,.T.);
#627 = PLANE('',#628);
#628 = AXIS2_PLACEMENT_3D('',#629,#630,#631);
#629 = CARTESIAN_POINT('',(-46.2,2.487E-14,20.33));
#630 = DIRECTION('',(1.,0.,0.));
#631 = DIRECTION('',(0.,0.,1.));
#632 = ADVANCED_FACE('',(#633,#658),#692,.T.);
#633 = FACE_BOUND('',#634,.T.);
#634 = EDGE_LOOP('',(#635,#643,#644,#652));
#635 = ORIENTED_EDGE('',*,*,#636,.T.);
#636 = EDGE_CURVE('',#637,#190,#639,.T.);
#637 = VERTEX_POINT('',#638);
#638 = CARTESIAN_POINT('',(-45.7,28.3,24.));
#639 = LINE('',#640,#641);
#640 = CARTESIAN_POINT('',(-45.7,28.3,24.));
#641 = VECTOR('',#642,1.);
#642 = DIRECTION('',(-0.,-0.,-1.));
#643 = ORIENTED_EDGE('',*,*,#189,.T.);
#644 = ORIENTED_EDGE('',*,*,#645,.F.);
#645 = EDGE_CURVE('',#646,#192,#648,.T.);
#646 = VERTEX_POINT('',#647);
#647 = CARTESIAN_POINT('',(-45.7,-28.3,24.));
#648 = LINE('',#649,#650);
#649 = CARTESIAN_POINT('',(-45.7,-28.3,24.));
#650 = VECTOR('',#651,1.);
#651 = DIRECTION('',(-0.,-0.,-1.));
#652 = ORIENTED_EDGE('',*,*,#653,.F.);
#653 = EDGE_CURVE('',#637,#646,#654,.T.);
#654 = LINE('',#655,#656);
#655 = CARTESIAN_POINT('',(-45.7,28.3,24.));
#656 = VECTOR('',#657,1.);
#657 = DIRECTION('',(0.,-1.,0.));
#658 = FACE_BOUND('',#659,.T.);
#659 = EDGE_LOOP('',(#660,#670,#678,#686));
#660 = ORIENTED_EDGE('',*,*,#661,.F.);
#661 = EDGE_CURVE('',#662,#664,#666,.T.);
#662 = VERTEX_POINT('',#663);
#663 = CARTESIAN_POINT('',(-45.7,20.3,23.));
#664 = VERTEX_POINT('',#665);
#665 = CARTESIAN_POINT('',(-45.7,20.3,21.83));
#666 = LINE('',#667,#668);
#667 = CARTESIAN_POINT('',(-45.7,20.3,23.));
#668 = VECTOR('',#669,1.);
#669 = DIRECTION('',(0.,0.,-1.));
#670 = ORIENTED_EDGE('',*,*,#671,.F.);
#671 = EDGE_CURVE('',#672,#662,#674,.T.);
#672 = VERTEX_POINT('',#673);
#673 = CARTESIAN_POINT('',(-45.7,-20.3,23.));
#674 = LINE('',#675,#676);
#675 = CARTESIAN_POINT('',(-45.7,-20.3,23.));
#676 = VECTOR('',#677,1.);
#677 = DIRECTION('',(0.,1.,0.));
#678 = ORIENTED_EDGE('',*,*,#679,.F.);
#679 = EDGE_CURVE('',#680,#672,#682,.T.);
#680 = VERTEX_POINT('',#681);
#681 = CARTESIAN_POINT('',(-45.7,-20.3,21.83));
#682 = LINE('',#683,#684);
#683 = CARTESIAN_POINT('',(-45.7,-20.3,21.83));
#684 = VECTOR('',#685,1.);
#685 = DIRECTION('',(0.,0.,1.));
#686 = ORIENTED_EDGE('',*,*,#687,.F.);
#687 = EDGE_CURVE('',#664,#680,#688,.T.);
#688 = LINE('',#689,#690);
#689 = CARTESIAN_POINT('',(-45.7,20.3,21.83));
#690 = VECTOR('',#691,1.);
#691 = DIRECTION('',(0.,-1.,0.));
#692 = PLANE('',#693);
#693 = AXIS2_PLACEMENT_3D('',#694,#695,#696);
#694 = CARTESIAN_POINT('',(-45.7,28.3,24.));
#695 = DIRECTION('',(-1.,0.,0.));
#696 = DIRECTION('',(0.,-1.,0.));
#697 = ADVANCED_FACE('',(#698,#716),#750,.T.);
#698 = FACE_BOUND('',#699,.T.);
#699 = EDGE_LOOP('',(#700,#708,#709,#710));
#700 = ORIENTED_EDGE('',*,*,#701,.T.);
#701 = EDGE_CURVE('',#702,#200,#704,.T.);
#702 = VERTEX_POINT('',#703);
#703 = CARTESIAN_POINT('',(45.7,28.3,24.));
#704 = LINE('',#705,#706);
#705 = CARTESIAN_POINT('',(45.7,28.3,24.));
#706 = VECTOR('',#707,1.);
#707 = DIRECTION('',(-0.,-0.,-1.));
#708 = ORIENTED_EDGE('',*,*,#199,.T.);
#709 = ORIENTED_EDGE('',*,*,#636,.F.);
#710 = ORIENTED_EDGE('',*,*,#711,.F.);
#711 = EDGE_CURVE('',#702,#637,#712,.T.);
#712 = LINE('',#713,#714);
#713 = CARTESIAN_POINT('',(45.7,28.3,24.));
#714 = VECTOR('',#715,1.);
#715 = DIRECTION('',(-1.,0.,0.));
#716 = FACE_BOUND('',#717,.T.);
#717 = EDGE_LOOP('',(#718,#728,#736,#744));
#718 = ORIENTED_EDGE('',*,*,#719,.F.);
#719 = EDGE_CURVE('',#720,#722,#724,.T.);
#720 = VERTEX_POINT('',#721);
#721 = CARTESIAN_POINT('',(37.7,28.3,23.));
#722 = VERTEX_POINT('',#723);
#723 = CARTESIAN_POINT('',(37.7,28.3,21.83));
#724 = LINE('',#725,#726);
#725 = CARTESIAN_POINT('',(37.7,28.3,23.));
#726 = VECTOR('',#727,1.);
#727 = DIRECTION('',(0.,0.,-1.));
#728 = ORIENTED_EDGE('',*,*,#729,.F.);
#729 = EDGE_CURVE('',#730,#720,#732,.T.);
#730 = VERTEX_POINT('',#731);
#731 = CARTESIAN_POINT('',(-37.7,28.3,23.));
#732 = LINE('',#733,#734);
#733 = CARTESIAN_POINT('',(-37.7,28.3,23.));
#734 = VECTOR('',#735,1.);
#735 = DIRECTION('',(1.,0.,0.));
#736 = ORIENTED_EDGE('',*,*,#737,.F.);
#737 = EDGE_CURVE('',#738,#730,#740,.T.);
#738 = VERTEX_POINT('',#739);
#739 = CARTESIAN_POINT('',(-37.7,28.3,21.83));
#740 = LINE('',#741,#742);
#741 = CARTESIAN_POINT('',(-37.7,28.3,21.83));
#742 = VECTOR('',#743,1.);
#743 = DIRECTION('',(0.,0.,1.));
#744 = ORIENTED_EDGE('',*,*,#745,.F.);
#745 = EDGE_CURVE('',#722,#738,#746,.T.);
#746 = LINE('',#747,#748);
#747 = CARTESIAN_POINT('',(37.7,28.3,21.83));
#748 = VECTOR('',#749,1.);
#749 = DIRECTION('',(-1.,0.,0.));
#750 = PLANE('',#751);
#751 = AXIS2_PLACEMENT_3D('',#752,#753,#754);
#752 = CARTESIAN_POINT('',(45.7,28.3,24.));
#753 = DIRECTION('',(0.,1.,0.));
#754 = DIRECTION('',(-1.,0.,0.));
#755 = ADVANCED_FACE('',(#756,#774),#808,.T.);
#756 = FACE_BOUND('',#757,.T.);
#757 = EDGE_LOOP('',(#758,#759,#760,#768));
#758 = ORIENTED_EDGE('',*,*,#645,.T.);
#759 = ORIENTED_EDGE('',*,*,#215,.T.);
#760 = ORIENTED_EDGE('',*,*,#761,.F.);
#761 = EDGE_CURVE('',#762,#208,#764,.T.);
#762 = VERTEX_POINT('',#763);
#763 = CARTESIAN_POINT('',(45.7,-28.3,24.));
#764 = LINE('',#765,#766);
#765 = CARTESIAN_POINT('',(45.7,-28.3,24.));
#766 = VECTOR('',#767,1.);
#767 = DIRECTION('',(-0.,-0.,-1.));
#768 = ORIENTED_EDGE('',*,*,#769,.F.);
#769 = EDGE_CURVE('',#646,#762,#770,.T.);
#770 = LINE('',#771,#772);
#771 = CARTESIAN_POINT('',(-45.7,-28.3,24.));
#772 = VECTOR('',#773,1.);
#773 = DIRECTION('',(1.,0.,0.));
#774 = FACE_BOUND('',#775,.T.);
#775 = EDGE_LOOP('',(#776,#786,#794,#802));
#776 = ORIENTED_EDGE('',*,*,#777,.T.);
#777 = EDGE_CURVE('',#778,#780,#782,.T.);
#778 = VERTEX_POINT('',#779);
#779 = CARTESIAN_POINT('',(-37.7,-28.3,23.));
#780 = VERTEX_POINT('',#781);
#781 = CARTESIAN_POINT('',(37.7,-28.3,23.));
#782 = LINE('',#783,#784);
#783 = CARTESIAN_POINT('',(-37.7,-28.3,23.));
#784 = VECTOR('',#785,1.);
#785 = DIRECTION('',(1.,-0.,-0.));
#786 = ORIENTED_EDGE('',*,*,#787,.T.);
#787 = EDGE_CURVE('',#780,#788,#790,.T.);
#788 = VERTEX_POINT('',#789);
#789 = CARTESIAN_POINT('',(37.7,-28.3,21.83));
#790 = LINE('',#791,#792);
#791 = CARTESIAN_POINT('',(37.7,-28.3,23.));
#792 = VECTOR('',#793,1.);
#793 = DIRECTION('',(0.,8.9E-16,-1.));
#794 = ORIENTED_EDGE('',*,*,#795,.T.);
#795 = EDGE_CURVE('',#788,#796,#798,.T.);
#796 = VERTEX_POINT('',#797);
#797 = CARTESIAN_POINT('',(-37.7,-28.3,21.83));
#798 = LINE('',#799,#800);
#799 = CARTESIAN_POINT('',(37.7,-28.3,21.83));
#800 = VECTOR('',#801,1.);
#801 = DIRECTION('',(-1.,0.,0.));
#802 = ORIENTED_EDGE('',*,*,#803,.T.);
#803 = EDGE_CURVE('',#796,#778,#804,.T.);
#804 = LINE('',#805,#806);
#805 = CARTESIAN_POINT('',(-37.7,-28.3,21.83));
#806 = VECTOR('',#807,1.);
#807 = DIRECTION('',(0.,-8.9E-16,1.));
#808 = PLANE('',#809);
#809 = AXIS2_PLACEMENT_3D('',#810,#811,#812);
#810 = CARTESIAN_POINT('',(-45.7,-28.3,24.));
#811 = DIRECTION('',(0.,-1.,0.));
#812 = DIRECTION('',(1.,0.,0.));
#813 = ADVANCED_FACE('',(#814,#825),#859,.T.);
#814 = FACE_BOUND('',#815,.T.);
#815 = EDGE_LOOP('',(#816,#817,#818,#819));
#816 = ORIENTED_EDGE('',*,*,#761,.T.);
#817 = ORIENTED_EDGE('',*,*,#207,.T.);
#818 = ORIENTED_EDGE('',*,*,#701,.F.);
#819 = ORIENTED_EDGE('',*,*,#820,.F.);
#820 = EDGE_CURVE('',#762,#702,#821,.T.);
#821 = LINE('',#822,#823);
#822 = CARTESIAN_POINT('',(45.7,-28.3,24.));
#823 = VECTOR('',#824,1.);
#824 = DIRECTION('',(0.,1.,0.));
#825 = FACE_BOUND('',#826,.T.);
#826 = EDGE_LOOP('',(#827,#837,#845,#853));
#827 = ORIENTED_EDGE('',*,*,#828,.T.);
#828 = EDGE_CURVE('',#829,#831,#833,.T.);
#829 = VERTEX_POINT('',#830);
#830 = CARTESIAN_POINT('',(45.7,-20.3,23.));
#831 = VERTEX_POINT('',#832);
#832 = CARTESIAN_POINT('',(45.7,20.3,23.));
#833 = LINE('',#834,#835);
#834 = CARTESIAN_POINT('',(45.7,-20.3,23.));
#835 = VECTOR('',#836,1.);
#836 = DIRECTION('',(2.2E-16,1.,0.));
#837 = ORIENTED_EDGE('',*,*,#838,.T.);
#838 = EDGE_CURVE('',#831,#839,#841,.T.);
#839 = VERTEX_POINT('',#840);
#840 = CARTESIAN_POINT('',(45.7,20.3,21.83));
#841 = LINE('',#842,#843);
#842 = CARTESIAN_POINT('',(45.7,20.3,23.));
#843 = VECTOR('',#844,1.);
#844 = DIRECTION('',(2.2E-16,-0.,-1.));
#845 = ORIENTED_EDGE('',*,*,#846,.T.);
#846 = EDGE_CURVE('',#839,#847,#849,.T.);
#847 = VERTEX_POINT('',#848);
#848 = CARTESIAN_POINT('',(45.7,-20.3,21.83));
#849 = LINE('',#850,#851);
#850 = CARTESIAN_POINT('',(45.7,20.3,21.83));
#851 = VECTOR('',#852,1.);
#852 = DIRECTION('',(-2.2E-16,-1.,0.));
#853 = ORIENTED_EDGE('',*,*,#854,.T.);
#854 = EDGE_CURVE('',#847,#829,#855,.T.);
#855 = LINE('',#856,#857);
#856 = CARTESIAN_POINT('',(45.7,-20.3,21.83));
#857 = VECTOR('',#858,1.);
#858 = DIRECTION('',(-2.2E-16,0.,1.));
#859 = PLANE('',#860);
#860 = AXIS2_PLACEMENT_3D('',#861,#862,#863);
#861 = CARTESIAN_POINT('',(45.7,-28.3,24.));
#862 = DIRECTION('',(1.,0.,0.));
#863 = DIRECTION('',(0.,1.,0.));
#864 = ADVANCED_FACE('',(#865),#875,.F.);
#865 = FACE_BOUND('',#866,.F.);
#866 = EDGE_LOOP('',(#867,#868,#874));
#867 = ORIENTED_EDGE('',*,*,#295,.F.);
#868 = ORIENTED_EDGE('',*,*,#869,.T.);
#869 = EDGE_CURVE('',#296,#232,#870,.T.);
#870 = LINE('',#871,#872);
#871 = CARTESIAN_POINT('',(-46.2,29.05,-2.75));
#872 = VECTOR('',#873,1.);
#873 = DIRECTION('',(2.403703357979E-14,0.707106781187,0.707106781187));
#874 = ORIENTED_EDGE('',*,*,#239,.F.);
#875 = PLANE('',#876);
#876 = AXIS2_PLACEMENT_3D('',#877,#878,#879);
#877 = CARTESIAN_POINT('',(-46.2,28.8,-3.));
#878 = DIRECTION('',(0.57735026919,-0.57735026919,0.57735026919));
#879 = DIRECTION('',(0.707106781187,0.707106781187,3.663735981263E-15));
#880 = ADVANCED_FACE('',(#881),#887,.F.);
#881 = FACE_BOUND('',#882,.F.);
#882 = EDGE_LOOP('',(#883,#884,#885,#886));
#883 = ORIENTED_EDGE('',*,*,#253,.T.);
#884 = ORIENTED_EDGE('',*,*,#620,.T.);
#885 = ORIENTED_EDGE('',*,*,#365,.F.);
#886 = ORIENTED_EDGE('',*,*,#351,.F.);
#887 = PLANE('',#888);
#888 = AXIS2_PLACEMENT_3D('',#889,#890,#891);
#889 = CARTESIAN_POINT('',(-47.2,7.5,19.83));
#890 = DIRECTION('',(0.,0.,-1.));
#891 = DIRECTION('',(0.,-1.,0.));
#892 = ADVANCED_FACE('',(#893),#903,.F.);
#893 = FACE_BOUND('',#894,.F.);
#894 = EDGE_LOOP('',(#895,#901,#902));
#895 = ORIENTED_EDGE('',*,*,#896,.F.);
#896 = EDGE_CURVE('',#287,#320,#897,.T.);
#897 = LINE('',#898,#899);
#898 = CARTESIAN_POINT('',(-46.2,-29.05,-2.75));
#899 = VECTOR('',#900,1.);
#900 = DIRECTION('',(-6.538073133704E-15,-0.707106781187,0.707106781187)
  );
#901 = ORIENTED_EDGE('',*,*,#286,.T.);
#902 = ORIENTED_EDGE('',*,*,#319,.F.);
#903 = PLANE('',#904);
#904 = AXIS2_PLACEMENT_3D('',#905,#906,#907);
#905 = CARTESIAN_POINT('',(-46.2,-28.8,-3.));
#906 = DIRECTION('',(0.57735026919,0.57735026919,0.57735026919));
#907 = DIRECTION('',(-0.707106781187,0.707106781187,-2.248201624866E-15)
  );
#908 = ADVANCED_FACE('',(#909),#934,.F.);
#909 = FACE_BOUND('',#910,.F.);
#910 = EDGE_LOOP('',(#911,#919,#927,#933));
#911 = ORIENTED_EDGE('',*,*,#912,.F.);
#912 = EDGE_CURVE('',#913,#287,#915,.T.);
#913 = VERTEX_POINT('',#914);
#914 = CARTESIAN_POINT('',(46.2,-28.8,-3.));
#915 = LINE('',#916,#917);
#916 = CARTESIAN_POINT('',(47.2,-28.8,-3.));
#917 = VECTOR('',#918,1.);
#918 = DIRECTION('',(-1.,0.,0.));
#919 = ORIENTED_EDGE('',*,*,#920,.F.);
#920 = EDGE_CURVE('',#921,#913,#923,.T.);
#921 = VERTEX_POINT('',#922);
#922 = CARTESIAN_POINT('',(46.2,28.8,-3.));
#923 = LINE('',#924,#925);
#924 = CARTESIAN_POINT('',(46.2,29.8,-3.));
#925 = VECTOR('',#926,1.);
#926 = DIRECTION('',(0.,-1.,0.));
#927 = ORIENTED_EDGE('',*,*,#928,.F.);
#928 = EDGE_CURVE('',#296,#921,#929,.T.);
#929 = LINE('',#930,#931);
#930 = CARTESIAN_POINT('',(-47.2,28.8,-3.));
#931 = VECTOR('',#932,1.);
#932 = DIRECTION('',(1.,0.,0.));
#933 = ORIENTED_EDGE('',*,*,#303,.F.);
#934 = PLANE('',#935);
#935 = AXIS2_PLACEMENT_3D('',#936,#937,#938);
#936 = CARTESIAN_POINT('',(-1.48E-15,0.,-3.));
#937 = DIRECTION('',(0.,0.,1.));
#938 = DIRECTION('',(1.,0.,0.));
#939 = ADVANCED_FACE('',(#940),#951,.F.);
#940 = FACE_BOUND('',#941,.T.);
#941 = EDGE_LOOP('',(#942,#943,#944,#950));
#942 = ORIENTED_EDGE('',*,*,#869,.T.);
#943 = ORIENTED_EDGE('',*,*,#400,.T.);
#944 = ORIENTED_EDGE('',*,*,#945,.F.);
#945 = EDGE_CURVE('',#921,#393,#946,.T.);
#946 = LINE('',#947,#948);
#947 = CARTESIAN_POINT('',(46.2,29.05,-2.75));
#948 = VECTOR('',#949,1.);
#949 = DIRECTION('',(-8.461035820088E-15,0.707106781187,0.707106781187)
  );
#950 = ORIENTED_EDGE('',*,*,#928,.F.);
#951 = PLANE('',#952);
#952 = AXIS2_PLACEMENT_3D('',#953,#954,#955);
#953 = CARTESIAN_POINT('',(-47.2,29.3,-2.5));
#954 = DIRECTION('',(0.,-0.707106781187,0.707106781187));
#955 = DIRECTION('',(-1.,-0.,-0.));
#956 = ADVANCED_FACE('',(#957),#976,.F.);
#957 = FACE_BOUND('',#958,.F.);
#958 = EDGE_LOOP('',(#959,#967,#974,#975));
#959 = ORIENTED_EDGE('',*,*,#960,.T.);
#960 = EDGE_CURVE('',#410,#961,#963,.T.);
#961 = VERTEX_POINT('',#962);
#962 = CARTESIAN_POINT('',(24.15,26.8,10.15));
#963 = LINE('',#964,#965);
#964 = CARTESIAN_POINT('',(24.15,29.8,10.15));
#965 = VECTOR('',#966,1.);
#966 = DIRECTION('',(0.,-1.,2.2E-16));
#967 = ORIENTED_EDGE('',*,*,#968,.T.);
#968 = EDGE_CURVE('',#961,#961,#969,.T.);
#969 = CIRCLE('',#970,3.5);
#970 = AXIS2_PLACEMENT_3D('',#971,#972,#973);
#971 = CARTESIAN_POINT('',(27.65,26.8,10.15));
#972 = DIRECTION('',(0.,1.,-0.));
#973 = DIRECTION('',(-1.,0.,0.));
#974 = ORIENTED_EDGE('',*,*,#960,.F.);
#975 = ORIENTED_EDGE('',*,*,#409,.F.);
#976 = CYLINDRICAL_SURFACE('',#977,3.5);
#977 = AXIS2_PLACEMENT_3D('',#978,#979,#980);
#978 = CARTESIAN_POINT('',(27.65,29.8,10.15));
#979 = DIRECTION('',(0.,1.,-2.2E-16));
#980 = DIRECTION('',(-1.,0.,0.));
#981 = ADVANCED_FACE('',(#982),#992,.T.);
#982 = FACE_BOUND('',#983,.T.);
#983 = EDGE_LOOP('',(#984,#990,#991));
#984 = ORIENTED_EDGE('',*,*,#985,.F.);
#985 = EDGE_CURVE('',#921,#429,#986,.T.);
#986 = LINE('',#987,#988);
#987 = CARTESIAN_POINT('',(46.45,28.8,-2.75));
#988 = VECTOR('',#989,1.);
#989 = DIRECTION('',(0.707106781187,-2.884444029575E-16,0.707106781187)
  );
#990 = ORIENTED_EDGE('',*,*,#945,.T.);
#991 = ORIENTED_EDGE('',*,*,#428,.F.);
#992 = PLANE('',#993);
#993 = AXIS2_PLACEMENT_3D('',#994,#995,#996);
#994 = CARTESIAN_POINT('',(46.2,28.8,-3.));
#995 = DIRECTION('',(0.57735026919,0.57735026919,-0.57735026919));
#996 = DIRECTION('',(-0.707106781187,0.707106781187,3.164135620182E-15)
  );
#997 = ADVANCED_FACE('',(#998),#1009,.F.);
#998 = FACE_BOUND('',#999,.F.);
#999 = EDGE_LOOP('',(#1000,#1001,#1002,#1008));
#1000 = ORIENTED_EDGE('',*,*,#985,.F.);
#1001 = ORIENTED_EDGE('',*,*,#920,.T.);
#1002 = ORIENTED_EDGE('',*,*,#1003,.T.);
#1003 = EDGE_CURVE('',#913,#452,#1004,.T.);
#1004 = LINE('',#1005,#1006);
#1005 = CARTESIAN_POINT('',(46.45,-28.8,-2.75));
#1006 = VECTOR('',#1007,1.);
#1007 = DIRECTION('',(0.707106781187,3.749777238448E-15,0.707106781187)
  );
#1008 = ORIENTED_EDGE('',*,*,#459,.F.);
#1009 = PLANE('',#1010);
#1010 = AXIS2_PLACEMENT_3D('',#1011,#1012,#1013);
#1011 = CARTESIAN_POINT('',(46.7,29.8,-2.5));
#1012 = DIRECTION('',(-0.707106781187,0.,0.707106781187));
#1013 = DIRECTION('',(0.,-1.,0.));
#1014 = ADVANCED_FACE('',(#1015),#1040,.F.);
#1015 = FACE_BOUND('',#1016,.F.);
#1016 = EDGE_LOOP('',(#1017,#1025,#1033,#1039));
#1017 = ORIENTED_EDGE('',*,*,#1018,.T.);
#1018 = EDGE_CURVE('',#469,#1019,#1021,.T.);
#1019 = VERTEX_POINT('',#1020);
#1020 = CARTESIAN_POINT('',(44.2,10.475,16.375));
#1021 = LINE('',#1022,#1023);
#1022 = CARTESIAN_POINT('',(47.2,10.475,16.375));
#1023 = VECTOR('',#1024,1.);
#1024 = DIRECTION('',(-1.,-0.,-0.));
#1025 = ORIENTED_EDGE('',*,*,#1026,.T.);
#1026 = EDGE_CURVE('',#1019,#1027,#1029,.T.);
#1027 = VERTEX_POINT('',#1028);
#1028 = CARTESIAN_POINT('',(44.2,10.475,13.325));
#1029 = LINE('',#1030,#1031);
#1030 = CARTESIAN_POINT('',(44.2,10.475,16.375));
#1031 = VECTOR('',#1032,1.);
#1032 = DIRECTION('',(0.,0.,-1.));
#1033 = ORIENTED_EDGE('',*,*,#1034,.F.);
#1034 = EDGE_CURVE('',#471,#1027,#1035,.T.);
#1035 = LINE('',#1036,#1037);
#1036 = CARTESIAN_POINT('',(47.2,10.475,13.325));
#1037 = VECTOR('',#1038,1.);
#1038 = DIRECTION('',(-1.,-0.,-0.));
#1039 = ORIENTED_EDGE('',*,*,#468,.F.);
#1040 = PLANE('',#1041);
#1041 = AXIS2_PLACEMENT_3D('',#1042,#1043,#1044);
#1042 = CARTESIAN_POINT('',(47.2,10.475,16.375));
#1043 = DIRECTION('',(0.,-1.,0.));
#1044 = DIRECTION('',(0.,0.,-1.));
#1045 = ADVANCED_FACE('',(#1046),#1064,.F.);
#1046 = FACE_BOUND('',#1047,.F.);
#1047 = EDGE_LOOP('',(#1048,#1049,#1057,#1063));
#1048 = ORIENTED_EDGE('',*,*,#1034,.T.);
#1049 = ORIENTED_EDGE('',*,*,#1050,.T.);
#1050 = EDGE_CURVE('',#1027,#1051,#1053,.T.);
#1051 = VERTEX_POINT('',#1052);
#1052 = CARTESIAN_POINT('',(44.2,17.025,13.325));
#1053 = LINE('',#1054,#1055);
#1054 = CARTESIAN_POINT('',(44.2,10.475,13.325));
#1055 = VECTOR('',#1056,1.);
#1056 = DIRECTION('',(0.,1.,0.));
#1057 = ORIENTED_EDGE('',*,*,#1058,.F.);
#1058 = EDGE_CURVE('',#487,#1051,#1059,.T.);
#1059 = LINE('',#1060,#1061);
#1060 = CARTESIAN_POINT('',(47.2,17.025,13.325));
#1061 = VECTOR('',#1062,1.);
#1062 = DIRECTION('',(-1.,-0.,-0.));
#1063 = ORIENTED_EDGE('',*,*,#494,.F.);
#1064 = PLANE('',#1065);
#1065 = AXIS2_PLACEMENT_3D('',#1066,#1067,#1068);
#1066 = CARTESIAN_POINT('',(47.2,10.475,13.325));
#1067 = DIRECTION('',(0.,0.,-1.));
#1068 = DIRECTION('',(0.,1.,0.));
#1069 = ADVANCED_FACE('',(#1070),#1088,.F.);
#1070 = FACE_BOUND('',#1071,.F.);
#1071 = EDGE_LOOP('',(#1072,#1073,#1081,#1087));
#1072 = ORIENTED_EDGE('',*,*,#1058,.T.);
#1073 = ORIENTED_EDGE('',*,*,#1074,.T.);
#1074 = EDGE_CURVE('',#1051,#1075,#1077,.T.);
#1075 = VERTEX_POINT('',#1076);
#1076 = CARTESIAN_POINT('',(44.2,17.025,16.375));
#1077 = LINE('',#1078,#1079);
#1078 = CARTESIAN_POINT('',(44.2,17.025,13.325));
#1079 = VECTOR('',#1080,1.);
#1080 = DIRECTION('',(0.,0.,1.));
#1081 = ORIENTED_EDGE('',*,*,#1082,.F.);
#1082 = EDGE_CURVE('',#479,#1075,#1083,.T.);
#1083 = LINE('',#1084,#1085);
#1084 = CARTESIAN_POINT('',(47.2,17.025,16.375));
#1085 = VECTOR('',#1086,1.);
#1086 = DIRECTION('',(-1.,-0.,-0.));
#1087 = ORIENTED_EDGE('',*,*,#486,.F.);
#1088 = PLANE('',#1089);
#1089 = AXIS2_PLACEMENT_3D('',#1090,#1091,#1092);
#1090 = CARTESIAN_POINT('',(47.2,17.025,13.325));
#1091 = DIRECTION('',(0.,1.,0.));
#1092 = DIRECTION('',(0.,0.,1.));
#1093 = ADVANCED_FACE('',(#1094),#1105,.F.);
#1094 = FACE_BOUND('',#1095,.F.);
#1095 = EDGE_LOOP('',(#1096,#1097,#1103,#1104));
#1096 = ORIENTED_EDGE('',*,*,#1082,.T.);
#1097 = ORIENTED_EDGE('',*,*,#1098,.T.);
#1098 = EDGE_CURVE('',#1075,#1019,#1099,.T.);
#1099 = LINE('',#1100,#1101);
#1100 = CARTESIAN_POINT('',(44.2,17.025,16.375));
#1101 = VECTOR('',#1102,1.);
#1102 = DIRECTION('',(0.,-1.,0.));
#1103 = ORIENTED_EDGE('',*,*,#1018,.F.);
#1104 = ORIENTED_EDGE('',*,*,#478,.F.);
#1105 = PLANE('',#1106);
#1106 = AXIS2_PLACEMENT_3D('',#1107,#1108,#1109);
#1107 = CARTESIAN_POINT('',(47.2,17.025,16.375));
#1108 = DIRECTION('',(0.,0.,1.));
#1109 = DIRECTION('',(0.,-1.,0.));
#1110 = ADVANCED_FACE('',(#1111),#1121,.T.);
#1111 = FACE_BOUND('',#1112,.T.);
#1112 = EDGE_LOOP('',(#1113,#1119,#1120));
#1113 = ORIENTED_EDGE('',*,*,#1114,.F.);
#1114 = EDGE_CURVE('',#913,#510,#1115,.T.);
#1115 = LINE('',#1116,#1117);
#1116 = CARTESIAN_POINT('',(46.2,-29.05,-2.75));
#1117 = VECTOR('',#1118,1.);
#1118 = DIRECTION('',(-3.365184701171E-15,-0.707106781187,0.707106781187
    ));
#1119 = ORIENTED_EDGE('',*,*,#1003,.T.);
#1120 = ORIENTED_EDGE('',*,*,#517,.F.);
#1121 = PLANE('',#1122);
#1122 = AXIS2_PLACEMENT_3D('',#1123,#1124,#1125);
#1123 = CARTESIAN_POINT('',(46.2,-28.8,-3.));
#1124 = DIRECTION('',(0.57735026919,-0.57735026919,-0.57735026919));
#1125 = DIRECTION('',(0.707106781187,0.707106781187,-2.22044604925E-15)
  );
#1126 = ADVANCED_FACE('',(#1127),#1133,.F.);
#1127 = FACE_BOUND('',#1128,.F.);
#1128 = EDGE_LOOP('',(#1129,#1130,#1131,#1132));
#1129 = ORIENTED_EDGE('',*,*,#1114,.F.);
#1130 = ORIENTED_EDGE('',*,*,#912,.T.);
#1131 = ORIENTED_EDGE('',*,*,#896,.T.);
#1132 = ORIENTED_EDGE('',*,*,#534,.F.);
#1133 = PLANE('',#1134);
#1134 = AXIS2_PLACEMENT_3D('',#1135,#1136,#1137);
#1135 = CARTESIAN_POINT('',(47.2,-29.3,-2.5));
#1136 = DIRECTION('',(0.,0.707106781187,0.707106781187));
#1137 = DIRECTION('',(-1.,0.,0.));
#1138 = ADVANCED_FACE('',(#1139),#1166,.T.);
#1139 = FACE_BOUND('',#1140,.F.);
#1140 = EDGE_LOOP('',(#1141,#1150,#1158,#1165));
#1141 = ORIENTED_EDGE('',*,*,#1142,.T.);
#1142 = EDGE_CURVE('',#544,#1143,#1145,.T.);
#1143 = VERTEX_POINT('',#1144);
#1144 = CARTESIAN_POINT('',(-19.7,-29.5,9.61));
#1145 = CIRCLE('',#1146,0.3);
#1146 = AXIS2_PLACEMENT_3D('',#1147,#1148,#1149);
#1147 = CARTESIAN_POINT('',(-19.7,-29.5,9.31));
#1148 = DIRECTION('',(-1.,0.,0.));
#1149 = DIRECTION('',(0.,-1.,4.6E-16));
#1150 = ORIENTED_EDGE('',*,*,#1151,.T.);
#1151 = EDGE_CURVE('',#1143,#1152,#1154,.T.);
#1152 = VERTEX_POINT('',#1153);
#1153 = CARTESIAN_POINT('',(-12.5,-29.5,9.61));
#1154 = LINE('',#1155,#1156);
#1155 = CARTESIAN_POINT('',(-19.7,-29.5,9.61));
#1156 = VECTOR('',#1157,1.);
#1157 = DIRECTION('',(1.,0.,0.));
#1158 = ORIENTED_EDGE('',*,*,#1159,.F.);
#1159 = EDGE_CURVE('',#546,#1152,#1160,.T.);
#1160 = CIRCLE('',#1161,0.3);
#1161 = AXIS2_PLACEMENT_3D('',#1162,#1163,#1164);
#1162 = CARTESIAN_POINT('',(-12.5,-29.5,9.31));
#1163 = DIRECTION('',(-1.,0.,0.));
#1164 = DIRECTION('',(0.,-1.,4.6E-16));
#1165 = ORIENTED_EDGE('',*,*,#543,.F.);
#1166 = CYLINDRICAL_SURFACE('',#1167,0.3);
#1167 = AXIS2_PLACEMENT_3D('',#1168,#1169,#1170);
#1168 = CARTESIAN_POINT('',(-19.7,-29.5,9.31));
#1169 = DIRECTION('',(1.,0.,0.));
#1170 = DIRECTION('',(0.,-1.,4.6E-16));
#1171 = ADVANCED_FACE('',(#1172),#1192,.T.);
#1172 = FACE_BOUND('',#1173,.T.);
#1173 = EDGE_LOOP('',(#1174,#1183,#1184,#1185));
#1174 = ORIENTED_EDGE('',*,*,#1175,.F.);
#1175 = EDGE_CURVE('',#554,#1176,#1178,.T.);
#1176 = VERTEX_POINT('',#1177);
#1177 = CARTESIAN_POINT('',(-20.7,-29.5,10.61));
#1178 = CIRCLE('',#1179,0.3);
#1179 = AXIS2_PLACEMENT_3D('',#1180,#1181,#1182);
#1180 = CARTESIAN_POINT('',(-21.,-29.5,10.61));
#1181 = DIRECTION('',(0.,-9.547918011776E-15,1.));
#1182 = DIRECTION('',(0.,-1.,-9.547918011776E-15));
#1183 = ORIENTED_EDGE('',*,*,#553,.T.);
#1184 = ORIENTED_EDGE('',*,*,#1142,.T.);
#1185 = ORIENTED_EDGE('',*,*,#1186,.F.);
#1186 = EDGE_CURVE('',#1176,#1143,#1187,.T.);
#1187 = CIRCLE('',#1188,1.);
#1188 = AXIS2_PLACEMENT_3D('',#1189,#1190,#1191);
#1189 = CARTESIAN_POINT('',(-19.7,-29.5,10.61));
#1190 = DIRECTION('',(0.,-1.,4.6E-16));
#1191 = DIRECTION('',(-1.,-6.347999999998E-32,-1.38E-16));
#1192 = TOROIDAL_SURFACE('',#1193,1.3,0.3);
#1193 = AXIS2_PLACEMENT_3D('',#1194,#1195,#1196);
#1194 = CARTESIAN_POINT('',(-19.7,-29.5,10.61));
#1195 = DIRECTION('',(0.,-1.,4.6E-16));
#1196 = DIRECTION('',(-1.,-6.347999999998E-32,-1.38E-16));
#1197 = ADVANCED_FACE('',(#1198),#1218,.T.);
#1198 = FACE_BOUND('',#1199,.T.);
#1199 = EDGE_LOOP('',(#1200,#1201,#1202,#1211));
#1200 = ORIENTED_EDGE('',*,*,#1159,.F.);
#1201 = ORIENTED_EDGE('',*,*,#604,.T.);
#1202 = ORIENTED_EDGE('',*,*,#1203,.T.);
#1203 = EDGE_CURVE('',#597,#1204,#1206,.T.);
#1204 = VERTEX_POINT('',#1205);
#1205 = CARTESIAN_POINT('',(-11.5,-29.5,10.61));
#1206 = CIRCLE('',#1207,0.3);
#1207 = AXIS2_PLACEMENT_3D('',#1208,#1209,#1210);
#1208 = CARTESIAN_POINT('',(-11.2,-29.5,10.61));
#1209 = DIRECTION('',(8.269460797428E-16,-4.6E-16,-1.));
#1210 = DIRECTION('',(1.,3.803951966817E-31,8.269460797428E-16));
#1211 = ORIENTED_EDGE('',*,*,#1212,.F.);
#1212 = EDGE_CURVE('',#1152,#1204,#1213,.T.);
#1213 = CIRCLE('',#1214,1.);
#1214 = AXIS2_PLACEMENT_3D('',#1215,#1216,#1217);
#1215 = CARTESIAN_POINT('',(-12.5,-29.5,10.61));
#1216 = DIRECTION('',(0.,-1.,4.6E-16));
#1217 = DIRECTION('',(0.,-4.6E-16,-1.));
#1218 = TOROIDAL_SURFACE('',#1219,1.3,0.3);
#1219 = AXIS2_PLACEMENT_3D('',#1220,#1221,#1222);
#1220 = CARTESIAN_POINT('',(-12.5,-29.5,10.61));
#1221 = DIRECTION('',(0.,-1.,4.6E-16));
#1222 = DIRECTION('',(0.,-4.6E-16,-1.));
#1223 = ADVANCED_FACE('',(#1224),#1243,.T.);
#1224 = FACE_BOUND('',#1225,.F.);
#1225 = EDGE_LOOP('',(#1226,#1235,#1241,#1242));
#1226 = ORIENTED_EDGE('',*,*,#1227,.T.);
#1227 = EDGE_CURVE('',#563,#1228,#1230,.T.);
#1228 = VERTEX_POINT('',#1229);
#1229 = CARTESIAN_POINT('',(-20.7,-29.5,12.21));
#1230 = CIRCLE('',#1231,0.3);
#1231 = AXIS2_PLACEMENT_3D('',#1232,#1233,#1234);
#1232 = CARTESIAN_POINT('',(-21.,-29.5,12.21));
#1233 = DIRECTION('',(2.832769448824E-16,4.6E-16,1.));
#1234 = DIRECTION('',(-1.,1.303073946459E-31,2.832769448824E-16));
#1235 = ORIENTED_EDGE('',*,*,#1236,.T.);
#1236 = EDGE_CURVE('',#1228,#1176,#1237,.T.);
#1237 = LINE('',#1238,#1239);
#1238 = CARTESIAN_POINT('',(-20.7,-29.5,12.21));
#1239 = VECTOR('',#1240,1.);
#1240 = DIRECTION('',(0.,9.547918011776E-15,-1.));
#1241 = ORIENTED_EDGE('',*,*,#1175,.F.);
#1242 = ORIENTED_EDGE('',*,*,#562,.F.);
#1243 = CYLINDRICAL_SURFACE('',#1244,0.3);
#1244 = AXIS2_PLACEMENT_3D('',#1245,#1246,#1247);
#1245 = CARTESIAN_POINT('',(-21.,-29.5,12.21));
#1246 = DIRECTION('',(0.,9.547918011776E-15,-1.));
#1247 = DIRECTION('',(0.,-1.,-9.547918011776E-15));
#1248 = ADVANCED_FACE('',(#1249),#1268,.T.);
#1249 = FACE_BOUND('',#1250,.F.);
#1250 = EDGE_LOOP('',(#1251,#1252,#1260,#1267));
#1251 = ORIENTED_EDGE('',*,*,#1203,.T.);
#1252 = ORIENTED_EDGE('',*,*,#1253,.T.);
#1253 = EDGE_CURVE('',#1204,#1254,#1256,.T.);
#1254 = VERTEX_POINT('',#1255);
#1255 = CARTESIAN_POINT('',(-11.5,-29.5,12.21));
#1256 = LINE('',#1257,#1258);
#1257 = CARTESIAN_POINT('',(-11.5,-29.5,10.61));
#1258 = VECTOR('',#1259,1.);
#1259 = DIRECTION('',(0.,-9.547918011776E-15,1.));
#1260 = ORIENTED_EDGE('',*,*,#1261,.F.);
#1261 = EDGE_CURVE('',#588,#1254,#1262,.T.);
#1262 = CIRCLE('',#1263,0.3);
#1263 = AXIS2_PLACEMENT_3D('',#1264,#1265,#1266);
#1264 = CARTESIAN_POINT('',(-11.2,-29.5,12.21));
#1265 = DIRECTION('',(0.,9.547918011776E-15,-1.));
#1266 = DIRECTION('',(0.,-1.,-9.547918011776E-15));
#1267 = ORIENTED_EDGE('',*,*,#596,.F.);
#1268 = CYLINDRICAL_SURFACE('',#1269,0.3);
#1269 = AXIS2_PLACEMENT_3D('',#1270,#1271,#1272);
#1270 = CARTESIAN_POINT('',(-11.2,-29.5,10.61));
#1271 = DIRECTION('',(0.,-9.547918011776E-15,1.));
#1272 = DIRECTION('',(-0.,-1.,-9.547918011776E-15));
#1273 = ADVANCED_FACE('',(#1274),#1294,.T.);
#1274 = FACE_BOUND('',#1275,.T.);
#1275 = EDGE_LOOP('',(#1276,#1285,#1286,#1287));
#1276 = ORIENTED_EDGE('',*,*,#1277,.F.);
#1277 = EDGE_CURVE('',#571,#1278,#1280,.T.);
#1278 = VERTEX_POINT('',#1279);
#1279 = CARTESIAN_POINT('',(-19.7,-29.5,13.21));
#1280 = CIRCLE('',#1281,0.3);
#1281 = AXIS2_PLACEMENT_3D('',#1282,#1283,#1284);
#1282 = CARTESIAN_POINT('',(-19.7,-29.5,13.51));
#1283 = DIRECTION('',(1.,0.,0.));
#1284 = DIRECTION('',(0.,-1.,4.6E-16));
#1285 = ORIENTED_EDGE('',*,*,#570,.T.);
#1286 = ORIENTED_EDGE('',*,*,#1227,.T.);
#1287 = ORIENTED_EDGE('',*,*,#1288,.F.);
#1288 = EDGE_CURVE('',#1278,#1228,#1289,.T.);
#1289 = CIRCLE('',#1290,1.);
#1290 = AXIS2_PLACEMENT_3D('',#1291,#1292,#1293);
#1291 = CARTESIAN_POINT('',(-19.7,-29.5,12.21));
#1292 = DIRECTION('',(0.,-1.,4.6E-16));
#1293 = DIRECTION('',(0.,4.6E-16,1.));
#1294 = TOROIDAL_SURFACE('',#1295,1.3,0.3);
#1295 = AXIS2_PLACEMENT_3D('',#1296,#1297,#1298);
#1296 = CARTESIAN_POINT('',(-19.7,-29.5,12.21));
#1297 = DIRECTION('',(0.,-1.,4.6E-16));
#1298 = DIRECTION('',(0.,4.6E-16,1.));
#1299 = ADVANCED_FACE('',(#1300),#1320,.T.);
#1300 = FACE_BOUND('',#1301,.T.);
#1301 = EDGE_LOOP('',(#1302,#1303,#1304,#1313));
#1302 = ORIENTED_EDGE('',*,*,#1261,.F.);
#1303 = ORIENTED_EDGE('',*,*,#587,.T.);
#1304 = ORIENTED_EDGE('',*,*,#1305,.T.);
#1305 = EDGE_CURVE('',#580,#1306,#1308,.T.);
#1306 = VERTEX_POINT('',#1307);
#1307 = CARTESIAN_POINT('',(-12.5,-29.5,13.21));
#1308 = CIRCLE('',#1309,0.3);
#1309 = AXIS2_PLACEMENT_3D('',#1310,#1311,#1312);
#1310 = CARTESIAN_POINT('',(-12.5,-29.5,13.51));
#1311 = DIRECTION('',(1.,5.211962332127E-31,1.133035289593E-15));
#1312 = DIRECTION('',(-1.133035289593E-15,4.6E-16,1.));
#1313 = ORIENTED_EDGE('',*,*,#1314,.F.);
#1314 = EDGE_CURVE('',#1254,#1306,#1315,.T.);
#1315 = CIRCLE('',#1316,1.);
#1316 = AXIS2_PLACEMENT_3D('',#1317,#1318,#1319);
#1317 = CARTESIAN_POINT('',(-12.5,-29.5,12.21));
#1318 = DIRECTION('',(0.,-1.,4.6E-16));
#1319 = DIRECTION('',(1.,7.536441461241E-31,1.6383568394E-15));
#1320 = TOROIDAL_SURFACE('',#1321,1.3,0.3);
#1321 = AXIS2_PLACEMENT_3D('',#1322,#1323,#1324);
#1322 = CARTESIAN_POINT('',(-12.5,-29.5,12.21));
#1323 = DIRECTION('',(0.,-1.,4.6E-16));
#1324 = DIRECTION('',(1.,7.536441461241E-31,1.6383568394E-15));
#1325 = ADVANCED_FACE('',(#1326),#1337,.T.);
#1326 = FACE_BOUND('',#1327,.F.);
#1327 = EDGE_LOOP('',(#1328,#1329,#1335,#1336));
#1328 = ORIENTED_EDGE('',*,*,#1305,.T.);
#1329 = ORIENTED_EDGE('',*,*,#1330,.T.);
#1330 = EDGE_CURVE('',#1306,#1278,#1331,.T.);
#1331 = LINE('',#1332,#1333);
#1332 = CARTESIAN_POINT('',(-12.5,-29.5,13.21));
#1333 = VECTOR('',#1334,1.);
#1334 = DIRECTION('',(-1.,0.,0.));
#1335 = ORIENTED_EDGE('',*,*,#1277,.F.);
#1336 = ORIENTED_EDGE('',*,*,#579,.F.);
#1337 = CYLINDRICAL_SURFACE('',#1338,0.3);
#1338 = AXIS2_PLACEMENT_3D('',#1339,#1340,#1341);
#1339 = CARTESIAN_POINT('',(-12.5,-29.5,13.51));
#1340 = DIRECTION('',(-1.,0.,0.));
#1341 = DIRECTION('',(0.,-1.,4.6E-16));
#1342 = ADVANCED_FACE('',(#1343,#1349),#1383,.T.);
#1343 = FACE_BOUND('',#1344,.T.);
#1344 = EDGE_LOOP('',(#1345,#1346,#1347,#1348));
#1345 = ORIENTED_EDGE('',*,*,#711,.T.);
#1346 = ORIENTED_EDGE('',*,*,#653,.T.);
#1347 = ORIENTED_EDGE('',*,*,#769,.T.);
#1348 = ORIENTED_EDGE('',*,*,#820,.T.);
#1349 = FACE_BOUND('',#1350,.T.);
#1350 = EDGE_LOOP('',(#1351,#1361,#1369,#1377));
#1351 = ORIENTED_EDGE('',*,*,#1352,.F.);
#1352 = EDGE_CURVE('',#1353,#1355,#1357,.T.);
#1353 = VERTEX_POINT('',#1354);
#1354 = CARTESIAN_POINT('',(44.2,-26.8,24.));
#1355 = VERTEX_POINT('',#1356);
#1356 = CARTESIAN_POINT('',(44.2,26.8,24.));
#1357 = LINE('',#1358,#1359);
#1358 = CARTESIAN_POINT('',(44.2,-26.8,24.));
#1359 = VECTOR('',#1360,1.);
#1360 = DIRECTION('',(0.,1.,0.));
#1361 = ORIENTED_EDGE('',*,*,#1362,.F.);
#1362 = EDGE_CURVE('',#1363,#1353,#1365,.T.);
#1363 = VERTEX_POINT('',#1364);
#1364 = CARTESIAN_POINT('',(-44.2,-26.8,24.));
#1365 = LINE('',#1366,#1367);
#1366 = CARTESIAN_POINT('',(-44.2,-26.8,24.));
#1367 = VECTOR('',#1368,1.);
#1368 = DIRECTION('',(1.,0.,0.));
#1369 = ORIENTED_EDGE('',*,*,#1370,.F.);
#1370 = EDGE_CURVE('',#1371,#1363,#1373,.T.);
#1371 = VERTEX_POINT('',#1372);
#1372 = CARTESIAN_POINT('',(-44.2,26.8,24.));
#1373 = LINE('',#1374,#1375);
#1374 = CARTESIAN_POINT('',(-44.2,26.8,24.));
#1375 = VECTOR('',#1376,1.);
#1376 = DIRECTION('',(0.,-1.,0.));
#1377 = ORIENTED_EDGE('',*,*,#1378,.F.);
#1378 = EDGE_CURVE('',#1355,#1371,#1379,.T.);
#1379 = LINE('',#1380,#1381);
#1380 = CARTESIAN_POINT('',(44.2,26.8,24.));
#1381 = VECTOR('',#1382,1.);
#1382 = DIRECTION('',(-1.,0.,0.));
#1383 = PLANE('',#1384);
#1384 = AXIS2_PLACEMENT_3D('',#1385,#1386,#1387);
#1385 = CARTESIAN_POINT('',(-7.7E-16,7.7E-16,24.));
#1386 = DIRECTION('',(0.,0.,1.));
#1387 = DIRECTION('',(1.,0.,0.));
#1388 = ADVANCED_FACE('',(#1389),#1414,.F.);
#1389 = FACE_BOUND('',#1390,.F.);
#1390 = EDGE_LOOP('',(#1391,#1399,#1407,#1413));
#1391 = ORIENTED_EDGE('',*,*,#1392,.T.);
#1392 = EDGE_CURVE('',#662,#1393,#1395,.T.);
#1393 = VERTEX_POINT('',#1394);
#1394 = CARTESIAN_POINT('',(-45.85,20.3,23.));
#1395 = LINE('',#1396,#1397);
#1396 = CARTESIAN_POINT('',(-45.7,20.3,23.));
#1397 = VECTOR('',#1398,1.);
#1398 = DIRECTION('',(-1.,0.,0.));
#1399 = ORIENTED_EDGE('',*,*,#1400,.T.);
#1400 = EDGE_CURVE('',#1393,#1401,#1403,.T.);
#1401 = VERTEX_POINT('',#1402);
#1402 = CARTESIAN_POINT('',(-45.85,20.3,21.83));
#1403 = LINE('',#1404,#1405);
#1404 = CARTESIAN_POINT('',(-45.85,20.3,23.));
#1405 = VECTOR('',#1406,1.);
#1406 = DIRECTION('',(0.,0.,-1.));
#1407 = ORIENTED_EDGE('',*,*,#1408,.F.);
#1408 = EDGE_CURVE('',#664,#1401,#1409,.T.);
#1409 = LINE('',#1410,#1411);
#1410 = CARTESIAN_POINT('',(-45.7,20.3,21.83));
#1411 = VECTOR('',#1412,1.);
#1412 = DIRECTION('',(-1.,0.,0.));
#1413 = ORIENTED_EDGE('',*,*,#661,.F.);
#1414 = PLANE('',#1415);
#1415 = AXIS2_PLACEMENT_3D('',#1416,#1417,#1418);
#1416 = CARTESIAN_POINT('',(-45.7,20.3,23.));
#1417 = DIRECTION('',(-0.,-1.,-0.));
#1418 = DIRECTION('',(0.,0.,-1.));
#1419 = ADVANCED_FACE('',(#1420),#1438,.F.);
#1420 = FACE_BOUND('',#1421,.F.);
#1421 = EDGE_LOOP('',(#1422,#1423,#1431,#1437));
#1422 = ORIENTED_EDGE('',*,*,#1408,.T.);
#1423 = ORIENTED_EDGE('',*,*,#1424,.T.);
#1424 = EDGE_CURVE('',#1401,#1425,#1427,.T.);
#1425 = VERTEX_POINT('',#1426);
#1426 = CARTESIAN_POINT('',(-45.85,-20.3,21.83));
#1427 = LINE('',#1428,#1429);
#1428 = CARTESIAN_POINT('',(-45.85,20.3,21.83));
#1429 = VECTOR('',#1430,1.);
#1430 = DIRECTION('',(0.,-1.,0.));
#1431 = ORIENTED_EDGE('',*,*,#1432,.F.);
#1432 = EDGE_CURVE('',#680,#1425,#1433,.T.);
#1433 = LINE('',#1434,#1435);
#1434 = CARTESIAN_POINT('',(-45.7,-20.3,21.83));
#1435 = VECTOR('',#1436,1.);
#1436 = DIRECTION('',(-1.,0.,0.));
#1437 = ORIENTED_EDGE('',*,*,#687,.F.);
#1438 = PLANE('',#1439);
#1439 = AXIS2_PLACEMENT_3D('',#1440,#1441,#1442);
#1440 = CARTESIAN_POINT('',(-45.7,20.3,21.83));
#1441 = DIRECTION('',(0.,0.,1.));
#1442 = DIRECTION('',(0.,-1.,0.));
#1443 = ADVANCED_FACE('',(#1444),#1462,.F.);
#1444 = FACE_BOUND('',#1445,.F.);
#1445 = EDGE_LOOP('',(#1446,#1447,#1455,#1461));
#1446 = ORIENTED_EDGE('',*,*,#1432,.T.);
#1447 = ORIENTED_EDGE('',*,*,#1448,.T.);
#1448 = EDGE_CURVE('',#1425,#1449,#1451,.T.);
#1449 = VERTEX_POINT('',#1450);
#1450 = CARTESIAN_POINT('',(-45.85,-20.3,23.));
#1451 = LINE('',#1452,#1453);
#1452 = CARTESIAN_POINT('',(-45.85,-20.3,21.83));
#1453 = VECTOR('',#1454,1.);
#1454 = DIRECTION('',(0.,0.,1.));
#1455 = ORIENTED_EDGE('',*,*,#1456,.F.);
#1456 = EDGE_CURVE('',#672,#1449,#1457,.T.);
#1457 = LINE('',#1458,#1459);
#1458 = CARTESIAN_POINT('',(-45.7,-20.3,23.));
#1459 = VECTOR('',#1460,1.);
#1460 = DIRECTION('',(-1.,0.,0.));
#1461 = ORIENTED_EDGE('',*,*,#679,.F.);
#1462 = PLANE('',#1463);
#1463 = AXIS2_PLACEMENT_3D('',#1464,#1465,#1466);
#1464 = CARTESIAN_POINT('',(-45.7,-20.3,21.83));
#1465 = DIRECTION('',(0.,1.,0.));
#1466 = DIRECTION('',(0.,0.,1.));
#1467 = ADVANCED_FACE('',(#1468),#1479,.F.);
#1468 = FACE_BOUND('',#1469,.F.);
#1469 = EDGE_LOOP('',(#1470,#1471,#1477,#1478));
#1470 = ORIENTED_EDGE('',*,*,#1456,.T.);
#1471 = ORIENTED_EDGE('',*,*,#1472,.T.);
#1472 = EDGE_CURVE('',#1449,#1393,#1473,.T.);
#1473 = LINE('',#1474,#1475);
#1474 = CARTESIAN_POINT('',(-45.85,-20.3,23.));
#1475 = VECTOR('',#1476,1.);
#1476 = DIRECTION('',(0.,1.,0.));
#1477 = ORIENTED_EDGE('',*,*,#1392,.F.);
#1478 = ORIENTED_EDGE('',*,*,#671,.F.);
#1479 = PLANE('',#1480);
#1480 = AXIS2_PLACEMENT_3D('',#1481,#1482,#1483);
#1481 = CARTESIAN_POINT('',(-45.7,-20.3,23.));
#1482 = DIRECTION('',(0.,0.,-1.));
#1483 = DIRECTION('',(0.,1.,0.));
#1484 = ADVANCED_FACE('',(#1485),#1510,.F.);
#1485 = FACE_BOUND('',#1486,.F.);
#1486 = EDGE_LOOP('',(#1487,#1495,#1503,#1509));
#1487 = ORIENTED_EDGE('',*,*,#1488,.T.);
#1488 = EDGE_CURVE('',#720,#1489,#1491,.T.);
#1489 = VERTEX_POINT('',#1490);
#1490 = CARTESIAN_POINT('',(37.7,28.45,23.));
#1491 = LINE('',#1492,#1493);
#1492 = CARTESIAN_POINT('',(37.7,28.3,23.));
#1493 = VECTOR('',#1494,1.);
#1494 = DIRECTION('',(0.,1.,-2.2E-16));
#1495 = ORIENTED_EDGE('',*,*,#1496,.T.);
#1496 = EDGE_CURVE('',#1489,#1497,#1499,.T.);
#1497 = VERTEX_POINT('',#1498);
#1498 = CARTESIAN_POINT('',(37.7,28.45,21.83));
#1499 = LINE('',#1500,#1501);
#1500 = CARTESIAN_POINT('',(37.7,28.45,23.));
#1501 = VECTOR('',#1502,1.);
#1502 = DIRECTION('',(0.,-2.2E-16,-1.));
#1503 = ORIENTED_EDGE('',*,*,#1504,.F.);
#1504 = EDGE_CURVE('',#722,#1497,#1505,.T.);
#1505 = LINE('',#1506,#1507);
#1506 = CARTESIAN_POINT('',(37.7,28.3,21.83));
#1507 = VECTOR('',#1508,1.);
#1508 = DIRECTION('',(0.,1.,-2.2E-16));
#1509 = ORIENTED_EDGE('',*,*,#719,.F.);
#1510 = PLANE('',#1511);
#1511 = AXIS2_PLACEMENT_3D('',#1512,#1513,#1514);
#1512 = CARTESIAN_POINT('',(37.7,28.3,23.));
#1513 = DIRECTION('',(-1.,0.,0.));
#1514 = DIRECTION('',(0.,-2.2E-16,-1.));
#1515 = ADVANCED_FACE('',(#1516),#1534,.F.);
#1516 = FACE_BOUND('',#1517,.F.);
#1517 = EDGE_LOOP('',(#1518,#1519,#1527,#1533));
#1518 = ORIENTED_EDGE('',*,*,#1504,.T.);
#1519 = ORIENTED_EDGE('',*,*,#1520,.T.);
#1520 = EDGE_CURVE('',#1497,#1521,#1523,.T.);
#1521 = VERTEX_POINT('',#1522);
#1522 = CARTESIAN_POINT('',(-37.7,28.45,21.83));
#1523 = LINE('',#1524,#1525);
#1524 = CARTESIAN_POINT('',(37.7,28.45,21.83));
#1525 = VECTOR('',#1526,1.);
#1526 = DIRECTION('',(-1.,0.,0.));
#1527 = ORIENTED_EDGE('',*,*,#1528,.F.);
#1528 = EDGE_CURVE('',#738,#1521,#1529,.T.);
#1529 = LINE('',#1530,#1531);
#1530 = CARTESIAN_POINT('',(-37.7,28.3,21.83));
#1531 = VECTOR('',#1532,1.);
#1532 = DIRECTION('',(0.,1.,-2.2E-16));
#1533 = ORIENTED_EDGE('',*,*,#745,.F.);
#1534 = PLANE('',#1535);
#1535 = AXIS2_PLACEMENT_3D('',#1536,#1537,#1538);
#1536 = CARTESIAN_POINT('',(37.7,28.3,21.83));
#1537 = DIRECTION('',(0.,2.2E-16,1.));
#1538 = DIRECTION('',(-1.,0.,0.));
#1539 = ADVANCED_FACE('',(#1540),#1558,.F.);
#1540 = FACE_BOUND('',#1541,.F.);
#1541 = EDGE_LOOP('',(#1542,#1543,#1551,#1557));
#1542 = ORIENTED_EDGE('',*,*,#1528,.T.);
#1543 = ORIENTED_EDGE('',*,*,#1544,.T.);
#1544 = EDGE_CURVE('',#1521,#1545,#1547,.T.);
#1545 = VERTEX_POINT('',#1546);
#1546 = CARTESIAN_POINT('',(-37.7,28.45,23.));
#1547 = LINE('',#1548,#1549);
#1548 = CARTESIAN_POINT('',(-37.7,28.45,21.83));
#1549 = VECTOR('',#1550,1.);
#1550 = DIRECTION('',(0.,2.2E-16,1.));
#1551 = ORIENTED_EDGE('',*,*,#1552,.F.);
#1552 = EDGE_CURVE('',#730,#1545,#1553,.T.);
#1553 = LINE('',#1554,#1555);
#1554 = CARTESIAN_POINT('',(-37.7,28.3,23.));
#1555 = VECTOR('',#1556,1.);
#1556 = DIRECTION('',(0.,1.,-2.2E-16));
#1557 = ORIENTED_EDGE('',*,*,#737,.F.);
#1558 = PLANE('',#1559);
#1559 = AXIS2_PLACEMENT_3D('',#1560,#1561,#1562);
#1560 = CARTESIAN_POINT('',(-37.7,28.3,21.83));
#1561 = DIRECTION('',(1.,0.,0.));
#1562 = DIRECTION('',(0.,2.2E-16,1.));
#1563 = ADVANCED_FACE('',(#1564),#1575,.F.);
#1564 = FACE_BOUND('',#1565,.F.);
#1565 = EDGE_LOOP('',(#1566,#1567,#1573,#1574));
#1566 = ORIENTED_EDGE('',*,*,#1552,.T.);
#1567 = ORIENTED_EDGE('',*,*,#1568,.T.);
#1568 = EDGE_CURVE('',#1545,#1489,#1569,.T.);
#1569 = LINE('',#1570,#1571);
#1570 = CARTESIAN_POINT('',(-37.7,28.45,23.));
#1571 = VECTOR('',#1572,1.);
#1572 = DIRECTION('',(1.,0.,0.));
#1573 = ORIENTED_EDGE('',*,*,#1488,.F.);
#1574 = ORIENTED_EDGE('',*,*,#729,.F.);
#1575 = PLANE('',#1576);
#1576 = AXIS2_PLACEMENT_3D('',#1577,#1578,#1579);
#1577 = CARTESIAN_POINT('',(-37.7,28.3,23.));
#1578 = DIRECTION('',(0.,-2.2E-16,-1.));
#1579 = DIRECTION('',(1.,0.,0.));
#1580 = ADVANCED_FACE('',(#1581),#1606,.F.);
#1581 = FACE_BOUND('',#1582,.T.);
#1582 = EDGE_LOOP('',(#1583,#1591,#1599,#1605));
#1583 = ORIENTED_EDGE('',*,*,#1584,.T.);
#1584 = EDGE_CURVE('',#778,#1585,#1587,.T.);
#1585 = VERTEX_POINT('',#1586);
#1586 = CARTESIAN_POINT('',(-37.7,-28.45,23.));
#1587 = LINE('',#1588,#1589);
#1588 = CARTESIAN_POINT('',(-37.7,-28.3,23.));
#1589 = VECTOR('',#1590,1.);
#1590 = DIRECTION('',(-0.,-1.,-6.7E-16));
#1591 = ORIENTED_EDGE('',*,*,#1592,.T.);
#1592 = EDGE_CURVE('',#1585,#1593,#1595,.T.);
#1593 = VERTEX_POINT('',#1594);
#1594 = CARTESIAN_POINT('',(37.7,-28.45,23.));
#1595 = LINE('',#1596,#1597);
#1596 = CARTESIAN_POINT('',(-37.7,-28.45,23.));
#1597 = VECTOR('',#1598,1.);
#1598 = DIRECTION('',(1.,0.,0.));
#1599 = ORIENTED_EDGE('',*,*,#1600,.F.);
#1600 = EDGE_CURVE('',#780,#1593,#1601,.T.);
#1601 = LINE('',#1602,#1603);
#1602 = CARTESIAN_POINT('',(37.7,-28.3,23.));
#1603 = VECTOR('',#1604,1.);
#1604 = DIRECTION('',(-0.,-1.,-6.7E-16));
#1605 = ORIENTED_EDGE('',*,*,#777,.F.);
#1606 = PLANE('',#1607);
#1607 = AXIS2_PLACEMENT_3D('',#1608,#1609,#1610);
#1608 = CARTESIAN_POINT('',(-37.7,-28.3,23.));
#1609 = DIRECTION('',(0.,6.7E-16,-1.));
#1610 = DIRECTION('',(-1.,-0.,-0.));
#1611 = ADVANCED_FACE('',(#1612),#1630,.F.);
#1612 = FACE_BOUND('',#1613,.T.);
#1613 = EDGE_LOOP('',(#1614,#1622,#1628,#1629));
#1614 = ORIENTED_EDGE('',*,*,#1615,.T.);
#1615 = EDGE_CURVE('',#796,#1616,#1618,.T.);
#1616 = VERTEX_POINT('',#1617);
#1617 = CARTESIAN_POINT('',(-37.7,-28.45,21.83));
#1618 = LINE('',#1619,#1620);
#1619 = CARTESIAN_POINT('',(-37.7,-28.3,21.83));
#1620 = VECTOR('',#1621,1.);
#1621 = DIRECTION('',(-0.,-1.,-6.7E-16));
#1622 = ORIENTED_EDGE('',*,*,#1623,.T.);
#1623 = EDGE_CURVE('',#1616,#1585,#1624,.T.);
#1624 = LINE('',#1625,#1626);
#1625 = CARTESIAN_POINT('',(-37.7,-28.45,21.83));
#1626 = VECTOR('',#1627,1.);
#1627 = DIRECTION('',(0.,-6.7E-16,1.));
#1628 = ORIENTED_EDGE('',*,*,#1584,.F.);
#1629 = ORIENTED_EDGE('',*,*,#803,.F.);
#1630 = PLANE('',#1631);
#1631 = AXIS2_PLACEMENT_3D('',#1632,#1633,#1634);
#1632 = CARTESIAN_POINT('',(-37.7,-28.3,21.83));
#1633 = DIRECTION('',(1.,0.,0.));
#1634 = DIRECTION('',(0.,6.7E-16,-1.));
#1635 = ADVANCED_FACE('',(#1636),#1654,.F.);
#1636 = FACE_BOUND('',#1637,.T.);
#1637 = EDGE_LOOP('',(#1638,#1646,#1652,#1653));
#1638 = ORIENTED_EDGE('',*,*,#1639,.T.);
#1639 = EDGE_CURVE('',#788,#1640,#1642,.T.);
#1640 = VERTEX_POINT('',#1641);
#1641 = CARTESIAN_POINT('',(37.7,-28.45,21.83));
#1642 = LINE('',#1643,#1644);
#1643 = CARTESIAN_POINT('',(37.7,-28.3,21.83));
#1644 = VECTOR('',#1645,1.);
#1645 = DIRECTION('',(-0.,-1.,-6.7E-16));
#1646 = ORIENTED_EDGE('',*,*,#1647,.T.);
#1647 = EDGE_CURVE('',#1640,#1616,#1648,.T.);
#1648 = LINE('',#1649,#1650);
#1649 = CARTESIAN_POINT('',(37.7,-28.45,21.83));
#1650 = VECTOR('',#1651,1.);
#1651 = DIRECTION('',(-1.,0.,0.));
#1652 = ORIENTED_EDGE('',*,*,#1615,.F.);
#1653 = ORIENTED_EDGE('',*,*,#795,.F.);
#1654 = PLANE('',#1655);
#1655 = AXIS2_PLACEMENT_3D('',#1656,#1657,#1658);
#1656 = CARTESIAN_POINT('',(37.7,-28.3,21.83));
#1657 = DIRECTION('',(0.,-6.7E-16,1.));
#1658 = DIRECTION('',(1.,0.,0.));
#1659 = ADVANCED_FACE('',(#1660),#1671,.F.);
#1660 = FACE_BOUND('',#1661,.T.);
#1661 = EDGE_LOOP('',(#1662,#1663,#1669,#1670));
#1662 = ORIENTED_EDGE('',*,*,#1600,.T.);
#1663 = ORIENTED_EDGE('',*,*,#1664,.T.);
#1664 = EDGE_CURVE('',#1593,#1640,#1665,.T.);
#1665 = LINE('',#1666,#1667);
#1666 = CARTESIAN_POINT('',(37.7,-28.45,23.));
#1667 = VECTOR('',#1668,1.);
#1668 = DIRECTION('',(0.,6.7E-16,-1.));
#1669 = ORIENTED_EDGE('',*,*,#1639,.F.);
#1670 = ORIENTED_EDGE('',*,*,#787,.F.);
#1671 = PLANE('',#1672);
#1672 = AXIS2_PLACEMENT_3D('',#1673,#1674,#1675);
#1673 = CARTESIAN_POINT('',(37.7,-28.3,23.));
#1674 = DIRECTION('',(-1.,-0.,-0.));
#1675 = DIRECTION('',(0.,-6.7E-16,1.));
#1676 = ADVANCED_FACE('',(#1677),#1702,.F.);
#1677 = FACE_BOUND('',#1678,.T.);
#1678 = EDGE_LOOP('',(#1679,#1687,#1695,#1701));
#1679 = ORIENTED_EDGE('',*,*,#1680,.T.);
#1680 = EDGE_CURVE('',#829,#1681,#1683,.T.);
#1681 = VERTEX_POINT('',#1682);
#1682 = CARTESIAN_POINT('',(45.85,-20.3,23.));
#1683 = LINE('',#1684,#1685);
#1684 = CARTESIAN_POINT('',(45.7,-20.3,23.));
#1685 = VECTOR('',#1686,1.);
#1686 = DIRECTION('',(1.,-2.2E-16,2.2E-16));
#1687 = ORIENTED_EDGE('',*,*,#1688,.T.);
#1688 = EDGE_CURVE('',#1681,#1689,#1691,.T.);
#1689 = VERTEX_POINT('',#1690);
#1690 = CARTESIAN_POINT('',(45.85,20.3,23.));
#1691 = LINE('',#1692,#1693);
#1692 = CARTESIAN_POINT('',(45.85,-20.3,23.));
#1693 = VECTOR('',#1694,1.);
#1694 = DIRECTION('',(2.2E-16,1.,0.));
#1695 = ORIENTED_EDGE('',*,*,#1696,.F.);
#1696 = EDGE_CURVE('',#831,#1689,#1697,.T.);
#1697 = LINE('',#1698,#1699);
#1698 = CARTESIAN_POINT('',(45.7,20.3,23.));
#1699 = VECTOR('',#1700,1.);
#1700 = DIRECTION('',(1.,-2.2E-16,2.2E-16));
#1701 = ORIENTED_EDGE('',*,*,#828,.F.);
#1702 = PLANE('',#1703);
#1703 = AXIS2_PLACEMENT_3D('',#1704,#1705,#1706);
#1704 = CARTESIAN_POINT('',(45.7,-20.3,23.));
#1705 = DIRECTION('',(2.2E-16,0.,-1.));
#1706 = DIRECTION('',(-2.2E-16,-1.,-4.84E-32));
#1707 = ADVANCED_FACE('',(#1708),#1726,.F.);
#1708 = FACE_BOUND('',#1709,.T.);
#1709 = EDGE_LOOP('',(#1710,#1718,#1724,#1725));
#1710 = ORIENTED_EDGE('',*,*,#1711,.T.);
#1711 = EDGE_CURVE('',#847,#1712,#1714,.T.);
#1712 = VERTEX_POINT('',#1713);
#1713 = CARTESIAN_POINT('',(45.85,-20.3,21.83));
#1714 = LINE('',#1715,#1716);
#1715 = CARTESIAN_POINT('',(45.7,-20.3,21.83));
#1716 = VECTOR('',#1717,1.);
#1717 = DIRECTION('',(1.,-2.2E-16,2.2E-16));
#1718 = ORIENTED_EDGE('',*,*,#1719,.T.);
#1719 = EDGE_CURVE('',#1712,#1681,#1720,.T.);
#1720 = LINE('',#1721,#1722);
#1721 = CARTESIAN_POINT('',(45.85,-20.3,21.83));
#1722 = VECTOR('',#1723,1.);
#1723 = DIRECTION('',(-2.2E-16,0.,1.));
#1724 = ORIENTED_EDGE('',*,*,#1680,.F.);
#1725 = ORIENTED_EDGE('',*,*,#854,.F.);
#1726 = PLANE('',#1727);
#1727 = AXIS2_PLACEMENT_3D('',#1728,#1729,#1730);
#1728 = CARTESIAN_POINT('',(45.7,-20.3,21.83));
#1729 = DIRECTION('',(2.2E-16,1.,0.));
#1730 = DIRECTION('',(2.2E-16,-4.84E-32,-1.));
#1731 = ADVANCED_FACE('',(#1732),#1750,.F.);
#1732 = FACE_BOUND('',#1733,.T.);
#1733 = EDGE_LOOP('',(#1734,#1742,#1748,#1749));
#1734 = ORIENTED_EDGE('',*,*,#1735,.T.);
#1735 = EDGE_CURVE('',#839,#1736,#1738,.T.);
#1736 = VERTEX_POINT('',#1737);
#1737 = CARTESIAN_POINT('',(45.85,20.3,21.83));
#1738 = LINE('',#1739,#1740);
#1739 = CARTESIAN_POINT('',(45.7,20.3,21.83));
#1740 = VECTOR('',#1741,1.);
#1741 = DIRECTION('',(1.,-2.2E-16,2.2E-16));
#1742 = ORIENTED_EDGE('',*,*,#1743,.T.);
#1743 = EDGE_CURVE('',#1736,#1712,#1744,.T.);
#1744 = LINE('',#1745,#1746);
#1745 = CARTESIAN_POINT('',(45.85,20.3,21.83));
#1746 = VECTOR('',#1747,1.);
#1747 = DIRECTION('',(-2.2E-16,-1.,-0.));
#1748 = ORIENTED_EDGE('',*,*,#1711,.F.);
#1749 = ORIENTED_EDGE('',*,*,#846,.F.);
#1750 = PLANE('',#1751);
#1751 = AXIS2_PLACEMENT_3D('',#1752,#1753,#1754);
#1752 = CARTESIAN_POINT('',(45.7,20.3,21.83));
#1753 = DIRECTION('',(-2.2E-16,0.,1.));
#1754 = DIRECTION('',(2.2E-16,1.,4.84E-32));
#1755 = ADVANCED_FACE('',(#1756),#1767,.F.);
#1756 = FACE_BOUND('',#1757,.T.);
#1757 = EDGE_LOOP('',(#1758,#1759,#1765,#1766));
#1758 = ORIENTED_EDGE('',*,*,#1696,.T.);
#1759 = ORIENTED_EDGE('',*,*,#1760,.T.);
#1760 = EDGE_CURVE('',#1689,#1736,#1761,.T.);
#1761 = LINE('',#1762,#1763);
#1762 = CARTESIAN_POINT('',(45.85,20.3,23.));
#1763 = VECTOR('',#1764,1.);
#1764 = DIRECTION('',(2.2E-16,0.,-1.));
#1765 = ORIENTED_EDGE('',*,*,#1735,.F.);
#1766 = ORIENTED_EDGE('',*,*,#838,.F.);
#1767 = PLANE('',#1768);
#1768 = AXIS2_PLACEMENT_3D('',#1769,#1770,#1771);
#1769 = CARTESIAN_POINT('',(45.7,20.3,23.));
#1770 = DIRECTION('',(-2.2E-16,-1.,-0.));
#1771 = DIRECTION('',(-2.2E-16,4.84E-32,1.));
#1772 = ADVANCED_FACE('',(#1773,#1830),#1833,.T.);
#1773 = FACE_BOUND('',#1774,.T.);
#1774 = EDGE_LOOP('',(#1775,#1785,#1793,#1799,#1800,#1808,#1816,#1824));
#1775 = ORIENTED_EDGE('',*,*,#1776,.T.);
#1776 = EDGE_CURVE('',#1777,#1779,#1781,.T.);
#1777 = VERTEX_POINT('',#1778);
#1778 = CARTESIAN_POINT('',(35.2,26.8,0.));
#1779 = VERTEX_POINT('',#1780);
#1780 = CARTESIAN_POINT('',(35.2,26.8,8.));
#1781 = LINE('',#1782,#1783);
#1782 = CARTESIAN_POINT('',(35.2,26.8,0.));
#1783 = VECTOR('',#1784,1.);
#1784 = DIRECTION('',(0.,0.,1.));
#1785 = ORIENTED_EDGE('',*,*,#1786,.F.);
#1786 = EDGE_CURVE('',#1787,#1779,#1789,.T.);
#1787 = VERTEX_POINT('',#1788);
#1788 = CARTESIAN_POINT('',(44.2,26.8,8.));
#1789 = LINE('',#1790,#1791);
#1790 = CARTESIAN_POINT('',(44.2,26.8,8.));
#1791 = VECTOR('',#1792,1.);
#1792 = DIRECTION('',(-1.,0.,0.));
#1793 = ORIENTED_EDGE('',*,*,#1794,.T.);
#1794 = EDGE_CURVE('',#1787,#1355,#1795,.T.);
#1795 = LINE('',#1796,#1797);
#1796 = CARTESIAN_POINT('',(44.2,26.8,8.));
#1797 = VECTOR('',#1798,1.);
#1798 = DIRECTION('',(0.,0.,1.));
#1799 = ORIENTED_EDGE('',*,*,#1378,.T.);
#1800 = ORIENTED_EDGE('',*,*,#1801,.F.);
#1801 = EDGE_CURVE('',#1802,#1371,#1804,.T.);
#1802 = VERTEX_POINT('',#1803);
#1803 = CARTESIAN_POINT('',(-44.2,26.8,8.));
#1804 = LINE('',#1805,#1806);
#1805 = CARTESIAN_POINT('',(-44.2,26.8,8.));
#1806 = VECTOR('',#1807,1.);
#1807 = DIRECTION('',(0.,0.,1.));
#1808 = ORIENTED_EDGE('',*,*,#1809,.F.);
#1809 = EDGE_CURVE('',#1810,#1802,#1812,.T.);
#1810 = VERTEX_POINT('',#1811);
#1811 = CARTESIAN_POINT('',(-31.2,26.8,8.));
#1812 = LINE('',#1813,#1814);
#1813 = CARTESIAN_POINT('',(44.2,26.8,8.));
#1814 = VECTOR('',#1815,1.);
#1815 = DIRECTION('',(-1.,0.,0.));
#1816 = ORIENTED_EDGE('',*,*,#1817,.F.);
#1817 = EDGE_CURVE('',#1818,#1810,#1820,.T.);
#1818 = VERTEX_POINT('',#1819);
#1819 = CARTESIAN_POINT('',(-31.2,26.8,0.));
#1820 = LINE('',#1821,#1822);
#1821 = CARTESIAN_POINT('',(-31.2,26.8,0.));
#1822 = VECTOR('',#1823,1.);
#1823 = DIRECTION('',(0.,0.,1.));
#1824 = ORIENTED_EDGE('',*,*,#1825,.F.);
#1825 = EDGE_CURVE('',#1777,#1818,#1826,.T.);
#1826 = LINE('',#1827,#1828);
#1827 = CARTESIAN_POINT('',(44.2,26.8,0.));
#1828 = VECTOR('',#1829,1.);
#1829 = DIRECTION('',(-1.,0.,0.));
#1830 = FACE_BOUND('',#1831,.T.);
#1831 = EDGE_LOOP('',(#1832));
#1832 = ORIENTED_EDGE('',*,*,#968,.T.);
#1833 = PLANE('',#1834);
#1834 = AXIS2_PLACEMENT_3D('',#1835,#1836,#1837);
#1835 = CARTESIAN_POINT('',(0.142348754448,26.8,12.782918149466));
#1836 = DIRECTION('',(0.,-1.,2.7E-16));
#1837 = DIRECTION('',(0.,-2.7E-16,-1.));
#1838 = ADVANCED_FACE('',(#1839,#1889),#1895,.T.);
#1839 = FACE_BOUND('',#1840,.T.);
#1840 = EDGE_LOOP('',(#1841,#1851,#1859,#1865,#1866,#1867,#1875,#1883));
#1841 = ORIENTED_EDGE('',*,*,#1842,.T.);
#1842 = EDGE_CURVE('',#1843,#1845,#1847,.T.);
#1843 = VERTEX_POINT('',#1844);
#1844 = CARTESIAN_POINT('',(44.2,-17.8,0.));
#1845 = VERTEX_POINT('',#1846);
#1846 = CARTESIAN_POINT('',(44.2,-17.8,8.));
#1847 = LINE('',#1848,#1849);
#1848 = CARTESIAN_POINT('',(44.2,-17.8,0.));
#1849 = VECTOR('',#1850,1.);
#1850 = DIRECTION('',(0.,0.,1.));
#1851 = ORIENTED_EDGE('',*,*,#1852,.F.);
#1852 = EDGE_CURVE('',#1853,#1845,#1855,.T.);
#1853 = VERTEX_POINT('',#1854);
#1854 = CARTESIAN_POINT('',(44.2,-26.8,8.));
#1855 = LINE('',#1856,#1857);
#1856 = CARTESIAN_POINT('',(44.2,-26.8,8.));
#1857 = VECTOR('',#1858,1.);
#1858 = DIRECTION('',(0.,1.,0.));
#1859 = ORIENTED_EDGE('',*,*,#1860,.T.);
#1860 = EDGE_CURVE('',#1853,#1353,#1861,.T.);
#1861 = LINE('',#1862,#1863);
#1862 = CARTESIAN_POINT('',(44.2,-26.8,8.));
#1863 = VECTOR('',#1864,1.);
#1864 = DIRECTION('',(0.,0.,1.));
#1865 = ORIENTED_EDGE('',*,*,#1352,.T.);
#1866 = ORIENTED_EDGE('',*,*,#1794,.F.);
#1867 = ORIENTED_EDGE('',*,*,#1868,.F.);
#1868 = EDGE_CURVE('',#1869,#1787,#1871,.T.);
#1869 = VERTEX_POINT('',#1870);
#1870 = CARTESIAN_POINT('',(44.2,17.8,8.));
#1871 = LINE('',#1872,#1873);
#1872 = CARTESIAN_POINT('',(44.2,-26.8,8.));
#1873 = VECTOR('',#1874,1.);
#1874 = DIRECTION('',(0.,1.,0.));
#1875 = ORIENTED_EDGE('',*,*,#1876,.F.);
#1876 = EDGE_CURVE('',#1877,#1869,#1879,.T.);
#1877 = VERTEX_POINT('',#1878);
#1878 = CARTESIAN_POINT('',(44.2,17.8,0.));
#1879 = LINE('',#1880,#1881);
#1880 = CARTESIAN_POINT('',(44.2,17.8,0.));
#1881 = VECTOR('',#1882,1.);
#1882 = DIRECTION('',(0.,0.,1.));
#1883 = ORIENTED_EDGE('',*,*,#1884,.F.);
#1884 = EDGE_CURVE('',#1843,#1877,#1885,.T.);
#1885 = LINE('',#1886,#1887);
#1886 = CARTESIAN_POINT('',(44.2,-26.8,0.));
#1887 = VECTOR('',#1888,1.);
#1888 = DIRECTION('',(0.,1.,0.));
#1889 = FACE_BOUND('',#1890,.T.);
#1890 = EDGE_LOOP('',(#1891,#1892,#1893,#1894));
#1891 = ORIENTED_EDGE('',*,*,#1098,.T.);
#1892 = ORIENTED_EDGE('',*,*,#1026,.T.);
#1893 = ORIENTED_EDGE('',*,*,#1050,.T.);
#1894 = ORIENTED_EDGE('',*,*,#1074,.T.);
#1895 = PLANE('',#1896);
#1896 = AXIS2_PLACEMENT_3D('',#1897,#1898,#1899);
#1897 = CARTESIAN_POINT('',(44.2,7.3E-16,12.927835051546));
#1898 = DIRECTION('',(-1.,-0.,-0.));
#1899 = DIRECTION('',(0.,0.,-1.));
#1900 = ADVANCED_FACE('',(#1901),#1926,.F.);
#1901 = FACE_BOUND('',#1902,.F.);
#1902 = EDGE_LOOP('',(#1903,#1911,#1919,#1925));
#1903 = ORIENTED_EDGE('',*,*,#1904,.T.);
#1904 = EDGE_CURVE('',#1143,#1905,#1907,.T.);
#1905 = VERTEX_POINT('',#1906);
#1906 = CARTESIAN_POINT('',(-19.7,-26.8,9.61));
#1907 = LINE('',#1908,#1909);
#1908 = CARTESIAN_POINT('',(-19.7,-29.8,9.61));
#1909 = VECTOR('',#1910,1.);
#1910 = DIRECTION('',(0.,1.,9.547918011776E-15));
#1911 = ORIENTED_EDGE('',*,*,#1912,.T.);
#1912 = EDGE_CURVE('',#1905,#1913,#1915,.T.);
#1913 = VERTEX_POINT('',#1914);
#1914 = CARTESIAN_POINT('',(-12.5,-26.8,9.61));
#1915 = LINE('',#1916,#1917);
#1916 = CARTESIAN_POINT('',(-19.7,-26.8,9.61));
#1917 = VECTOR('',#1918,1.);
#1918 = DIRECTION('',(1.,0.,0.));
#1919 = ORIENTED_EDGE('',*,*,#1920,.F.);
#1920 = EDGE_CURVE('',#1152,#1913,#1921,.T.);
#1921 = LINE('',#1922,#1923);
#1922 = CARTESIAN_POINT('',(-12.5,-29.8,9.61));
#1923 = VECTOR('',#1924,1.);
#1924 = DIRECTION('',(0.,1.,9.547918011776E-15));
#1925 = ORIENTED_EDGE('',*,*,#1151,.F.);
#1926 = PLANE('',#1927);
#1927 = AXIS2_PLACEMENT_3D('',#1928,#1929,#1930);
#1928 = CARTESIAN_POINT('',(-19.7,-29.8,9.61));
#1929 = DIRECTION('',(0.,9.547918011776E-15,-1.));
#1930 = DIRECTION('',(1.,0.,0.));
#1931 = ADVANCED_FACE('',(#1932),#1951,.F.);
#1932 = FACE_BOUND('',#1933,.F.);
#1933 = EDGE_LOOP('',(#1934,#1942,#1949,#1950));
#1934 = ORIENTED_EDGE('',*,*,#1935,.T.);
#1935 = EDGE_CURVE('',#1176,#1936,#1938,.T.);
#1936 = VERTEX_POINT('',#1937);
#1937 = CARTESIAN_POINT('',(-20.7,-26.8,10.61));
#1938 = LINE('',#1939,#1940);
#1939 = CARTESIAN_POINT('',(-20.7,-29.8,10.61));
#1940 = VECTOR('',#1941,1.);
#1941 = DIRECTION('',(0.,1.,9.547918011776E-15));
#1942 = ORIENTED_EDGE('',*,*,#1943,.T.);
#1943 = EDGE_CURVE('',#1936,#1905,#1944,.T.);
#1944 = CIRCLE('',#1945,1.);
#1945 = AXIS2_PLACEMENT_3D('',#1946,#1947,#1948);
#1946 = CARTESIAN_POINT('',(-19.7,-26.8,10.61));
#1947 = DIRECTION('',(0.,-1.,-9.547918011776E-15));
#1948 = DIRECTION('',(1.,0.,0.));
#1949 = ORIENTED_EDGE('',*,*,#1904,.F.);
#1950 = ORIENTED_EDGE('',*,*,#1186,.F.);
#1951 = CYLINDRICAL_SURFACE('',#1952,1.);
#1952 = AXIS2_PLACEMENT_3D('',#1953,#1954,#1955);
#1953 = CARTESIAN_POINT('',(-19.7,-29.8,10.61));
#1954 = DIRECTION('',(0.,-1.,-9.547918011776E-15));
#1955 = DIRECTION('',(1.,0.,0.));
#1956 = ADVANCED_FACE('',(#1957),#1976,.F.);
#1957 = FACE_BOUND('',#1958,.F.);
#1958 = EDGE_LOOP('',(#1959,#1960,#1969,#1975));
#1959 = ORIENTED_EDGE('',*,*,#1920,.T.);
#1960 = ORIENTED_EDGE('',*,*,#1961,.T.);
#1961 = EDGE_CURVE('',#1913,#1962,#1964,.T.);
#1962 = VERTEX_POINT('',#1963);
#1963 = CARTESIAN_POINT('',(-11.5,-26.8,10.61));
#1964 = CIRCLE('',#1965,1.);
#1965 = AXIS2_PLACEMENT_3D('',#1966,#1967,#1968);
#1966 = CARTESIAN_POINT('',(-12.5,-26.8,10.61));
#1967 = DIRECTION('',(0.,-1.,-9.547918011776E-15));
#1968 = DIRECTION('',(1.,0.,0.));
#1969 = ORIENTED_EDGE('',*,*,#1970,.F.);
#1970 = EDGE_CURVE('',#1204,#1962,#1971,.T.);
#1971 = LINE('',#1972,#1973);
#1972 = CARTESIAN_POINT('',(-11.5,-29.8,10.61));
#1973 = VECTOR('',#1974,1.);
#1974 = DIRECTION('',(0.,1.,9.547918011776E-15));
#1975 = ORIENTED_EDGE('',*,*,#1212,.F.);
#1976 = CYLINDRICAL_SURFACE('',#1977,1.);
#1977 = AXIS2_PLACEMENT_3D('',#1978,#1979,#1980);
#1978 = CARTESIAN_POINT('',(-12.5,-29.8,10.61));
#1979 = DIRECTION('',(0.,-1.,-9.547918011776E-15));
#1980 = DIRECTION('',(1.,0.,0.));
#1981 = ADVANCED_FACE('',(#1982),#2000,.F.);
#1982 = FACE_BOUND('',#1983,.F.);
#1983 = EDGE_LOOP('',(#1984,#1992,#1998,#1999));
#1984 = ORIENTED_EDGE('',*,*,#1985,.T.);
#1985 = EDGE_CURVE('',#1228,#1986,#1988,.T.);
#1986 = VERTEX_POINT('',#1987);
#1987 = CARTESIAN_POINT('',(-20.7,-26.8,12.21));
#1988 = LINE('',#1989,#1990);
#1989 = CARTESIAN_POINT('',(-20.7,-29.8,12.21));
#1990 = VECTOR('',#1991,1.);
#1991 = DIRECTION('',(0.,1.,9.547918011776E-15));
#1992 = ORIENTED_EDGE('',*,*,#1993,.T.);
#1993 = EDGE_CURVE('',#1986,#1936,#1994,.T.);
#1994 = LINE('',#1995,#1996);
#1995 = CARTESIAN_POINT('',(-20.7,-26.8,12.21));
#1996 = VECTOR('',#1997,1.);
#1997 = DIRECTION('',(0.,9.547918011776E-15,-1.));
#1998 = ORIENTED_EDGE('',*,*,#1935,.F.);
#1999 = ORIENTED_EDGE('',*,*,#1236,.F.);
#2000 = PLANE('',#2001);
#2001 = AXIS2_PLACEMENT_3D('',#2002,#2003,#2004);
#2002 = CARTESIAN_POINT('',(-20.7,-29.8,12.21));
#2003 = DIRECTION('',(-1.,0.,0.));
#2004 = DIRECTION('',(0.,9.547918011776E-15,-1.));
#2005 = ADVANCED_FACE('',(#2006),#2024,.F.);
#2006 = FACE_BOUND('',#2007,.F.);
#2007 = EDGE_LOOP('',(#2008,#2009,#2017,#2023));
#2008 = ORIENTED_EDGE('',*,*,#1970,.T.);
#2009 = ORIENTED_EDGE('',*,*,#2010,.T.);
#2010 = EDGE_CURVE('',#1962,#2011,#2013,.T.);
#2011 = VERTEX_POINT('',#2012);
#2012 = CARTESIAN_POINT('',(-11.5,-26.8,12.21));
#2013 = LINE('',#2014,#2015);
#2014 = CARTESIAN_POINT('',(-11.5,-26.8,10.61));
#2015 = VECTOR('',#2016,1.);
#2016 = DIRECTION('',(0.,-9.547918011776E-15,1.));
#2017 = ORIENTED_EDGE('',*,*,#2018,.F.);
#2018 = EDGE_CURVE('',#1254,#2011,#2019,.T.);
#2019 = LINE('',#2020,#2021);
#2020 = CARTESIAN_POINT('',(-11.5,-29.8,12.21));
#2021 = VECTOR('',#2022,1.);
#2022 = DIRECTION('',(0.,1.,9.547918011776E-15));
#2023 = ORIENTED_EDGE('',*,*,#1253,.F.);
#2024 = PLANE('',#2025);
#2025 = AXIS2_PLACEMENT_3D('',#2026,#2027,#2028);
#2026 = CARTESIAN_POINT('',(-11.5,-29.8,10.61));
#2027 = DIRECTION('',(1.,0.,0.));
#2028 = DIRECTION('',(0.,-9.547918011776E-15,1.));
#2029 = ADVANCED_FACE('',(#2030),#2049,.F.);
#2030 = FACE_BOUND('',#2031,.F.);
#2031 = EDGE_LOOP('',(#2032,#2040,#2047,#2048));
#2032 = ORIENTED_EDGE('',*,*,#2033,.T.);
#2033 = EDGE_CURVE('',#1278,#2034,#2036,.T.);
#2034 = VERTEX_POINT('',#2035);
#2035 = CARTESIAN_POINT('',(-19.7,-26.8,13.21));
#2036 = LINE('',#2037,#2038);
#2037 = CARTESIAN_POINT('',(-19.7,-29.8,13.21));
#2038 = VECTOR('',#2039,1.);
#2039 = DIRECTION('',(0.,1.,9.547918011776E-15));
#2040 = ORIENTED_EDGE('',*,*,#2041,.T.);
#2041 = EDGE_CURVE('',#2034,#1986,#2042,.T.);
#2042 = CIRCLE('',#2043,1.);
#2043 = AXIS2_PLACEMENT_3D('',#2044,#2045,#2046);
#2044 = CARTESIAN_POINT('',(-19.7,-26.8,12.21));
#2045 = DIRECTION('',(0.,-1.,-9.547918011776E-15));
#2046 = DIRECTION('',(1.,0.,0.));
#2047 = ORIENTED_EDGE('',*,*,#1985,.F.);
#2048 = ORIENTED_EDGE('',*,*,#1288,.F.);
#2049 = CYLINDRICAL_SURFACE('',#2050,1.);
#2050 = AXIS2_PLACEMENT_3D('',#2051,#2052,#2053);
#2051 = CARTESIAN_POINT('',(-19.7,-29.8,12.21));
#2052 = DIRECTION('',(0.,-1.,-9.547918011776E-15));
#2053 = DIRECTION('',(1.,0.,0.));
#2054 = ADVANCED_FACE('',(#2055),#2074,.F.);
#2055 = FACE_BOUND('',#2056,.F.);
#2056 = EDGE_LOOP('',(#2057,#2058,#2067,#2073));
#2057 = ORIENTED_EDGE('',*,*,#2018,.T.);
#2058 = ORIENTED_EDGE('',*,*,#2059,.T.);
#2059 = EDGE_CURVE('',#2011,#2060,#2062,.T.);
#2060 = VERTEX_POINT('',#2061);
#2061 = CARTESIAN_POINT('',(-12.5,-26.8,13.21));
#2062 = CIRCLE('',#2063,1.);
#2063 = AXIS2_PLACEMENT_3D('',#2064,#2065,#2066);
#2064 = CARTESIAN_POINT('',(-12.5,-26.8,12.21));
#2065 = DIRECTION('',(0.,-1.,-9.547918011776E-15));
#2066 = DIRECTION('',(1.,0.,0.));
#2067 = ORIENTED_EDGE('',*,*,#2068,.F.);
#2068 = EDGE_CURVE('',#1306,#2060,#2069,.T.);
#2069 = LINE('',#2070,#2071);
#2070 = CARTESIAN_POINT('',(-12.5,-29.8,13.21));
#2071 = VECTOR('',#2072,1.);
#2072 = DIRECTION('',(0.,1.,9.547918011776E-15));
#2073 = ORIENTED_EDGE('',*,*,#1314,.F.);
#2074 = CYLINDRICAL_SURFACE('',#2075,1.);
#2075 = AXIS2_PLACEMENT_3D('',#2076,#2077,#2078);
#2076 = CARTESIAN_POINT('',(-12.5,-29.8,12.21));
#2077 = DIRECTION('',(0.,-1.,-9.547918011776E-15));
#2078 = DIRECTION('',(1.,0.,0.));
#2079 = ADVANCED_FACE('',(#2080),#2091,.F.);
#2080 = FACE_BOUND('',#2081,.F.);
#2081 = EDGE_LOOP('',(#2082,#2083,#2089,#2090));
#2082 = ORIENTED_EDGE('',*,*,#2068,.T.);
#2083 = ORIENTED_EDGE('',*,*,#2084,.T.);
#2084 = EDGE_CURVE('',#2060,#2034,#2085,.T.);
#2085 = LINE('',#2086,#2087);
#2086 = CARTESIAN_POINT('',(-12.5,-26.8,13.21));
#2087 = VECTOR('',#2088,1.);
#2088 = DIRECTION('',(-1.,-0.,0.));
#2089 = ORIENTED_EDGE('',*,*,#2033,.F.);
#2090 = ORIENTED_EDGE('',*,*,#1330,.F.);
#2091 = PLANE('',#2092);
#2092 = AXIS2_PLACEMENT_3D('',#2093,#2094,#2095);
#2093 = CARTESIAN_POINT('',(-12.5,-29.8,13.21));
#2094 = DIRECTION('',(0.,-9.547918011776E-15,1.));
#2095 = DIRECTION('',(-1.,0.,0.));
#2096 = ADVANCED_FACE('',(#2097,#2147),#2157,.T.);
#2097 = FACE_BOUND('',#2098,.T.);
#2098 = EDGE_LOOP('',(#2099,#2109,#2117,#2123,#2124,#2125,#2133,#2141));
#2099 = ORIENTED_EDGE('',*,*,#2100,.T.);
#2100 = EDGE_CURVE('',#2101,#2103,#2105,.T.);
#2101 = VERTEX_POINT('',#2102);
#2102 = CARTESIAN_POINT('',(-31.2,-26.8,0.));
#2103 = VERTEX_POINT('',#2104);
#2104 = CARTESIAN_POINT('',(-31.2,-26.8,8.));
#2105 = LINE('',#2106,#2107);
#2106 = CARTESIAN_POINT('',(-31.2,-26.8,0.));
#2107 = VECTOR('',#2108,1.);
#2108 = DIRECTION('',(0.,0.,1.));
#2109 = ORIENTED_EDGE('',*,*,#2110,.F.);
#2110 = EDGE_CURVE('',#2111,#2103,#2113,.T.);
#2111 = VERTEX_POINT('',#2112);
#2112 = CARTESIAN_POINT('',(-44.2,-26.8,8.));
#2113 = LINE('',#2114,#2115);
#2114 = CARTESIAN_POINT('',(-44.2,-26.8,8.));
#2115 = VECTOR('',#2116,1.);
#2116 = DIRECTION('',(1.,0.,0.));
#2117 = ORIENTED_EDGE('',*,*,#2118,.T.);
#2118 = EDGE_CURVE('',#2111,#1363,#2119,.T.);
#2119 = LINE('',#2120,#2121);
#2120 = CARTESIAN_POINT('',(-44.2,-26.8,8.));
#2121 = VECTOR('',#2122,1.);
#2122 = DIRECTION('',(0.,0.,1.));
#2123 = ORIENTED_EDGE('',*,*,#1362,.T.);
#2124 = ORIENTED_EDGE('',*,*,#1860,.F.);
#2125 = ORIENTED_EDGE('',*,*,#2126,.F.);
#2126 = EDGE_CURVE('',#2127,#1853,#2129,.T.);
#2127 = VERTEX_POINT('',#2128);
#2128 = CARTESIAN_POINT('',(35.2,-26.8,8.));
#2129 = LINE('',#2130,#2131);
#2130 = CARTESIAN_POINT('',(-44.2,-26.8,8.));
#2131 = VECTOR('',#2132,1.);
#2132 = DIRECTION('',(1.,0.,0.));
#2133 = ORIENTED_EDGE('',*,*,#2134,.F.);
#2134 = EDGE_CURVE('',#2135,#2127,#2137,.T.);
#2135 = VERTEX_POINT('',#2136);
#2136 = CARTESIAN_POINT('',(35.2,-26.8,0.));
#2137 = LINE('',#2138,#2139);
#2138 = CARTESIAN_POINT('',(35.2,-26.8,0.));
#2139 = VECTOR('',#2140,1.);
#2140 = DIRECTION('',(0.,0.,1.));
#2141 = ORIENTED_EDGE('',*,*,#2142,.F.);
#2142 = EDGE_CURVE('',#2101,#2135,#2143,.T.);
#2143 = LINE('',#2144,#2145);
#2144 = CARTESIAN_POINT('',(-44.2,-26.8,0.));
#2145 = VECTOR('',#2146,1.);
#2146 = DIRECTION('',(1.,0.,0.));
#2147 = FACE_BOUND('',#2148,.T.);
#2148 = EDGE_LOOP('',(#2149,#2150,#2151,#2152,#2153,#2154,#2155,#2156));
#2149 = ORIENTED_EDGE('',*,*,#2041,.T.);
#2150 = ORIENTED_EDGE('',*,*,#1993,.T.);
#2151 = ORIENTED_EDGE('',*,*,#1943,.T.);
#2152 = ORIENTED_EDGE('',*,*,#1912,.T.);
#2153 = ORIENTED_EDGE('',*,*,#1961,.T.);
#2154 = ORIENTED_EDGE('',*,*,#2010,.T.);
#2155 = ORIENTED_EDGE('',*,*,#2059,.T.);
#2156 = ORIENTED_EDGE('',*,*,#2084,.T.);
#2157 = PLANE('',#2158);
#2158 = AXIS2_PLACEMENT_3D('',#2159,#2160,#2161);
#2159 = CARTESIAN_POINT('',(0.142348754448,-26.8,12.782918149466));
#2160 = DIRECTION('',(0.,1.,0.));
#2161 = DIRECTION('',(0.,0.,1.));
#2162 = ADVANCED_FACE('',(#2163),#2206,.T.);
#2163 = FACE_BOUND('',#2164,.T.);
#2164 = EDGE_LOOP('',(#2165,#2175,#2181,#2182,#2183,#2184,#2192,#2200));
#2165 = ORIENTED_EDGE('',*,*,#2166,.T.);
#2166 = EDGE_CURVE('',#2167,#2169,#2171,.T.);
#2167 = VERTEX_POINT('',#2168);
#2168 = CARTESIAN_POINT('',(-44.2,17.8,0.));
#2169 = VERTEX_POINT('',#2170);
#2170 = CARTESIAN_POINT('',(-44.2,17.8,8.));
#2171 = LINE('',#2172,#2173);
#2172 = CARTESIAN_POINT('',(-44.2,17.8,0.));
#2173 = VECTOR('',#2174,1.);
#2174 = DIRECTION('',(0.,0.,1.));
#2175 = ORIENTED_EDGE('',*,*,#2176,.F.);
#2176 = EDGE_CURVE('',#1802,#2169,#2177,.T.);
#2177 = LINE('',#2178,#2179);
#2178 = CARTESIAN_POINT('',(-44.2,26.8,8.));
#2179 = VECTOR('',#2180,1.);
#2180 = DIRECTION('',(0.,-1.,0.));
#2181 = ORIENTED_EDGE('',*,*,#1801,.T.);
#2182 = ORIENTED_EDGE('',*,*,#1370,.T.);
#2183 = ORIENTED_EDGE('',*,*,#2118,.F.);
#2184 = ORIENTED_EDGE('',*,*,#2185,.F.);
#2185 = EDGE_CURVE('',#2186,#2111,#2188,.T.);
#2186 = VERTEX_POINT('',#2187);
#2187 = CARTESIAN_POINT('',(-44.2,-17.8,8.));
#2188 = LINE('',#2189,#2190);
#2189 = CARTESIAN_POINT('',(-44.2,26.8,8.));
#2190 = VECTOR('',#2191,1.);
#2191 = DIRECTION('',(0.,-1.,0.));
#2192 = ORIENTED_EDGE('',*,*,#2193,.F.);
#2193 = EDGE_CURVE('',#2194,#2186,#2196,.T.);
#2194 = VERTEX_POINT('',#2195);
#2195 = CARTESIAN_POINT('',(-44.2,-17.8,0.));
#2196 = LINE('',#2197,#2198);
#2197 = CARTESIAN_POINT('',(-44.2,-17.8,0.));
#2198 = VECTOR('',#2199,1.);
#2199 = DIRECTION('',(0.,0.,1.));
#2200 = ORIENTED_EDGE('',*,*,#2201,.F.);
#2201 = EDGE_CURVE('',#2167,#2194,#2202,.T.);
#2202 = LINE('',#2203,#2204);
#2203 = CARTESIAN_POINT('',(-44.2,26.8,0.));
#2204 = VECTOR('',#2205,1.);
#2205 = DIRECTION('',(0.,-1.,0.));
#2206 = PLANE('',#2207);
#2207 = AXIS2_PLACEMENT_3D('',#2208,#2209,#2210);
#2208 = CARTESIAN_POINT('',(-44.2,-3.7E-16,12.927835051546));
#2209 = DIRECTION('',(1.,0.,0.));
#2210 = DIRECTION('',(0.,0.,1.));
#2211 = ADVANCED_FACE('',(#2212),#2239,.T.);
#2212 = FACE_BOUND('',#2213,.F.);
#2213 = EDGE_LOOP('',(#2214,#2223,#2231,#2238));
#2214 = ORIENTED_EDGE('',*,*,#2215,.T.);
#2215 = EDGE_CURVE('',#1393,#2216,#2218,.T.);
#2216 = VERTEX_POINT('',#2217);
#2217 = CARTESIAN_POINT('',(-46.3,19.85,22.55));
#2218 = ELLIPSE('',#2219,0.636396103068,0.45);
#2219 = AXIS2_PLACEMENT_3D('',#2220,#2221,#2222);
#2220 = CARTESIAN_POINT('',(-45.85,19.85,22.55));
#2221 = DIRECTION('',(0.,-0.707106781187,0.707106781187));
#2222 = DIRECTION('',(0.,0.707106781187,0.707106781187));
#2223 = ORIENTED_EDGE('',*,*,#2224,.T.);
#2224 = EDGE_CURVE('',#2216,#2225,#2227,.T.);
#2225 = VERTEX_POINT('',#2226);
#2226 = CARTESIAN_POINT('',(-46.3,19.85,22.28));
#2227 = LINE('',#2228,#2229);
#2228 = CARTESIAN_POINT('',(-46.3,19.85,23.));
#2229 = VECTOR('',#2230,1.);
#2230 = DIRECTION('',(0.,0.,-1.));
#2231 = ORIENTED_EDGE('',*,*,#2232,.F.);
#2232 = EDGE_CURVE('',#1401,#2225,#2233,.T.);
#2233 = ELLIPSE('',#2234,0.636396103068,0.45);
#2234 = AXIS2_PLACEMENT_3D('',#2235,#2236,#2237);
#2235 = CARTESIAN_POINT('',(-45.85,19.85,22.28));
#2236 = DIRECTION('',(-0.,0.707106781187,0.707106781187));
#2237 = DIRECTION('',(0.,-0.707106781187,0.707106781187));
#2238 = ORIENTED_EDGE('',*,*,#1400,.F.);
#2239 = CYLINDRICAL_SURFACE('',#2240,0.45);
#2240 = AXIS2_PLACEMENT_3D('',#2241,#2242,#2243);
#2241 = CARTESIAN_POINT('',(-45.85,19.85,23.));
#2242 = DIRECTION('',(0.,0.,-1.));
#2243 = DIRECTION('',(0.,1.,0.));
#2244 = ADVANCED_FACE('',(#2245),#2264,.T.);
#2245 = FACE_BOUND('',#2246,.F.);
#2246 = EDGE_LOOP('',(#2247,#2248,#2256,#2263));
#2247 = ORIENTED_EDGE('',*,*,#2232,.T.);
#2248 = ORIENTED_EDGE('',*,*,#2249,.T.);
#2249 = EDGE_CURVE('',#2225,#2250,#2252,.T.);
#2250 = VERTEX_POINT('',#2251);
#2251 = CARTESIAN_POINT('',(-46.3,-19.85,22.28));
#2252 = LINE('',#2253,#2254);
#2253 = CARTESIAN_POINT('',(-46.3,20.3,22.28));
#2254 = VECTOR('',#2255,1.);
#2255 = DIRECTION('',(0.,-1.,0.));
#2256 = ORIENTED_EDGE('',*,*,#2257,.F.);
#2257 = EDGE_CURVE('',#1425,#2250,#2258,.T.);
#2258 = ELLIPSE('',#2259,0.636396103068,0.45);
#2259 = AXIS2_PLACEMENT_3D('',#2260,#2261,#2262);
#2260 = CARTESIAN_POINT('',(-45.85,-19.85,22.28));
#2261 = DIRECTION('',(0.,0.707106781187,-0.707106781187));
#2262 = DIRECTION('',(0.,-0.707106781187,-0.707106781187));
#2263 = ORIENTED_EDGE('',*,*,#1424,.F.);
#2264 = CYLINDRICAL_SURFACE('',#2265,0.45);
#2265 = AXIS2_PLACEMENT_3D('',#2266,#2267,#2268);
#2266 = CARTESIAN_POINT('',(-45.85,20.3,22.28));
#2267 = DIRECTION('',(0.,-1.,0.));
#2268 = DIRECTION('',(0.,0.,-1.));
#2269 = ADVANCED_FACE('',(#2270),#2289,.T.);
#2270 = FACE_BOUND('',#2271,.F.);
#2271 = EDGE_LOOP('',(#2272,#2273,#2281,#2288));
#2272 = ORIENTED_EDGE('',*,*,#2257,.T.);
#2273 = ORIENTED_EDGE('',*,*,#2274,.T.);
#2274 = EDGE_CURVE('',#2250,#2275,#2277,.T.);
#2275 = VERTEX_POINT('',#2276);
#2276 = CARTESIAN_POINT('',(-46.3,-19.85,22.55));
#2277 = LINE('',#2278,#2279);
#2278 = CARTESIAN_POINT('',(-46.3,-19.85,21.83));
#2279 = VECTOR('',#2280,1.);
#2280 = DIRECTION('',(0.,0.,1.));
#2281 = ORIENTED_EDGE('',*,*,#2282,.F.);
#2282 = EDGE_CURVE('',#1449,#2275,#2283,.T.);
#2283 = ELLIPSE('',#2284,0.636396103068,0.45);
#2284 = AXIS2_PLACEMENT_3D('',#2285,#2286,#2287);
#2285 = CARTESIAN_POINT('',(-45.85,-19.85,22.55));
#2286 = DIRECTION('',(0.,-0.707106781187,-0.707106781187));
#2287 = DIRECTION('',(0.,0.707106781187,-0.707106781187));
#2288 = ORIENTED_EDGE('',*,*,#1448,.F.);
#2289 = CYLINDRICAL_SURFACE('',#2290,0.45);
#2290 = AXIS2_PLACEMENT_3D('',#2291,#2292,#2293);
#2291 = CARTESIAN_POINT('',(-45.85,-19.85,21.83));
#2292 = DIRECTION('',(0.,0.,1.));
#2293 = DIRECTION('',(0.,-1.,0.));
#2294 = ADVANCED_FACE('',(#2295),#2306,.T.);
#2295 = FACE_BOUND('',#2296,.F.);
#2296 = EDGE_LOOP('',(#2297,#2298,#2304,#2305));
#2297 = ORIENTED_EDGE('',*,*,#2282,.T.);
#2298 = ORIENTED_EDGE('',*,*,#2299,.T.);
#2299 = EDGE_CURVE('',#2275,#2216,#2300,.T.);
#2300 = LINE('',#2301,#2302);
#2301 = CARTESIAN_POINT('',(-46.3,-20.3,22.55));
#2302 = VECTOR('',#2303,1.);
#2303 = DIRECTION('',(0.,1.,0.));
#2304 = ORIENTED_EDGE('',*,*,#2215,.F.);
#2305 = ORIENTED_EDGE('',*,*,#1472,.F.);
#2306 = CYLINDRICAL_SURFACE('',#2307,0.45);
#2307 = AXIS2_PLACEMENT_3D('',#2308,#2309,#2310);
#2308 = CARTESIAN_POINT('',(-45.85,-20.3,22.55));
#2309 = DIRECTION('',(0.,1.,0.));
#2310 = DIRECTION('',(0.,0.,1.));
#2311 = ADVANCED_FACE('',(#2312),#2339,.T.);
#2312 = FACE_BOUND('',#2313,.F.);
#2313 = EDGE_LOOP('',(#2314,#2323,#2331,#2338));
#2314 = ORIENTED_EDGE('',*,*,#2315,.T.);
#2315 = EDGE_CURVE('',#1489,#2316,#2318,.T.);
#2316 = VERTEX_POINT('',#2317);
#2317 = CARTESIAN_POINT('',(37.25,28.9,22.55));
#2318 = ELLIPSE('',#2319,0.636396103068,0.45);
#2319 = AXIS2_PLACEMENT_3D('',#2320,#2321,#2322);
#2320 = CARTESIAN_POINT('',(37.25,28.45,22.55));
#2321 = DIRECTION('',(-0.707106781187,1.6E-16,0.707106781187));
#2322 = DIRECTION('',(0.707106781187,1.6E-16,0.707106781187));
#2323 = ORIENTED_EDGE('',*,*,#2324,.T.);
#2324 = EDGE_CURVE('',#2316,#2325,#2327,.T.);
#2325 = VERTEX_POINT('',#2326);
#2326 = CARTESIAN_POINT('',(37.25,28.9,22.28));
#2327 = LINE('',#2328,#2329);
#2328 = CARTESIAN_POINT('',(37.25,28.9,23.));
#2329 = VECTOR('',#2330,1.);
#2330 = DIRECTION('',(0.,-2.2E-16,-1.));
#2331 = ORIENTED_EDGE('',*,*,#2332,.F.);
#2332 = EDGE_CURVE('',#1497,#2325,#2333,.T.);
#2333 = ELLIPSE('',#2334,0.636396103068,0.45);
#2334 = AXIS2_PLACEMENT_3D('',#2335,#2336,#2337);
#2335 = CARTESIAN_POINT('',(37.25,28.45,22.28));
#2336 = DIRECTION('',(0.707106781187,1.6E-16,0.707106781187));
#2337 = DIRECTION('',(-0.707106781187,1.6E-16,0.707106781187));
#2338 = ORIENTED_EDGE('',*,*,#1496,.F.);
#2339 = CYLINDRICAL_SURFACE('',#2340,0.45);
#2340 = AXIS2_PLACEMENT_3D('',#2341,#2342,#2343);
#2341 = CARTESIAN_POINT('',(37.25,28.45,23.));
#2342 = DIRECTION('',(0.,-2.2E-16,-1.));
#2343 = DIRECTION('',(1.,0.,0.));
#2344 = ADVANCED_FACE('',(#2345),#2364,.T.);
#2345 = FACE_BOUND('',#2346,.F.);
#2346 = EDGE_LOOP('',(#2347,#2348,#2356,#2363));
#2347 = ORIENTED_EDGE('',*,*,#2332,.T.);
#2348 = ORIENTED_EDGE('',*,*,#2349,.T.);
#2349 = EDGE_CURVE('',#2325,#2350,#2352,.T.);
#2350 = VERTEX_POINT('',#2351);
#2351 = CARTESIAN_POINT('',(-37.25,28.9,22.28));
#2352 = LINE('',#2353,#2354);
#2353 = CARTESIAN_POINT('',(37.7,28.9,22.28));
#2354 = VECTOR('',#2355,1.);
#2355 = DIRECTION('',(-1.,0.,0.));
#2356 = ORIENTED_EDGE('',*,*,#2357,.F.);
#2357 = EDGE_CURVE('',#1521,#2350,#2358,.T.);
#2358 = ELLIPSE('',#2359,0.636396103068,0.45);
#2359 = AXIS2_PLACEMENT_3D('',#2360,#2361,#2362);
#2360 = CARTESIAN_POINT('',(-37.25,28.45,22.28));
#2361 = DIRECTION('',(0.707106781187,-1.6E-16,-0.707106781187));
#2362 = DIRECTION('',(-0.707106781187,-1.6E-16,-0.707106781187));
#2363 = ORIENTED_EDGE('',*,*,#1520,.F.);
#2364 = CYLINDRICAL_SURFACE('',#2365,0.45);
#2365 = AXIS2_PLACEMENT_3D('',#2366,#2367,#2368);
#2366 = CARTESIAN_POINT('',(37.7,28.45,22.28));
#2367 = DIRECTION('',(-1.,0.,0.));
#2368 = DIRECTION('',(-0.,-2.2E-16,-1.));
#2369 = ADVANCED_FACE('',(#2370),#2389,.T.);
#2370 = FACE_BOUND('',#2371,.F.);
#2371 = EDGE_LOOP('',(#2372,#2373,#2381,#2388));
#2372 = ORIENTED_EDGE('',*,*,#2357,.T.);
#2373 = ORIENTED_EDGE('',*,*,#2374,.T.);
#2374 = EDGE_CURVE('',#2350,#2375,#2377,.T.);
#2375 = VERTEX_POINT('',#2376);
#2376 = CARTESIAN_POINT('',(-37.25,28.9,22.55));
#2377 = LINE('',#2378,#2379);
#2378 = CARTESIAN_POINT('',(-37.25,28.9,21.83));
#2379 = VECTOR('',#2380,1.);
#2380 = DIRECTION('',(0.,2.2E-16,1.));
#2381 = ORIENTED_EDGE('',*,*,#2382,.F.);
#2382 = EDGE_CURVE('',#1545,#2375,#2383,.T.);
#2383 = ELLIPSE('',#2384,0.636396103068,0.45);
#2384 = AXIS2_PLACEMENT_3D('',#2385,#2386,#2387);
#2385 = CARTESIAN_POINT('',(-37.25,28.45,22.55));
#2386 = DIRECTION('',(-0.707106781187,-1.6E-16,-0.707106781187));
#2387 = DIRECTION('',(0.707106781187,-1.6E-16,-0.707106781187));
#2388 = ORIENTED_EDGE('',*,*,#1544,.F.);
#2389 = CYLINDRICAL_SURFACE('',#2390,0.45);
#2390 = AXIS2_PLACEMENT_3D('',#2391,#2392,#2393);
#2391 = CARTESIAN_POINT('',(-37.25,28.45,21.83));
#2392 = DIRECTION('',(0.,2.2E-16,1.));
#2393 = DIRECTION('',(-1.,0.,0.));
#2394 = ADVANCED_FACE('',(#2395),#2406,.T.);
#2395 = FACE_BOUND('',#2396,.F.);
#2396 = EDGE_LOOP('',(#2397,#2398,#2404,#2405));
#2397 = ORIENTED_EDGE('',*,*,#2382,.T.);
#2398 = ORIENTED_EDGE('',*,*,#2399,.T.);
#2399 = EDGE_CURVE('',#2375,#2316,#2400,.T.);
#2400 = LINE('',#2401,#2402);
#2401 = CARTESIAN_POINT('',(-37.7,28.9,22.55));
#2402 = VECTOR('',#2403,1.);
#2403 = DIRECTION('',(1.,0.,0.));
#2404 = ORIENTED_EDGE('',*,*,#2315,.F.);
#2405 = ORIENTED_EDGE('',*,*,#1568,.F.);
#2406 = CYLINDRICAL_SURFACE('',#2407,0.45);
#2407 = AXIS2_PLACEMENT_3D('',#2408,#2409,#2410);
#2408 = CARTESIAN_POINT('',(-37.7,28.45,22.55));
#2409 = DIRECTION('',(1.,0.,0.));
#2410 = DIRECTION('',(0.,2.2E-16,1.));
#2411 = ADVANCED_FACE('',(#2412),#2439,.T.);
#2412 = FACE_BOUND('',#2413,.T.);
#2413 = EDGE_LOOP('',(#2414,#2423,#2431,#2438));
#2414 = ORIENTED_EDGE('',*,*,#2415,.T.);
#2415 = EDGE_CURVE('',#1585,#2416,#2418,.T.);
#2416 = VERTEX_POINT('',#2417);
#2417 = CARTESIAN_POINT('',(-37.25,-28.9,22.55));
#2418 = ELLIPSE('',#2419,0.636396103068,0.45);
#2419 = AXIS2_PLACEMENT_3D('',#2420,#2421,#2422);
#2420 = CARTESIAN_POINT('',(-37.25,-28.45,22.55));
#2421 = DIRECTION('',(0.707106781187,-4.7E-16,0.707106781187));
#2422 = DIRECTION('',(0.707106781187,4.7E-16,-0.707106781187));
#2423 = ORIENTED_EDGE('',*,*,#2424,.T.);
#2424 = EDGE_CURVE('',#2416,#2425,#2427,.T.);
#2425 = VERTEX_POINT('',#2426);
#2426 = CARTESIAN_POINT('',(37.25,-28.9,22.55));
#2427 = LINE('',#2428,#2429);
#2428 = CARTESIAN_POINT('',(-37.7,-28.9,22.55));
#2429 = VECTOR('',#2430,1.);
#2430 = DIRECTION('',(1.,0.,0.));
#2431 = ORIENTED_EDGE('',*,*,#2432,.F.);
#2432 = EDGE_CURVE('',#1593,#2425,#2433,.T.);
#2433 = ELLIPSE('',#2434,0.636396103068,0.45);
#2434 = AXIS2_PLACEMENT_3D('',#2435,#2436,#2437);
#2435 = CARTESIAN_POINT('',(37.25,-28.45,22.55));
#2436 = DIRECTION('',(0.707106781187,4.7E-16,-0.707106781187));
#2437 = DIRECTION('',(0.707106781187,-4.7E-16,0.707106781187));
#2438 = ORIENTED_EDGE('',*,*,#1592,.F.);
#2439 = CYLINDRICAL_SURFACE('',#2440,0.45);
#2440 = AXIS2_PLACEMENT_3D('',#2441,#2442,#2443);
#2441 = CARTESIAN_POINT('',(-37.7,-28.45,22.55));
#2442 = DIRECTION('',(1.,0.,0.));
#2443 = DIRECTION('',(0.,-6.7E-16,1.));
#2444 = ADVANCED_FACE('',(#2445),#2464,.T.);
#2445 = FACE_BOUND('',#2446,.T.);
#2446 = EDGE_LOOP('',(#2447,#2456,#2462,#2463));
#2447 = ORIENTED_EDGE('',*,*,#2448,.T.);
#2448 = EDGE_CURVE('',#1616,#2449,#2451,.T.);
#2449 = VERTEX_POINT('',#2450);
#2450 = CARTESIAN_POINT('',(-37.25,-28.9,22.28));
#2451 = ELLIPSE('',#2452,0.636396103068,0.45);
#2452 = AXIS2_PLACEMENT_3D('',#2453,#2454,#2455);
#2453 = CARTESIAN_POINT('',(-37.25,-28.45,22.28));
#2454 = DIRECTION('',(-0.707106781187,-4.7E-16,0.707106781187));
#2455 = DIRECTION('',(-0.707106781187,4.7E-16,-0.707106781187));
#2456 = ORIENTED_EDGE('',*,*,#2457,.T.);
#2457 = EDGE_CURVE('',#2449,#2416,#2458,.T.);
#2458 = LINE('',#2459,#2460);
#2459 = CARTESIAN_POINT('',(-37.25,-28.9,21.83));
#2460 = VECTOR('',#2461,1.);
#2461 = DIRECTION('',(0.,-6.7E-16,1.));
#2462 = ORIENTED_EDGE('',*,*,#2415,.F.);
#2463 = ORIENTED_EDGE('',*,*,#1623,.F.);
#2464 = CYLINDRICAL_SURFACE('',#2465,0.45);
#2465 = AXIS2_PLACEMENT_3D('',#2466,#2467,#2468);
#2466 = CARTESIAN_POINT('',(-37.25,-28.45,21.83));
#2467 = DIRECTION('',(0.,-6.7E-16,1.));
#2468 = DIRECTION('',(-1.,0.,0.));
#2469 = ADVANCED_FACE('',(#2470),#2489,.T.);
#2470 = FACE_BOUND('',#2471,.T.);
#2471 = EDGE_LOOP('',(#2472,#2481,#2487,#2488));
#2472 = ORIENTED_EDGE('',*,*,#2473,.T.);
#2473 = EDGE_CURVE('',#1640,#2474,#2476,.T.);
#2474 = VERTEX_POINT('',#2475);
#2475 = CARTESIAN_POINT('',(37.25,-28.9,22.28));
#2476 = ELLIPSE('',#2477,0.636396103068,0.45);
#2477 = AXIS2_PLACEMENT_3D('',#2478,#2479,#2480);
#2478 = CARTESIAN_POINT('',(37.25,-28.45,22.28));
#2479 = DIRECTION('',(-0.707106781187,4.7E-16,-0.707106781187));
#2480 = DIRECTION('',(-0.707106781187,-4.7E-16,0.707106781187));
#2481 = ORIENTED_EDGE('',*,*,#2482,.T.);
#2482 = EDGE_CURVE('',#2474,#2449,#2483,.T.);
#2483 = LINE('',#2484,#2485);
#2484 = CARTESIAN_POINT('',(37.7,-28.9,22.28));
#2485 = VECTOR('',#2486,1.);
#2486 = DIRECTION('',(-1.,0.,0.));
#2487 = ORIENTED_EDGE('',*,*,#2448,.F.);
#2488 = ORIENTED_EDGE('',*,*,#1647,.F.);
#2489 = CYLINDRICAL_SURFACE('',#2490,0.45);
#2490 = AXIS2_PLACEMENT_3D('',#2491,#2492,#2493);
#2491 = CARTESIAN_POINT('',(37.7,-28.45,22.28));
#2492 = DIRECTION('',(-1.,0.,0.));
#2493 = DIRECTION('',(0.,6.7E-16,-1.));
#2494 = ADVANCED_FACE('',(#2495),#2506,.T.);
#2495 = FACE_BOUND('',#2496,.T.);
#2496 = EDGE_LOOP('',(#2497,#2498,#2504,#2505));
#2497 = ORIENTED_EDGE('',*,*,#2432,.T.);
#2498 = ORIENTED_EDGE('',*,*,#2499,.T.);
#2499 = EDGE_CURVE('',#2425,#2474,#2500,.T.);
#2500 = LINE('',#2501,#2502);
#2501 = CARTESIAN_POINT('',(37.25,-28.9,23.));
#2502 = VECTOR('',#2503,1.);
#2503 = DIRECTION('',(0.,6.7E-16,-1.));
#2504 = ORIENTED_EDGE('',*,*,#2473,.F.);
#2505 = ORIENTED_EDGE('',*,*,#1664,.F.);
#2506 = CYLINDRICAL_SURFACE('',#2507,0.45);
#2507 = AXIS2_PLACEMENT_3D('',#2508,#2509,#2510);
#2508 = CARTESIAN_POINT('',(37.25,-28.45,23.));
#2509 = DIRECTION('',(0.,6.7E-16,-1.));
#2510 = DIRECTION('',(1.,0.,0.));
#2511 = ADVANCED_FACE('',(#2512),#2539,.T.);
#2512 = FACE_BOUND('',#2513,.T.);
#2513 = EDGE_LOOP('',(#2514,#2523,#2531,#2538));
#2514 = ORIENTED_EDGE('',*,*,#2515,.T.);
#2515 = EDGE_CURVE('',#1681,#2516,#2518,.T.);
#2516 = VERTEX_POINT('',#2517);
#2517 = CARTESIAN_POINT('',(46.3,-19.85,22.55));
#2518 = ELLIPSE('',#2519,0.636396103068,0.45);
#2519 = AXIS2_PLACEMENT_3D('',#2520,#2521,#2522);
#2520 = CARTESIAN_POINT('',(45.85,-19.85,22.55));
#2521 = DIRECTION('',(0.,0.707106781187,0.707106781187));
#2522 = DIRECTION('',(3.1E-16,0.707106781187,-0.707106781187));
#2523 = ORIENTED_EDGE('',*,*,#2524,.T.);
#2524 = EDGE_CURVE('',#2516,#2525,#2527,.T.);
#2525 = VERTEX_POINT('',#2526);
#2526 = CARTESIAN_POINT('',(46.3,19.85,22.55));
#2527 = LINE('',#2528,#2529);
#2528 = CARTESIAN_POINT('',(46.3,-20.3,22.55));
#2529 = VECTOR('',#2530,1.);
#2530 = DIRECTION('',(2.2E-16,1.,0.));
#2531 = ORIENTED_EDGE('',*,*,#2532,.F.);
#2532 = EDGE_CURVE('',#1689,#2525,#2533,.T.);
#2533 = ELLIPSE('',#2534,0.636396103068,0.45);
#2534 = AXIS2_PLACEMENT_3D('',#2535,#2536,#2537);
#2535 = CARTESIAN_POINT('',(45.85,19.85,22.55));
#2536 = DIRECTION('',(3.1E-16,0.707106781187,-0.707106781187));
#2537 = DIRECTION('',(0.,0.707106781187,0.707106781187));
#2538 = ORIENTED_EDGE('',*,*,#1688,.F.);
#2539 = CYLINDRICAL_SURFACE('',#2540,0.45);
#2540 = AXIS2_PLACEMENT_3D('',#2541,#2542,#2543);
#2541 = CARTESIAN_POINT('',(45.85,-20.3,22.55));
#2542 = DIRECTION('',(2.2E-16,1.,0.));
#2543 = DIRECTION('',(-2.2E-16,4.84E-32,1.));
#2544 = ADVANCED_FACE('',(#2545),#2564,.T.);
#2545 = FACE_BOUND('',#2546,.T.);
#2546 = EDGE_LOOP('',(#2547,#2556,#2562,#2563));
#2547 = ORIENTED_EDGE('',*,*,#2548,.T.);
#2548 = EDGE_CURVE('',#1712,#2549,#2551,.T.);
#2549 = VERTEX_POINT('',#2550);
#2550 = CARTESIAN_POINT('',(46.3,-19.85,22.28));
#2551 = ELLIPSE('',#2552,0.636396103068,0.45);
#2552 = AXIS2_PLACEMENT_3D('',#2553,#2554,#2555);
#2553 = CARTESIAN_POINT('',(45.85,-19.85,22.28));
#2554 = DIRECTION('',(-3.1E-16,-0.707106781187,0.707106781187));
#2555 = DIRECTION('',(0.,-0.707106781187,-0.707106781187));
#2556 = ORIENTED_EDGE('',*,*,#2557,.T.);
#2557 = EDGE_CURVE('',#2549,#2516,#2558,.T.);
#2558 = LINE('',#2559,#2560);
#2559 = CARTESIAN_POINT('',(46.3,-19.85,21.83));
#2560 = VECTOR('',#2561,1.);
#2561 = DIRECTION('',(-2.2E-16,0.,1.));
#2562 = ORIENTED_EDGE('',*,*,#2515,.F.);
#2563 = ORIENTED_EDGE('',*,*,#1719,.F.);
#2564 = CYLINDRICAL_SURFACE('',#2565,0.45);
#2565 = AXIS2_PLACEMENT_3D('',#2566,#2567,#2568);
#2566 = CARTESIAN_POINT('',(45.85,-19.85,21.83));
#2567 = DIRECTION('',(-2.2E-16,0.,1.));
#2568 = DIRECTION('',(-2.2E-16,-1.,-4.84E-32));
#2569 = ADVANCED_FACE('',(#2570),#2589,.T.);
#2570 = FACE_BOUND('',#2571,.T.);
#2571 = EDGE_LOOP('',(#2572,#2581,#2587,#2588));
#2572 = ORIENTED_EDGE('',*,*,#2573,.T.);
#2573 = EDGE_CURVE('',#1736,#2574,#2576,.T.);
#2574 = VERTEX_POINT('',#2575);
#2575 = CARTESIAN_POINT('',(46.3,19.85,22.28));
#2576 = ELLIPSE('',#2577,0.636396103068,0.45);
#2577 = AXIS2_PLACEMENT_3D('',#2578,#2579,#2580);
#2578 = CARTESIAN_POINT('',(45.85,19.85,22.28));
#2579 = DIRECTION('',(0.,-0.707106781187,-0.707106781187));
#2580 = DIRECTION('',(-3.1E-16,-0.707106781187,0.707106781187));
#2581 = ORIENTED_EDGE('',*,*,#2582,.T.);
#2582 = EDGE_CURVE('',#2574,#2549,#2583,.T.);
#2583 = LINE('',#2584,#2585);
#2584 = CARTESIAN_POINT('',(46.3,20.3,22.28));
#2585 = VECTOR('',#2586,1.);
#2586 = DIRECTION('',(-2.2E-16,-1.,-0.));
#2587 = ORIENTED_EDGE('',*,*,#2548,.F.);
#2588 = ORIENTED_EDGE('',*,*,#1743,.F.);
#2589 = CYLINDRICAL_SURFACE('',#2590,0.45);
#2590 = AXIS2_PLACEMENT_3D('',#2591,#2592,#2593);
#2591 = CARTESIAN_POINT('',(45.85,20.3,22.28));
#2592 = DIRECTION('',(-2.2E-16,-1.,-0.));
#2593 = DIRECTION('',(2.2E-16,-4.84E-32,-1.));
#2594 = ADVANCED_FACE('',(#2595),#2606,.T.);
#2595 = FACE_BOUND('',#2596,.T.);
#2596 = EDGE_LOOP('',(#2597,#2598,#2604,#2605));
#2597 = ORIENTED_EDGE('',*,*,#2532,.T.);
#2598 = ORIENTED_EDGE('',*,*,#2599,.T.);
#2599 = EDGE_CURVE('',#2525,#2574,#2600,.T.);
#2600 = LINE('',#2601,#2602);
#2601 = CARTESIAN_POINT('',(46.3,19.85,23.));
#2602 = VECTOR('',#2603,1.);
#2603 = DIRECTION('',(2.2E-16,0.,-1.));
#2604 = ORIENTED_EDGE('',*,*,#2573,.F.);
#2605 = ORIENTED_EDGE('',*,*,#1760,.F.);
#2606 = CYLINDRICAL_SURFACE('',#2607,0.45);
#2607 = AXIS2_PLACEMENT_3D('',#2608,#2609,#2610);
#2608 = CARTESIAN_POINT('',(45.85,19.85,23.));
#2609 = DIRECTION('',(2.2E-16,0.,-1.));
#2610 = DIRECTION('',(2.2E-16,1.,4.84E-32));
#2611 = ADVANCED_FACE('',(#2612),#2637,.F.);
#2612 = FACE_BOUND('',#2613,.F.);
#2613 = EDGE_LOOP('',(#2614,#2615,#2623,#2631));
#2614 = ORIENTED_EDGE('',*,*,#1776,.T.);
#2615 = ORIENTED_EDGE('',*,*,#2616,.T.);
#2616 = EDGE_CURVE('',#1779,#2617,#2619,.T.);
#2617 = VERTEX_POINT('',#2618);
#2618 = CARTESIAN_POINT('',(35.2,17.8,8.));
#2619 = LINE('',#2620,#2621);
#2620 = CARTESIAN_POINT('',(35.2,26.8,8.));
#2621 = VECTOR('',#2622,1.);
#2622 = DIRECTION('',(0.,-1.,0.));
#2623 = ORIENTED_EDGE('',*,*,#2624,.F.);
#2624 = EDGE_CURVE('',#2625,#2617,#2627,.T.);
#2625 = VERTEX_POINT('',#2626);
#2626 = CARTESIAN_POINT('',(35.2,17.8,0.));
#2627 = LINE('',#2628,#2629);
#2628 = CARTESIAN_POINT('',(35.2,17.8,0.));
#2629 = VECTOR('',#2630,1.);
#2630 = DIRECTION('',(0.,0.,1.));
#2631 = ORIENTED_EDGE('',*,*,#2632,.F.);
#2632 = EDGE_CURVE('',#1777,#2625,#2633,.T.);
#2633 = LINE('',#2634,#2635);
#2634 = CARTESIAN_POINT('',(35.2,26.8,0.));
#2635 = VECTOR('',#2636,1.);
#2636 = DIRECTION('',(0.,-1.,0.));
#2637 = PLANE('',#2638);
#2638 = AXIS2_PLACEMENT_3D('',#2639,#2640,#2641);
#2639 = CARTESIAN_POINT('',(35.2,26.8,0.));
#2640 = DIRECTION('',(1.,0.,0.));
#2641 = DIRECTION('',(0.,-1.,0.));
#2642 = ADVANCED_FACE('',(#2643),#2698,.T.);
#2643 = FACE_BOUND('',#2644,.T.);
#2644 = EDGE_LOOP('',(#2645,#2653,#2654,#2660,#2661,#2662,#2670,#2676,
    #2677,#2685,#2691,#2692));
#2645 = ORIENTED_EDGE('',*,*,#2646,.F.);
#2646 = EDGE_CURVE('',#1843,#2647,#2649,.T.);
#2647 = VERTEX_POINT('',#2648);
#2648 = CARTESIAN_POINT('',(35.2,-17.8,0.));
#2649 = LINE('',#2650,#2651);
#2650 = CARTESIAN_POINT('',(44.2,-17.8,0.));
#2651 = VECTOR('',#2652,1.);
#2652 = DIRECTION('',(-1.,0.,0.));
#2653 = ORIENTED_EDGE('',*,*,#1884,.T.);
#2654 = ORIENTED_EDGE('',*,*,#2655,.F.);
#2655 = EDGE_CURVE('',#2625,#1877,#2656,.T.);
#2656 = LINE('',#2657,#2658);
#2657 = CARTESIAN_POINT('',(35.2,17.8,0.));
#2658 = VECTOR('',#2659,1.);
#2659 = DIRECTION('',(1.,0.,0.));
#2660 = ORIENTED_EDGE('',*,*,#2632,.F.);
#2661 = ORIENTED_EDGE('',*,*,#1825,.T.);
#2662 = ORIENTED_EDGE('',*,*,#2663,.F.);
#2663 = EDGE_CURVE('',#2664,#1818,#2666,.T.);
#2664 = VERTEX_POINT('',#2665);
#2665 = CARTESIAN_POINT('',(-31.2,17.8,0.));
#2666 = LINE('',#2667,#2668);
#2667 = CARTESIAN_POINT('',(-31.2,17.8,0.));
#2668 = VECTOR('',#2669,1.);
#2669 = DIRECTION('',(0.,1.,0.));
#2670 = ORIENTED_EDGE('',*,*,#2671,.F.);
#2671 = EDGE_CURVE('',#2167,#2664,#2672,.T.);
#2672 = LINE('',#2673,#2674);
#2673 = CARTESIAN_POINT('',(-44.2,17.8,0.));
#2674 = VECTOR('',#2675,1.);
#2675 = DIRECTION('',(1.,0.,0.));
#2676 = ORIENTED_EDGE('',*,*,#2201,.T.);
#2677 = ORIENTED_EDGE('',*,*,#2678,.F.);
#2678 = EDGE_CURVE('',#2679,#2194,#2681,.T.);
#2679 = VERTEX_POINT('',#2680);
#2680 = CARTESIAN_POINT('',(-31.2,-17.8,0.));
#2681 = LINE('',#2682,#2683);
#2682 = CARTESIAN_POINT('',(-31.2,-17.8,0.));
#2683 = VECTOR('',#2684,1.);
#2684 = DIRECTION('',(-1.,0.,0.));
#2685 = ORIENTED_EDGE('',*,*,#2686,.F.);
#2686 = EDGE_CURVE('',#2101,#2679,#2687,.T.);
#2687 = LINE('',#2688,#2689);
#2688 = CARTESIAN_POINT('',(-31.2,-26.8,0.));
#2689 = VECTOR('',#2690,1.);
#2690 = DIRECTION('',(0.,1.,0.));
#2691 = ORIENTED_EDGE('',*,*,#2142,.T.);
#2692 = ORIENTED_EDGE('',*,*,#2693,.F.);
#2693 = EDGE_CURVE('',#2647,#2135,#2694,.T.);
#2694 = LINE('',#2695,#2696);
#2695 = CARTESIAN_POINT('',(35.2,-17.8,0.));
#2696 = VECTOR('',#2697,1.);
#2697 = DIRECTION('',(0.,-1.,0.));
#2698 = PLANE('',#2699);
#2699 = AXIS2_PLACEMENT_3D('',#2700,#2701,#2702);
#2700 = CARTESIAN_POINT('',(-1.48E-15,0.,0.));
#2701 = DIRECTION('',(0.,0.,1.));
#2702 = DIRECTION('',(1.,0.,0.));
#2703 = ADVANCED_FACE('',(#2704,#2715),#2726,.T.);
#2704 = FACE_BOUND('',#2705,.T.);
#2705 = EDGE_LOOP('',(#2706,#2707,#2708,#2714));
#2706 = ORIENTED_EDGE('',*,*,#1786,.T.);
#2707 = ORIENTED_EDGE('',*,*,#2616,.T.);
#2708 = ORIENTED_EDGE('',*,*,#2709,.T.);
#2709 = EDGE_CURVE('',#2617,#1869,#2710,.T.);
#2710 = LINE('',#2711,#2712);
#2711 = CARTESIAN_POINT('',(35.2,17.8,8.));
#2712 = VECTOR('',#2713,1.);
#2713 = DIRECTION('',(1.,0.,0.));
#2714 = ORIENTED_EDGE('',*,*,#1868,.T.);
#2715 = FACE_BOUND('',#2716,.T.);
#2716 = EDGE_LOOP('',(#2717));
#2717 = ORIENTED_EDGE('',*,*,#2718,.F.);
#2718 = EDGE_CURVE('',#2719,#2719,#2721,.T.);
#2719 = VERTEX_POINT('',#2720);
#2720 = CARTESIAN_POINT('',(42.95,21.96,8.));
#2721 = CIRCLE('',#2722,3.1);
#2722 = AXIS2_PLACEMENT_3D('',#2723,#2724,#2725);
#2723 = CARTESIAN_POINT('',(39.85,21.96,8.));
#2724 = DIRECTION('',(0.,0.,1.));
#2725 = DIRECTION('',(1.,0.,0.));
#2726 = PLANE('',#2727);
#2727 = AXIS2_PLACEMENT_3D('',#2728,#2729,#2730);
#2728 = CARTESIAN_POINT('',(-6.496E-14,1.1369E-13,8.));
#2729 = DIRECTION('',(0.,0.,1.));
#2730 = DIRECTION('',(1.,0.,0.));
#2731 = ADVANCED_FACE('',(#2732),#2750,.F.);
#2732 = FACE_BOUND('',#2733,.F.);
#2733 = EDGE_LOOP('',(#2734,#2742,#2748,#2749));
#2734 = ORIENTED_EDGE('',*,*,#2735,.T.);
#2735 = EDGE_CURVE('',#2664,#2736,#2738,.T.);
#2736 = VERTEX_POINT('',#2737);
#2737 = CARTESIAN_POINT('',(-31.2,17.8,8.));
#2738 = LINE('',#2739,#2740);
#2739 = CARTESIAN_POINT('',(-31.2,17.8,0.));
#2740 = VECTOR('',#2741,1.);
#2741 = DIRECTION('',(0.,0.,1.));
#2742 = ORIENTED_EDGE('',*,*,#2743,.T.);
#2743 = EDGE_CURVE('',#2736,#1810,#2744,.T.);
#2744 = LINE('',#2745,#2746);
#2745 = CARTESIAN_POINT('',(-31.2,17.8,8.));
#2746 = VECTOR('',#2747,1.);
#2747 = DIRECTION('',(0.,1.,0.));
#2748 = ORIENTED_EDGE('',*,*,#1817,.F.);
#2749 = ORIENTED_EDGE('',*,*,#2663,.F.);
#2750 = PLANE('',#2751);
#2751 = AXIS2_PLACEMENT_3D('',#2752,#2753,#2754);
#2752 = CARTESIAN_POINT('',(-31.2,17.8,0.));
#2753 = DIRECTION('',(-1.,0.,0.));
#2754 = DIRECTION('',(0.,1.,0.));
#2755 = ADVANCED_FACE('',(#2756,#2767),#2778,.T.);
#2756 = FACE_BOUND('',#2757,.T.);
#2757 = EDGE_LOOP('',(#2758,#2759,#2765,#2766));
#2758 = ORIENTED_EDGE('',*,*,#2176,.T.);
#2759 = ORIENTED_EDGE('',*,*,#2760,.T.);
#2760 = EDGE_CURVE('',#2169,#2736,#2761,.T.);
#2761 = LINE('',#2762,#2763);
#2762 = CARTESIAN_POINT('',(-44.2,17.8,8.));
#2763 = VECTOR('',#2764,1.);
#2764 = DIRECTION('',(1.,0.,0.));
#2765 = ORIENTED_EDGE('',*,*,#2743,.T.);
#2766 = ORIENTED_EDGE('',*,*,#1809,.T.);
#2767 = FACE_BOUND('',#2768,.T.);
#2768 = EDGE_LOOP('',(#2769));
#2769 = ORIENTED_EDGE('',*,*,#2770,.F.);
#2770 = EDGE_CURVE('',#2771,#2771,#2773,.T.);
#2771 = VERTEX_POINT('',#2772);
#2772 = CARTESIAN_POINT('',(-33.15,21.96,8.));
#2773 = CIRCLE('',#2774,3.1);
#2774 = AXIS2_PLACEMENT_3D('',#2775,#2776,#2777);
#2775 = CARTESIAN_POINT('',(-36.25,21.96,8.));
#2776 = DIRECTION('',(0.,0.,1.));
#2777 = DIRECTION('',(1.,0.,0.));
#2778 = PLANE('',#2779);
#2779 = AXIS2_PLACEMENT_3D('',#2780,#2781,#2782);
#2780 = CARTESIAN_POINT('',(-6.496E-14,1.1369E-13,8.));
#2781 = DIRECTION('',(0.,0.,1.));
#2782 = DIRECTION('',(1.,0.,0.));
#2783 = ADVANCED_FACE('',(#2784),#2802,.F.);
#2784 = FACE_BOUND('',#2785,.F.);
#2785 = EDGE_LOOP('',(#2786,#2787,#2795,#2801));
#2786 = ORIENTED_EDGE('',*,*,#1842,.T.);
#2787 = ORIENTED_EDGE('',*,*,#2788,.T.);
#2788 = EDGE_CURVE('',#1845,#2789,#2791,.T.);
#2789 = VERTEX_POINT('',#2790);
#2790 = CARTESIAN_POINT('',(35.2,-17.8,8.));
#2791 = LINE('',#2792,#2793);
#2792 = CARTESIAN_POINT('',(44.2,-17.8,8.));
#2793 = VECTOR('',#2794,1.);
#2794 = DIRECTION('',(-1.,0.,0.));
#2795 = ORIENTED_EDGE('',*,*,#2796,.F.);
#2796 = EDGE_CURVE('',#2647,#2789,#2797,.T.);
#2797 = LINE('',#2798,#2799);
#2798 = CARTESIAN_POINT('',(35.2,-17.8,0.));
#2799 = VECTOR('',#2800,1.);
#2800 = DIRECTION('',(0.,0.,1.));
#2801 = ORIENTED_EDGE('',*,*,#2646,.F.);
#2802 = PLANE('',#2803);
#2803 = AXIS2_PLACEMENT_3D('',#2804,#2805,#2806);
#2804 = CARTESIAN_POINT('',(44.2,-17.8,0.));
#2805 = DIRECTION('',(0.,-1.,0.));
#2806 = DIRECTION('',(-1.,0.,0.));
#2807 = ADVANCED_FACE('',(#2808,#2819),#2830,.T.);
#2808 = FACE_BOUND('',#2809,.T.);
#2809 = EDGE_LOOP('',(#2810,#2816,#2817,#2818));
#2810 = ORIENTED_EDGE('',*,*,#2811,.T.);
#2811 = EDGE_CURVE('',#2789,#2127,#2812,.T.);
#2812 = LINE('',#2813,#2814);
#2813 = CARTESIAN_POINT('',(35.2,-17.8,8.));
#2814 = VECTOR('',#2815,1.);
#2815 = DIRECTION('',(0.,-1.,0.));
#2816 = ORIENTED_EDGE('',*,*,#2126,.T.);
#2817 = ORIENTED_EDGE('',*,*,#1852,.T.);
#2818 = ORIENTED_EDGE('',*,*,#2788,.T.);
#2819 = FACE_BOUND('',#2820,.T.);
#2820 = EDGE_LOOP('',(#2821));
#2821 = ORIENTED_EDGE('',*,*,#2822,.F.);
#2822 = EDGE_CURVE('',#2823,#2823,#2825,.T.);
#2823 = VERTEX_POINT('',#2824);
#2824 = CARTESIAN_POINT('',(42.95,-21.96,8.));
#2825 = CIRCLE('',#2826,3.1);
#2826 = AXIS2_PLACEMENT_3D('',#2827,#2828,#2829);
#2827 = CARTESIAN_POINT('',(39.85,-21.96,8.));
#2828 = DIRECTION('',(0.,0.,1.));
#2829 = DIRECTION('',(1.,0.,0.));
#2830 = PLANE('',#2831);
#2831 = AXIS2_PLACEMENT_3D('',#2832,#2833,#2834);
#2832 = CARTESIAN_POINT('',(-6.496E-14,1.1369E-13,8.));
#2833 = DIRECTION('',(0.,0.,1.));
#2834 = DIRECTION('',(1.,0.,0.));
#2835 = ADVANCED_FACE('',(#2836),#2842,.F.);
#2836 = FACE_BOUND('',#2837,.F.);
#2837 = EDGE_LOOP('',(#2838,#2839,#2840,#2841));
#2838 = ORIENTED_EDGE('',*,*,#2624,.T.);
#2839 = ORIENTED_EDGE('',*,*,#2709,.T.);
#2840 = ORIENTED_EDGE('',*,*,#1876,.F.);
#2841 = ORIENTED_EDGE('',*,*,#2655,.F.);
#2842 = PLANE('',#2843);
#2843 = AXIS2_PLACEMENT_3D('',#2844,#2845,#2846);
#2844 = CARTESIAN_POINT('',(35.2,17.8,0.));
#2845 = DIRECTION('',(0.,1.,0.));
#2846 = DIRECTION('',(1.,0.,0.));
#2847 = ADVANCED_FACE('',(#2848),#2866,.F.);
#2848 = FACE_BOUND('',#2849,.F.);
#2849 = EDGE_LOOP('',(#2850,#2851,#2859,#2865));
#2850 = ORIENTED_EDGE('',*,*,#2100,.T.);
#2851 = ORIENTED_EDGE('',*,*,#2852,.T.);
#2852 = EDGE_CURVE('',#2103,#2853,#2855,.T.);
#2853 = VERTEX_POINT('',#2854);
#2854 = CARTESIAN_POINT('',(-31.2,-17.8,8.));
#2855 = LINE('',#2856,#2857);
#2856 = CARTESIAN_POINT('',(-31.2,-26.8,8.));
#2857 = VECTOR('',#2858,1.);
#2858 = DIRECTION('',(0.,1.,0.));
#2859 = ORIENTED_EDGE('',*,*,#2860,.F.);
#2860 = EDGE_CURVE('',#2679,#2853,#2861,.T.);
#2861 = LINE('',#2862,#2863);
#2862 = CARTESIAN_POINT('',(-31.2,-17.8,0.));
#2863 = VECTOR('',#2864,1.);
#2864 = DIRECTION('',(0.,0.,1.));
#2865 = ORIENTED_EDGE('',*,*,#2686,.F.);
#2866 = PLANE('',#2867);
#2867 = AXIS2_PLACEMENT_3D('',#2868,#2869,#2870);
#2868 = CARTESIAN_POINT('',(-31.2,-26.8,0.));
#2869 = DIRECTION('',(-1.,0.,0.));
#2870 = DIRECTION('',(0.,1.,0.));
#2871 = ADVANCED_FACE('',(#2872,#2883),#2894,.T.);
#2872 = FACE_BOUND('',#2873,.T.);
#2873 = EDGE_LOOP('',(#2874,#2880,#2881,#2882));
#2874 = ORIENTED_EDGE('',*,*,#2875,.T.);
#2875 = EDGE_CURVE('',#2853,#2186,#2876,.T.);
#2876 = LINE('',#2877,#2878);
#2877 = CARTESIAN_POINT('',(-31.2,-17.8,8.));
#2878 = VECTOR('',#2879,1.);
#2879 = DIRECTION('',(-1.,0.,0.));
#2880 = ORIENTED_EDGE('',*,*,#2185,.T.);
#2881 = ORIENTED_EDGE('',*,*,#2110,.T.);
#2882 = ORIENTED_EDGE('',*,*,#2852,.T.);
#2883 = FACE_BOUND('',#2884,.T.);
#2884 = EDGE_LOOP('',(#2885));
#2885 = ORIENTED_EDGE('',*,*,#2886,.F.);
#2886 = EDGE_CURVE('',#2887,#2887,#2889,.T.);
#2887 = VERTEX_POINT('',#2888);
#2888 = CARTESIAN_POINT('',(-33.15,-21.96,8.));
#2889 = CIRCLE('',#2890,3.1);
#2890 = AXIS2_PLACEMENT_3D('',#2891,#2892,#2893);
#2891 = CARTESIAN_POINT('',(-36.25,-21.96,8.));
#2892 = DIRECTION('',(0.,0.,1.));
#2893 = DIRECTION('',(1.,0.,0.));
#2894 = PLANE('',#2895);
#2895 = AXIS2_PLACEMENT_3D('',#2896,#2897,#2898);
#2896 = CARTESIAN_POINT('',(-6.496E-14,1.1369E-13,8.));
#2897 = DIRECTION('',(0.,0.,1.));
#2898 = DIRECTION('',(1.,0.,0.));
#2899 = ADVANCED_FACE('',(#2900),#2906,.F.);
#2900 = FACE_BOUND('',#2901,.F.);
#2901 = EDGE_LOOP('',(#2902,#2903,#2904,#2905));
#2902 = ORIENTED_EDGE('',*,*,#2796,.T.);
#2903 = ORIENTED_EDGE('',*,*,#2811,.T.);
#2904 = ORIENTED_EDGE('',*,*,#2134,.F.);
#2905 = ORIENTED_EDGE('',*,*,#2693,.F.);
#2906 = PLANE('',#2907);
#2907 = AXIS2_PLACEMENT_3D('',#2908,#2909,#2910);
#2908 = CARTESIAN_POINT('',(35.2,-17.8,0.));
#2909 = DIRECTION('',(1.,0.,0.));
#2910 = DIRECTION('',(0.,-1.,0.));
#2911 = ADVANCED_FACE('',(#2912),#2918,.F.);
#2912 = FACE_BOUND('',#2913,.F.);
#2913 = EDGE_LOOP('',(#2914,#2915,#2916,#2917));
#2914 = ORIENTED_EDGE('',*,*,#2166,.T.);
#2915 = ORIENTED_EDGE('',*,*,#2760,.T.);
#2916 = ORIENTED_EDGE('',*,*,#2735,.F.);
#2917 = ORIENTED_EDGE('',*,*,#2671,.F.);
#2918 = PLANE('',#2919);
#2919 = AXIS2_PLACEMENT_3D('',#2920,#2921,#2922);
#2920 = CARTESIAN_POINT('',(-44.2,17.8,0.));
#2921 = DIRECTION('',(0.,1.,0.));
#2922 = DIRECTION('',(1.,0.,0.));
#2923 = ADVANCED_FACE('',(#2924),#2930,.F.);
#2924 = FACE_BOUND('',#2925,.F.);
#2925 = EDGE_LOOP('',(#2926,#2927,#2928,#2929));
#2926 = ORIENTED_EDGE('',*,*,#2860,.T.);
#2927 = ORIENTED_EDGE('',*,*,#2875,.T.);
#2928 = ORIENTED_EDGE('',*,*,#2193,.F.);
#2929 = ORIENTED_EDGE('',*,*,#2678,.F.);
#2930 = PLANE('',#2931);
#2931 = AXIS2_PLACEMENT_3D('',#2932,#2933,#2934);
#2932 = CARTESIAN_POINT('',(-31.2,-17.8,0.));
#2933 = DIRECTION('',(0.,-1.,0.));
#2934 = DIRECTION('',(-1.,0.,0.));
#2935 = ADVANCED_FACE('',(#2936),#2942,.F.);
#2936 = FACE_BOUND('',#2937,.F.);
#2937 = EDGE_LOOP('',(#2938,#2939,#2940,#2941));
#2938 = ORIENTED_EDGE('',*,*,#2299,.F.);
#2939 = ORIENTED_EDGE('',*,*,#2274,.F.);
#2940 = ORIENTED_EDGE('',*,*,#2249,.F.);
#2941 = ORIENTED_EDGE('',*,*,#2224,.F.);
#2942 = PLANE('',#2943);
#2943 = AXIS2_PLACEMENT_3D('',#2944,#2945,#2946);
#2944 = CARTESIAN_POINT('',(-46.3,6.8E-15,22.415));
#2945 = DIRECTION('',(1.,0.,0.));
#2946 = DIRECTION('',(0.,0.,1.));
#2947 = ADVANCED_FACE('',(#2948),#2954,.T.);
#2948 = FACE_BOUND('',#2949,.T.);
#2949 = EDGE_LOOP('',(#2950,#2951,#2952,#2953));
#2950 = ORIENTED_EDGE('',*,*,#2399,.T.);
#2951 = ORIENTED_EDGE('',*,*,#2324,.T.);
#2952 = ORIENTED_EDGE('',*,*,#2349,.T.);
#2953 = ORIENTED_EDGE('',*,*,#2374,.T.);
#2954 = PLANE('',#2955);
#2955 = AXIS2_PLACEMENT_3D('',#2956,#2957,#2958);
#2956 = CARTESIAN_POINT('',(-8.91E-15,28.9,22.415));
#2957 = DIRECTION('',(0.,1.,0.));
#2958 = DIRECTION('',(0.,0.,1.));
#2959 = ADVANCED_FACE('',(#2960),#2966,.T.);
#2960 = FACE_BOUND('',#2961,.F.);
#2961 = EDGE_LOOP('',(#2962,#2963,#2964,#2965));
#2962 = ORIENTED_EDGE('',*,*,#2424,.T.);
#2963 = ORIENTED_EDGE('',*,*,#2499,.T.);
#2964 = ORIENTED_EDGE('',*,*,#2482,.T.);
#2965 = ORIENTED_EDGE('',*,*,#2457,.T.);
#2966 = PLANE('',#2967);
#2967 = AXIS2_PLACEMENT_3D('',#2968,#2969,#2970);
#2968 = CARTESIAN_POINT('',(-8.91E-15,-28.9,22.415));
#2969 = DIRECTION('',(-0.,-1.,-4.4E-16));
#2970 = DIRECTION('',(0.,4.4E-16,-1.));
#2971 = ADVANCED_FACE('',(#2972),#2978,.F.);
#2972 = FACE_BOUND('',#2973,.T.);
#2973 = EDGE_LOOP('',(#2974,#2975,#2976,#2977));
#2974 = ORIENTED_EDGE('',*,*,#2524,.F.);
#2975 = ORIENTED_EDGE('',*,*,#2557,.F.);
#2976 = ORIENTED_EDGE('',*,*,#2582,.F.);
#2977 = ORIENTED_EDGE('',*,*,#2599,.F.);
#2978 = PLANE('',#2979);
#2979 = AXIS2_PLACEMENT_3D('',#2980,#2981,#2982);
#2980 = CARTESIAN_POINT('',(46.3,-3.48E-15,22.415));
#2981 = DIRECTION('',(-1.,2.2E-16,-2.2E-16));
#2982 = DIRECTION('',(2.2E-16,0.,-1.));
#2983 = ADVANCED_FACE('',(#2984),#3003,.F.);
#2984 = FACE_BOUND('',#2985,.T.);
#2985 = EDGE_LOOP('',(#2986,#2994,#2995,#2996));
#2986 = ORIENTED_EDGE('',*,*,#2987,.T.);
#2987 = EDGE_CURVE('',#2988,#2719,#2990,.T.);
#2988 = VERTEX_POINT('',#2989);
#2989 = CARTESIAN_POINT('',(42.95,21.96,0.));
#2990 = LINE('',#2991,#2992);
#2991 = CARTESIAN_POINT('',(42.95,21.96,0.));
#2992 = VECTOR('',#2993,1.);
#2993 = DIRECTION('',(0.,0.,1.));
#2994 = ORIENTED_EDGE('',*,*,#2718,.T.);
#2995 = ORIENTED_EDGE('',*,*,#2987,.F.);
#2996 = ORIENTED_EDGE('',*,*,#2997,.F.);
#2997 = EDGE_CURVE('',#2988,#2988,#2998,.T.);
#2998 = CIRCLE('',#2999,3.1);
#2999 = AXIS2_PLACEMENT_3D('',#3000,#3001,#3002);
#3000 = CARTESIAN_POINT('',(39.85,21.96,0.));
#3001 = DIRECTION('',(0.,0.,1.));
#3002 = DIRECTION('',(1.,0.,0.));
#3003 = CYLINDRICAL_SURFACE('',#3004,3.1);
#3004 = AXIS2_PLACEMENT_3D('',#3005,#3006,#3007);
#3005 = CARTESIAN_POINT('',(39.85,21.96,0.));
#3006 = DIRECTION('',(-0.,-0.,-1.));
#3007 = DIRECTION('',(1.,0.,0.));
#3008 = ADVANCED_FACE('',(#3009),#3028,.F.);
#3009 = FACE_BOUND('',#3010,.T.);
#3010 = EDGE_LOOP('',(#3011,#3019,#3020,#3021));
#3011 = ORIENTED_EDGE('',*,*,#3012,.T.);
#3012 = EDGE_CURVE('',#3013,#2771,#3015,.T.);
#3013 = VERTEX_POINT('',#3014);
#3014 = CARTESIAN_POINT('',(-33.15,21.96,0.));
#3015 = LINE('',#3016,#3017);
#3016 = CARTESIAN_POINT('',(-33.15,21.96,0.));
#3017 = VECTOR('',#3018,1.);
#3018 = DIRECTION('',(0.,0.,1.));
#3019 = ORIENTED_EDGE('',*,*,#2770,.T.);
#3020 = ORIENTED_EDGE('',*,*,#3012,.F.);
#3021 = ORIENTED_EDGE('',*,*,#3022,.F.);
#3022 = EDGE_CURVE('',#3013,#3013,#3023,.T.);
#3023 = CIRCLE('',#3024,3.1);
#3024 = AXIS2_PLACEMENT_3D('',#3025,#3026,#3027);
#3025 = CARTESIAN_POINT('',(-36.25,21.96,0.));
#3026 = DIRECTION('',(0.,0.,1.));
#3027 = DIRECTION('',(1.,0.,0.));
#3028 = CYLINDRICAL_SURFACE('',#3029,3.1);
#3029 = AXIS2_PLACEMENT_3D('',#3030,#3031,#3032);
#3030 = CARTESIAN_POINT('',(-36.25,21.96,0.));
#3031 = DIRECTION('',(-0.,-0.,-1.));
#3032 = DIRECTION('',(1.,0.,0.));
#3033 = ADVANCED_FACE('',(#3034),#3053,.F.);
#3034 = FACE_BOUND('',#3035,.T.);
#3035 = EDGE_LOOP('',(#3036,#3044,#3045,#3046));
#3036 = ORIENTED_EDGE('',*,*,#3037,.T.);
#3037 = EDGE_CURVE('',#3038,#2823,#3040,.T.);
#3038 = VERTEX_POINT('',#3039);
#3039 = CARTESIAN_POINT('',(42.95,-21.96,0.));
#3040 = LINE('',#3041,#3042);
#3041 = CARTESIAN_POINT('',(42.95,-21.96,0.));
#3042 = VECTOR('',#3043,1.);
#3043 = DIRECTION('',(0.,0.,1.));
#3044 = ORIENTED_EDGE('',*,*,#2822,.T.);
#3045 = ORIENTED_EDGE('',*,*,#3037,.F.);
#3046 = ORIENTED_EDGE('',*,*,#3047,.F.);
#3047 = EDGE_CURVE('',#3038,#3038,#3048,.T.);
#3048 = CIRCLE('',#3049,3.1);
#3049 = AXIS2_PLACEMENT_3D('',#3050,#3051,#3052);
#3050 = CARTESIAN_POINT('',(39.85,-21.96,0.));
#3051 = DIRECTION('',(0.,0.,1.));
#3052 = DIRECTION('',(1.,0.,0.));
#3053 = CYLINDRICAL_SURFACE('',#3054,3.1);
#3054 = AXIS2_PLACEMENT_3D('',#3055,#3056,#3057);
#3055 = CARTESIAN_POINT('',(39.85,-21.96,0.));
#3056 = DIRECTION('',(-0.,-0.,-1.));
#3057 = DIRECTION('',(1.,0.,0.));
#3058 = ADVANCED_FACE('',(#3059),#3078,.F.);
#3059 = FACE_BOUND('',#3060,.T.);
#3060 = EDGE_LOOP('',(#3061,#3069,#3070,#3071));
#3061 = ORIENTED_EDGE('',*,*,#3062,.T.);
#3062 = EDGE_CURVE('',#3063,#2887,#3065,.T.);
#3063 = VERTEX_POINT('',#3064);
#3064 = CARTESIAN_POINT('',(-33.15,-21.96,0.));
#3065 = LINE('',#3066,#3067);
#3066 = CARTESIAN_POINT('',(-33.15,-21.96,0.));
#3067 = VECTOR('',#3068,1.);
#3068 = DIRECTION('',(0.,0.,1.));
#3069 = ORIENTED_EDGE('',*,*,#2886,.T.);
#3070 = ORIENTED_EDGE('',*,*,#3062,.F.);
#3071 = ORIENTED_EDGE('',*,*,#3072,.F.);
#3072 = EDGE_CURVE('',#3063,#3063,#3073,.T.);
#3073 = CIRCLE('',#3074,3.1);
#3074 = AXIS2_PLACEMENT_3D('',#3075,#3076,#3077);
#3075 = CARTESIAN_POINT('',(-36.25,-21.96,0.));
#3076 = DIRECTION('',(0.,0.,1.));
#3077 = DIRECTION('',(1.,0.,0.));
#3078 = CYLINDRICAL_SURFACE('',#3079,3.1);
#3079 = AXIS2_PLACEMENT_3D('',#3080,#3081,#3082);
#3080 = CARTESIAN_POINT('',(-36.25,-21.96,0.));
#3081 = DIRECTION('',(-0.,-0.,-1.));
#3082 = DIRECTION('',(1.,0.,0.));
#3083 = ADVANCED_FACE('',(#3084),#3087,.T.);
#3084 = FACE_BOUND('',#3085,.T.);
#3085 = EDGE_LOOP('',(#3086));
#3086 = ORIENTED_EDGE('',*,*,#2997,.T.);
#3087 = PLANE('',#3088);
#3088 = AXIS2_PLACEMENT_3D('',#3089,#3090,#3091);
#3089 = CARTESIAN_POINT('',(-1.48E-15,0.,0.));
#3090 = DIRECTION('',(0.,0.,1.));
#3091 = DIRECTION('',(1.,0.,0.));
#3092 = ADVANCED_FACE('',(#3093),#3096,.T.);
#3093 = FACE_BOUND('',#3094,.T.);
#3094 = EDGE_LOOP('',(#3095));
#3095 = ORIENTED_EDGE('',*,*,#3022,.T.);
#3096 = PLANE('',#3097);
#3097 = AXIS2_PLACEMENT_3D('',#3098,#3099,#3100);
#3098 = CARTESIAN_POINT('',(-1.48E-15,0.,0.));
#3099 = DIRECTION('',(0.,0.,1.));
#3100 = DIRECTION('',(1.,0.,0.));
#3101 = ADVANCED_FACE('',(#3102),#3105,.T.);
#3102 = FACE_BOUND('',#3103,.T.);
#3103 = EDGE_LOOP('',(#3104));
#3104 = ORIENTED_EDGE('',*,*,#3047,.T.);
#3105 = PLANE('',#3106);
#3106 = AXIS2_PLACEMENT_3D('',#3107,#3108,#3109);
#3107 = CARTESIAN_POINT('',(-1.48E-15,0.,0.));
#3108 = DIRECTION('',(0.,0.,1.));
#3109 = DIRECTION('',(1.,0.,0.));
#3110 = ADVANCED_FACE('',(#3111),#3114,.T.);
#3111 = FACE_BOUND('',#3112,.T.);
#3112 = EDGE_LOOP('',(#3113));
#3113 = ORIENTED_EDGE('',*,*,#3072,.T.);
#3114 = PLANE('',#3115);
#3115 = AXIS2_PLACEMENT_3D('',#3116,#3117,#3118);
#3116 = CARTESIAN_POINT('',(-1.48E-15,0.,0.));
#3117 = DIRECTION('',(0.,0.,1.));
#3118 = DIRECTION('',(1.,0.,0.));
#3119 = ( GEOMETRIC_REPRESENTATION_CONTEXT(3) 
GLOBAL_UNCERTAINTY_ASSIGNED_CONTEXT((#3123)) 
GLOBAL_UNIT_ASSIGNED_CONTEXT((#3120,#3121,#3122)) REPRESENTATION_CONTEXT
('Context #1','3D Context with UNIT and UNCERTAINTY') );
#3120 = ( LENGTH_UNIT() NAMED_UNIT(*) SI_UNIT(.MILLI.,.METRE.) );
#3121 = ( NAMED_UNIT(*) PLANE_ANGLE_UNIT() SI_UNIT($,.RADIAN.) );
#3122 = ( NAMED_UNIT(*) SI_UNIT($,.STERADIAN.) SOLID_ANGLE_UNIT() );
#3123 = UNCERTAINTY_MEASURE_WITH_UNIT(LENGTH_MEASURE(1.E-07),#3120,
  'distance_accuracy_value','confusion accuracy');
#3124 = PRODUCT_RELATED_PRODUCT_CATEGORY('part',$,(#7));
#3125 = MECHANICAL_DESIGN_GEOMETRIC_PRESENTATION_REPRESENTATION('',(
    #3126),#3119);
#3126 = STYLED_ITEM('color',(#3127),#15);
#3127 = PRESENTATION_STYLE_ASSIGNMENT((#3128,#3136));
#3128 = SURFACE_STYLE_USAGE(.BOTH.,#3129);
#3129 = SURFACE_SIDE_STYLE('',(#3130,#3134));
#3130 = SURFACE_STYLE_FILL_AREA(#3131);
#3131 = FILL_AREA_STYLE('',(#3132));
#3132 = FILL_AREA_STYLE_COLOUR('',#3133);
#3133 = COLOUR_RGB('',0.984313737446,0.964705886078,0.349019616187);
#3134 = SURFACE_STYLE_RENDERING_WITH_PROPERTIES(.NORMAL_SHADING.,#3133,(
    #3135));
#3135 = SURFACE_STYLE_TRANSPARENT(0.199999988079);
#3136 = CURVE_STYLE('',#3137,POSITIVE_LENGTH_MEASURE(0.1),#3138);
#3137 = DRAUGHTING_PRE_DEFINED_CURVE_FONT('continuous');
#3138 = COLOUR_RGB('',9.803921802644E-02,9.803921802644E-02,
  9.803921802644E-02);
ENDSEC;
END-ISO-10303-21;
