ISO-10303-21;
HEADER;
FILE_DESCRIPTION (( 'STEP AP214' ),
    '1' );
FILE_NAME ('311-99-104-41-001000.STEP',
    '2018-09-12T17:17:14',
    ( '' ),
    ( '' ),
    'SwSTEP 2.0',
    'SolidWorks 2014',
    '' );
FILE_SCHEMA (( 'AUTOMOTIVE_DESIGN' ));
ENDSEC;

DATA;
#1 = DIRECTION ( 'NONE',  ( 1.447553700753488400E-016, -1.000000000000000000, 0.0000000000000000000 ) ) ;
#2 = EDGE_CURVE ( 'NONE', #7606, #7841, #1547, .T. ) ;
#3 = CARTESIAN_POINT ( 'NONE',  ( 0.1117898246928620300, 0.3331452681402512500, 0.4162238069033272200 ) ) ;
#4 = SURFACE_SIDE_STYLE ('',( #892 ) ) ;
#5 = UNCERTAINTY_MEASURE_WITH_UNIT (LENGTH_MEASURE( 1.000000000000000100E-005 ), #1118, 'distance_accuracy_value', 'NONE');
#6 = DIRECTION ( 'NONE',  ( 0.0000000000000000000, 1.000000000000000000, 0.0000000000000000000 ) ) ;
#7 = EDGE_CURVE ( 'NONE', #3081, #4981, #4875, .T. ) ;
#8 = SURFACE_SIDE_STYLE ('',( #4869 ) ) ;
#9 = AXIS2_PLACEMENT_3D ( 'NONE', #5741, #1943, #683 ) ;
#10 = CARTESIAN_POINT ( 'NONE',  ( 0.09099036904382346000, 0.3943829052061202900, -0.3841519299327620900 ) ) ;
#11 = EDGE_LOOP ( 'NONE', ( #2064, #2037, #5179 ) ) ;
#12 = COLOUR_RGB ( '',0.8941176470588234600, 0.9137254901960784000, 0.9294117647058823800 ) ;
#13 =( LENGTH_UNIT ( ) NAMED_UNIT ( * ) SI_UNIT ( .MILLI., .METRE. ) );
#14 = FACE_OUTER_BOUND ( 'NONE', #7230, .T. ) ;
#15 =( BOUNDED_SURFACE ( )  B_SPLINE_SURFACE ( 3, 2, ( 
 ( #423, #3628, #8068 ),
 ( #4265, #451, #4893 ),
 ( #1091, #5534, #1729 ),
 ( #6177, #2383, #6813 ) ),
 .UNSPECIFIED., .F., .F., .T. ) 
 B_SPLINE_SURFACE_WITH_KNOTS ( ( 4, 4 ),
 ( 3, 3 ),
 ( 2.168404344971008900E-019, 0.001425092352056778700 ),
 ( 0.0000000000000000000, 1.000000000000000000 ),
 .UNSPECIFIED. ) 
 GEOMETRIC_REPRESENTATION_ITEM ( )  RATIONAL_B_SPLINE_SURFACE ( (
 ( 1.000000000000000000, 0.8248820918441176500, 1.000000000000000000),
 ( 1.000000000000000000, 0.8125445255167136300, 1.000000000000000000),
 ( 1.000000000000000000, 0.7973642228864782400, 1.000000000000000000),
 ( 1.000000000000000000, 0.7698294312092935900, 1.000000000000000000) ) ) 
 REPRESENTATION_ITEM ( '' )  SURFACE ( )  );
#16 = DIRECTION ( 'NONE',  ( -1.000000000000000000, 0.0000000000000000000, -3.252606517456511700E-015 ) ) ;
#17 = VERTEX_POINT ( 'NONE', #1976 ) ;
#18 = DIRECTION ( 'NONE',  ( -1.447553700753488400E-016, 1.000000000000000000, -0.0000000000000000000 ) ) ;
#19 = ORIENTED_EDGE ( 'NONE', *, *, #7769, .T. ) ;
#20 = EDGE_CURVE ( 'NONE', #4441, #1178, #1401, .T. ) ;
#21 = FACE_OUTER_BOUND ( 'NONE', #641, .T. ) ;
#22 = PRESENTATION_STYLE_ASSIGNMENT (( #2211 ) ) ;
#23 = CARTESIAN_POINT ( 'NONE',  ( -1.476660268557142400E-016, 1.395000000000000200, 0.0000000000000000000 ) ) ;
#24 = ADVANCED_FACE ( 'NONE', ( #8258 ), #7291, .T. ) ;
#25 = LINE ( 'NONE', #4638, #6604 ) ;
#26 =( NAMED_UNIT ( * ) SI_UNIT ( $, .STERADIAN. ) SOLID_ANGLE_UNIT ( ) );
#27 = CARTESIAN_POINT ( 'NONE',  ( 1.742557280900008500, -1.294999999999999900, 0.3987213595499958200 ) ) ;
#28 = EDGE_CURVE ( 'NONE', #5419, #5264, #8066, .T. ) ;
#29 = CARTESIAN_POINT ( 'NONE',  ( 1.270000000000000000, 1.395000000000000000, 1.270000000000000000 ) ) ;
#30 = ORIENTED_EDGE ( 'NONE', *, *, #5932, .T. ) ;
#31 = CARTESIAN_POINT ( 'NONE',  ( 0.05180290865074894300, 0.3899539996405546000, 0.3939360071583828900 ) ) ;
#32 = CARTESIAN_POINT ( 'NONE',  ( -0.03638792666258065800, -1.216459714962222000, 0.2949462734239072800 ) ) ;
#33 = CARTESIAN_POINT ( 'NONE',  ( -0.07700768603163581100, 0.3747471321095635100, -0.4044146666858600100 ) ) ;
#34 =( LENGTH_UNIT ( ) NAMED_UNIT ( * ) SI_UNIT ( .MILLI., .METRE. ) );
#35 = FILL_AREA_STYLE_COLOUR ( '', #3274 ) ;
#36 = AXIS2_PLACEMENT_3D ( 'NONE', #8075, #4274, #456 ) ;
#37 = VERTEX_POINT ( 'NONE', #975 ) ;
#38 = CARTESIAN_POINT ( 'NONE',  ( -1.270000000000000200, -1.294999999999999900, 0.7700000000000012400 ) ) ;
#39 = DIRECTION ( 'NONE',  ( 1.447553700753488400E-016, -1.000000000000000000, 0.0000000000000000000 ) ) ;
#40 = CARTESIAN_POINT ( 'NONE',  ( -1.270000000000000000, 1.294999999999999900, 0.6700000000000002600 ) ) ;
#41 = CARTESIAN_POINT ( 'NONE',  ( -0.1035444897634296300, 0.3455690675042305000, -0.3802899842789752000 ) ) ;
#42 =( LENGTH_UNIT ( ) NAMED_UNIT ( * ) SI_UNIT ( .MILLI., .METRE. ) );
#43 = ORIENTED_EDGE ( 'NONE', *, *, #3987, .F. ) ;
#44 = CARTESIAN_POINT ( 'NONE',  ( -0.3018161156205428400, -1.205082627581609600, 0.0000000000000000000 ) ) ;
#45 = STYLED_ITEM ( 'NONE', ( #760 ), #7003 ) ;
#46 = AXIS2_PLACEMENT_3D ( 'NONE', #4374, #557, #5014 ) ;
#47 = VECTOR ( 'NONE', #1027, 1000.000000000000000 ) ;
#48 = DIRECTION ( 'NONE',  ( 1.447553700753488400E-016, -1.000000000000000000, 0.0000000000000000000 ) ) ;
#49 = CARTESIAN_POINT ( 'NONE',  ( 1.270000000000000000, -1.294999999999999900, -0.6700000000000002600 ) ) ;
#50 = DIRECTION ( 'NONE',  ( -1.000000000000000000, 0.0000000000000000000, 0.0000000000000000000 ) ) ;
#51 = SURFACE_STYLE_FILL_AREA ( #1269 ) ;
#52 = CARTESIAN_POINT ( 'NONE',  ( 0.02529458252240693000, -1.223183884379456200, 0.2789380977350282600 ) ) ;
#53 = ORIENTED_EDGE ( 'NONE', *, *, #342, .T. ) ;
#54 = DIRECTION ( 'NONE',  ( -1.000000000000000000, 0.0000000000000000000, 0.0000000000000000000 ) ) ;
#55 = ORIENTED_EDGE ( 'NONE', *, *, #2494, .F. ) ;
#56 = CARTESIAN_POINT ( 'NONE',  ( -0.04338467537588928900, 0.3925287066132329100, 0.4281662668936985200 ) ) ;
#57 = DIRECTION ( 'NONE',  ( 1.000000000000000000, 0.0000000000000000000, 1.224646799147353200E-016 ) ) ;
#58 = AXIS2_PLACEMENT_3D ( 'NONE', #863, #5320, #1511 ) ;
#59 =( NAMED_UNIT ( * ) PLANE_ANGLE_UNIT ( ) SI_UNIT ( $, .RADIAN. ) );
#60 = EDGE_CURVE ( 'NONE', #343, #3754, #6557, .T. ) ;
#61 = CONICAL_SURFACE ( 'NONE', #4843, 10967.01784461921100, 1.479865287713162600 ) ;
#62 = CARTESIAN_POINT ( 'NONE',  ( -1.020000000000000700, -1.395000000000000000, 1.169999999999999900 ) ) ;
#63 = ORIENTED_EDGE ( 'NONE', *, *, #5060, .T. ) ;
#64 = AXIS2_PLACEMENT_3D ( 'NONE', #2646, #2672, #7082 ) ;
#65 = TOROIDAL_SURFACE ( 'NONE', #6341, 0.6399999999999993500, 0.02999999999999999900 ) ;
#66 = ADVANCED_FACE ( 'NONE', ( #6370 ), #7251, .T. ) ;
#67 = SURFACE_STYLE_USAGE ( .BOTH. , #3904 ) ;
#68 = DIRECTION ( 'NONE',  ( -1.000000000000000000, -1.355252715606881500E-016, 0.0000000000000000000 ) ) ;
#69 = B_SPLINE_CURVE_WITH_KNOTS ( 'NONE', 3,
 ( #306, #3472, #940, #5391, #1577, #6023, #2226 ),
 .UNSPECIFIED., .F., .F.,
 ( 4, 3, 4 ),
 ( -1.013988139850394400E-006, 0.0000000000000000000, 3.093231526144585700E-006 ),
 .UNSPECIFIED. ) ;
#70 = CIRCLE ( 'NONE', #3343, 0.6025658350974743000 ) ;
#71 = CARTESIAN_POINT ( 'NONE',  ( 0.02513773585898746900, -1.222945504588554400, -0.2763272670030122400 ) ) ;
#72 = CARTESIAN_POINT ( 'NONE',  ( -0.04630770841790388800, -1.150767665139485100, 0.2525584207203315200 ) ) ;
#73 = ORIENTED_EDGE ( 'NONE', *, *, #3349, .F. ) ;
#74 = FACE_OUTER_BOUND ( 'NONE', #7084, .T. ) ;
#75 = SURFACE_STYLE_FILL_AREA ( #1340 ) ;
#76 = DIRECTION ( 'NONE',  ( 1.000000000000000000, 1.232047923278983400E-016, 0.0000000000000000000 ) ) ;
#77 = FACE_OUTER_BOUND ( 'NONE', #8051, .T. ) ;
#78 = EDGE_CURVE ( 'NONE', #5544, #6949, #1372, .T. ) ;
#79 =( LENGTH_UNIT ( ) NAMED_UNIT ( * ) SI_UNIT ( .MILLI., .METRE. ) );
#80 = AXIS2_PLACEMENT_3D ( 'NONE', #1555, #6000, #2204 ) ;
#81 = DIRECTION ( 'NONE',  ( -0.8536045658839291900, 0.5209215344964237500, -2.710505431213758700E-015 ) ) ;
#82 = CIRCLE ( 'NONE', #80, 0.5316896815425915500 ) ;
#83 = FILL_AREA_STYLE_COLOUR ( '', #2307 ) ;
#84 = SURFACE_STYLE_FILL_AREA ( #2107 ) ;
#85 = EDGE_LOOP ( 'NONE', ( #7443, #7578, #5225, #3191 ) ) ;
#86 = PRESENTATION_STYLE_ASSIGNMENT (( #3932 ) ) ;
#87 = CARTESIAN_POINT ( 'NONE',  ( -1.208196601125011400, -1.395000000000000000, -0.6700000000000001500 ) ) ;
#88 = CARTESIAN_POINT ( 'NONE',  ( 2.975399468465839800E-018, 0.3543379074933981600, 0.0000000000000000000 ) ) ;
#89 = DIRECTION ( 'NONE',  ( 1.084202172485505800E-015, 0.0000000000000000000, 1.000000000000000000 ) ) ;
#90 = CARTESIAN_POINT ( 'NONE',  ( 3.283992194989581200E-016, -1.365000000000000000, -0.6099999999999994300 ) ) ;
#91 = FACE_OUTER_BOUND ( 'NONE', #4686, .T. ) ;
#92 = AXIS2_PLACEMENT_3D ( 'NONE', #5147, #722, #2619 ) ;
#93 = AXIS2_PLACEMENT_3D ( 'NONE', #4304, #488, #4935 ) ;
#94 = CARTESIAN_POINT ( 'NONE',  ( -0.1063473373305611300, 0.3412228871188086600, 0.3839736441658611100 ) ) ;
#95 = CARTESIAN_POINT ( 'NONE',  ( 0.04245213417854953200, 0.4183777189199386300, -0.4498255275621509400 ) ) ;
#96 = VERTEX_POINT ( 'NONE', #5476 ) ;
#97 = CARTESIAN_POINT ( 'NONE',  ( 0.04630770841790039100, -1.150767665139484900, 0.2525584207203323000 ) ) ;
#98 =( GEOMETRIC_REPRESENTATION_CONTEXT ( 3 ) GLOBAL_UNCERTAINTY_ASSIGNED_CONTEXT ( ( #4691 ) ) GLOBAL_UNIT_ASSIGNED_CONTEXT ( ( #3860, #148, #4612 ) ) REPRESENTATION_CONTEXT ( 'NONE', 'WORKASPACE' ) );
#99 = VERTEX_POINT ( 'NONE', #1679 ) ;
#100 = DIRECTION ( 'NONE',  ( -1.000000000000000000, 0.0000000000000000000, 0.0000000000000000000 ) ) ;
#101 = FILL_AREA_STYLE_COLOUR ( '', #5667 ) ;
#102 = CARTESIAN_POINT ( 'NONE',  ( -0.04630770841790457500, -1.150767665139444700, 0.2525584207203381800 ) ) ;
#103 = CIRCLE ( 'NONE', #2085, 0.1000000000000000500 ) ;
#104 =( GEOMETRIC_REPRESENTATION_CONTEXT ( 3 ) GLOBAL_UNCERTAINTY_ASSIGNED_CONTEXT ( ( #4827 ) ) GLOBAL_UNIT_ASSIGNED_CONTEXT ( ( #5339, #1523, #5975 ) ) REPRESENTATION_CONTEXT ( 'NONE', 'WORKASPACE' ) );
#105 = DIRECTION ( 'NONE',  ( -1.000000000000000000, 0.0000000000000000000, 0.0000000000000000000 ) ) ;
#106 = FILL_AREA_STYLE ('',( #7060 ) ) ;
#107 =( LENGTH_UNIT ( ) NAMED_UNIT ( * ) SI_UNIT ( .MILLI., .METRE. ) );
#108 = CARTESIAN_POINT ( 'NONE',  ( -1.433233657534537400E-016, 1.395000000000000000, 0.0000000000000000000 ) ) ;
#109 = FACE_OUTER_BOUND ( 'NONE', #6556, .T. ) ;
#110 =( NAMED_UNIT ( * ) PLANE_ANGLE_UNIT ( ) SI_UNIT ( $, .RADIAN. ) );
#111 = ADVANCED_FACE ( 'NONE', ( #2413, #4093 ), #5181, .F. ) ;
#112 = SURFACE_SIDE_STYLE ('',( #404 ) ) ;
#113 = SURFACE_STYLE_FILL_AREA ( #2470 ) ;
#114 = FACE_OUTER_BOUND ( 'NONE', #1737, .T. ) ;
#115 = FILL_AREA_STYLE ('',( #7746 ) ) ;
#116 = DIRECTION ( 'NONE',  ( -0.5388493481944169900, -0.8259325522870216700, 0.1657612711796646000 ) ) ;
#117 = ADVANCED_FACE ( 'NONE', ( #1797 ), #1198, .T. ) ;
#118 = AXIS2_PLACEMENT_3D ( 'NONE', #1733, #6180, #2388 ) ;
#119 = DIRECTION ( 'NONE',  ( 1.000000000000000000, 0.0000000000000000000, 0.0000000000000000000 ) ) ;
#120 = EDGE_CURVE ( 'NONE', #5612, #4704, #4394, .T. ) ;
#121 = CARTESIAN_POINT ( 'NONE',  ( -0.6115395010584837600, -0.1520042734262303800, 0.0000000000000000000 ) ) ;
#122 = ORIENTED_EDGE ( 'NONE', *, *, #903, .F. ) ;
#123 = AXIS2_PLACEMENT_3D ( 'NONE', #794, #5250, #1445 ) ;
#124 = CARTESIAN_POINT ( 'NONE',  ( -2.103352214621881800E-015, 1.395000000000000000, -0.6699999999999989300 ) ) ;
#125 = SURFACE_STYLE_FILL_AREA ( #2098 ) ;
#126 = CARTESIAN_POINT ( 'NONE',  ( -0.1249999999999990000, 0.2666198487095668400, -0.3897197719169240300 ) ) ;
#127 = COLOUR_RGB ( '',0.1098039215686274500, 0.1098039215686274500, 0.1098039215686274500 ) ;
#128 = B_SPLINE_CURVE_WITH_KNOTS ( 'NONE', 3,
 ( #7567, #4412, #587, #5040, #1228, #5678, #1871 ),
 .UNSPECIFIED., .F., .F.,
 ( 4, 3, 4 ),
 ( 0.0000000000000000000, 0.0006807279421530579400, 0.001425077999558051900 ),
 .UNSPECIFIED. ) ;
#129 = FILL_AREA_STYLE_COLOUR ( '', #7650 ) ;
#130 = ORIENTED_EDGE ( 'NONE', *, *, #5460, .F. ) ;
#131 = ORIENTED_EDGE ( 'NONE', *, *, #20, .F. ) ;
#132 = PRESENTATION_STYLE_ASSIGNMENT (( #5180 ) ) ;
#133 = EDGE_CURVE ( 'NONE', #3704, #2527, #7763, .T. ) ;
#134 = CARTESIAN_POINT ( 'NONE',  ( 0.04642156875212423400, 0.4004903166935634400, -0.4419802550800343000 ) ) ;
#135 = PRESENTATION_LAYER_ASSIGNMENT (  '', '', ( #7107 ) ) ;
#136 = CARTESIAN_POINT ( 'NONE',  ( 0.04910263791519569500, -1.205704460288449000, -0.2977276446913764700 ) ) ;
#137 = UNCERTAINTY_MEASURE_WITH_UNIT (LENGTH_MEASURE( 1.000000000000000100E-005 ), #2823, 'distance_accuracy_value', 'NONE');
#138 = VERTEX_POINT ( 'NONE', #7109 ) ;
#139 = ORIENTED_EDGE ( 'NONE', *, *, #6427, .F. ) ;
#140 = CIRCLE ( 'NONE', #6514, 0.1000000000000000500 ) ;
#141 = CARTESIAN_POINT ( 'NONE',  ( -0.1250656858299104600, 0.2675996315862999000, -0.3655387589310537500 ) ) ;
#142 = CARTESIAN_POINT ( 'NONE',  ( 0.07534309011336938500, -0.4740724754152390600, 0.3247379590039629600 ) ) ;
#143 = CARTESIAN_POINT ( 'NONE',  ( 0.1080452793444634900, 0.01371987011832416200, 0.3714225193453401500 ) ) ;
#144 = CARTESIAN_POINT ( 'NONE',  ( 0.02758433254497533900, -1.186451582802488900, 0.2427705422203057000 ) ) ;
#145 = SURFACE_SIDE_STYLE ('',( #4980 ) ) ;
#146 = DIRECTION ( 'NONE',  ( -1.447553700753488400E-016, 1.000000000000000000, -0.0000000000000000000 ) ) ;
#147 = VERTEX_POINT ( 'NONE', #6473 ) ;
#148 =( NAMED_UNIT ( * ) PLANE_ANGLE_UNIT ( ) SI_UNIT ( $, .RADIAN. ) );
#149 = STYLED_ITEM ( 'NONE', ( #2607 ), #212 ) ;
#150 = CARTESIAN_POINT ( 'NONE',  ( 0.1080452793444637200, 0.01371987011832730700, -0.3714225193453245000 ) ) ;
#151 = PRESENTATION_LAYER_ASSIGNMENT (  '', '', ( #7118 ) ) ;
#152 = FILL_AREA_STYLE_COLOUR ( '', #3848 ) ;
#153 = SURFACE_STYLE_USAGE ( .BOTH. , #3982 ) ;
#154 = CIRCLE ( 'NONE', #6770, 0.01999999999999997300 ) ;
#155 = CARTESIAN_POINT ( 'NONE',  ( -0.9581966011250112600, -1.294999999999999900, 1.169999999999999900 ) ) ;
#156 = CIRCLE ( 'NONE', #2208, 0.6099999999999994300 ) ;
#157 = SURFACE_STYLE_USAGE ( .BOTH. , #3983 ) ;
#158 = ADVANCED_FACE ( 'NONE', ( #6068 ), #395, .T. ) ;
#159 = STYLED_ITEM ( 'NONE', ( #396 ), #6125 ) ;
#160 = ADVANCED_FACE ( 'NONE', ( #3584 ), #3727, .T. ) ;
#161 = CARTESIAN_POINT ( 'NONE',  ( 0.1449552057015383900, 0.2652820275670788600, 0.3897197719169303600 ) ) ;
#162 = FACE_OUTER_BOUND ( 'NONE', #6872, .T. ) ;
#163 = ORIENTED_EDGE ( 'NONE', *, *, #4831, .F. ) ;
#164 = CARTESIAN_POINT ( 'NONE',  ( 0.02599580452282080800, -1.223263009264965000, -0.2824260837758190700 ) ) ;
#165 = ORIENTED_EDGE ( 'NONE', *, *, #5744, .T. ) ;
#166 =( NAMED_UNIT ( * ) PLANE_ANGLE_UNIT ( ) SI_UNIT ( $, .RADIAN. ) );
#167 = DIRECTION ( 'NONE',  ( -1.000000000000000000, 0.0000000000000000000, 0.0000000000000000000 ) ) ;
#168 = CARTESIAN_POINT ( 'NONE',  ( -1.433233657534537400E-016, 1.365000000000000000, 0.9399999999999991700 ) ) ;
#169 = PRESENTATION_LAYER_ASSIGNMENT (  '', '', ( #8014 ) ) ;
#170 = MECHANICAL_DESIGN_GEOMETRIC_PRESENTATION_REPRESENTATION (  '', ( #7584 ), #606 ) ;
#171 = CARTESIAN_POINT ( 'NONE',  ( 1.270000000000000000, -1.395000000000000000, 0.6700000000000002600 ) ) ;
#172 = EDGE_LOOP ( 'NONE', ( #4248, #1934, #1189, #6375 ) ) ;
#173 = CARTESIAN_POINT ( 'NONE',  ( -0.6638742588672274000, 0.004999999999999917700, 0.0000000000000000000 ) ) ;
#174 = EDGE_CURVE ( 'NONE', #2348, #3005, #7563, .T. ) ;
#175 = SURFACE_SIDE_STYLE ('',( #1497 ) ) ;
#176 = COLOUR_RGB ( '',0.1098039215686274500, 0.1098039215686274500, 0.1098039215686274500 ) ;
#177 = CARTESIAN_POINT ( 'NONE',  ( -0.04784238332212900600, -1.168868921937331400, -0.2301144326776780600 ) ) ;
#178 = CARTESIAN_POINT ( 'NONE',  ( 0.1040189192043880500, 0.3448923351581970600, 0.3798923895787926800 ) ) ;
#179 = FILL_AREA_STYLE_COLOUR ( '', #3691 ) ;
#180 = CARTESIAN_POINT ( 'NONE',  ( -0.02529458252240660000, -1.223183884379456200, -0.2789380977350282600 ) ) ;
#181 = COLOUR_RGB ( '',0.1098039215686274500, 0.1098039215686274500, 0.1098039215686274500 ) ;
#182 = ORIENTED_EDGE ( 'NONE', *, *, #6564, .F. ) ;
#183 = DIRECTION ( 'NONE',  ( 1.447553700753488400E-016, -1.000000000000000000, 0.0000000000000000000 ) ) ;
#184 = SURFACE_STYLE_FILL_AREA ( #7787 ) ;
#185 = FACE_OUTER_BOUND ( 'NONE', #3735, .T. ) ;
#186 = EDGE_CURVE ( 'NONE', #3621, #8058, #196, .T. ) ;
#187 = DIRECTION ( 'NONE',  ( -0.0000000000000000000, 1.000000000000000000, 0.0000000000000000000 ) ) ;
#188 =( NAMED_UNIT ( * ) PLANE_ANGLE_UNIT ( ) SI_UNIT ( $, .RADIAN. ) );
#189 = B_SPLINE_CURVE_WITH_KNOTS ( 'NONE', 3,
 ( #2628, #6401, #4534, #710 ),
 .UNSPECIFIED., .F., .F.,
 ( 4, 4 ),
 ( 0.0000000000000000000, 1.000000000000000000 ),
 .UNSPECIFIED. ) ;
#190 =( LENGTH_UNIT ( ) NAMED_UNIT ( * ) SI_UNIT ( .MILLI., .METRE. ) );
#191 = COLOUR_RGB ( '',0.1098039215686274500, 0.1098039215686274500, 0.1098039215686274500 ) ;
#192 =( GEOMETRIC_REPRESENTATION_CONTEXT ( 3 ) GLOBAL_UNCERTAINTY_ASSIGNED_CONTEXT ( ( #4637 ) ) GLOBAL_UNIT_ASSIGNED_CONTEXT ( ( #2492, #6913, #3123 ) ) REPRESENTATION_CONTEXT ( 'NONE', 'WORKASPACE' ) );
#193 = COLOUR_RGB ( '',0.1098039215686274500, 0.1098039215686274500, 0.1098039215686274500 ) ;
#194 = CARTESIAN_POINT ( 'NONE',  ( 0.1105549371087100600, 0.3353763313311157700, -0.4032832450576084300 ) ) ;
#195 = ORIENTED_EDGE ( 'NONE', *, *, #3300, .T. ) ;
#196 = CIRCLE ( 'NONE', #3738, 0.01999999999999999700 ) ;
#197 = FACE_OUTER_BOUND ( 'NONE', #4402, .T. ) ;
#198 = DIRECTION ( 'NONE',  ( 0.0000000000000000000, 1.000000000000000000, 0.0000000000000000000 ) ) ;
#199 = CARTESIAN_POINT ( 'NONE',  ( -0.1049138835530987600, 0.3435813115014428900, 0.3790057711047978800 ) ) ;
#200 = ORIENTED_EDGE ( 'NONE', *, *, #6518, .F. ) ;
#201 = EDGE_CURVE ( 'NONE', #2358, #6442, #6761, .T. ) ;
#202 = ORIENTED_EDGE ( 'NONE', *, *, #2, .F. ) ;
#203 = DIRECTION ( 'NONE',  ( -1.447553700753488400E-016, 1.000000000000000000, -0.0000000000000000000 ) ) ;
#204 = SURFACE_SIDE_STYLE ('',( #6354 ) ) ;
#205 =( GEOMETRIC_REPRESENTATION_CONTEXT ( 3 ) GLOBAL_UNCERTAINTY_ASSIGNED_CONTEXT ( ( #2455 ) ) GLOBAL_UNIT_ASSIGNED_CONTEXT ( ( #7427, #3646, #8081 ) ) REPRESENTATION_CONTEXT ( 'NONE', 'WORKASPACE' ) );
#206 = ADVANCED_FACE ( 'NONE', ( #1897 ), #4487, .T. ) ;
#207 = CARTESIAN_POINT ( 'NONE',  ( -1.571558787423838500E-032, 0.6949999999999999500, 0.0000000000000000000 ) ) ;
#208 = EDGE_CURVE ( 'NONE', #8257, #5264, #1095, .T. ) ;
#209 = CARTESIAN_POINT ( 'NONE',  ( -0.1250039847908354700, 0.2666795047940768700, -0.3897247990695031900 ) ) ;
#210 = DIRECTION ( 'NONE',  ( 0.4472135954999580400, -0.0000000000000000000, 0.8944271909999157400 ) ) ;
#211 = DIRECTION ( 'NONE',  ( -0.4472135954999580400, 0.0000000000000000000, -0.8944271909999157400 ) ) ;
#212 = ADVANCED_FACE ( 'NONE', ( #2809, #7657 ), #328, .F. ) ;
#213 = ORIENTED_EDGE ( 'NONE', *, *, #4365, .F. ) ;
#214 = ORIENTED_EDGE ( 'NONE', *, *, #7476, .T. ) ;
#215 = CYLINDRICAL_SURFACE ( 'NONE', #219, 0.1000000000000000500 ) ;
#216 = CARTESIAN_POINT ( 'NONE',  ( 5.354393754902067000E-017, 0.005000000000000077300, 0.0000000000000000000 ) ) ;
#217 = CARTESIAN_POINT ( 'NONE',  ( -0.03638792666258065800, -1.216459714962222000, -0.2949462734239072800 ) ) ;
#218 = MECHANICAL_DESIGN_GEOMETRIC_PRESENTATION_REPRESENTATION (  '', ( #6767 ), #639 ) ;
#219 = AXIS2_PLACEMENT_3D ( 'NONE', #6775, #1693, #6164 ) ;
#220 = CARTESIAN_POINT ( 'NONE',  ( 0.1175265972888180500, 0.3204703966873699300, -0.3766898748846740900 ) ) ;
#221 = STYLED_ITEM ( 'NONE', ( #716 ), #5379 ) ;
#222 = CARTESIAN_POINT ( 'NONE',  ( 0.1249999999999997400, 0.2666198487095638400, -0.3792098549233096100 ) ) ;
#223 = COLOUR_RGB ( '',0.1098039215686274500, 0.1098039215686274500, 0.1098039215686274500 ) ;
#224 = ITEM_DEFINED_TRANSFORMATION ( 'NONE', 'NONE', #8181,  #4353 ) ;
#225 = CARTESIAN_POINT ( 'NONE',  ( 1.270000000000000000, -1.294999999999999900, -0.6700000000000002600 ) ) ;
#226 = CARTESIAN_POINT ( 'NONE',  ( -0.02835339474166083700, -1.174980098427801200, -0.2616015655475023000 ) ) ;
#227 = STYLED_ITEM ( 'NONE', ( #7415 ), #6748 ) ;
#228 = CARTESIAN_POINT ( 'NONE',  ( 0.3939249933206986400, 0.3543379074933976600, 4.824189821743360500E-017 ) ) ;
#229 = AXIS2_PLACEMENT_3D ( 'NONE', #5450, #1650, #6092 ) ;
#230 = ORIENTED_EDGE ( 'NONE', *, *, #3459, .F. ) ;
#231 = PRESENTATION_STYLE_ASSIGNMENT (( #764 ) ) ;
#232 = CARTESIAN_POINT ( 'NONE',  ( 0.07211278296297782300, 0.3989438091790684600, 0.3872681847196421900 ) ) ;
#233 = DIRECTION ( 'NONE',  ( -1.447553700753488400E-016, 1.000000000000000000, -0.0000000000000000000 ) ) ;
#234 = CARTESIAN_POINT ( 'NONE',  ( -0.04507414848472786300, -0.9255700167423660500, 0.2902958626632082800 ) ) ;
#235 = CARTESIAN_POINT ( 'NONE',  ( -0.03309163368927337700, 0.3965147622562474900, -0.4280576153792972100 ) ) ;
#236 = ORIENTED_EDGE ( 'NONE', *, *, #2121, .F. ) ;
#237 = CARTESIAN_POINT ( 'NONE',  ( 4.413854548768851300E-016, -2.674289321881344600, 0.0000000000000000000 ) ) ;
#238 = FILL_AREA_STYLE_COLOUR ( '', #3576 ) ;
#239 = AXIS2_PLACEMENT_3D ( 'NONE', #5261, #198, #4658 ) ;
#240 = DIRECTION ( 'NONE',  ( 0.0000000000000000000, 0.0000000000000000000, 1.000000000000000000 ) ) ;
#241 = UNCERTAINTY_MEASURE_WITH_UNIT (LENGTH_MEASURE( 1.000000000000000100E-005 ), #6017, 'distance_accuracy_value', 'NONE');
#242 = EDGE_CURVE ( 'NONE', #7558, #5174, #7538, .T. ) ;
#243 = CARTESIAN_POINT ( 'NONE',  ( -1.270000000000000000, -1.954016994374949500, -0.7700000000000016800 ) ) ;
#244 = ORIENTED_EDGE ( 'NONE', *, *, #1100, .T. ) ;
#245 = STYLED_ITEM ( 'NONE', ( #4732 ), #2176 ) ;
#246 = CARTESIAN_POINT ( 'NONE',  ( 0.06474188712309260400, 0.3831853566218939600, -0.4353438836609454500 ) ) ;
#247 = DIRECTION ( 'NONE',  ( -1.447553700753488400E-016, 1.000000000000000000, -0.0000000000000000000 ) ) ;
#248 = ORIENTED_EDGE ( 'NONE', *, *, #3389, .T. ) ;
#249 = VECTOR ( 'NONE', #3451, 1000.000000000000000 ) ;
#250 = FILL_AREA_STYLE ('',( #6574 ) ) ;
#251 = ADVANCED_FACE ( 'NONE', ( #7046 ), #1990, .T. ) ;
#252 = EDGE_LOOP ( 'NONE', ( #1451, #2542, #3466 ) ) ;
#253 = ADVANCED_FACE ( 'NONE', ( #6856 ), #6054, .T. ) ;
#254 = EDGE_CURVE ( 'NONE', #2605, #3040, #5166, .T. ) ;
#255 =( NAMED_UNIT ( * ) PLANE_ANGLE_UNIT ( ) SI_UNIT ( $, .RADIAN. ) );
#256 = PRESENTATION_LAYER_ASSIGNMENT (  '', '', ( #8085 ) ) ;
#257 = CARTESIAN_POINT ( 'NONE',  ( 0.04688860007331013100, -1.168710141581216000, 0.2353235380017169900 ) ) ;
#258 = EDGE_LOOP ( 'NONE', ( #6675, #1144, #3797, #1473 ) ) ;
#259 = CARTESIAN_POINT ( 'NONE',  ( -0.09744885037487344100, 0.3792701775485760000, 0.3818731521765201800 ) ) ;
#260 = PRESENTATION_STYLE_ASSIGNMENT (( #7700 ) ) ;
#261 = VECTOR ( 'NONE', #336, 1000.000000000000000 ) ;
#262 = CARTESIAN_POINT ( 'NONE',  ( 0.1249999999999997400, 0.2666198487095638400, 0.3792098549233096100 ) ) ;
#263 = SURFACE_STYLE_USAGE ( .BOTH. , #4084 ) ;
#264 = AXIS2_PLACEMENT_3D ( 'NONE', #900, #5352, #1534 ) ;
#265 = AXIS2_PLACEMENT_3D ( 'NONE', #2373, #6802, #3014 ) ;
#266 = DIRECTION ( 'NONE',  ( 1.447553700753488400E-016, -1.000000000000000000, 0.0000000000000000000 ) ) ;
#267 = ORIENTED_EDGE ( 'NONE', *, *, #2392, .T. ) ;
#268 = CARTESIAN_POINT ( 'NONE',  ( 0.6000000000000003100, -2.674289321881344600, 7.347880794884120200E-017 ) ) ;
#269 = CIRCLE ( 'NONE', #1936, 0.3939249933206986400 ) ;
#270 = CARTESIAN_POINT ( 'NONE',  ( -0.03068726934371115300, 0.3972158409712646100, -0.3619532547564144300 ) ) ;
#271 = SURFACE_SIDE_STYLE ('',( #8234 ) ) ;
#272 = CARTESIAN_POINT ( 'NONE',  ( 2.975399468465936100E-018, 0.3543379074933976100, 0.0000000000000000000 ) ) ;
#273 = CARTESIAN_POINT ( 'NONE',  ( -0.6099999999999994300, 0.6550000000000000300, 0.0000000000000000000 ) ) ;
#274 = CIRCLE ( 'NONE', #2844, 0.02000000000000000000 ) ;
#275 = EDGE_LOOP ( 'NONE', ( #7638, #6224, #3916, #8240 ) ) ;
#276 =( GEOMETRIC_REPRESENTATION_CONTEXT ( 3 ) GLOBAL_UNCERTAINTY_ASSIGNED_CONTEXT ( ( #1007 ) ) GLOBAL_UNIT_ASSIGNED_CONTEXT ( ( #190, #4656, #828 ) ) REPRESENTATION_CONTEXT ( 'NONE', 'WORKASPACE' ) );
#277 = ORIENTED_EDGE ( 'NONE', *, *, #3921, .F. ) ;
#278 = FACE_OUTER_BOUND ( 'NONE', #7211, .T. ) ;
#279 = DIRECTION ( 'NONE',  ( 2.168404344971007700E-015, 0.0000000000000000000, 1.000000000000000000 ) ) ;
#280 = FACE_OUTER_BOUND ( 'NONE', #7771, .T. ) ;
#281 = EDGE_LOOP ( 'NONE', ( #1705, #6107, #493, #4004 ) ) ;
#282 = PRESENTATION_STYLE_ASSIGNMENT (( #5886 ) ) ;
#283 =( BOUNDED_SURFACE ( )  B_SPLINE_SURFACE ( 3, 2, ( 
 ( #7991, #6733, #8021 ),
 ( #4212, #397, #4842 ),
 ( #1039, #5479, #1683 ),
 ( #6122, #2329, #6762 ) ),
 .UNSPECIFIED., .F., .F., .F. ) 
 B_SPLINE_SURFACE_WITH_KNOTS ( ( 4, 4 ),
 ( 3, 3 ),
 ( 5.496754854723837100E-005, 5.932292643312253700E-005 ),
 ( 0.0000000000000000000, 1.000000000000000000 ),
 .UNSPECIFIED. ) 
 GEOMETRIC_REPRESENTATION_ITEM ( )  RATIONAL_B_SPLINE_SURFACE ( (
 ( 1.000000000000000000, 0.7769974643760584300, 1.000000000000000000),
 ( 1.000000000000000000, 0.7810682655349879800, 1.000000000000000000),
 ( 1.000000000000000000, 0.7851960141384588500, 1.000000000000000000),
 ( 1.000000000000000000, 0.7893827206234762500, 1.000000000000000000) ) ) 
 REPRESENTATION_ITEM ( '' )  SURFACE ( )  );
#284 = DIRECTION ( 'NONE',  ( -1.447553700753488400E-016, 1.000000000000000000, -0.0000000000000000000 ) ) ;
#285 = DIRECTION ( 'NONE',  ( -1.224646799147353200E-016, -1.772742006221665100E-032, 1.000000000000000000 ) ) ;
#286 = AXIS2_PLACEMENT_3D ( 'NONE', #4016, #203, #4664 ) ;
#287 = ADVANCED_FACE ( 'NONE', ( #5371 ), #3477, .T. ) ;
#288 = CARTESIAN_POINT ( 'NONE',  ( 0.04784238332212933900, -1.168868921937331400, -0.2301144326776780900 ) ) ;
#289 = TOROIDAL_SURFACE ( 'NONE', #3792, 0.6399999999999993500, 0.02999999999999999900 ) ;
#290 = CARTESIAN_POINT ( 'NONE',  ( 0.05027215609988661800, -1.152323136463837100, -0.02052025754346469700 ) ) ;
#291 = EDGE_CURVE ( 'NONE', #7841, #6204, #1786, .T. ) ;
#292 = CIRCLE ( 'NONE', #8140, 0.5853553390593273500 ) ;
#293 = VERTEX_POINT ( 'NONE', #3293 ) ;
#294 = DIRECTION ( 'NONE',  ( -0.005953837729687281100, -0.08880862533598039800, -0.9960309131157638600 ) ) ;
#295 = ADVANCED_FACE ( 'NONE', ( #74 ), #2695, .T. ) ;
#296 = CARTESIAN_POINT ( 'NONE',  ( 0.1267477734239713700, 0.2926899840119959700, 0.3813956756481546900 ) ) ;
#297 = VERTEX_POINT ( 'NONE', #3972 ) ;
#298 = DIRECTION ( 'NONE',  ( 1.000000000000000000, 0.0000000000000000000, 0.0000000000000000000 ) ) ;
#299 = UNCERTAINTY_MEASURE_WITH_UNIT (LENGTH_MEASURE( 1.000000000000000100E-005 ), #6972, 'distance_accuracy_value', 'NONE');
#300 = CARTESIAN_POINT ( 'NONE',  ( -0.09897661204258267900, 0.3530595351822681800, -0.4417628769645266500 ) ) ;
#301 = TOROIDAL_SURFACE ( 'NONE', #2783, 0.2818987432021535800, 0.02000000000000000000 ) ;
#302 = EDGE_LOOP ( 'NONE', ( #6489, #4593, #2167, #2242 ) ) ;
#303 = SURFACE_STYLE_FILL_AREA ( #4437 ) ;
#304 = EDGE_CURVE ( 'NONE', #7281, #1447, #3121, .T. ) ;
#305 = CARTESIAN_POINT ( 'NONE',  ( -1.208196601125011400, 1.395000000000000000, -0.6700000000000002600 ) ) ;
#306 = CARTESIAN_POINT ( 'NONE',  ( 0.1274222360536740600, 0.3525217918728547600, -0.4251583462475507200 ) ) ;
#307 =( LENGTH_UNIT ( ) NAMED_UNIT ( * ) SI_UNIT ( .MILLI., .METRE. ) );
#308 = CARTESIAN_POINT ( 'NONE',  ( -3.909949929920257800E-017, 0.6449999999999999100, 0.0000000000000000000 ) ) ;
#309 = MECHANICAL_DESIGN_GEOMETRIC_PRESENTATION_REPRESENTATION (  '', ( #7709 ), #723 ) ;
#310 = DIRECTION ( 'NONE',  ( 1.000000000000000000, -0.0000000000000000000, 0.0000000000000000000 ) ) ;
#311 = ORIENTED_EDGE ( 'NONE', *, *, #903, .T. ) ;
#312 = VERTEX_POINT ( 'NONE', #3353 ) ;
#313 = FACE_OUTER_BOUND ( 'NONE', #3073, .T. ) ;
#314 = CARTESIAN_POINT ( 'NONE',  ( 0.1201464875075534000, 0.3104938024899927500, 0.3966895875056593600 ) ) ;
#315 = MECHANICAL_DESIGN_GEOMETRIC_PRESENTATION_REPRESENTATION (  '', ( #7270 ), #734 ) ;
#316 = DIRECTION ( 'NONE',  ( -0.8944271909999158600, 0.0000000000000000000, -0.4472135954999580900 ) ) ;
#317 = AXIS2_PLACEMENT_3D ( 'NONE', #3997, #4668, #842 ) ;
#318 = CARTESIAN_POINT ( 'NONE',  ( 0.04591783395217299800, -1.154926136612982800, -0.2517853258962936500 ) ) ;
#319 =( LENGTH_UNIT ( ) NAMED_UNIT ( * ) SI_UNIT ( .MILLI., .METRE. ) );
#320 = EDGE_CURVE ( 'NONE', #6067, #4164, #6058, .T. ) ;
#321 = DIRECTION ( 'NONE',  ( -1.447553700753488400E-016, 1.000000000000000000, -0.0000000000000000000 ) ) ;
#322 = CARTESIAN_POINT ( 'NONE',  ( -0.5999999999999999800, 1.395000000000000000, 0.0000000000000000000 ) ) ;
#323 = DIRECTION ( 'NONE',  ( -1.000000000000000000, 0.0000000000000000000, 0.0000000000000000000 ) ) ;
#324 = MECHANICAL_DESIGN_GEOMETRIC_PRESENTATION_REPRESENTATION (  '', ( #7282 ), #748 ) ;
#325 = CARTESIAN_POINT ( 'NONE',  ( -0.1250000000000000600, 0.2666198487095667900, -0.3787964849737373000 ) ) ;
#326 = CARTESIAN_POINT ( 'NONE',  ( 2.313301502529483700E-016, -1.223183884379456200, 0.0000000000000000000 ) ) ;
#327 = SPHERICAL_SURFACE ( 'NONE', #7819, 0.2550000000000012300 ) ;
#328 = PLANE ( 'NONE',  #2731 ) ;
#329 = FILL_AREA_STYLE_COLOUR ( '', #2590 ) ;
#330 =( NAMED_UNIT ( * ) PLANE_ANGLE_UNIT ( ) SI_UNIT ( $, .RADIAN. ) );
#331 =( LENGTH_UNIT ( ) NAMED_UNIT ( * ) SI_UNIT ( .MILLI., .METRE. ) );
#332 = CARTESIAN_POINT ( 'NONE',  ( -0.6499999999999994700, 0.04500000000000002600, 7.960204194457789300E-017 ) ) ;
#333 = ADVANCED_FACE ( 'NONE', ( #4381 ), #7146, .F. ) ;
#334 = CARTESIAN_POINT ( 'NONE',  ( -0.1180273429977300000, 0.3525217918726890100, -0.3757410748851473500 ) ) ;
#335 = ORIENTED_EDGE ( 'NONE', *, *, #3232, .F. ) ;
#336 = DIRECTION ( 'NONE',  ( 0.3162277660168380000, 0.9486832980505137700, 3.872673214540389200E-017 ) ) ;
#337 = CIRCLE ( 'NONE', #5999, 0.02999999999999997100 ) ;
#338 = AXIS2_PLACEMENT_3D ( 'NONE', #3817, #6330, #7635 ) ;
#339 = CARTESIAN_POINT ( 'NONE',  ( -0.02007002526113857400, 0.3993359599037472600, 0.4294705106277368900 ) ) ;
#340 = STYLED_ITEM ( 'NONE', ( #1660 ), #1506 ) ;
#341 = ORIENTED_EDGE ( 'NONE', *, *, #7021, .T. ) ;
#342 = EDGE_CURVE ( 'NONE', #138, #4131, #3788, .T. ) ;
#343 = VERTEX_POINT ( 'NONE', #1493 ) ;
#344 = TOROIDAL_SURFACE ( 'NONE', #5778, 0.3049999999999997200, 0.05000000000000000300 ) ;
#345 = CIRCLE ( 'NONE', #118, 0.6115395010584838700 ) ;
#346 = DIRECTION ( 'NONE',  ( -1.447553700753488400E-016, 1.000000000000000000, -0.0000000000000000000 ) ) ;
#347 = B_SPLINE_CURVE_WITH_KNOTS ( 'NONE', 3,
 ( #7968, #2895, #1738, #6187, #2395, #6821, #3027, #7452, #3665, #8100, #4303, #487, #4933, #1128, #5569, #1765 ),
 .UNSPECIFIED., .F., .F.,
 ( 4, 3, 3, 3, 3, 4 ),
 ( 0.0000000000000000000, 8.485306052686450100E-006, 2.192734812241252100E-005, 3.563410791424245400E-005, 4.958064880819448300E-005, 6.351100452191082300E-005 ),
 .UNSPECIFIED. ) ;
#348 = DIRECTION ( 'NONE',  ( -1.447553700753488400E-016, 1.000000000000000000, -0.0000000000000000000 ) ) ;
#349 = CARTESIAN_POINT ( 'NONE',  ( 7.764441927118195700E-017, -0.1614911064067355900, 0.0000000000000000000 ) ) ;
#350 = EDGE_LOOP ( 'NONE', ( #6394, #7673, #6930, #2153 ) ) ;
#351 = EDGE_LOOP ( 'NONE', ( #1302, #480, #3838, #5089 ) ) ;
#352 =( GEOMETRIC_REPRESENTATION_CONTEXT ( 3 ) GLOBAL_UNCERTAINTY_ASSIGNED_CONTEXT ( ( #3150 ) ) GLOBAL_UNIT_ASSIGNED_CONTEXT ( ( #5676, #1866, #6308 ) ) REPRESENTATION_CONTEXT ( 'NONE', 'WORKASPACE' ) );
#353 =( LENGTH_UNIT ( ) NAMED_UNIT ( * ) SI_UNIT ( .MILLI., .METRE. ) );
#354 = EDGE_CURVE ( 'NONE', #3729, #1334, #386, .T. ) ;
#355 = CARTESIAN_POINT ( 'NONE',  ( -0.5999999999999995300, 1.395000000000000000, 0.0000000000000000000 ) ) ;
#356 = AXIS2_PLACEMENT_3D ( 'NONE', #3861, #16, #4503 ) ;
#357 =( NAMED_UNIT ( * ) SI_UNIT ( $, .STERADIAN. ) SOLID_ANGLE_UNIT ( ) );
#358 = ORIENTED_EDGE ( 'NONE', *, *, #2191, .F. ) ;
#359 = PRESENTATION_STYLE_ASSIGNMENT (( #153 ) ) ;
#360 = DIRECTION ( 'NONE',  ( 1.000000000000000000, 0.0000000000000000000, -1.084202172485506600E-015 ) ) ;
#361 = CARTESIAN_POINT ( 'NONE',  ( -0.02857818474717663300, -1.171627086087609500, -0.2413803608990382800 ) ) ;
#362 = CARTESIAN_POINT ( 'NONE',  ( 0.02513773585898748300, -1.222945504588554200, 0.2763272670030129700 ) ) ;
#363 = PRESENTATION_STYLE_ASSIGNMENT (( #6786 ) ) ;
#364 = CARTESIAN_POINT ( 'NONE',  ( -0.5853553390593269100, -2.709644660940672800, 0.0000000000000000000 ) ) ;
#365 = EDGE_CURVE ( 'NONE', #1370, #5090, #6947, .T. ) ;
#366 = CARTESIAN_POINT ( 'NONE',  ( -0.1257866875069146900, 0.2784404653830550000, 0.3907171121498325100 ) ) ;
#367 = DIRECTION ( 'NONE',  ( 1.000000000000000000, 1.221154686938586900E-016, 8.881784197001252300E-016 ) ) ;
#368 = CIRCLE ( 'NONE', #2247, 0.5999999999999998700 ) ;
#369 = ORIENTED_EDGE ( 'NONE', *, *, #4049, .F. ) ;
#370 = ADVANCED_FACE ( 'NONE', ( #2087 ), #7849, .T. ) ;
#371 = ORIENTED_EDGE ( 'NONE', *, *, #3977, .F. ) ;
#372 = CYLINDRICAL_SURFACE ( 'NONE', #2210, 0.3939249933206986400 ) ;
#373 =( NAMED_UNIT ( * ) SI_UNIT ( $, .STERADIAN. ) SOLID_ANGLE_UNIT ( ) );
#374 = MECHANICAL_DESIGN_GEOMETRIC_PRESENTATION_REPRESENTATION (  '', ( #7339 ), #795 ) ;
#375 = STYLED_ITEM ( 'NONE', ( #3905 ), #5753 ) ;
#376 = AXIS2_PLACEMENT_3D ( 'NONE', #7278, #926, #3488 ) ;
#377 = FILL_AREA_STYLE_COLOUR ( '', #2434 ) ;
#378 = CARTESIAN_POINT ( 'NONE',  ( -0.02440953029200156700, -1.233807563365118700, 0.2991301420162078000 ) ) ;
#379 = VERTEX_POINT ( 'NONE', #2724 ) ;
#380 = DIRECTION ( 'NONE',  ( -1.000000000000000000, -0.0000000000000000000, -0.0000000000000000000 ) ) ;
#381 = CARTESIAN_POINT ( 'NONE',  ( -0.4203069233026768800, -2.428196922976590500, 0.0000000000000000000 ) ) ;
#382 = DIRECTION ( 'NONE',  ( 1.000000000000000000, 1.447553700753488400E-016, 0.0000000000000000000 ) ) ;
#383 = AXIS2_PLACEMENT_3D ( 'NONE', #4175, #360, #7348 ) ;
#384 = ORIENTED_EDGE ( 'NONE', *, *, #1645, .F. ) ;
#385 = DIRECTION ( 'NONE',  ( 1.000000000000000000, 0.0000000000000000000, 0.0000000000000000000 ) ) ;
#386 = CIRCLE ( 'NONE', #2135, 0.02000000000000002500 ) ;
#387 = B_SPLINE_CURVE_WITH_KNOTS ( 'NONE', 3,
 ( #1576, #7899, #6666, #2876, #7287, #3499, #7953 ),
 .UNSPECIFIED., .F., .F.,
 ( 4, 3, 4 ),
 ( 8.388959573857926100E-018, 0.0007624490145600585700, 0.001476255674934943800 ),
 .UNSPECIFIED. ) ;
#388 = CARTESIAN_POINT ( 'NONE',  ( -0.09754949968484479000, 0.3547580007083959700, 0.3982757991289155900 ) ) ;
#389 = LINE ( 'NONE', #4317, #1891 ) ;
#390 = CARTESIAN_POINT ( 'NONE',  ( 0.1069180516808265300, 0.3402937159746541900, 0.3947436973228081200 ) ) ;
#391 = DIRECTION ( 'NONE',  ( -1.447553700753488400E-016, 1.000000000000000000, -0.0000000000000000000 ) ) ;
#392 =( NAMED_UNIT ( * ) SI_UNIT ( $, .STERADIAN. ) SOLID_ANGLE_UNIT ( ) );
#393 = FACE_OUTER_BOUND ( 'NONE', #4283, .T. ) ;
#394 = ORIENTED_EDGE ( 'NONE', *, *, #2717, .F. ) ;
#395 = TOROIDAL_SURFACE ( 'NONE', #4161, 0.4792893218813447700, 0.05000000000000000300 ) ;
#396 = PRESENTATION_STYLE_ASSIGNMENT (( #67 ) ) ;
#397 = CARTESIAN_POINT ( 'NONE',  ( -0.1044759118374348800, 0.3442249074341065000, 0.3794649809902087000 ) ) ;
#398 = VECTOR ( 'NONE', #4389, 1000.000000000000000 ) ;
#399 = AXIS2_PLACEMENT_3D ( 'NONE', #6231, #1152, #1816 ) ;
#400 = CARTESIAN_POINT ( 'NONE',  ( -0.1069241233671471000, 0.3402872455622173400, 0.3947430299118224200 ) ) ;
#401 = CARTESIAN_POINT ( 'NONE',  ( -0.1158231730574851600, 0.3543379074933770100, -0.3765128058188850800 ) ) ;
#402 = EDGE_CURVE ( 'NONE', #147, #5090, #1287, .T. ) ;
#403 = B_SPLINE_CURVE_WITH_KNOTS ( 'NONE', 3,
 ( #4911, #7430, #4290, #5552 ),
 .UNSPECIFIED., .F., .F.,
 ( 4, 4 ),
 ( 0.0000000000000000000, 2.958413376639037400E-006 ),
 .UNSPECIFIED. ) ;
#404 = SURFACE_STYLE_FILL_AREA ( #3937 ) ;
#405 = MECHANICAL_DESIGN_GEOMETRIC_PRESENTATION_REPRESENTATION (  '', ( #7810 ), #824 ) ;
#406 = ORIENTED_EDGE ( 'NONE', *, *, #769, .T. ) ;
#407 = ORIENTED_EDGE ( 'NONE', *, *, #5060, .F. ) ;
#408 = SURFACE_SIDE_STYLE ('',( #5009 ) ) ;
#409 = FILL_AREA_STYLE_COLOUR ( '', #7579 ) ;
#410 = ORIENTED_EDGE ( 'NONE', *, *, #871, .F. ) ;
#411 = EDGE_CURVE ( 'NONE', #1101, #3354, #6919, .T. ) ;
#412 = CARTESIAN_POINT ( 'NONE',  ( -0.05041793203119473300, -1.152033872787638700, 0.01021674953720112600 ) ) ;
#413 = FILL_AREA_STYLE ('',( #1024 ) ) ;
#414 = CARTESIAN_POINT ( 'NONE',  ( 0.1069180516860517400, 0.3402937159660851000, -0.3947436973228438700 ) ) ;
#415 = ORIENTED_EDGE ( 'NONE', *, *, #2618, .F. ) ;
#416 = SURFACE_STYLE_USAGE ( .BOTH. , #4229 ) ;
#417 = ADVANCED_FACE ( 'NONE', ( #2991 ), #2516, .F. ) ;
#418 = STYLED_ITEM ( 'NONE', ( #6689 ), #3378 ) ;
#419 = CARTESIAN_POINT ( 'NONE',  ( 0.6399999999999993500, 0.005000000000000178800, 7.837739514543054300E-017 ) ) ;
#420 = DIRECTION ( 'NONE',  ( -0.8944271909999156300, 0.0000000000000000000, 0.4472135954999583700 ) ) ;
#421 = CARTESIAN_POINT ( 'NONE',  ( -0.04591783395217268600, -1.154926136612982800, 0.2517853258962937100 ) ) ;
#422 = VECTOR ( 'NONE', #6823, 1000.000000000000000 ) ;
#423 = CARTESIAN_POINT ( 'NONE',  ( -0.1378435408756131200, 0.2670981431876250400, -0.3606053945049982900 ) ) ;
#424 = CARTESIAN_POINT ( 'NONE',  ( 0.1249999999999998900, 0.2666198487095668400, 0.3897197719169301900 ) ) ;
#425 = CONTEXT_DEPENDENT_SHAPE_REPRESENTATION ( #3822, #6661 ) ;
#426 = PRESENTATION_LAYER_ASSIGNMENT (  '', '', ( #7386 ) ) ;
#427 = PRESENTATION_LAYER_ASSIGNMENT (  '', '', ( #8253 ) ) ;
#428 =( NAMED_UNIT ( * ) PLANE_ANGLE_UNIT ( ) SI_UNIT ( $, .RADIAN. ) );
#429 = ORIENTED_EDGE ( 'NONE', *, *, #5885, .F. ) ;
#430 = FACE_OUTER_BOUND ( 'NONE', #6274, .T. ) ;
#431 = TOROIDAL_SURFACE ( 'NONE', #6695, 0.2818987432021535800, 0.02000000000000000000 ) ;
#432 =( LENGTH_UNIT ( ) NAMED_UNIT ( * ) SI_UNIT ( .MILLI., .METRE. ) );
#433 = PRESENTATION_LAYER_ASSIGNMENT (  '', '', ( #8262 ) ) ;
#434 = SURFACE_STYLE_USAGE ( .BOTH. , #4253 ) ;
#435 = VERTEX_POINT ( 'NONE', #7196 ) ;
#436 = PRESENTATION_STYLE_ASSIGNMENT (( #7794 ) ) ;
#437 = CARTESIAN_POINT ( 'NONE',  ( -0.1250000000000000300, 0.2666198487095667900, -0.3897197719169305200 ) ) ;
#438 = SURFACE_SIDE_STYLE ('',( #3957 ) ) ;
#439 = FILL_AREA_STYLE_COLOUR ( '', #5661 ) ;
#440 = CARTESIAN_POINT ( 'NONE',  ( -0.02751749980527845200, -1.187448473213238900, -0.2283363398061075400 ) ) ;
#441 = DIRECTION ( 'NONE',  ( -1.447553700753488400E-016, 1.000000000000000000, -0.0000000000000000000 ) ) ;
#442 = DIRECTION ( 'NONE',  ( -1.447553700753488400E-016, 1.000000000000000000, -0.0000000000000000000 ) ) ;
#443 = CARTESIAN_POINT ( 'NONE',  ( 0.01732417645917964600, 0.4191215144211895000, -0.3935438644836477000 ) ) ;
#444 = ORIENTED_EDGE ( 'NONE', *, *, #6472, .F. ) ;
#445 = DIRECTION ( 'NONE',  ( 1.000000000000000000, 0.0000000000000000000, 0.0000000000000000000 ) ) ;
#446 = EDGE_LOOP ( 'NONE', ( #7875, #2147, #6663, #7537 ) ) ;
#447 = CIRCLE ( 'NONE', #8113, 0.6099999999999994300 ) ;
#448 = AXIS2_PLACEMENT_3D ( 'NONE', #3844, #1, #4482 ) ;
#449 = CARTESIAN_POINT ( 'NONE',  ( 0.0000000000000000000, 0.0000000000000000000, 0.0000000000000000000 ) ) ;
#450 = UNCERTAINTY_MEASURE_WITH_UNIT (LENGTH_MEASURE( 1.000000000000000100E-005 ), #5217, 'distance_accuracy_value', 'NONE');
#451 = CARTESIAN_POINT ( 'NONE',  ( -0.09289585452492807300, -0.2122519574548085200, -0.3303541405803200300 ) ) ;
#452 = CARTESIAN_POINT ( 'NONE',  ( -0.04199001048860033500, 0.4185481536464701900, 0.4498844407767839700 ) ) ;
#453 = EDGE_CURVE ( 'NONE', #3005, #664, #3986, .T. ) ;
#454 = VERTEX_POINT ( 'NONE', #7853 ) ;
#455 = FILL_AREA_STYLE_COLOUR ( '', #3528 ) ;
#456 = DIRECTION ( 'NONE',  ( 1.000000000000000000, 0.0000000000000000000, 0.0000000000000000000 ) ) ;
#457 = ORIENTED_EDGE ( 'NONE', *, *, #8038, .T. ) ;
#458 = DIRECTION ( 'NONE',  ( 1.084202172485507800E-015, 0.0000000000000000000, 1.000000000000000000 ) ) ;
#459 =( LENGTH_UNIT ( ) NAMED_UNIT ( * ) SI_UNIT ( .MILLI., .METRE. ) );
#460 = EDGE_CURVE ( 'NONE', #1110, #5375, #7346, .T. ) ;
#461 = LINE ( 'NONE', #5548, #261 ) ;
#462 = PRESENTATION_LAYER_ASSIGNMENT (  '', '', ( #7422 ) ) ;
#463 = DIRECTION ( 'NONE',  ( 0.0000000000000000000, 1.000000000000000000, 0.0000000000000000000 ) ) ;
#464 = CARTESIAN_POINT ( 'NONE',  ( 4.588589737599975400E-016, -2.795000000000000800, 0.0000000000000000000 ) ) ;
#465 = DIRECTION ( 'NONE',  ( 1.447553700753488400E-016, -1.000000000000000000, 0.0000000000000000000 ) ) ;
#466 = CARTESIAN_POINT ( 'NONE',  ( -0.02864497759686466000, -1.170630790684147300, 0.03845175828587042700 ) ) ;
#467 = SURFACE_SIDE_STYLE ('',( #1558 ) ) ;
#468 = SURFACE_STYLE_FILL_AREA ( #956 ) ;
#469 = ORIENTED_EDGE ( 'NONE', *, *, #6512, .T. ) ;
#470 = SURFACE_SIDE_STYLE ('',( #2700 ) ) ;
#471 = SURFACE_SIDE_STYLE ('',( #8023 ) ) ;
#472 = EDGE_CURVE ( 'NONE', #2850, #7619, #3979, .T. ) ;
#473 = AXIS2_PLACEMENT_3D ( 'NONE', #2786, #7199, #3406 ) ;
#474 = CARTESIAN_POINT ( 'NONE',  ( 0.02878892823778206700, 0.3969204783163031700, 0.4125780818979035700 ) ) ;
#475 = CIRCLE ( 'NONE', #1125, 0.4203069233026771000 ) ;
#476 = ORIENTED_EDGE ( 'NONE', *, *, #3547, .F. ) ;
#477 = CARTESIAN_POINT ( 'NONE',  ( -0.9099999999999993600, 1.365000000000000000, 0.0000000000000000000 ) ) ;
#478 = CARTESIAN_POINT ( 'NONE',  ( -0.1248607912308594700, 0.2645433830776201500, 0.4185491471246654000 ) ) ;
#479 = EDGE_CURVE ( 'NONE', #2348, #6975, #595, .T. ) ;
#480 = ORIENTED_EDGE ( 'NONE', *, *, #871, .T. ) ;
#481 = PRESENTATION_STYLE_ASSIGNMENT (( #2941 ) ) ;
#482 = DIRECTION ( 'NONE',  ( -1.000000000000000000, -2.409338161078879500E-016, 0.0000000000000000000 ) ) ;
#483 = LINE ( 'NONE', #2770, #5360 ) ;
#484 = ORIENTED_EDGE ( 'NONE', *, *, #1057, .T. ) ;
#485 = AXIS2_PLACEMENT_3D ( 'NONE', #5512, #1715, #6154 ) ;
#486 = CIRCLE ( 'NONE', #1554, 0.1000000000000000500 ) ;
#487 = CARTESIAN_POINT ( 'NONE',  ( 0.02766456134498671000, -1.185254874097137800, -0.2465700299196692300 ) ) ;
#488 = DIRECTION ( 'NONE',  ( -1.000000000000000000, 0.0000000000000000000, -0.0000000000000000000 ) ) ;
#489 = CARTESIAN_POINT ( 'NONE',  ( 0.1248607912308389400, 0.2645433830776166000, 0.4185491471247363400 ) ) ;
#490 = DIRECTION ( 'NONE',  ( -1.000000000000000000, -1.355252715606880800E-016, 0.0000000000000000000 ) ) ;
#491 = CARTESIAN_POINT ( 'NONE',  ( 7.264154555652880700E-016, -1.294999999999999700, -0.6699999999999988200 ) ) ;
#492 = CARTESIAN_POINT ( 'NONE',  ( 4.920127644676020900E-017, 0.03500000000000009400, 0.0000000000000000000 ) ) ;
#493 = ORIENTED_EDGE ( 'NONE', *, *, #2172, .T. ) ;
#494 = SURFACE_SIDE_STYLE ('',( #3357 ) ) ;
#495 =( NAMED_UNIT ( * ) SI_UNIT ( $, .STERADIAN. ) SOLID_ANGLE_UNIT ( ) );
#496 = CARTESIAN_POINT ( 'NONE',  ( -1.270000000000000000, -1.294999999999999700, 0.0000000000000000000 ) ) ;
#497 = CARTESIAN_POINT ( 'NONE',  ( 0.1049476582995811000, 0.3434191609326395200, 0.3956286048806620400 ) ) ;
#498 = UNCERTAINTY_MEASURE_WITH_UNIT (LENGTH_MEASURE( 1.000000000000000100E-005 ), #4881, 'distance_accuracy_value', 'NONE');
#499 = PRESENTATION_LAYER_ASSIGNMENT (  '', '', ( #45 ) ) ;
#500 = FILL_AREA_STYLE_COLOUR ( '', #191 ) ;
#501 = SURFACE_STYLE_USAGE ( .BOTH. , #4318 ) ;
#502 = EDGE_LOOP ( 'NONE', ( #837, #5647 ) ) ;
#503 = SURFACE_SIDE_STYLE ('',( #4564 ) ) ;
#504 = CARTESIAN_POINT ( 'NONE',  ( 0.1250656858299101500, 0.2675996315862969600, 0.3655387589310535900 ) ) ;
#505 = DIRECTION ( 'NONE',  ( 0.4472135954999579300, 0.0000000000000000000, -0.8944271909999158600 ) ) ;
#506 = DIRECTION ( 'NONE',  ( -1.000000000000000000, -1.355252715606881500E-016, 0.0000000000000000000 ) ) ;
#507 = ORIENTED_EDGE ( 'NONE', *, *, #1760, .F. ) ;
#508 = EDGE_LOOP ( 'NONE', ( #7665, #1970, #3635, #6567 ) ) ;
#509 = FACE_BOUND ( 'NONE', #2133, .T. ) ;
#510 = DIRECTION ( 'NONE',  ( 1.000000000000000000, 1.447553700753488400E-016, 0.0000000000000000000 ) ) ;
#511 = EDGE_CURVE ( 'NONE', #5105, #3830, #7147, .T. ) ;
#512 = PRESENTATION_LAYER_ASSIGNMENT (  '', '', ( #7917 ) ) ;
#513 = CARTESIAN_POINT ( 'NONE',  ( 0.1371261188296987200, 0.3017060979684805200, -0.3642923738142994600 ) ) ;
#514 =( NAMED_UNIT ( * ) SI_UNIT ( $, .STERADIAN. ) SOLID_ANGLE_UNIT ( ) );
#515 =( NAMED_UNIT ( * ) PLANE_ANGLE_UNIT ( ) SI_UNIT ( $, .RADIAN. ) );
#516 = DIRECTION ( 'NONE',  ( -1.084202172485505800E-015, 0.0000000000000000000, 1.000000000000000000 ) ) ;
#517 = CARTESIAN_POINT ( 'NONE',  ( -0.04925779255430060000, -1.155742883066885700, 0.07809320752417790700 ) ) ;
#518 = EDGE_CURVE ( 'NONE', #5892, #7486, #792, .T. ) ;
#519 = CARTESIAN_POINT ( 'NONE',  ( -0.1285795267148056600, 0.3508031453381385600, -0.4246460479037113500 ) ) ;
#520 = CARTESIAN_POINT ( 'NONE',  ( 0.1248607912308389400, 0.2645433830776166000, -0.4185491471247363400 ) ) ;
#521 = AXIS2_PLACEMENT_3D ( 'NONE', #7267, #3475, #7927 ) ;
#522 = CARTESIAN_POINT ( 'NONE',  ( 0.09950373417811578200, -0.4951457862975194900, -0.3527858476656497400 ) ) ;
#523 = CARTESIAN_POINT ( 'NONE',  ( 0.1249999999999998900, 0.2666198487095668400, -0.3897197719169302500 ) ) ;
#524 = DIRECTION ( 'NONE',  ( 1.447553700753488400E-016, -1.000000000000000000, 0.0000000000000000000 ) ) ;
#525 = CARTESIAN_POINT ( 'NONE',  ( 0.06161674357927152100, -0.6788173848205011400, 0.3101373001732764500 ) ) ;
#526 =( LENGTH_UNIT ( ) NAMED_UNIT ( * ) SI_UNIT ( .MILLI., .METRE. ) );
#527 = DIRECTION ( 'NONE',  ( 1.000000000000000000, 0.0000000000000000000, -1.224646799147355700E-016 ) ) ;
#528 = ORIENTED_EDGE ( 'NONE', *, *, #1219, .F. ) ;
#529 = STYLED_ITEM ( 'NONE', ( #690 ), #791 ) ;
#530 = AXIS2_PLACEMENT_3D ( 'NONE', #1072, #3607, #458 ) ;
#531 =( LENGTH_UNIT ( ) NAMED_UNIT ( * ) SI_UNIT ( .MILLI., .METRE. ) );
#532 = AXIS2_PLACEMENT_3D ( 'NONE', #3351, #7802, #3999 ) ;
#533 = FILL_AREA_STYLE_COLOUR ( '', #3394 ) ;
#534 = EDGE_LOOP ( 'NONE', ( #1868, #3644, #4078, #2493 ) ) ;
#535 = ORIENTED_EDGE ( 'NONE', *, *, #616, .T. ) ;
#536 = CARTESIAN_POINT ( 'NONE',  ( -0.04602336279310921500, -1.166624008986304900, -0.2418756372060026400 ) ) ;
#537 = CIRCLE ( 'NONE', #7091, 0.1000000000000000500 ) ;
#538 = UNCERTAINTY_MEASURE_WITH_UNIT (LENGTH_MEASURE( 1.000000000000000100E-005 ), #4072, 'distance_accuracy_value', 'NONE');
#539 = CARTESIAN_POINT ( 'NONE',  ( 0.1250656858299103200, 0.2675996315863000100, -0.3655387589310533100 ) ) ;
#540 = VECTOR ( 'NONE', #1863, 1000.000000000000000 ) ;
#541 = CARTESIAN_POINT ( 'NONE',  ( -0.03905297052356777900, 0.4003363636516529800, 0.3939342128793280100 ) ) ;
#542 = PRESENTATION_LAYER_ASSIGNMENT (  '', '', ( #969 ) ) ;
#543 = CARTESIAN_POINT ( 'NONE',  ( 0.03397201354942408500, -1.218260360858893300, 0.2931727449421186500 ) ) ;
#544 = CARTESIAN_POINT ( 'NONE',  ( -0.02774508302495207200, -1.184053796736255000, -0.1902634615680541500 ) ) ;
#545 = ORIENTED_EDGE ( 'NONE', *, *, #4512, .T. ) ;
#546 = CARTESIAN_POINT ( 'NONE',  ( -0.1069500050131849400, -0.2056458439791788200, 0.3262666793310057300 ) ) ;
#547 = ORIENTED_EDGE ( 'NONE', *, *, #7276, .T. ) ;
#548 = SURFACE_STYLE_FILL_AREA ( #7639 ) ;
#549 = CARTESIAN_POINT ( 'NONE',  ( 0.09150301173731711900, -0.2330278769365250500, -0.3535703795775630400 ) ) ;
#550 = CARTESIAN_POINT ( 'NONE',  ( 0.5999999999999997600, 1.395000000000000000, 7.347880794884117800E-017 ) ) ;
#551 =( BOUNDED_SURFACE ( )  B_SPLINE_SURFACE ( 3, 2, ( 
 ( #7577, #539, #8216 ),
 ( #4418, #594, #5048 ),
 ( #1241, #5688, #1879 ),
 ( #6322, #2538, #6958 ) ),
 .UNSPECIFIED., .F., .F., .T. ) 
 B_SPLINE_SURFACE_WITH_KNOTS ( ( 4, 4 ),
 ( 3, 3 ),
 ( 0.0000000000000000000, 9.021693963420765900E-005 ),
 ( 0.0000000000000000000, 1.000000000000000000 ),
 .UNSPECIFIED. ) 
 GEOMETRIC_REPRESENTATION_ITEM ( )  RATIONAL_B_SPLINE_SURFACE ( (
 ( 1.000000000000000000, 0.8248820918441184300, 1.000000000000000000),
 ( 1.000000000000000000, 0.8217586088672430600, 1.000000000000000000),
 ( 1.000000000000000000, 0.8028896973709642700, 1.000000000000000000),
 ( 1.000000000000000000, 0.7770244616207004900, 1.000000000000000000) ) ) 
 REPRESENTATION_ITEM ( '' )  SURFACE ( )  );
#552 = CARTESIAN_POINT ( 'NONE',  ( -0.04413439582682929200, -1.210105081657630200, 0.2975885388489649100 ) ) ;
#553 = CARTESIAN_POINT ( 'NONE',  ( 0.03003326316415992600, -1.149922847605605600, -0.2556207292921415200 ) ) ;
#554 = EDGE_LOOP ( 'NONE', ( #2051, #1429, #5749, #2309, #131, #1094, #2920, #547, #6769, #5942 ) ) ;
#555 = LINE ( 'NONE', #124, #5426 ) ;
#556 = CYLINDRICAL_SURFACE ( 'NONE', #5032, 0.1000000000000000500 ) ;
#557 = DIRECTION ( 'NONE',  ( -0.0000000000000000000, -0.0000000000000000000, -1.000000000000000000 ) ) ;
#558 = DIRECTION ( 'NONE',  ( 0.7399400733959484700, 0.6726727939963071900, 9.061652424452059800E-017 ) ) ;
#559 = EDGE_CURVE ( 'NONE', #3827, #1205, #2519, .T. ) ;
#560 = CARTESIAN_POINT ( 'NONE',  ( -0.1291690999461107500, 0.3300775332369459400, 0.3699126412416096600 ) ) ;
#561 = STYLED_ITEM ( 'NONE', ( #2154 ), #1932 ) ;
#562 =( NAMED_UNIT ( * ) PLANE_ANGLE_UNIT ( ) SI_UNIT ( $, .RADIAN. ) );
#563 = PRESENTATION_STYLE_ASSIGNMENT (( #1256 ) ) ;
#564 = CARTESIAN_POINT ( 'NONE',  ( 0.3293303437365930900, -2.795000000000000800, 4.033133513191157700E-017 ) ) ;
#565 = CARTESIAN_POINT ( 'NONE',  ( -0.1518986748799022700, 0.2634659119459659100, 0.4083876577056279600 ) ) ;
#566 = DIRECTION ( 'NONE',  ( -2.168404344971007700E-015, 0.0000000000000000000, 1.000000000000000000 ) ) ;
#567 = CARTESIAN_POINT ( 'NONE',  ( 1.370000000000000100, -1.294999999999999900, -0.6700000000000002600 ) ) ;
#568 = EDGE_CURVE ( 'NONE', #4844, #5918, #5674, .T. ) ;
#569 = CIRCLE ( 'NONE', #532, 0.05000000000000002400 ) ;
#570 = ORIENTED_EDGE ( 'NONE', *, *, #3137, .F. ) ;
#571 = MECHANICAL_DESIGN_GEOMETRIC_PRESENTATION_REPRESENTATION (  '', ( #7107 ), #1002 ) ;
#572 = CARTESIAN_POINT ( 'NONE',  ( 0.1271363873302837100, 0.3526719237002786700, 0.4252583076309616200 ) ) ;
#573 = EDGE_LOOP ( 'NONE', ( #3575, #6873, #1343 ) ) ;
#574 = CARTESIAN_POINT ( 'NONE',  ( -0.1165700903499645400, 0.3537364182653261500, 0.3762830385188349300 ) ) ;
#575 = FACE_OUTER_BOUND ( 'NONE', #767, .T. ) ;
#576 = CARTESIAN_POINT ( 'NONE',  ( 0.1170680565608259200, -0.2423166182148810400, 0.3717848444710318800 ) ) ;
#577 = FILL_AREA_STYLE_COLOUR ( '', #5044 ) ;
#578 = COLOUR_RGB ( '',0.1098039215686274500, 0.1098039215686274500, 0.1098039215686274500 ) ;
#579 = CARTESIAN_POINT ( 'NONE',  ( -0.3939249933206987500, 0.8795106857790894200, 0.0000000000000000000 ) ) ;
#580 = ORIENTED_EDGE ( 'NONE', *, *, #1803, .F. ) ;
#581 =( NAMED_UNIT ( * ) SI_UNIT ( $, .STERADIAN. ) SOLID_ANGLE_UNIT ( ) );
#582 = PRESENTATION_STYLE_ASSIGNMENT (( #885 ) ) ;
#583 = PRESENTATION_LAYER_ASSIGNMENT (  '', '', ( #149 ) ) ;
#584 = MECHANICAL_DESIGN_GEOMETRIC_PRESENTATION_REPRESENTATION (  '', ( #7118 ), #1013 ) ;
#585 = CARTESIAN_POINT ( 'NONE',  ( -7.620000000000000100, 0.0000000000000000000, 0.0000000000000000000 ) ) ;
#586 = CARTESIAN_POINT ( 'NONE',  ( 1.208196601125010500, -1.395000000000000000, 0.6700000000000001500 ) ) ;
#587 = CARTESIAN_POINT ( 'NONE',  ( 0.06020760464785775800, -0.6998363808173625500, -0.3077258192088515000 ) ) ;
#588 = EDGE_LOOP ( 'NONE', ( #4679, #4594, #732, #3382 ) ) ;
#589 = PRESENTATION_LAYER_ASSIGNMENT (  '', '', ( #159 ) ) ;
#590 = CARTESIAN_POINT ( 'NONE',  ( 0.1035414089365428400, 0.3455772700076089100, -0.3802909502608246000 ) ) ;
#591 = VERTEX_POINT ( 'NONE', #7933 ) ;
#592 = CARTESIAN_POINT ( 'NONE',  ( 0.1274222360536740600, 0.3525217918728547600, -0.4251583462475507200 ) ) ;
#593 = CIRCLE ( 'NONE', #6288, 0.05000000000000002400 ) ;
#594 = CARTESIAN_POINT ( 'NONE',  ( 0.1266853402121632900, 0.2949342829126024900, -0.3676285765620863600 ) ) ;
#595 = CIRCLE ( 'NONE', #264, 0.1000000000000000300 ) ;
#596 = UNCERTAINTY_MEASURE_WITH_UNIT (LENGTH_MEASURE( 1.000000000000000100E-005 ), #2330, 'distance_accuracy_value', 'NONE');
#597 = DIRECTION ( 'NONE',  ( -0.8538019137655390400, -0.5205980138747199300, 0.0000000000000000000 ) ) ;
#598 = CARTESIAN_POINT ( 'NONE',  ( 0.9099999999999993600, 0.7150000000000001900, 1.114428587224090700E-016 ) ) ;
#599 = CIRCLE ( 'NONE', #7219, 0.4438423657390882000 ) ;
#600 = ORIENTED_EDGE ( 'NONE', *, *, #3547, .T. ) ;
#601 = ORIENTED_EDGE ( 'NONE', *, *, #6564, .T. ) ;
#602 = DIRECTION ( 'NONE',  ( -0.8944271909999160800, 0.0000000000000000000, 0.4472135954999574800 ) ) ;
#603 = SURFACE_STYLE_FILL_AREA ( #3634 ) ;
#604 = CARTESIAN_POINT ( 'NONE',  ( 0.04784238332212933900, -1.168868921937331400, 0.2301144326776780900 ) ) ;
#605 = MECHANICAL_DESIGN_GEOMETRIC_PRESENTATION_REPRESENTATION (  '', ( #8014 ), #1033 ) ;
#606 =( GEOMETRIC_REPRESENTATION_CONTEXT ( 3 ) GLOBAL_UNCERTAINTY_ASSIGNED_CONTEXT ( ( #299 ) ) GLOBAL_UNIT_ASSIGNED_CONTEXT ( ( #6972, #3176, #7614 ) ) REPRESENTATION_CONTEXT ( 'NONE', 'WORKASPACE' ) );
#607 = SURFACE_SIDE_STYLE ('',( #5408 ) ) ;
#608 = CARTESIAN_POINT ( 'NONE',  ( 4.775372274600670600E-017, 0.04500000000000011600, 0.0000000000000000000 ) ) ;
#609 = EDGE_CURVE ( 'NONE', #4164, #7913, #3799, .T. ) ;
#610 = CARTESIAN_POINT ( 'NONE',  ( 0.1158236843077577600, 0.3543379074933975500, 0.3765126485472822800 ) ) ;
#611 = ORIENTED_EDGE ( 'NONE', *, *, #4735, .F. ) ;
#612 = ORIENTED_EDGE ( 'NONE', *, *, #7536, .F. ) ;
#613 = APPLICATION_PROTOCOL_DEFINITION ( 'draft international standard', 'automotive_design', 1998, #4431 ) ;
#614 = FILL_AREA_STYLE ('',( #3801 ) ) ;
#615 = SURFACE_SIDE_STYLE ('',( #303 ) ) ;
#616 = EDGE_CURVE ( 'NONE', #695, #1771, #1018, .T. ) ;
#617 = DIRECTION ( 'NONE',  ( -1.447553700753488400E-016, 1.000000000000000000, -0.0000000000000000000 ) ) ;
#618 = AXIS2_PLACEMENT_3D ( 'NONE', #7586, #3793, #8223 ) ;
#619 = CARTESIAN_POINT ( 'NONE',  ( 0.03001400578946943400, -1.150210094428825200, -0.04004634616228704800 ) ) ;
#620 = CARTESIAN_POINT ( 'NONE',  ( -0.2549999999999990100, -2.845000000000000600, 0.0000000000000000000 ) ) ;
#621 = CARTESIAN_POINT ( 'NONE',  ( -0.1139144063399336900, 0.3594171500163140200, 0.4291867700377026700 ) ) ;
#622 = CARTESIAN_POINT ( 'NONE',  ( 0.1249999999999997400, 0.2666198487095638400, 0.4322904116447698900 ) ) ;
#623 = ORIENTED_EDGE ( 'NONE', *, *, #2553, .T. ) ;
#624 = SURFACE_STYLE_USAGE ( .BOTH. , #4444 ) ;
#625 = LINE ( 'NONE', #620, #7181 ) ;
#626 = EDGE_CURVE ( 'NONE', #4166, #3729, #2097, .T. ) ;
#627 = DIRECTION ( 'NONE',  ( 1.447553700753488400E-016, -1.000000000000000000, 0.0000000000000000000 ) ) ;
#628 = DIRECTION ( 'NONE',  ( 0.8378260164632646000, 0.5459373280306976100, 2.710505431213760700E-015 ) ) ;
#629 = STYLED_ITEM ( 'NONE', ( #3976 ), #4096 ) ;
#630 = CARTESIAN_POINT ( 'NONE',  ( -0.02994456013349137600, -1.151245959617459300, -0.2721492054816726500 ) ) ;
#631 = EDGE_CURVE ( 'NONE', #1153, #6847, #6959, .T. ) ;
#632 = ORIENTED_EDGE ( 'NONE', *, *, #5677, .F. ) ;
#633 = CIRCLE ( 'NONE', #2668, 0.2550000000000012300 ) ;
#634 = PRESENTATION_STYLE_ASSIGNMENT (( #4352 ) ) ;
#635 = SURFACE_STYLE_FILL_AREA ( #2000 ) ;
#636 = SURFACE_SIDE_STYLE ('',( #8222 ) ) ;
#637 = CARTESIAN_POINT ( 'NONE',  ( -4.633726780297002800E-017, 0.6949999999999999500, 0.0000000000000000000 ) ) ;
#638 = VERTEX_POINT ( 'NONE', #564 ) ;
#639 =( GEOMETRIC_REPRESENTATION_CONTEXT ( 3 ) GLOBAL_UNCERTAINTY_ASSIGNED_CONTEXT ( ( #8050 ) ) GLOBAL_UNIT_ASSIGNED_CONTEXT ( ( #4336, #515, #4962 ) ) REPRESENTATION_CONTEXT ( 'NONE', 'WORKASPACE' ) );
#640 = PRESENTATION_LAYER_ASSIGNMENT (  '', '', ( #7618 ) ) ;
#641 = EDGE_LOOP ( 'NONE', ( #4867, #5001, #7507, #2308 ) ) ;
#642 = COLOUR_RGB ( '',0.8941176470588234600, 0.9137254901960784000, 0.9294117647058823800 ) ;
#643 = VECTOR ( 'NONE', #1431, 1000.000000000000000 ) ;
#644 = UNCERTAINTY_MEASURE_WITH_UNIT (LENGTH_MEASURE( 1.000000000000000100E-005 ), #7522, 'distance_accuracy_value', 'NONE');
#645 = SURFACE_STYLE_USAGE ( .BOTH. , #4461 ) ;
#646 = PRESENTATION_STYLE_ASSIGNMENT (( #7742 ) ) ;
#647 = DIRECTION ( 'NONE',  ( 0.0000000000000000000, 0.0000000000000000000, 1.000000000000000000 ) ) ;
#648 = CARTESIAN_POINT ( 'NONE',  ( 0.04813080590179209800, -1.165473583952008300, 0.1920214648406902400 ) ) ;
#649 = ORIENTED_EDGE ( 'NONE', *, *, #3093, .F. ) ;
#650 = CARTESIAN_POINT ( 'NONE',  ( 0.1239136013936950900, 0.3543379074933978300, 0.4262802119315730600 ) ) ;
#651 = CIRCLE ( 'NONE', #7972, 0.3939249933206986400 ) ;
#652 = SURFACE_STYLE_FILL_AREA ( #1087 ) ;
#653 = PRESENTATION_LAYER_ASSIGNMENT (  '', '', ( #227 ) ) ;
#654 =( LENGTH_UNIT ( ) NAMED_UNIT ( * ) SI_UNIT ( .MILLI., .METRE. ) );
#655 = STYLED_ITEM ( 'NONE', ( #481 ), #1305 ) ;
#656 =( BOUNDED_CURVE ( )  B_SPLINE_CURVE ( 3, ( #4410, #3127, #3773, #586 ),
 .UNSPECIFIED., .F., .T. ) 
 B_SPLINE_CURVE_WITH_KNOTS ( ( 4, 4 ),
 ( 3.141592653589793100, 4.712388980384688800 ),
 .UNSPECIFIED. ) 
 CURVE ( )  GEOMETRIC_REPRESENTATION_ITEM ( )  RATIONAL_B_SPLINE_CURVE ( ( 1.000000000000000000, 0.8047378541243652700, 0.8047378541243652700, 1.000000000000000000 ) ) 
 REPRESENTATION_ITEM ( '' )  );
#657 = CARTESIAN_POINT ( 'NONE',  ( -0.1056392930043149300, -0.2267241590923741200, -0.3244054615139409500 ) ) ;
#658 = DIRECTION ( 'NONE',  ( -1.447553700753488400E-016, 1.000000000000000000, -0.0000000000000000000 ) ) ;
#659 = VERTEX_POINT ( 'NONE', #6925 ) ;
#660 = CARTESIAN_POINT ( 'NONE',  ( 0.1449552057015383900, 0.2652820275670788600, -0.3897197719169303000 ) ) ;
#661 = DIRECTION ( 'NONE',  ( -0.4472135954999579800, 0.0000000000000000000, -0.8944271909999159700 ) ) ;
#662 = CARTESIAN_POINT ( 'NONE',  ( 0.1043044550474246200, 0.3443960200077092500, 0.4180073969256434800 ) ) ;
#663 = PRESENTATION_LAYER_ASSIGNMENT (  '', '', ( #8072 ) ) ;
#664 = VERTEX_POINT ( 'NONE', #1210 ) ;
#665 = FILL_AREA_STYLE_COLOUR ( '', #856 ) ;
#666 = EDGE_CURVE ( 'NONE', #7133, #3118, #5282, .T. ) ;
#667 =( LENGTH_UNIT ( ) NAMED_UNIT ( * ) SI_UNIT ( .MILLI., .METRE. ) );
#668 = ADVANCED_FACE ( 'NONE', ( #197 ), #3386, .T. ) ;
#669 = CARTESIAN_POINT ( 'NONE',  ( -0.2567686891652981000, -1.150767665139485100, 0.0000000000000000000 ) ) ;
#670 = CIRCLE ( 'NONE', #265, 0.05000000000000002400 ) ;
#671 = EDGE_LOOP ( 'NONE', ( #1945, #4269, #7327, #2571 ) ) ;
#672 =( LENGTH_UNIT ( ) NAMED_UNIT ( * ) SI_UNIT ( .MILLI., .METRE. ) );
#673 = CARTESIAN_POINT ( 'NONE',  ( 0.08248475381583772500, 0.3778919929144450900, -0.4036680754277612300 ) ) ;
#674 = ORIENTED_EDGE ( 'NONE', *, *, #7660, .F. ) ;
#675 = SURFACE_STYLE_FILL_AREA ( #2297 ) ;
#676 =( NAMED_UNIT ( * ) SI_UNIT ( $, .STERADIAN. ) SOLID_ANGLE_UNIT ( ) );
#677 = EDGE_CURVE ( 'NONE', #4791, #7486, #5079, .T. ) ;
#678 = MECHANICAL_DESIGN_GEOMETRIC_PRESENTATION_REPRESENTATION (  '', ( #8085 ), #1116 ) ;
#679 = CARTESIAN_POINT ( 'NONE',  ( 0.1239136013937068300, 0.3543379074933978300, -0.4262802119315696700 ) ) ;
#680 = VERTEX_POINT ( 'NONE', #4415 ) ;
#681 = COLOUR_RGB ( '',0.1098039215686274500, 0.1098039215686274500, 0.1098039215686274500 ) ;
#682 = DIRECTION ( 'NONE',  ( 1.000000000000000000, 2.624407096431315500E-016, 0.0000000000000000000 ) ) ;
#683 = DIRECTION ( 'NONE',  ( 0.0000000000000000000, 0.0000000000000000000, 1.000000000000000000 ) ) ;
#684 = EDGE_LOOP ( 'NONE', ( #6105, #5867, #43, #1845, #2791, #476, #2467, #122 ) ) ;
#685 = AXIS2_PLACEMENT_3D ( 'NONE', #6616, #2838, #7252 ) ;
#686 = CARTESIAN_POINT ( 'NONE',  ( 0.03824400469747926000, 0.3943005575860810700, 0.3950925175035522900 ) ) ;
#687 = FACE_OUTER_BOUND ( 'NONE', #258, .T. ) ;
#688 = CARTESIAN_POINT ( 'NONE',  ( -0.03223724755186172000, -1.219553329243469700, 0.2918992484371495900 ) ) ;
#689 = CARTESIAN_POINT ( 'NONE',  ( -0.09619535501457189600, 0.3552440742361109800, -0.3986110223684176700 ) ) ;
#690 = PRESENTATION_STYLE_ASSIGNMENT (( #2289 ) ) ;
#691 = AXIS2_PLACEMENT_3D ( 'NONE', #4941, #1139, #5581 ) ;
#692 =( NAMED_UNIT ( * ) SI_UNIT ( $, .STERADIAN. ) SOLID_ANGLE_UNIT ( ) );
#693 = DIRECTION ( 'NONE',  ( 0.0000000000000000000, 1.000000000000000000, 0.0000000000000000000 ) ) ;
#694 = SURFACE_STYLE_FILL_AREA ( #1505 ) ;
#695 = VERTEX_POINT ( 'NONE', #3809 ) ;
#696 = SURFACE_STYLE_FILL_AREA ( #6756 ) ;
#697 = FILL_AREA_STYLE_COLOUR ( '', #2446 ) ;
#698 = B_SPLINE_CURVE_WITH_KNOTS ( 'NONE', 3,
 ( #5394, #6671, #7292, #3504, #7958, #4156, #334 ),
 .UNSPECIFIED., .F., .F.,
 ( 4, 3, 4 ),
 ( 0.0000000000000000000, 5.162259320004122700E-005, 8.969088472873567000E-005 ),
 .UNSPECIFIED. ) ;
#699 = DIRECTION ( 'NONE',  ( 1.000000000000000000, 0.0000000000000000000, 0.0000000000000000000 ) ) ;
#700 = AXIS2_PLACEMENT_3D ( 'NONE', #6486, #2715, #7126 ) ;
#701 = VERTEX_POINT ( 'NONE', #1262 ) ;
#702 =( NAMED_UNIT ( * ) SI_UNIT ( $, .STERADIAN. ) SOLID_ANGLE_UNIT ( ) );
#703 = ORIENTED_EDGE ( 'NONE', *, *, #3174, .T. ) ;
#704 = FILL_AREA_STYLE_COLOUR ( '', #5603 ) ;
#705 = DIRECTION ( 'NONE',  ( 0.0000000000000000000, 1.000000000000000000, 1.084202172485503800E-015 ) ) ;
#706 = CARTESIAN_POINT ( 'NONE',  ( 0.02518493701633324800, -1.223104437731151300, -0.2780731727062177300 ) ) ;
#707 = ADVANCED_FACE ( 'NONE', ( #1899 ), #3158, .T. ) ;
#708 = AXIS2_PLACEMENT_3D ( 'NONE', #1485, #5923, #2127 ) ;
#709 = CIRCLE ( 'NONE', #8208, 0.1000000000000000500 ) ;
#710 = CARTESIAN_POINT ( 'NONE',  ( -0.1518986748799410500, 0.2634659119465302400, -0.4083876577056684300 ) ) ;
#711 = EDGE_CURVE ( 'NONE', #4968, #4953, #3585, .T. ) ;
#712 = CARTESIAN_POINT ( 'NONE',  ( 0.1158236843077577200, 0.3543379074933975500, -0.3765126485472823400 ) ) ;
#713 = CARTESIAN_POINT ( 'NONE',  ( -0.05610702765615076200, 0.3878323635698840400, 0.4269339594554073000 ) ) ;
#714 = CARTESIAN_POINT ( 'NONE',  ( 0.1273231490023189500, 0.3012724003432556400, -0.3926396717943608800 ) ) ;
#715 = CARTESIAN_POINT ( 'NONE',  ( 0.3939249933206985800, 0.8878219273820067100, 4.824189821743360500E-017 ) ) ;
#716 = PRESENTATION_STYLE_ASSIGNMENT (( #4168 ) ) ;
#717 = CARTESIAN_POINT ( 'NONE',  ( 0.9099999999999991400, 1.365000000000000000, 1.114428587224090400E-016 ) ) ;
#718 = COLOUR_RGB ( '',0.8941176470588234600, 0.9137254901960784000, 0.9294117647058823800 ) ;
#719 =( NAMED_UNIT ( * ) PLANE_ANGLE_UNIT ( ) SI_UNIT ( $, .RADIAN. ) );
#720 = EDGE_CURVE ( 'NONE', #1904, #4139, #6763, .T. ) ;
#721 = CARTESIAN_POINT ( 'NONE',  ( -0.1049532641402277800, 0.3434097392605841000, -0.3956287701370955200 ) ) ;
#722 = DIRECTION ( 'NONE',  ( -1.447553700753488400E-016, 1.000000000000000000, -0.0000000000000000000 ) ) ;
#723 =( GEOMETRIC_REPRESENTATION_CONTEXT ( 3 ) GLOBAL_UNCERTAINTY_ASSIGNED_CONTEXT ( ( #1063 ) ) GLOBAL_UNIT_ASSIGNED_CONTEXT ( ( #2141, #6569, #2794 ) ) REPRESENTATION_CONTEXT ( 'NONE', 'WORKASPACE' ) );
#724 = CARTESIAN_POINT ( 'NONE',  ( 0.1249999999999997400, 0.2666198487095638400, -0.3792098549233096100 ) ) ;
#725 = ORIENTED_EDGE ( 'NONE', *, *, #1628, .T. ) ;
#726 = FACE_OUTER_BOUND ( 'NONE', #671, .T. ) ;
#727 = SURFACE_SIDE_STYLE ('',( #6902 ) ) ;
#728 =( NAMED_UNIT ( * ) SI_UNIT ( $, .STERADIAN. ) SOLID_ANGLE_UNIT ( ) );
#729 = CARTESIAN_POINT ( 'NONE',  ( 2.315930427416997100E-016, -1.224999999999999400, 0.0000000000000000000 ) ) ;
#730 = ORIENTED_EDGE ( 'NONE', *, *, #5946, .F. ) ;
#731 = CARTESIAN_POINT ( 'NONE',  ( -9.265898622708170100E-017, 1.015000000000000300, 0.0000000000000000000 ) ) ;
#732 = ORIENTED_EDGE ( 'NONE', *, *, #3825, .T. ) ;
#733 = FILL_AREA_STYLE_COLOUR ( '', #755 ) ;
#734 =( GEOMETRIC_REPRESENTATION_CONTEXT ( 3 ) GLOBAL_UNCERTAINTY_ASSIGNED_CONTEXT ( ( #6670 ) ) GLOBAL_UNIT_ASSIGNED_CONTEXT ( ( #107, #4576, #754 ) ) REPRESENTATION_CONTEXT ( 'NONE', 'WORKASPACE' ) );
#735 = CARTESIAN_POINT ( 'NONE',  ( -9.181573390030106200E-017, 1.009174638727795300, 0.0000000000000000000 ) ) ;
#736 = DIRECTION ( 'NONE',  ( 1.447553700753488400E-016, -1.000000000000000000, 0.0000000000000000000 ) ) ;
#737 = SPHERICAL_SURFACE ( 'NONE', #1046, 0.1000000000000000100 ) ;
#738 = AXIS2_PLACEMENT_3D ( 'NONE', #6562, #233, #813 ) ;
#739 = EDGE_CURVE ( 'NONE', #6713, #5419, #8252, .T. ) ;
#740 = ORIENTED_EDGE ( 'NONE', *, *, #884, .T. ) ;
#741 = CARTESIAN_POINT ( 'NONE',  ( -0.1138354600963323600, 0.3291977104406091900, 0.3821524061244978000 ) ) ;
#742 = CARTESIAN_POINT ( 'NONE',  ( -0.03669984145454299700, 0.4003606294745034000, -0.4482196778388593500 ) ) ;
#743 = ORIENTED_EDGE ( 'NONE', *, *, #6366, .T. ) ;
#744 = CARTESIAN_POINT ( 'NONE',  ( 0.04509336079446793500, -1.161775126922636800, 0.2517606570222673500 ) ) ;
#745 = LINE ( 'NONE', #243, #4143 ) ;
#746 = FACE_OUTER_BOUND ( 'NONE', #2450, .T. ) ;
#747 = UNCERTAINTY_MEASURE_WITH_UNIT (LENGTH_MEASURE( 1.000000000000000100E-005 ), #6286, 'distance_accuracy_value', 'NONE');
#748 =( GEOMETRIC_REPRESENTATION_CONTEXT ( 3 ) GLOBAL_UNCERTAINTY_ASSIGNED_CONTEXT ( ( #747 ) ) GLOBAL_UNIT_ASSIGNED_CONTEXT ( ( #6286, #2508, #6924 ) ) REPRESENTATION_CONTEXT ( 'NONE', 'WORKASPACE' ) );
#749 = EDGE_LOOP ( 'NONE', ( #4583, #7122, #5405, #311, #7830 ) ) ;
#750 = ADVANCED_FACE ( 'NONE', ( #3188 ), #5968, .T. ) ;
#751 = CARTESIAN_POINT ( 'NONE',  ( -0.02994456013349121300, -1.151245959617462000, 0.2721492054816754300 ) ) ;
#752 = UNCERTAINTY_MEASURE_WITH_UNIT (LENGTH_MEASURE( 1.000000000000000100E-005 ), #3555, 'distance_accuracy_value', 'NONE');
#753 = SURFACE_STYLE_USAGE ( .BOTH. , #4575 ) ;
#754 =( NAMED_UNIT ( * ) SI_UNIT ( $, .STERADIAN. ) SOLID_ANGLE_UNIT ( ) );
#755 = COLOUR_RGB ( '',0.1098039215686274500, 0.1098039215686274500, 0.1098039215686274500 ) ;
#756 = DIRECTION ( 'NONE',  ( 0.0000000000000000000, 0.0000000000000000000, 1.000000000000000000 ) ) ;
#757 = PRESENTATION_LAYER_ASSIGNMENT (  '', '', ( #7739 ) ) ;
#758 = SURFACE_STYLE_FILL_AREA ( #614 ) ;
#759 = AXIS2_PLACEMENT_3D ( 'NONE', #4433, #8205, #6978 ) ;
#760 = PRESENTATION_STYLE_ASSIGNMENT (( #3095 ) ) ;
#761 = CARTESIAN_POINT ( 'NONE',  ( -0.02766456134498637400, -1.185254874097137800, 0.2465700299196692300 ) ) ;
#762 = EDGE_CURVE ( 'NONE', #1525, #6798, #2610, .T. ) ;
#763 =( LENGTH_UNIT ( ) NAMED_UNIT ( * ) SI_UNIT ( .MILLI., .METRE. ) );
#764 = SURFACE_STYLE_USAGE ( .BOTH. , #4585 ) ;
#765 = DIRECTION ( 'NONE',  ( -1.447553700753488400E-016, 1.000000000000000000, -0.0000000000000000000 ) ) ;
#766 = ORIENTED_EDGE ( 'NONE', *, *, #5460, .T. ) ;
#767 = EDGE_LOOP ( 'NONE', ( #7413, #7503, #3958 ) ) ;
#768 = CARTESIAN_POINT ( 'NONE',  ( -0.1518986748799406600, 0.2634659119465388400, -0.4083876577056597100 ) ) ;
#769 = EDGE_CURVE ( 'NONE', #3118, #7133, #4286, .T. ) ;
#770 = VERTEX_POINT ( 'NONE', #3880 ) ;
#771 = AXIS2_PLACEMENT_3D ( 'NONE', #3886, #48, #4527 ) ;
#772 = FACE_OUTER_BOUND ( 'NONE', #3013, .T. ) ;
#773 = CIRCLE ( 'NONE', #1498, 0.2350352011263656900 ) ;
#774 = CARTESIAN_POINT ( 'NONE',  ( -0.02262704056019328200, 0.4060568004097231400, -0.4439457045916650500 ) ) ;
#775 = FACE_OUTER_BOUND ( 'NONE', #4774, .T. ) ;
#776 = CARTESIAN_POINT ( 'NONE',  ( 0.04413439582682967400, -1.210105081657630200, -0.2975885388489650200 ) ) ;
#777 = CIRCLE ( 'NONE', #4587, 0.05000000000000002400 ) ;
#778 = ORIENTED_EDGE ( 'NONE', *, *, #6060, .T. ) ;
#779 = LINE ( 'NONE', #62, #7341 ) ;
#780 = DIRECTION ( 'NONE',  ( -1.447553700753488400E-016, 1.000000000000000000, -0.0000000000000000000 ) ) ;
#781 = EDGE_CURVE ( 'NONE', #770, #1447, #6311, .T. ) ;
#782 = CARTESIAN_POINT ( 'NONE',  ( 2.975399468465887600E-018, 0.3543379074933978300, 0.0000000000000000000 ) ) ;
#783 = CARTESIAN_POINT ( 'NONE',  ( 0.04507414848472807900, -0.9255700167423669400, 0.2902958626632095600 ) ) ;
#784 = ADVANCED_FACE ( 'NONE', ( #5761 ), #5566, .F. ) ;
#785 = CARTESIAN_POINT ( 'NONE',  ( 0.02781850316789425200, -1.182958647311183500, 0.2510745754592744700 ) ) ;
#786 =( LENGTH_UNIT ( ) NAMED_UNIT ( * ) SI_UNIT ( .MILLI., .METRE. ) );
#787 = VERTEX_POINT ( 'NONE', #364 ) ;
#788 = B_SPLINE_CURVE_WITH_KNOTS ( 'NONE', 3,
 ( #6755, #388, #5533, #1728, #6176, #2380, #6812, #3020, #7438, #3655, #8088, #4296, #474, #4920, #1119, #5559, #1757, #6200, #2414, #6837, #3045, #7466 ),
 .UNSPECIFIED., .F., .F.,
 ( 4, 3, 3, 3, 3, 3, 3, 4 ),
 ( 0.0000000000000000000, 4.141798831838859500E-005, 8.502494520072026900E-005, 0.0001096818098460388000, 0.0001544982387323442300, 0.0001944690338138197600, 0.0002360464623894822400, 0.0002509570493531192000 ),
 .UNSPECIFIED. ) ;
#789 = CARTESIAN_POINT ( 'NONE',  ( 2.518587945522486000E-016, -1.365000000000000000, 0.0000000000000000000 ) ) ;
#790 = CARTESIAN_POINT ( 'NONE',  ( 0.1249999999999997400, 0.2666198487095638400, -0.3897197719169306400 ) ) ;
#791 = ADVANCED_FACE ( 'NONE', ( #3885 ), #3478, .F. ) ;
#792 = CIRCLE ( 'NONE', #1123, 0.05000000000000002400 ) ;
#793 = FILL_AREA_STYLE ('',( #4614 ) ) ;
#794 = CARTESIAN_POINT ( 'NONE',  ( 0.04989976583503034900, -1.152583780759944400, 0.2721492054816726000 ) ) ;
#795 =( GEOMETRIC_REPRESENTATION_CONTEXT ( 3 ) GLOBAL_UNCERTAINTY_ASSIGNED_CONTEXT ( ( #7164 ) ) GLOBAL_UNIT_ASSIGNED_CONTEXT ( ( #3680, #8111, #4315 ) ) REPRESENTATION_CONTEXT ( 'NONE', 'WORKASPACE' ) );
#796 = PRESENTATION_LAYER_ASSIGNMENT (  '', '', ( #375 ) ) ;
#797 =( NAMED_UNIT ( * ) PLANE_ANGLE_UNIT ( ) SI_UNIT ( $, .RADIAN. ) );
#798 = EDGE_LOOP ( 'NONE', ( #4744, #725, #6750, #1804 ) ) ;
#799 = MECHANICAL_DESIGN_GEOMETRIC_PRESENTATION_REPRESENTATION (  '', ( #8210 ), #1233 ) ;
#800 = ORIENTED_EDGE ( 'NONE', *, *, #1100, .F. ) ;
#801 = COLOUR_RGB ( '',0.8941176470588234600, 0.9137254901960784000, 0.9294117647058823800 ) ;
#802 = DIRECTION ( 'NONE',  ( -1.084202172485503800E-015, 0.0000000000000000000, 1.000000000000000000 ) ) ;
#803 = UNCERTAINTY_MEASURE_WITH_UNIT (LENGTH_MEASURE( 1.000000000000000100E-005 ), #3936, 'distance_accuracy_value', 'NONE');
#804 =( NAMED_UNIT ( * ) PLANE_ANGLE_UNIT ( ) SI_UNIT ( $, .RADIAN. ) );
#805 = ORIENTED_EDGE ( 'NONE', *, *, #5986, .F. ) ;
#806 = ORIENTED_EDGE ( 'NONE', *, *, #1418, .F. ) ;
#807 = DIRECTION ( 'NONE',  ( 0.0000000000000000000, -0.07216114247526471400, 0.9973929864986340600 ) ) ;
#808 = STYLED_ITEM ( 'NONE', ( #2882 ), #6668 ) ;
#809 = CARTESIAN_POINT ( 'NONE',  ( 0.02529458252240696400, -1.223183884379456200, -0.2789380977350282600 ) ) ;
#810 = DIRECTION ( 'NONE',  ( -1.000000000000000000, -1.447553700753488400E-016, 0.0000000000000000000 ) ) ;
#811 = DIRECTION ( 'NONE',  ( 0.0000000000000000000, 0.0000000000000000000, 1.000000000000000000 ) ) ;
#812 = CARTESIAN_POINT ( 'NONE',  ( 0.4792893218813452100, -2.745000000000000600, 5.869601339074942800E-017 ) ) ;
#813 = DIRECTION ( 'NONE',  ( -1.000000000000000000, 0.0000000000000000000, 0.0000000000000000000 ) ) ;
#814 = CARTESIAN_POINT ( 'NONE',  ( 1.047289553116290300E-015, -6.859999999999995900, 0.0000000000000000000 ) ) ;
#815 =( LENGTH_UNIT ( ) NAMED_UNIT ( * ) SI_UNIT ( .MILLI., .METRE. ) );
#816 = CARTESIAN_POINT ( 'NONE',  ( 0.6499999999999994700, 0.6450000000000000200, 7.960204194457789300E-017 ) ) ;
#817 = CARTESIAN_POINT ( 'NONE',  ( 0.1049476583071639200, 0.3434191609210023900, 0.3956286048806832400 ) ) ;
#818 = DIRECTION ( 'NONE',  ( 1.447553700753488400E-016, -1.000000000000000000, 0.0000000000000000000 ) ) ;
#819 = MECHANICAL_DESIGN_GEOMETRIC_PRESENTATION_REPRESENTATION (  '', ( #8224 ), #1252 ) ;
#820 = CARTESIAN_POINT ( 'NONE',  ( -4.923237520447700400E-017, 0.7150000000000000800, 0.0000000000000000000 ) ) ;
#821 = EDGE_CURVE ( 'NONE', #4704, #3897, #7446, .T. ) ;
#822 = DIRECTION ( 'NONE',  ( 1.000000000000000000, -0.0000000000000000000, -1.084202172485506600E-015 ) ) ;
#823 = ORIENTED_EDGE ( 'NONE', *, *, #1893, .F. ) ;
#824 =( GEOMETRIC_REPRESENTATION_CONTEXT ( 3 ) GLOBAL_UNCERTAINTY_ASSIGNED_CONTEXT ( ( #7947 ) ) GLOBAL_UNIT_ASSIGNED_CONTEXT ( ( #1602, #6044, #2249 ) ) REPRESENTATION_CONTEXT ( 'NONE', 'WORKASPACE' ) );
#825 = DIRECTION ( 'NONE',  ( 0.4472135954999580400, 0.0000000000000000000, -0.8944271909999157400 ) ) ;
#826 = VECTOR ( 'NONE', #5722, 1000.000000000000000 ) ;
#827 = FILL_AREA_STYLE ('',( #2885 ) ) ;
#828 =( NAMED_UNIT ( * ) SI_UNIT ( $, .STERADIAN. ) SOLID_ANGLE_UNIT ( ) );
#829 = ADVANCED_FACE ( 'NONE', ( #77 ), #4971, .T. ) ;
#830 = CARTESIAN_POINT ( 'NONE',  ( 0.1201464875078051100, 0.3104938024891421600, -0.3966895875039725400 ) ) ;
#831 = ORIENTED_EDGE ( 'NONE', *, *, #2328, .F. ) ;
#832 = ADVANCED_FACE ( 'NONE', ( #1788 ), #4384, .T. ) ;
#833 = EDGE_CURVE ( 'NONE', #138, #3081, #986, .T. ) ;
#834 = CARTESIAN_POINT ( 'NONE',  ( -0.02749759296368304800, -1.187745407613727000, -0.2316666001376634100 ) ) ;
#835 = PRESENTATION_LAYER_ASSIGNMENT (  '', '', ( #418 ) ) ;
#836 = ORIENTED_EDGE ( 'NONE', *, *, #5827, .F. ) ;
#837 = ORIENTED_EDGE ( 'NONE', *, *, #2191, .T. ) ;
#838 = FACE_OUTER_BOUND ( 'NONE', #5076, .T. ) ;
#839 = CIRCLE ( 'NONE', #6400, 0.9399999999999991700 ) ;
#840 = CARTESIAN_POINT ( 'NONE',  ( 0.1128609106800245000, 0.3591155938568066400, 0.3774240637644282700 ) ) ;
#841 =( LENGTH_UNIT ( ) NAMED_UNIT ( * ) SI_UNIT ( .MILLI., .METRE. ) );
#842 = DIRECTION ( 'NONE',  ( 1.000000000000000000, 1.447553700753488200E-016, 0.0000000000000000000 ) ) ;
#843 = DIRECTION ( 'NONE',  ( -1.000000000000000000, -1.447553700753488400E-016, 0.0000000000000000000 ) ) ;
#844 = CARTESIAN_POINT ( 'NONE',  ( -0.1248736463291504500, 0.2903741819354098100, -0.3924607572385790900 ) ) ;
#845 = ORIENTED_EDGE ( 'NONE', *, *, #6147, .T. ) ;
#846 = CARTESIAN_POINT ( 'NONE',  ( 0.04630770841790421400, -1.150767665139485100, 0.2525584207203315200 ) ) ;
#847 = MECHANICAL_DESIGN_GEOMETRIC_PRESENTATION_REPRESENTATION (  '', ( #7386 ), #1280 ) ;
#848 = CARTESIAN_POINT ( 'NONE',  ( -0.5999999999999994200, -0.1550000000000000500, 0.0000000000000000000 ) ) ;
#849 = MECHANICAL_DESIGN_GEOMETRIC_PRESENTATION_REPRESENTATION (  '', ( #8253 ), #1282 ) ;
#850 = VECTOR ( 'NONE', #3915, 1000.000000000000000 ) ;
#851 = DIRECTION ( 'NONE',  ( -1.000000000000000000, -1.442602988292481700E-016, 0.0000000000000000000 ) ) ;
#852 = B_SPLINE_CURVE_WITH_KNOTS ( 'NONE', 3,
 ( #1826, #7552, #3759, #8191, #4398, #572, #5024 ),
 .UNSPECIFIED., .F., .F.,
 ( 4, 3, 4 ),
 ( 1.069203420196697600E-016, 3.093231531291963800E-006, 4.107219666188871600E-006 ),
 .UNSPECIFIED. ) ;
#853 = CARTESIAN_POINT ( 'NONE',  ( -0.04165553146018161100, -1.212169986226596900, -0.2968996974739458400 ) ) ;
#854 = CARTESIAN_POINT ( 'NONE',  ( 0.1117898246928620300, 0.3331452681402512500, -0.3751256058514938500 ) ) ;
#855 = EDGE_LOOP ( 'NONE', ( #6100, #7038, #2104, #6490 ) ) ;
#856 = COLOUR_RGB ( '',0.1098039215686274500, 0.1098039215686274500, 0.1098039215686274500 ) ;
#857 = DIRECTION ( 'NONE',  ( 1.000000000000000000, -0.0000000000000000000, 1.084202172485506600E-015 ) ) ;
#858 = FILL_AREA_STYLE_COLOUR ( '', #6846 ) ;
#859 = MECHANICAL_DESIGN_GEOMETRIC_PRESENTATION_REPRESENTATION (  '', ( #8262 ), #1292 ) ;
#860 = DIRECTION ( 'NONE',  ( 0.0000000000000000000, 0.0000000000000000000, -1.000000000000000000 ) ) ;
#861 = CARTESIAN_POINT ( 'NONE',  ( -0.02881990011208642900, -1.168021611727237100, -0.2671171085750632100 ) ) ;
#862 = ORIENTED_EDGE ( 'NONE', *, *, #1528, .F. ) ;
#863 = CARTESIAN_POINT ( 'NONE',  ( 4.607412273058643300E-016, -2.808002996330203300, 0.0000000000000000000 ) ) ;
#864 = COLOUR_RGB ( '',0.8941176470588234600, 0.9137254901960784000, 0.9294117647058823800 ) ;
#865 = CARTESIAN_POINT ( 'NONE',  ( 0.04604371281273743300, 0.4128604579677566700, 0.3914874701880270400 ) ) ;
#866 = AXIS2_PLACEMENT_3D ( 'NONE', #7588, #5697, #1892 ) ;
#867 = VERTEX_POINT ( 'NONE', #7402 ) ;
#868 = ADVANCED_FACE ( 'NONE', ( #7557 ), #6948, .T. ) ;
#869 = CARTESIAN_POINT ( 'NONE',  ( 0.1125419425743172500, 0.3310702956662307000, 0.3916687662358586700 ) ) ;
#870 = CARTESIAN_POINT ( 'NONE',  ( 3.302361896976791300E-016, -1.395000000000000000, -0.6399999999999993500 ) ) ;
#871 = EDGE_CURVE ( 'NONE', #6204, #2548, #403, .T. ) ;
#872 = CARTESIAN_POINT ( 'NONE',  ( -0.007074153821772022500, 0.4000793884474130900, -0.4298379674724178700 ) ) ;
#873 = EDGE_LOOP ( 'NONE', ( #2483, #1048, #429, #4767 ) ) ;
#874 = SURFACE_STYLE_FILL_AREA ( #965 ) ;
#875 = CIRCLE ( 'NONE', #6784, 0.02000000000000005200 ) ;
#876 = DIRECTION ( 'NONE',  ( 1.000000000000000000, 0.0000000000000000000, 0.0000000000000000000 ) ) ;
#877 = CARTESIAN_POINT ( 'NONE',  ( -1.433233657534537400E-016, 1.365000000000000000, 0.0000000000000000000 ) ) ;
#878 = ADVANCED_FACE ( 'NONE', ( #185 ), #7851, .T. ) ;
#879 = FILL_AREA_STYLE ('',( #3415 ) ) ;
#880 = CONICAL_SURFACE ( 'NONE', #2303, 10967.01784461921100, 1.479865287713162600 ) ;
#881 = ORIENTED_EDGE ( 'NONE', *, *, #5101, .T. ) ;
#882 = CARTESIAN_POINT ( 'NONE',  ( 0.05180290865074894300, 0.3899539996405546000, -0.4335931989621957200 ) ) ;
#883 = DIRECTION ( 'NONE',  ( -0.9138115486202594800, 0.4061384660534423400, 0.0000000000000000000 ) ) ;
#884 = EDGE_CURVE ( 'NONE', #6510, #6260, #1288, .T. ) ;
#885 = SURFACE_STYLE_USAGE ( .BOTH. , #4711 ) ;
#886 = SURFACE_SIDE_STYLE ('',( #1777 ) ) ;
#887 = COLOUR_RGB ( '',0.1098039215686274500, 0.1098039215686274500, 0.1098039215686274500 ) ;
#888 = MECHANICAL_DESIGN_GEOMETRIC_PRESENTATION_REPRESENTATION (  '', ( #7422 ), #1322 ) ;
#889 = COLOUR_RGB ( '',0.8941176470588234600, 0.9137254901960784000, 0.9294117647058823800 ) ;
#890 = CARTESIAN_POINT ( 'NONE',  ( 0.1274222360458140100, 0.3525217918669448800, 0.4251583462493439000 ) ) ;
#891 = ORIENTED_EDGE ( 'NONE', *, *, #5329, .T. ) ;
#892 = SURFACE_STYLE_FILL_AREA ( #3850 ) ;
#893 = COLOUR_RGB ( '',0.8941176470588234600, 0.9137254901960784000, 0.9294117647058823800 ) ;
#894 = CARTESIAN_POINT ( 'NONE',  ( 0.04623025374724068500, -1.167670199821964700, 0.2398263902832494200 ) ) ;
#895 = VERTEX_POINT ( 'NONE', #5583 ) ;
#896 = AXIS2_PLACEMENT_3D ( 'NONE', #7698, #3898, #57 ) ;
#897 = FACE_BOUND ( 'NONE', #5743, .T. ) ;
#898 = UNCERTAINTY_MEASURE_WITH_UNIT (LENGTH_MEASURE( 1.000000000000000100E-005 ), #7020, 'distance_accuracy_value', 'NONE');
#899 = CARTESIAN_POINT ( 'NONE',  ( -0.1158231730575406500, 0.3543379074932666600, 0.3765128058188664800 ) ) ;
#900 = CARTESIAN_POINT ( 'NONE',  ( -0.9581966011250113700, -1.294999999999999900, 1.169999999999999900 ) ) ;
#901 = AXIS2_PLACEMENT_3D ( 'NONE', #207, #4669, #843 ) ;
#902 = FILL_AREA_STYLE_COLOUR ( '', #3269 ) ;
#903 = EDGE_CURVE ( 'NONE', #4167, #3261, #5705, .T. ) ;
#904 =( NAMED_UNIT ( * ) PLANE_ANGLE_UNIT ( ) SI_UNIT ( $, .RADIAN. ) );
#905 = EDGE_LOOP ( 'NONE', ( #4861, #1600, #2653, #6954 ) ) ;
#906 = VERTEX_POINT ( 'NONE', #2979 ) ;
#907 = CARTESIAN_POINT ( 'NONE',  ( -1.270000000000000000, -1.395000000000000000, -0.6700000000000002600 ) ) ;
#908 = UNCERTAINTY_MEASURE_WITH_UNIT (LENGTH_MEASURE( 1.000000000000000100E-005 ), #6283, 'distance_accuracy_value', 'NONE');
#909 = AXIS2_PLACEMENT_3D ( 'NONE', #5541, #1735, #6185 ) ;
#910 = CARTESIAN_POINT ( 'NONE',  ( -0.04338467537588928900, 0.3925287066132329100, -0.3631831458611225500 ) ) ;
#911 = CARTESIAN_POINT ( 'NONE',  ( -0.1378435408756131200, 0.2670981431876250400, -0.3606053945049982900 ) ) ;
#912 =( LENGTH_UNIT ( ) NAMED_UNIT ( * ) SI_UNIT ( .MILLI., .METRE. ) );
#913 = DIRECTION ( 'NONE',  ( -1.000000000000000000, -1.376153063234101000E-016, 8.881784197001252300E-016 ) ) ;
#914 = CARTESIAN_POINT ( 'NONE',  ( -4.054705299995608100E-017, 0.6550000000000001400, 0.0000000000000000000 ) ) ;
#915 = VECTOR ( 'NONE', #883, 1000.000000000000000 ) ;
#916 = ADVANCED_FACE ( 'NONE', ( #2992 ), #3876, .T. ) ;
#917 = ADVANCED_FACE ( 'NONE', ( #6356 ), #65, .T. ) ;
#918 = MECHANICAL_DESIGN_GEOMETRIC_PRESENTATION_REPRESENTATION (  '', ( #45 ), #1350 ) ;
#919 = AXIS2_PLACEMENT_3D ( 'NONE', #1148, #5590, #1782 ) ;
#920 = CONICAL_SURFACE ( 'NONE', #8054, 0.2999999999999998200, 1.479865287713163700 ) ;
#921 = CIRCLE ( 'NONE', #2219, 0.1000000000000000500 ) ;
#922 = FILL_AREA_STYLE ('',( #5377 ) ) ;
#923 = CARTESIAN_POINT ( 'NONE',  ( -0.04978749811896327600, -1.205082627581610000, 0.2976813273944591800 ) ) ;
#924 = CARTESIAN_POINT ( 'NONE',  ( 0.05041738696757706200, -1.152035009858910700, -3.621884594992799600E-017 ) ) ;
#925 = ORIENTED_EDGE ( 'NONE', *, *, #5187, .T. ) ;
#926 = DIRECTION ( 'NONE',  ( -0.4472135954999580900, 0.0000000000000000000, 0.8944271909999158600 ) ) ;
#927 = CIRCLE ( 'NONE', #771, 0.4438423657390882000 ) ;
#928 = SURFACE_STYLE_FILL_AREA ( #1985 ) ;
#929 = VECTOR ( 'NONE', #4588, 1000.000000000000000 ) ;
#930 = CARTESIAN_POINT ( 'NONE',  ( 0.1398182339382001100, 0.2973236011342984000, 0.3628010814640037500 ) ) ;
#931 = EDGE_CURVE ( 'NONE', #6061, #4981, #4960, .T. ) ;
#932 = EDGE_LOOP ( 'NONE', ( #2422, #19, #7762 ) ) ;
#933 = MECHANICAL_DESIGN_GEOMETRIC_PRESENTATION_REPRESENTATION (  '', ( #7917 ), #1367 ) ;
#934 = CARTESIAN_POINT ( 'NONE',  ( -0.1063473373305611300, 0.3412228871188086600, -0.4435555619547175100 ) ) ;
#935 = CARTESIAN_POINT ( 'NONE',  ( 3.238291957217206500E-018, 0.3525217918728552100, 0.0000000000000000000 ) ) ;
#936 = PRODUCT_DEFINITION_CONTEXT ( 'detailed design', #1254, 'design' ) ;
#937 = ORIENTED_EDGE ( 'NONE', *, *, #4524, .T. ) ;
#938 = FACE_OUTER_BOUND ( 'NONE', #7423, .T. ) ;
#939 = DIRECTION ( 'NONE',  ( -0.4472135954999580400, 0.0000000000000000000, -0.8944271909999157400 ) ) ;
#940 = CARTESIAN_POINT ( 'NONE',  ( 0.1268501812331365700, 0.3528226890956158700, -0.4253563166573631800 ) ) ;
#941 =( NAMED_UNIT ( * ) SI_UNIT ( $, .STERADIAN. ) SOLID_ANGLE_UNIT ( ) );
#942 = CARTESIAN_POINT ( 'NONE',  ( 0.8499999999999992000, 1.395000000000000500, 0.0000000000000000000 ) ) ;
#943 = CARTESIAN_POINT ( 'NONE',  ( -0.04978749811896327600, -1.205082627581610000, -0.2976813273944591800 ) ) ;
#944 = ORIENTED_EDGE ( 'NONE', *, *, #4891, .F. ) ;
#945 = ORIENTED_EDGE ( 'NONE', *, *, #7692, .F. ) ;
#946 = EDGE_CURVE ( 'NONE', #8264, #5918, #1271, .T. ) ;
#947 = FACE_OUTER_BOUND ( 'NONE', #252, .T. ) ;
#948 = SPHERICAL_SURFACE ( 'NONE', #7854, 0.1000000000000000100 ) ;
#949 = AXIS2_PLACEMENT_3D ( 'NONE', #6055, #2261, #6696 ) ;
#950 = CARTESIAN_POINT ( 'NONE',  ( 0.1105549371083644100, 0.3353763313316986400, 0.4032832450581374500 ) ) ;
#951 = ORIENTED_EDGE ( 'NONE', *, *, #4355, .T. ) ;
#952 = UNCERTAINTY_MEASURE_WITH_UNIT (LENGTH_MEASURE( 1.000000000000000100E-005 ), #8108, 'distance_accuracy_value', 'NONE');
#953 = ADVANCED_FACE ( 'NONE', ( #1574 ), #4174, .T. ) ;
#954 = CARTESIAN_POINT ( 'NONE',  ( 0.04615280485857260800, -1.152171369580581300, -0.2524566960010325400 ) ) ;
#955 =( NAMED_UNIT ( * ) SI_UNIT ( $, .STERADIAN. ) SOLID_ANGLE_UNIT ( ) );
#956 = FILL_AREA_STYLE ('',( #2842 ) ) ;
#957 = PRESENTATION_LAYER_ASSIGNMENT (  '', '', ( #529 ) ) ;
#958 = STYLED_ITEM ( 'NONE', ( #6788 ), #5496 ) ;
#959 = ADVANCED_FACE ( 'NONE', ( #977 ), #6554, .T. ) ;
#960 = AXIS2_PLACEMENT_3D ( 'NONE', #3836, #5243, #1438 ) ;
#961 = SURFACE_SIDE_STYLE ('',( #6714 ) ) ;
#962 = CIRCLE ( 'NONE', #7036, 0.02000000000000000400 ) ;
#963 = CARTESIAN_POINT ( 'NONE',  ( -0.9305572809000090000, -1.395000000000000000, -1.225278640450004700 ) ) ;
#964 = DIRECTION ( 'NONE',  ( -1.000000000000000000, 0.0000000000000000000, 0.0000000000000000000 ) ) ;
#965 = FILL_AREA_STYLE ('',( #329 ) ) ;
#966 =( NAMED_UNIT ( * ) SI_UNIT ( $, .STERADIAN. ) SOLID_ANGLE_UNIT ( ) );
#967 = DIRECTION ( 'NONE',  ( 1.000000000000000000, 0.0000000000000000000, -1.224646799147353200E-016 ) ) ;
#968 = ORIENTED_EDGE ( 'NONE', *, *, #5562, .F. ) ;
#969 = STYLED_ITEM ( 'NONE', ( #1681 ), #6579 ) ;
#970 = VERTEX_POINT ( 'NONE', #1213 ) ;
#971 = CARTESIAN_POINT ( 'NONE',  ( -1.370000000000000100, 1.395000000000000000, 0.6700000000000002600 ) ) ;
#972 = DIRECTION ( 'NONE',  ( 0.0000000000000000000, 1.000000000000000000, 0.0000000000000000000 ) ) ;
#973 = CARTESIAN_POINT ( 'NONE',  ( -0.04506578428009926800, 0.3918940884980011100, 0.4258554626460350800 ) ) ;
#974 = ORIENTED_EDGE ( 'NONE', *, *, #677, .F. ) ;
#975 = CARTESIAN_POINT ( 'NONE',  ( -0.6399999999999993500, 0.004999999999999993200, 0.0000000000000000000 ) ) ;
#976 = CARTESIAN_POINT ( 'NONE',  ( -0.1062900834111930200, 0.3413262108683672300, 0.3950903511811439900 ) ) ;
#977 = FACE_OUTER_BOUND ( 'NONE', #5023, .T. ) ;
#978 = FILL_AREA_STYLE ('',( #6030 ) ) ;
#979 = DIRECTION ( 'NONE',  ( 1.000000000000000000, 1.333035457973982000E-016, 0.0000000000000000000 ) ) ;
#980 = EDGE_CURVE ( 'NONE', #5331, #4014, #7548, .T. ) ;
#981 = CIRCLE ( 'NONE', #5013, 0.3018161156205430600 ) ;
#982 = EDGE_LOOP ( 'NONE', ( #1277, #8112, #4125, #1884 ) ) ;
#983 = PRESENTATION_LAYER_ASSIGNMENT (  '', '', ( #561 ) ) ;
#984 = PRESENTATION_STYLE_ASSIGNMENT (( #2109 ) ) ;
#985 = LINE ( 'NONE', #5171, #7556 ) ;
#986 = CIRCLE ( 'NONE', #4803, 0.6025658350974743000 ) ;
#987 =( NAMED_UNIT ( * ) SI_UNIT ( $, .STERADIAN. ) SOLID_ANGLE_UNIT ( ) );
#988 = CARTESIAN_POINT ( 'NONE',  ( -9.265898622708171300E-017, 1.015000000000000600, 0.0000000000000000000 ) ) ;
#989 = PRESENTATION_STYLE_ASSIGNMENT (( #4914 ) ) ;
#990 = DIRECTION ( 'NONE',  ( -1.000000000000000000, 0.0000000000000000000, 0.0000000000000000000 ) ) ;
#991 = FACE_BOUND ( 'NONE', #6217, .T. ) ;
#992 = ORIENTED_EDGE ( 'NONE', *, *, #7857, .T. ) ;
#993 = COLOUR_RGB ( '',0.8941176470588234600, 0.9137254901960784000, 0.9294117647058823800 ) ;
#994 = EDGE_CURVE ( 'NONE', #5174, #1406, #773, .T. ) ;
#995 = CARTESIAN_POINT ( 'NONE',  ( -8.976387882557473100E-017, 0.9950000000000004400, 0.0000000000000000000 ) ) ;
#996 = FILL_AREA_STYLE ('',( #7922 ) ) ;
#997 = CARTESIAN_POINT ( 'NONE',  ( -0.04784238332213226800, -1.168868921937333400, -0.2301144326776939400 ) ) ;
#998 = CARTESIAN_POINT ( 'NONE',  ( 0.02569776231328228500, -1.214592038838268500, 0.1842793770107373200 ) ) ;
#999 = CARTESIAN_POINT ( 'NONE',  ( 0.04978749811896360900, -1.205082627581610000, -0.2976813273944592400 ) ) ;
#1000 = CARTESIAN_POINT ( 'NONE',  ( 4.775372274600670600E-017, 0.04500000000000011600, 0.0000000000000000000 ) ) ;
#1001 = ADVANCED_FACE ( 'NONE', ( #2496 ), #2515, .T. ) ;
#1002 =( GEOMETRIC_REPRESENTATION_CONTEXT ( 3 ) GLOBAL_UNCERTAINTY_ASSIGNED_CONTEXT ( ( #450 ) ) GLOBAL_UNIT_ASSIGNED_CONTEXT ( ( #5217, #1413, #5851 ) ) REPRESENTATION_CONTEXT ( 'NONE', 'WORKASPACE' ) );
#1003 = CARTESIAN_POINT ( 'NONE',  ( 0.0000000000000000000, 1.395000000000000000, 1.169999999999999900 ) ) ;
#1004 = DIRECTION ( 'NONE',  ( 1.000000000000000000, 1.447553700753488400E-016, 0.0000000000000000000 ) ) ;
#1005 = ORIENTED_EDGE ( 'NONE', *, *, #568, .T. ) ;
#1006 = ORIENTED_EDGE ( 'NONE', *, *, #5900, .F. ) ;
#1007 = UNCERTAINTY_MEASURE_WITH_UNIT (LENGTH_MEASURE( 1.000000000000000100E-005 ), #190, 'distance_accuracy_value', 'NONE');
#1008 = CARTESIAN_POINT ( 'NONE',  ( -0.1250026613919872900, 0.2666596192853436000, 0.3897231212597500000 ) ) ;
#1009 = SURFACE_SIDE_STYLE ('',( #3193 ) ) ;
#1010 = FILL_AREA_STYLE_COLOUR ( '', #7231 ) ;
#1011 = MECHANICAL_DESIGN_GEOMETRIC_PRESENTATION_REPRESENTATION (  '', ( #149 ), #1439 ) ;
#1012 = ORIENTED_EDGE ( 'NONE', *, *, #3023, .F. ) ;
#1013 =( GEOMETRIC_REPRESENTATION_CONTEXT ( 3 ) GLOBAL_UNCERTAINTY_ASSIGNED_CONTEXT ( ( #7363 ) ) GLOBAL_UNIT_ASSIGNED_CONTEXT ( ( #3633, #8074, #4273 ) ) REPRESENTATION_CONTEXT ( 'NONE', 'WORKASPACE' ) );
#1014 = ORIENTED_EDGE ( 'NONE', *, *, #7887, .T. ) ;
#1015 = SURFACE_STYLE_FILL_AREA ( #8057 ) ;
#1016 = DIRECTION ( 'NONE',  ( -1.447553700753488400E-016, 1.000000000000000000, -0.0000000000000000000 ) ) ;
#1017 = DIRECTION ( 'NONE',  ( -1.447553700753488400E-016, 1.000000000000000000, -0.0000000000000000000 ) ) ;
#1018 = B_SPLINE_CURVE_WITH_KNOTS ( 'NONE', 3,
 ( #2237, #2863, #7881, #6678, #2891, #4703, #3113, #7545, #3751, #8184 ),
 .UNSPECIFIED., .F., .F.,
 ( 4, 2, 2, 2, 4 ),
 ( 0.0000000000000000000, 0.0001146171626467349600, 0.0002292343252934699300, 0.0003438514879402047900, 0.0004584686505869397500 ),
 .UNSPECIFIED. ) ;
#1019 = DIRECTION ( 'NONE',  ( 1.447553700753488400E-016, -1.000000000000000000, 0.0000000000000000000 ) ) ;
#1020 = COLOUR_RGB ( '',0.1098039215686274500, 0.1098039215686274500, 0.1098039215686274500 ) ;
#1021 = MECHANICAL_DESIGN_GEOMETRIC_PRESENTATION_REPRESENTATION (  '', ( #159 ), #1450 ) ;
#1022 = CARTESIAN_POINT ( 'NONE',  ( -1.270000000000000000, 1.294999999999999900, 0.6700000000000002600 ) ) ;
#1023 = DIRECTION ( 'NONE',  ( 1.447553700753488400E-016, -1.000000000000000000, 0.0000000000000000000 ) ) ;
#1024 = FILL_AREA_STYLE_COLOUR ( '', #4761 ) ;
#1025 = DIRECTION ( 'NONE',  ( -1.447553700753488400E-016, 1.000000000000000000, -0.0000000000000000000 ) ) ;
#1026 = CARTESIAN_POINT ( 'NONE',  ( 0.0000000000000000000, 1.294999999999999900, 1.169999999999999900 ) ) ;
#1027 = DIRECTION ( 'NONE',  ( -0.0000000000000000000, -1.000000000000000000, 0.0000000000000000000 ) ) ;
#1028 = CARTESIAN_POINT ( 'NONE',  ( 1.370000000000000100, 1.294999999999999900, 0.0000000000000000000 ) ) ;
#1029 = EDGE_LOOP ( 'NONE', ( #5765, #55, #3424, #6372, #3954 ) ) ;
#1030 = DIRECTION ( 'NONE',  ( -1.447553700753488400E-016, 1.000000000000000000, -0.0000000000000000000 ) ) ;
#1031 = COLOUR_RGB ( '',0.1098039215686274500, 0.1098039215686274500, 0.1098039215686274500 ) ;
#1032 = CIRCLE ( 'NONE', #4573, 0.01999999999999997600 ) ;
#1033 =( GEOMETRIC_REPRESENTATION_CONTEXT ( 3 ) GLOBAL_UNCERTAINTY_ASSIGNED_CONTEXT ( ( #5 ) ) GLOBAL_UNIT_ASSIGNED_CONTEXT ( ( #1118, #5555, #1753 ) ) REPRESENTATION_CONTEXT ( 'NONE', 'WORKASPACE' ) );
#1034 = AXIS2_PLACEMENT_3D ( 'NONE', #5806, #5700, #8250 ) ;
#1035 = CARTESIAN_POINT ( 'NONE',  ( 1.244400193985224700, -1.394999999999999800, -0.7285786437626912100 ) ) ;
#1036 = DIRECTION ( 'NONE',  ( 1.447553700753488400E-016, -1.000000000000000000, 0.0000000000000000000 ) ) ;
#1037 = EDGE_CURVE ( 'NONE', #4131, #3561, #6744, .T. ) ;
#1038 = ORIENTED_EDGE ( 'NONE', *, *, #1916, .F. ) ;
#1039 = CARTESIAN_POINT ( 'NONE',  ( -0.1165691583830020100, 0.3537371343092569600, 0.3762833252112624000 ) ) ;
#1040 = ADVANCED_FACE ( 'NONE', ( #5063 ), #6150, .T. ) ;
#1041 = ORIENTED_EDGE ( 'NONE', *, *, #4878, .F. ) ;
#1042 = ORIENTED_EDGE ( 'NONE', *, *, #2056, .T. ) ;
#1043 = CIRCLE ( 'NONE', #1689, 0.5299470081275748900 ) ;
#1044 =( LENGTH_UNIT ( ) NAMED_UNIT ( * ) SI_UNIT ( .MILLI., .METRE. ) );
#1045 = EDGE_CURVE ( 'NONE', #5448, #787, #4468, .T. ) ;
#1046 = AXIS2_PLACEMENT_3D ( 'NONE', #5010, #3765, #8198 ) ;
#1047 = CARTESIAN_POINT ( 'NONE',  ( 0.04630770841790421400, -1.150767665139485100, -0.2525584207203315200 ) ) ;
#1048 = ORIENTED_EDGE ( 'NONE', *, *, #4618, .F. ) ;
#1049 = CARTESIAN_POINT ( 'NONE',  ( -0.05041649842418017400, -1.152036863472201600, -0.01673918409889733900 ) ) ;
#1050 = CIRCLE ( 'NONE', #6684, 0.1000000000000000500 ) ;
#1051 = SURFACE_STYLE_USAGE ( .BOTH. , #4855 ) ;
#1052 = CARTESIAN_POINT ( 'NONE',  ( 0.1044715838470600700, 0.3442330513943906400, -0.3794668547528157200 ) ) ;
#1053 = DIRECTION ( 'NONE',  ( -0.0000000000000000000, -1.000000000000000000, -0.0000000000000000000 ) ) ;
#1054 =( NAMED_UNIT ( * ) PLANE_ANGLE_UNIT ( ) SI_UNIT ( $, .RADIAN. ) );
#1055 = CARTESIAN_POINT ( 'NONE',  ( -0.1128687574172135000, 0.3590962634738663100, -0.3774216455414604600 ) ) ;
#1056 = EDGE_LOOP ( 'NONE', ( #7201, #2386, #4371, #6128, #5505 ) ) ;
#1057 = EDGE_CURVE ( 'NONE', #293, #1785, #2143, .T. ) ;
#1058 = SHAPE_REPRESENTATION ( '311-99-101-41-001000', ( #4353 ), #3919 ) ;
#1059 = AXIS2_PLACEMENT_3D ( 'NONE', #1080, #465, #4908 ) ;
#1060 = LINE ( 'NONE', #3202, #2575 ) ;
#1061 = CARTESIAN_POINT ( 'NONE',  ( -0.04566121531820460000, -1.159086993105501500, 0.2501001023489880500 ) ) ;
#1062 = CIRCLE ( 'NONE', #5184, 0.3998154356757370700 ) ;
#1063 = UNCERTAINTY_MEASURE_WITH_UNIT (LENGTH_MEASURE( 1.000000000000000100E-005 ), #2141, 'distance_accuracy_value', 'NONE');
#1064 = CARTESIAN_POINT ( 'NONE',  ( 0.1275048113289213000, 0.2953189102999920200, 0.4206693207026783700 ) ) ;
#1065 = EDGE_CURVE ( 'NONE', #3356, #7907, #2792, .T. ) ;
#1066 = FACE_OUTER_BOUND ( 'NONE', #5440, .T. ) ;
#1067 = ORIENTED_EDGE ( 'NONE', *, *, #5946, .T. ) ;
#1068 = ORIENTED_EDGE ( 'NONE', *, *, #677, .T. ) ;
#1069 = SURFACE_STYLE_FILL_AREA ( #5413 ) ;
#1070 = MECHANICAL_DESIGN_GEOMETRIC_PRESENTATION_REPRESENTATION (  '', ( #7618 ), #1499 ) ;
#1071 = PRESENTATION_LAYER_ASSIGNMENT (  '', '', ( #221 ) ) ;
#1072 = CARTESIAN_POINT ( 'NONE',  ( -2.103352214621881800E-015, -1.294999999999999900, -0.6699999999999989300 ) ) ;
#1073 =( NAMED_UNIT ( * ) SI_UNIT ( $, .STERADIAN. ) SOLID_ANGLE_UNIT ( ) );
#1074 = ORIENTED_EDGE ( 'NONE', *, *, #7155, .F. ) ;
#1075 = ORIENTED_EDGE ( 'NONE', *, *, #320, .F. ) ;
#1076 =( NAMED_UNIT ( * ) PLANE_ANGLE_UNIT ( ) SI_UNIT ( $, .RADIAN. ) );
#1077 = LINE ( 'NONE', #3104, #2592 ) ;
#1078 = CARTESIAN_POINT ( 'NONE',  ( -0.1518986748799416300, 0.2634659119465385700, -0.4083876577056690900 ) ) ;
#1079 =( LENGTH_UNIT ( ) NAMED_UNIT ( * ) SI_UNIT ( .MILLI., .METRE. ) );
#1080 = CARTESIAN_POINT ( 'NONE',  ( -4.054705299995608100E-017, 0.6550000000000001400, 0.0000000000000000000 ) ) ;
#1081 = DIRECTION ( 'NONE',  ( 0.0000000000000000000, -0.0000000000000000000, -1.000000000000000000 ) ) ;
#1082 = MECHANICAL_DESIGN_GEOMETRIC_PRESENTATION_REPRESENTATION (  '', ( #227 ), #1510 ) ;
#1083 = PRESENTATION_LAYER_ASSIGNMENT (  '', '', ( #655 ) ) ;
#1084 = COLOUR_RGB ( '',0.1098039215686274500, 0.1098039215686274500, 0.1098039215686274500 ) ;
#1085 = CARTESIAN_POINT ( 'NONE',  ( 0.03540558054183588800, 0.4157622091886242200, -0.3924261126624273300 ) ) ;
#1086 = EDGE_LOOP ( 'NONE', ( #5980, #6809, #3102, #3956, #2234 ) ) ;
#1087 = FILL_AREA_STYLE ('',( #6835 ) ) ;
#1088 = SURFACE_STYLE_FILL_AREA ( #3330 ) ;
#1089 = CARTESIAN_POINT ( 'NONE',  ( 0.8999999999999992500, 1.345000000000000400, 1.102182119232617000E-016 ) ) ;
#1090 = VECTOR ( 'NONE', #4121, 1000.000000000000000 ) ;
#1091 = CARTESIAN_POINT ( 'NONE',  ( -0.07625930529580417200, -0.6783374732234397400, -0.2908621438522431800 ) ) ;
#1092 = CARTESIAN_POINT ( 'NONE',  ( -0.03453652562090402100, 0.4003526327457967400, 0.4299660685670651000 ) ) ;
#1093 = CIRCLE ( 'NONE', #5587, 0.1000000000000000500 ) ;
#1094 = ORIENTED_EDGE ( 'NONE', *, *, #7744, .T. ) ;
#1095 = CIRCLE ( 'NONE', #7562, 0.8999999999999993600 ) ;
#1096 = CIRCLE ( 'NONE', #4010, 0.9399999999999991700 ) ;
#1097 = MECHANICAL_DESIGN_GEOMETRIC_PRESENTATION_REPRESENTATION (  '', ( #8072 ), #1517 ) ;
#1098 = DIRECTION ( 'NONE',  ( 1.000000000000000000, 0.0000000000000000000, 0.0000000000000000000 ) ) ;
#1099 = FILL_AREA_STYLE_COLOUR ( '', #6275 ) ;
#1100 = EDGE_CURVE ( 'NONE', #7736, #2318, #1077, .T. ) ;
#1101 = VERTEX_POINT ( 'NONE', #6284 ) ;
#1102 = TOROIDAL_SURFACE ( 'NONE', #7728, 0.8499999999999993100, 0.05000000000000000300 ) ;
#1103 = CARTESIAN_POINT ( 'NONE',  ( -0.02751749980527845200, -1.187448473213238900, -0.2283363398061075400 ) ) ;
#1104 =( NAMED_UNIT ( * ) SI_UNIT ( $, .STERADIAN. ) SOLID_ANGLE_UNIT ( ) );
#1105 = FILL_AREA_STYLE_COLOUR ( '', #6977 ) ;
#1106 = ORIENTED_EDGE ( 'NONE', *, *, #208, .F. ) ;
#1107 = EDGE_CURVE ( 'NONE', #4844, #3042, #656, .T. ) ;
#1108 = DIRECTION ( 'NONE',  ( -1.000000000000000000, 0.0000000000000000000, 0.0000000000000000000 ) ) ;
#1109 = CARTESIAN_POINT ( 'NONE',  ( 0.5999999999999993100, 1.395000000000000000, 7.347880794884112800E-017 ) ) ;
#1110 = VERTEX_POINT ( 'NONE', #6310 ) ;
#1111 = CARTESIAN_POINT ( 'NONE',  ( -0.02797092715960448900, -1.180685060796633500, 0.1523851976047146900 ) ) ;
#1112 =( LENGTH_UNIT ( ) NAMED_UNIT ( * ) SI_UNIT ( .MILLI., .METRE. ) );
#1113 = CARTESIAN_POINT ( 'NONE',  ( -1.476660268557142200E-016, 1.395000000000000000, 0.0000000000000000000 ) ) ;
#1114 = FACE_OUTER_BOUND ( 'NONE', #6403, .T. ) ;
#1115 = UNCERTAINTY_MEASURE_WITH_UNIT (LENGTH_MEASURE( 1.000000000000000100E-005 ), #353, 'distance_accuracy_value', 'NONE');
#1116 =( GEOMETRIC_REPRESENTATION_CONTEXT ( 3 ) GLOBAL_UNCERTAINTY_ASSIGNED_CONTEXT ( ( #8089 ) ) GLOBAL_UNIT_ASSIGNED_CONTEXT ( ( #763, #5213, #1411 ) ) REPRESENTATION_CONTEXT ( 'NONE', 'WORKASPACE' ) );
#1117 =( LENGTH_UNIT ( ) NAMED_UNIT ( * ) SI_UNIT ( .MILLI., .METRE. ) );
#1118 =( LENGTH_UNIT ( ) NAMED_UNIT ( * ) SI_UNIT ( .MILLI., .METRE. ) );
#1119 = CARTESIAN_POINT ( 'NONE',  ( 0.05417766874533048300, 0.3886947337638642100, 0.4093410540207056400 ) ) ;
#1120 = CIRCLE ( 'NONE', #6072, 0.05000000000000002400 ) ;
#1121 = DIRECTION ( 'NONE',  ( -1.447553700753488400E-016, 1.000000000000000000, -0.0000000000000000000 ) ) ;
#1122 = PRODUCT ( '311-99-101-41-001000', '311-99-101-41-001000', '', ( #6335 ) ) ;
#1123 = AXIS2_PLACEMENT_3D ( 'NONE', #4105, #285, #4747 ) ;
#1124 = DIRECTION ( 'NONE',  ( 1.000000000000000000, 0.0000000000000000000, 0.0000000000000000000 ) ) ;
#1125 = AXIS2_PLACEMENT_3D ( 'NONE', #7491, #3707, #8133 ) ;
#1126 = CARTESIAN_POINT ( 'NONE',  ( -1.742557280900009400, 1.395000000000000000, 0.3987213595499950500 ) ) ;
#1127 = CIRCLE ( 'NONE', #7049, 0.5853553390593273500 ) ;
#1128 = CARTESIAN_POINT ( 'NONE',  ( 0.02751437367195733200, -1.187495103238358900, -0.2376390385171720500 ) ) ;
#1129 = CIRCLE ( 'NONE', #1427, 0.4439249933206987400 ) ;
#1130 = CARTESIAN_POINT ( 'NONE',  ( 0.09150301173731692500, -0.2330278769365277400, 0.3535703795776172200 ) ) ;
#1131 = CARTESIAN_POINT ( 'NONE',  ( 1.270000000000001100, 1.294999999999999700, 0.7699999999999979100 ) ) ;
#1132 = AXIS2_PLACEMENT_3D ( 'NONE', #3365, #1478, #5915 ) ;
#1133 = DIRECTION ( 'NONE',  ( -1.000000000000000000, 0.0000000000000000000, -1.084202172485506600E-015 ) ) ;
#1134 = DIRECTION ( 'NONE',  ( -1.000000000000000000, -1.444121746138480700E-016, 0.0000000000000000000 ) ) ;
#1135 = EDGE_LOOP ( 'NONE', ( #6148, #1245, #195, #4459 ) ) ;
#1136 = CIRCLE ( 'NONE', #356, 0.1000000000000000500 ) ;
#1137 =( LENGTH_UNIT ( ) NAMED_UNIT ( * ) SI_UNIT ( .MILLI., .METRE. ) );
#1138 = DIRECTION ( 'NONE',  ( -1.000000000000000000, 0.0000000000000000000, 0.0000000000000000000 ) ) ;
#1139 = DIRECTION ( 'NONE',  ( 0.5059326411431077600, 0.8290431166894881600, 0.2381589244511723400 ) ) ;
#1140 = CARTESIAN_POINT ( 'NONE',  ( 4.567390804459024100E-016, -2.780355339059327900, 0.0000000000000000000 ) ) ;
#1141 = DIRECTION ( 'NONE',  ( -0.0000000000000000000, -1.000000000000000000, -0.0000000000000000000 ) ) ;
#1142 = EDGE_LOOP ( 'NONE', ( #5222, #4173, #3866, #5823 ) ) ;
#1143 =( NAMED_UNIT ( * ) PLANE_ANGLE_UNIT ( ) SI_UNIT ( $, .RADIAN. ) );
#1144 = ORIENTED_EDGE ( 'NONE', *, *, #2868, .T. ) ;
#1145 = CIRCLE ( 'NONE', #4134, 0.2350352011263657500 ) ;
#1146 = STYLED_ITEM ( 'NONE', ( #22 ), #7636 ) ;
#1147 = DIRECTION ( 'NONE',  ( -1.447553700753488400E-016, 1.000000000000000000, -0.0000000000000000000 ) ) ;
#1148 = CARTESIAN_POINT ( 'NONE',  ( -7.304618040577853400E-017, 0.8795106857790895300, 0.0000000000000000000 ) ) ;
#1149 = EDGE_CURVE ( 'NONE', #7601, #5322, #7416, .T. ) ;
#1150 = CARTESIAN_POINT ( 'NONE',  ( -0.1158231730575406100, 0.3543379074933980000, -0.3765128058188664800 ) ) ;
#1151 = ORIENTED_EDGE ( 'NONE', *, *, #2013, .T. ) ;
#1152 = DIRECTION ( 'NONE',  ( -1.447553700753488400E-016, 1.000000000000000000, -0.0000000000000000000 ) ) ;
#1153 = VERTEX_POINT ( 'NONE', #1257 ) ;
#1154 = CARTESIAN_POINT ( 'NONE',  ( 0.1217074279400161000, 0.02017754323096197100, -0.3426698175346753500 ) ) ;
#1155 = CARTESIAN_POINT ( 'NONE',  ( 0.1378435408756127900, 0.2670981431876220900, -0.3606053945049981200 ) ) ;
#1156 = ORIENTED_EDGE ( 'NONE', *, *, #5056, .F. ) ;
#1157 = DIRECTION ( 'NONE',  ( 0.0000000000000000000, 1.000000000000000000, 0.0000000000000000000 ) ) ;
#1158 = UNCERTAINTY_MEASURE_WITH_UNIT (LENGTH_MEASURE( 1.000000000000000100E-005 ), #4383, 'distance_accuracy_value', 'NONE');
#1159 = EDGE_CURVE ( 'NONE', #6305, #2400, #7642, .T. ) ;
#1160 = CIRCLE ( 'NONE', #7138, 0.4203069233026771000 ) ;
#1161 = AXIS2_PLACEMENT_3D ( 'NONE', #4975, #1167, #5607 ) ;
#1162 = CARTESIAN_POINT ( 'NONE',  ( 0.02551473994300772200, -1.223343405455788800, 0.2806747823464544300 ) ) ;
#1163 = CARTESIAN_POINT ( 'NONE',  ( -0.03001400578946924000, -1.150210094428824900, 0.04004634616228762400 ) ) ;
#1164 = DIRECTION ( 'NONE',  ( 0.0000000000000000000, 0.0000000000000000000, -1.000000000000000000 ) ) ;
#1165 = CARTESIAN_POINT ( 'NONE',  ( -0.9581966011250113700, -1.294999999999999900, -1.169999999999999900 ) ) ;
#1166 = CARTESIAN_POINT ( 'NONE',  ( -0.1298388586112989600, 0.3488789321627675500, -0.4240797271442305300 ) ) ;
#1167 = DIRECTION ( 'NONE',  ( -1.000000000000000000, 0.0000000000000000000, 0.0000000000000000000 ) ) ;
#1168 = CARTESIAN_POINT ( 'NONE',  ( 0.1345165463631132800, 0.01056098416514668300, -0.3902488968370594900 ) ) ;
#1169 = UNCERTAINTY_MEASURE_WITH_UNIT (LENGTH_MEASURE( 1.000000000000000100E-005 ), #2846, 'distance_accuracy_value', 'NONE');
#1170 = FILL_AREA_STYLE ('',( #6278 ) ) ;
#1171 = AXIS2_PLACEMENT_3D ( 'NONE', #782, #5235, #1430 ) ;
#1172 = STYLED_ITEM ( 'NONE', ( #6647 ), #4557 ) ;
#1173 = SURFACE_STYLE_FILL_AREA ( #7012 ) ;
#1174 = ORIENTED_EDGE ( 'NONE', *, *, #4208, .F. ) ;
#1175 = CARTESIAN_POINT ( 'NONE',  ( 0.03003326316416010300, -1.149922847605602700, 0.2556207292921418000 ) ) ;
#1176 =( NAMED_UNIT ( * ) SI_UNIT ( $, .STERADIAN. ) SOLID_ANGLE_UNIT ( ) );
#1177 = EDGE_CURVE ( 'NONE', #297, #6260, #4071, .T. ) ;
#1178 = VERTEX_POINT ( 'NONE', #7616 ) ;
#1179 =( NAMED_UNIT ( * ) SI_UNIT ( $, .STERADIAN. ) SOLID_ANGLE_UNIT ( ) );
#1180 = FILL_AREA_STYLE ('',( #533 ) ) ;
#1181 = FACE_BOUND ( 'NONE', #2556, .T. ) ;
#1182 = ORIENTED_EDGE ( 'NONE', *, *, #6208, .T. ) ;
#1183 = CARTESIAN_POINT ( 'NONE',  ( -0.04652516203801312200, -1.168374285843216200, -0.2375800498673373800 ) ) ;
#1184 = CARTESIAN_POINT ( 'NONE',  ( -0.1125498724903000000, 0.3310686508361576100, -0.3916612963029932300 ) ) ;
#1185 = CARTESIAN_POINT ( 'NONE',  ( 0.04600981859934907100, 0.4202062387990520600, 0.3939100174632089200 ) ) ;
#1186 = CARTESIAN_POINT ( 'NONE',  ( 0.03902835300765041700, -1.214358437060419500, 0.2961696417105038600 ) ) ;
#1187 = CIRCLE ( 'NONE', #3295, 0.1000000000000000300 ) ;
#1188 = CARTESIAN_POINT ( 'NONE',  ( -0.04813080590179065500, -1.165473583952008300, -0.1920214648406892400 ) ) ;
#1189 = ORIENTED_EDGE ( 'NONE', *, *, #4483, .F. ) ;
#1190 = CARTESIAN_POINT ( 'NONE',  ( -0.06059935458453081400, -0.6939929610046580200, 0.2937098273540263400 ) ) ;
#1191 = DIRECTION ( 'NONE',  ( -0.0000000000000000000, 0.0000000000000000000, 1.000000000000000000 ) ) ;
#1192 = CARTESIAN_POINT ( 'NONE',  ( 0.05984158151271986400, -0.7052960545516583400, -0.3446300717283436500 ) ) ;
#1193 = MECHANICAL_DESIGN_GEOMETRIC_PRESENTATION_REPRESENTATION (  '', ( #7739 ), #1614 ) ;
#1194 = MECHANICAL_DESIGN_GEOMETRIC_PRESENTATION_REPRESENTATION (  '', ( #340 ), #1616 ) ;
#1195 = CIRCLE ( 'NONE', #2674, 0.5999999999999994200 ) ;
#1196 = EDGE_CURVE ( 'NONE', #2808, #3754, #875, .T. ) ;
#1197 = EDGE_LOOP ( 'NONE', ( #7809, #805, #4949, #1852 ) ) ;
#1198 = TOROIDAL_SURFACE ( 'NONE', #1591, 0.5499999999999998200, 0.05000000000000000300 ) ;
#1199 = CYLINDRICAL_SURFACE ( 'NONE', #5021, 0.1000000000000000300 ) ;
#1200 = DIRECTION ( 'NONE',  ( 0.0000000000000000000, 0.0000000000000000000, 1.000000000000000000 ) ) ;
#1201 = FILL_AREA_STYLE ('',( #8177 ) ) ;
#1202 = CARTESIAN_POINT ( 'NONE',  ( 0.1158236843077577200, 0.3543379074933975500, -0.3765126485472823400 ) ) ;
#1203 = CARTESIAN_POINT ( 'NONE',  ( -0.1371271796319699400, 0.3017080774904097300, 0.3642922621716731000 ) ) ;
#1204 = PRESENTATION_STYLE_ASSIGNMENT (( #1994 ) ) ;
#1205 = VERTEX_POINT ( 'NONE', #5704 ) ;
#1206 = AXIS2_PLACEMENT_3D ( 'NONE', #6941, #3153, #7590 ) ;
#1207 = VERTEX_POINT ( 'NONE', #6365 ) ;
#1208 = FILL_AREA_STYLE ('',( #8182 ) ) ;
#1209 = EDGE_CURVE ( 'NONE', #4195, #5370, #5950, .T. ) ;
#1210 = CARTESIAN_POINT ( 'NONE',  ( -1.270000000000000000, -1.395000000000000000, 0.6700000000000002600 ) ) ;
#1211 = AXIS2_PLACEMENT_3D ( 'NONE', #1351, #5788, #1993 ) ;
#1212 = CARTESIAN_POINT ( 'NONE',  ( -0.1517076998996377300, 0.2909921522516909500, 0.4111512178519106700 ) ) ;
#1213 = CARTESIAN_POINT ( 'NONE',  ( -0.9581966011250114800, 1.395000000000000000, -1.169999999999999900 ) ) ;
#1214 = ORIENTED_EDGE ( 'NONE', *, *, #402, .F. ) ;
#1215 = B_SPLINE_CURVE_WITH_KNOTS ( 'NONE', 3,
 ( #2699, #6476, #7775, #3966, #144, #4608, #785, #5240, #1434, #5875, #2075, #6504, #2728, #7139, #3347, #7798 ),
 .UNSPECIFIED., .F., .F.,
 ( 4, 3, 3, 3, 3, 4 ),
 ( 0.0000000000000000000, 1.003059329093912800E-005, 2.349664407968425700E-005, 3.679914919334459300E-005, 5.008212870721682000E-005, 6.336581010259248500E-005 ),
 .UNSPECIFIED. ) ;
#1216 = CARTESIAN_POINT ( 'NONE',  ( -0.1180273429977300300, 0.3525217918726890100, 0.3757410748851473500 ) ) ;
#1217 = CARTESIAN_POINT ( 'NONE',  ( 0.08305999482976636500, -0.7318447519065445200, 0.3349989644292454300 ) ) ;
#1218 = SURFACE_SIDE_STYLE ('',( #5791 ) ) ;
#1219 = EDGE_CURVE ( 'NONE', #6807, #6636, #4489, .T. ) ;
#1220 = CARTESIAN_POINT ( 'NONE',  ( 2.518587945522486000E-016, -1.365000000000000000, 0.0000000000000000000 ) ) ;
#1221 = CARTESIAN_POINT ( 'NONE',  ( -1.270000000000000000, -1.294999999999999700, -0.6700000000000002600 ) ) ;
#1222 = STYLED_ITEM ( 'NONE', ( #4081 ), #4009 ) ;
#1223 = CARTESIAN_POINT ( 'NONE',  ( 0.8262454205064517800, 1.395000000000000500, 0.0000000000000000000 ) ) ;
#1224 = DIRECTION ( 'NONE',  ( 0.0000000000000000000, 1.000000000000000000, 0.0000000000000000000 ) ) ;
#1225 = FACE_BOUND ( 'NONE', #7143, .T. ) ;
#1226 = DIRECTION ( 'NONE',  ( 1.000000000000000000, 0.0000000000000000000, 0.0000000000000000000 ) ) ;
#1227 = DIRECTION ( 'NONE',  ( 1.000000000000000000, -0.0000000000000000000, 1.084202172485506600E-015 ) ) ;
#1228 = CARTESIAN_POINT ( 'NONE',  ( 0.09189318308635009700, -0.2272080036503711400, -0.3433401040042007900 ) ) ;
#1229 = EDGE_LOOP ( 'NONE', ( #7793, #484, #3807, #8202 ) ) ;
#1230 = STYLED_ITEM ( 'NONE', ( #4476 ), #916 ) ;
#1231 = MECHANICAL_DESIGN_GEOMETRIC_PRESENTATION_REPRESENTATION (  '', ( #375 ), #1657 ) ;
#1232 = LINE ( 'NONE', #4532, #7381 ) ;
#1233 =( GEOMETRIC_REPRESENTATION_CONTEXT ( 3 ) GLOBAL_UNCERTAINTY_ASSIGNED_CONTEXT ( ( #7011 ) ) GLOBAL_UNIT_ASSIGNED_CONTEXT ( ( #6037, #2243, #6683 ) ) REPRESENTATION_CONTEXT ( 'NONE', 'WORKASPACE' ) );
#1234 = DIRECTION ( 'NONE',  ( 0.4472135954999580900, -0.0000000000000000000, 0.8944271909999158600 ) ) ;
#1235 = DIRECTION ( 'NONE',  ( -1.000000000000000000, 0.0000000000000000000, 0.0000000000000000000 ) ) ;
#1236 = ORIENTED_EDGE ( 'NONE', *, *, #8125, .T. ) ;
#1237 = CARTESIAN_POINT ( 'NONE',  ( 0.04784238332213593100, -1.168868921937334300, -0.2301144326777097800 ) ) ;
#1238 = ORIENTED_EDGE ( 'NONE', *, *, #6412, .F. ) ;
#1239 = SURFACE_STYLE_FILL_AREA ( #106 ) ;
#1240 = COLOUR_RGB ( '',0.8941176470588234600, 0.9137254901960784000, 0.9294117647058823800 ) ;
#1241 = CARTESIAN_POINT ( 'NONE',  ( 0.1326020296073753300, 0.3273490054100364800, -0.3687570877325211900 ) ) ;
#1242 = FACE_OUTER_BOUND ( 'NONE', #5842, .T. ) ;
#1243 = PRESENTATION_LAYER_ASSIGNMENT (  '', '', ( #808 ) ) ;
#1244 = CARTESIAN_POINT ( 'NONE',  ( 0.02751749980527897300, -1.187448473213236000, -0.2283363398060759300 ) ) ;
#1245 = ORIENTED_EDGE ( 'NONE', *, *, #5513, .T. ) ;
#1246 = DIRECTION ( 'NONE',  ( -1.224646799147353200E-016, -1.772742006221665100E-032, 1.000000000000000000 ) ) ;
#1247 = ORIENTED_EDGE ( 'NONE', *, *, #472, .F. ) ;
#1248 = DIRECTION ( 'NONE',  ( -0.7399400733959486900, 0.6726727939963069700, 0.0000000000000000000 ) ) ;
#1249 =( LENGTH_UNIT ( ) NAMED_UNIT ( * ) SI_UNIT ( .MILLI., .METRE. ) );
#1250 = DIRECTION ( 'NONE',  ( 1.000000000000000000, 1.468190441907455200E-016, 0.0000000000000000000 ) ) ;
#1251 = ORIENTED_EDGE ( 'NONE', *, *, #2113, .F. ) ;
#1252 =( GEOMETRIC_REPRESENTATION_CONTEXT ( 3 ) GLOBAL_UNCERTAINTY_ASSIGNED_CONTEXT ( ( #1158 ) ) GLOBAL_UNIT_ASSIGNED_CONTEXT ( ( #4383, #562, #5123 ) ) REPRESENTATION_CONTEXT ( 'NONE', 'WORKASPACE' ) );
#1253 = LINE ( 'NONE', #963, #6323 ) ;
#1254 = APPLICATION_CONTEXT ( 'automotive_design' ) ;
#1255 = PRESENTATION_STYLE_ASSIGNMENT (( #4916 ) ) ;
#1256 = SURFACE_STYLE_USAGE ( .BOTH. , #5066 ) ;
#1257 = CARTESIAN_POINT ( 'NONE',  ( -1.047639320225002900, 1.294999999999999700, 1.214721359549995900 ) ) ;
#1258 = EDGE_CURVE ( 'NONE', #99, #3671, #5746, .T. ) ;
#1259 = STYLED_ITEM ( 'NONE', ( #4436 ), #2096 ) ;
#1260 = B_SPLINE_CURVE_WITH_KNOTS ( 'NONE', 3,
 ( #8080, #4287, #1747, #6192, #2403, #6829, #3035 ),
 .UNSPECIFIED., .F., .F.,
 ( 4, 3, 4 ),
 ( -1.014189297030967900E-006, 0.0000000000000000000, 3.094920459720932600E-006 ),
 .UNSPECIFIED. ) ;
#1261 =( LENGTH_UNIT ( ) NAMED_UNIT ( * ) SI_UNIT ( .MILLI., .METRE. ) );
#1262 = CARTESIAN_POINT ( 'NONE',  ( -0.1069241233671471100, 0.3402872455622174000, -0.3947430299118225300 ) ) ;
#1263 = CARTESIAN_POINT ( 'NONE',  ( 0.02864767409877132200, -1.170590569126491100, 0.03790365244268426700 ) ) ;
#1264 = CARTESIAN_POINT ( 'NONE',  ( -0.1057873211418421200, 0.3678040412519849000, 0.4312432606611588700 ) ) ;
#1265 = EDGE_CURVE ( 'NONE', #6621, #312, #3869, .T. ) ;
#1266 = FACE_OUTER_BOUND ( 'NONE', #4034, .T. ) ;
#1267 = EDGE_LOOP ( 'NONE', ( #1694, #7631, #4339 ) ) ;
#1268 = MECHANICAL_DESIGN_GEOMETRIC_PRESENTATION_REPRESENTATION (  '', ( #418 ), #1702 ) ;
#1269 = FILL_AREA_STYLE ('',( #3785 ) ) ;
#1270 = ORIENTED_EDGE ( 'NONE', *, *, #8079, .T. ) ;
#1271 =( BOUNDED_CURVE ( )  B_SPLINE_CURVE ( 3, ( #4937, #3667, #6824, #1131 ),
 .UNSPECIFIED., .F., .T. ) 
 B_SPLINE_CURVE_WITH_KNOTS ( ( 4, 4 ),
 ( 1.570796326794897400, 3.141592653589795300 ),
 .UNSPECIFIED. ) 
 CURVE ( )  GEOMETRIC_REPRESENTATION_ITEM ( )  RATIONAL_B_SPLINE_CURVE ( ( 1.000000000000000000, 0.8047378541243646000, 0.8047378541243646000, 1.000000000000000000 ) ) 
 REPRESENTATION_ITEM ( '' )  );
#1272 = DIRECTION ( 'NONE',  ( 0.0000000000000000000, 1.000000000000000000, 0.0000000000000000000 ) ) ;
#1273 =( NAMED_UNIT ( * ) PLANE_ANGLE_UNIT ( ) SI_UNIT ( $, .RADIAN. ) );
#1274 = FILL_AREA_STYLE ('',( #8243 ) ) ;
#1275 = CARTESIAN_POINT ( 'NONE',  ( 1.742557280900008500, -1.395000000000000000, 0.3987213595499957700 ) ) ;
#1276 = SURFACE_STYLE_FILL_AREA ( #6746 ) ;
#1277 = ORIENTED_EDGE ( 'NONE', *, *, #762, .T. ) ;
#1278 = CARTESIAN_POINT ( 'NONE',  ( 2.205846211486573600E-016, -1.148951549518942000, 0.0000000000000000000 ) ) ;
#1279 = EDGE_LOOP ( 'NONE', ( #8001, #7244, #2528, #3325 ) ) ;
#1280 =( GEOMETRIC_REPRESENTATION_CONTEXT ( 3 ) GLOBAL_UNCERTAINTY_ASSIGNED_CONTEXT ( ( #1622 ) ) GLOBAL_UNIT_ASSIGNED_CONTEXT ( ( #6539, #2761, #7175 ) ) REPRESENTATION_CONTEXT ( 'NONE', 'WORKASPACE' ) );
#1281 = CARTESIAN_POINT ( 'NONE',  ( 0.1249999999999999200, 0.2666198487095668400, 0.4125529277810837700 ) ) ;
#1282 =( GEOMETRIC_REPRESENTATION_CONTEXT ( 3 ) GLOBAL_UNCERTAINTY_ASSIGNED_CONTEXT ( ( #1470 ) ) GLOBAL_UNIT_ASSIGNED_CONTEXT ( ( #307, #4757, #941 ) ) REPRESENTATION_CONTEXT ( 'NONE', 'WORKASPACE' ) );
#1283 =( LENGTH_UNIT ( ) NAMED_UNIT ( * ) SI_UNIT ( .MILLI., .METRE. ) );
#1284 = CARTESIAN_POINT ( 'NONE',  ( 0.5299470081275747800, 0.9950000000000004400, 6.489979072211510600E-017 ) ) ;
#1285 = DIRECTION ( 'NONE',  ( -1.000000000000000000, -1.668003342285392800E-016, 0.0000000000000000000 ) ) ;
#1286 = ORIENTED_EDGE ( 'NONE', *, *, #3031, .T. ) ;
#1287 = CIRCLE ( 'NONE', #5536, 0.02999999999999997100 ) ;
#1288 = CIRCLE ( 'NONE', #1656, 0.2549999999999996700 ) ;
#1289 =( NAMED_UNIT ( * ) PLANE_ANGLE_UNIT ( ) SI_UNIT ( $, .RADIAN. ) );
#1290 = VECTOR ( 'NONE', #6246, 1000.000000000000000 ) ;
#1291 = FILL_AREA_STYLE_COLOUR ( '', #1696 ) ;
#1292 =( GEOMETRIC_REPRESENTATION_CONTEXT ( 3 ) GLOBAL_UNCERTAINTY_ASSIGNED_CONTEXT ( ( #5431 ) ) GLOBAL_UNIT_ASSIGNED_CONTEXT ( ( #6409, #2635, #7052 ) ) REPRESENTATION_CONTEXT ( 'NONE', 'WORKASPACE' ) );
#1293 = CARTESIAN_POINT ( 'NONE',  ( 0.02878729518101596400, -1.168507953350746100, 0.2300327145526186400 ) ) ;
#1294 = LINE ( 'NONE', #6681, #4484 ) ;
#1295 = ORIENTED_EDGE ( 'NONE', *, *, #2454, .F. ) ;
#1296 = VECTOR ( 'NONE', #4954, 1000.000000000000000 ) ;
#1297 = PLANE ( 'NONE',  #3664 ) ;
#1298 =( NAMED_UNIT ( * ) SI_UNIT ( $, .STERADIAN. ) SOLID_ANGLE_UNIT ( ) );
#1299 = CARTESIAN_POINT ( 'NONE',  ( -0.1378435408756131200, 0.2670981431876250400, -0.3606053945049982300 ) ) ;
#1300 = PRESENTATION_STYLE_ASSIGNMENT (( #4642 ) ) ;
#1301 = CARTESIAN_POINT ( 'NONE',  ( 1.270000000000000200, -1.954016994374949500, -0.7699999999999988000 ) ) ;
#1302 = ORIENTED_EDGE ( 'NONE', *, *, #291, .T. ) ;
#1303 = PRESENTATION_STYLE_ASSIGNMENT (( #5449 ) ) ;
#1304 = DIRECTION ( 'NONE',  ( 0.0000000000000000000, 0.07216114247521059100, 0.9973929864986380600 ) ) ;
#1305 = ADVANCED_FACE ( 'NONE', ( #2180 ), #4955, .F. ) ;
#1306 = AXIS2_PLACEMENT_3D ( 'NONE', #1278, #3173, #5723 ) ;
#1307 = DIRECTION ( 'NONE',  ( 1.000000000000000000, 1.447553700753488400E-016, 0.0000000000000000000 ) ) ;
#1308 = FILL_AREA_STYLE_COLOUR ( '', #3749 ) ;
#1309 = EDGE_CURVE ( 'NONE', #8138, #3132, #1520, .T. ) ;
#1310 = CARTESIAN_POINT ( 'NONE',  ( 0.09665289399638273000, 0.3558965629149591400, 0.4198305865064146900 ) ) ;
#1311 = ORIENTED_EDGE ( 'NONE', *, *, #1365, .F. ) ;
#1312 = CARTESIAN_POINT ( 'NONE',  ( 0.03206360899107799100, 0.3963902322985680100, -0.4123546724169163700 ) ) ;
#1313 = VERTEX_POINT ( 'NONE', #4239 ) ;
#1314 = PRESENTATION_STYLE_ASSIGNMENT (( #3060 ) ) ;
#1315 = FILL_AREA_STYLE ('',( #5775 ) ) ;
#1316 =( NAMED_UNIT ( * ) SI_UNIT ( $, .STERADIAN. ) SOLID_ANGLE_UNIT ( ) );
#1317 = DIRECTION ( 'NONE',  ( -1.084202172485505800E-015, 0.0000000000000000000, 1.000000000000000000 ) ) ;
#1318 = EDGE_CURVE ( 'NONE', #6608, #6989, #8131, .T. ) ;
#1319 = CIRCLE ( 'NONE', #2682, 0.4588477818713311300 ) ;
#1320 = UNCERTAINTY_MEASURE_WITH_UNIT (LENGTH_MEASURE( 1.000000000000000100E-005 ), #6421, 'distance_accuracy_value', 'NONE');
#1321 =( NAMED_UNIT ( * ) SI_UNIT ( $, .STERADIAN. ) SOLID_ANGLE_UNIT ( ) );
#1322 =( GEOMETRIC_REPRESENTATION_CONTEXT ( 3 ) GLOBAL_UNCERTAINTY_ASSIGNED_CONTEXT ( ( #6969 ) ) GLOBAL_UNIT_ASSIGNED_CONTEXT ( ( #7068, #3265, #7722 ) ) REPRESENTATION_CONTEXT ( 'NONE', 'WORKASPACE' ) );
#1323 = CARTESIAN_POINT ( 'NONE',  ( 0.03902241538352229500, 0.4002905576310612500, -0.3939365289626375300 ) ) ;
#1324 = CARTESIAN_POINT ( 'NONE',  ( 1.370000000000000100, 1.395000000000000000, 0.0000000000000000000 ) ) ;
#1325 = CARTESIAN_POINT ( 'NONE',  ( -0.07414175358417569900, -0.4919918495344892100, 0.3336163795114314200 ) ) ;
#1326 = DIRECTION ( 'NONE',  ( -1.447553700753488400E-016, 1.000000000000000000, -0.0000000000000000000 ) ) ;
#1327 = FACE_OUTER_BOUND ( 'NONE', #6633, .T. ) ;
#1328 = CIRCLE ( 'NONE', #1856, 0.6099999999999994300 ) ;
#1329 = AXIS2_PLACEMENT_3D ( 'NONE', #2918, #7328, #3540 ) ;
#1330 = AXIS2_PLACEMENT_3D ( 'NONE', #1538, #5985, #2190 ) ;
#1331 = CARTESIAN_POINT ( 'NONE',  ( -0.6099999999999994300, 0.03500000000000000300, 0.0000000000000000000 ) ) ;
#1332 = EDGE_CURVE ( 'NONE', #2271, #3356, #1566, .T. ) ;
#1333 = DIRECTION ( 'NONE',  ( 0.0000000000000000000, -0.0000000000000000000, -1.000000000000000000 ) ) ;
#1334 = VERTEX_POINT ( 'NONE', #1708 ) ;
#1335 = LINE ( 'NONE', #6352, #6002 ) ;
#1336 = CARTESIAN_POINT ( 'NONE',  ( 0.02492522909667287800, 0.3985701379379950600, 0.3962285460365671500 ) ) ;
#1337 = CARTESIAN_POINT ( 'NONE',  ( -0.02917838675610607800, -1.221599968234500000, 0.2884193327292977100 ) ) ;
#1338 = CARTESIAN_POINT ( 'NONE',  ( -0.1022680596842765600, 0.3475255422714770800, -0.3965887972423163300 ) ) ;
#1339 = DIRECTION ( 'NONE',  ( -0.8944271909999156300, 0.0000000000000000000, -0.4472135954999583700 ) ) ;
#1340 = FILL_AREA_STYLE ('',( #35 ) ) ;
#1341 = VERTEX_POINT ( 'NONE', #5503 ) ;
#1342 = STYLED_ITEM ( 'NONE', ( #4595 ), #5955 ) ;
#1343 = ORIENTED_EDGE ( 'NONE', *, *, #4988, .T. ) ;
#1344 = ADVANCED_FACE ( 'NONE', ( #1373 ), #15, .T. ) ;
#1345 = FILL_AREA_STYLE_COLOUR ( '', #5465 ) ;
#1346 = CIRCLE ( 'NONE', #6318, 0.02000000000000001800 ) ;
#1347 = CARTESIAN_POINT ( 'NONE',  ( -0.02751749980527865000, -1.187448473213236000, 0.2283363398060758400 ) ) ;
#1348 = ORIENTED_EDGE ( 'NONE', *, *, #3192, .T. ) ;
#1349 = DIRECTION ( 'NONE',  ( -1.447553700753488400E-016, 1.000000000000000000, -0.0000000000000000000 ) ) ;
#1350 =( GEOMETRIC_REPRESENTATION_CONTEXT ( 3 ) GLOBAL_UNCERTAINTY_ASSIGNED_CONTEXT ( ( #644 ) ) GLOBAL_UNIT_ASSIGNED_CONTEXT ( ( #7522, #3731, #8166 ) ) REPRESENTATION_CONTEXT ( 'NONE', 'WORKASPACE' ) );
#1351 = CARTESIAN_POINT ( 'NONE',  ( -4.633726780297001500E-017, 0.6949999999999999500, 0.0000000000000000000 ) ) ;
#1352 = FILL_AREA_STYLE ('',( #7686 ) ) ;
#1353 = ORIENTED_EDGE ( 'NONE', *, *, #1065, .T. ) ;
#1354 = CARTESIAN_POINT ( 'NONE',  ( -0.02453759532154851600, -1.231897319965140800, -0.2755977471172811900 ) ) ;
#1355 = ORIENTED_EDGE ( 'NONE', *, *, #2717, .T. ) ;
#1356 = PRESENTATION_STYLE_ASSIGNMENT (( #2549 ) ) ;
#1357 = TOROIDAL_SURFACE ( 'NONE', #2490, 0.5000000000000051100, 0.05000000000000000300 ) ;
#1358 = CARTESIAN_POINT ( 'NONE',  ( 7.264154555652880700E-016, 1.294999999999999900, 0.6699999999999988200 ) ) ;
#1359 = CARTESIAN_POINT ( 'NONE',  ( -0.06816498501354707800, 0.3809750913088193500, 0.4251976001278667800 ) ) ;
#1360 = CARTESIAN_POINT ( 'NONE',  ( 0.1546579313914774600, 0.3036234618367155100, -0.4112681092845816800 ) ) ;
#1361 = CARTESIAN_POINT ( 'NONE',  ( -0.02625019091993451400, -1.206351904091488700, -0.09222483357885988300 ) ) ;
#1362 = AXIS2_PLACEMENT_3D ( 'NONE', #6581, #2812, #7220 ) ;
#1363 = CONICAL_SURFACE ( 'NONE', #1658, 0.6638742588672274000, 0.3217505543966418000 ) ;
#1364 =( BOUNDED_SURFACE ( )  B_SPLINE_SURFACE ( 3, 2, ( 
 ( #2518, #6294, #1654 ),
 ( #6098, #2306, #6737 ),
 ( #2950, #7366, #3573 ),
 ( #8025, #4215, #401 ) ),
 .UNSPECIFIED., .F., .F., .F. ) 
 B_SPLINE_SURFACE_WITH_KNOTS ( ( 4, 4 ),
 ( 3, 3 ),
 ( 5.105323468356286000E-005, 5.538599523850423800E-005 ),
 ( 0.0000000000000000000, 1.000000000000000000 ),
 .UNSPECIFIED. ) 
 GEOMETRIC_REPRESENTATION_ITEM ( )  RATIONAL_B_SPLINE_SURFACE ( (
 ( 1.000000000000000000, 0.7769974644321464600, 1.000000000000000000),
 ( 1.000000000000000000, 0.7810429013020688800, 1.000000000000000000),
 ( 1.000000000000000000, 0.7851700389513954800, 1.000000000000000000),
 ( 1.000000000000000000, 0.7893827206310606300, 1.000000000000000000) ) ) 
 REPRESENTATION_ITEM ( '' )  SURFACE ( )  );
#1365 = EDGE_CURVE ( 'NONE', #6915, #4043, #3258, .T. ) ;
#1366 = DIRECTION ( 'NONE',  ( -1.000000000000000000, 0.0000000000000000000, -1.084202172485506600E-015 ) ) ;
#1367 =( GEOMETRIC_REPRESENTATION_CONTEXT ( 3 ) GLOBAL_UNCERTAINTY_ASSIGNED_CONTEXT ( ( #1421 ) ) GLOBAL_UNIT_ASSIGNED_CONTEXT ( ( #5204, #1404, #5843 ) ) REPRESENTATION_CONTEXT ( 'NONE', 'WORKASPACE' ) );
#1368 = ORIENTED_EDGE ( 'NONE', *, *, #4677, .T. ) ;
#1369 = CARTESIAN_POINT ( 'NONE',  ( 4.588589737599974400E-016, -2.795000000000000400, 0.0000000000000000000 ) ) ;
#1370 = VERTEX_POINT ( 'NONE', #477 ) ;
#1371 = SURFACE_STYLE_FILL_AREA ( #413 ) ;
#1372 = B_SPLINE_CURVE_WITH_KNOTS ( 'NONE', 3,
 ( #390, #8016, #3567, #4840 ),
 .UNSPECIFIED., .F., .F.,
 ( 4, 4 ),
 ( 0.0000000000000000000, 3.799199606259057900E-006 ),
 .UNSPECIFIED. ) ;
#1373 = FACE_OUTER_BOUND ( 'NONE', #2183, .T. ) ;
#1374 =( LENGTH_UNIT ( ) NAMED_UNIT ( * ) SI_UNIT ( .MILLI., .METRE. ) );
#1375 = EDGE_CURVE ( 'NONE', #1178, #3812, #6820, .T. ) ;
#1376 = CARTESIAN_POINT ( 'NONE',  ( 0.0000000000000000000, -1.395000000000000000, 1.270000000000000000 ) ) ;
#1377 = PLANE ( 'NONE',  #6836 ) ;
#1378 = AXIS2_PLACEMENT_3D ( 'NONE', #5442, #1641, #6087 ) ;
#1379 = CARTESIAN_POINT ( 'NONE',  ( -0.4999999999999994400, -2.795000000000000400, 0.0000000000000000000 ) ) ;
#1380 = ORIENTED_EDGE ( 'NONE', *, *, #2781, .T. ) ;
#1381 = DIRECTION ( 'NONE',  ( -1.000000000000000000, 0.0000000000000000000, 0.0000000000000000000 ) ) ;
#1382 = PRESENTATION_STYLE_ASSIGNMENT (( #1476 ) ) ;
#1383 = DIRECTION ( 'NONE',  ( 0.0000000000000000000, -1.000000000000000000, 2.168404344971008100E-015 ) ) ;
#1384 = DIRECTION ( 'NONE',  ( 1.000000000000000000, 0.0000000000000000000, 0.0000000000000000000 ) ) ;
#1385 = DIRECTION ( 'NONE',  ( 0.0000000000000000000, 0.0000000000000000000, -1.000000000000000000 ) ) ;
#1386 = ADVANCED_FACE ( 'NONE', ( #2884 ), #7322, .T. ) ;
#1387 = FACE_OUTER_BOUND ( 'NONE', #3868, .T. ) ;
#1388 = CARTESIAN_POINT ( 'NONE',  ( -1.270000000000000000, 1.294999999999999900, -0.6700000000000002600 ) ) ;
#1389 = ORIENTED_EDGE ( 'NONE', *, *, #5145, .T. ) ;
#1390 = MECHANICAL_DESIGN_GEOMETRIC_PRESENTATION_REPRESENTATION (  '', ( #529 ), #1814 ) ;
#1391 = PRESENTATION_LAYER_ASSIGNMENT (  '', '', ( #958 ) ) ;
#1392 = CARTESIAN_POINT ( 'NONE',  ( -0.1193574644838563500, 0.3156482192581230300, 0.3806143205649433800 ) ) ;
#1393 = CARTESIAN_POINT ( 'NONE',  ( -0.06872379082272261900, 0.3850419644813430900, -0.4217729044023094100 ) ) ;
#1394 = CARTESIAN_POINT ( 'NONE',  ( 0.02846876768769502100, -1.173259172664719500, 0.2703770910035376300 ) ) ;
#1395 = AXIS2_PLACEMENT_3D ( 'NONE', #816, #5277, #1465 ) ;
#1396 = FILL_AREA_STYLE ('',( #101 ) ) ;
#1397 = VECTOR ( 'NONE', #1583, 1000.000000000000000 ) ;
#1398 = EDGE_LOOP ( 'NONE', ( #3845, #5154, #974, #4445 ) ) ;
#1399 = AXIS2_PLACEMENT_3D ( 'NONE', #7212, #857, #6605 ) ;
#1400 = CARTESIAN_POINT ( 'NONE',  ( -0.1378435408756131200, 0.2670981431876250400, 0.3606053945049982900 ) ) ;
#1401 = B_SPLINE_CURVE_WITH_KNOTS ( 'NONE', 3,
 ( #6406, #4541, #5168, #1361, #5803, #2006, #6432, #2662, #7074, #3276 ),
 .UNSPECIFIED., .F., .F.,
 ( 4, 2, 2, 2, 4 ),
 ( 2.397071183994491200E-005, 0.0001626066444112525300, 0.0003012425769825601600, 0.0004398785095538677900, 0.0005785144421251754700 ),
 .UNSPECIFIED. ) ;
#1402 = COLOUR_RGB ( '',0.8941176470588234600, 0.9137254901960784000, 0.9294117647058823800 ) ;
#1403 = ORIENTED_EDGE ( 'NONE', *, *, #8019, .T. ) ;
#1404 =( NAMED_UNIT ( * ) PLANE_ANGLE_UNIT ( ) SI_UNIT ( $, .RADIAN. ) );
#1405 = CARTESIAN_POINT ( 'NONE',  ( 4.413854548768852300E-016, -2.674289321881345000, 0.0000000000000000000 ) ) ;
#1406 = VERTEX_POINT ( 'NONE', #2327 ) ;
#1407 = CIRCLE ( 'NONE', #36, 0.1000000000000000500 ) ;
#1408 = DIRECTION ( 'NONE',  ( 0.0000000000000000000, -1.000000000000000000, 0.0000000000000000000 ) ) ;
#1409 = DIRECTION ( 'NONE',  ( 0.0000000000000000000, 1.000000000000000000, 0.0000000000000000000 ) ) ;
#1410 = CARTESIAN_POINT ( 'NONE',  ( -0.02751437367195699500, -1.187495103238358900, 0.2376390385171720500 ) ) ;
#1411 =( NAMED_UNIT ( * ) SI_UNIT ( $, .STERADIAN. ) SOLID_ANGLE_UNIT ( ) );
#1412 = UNCERTAINTY_MEASURE_WITH_UNIT (LENGTH_MEASURE( 1.000000000000000100E-005 ), #7080, 'distance_accuracy_value', 'NONE');
#1413 =( NAMED_UNIT ( * ) PLANE_ANGLE_UNIT ( ) SI_UNIT ( $, .RADIAN. ) );
#1414 = SURFACE_STYLE_USAGE ( .BOTH. , #5218 ) ;
#1415 = STYLED_ITEM ( 'NONE', ( #1839 ), #7758 ) ;
#1416 = ORIENTED_EDGE ( 'NONE', *, *, #2896, .T. ) ;
#1417 = CARTESIAN_POINT ( 'NONE',  ( 0.1378435408756127900, 0.2670981431876220900, 0.3606053945049981200 ) ) ;
#1418 = EDGE_CURVE ( 'NONE', #659, #680, #3959, .T. ) ;
#1419 = MECHANICAL_DESIGN_GEOMETRIC_PRESENTATION_REPRESENTATION (  '', ( #561 ), #1846 ) ;
#1420 = CARTESIAN_POINT ( 'NONE',  ( 0.1249999999999999200, 0.2666198487095668400, -0.4485182164429416000 ) ) ;
#1421 = UNCERTAINTY_MEASURE_WITH_UNIT (LENGTH_MEASURE( 1.000000000000000100E-005 ), #5204, 'distance_accuracy_value', 'NONE');
#1422 = DIRECTION ( 'NONE',  ( -1.447553700753488400E-016, 1.000000000000000000, -0.0000000000000000000 ) ) ;
#1423 = ADVANCED_FACE ( 'NONE', ( #2274 ), #3874, .T. ) ;
#1424 = ADVANCED_FACE ( 'NONE', ( #2065 ), #372, .F. ) ;
#1425 = EDGE_CURVE ( 'NONE', #2743, #17, #5650, .T. ) ;
#1426 = CARTESIAN_POINT ( 'NONE',  ( -0.07697178624484056500, 0.3865725785932578300, -0.4373289381851311300 ) ) ;
#1427 = AXIS2_PLACEMENT_3D ( 'NONE', #5306, #1492, #5929 ) ;
#1428 = CARTESIAN_POINT ( 'NONE',  ( 0.03902835300765041700, -1.214358437060419500, -0.2961696417105038600 ) ) ;
#1429 = ORIENTED_EDGE ( 'NONE', *, *, #4191, .T. ) ;
#1430 = DIRECTION ( 'NONE',  ( 1.000000000000000000, 1.221154686938586900E-016, 0.0000000000000000000 ) ) ;
#1431 = DIRECTION ( 'NONE',  ( -1.447553700753488400E-016, 1.000000000000000000, -0.0000000000000000000 ) ) ;
#1432 = B_SPLINE_SURFACE_WITH_KNOTS ( 'NONE', 3, 1, ( 
 ( #5286, #1420 ),
 ( #6544, #2766 ),
 ( #7180, #3391 ),
 ( #7834, #4033 ),
 ( #220, #4680 ),
 ( #854, #5312 ),
 ( #1500, #5937 ),
 ( #2145, #6571 ),
 ( #2799, #7210 ),
 ( #3416, #7867 ),
 ( #4063, #246 ),
 ( #4709, #882 ),
 ( #5335, #1522 ),
 ( #5971, #2170 ),
 ( #6599, #2830 ),
 ( #7237, #3440 ),
 ( #7895, #4090 ),
 ( #270, #4730 ),
 ( #910, #5363 ),
 ( #1548, #5991 ),
 ( #2197, #6627 ),
 ( #2848, #7261 ),
 ( #3468, #7918 ),
 ( #4115, #300 ),
 ( #4755, #934 ),
 ( #5388, #1572 ),
 ( #6021, #2224 ),
 ( #6660, #2872 ),
 ( #7283, #3495 ),
 ( #7949, #4147 ),
 ( #325, #4781 ) ),
 .UNSPECIFIED., .F., .F., .F.,
 ( 4, 3, 3, 3, 3, 3, 3, 3, 3, 3, 4 ),
 ( 2, 2 ),
 ( 0.0000000000000000000, 0.09975080204926559100, 0.1993582537165742300, 0.3011914062871647300, 0.4057136696779195500, 0.5083981533732852000, 0.6077474757507838100, 0.7072350267031128900, 0.8100074748154609800, 0.9145250317480356800, 1.000000000000000000 ),
 ( 0.0000000000000000000, 1.000000000000000000 ),
 .UNSPECIFIED. ) ;
#1433 = DIRECTION ( 'NONE',  ( 1.447553700753488400E-016, -1.000000000000000000, 0.0000000000000000000 ) ) ;
#1434 = CARTESIAN_POINT ( 'NONE',  ( 0.02813856354319657600, -1.178184563225319600, 0.2585844265815918600 ) ) ;
#1435 = EDGE_LOOP ( 'NONE', ( #5839, #2758, #2123, #6434 ) ) ;
#1436 =( NAMED_UNIT ( * ) SI_UNIT ( $, .STERADIAN. ) SOLID_ANGLE_UNIT ( ) );
#1437 = VERTEX_POINT ( 'NONE', #7470 ) ;
#1438 = DIRECTION ( 'NONE',  ( -1.000000000000000000, -1.447553700753488400E-016, 0.0000000000000000000 ) ) ;
#1439 =( GEOMETRIC_REPRESENTATION_CONTEXT ( 3 ) GLOBAL_UNCERTAINTY_ASSIGNED_CONTEXT ( ( #752 ) ) GLOBAL_UNIT_ASSIGNED_CONTEXT ( ( #3555, #8003, #4203 ) ) REPRESENTATION_CONTEXT ( 'NONE', 'WORKASPACE' ) );
#1440 = DIRECTION ( 'NONE',  ( 0.0000000000000000000, 0.0000000000000000000, 1.000000000000000000 ) ) ;
#1441 = CARTESIAN_POINT ( 'NONE',  ( 0.07414175358417564300, -0.4919918495344916000, -0.3336163795114312500 ) ) ;
#1442 = PRESENTATION_STYLE_ASSIGNMENT (( #3212 ) ) ;
#1443 = AXIS2_PLACEMENT_3D ( 'NONE', #7447, #3660, #8096 ) ;
#1444 = SURFACE_STYLE_USAGE ( .BOTH. , #5247 ) ;
#1445 = DIRECTION ( 'NONE',  ( 0.0000000000000000000, 0.08015153732945305700, -0.9967826899900124000 ) ) ;
#1446 = CLOSED_SHELL ( 'NONE', ( #251, #2129, #829, #2727, #2688, #7280, #3462, #7157, #1424, #784, #4720, #2655, #5383, #668, #3422, #4596, #4598, #3965, #5342, #4683, #4799, #4517, #2690, #5210, #3419, #3385, #6085, #1586, #7273, #1670, #707, #24, #1460, #3973, #7926, #5343, #5095, #3331, #3294, #7242, #7844, #8008, #959, #5176, #2139, #2304, #3505, #7719, #4053, #4012, #4179, #7928, #1344, #5916, #160, #3503, #4098, #3211, #2091, #2053, #287, #253, #2975, #1423, #3926, #2818, #2775 ) ) ;
#1447 = VERTEX_POINT ( 'NONE', #6227 ) ;
#1448 = CYLINDRICAL_SURFACE ( 'NONE', #4295, 0.1000000000000001000 ) ;
#1449 = SURFACE_SIDE_STYLE ('',( #7040 ) ) ;
#1450 =( GEOMETRIC_REPRESENTATION_CONTEXT ( 3 ) GLOBAL_UNCERTAINTY_ASSIGNED_CONTEXT ( ( #3112 ) ) GLOBAL_UNIT_ASSIGNED_CONTEXT ( ( #4546, #719, #5177 ) ) REPRESENTATION_CONTEXT ( 'NONE', 'WORKASPACE' ) );
#1451 = ORIENTED_EDGE ( 'NONE', *, *, #6518, .T. ) ;
#1452 = CIRCLE ( 'NONE', #4140, 0.3998154356757370700 ) ;
#1453 = FILL_AREA_STYLE_COLOUR ( '', #1625 ) ;
#1454 = CIRCLE ( 'NONE', #7137, 0.02999999999999997100 ) ;
#1455 = CARTESIAN_POINT ( 'NONE',  ( 0.1250013331067106300, 0.2666397335938687200, 0.3897214494500357800 ) ) ;
#1456 = DIRECTION ( 'NONE',  ( 0.0000000000000000000, 0.0000000000000000000, 1.000000000000000000 ) ) ;
#1457 = CARTESIAN_POINT ( 'NONE',  ( -0.1256853991951363300, 0.3534302911006437200, 0.4257461877161445900 ) ) ;
#1458 = PRESENTATION_LAYER_ASSIGNMENT (  '', '', ( #1889 ) ) ;
#1459 = DIRECTION ( 'NONE',  ( 1.000000000000000000, 0.0000000000000000000, 1.224646799147353200E-016 ) ) ;
#1460 = ADVANCED_FACE ( 'NONE', ( #7124 ), #2408, .T. ) ;
#1461 = CARTESIAN_POINT ( 'NONE',  ( -0.9581966011250113700, -1.294999999999999900, 1.169999999999999900 ) ) ;
#1462 = DIRECTION ( 'NONE',  ( -1.000000000000000000, 0.0000000000000000000, 0.0000000000000000000 ) ) ;
#1463 = EDGE_CURVE ( 'NONE', #5331, #5857, #5252, .T. ) ;
#1464 =( NAMED_UNIT ( * ) SI_UNIT ( $, .STERADIAN. ) SOLID_ANGLE_UNIT ( ) );
#1465 = DIRECTION ( 'NONE',  ( 1.000000000000000000, 0.0000000000000000000, 1.224646799147353200E-016 ) ) ;
#1466 = CARTESIAN_POINT ( 'NONE',  ( 0.1158236843077004900, 0.3543379074933757400, 0.3765126485473019300 ) ) ;
#1467 = FILL_AREA_STYLE ('',( #179 ) ) ;
#1468 = ADVANCED_FACE ( 'NONE', ( #3775 ), #5640, .F. ) ;
#1469 = DIRECTION ( 'NONE',  ( 1.447553700753488400E-016, -1.000000000000000000, 0.0000000000000000000 ) ) ;
#1470 = UNCERTAINTY_MEASURE_WITH_UNIT (LENGTH_MEASURE( 1.000000000000000100E-005 ), #307, 'distance_accuracy_value', 'NONE');
#1471 = EDGE_LOOP ( 'NONE', ( #6530, #3442, #4325 ) ) ;
#1472 = CARTESIAN_POINT ( 'NONE',  ( -0.02599580452282047200, -1.223263009264965000, -0.2824260837758190700 ) ) ;
#1473 = ORIENTED_EDGE ( 'NONE', *, *, #2602, .F. ) ;
#1474 = CARTESIAN_POINT ( 'NONE',  ( 3.302361896976791300E-016, -1.365000000000000000, -0.6399999999999993500 ) ) ;
#1475 = EDGE_CURVE ( 'NONE', #5848, #5546, #7313, .T. ) ;
#1476 = SURFACE_STYLE_USAGE ( .BOTH. , #5289 ) ;
#1477 = COLOUR_RGB ( '',0.1098039215686274500, 0.1098039215686274500, 0.1098039215686274500 ) ;
#1478 = DIRECTION ( 'NONE',  ( -1.447553700753488400E-016, 1.000000000000000000, -0.0000000000000000000 ) ) ;
#1479 = VERTEX_POINT ( 'NONE', #5039 ) ;
#1480 = STYLED_ITEM ( 'NONE', ( #3740 ), #2772 ) ;
#1481 = ORIENTED_EDGE ( 'NONE', *, *, #8076, .F. ) ;
#1482 = CARTESIAN_POINT ( 'NONE',  ( 0.1259882997301867100, 0.2814707488877965500, -0.3909741636357752500 ) ) ;
#1483 = ORIENTED_EDGE ( 'NONE', *, *, #411, .T. ) ;
#1484 = EDGE_CURVE ( 'NONE', #1525, #4195, #7526, .T. ) ;
#1485 = CARTESIAN_POINT ( 'NONE',  ( 0.9581966011250107100, 1.294999999999999900, -1.169999999999999900 ) ) ;
#1486 =( NAMED_UNIT ( * ) SI_UNIT ( $, .STERADIAN. ) SOLID_ANGLE_UNIT ( ) );
#1487 = PRESENTATION_LAYER_ASSIGNMENT (  '', '', ( #629 ) ) ;
#1488 = EDGE_CURVE ( 'NONE', #8264, #867, #4158, .T. ) ;
#1489 = CARTESIAN_POINT ( 'NONE',  ( -0.1192785049732025700, 0.3160164861148606100, -0.3976914599229354200 ) ) ;
#1490 = ORIENTED_EDGE ( 'NONE', *, *, #5724, .F. ) ;
#1491 = CARTESIAN_POINT ( 'NONE',  ( 0.07510442366010837400, -0.6993505378357950400, 0.2884536770729557700 ) ) ;
#1492 = DIRECTION ( 'NONE',  ( -1.447553700753488400E-016, 1.000000000000000000, -0.0000000000000000000 ) ) ;
#1493 = CARTESIAN_POINT ( 'NONE',  ( 0.3998154356757370200, 0.8936853245068847600, 5.606756880819297300E-017 ) ) ;
#1494 = PRESENTATION_STYLE_ASSIGNMENT (( #4496 ) ) ;
#1495 = SURFACE_SIDE_STYLE ('',( #2034 ) ) ;
#1496 = CARTESIAN_POINT ( 'NONE',  ( -0.04665775062062619400, -1.207915624153599300, -0.2978556382280117000 ) ) ;
#1497 = SURFACE_STYLE_FILL_AREA ( #3998 ) ;
#1498 = AXIS2_PLACEMENT_3D ( 'NONE', #4923, #1121, #5561 ) ;
#1499 =( GEOMETRIC_REPRESENTATION_CONTEXT ( 3 ) GLOBAL_UNCERTAINTY_ASSIGNED_CONTEXT ( ( #7259 ) ) GLOBAL_UNIT_ASSIGNED_CONTEXT ( ( #6828, #3033, #7455 ) ) REPRESENTATION_CONTEXT ( 'NONE', 'WORKASPACE' ) );
#1500 = CARTESIAN_POINT ( 'NONE',  ( 0.1043044550474246200, 0.3443960200077092500, -0.3733420158291775900 ) ) ;
#1501 = ORIENTED_EDGE ( 'NONE', *, *, #2787, .T. ) ;
#1502 = CARTESIAN_POINT ( 'NONE',  ( -2.820656663360261100E-017, 1.365000000000000000, -0.9399999999999991700 ) ) ;
#1503 = CARTESIAN_POINT ( 'NONE',  ( 0.1250026614300211400, 0.2666596203627125700, -0.3792131914088700500 ) ) ;
#1504 = ADVANCED_FACE ( 'NONE', ( #2263 ), #6515, .T. ) ;
#1505 = FILL_AREA_STYLE ('',( #7824 ) ) ;
#1506 = ADVANCED_FACE ( 'NONE', ( #3344 ), #2769, .F. ) ;
#1507 = VERTEX_POINT ( 'NONE', #3178 ) ;
#1508 = ORIENTED_EDGE ( 'NONE', *, *, #186, .T. ) ;
#1509 = CARTESIAN_POINT ( 'NONE',  ( -0.02935789526046653600, -1.159996769308904800, -0.2706846008612903700 ) ) ;
#1510 =( GEOMETRIC_REPRESENTATION_CONTEXT ( 3 ) GLOBAL_UNCERTAINTY_ASSIGNED_CONTEXT ( ( #6545 ) ) GLOBAL_UNIT_ASSIGNED_CONTEXT ( ( #2257, #6694, #2908 ) ) REPRESENTATION_CONTEXT ( 'NONE', 'WORKASPACE' ) );
#1511 = DIRECTION ( 'NONE',  ( -1.000000000000000000, 0.0000000000000000000, 0.0000000000000000000 ) ) ;
#1512 = MECHANICAL_DESIGN_GEOMETRIC_PRESENTATION_REPRESENTATION (  '', ( #655 ), #1937 ) ;
#1513 = UNCERTAINTY_MEASURE_WITH_UNIT (LENGTH_MEASURE( 1.000000000000000100E-005 ), #2990, 'distance_accuracy_value', 'NONE');
#1514 = CARTESIAN_POINT ( 'NONE',  ( 0.01587784846713367500, 0.4203106557166019200, 0.3939269733004097100 ) ) ;
#1515 = CARTESIAN_POINT ( 'NONE',  ( 0.02100258615746622100, 0.3992583533951467600, -0.4294220695332782200 ) ) ;
#1516 = DIRECTION ( 'NONE',  ( 0.0000000000000000000, 0.0000000000000000000, 1.000000000000000000 ) ) ;
#1517 =( GEOMETRIC_REPRESENTATION_CONTEXT ( 3 ) GLOBAL_UNCERTAINTY_ASSIGNED_CONTEXT ( ( #538 ) ) GLOBAL_UNIT_ASSIGNED_CONTEXT ( ( #4072, #255, #4715 ) ) REPRESENTATION_CONTEXT ( 'NONE', 'WORKASPACE' ) );
#1518 = EDGE_CURVE ( 'NONE', #6138, #7133, #1060, .T. ) ;
#1519 = SURFACE_STYLE_USAGE ( .BOTH. , #5333 ) ;
#1520 =( BOUNDED_CURVE ( )  B_SPLINE_CURVE ( 3, ( #1680, #4815, #1035, #2326 ),
 .UNSPECIFIED., .F., .T. ) 
 B_SPLINE_CURVE_WITH_KNOTS ( ( 4, 4 ),
 ( 3.141592653589793100, 4.712388980384689700 ),
 .UNSPECIFIED. ) 
 CURVE ( )  GEOMETRIC_REPRESENTATION_ITEM ( )  RATIONAL_B_SPLINE_CURVE ( ( 1.000000000000000000, 0.8047378541243649400, 0.8047378541243649400, 1.000000000000000000 ) ) 
 REPRESENTATION_ITEM ( '' )  );
#1521 = PRESENTATION_LAYER_ASSIGNMENT (  '', '', ( #245 ) ) ;
#1522 = CARTESIAN_POINT ( 'NONE',  ( 0.03824400469747926000, 0.3943005575860810700, -0.4324366886170263300 ) ) ;
#1523 =( NAMED_UNIT ( * ) PLANE_ANGLE_UNIT ( ) SI_UNIT ( $, .RADIAN. ) );
#1524 =( LENGTH_UNIT ( ) NAMED_UNIT ( * ) SI_UNIT ( .MILLI., .METRE. ) );
#1525 = VERTEX_POINT ( 'NONE', #3849 ) ;
#1526 = LINE ( 'NONE', #5894, #6390 ) ;
#1527 = CYLINDRICAL_SURFACE ( 'NONE', #399, 0.5999999999999998700 ) ;
#1528 = EDGE_CURVE ( 'NONE', #7937, #7907, #4251, .T. ) ;
#1529 = AXIS2_PLACEMENT_3D ( 'NONE', #7113, #3318, #7776 ) ;
#1530 = CARTESIAN_POINT ( 'NONE',  ( 0.04582308236504376700, -1.165611245768674900, 0.2438594071229867000 ) ) ;
#1531 = ORIENTED_EDGE ( 'NONE', *, *, #2454, .T. ) ;
#1532 = ORIENTED_EDGE ( 'NONE', *, *, #133, .T. ) ;
#1533 = FACE_OUTER_BOUND ( 'NONE', #2951, .T. ) ;
#1534 = DIRECTION ( 'NONE',  ( 0.8944271909999156300, 0.0000000000000000000, -0.4472135954999583700 ) ) ;
#1535 = CONICAL_SURFACE ( 'NONE', #4622, 0.2999999999999998200, 1.479865287713163700 ) ;
#1536 = ADVANCED_FACE ( 'NONE', ( #5924 ), #5133, .T. ) ;
#1537 = SURFACE_SIDE_STYLE ('',( #1783 ) ) ;
#1538 = CARTESIAN_POINT ( 'NONE',  ( 0.9581966011250105900, -1.294999999999999900, 1.169999999999999900 ) ) ;
#1539 = ORIENTED_EDGE ( 'NONE', *, *, #7929, .T. ) ;
#1540 = AXIS2_PLACEMENT_3D ( 'NONE', #5396, #1592, #6031 ) ;
#1541 = ADVANCED_FACE ( 'NONE', ( #1955 ), #7721, .T. ) ;
#1542 = AXIS2_PLACEMENT_3D ( 'NONE', #4972, #1164, #5604 ) ;
#1543 = FACE_OUTER_BOUND ( 'NONE', #6436, .T. ) ;
#1544 = FACE_OUTER_BOUND ( 'NONE', #4798, .T. ) ;
#1545 = CARTESIAN_POINT ( 'NONE',  ( -0.04747270550681709900, -1.188786294355723900, -0.2283363398061075700 ) ) ;
#1546 = CARTESIAN_POINT ( 'NONE',  ( -0.9581966011250113700, -1.294999999999999900, 1.169999999999999900 ) ) ;
#1547 = B_SPLINE_CURVE_WITH_KNOTS ( 'NONE', 3,
 ( #6553, #5346, #6074, #2218, #4111, #5430, #2277, #1312, #5748, #1947, #6381, #2609, #7023, #3219, #7674, #3872, #33, #4509, #689, #5140, #1338, #5772 ),
 .UNSPECIFIED., .F., .F.,
 ( 4, 3, 3, 3, 3, 3, 3, 4 ),
 ( 0.0000000000000000000, 4.140857483134968900E-005, 8.502092312733082500E-005, 0.0001097229423583249400, 0.0001545516168279811100, 0.0001945385065450126500, 0.0002361284401939082100, 0.0002509990237881053400 ),
 .UNSPECIFIED. ) ;
#1548 = CARTESIAN_POINT ( 'NONE',  ( -0.05610702765615076200, 0.3878323635698840400, -0.3644154532994137200 ) ) ;
#1549 = CARTESIAN_POINT ( 'NONE',  ( 1.270000000000000000, 1.395000000000000000, -0.6700000000000002600 ) ) ;
#1550 = ORIENTED_EDGE ( 'NONE', *, *, #4750, .F. ) ;
#1551 = CARTESIAN_POINT ( 'NONE',  ( -0.1266854386894171500, 0.2949091907903617600, -0.3676260228884744000 ) ) ;
#1552 =( NAMED_UNIT ( * ) SI_UNIT ( $, .STERADIAN. ) SOLID_ANGLE_UNIT ( ) );
#1553 = DIRECTION ( 'NONE',  ( 1.000000000000000000, 1.777380610631976200E-016, 0.0000000000000000000 ) ) ;
#1554 = AXIS2_PLACEMENT_3D ( 'NONE', #155, #4619, #802 ) ;
#1555 = CARTESIAN_POINT ( 'NONE',  ( -9.265898622708170100E-017, 1.015000000000000300, 0.0000000000000000000 ) ) ;
#1556 = VERTEX_POINT ( 'NONE', #2009 ) ;
#1557 = DIRECTION ( 'NONE',  ( -0.0000000000000000000, 0.0000000000000000000, -1.000000000000000000 ) ) ;
#1558 = SURFACE_STYLE_FILL_AREA ( #4289 ) ;
#1559 = CARTESIAN_POINT ( 'NONE',  ( -0.1170680565608260300, -0.2423166182148785400, 0.3717848444710319900 ) ) ;
#1560 = PRESENTATION_LAYER_ASSIGNMENT (  '', '', ( #1146 ) ) ;
#1561 =( BOUNDED_SURFACE ( )  B_SPLINE_SURFACE ( 3, 2, ( 
 ( #523, #7697, #4539 ),
 ( #714, #5167, #1360 ),
 ( #5802, #2004, #6431 ),
 ( #2660, #7073, #3275 ),
 ( #7725, #3918, #95 ),
 ( #4567, #742, #5195 ),
 ( #1393, #5830, #2032 ),
 ( #6460, #2684, #7098 ),
 ( #3303, #7753, #3948 ),
 ( #126, #4592, #768 ) ),
 .UNSPECIFIED., .F., .F., .T. ) 
 B_SPLINE_SURFACE_WITH_KNOTS ( ( 4, 2, 2, 2, 4 ),
 ( 3, 3 ),
 ( -2.940898392866930800E-018, 0.0001199729598204949000, 0.0002399459196409927600, 0.0003599188794614905900, 0.0004798918392819884500 ),
 ( 0.0000000000000000000, 1.000000000000000000 ),
 .UNSPECIFIED. ) 
 GEOMETRIC_REPRESENTATION_ITEM ( )  RATIONAL_B_SPLINE_SURFACE ( (
 ( 1.000000000000000000, 0.5690035219446304400, 1.000000000000000000),
 ( 1.000000000000000000, 0.5743875454646081300, 1.000000000000000000),
 ( 1.000000000000000000, 0.6220222835644331200, 1.000000000000000000),
 ( 1.000000000000000000, 0.7043631999360133700, 1.000000000000000000),
 ( 1.000000000000000000, 0.7383799745433306000, 1.000000000000000000),
 ( 1.000000000000000000, 0.7386471029161485500, 1.000000000000000000),
 ( 1.000000000000000000, 0.7044708702003280600, 1.000000000000000000),
 ( 1.000000000000000000, 0.6219754216777765300, 1.000000000000000000),
 ( 1.000000000000000000, 0.5745583296905693000, 1.000000000000000000),
 ( 1.000000000000000000, 0.5690035219446876200, 1.000000000000000000) ) ) 
 REPRESENTATION_ITEM ( '' )  SURFACE ( )  );
#1562 = ORIENTED_EDGE ( 'NONE', *, *, #1107, .F. ) ;
#1563 = CARTESIAN_POINT ( 'NONE',  ( 0.04659309104347828700, -1.168332371617607700, -0.2372575651311839000 ) ) ;
#1564 = EDGE_CURVE ( 'NONE', #6780, #5580, #1160, .T. ) ;
#1565 = ORIENTED_EDGE ( 'NONE', *, *, #7744, .F. ) ;
#1566 = CIRCLE ( 'NONE', #2378, 0.2713663603001843500 ) ;
#1567 = SURFACE_STYLE_USAGE ( .BOTH. , #5381 ) ;
#1568 = AXIS2_PLACEMENT_3D ( 'NONE', #2711, #7125, #3324 ) ;
#1569 = CARTESIAN_POINT ( 'NONE',  ( 0.1187129824162341800, 0.3224212513724884500, 0.3732063447753026200 ) ) ;
#1570 = FILL_AREA_STYLE_COLOUR ( '', #5030 ) ;
#1571 = ORIENTED_EDGE ( 'NONE', *, *, #4055, .F. ) ;
#1572 = CARTESIAN_POINT ( 'NONE',  ( -0.1138354600963323600, 0.3291977104406091900, -0.4453767999960807600 ) ) ;
#1573 = DIRECTION ( 'NONE',  ( 1.000000000000000000, 1.221382022286320500E-016, 0.0000000000000000000 ) ) ;
#1574 = FACE_OUTER_BOUND ( 'NONE', #6182, .T. ) ;
#1575 = EDGE_CURVE ( 'NONE', #7025, #3421, #1778, .T. ) ;
#1576 = CARTESIAN_POINT ( 'NONE',  ( -0.1518986748799410500, 0.2634659119465302400, -0.4083876577056684300 ) ) ;
#1577 = CARTESIAN_POINT ( 'NONE',  ( 0.1256868485853369600, 0.3534304298643783900, -0.4257457647228873300 ) ) ;
#1578 = CARTESIAN_POINT ( 'NONE',  ( -1.476660268557142200E-016, 1.395000000000000000, 0.0000000000000000000 ) ) ;
#1579 = ADVANCED_FACE ( 'NONE', ( #6225 ), #3758, .F. ) ;
#1580 = PRESENTATION_STYLE_ASSIGNMENT (( #3012 ) ) ;
#1581 = AXIS2_PLACEMENT_3D ( 'NONE', #820, #3414, #7865 ) ;
#1582 = CONICAL_SURFACE ( 'NONE', #738, 0.2549525735447551500, 0.09093103908173244500 ) ;
#1583 = DIRECTION ( 'NONE',  ( -0.0000000000000000000, 1.000000000000000000, -0.0000000000000000000 ) ) ;
#1584 = ORIENTED_EDGE ( 'NONE', *, *, #4988, .F. ) ;
#1585 = CIRCLE ( 'NONE', #7840, 0.9099999999999992500 ) ;
#1586 = ADVANCED_FACE ( 'NONE', ( #2253 ), #1633, .T. ) ;
#1587 = COLOUR_RGB ( '',0.1098039215686274500, 0.1098039215686274500, 0.1098039215686274500 ) ;
#1588 = CARTESIAN_POINT ( 'NONE',  ( 0.09510935279697992100, 0.3577443645104317300, 0.4110287651300663100 ) ) ;
#1589 = LINE ( 'NONE', #1003, #7759 ) ;
#1590 = ORIENTED_EDGE ( 'NONE', *, *, #3834, .T. ) ;
#1591 = AXIS2_PLACEMENT_3D ( 'NONE', #1405, #5844, #2042 ) ;
#1592 = DIRECTION ( 'NONE',  ( -0.06667680617038809800, 0.9945644753231797100, -0.07997317015127562700 ) ) ;
#1593 = PRESENTATION_LAYER_ASSIGNMENT (  '', '', ( #1172 ) ) ;
#1594 = DIRECTION ( 'NONE',  ( -1.000000000000000000, -1.221154686938587200E-016, 0.0000000000000000000 ) ) ;
#1595 = CARTESIAN_POINT ( 'NONE',  ( 0.0000000000000000000, 0.0000000000000000000, -1.270000000000000000 ) ) ;
#1596 = EDGE_CURVE ( 'NONE', #5732, #7601, #555, .T. ) ;
#1597 = FACE_OUTER_BOUND ( 'NONE', #798, .T. ) ;
#1598 = SURFACE_STYLE_USAGE ( .BOTH. , #5401 ) ;
#1599 = ORIENTED_EDGE ( 'NONE', *, *, #5042, .T. ) ;
#1600 = ORIENTED_EDGE ( 'NONE', *, *, #3662, .T. ) ;
#1601 = DIRECTION ( 'NONE',  ( -1.447553700753488400E-016, 1.000000000000000000, -0.0000000000000000000 ) ) ;
#1602 =( LENGTH_UNIT ( ) NAMED_UNIT ( * ) SI_UNIT ( .MILLI., .METRE. ) );
#1603 = AXIS2_PLACEMENT_3D ( 'NONE', #7597, #3808, #8231 ) ;
#1604 = DIRECTION ( 'NONE',  ( 0.0000000000000000000, 0.0000000000000000000, -1.000000000000000000 ) ) ;
#1605 = SURFACE_SIDE_STYLE ('',( #5077 ) ) ;
#1606 = SURFACE_STYLE_USAGE ( .BOTH. , #5411 ) ;
#1607 = DIRECTION ( 'NONE',  ( 1.000000000000000000, 1.447553700753488400E-016, 0.0000000000000000000 ) ) ;
#1608 = ORIENTED_EDGE ( 'NONE', *, *, #1196, .F. ) ;
#1609 = CARTESIAN_POINT ( 'NONE',  ( -1.592512904589490000E-032, 0.6850000000000000500, 0.0000000000000000000 ) ) ;
#1610 = SURFACE_SIDE_STYLE ('',( #1069 ) ) ;
#1611 = CYLINDRICAL_SURFACE ( 'NONE', #2953, 0.1000000000000000500 ) ;
#1612 = CARTESIAN_POINT ( 'NONE',  ( -7.199432022583334800E-017, 0.8722442183630781900, 0.0000000000000000000 ) ) ;
#1613 = B_SPLINE_CURVE_WITH_KNOTS ( 'NONE', 3,
 ( #4989, #1784, #560, #5016, #1203, #5649, #1844 ),
 .UNSPECIFIED., .F., .F.,
 ( 4, 3, 4 ),
 ( 0.0000000000000000000, 3.836469152685085900E-005, 9.038921862134359500E-005 ),
 .UNSPECIFIED. ) ;
#1614 =( GEOMETRIC_REPRESENTATION_CONTEXT ( 3 ) GLOBAL_UNCERTAINTY_ASSIGNED_CONTEXT ( ( #4478 ) ) GLOBAL_UNIT_ASSIGNED_CONTEXT ( ( #3536, #7986, #4183 ) ) REPRESENTATION_CONTEXT ( 'NONE', 'WORKASPACE' ) );
#1615 = CARTESIAN_POINT ( 'NONE',  ( -0.06865833474735670600, 0.3805683806534542200, 0.4205632025081290600 ) ) ;
#1616 =( GEOMETRIC_REPRESENTATION_CONTEXT ( 3 ) GLOBAL_UNCERTAINTY_ASSIGNED_CONTEXT ( ( #6209 ) ) GLOBAL_UNIT_ASSIGNED_CONTEXT ( ( #1283, #5729, #1924 ) ) REPRESENTATION_CONTEXT ( 'NONE', 'WORKASPACE' ) );
#1617 = FILL_AREA_STYLE_COLOUR ( '', #3006 ) ;
#1618 = CARTESIAN_POINT ( 'NONE',  ( -0.1049532641402325000, 0.3434097392605768900, 0.3956287701370937400 ) ) ;
#1619 = EDGE_CURVE ( 'NONE', #6001, #5350, #7104, .T. ) ;
#1620 = SURFACE_STYLE_USAGE ( .BOTH. , #5424 ) ;
#1621 = ADVANCED_FACE ( 'NONE', ( #5631 ), #4833, .T. ) ;
#1622 = UNCERTAINTY_MEASURE_WITH_UNIT (LENGTH_MEASURE( 1.000000000000000100E-005 ), #6539, 'distance_accuracy_value', 'NONE');
#1623 = ORIENTED_EDGE ( 'NONE', *, *, #4866, .T. ) ;
#1624 = DIRECTION ( 'NONE',  ( 1.447553700753488400E-016, -1.000000000000000000, 0.0000000000000000000 ) ) ;
#1625 = COLOUR_RGB ( '',0.1098039215686274500, 0.1098039215686274500, 0.1098039215686274500 ) ;
#1626 = PRODUCT_DEFINITION ( 'UNKNOWN', '', #3776, #8121 ) ;
#1627 = DIRECTION ( 'NONE',  ( -1.447553700753488400E-016, 1.000000000000000000, -0.0000000000000000000 ) ) ;
#1628 = EDGE_CURVE ( 'NONE', #343, #7001, #1452, .T. ) ;
#1629 = DIRECTION ( 'NONE',  ( -1.000000000000000000, 0.0000000000000000000, 0.0000000000000000000 ) ) ;
#1630 = ORIENTED_EDGE ( 'NONE', *, *, #1463, .T. ) ;
#1631 = AXIS2_PLACEMENT_3D ( 'NONE', #7715, #3911, #81 ) ;
#1632 = FILL_AREA_STYLE_COLOUR ( '', #8176 ) ;
#1633 = B_SPLINE_SURFACE_WITH_KNOTS ( 'NONE', 3, 1, ( 
 ( #1281, #4453 ),
 ( #5064, #1923 ),
 ( #6363, #2578 ),
 ( #6998, #3198 ),
 ( #7643, #3847 ),
 ( #3, #4486 ),
 ( #662, #5113 ),
 ( #1310, #5747 ),
 ( #1946, #6380 ),
 ( #2606, #7022 ),
 ( #3217, #7671 ),
 ( #3870, #31 ),
 ( #4507, #686 ),
 ( #5138, #1336 ),
 ( #5769, #1974 ),
 ( #6404, #2631 ),
 ( #7045, #3241 ),
 ( #7696, #3895 ),
 ( #56, #4538 ),
 ( #713, #5165 ),
 ( #1359, #5800 ),
 ( #2003, #6430 ),
 ( #2659, #7072 ),
 ( #3272, #7724 ),
 ( #3917, #94 ),
 ( #4566, #741 ),
 ( #5194, #1392 ),
 ( #5829, #2031 ),
 ( #6459, #2683 ),
 ( #7097, #3302 ),
 ( #7751, #3947 ) ),
 .UNSPECIFIED., .F., .F., .F.,
 ( 4, 3, 3, 3, 3, 3, 3, 3, 3, 3, 4 ),
 ( 2, 2 ),
 ( 0.0000000000000000000, 0.09975080204926559100, 0.1993582537165742300, 0.3011914062871647300, 0.4057136696779195500, 0.5083981533732852000, 0.6077474757507838100, 0.7072350267031128900, 0.8100074748154609800, 0.9145250317480356800, 1.000000000000000000 ),
 ( 0.0000000000000000000, 1.000000000000000000 ),
 .UNSPECIFIED. ) ;
#1634 = EDGE_LOOP ( 'NONE', ( #2586, #1156, #7081, #1483, #6463, #7498, #3583, #7832 ) ) ;
#1635 = CARTESIAN_POINT ( 'NONE',  ( -1.404282583519467900E-016, 1.345000000000000200, 0.0000000000000000000 ) ) ;
#1636 = SURFACE_STYLE_USAGE ( .BOTH. , #5435 ) ;
#1637 = CARTESIAN_POINT ( 'NONE',  ( -0.02751749980527843500, -1.187448473213239300, -0.2283363398061075700 ) ) ;
#1638 = CARTESIAN_POINT ( 'NONE',  ( 0.02667085682135286000, -1.200077168009185100, 0.04637376913420940300 ) ) ;
#1639 = CARTESIAN_POINT ( 'NONE',  ( 2.975399468465863700E-018, 0.3543379074933980500, 0.0000000000000000000 ) ) ;
#1640 = FILL_AREA_STYLE ('',( #4770 ) ) ;
#1641 = DIRECTION ( 'NONE',  ( -1.447553700753488400E-016, 1.000000000000000000, -0.0000000000000000000 ) ) ;
#1642 = ORIENTED_EDGE ( 'NONE', *, *, #5314, .T. ) ;
#1643 = DIRECTION ( 'NONE',  ( 0.0000000000000000000, 0.0000000000000000000, 1.000000000000000000 ) ) ;
#1644 = ORIENTED_EDGE ( 'NONE', *, *, #2441, .F. ) ;
#1645 = EDGE_CURVE ( 'NONE', #1870, #4192, #3152, .T. ) ;
#1646 = PRESENTATION_STYLE_ASSIGNMENT (( #5404 ) ) ;
#1647 = AXIS2_PLACEMENT_3D ( 'NONE', #2202, #5367, #6484 ) ;
#1648 = CARTESIAN_POINT ( 'NONE',  ( -0.1250000000000000600, 0.2666198487095667900, 0.3897197719169305200 ) ) ;
#1649 =( LENGTH_UNIT ( ) NAMED_UNIT ( * ) SI_UNIT ( .MILLI., .METRE. ) );
#1650 = DIRECTION ( 'NONE',  ( 1.000000000000000000, -0.0000000000000000000, 2.168404344971010100E-015 ) ) ;
#1651 = ORIENTED_EDGE ( 'NONE', *, *, #8045, .F. ) ;
#1652 = DIRECTION ( 'NONE',  ( 1.447553700753488400E-016, -1.000000000000000000, 0.0000000000000000000 ) ) ;
#1653 = CARTESIAN_POINT ( 'NONE',  ( -0.1250000000000000600, 0.2666198487095667900, 0.3792098549233096100 ) ) ;
#1654 = CARTESIAN_POINT ( 'NONE',  ( -0.1180273429977322500, 0.3525217918727718300, -0.3757410748851545700 ) ) ;
#1655 = CARTESIAN_POINT ( 'NONE',  ( 1.270000000000000200, 1.294999999999999700, -0.7699999999999988000 ) ) ;
#1656 = AXIS2_PLACEMENT_3D ( 'NONE', #3064, #7493, #3709 ) ;
#1657 =( GEOMETRIC_REPRESENTATION_CONTEXT ( 3 ) GLOBAL_UNCERTAINTY_ASSIGNED_CONTEXT ( ( #3446 ) ) GLOBAL_UNIT_ASSIGNED_CONTEXT ( ( #7977, #4172, #357 ) ) REPRESENTATION_CONTEXT ( 'NONE', 'WORKASPACE' ) );
#1658 = AXIS2_PLACEMENT_3D ( 'NONE', #7941, #321, #7309 ) ;
#1659 = CARTESIAN_POINT ( 'NONE',  ( -0.9581966011250113700, 1.294999999999999900, 1.169999999999999900 ) ) ;
#1660 = PRESENTATION_STYLE_ASSIGNMENT (( #5091 ) ) ;
#1661 = PRESENTATION_STYLE_ASSIGNMENT (( #3143 ) ) ;
#1662 = DIRECTION ( 'NONE',  ( 2.168404344971007700E-015, 0.0000000000000000000, 1.000000000000000000 ) ) ;
#1663 = CARTESIAN_POINT ( 'NONE',  ( -0.04794293639382192500, -1.167685209284097900, 0.2168341263630811900 ) ) ;
#1664 = CARTESIAN_POINT ( 'NONE',  ( 1.270000000000000000, 1.294999999999999900, 0.6700000000000002600 ) ) ;
#1665 = FILL_AREA_STYLE_COLOUR ( '', #3089 ) ;
#1666 = CARTESIAN_POINT ( 'NONE',  ( 0.4139249933206985400, 0.8795106857790896400, 0.0000000000000000000 ) ) ;
#1667 = CARTESIAN_POINT ( 'NONE',  ( -0.9581966011250113700, 1.294999999999999900, 1.270000000000000000 ) ) ;
#1668 = FILL_AREA_STYLE ('',( #8061 ) ) ;
#1669 = ORIENTED_EDGE ( 'NONE', *, *, #7051, .T. ) ;
#1670 = ADVANCED_FACE ( 'NONE', ( #4647 ), #1432, .T. ) ;
#1671 = MECHANICAL_DESIGN_GEOMETRIC_PRESENTATION_REPRESENTATION (  '', ( #808 ), #2099 ) ;
#1672 = ORIENTED_EDGE ( 'NONE', *, *, #2230, .T. ) ;
#1673 = CIRCLE ( 'NONE', #5080, 0.4792893218813447700 ) ;
#1674 = CARTESIAN_POINT ( 'NONE',  ( 0.1239940899562083200, 0.3507056762520321400, -0.3947436973228082300 ) ) ;
#1675 = CARTESIAN_POINT ( 'NONE',  ( -1.370000000000000100, 1.294999999999999900, -0.7700000000000004600 ) ) ;
#1676 = DIRECTION ( 'NONE',  ( 1.000000000000000000, 0.0000000000000000000, 2.168404344971008100E-015 ) ) ;
#1677 = UNCERTAINTY_MEASURE_WITH_UNIT (LENGTH_MEASURE( 1.000000000000000100E-005 ), #7668, 'distance_accuracy_value', 'NONE');
#1678 = EDGE_LOOP ( 'NONE', ( #2859, #2521 ) ) ;
#1679 = CARTESIAN_POINT ( 'NONE',  ( -0.1239110127981695700, 0.3543379074933982700, -0.4262809643909921700 ) ) ;
#1680 = CARTESIAN_POINT ( 'NONE',  ( 1.270000000000000200, -1.294999999999999900, -0.7699999999999988000 ) ) ;
#1681 = PRESENTATION_STYLE_ASSIGNMENT (( #4736 ) ) ;
#1682 = PRESENTATION_STYLE_ASSIGNMENT (( #4350 ) ) ;
#1683 = CARTESIAN_POINT ( 'NONE',  ( -0.1056278067598376100, 0.3423758200226607600, 0.3953877045703835800 ) ) ;
#1684 = AXIS2_PLACEMENT_3D ( 'NONE', #3879, #39, #4518 ) ;
#1685 = SURFACE_SIDE_STYLE ('',( #4376 ) ) ;
#1686 = FILL_AREA_STYLE_COLOUR ( '', #2008 ) ;
#1687 = EDGE_CURVE ( 'NONE', #4014, #7736, #1253, .T. ) ;
#1688 = EDGE_LOOP ( 'NONE', ( #5169, #4224, #6855, #2112 ) ) ;
#1689 = AXIS2_PLACEMENT_3D ( 'NONE', #988, #5432, #1629 ) ;
#1690 = COLOUR_RGB ( '',0.1098039215686274500, 0.1098039215686274500, 0.1098039215686274500 ) ;
#1691 =( NAMED_UNIT ( * ) SI_UNIT ( $, .STERADIAN. ) SOLID_ANGLE_UNIT ( ) );
#1692 = CARTESIAN_POINT ( 'NONE',  ( -0.1517076999008804800, 0.2909921522532811200, -0.4111512178516091900 ) ) ;
#1693 = DIRECTION ( 'NONE',  ( -1.000000000000000000, 0.0000000000000000000, -0.0000000000000000000 ) ) ;
#1694 = ORIENTED_EDGE ( 'NONE', *, *, #7551, .T. ) ;
#1695 = COLOUR_RGB ( '',0.1098039215686274500, 0.1098039215686274500, 0.1098039215686274500 ) ;
#1696 = COLOUR_RGB ( '',0.8941176470588234600, 0.9137254901960784000, 0.9294117647058823800 ) ;
#1697 = EDGE_CURVE ( 'NONE', #1874, #2396, #2961, .T. ) ;
#1698 = CARTESIAN_POINT ( 'NONE',  ( -0.04975845228880797200, -1.153873168739429500, -0.05005137297963054000 ) ) ;
#1699 =( NAMED_UNIT ( * ) PLANE_ANGLE_UNIT ( ) SI_UNIT ( $, .RADIAN. ) );
#1700 = CARTESIAN_POINT ( 'NONE',  ( 0.1165687698883509800, 0.3537371061680774600, -0.3762834436124608600 ) ) ;
#1701 = CARTESIAN_POINT ( 'NONE',  ( -0.1518986748799022700, 0.2634659119459659100, 0.4083876577056279600 ) ) ;
#1702 =( GEOMETRIC_REPRESENTATION_CONTEXT ( 3 ) GLOBAL_UNCERTAINTY_ASSIGNED_CONTEXT ( ( #2817 ) ) GLOBAL_UNIT_ASSIGNED_CONTEXT ( ( #5082, #1273, #5717 ) ) REPRESENTATION_CONTEXT ( 'NONE', 'WORKASPACE' ) );
#1703 = CARTESIAN_POINT ( 'NONE',  ( -0.1061590700491926900, 0.3680608299677263200, -0.3793509617873706000 ) ) ;
#1704 = ORIENTED_EDGE ( 'NONE', *, *, #7969, .T. ) ;
#1705 = ORIENTED_EDGE ( 'NONE', *, *, #7756, .T. ) ;
#1706 = FACE_OUTER_BOUND ( 'NONE', #3659, .T. ) ;
#1707 = CARTESIAN_POINT ( 'NONE',  ( -0.04563148714754349000, -1.162689442590120600, 0.2473901528439950700 ) ) ;
#1708 = CARTESIAN_POINT ( 'NONE',  ( -0.1378435408756131200, 0.2670981431876250400, 0.3606053945049982300 ) ) ;
#1709 = CARTESIAN_POINT ( 'NONE',  ( 0.1391632388522669500, 0.3435858471740339000, 0.4216292830643275600 ) ) ;
#1710 = DIRECTION ( 'NONE',  ( -1.447553700753488400E-016, 1.000000000000000000, -0.0000000000000000000 ) ) ;
#1711 = ORIENTED_EDGE ( 'NONE', *, *, #2357, .T. ) ;
#1712 = PRESENTATION_LAYER_ASSIGNMENT (  '', '', ( #2140 ) ) ;
#1713 = ORIENTED_EDGE ( 'NONE', *, *, #2829, .F. ) ;
#1714 = CARTESIAN_POINT ( 'NONE',  ( -1.404282583519467900E-016, 1.345000000000000200, 0.0000000000000000000 ) ) ;
#1715 = DIRECTION ( 'NONE',  ( 0.0000000000000000000, 1.000000000000000000, 0.0000000000000000000 ) ) ;
#1716 = DIRECTION ( 'NONE',  ( 1.447553700753488400E-016, -1.000000000000000000, 0.0000000000000000000 ) ) ;
#1717 = CARTESIAN_POINT ( 'NONE',  ( 0.0000000000000000000, 1.294999999999999900, -1.169999999999999900 ) ) ;
#1718 = AXIS2_PLACEMENT_3D ( 'NONE', #2667, #7076, #3278 ) ;
#1719 = CARTESIAN_POINT ( 'NONE',  ( -0.09243218875801419200, -0.2191680880665082800, -0.3822041574058944200 ) ) ;
#1720 =( NAMED_UNIT ( * ) SI_UNIT ( $, .STERADIAN. ) SOLID_ANGLE_UNIT ( ) );
#1721 = DIRECTION ( 'NONE',  ( -1.447553700753488400E-016, 1.000000000000000000, -0.0000000000000000000 ) ) ;
#1722 = CARTESIAN_POINT ( 'NONE',  ( -0.02774497406672117900, -1.184055421978853900, -0.1902816586707158400 ) ) ;
#1723 = CARTESIAN_POINT ( 'NONE',  ( 7.787932489870817000E-017, -0.1631138830084182300, 0.0000000000000000000 ) ) ;
#1724 = SURFACE_STYLE_USAGE ( .BOTH. , #5528 ) ;
#1725 = UNCERTAINTY_MEASURE_WITH_UNIT (LENGTH_MEASURE( 1.000000000000000100E-005 ), #4724, 'distance_accuracy_value', 'NONE');
#1726 = CARTESIAN_POINT ( 'NONE',  ( 0.05913363540942732200, 0.4073830028315263400, -0.3897586934335509100 ) ) ;
#1727 = STYLED_ITEM ( 'NONE', ( #2043 ), #7318 ) ;
#1728 = CARTESIAN_POINT ( 'NONE',  ( -0.07759897784238722900, 0.3733543664533075500, 0.4040259172577570500 ) ) ;
#1729 = CARTESIAN_POINT ( 'NONE',  ( -0.06161674357927092400, -0.6788173848205074600, -0.3101373001733535000 ) ) ;
#1730 = CARTESIAN_POINT ( 'NONE',  ( -0.07411116470159756500, 0.3812232247319026200, 0.4409209925912039900 ) ) ;
#1731 = EDGE_CURVE ( 'NONE', #2802, #895, #7817, .T. ) ;
#1732 = ORIENTED_EDGE ( 'NONE', *, *, #7435, .T. ) ;
#1733 = CARTESIAN_POINT ( 'NONE',  ( 7.627114925224592900E-017, -0.1520042734262303000, 0.0000000000000000000 ) ) ;
#1734 = COLOUR_RGB ( '',0.8941176470588234600, 0.9137254901960784000, 0.9294117647058823800 ) ;
#1735 = DIRECTION ( 'NONE',  ( 0.0000000000000000000, 0.0000000000000000000, -1.000000000000000000 ) ) ;
#1736 = ORIENTED_EDGE ( 'NONE', *, *, #1760, .T. ) ;
#1737 = EDGE_LOOP ( 'NONE', ( #267, #2040, #2591 ) ) ;
#1738 = CARTESIAN_POINT ( 'NONE',  ( 0.02956793532768565600, -1.156863769976026200, -0.2713882135712402700 ) ) ;
#1739 = TOROIDAL_SURFACE ( 'NONE', #7649, 0.4239249933206987700, 0.02000000000000000000 ) ;
#1740 = SURFACE_STYLE_FILL_AREA ( #922 ) ;
#1741 = FACE_OUTER_BOUND ( 'NONE', #1895, .T. ) ;
#1742 = DIRECTION ( 'NONE',  ( 1.447553700753488400E-016, -1.000000000000000000, 0.0000000000000000000 ) ) ;
#1743 = EDGE_CURVE ( 'NONE', #638, #435, #6124, .T. ) ;
#1744 = PRESENTATION_LAYER_ASSIGNMENT (  '', '', ( #2177 ) ) ;
#1745 = FILL_AREA_STYLE ('',( #1105 ) ) ;
#1746 = ORIENTED_EDGE ( 'NONE', *, *, #60, .T. ) ;
#1747 = CARTESIAN_POINT ( 'NONE',  ( -0.1268494222310974900, 0.3528225842450623000, -0.4253565343888577300 ) ) ;
#1748 = CARTESIAN_POINT ( 'NONE',  ( -0.02751749980527845200, -1.187448473213238900, 0.2283363398061075400 ) ) ;
#1749 =( NAMED_UNIT ( * ) SI_UNIT ( $, .STERADIAN. ) SOLID_ANGLE_UNIT ( ) );
#1750 = FACE_OUTER_BOUND ( 'NONE', #1267, .T. ) ;
#1751 = FILL_AREA_STYLE_COLOUR ( '', #1888 ) ;
#1752 =( NAMED_UNIT ( * ) SI_UNIT ( $, .STERADIAN. ) SOLID_ANGLE_UNIT ( ) );
#1753 =( NAMED_UNIT ( * ) SI_UNIT ( $, .STERADIAN. ) SOLID_ANGLE_UNIT ( ) );
#1754 = ORIENTED_EDGE ( 'NONE', *, *, #3433, .T. ) ;
#1755 = AXIS2_PLACEMENT_3D ( 'NONE', #5926, #2131, #4699 ) ;
#1756 = EDGE_LOOP ( 'NONE', ( #5020, #3108, #4060, #2459, #3569, #6144 ) ) ;
#1757 = CARTESIAN_POINT ( 'NONE',  ( 0.07697657392939659400, 0.3747782640037196100, 0.4044230469386929100 ) ) ;
#1758 = DIRECTION ( 'NONE',  ( -1.447553700753488400E-016, 1.000000000000000000, -0.0000000000000000000 ) ) ;
#1759 = FILL_AREA_STYLE ('',( #6878 ) ) ;
#1760 = EDGE_CURVE ( 'NONE', #867, #5732, #2762, .T. ) ;
#1761 = ORIENTED_EDGE ( 'NONE', *, *, #3282, .T. ) ;
#1762 = CARTESIAN_POINT ( 'NONE',  ( -1.404282583519468200E-016, 1.345000000000000200, 0.0000000000000000000 ) ) ;
#1763 = LINE ( 'NONE', #4205, #47 ) ;
#1764 = PRESENTATION_LAYER_ASSIGNMENT (  '', '', ( #1342 ) ) ;
#1765 = CARTESIAN_POINT ( 'NONE',  ( 0.02751749980527879600, -1.187448473213238900, -0.2283363398061075700 ) ) ;
#1766 = CARTESIAN_POINT ( 'NONE',  ( -4.488971410221654300E-017, 0.6850000000000000500, 0.0000000000000000000 ) ) ;
#1767 = UNCERTAINTY_MEASURE_WITH_UNIT (LENGTH_MEASURE( 1.000000000000000100E-005 ), #6069, 'distance_accuracy_value', 'NONE');
#1768 = CARTESIAN_POINT ( 'NONE',  ( 0.1175578686517028000, -0.2361828566321511600, 0.3725520193605270100 ) ) ;
#1769 = CIRCLE ( 'NONE', #3693, 0.01999999999999998000 ) ;
#1770 = ORIENTED_EDGE ( 'NONE', *, *, #6174, .T. ) ;
#1771 = VERTEX_POINT ( 'NONE', #5162 ) ;
#1772 = DIRECTION ( 'NONE',  ( -0.4472135954999579300, 0.0000000000000000000, -0.8944271909999158600 ) ) ;
#1773 = CARTESIAN_POINT ( 'NONE',  ( -0.04784238332213559100, -1.168868921937334300, 0.2301144326777099000 ) ) ;
#1774 =( NAMED_UNIT ( * ) SI_UNIT ( $, .STERADIAN. ) SOLID_ANGLE_UNIT ( ) );
#1775 = DIRECTION ( 'NONE',  ( 1.000000000000000000, 0.0000000000000000000, 0.0000000000000000000 ) ) ;
#1776 = CARTESIAN_POINT ( 'NONE',  ( -0.1274216735989316100, 0.3525217918728549300, -0.4251585148178475000 ) ) ;
#1777 = SURFACE_STYLE_FILL_AREA ( #4712 ) ;
#1778 = B_SPLINE_CURVE_WITH_KNOTS ( 'NONE', 3,
 ( #4921, #2664, #6433, #610 ),
 .UNSPECIFIED., .F., .F.,
 ( 4, 4 ),
 ( 0.0000000000000000000, 2.956319344432296700E-006 ),
 .UNSPECIFIED. ) ;
#1779 = ORIENTED_EDGE ( 'NONE', *, *, #6842, .T. ) ;
#1780 =( NAMED_UNIT ( * ) PLANE_ANGLE_UNIT ( ) SI_UNIT ( $, .RADIAN. ) );
#1781 = FACE_OUTER_BOUND ( 'NONE', #6720, .T. ) ;
#1782 = DIRECTION ( 'NONE',  ( 1.000000000000000000, 2.752306126468202000E-016, 0.0000000000000000000 ) ) ;
#1783 = SURFACE_STYLE_FILL_AREA ( #5355 ) ;
#1784 = CARTESIAN_POINT ( 'NONE',  ( -0.1242625082682390600, 0.3417635143178030000, 0.3727542676179269000 ) ) ;
#1785 = VERTEX_POINT ( 'NONE', #712 ) ;
#1786 = CIRCLE ( 'NONE', #4000, 0.01999999999999999700 ) ;
#1787 = FACE_OUTER_BOUND ( 'NONE', #4723, .T. ) ;
#1788 = FACE_OUTER_BOUND ( 'NONE', #2595, .T. ) ;
#1789 = AXIS2_PLACEMENT_3D ( 'NONE', #6006, #2209, #6639 ) ;
#1790 = ORIENTED_EDGE ( 'NONE', *, *, #411, .F. ) ;
#1791 = EDGE_CURVE ( 'NONE', #5809, #6608, #1050, .T. ) ;
#1792 = TOROIDAL_SURFACE ( 'NONE', #7930, 0.3293303437365926500, 0.05000000000000000300 ) ;
#1793 = AXIS2_PLACEMENT_3D ( 'NONE', #4602, #780, #5234 ) ;
#1794 = CYLINDRICAL_SURFACE ( 'NONE', #3626, 0.6099999999999994300 ) ;
#1795 = ORIENTED_EDGE ( 'NONE', *, *, #5624, .T. ) ;
#1796 = CARTESIAN_POINT ( 'NONE',  ( 8.664840982628469200E-016, -2.614999999999999800, 5.311061600864459800E-032 ) ) ;
#1797 = FACE_OUTER_BOUND ( 'NONE', #1435, .T. ) ;
#1798 = CARTESIAN_POINT ( 'NONE',  ( 0.2350352011263679200, -1.168868921937331600, 0.0000000000000000000 ) ) ;
#1799 = CARTESIAN_POINT ( 'NONE',  ( 2.975399468465875600E-018, 0.3543379074933979400, 0.0000000000000000000 ) ) ;
#1800 = CARTESIAN_POINT ( 'NONE',  ( 2.103352214621881800E-015, -1.395000000000000000, -0.6699999999999989300 ) ) ;
#1801 = CARTESIAN_POINT ( 'NONE',  ( -0.02864767409877098900, -1.170590569126491300, -0.03790365244268462800 ) ) ;
#1802 = VERTEX_POINT ( 'NONE', #5795 ) ;
#1803 = EDGE_CURVE ( 'NONE', #7001, #3774, #2566, .T. ) ;
#1804 = ORIENTED_EDGE ( 'NONE', *, *, #6029, .T. ) ;
#1805 = DIRECTION ( 'NONE',  ( 0.0000000000000000000, 0.0000000000000000000, -1.000000000000000000 ) ) ;
#1806 = CARTESIAN_POINT ( 'NONE',  ( -0.1388087223107994600, 0.3346109713219782600, -0.4199574507079821300 ) ) ;
#1807 = CARTESIAN_POINT ( 'NONE',  ( 0.05041738696757706200, -1.152035009858910700, -3.621884594992799600E-017 ) ) ;
#1808 = AXIS2_PLACEMENT_3D ( 'NONE', #7353, #3563, #8009 ) ;
#1809 = CARTESIAN_POINT ( 'NONE',  ( 0.9305572809000085500, -1.395000000000000000, 1.225278640450004000 ) ) ;
#1810 = CARTESIAN_POINT ( 'NONE',  ( 0.1250656858299101500, 0.2675996315862969600, -0.3655387589310535900 ) ) ;
#1811 = DIRECTION ( 'NONE',  ( 0.0000000000000000000, 0.0000000000000000000, 1.000000000000000000 ) ) ;
#1812 = DIRECTION ( 'NONE',  ( 0.0000000000000000000, 1.000000000000000000, 0.0000000000000000000 ) ) ;
#1813 = DIRECTION ( 'NONE',  ( -1.447553700753488400E-016, 1.000000000000000000, -0.0000000000000000000 ) ) ;
#1814 =( GEOMETRIC_REPRESENTATION_CONTEXT ( 3 ) GLOBAL_UNCERTAINTY_ASSIGNED_CONTEXT ( ( #4837 ) ) GLOBAL_UNIT_ASSIGNED_CONTEXT ( ( #6725, #2932, #7351 ) ) REPRESENTATION_CONTEXT ( 'NONE', 'WORKASPACE' ) );
#1815 = MECHANICAL_DESIGN_GEOMETRIC_PRESENTATION_REPRESENTATION (  '', ( #958 ), #2245 ) ;
#1816 = DIRECTION ( 'NONE',  ( -1.000000000000000000, 0.0000000000000000000, 0.0000000000000000000 ) ) ;
#1817 = AXIS2_PLACEMENT_3D ( 'NONE', #2759, #7173, #3383 ) ;
#1818 = SURFACE_STYLE_USAGE ( .BOTH. , #5623 ) ;
#1819 = CIRCLE ( 'NONE', #4900, 0.3018161156205430600 ) ;
#1820 = CARTESIAN_POINT ( 'NONE',  ( -0.04716643717787573400, -1.168966892875068700, -0.2335985046747818800 ) ) ;
#1821 = SURFACE_STYLE_FILL_AREA ( #8241 ) ;
#1822 = DIRECTION ( 'NONE',  ( 1.224646799147353200E-016, 1.772742006221665100E-032, 1.000000000000000000 ) ) ;
#1823 = CARTESIAN_POINT ( 'NONE',  ( 0.04157926065825130700, 0.4002162662394627100, 0.4139092811724751100 ) ) ;
#1824 = UNCERTAINTY_MEASURE_WITH_UNIT (LENGTH_MEASURE( 1.000000000000000100E-005 ), #319, 'distance_accuracy_value', 'NONE');
#1825 = MECHANICAL_DESIGN_GEOMETRIC_PRESENTATION_REPRESENTATION (  '', ( #969 ), #2260 ) ;
#1826 = CARTESIAN_POINT ( 'NONE',  ( 0.1239136013936950900, 0.3543379074933978300, 0.4262802119315730600 ) ) ;
#1827 = CARTESIAN_POINT ( 'NONE',  ( 0.04413439582682967400, -1.210105081657630200, 0.2975885388489650200 ) ) ;
#1828 = CARTESIAN_POINT ( 'NONE',  ( -0.02878729518101560600, -1.168507953350746100, -0.2300327145526185100 ) ) ;
#1829 = ORIENTED_EDGE ( 'NONE', *, *, #2402, .T. ) ;
#1830 = CARTESIAN_POINT ( 'NONE',  ( -0.02994456013349123700, -1.151245959617461600, 0.2721492054816738200 ) ) ;
#1831 = LINE ( 'NONE', #7789, #3309 ) ;
#1832 = FACE_OUTER_BOUND ( 'NONE', #7934, .T. ) ;
#1833 = CARTESIAN_POINT ( 'NONE',  ( 1.742557280900008500, 1.294999999999999700, 0.3987213595499958200 ) ) ;
#1834 = CARTESIAN_POINT ( 'NONE',  ( 0.04766718213785989300, -1.235051256741154500, -0.2952605299453507900 ) ) ;
#1835 = SURFACE_SIDE_STYLE ('',( #4734 ) ) ;
#1836 = ORIENTED_EDGE ( 'NONE', *, *, #1743, .F. ) ;
#1837 = ORIENTED_EDGE ( 'NONE', *, *, #1791, .T. ) ;
#1838 = FACE_OUTER_BOUND ( 'NONE', #5144, .T. ) ;
#1839 = PRESENTATION_STYLE_ASSIGNMENT (( #7445 ) ) ;
#1840 = PRESENTATION_LAYER_ASSIGNMENT (  '', '', ( #1415 ) ) ;
#1841 = CARTESIAN_POINT ( 'NONE',  ( 0.0000000000000000000, 0.0000000000000000000, 0.0000000000000000000 ) ) ;
#1842 = SURFACE_STYLE_USAGE ( .BOTH. , #5645 ) ;
#1843 = EDGE_CURVE ( 'NONE', #6697, #312, #4243, .T. ) ;
#1844 = CARTESIAN_POINT ( 'NONE',  ( -0.1378435408756131200, 0.2670981431876250400, 0.3606053945049982300 ) ) ;
#1845 = ORIENTED_EDGE ( 'NONE', *, *, #4411, .F. ) ;
#1846 =( GEOMETRIC_REPRESENTATION_CONTEXT ( 3 ) GLOBAL_UNCERTAINTY_ASSIGNED_CONTEXT ( ( #5594 ) ) GLOBAL_UNIT_ASSIGNED_CONTEXT ( ( #2735, #7149, #3355 ) ) REPRESENTATION_CONTEXT ( 'NONE', 'WORKASPACE' ) );
#1847 = ORIENTED_EDGE ( 'NONE', *, *, #4561, .F. ) ;
#1848 = CIRCLE ( 'NONE', #7368, 0.02999999999999997100 ) ;
#1849 = SURFACE_STYLE_USAGE ( .BOTH. , #5654 ) ;
#1850 = CARTESIAN_POINT ( 'NONE',  ( -0.1451101647447003700, 0.3196741126926652700, 0.4163025712021009600 ) ) ;
#1851 = CARTESIAN_POINT ( 'NONE',  ( -0.02994456013349137600, -1.151245959617459300, 0.2721492054816726500 ) ) ;
#1852 = ORIENTED_EDGE ( 'NONE', *, *, #2270, .F. ) ;
#1853 = CARTESIAN_POINT ( 'NONE',  ( 2.234677677640099200E-016, -1.168868921937331600, 0.0000000000000000000 ) ) ;
#1854 = CARTESIAN_POINT ( 'NONE',  ( 0.1180253205482358100, 0.3525217918726917300, -0.3757417101686158500 ) ) ;
#1855 = EDGE_CURVE ( 'NONE', #4463, #591, #7398, .T. ) ;
#1856 = AXIS2_PLACEMENT_3D ( 'NONE', #789, #5244, #1440 ) ;
#1857 = CARTESIAN_POINT ( 'NONE',  ( 0.04978749811896360900, -1.205082627581610000, 0.2976813273944592400 ) ) ;
#1858 =( LENGTH_UNIT ( ) NAMED_UNIT ( * ) SI_UNIT ( .MILLI., .METRE. ) );
#1859 = DIRECTION ( 'NONE',  ( 0.0000000000000000000, 0.0000000000000000000, 1.000000000000000000 ) ) ;
#1860 = FACE_OUTER_BOUND ( 'NONE', #5879, .T. ) ;
#1861 = DIRECTION ( 'NONE',  ( 0.0000000000000000000, 0.0000000000000000000, -1.000000000000000000 ) ) ;
#1862 = LINE ( 'NONE', #6911, #5834 ) ;
#1863 = DIRECTION ( 'NONE',  ( -1.447553700753488400E-016, 1.000000000000000000, -0.0000000000000000000 ) ) ;
#1864 = CARTESIAN_POINT ( 'NONE',  ( 1.370000000000000100, -1.294999999999999900, -0.7700000000000004600 ) ) ;
#1865 = AXIS2_PLACEMENT_3D ( 'NONE', #8048, #4897, #1098 ) ;
#1866 =( NAMED_UNIT ( * ) PLANE_ANGLE_UNIT ( ) SI_UNIT ( $, .RADIAN. ) );
#1867 = COLOUR_RGB ( '',0.1098039215686274500, 0.1098039215686274500, 0.1098039215686274500 ) ;
#1868 = ORIENTED_EDGE ( 'NONE', *, *, #4022, .F. ) ;
#1869 = CARTESIAN_POINT ( 'NONE',  ( 1.208196601125010500, 1.395000000000000000, -0.6700000000000001500 ) ) ;
#1870 = VERTEX_POINT ( 'NONE', #90 ) ;
#1871 = CARTESIAN_POINT ( 'NONE',  ( 0.1249999999999997400, 0.2666198487095638400, -0.3792098549233096100 ) ) ;
#1872 = PRESENTATION_STYLE_ASSIGNMENT (( #1842 ) ) ;
#1873 =( BOUNDED_CURVE ( )  B_SPLINE_CURVE ( 3, ( #2853, #6630, #4120, #305 ),
 .UNSPECIFIED., .F., .F. ) 
 B_SPLINE_CURVE_WITH_KNOTS ( ( 4, 4 ),
 ( 3.141592653589790900, 4.712388980384688800 ),
 .UNSPECIFIED. ) 
 CURVE ( )  GEOMETRIC_REPRESENTATION_ITEM ( )  RATIONAL_B_SPLINE_CURVE ( ( 1.000000000000000000, 0.8047378541243646000, 0.8047378541243646000, 1.000000000000000000 ) ) 
 REPRESENTATION_ITEM ( '' )  );
#1874 = VERTEX_POINT ( 'NONE', #5192 ) ;
#1875 = DIRECTION ( 'NONE',  ( -1.447553700753488400E-016, 1.000000000000000000, -0.0000000000000000000 ) ) ;
#1876 = AXIS2_PLACEMENT_3D ( 'NONE', #3227, #1984, #2418 ) ;
#1877 = CARTESIAN_POINT ( 'NONE',  ( 0.02901847921984768200, -1.165059566340484600, -0.1920073184942451000 ) ) ;
#1878 = CARTESIAN_POINT ( 'NONE',  ( -0.02938698221212796300, -1.159562902564538600, 0.2705623892716492700 ) ) ;
#1879 = CARTESIAN_POINT ( 'NONE',  ( 0.1201701407855446100, 0.3185597509239380100, -0.3874978137405790100 ) ) ;
#1880 = CARTESIAN_POINT ( 'NONE',  ( 0.02857804579769999300, -1.171629158685589600, -0.2413905684920436600 ) ) ;
#1881 = FACE_OUTER_BOUND ( 'NONE', #7014, .T. ) ;
#1882 = UNCERTAINTY_MEASURE_WITH_UNIT (LENGTH_MEASURE( 1.000000000000000100E-005 ), #6171, 'distance_accuracy_value', 'NONE');
#1883 = DIRECTION ( 'NONE',  ( 1.447553700753488400E-016, -1.000000000000000000, 0.0000000000000000000 ) ) ;
#1884 = ORIENTED_EDGE ( 'NONE', *, *, #7141, .F. ) ;
#1885 = PRESENTATION_STYLE_ASSIGNMENT (( #6593 ) ) ;
#1886 = CARTESIAN_POINT ( 'NONE',  ( -0.1274216735989316100, 0.3525217918728549300, 0.4251585148178475000 ) ) ;
#1887 = CIRCLE ( 'NONE', #4280, 0.05000000000000002400 ) ;
#1888 = COLOUR_RGB ( '',0.8941176470588234600, 0.9137254901960784000, 0.9294117647058823800 ) ;
#1889 = STYLED_ITEM ( 'NONE', ( #2361 ), #7204 ) ;
#1890 =( NAMED_UNIT ( * ) SI_UNIT ( $, .STERADIAN. ) SOLID_ANGLE_UNIT ( ) );
#1891 = VECTOR ( 'NONE', #1141, 1000.000000000000000 ) ;
#1892 = DIRECTION ( 'NONE',  ( -0.06689105712424746300, -0.9977602850769319300, 0.0000000000000000000 ) ) ;
#1893 = EDGE_CURVE ( 'NONE', #7974, #2802, #5920, .T. ) ;
#1894 = CIRCLE ( 'NONE', #1330, 0.09999999999999993600 ) ;
#1895 = EDGE_LOOP ( 'NONE', ( #8091, #778, #7459, #3425 ) ) ;
#1896 = FILL_AREA_STYLE ('',( #7050 ) ) ;
#1897 = FACE_OUTER_BOUND ( 'NONE', #7540, .T. ) ;
#1898 = CONICAL_SURFACE ( 'NONE', #6718, 0.5316896815425914400, 0.6040459290663094900 ) ;
#1899 = FACE_OUTER_BOUND ( 'NONE', #554, .T. ) ;
#1900 = APPLICATION_PROTOCOL_DEFINITION ( 'draft international standard', 'automotive_design', 1998, #3800 ) ;
#1901 =( NAMED_UNIT ( * ) PLANE_ANGLE_UNIT ( ) SI_UNIT ( $, .RADIAN. ) );
#1902 = DIRECTION ( 'NONE',  ( 0.0000000000000000000, 0.0000000000000000000, -1.000000000000000000 ) ) ;
#1903 = ORIENTED_EDGE ( 'NONE', *, *, #4324, .F. ) ;
#1904 = VERTEX_POINT ( 'NONE', #121 ) ;
#1905 =( NAMED_UNIT ( * ) SI_UNIT ( $, .STERADIAN. ) SOLID_ANGLE_UNIT ( ) );
#1906 = EDGE_CURVE ( 'NONE', #4791, #5264, #5727, .T. ) ;
#1907 = CARTESIAN_POINT ( 'NONE',  ( -0.02499999999999977900, -1.225000000000000100, 0.4493050188902907900 ) ) ;
#1908 = PRESENTATION_LAYER_ASSIGNMENT (  '', '', ( #1480 ) ) ;
#1909 = CARTESIAN_POINT ( 'NONE',  ( 0.05042888396619894100, -1.152011008005626500, 0.03931961992980577400 ) ) ;
#1910 = ORIENTED_EDGE ( 'NONE', *, *, #3267, .T. ) ;
#1911 = CARTESIAN_POINT ( 'NONE',  ( -0.07722213017209902900, 0.3864272257386601200, 0.4372811101695961400 ) ) ;
#1912 = ORIENTED_EDGE ( 'NONE', *, *, #1950, .T. ) ;
#1913 = CIRCLE ( 'NONE', #8053, 0.6399999999999993500 ) ;
#1914 = CARTESIAN_POINT ( 'NONE',  ( 0.1518986748799413000, 0.2634659119465356200, -0.4083876577056688700 ) ) ;
#1915 = CARTESIAN_POINT ( 'NONE',  ( -0.5146446609406718500, -2.780355339059327900, 0.0000000000000000000 ) ) ;
#1916 = EDGE_CURVE ( 'NONE', #17, #2743, #651, .T. ) ;
#1917 = SURFACE_STYLE_USAGE ( .BOTH. , #5720 ) ;
#1918 = MECHANICAL_DESIGN_GEOMETRIC_PRESENTATION_REPRESENTATION (  '', ( #629 ), #2353 ) ;
#1919 = CIRCLE ( 'NONE', #93, 0.1000000000000000500 ) ;
#1920 = CARTESIAN_POINT ( 'NONE',  ( -1.047639320225002900, -1.294999999999999900, -1.214721359549995900 ) ) ;
#1921 = EDGE_CURVE ( 'NONE', #1507, #3323, #5523, .T. ) ;
#1922 = CONTEXT_DEPENDENT_SHAPE_REPRESENTATION ( #4454, #3084 ) ;
#1923 = CARTESIAN_POINT ( 'NONE',  ( 0.1259123125717990800, 0.2802280841127959800, 0.3787471876861909800 ) ) ;
#1924 =( NAMED_UNIT ( * ) SI_UNIT ( $, .STERADIAN. ) SOLID_ANGLE_UNIT ( ) );
#1925 = DIRECTION ( 'NONE',  ( 1.000000000000000000, 0.0000000000000000000, 1.224646799147349500E-016 ) ) ;
#1926 = DIRECTION ( 'NONE',  ( -1.447553700753488400E-016, 1.000000000000000000, -0.0000000000000000000 ) ) ;
#1927 = ORIENTED_EDGE ( 'NONE', *, *, #3825, .F. ) ;
#1928 = AXIS2_PLACEMENT_3D ( 'NONE', #6850, #2427, #5599 ) ;
#1929 = STYLED_ITEM ( 'NONE', ( #1314 ), #5878 ) ;
#1930 = COLOUR_RGB ( '',0.8941176470588234600, 0.9137254901960784000, 0.9294117647058823800 ) ;
#1931 = FACE_OUTER_BOUND ( 'NONE', #4574, .T. ) ;
#1932 = ADVANCED_FACE ( 'NONE', ( #8022 ), #4740, .F. ) ;
#1933 =( BOUNDED_CURVE ( )  B_SPLINE_CURVE ( 3, ( #87, #3913, #2024, #6454 ),
 .UNSPECIFIED., .F., .T. ) 
 B_SPLINE_CURVE_WITH_KNOTS ( ( 4, 4 ),
 ( 1.570796326794897400, 3.141592653589793100 ),
 .UNSPECIFIED. ) 
 CURVE ( )  GEOMETRIC_REPRESENTATION_ITEM ( )  RATIONAL_B_SPLINE_CURVE ( ( 1.000000000000000000, 0.8047378541243652700, 0.8047378541243652700, 1.000000000000000000 ) ) 
 REPRESENTATION_ITEM ( '' )  );
#1934 = ORIENTED_EDGE ( 'NONE', *, *, #1045, .T. ) ;
#1935 = FILL_AREA_STYLE_COLOUR ( '', #4918 ) ;
#1936 = AXIS2_PLACEMENT_3D ( 'NONE', #1639, #6083, #2288 ) ;
#1937 =( GEOMETRIC_REPRESENTATION_CONTEXT ( 3 ) GLOBAL_UNCERTAINTY_ASSIGNED_CONTEXT ( ( #3016 ) ) GLOBAL_UNIT_ASSIGNED_CONTEXT ( ( #7358, #3568, #8017 ) ) REPRESENTATION_CONTEXT ( 'NONE', 'WORKASPACE' ) );
#1938 = ORIENTED_EDGE ( 'NONE', *, *, #2221, .F. ) ;
#1939 = DIRECTION ( 'NONE',  ( -1.000000000000000000, -2.752306126468202000E-016, 0.0000000000000000000 ) ) ;
#1940 = VERTEX_POINT ( 'NONE', #5285 ) ;
#1941 = LINE ( 'NONE', #7909, #5120 ) ;
#1942 = CARTESIAN_POINT ( 'NONE',  ( 1.208196601125010500, -1.395000000000000000, -0.6700000000000002600 ) ) ;
#1943 = DIRECTION ( 'NONE',  ( -0.0000000000000000000, 1.000000000000000000, 0.0000000000000000000 ) ) ;
#1944 = DIRECTION ( 'NONE',  ( 1.000000000000000000, 1.447553700753488400E-016, 0.0000000000000000000 ) ) ;
#1945 = ORIENTED_EDGE ( 'NONE', *, *, #5689, .F. ) ;
#1946 = CARTESIAN_POINT ( 'NONE',  ( 0.08697063665170977300, 0.3662246223616866200, 0.4219186143245168800 ) ) ;
#1947 = CARTESIAN_POINT ( 'NONE',  ( 0.01569313465738847100, 0.3992797190863091600, -0.4135245141584091800 ) ) ;
#1948 = STYLED_ITEM ( 'NONE', ( #5107 ), #7966 ) ;
#1949 = DIRECTION ( 'NONE',  ( 0.4472135954999579800, 0.0000000000000000000, -0.8944271909999159700 ) ) ;
#1950 = EDGE_CURVE ( 'NONE', #2942, #3674, #4129, .T. ) ;
#1951 = DIRECTION ( 'NONE',  ( -1.000000000000000000, 0.0000000000000000000, 0.0000000000000000000 ) ) ;
#1952 = MECHANICAL_DESIGN_GEOMETRIC_PRESENTATION_REPRESENTATION (  '', ( #245 ), #2394 ) ;
#1953 = ORIENTED_EDGE ( 'NONE', *, *, #1375, .T. ) ;
#1954 = DIRECTION ( 'NONE',  ( -1.447553700753488400E-016, 1.000000000000000000, -0.0000000000000000000 ) ) ;
#1955 = FACE_OUTER_BOUND ( 'NONE', #2005, .T. ) ;
#1956 = DIRECTION ( 'NONE',  ( -1.000000000000000000, -1.447553700753488400E-016, 0.0000000000000000000 ) ) ;
#1957 = CYLINDRICAL_SURFACE ( 'NONE', #338, 0.4500000000000050600 ) ;
#1958 = DIRECTION ( 'NONE',  ( -1.447553700753488400E-016, 1.000000000000000000, -0.0000000000000000000 ) ) ;
#1959 = CARTESIAN_POINT ( 'NONE',  ( -0.04600243441269139700, 0.4202628881996454100, -0.3939104578094814700 ) ) ;
#1960 = DIRECTION ( 'NONE',  ( 0.0000000000000000000, 0.0000000000000000000, -1.000000000000000000 ) ) ;
#1961 = EDGE_CURVE ( 'NONE', #6798, #5370, #6407, .T. ) ;
#1962 = ORIENTED_EDGE ( 'NONE', *, *, #6888, .T. ) ;
#1963 = AXIS2_PLACEMENT_3D ( 'NONE', #7142, #3350, #7800 ) ;
#1964 = CIRCLE ( 'NONE', #2811, 0.8262454205064518900 ) ;
#1965 = CARTESIAN_POINT ( 'NONE',  ( -0.04146844141494544800, -0.9793534590815646800, 0.2961674417265832100 ) ) ;
#1966 = CARTESIAN_POINT ( 'NONE',  ( 7.627114925224592900E-017, -0.1520042734262303000, 0.0000000000000000000 ) ) ;
#1967 = ADVANCED_FACE ( 'NONE', ( #1543 ), #7295, .T. ) ;
#1968 = FACE_OUTER_BOUND ( 'NONE', #8106, .T. ) ;
#1969 = ORIENTED_EDGE ( 'NONE', *, *, #1731, .F. ) ;
#1970 = ORIENTED_EDGE ( 'NONE', *, *, #6682, .F. ) ;
#1971 = COLOUR_RGB ( '',0.1098039215686274500, 0.1098039215686274500, 0.1098039215686274500 ) ;
#1972 = VERTEX_POINT ( 'NONE', #268 ) ;
#1973 = AXIS2_PLACEMENT_3D ( 'NONE', #3131, #7571, #3782 ) ;
#1974 = CARTESIAN_POINT ( 'NONE',  ( 0.01062514165248273700, 0.4006154119413188300, 0.3968137582256817700 ) ) ;
#1975 = CARTESIAN_POINT ( 'NONE',  ( -0.02733480295340594300, -1.222697491360204200, 0.2856168812565667000 ) ) ;
#1976 = CARTESIAN_POINT ( 'NONE',  ( 0.3939249933206985800, 0.8795106857790896400, 4.824189821743360500E-017 ) ) ;
#1977 = AXIS2_PLACEMENT_3D ( 'NONE', #2462, #6881, #3094 ) ;
#1978 = UNCERTAINTY_MEASURE_WITH_UNIT (LENGTH_MEASURE( 1.000000000000000100E-005 ), #2958, 'distance_accuracy_value', 'NONE');
#1979 = CARTESIAN_POINT ( 'NONE',  ( 4.660967422637649700E-016, -2.845000000000000600, 0.0000000000000000000 ) ) ;
#1980 = CYLINDRICAL_SURFACE ( 'NONE', #5283, 0.1000000000000000300 ) ;
#1981 = SURFACE_STYLE_USAGE ( .BOTH. , #5777 ) ;
#1982 = ORIENTED_EDGE ( 'NONE', *, *, #3128, .T. ) ;
#1983 = FACE_OUTER_BOUND ( 'NONE', #1279, .T. ) ;
#1984 = DIRECTION ( 'NONE',  ( -1.447553700753488400E-016, 1.000000000000000000, -0.0000000000000000000 ) ) ;
#1985 = FILL_AREA_STYLE ('',( #697 ) ) ;
#1986 = DIRECTION ( 'NONE',  ( -1.447553700753488400E-016, 1.000000000000000000, -0.0000000000000000000 ) ) ;
#1987 = STYLED_ITEM ( 'NONE', ( #282 ), #6531 ) ;
#1988 = LINE ( 'NONE', #5302, #3474 ) ;
#1989 = ORIENTED_EDGE ( 'NONE', *, *, #174, .T. ) ;
#1990 = TOROIDAL_SURFACE ( 'NONE', #3149, 0.5299470081275748900, 0.02000000000000000000 ) ;
#1991 = FILL_AREA_STYLE_COLOUR ( '', #3527 ) ;
#1992 = CARTESIAN_POINT ( 'NONE',  ( -0.3049999999999992200, -2.867118494305994400, 0.0000000000000000000 ) ) ;
#1993 = DIRECTION ( 'NONE',  ( -1.000000000000000000, -1.275531967630006200E-016, 0.0000000000000000000 ) ) ;
#1994 = SURFACE_STYLE_USAGE ( .BOTH. , #5789 ) ;
#1995 = ORIENTED_EDGE ( 'NONE', *, *, #7978, .F. ) ;
#1996 = LINE ( 'NONE', #4995, #6863 ) ;
#1997 = DIRECTION ( 'NONE',  ( 0.0000000000000000000, -1.000000000000000000, 0.0000000000000000000 ) ) ;
#1998 = CARTESIAN_POINT ( 'NONE',  ( -0.04766718213877874100, -1.235051256728168800, -0.2952605299464017300 ) ) ;
#1999 = MECHANICAL_DESIGN_GEOMETRIC_PRESENTATION_REPRESENTATION (  '', ( #1146 ), #2438 ) ;
#2000 = FILL_AREA_STYLE ('',( #5159 ) ) ;
#2001 = EDGE_CURVE ( 'NONE', #895, #6621, #745, .T. ) ;
#2002 = CARTESIAN_POINT ( 'NONE',  ( -0.3939249933206986900, 0.8878219273820064900, 0.0000000000000000000 ) ) ;
#2003 = CARTESIAN_POINT ( 'NONE',  ( -0.07866355184313511600, 0.3725052436901373200, 0.4233336679973068200 ) ) ;
#2004 = CARTESIAN_POINT ( 'NONE',  ( 0.1193854899513885900, 0.3283519445678656500, -0.4264694617663046800 ) ) ;
#2005 = EDGE_LOOP ( 'NONE', ( #2784, #1353, #7277, #5068 ) ) ;
#2006 = CARTESIAN_POINT ( 'NONE',  ( -0.02667090180116635900, -1.200076497081353800, 0.04636874530367167400 ) ) ;
#2007 = ORIENTED_EDGE ( 'NONE', *, *, #320, .T. ) ;
#2008 = COLOUR_RGB ( '',0.1098039215686274500, 0.1098039215686274500, 0.1098039215686274500 ) ;
#2009 = CARTESIAN_POINT ( 'NONE',  ( 0.05041738696757706200, -1.152035009858910700, -3.621884594992799600E-017 ) ) ;
#2010 = DIRECTION ( 'NONE',  ( -1.000000000000000000, 0.0000000000000000000, -0.0000000000000000000 ) ) ;
#2011 = PRODUCT_DEFINITION_SHAPE ( 'NONE', 'NONE',  #1626 ) ;
#2012 = ADVANCED_FACE ( 'NONE', ( #947 ), #3538, .T. ) ;
#2013 = EDGE_CURVE ( 'NONE', #4704, #5322, #140, .T. ) ;
#2014 = AXIS2_PLACEMENT_3D ( 'NONE', #6883, #3096, #7525 ) ;
#2015 = FILL_AREA_STYLE ('',( #2642 ) ) ;
#2016 =( NAMED_UNIT ( * ) SI_UNIT ( $, .STERADIAN. ) SOLID_ANGLE_UNIT ( ) );
#2017 = DIRECTION ( 'NONE',  ( 0.0000000000000000000, -0.0000000000000000000, 1.000000000000000000 ) ) ;
#2018 = DIRECTION ( 'NONE',  ( -0.8944271909999159700, 0.0000000000000000000, 0.4472135954999579800 ) ) ;
#2019 = CARTESIAN_POINT ( 'NONE',  ( 2.518587945522486000E-016, -1.365000000000000000, 0.0000000000000000000 ) ) ;
#2020 = DIRECTION ( 'NONE',  ( 1.447553700753488400E-016, -1.000000000000000000, 0.0000000000000000000 ) ) ;
#2021 = FILL_AREA_STYLE ('',( #733 ) ) ;
#2022 = STYLED_ITEM ( 'NONE', ( #4193 ), #158 ) ;
#2023 = B_SPLINE_CURVE_WITH_KNOTS ( 'NONE', 3,
 ( #7131, #834, #2122, #6552, #2776, #7189, #3399, #7845, #4045, #226, #4690, #861, #5319, #1509, #5947, #2155 ),
 .UNSPECIFIED., .F., .F.,
 ( 4, 3, 3, 3, 3, 4 ),
 ( 0.0000000000000000000, 1.003059329093910100E-005, 2.349664407968417900E-005, 3.679914919334460700E-005, 5.008212870721679900E-005, 6.336581010259245700E-005 ),
 .UNSPECIFIED. ) ;
#2024 = CARTESIAN_POINT ( 'NONE',  ( -1.270000000000000900, -1.353578643762690000, -0.7700000000000001300 ) ) ;
#2025 = DIRECTION ( 'NONE',  ( 1.000000000000000000, 1.447553700753488400E-016, 0.0000000000000000000 ) ) ;
#2026 = MECHANICAL_DESIGN_GEOMETRIC_PRESENTATION_REPRESENTATION (  '', ( #1172 ), #2469 ) ;
#2027 = SURFACE_SIDE_STYLE ('',( #4906 ) ) ;
#2028 = EDGE_CURVE ( 'NONE', #2358, #96, #1848, .T. ) ;
#2029 = DIRECTION ( 'NONE',  ( 0.0000000000000000000, 1.000000000000000000, -1.084202172485503800E-015 ) ) ;
#2030 = ORIENTED_EDGE ( 'NONE', *, *, #342, .F. ) ;
#2031 = CARTESIAN_POINT ( 'NONE',  ( -0.1223981047162033100, 0.3017194853530515400, 0.3797548768613616100 ) ) ;
#2032 = CARTESIAN_POINT ( 'NONE',  ( -0.08344277649502045100, 0.4007445121413598700, -0.4413878854248858800 ) ) ;
#2033 = CARTESIAN_POINT ( 'NONE',  ( 0.02857818474717647600, -1.171627086087611200, 0.2413803608990361700 ) ) ;
#2034 = SURFACE_STYLE_FILL_AREA ( #5309 ) ;
#2035 = B_SPLINE_CURVE_WITH_KNOTS ( 'NONE', 3,
 ( #5629, #1184, #6264, #2481, #6904, #3116, #7549, #3756, #8190, #4396 ),
 .UNSPECIFIED., .F., .F.,
 ( 4, 3, 3, 4 ),
 ( 0.0000000000000000000, 3.369210019577331100E-005, 7.872449621034312000E-005, 7.878449622063082600E-005 ),
 .UNSPECIFIED. ) ;
#2036 = SURFACE_STYLE_USAGE ( .BOTH. , #5835 ) ;
#2037 = ORIENTED_EDGE ( 'NONE', *, *, #3443, .T. ) ;
#2038 = AXIS2_PLACEMENT_3D ( 'NONE', #7570, #3777, #8211 ) ;
#2039 = EDGE_LOOP ( 'NONE', ( #7136, #1038, #3689, #7161 ) ) ;
#2040 = ORIENTED_EDGE ( 'NONE', *, *, #1843, .T. ) ;
#2041 = ORIENTED_EDGE ( 'NONE', *, *, #2602, .T. ) ;
#2042 = DIRECTION ( 'NONE',  ( 1.000000000000000000, 1.447553700753488400E-016, 0.0000000000000000000 ) ) ;
#2043 = PRESENTATION_STYLE_ASSIGNMENT (( #2601 ) ) ;
#2044 = DIRECTION ( 'NONE',  ( 0.0000000000000000000, -0.0000000000000000000, -1.000000000000000000 ) ) ;
#2045 = STYLED_ITEM ( 'NONE', ( #7925 ), #7117 ) ;
#2046 = AXIS2_PLACEMENT_3D ( 'NONE', #6383, #2612, #7026 ) ;
#2047 = CARTESIAN_POINT ( 'NONE',  ( 0.04146844141495233800, -0.9793534590814658700, 0.2961674417265896000 ) ) ;
#2048 = ADVANCED_FACE ( 'NONE', ( #3327 ), #7608, .F. ) ;
#2049 = CARTESIAN_POINT ( 'NONE',  ( -0.02751749980527845200, -1.187448473213238900, 0.2283363398061075400 ) ) ;
#2050 = EDGE_CURVE ( 'NONE', #906, #2808, #1043, .T. ) ;
#2051 = ORIENTED_EDGE ( 'NONE', *, *, #4452, .F. ) ;
#2052 =( NAMED_UNIT ( * ) PLANE_ANGLE_UNIT ( ) SI_UNIT ( $, .RADIAN. ) );
#2053 = ADVANCED_FACE ( 'NONE', ( #6117 ), #6447, .T. ) ;
#2054 = COLOUR_RGB ( '',0.1098039215686274500, 0.1098039215686274500, 0.1098039215686274500 ) ;
#2055 = DIRECTION ( 'NONE',  ( 1.447553700753488400E-016, -1.000000000000000000, 0.0000000000000000000 ) ) ;
#2056 = EDGE_CURVE ( 'NONE', #6444, #5809, #2557, .T. ) ;
#2057 = FILL_AREA_STYLE_COLOUR ( '', #3686 ) ;
#2058 = DIRECTION ( 'NONE',  ( 0.0000000000000000000, -0.0000000000000000000, -1.000000000000000000 ) ) ;
#2059 = STYLED_ITEM ( 'NONE', ( #646 ), #2616 ) ;
#2060 = CARTESIAN_POINT ( 'NONE',  ( -0.1057107251190859300, 0.3678641215634854700, -0.4312626136932837300 ) ) ;
#2061 = FACE_OUTER_BOUND ( 'NONE', #2789, .T. ) ;
#2062 = VERTEX_POINT ( 'NONE', #6740 ) ;
#2063 = CARTESIAN_POINT ( 'NONE',  ( 0.03397201354942408500, -1.218260360858893300, -0.2931727449421186500 ) ) ;
#2064 = ORIENTED_EDGE ( 'NONE', *, *, #3554, .T. ) ;
#2065 = FACE_OUTER_BOUND ( 'NONE', #2779, .T. ) ;
#2066 = PRODUCT ( '311-99-104-41-001000', '311-99-104-41-001000', '', ( #5065 ) ) ;
#2067 = CARTESIAN_POINT ( 'NONE',  ( 0.0000000000000000000, -6.859999999999995900, 0.0000000000000000000 ) ) ;
#2068 = EDGE_CURVE ( 'NONE', #1207, #6568, #7391, .T. ) ;
#2069 = FILL_AREA_STYLE ('',( #5869 ) ) ;
#2070 = PLANE ( 'NONE',  #3714 ) ;
#2071 = PRESENTATION_LAYER_ASSIGNMENT (  '', '', ( #1222 ) ) ;
#2072 = FACE_OUTER_BOUND ( 'NONE', #502, .T. ) ;
#2073 = CARTESIAN_POINT ( 'NONE',  ( -0.9581966011250111500, -1.294999999999999900, -1.169999999999999900 ) ) ;
#2074 = EDGE_LOOP ( 'NONE', ( #1311, #6597, #570, #7396 ) ) ;
#2075 = CARTESIAN_POINT ( 'NONE',  ( 0.02856786908935882900, -1.171780956487152400, 0.2646136928188284600 ) ) ;
#2076 = FILL_AREA_STYLE_COLOUR ( '', #4693 ) ;
#2077 = ORIENTED_EDGE ( 'NONE', *, *, #2709, .F. ) ;
#2078 = CARTESIAN_POINT ( 'NONE',  ( 0.1069180516808254700, 0.3402937159746560200, 0.3947436973228087800 ) ) ;
#2079 = CARTESIAN_POINT ( 'NONE',  ( 0.04146844141494565600, -0.9793534590815657900, -0.2961674417265832100 ) ) ;
#2080 =( NAMED_UNIT ( * ) PLANE_ANGLE_UNIT ( ) SI_UNIT ( $, .RADIAN. ) );
#2081 = B_SPLINE_CURVE_WITH_KNOTS ( 'NONE', 3,
 ( #1653, #6097, #2305, #6736, #2949, #7365, #3572, #8024, #4214, #400 ),
 .UNSPECIFIED., .F., .F.,
 ( 4, 3, 3, 4 ),
 ( -5.999999362804530600E-008, 1.402898318889934900E-021, 4.463062162023587400E-005, 7.802212435673681500E-005 ),
 .UNSPECIFIED. ) ;
#2082 = SURFACE_SIDE_STYLE ('',( #4044 ) ) ;
#2083 = ORIENTED_EDGE ( 'NONE', *, *, #4211, .T. ) ;
#2084 = AXIS2_PLACEMENT_3D ( 'NONE', #1113, #6195, #4942 ) ;
#2085 = AXIS2_PLACEMENT_3D ( 'NONE', #1022, #5463, #1662 ) ;
#2086 = DIRECTION ( 'NONE',  ( 1.000000000000000000, 0.0000000000000000000, 0.0000000000000000000 ) ) ;
#2087 = FACE_OUTER_BOUND ( 'NONE', #2778, .T. ) ;
#2088 = AXIS2_PLACEMENT_3D ( 'NONE', #5429, #1624, #6070 ) ;
#2089 =( LENGTH_UNIT ( ) NAMED_UNIT ( * ) SI_UNIT ( .MILLI., .METRE. ) );
#2090 = DIRECTION ( 'NONE',  ( 1.000000000000000000, 0.0000000000000000000, 0.0000000000000000000 ) ) ;
#2091 = ADVANCED_FACE ( 'NONE', ( #4035 ), #4996, .T. ) ;
#2092 = LINE ( 'NONE', #3039, #3794 ) ;
#2093 = CIRCLE ( 'NONE', #473, 0.6499999999999994700 ) ;
#2094 = ORIENTED_EDGE ( 'NONE', *, *, #1149, .T. ) ;
#2095 = FACE_OUTER_BOUND ( 'NONE', #5472, .T. ) ;
#2096 = ADVANCED_FACE ( 'NONE', ( #838 ), #6603, .T. ) ;
#2097 = LINE ( 'NONE', #3484, #398 ) ;
#2098 = FILL_AREA_STYLE ('',( #1453 ) ) ;
#2099 =( GEOMETRIC_REPRESENTATION_CONTEXT ( 3 ) GLOBAL_UNCERTAINTY_ASSIGNED_CONTEXT ( ( #4222 ) ) GLOBAL_UNIT_ASSIGNED_CONTEXT ( ( #5491, #1699, #6133 ) ) REPRESENTATION_CONTEXT ( 'NONE', 'WORKASPACE' ) );
#2100 = CARTESIAN_POINT ( 'NONE',  ( -0.1398174752697405300, 0.2973114888993718700, 0.3628001891068554100 ) ) ;
#2101 = PRESENTATION_STYLE_ASSIGNMENT (( #4582 ) ) ;
#2102 = EDGE_LOOP ( 'NONE', ( #1912, #4435, #7250, #1565, #3224 ) ) ;
#2103 = CARTESIAN_POINT ( 'NONE',  ( -0.2713663603001839100, -2.830121490636196700, 0.0000000000000000000 ) ) ;
#2104 = ORIENTED_EDGE ( 'NONE', *, *, #946, .F. ) ;
#2105 = CARTESIAN_POINT ( 'NONE',  ( -0.1268494222302376000, 0.3528225842455117200, 0.4253565343891521100 ) ) ;
#2106 = DIRECTION ( 'NONE',  ( 0.0000000000000000000, 0.0000000000000000000, -1.000000000000000000 ) ) ;
#2107 = FILL_AREA_STYLE ('',( #4640 ) ) ;
#2108 = DIRECTION ( 'NONE',  ( -1.000000000000000000, -2.382861917550561300E-016, 0.0000000000000000000 ) ) ;
#2109 = SURFACE_STYLE_USAGE ( .BOTH. , #5903 ) ;
#2110 = VERTEX_POINT ( 'NONE', #4998 ) ;
#2111 = AXIS2_PLACEMENT_3D ( 'NONE', #7542, #5755, #1956 ) ;
#2112 = ORIENTED_EDGE ( 'NONE', *, *, #6888, .F. ) ;
#2113 = EDGE_CURVE ( 'NONE', #701, #680, #2035, .T. ) ;
#2114 = CARTESIAN_POINT ( 'NONE',  ( -0.02666709960536384600, -1.222979491838891400, -0.2840257620198638500 ) ) ;
#2115 = AXIS2_PLACEMENT_3D ( 'NONE', #3493, #7893, #2899 ) ;
#2116 = DIRECTION ( 'NONE',  ( 1.224646799147347800E-016, 0.0000000000000000000, -1.000000000000000000 ) ) ;
#2117 =( NAMED_UNIT ( * ) PLANE_ANGLE_UNIT ( ) SI_UNIT ( $, .RADIAN. ) );
#2118 = CIRCLE ( 'NONE', #7943, 0.8799999999999992300 ) ;
#2119 = DIRECTION ( 'NONE',  ( -1.000000000000000000, -1.447553700753488400E-016, 0.0000000000000000000 ) ) ;
#2120 = CARTESIAN_POINT ( 'NONE',  ( 0.1250026613351269400, 0.2666596189976177500, -0.3897231248518005500 ) ) ;
#2121 = EDGE_CURVE ( 'NONE', #1406, #7558, #3426, .T. ) ;
#2122 = CARTESIAN_POINT ( 'NONE',  ( -0.02750465421898010800, -1.187640080528148200, -0.2350575242026956000 ) ) ;
#2123 = ORIENTED_EDGE ( 'NONE', *, *, #6316, .T. ) ;
#2124 = TOROIDAL_SURFACE ( 'NONE', #2389, 0.8799999999999992300, 0.02999999999999999900 ) ;
#2125 = COLOUR_RGB ( '',0.1098039215686274500, 0.1098039215686274500, 0.1098039215686274500 ) ;
#2126 = B_SPLINE_CURVE_WITH_KNOTS ( 'NONE', 3,
 ( #4314, #6220, #6858, #3063 ),
 .UNSPECIFIED., .F., .F.,
 ( 4, 4 ),
 ( 0.0000000000000000000, 2.626378288017999400E-006 ),
 .UNSPECIFIED. ) ;
#2127 = DIRECTION ( 'NONE',  ( -0.8944271909999167400, 0.0000000000000000000, 0.4472135954999562100 ) ) ;
#2128 = DIRECTION ( 'NONE',  ( -1.447553700753488400E-016, 1.000000000000000000, -0.0000000000000000000 ) ) ;
#2129 = ADVANCED_FACE ( 'NONE', ( #5119 ), #1739, .T. ) ;
#2130 = DIRECTION ( 'NONE',  ( -0.5679770921754959700, 0.8230443625734084100, 0.0000000000000000000 ) ) ;
#2131 = DIRECTION ( 'NONE',  ( -1.447553700753488400E-016, 1.000000000000000000, -0.0000000000000000000 ) ) ;
#2132 = CARTESIAN_POINT ( 'NONE',  ( -0.1059026770558878000, 0.3419315564787344700, -0.4055833773356273300 ) ) ;
#2133 = EDGE_LOOP ( 'NONE', ( #2970, #2337 ) ) ;
#2134 = CARTESIAN_POINT ( 'NONE',  ( 0.1056392930043148400, -0.2267241590923767300, 0.3244054615139409000 ) ) ;
#2135 = AXIS2_PLACEMENT_3D ( 'NONE', #3411, #7863, #4058 ) ;
#2136 = FACE_OUTER_BOUND ( 'NONE', #4830, .T. ) ;
#2137 = CONICAL_SURFACE ( 'NONE', #5245, 0.5999999999999995300, 0.3217505543966423500 ) ;
#2138 = CARTESIAN_POINT ( 'NONE',  ( 0.2713663603001848500, -2.830121490636196700, 3.472259833274749400E-017 ) ) ;
#2139 = ADVANCED_FACE ( 'NONE', ( #1533 ), #551, .T. ) ;
#2140 = STYLED_ITEM ( 'NONE', ( #7127 ), #4763 ) ;
#2141 =( LENGTH_UNIT ( ) NAMED_UNIT ( * ) SI_UNIT ( .MILLI., .METRE. ) );
#2142 = CARTESIAN_POINT ( 'NONE',  ( -0.04933144428504314400, -1.205497527077969500, -0.2977156663328867100 ) ) ;
#2143 = B_SPLINE_CURVE_WITH_KNOTS ( 'NONE', 3,
 ( #1854, #2471, #5015, #1202 ),
 .UNSPECIFIED., .F., .F.,
 ( 4, 4 ),
 ( 1.003345648564105300E-016, 2.956319344432535500E-006 ),
 .UNSPECIFIED. ) ;
#2144 = ORIENTED_EDGE ( 'NONE', *, *, #1488, .F. ) ;
#2145 = CARTESIAN_POINT ( 'NONE',  ( 0.09665289399638273000, 0.3558965629149591400, -0.3715188262484063800 ) ) ;
#2146 = CARTESIAN_POINT ( 'NONE',  ( 0.9581966011250105900, 1.294999999999999900, 1.169999999999999900 ) ) ;
#2147 = ORIENTED_EDGE ( 'NONE', *, *, #2673, .F. ) ;
#2148 = COLOUR_RGB ( '',0.1098039215686274500, 0.1098039215686274500, 0.1098039215686274500 ) ;
#2149 = DIRECTION ( 'NONE',  ( 1.224646799147353700E-016, 0.0000000000000000000, -1.000000000000000000 ) ) ;
#2150 = CARTESIAN_POINT ( 'NONE',  ( 0.1259884988396512100, 0.2814737861815826400, -0.3804583750022506000 ) ) ;
#2151 = AXIS2_PLACEMENT_3D ( 'NONE', #3223, #7701, #3902 ) ;
#2152 = SURFACE_STYLE_USAGE ( .BOTH. , #5944 ) ;
#2153 = ORIENTED_EDGE ( 'NONE', *, *, #5613, .F. ) ;
#2154 = PRESENTATION_STYLE_ASSIGNMENT (( #6513 ) ) ;
#2155 = CARTESIAN_POINT ( 'NONE',  ( -0.02994456013349137600, -1.151245959617459300, -0.2721492054816726500 ) ) ;
#2156 = EDGE_LOOP ( 'NONE', ( #6428, #8098, #1106, #369 ) ) ;
#2157 = CARTESIAN_POINT ( 'NONE',  ( -0.01737018281030444300, 0.4191206621339626000, 0.3935418365458101000 ) ) ;
#2158 = DIRECTION ( 'NONE',  ( 1.084202172485503100E-015, 1.000000000000000000, 2.168404344971003300E-015 ) ) ;
#2159 = PRESENTATION_LAYER_ASSIGNMENT (  '', '', ( #1727 ) ) ;
#2160 = CARTESIAN_POINT ( 'NONE',  ( 0.1170389825352545600, 0.3209933467052051300, 0.3887362750986225200 ) ) ;
#2161 = CARTESIAN_POINT ( 'NONE',  ( -0.06020760464785768900, -0.6998363808173609900, 0.3077258192088516100 ) ) ;
#2162 = EDGE_CURVE ( 'NONE', #1101, #1341, #7314, .T. ) ;
#2163 = CARTESIAN_POINT ( 'NONE',  ( 0.04839978943675556100, 0.3914981653104741000, -0.4256415705023034500 ) ) ;
#2164 = FILL_AREA_STYLE_COLOUR ( '', #1867 ) ;
#2165 = SURFACE_SIDE_STYLE ('',( #5265 ) ) ;
#2166 = PRESENTATION_STYLE_ASSIGNMENT (( #1598 ) ) ;
#2167 = ORIENTED_EDGE ( 'NONE', *, *, #2028, .T. ) ;
#2168 =( NAMED_UNIT ( * ) PLANE_ANGLE_UNIT ( ) SI_UNIT ( $, .RADIAN. ) );
#2169 = ORIENTED_EDGE ( 'NONE', *, *, #354, .T. ) ;
#2170 = CARTESIAN_POINT ( 'NONE',  ( 0.02492522909667287800, 0.3985701379379950600, -0.4313006600840114700 ) ) ;
#2171 = DIRECTION ( 'NONE',  ( 0.0000000000000000000, -0.0000000000000000000, -1.000000000000000000 ) ) ;
#2172 = EDGE_CURVE ( 'NONE', #5546, #4139, #6397, .T. ) ;
#2173 =( NAMED_UNIT ( * ) SI_UNIT ( $, .STERADIAN. ) SOLID_ANGLE_UNIT ( ) );
#2174 = CIRCLE ( 'NONE', #1977, 0.1000000000000000500 ) ;
#2175 = ORIENTED_EDGE ( 'NONE', *, *, #4792, .F. ) ;
#2176 = ADVANCED_FACE ( 'NONE', ( #21 ), #1297, .T. ) ;
#2177 = STYLED_ITEM ( 'NONE', ( #6594 ), #2858 ) ;
#2178 = ORIENTED_EDGE ( 'NONE', *, *, #711, .T. ) ;
#2179 = CARTESIAN_POINT ( 'NONE',  ( 0.1518986748799413000, 0.2634659119465356200, 0.4083876577056689300 ) ) ;
#2180 = FACE_OUTER_BOUND ( 'NONE', #4993, .T. ) ;
#2181 = ADVANCED_FACE ( 'NONE', ( #938 ), #344, .F. ) ;
#2182 = CARTESIAN_POINT ( 'NONE',  ( 0.04565974490879790000, -1.162634734544614000, 0.2472574374139734900 ) ) ;
#2183 = EDGE_LOOP ( 'NONE', ( #2944, #5563, #806, #1644 ) ) ;
#2184 = TOROIDAL_SURFACE ( 'NONE', #1132, 0.6399999999999993500, 0.02999999999999999900 ) ;
#2185 = STYLED_ITEM ( 'NONE', ( #1303 ), #66 ) ;
#2186 = CARTESIAN_POINT ( 'NONE',  ( 0.8999999999999992500, 1.395000000000000200, 1.102182119232617000E-016 ) ) ;
#2187 = AXIS2_PLACEMENT_3D ( 'NONE', #6646, #2867, #7275 ) ;
#2188 = B_SPLINE_CURVE_WITH_KNOTS ( 'NONE', 3,
 ( #890, #4714, #5978, #2179 ),
 .UNSPECIFIED., .F., .F.,
 ( 4, 4 ),
 ( 0.0000000000000000000, 9.560523739862556900E-005 ),
 .UNSPECIFIED. ) ;
#2189 =( LENGTH_UNIT ( ) NAMED_UNIT ( * ) SI_UNIT ( .MILLI., .METRE. ) );
#2190 = DIRECTION ( 'NONE',  ( 0.8944271909999153000, 0.0000000000000000000, 0.4472135954999587600 ) ) ;
#2191 = EDGE_CURVE ( 'NONE', #96, #2062, #5215, .T. ) ;
#2192 = ORIENTED_EDGE ( 'NONE', *, *, #2874, .F. ) ;
#2193 = CARTESIAN_POINT ( 'NONE',  ( -0.4439249933206987400, 0.8878219273820249200, 0.0000000000000000000 ) ) ;
#2194 = DIRECTION ( 'NONE',  ( 0.0000000000000000000, 0.9960485673285178800, -0.08881019943006024400 ) ) ;
#2195 = SURFACE_SIDE_STYLE ('',( #2461 ) ) ;
#2196 = MECHANICAL_DESIGN_GEOMETRIC_PRESENTATION_REPRESENTATION (  '', ( #1342 ), #2636 ) ;
#2197 = CARTESIAN_POINT ( 'NONE',  ( -0.06816498501354707800, 0.3809750913088193500, -0.3661518126269542900 ) ) ;
#2198 = DIRECTION ( 'NONE',  ( 0.0000000000000000000, 0.0000000000000000000, -1.000000000000000000 ) ) ;
#2199 = ORIENTED_EDGE ( 'NONE', *, *, #6758, .F. ) ;
#2200 = CARTESIAN_POINT ( 'NONE',  ( -0.1201726680761350800, 0.3185776069583067200, -0.3874854634624675400 ) ) ;
#2201 = DIRECTION ( 'NONE',  ( 0.8944271909999156300, 0.0000000000000000000, 0.4472135954999583700 ) ) ;
#2202 = CARTESIAN_POINT ( 'NONE',  ( 2.205846211486573600E-016, -1.148951549518942000, 0.0000000000000000000 ) ) ;
#2203 = FILL_AREA_STYLE_COLOUR ( '', #7741 ) ;
#2204 = DIRECTION ( 'NONE',  ( -1.000000000000000000, 0.0000000000000000000, 0.0000000000000000000 ) ) ;
#2205 = EDGE_LOOP ( 'NONE', ( #2989, #2913, #7285 ) ) ;
#2206 = ORIENTED_EDGE ( 'NONE', *, *, #7015, .F. ) ;
#2207 = CIRCLE ( 'NONE', #4492, 0.4439249933206987400 ) ;
#2208 = AXIS2_PLACEMENT_3D ( 'NONE', #1220, #5668, #1859 ) ;
#2209 = DIRECTION ( 'NONE',  ( 0.0000000000000000000, -1.000000000000000000, 0.0000000000000000000 ) ) ;
#2210 = AXIS2_PLACEMENT_3D ( 'NONE', #6202, #2416, #3047 ) ;
#2211 = SURFACE_STYLE_USAGE ( .BOTH. , #6011 ) ;
#2212 = CARTESIAN_POINT ( 'NONE',  ( -0.1518986748799022700, 0.2634659119459659100, 0.4083876577056279600 ) ) ;
#2213 = ADVANCED_FACE ( 'NONE', ( #1838 ), #4624, .T. ) ;
#2214 = CARTESIAN_POINT ( 'NONE',  ( 0.04601138224001834900, -1.166829375397006000, -0.2417714373386533100 ) ) ;
#2215 = FILL_AREA_STYLE_COLOUR ( '', #193 ) ;
#2216 =( NAMED_UNIT ( * ) PLANE_ANGLE_UNIT ( ) SI_UNIT ( $, .RADIAN. ) );
#2217 = ADVANCED_FACE ( 'NONE', ( #6108 ), #2338, .T. ) ;
#2218 = CARTESIAN_POINT ( 'NONE',  ( 0.07759768709278433400, 0.3733551480327672600, -0.4040241882964743000 ) ) ;
#2219 = AXIS2_PLACEMENT_3D ( 'NONE', #5475, #1676, #6118 ) ;
#2220 = CARTESIAN_POINT ( 'NONE',  ( 0.1069180516808254900, 0.3402937159746559600, 0.3947436973228089000 ) ) ;
#2221 = EDGE_CURVE ( 'NONE', #7343, #3827, #7186, .T. ) ;
#2222 = CARTESIAN_POINT ( 'NONE',  ( 1.270000000000000000, 1.294999999999999900, -0.6700000000000002600 ) ) ;
#2223 = AXIS2_PLACEMENT_3D ( 'NONE', #7737, #6471, #2696 ) ;
#2224 = CARTESIAN_POINT ( 'NONE',  ( -0.1193574644838563500, 0.3156482192581230300, -0.4469148855556351900 ) ) ;
#2225 = CARTESIAN_POINT ( 'NONE',  ( 0.4439249933206986200, 0.8878219273820251400, 5.436513221317039400E-017 ) ) ;
#2226 = CARTESIAN_POINT ( 'NONE',  ( 0.1239136013937068300, 0.3543379074933978300, -0.4262802119315696700 ) ) ;
#2227 = FILL_AREA_STYLE_COLOUR ( '', #578 ) ;
#2228 = ORIENTED_EDGE ( 'NONE', *, *, #2270, .T. ) ;
#2229 = CARTESIAN_POINT ( 'NONE',  ( -1.476660268557142200E-016, 1.395000000000000000, 0.0000000000000000000 ) ) ;
#2230 = EDGE_CURVE ( 'NONE', #4968, #297, #633, .T. ) ;
#2231 = UNCERTAINTY_MEASURE_WITH_UNIT (LENGTH_MEASURE( 1.000000000000000100E-005 ), #6258, 'distance_accuracy_value', 'NONE');
#2232 = AXIS2_PLACEMENT_3D ( 'NONE', #1674, #6114, #2321 ) ;
#2233 = CARTESIAN_POINT ( 'NONE',  ( 0.07352983993381771700, 0.3764315386879695200, 0.4188267342200730500 ) ) ;
#2234 = ORIENTED_EDGE ( 'NONE', *, *, #2509, .T. ) ;
#2235 = ORIENTED_EDGE ( 'NONE', *, *, #7141, .T. ) ;
#2236 = TOROIDAL_SURFACE ( 'NONE', #6679, 0.8499999999999993100, 0.05000000000000000300 ) ;
#2237 = CARTESIAN_POINT ( 'NONE',  ( 0.02751749980527879600, -1.187448473213238900, 0.2283363398061075700 ) ) ;
#2238 = FACE_OUTER_BOUND ( 'NONE', #7054, .T. ) ;
#2239 = DIRECTION ( 'NONE',  ( -1.447553700753488400E-016, 1.000000000000000000, -0.0000000000000000000 ) ) ;
#2240 = DIRECTION ( 'NONE',  ( 1.000000000000000000, 0.0000000000000000000, 0.0000000000000000000 ) ) ;
#2241 = UNCERTAINTY_MEASURE_WITH_UNIT (LENGTH_MEASURE( 1.000000000000000100E-005 ), #2252, 'distance_accuracy_value', 'NONE');
#2242 = ORIENTED_EDGE ( 'NONE', *, *, #5478, .F. ) ;
#2243 =( NAMED_UNIT ( * ) PLANE_ANGLE_UNIT ( ) SI_UNIT ( $, .RADIAN. ) );
#2244 = STYLED_ITEM ( 'NONE', ( #8151 ), #832 ) ;
#2245 =( GEOMETRIC_REPRESENTATION_CONTEXT ( 3 ) GLOBAL_UNCERTAINTY_ASSIGNED_CONTEXT ( ( #4928 ) ) GLOBAL_UNIT_ASSIGNED_CONTEXT ( ( #8123, #4335, #514 ) ) REPRESENTATION_CONTEXT ( 'NONE', 'WORKASPACE' ) );
#2246 = ORIENTED_EDGE ( 'NONE', *, *, #7476, .F. ) ;
#2247 = AXIS2_PLACEMENT_3D ( 'NONE', #237, #4701, #876 ) ;
#2248 = FACE_OUTER_BOUND ( 'NONE', #905, .T. ) ;
#2249 =( NAMED_UNIT ( * ) SI_UNIT ( $, .STERADIAN. ) SOLID_ANGLE_UNIT ( ) );
#2250 = DIRECTION ( 'NONE',  ( -1.000000000000000000, -0.0000000000000000000, 2.168404344971010100E-015 ) ) ;
#2251 = ORIENTED_EDGE ( 'NONE', *, *, #2787, .F. ) ;
#2252 =( LENGTH_UNIT ( ) NAMED_UNIT ( * ) SI_UNIT ( .MILLI., .METRE. ) );
#2253 = FACE_OUTER_BOUND ( 'NONE', #8010, .T. ) ;
#2254 =( NAMED_UNIT ( * ) PLANE_ANGLE_UNIT ( ) SI_UNIT ( $, .RADIAN. ) );
#2255 = CARTESIAN_POINT ( 'NONE',  ( -0.04630770841790004400, -1.150767665139485100, -0.2525584207203323000 ) ) ;
#2256 = DIRECTION ( 'NONE',  ( 1.000000000000000000, 1.447553700753488400E-016, 0.0000000000000000000 ) ) ;
#2257 =( LENGTH_UNIT ( ) NAMED_UNIT ( * ) SI_UNIT ( .MILLI., .METRE. ) );
#2258 = CIRCLE ( 'NONE', #4605, 0.1000000000000000300 ) ;
#2259 = ADVANCED_FACE ( 'NONE', ( #2136 ), #4904, .T. ) ;
#2260 =( GEOMETRIC_REPRESENTATION_CONTEXT ( 3 ) GLOBAL_UNCERTAINTY_ASSIGNED_CONTEXT ( ( #3340 ) ) GLOBAL_UNIT_ASSIGNED_CONTEXT ( ( #912, #5366, #1552 ) ) REPRESENTATION_CONTEXT ( 'NONE', 'WORKASPACE' ) );
#2261 = DIRECTION ( 'NONE',  ( 1.224646799147353200E-016, 1.772742006221665100E-032, 1.000000000000000000 ) ) ;
#2262 = FILL_AREA_STYLE_COLOUR ( '', #4549 ) ;
#2263 = FACE_OUTER_BOUND ( 'NONE', #6735, .T. ) ;
#2264 = CARTESIAN_POINT ( 'NONE',  ( -0.08930139472735537700, 0.3639323229894608800, 0.4135067913442587200 ) ) ;
#2265 =( NAMED_UNIT ( * ) PLANE_ANGLE_UNIT ( ) SI_UNIT ( $, .RADIAN. ) );
#2266 = MECHANICAL_DESIGN_GEOMETRIC_PRESENTATION_REPRESENTATION (  '', ( #1415 ), #2706 ) ;
#2267 = CIRCLE ( 'NONE', #1395, 0.05000000000000002400 ) ;
#2268 = ORIENTED_EDGE ( 'NONE', *, *, #5876, .T. ) ;
#2269 = CARTESIAN_POINT ( 'NONE',  ( -1.270000000000000200, -1.294999999999999900, 0.7700000000000012400 ) ) ;
#2270 = EDGE_CURVE ( 'NONE', #6621, #7974, #1526, .T. ) ;
#2271 = VERTEX_POINT ( 'NONE', #2103 ) ;
#2272 = COLOUR_RGB ( '',0.1098039215686274500, 0.1098039215686274500, 0.1098039215686274500 ) ;
#2273 = ORIENTED_EDGE ( 'NONE', *, *, #6329, .F. ) ;
#2274 = FACE_OUTER_BOUND ( 'NONE', #1634, .T. ) ;
#2275 = FILL_AREA_STYLE_COLOUR ( '', #3244 ) ;
#2276 = AXIS2_PLACEMENT_3D ( 'NONE', #2679, #5221, #4005 ) ;
#2277 = CARTESIAN_POINT ( 'NONE',  ( 0.03986936876838708500, 0.3937669331655964700, -0.4113340535605852200 ) ) ;
#2278 = DIRECTION ( 'NONE',  ( 1.000000000000000000, 0.0000000000000000000, 0.0000000000000000000 ) ) ;
#2279 = CARTESIAN_POINT ( 'NONE',  ( -0.1175578686438182900, -0.2361828567471868400, 0.3725520193522683400 ) ) ;
#2280 = VERTEX_POINT ( 'NONE', #2748 ) ;
#2281 = CARTESIAN_POINT ( 'NONE',  ( 1.270000000000000000, -1.395000000000000000, -0.6700000000000003700 ) ) ;
#2282 = COLOUR_RGB ( '',0.1098039215686274500, 0.1098039215686274500, 0.1098039215686274500 ) ;
#2283 = B_SPLINE_CURVE_WITH_KNOTS ( 'NONE', 3,
 ( #4839, #2324, #4238, #421, #4863, #1061, #5502, #1707, #6142, #2354, #6787, #2993, #7409, #3627, #8067, #4263 ),
 .UNSPECIFIED., .F., .F.,
 ( 4, 3, 3, 3, 3, 4 ),
 ( 0.0000000000000000000, 4.247653787887827100E-006, 1.097839478581461300E-005, 1.790370200591881700E-005, 2.508095280120878500E-005, 3.241552983123348000E-005 ),
 .UNSPECIFIED. ) ;
#2284 = EDGE_CURVE ( 'NONE', #2825, #5105, #3216, .T. ) ;
#2285 = DIRECTION ( 'NONE',  ( 1.000000000000000000, 2.409338161078900700E-016, 0.0000000000000000000 ) ) ;
#2286 =( NAMED_UNIT ( * ) PLANE_ANGLE_UNIT ( ) SI_UNIT ( $, .RADIAN. ) );
#2287 = DIRECTION ( 'NONE',  ( 1.000000000000000000, 1.417260604930826400E-016, 0.0000000000000000000 ) ) ;
#2288 = DIRECTION ( 'NONE',  ( -1.000000000000000000, -1.376153063234101000E-016, 8.881784197001252300E-016 ) ) ;
#2289 = SURFACE_STYLE_USAGE ( .BOTH. , #6084 ) ;
#2290 = AXIS2_PLACEMENT_3D ( 'NONE', #3939, #5792, #6477 ) ;
#2291 = CARTESIAN_POINT ( 'NONE',  ( -0.02529458252240660000, -1.223183884379456200, 0.2789380977350282600 ) ) ;
#2292 = ORIENTED_EDGE ( 'NONE', *, *, #6960, .T. ) ;
#2293 = FILL_AREA_STYLE ('',( #2262 ) ) ;
#2294 = CARTESIAN_POINT ( 'NONE',  ( -1.270000000000000000, -1.395000000000000000, 1.270000000000000000 ) ) ;
#2295 = B_SPLINE_CURVE_WITH_KNOTS ( 'NONE', 3,
 ( #3209, #7663, #5128, #1325, #5763, #1965, #6393 ),
 .UNSPECIFIED., .F., .F.,
 ( 4, 3, 4 ),
 ( 0.0000000000000000000, 0.0007623817026795888000, 0.001497213828109549100 ),
 .UNSPECIFIED. ) ;
#2296 =( NAMED_UNIT ( * ) SI_UNIT ( $, .STERADIAN. ) SOLID_ANGLE_UNIT ( ) );
#2297 = FILL_AREA_STYLE ('',( #1010 ) ) ;
#2298 = ORIENTED_EDGE ( 'NONE', *, *, #7302, .T. ) ;
#2299 = AXIS2_PLACEMENT_3D ( 'NONE', #5190, #1385, #5824 ) ;
#2300 = VECTOR ( 'NONE', #6, 1000.000000000000000 ) ;
#2301 = CARTESIAN_POINT ( 'NONE',  ( -0.02513773585898713300, -1.222945504588554200, -0.2763272670030129100 ) ) ;
#2302 = VECTOR ( 'NONE', #4051, 1000.000000000000000 ) ;
#2303 = AXIS2_PLACEMENT_3D ( 'NONE', #4871, #2390, #4244 ) ;
#2304 = ADVANCED_FACE ( 'NONE', ( #8093 ), #6717, .T. ) ;
#2305 = CARTESIAN_POINT ( 'NONE',  ( -0.1250026614873087400, 0.2666596206607566600, 0.3792131878093089000 ) ) ;
#2306 = CARTESIAN_POINT ( 'NONE',  ( -0.1044786453084849100, 0.3442209003708980300, -0.3794621801059427900 ) ) ;
#2307 = COLOUR_RGB ( '',0.8941176470588234600, 0.9137254901960784000, 0.9294117647058823800 ) ;
#2308 = ORIENTED_EDGE ( 'NONE', *, *, #821, .T. ) ;
#2309 = ORIENTED_EDGE ( 'NONE', *, *, #2494, .T. ) ;
#2310 = PRESENTATION_STYLE_ASSIGNMENT (( #6845 ) ) ;
#2311 = DIRECTION ( 'NONE',  ( 0.8944271909999156300, 0.0000000000000000000, -0.4472135954999583700 ) ) ;
#2312 = AXIS2_PLACEMENT_3D ( 'NONE', #2442, #6870, #3075 ) ;
#2313 = SURFACE_SIDE_STYLE ('',( #6680 ) ) ;
#2314 = ORIENTED_EDGE ( 'NONE', *, *, #4462, .T. ) ;
#2315 = CARTESIAN_POINT ( 'NONE',  ( -0.1248607912308391800, 0.2645433830776195400, -0.4185491471247365600 ) ) ;
#2316 = DIRECTION ( 'NONE',  ( 1.000000000000000000, 0.0000000000000000000, 0.0000000000000000000 ) ) ;
#2317 = CARTESIAN_POINT ( 'NONE',  ( 0.1180253205481717500, 0.3525217918728290600, -0.3757417101686518800 ) ) ;
#2318 = VERTEX_POINT ( 'NONE', #3673 ) ;
#2319 = DIRECTION ( 'NONE',  ( -1.000000000000000000, 0.0000000000000000000, 0.0000000000000000000 ) ) ;
#2320 = CARTESIAN_POINT ( 'NONE',  ( 2.284470036375957900E-016, -1.203266511961066800, 0.0000000000000000000 ) ) ;
#2321 = DIRECTION ( 'NONE',  ( -0.8538019137690956400, -0.5205980138688868200, 0.0000000000000000000 ) ) ;
#2322 = DIRECTION ( 'NONE',  ( 0.0000000000000000000, -0.0000000000000000000, -1.000000000000000000 ) ) ;
#2323 = AXIS2_PLACEMENT_3D ( 'NONE', #3018, #6808, #2411 ) ;
#2324 = CARTESIAN_POINT ( 'NONE',  ( -0.04615280485857226700, -1.152171369580581300, 0.2524566960010325400 ) ) ;
#2325 = FILL_AREA_STYLE_COLOUR ( '', #5766 ) ;
#2326 = CARTESIAN_POINT ( 'NONE',  ( 1.208196601125010500, -1.395000000000000000, -0.6700000000000002600 ) ) ;
#2327 = CARTESIAN_POINT ( 'NONE',  ( -0.2350352011263654700, -1.168868921937331600, 0.0000000000000000000 ) ) ;
#2328 = EDGE_CURVE ( 'NONE', #6543, #1313, #5239, .T. ) ;
#2329 = CARTESIAN_POINT ( 'NONE',  ( -0.1035444897633999200, 0.3455690675042738000, 0.3802899842789501700 ) ) ;
#2330 =( LENGTH_UNIT ( ) NAMED_UNIT ( * ) SI_UNIT ( .MILLI., .METRE. ) );
#2331 = ORIENTED_EDGE ( 'NONE', *, *, #3338, .F. ) ;
#2332 = CIRCLE ( 'NONE', #5840, 0.05000000000000002400 ) ;
#2333 = DIRECTION ( 'NONE',  ( 1.447553700753488400E-016, -1.000000000000000000, 0.0000000000000000000 ) ) ;
#2334 = CARTESIAN_POINT ( 'NONE',  ( -0.1518986748799410500, 0.2634659119465302400, -0.4083876577056684300 ) ) ;
#2335 = EDGE_CURVE ( 'NONE', #2743, #7001, #6205, .T. ) ;
#2336 = MECHANICAL_DESIGN_GEOMETRIC_PRESENTATION_REPRESENTATION (  '', ( #1480 ), #2773 ) ;
#2337 = ORIENTED_EDGE ( 'NONE', *, *, #6304, .T. ) ;
#2338 = SPHERICAL_SURFACE ( 'NONE', #2223, 0.1000000000000000100 ) ;
#2339 = COLOUR_RGB ( '',0.1098039215686274500, 0.1098039215686274500, 0.1098039215686274500 ) ;
#2340 = CARTESIAN_POINT ( 'NONE',  ( -0.04829662313706697300, -1.163521602282940400, -0.1701217961384089200 ) ) ;
#2341 = CARTESIAN_POINT ( 'NONE',  ( 0.1056207736225116400, 0.3423861604384889100, -0.3953878559147192600 ) ) ;
#2342 = CARTESIAN_POINT ( 'NONE',  ( -0.1249379995298532400, 0.2656950373903186300, 0.4025597304062461000 ) ) ;
#2343 = DIRECTION ( 'NONE',  ( 0.0000000000000000000, 0.0000000000000000000, 1.000000000000000000 ) ) ;
#2344 = B_SPLINE_CURVE_WITH_KNOTS ( 'NONE', 3,
 ( #7428, #2405, #3037, #7460 ),
 .UNSPECIFIED., .F., .F.,
 ( 4, 4 ),
 ( 0.0000000000000000000, 3.797208018444515600E-006 ),
 .UNSPECIFIED. ) ;
#2345 = CARTESIAN_POINT ( 'NONE',  ( -0.08506499363068191500, 0.3906222836833432300, -0.3848548635256793200 ) ) ;
#2346 = ORIENTED_EDGE ( 'NONE', *, *, #3433, .F. ) ;
#2347 = SURFACE_SIDE_STYLE ('',( #6917 ) ) ;
#2348 = VERTEX_POINT ( 'NONE', #6295 ) ;
#2349 = EDGE_CURVE ( 'NONE', #5480, #3040, #4725, .T. ) ;
#2350 = SURFACE_STYLE_FILL_AREA ( #7454 ) ;
#2351 = LINE ( 'NONE', #7772, #643 ) ;
#2352 = SURFACE_STYLE_FILL_AREA ( #7083 ) ;
#2353 =( GEOMETRIC_REPRESENTATION_CONTEXT ( 3 ) GLOBAL_UNCERTAINTY_ASSIGNED_CONTEXT ( ( #952 ) ) GLOBAL_UNIT_ASSIGNED_CONTEXT ( ( #8108, #4313, #495 ) ) REPRESENTATION_CONTEXT ( 'NONE', 'WORKASPACE' ) );
#2354 = CARTESIAN_POINT ( 'NONE',  ( -0.04585327536996134500, -1.165537802254656500, 0.2437516708821135200 ) ) ;
#2355 = CARTESIAN_POINT ( 'NONE',  ( 4.639429981346379600E-016, -2.830121490636196700, 0.0000000000000000000 ) ) ;
#2356 = CARTESIAN_POINT ( 'NONE',  ( 0.1146542273757932400, 0.3356676672903475300, 0.4026721302484305200 ) ) ;
#2357 = EDGE_CURVE ( 'NONE', #3748, #2358, #7903, .T. ) ;
#2358 = VERTEX_POINT ( 'NONE', #598 ) ;
#2359 = CARTESIAN_POINT ( 'NONE',  ( -0.04146844141495212300, -0.9793534590814649800, -0.2961674417265896000 ) ) ;
#2360 = VECTOR ( 'NONE', #4589, 1000.000000000000000 ) ;
#2361 = PRESENTATION_STYLE_ASSIGNMENT (( #501 ) ) ;
#2362 = DIRECTION ( 'NONE',  ( 1.000000000000000000, 2.409338161078900700E-016, 0.0000000000000000000 ) ) ;
#2363 = STYLED_ITEM ( 'NONE', ( #3970 ), #1001 ) ;
#2364 = AXIS2_PLACEMENT_3D ( 'NONE', #7424, #8105, #4310 ) ;
#2365 = EDGE_LOOP ( 'NONE', ( #6149, #1182, #6328, #632 ) ) ;
#2366 = MECHANICAL_DESIGN_GEOMETRIC_PRESENTATION_REPRESENTATION (  '', ( #221 ), #2803 ) ;
#2367 = FILL_AREA_STYLE ('',( #4249 ) ) ;
#2368 = FILL_AREA_STYLE_COLOUR ( '', #6437 ) ;
#2369 = CARTESIAN_POINT ( 'NONE',  ( -1.370000000000000100, -1.294999999999999700, -0.6700000000000002600 ) ) ;
#2370 = CARTESIAN_POINT ( 'NONE',  ( -0.05800982339509618700, -0.7326189222147692100, -0.3163088542898299100 ) ) ;
#2371 = DIRECTION ( 'NONE',  ( -1.084202172485505800E-015, 0.0000000000000000000, -1.000000000000000000 ) ) ;
#2372 = FILL_AREA_STYLE ('',( #1665 ) ) ;
#2373 = CARTESIAN_POINT ( 'NONE',  ( -0.3293303437365921500, -2.845000000000000600, 0.0000000000000000000 ) ) ;
#2374 = DIRECTION ( 'NONE',  ( -1.000000000000000000, -1.355252715606880800E-016, 0.0000000000000000000 ) ) ;
#2375 =( NAMED_UNIT ( * ) PLANE_ANGLE_UNIT ( ) SI_UNIT ( $, .RADIAN. ) );
#2376 = EDGE_LOOP ( 'NONE', ( #4694, #2178, #7192 ) ) ;
#2377 = AXIS2_PLACEMENT_3D ( 'NONE', #308, #3533, #7984 ) ;
#2378 = AXIS2_PLACEMENT_3D ( 'NONE', #2355, #6789, #2995 ) ;
#2379 = CARTESIAN_POINT ( 'NONE',  ( 0.08564269023291486100, 0.3890525745322753200, -0.3845025747278962300 ) ) ;
#2380 = CARTESIAN_POINT ( 'NONE',  ( -0.05351810815568394700, 0.3891941652596164800, 0.4095540542806837500 ) ) ;
#2381 = CIRCLE ( 'NONE', #7233, 0.02999999999999997100 ) ;
#2382 = ORIENTED_EDGE ( 'NONE', *, *, #980, .F. ) ;
#2383 = CARTESIAN_POINT ( 'NONE',  ( -0.03003326316415975600, -1.149922847605602900, -0.2556207292921416900 ) ) ;
#2384 = CARTESIAN_POINT ( 'NONE',  ( -0.1391761131225884300, 0.3435766958594469500, 0.4216278753997461100 ) ) ;
#2385 = ORIENTED_EDGE ( 'NONE', *, *, #6996, .F. ) ;
#2386 = ORIENTED_EDGE ( 'NONE', *, *, #6637, .T. ) ;
#2387 = VECTOR ( 'NONE', #6338, 1000.000000000000000 ) ;
#2388 = DIRECTION ( 'NONE',  ( 1.000000000000000000, 1.329679649403977800E-016, 0.0000000000000000000 ) ) ;
#2389 = AXIS2_PLACEMENT_3D ( 'NONE', #5889, #5344, #1944 ) ;
#2390 = DIRECTION ( 'NONE',  ( 1.447553700753488400E-016, -1.000000000000000000, 0.0000000000000000000 ) ) ;
#2391 = FILL_AREA_STYLE ('',( #1099 ) ) ;
#2392 = EDGE_CURVE ( 'NONE', #6621, #6697, #4522, .T. ) ;
#2393 = VERTEX_POINT ( 'NONE', #2541 ) ;
#2394 =( GEOMETRIC_REPRESENTATION_CONTEXT ( 3 ) GLOBAL_UNCERTAINTY_ASSIGNED_CONTEXT ( ( #5846 ) ) GLOBAL_UNIT_ASSIGNED_CONTEXT ( ( #13, #4499, #676 ) ) REPRESENTATION_CONTEXT ( 'NONE', 'WORKASPACE' ) );
#2395 = CARTESIAN_POINT ( 'NONE',  ( 0.02910281676341102900, -1.163801570800779600, -0.2692655299612583500 ) ) ;
#2396 = VERTEX_POINT ( 'NONE', #4443 ) ;
#2397 = CARTESIAN_POINT ( 'NONE',  ( 1.370000000000000300, -1.395000000000000000, -0.6700000000000004800 ) ) ;
#2398 = B_SPLINE_CURVE_WITH_KNOTS ( 'NONE', 3,
 ( #2547, #6332, #7611, #3820, #8247, #4451, #630 ),
 .UNSPECIFIED., .F., .F.,
 ( 4, 3, 4 ),
 ( 0.0000000000000000000, 0.0007443508011428078700, 0.001425079423463896600 ),
 .UNSPECIFIED. ) ;
#2399 = SURFACE_STYLE_USAGE ( .BOTH. , #6191 ) ;
#2400 = VERTEX_POINT ( 'NONE', #1915 ) ;
#2401 = VECTOR ( 'NONE', #1926, 1000.000000000000000 ) ;
#2402 = EDGE_CURVE ( 'NONE', #379, #6452, #4326, .T. ) ;
#2403 = CARTESIAN_POINT ( 'NONE',  ( -0.1256853991848469200, 0.3534302911060219200, -0.4257461877196095400 ) ) ;
#2404 = DIRECTION ( 'NONE',  ( 1.447553700753488400E-016, -1.000000000000000000, 0.0000000000000000000 ) ) ;
#2405 = CARTESIAN_POINT ( 'NONE',  ( -0.1062900833488716500, 0.3413262108343320100, -0.3950903511691981100 ) ) ;
#2406 = FILL_AREA_STYLE_COLOUR ( '', #6158 ) ;
#2407 = AXIS2_PLACEMENT_3D ( 'NONE', #7085, #2702, #3967 ) ;
#2408 =( BOUNDED_SURFACE ( )  B_SPLINE_SURFACE ( 3, 2, ( 
 ( #4951, #504, #6867 ),
 ( #3071, #7501, #3715 ),
 ( #8143, #4349, #525 ),
 ( #4986, #1175, #5617 ) ),
 .UNSPECIFIED., .F., .F., .T. ) 
 B_SPLINE_SURFACE_WITH_KNOTS ( ( 4, 4 ),
 ( 3, 3 ),
 ( 0.0000000000000000000, 0.001425092352056775000 ),
 ( 0.0000000000000000000, 1.000000000000000000 ),
 .UNSPECIFIED. ) 
 GEOMETRIC_REPRESENTATION_ITEM ( )  RATIONAL_B_SPLINE_SURFACE ( (
 ( 1.000000000000000000, 0.8248820918441176500, 1.000000000000000000),
 ( 1.000000000000000000, 0.8125445255167127500, 1.000000000000000000),
 ( 1.000000000000000000, 0.7973642228864787900, 1.000000000000000000),
 ( 1.000000000000000000, 0.7698294312092933700, 1.000000000000000000) ) ) 
 REPRESENTATION_ITEM ( '' )  SURFACE ( )  );
#2409 = DIRECTION ( 'NONE',  ( 1.084202172485507800E-015, 0.0000000000000000000, -1.000000000000000000 ) ) ;
#2410 = COLOUR_RGB ( '',0.8941176470588234600, 0.9137254901960784000, 0.9294117647058823800 ) ;
#2411 = DIRECTION ( 'NONE',  ( 0.0000000000000000000, 0.0000000000000000000, -1.000000000000000000 ) ) ;
#2412 = ORIENTED_EDGE ( 'NONE', *, *, #4049, .T. ) ;
#2413 = FACE_OUTER_BOUND ( 'NONE', #2687, .T. ) ;
#2414 = CARTESIAN_POINT ( 'NONE',  ( 0.09616514730602567000, 0.3552835815680053200, 0.3986218390999728400 ) ) ;
#2415 = CARTESIAN_POINT ( 'NONE',  ( -0.02513773585898711500, -1.222945504588554400, 0.2763272670030122400 ) ) ;
#2416 = DIRECTION ( 'NONE',  ( -1.447553700753488400E-016, 1.000000000000000000, -0.0000000000000000000 ) ) ;
#2417 = SURFACE_STYLE_USAGE ( .BOTH. , #6203 ) ;
#2418 = DIRECTION ( 'NONE',  ( -1.000000000000000000, -2.409338161078879500E-016, 0.0000000000000000000 ) ) ;
#2419 = AXIS2_PLACEMENT_3D ( 'NONE', #5684, #1875, #6317 ) ;
#2420 = ORIENTED_EDGE ( 'NONE', *, *, #4512, .F. ) ;
#2421 = AXIS2_PLACEMENT_3D ( 'NONE', #6268, #2484, #6906 ) ;
#2422 = ORIENTED_EDGE ( 'NONE', *, *, #3610, .T. ) ;
#2423 = SURFACE_SIDE_STYLE ('',( #603 ) ) ;
#2424 = CARTESIAN_POINT ( 'NONE',  ( 0.1242571756174138000, 0.3417600358470010400, -0.3727556488344149200 ) ) ;
#2425 = DIRECTION ( 'NONE',  ( 1.000000000000000000, 1.232047923278983400E-016, 0.0000000000000000000 ) ) ;
#2426 = CARTESIAN_POINT ( 'NONE',  ( 0.05984158151271983000, -0.7052960545516587800, 0.3446300717283436500 ) ) ;
#2427 = DIRECTION ( 'NONE',  ( -1.447553700753488400E-016, 1.000000000000000000, -0.0000000000000000000 ) ) ;
#2428 = CIRCLE ( 'NONE', #7782, 0.2800826275816102900 ) ;
#2429 = PRESENTATION_LAYER_ASSIGNMENT (  '', '', ( #1987 ) ) ;
#2430 = FILL_AREA_STYLE ('',( #5547 ) ) ;
#2431 = CARTESIAN_POINT ( 'NONE',  ( -0.02901847921984810100, -1.165059566340481700, 0.1920073184942433800 ) ) ;
#2432 = CARTESIAN_POINT ( 'NONE',  ( 1.047639320225002100, -1.294999999999999900, 1.214721359549995900 ) ) ;
#2433 = FILL_AREA_STYLE ('',( #2406 ) ) ;
#2434 = COLOUR_RGB ( '',0.1098039215686274500, 0.1098039215686274500, 0.1098039215686274500 ) ;
#2435 = SURFACE_SIDE_STYLE ('',( #5461 ) ) ;
#2436 = DIRECTION ( 'NONE',  ( 1.000000000000000000, -0.0000000000000000000, 0.0000000000000000000 ) ) ;
#2437 = CIRCLE ( 'NONE', #2663, 0.02000000000000000000 ) ;
#2438 =( GEOMETRIC_REPRESENTATION_CONTEXT ( 3 ) GLOBAL_UNCERTAINTY_ASSIGNED_CONTEXT ( ( #3238 ) ) GLOBAL_UNIT_ASSIGNED_CONTEXT ( ( #6642, #2862, #7271 ) ) REPRESENTATION_CONTEXT ( 'NONE', 'WORKASPACE' ) );
#2439 = CARTESIAN_POINT ( 'NONE',  ( 2.208475136374087000E-016, -1.150767665139485100, 0.0000000000000000000 ) ) ;
#2440 = DIRECTION ( 'NONE',  ( 0.3162277660168375000, 0.9486832980505139900, 3.872673214540382400E-017 ) ) ;
#2441 = EDGE_CURVE ( 'NONE', #4164, #659, #3780, .T. ) ;
#2442 = CARTESIAN_POINT ( 'NONE',  ( 0.9581966011250104800, -1.294999999999999900, 1.169999999999999900 ) ) ;
#2443 = ORIENTED_EDGE ( 'NONE', *, *, #6179, .F. ) ;
#2444 = STYLED_ITEM ( 'NONE', ( #359 ), #1621 ) ;
#2445 = VECTOR ( 'NONE', #2650, 1000.000000000000000 ) ;
#2446 = COLOUR_RGB ( '',0.8941176470588234600, 0.9137254901960784000, 0.9294117647058823800 ) ;
#2447 = FILL_AREA_STYLE_COLOUR ( '', #7187 ) ;
#2448 = CARTESIAN_POINT ( 'NONE',  ( 2.518587945522486000E-016, -1.365000000000000000, 0.6099999999999994300 ) ) ;
#2449 = EDGE_LOOP ( 'NONE', ( #8034, #4739, #7843 ) ) ;
#2450 = EDGE_LOOP ( 'NONE', ( #236, #7750, #4706, #3840 ) ) ;
#2451 = CARTESIAN_POINT ( 'NONE',  ( -0.04588176495623846200, -1.155142525717586700, -0.2518506063042313900 ) ) ;
#2452 = SURFACE_STYLE_USAGE ( .BOTH. , #6234 ) ;
#2453 = CARTESIAN_POINT ( 'NONE',  ( -0.1158231730575406800, 0.3543379074932664400, 0.3765128058188663100 ) ) ;
#2454 = EDGE_CURVE ( 'NONE', #2280, #5417, #1335, .T. ) ;
#2455 = UNCERTAINTY_MEASURE_WITH_UNIT (LENGTH_MEASURE( 1.000000000000000100E-005 ), #7427, 'distance_accuracy_value', 'NONE');
#2456 = AXIS2_PLACEMENT_3D ( 'NONE', #1221, #5669, #1861 ) ;
#2457 = CARTESIAN_POINT ( 'NONE',  ( 0.02599580452282080800, -1.223263009264965000, 0.2824260837758190700 ) ) ;
#2458 = CARTESIAN_POINT ( 'NONE',  ( -0.05042888396619835800, -1.152011008005626500, -0.03931961992980614900 ) ) ;
#2459 = ORIENTED_EDGE ( 'NONE', *, *, #6752, .T. ) ;
#2460 = ORIENTED_EDGE ( 'NONE', *, *, #3767, .T. ) ;
#2461 = SURFACE_STYLE_FILL_AREA ( #5989 ) ;
#2462 = CARTESIAN_POINT ( 'NONE',  ( 1.270000000000000000, 1.294999999999999900, 0.6700000000000002600 ) ) ;
#2463 = VECTOR ( 'NONE', #3124, 1000.000000000000000 ) ;
#2464 = FILL_AREA_STYLE_COLOUR ( '', #4919 ) ;
#2465 = CARTESIAN_POINT ( 'NONE',  ( -0.1250000000000000600, 0.2666198487095667900, -0.3897197719169305200 ) ) ;
#2466 = CARTESIAN_POINT ( 'NONE',  ( 0.09330660253071859600, -0.2061251586726500200, -0.3451767922991252300 ) ) ;
#2467 = ORIENTED_EDGE ( 'NONE', *, *, #2834, .T. ) ;
#2468 = PRESENTATION_LAYER_ASSIGNMENT (  '', '', ( #2022 ) ) ;
#2469 =( GEOMETRIC_REPRESENTATION_CONTEXT ( 3 ) GLOBAL_UNCERTAINTY_ASSIGNED_CONTEXT ( ( #5038 ) ) GLOBAL_UNIT_ASSIGNED_CONTEXT ( ( #2189, #6618, #2839 ) ) REPRESENTATION_CONTEXT ( 'NONE', 'WORKASPACE' ) );
#2470 = FILL_AREA_STYLE ('',( #4348 ) ) ;
#2471 = CARTESIAN_POINT ( 'NONE',  ( 0.1173041908704838300, 0.3531300969980246700, -0.3760263650921234500 ) ) ;
#2472 = EDGE_CURVE ( 'NONE', #970, #7951, #1136, .T. ) ;
#2473 = FILL_AREA_STYLE_COLOUR ( '', #12 ) ;
#2474 = SURFACE_STYLE_FILL_AREA ( #2021 ) ;
#2475 =( NAMED_UNIT ( * ) PLANE_ANGLE_UNIT ( ) SI_UNIT ( $, .RADIAN. ) );
#2476 = VECTOR ( 'NONE', #2440, 1000.000000000000100 ) ;
#2477 = SURFACE_STYLE_FILL_AREA ( #4973 ) ;
#2478 = STYLED_ITEM ( 'NONE', ( #3483 ), #6033 ) ;
#2479 = CARTESIAN_POINT ( 'NONE',  ( -0.04784238332212900600, -1.168868921937331400, -0.2301144326776780600 ) ) ;
#2480 = CARTESIAN_POINT ( 'NONE',  ( 0.6638742588672274000, 0.005000000000000108500, 8.130114861580714300E-017 ) ) ;
#2481 = CARTESIAN_POINT ( 'NONE',  ( -0.1201444030969727500, 0.3104830563081733000, -0.3862523219097586100 ) ) ;
#2482 = CARTESIAN_POINT ( 'NONE',  ( 0.07832353702448988100, 0.3825931169980899000, 0.3871052143678586100 ) ) ;
#2483 = ORIENTED_EDGE ( 'NONE', *, *, #186, .F. ) ;
#2484 = DIRECTION ( 'NONE',  ( -1.224646799147353200E-016, -1.772742006221665100E-032, 1.000000000000000000 ) ) ;
#2485 = ORIENTED_EDGE ( 'NONE', *, *, #8236, .T. ) ;
#2486 = CARTESIAN_POINT ( 'NONE',  ( 0.04910263791519668700, -1.205704460288450100, 0.2977276446913761900 ) ) ;
#2487 = ORIENTED_EDGE ( 'NONE', *, *, #4298, .T. ) ;
#2488 = CARTESIAN_POINT ( 'NONE',  ( -0.04630770841790525500, -1.150767665139403200, 0.2525584207203402400 ) ) ;
#2489 = CARTESIAN_POINT ( 'NONE',  ( 0.02453759532067832000, -1.231897319978126200, -0.2755977471162223100 ) ) ;
#2490 = AXIS2_PLACEMENT_3D ( 'NONE', #1612, #4812, #1004 ) ;
#2491 = AXIS2_PLACEMENT_3D ( 'NONE', #3824, #2581, #6999 ) ;
#2492 =( LENGTH_UNIT ( ) NAMED_UNIT ( * ) SI_UNIT ( .MILLI., .METRE. ) );
#2493 = ORIENTED_EDGE ( 'NONE', *, *, #6464, .F. ) ;
#2494 = EDGE_CURVE ( 'NONE', #4166, #1178, #2295, .T. ) ;
#2495 = CIRCLE ( 'NONE', #5812, 0.3938423657390879900 ) ;
#2496 = FACE_OUTER_BOUND ( 'NONE', #2897, .T. ) ;
#2497 = DIRECTION ( 'NONE',  ( 1.000000000000000000, 0.0000000000000000000, 0.0000000000000000000 ) ) ;
#2498 = SURFACE_STYLE_FILL_AREA ( #3036 ) ;
#2499 =( NAMED_UNIT ( * ) PLANE_ANGLE_UNIT ( ) SI_UNIT ( $, .RADIAN. ) );
#2500 = DIRECTION ( 'NONE',  ( 1.000000000000000000, -0.0000000000000000000, 0.0000000000000000000 ) ) ;
#2501 = CONICAL_SURFACE ( 'NONE', #2892, 0.4439249933206986800, 0.09093103908173233400 ) ;
#2502 = CARTESIAN_POINT ( 'NONE',  ( -1.370000000000000300, 1.395000000000000000, -0.6700000000000004800 ) ) ;
#2503 = EDGE_LOOP ( 'NONE', ( #3695, #6237, #4528, #4300 ) ) ;
#2504 = SURFACE_STYLE_FILL_AREA ( #1396 ) ;
#2505 = PRESENTATION_STYLE_ASSIGNMENT (( #1724 ) ) ;
#2506 = PRODUCT_DEFINITION ( 'UNKNOWN', '', #2923, #936 ) ;
#2507 = UNCERTAINTY_MEASURE_WITH_UNIT (LENGTH_MEASURE( 1.000000000000000100E-005 ), #4620, 'distance_accuracy_value', 'NONE');
#2508 =( NAMED_UNIT ( * ) PLANE_ANGLE_UNIT ( ) SI_UNIT ( $, .RADIAN. ) );
#2509 = EDGE_CURVE ( 'NONE', #3354, #3929, #927, .T. ) ;
#2510 = PRESENTATION_LAYER_ASSIGNMENT (  '', '', ( #2059 ) ) ;
#2511 = CARTESIAN_POINT ( 'NONE',  ( -0.1304493838860078200, 0.3479039403856392100, 0.4237987803694093200 ) ) ;
#2512 = ORIENTED_EDGE ( 'NONE', *, *, #3717, .T. ) ;
#2513 = CARTESIAN_POINT ( 'NONE',  ( 0.1541048631466486500, 0.2955653112648418100, -0.4106898798623053700 ) ) ;
#2514 = DIRECTION ( 'NONE',  ( 1.000000000000000000, 0.0000000000000000000, 0.0000000000000000000 ) ) ;
#2515 = PLANE ( 'NONE',  #5750 ) ;
#2516 = TOROIDAL_SURFACE ( 'NONE', #8092, 0.4000000000000050200, 0.05000000000000000300 ) ;
#2517 = DIRECTION ( 'NONE',  ( 0.06671916257986169900, 0.9951962719317720700, 0.07164449509728068600 ) ) ;
#2518 = CARTESIAN_POINT ( 'NONE',  ( -0.1069241233671461400, 0.3402872455622190100, -0.3947430299118230300 ) ) ;
#2519 = B_SPLINE_CURVE_WITH_KNOTS ( 'NONE', 3,
 ( #923, #3452, #7910, #5378, #1559, #6012, #2212 ),
 .UNSPECIFIED., .F., .F.,
 ( 4, 3, 4 ),
 ( 0.0000000000000000000, 0.0007138056674576370900, 0.001476253621437527600 ),
 .UNSPECIFIED. ) ;
#2520 =( NAMED_UNIT ( * ) SI_UNIT ( $, .STERADIAN. ) SOLID_ANGLE_UNIT ( ) );
#2521 = ORIENTED_EDGE ( 'NONE', *, *, #7723, .T. ) ;
#2522 = EDGE_CURVE ( 'NONE', #5892, #2580, #7695, .T. ) ;
#2523 = ORIENTED_EDGE ( 'NONE', *, *, #666, .T. ) ;
#2524 = FILL_AREA_STYLE ('',( #577 ) ) ;
#2525 = CARTESIAN_POINT ( 'NONE',  ( 0.05041738640004460300, -1.152035011042852300, 4.268483521192151500E-005 ) ) ;
#2526 = MECHANICAL_DESIGN_GEOMETRIC_PRESENTATION_REPRESENTATION (  '', ( #1222 ), #2938 ) ;
#2527 = VERTEX_POINT ( 'NONE', #679 ) ;
#2528 = ORIENTED_EDGE ( 'NONE', *, *, #1177, .T. ) ;
#2529 = PRESENTATION_STYLE_ASSIGNMENT (( #434 ) ) ;
#2530 = CARTESIAN_POINT ( 'NONE',  ( 1.370000000000000300, 1.395000000000000000, 0.6700000000000003700 ) ) ;
#2531 = CARTESIAN_POINT ( 'NONE',  ( 1.270000000000000000, 1.353578643762690000, -0.7700000000000002400 ) ) ;
#2532 = PRESENTATION_LAYER_ASSIGNMENT (  '', '', ( #1230 ) ) ;
#2533 = AXIS2_PLACEMENT_3D ( 'NONE', #3553, #8000, #4201 ) ;
#2534 = STYLED_ITEM ( 'NONE', ( #6417 ), #5301 ) ;
#2535 = FILL_AREA_STYLE_COLOUR ( '', #7964 ) ;
#2536 = CARTESIAN_POINT ( 'NONE',  ( 0.02797061480916895200, -1.180689719877732000, -0.1524370919122583800 ) ) ;
#2537 = CARTESIAN_POINT ( 'NONE',  ( -0.02882983084228335500, -1.167873482984497900, 0.2672082489764450200 ) ) ;
#2538 = CARTESIAN_POINT ( 'NONE',  ( 0.1049099008977495300, 0.3435871649238033700, -0.3790075054516300300 ) ) ;
#2539 = STYLED_ITEM ( 'NONE', ( #5648 ), #6673 ) ;
#2540 = CARTESIAN_POINT ( 'NONE',  ( 0.04509370141856863800, -1.161769410839485200, -0.2517611244628112400 ) ) ;
#2541 = CARTESIAN_POINT ( 'NONE',  ( -0.4500000000000047300, -2.382506345545577700, 0.0000000000000000000 ) ) ;
#2542 = ORIENTED_EDGE ( 'NONE', *, *, #4477, .T. ) ;
#2543 = CARTESIAN_POINT ( 'NONE',  ( -5.357503630673745900E-017, 0.7450000000000000000, 0.0000000000000000000 ) ) ;
#2544 = LINE ( 'NONE', #3818, #826 ) ;
#2545 = CARTESIAN_POINT ( 'NONE',  ( 0.1069180516808264200, 0.3402937159746543500, -0.3947436973228082300 ) ) ;
#2546 = CARTESIAN_POINT ( 'NONE',  ( -5.502841946645296800E-019, 0.005000000000000076400, 0.0000000000000000000 ) ) ;
#2547 = CARTESIAN_POINT ( 'NONE',  ( -0.1250000000000000600, 0.2666198487095667900, -0.3792098549233096100 ) ) ;
#2548 = VERTEX_POINT ( 'NONE', #5151 ) ;
#2549 = SURFACE_STYLE_USAGE ( .BOTH. , #6334 ) ;
#2550 = STYLED_ITEM ( 'NONE', ( #7488 ), #7839 ) ;
#2551 = APPLICATION_CONTEXT ( 'automotive_design' ) ;
#2552 = CARTESIAN_POINT ( 'NONE',  ( -0.4792893218813443200, -2.745000000000000600, 0.0000000000000000000 ) ) ;
#2553 = EDGE_CURVE ( 'NONE', #701, #2548, #7487, .T. ) ;
#2554 = CARTESIAN_POINT ( 'NONE',  ( 1.047639320225002300, -1.294999999999999900, -1.214721359549995700 ) ) ;
#2555 = EDGE_LOOP ( 'NONE', ( #1608, #4142, #7151, #6348 ) ) ;
#2556 = EDGE_LOOP ( 'NONE', ( #3092, #8266 ) ) ;
#2557 = LINE ( 'NONE', #2957, #5912 ) ;
#2558 = CIRCLE ( 'NONE', #7690, 0.05000000000000002400 ) ;
#2559 = DIRECTION ( 'NONE',  ( 0.8944271909999156300, 0.0000000000000000000, -0.4472135954999583700 ) ) ;
#2560 = UNCERTAINTY_MEASURE_WITH_UNIT (LENGTH_MEASURE( 1.000000000000000100E-005 ), #5882, 'distance_accuracy_value', 'NONE');
#2561 = DIRECTION ( 'NONE',  ( -0.06689105712424776900, 0.9977602850769319300, 0.0000000000000000000 ) ) ;
#2562 = CARTESIAN_POINT ( 'NONE',  ( 0.02970673360607666400, -1.154793427305883100, 0.07737702457405759600 ) ) ;
#2563 = ORIENTED_EDGE ( 'NONE', *, *, #6690, .F. ) ;
#2564 = CARTESIAN_POINT ( 'NONE',  ( -0.02337584256668447400, 0.4059504795197141900, 0.4439089744649611400 ) ) ;
#2565 = EDGE_CURVE ( 'NONE', #5918, #6608, #5799, .T. ) ;
#2566 = LINE ( 'NONE', #2002, #850 ) ;
#2567 = AXIS2_PLACEMENT_3D ( 'NONE', #6327, #6355, #2570 ) ;
#2568 = FILL_AREA_STYLE_COLOUR ( '', #2879 ) ;
#2569 = DIRECTION ( 'NONE',  ( 0.0000000000000000000, 0.0000000000000000000, -1.000000000000000000 ) ) ;
#2570 = DIRECTION ( 'NONE',  ( 1.000000000000000000, 0.0000000000000000000, 0.0000000000000000000 ) ) ;
#2571 = ORIENTED_EDGE ( 'NONE', *, *, #5896, .T. ) ;
#2572 =( NAMED_UNIT ( * ) PLANE_ANGLE_UNIT ( ) SI_UNIT ( $, .RADIAN. ) );
#2573 = SHAPE_REPRESENTATION ( '311-99-104-41-001000', ( #1206, #6462, #7310, #7754, #8181 ), #352 ) ;
#2574 = CARTESIAN_POINT ( 'NONE',  ( 0.6025658350974743000, -0.1473024947075761400, 7.669753703367264700E-017 ) ) ;
#2575 = VECTOR ( 'NONE', #8254, 1000.000000000000000 ) ;
#2576 = DIRECTION ( 'NONE',  ( 0.0000000000000000000, 1.000000000000000000, 0.0000000000000000000 ) ) ;
#2577 = AXIS2_PLACEMENT_3D ( 'NONE', #7826, #4028, #211 ) ;
#2578 = CARTESIAN_POINT ( 'NONE',  ( 0.1245474411000188400, 0.2941907802027475800, 0.3791569658688749800 ) ) ;
#2579 = AXIS2_PLACEMENT_3D ( 'NONE', #1578, #3473, #6024 ) ;
#2580 = VERTEX_POINT ( 'NONE', #4555 ) ;
#2581 = DIRECTION ( 'NONE',  ( 1.447553700753488400E-016, -1.000000000000000000, 0.0000000000000000000 ) ) ;
#2582 = CARTESIAN_POINT ( 'NONE',  ( -1.270000000000001100, 1.353578643762690000, 0.7699999999999999100 ) ) ;
#2583 = CYLINDRICAL_SURFACE ( 'NONE', #8062, 0.1000000000000000500 ) ;
#2584 = CARTESIAN_POINT ( 'NONE',  ( 4.588589737599974400E-016, -2.795000000000000400, 0.0000000000000000000 ) ) ;
#2585 = DIRECTION ( 'NONE',  ( 0.9958686209194701500, -0.09080578102716073400, 0.0000000000000000000 ) ) ;
#2586 = ORIENTED_EDGE ( 'NONE', *, *, #3601, .F. ) ;
#2587 = CARTESIAN_POINT ( 'NONE',  ( 4.516212052562301200E-016, -2.745000000000000600, 0.0000000000000000000 ) ) ;
#2588 = STYLED_ITEM ( 'NONE', ( #5859 ), #6456 ) ;
#2589 = ORIENTED_EDGE ( 'NONE', *, *, #7536, .T. ) ;
#2590 = COLOUR_RGB ( '',0.8941176470588234600, 0.9137254901960784000, 0.9294117647058823800 ) ;
#2591 = ORIENTED_EDGE ( 'NONE', *, *, #1265, .F. ) ;
#2592 = VECTOR ( 'NONE', #2500, 1000.000000000000000 ) ;
#2593 = DIRECTION ( 'NONE',  ( -1.447553700753488400E-016, 1.000000000000000000, -0.0000000000000000000 ) ) ;
#2594 = SURFACE_STYLE_FILL_AREA ( #7156 ) ;
#2595 = EDGE_LOOP ( 'NONE', ( #3684, #6966, #3134, #4083, #4204 ) ) ;
#2596 = DIRECTION ( 'NONE',  ( -1.000000000000000000, 0.0000000000000000000, 0.0000000000000000000 ) ) ;
#2597 = CARTESIAN_POINT ( 'NONE',  ( 0.02513773585898746900, -1.222945504588554400, -0.2763272670030122400 ) ) ;
#2598 = MECHANICAL_DESIGN_GEOMETRIC_PRESENTATION_REPRESENTATION (  '', ( #1727 ), #3019 ) ;
#2599 = FILL_AREA_STYLE ('',( #3195 ) ) ;
#2600 = SURFACE_STYLE_FILL_AREA ( #7288 ) ;
#2601 = SURFACE_STYLE_USAGE ( .BOTH. , #6378 ) ;
#2602 = EDGE_CURVE ( 'NONE', #2400, #787, #4126, .T. ) ;
#2603 = DIRECTION ( 'NONE',  ( -0.4472135954999580400, -0.0000000000000000000, 0.8944271909999157400 ) ) ;
#2604 = SURFACE_STYLE_FILL_AREA ( #6532 ) ;
#2605 = VERTEX_POINT ( 'NONE', #5820 ) ;
#2606 = CARTESIAN_POINT ( 'NONE',  ( 0.07599501632822158700, 0.3745991186151964600, 0.4237991634308502800 ) ) ;
#2607 = PRESENTATION_STYLE_ASSIGNMENT (( #7347 ) ) ;
#2608 = CIRCLE ( 'NONE', #4439, 0.05000000000000002400 ) ;
#2609 = CARTESIAN_POINT ( 'NONE',  ( -0.01441295789296660900, 0.4003064391687142200, -0.4139250568611959100 ) ) ;
#2610 = CIRCLE ( 'NONE', #7070, 0.1000000000000000500 ) ;
#2611 =( BOUNDED_SURFACE ( )  B_SPLINE_SURFACE ( 3, 2, ( 
 ( #3463, #7891, #4112 ),
 ( #296, #4753, #930 ),
 ( #5387, #1569, #6019 ),
 ( #2220, #6655, #2870 ) ),
 .UNSPECIFIED., .F., .F., .F. ) 
 B_SPLINE_SURFACE_WITH_KNOTS ( ( 4, 4 ),
 ( 3, 3 ),
 ( -2.940898392866930800E-018, 9.021693963422296000E-005 ),
 ( 0.0000000000000000000, 1.000000000000000000 ),
 .UNSPECIFIED. ) 
 GEOMETRIC_REPRESENTATION_ITEM ( )  RATIONAL_B_SPLINE_SURFACE ( (
 ( 1.000000000000000000, 0.8248820918441172000, 1.000000000000000000),
 ( 1.000000000000000000, 0.8217586088670806300, 1.000000000000000000),
 ( 1.000000000000000000, 0.8028896973709386300, 1.000000000000000000),
 ( 1.000000000000000000, 0.7770244616205874700, 1.000000000000000000) ) ) 
 REPRESENTATION_ITEM ( '' )  SURFACE ( )  );
#2612 = DIRECTION ( 'NONE',  ( 1.447553700753488400E-016, -1.000000000000000000, 0.0000000000000000000 ) ) ;
#2613 = CARTESIAN_POINT ( 'NONE',  ( 0.5316896815425913300, 1.015000000000000300, 6.511320666408102900E-017 ) ) ;
#2614 = VERTEX_POINT ( 'NONE', #6448 ) ;
#2615 = SURFACE_STYLE_FILL_AREA ( #1208 ) ;
#2616 = ADVANCED_FACE ( 'NONE', ( #2843 ), #5122, .T. ) ;
#2617 = CARTESIAN_POINT ( 'NONE',  ( -1.208196601125011100, -1.395000000000000000, 0.6700000000000001500 ) ) ;
#2618 = EDGE_CURVE ( 'NONE', #7619, #379, #7587, .T. ) ;
#2619 = DIRECTION ( 'NONE',  ( -1.000000000000000000, 0.0000000000000000000, 0.0000000000000000000 ) ) ;
#2620 = AXIS2_PLACEMENT_3D ( 'NONE', #1358, #5767, #89 ) ;
#2621 = CARTESIAN_POINT ( 'NONE',  ( -0.04159065251185041500, 0.4002652675654535000, -0.4139097440247013200 ) ) ;
#2622 = ORIENTED_EDGE ( 'NONE', *, *, #1628, .F. ) ;
#2623 = EDGE_LOOP ( 'NONE', ( #165, #130, #8164 ) ) ;
#2624 = CARTESIAN_POINT ( 'NONE',  ( 0.6399999999999994600, -0.1614911064067355000, 0.0000000000000000000 ) ) ;
#2625 = DIRECTION ( 'NONE',  ( 1.000000000000000000, 1.329679649403977800E-016, 0.0000000000000000000 ) ) ;
#2626 = STYLED_ITEM ( 'NONE', ( #6759 ), #4213 ) ;
#2627 = SURFACE_STYLE_FILL_AREA ( #2902 ) ;
#2628 = CARTESIAN_POINT ( 'NONE',  ( -0.1250000000000000600, 0.2666198487095667900, -0.3897197719169305200 ) ) ;
#2629 = EDGE_CURVE ( 'NONE', #5417, #7736, #4037, .T. ) ;
#2630 = CARTESIAN_POINT ( 'NONE',  ( -1.047639320225002900, -1.395000000000000000, -1.214721359549995900 ) ) ;
#2631 = CARTESIAN_POINT ( 'NONE',  ( -0.003401734235262663500, 0.4002344007844622600, 0.3967077202982847700 ) ) ;
#2632 = CARTESIAN_POINT ( 'NONE',  ( -0.02599580452282047200, -1.223263009264965000, 0.2824260837758190700 ) ) ;
#2633 = DIRECTION ( 'NONE',  ( -1.447553700753488400E-016, 1.000000000000000000, -0.0000000000000000000 ) ) ;
#2634 = VECTOR ( 'NONE', #7915, 1000.000000000000000 ) ;
#2635 =( NAMED_UNIT ( * ) PLANE_ANGLE_UNIT ( ) SI_UNIT ( $, .RADIAN. ) );
#2636 =( GEOMETRIC_REPRESENTATION_CONTEXT ( 3 ) GLOBAL_UNCERTAINTY_ASSIGNED_CONTEXT ( ( #6656 ) ) GLOBAL_UNIT_ASSIGNED_CONTEXT ( ( #7448, #3661, #8097 ) ) REPRESENTATION_CONTEXT ( 'NONE', 'WORKASPACE' ) );
#2637 = LINE ( 'NONE', #6089, #4116 ) ;
#2638 = FACE_OUTER_BOUND ( 'NONE', #7860, .T. ) ;
#2639 = CARTESIAN_POINT ( 'NONE',  ( -0.8499999999999993100, 0.7449999999999998800, 0.0000000000000000000 ) ) ;
#2640 = SURFACE_STYLE_USAGE ( .BOTH. , #6413 ) ;
#2641 = CARTESIAN_POINT ( 'NONE',  ( 0.02667085682135335300, -1.200077168009177500, -0.04637234980941096200 ) ) ;
#2642 = FILL_AREA_STYLE_COLOUR ( '', #1930 ) ;
#2643 = ORIENTED_EDGE ( 'NONE', *, *, #7756, .F. ) ;
#2644 = VECTOR ( 'NONE', #2569, 1000.000000000000000 ) ;
#2645 = CIRCLE ( 'NONE', #1684, 0.8499999999999993100 ) ;
#2646 = CARTESIAN_POINT ( 'NONE',  ( -1.433233657534537400E-016, 1.365000000000000000, 0.0000000000000000000 ) ) ;
#2647 = COLOUR_RGB ( '',0.1098039215686274500, 0.1098039215686274500, 0.1098039215686274500 ) ;
#2648 = DIRECTION ( 'NONE',  ( -1.000000000000000000, 0.0000000000000000000, 0.0000000000000000000 ) ) ;
#2649 = AXIS2_PLACEMENT_3D ( 'NONE', #5007, #1191, #5637 ) ;
#2650 = DIRECTION ( 'NONE',  ( -0.4472135954999579300, -0.0000000000000000000, 0.8944271909999158600 ) ) ;
#2651 = ORIENTED_EDGE ( 'NONE', *, *, #3492, .F. ) ;
#2652 =( NAMED_UNIT ( * ) PLANE_ANGLE_UNIT ( ) SI_UNIT ( $, .RADIAN. ) );
#2653 = ORIENTED_EDGE ( 'NONE', *, *, #6043, .T. ) ;
#2654 = UNCERTAINTY_MEASURE_WITH_UNIT (LENGTH_MEASURE( 1.000000000000000100E-005 ), #531, 'distance_accuracy_value', 'NONE');
#2655 = ADVANCED_FACE ( 'NONE', ( #1741 ), #1535, .F. ) ;
#2656 = SURFACE_STYLE_USAGE ( .BOTH. , #6425 ) ;
#2657 = CARTESIAN_POINT ( 'NONE',  ( 0.9581966011250104800, 1.294999999999999900, 1.169999999999999900 ) ) ;
#2658 = EDGE_LOOP ( 'NONE', ( #3186, #3296, #5814, #600, #8046, #3140, #1012, #3455 ) ) ;
#2659 = CARTESIAN_POINT ( 'NONE',  ( -0.08950239281696720200, 0.3637608757300500000, 0.4214093230579368200 ) ) ;
#2660 = CARTESIAN_POINT ( 'NONE',  ( 0.06880018261003960400, 0.3849631580915733900, -0.4217451063897865200 ) ) ;
#2661 = EDGE_LOOP ( 'NONE', ( #4423, #5361, #407, #4817 ) ) ;
#2662 = CARTESIAN_POINT ( 'NONE',  ( -0.02569777077731669900, -1.214591912587045900, 0.1842779917399871600 ) ) ;
#2663 = AXIS2_PLACEMENT_3D ( 'NONE', #2971, #7382, #3598 ) ;
#2664 = CARTESIAN_POINT ( 'NONE',  ( 0.1173041908704537700, 0.3531300969979753700, 0.3760263650921537600 ) ) ;
#2665 = EDGE_CURVE ( 'NONE', #1940, #2110, #3228, .T. ) ;
#2666 = UNCERTAINTY_MEASURE_WITH_UNIT (LENGTH_MEASURE( 1.000000000000000100E-005 ), #5970, 'distance_accuracy_value', 'NONE');
#2667 = CARTESIAN_POINT ( 'NONE',  ( 7.764441927118195700E-017, -0.1614911064067355900, 0.0000000000000000000 ) ) ;
#2668 = AXIS2_PLACEMENT_3D ( 'NONE', #2067, #6499, #2722 ) ;
#2669 = EDGE_LOOP ( 'NONE', ( #2746, #2314, #8126, #1651 ) ) ;
#2670 = CARTESIAN_POINT ( 'NONE',  ( -0.02857804579769943100, -1.171629158685595800, 0.2413905684920433200 ) ) ;
#2671 = SURFACE_STYLE_USAGE ( .BOTH. , #6441 ) ;
#2672 = DIRECTION ( 'NONE',  ( 0.0000000000000000000, 1.000000000000000000, 0.0000000000000000000 ) ) ;
#2673 = EDGE_CURVE ( 'NONE', #5370, #3164, #25, .T. ) ;
#2674 = AXIS2_PLACEMENT_3D ( 'NONE', #3593, #8036, #4233 ) ;
#2675 = CIRCLE ( 'NONE', #7463, 0.5146446609406722900 ) ;
#2676 = SURFACE_STYLE_USAGE ( .BOTH. , #6453 ) ;
#2677 =( LENGTH_UNIT ( ) NAMED_UNIT ( * ) SI_UNIT ( .MILLI., .METRE. ) );
#2678 = VERTEX_POINT ( 'NONE', #171 ) ;
#2679 = CARTESIAN_POINT ( 'NONE',  ( 5.354393754902066400E-017, 0.005000000000000013100, 0.0000000000000000000 ) ) ;
#2680 = ORIENTED_EDGE ( 'NONE', *, *, #4777, .T. ) ;
#2681 = AXIS2_PLACEMENT_3D ( 'NONE', #1000, #4206, #382 ) ;
#2682 = AXIS2_PLACEMENT_3D ( 'NONE', #7514, #3723, #8157 ) ;
#2683 = CARTESIAN_POINT ( 'NONE',  ( -0.1248962915426118800, 0.2902756521826465000, 0.3790487588157319100 ) ) ;
#2684 = CARTESIAN_POINT ( 'NONE',  ( -0.1193942137457974200, 0.3283423490763900900, -0.4264692654289523600 ) ) ;
#2685 = AXIS2_PLACEMENT_3D ( 'NONE', #6537, #5902, #4025 ) ;
#2686 =( NAMED_UNIT ( * ) PLANE_ANGLE_UNIT ( ) SI_UNIT ( $, .RADIAN. ) );
#2687 = EDGE_LOOP ( 'NONE', ( #7755, #5901, #1989, #5481, #6314, #4293, #6843, #244, #3199, #766, #7613, #5311 ) ) ;
#2688 = ADVANCED_FACE ( 'NONE', ( #726 ), #3429, .F. ) ;
#2689 = ORIENTED_EDGE ( 'NONE', *, *, #781, .F. ) ;
#2690 = ADVANCED_FACE ( 'NONE', ( #8102 ), #6215, .F. ) ;
#2691 = CARTESIAN_POINT ( 'NONE',  ( 0.1239136013937068300, 0.3543379074933978300, -0.4262802119315696700 ) ) ;
#2692 = DIRECTION ( 'NONE',  ( 1.447553700753488400E-016, -1.000000000000000000, 0.0000000000000000000 ) ) ;
#2693 = CYLINDRICAL_SURFACE ( 'NONE', #3741, 0.1000000000000000500 ) ;
#2694 = ORIENTED_EDGE ( 'NONE', *, *, #1916, .T. ) ;
#2695 = CYLINDRICAL_SURFACE ( 'NONE', #8249, 0.1000000000000000500 ) ;
#2696 = DIRECTION ( 'NONE',  ( 1.000000000000000000, 0.0000000000000000000, 0.0000000000000000000 ) ) ;
#2697 = COLOUR_RGB ( '',0.8941176470588234600, 0.9137254901960784000, 0.9294117647058823800 ) ;
#2698 = CARTESIAN_POINT ( 'NONE',  ( 0.1084458459607381400, 0.01969480127398114500, 0.3614336424822509600 ) ) ;
#2699 = CARTESIAN_POINT ( 'NONE',  ( 0.02751749980527879600, -1.187448473213238900, 0.2283363398061075700 ) ) ;
#2700 = SURFACE_STYLE_FILL_AREA ( #4291 ) ;
#2701 = CARTESIAN_POINT ( 'NONE',  ( -4.054705299995608100E-017, 0.6550000000000001400, 0.0000000000000000000 ) ) ;
#2702 = DIRECTION ( 'NONE',  ( 1.447553700753488400E-016, -1.000000000000000000, 0.0000000000000000000 ) ) ;
#2703 = COLOUR_RGB ( '',0.8941176470588234600, 0.9137254901960784000, 0.9294117647058823800 ) ;
#2704 = ORIENTED_EDGE ( 'NONE', *, *, #7660, .T. ) ;
#2705 = VECTOR ( 'NONE', #7770, 1000.000000000000000 ) ;
#2706 =( GEOMETRIC_REPRESENTATION_CONTEXT ( 3 ) GLOBAL_UNCERTAINTY_ASSIGNED_CONTEXT ( ( #5586 ) ) GLOBAL_UNIT_ASSIGNED_CONTEXT ( ( #3658, #8094, #4299 ) ) REPRESENTATION_CONTEXT ( 'NONE', 'WORKASPACE' ) );
#2707 = CARTESIAN_POINT ( 'NONE',  ( 0.1371261188293287100, 0.3017060979693276200, 0.3642923738145255100 ) ) ;
#2708 = B_SPLINE_CURVE_WITH_KNOTS ( 'NONE', 3,
 ( #1851, #5047, #5686, #1878, #6320, #2537, #6955, #3161, #5579, #3099, #4580, #761, #5211, #1410, #5849, #2049 ),
 .UNSPECIFIED., .F., .F.,
 ( 4, 3, 3, 3, 3, 4 ),
 ( 0.0000000000000000000, 8.485306052686245200E-006, 2.192734812241229400E-005, 3.563410791424248800E-005, 4.958064880819453100E-005, 6.351100452191090400E-005 ),
 .UNSPECIFIED. ) ;
#2709 = EDGE_CURVE ( 'NONE', #6776, #5127, #6104, .T. ) ;
#2710 = STYLED_ITEM ( 'NONE', ( #4926 ), #1967 ) ;
#2711 = CARTESIAN_POINT ( 'NONE',  ( 2.518587945522486000E-016, -1.365000000000000000, 0.0000000000000000000 ) ) ;
#2712 = DIRECTION ( 'NONE',  ( 1.000000000000000000, 0.0000000000000000000, 0.0000000000000000000 ) ) ;
#2713 = ORIENTED_EDGE ( 'NONE', *, *, #4452, .T. ) ;
#2714 = ORIENTED_EDGE ( 'NONE', *, *, #4462, .F. ) ;
#2715 = DIRECTION ( 'NONE',  ( -1.447553700753488400E-016, 1.000000000000000000, -0.0000000000000000000 ) ) ;
#2716 = CARTESIAN_POINT ( 'NONE',  ( 1.270000000000000000, -1.294999999999999900, -0.6700000000000002600 ) ) ;
#2717 = EDGE_CURVE ( 'NONE', #7948, #6139, #1346, .T. ) ;
#2718 = EDGE_LOOP ( 'NONE', ( #6753, #831, #5164, #415, #1247 ) ) ;
#2719 = CARTESIAN_POINT ( 'NONE',  ( -0.1239110127981695700, 0.3543379074933982700, -0.4262809643909921700 ) ) ;
#2720 = FACE_OUTER_BOUND ( 'NONE', #7331, .T. ) ;
#2721 = CARTESIAN_POINT ( 'NONE',  ( 0.03057919643951956600, -1.220719472394179900, -0.2903075681394132700 ) ) ;
#2722 = DIRECTION ( 'NONE',  ( -1.000000000000000000, 0.0000000000000000000, -1.224646799147353000E-016 ) ) ;
#2723 = SURFACE_STYLE_USAGE ( .BOTH. , #6500 ) ;
#2724 = CARTESIAN_POINT ( 'NONE',  ( 0.1249999999999997400, 0.2666198487095638400, 0.3897197719169301400 ) ) ;
#2725 = CIRCLE ( 'NONE', #7029, 0.2567686891652983200 ) ;
#2726 = DIRECTION ( 'NONE',  ( -1.084202172485503800E-015, -1.000000000000000000, 0.0000000000000000000 ) ) ;
#2727 = ADVANCED_FACE ( 'NONE', ( #3043 ), #7911, .T. ) ;
#2728 = CARTESIAN_POINT ( 'NONE',  ( 0.02908889619311709100, -1.164009212790337600, 0.2689008448169059000 ) ) ;
#2729 = DIRECTION ( 'NONE',  ( 0.0000000000000000000, 1.000000000000000000, 0.0000000000000000000 ) ) ;
#2730 = CARTESIAN_POINT ( 'NONE',  ( 0.5999999999999994200, 0.6450000000000000200, 7.347880794884112800E-017 ) ) ;
#2731 = AXIS2_PLACEMENT_3D ( 'NONE', #4832, #1023, #5467 ) ;
#2732 = CARTESIAN_POINT ( 'NONE',  ( 0.1180253205482380000, 0.3525217918727730500, 0.3757417101686229000 ) ) ;
#2733 = ADVANCED_FACE ( 'NONE', ( #4533 ), #737, .T. ) ;
#2734 = STYLED_ITEM ( 'NONE', ( #4275 ), #4688 ) ;
#2735 =( LENGTH_UNIT ( ) NAMED_UNIT ( * ) SI_UNIT ( .MILLI., .METRE. ) );
#2736 = ORIENTED_EDGE ( 'NONE', *, *, #254, .F. ) ;
#2737 = DIRECTION ( 'NONE',  ( 0.0000000000000000000, 1.000000000000000000, -0.0000000000000000000 ) ) ;
#2738 = FACE_OUTER_BOUND ( 'NONE', #302, .T. ) ;
#2739 = FACE_OUTER_BOUND ( 'NONE', #3392, .T. ) ;
#2740 =( NAMED_UNIT ( * ) SI_UNIT ( $, .STERADIAN. ) SOLID_ANGLE_UNIT ( ) );
#2741 = DIRECTION ( 'NONE',  ( 1.447553700753488400E-016, -1.000000000000000000, 0.0000000000000000000 ) ) ;
#2742 = AXIS2_PLACEMENT_3D ( 'NONE', #8147, #4351, #527 ) ;
#2743 = VERTEX_POINT ( 'NONE', #579 ) ;
#2744 = SURFACE_STYLE_USAGE ( .BOTH. , #6519 ) ;
#2745 = CARTESIAN_POINT ( 'NONE',  ( -0.1267463336077947800, 0.2926685074281180600, 0.3813914973680463900 ) ) ;
#2746 = ORIENTED_EDGE ( 'NONE', *, *, #3630, .F. ) ;
#2747 = VERTEX_POINT ( 'NONE', #1223 ) ;
#2748 = CARTESIAN_POINT ( 'NONE',  ( 0.9581966011250107100, -1.294999999999999900, -1.270000000000000000 ) ) ;
#2749 = UNCERTAINTY_MEASURE_WITH_UNIT (LENGTH_MEASURE( 1.000000000000000100E-005 ), #1079, 'distance_accuracy_value', 'NONE');
#2750 = DIRECTION ( 'NONE',  ( -0.0000000000000000000, -1.000000000000000000, -0.0000000000000000000 ) ) ;
#2751 = CARTESIAN_POINT ( 'NONE',  ( -0.1274216735989316100, 0.3525217918728549300, 0.4251585148178475000 ) ) ;
#2752 = MECHANICAL_DESIGN_GEOMETRIC_PRESENTATION_REPRESENTATION (  '', ( #1889 ), #3169 ) ;
#2753 = CARTESIAN_POINT ( 'NONE',  ( 2.975399468465875600E-018, 0.3543379074933980000, 0.0000000000000000000 ) ) ;
#2754 = SURFACE_SIDE_STYLE ('',( #2604 ) ) ;
#2755 = SURFACE_STYLE_USAGE ( .BOTH. , #6533 ) ;
#2756 = EDGE_CURVE ( 'NONE', #1972, #4981, #7286, .T. ) ;
#2757 = CARTESIAN_POINT ( 'NONE',  ( -0.1250000000000000600, 0.2666198487095667900, -0.3897197719169305200 ) ) ;
#2758 = ORIENTED_EDGE ( 'NONE', *, *, #8226, .F. ) ;
#2759 = CARTESIAN_POINT ( 'NONE',  ( 1.270000000000000000, 1.294999999999999900, -0.6700000000000002600 ) ) ;
#2760 = CARTESIAN_POINT ( 'NONE',  ( -0.4500000000000036700, 0.8878219273820057200, 0.0000000000000000000 ) ) ;
#2761 =( NAMED_UNIT ( * ) PLANE_ANGLE_UNIT ( ) SI_UNIT ( $, .RADIAN. ) );
#2762 = LINE ( 'NONE', #29, #7615 ) ;
#2763 = CARTESIAN_POINT ( 'NONE',  ( -0.6399999999999993500, -0.1614911064067356400, 7.837739514543053000E-017 ) ) ;
#2764 = CARTESIAN_POINT ( 'NONE',  ( -0.02820282449103557100, -1.222213169675451700, -0.2871043138259515300 ) ) ;
#2765 = UNCERTAINTY_MEASURE_WITH_UNIT (LENGTH_MEASURE( 1.000000000000000100E-005 ), #459, 'distance_accuracy_value', 'NONE');
#2766 = CARTESIAN_POINT ( 'NONE',  ( 0.1259123125717990800, 0.2802280841127959800, -0.4487820184343875900 ) ) ;
#2767 = ORIENTED_EDGE ( 'NONE', *, *, #1855, .F. ) ;
#2768 = EDGE_CURVE ( 'NONE', #3875, #6760, #3927, .T. ) ;
#2769 = TOROIDAL_SURFACE ( 'NONE', #2491, 0.6499999999999994700, 0.05000000000000000300 ) ;
#2770 = CARTESIAN_POINT ( 'NONE',  ( 0.6099999999999993200, 1.395000000000000000, 7.470345474798846700E-017 ) ) ;
#2771 = CIRCLE ( 'NONE', #4764, 0.2800826275816103400 ) ;
#2772 = ADVANCED_FACE ( 'NONE', ( #7090, #2238 ), #5034, .F. ) ;
#2773 =( GEOMETRIC_REPRESENTATION_CONTEXT ( 3 ) GLOBAL_UNCERTAINTY_ASSIGNED_CONTEXT ( ( #3157 ) ) GLOBAL_UNIT_ASSIGNED_CONTEXT ( ( #1249, #5696, #1890 ) ) REPRESENTATION_CONTEXT ( 'NONE', 'WORKASPACE' ) );
#2774 = CARTESIAN_POINT ( 'NONE',  ( 0.1249999999999997400, 0.2666198487095638400, -0.3897197719169306400 ) ) ;
#2775 = ADVANCED_FACE ( 'NONE', ( #8203 ), #3136, .T. ) ;
#2776 = CARTESIAN_POINT ( 'NONE',  ( -0.02758433254497500900, -1.186451582802488900, -0.2427705422203056100 ) ) ;
#2777 = CYLINDRICAL_SURFACE ( 'NONE', #6075, 0.1000000000000000500 ) ;
#2778 = EDGE_LOOP ( 'NONE', ( #6525, #7032, #5627, #5017 ) ) ;
#2779 = EDGE_LOOP ( 'NONE', ( #4048, #1732, #2694, #4500, #3638, #1590 ) ) ;
#2780 = ORIENTED_EDGE ( 'NONE', *, *, #833, .T. ) ;
#2781 = EDGE_CURVE ( 'NONE', #1437, #4192, #6492, .T. ) ;
#2782 = CARTESIAN_POINT ( 'NONE',  ( 1.269999999999999800, 1.294999999999999700, -0.7700000000000003500 ) ) ;
#2783 = AXIS2_PLACEMENT_3D ( 'NONE', #6219, #2404, #6857 ) ;
#2784 = ORIENTED_EDGE ( 'NONE', *, *, #1332, .T. ) ;
#2785 = CARTESIAN_POINT ( 'NONE',  ( 4.465033300665575300E-016, -2.709644660940672800, 0.0000000000000000000 ) ) ;
#2786 = CARTESIAN_POINT ( 'NONE',  ( -4.633726780297002800E-017, 0.6949999999999999500, 0.0000000000000000000 ) ) ;
#2787 = EDGE_CURVE ( 'NONE', #7736, #2802, #4818, .T. ) ;
#2788 = CARTESIAN_POINT ( 'NONE',  ( -0.08930139472585152400, 0.3639323229909619000, -0.4135067913449582700 ) ) ;
#2789 = EDGE_LOOP ( 'NONE', ( #5934, #945, #3991, #3175, #6497 ) ) ;
#2790 = SURFACE_STYLE_FILL_AREA ( #996 ) ;
#2791 = ORIENTED_EDGE ( 'NONE', *, *, #3093, .T. ) ;
#2792 = LINE ( 'NONE', #7535, #5945 ) ;
#2793 = CARTESIAN_POINT ( 'NONE',  ( 0.1378435408756127900, 0.2670981431876220900, 0.3606053945049981200 ) ) ;
#2794 =( NAMED_UNIT ( * ) SI_UNIT ( $, .STERADIAN. ) SOLID_ANGLE_UNIT ( ) );
#2795 = CARTESIAN_POINT ( 'NONE',  ( -0.04978749811896327600, -1.205082627581610000, -0.2976813273944591800 ) ) ;
#2796 = FACE_OUTER_BOUND ( 'NONE', #855, .T. ) ;
#2797 = EDGE_LOOP ( 'NONE', ( #4630, #4202, #53, #3542 ) ) ;
#2798 = PRESENTATION_LAYER_ASSIGNMENT (  '', '', ( #1929 ) ) ;
#2799 = CARTESIAN_POINT ( 'NONE',  ( 0.08697063665170977300, 0.3662246223616866200, -0.3694307984303041300 ) ) ;
#2800 = DIRECTION ( 'NONE',  ( 1.084202172485503800E-015, 0.0000000000000000000, -1.000000000000000000 ) ) ;
#2801 = FACE_OUTER_BOUND ( 'NONE', #3631, .T. ) ;
#2802 = VERTEX_POINT ( 'NONE', #1920 ) ;
#2803 =( GEOMETRIC_REPRESENTATION_CONTEXT ( 3 ) GLOBAL_UNCERTAINTY_ASSIGNED_CONTEXT ( ( #1115 ) ) GLOBAL_UNIT_ASSIGNED_CONTEXT ( ( #353, #4806, #987 ) ) REPRESENTATION_CONTEXT ( 'NONE', 'WORKASPACE' ) );
#2804 = CARTESIAN_POINT ( 'NONE',  ( 0.1201474999044564200, 0.3104903820154503700, -0.3862503779413086200 ) ) ;
#2805 = FACE_OUTER_BOUND ( 'NONE', #6480, .T. ) ;
#2806 = FACE_OUTER_BOUND ( 'NONE', #2074, .T. ) ;
#2807 =( NAMED_UNIT ( * ) PLANE_ANGLE_UNIT ( ) SI_UNIT ( $, .RADIAN. ) );
#2808 = VERTEX_POINT ( 'NONE', #8246 ) ;
#2809 = FACE_OUTER_BOUND ( 'NONE', #1678, .T. ) ;
#2810 = CIRCLE ( 'NONE', #5291, 0.6499999999999994700 ) ;
#2811 = AXIS2_PLACEMENT_3D ( 'NONE', #7350, #3558, #8006 ) ;
#2812 = DIRECTION ( 'NONE',  ( -1.447553700753488400E-016, 1.000000000000000000, -0.0000000000000000000 ) ) ;
#2813 = AXIS2_PLACEMENT_3D ( 'NONE', #3541, #391, #4841 ) ;
#2814 = ORIENTED_EDGE ( 'NONE', *, *, #8027, .F. ) ;
#2815 = CARTESIAN_POINT ( 'NONE',  ( -0.03540313226208941000, 0.4157518256306738100, 0.3924259477413095700 ) ) ;
#2816 = CARTESIAN_POINT ( 'NONE',  ( 0.02529458252240693000, -1.223183884379456200, 0.2789380977350282600 ) ) ;
#2817 = UNCERTAINTY_MEASURE_WITH_UNIT (LENGTH_MEASURE( 1.000000000000000100E-005 ), #5082, 'distance_accuracy_value', 'NONE');
#2818 = ADVANCED_FACE ( 'NONE', ( #6307 ), #8002, .T. ) ;
#2819 = CARTESIAN_POINT ( 'NONE',  ( 0.1242654087441211800, 0.2965769158829660300, 0.3829572652913901800 ) ) ;
#2820 = CARTESIAN_POINT ( 'NONE',  ( -0.09189318308635018000, -0.2272080036503695300, 0.3433401040042009000 ) ) ;
#2821 = CARTESIAN_POINT ( 'NONE',  ( 0.07352983993418539500, 0.3764315386877032400, -0.4188267342203617600 ) ) ;
#2822 = CARTESIAN_POINT ( 'NONE',  ( 0.0000000000000000000, -1.294999999999999900, -1.170000000000000200 ) ) ;
#2823 =( LENGTH_UNIT ( ) NAMED_UNIT ( * ) SI_UNIT ( .MILLI., .METRE. ) );
#2824 = ADVANCED_FACE ( 'NONE', ( #1242 ), #7188, .T. ) ;
#2825 = VERTEX_POINT ( 'NONE', #1331 ) ;
#2826 = EDGE_LOOP ( 'NONE', ( #30, #7547, #3781, #5532 ) ) ;
#2827 = COLOUR_RGB ( '',0.1098039215686274500, 0.1098039215686274500, 0.1098039215686274500 ) ;
#2828 = CARTESIAN_POINT ( 'NONE',  ( -7.610520693444185800E-017, 0.9006430729718480900, 0.0000000000000000000 ) ) ;
#2829 = EDGE_CURVE ( 'NONE', #4043, #6915, #4029, .T. ) ;
#2830 = CARTESIAN_POINT ( 'NONE',  ( 0.01062514165248273700, 0.4006154119413188300, -0.4307154478948968000 ) ) ;
#2831 = CARTESIAN_POINT ( 'NONE',  ( -1.742557280900009200, 1.294999999999999900, 0.3987213595499951000 ) ) ;
#2832 = DIRECTION ( 'NONE',  ( -1.447553700753488400E-016, 1.000000000000000000, -0.0000000000000000000 ) ) ;
#2833 = CIRCLE ( 'NONE', #4804, 0.6638742588672275100 ) ;
#2834 = EDGE_CURVE ( 'NONE', #3899, #3261, #189, .T. ) ;
#2835 = AXIS2_PLACEMENT_3D ( 'NONE', #4611, #3291, #5242 ) ;
#2836 = CARTESIAN_POINT ( 'NONE',  ( 0.04565971932673154600, -1.159160228019565900, 0.2500558844060319400 ) ) ;
#2837 = CIRCLE ( 'NONE', #1789, 0.1000000000000000500 ) ;
#2838 = DIRECTION ( 'NONE',  ( -1.224646799147353200E-016, -1.772742006221665100E-032, 1.000000000000000000 ) ) ;
#2839 =( NAMED_UNIT ( * ) SI_UNIT ( $, .STERADIAN. ) SOLID_ANGLE_UNIT ( ) );
#2840 = CARTESIAN_POINT ( 'NONE',  ( 0.04804653408847845600, -1.166505905980542300, -0.2035534470247589200 ) ) ;
#2841 = ORIENTED_EDGE ( 'NONE', *, *, #7061, .T. ) ;
#2842 = FILL_AREA_STYLE_COLOUR ( '', #3858 ) ;
#2843 = FACE_OUTER_BOUND ( 'NONE', #2881, .T. ) ;
#2844 = AXIS2_PLACEMENT_3D ( 'NONE', #6293, #2517, #6932 ) ;
#2845 = CARTESIAN_POINT ( 'NONE',  ( -0.6099999999999992100, -1.365000000000000000, 0.0000000000000000000 ) ) ;
#2846 =( LENGTH_UNIT ( ) NAMED_UNIT ( * ) SI_UNIT ( .MILLI., .METRE. ) );
#2847 = ORIENTED_EDGE ( 'NONE', *, *, #2335, .T. ) ;
#2848 = CARTESIAN_POINT ( 'NONE',  ( -0.07866355184313511600, 0.3725052436901373200, -0.3680157447575142500 ) ) ;
#2849 = FILL_AREA_STYLE_COLOUR ( '', #7265 ) ;
#2850 = VERTEX_POINT ( 'NONE', #52 ) ;
#2851 = COLOUR_RGB ( '',0.8941176470588234600, 0.9137254901960784000, 0.9294117647058823800 ) ;
#2852 = CARTESIAN_POINT ( 'NONE',  ( -0.1326127713826618600, 0.3273553608892809700, -0.3687542307016467600 ) ) ;
#2853 = CARTESIAN_POINT ( 'NONE',  ( -1.270000000000000000, 1.294999999999999700, -0.7700000000000016800 ) ) ;
#2854 = DIRECTION ( 'NONE',  ( 1.447553700753488400E-016, -1.000000000000000000, 0.0000000000000000000 ) ) ;
#2855 = ADVANCED_FACE ( 'NONE', ( #5714 ), #3220, .T. ) ;
#2856 = MECHANICAL_DESIGN_GEOMETRIC_PRESENTATION_REPRESENTATION (  '', ( #1987 ), #3254 ) ;
#2857 = EDGE_LOOP ( 'NONE', ( #3537, #1501, #2385 ) ) ;
#2858 = ADVANCED_FACE ( 'NONE', ( #14 ), #7699, .T. ) ;
#2859 = ORIENTED_EDGE ( 'NONE', *, *, #739, .T. ) ;
#2860 = B_SPLINE_CURVE_WITH_KNOTS ( 'NONE', 3,
 ( #8192, #574, #5025, #1216 ),
 .UNSPECIFIED., .F., .F.,
 ( 4, 4 ),
 ( 0.0000000000000000000, 2.958413376378102500E-006 ),
 .UNSPECIFIED. ) ;
#2861 = ORIENTED_EDGE ( 'NONE', *, *, #4633, .T. ) ;
#2862 =( NAMED_UNIT ( * ) PLANE_ANGLE_UNIT ( ) SI_UNIT ( $, .RADIAN. ) );
#2863 = CARTESIAN_POINT ( 'NONE',  ( 0.02774497406672151200, -1.184055421978853900, 0.1902816586707158600 ) ) ;
#2864 = SURFACE_STYLE_FILL_AREA ( #1896 ) ;
#2865 = FACE_OUTER_BOUND ( 'NONE', #8155, .T. ) ;
#2866 = CARTESIAN_POINT ( 'NONE',  ( 0.04570075268139004600, -1.164291846224488700, -0.2456619644951616700 ) ) ;
#2867 = DIRECTION ( 'NONE',  ( -0.0000000000000000000, -0.0000000000000000000, -1.000000000000000000 ) ) ;
#2868 = EDGE_CURVE ( 'NONE', #2110, #4667, #6005, .T. ) ;
#2869 = PRESENTATION_LAYER_ASSIGNMENT (  '', '', ( #2444 ) ) ;
#2870 = CARTESIAN_POINT ( 'NONE',  ( 0.1180253205482357800, 0.3525217918726916700, 0.3757417101686159100 ) ) ;
#2871 = DIRECTION ( 'NONE',  ( 0.0000000000000000000, 0.0000000000000000000, 1.000000000000000000 ) ) ;
#2872 = CARTESIAN_POINT ( 'NONE',  ( -0.1223981047162033100, 0.3017194853530515400, -0.4477743292592169500 ) ) ;
#2873 = CARTESIAN_POINT ( 'NONE',  ( -3.909949929920257800E-017, 0.6449999999999999100, 0.0000000000000000000 ) ) ;
#2874 = EDGE_CURVE ( 'NONE', #6022, #7025, #4019, .T. ) ;
#2875 = DIRECTION ( 'NONE',  ( -1.447553700753488400E-016, 1.000000000000000000, -0.0000000000000000000 ) ) ;
#2876 = CARTESIAN_POINT ( 'NONE',  ( -0.09950373417811581000, -0.4951457862975171000, -0.3527858476656498500 ) ) ;
#2877 = CARTESIAN_POINT ( 'NONE',  ( -0.03003326316415412500, -1.149922847605686900, -0.2556207292921333600 ) ) ;
#2878 = CARTESIAN_POINT ( 'NONE',  ( -0.9581966011250113700, 1.294999999999999900, -1.169999999999999900 ) ) ;
#2879 = COLOUR_RGB ( '',0.8941176470588234600, 0.9137254901960784000, 0.9294117647058823800 ) ;
#2880 = ORIENTED_EDGE ( 'NONE', *, *, #6842, .F. ) ;
#2881 = EDGE_LOOP ( 'NONE', ( #384, #3706, #6396, #5863, #6738 ) ) ;
#2882 = PRESENTATION_STYLE_ASSIGNMENT (( #1051 ) ) ;
#2883 = ORIENTED_EDGE ( 'NONE', *, *, #3625, .F. ) ;
#2884 = FACE_OUTER_BOUND ( 'NONE', #4793, .T. ) ;
#2885 = FILL_AREA_STYLE_COLOUR ( '', #4768 ) ;
#2886 = CARTESIAN_POINT ( 'NONE',  ( 0.04839978943642035700, 0.3914981653105227800, 0.4256415704960742100 ) ) ;
#2887 = SURFACE_STYLE_FILL_AREA ( #7900 ) ;
#2888 = ORIENTED_EDGE ( 'NONE', *, *, #6254, .T. ) ;
#2889 = MECHANICAL_DESIGN_GEOMETRIC_PRESENTATION_REPRESENTATION (  '', ( #2022 ), #3292 ) ;
#2890 = DIRECTION ( 'NONE',  ( -1.447553700753488400E-016, 1.000000000000000000, -0.0000000000000000000 ) ) ;
#2891 = CARTESIAN_POINT ( 'NONE',  ( 0.02864714725154843300, -1.170598427684239800, 0.03799772065156824900 ) ) ;
#2892 = AXIS2_PLACEMENT_3D ( 'NONE', #6034, #2239, #1594 ) ;
#2893 = ADVANCED_FACE ( 'NONE', ( #4328 ), #3520, .F. ) ;
#2894 = CARTESIAN_POINT ( 'NONE',  ( 0.9581966011250104800, 1.294999999999999900, 1.169999999999999900 ) ) ;
#2895 = CARTESIAN_POINT ( 'NONE',  ( 0.02975596909783453900, -1.154059020938208900, -0.2719230065400992700 ) ) ;
#2896 = EDGE_CURVE ( 'NONE', #6138, #2393, #5205, .T. ) ;
#2897 = EDGE_LOOP ( 'NONE', ( #2978, #1236, #1005, #5141 ) ) ;
#2898 = FILL_AREA_STYLE ('',( #4776 ) ) ;
#2899 = DIRECTION ( 'NONE',  ( -1.000000000000000000, 0.0000000000000000000, 0.0000000000000000000 ) ) ;
#2900 = CIRCLE ( 'NONE', #1808, 0.05000000000000002400 ) ;
#2901 = PRESENTATION_LAYER_ASSIGNMENT (  '', '', ( #2478 ) ) ;
#2902 = FILL_AREA_STYLE ('',( #2849 ) ) ;
#2903 = EDGE_LOOP ( 'NONE', ( #1642, #2487, #3670, #3938 ) ) ;
#2904 = SURFACE_STYLE_FILL_AREA ( #8260 ) ;
#2905 = B_SPLINE_CURVE_WITH_KNOTS ( 'NONE', 3,
 ( #7008, #5782, #7058, #3255, #7710, #3907, #72 ),
 .UNSPECIFIED., .F., .F.,
 ( 4, 3, 4 ),
 ( 0.0000000000000000000, 0.0007442893091426455900, 0.001424923633714529200 ),
 .UNSPECIFIED. ) ;
#2906 =( NAMED_UNIT ( * ) SI_UNIT ( $, .STERADIAN. ) SOLID_ANGLE_UNIT ( ) );
#2907 = CARTESIAN_POINT ( 'NONE',  ( -0.02994456013348574900, -1.151245959617543300, -0.2721492054816658800 ) ) ;
#2908 =( NAMED_UNIT ( * ) SI_UNIT ( $, .STERADIAN. ) SOLID_ANGLE_UNIT ( ) );
#2909 = CARTESIAN_POINT ( 'NONE',  ( -0.5158374504826133100, 1.009174638727795300, 0.0000000000000000000 ) ) ;
#2910 = FACE_OUTER_BOUND ( 'NONE', #588, .T. ) ;
#2911 = SURFACE_SIDE_STYLE ('',( #3656 ) ) ;
#2912 = ORIENTED_EDGE ( 'NONE', *, *, #4777, .F. ) ;
#2913 = ORIENTED_EDGE ( 'NONE', *, *, #7155, .T. ) ;
#2914 = PRESENTATION_LAYER_ASSIGNMENT (  '', '', ( #2045 ) ) ;
#2915 = CARTESIAN_POINT ( 'NONE',  ( -0.1059026770571225200, 0.3419315564767814700, 0.4055833773351896800 ) ) ;
#2916 = STYLED_ITEM ( 'NONE', ( #7408 ), #1536 ) ;
#2917 = UNCERTAINTY_MEASURE_WITH_UNIT (LENGTH_MEASURE( 1.000000000000000100E-005 ), #1374, 'distance_accuracy_value', 'NONE');
#2918 = CARTESIAN_POINT ( 'NONE',  ( -0.8499999999999994200, 1.345000000000000000, 1.040949779275249400E-016 ) ) ;
#2919 = EDGE_CURVE ( 'NONE', #5212, #1904, #337, .T. ) ;
#2920 = ORIENTED_EDGE ( 'NONE', *, *, #4822, .F. ) ;
#2921 = CARTESIAN_POINT ( 'NONE',  ( -0.4000000000000046300, -2.382506345545577700, 0.0000000000000000000 ) ) ;
#2922 = FILL_AREA_STYLE ('',( #2275 ) ) ;
#2923 = PRODUCT_DEFINITION_FORMATION_WITH_SPECIFIED_SOURCE ( 'ANY', '', #2066, .NOT_KNOWN. ) ;
#2924 = CARTESIAN_POINT ( 'NONE',  ( 3.107117802025520800E-018, 0.3534279700348353400, 0.0000000000000000000 ) ) ;
#2925 = EDGE_CURVE ( 'NONE', #37, #3830, #6895, .T. ) ;
#2926 = CARTESIAN_POINT ( 'NONE',  ( -0.09150301172960380300, -0.2330278770515777600, 0.3535703795692504700 ) ) ;
#2927 = MECHANICAL_DESIGN_GEOMETRIC_PRESENTATION_REPRESENTATION (  '', ( #2059 ), #3332 ) ;
#2928 = SHAPE_REPRESENTATION_RELATIONSHIP ( 'NONE' , 'NONE' ,  #1058, #6094 ) ;
#2929 = SPHERICAL_SURFACE ( 'NONE', #2567, 0.1000000000000000100 ) ;
#2930 = SURFACE_SIDE_STYLE ('',( #4284 ) ) ;
#2931 = CARTESIAN_POINT ( 'NONE',  ( 0.7850932023777778000, 1.373398854608770100, 9.614618773242908000E-017 ) ) ;
#2932 =( NAMED_UNIT ( * ) PLANE_ANGLE_UNIT ( ) SI_UNIT ( $, .RADIAN. ) );
#2933 = ADVANCED_FACE ( 'NONE', ( #1832 ), #2936, .F. ) ;
#2934 = VERTEX_POINT ( 'NONE', #7829 ) ;
#2935 = SURFACE_STYLE_USAGE ( .BOTH. , #6726 ) ;
#2936 = TOROIDAL_SURFACE ( 'NONE', #1581, 0.8799999999999992300, 0.02999999999999999900 ) ;
#2937 = EDGE_CURVE ( 'NONE', #6847, #3164, #4426, .T. ) ;
#2938 =( GEOMETRIC_REPRESENTATION_CONTEXT ( 3 ) GLOBAL_UNCERTAINTY_ASSIGNED_CONTEXT ( ( #6866 ) ) GLOBAL_UNIT_ASSIGNED_CONTEXT ( ( #4153, #330, #4785 ) ) REPRESENTATION_CONTEXT ( 'NONE', 'WORKASPACE' ) );
#2939 = DIRECTION ( 'NONE',  ( 0.4472135954999579300, -0.0000000000000000000, -0.8944271909999158600 ) ) ;
#2940 = DIRECTION ( 'NONE',  ( -1.000000000000000000, 0.0000000000000000000, 0.0000000000000000000 ) ) ;
#2941 = SURFACE_STYLE_USAGE ( .BOTH. , #6731 ) ;
#2942 = VERTEX_POINT ( 'NONE', #3711 ) ;
#2943 = EDGE_CURVE ( 'NONE', #4408, #1370, #6102, .T. ) ;
#2944 = ORIENTED_EDGE ( 'NONE', *, *, #609, .T. ) ;
#2945 = PRESENTATION_STYLE_ASSIGNMENT (( #753 ) ) ;
#2946 = SURFACE_STYLE_FILL_AREA ( #4896 ) ;
#2947 = CARTESIAN_POINT ( 'NONE',  ( 0.9581966011250107100, -1.294999999999999900, -1.169999999999999900 ) ) ;
#2948 = COLOUR_RGB ( '',0.1098039215686274500, 0.1098039215686274500, 0.1098039215686274500 ) ;
#2949 = CARTESIAN_POINT ( 'NONE',  ( -0.1259884179118129800, 0.2814717267002596100, 0.3804568316824176700 ) ) ;
#2950 = CARTESIAN_POINT ( 'NONE',  ( -0.1056319831753036000, 0.3423694185346177800, -0.3953861412678175700 ) ) ;
#2951 = EDGE_LOOP ( 'NONE', ( #1355, #6839, #7102, #4811 ) ) ;
#2952 = MECHANICAL_DESIGN_GEOMETRIC_PRESENTATION_REPRESENTATION (  '', ( #1230 ), #3360 ) ;
#2953 = AXIS2_PLACEMENT_3D ( 'NONE', #4148, #1604, #990 ) ;
#2954 = ORIENTED_EDGE ( 'NONE', *, *, #6739, .F. ) ;
#2955 = PRESENTATION_LAYER_ASSIGNMENT (  '', '', ( #2534 ) ) ;
#2956 = CARTESIAN_POINT ( 'NONE',  ( -0.9581966011250111500, -1.294999999999999900, -1.270000000000000000 ) ) ;
#2957 = CARTESIAN_POINT ( 'NONE',  ( 0.9581966011250104800, 0.0000000000000000000, 1.270000000000000000 ) ) ;
#2958 =( LENGTH_UNIT ( ) NAMED_UNIT ( * ) SI_UNIT ( .MILLI., .METRE. ) );
#2959 = ORIENTED_EDGE ( 'NONE', *, *, #1564, .T. ) ;
#2960 = CARTESIAN_POINT ( 'NONE',  ( -0.04815525368730604700, -1.165334330167917800, 0.1902721288469527400 ) ) ;
#2961 = CIRCLE ( 'NONE', #5402, 0.01999999999999999700 ) ;
#2962 = CARTESIAN_POINT ( 'NONE',  ( 7.787932489870814600E-017, -0.1631138830084181100, 0.0000000000000000000 ) ) ;
#2963 = SURFACE_SIDE_STYLE ('',( #1276 ) ) ;
#2964 = CARTESIAN_POINT ( 'NONE',  ( 4.567390804459024100E-016, -2.780355339059327900, 0.0000000000000000000 ) ) ;
#2965 = FACE_OUTER_BOUND ( 'NONE', #7963, .T. ) ;
#2966 = FILL_AREA_STYLE_COLOUR ( '', #1587 ) ;
#2967 = UNCERTAINTY_MEASURE_WITH_UNIT (LENGTH_MEASURE( 1.000000000000000100E-005 ), #1524, 'distance_accuracy_value', 'NONE');
#2968 = AXIS2_PLACEMENT_3D ( 'NONE', #2962, #6778, #2985 ) ;
#2969 = FILL_AREA_STYLE_COLOUR ( '', #7306 ) ;
#2970 = ORIENTED_EDGE ( 'NONE', *, *, #7367, .T. ) ;
#2971 = CARTESIAN_POINT ( 'NONE',  ( 0.1217041786288410400, 0.3543379074932615500, -0.3956286048806627600 ) ) ;
#2972 = SURFACE_SIDE_STYLE ('',( #696 ) ) ;
#2973 = PRESENTATION_LAYER_ASSIGNMENT (  '', '', ( #2550 ) ) ;
#2974 = EDGE_LOOP ( 'NONE', ( #1836, #1599, #862, #944 ) ) ;
#2975 = ADVANCED_FACE ( 'NONE', ( #2739 ), #7837, .T. ) ;
#2976 =( NAMED_UNIT ( * ) SI_UNIT ( $, .STERADIAN. ) SOLID_ANGLE_UNIT ( ) );
#2977 = EDGE_CURVE ( 'NONE', #5857, #895, #7596, .T. ) ;
#2978 = ORIENTED_EDGE ( 'NONE', *, *, #1318, .T. ) ;
#2979 = CARTESIAN_POINT ( 'NONE',  ( -0.5299470081275750000, 1.015000000000000600, 0.0000000000000000000 ) ) ;
#2980 = LINE ( 'NONE', #3557, #4666 ) ;
#2981 = ORIENTED_EDGE ( 'NONE', *, *, #3338, .T. ) ;
#2982 = ORIENTED_EDGE ( 'NONE', *, *, #5734, .T. ) ;
#2983 = CARTESIAN_POINT ( 'NONE',  ( 3.238291957217229300E-018, 0.3525217918728547600, 0.0000000000000000000 ) ) ;
#2984 = EDGE_CURVE ( 'NONE', #1556, #4378, #6360, .T. ) ;
#2985 = DIRECTION ( 'NONE',  ( -1.000000000000000000, -1.447553700753488400E-016, 0.0000000000000000000 ) ) ;
#2986 = CARTESIAN_POINT ( 'NONE',  ( 0.1035414089365158100, 0.3455772700076503700, -0.3802909502608016700 ) ) ;
#2987 = AXIS2_PLACEMENT_3D ( 'NONE', #6990, #7013, #1939 ) ;
#2988 = CARTESIAN_POINT ( 'NONE',  ( -0.05988091192383986100, 0.4068015591994114700, -0.3895472935269598300 ) ) ;
#2989 = ORIENTED_EDGE ( 'NONE', *, *, #7706, .T. ) ;
#2990 =( LENGTH_UNIT ( ) NAMED_UNIT ( * ) SI_UNIT ( .MILLI., .METRE. ) );
#2991 = FACE_OUTER_BOUND ( 'NONE', #6339, .T. ) ;
#2992 = FACE_OUTER_BOUND ( 'NONE', #6822, .T. ) ;
#2993 = CARTESIAN_POINT ( 'NONE',  ( -0.04626371558791428400, -1.167778472435152300, 0.2395377386675600100 ) ) ;
#2994 = FACE_OUTER_BOUND ( 'NONE', #5027, .T. ) ;
#2995 = DIRECTION ( 'NONE',  ( -1.000000000000000000, 0.0000000000000000000, 0.0000000000000000000 ) ) ;
#2996 = CARTESIAN_POINT ( 'NONE',  ( 0.07418310364562803700, 0.3811449897693603400, 0.4409003037098383500 ) ) ;
#2997 = CIRCLE ( 'NONE', #6013, 0.1000000000000000500 ) ;
#2998 = ORIENTED_EDGE ( 'NONE', *, *, #1518, .F. ) ;
#2999 = AXIS2_PLACEMENT_3D ( 'NONE', #877, #5332, #1516 ) ;
#3000 = CIRCLE ( 'NONE', #3159, 0.6399999999999993500 ) ;
#3001 = CARTESIAN_POINT ( 'NONE',  ( -0.05780390862093081500, -0.7356903878576455100, -0.3151364890231296800 ) ) ;
#3002 = MECHANICAL_DESIGN_GEOMETRIC_PRESENTATION_REPRESENTATION (  '', ( #2140 ), #3412 ) ;
#3003 = SURFACE_SIDE_STYLE ('',( #3574 ) ) ;
#3004 = FACE_OUTER_BOUND ( 'NONE', #1056, .T. ) ;
#3005 = VERTEX_POINT ( 'NONE', #6299 ) ;
#3006 = COLOUR_RGB ( '',0.1098039215686274500, 0.1098039215686274500, 0.1098039215686274500 ) ;
#3007 = SURFACE_STYLE_USAGE ( .BOTH. , #6797 ) ;
#3008 = UNCERTAINTY_MEASURE_WITH_UNIT (LENGTH_MEASURE( 1.000000000000000100E-005 ), #7354, 'distance_accuracy_value', 'NONE');
#3009 = CARTESIAN_POINT ( 'NONE',  ( 7.764441927118196900E-017, -0.1614911064067355900, 0.0000000000000000000 ) ) ;
#3010 = PRESENTATION_LAYER_ASSIGNMENT (  '', '', ( #2588 ) ) ;
#3011 = ORIENTED_EDGE ( 'NONE', *, *, #1596, .T. ) ;
#3012 = SURFACE_STYLE_USAGE ( .BOTH. , #6801 ) ;
#3013 = EDGE_LOOP ( 'NONE', ( #6771, #1238, #3883 ) ) ;
#3014 = DIRECTION ( 'NONE',  ( -1.000000000000000000, 0.0000000000000000000, 0.0000000000000000000 ) ) ;
#3015 = TOROIDAL_SURFACE ( 'NONE', #2364, 0.4000000000000050200, 0.05000000000000000300 ) ;
#3016 = UNCERTAINTY_MEASURE_WITH_UNIT (LENGTH_MEASURE( 1.000000000000000100E-005 ), #7358, 'distance_accuracy_value', 'NONE');
#3017 = CARTESIAN_POINT ( 'NONE',  ( 0.1077274593193229700, 0.3673936547705288200, -0.3790032278432586300 ) ) ;
#3018 = CARTESIAN_POINT ( 'NONE',  ( -1.270000000000000000, 1.395000000000000000, -0.6700000000000002600 ) ) ;
#3019 =( GEOMETRIC_REPRESENTATION_CONTEXT ( 3 ) GLOBAL_UNCERTAINTY_ASSIGNED_CONTEXT ( ( #898 ) ) GLOBAL_UNIT_ASSIGNED_CONTEXT ( ( #7020, #3213, #7669 ) ) REPRESENTATION_CONTEXT ( 'NONE', 'WORKASPACE' ) );
#3020 = CARTESIAN_POINT ( 'NONE',  ( -0.03206953734635199100, 0.3963783724203898100, 0.4123545966161659100 ) ) ;
#3021 = SPHERICAL_SURFACE ( 'NONE', #3107, 0.1000000000000000100 ) ;
#3022 = CARTESIAN_POINT ( 'NONE',  ( -0.1146589843285948800, 0.3356660192296654400, 0.4026707507525793000 ) ) ;
#3023 = EDGE_CURVE ( 'NONE', #7606, #3595, #4879, .T. ) ;
#3024 = SURFACE_SIDE_STYLE ('',( #5216 ) ) ;
#3025 = FILL_AREA_STYLE_COLOUR ( '', #1084 ) ;
#3026 = SURFACE_STYLE_USAGE ( .BOTH. , #6819 ) ;
#3027 = CARTESIAN_POINT ( 'NONE',  ( 0.02859097773673102000, -1.171436263316180800, -0.2645665737518475000 ) ) ;
#3028 = VECTOR ( 'NONE', #7115, 1000.000000000000100 ) ;
#3029 = CARTESIAN_POINT ( 'NONE',  ( -0.6399999999999993500, 0.6849999999999999400, 7.837739514543054300E-017 ) ) ;
#3030 = CARTESIAN_POINT ( 'NONE',  ( 0.1249999999999997400, 0.2666198487095638400, 0.3897197719169303000 ) ) ;
#3031 = EDGE_CURVE ( 'NONE', #3421, #6949, #5895, .T. ) ;
#3032 = MECHANICAL_DESIGN_GEOMETRIC_PRESENTATION_REPRESENTATION (  '', ( #2177 ), #3445 ) ;
#3033 =( NAMED_UNIT ( * ) PLANE_ANGLE_UNIT ( ) SI_UNIT ( $, .RADIAN. ) );
#3034 = EDGE_LOOP ( 'NONE', ( #5680, #6418, #8206 ) ) ;
#3035 = CARTESIAN_POINT ( 'NONE',  ( -0.1239110127981695700, 0.3543379074933982700, -0.4262809643909921700 ) ) ;
#3036 = FILL_AREA_STYLE ('',( #439 ) ) ;
#3037 = CARTESIAN_POINT ( 'NONE',  ( -0.1056320419789229500, 0.3423693284024800800, -0.3953860902465080600 ) ) ;
#3038 = SURFACE_SIDE_STYLE ('',( #5860 ) ) ;
#3039 = CARTESIAN_POINT ( 'NONE',  ( -0.4439249933206989000, 1.395000000000000000, 0.0000000000000000000 ) ) ;
#3040 = VERTEX_POINT ( 'NONE', #7610 ) ;
#3041 = CARTESIAN_POINT ( 'NONE',  ( -1.476660268557142200E-016, 1.395000000000000000, 0.0000000000000000000 ) ) ;
#3042 = VERTEX_POINT ( 'NONE', #5088 ) ;
#3043 = FACE_OUTER_BOUND ( 'NONE', #4540, .T. ) ;
#3044 = PRESENTATION_LAYER_ASSIGNMENT (  '', '', ( #2626 ) ) ;
#3045 = CARTESIAN_POINT ( 'NONE',  ( 0.1022575804682047400, 0.3475475051174325400, 0.3965911667074599700 ) ) ;
#3046 = CARTESIAN_POINT ( 'NONE',  ( -0.02518493701633288700, -1.223104437731151300, 0.2780731727062177300 ) ) ;
#3047 = DIRECTION ( 'NONE',  ( -1.000000000000000000, 0.0000000000000000000, 0.0000000000000000000 ) ) ;
#3048 =( NAMED_UNIT ( * ) PLANE_ANGLE_UNIT ( ) SI_UNIT ( $, .RADIAN. ) );
#3049 = EDGE_CURVE ( 'NONE', #5857, #7303, #2544, .T. ) ;
#3050 = CARTESIAN_POINT ( 'NONE',  ( -1.020000000000000500, 1.395000000000000000, -1.169999999999999900 ) ) ;
#3051 = ORIENTED_EDGE ( 'NONE', *, *, #4735, .T. ) ;
#3052 = SURFACE_STYLE_USAGE ( .BOTH. , #6844 ) ;
#3053 =( LENGTH_UNIT ( ) NAMED_UNIT ( * ) SI_UNIT ( .MILLI., .METRE. ) );
#3054 = AXIS2_PLACEMENT_3D ( 'NONE', #4898, #6127, #482 ) ;
#3055 = CARTESIAN_POINT ( 'NONE',  ( -0.04606694494311873400, -1.152949414612099500, -0.2524003120427217300 ) ) ;
#3056 = VERTEX_POINT ( 'NONE', #6358 ) ;
#3057 = FILL_AREA_STYLE ('',( #5571 ) ) ;
#3058 = CARTESIAN_POINT ( 'NONE',  ( 0.02453759532067832000, -1.231897319978126200, 0.2755977471162223100 ) ) ;
#3059 = B_SPLINE_CURVE_WITH_KNOTS ( 'NONE', 3,
 ( #5611, #6886, #3734, #8171, #4370, #552, #7672, #3871, #32, #4508, #688, #5139, #1337, #5770, #1975, #6405, #2632, #7047, #3242 ),
 .UNSPECIFIED., .F., .F.,
 ( 4, 3, 3, 3, 3, 3, 4 ),
 ( -9.262044623024624500E-007, 1.058791184067875400E-022, 9.896863988356059900E-006, 2.042547534028208400E-005, 2.796392413456506200E-005, 3.319237422321059600E-005, 3.846986150140886000E-005 ),
 .UNSPECIFIED. ) ;
#3060 = SURFACE_STYLE_USAGE ( .BOTH. , #6853 ) ;
#3061 = CARTESIAN_POINT ( 'NONE',  ( -0.02797061480916861900, -1.180689719877732000, 0.1524370919122602900 ) ) ;
#3062 = CARTESIAN_POINT ( 'NONE',  ( -0.6499999999999994700, -0.005000000000000094600, 0.0000000000000000000 ) ) ;
#3063 = CARTESIAN_POINT ( 'NONE',  ( -0.02513773585898713300, -1.222945504588554200, -0.2763272670030129100 ) ) ;
#3064 = CARTESIAN_POINT ( 'NONE',  ( 4.692985130925385000E-016, -2.867118494305994400, 0.0000000000000000000 ) ) ;
#3065 = CIRCLE ( 'NONE', #2088, 0.6399999999999993500 ) ;
#3066 = STYLED_ITEM ( 'NONE', ( #1661 ), #7041 ) ;
#3067 = STYLED_ITEM ( 'NONE', ( #1872 ), #1468 ) ;
#3068 =( LENGTH_UNIT ( ) NAMED_UNIT ( * ) SI_UNIT ( .MILLI., .METRE. ) );
#3069 = DIRECTION ( 'NONE',  ( -1.000000000000000000, 0.0000000000000000000, 8.881784197001252300E-016 ) ) ;
#3070 = EDGE_LOOP ( 'NONE', ( #4360, #1251, #623, #6657 ) ) ;
#3071 = CARTESIAN_POINT ( 'NONE',  ( 0.1069500050131921300, -0.2056458439791797900, 0.3262666793310029500 ) ) ;
#3072 = DIRECTION ( 'NONE',  ( -1.447553700753488400E-016, 1.000000000000000000, -0.0000000000000000000 ) ) ;
#3073 = EDGE_LOOP ( 'NONE', ( #7385, #3476, #5294, #7811, #4092, #6634, #1736, #3011, #2268, #845, #6794, #2888 ) ) ;
#3074 = CIRCLE ( 'NONE', #7790, 0.9099999999999992500 ) ;
#3075 = DIRECTION ( 'NONE',  ( -1.084202172485503800E-015, 1.000000000000000000, 0.0000000000000000000 ) ) ;
#3076 = VECTOR ( 'NONE', #4864, 1000.000000000000000 ) ;
#3077 = DIRECTION ( 'NONE',  ( -2.168404344971008100E-015, -1.000000000000000000, 4.701977403289145800E-030 ) ) ;
#3078 = AXIS2_PLACEMENT_3D ( 'NONE', #4948, #1147, #5588 ) ;
#3079 = CARTESIAN_POINT ( 'NONE',  ( 0.1056392930043148400, -0.2267241590923766700, -0.3244054615139409000 ) ) ;
#3080 = EDGE_CURVE ( 'NONE', #2318, #3132, #4219, .T. ) ;
#3081 = VERTEX_POINT ( 'NONE', #2574 ) ;
#3082 = STYLED_ITEM ( 'NONE', ( #436 ), #2259 ) ;
#3083 = FACE_OUTER_BOUND ( 'NONE', #4623, .T. ) ;
#3084 = PRODUCT_DEFINITION_SHAPE ( 'NONE', 'NONE',  #8270 ) ;
#3085 = CARTESIAN_POINT ( 'NONE',  ( -0.04565971932673121300, -1.159160228019566100, -0.2500558844060319400 ) ) ;
#3086 = ORIENTED_EDGE ( 'NONE', *, *, #7929, .F. ) ;
#3087 =( NAMED_UNIT ( * ) PLANE_ANGLE_UNIT ( ) SI_UNIT ( $, .RADIAN. ) );
#3088 = CARTESIAN_POINT ( 'NONE',  ( -0.1049532641402256300, 0.3434097392605873200, 0.3956287701370960200 ) ) ;
#3089 = COLOUR_RGB ( '',0.1098039215686274500, 0.1098039215686274500, 0.1098039215686274500 ) ;
#3090 = CARTESIAN_POINT ( 'NONE',  ( 0.02733480295340627900, -1.222697491360204200, 0.2856168812565667000 ) ) ;
#3091 = CARTESIAN_POINT ( 'NONE',  ( -0.02970673360607625400, -1.154793427305887300, -0.07737702457405722100 ) ) ;
#3092 = ORIENTED_EDGE ( 'NONE', *, *, #5260, .T. ) ;
#3093 = EDGE_CURVE ( 'NONE', #5127, #7281, #1032, .T. ) ;
#3094 = DIRECTION ( 'NONE',  ( 0.0000000000000000000, 0.0000000000000000000, 1.000000000000000000 ) ) ;
#3095 = SURFACE_STYLE_USAGE ( .BOTH. , #6882 ) ;
#3096 = DIRECTION ( 'NONE',  ( 0.0000000000000000000, 1.000000000000000000, 0.0000000000000000000 ) ) ;
#3097 = STYLED_ITEM ( 'NONE', ( #989 ), #3852 ) ;
#3098 = DIRECTION ( 'NONE',  ( 1.447553700753488400E-016, -1.000000000000000000, 0.0000000000000000000 ) ) ;
#3099 = CARTESIAN_POINT ( 'NONE',  ( -0.02796414439579637500, -1.180786233847886300, 0.2547347285350581900 ) ) ;
#3100 = LINE ( 'NONE', #6635, #1397 ) ;
#3101 = CARTESIAN_POINT ( 'NONE',  ( 0.1069500050131804300, -0.2056458439791737400, -0.3262666793310079500 ) ) ;
#3102 = ORIENTED_EDGE ( 'NONE', *, *, #559, .T. ) ;
#3103 = SURFACE_STYLE_USAGE ( .BOTH. , #6890 ) ;
#3104 = CARTESIAN_POINT ( 'NONE',  ( 0.0000000000000000000, -1.395000000000000000, -1.170000000000000200 ) ) ;
#3105 = CYLINDRICAL_SURFACE ( 'NONE', #4692, 0.4439249933206987400 ) ;
#3106 = AXIS2_PLACEMENT_3D ( 'NONE', #2320, #5471, #6747 ) ;
#3107 = AXIS2_PLACEMENT_3D ( 'NONE', #7453, #1157, #5597 ) ;
#3108 = ORIENTED_EDGE ( 'NONE', *, *, #7692, .T. ) ;
#3109 = PRESENTATION_LAYER_ASSIGNMENT (  '', '', ( #3521 ) ) ;
#3110 = VERTEX_POINT ( 'NONE', #3168 ) ;
#3111 = CIRCLE ( 'NONE', #909, 0.1000000000000000500 ) ;
#3112 = UNCERTAINTY_MEASURE_WITH_UNIT (LENGTH_MEASURE( 1.000000000000000100E-005 ), #4546, 'distance_accuracy_value', 'NONE');
#3113 = CARTESIAN_POINT ( 'NONE',  ( 0.02839801843284045500, -1.174314482592944400, -0.07640497171854211700 ) ) ;
#3114 = CARTESIAN_POINT ( 'NONE',  ( -0.02513773585898713300, -1.222945504588554200, -0.2763272670030129100 ) ) ;
#3115 = CARTESIAN_POINT ( 'NONE',  ( 0.4203069233026775500, -2.428196922976590500, 5.147275282820957200E-017 ) ) ;
#3116 = CARTESIAN_POINT ( 'NONE',  ( -0.1259884204718178200, 0.2814717266384123000, -0.3804568305262439600 ) ) ;
#3117 = CARTESIAN_POINT ( 'NONE',  ( 0.1158236843077628900, 0.3543379074932533300, 0.3765126485472812800 ) ) ;
#3118 = VERTEX_POINT ( 'NONE', #3842 ) ;
#3119 = STYLED_ITEM ( 'NONE', ( #7425 ), #6617 ) ;
#3120 = CARTESIAN_POINT ( 'NONE',  ( 0.04955977419589184500, -1.205290237872890200, 0.2977002210804753900 ) ) ;
#3121 = B_SPLINE_CURVE_WITH_KNOTS ( 'NONE', 3,
 ( #790, #150, #3263, #1441, #5877, #2079, #6508 ),
 .UNSPECIFIED., .F., .F.,
 ( 4, 3, 4 ),
 ( 2.995445762590331600E-018, 0.0007623817026795911800, 0.001497213828109549100 ),
 .UNSPECIFIED. ) ;
#3122 = DIRECTION ( 'NONE',  ( -0.0000000000000000000, 0.0000000000000000000, 1.000000000000000000 ) ) ;
#3123 =( NAMED_UNIT ( * ) SI_UNIT ( $, .STERADIAN. ) SOLID_ANGLE_UNIT ( ) );
#3124 = DIRECTION ( 'NONE',  ( 0.0000000000000000000, -0.0000000000000000000, -1.000000000000000000 ) ) ;
#3125 = STYLED_ITEM ( 'NONE', ( #7804 ), #7764 ) ;
#3126 = DIRECTION ( 'NONE',  ( 0.0000000000000000000, 0.0000000000000000000, 1.000000000000000000 ) ) ;
#3127 = CARTESIAN_POINT ( 'NONE',  ( 1.270000000000000200, -1.353578643762690000, 0.7700000000000001300 ) ) ;
#3128 = EDGE_CURVE ( 'NONE', #2271, #7937, #625, .T. ) ;
#3129 = ORIENTED_EDGE ( 'NONE', *, *, #8076, .T. ) ;
#3130 = PRESENTATION_LAYER_ASSIGNMENT (  '', '', ( #2710 ) ) ;
#3131 = CARTESIAN_POINT ( 'NONE',  ( -0.9581966011250113700, 1.294999999999999700, 1.169999999999999900 ) ) ;
#3132 = VERTEX_POINT ( 'NONE', #1942 ) ;
#3133 = CARTESIAN_POINT ( 'NONE',  ( -0.1292149298952348100, 0.3498450372570428000, 0.4243623730428283100 ) ) ;
#3134 = ORIENTED_EDGE ( 'NONE', *, *, #2781, .F. ) ;
#3135 = CARTESIAN_POINT ( 'NONE',  ( 0.1274222360536740600, 0.3525217918728547600, -0.4251583462475507200 ) ) ;
#3136 = TOROIDAL_SURFACE ( 'NONE', #4465, 0.5299470081275748900, 0.02000000000000000000 ) ;
#3137 = EDGE_CURVE ( 'NONE', #2747, #4616, #4015, .T. ) ;
#3138 = AXIS2_PLACEMENT_3D ( 'NONE', #7202, #4649, #7520 ) ;
#3139 = CARTESIAN_POINT ( 'NONE',  ( 0.04784238332213600800, -1.168868921937331400, -0.2301144326776774500 ) ) ;
#3140 = ORIENTED_EDGE ( 'NONE', *, *, #4722, .T. ) ;
#3141 = DIRECTION ( 'NONE',  ( 0.0000000000000000000, 0.0000000000000000000, -1.000000000000000000 ) ) ;
#3142 = ORIENTED_EDGE ( 'NONE', *, *, #4891, .T. ) ;
#3143 = SURFACE_STYLE_USAGE ( .BOTH. , #6935 ) ;
#3144 = CIRCLE ( 'NONE', #3863, 0.05000000000000002400 ) ;
#3145 = CARTESIAN_POINT ( 'NONE',  ( 0.05041649842418051400, -1.152036863472201600, 0.01673918409889721800 ) ) ;
#3146 = DIRECTION ( 'NONE',  ( -1.447553700753488400E-016, 1.000000000000000000, -0.0000000000000000000 ) ) ;
#3147 = PLANE ( 'NONE',  #866 ) ;
#3148 = ORIENTED_EDGE ( 'NONE', *, *, #8173, .T. ) ;
#3149 = AXIS2_PLACEMENT_3D ( 'NONE', #995, #7397, #8059 ) ;
#3150 = UNCERTAINTY_MEASURE_WITH_UNIT (LENGTH_MEASURE( 1.000000000000000100E-005 ), #5676, 'distance_accuracy_value', 'NONE');
#3151 = PRESENTATION_LAYER_ASSIGNMENT (  '', '', ( #2734 ) ) ;
#3152 = CIRCLE ( 'NONE', #4991, 0.02999999999999997100 ) ;
#3153 = DIRECTION ( 'NONE',  ( 0.0000000000000000000, 0.0000000000000000000, 1.000000000000000000 ) ) ;
#3154 = LINE ( 'NONE', #4862, #6324 ) ;
#3155 = DIRECTION ( 'NONE',  ( 0.0000000000000000000, 1.000000000000000000, -0.0000000000000000000 ) ) ;
#3156 = FILL_AREA_STYLE_COLOUR ( '', #5376 ) ;
#3157 = UNCERTAINTY_MEASURE_WITH_UNIT (LENGTH_MEASURE( 1.000000000000000100E-005 ), #1249, 'distance_accuracy_value', 'NONE');
#3158 = PLANE ( 'NONE',  #4537 ) ;
#3159 = AXIS2_PLACEMENT_3D ( 'NONE', #5618, #1813, #6255 ) ;
#3160 = CARTESIAN_POINT ( 'NONE',  ( 0.04842876966976157600, -1.162110184731978400, -0.1541957602073959800 ) ) ;
#3161 = CARTESIAN_POINT ( 'NONE',  ( -0.02834751478812063500, -1.175067804981901900, 0.2618739144374019900 ) ) ;
#3162 = ORIENTED_EDGE ( 'NONE', *, *, #6218, .T. ) ;
#3163 = CARTESIAN_POINT ( 'NONE',  ( 0.02846945051321379800, -1.173248987503749300, -0.2703796362847962800 ) ) ;
#3164 = VERTEX_POINT ( 'NONE', #7667 ) ;
#3165 = CARTESIAN_POINT ( 'NONE',  ( -4.923237520447700400E-017, 0.7150000000000000800, 0.0000000000000000000 ) ) ;
#3166 = DIRECTION ( 'NONE',  ( -1.000000000000000000, -1.204669080539450300E-016, 0.0000000000000000000 ) ) ;
#3167 = DIRECTION ( 'NONE',  ( 1.447553700753488400E-016, -1.000000000000000000, 0.0000000000000000000 ) ) ;
#3168 = CARTESIAN_POINT ( 'NONE',  ( -0.5316896815425915500, 1.015000000000000300, 0.0000000000000000000 ) ) ;
#3169 =( GEOMETRIC_REPRESENTATION_CONTEXT ( 3 ) GLOBAL_UNCERTAINTY_ASSIGNED_CONTEXT ( ( #6811 ) ) GLOBAL_UNIT_ASSIGNED_CONTEXT ( ( #4947, #1143, #5584 ) ) REPRESENTATION_CONTEXT ( 'NONE', 'WORKASPACE' ) );
#3170 = LINE ( 'NONE', #6693, #6528 ) ;
#3171 = DIRECTION ( 'NONE',  ( -1.000000000000000000, -1.447553700753488400E-016, 0.0000000000000000000 ) ) ;
#3172 = ORIENTED_EDGE ( 'NONE', *, *, #5995, .T. ) ;
#3173 = DIRECTION ( 'NONE',  ( -1.447553700753488400E-016, 1.000000000000000000, -0.0000000000000000000 ) ) ;
#3174 = EDGE_CURVE ( 'NONE', #5848, #1904, #5501, .T. ) ;
#3175 = ORIENTED_EDGE ( 'NONE', *, *, #1057, .F. ) ;
#3176 =( NAMED_UNIT ( * ) PLANE_ANGLE_UNIT ( ) SI_UNIT ( $, .RADIAN. ) );
#3177 =( REPRESENTATION_RELATIONSHIP ('NONE','NONE', #2573, #1058 ) REPRESENTATION_RELATIONSHIP_WITH_TRANSFORMATION ( #4011 )SHAPE_REPRESENTATION_RELATIONSHIP( ) );
#3178 = CARTESIAN_POINT ( 'NONE',  ( 0.04630770841790421400, -1.150767665139485100, 0.2525584207203315200 ) ) ;
#3179 = DIRECTION ( 'NONE',  ( -1.000000000000000000, 0.0000000000000000000, 0.0000000000000000000 ) ) ;
#3180 = CARTESIAN_POINT ( 'NONE',  ( 4.639429981346379600E-016, -2.830121490636196700, 0.0000000000000000000 ) ) ;
#3181 = ORIENTED_EDGE ( 'NONE', *, *, #8196, .T. ) ;
#3182 = ORIENTED_EDGE ( 'NONE', *, *, #1893, .T. ) ;
#3183 = EDGE_CURVE ( 'NONE', #4043, #2747, #2332, .T. ) ;
#3184 = DIRECTION ( 'NONE',  ( -0.3162277660168377200, 0.9486832980505138800, 0.0000000000000000000 ) ) ;
#3185 = CARTESIAN_POINT ( 'NONE',  ( 0.02797211224398006900, -1.180667383842868100, 0.1521897437495431100 ) ) ;
#3186 = ORIENTED_EDGE ( 'NONE', *, *, #4931, .F. ) ;
#3187 = CARTESIAN_POINT ( 'NONE',  ( 0.04568801504738692600, 0.4007633873723709400, 0.4420729003077855700 ) ) ;
#3188 = FACE_OUTER_BOUND ( 'NONE', #5118, .T. ) ;
#3189 = DIRECTION ( 'NONE',  ( -0.005953837729687281100, 0.08880862533598038500, -0.9960309131157637500 ) ) ;
#3190 = TOROIDAL_SURFACE ( 'NONE', #2407, 0.4139249933206986000, 0.02000000000000000000 ) ;
#3191 = ORIENTED_EDGE ( 'NONE', *, *, #4038, .F. ) ;
#3192 = EDGE_CURVE ( 'NONE', #1447, #7000, #3404, .T. ) ;
#3193 = SURFACE_STYLE_FILL_AREA ( #4814 ) ;
#3194 = AXIS2_PLACEMENT_3D ( 'NONE', #2701, #7112, #3316 ) ;
#3195 = FILL_AREA_STYLE_COLOUR ( '', #2948 ) ;
#3196 = CARTESIAN_POINT ( 'NONE',  ( -0.3939249933206988000, 1.395000000000000000, 0.0000000000000000000 ) ) ;
#3197 = EDGE_CURVE ( 'NONE', #6697, #5857, #1232, .T. ) ;
#3198 = CARTESIAN_POINT ( 'NONE',  ( 0.1210356286896722700, 0.3073357932227794900, 0.3801376711287675100 ) ) ;
#3199 = ORIENTED_EDGE ( 'NONE', *, *, #3080, .T. ) ;
#3200 = ORIENTED_EDGE ( 'NONE', *, *, #5734, .F. ) ;
#3201 = B_SPLINE_CURVE_WITH_KNOTS ( 'NONE', 3,
 ( #846, #4672, #1491, #5928, #2134, #6566, #2793 ),
 .UNSPECIFIED., .F., .F.,
 ( 4, 3, 4 ),
 ( 8.216586644078459700E-017, 0.0006806336454097782900, 0.001424922211873021600 ),
 .UNSPECIFIED. ) ;
#3202 = CARTESIAN_POINT ( 'NONE',  ( 0.4500000000000049000, 1.395000000000000000, 5.510910596163151200E-017 ) ) ;
#3203 = MECHANICAL_DESIGN_GEOMETRIC_PRESENTATION_REPRESENTATION (  '', ( #1929 ), #3637 ) ;
#3204 = DIRECTION ( 'NONE',  ( -1.447553700753488400E-016, 1.000000000000000000, -0.0000000000000000000 ) ) ;
#3205 = CARTESIAN_POINT ( 'NONE',  ( 0.1158236843077576900, 0.3543379074932616100, -0.3765126485472822800 ) ) ;
#3206 = FILL_AREA_STYLE ('',( #1935 ) ) ;
#3207 = AXIS2_PLACEMENT_3D ( 'NONE', #2964, #7376, #3590 ) ;
#3208 = SURFACE_SIDE_STYLE ('',( #1173 ) ) ;
#3209 = CARTESIAN_POINT ( 'NONE',  ( -0.1250000000000000600, 0.2666198487095667900, 0.3897197719169305200 ) ) ;
#3210 = CARTESIAN_POINT ( 'NONE',  ( -1.476660268557142200E-016, 1.395000000000000000, 0.0000000000000000000 ) ) ;
#3211 = ADVANCED_FACE ( 'NONE', ( #3828 ), #431, .T. ) ;
#3212 = SURFACE_STYLE_USAGE ( .BOTH. , #7019 ) ;
#3213 =( NAMED_UNIT ( * ) PLANE_ANGLE_UNIT ( ) SI_UNIT ( $, .RADIAN. ) );
#3214 = CARTESIAN_POINT ( 'NONE',  ( -1.270000000000000500, -1.294999999999999900, -0.7700000000000003500 ) ) ;
#3215 = EDGE_LOOP ( 'NONE', ( #2083, #5385, #8099, #7561 ) ) ;
#3216 = CIRCLE ( 'NONE', #4780, 0.6099999999999994300 ) ;
#3217 = CARTESIAN_POINT ( 'NONE',  ( 0.06474188712309260400, 0.3831853566218939600, 0.4257272605630799700 ) ) ;
#3218 = SURFACE_STYLE_FILL_AREA ( #5592 ) ;
#3219 = CARTESIAN_POINT ( 'NONE',  ( -0.04172558206671474200, 0.3938666303521600700, -0.4113645716367095900 ) ) ;
#3220 = CYLINDRICAL_SURFACE ( 'NONE', #2620, 0.1000000000000000500 ) ;
#3221 = FILL_AREA_STYLE ('',( #665 ) ) ;
#3222 = EDGE_CURVE ( 'NONE', #3754, #3774, #6991, .T. ) ;
#3223 = CARTESIAN_POINT ( 'NONE',  ( 4.692985130925385000E-016, -2.867118494305994400, 0.0000000000000000000 ) ) ;
#3224 = ORIENTED_EDGE ( 'NONE', *, *, #6960, .F. ) ;
#3225 = STYLED_ITEM ( 'NONE', ( #7499 ), #2181 ) ;
#3226 = EDGE_LOOP ( 'NONE', ( #1623, #5951, #2523, #6901 ) ) ;
#3227 = CARTESIAN_POINT ( 'NONE',  ( -7.424927725979431300E-017, 0.8878219273820058300, 0.0000000000000000000 ) ) ;
#3228 = CIRCLE ( 'NONE', #5045, 0.05000000000000002400 ) ;
#3229 = CARTESIAN_POINT ( 'NONE',  ( -1.270000000000000000, 1.395000000000000000, 0.7700000000000003500 ) ) ;
#3230 = CARTESIAN_POINT ( 'NONE',  ( -0.07830374971940036500, 0.3825827510681674700, -0.3871111667109090600 ) ) ;
#3231 = EDGE_LOOP ( 'NONE', ( #6590, #7555, #7676, #248 ) ) ;
#3232 = EDGE_CURVE ( 'NONE', #4014, #895, #1933, .T. ) ;
#3233 = COLOUR_RGB ( '',0.8941176470588234600, 0.9137254901960784000, 0.9294117647058823800 ) ;
#3234 = VECTOR ( 'NONE', #2436, 1000.000000000000000 ) ;
#3235 = STYLED_ITEM ( 'NONE', ( #1300 ), #3545 ) ;
#3236 = DIRECTION ( 'NONE',  ( -1.000000000000000000, 0.0000000000000000000, 0.0000000000000000000 ) ) ;
#3237 = ORIENTED_EDGE ( 'NONE', *, *, #2328, .T. ) ;
#3238 = UNCERTAINTY_MEASURE_WITH_UNIT (LENGTH_MEASURE( 1.000000000000000100E-005 ), #6642, 'distance_accuracy_value', 'NONE');
#3239 = CARTESIAN_POINT ( 'NONE',  ( -1.445391450605552900E-016, 1.373398854608770100, 0.0000000000000000000 ) ) ;
#3240 = AXIS2_PLACEMENT_3D ( 'NONE', #4438, #617, #5074 ) ;
#3241 = CARTESIAN_POINT ( 'NONE',  ( -0.01698699319169541500, 0.3998653852408294900, 0.3966050208294635800 ) ) ;
#3242 = CARTESIAN_POINT ( 'NONE',  ( -0.02529458252240660000, -1.223183884379456200, 0.2789380977350282600 ) ) ;
#3243 = AXIS2_PLACEMENT_3D ( 'NONE', #8218, #4421, #597 ) ;
#3244 = COLOUR_RGB ( '',0.8941176470588234600, 0.9137254901960784000, 0.9294117647058823800 ) ;
#3245 = ORIENTED_EDGE ( 'NONE', *, *, #3137, .T. ) ;
#3246 = SURFACE_SIDE_STYLE ('',( #6825 ) ) ;
#3247 = CIRCLE ( 'NONE', #4912, 0.3939249933206986400 ) ;
#3248 = UNCERTAINTY_MEASURE_WITH_UNIT (LENGTH_MEASURE( 1.000000000000000100E-005 ), #3901, 'distance_accuracy_value', 'NONE');
#3249 = ADVANCED_FACE ( 'NONE', ( #1931 ), #6198, .F. ) ;
#3250 = DIRECTION ( 'NONE',  ( -1.000000000000000000, 0.0000000000000000000, 0.0000000000000000000 ) ) ;
#3251 =( NAMED_UNIT ( * ) PLANE_ANGLE_UNIT ( ) SI_UNIT ( $, .RADIAN. ) );
#3252 = ORIENTED_EDGE ( 'NONE', *, *, #5896, .F. ) ;
#3253 = CARTESIAN_POINT ( 'NONE',  ( 0.02625020742019624300, -1.206351657970315500, -0.09222205889841464400 ) ) ;
#3254 =( GEOMETRIC_REPRESENTATION_CONTEXT ( 3 ) GLOBAL_UNCERTAINTY_ASSIGNED_CONTEXT ( ( #7785 ) ) GLOBAL_UNIT_ASSIGNED_CONTEXT ( ( #2089, #6516, #2740 ) ) REPRESENTATION_CONTEXT ( 'NONE', 'WORKASPACE' ) );
#3255 = CARTESIAN_POINT ( 'NONE',  ( -0.08968981535968081900, -0.4735941809371781400, 0.3056265312436862200 ) ) ;
#3256 = ORIENTED_EDGE ( 'NONE', *, *, #4641, .F. ) ;
#3257 = ORIENTED_EDGE ( 'NONE', *, *, #1177, .F. ) ;
#3258 = CIRCLE ( 'NONE', #4076, 0.7850932023777780200 ) ;
#3259 = FILL_AREA_STYLE ('',( #4525 ) ) ;
#3260 = CARTESIAN_POINT ( 'NONE',  ( 0.8159999999999999500, 1.294999999999999700, 1.677999999999999900 ) ) ;
#3261 = VERTEX_POINT ( 'NONE', #3971 ) ;
#3262 = PRESENTATION_STYLE_ASSIGNMENT (( #8124 ) ) ;
#3263 = CARTESIAN_POINT ( 'NONE',  ( 0.09109214503312543200, -0.2391564462479870400, -0.3527891271054459700 ) ) ;
#3264 = AXIS2_PLACEMENT_3D ( 'NONE', #6677, #2890, #7305 ) ;
#3265 =( NAMED_UNIT ( * ) PLANE_ANGLE_UNIT ( ) SI_UNIT ( $, .RADIAN. ) );
#3266 = FACE_OUTER_BOUND ( 'NONE', #1229, .T. ) ;
#3267 = EDGE_CURVE ( 'NONE', #5350, #1870, #1328, .T. ) ;
#3268 = DIRECTION ( 'NONE',  ( 0.0000000000000000000, 0.0000000000000000000, 1.000000000000000000 ) ) ;
#3269 = COLOUR_RGB ( '',0.1098039215686274500, 0.1098039215686274500, 0.1098039215686274500 ) ;
#3270 = ORIENTED_EDGE ( 'NONE', *, *, #6793, .T. ) ;
#3271 = MECHANICAL_DESIGN_GEOMETRIC_PRESENTATION_REPRESENTATION (  '', ( #2444 ), #3718 ) ;
#3272 = CARTESIAN_POINT ( 'NONE',  ( -0.09897661204258267900, 0.3530595351822681800, 0.4193082672594987100 ) ) ;
#3273 = PRESENTATION_STYLE_ASSIGNMENT (( #1414 ) ) ;
#3274 = COLOUR_RGB ( '',0.8941176470588234600, 0.9137254901960784000, 0.9294117647058823800 ) ;
#3275 = CARTESIAN_POINT ( 'NONE',  ( 0.08353267560518255800, 0.4006561957270598500, -0.4413591502442703600 ) ) ;
#3276 = CARTESIAN_POINT ( 'NONE',  ( -0.02513773585898711500, -1.222945504588554400, 0.2763272670030122400 ) ) ;
#3277 = SURFACE_STYLE_FILL_AREA ( #6113 ) ;
#3278 = DIRECTION ( 'NONE',  ( 1.000000000000000000, 1.333035457973982000E-016, 0.0000000000000000000 ) ) ;
#3279 = LINE ( 'NONE', #6607, #6449 ) ;
#3280 = PRESENTATION_STYLE_ASSIGNMENT (( #4609 ) ) ;
#3281 = EDGE_LOOP ( 'NONE', ( #2780, #4068, #4347, #2030 ) ) ;
#3282 = EDGE_CURVE ( 'NONE', #7948, #7281, #4717, .T. ) ;
#3283 = CARTESIAN_POINT ( 'NONE',  ( -0.04509370141856984500, -1.161769410839485200, 0.2517611244628109600 ) ) ;
#3284 = AXIS2_PLACEMENT_3D ( 'NONE', #8244, #4447, #628 ) ;
#3285 =( NAMED_UNIT ( * ) PLANE_ANGLE_UNIT ( ) SI_UNIT ( $, .RADIAN. ) );
#3286 = VECTOR ( 'NONE', #5738, 1000.000000000000000 ) ;
#3287 = ORIENTED_EDGE ( 'NONE', *, *, #6512, .F. ) ;
#3288 = FILL_AREA_STYLE ('',( #7357 ) ) ;
#3289 = ORIENTED_EDGE ( 'NONE', *, *, #5776, .T. ) ;
#3290 = SURFACE_SIDE_STYLE ('',( #2352 ) ) ;
#3291 = DIRECTION ( 'NONE',  ( -1.447553700753488400E-016, 1.000000000000000000, -0.0000000000000000000 ) ) ;
#3292 =( GEOMETRIC_REPRESENTATION_CONTEXT ( 3 ) GLOBAL_UNCERTAINTY_ASSIGNED_CONTEXT ( ( #5193 ) ) GLOBAL_UNIT_ASSIGNED_CONTEXT ( ( #7135, #3339, #7795 ) ) REPRESENTATION_CONTEXT ( 'NONE', 'WORKASPACE' ) );
#3293 = CARTESIAN_POINT ( 'NONE',  ( 0.1180253205482358100, 0.3525217918726917300, -0.3757417101686158500 ) ) ;
#3294 = ADVANCED_FACE ( 'NONE', ( #7898 ), #7214, .T. ) ;
#3295 = AXIS2_PLACEMENT_3D ( 'NONE', #2894, #7307, #3514 ) ;
#3296 = ORIENTED_EDGE ( 'NONE', *, *, #2113, .T. ) ;
#3297 = FACE_OUTER_BOUND ( 'NONE', #5251, .T. ) ;
#3298 =( NAMED_UNIT ( * ) SI_UNIT ( $, .STERADIAN. ) SOLID_ANGLE_UNIT ( ) );
#3299 = B_SPLINE_CURVE_WITH_KNOTS ( 'NONE', 3,
 ( #4082, #6563, #2840, #7254, #3458, #7912, #4108, #290, #4749, #924 ),
 .UNSPECIFIED., .F., .F.,
 ( 4, 3, 3, 4 ),
 ( 3.178494465141938700E-017, 4.000000501730202700E-005, 0.0002000171220887309800, 0.0002307887622134710800 ),
 .UNSPECIFIED. ) ;
#3300 = EDGE_CURVE ( 'NONE', #5287, #6915, #7688, .T. ) ;
#3301 = DIRECTION ( 'NONE',  ( 1.447553700753488400E-016, -1.000000000000000000, 0.0000000000000000000 ) ) ;
#3302 = CARTESIAN_POINT ( 'NONE',  ( -0.1257847930699634000, 0.2783259779124367900, 0.3787840609022052300 ) ) ;
#3303 = CARTESIAN_POINT ( 'NONE',  ( -0.1273296167111906700, 0.3013688739725553500, -0.3926445623959670100 ) ) ;
#3304 = CONICAL_SURFACE ( 'NONE', #3639, 0.4439249933206986800, 0.09093103908173233400 ) ;
#3305 = MECHANICAL_DESIGN_GEOMETRIC_PRESENTATION_REPRESENTATION (  '', ( #2478 ), #3752 ) ;
#3306 = CARTESIAN_POINT ( 'NONE',  ( 0.1057554921673026200, 0.3678253753476034600, -0.4312508631763186700 ) ) ;
#3307 = CARTESIAN_POINT ( 'NONE',  ( 0.04978749811896360900, -1.205082627581610000, -0.2976813273944592400 ) ) ;
#3308 = EDGE_LOOP ( 'NONE', ( #6933, #6899, #6674 ) ) ;
#3309 = VECTOR ( 'NONE', #3988, 1000.000000000000100 ) ;
#3310 = CARTESIAN_POINT ( 'NONE',  ( 1.370000000000000100, 1.395000000000000000, -0.6700000000000002600 ) ) ;
#3311 = CARTESIAN_POINT ( 'NONE',  ( 0.1249999999999997400, 0.2666198487095638400, 0.3792098549233096100 ) ) ;
#3312 = MECHANICAL_DESIGN_GEOMETRIC_PRESENTATION_REPRESENTATION (  '', ( #2045 ), #3763 ) ;
#3313 = PRESENTATION_LAYER_ASSIGNMENT (  '', '', ( #2916 ) ) ;
#3314 = CARTESIAN_POINT ( 'NONE',  ( 0.05780390862093088400, -0.7356903878576471800, 0.3151364890231295700 ) ) ;
#3315 = ORIENTED_EDGE ( 'NONE', *, *, #4138, .F. ) ;
#3316 = DIRECTION ( 'NONE',  ( 1.000000000000000000, 1.777380610631976200E-016, 0.0000000000000000000 ) ) ;
#3317 = EDGE_CURVE ( 'NONE', #3671, #1101, #1129, .T. ) ;
#3318 = DIRECTION ( 'NONE',  ( -1.447553700753488400E-016, 1.000000000000000000, -0.0000000000000000000 ) ) ;
#3319 = ORIENTED_EDGE ( 'NONE', *, *, #931, .T. ) ;
#3320 = DIRECTION ( 'NONE',  ( 0.0000000000000000000, 0.0000000000000000000, 1.000000000000000000 ) ) ;
#3321 = CARTESIAN_POINT ( 'NONE',  ( 0.1291783635813464900, 0.3300799325273340300, 0.3699095911764708200 ) ) ;
#3322 = CARTESIAN_POINT ( 'NONE',  ( -7.304618040577853400E-017, 0.8795106857790895300, 0.0000000000000000000 ) ) ;
#3323 = VERTEX_POINT ( 'NONE', #4027 ) ;
#3324 = DIRECTION ( 'NONE',  ( 0.0000000000000000000, 0.0000000000000000000, 1.000000000000000000 ) ) ;
#3325 = ORIENTED_EDGE ( 'NONE', *, *, #4750, .T. ) ;
#3326 = PRODUCT_RELATED_PRODUCT_CATEGORY ( 'part', '', ( #2066 ) ) ;
#3327 = FACE_OUTER_BOUND ( 'NONE', #3226, .T. ) ;
#3328 = EDGE_CURVE ( 'NONE', #7000, #8058, #4320, .T. ) ;
#3329 = DIRECTION ( 'NONE',  ( -1.447553700753488400E-016, 1.000000000000000000, -0.0000000000000000000 ) ) ;
#3330 = FILL_AREA_STYLE ('',( #129 ) ) ;
#3331 = ADVANCED_FACE ( 'NONE', ( #2638 ), #5742, .T. ) ;
#3332 =( GEOMETRIC_REPRESENTATION_CONTEXT ( 3 ) GLOBAL_UNCERTAINTY_ASSIGNED_CONTEXT ( ( #803 ) ) GLOBAL_UNIT_ASSIGNED_CONTEXT ( ( #3936, #110, #4579 ) ) REPRESENTATION_CONTEXT ( 'NONE', 'WORKASPACE' ) );
#3333 = ORIENTED_EDGE ( 'NONE', *, *, #8125, .F. ) ;
#3334 = ADVANCED_FACE ( 'NONE', ( #5994 ), #327, .T. ) ;
#3335 = ORIENTED_EDGE ( 'NONE', *, *, #3232, .T. ) ;
#3336 = CARTESIAN_POINT ( 'NONE',  ( 0.02820282449103589000, -1.222213169675451700, -0.2871043138259515300 ) ) ;
#3337 = SURFACE_SIDE_STYLE ('',( #5506 ) ) ;
#3338 = EDGE_CURVE ( 'NONE', #3356, #6510, #5201, .T. ) ;
#3339 =( NAMED_UNIT ( * ) PLANE_ANGLE_UNIT ( ) SI_UNIT ( $, .RADIAN. ) );
#3340 = UNCERTAINTY_MEASURE_WITH_UNIT (LENGTH_MEASURE( 1.000000000000000100E-005 ), #912, 'distance_accuracy_value', 'NONE');
#3341 = CARTESIAN_POINT ( 'NONE',  ( 0.8999999999999993600, 0.7450000000000001100, 1.102182119232617000E-016 ) ) ;
#3342 = FILL_AREA_STYLE_COLOUR ( '', #6157 ) ;
#3343 = AXIS2_PLACEMENT_3D ( 'NONE', #4834, #1025, #5469 ) ;
#3344 = FACE_OUTER_BOUND ( 'NONE', #7095, .T. ) ;
#3345 = FACE_OUTER_BOUND ( 'NONE', #7337, .T. ) ;
#3346 = DIRECTION ( 'NONE',  ( 0.4472135954999580400, -0.0000000000000000000, 0.8944271909999157400 ) ) ;
#3347 = CARTESIAN_POINT ( 'NONE',  ( 0.02965122879701235400, -1.155621348054870700, 0.2717973794385593100 ) ) ;
#3348 = PLANE ( 'NONE',  #901 ) ;
#3349 = EDGE_CURVE ( 'NONE', #7486, #4791, #6889, .T. ) ;
#3350 = DIRECTION ( 'NONE',  ( -1.000000000000000000, -0.0000000000000000000, -1.084202172485506400E-015 ) ) ;
#3351 = CARTESIAN_POINT ( 'NONE',  ( 0.4000000000000054100, -2.382506345545577700, 4.898587196589474100E-017 ) ) ;
#3352 = CARTESIAN_POINT ( 'NONE',  ( 0.1044743228116762600, 0.3442290265984077600, 0.3794640489915147600 ) ) ;
#3353 = CARTESIAN_POINT ( 'NONE',  ( -1.270000000000000000, 1.395000000000000000, -0.6700000000000003700 ) ) ;
#3354 = VERTEX_POINT ( 'NONE', #1886 ) ;
#3355 =( NAMED_UNIT ( * ) SI_UNIT ( $, .STERADIAN. ) SOLID_ANGLE_UNIT ( ) );
#3356 = VERTEX_POINT ( 'NONE', #2138 ) ;
#3357 = SURFACE_STYLE_FILL_AREA ( #4312 ) ;
#3358 = UNCERTAINTY_MEASURE_WITH_UNIT (LENGTH_MEASURE( 1.000000000000000100E-005 ), #4859, 'distance_accuracy_value', 'NONE');
#3359 = ORIENTED_EDGE ( 'NONE', *, *, #3080, .F. ) ;
#3360 =( GEOMETRIC_REPRESENTATION_CONTEXT ( 3 ) GLOBAL_UNCERTAINTY_ASSIGNED_CONTEXT ( ( #4232 ) ) GLOBAL_UNIT_ASSIGNED_CONTEXT ( ( #432, #4877, #1073 ) ) REPRESENTATION_CONTEXT ( 'NONE', 'WORKASPACE' ) );
#3361 = STYLED_ITEM ( 'NONE', ( #6469 ), #5794 ) ;
#3362 = MECHANICAL_DESIGN_GEOMETRIC_PRESENTATION_REPRESENTATION (  '', ( #2534 ), #3806 ) ;
#3363 = DIRECTION ( 'NONE',  ( -1.000000000000000000, 0.0000000000000000000, 0.0000000000000000000 ) ) ;
#3364 = SURFACE_SIDE_STYLE ('',( #2594 ) ) ;
#3365 = CARTESIAN_POINT ( 'NONE',  ( 4.920127644676020900E-017, 0.03500000000000009400, 0.0000000000000000000 ) ) ;
#3366 = ORIENTED_EDGE ( 'NONE', *, *, #20, .T. ) ;
#3367 = FACE_OUTER_BOUND ( 'NONE', #1197, .T. ) ;
#3368 = SURFACE_STYLE_FILL_AREA ( #3716 ) ;
#3369 =( NAMED_UNIT ( * ) PLANE_ANGLE_UNIT ( ) SI_UNIT ( $, .RADIAN. ) );
#3370 = PRESENTATION_LAYER_ASSIGNMENT (  '', '', ( #2539 ) ) ;
#3371 = CARTESIAN_POINT ( 'NONE',  ( -0.1187226156114863500, 0.3224458288446893600, 0.3732063262255538300 ) ) ;
#3372 = PRESENTATION_STYLE_ASSIGNMENT (( #7414 ) ) ;
#3373 = ORIENTED_EDGE ( 'NONE', *, *, #6043, .F. ) ;
#3374 = VECTOR ( 'NONE', #1422, 1000.000000000000000 ) ;
#3375 = CARTESIAN_POINT ( 'NONE',  ( -0.04784238332212900600, -1.168868921937331400, 0.2301144326776780600 ) ) ;
#3376 = CARTESIAN_POINT ( 'NONE',  ( -1.370000000000000300, -1.395000000000000000, 0.6700000000000003700 ) ) ;
#3377 = DIRECTION ( 'NONE',  ( -1.000000000000000000, 0.0000000000000000000, 0.0000000000000000000 ) ) ;
#3378 = ADVANCED_FACE ( 'NONE', ( #114 ), #2929, .T. ) ;
#3379 =( LENGTH_UNIT ( ) NAMED_UNIT ( * ) SI_UNIT ( .MILLI., .METRE. ) );
#3380 =( NAMED_UNIT ( * ) PLANE_ANGLE_UNIT ( ) SI_UNIT ( $, .RADIAN. ) );
#3381 = CARTESIAN_POINT ( 'NONE',  ( 0.3018161156205431700, -1.205082627581609600, 0.0000000000000000000 ) ) ;
#3382 = ORIENTED_EDGE ( 'NONE', *, *, #2068, .F. ) ;
#3383 = DIRECTION ( 'NONE',  ( -2.168404344971007700E-015, 0.0000000000000000000, -1.000000000000000000 ) ) ;
#3384 = VECTOR ( 'NONE', #2875, 1000.000000000000000 ) ;
#3385 = ADVANCED_FACE ( 'NONE', ( #1225, #91 ), #3839, .T. ) ;
#3386 = CYLINDRICAL_SURFACE ( 'NONE', #3690, 0.4439249933206987400 ) ;
#3387 = MECHANICAL_DESIGN_GEOMETRIC_PRESENTATION_REPRESENTATION (  '', ( #2550 ), #3821 ) ;
#3388 = DIRECTION ( 'NONE',  ( 1.000000000000000000, 0.0000000000000000000, -1.224646799147355700E-016 ) ) ;
#3389 = EDGE_CURVE ( 'NONE', #8138, #5322, #4990, .T. ) ;
#3390 = CARTESIAN_POINT ( 'NONE',  ( -0.03057919643951924000, -1.220719472394179900, -0.2903075681394132700 ) ) ;
#3391 = CARTESIAN_POINT ( 'NONE',  ( 0.1245474411000188400, 0.2941907802027475800, -0.4483722402517036400 ) ) ;
#3392 = EDGE_LOOP ( 'NONE', ( #6181, #5439, #649, #2077, #6046 ) ) ;
#3393 = ORIENTED_EDGE ( 'NONE', *, *, #4524, .F. ) ;
#3394 = COLOUR_RGB ( '',0.8941176470588234600, 0.9137254901960784000, 0.9294117647058823800 ) ;
#3395 = CARTESIAN_POINT ( 'NONE',  ( 1.449757355770272100E-013, -1001.147437826952700, 0.0000000000000000000 ) ) ;
#3396 = ORIENTED_EDGE ( 'NONE', *, *, #946, .T. ) ;
#3397 = EDGE_CURVE ( 'NONE', #4953, #6510, #8162, .T. ) ;
#3398 = ORIENTED_EDGE ( 'NONE', *, *, #5136, .T. ) ;
#3399 = CARTESIAN_POINT ( 'NONE',  ( -0.02781850316789392600, -1.182958647311183500, -0.2510745754592743600 ) ) ;
#3400 = AXIS2_PLACEMENT_3D ( 'NONE', #4424, #7605, #2119 ) ;
#3401 = CARTESIAN_POINT ( 'NONE',  ( 1.047289553116290300E-015, -6.859999999999995900, 0.0000000000000000000 ) ) ;
#3402 = CARTESIAN_POINT ( 'NONE',  ( 0.1061222780677306400, 0.3681104556797418200, 0.3793612558768063600 ) ) ;
#3403 = CARTESIAN_POINT ( 'NONE',  ( 0.02513243104745637200, -1.223024632209491300, 0.2771991270210189000 ) ) ;
#3404 = B_SPLINE_CURVE_WITH_KNOTS ( 'NONE', 3,
 ( #2597, #5130, #706, #5156 ),
 .UNSPECIFIED., .F., .F.,
 ( 4, 4 ),
 ( 4.888429609190592800E-019, 2.626378288018079000E-006 ),
 .UNSPECIFIED. ) ;
#3405 = DIRECTION ( 'NONE',  ( 1.000000000000000000, 0.0000000000000000000, 0.0000000000000000000 ) ) ;
#3406 = DIRECTION ( 'NONE',  ( -1.000000000000000000, -1.668003342285392800E-016, 0.0000000000000000000 ) ) ;
#3407 = CARTESIAN_POINT ( 'NONE',  ( -0.06865833474570294500, 0.3805683806545178700, -0.4205632025086945600 ) ) ;
#3408 = CONTEXT_DEPENDENT_SHAPE_REPRESENTATION ( #4870, #7729 ) ;
#3409 = DIRECTION ( 'NONE',  ( -1.000000000000000000, 0.0000000000000000000, 0.0000000000000000000 ) ) ;
#3410 = STYLED_ITEM ( 'NONE', ( #1885 ), #370 ) ;
#3411 = CARTESIAN_POINT ( 'NONE',  ( -0.1449552057015386900, 0.2652820275670818000, 0.3792098549233096100 ) ) ;
#3412 =( GEOMETRIC_REPRESENTATION_CONTEXT ( 3 ) GLOBAL_UNCERTAINTY_ASSIGNED_CONTEXT ( ( #8237 ) ) GLOBAL_UNIT_ASSIGNED_CONTEXT ( ( #331, #4786, #966 ) ) REPRESENTATION_CONTEXT ( 'NONE', 'WORKASPACE' ) );
#3413 =( NAMED_UNIT ( * ) PLANE_ANGLE_UNIT ( ) SI_UNIT ( $, .RADIAN. ) );
#3414 = DIRECTION ( 'NONE',  ( 1.447553700753488400E-016, -1.000000000000000000, 0.0000000000000000000 ) ) ;
#3415 = FILL_AREA_STYLE_COLOUR ( '', #3233 ) ;
#3416 = CARTESIAN_POINT ( 'NONE',  ( 0.07599501632822158700, 0.3745991186151964600, -0.3675502493239707900 ) ) ;
#3417 = CARTESIAN_POINT ( 'NONE',  ( 3.238291957217295100E-018, 0.3525217918728543700, 0.0000000000000000000 ) ) ;
#3418 = CARTESIAN_POINT ( 'NONE',  ( 0.1125419470694069100, 0.3310702988320245500, -0.3916687649595590500 ) ) ;
#3419 = ADVANCED_FACE ( 'NONE', ( #1597 ), #4591, .F. ) ;
#3420 = MECHANICAL_DESIGN_GEOMETRIC_PRESENTATION_REPRESENTATION (  '', ( #2588 ), #3855 ) ;
#3421 = VERTEX_POINT ( 'NONE', #7664 ) ;
#3422 = ADVANCED_FACE ( 'NONE', ( #6672 ), #3105, .T. ) ;
#3423 = SURFACE_SIDE_STYLE ('',( #7595 ) ) ;
#3424 = ORIENTED_EDGE ( 'NONE', *, *, #6851, .F. ) ;
#3425 = ORIENTED_EDGE ( 'NONE', *, *, #472, .T. ) ;
#3426 = CIRCLE ( 'NONE', #6795, 0.2350352011263656900 ) ;
#3427 = CIRCLE ( 'NONE', #3264, 0.6499999999999995800 ) ;
#3428 = CARTESIAN_POINT ( 'NONE',  ( -0.05912273093319508200, 0.4074035661617444500, 0.3897606940334270000 ) ) ;
#3429 = TOROIDAL_SURFACE ( 'NONE', #5888, 0.3739249933206986200, 0.02000000000000000000 ) ;
#3430 = STYLED_ITEM ( 'NONE', ( #8013 ), #7364 ) ;
#3431 = CARTESIAN_POINT ( 'NONE',  ( 0.1250039847877977300, 0.2666795064426569200, 0.3792148628950601800 ) ) ;
#3432 = CARTESIAN_POINT ( 'NONE',  ( -0.1250000000000000600, 0.2666198487095667900, 0.3792098549233096100 ) ) ;
#3433 = EDGE_CURVE ( 'NONE', #4234, #5848, #7970, .T. ) ;
#3434 = CARTESIAN_POINT ( 'NONE',  ( 0.09510935279723688200, 0.3577443645101482400, -0.4110287651296215500 ) ) ;
#3435 = EDGE_LOOP ( 'NONE', ( #4069, #7389, #6973, #4560 ) ) ;
#3436 = DIRECTION ( 'NONE',  ( 1.000000000000000000, -0.0000000000000000000, 0.0000000000000000000 ) ) ;
#3437 = LINE ( 'NONE', #6860, #3234 ) ;
#3438 = DIRECTION ( 'NONE',  ( 1.000000000000000000, 2.362879837979762600E-016, 0.0000000000000000000 ) ) ;
#3439 = FILL_AREA_STYLE_COLOUR ( '', #5816 ) ;
#3440 = CARTESIAN_POINT ( 'NONE',  ( -0.003401734235262663500, 0.4002344007844622600, -0.4308214858222937900 ) ) ;
#3441 = CARTESIAN_POINT ( 'NONE',  ( -7.424927725979709800E-017, 0.8878219273820250300, 0.0000000000000000000 ) ) ;
#3442 = ORIENTED_EDGE ( 'NONE', *, *, #5784, .T. ) ;
#3443 = EDGE_CURVE ( 'NONE', #5612, #5771, #4789, .T. ) ;
#3444 = DIRECTION ( 'NONE',  ( -0.4472135954999580900, 0.0000000000000000000, 0.8944271909999158600 ) ) ;
#3445 =( GEOMETRIC_REPRESENTATION_CONTEXT ( 3 ) GLOBAL_UNCERTAINTY_ASSIGNED_CONTEXT ( ( #5487 ) ) GLOBAL_UNIT_ASSIGNED_CONTEXT ( ( #2677, #7092, #3298 ) ) REPRESENTATION_CONTEXT ( 'NONE', 'WORKASPACE' ) );
#3446 = UNCERTAINTY_MEASURE_WITH_UNIT (LENGTH_MEASURE( 1.000000000000000100E-005 ), #7977, 'distance_accuracy_value', 'NONE');
#3447 = VERTEX_POINT ( 'NONE', #6395 ) ;
#3448 = CARTESIAN_POINT ( 'NONE',  ( 0.04588176495623878800, -1.155142525717586500, 0.2518506063042313400 ) ) ;
#3449 = CIRCLE ( 'NONE', #3207, 0.5146446609406722900 ) ;
#3450 = PRESENTATION_LAYER_ASSIGNMENT (  '', '', ( #2185 ) ) ;
#3451 = DIRECTION ( 'NONE',  ( -1.447553700753488400E-016, 1.000000000000000000, -0.0000000000000000000 ) ) ;
#3452 = CARTESIAN_POINT ( 'NONE',  ( -0.06651721462602204500, -0.9685039053754089800, 0.3167547351728124400 ) ) ;
#3453 = MECHANICAL_DESIGN_GEOMETRIC_PRESENTATION_REPRESENTATION (  '', ( #2626 ), #3891 ) ;
#3454 = COLOUR_RGB ( '',0.8941176470588234600, 0.9137254901960784000, 0.9294117647058823800 ) ;
#3455 = ORIENTED_EDGE ( 'NONE', *, *, #2, .T. ) ;
#3456 = ADVANCED_FACE ( 'NONE', ( #2910 ), #7150, .T. ) ;
#3457 = DIRECTION ( 'NONE',  ( 0.0000000000000000000, 0.0000000000000000000, -1.000000000000000000 ) ) ;
#3458 = CARTESIAN_POINT ( 'NONE',  ( 0.04859015532845770800, -1.160647776417383500, -0.1371440163957346200 ) ) ;
#3459 = EDGE_CURVE ( 'NONE', #3929, #4167, #599, .T. ) ;
#3460 = ORIENTED_EDGE ( 'NONE', *, *, #7441, .T. ) ;
#3461 = EDGE_LOOP ( 'NONE', ( #3245, #6711 ) ) ;
#3462 = ADVANCED_FACE ( 'NONE', ( #3990 ), #6963, .T. ) ;
#3463 = CARTESIAN_POINT ( 'NONE',  ( 0.1249999999999998900, 0.2666198487095668400, 0.3792098549233092800 ) ) ;
#3464 =( NAMED_UNIT ( * ) SI_UNIT ( $, .STERADIAN. ) SOLID_ANGLE_UNIT ( ) );
#3465 = FACE_OUTER_BOUND ( 'NONE', #5288, .T. ) ;
#3466 = ORIENTED_EDGE ( 'NONE', *, *, #479, .F. ) ;
#3467 = STYLED_ITEM ( 'NONE', ( #2310 ), #5967 ) ;
#3468 = CARTESIAN_POINT ( 'NONE',  ( -0.08950239281696720200, 0.3637608757300500000, -0.3699400896968842400 ) ) ;
#3469 = CARTESIAN_POINT ( 'NONE',  ( 3.238291957217229300E-018, 0.3525217918728547600, 0.0000000000000000000 ) ) ;
#3470 = CARTESIAN_POINT ( 'NONE',  ( -0.1049138835530978200, 0.3435813115014445000, -0.3790057711047986100 ) ) ;
#3471 = CARTESIAN_POINT ( 'NONE',  ( 7.787932489870814600E-017, -0.1631138830084181100, 0.0000000000000000000 ) ) ;
#3472 = CARTESIAN_POINT ( 'NONE',  ( 0.1271363873288738100, 0.3526719237013085700, -0.4252583076315872300 ) ) ;
#3473 = DIRECTION ( 'NONE',  ( -1.447553700753488400E-016, 1.000000000000000000, -0.0000000000000000000 ) ) ;
#3474 = VECTOR ( 'NONE', #2130, 1000.000000000000000 ) ;
#3475 = DIRECTION ( 'NONE',  ( 0.005953837729689440800, 0.08880862533597805300, -0.9960309131157640800 ) ) ;
#3476 = ORIENTED_EDGE ( 'NONE', *, *, #1961, .T. ) ;
#3477 = TOROIDAL_SURFACE ( 'NONE', #5278, 0.4239249933206987700, 0.02000000000000000000 ) ;
#3478 = TOROIDAL_SURFACE ( 'NONE', #2681, 0.6499999999999994700, 0.05000000000000000300 ) ;
#3479 = PRESENTATION_LAYER_ASSIGNMENT (  '', '', ( #3066 ) ) ;
#3480 = CARTESIAN_POINT ( 'NONE',  ( 0.1250039846481580400, 0.2666795043442997100, 0.3897248045160951500 ) ) ;
#3481 = COLOUR_RGB ( '',0.1098039215686274500, 0.1098039215686274500, 0.1098039215686274500 ) ;
#3482 = ORIENTED_EDGE ( 'NONE', *, *, #2665, .T. ) ;
#3483 = PRESENTATION_STYLE_ASSIGNMENT (( #5073 ) ) ;
#3484 = CARTESIAN_POINT ( 'NONE',  ( -0.1250000000000000600, 0.2666198487095667900, 0.4322904116447698300 ) ) ;
#3485 = CARTESIAN_POINT ( 'NONE',  ( 0.04564656084610413400, -1.160862816988803800, -0.2487642354411918900 ) ) ;
#3486 = FILL_AREA_STYLE ('',( #2215 ) ) ;
#3487 = MANIFOLD_SOLID_BREP ( 'Fillet1', #1446 ) ;
#3488 = DIRECTION ( 'NONE',  ( 0.8944271909999156300, 0.0000000000000000000, 0.4472135954999583700 ) ) ;
#3489 = ORIENTED_EDGE ( 'NONE', *, *, #1619, .T. ) ;
#3490 = AXIS2_PLACEMENT_3D ( 'NONE', #2439, #6865, #3069 ) ;
#3491 = ORIENTED_EDGE ( 'NONE', *, *, #7367, .F. ) ;
#3492 = EDGE_CURVE ( 'NONE', #3110, #6389, #4873, .T. ) ;
#3493 = CARTESIAN_POINT ( 'NONE',  ( -1.476660268557142200E-016, 1.395000000000000000, 0.0000000000000000000 ) ) ;
#3494 = PRESENTATION_LAYER_ASSIGNMENT (  '', '', ( #3082 ) ) ;
#3495 = CARTESIAN_POINT ( 'NONE',  ( -0.1248962915426118800, 0.2902756521826465000, -0.4484804473048466500 ) ) ;
#3496 = DIRECTION ( 'NONE',  ( -1.000000000000000000, -1.807003620809175900E-016, 0.0000000000000000000 ) ) ;
#3497 = UNCERTAINTY_MEASURE_WITH_UNIT (LENGTH_MEASURE( 1.000000000000000100E-005 ), #7162, 'distance_accuracy_value', 'NONE');
#3498 = CARTESIAN_POINT ( 'NONE',  ( 0.2818987432021538000, -1.203266511961066800, 0.0000000000000000000 ) ) ;
#3499 = CARTESIAN_POINT ( 'NONE',  ( -0.06651721462602212800, -0.9685039053754092000, -0.3167547351728144900 ) ) ;
#3500 = SURFACE_SIDE_STYLE ('',( #2600 ) ) ;
#3501 = DIRECTION ( 'NONE',  ( 0.5679770921754956300, 0.8230443625734085200, 6.955713279217422300E-017 ) ) ;
#3502 = DIRECTION ( 'NONE',  ( -0.8944271909999156300, 0.0000000000000000000, -0.4472135954999583700 ) ) ;
#3503 = ADVANCED_FACE ( 'NONE', ( #8256 ), #3190, .T. ) ;
#3504 = CARTESIAN_POINT ( 'NONE',  ( -0.1325619045327508200, 0.3179826531446582900, -0.3675164792730561400 ) ) ;
#3505 = ADVANCED_FACE ( 'NONE', ( #6367 ), #8064, .F. ) ;
#3506 = EDGE_CURVE ( 'NONE', #2280, #2318, #6555, .T. ) ;
#3507 = PRESENTATION_LAYER_ASSIGNMENT (  '', '', ( #3097 ) ) ;
#3508 = CARTESIAN_POINT ( 'NONE',  ( 0.02100258615731036600, 0.3992583533952341900, 0.4294220695271037700 ) ) ;
#3509 = PRESENTATION_STYLE_ASSIGNMENT (( #4848 ) ) ;
#3510 = UNCERTAINTY_MEASURE_WITH_UNIT (LENGTH_MEASURE( 1.000000000000000100E-005 ), #6877, 'distance_accuracy_value', 'NONE');
#3511 = CARTESIAN_POINT ( 'NONE',  ( 0.02878729518101578700, -1.168507953350748800, 0.2300327145526031300 ) ) ;
#3512 = CARTESIAN_POINT ( 'NONE',  ( -1.208196601125011400, 1.395000000000000000, 0.6700000000000001500 ) ) ;
#3513 = COLOUR_RGB ( '',0.1098039215686274500, 0.1098039215686274500, 0.1098039215686274500 ) ;
#3514 = DIRECTION ( 'NONE',  ( 0.8944271909999156300, 0.0000000000000000000, 0.4472135954999583700 ) ) ;
#3515 = ORIENTED_EDGE ( 'NONE', *, *, #3197, .T. ) ;
#3516 = CARTESIAN_POINT ( 'NONE',  ( -0.4588477818713311800, 0.9006430729718479800, 0.0000000000000000000 ) ) ;
#3517 = PRESENTATION_LAYER_ASSIGNMENT (  '', '', ( #2244 ) ) ;
#3518 = AXIS2_PLACEMENT_3D ( 'NONE', #5628, #1822, #6263 ) ;
#3519 = FACE_OUTER_BOUND ( 'NONE', #5620, .T. ) ;
#3520 = CYLINDRICAL_SURFACE ( 'NONE', #6852, 0.6099999999999994300 ) ;
#3521 = STYLED_ITEM ( 'NONE', ( #6734 ), #5219 ) ;
#3522 = DIRECTION ( 'NONE',  ( -1.000000000000000000, -1.221154686938587200E-016, 0.0000000000000000000 ) ) ;
#3523 = CARTESIAN_POINT ( 'NONE',  ( -0.1518986748799416600, 0.2634659119465385700, 0.4083876577056690900 ) ) ;
#3524 = ORIENTED_EDGE ( 'NONE', *, *, #3867, .T. ) ;
#3525 = SURFACE_STYLE_USAGE ( .BOTH. , #7315 ) ;
#3526 = ORIENTED_EDGE ( 'NONE', *, *, #5329, .F. ) ;
#3527 = COLOUR_RGB ( '',0.1098039215686274500, 0.1098039215686274500, 0.1098039215686274500 ) ;
#3528 = COLOUR_RGB ( '',0.1098039215686274500, 0.1098039215686274500, 0.1098039215686274500 ) ;
#3529 = DIRECTION ( 'NONE',  ( 0.0000000000000000000, 1.000000000000000000, 0.0000000000000000000 ) ) ;
#3530 = DIRECTION ( 'NONE',  ( -1.447553700753488400E-016, 1.000000000000000000, -0.0000000000000000000 ) ) ;
#3531 = CARTESIAN_POINT ( 'NONE',  ( -0.02916781694144741600, -1.162832015243488300, -0.2549952596572502800 ) ) ;
#3532 = DIRECTION ( 'NONE',  ( 1.447553700753488400E-016, -1.000000000000000000, 0.0000000000000000000 ) ) ;
#3533 = DIRECTION ( 'NONE',  ( -1.447553700753488400E-016, 1.000000000000000000, -0.0000000000000000000 ) ) ;
#3534 = AXIS2_PLACEMENT_3D ( 'NONE', #2831, #3444, #2201 ) ;
#3535 = ORIENTED_EDGE ( 'NONE', *, *, #304, .T. ) ;
#3536 =( LENGTH_UNIT ( ) NAMED_UNIT ( * ) SI_UNIT ( .MILLI., .METRE. ) );
#3537 = ORIENTED_EDGE ( 'NONE', *, *, #2629, .T. ) ;
#3538 = SPHERICAL_SURFACE ( 'NONE', #6946, 0.1000000000000000100 ) ;
#3539 = CARTESIAN_POINT ( 'NONE',  ( -0.1192785049739789200, 0.3160164861124815100, 0.3976914599269366600 ) ) ;
#3540 = DIRECTION ( 'NONE',  ( 1.000000000000000000, 0.0000000000000000000, -1.224646799147353200E-016 ) ) ;
#3541 = CARTESIAN_POINT ( 'NONE',  ( 4.660967422637649700E-016, -2.845000000000000600, 0.0000000000000000000 ) ) ;
#3542 = ORIENTED_EDGE ( 'NONE', *, *, #7646, .F. ) ;
#3543 = DIRECTION ( 'NONE',  ( 1.000000000000000000, 1.447553700753488400E-016, 0.0000000000000000000 ) ) ;
#3544 = AXIS2_PLACEMENT_3D ( 'NONE', #4868, #4925, #1124 ) ;
#3545 = ADVANCED_FACE ( 'NONE', ( #3004 ), #7249, .F. ) ;
#3546 = DIRECTION ( 'NONE',  ( -1.000000000000000000, 0.0000000000000000000, 0.0000000000000000000 ) ) ;
#3547 = EDGE_CURVE ( 'NONE', #3899, #7281, #5135, .T. ) ;
#3548 = SURFACE_STYLE_USAGE ( .BOTH. , #7338 ) ;
#3549 = MECHANICAL_DESIGN_GEOMETRIC_PRESENTATION_REPRESENTATION (  '', ( #2710 ), #3981 ) ;
#3550 = FACE_OUTER_BOUND ( 'NONE', #5354, .T. ) ;
#3551 = CARTESIAN_POINT ( 'NONE',  ( -0.05984158145819591000, -0.7052960553653532200, 0.3446300716582961200 ) ) ;
#3552 = LINE ( 'NONE', #8134, #6730 ) ;
#3553 = CARTESIAN_POINT ( 'NONE',  ( 0.04989976583503019600, -1.152583780759946400, -0.2721492054816724300 ) ) ;
#3554 = EDGE_CURVE ( 'NONE', #8138, #5612, #5764, .T. ) ;
#3555 =( LENGTH_UNIT ( ) NAMED_UNIT ( * ) SI_UNIT ( .MILLI., .METRE. ) );
#3556 = CARTESIAN_POINT ( 'NONE',  ( -0.1069241233671471000, 0.3402872455622173400, 0.3947430299118224200 ) ) ;
#3557 = CARTESIAN_POINT ( 'NONE',  ( -0.1250000000000000600, 0.2666198487095667900, 0.4322904116447698300 ) ) ;
#3558 = DIRECTION ( 'NONE',  ( 1.447553700753488400E-016, -1.000000000000000000, 0.0000000000000000000 ) ) ;
#3559 = VECTOR ( 'NONE', #210, 1000.000000000000100 ) ;
#3560 = B_SPLINE_CURVE_WITH_KNOTS ( 'NONE', 3,
 ( #288, #4107, #5380, #1563, #6014, #2214, #6644, #2866, #7274, #3485, #7935, #4136, #318, #4771, #954, #5398 ),
 .UNSPECIFIED., .F., .F.,
 ( 4, 3, 3, 3, 3, 4 ),
 ( 0.0000000000000000000, 7.271379421503596000E-006, 1.438678819316186900E-005, 2.125242423484730400E-005, 2.792517051366449200E-005, 3.213622484119881900E-005 ),
 .UNSPECIFIED. ) ;
#3561 = VERTEX_POINT ( 'NONE', #7842 ) ;
#3562 = ORIENTED_EDGE ( 'NONE', *, *, #1258, .T. ) ;
#3563 = DIRECTION ( 'NONE',  ( 0.0000000000000000000, -0.0000000000000000000, -1.000000000000000000 ) ) ;
#3564 = SURFACE_STYLE_FILL_AREA ( #1201 ) ;
#3565 =( NAMED_UNIT ( * ) PLANE_ANGLE_UNIT ( ) SI_UNIT ( $, .RADIAN. ) );
#3566 = ORIENTED_EDGE ( 'NONE', *, *, #7015, .T. ) ;
#3567 = CARTESIAN_POINT ( 'NONE',  ( 0.1056262076089890400, 0.3423778211383345400, 0.3953858068265581100 ) ) ;
#3568 =( NAMED_UNIT ( * ) PLANE_ANGLE_UNIT ( ) SI_UNIT ( $, .RADIAN. ) );
#3569 = ORIENTED_EDGE ( 'NONE', *, *, #7312, .T. ) ;
#3570 = DIRECTION ( 'NONE',  ( 0.0000000000000000000, 0.0000000000000000000, -1.000000000000000000 ) ) ;
#3571 = MECHANICAL_DESIGN_GEOMETRIC_PRESENTATION_REPRESENTATION (  '', ( #2734 ), #4003 ) ;
#3572 = CARTESIAN_POINT ( 'NONE',  ( -0.1201444030966671800, 0.3104830563092042000, 0.3862523219115274700 ) ) ;
#3573 = CARTESIAN_POINT ( 'NONE',  ( -0.1165737814268222300, 0.3537334026232324400, -0.3762819030667959300 ) ) ;
#3574 = SURFACE_STYLE_FILL_AREA ( #6792 ) ;
#3575 = ORIENTED_EDGE ( 'NONE', *, *, #5636, .F. ) ;
#3576 = COLOUR_RGB ( '',0.8941176470588234600, 0.9137254901960784000, 0.9294117647058823800 ) ;
#3577 = SPHERICAL_SURFACE ( 'NONE', #4713, 0.1000000000000000100 ) ;
#3578 = DIRECTION ( 'NONE',  ( -1.447553700753488400E-016, 1.000000000000000000, -0.0000000000000000000 ) ) ;
#3579 = PRESENTATION_STYLE_ASSIGNMENT (( #6859 ) ) ;
#3580 = AXIS2_PLACEMENT_3D ( 'NONE', #7539, #3745, #8179 ) ;
#3581 =( NAMED_UNIT ( * ) SI_UNIT ( $, .STERADIAN. ) SOLID_ANGLE_UNIT ( ) );
#3582 = FACE_OUTER_BOUND ( 'NONE', #5979, .T. ) ;
#3583 = ORIENTED_EDGE ( 'NONE', *, *, #8079, .F. ) ;
#3584 = FACE_OUTER_BOUND ( 'NONE', #3070, .T. ) ;
#3585 = CIRCLE ( 'NONE', #4110, 0.2550000000000012300 ) ;
#3586 = CARTESIAN_POINT ( 'NONE',  ( -0.04919043109371012300, -1.155270082144002300, 0.08403836463368613600 ) ) ;
#3587 = CARTESIAN_POINT ( 'NONE',  ( -4.923237520447700400E-017, 0.7150000000000000800, 0.0000000000000000000 ) ) ;
#3588 = CARTESIAN_POINT ( 'NONE',  ( 0.8499999999999992000, 1.345000000000000400, 0.0000000000000000000 ) ) ;
#3589 =( LENGTH_UNIT ( ) NAMED_UNIT ( * ) SI_UNIT ( .MILLI., .METRE. ) );
#3590 = DIRECTION ( 'NONE',  ( 1.000000000000000000, 0.0000000000000000000, 0.0000000000000000000 ) ) ;
#3591 = CARTESIAN_POINT ( 'NONE',  ( 2.518587945522486000E-016, -1.365000000000000000, 0.0000000000000000000 ) ) ;
#3592 = ADVANCED_FACE ( 'NONE', ( #4088 ), #1792, .F. ) ;
#3593 = CARTESIAN_POINT ( 'NONE',  ( -3.909949929920257800E-017, 0.6449999999999999100, 0.0000000000000000000 ) ) ;
#3594 = DIRECTION ( 'NONE',  ( -1.000000000000000000, -2.752306126468202000E-016, 0.0000000000000000000 ) ) ;
#3595 = VERTEX_POINT ( 'NONE', #4042 ) ;
#3596 = ORIENTED_EDGE ( 'NONE', *, *, #1528, .T. ) ;
#3597 = STYLED_ITEM ( 'NONE', ( #8110 ), #7246 ) ;
#3598 = DIRECTION ( 'NONE',  ( 0.8378260164629978100, 0.5459373280311069500, 0.0000000000000000000 ) ) ;
#3599 =( LENGTH_UNIT ( ) NAMED_UNIT ( * ) SI_UNIT ( .MILLI., .METRE. ) );
#3600 = CARTESIAN_POINT ( 'NONE',  ( -0.1449552057015386900, 0.2652820275670818000, -0.3792098549233095500 ) ) ;
#3601 = EDGE_CURVE ( 'NONE', #5516, #6543, #2188, .T. ) ;
#3602 = ORIENTED_EDGE ( 'NONE', *, *, #2984, .F. ) ;
#3603 = ORIENTED_EDGE ( 'NONE', *, *, #28, .F. ) ;
#3604 = FACE_OUTER_BOUND ( 'NONE', #4301, .T. ) ;
#3605 = DIRECTION ( 'NONE',  ( 0.0000000000000000000, 0.0000000000000000000, -1.000000000000000000 ) ) ;
#3606 = SURFACE_SIDE_STYLE ('',( #3710 ) ) ;
#3607 = DIRECTION ( 'NONE',  ( -1.000000000000000000, 0.0000000000000000000, 1.084202172485506600E-015 ) ) ;
#3608 = UNCERTAINTY_MEASURE_WITH_UNIT (LENGTH_MEASURE( 1.000000000000000100E-005 ), #1112, 'distance_accuracy_value', 'NONE');
#3609 = DIRECTION ( 'NONE',  ( -1.000000000000000000, 0.0000000000000000000, -0.0000000000000000000 ) ) ;
#3610 = EDGE_CURVE ( 'NONE', #664, #4631, #4978, .T. ) ;
#3611 = SURFACE_STYLE_FILL_AREA ( #3057 ) ;
#3612 = AXIS2_PLACEMENT_3D ( 'NONE', #6359, #2576, #6995 ) ;
#3613 = CARTESIAN_POINT ( 'NONE',  ( -0.07510442366010824900, -0.6993505378357934800, -0.2884536770729558300 ) ) ;
#3614 = DIRECTION ( 'NONE',  ( -1.000000000000000000, -1.376441778236428500E-016, 0.0000000000000000000 ) ) ;
#3615 = DIRECTION ( 'NONE',  ( 1.000000000000000000, 0.0000000000000000000, -1.084202172485506600E-015 ) ) ;
#3616 = DIRECTION ( 'NONE',  ( 1.447553700753488400E-016, -1.000000000000000000, 0.0000000000000000000 ) ) ;
#3617 = FILL_AREA_STYLE_COLOUR ( '', #6833 ) ;
#3618 = CARTESIAN_POINT ( 'NONE',  ( 4.413854548768852300E-016, -2.674289321881345000, 0.0000000000000000000 ) ) ;
#3619 = UNCERTAINTY_MEASURE_WITH_UNIT (LENGTH_MEASURE( 1.000000000000000100E-005 ), #526, 'distance_accuracy_value', 'NONE');
#3620 = CARTESIAN_POINT ( 'NONE',  ( -0.03179345903646499400, 0.4163762544845276400, -0.3926398812209593300 ) ) ;
#3621 = VERTEX_POINT ( 'NONE', #3381 ) ;
#3622 =( NAMED_UNIT ( * ) SI_UNIT ( $, .STERADIAN. ) SOLID_ANGLE_UNIT ( ) );
#3623 = SURFACE_STYLE_FILL_AREA ( #2015 ) ;
#3624 = SURFACE_STYLE_FILL_AREA ( #115 ) ;
#3625 = EDGE_CURVE ( 'NONE', #6389, #3110, #82, .T. ) ;
#3626 = AXIS2_PLACEMENT_3D ( 'NONE', #5549, #6830, #1138 ) ;
#3627 = CARTESIAN_POINT ( 'NONE',  ( -0.04693001498043991600, -1.168898964817194400, 0.2349251355835189600 ) ) ;
#3628 = CARTESIAN_POINT ( 'NONE',  ( -0.1250656858299104600, 0.2675996315862999000, -0.3655387589310537500 ) ) ;
#3629 = CARTESIAN_POINT ( 'NONE',  ( 0.04245213417893760300, 0.4183777189194815600, 0.4498255275619477700 ) ) ;
#3630 = EDGE_CURVE ( 'NONE', #695, #4378, #6659, .T. ) ;
#3631 = EDGE_LOOP ( 'NONE', ( #3969, #7838, #6410, #2443 ) ) ;
#3632 = CARTESIAN_POINT ( 'NONE',  ( -0.09109214503312550200, -0.2391564462479855400, -0.3527891271054460800 ) ) ;
#3633 =( LENGTH_UNIT ( ) NAMED_UNIT ( * ) SI_UNIT ( .MILLI., .METRE. ) );
#3634 = FILL_AREA_STYLE ('',( #4930 ) ) ;
#3635 = ORIENTED_EDGE ( 'NONE', *, *, #1159, .T. ) ;
#3636 = PRESENTATION_LAYER_ASSIGNMENT (  '', '', ( #2363 ) ) ;
#3637 =( GEOMETRIC_REPRESENTATION_CONTEXT ( 3 ) GLOBAL_UNCERTAINTY_ASSIGNED_CONTEXT ( ( #5785 ) ) GLOBAL_UNIT_ASSIGNED_CONTEXT ( ( #7484, #3702, #8129 ) ) REPRESENTATION_CONTEXT ( 'NONE', 'WORKASPACE' ) );
#3638 = ORIENTED_EDGE ( 'NONE', *, *, #6898, .T. ) ;
#3639 = AXIS2_PLACEMENT_3D ( 'NONE', #2924, #1627, #3522 ) ;
#3640 = VECTOR ( 'NONE', #5351, 1000.000000000000000 ) ;
#3641 =( NAMED_UNIT ( * ) PLANE_ANGLE_UNIT ( ) SI_UNIT ( $, .RADIAN. ) );
#3642 = FILL_AREA_STYLE ('',( #6774 ) ) ;
#3643 = CARTESIAN_POINT ( 'NONE',  ( 0.6115395010584839800, -0.1520042734262302100, 7.809656893407565400E-017 ) ) ;
#3644 = ORIENTED_EDGE ( 'NONE', *, *, #7, .T. ) ;
#3645 = CARTESIAN_POINT ( 'NONE',  ( -1.370000000000000100, 1.294999999999999900, -0.6700000000000002600 ) ) ;
#3646 =( NAMED_UNIT ( * ) PLANE_ANGLE_UNIT ( ) SI_UNIT ( $, .RADIAN. ) );
#3647 = CARTESIAN_POINT ( 'NONE',  ( -0.02797188990901473100, -1.180670700235336900, -0.1522262788309297100 ) ) ;
#3648 = DIRECTION ( 'NONE',  ( 1.447553700753488400E-016, -1.000000000000000000, 0.0000000000000000000 ) ) ;
#3649 = DIRECTION ( 'NONE',  ( 1.447553700753488400E-016, -1.000000000000000000, 0.0000000000000000000 ) ) ;
#3650 = AXIS2_PLACEMENT_3D ( 'NONE', #4858, #1053, #5494 ) ;
#3651 = CARTESIAN_POINT ( 'NONE',  ( 2.103352214621881800E-015, 1.294999999999999900, -0.6699999999999989300 ) ) ;
#3652 = DIRECTION ( 'NONE',  ( -1.000000000000000000, 0.0000000000000000000, 0.0000000000000000000 ) ) ;
#3653 = ORIENTED_EDGE ( 'NONE', *, *, #5591, .F. ) ;
#3654 = COLOUR_RGB ( '',0.8941176470588234600, 0.9137254901960784000, 0.9294117647058823800 ) ;
#3655 = CARTESIAN_POINT ( 'NONE',  ( -0.01572551233615350500, 0.3992808933301945600, 0.4135223832599625400 ) ) ;
#3656 = SURFACE_STYLE_FILL_AREA ( #6698 ) ;
#3657 = CARTESIAN_POINT ( 'NONE',  ( -0.1275070844557706600, 0.2954011586549364400, 0.4206765831452513600 ) ) ;
#3658 =( LENGTH_UNIT ( ) NAMED_UNIT ( * ) SI_UNIT ( .MILLI., .METRE. ) );
#3659 = EDGE_LOOP ( 'NONE', ( #6247, #7651, #5712, #73 ) ) ;
#3660 = DIRECTION ( 'NONE',  ( 1.447553700753488400E-016, -1.000000000000000000, 0.0000000000000000000 ) ) ;
#3661 =( NAMED_UNIT ( * ) PLANE_ANGLE_UNIT ( ) SI_UNIT ( $, .RADIAN. ) );
#3662 = EDGE_CURVE ( 'NONE', #8138, #6353, #3279, .T. ) ;
#3663 = TOROIDAL_SURFACE ( 'NONE', #2377, 0.6499999999999994700, 0.05000000000000000300 ) ;
#3664 = AXIS2_PLACEMENT_3D ( 'NONE', #1324, #5760, #1960 ) ;
#3665 = CARTESIAN_POINT ( 'NONE',  ( 0.02813258350744163300, -1.178273762625600600, -0.2584972941336544600 ) ) ;
#3666 = DIRECTION ( 'NONE',  ( -1.447553700753488400E-016, 1.000000000000000000, -0.0000000000000000000 ) ) ;
#3667 = CARTESIAN_POINT ( 'NONE',  ( 1.244400193985225400, 1.395000000000000000, 0.7285786437626906600 ) ) ;
#3668 = CIRCLE ( 'NONE', #2421, 0.05000000000000002400 ) ;
#3669 = UNCERTAINTY_MEASURE_WITH_UNIT (LENGTH_MEASURE( 1.000000000000000100E-005 ), #6578, 'distance_accuracy_value', 'NONE');
#3670 = ORIENTED_EDGE ( 'NONE', *, *, #2829, .T. ) ;
#3671 = VERTEX_POINT ( 'NONE', #4762 ) ;
#3672 = TOROIDAL_SURFACE ( 'NONE', #6086, 0.6499999999999999100, 0.05000000000000000300 ) ;
#3673 = CARTESIAN_POINT ( 'NONE',  ( 0.9581966011250105900, -1.395000000000000000, -1.170000000000000200 ) ) ;
#3674 = VERTEX_POINT ( 'NONE', #943 ) ;
#3675 = EDGE_CURVE ( 'NONE', #4631, #4195, #3100, .T. ) ;
#3676 = CARTESIAN_POINT ( 'NONE',  ( 6.505213034913053200E-016, 1.294999999999999900, 0.6699999999999988200 ) ) ;
#3677 = SURFACE_STYLE_USAGE ( .BOTH. , #7458 ) ;
#3678 = CARTESIAN_POINT ( 'NONE',  ( 0.2550000000000010000, -6.859999999999995900, 3.122849337825754200E-017 ) ) ;
#3679 = DIRECTION ( 'NONE',  ( -0.5388493481949876400, -0.8259325522866634000, -0.1657612711795941900 ) ) ;
#3680 =( LENGTH_UNIT ( ) NAMED_UNIT ( * ) SI_UNIT ( .MILLI., .METRE. ) );
#3681 = PRESENTATION_LAYER_ASSIGNMENT (  '', '', ( #3235 ) ) ;
#3682 = PRESENTATION_STYLE_ASSIGNMENT (( #5340 ) ) ;
#3683 = CARTESIAN_POINT ( 'NONE',  ( -0.04630770841790388800, -1.150767665139485100, 0.2525584207203315200 ) ) ;
#3684 = ORIENTED_EDGE ( 'NONE', *, *, #7490, .F. ) ;
#3685 = DIRECTION ( 'NONE',  ( -1.447553700753488400E-016, 1.000000000000000000, -0.0000000000000000000 ) ) ;
#3686 = COLOUR_RGB ( '',0.8941176470588234600, 0.9137254901960784000, 0.9294117647058823800 ) ;
#3687 = TOROIDAL_SURFACE ( 'NONE', #317, 0.8262454205064518900, 0.05000000000000000300 ) ;
#3688 = CARTESIAN_POINT ( 'NONE',  ( 0.1378435408756127900, 0.2670981431876220900, -0.3606053945049981200 ) ) ;
#3689 = ORIENTED_EDGE ( 'NONE', *, *, #4831, .T. ) ;
#3690 = AXIS2_PLACEMENT_3D ( 'NONE', #6287, #8212, #1235 ) ;
#3691 = COLOUR_RGB ( '',0.1098039215686274500, 0.1098039215686274500, 0.1098039215686274500 ) ;
#3692 =( NAMED_UNIT ( * ) PLANE_ANGLE_UNIT ( ) SI_UNIT ( $, .RADIAN. ) );
#3693 = AXIS2_PLACEMENT_3D ( 'NONE', #6987, #3189, #7630 ) ;
#3694 =( NAMED_UNIT ( * ) SI_UNIT ( $, .STERADIAN. ) SOLID_ANGLE_UNIT ( ) );
#3695 = ORIENTED_EDGE ( 'NONE', *, *, #7646, .T. ) ;
#3696 = CARTESIAN_POINT ( 'NONE',  ( -3.004353683232363100E-017, 1.365000000000000000, -0.9099999999999992500 ) ) ;
#3697 = CIRCLE ( 'NONE', #1603, 0.5158374504826133100 ) ;
#3698 = SURFACE_STYLE_USAGE ( .BOTH. , #7481 ) ;
#3699 = CARTESIAN_POINT ( 'NONE',  ( 0.04766718213785989300, -1.235051256741154500, 0.2952605299453507900 ) ) ;
#3700 = SURFACE_SIDE_STYLE ('',( #6641 ) ) ;
#3701 = PRESENTATION_LAYER_ASSIGNMENT (  '', '', ( #4123 ) ) ;
#3702 =( NAMED_UNIT ( * ) PLANE_ANGLE_UNIT ( ) SI_UNIT ( $, .RADIAN. ) );
#3703 = CARTESIAN_POINT ( 'NONE',  ( -0.04842876966976111100, -1.162110184731978400, 0.1541957602073979200 ) ) ;
#3704 = VERTEX_POINT ( 'NONE', #6025 ) ;
#3705 = FILL_AREA_STYLE ('',( #8132 ) ) ;
#3706 = ORIENTED_EDGE ( 'NONE', *, *, #3267, .F. ) ;
#3707 = DIRECTION ( 'NONE',  ( -1.447553700753488400E-016, 1.000000000000000000, -0.0000000000000000000 ) ) ;
#3708 = PLANE ( 'NONE',  #2649 ) ;
#3709 = DIRECTION ( 'NONE',  ( -1.000000000000000000, 0.0000000000000000000, 0.0000000000000000000 ) ) ;
#3710 = SURFACE_STYLE_FILL_AREA ( #7388 ) ;
#3711 = CARTESIAN_POINT ( 'NONE',  ( -0.02529458252240660000, -1.223183884379456200, -0.2789380977350282600 ) ) ;
#3712 = CARTESIAN_POINT ( 'NONE',  ( 0.08305999482976636500, -0.7318447519065445200, -0.3349989644292454300 ) ) ;
#3713 =( NAMED_UNIT ( * ) SI_UNIT ( $, .STERADIAN. ) SOLID_ANGLE_UNIT ( ) );
#3714 = AXIS2_PLACEMENT_3D ( 'NONE', #4133, #316, #4769 ) ;
#3715 = CARTESIAN_POINT ( 'NONE',  ( 0.09330660253071836100, -0.2061251586726536000, 0.3451767922991058100 ) ) ;
#3716 = FILL_AREA_STYLE ('',( #6228 ) ) ;
#3717 = EDGE_CURVE ( 'NONE', #659, #2548, #698, .T. ) ;
#3718 =( GEOMETRIC_REPRESENTATION_CONTEXT ( 3 ) GLOBAL_UNCERTAINTY_ASSIGNED_CONTEXT ( ( #7065 ) ) GLOBAL_UNIT_ASSIGNED_CONTEXT ( ( #4617, #797, #5254 ) ) REPRESENTATION_CONTEXT ( 'NONE', 'WORKASPACE' ) );
#3719 = FILL_AREA_STYLE ('',( #2447 ) ) ;
#3720 = B_SPLINE_CURVE_WITH_KNOTS ( 'NONE', 3,
 ( #5593, #1154, #3079, #7511, #3721, #8152, #4354 ),
 .UNSPECIFIED., .F., .F.,
 ( 4, 3, 4 ),
 ( 0.0000000000000000000, 0.0007442893091426447300, 0.001424923633714526200 ),
 .UNSPECIFIED. ) ;
#3721 = CARTESIAN_POINT ( 'NONE',  ( 0.07510442366010837400, -0.6993505378357950400, -0.2884536770729557700 ) ) ;
#3722 = CARTESIAN_POINT ( 'NONE',  ( -0.04565974490879757400, -1.162634734544614000, -0.2472574374139734400 ) ) ;
#3723 = DIRECTION ( 'NONE',  ( 1.447553700753488400E-016, -1.000000000000000000, 0.0000000000000000000 ) ) ;
#3724 = CARTESIAN_POINT ( 'NONE',  ( -0.07841392495458814100, 0.3824203799184386900, 0.3870813390734428300 ) ) ;
#3725 = EDGE_CURVE ( 'NONE', #4758, #5480, #7961, .T. ) ;
#3726 = CARTESIAN_POINT ( 'NONE',  ( 0.02917838675610640000, -1.221599968234500000, 0.2884193327292977100 ) ) ;
#3727 =( BOUNDED_SURFACE ( )  B_SPLINE_SURFACE ( 3, 2, ( 
 ( #6119, #141, #911 ),
 ( #5365, #1551, #5996 ),
 ( #2200, #6629, #2852 ),
 ( #7263, #3470, #7921 ) ),
 .UNSPECIFIED., .F., .F., .T. ) 
 B_SPLINE_SURFACE_WITH_KNOTS ( ( 4, 4 ),
 ( 3, 3 ),
 ( 0.0000000000000000000, 9.020840259624799300E-005 ),
 ( 0.0000000000000000000, 1.000000000000000000 ),
 .UNSPECIFIED. ) 
 GEOMETRIC_REPRESENTATION_ITEM ( )  RATIONAL_B_SPLINE_SURFACE ( (
 ( 1.000000000000000000, 0.8248820918441176500, 1.000000000000000000),
 ( 1.000000000000000000, 0.8217178766813344500, 1.000000000000000000),
 ( 1.000000000000000000, 0.8029437608246115000, 1.000000000000000000),
 ( 1.000000000000000000, 0.7769974644328722100, 1.000000000000000000) ) ) 
 REPRESENTATION_ITEM ( '' )  SURFACE ( )  );
#3728 = CARTESIAN_POINT ( 'NONE',  ( -0.02797211224397972200, -1.180667383842868100, -0.1521897437495434400 ) ) ;
#3729 = VERTEX_POINT ( 'NONE', #5416 ) ;
#3730 = CARTESIAN_POINT ( 'NONE',  ( -0.1378435408756131000, 0.2670981431876250400, 0.3606053945049982900 ) ) ;
#3731 =( NAMED_UNIT ( * ) PLANE_ANGLE_UNIT ( ) SI_UNIT ( $, .RADIAN. ) );
#3732 = CARTESIAN_POINT ( 'NONE',  ( 0.1249999999999997400, 0.2666198487095638400, -0.3897197719169303600 ) ) ;
#3733 = DIRECTION ( 'NONE',  ( 0.06671916257971294300, 0.9951962719317893900, -0.07164449509718132100 ) ) ;
#3734 = CARTESIAN_POINT ( 'NONE',  ( -0.04933144428504446200, -1.205497527077971100, 0.2977156663328864300 ) ) ;
#3735 = EDGE_LOOP ( 'NONE', ( #1068, #6018, #7355, #8119 ) ) ;
#3736 = CARTESIAN_POINT ( 'NONE',  ( 0.06059935458451726900, -0.6939929610046493600, -0.2937098273539318100 ) ) ;
#3737 = ORIENTED_EDGE ( 'NONE', *, *, #7808, .T. ) ;
#3738 = AXIS2_PLACEMENT_3D ( 'NONE', #3498, #7952, #4151 ) ;
#3739 = FACE_OUTER_BOUND ( 'NONE', #5474, .T. ) ;
#3740 = PRESENTATION_STYLE_ASSIGNMENT (( #5057 ) ) ;
#3741 = AXIS2_PLACEMENT_3D ( 'NONE', #5956, #4698, #3457 ) ;
#3742 =( NAMED_UNIT ( * ) PLANE_ANGLE_UNIT ( ) SI_UNIT ( $, .RADIAN. ) );
#3743 = CARTESIAN_POINT ( 'NONE',  ( -0.5499999999999993800, -2.674289321881345000, 6.735557395310440100E-017 ) ) ;
#3744 = EDGE_CURVE ( 'NONE', #7303, #1525, #6259, .T. ) ;
#3745 = DIRECTION ( 'NONE',  ( 1.224646799147353200E-016, 1.772742006221665100E-032, 1.000000000000000000 ) ) ;
#3746 = ORIENTED_EDGE ( 'NONE', *, *, #5372, .F. ) ;
#3747 = SURFACE_SIDE_STYLE ('',( #3218 ) ) ;
#3748 = VERTEX_POINT ( 'NONE', #4124 ) ;
#3749 = COLOUR_RGB ( '',0.1098039215686274500, 0.1098039215686274500, 0.1098039215686274500 ) ;
#3750 = DIRECTION ( 'NONE',  ( -1.000000000000000000, -1.447553700753488400E-016, 0.0000000000000000000 ) ) ;
#3751 = CARTESIAN_POINT ( 'NONE',  ( 0.02774449929478702400, -1.184062503771265100, -0.1903610843361280000 ) ) ;
#3752 =( GEOMETRIC_REPRESENTATION_CONTEXT ( 3 ) GLOBAL_UNCERTAINTY_ASSIGNED_CONTEXT ( ( #7524 ) ) GLOBAL_UNIT_ASSIGNED_CONTEXT ( ( #1261, #5709, #1905 ) ) REPRESENTATION_CONTEXT ( 'NONE', 'WORKASPACE' ) );
#3753 = CARTESIAN_POINT ( 'NONE',  ( 0.2956967040367778400, -2.808002996330203300, 3.621240221170616600E-017 ) ) ;
#3754 = VERTEX_POINT ( 'NONE', #7985 ) ;
#3755 = CARTESIAN_POINT ( 'NONE',  ( 1.270000000000000000, 1.294999999999999900, 0.6700000000000002600 ) ) ;
#3756 = CARTESIAN_POINT ( 'NONE',  ( -0.1250026614847404600, 0.2666596206739645400, -0.3792131877867773700 ) ) ;
#3757 = CARTESIAN_POINT ( 'NONE',  ( 0.1049476582995834700, 0.3434191609326359100, 0.3956286048806614300 ) ) ;
#3758 = CONICAL_SURFACE ( 'NONE', #1034, 2250.000000000034100, 1.152571997215673200 ) ;
#3759 = CARTESIAN_POINT ( 'NONE',  ( 0.1256868485845287500, 0.3534304298553415100, 0.4257457647225474400 ) ) ;
#3760 = FILL_AREA_STYLE_COLOUR ( '', #4118 ) ;
#3761 = DIRECTION ( 'NONE',  ( 0.9958686209194700400, -0.09080578102716181700, 0.0000000000000000000 ) ) ;
#3762 = CARTESIAN_POINT ( 'NONE',  ( 0.05041738696757794300, -1.152035009858909200, 2.134241758572277500E-005 ) ) ;
#3763 =( GEOMETRIC_REPRESENTATION_CONTEXT ( 3 ) GLOBAL_UNCERTAINTY_ASSIGNED_CONTEXT ( ( #3008 ) ) GLOBAL_UNIT_ASSIGNED_CONTEXT ( ( #7354, #3565, #8011 ) ) REPRESENTATION_CONTEXT ( 'NONE', 'WORKASPACE' ) );
#3764 = MECHANICAL_DESIGN_GEOMETRIC_PRESENTATION_REPRESENTATION (  '', ( #2916 ), #4188 ) ;
#3765 = DIRECTION ( 'NONE',  ( 0.0000000000000000000, 1.000000000000000000, 0.0000000000000000000 ) ) ;
#3766 = SURFACE_STYLE_USAGE ( .BOTH. , #7559 ) ;
#3767 = EDGE_CURVE ( 'NONE', #7634, #1207, #8153, .T. ) ;
#3768 = B_SPLINE_CURVE_WITH_KNOTS ( 'NONE', 3,
 ( #5374, #1455, #7268, #3480, #7931, #4128, #314, #4765, #950, #5395, #1588, #6027, #2233, #6676, #2886, #7298, #3508, #7960, #4159, #339, #4796, #973, #5421, #1615, #6063, #2264, #6701, #2915, #7326, #3539, #7987, #4187, #366, #4813, #1008, #5445, #1648 ),
 .UNSPECIFIED., .F., .F.,
 ( 4, 3, 3, 3, 3, 3, 3, 3, 3, 3, 3, 3, 4 ),
 ( -5.999999358898470000E-008, 0.0000000000000000000, 4.462954405505827700E-005, 8.527446366938276600E-005, 0.0001290751634731807700, 0.0001735661046333045700, 0.0002151060098382216600, 0.0002539914287512095700, 0.0002934419628895943600, 0.0003358213765409756800, 0.0003804737619008992900, 0.0004156824711664647900, 0.0004157424711611784100 ),
 .UNSPECIFIED. ) ;
#3769 = CARTESIAN_POINT ( 'NONE',  ( -5.080000000000000100, 0.0000000000000000000, 0.0000000000000000000 ) ) ;
#3770 = FACE_OUTER_BOUND ( 'NONE', #1756, .T. ) ;
#3771 = ORIENTED_EDGE ( 'NONE', *, *, #7216, .T. ) ;
#3772 = CARTESIAN_POINT ( 'NONE',  ( 0.6638742588672274000, 0.005000000000000108500, 8.130114861580714300E-017 ) ) ;
#3773 = CARTESIAN_POINT ( 'NONE',  ( 1.244400193985225400, -1.394999999999999800, 0.7285786437626906600 ) ) ;
#3774 = VERTEX_POINT ( 'NONE', #2909 ) ;
#3775 = FACE_OUTER_BOUND ( 'NONE', #573, .T. ) ;
#3776 = PRODUCT_DEFINITION_FORMATION_WITH_SPECIFIED_SOURCE ( 'ANY', '', #1122, .NOT_KNOWN. ) ;
#3777 = DIRECTION ( 'NONE',  ( -1.447553700753488400E-016, 1.000000000000000000, 0.0000000000000000000 ) ) ;
#3778 = EDGE_CURVE ( 'NONE', #454, #6568, #2900, .T. ) ;
#3779 = CYLINDRICAL_SURFACE ( 'NONE', #2579, 0.6099999999999994300 ) ;
#3780 = B_SPLINE_CURVE_WITH_KNOTS ( 'NONE', 3,
 ( #6988, #7633, #3613, #4472, #657, #5104, #1299 ),
 .UNSPECIFIED., .F., .F.,
 ( 4, 3, 4 ),
 ( 8.216586644078460900E-017, 0.0006806336454097807800, 0.001424922211873024500 ),
 .UNSPECIFIED. ) ;
#3781 = ORIENTED_EDGE ( 'NONE', *, *, #3443, .F. ) ;
#3782 = DIRECTION ( 'NONE',  ( 0.0000000000000000000, 2.168404344971007700E-015, 1.000000000000000000 ) ) ;
#3783 = AXIS2_PLACEMENT_3D ( 'NONE', #2073, #6503, #2726 ) ;
#3784 = CARTESIAN_POINT ( 'NONE',  ( -0.1281977007793275400, 0.3513788908262721100, 0.4248165135583653100 ) ) ;
#3785 = FILL_AREA_STYLE_COLOUR ( '', #3454 ) ;
#3786 = CARTESIAN_POINT ( 'NONE',  ( -0.4139249933206986500, 0.8795106857790894200, 5.069119181572831200E-017 ) ) ;
#3787 = ORIENTED_EDGE ( 'NONE', *, *, #2162, .T. ) ;
#3788 = LINE ( 'NONE', #848, #5458 ) ;
#3789 = EDGE_CURVE ( 'NONE', #3164, #6007, #1589, .T. ) ;
#3790 =( NAMED_UNIT ( * ) PLANE_ANGLE_UNIT ( ) SI_UNIT ( $, .RADIAN. ) );
#3791 = CARTESIAN_POINT ( 'NONE',  ( 0.04975845228880829800, -1.153873168739429500, 0.05005137297963068600 ) ) ;
#3792 = AXIS2_PLACEMENT_3D ( 'NONE', #6667, #5412, #1607 ) ;
#3793 = DIRECTION ( 'NONE',  ( 0.06667680617049649700, -0.9945644753231651600, -0.07997317015136581900 ) ) ;
#3794 = VECTOR ( 'NONE', #6834, 1000.000000000000000 ) ;
#3795 = EDGE_CURVE ( 'NONE', #3595, #293, #4779, .T. ) ;
#3796 = TOROIDAL_SURFACE ( 'NONE', #1755, 0.3739249933206986200, 0.02000000000000000000 ) ;
#3797 = ORIENTED_EDGE ( 'NONE', *, *, #4483, .T. ) ;
#3798 = VECTOR ( 'NONE', #2585, 1000.000000000000000 ) ;
#3799 = CIRCLE ( 'NONE', #1540, 0.01999999999999997300 ) ;
#3800 = APPLICATION_CONTEXT ( 'automotive_design' ) ;
#3801 = FILL_AREA_STYLE_COLOUR ( '', #5833 ) ;
#3802 = DIRECTION ( 'NONE',  ( -0.0000000000000000000, -1.000000000000000000, -0.0000000000000000000 ) ) ;
#3803 = PRESENTATION_LAYER_ASSIGNMENT (  '', '', ( #4217 ) ) ;
#3804 = PRESENTATION_LAYER_ASSIGNMENT (  '', '', ( #3361 ) ) ;
#3805 = ORIENTED_EDGE ( 'NONE', *, *, #2068, .T. ) ;
#3806 =( GEOMETRIC_REPRESENTATION_CONTEXT ( 3 ) GLOBAL_UNCERTAINTY_ASSIGNED_CONTEXT ( ( #5539 ) ) GLOBAL_UNIT_ASSIGNED_CONTEXT ( ( #7996, #4194, #373 ) ) REPRESENTATION_CONTEXT ( 'NONE', 'WORKASPACE' ) );
#3807 = ORIENTED_EDGE ( 'NONE', *, *, #8173, .F. ) ;
#3808 = DIRECTION ( 'NONE',  ( -1.447553700753488400E-016, 1.000000000000000000, -0.0000000000000000000 ) ) ;
#3809 = CARTESIAN_POINT ( 'NONE',  ( 0.02751749980527879600, -1.187448473213238900, 0.2283363398061075700 ) ) ;
#3810 = CARTESIAN_POINT ( 'NONE',  ( 0.02970380687202064600, -1.154837083051973200, -0.07787462031778595600 ) ) ;
#3811 = EDGE_LOOP ( 'NONE', ( #4473, #1006, #7086, #1490 ) ) ;
#3812 = VERTEX_POINT ( 'NONE', #2291 ) ;
#3813 = MECHANICAL_DESIGN_GEOMETRIC_PRESENTATION_REPRESENTATION (  '', ( #2539 ), #4230 ) ;
#3814 = CARTESIAN_POINT ( 'NONE',  ( 0.03003326316415764300, -1.149922847605639800, -0.2556207292921386400 ) ) ;
#3815 = DIRECTION ( 'NONE',  ( 1.000000000000000000, 1.191430958775280700E-016, 0.0000000000000000000 ) ) ;
#3816 = FILL_AREA_STYLE_COLOUR ( '', #3513 ) ;
#3817 = CARTESIAN_POINT ( 'NONE',  ( -1.476660268557142200E-016, 1.395000000000000000, 0.0000000000000000000 ) ) ;
#3818 = CARTESIAN_POINT ( 'NONE',  ( -1.370000000000000100, -1.294999999999999700, 0.0000000000000000000 ) ) ;
#3819 = LINE ( 'NONE', #2397, #422 ) ;
#3820 = CARTESIAN_POINT ( 'NONE',  ( -0.07534309011336944000, -0.4740724754152366700, -0.3247379590039631300 ) ) ;
#3821 =( GEOMETRIC_REPRESENTATION_CONTEXT ( 3 ) GLOBAL_UNCERTAINTY_ASSIGNED_CONTEXT ( ( #7932 ) ) GLOBAL_UNIT_ASSIGNED_CONTEXT ( ( #7057, #3251, #7707 ) ) REPRESENTATION_CONTEXT ( 'NONE', 'WORKASPACE' ) );
#3822 =( REPRESENTATION_RELATIONSHIP ('NONE','NONE', #2573, #1058 ) REPRESENTATION_RELATIONSHIP_WITH_TRANSFORMATION ( #5488 )SHAPE_REPRESENTATION_RELATIONSHIP( ) );
#3823 = B_SPLINE_CURVE_WITH_KNOTS ( 'NONE', 3,
 ( #440, #1722, #3647, #8082, #4288, #466, #4909, #1111, #5550, #1748 ),
 .UNSPECIFIED., .F., .F.,
 ( 4, 2, 2, 2, 4 ),
 ( 0.0000000000000000000, 0.0001146171626467349100, 0.0002292343252934698200, 0.0003438514879402047900, 0.0004584686505869397500 ),
 .UNSPECIFIED. ) ;
#3824 = CARTESIAN_POINT ( 'NONE',  ( 4.775372274600670600E-017, 0.04500000000000011600, 0.0000000000000000000 ) ) ;
#3825 = EDGE_CURVE ( 'NONE', #5149, #6568, #1195, .T. ) ;
#3826 = DIRECTION ( 'NONE',  ( -1.000000000000000000, 0.0000000000000000000, 0.0000000000000000000 ) ) ;
#3827 = VERTEX_POINT ( 'NONE', #4838 ) ;
#3828 = FACE_OUTER_BOUND ( 'NONE', #873, .T. ) ;
#3829 = CARTESIAN_POINT ( 'NONE',  ( 0.04843057194962155400, -1.162087848920619000, 0.1539485632165524500 ) ) ;
#3830 = VERTEX_POINT ( 'NONE', #419 ) ;
#3831 = COLOUR_RGB ( '',0.1098039215686274500, 0.1098039215686274500, 0.1098039215686274500 ) ;
#3832 = CIRCLE ( 'NONE', #5675, 0.1000000000000000500 ) ;
#3833 = CARTESIAN_POINT ( 'NONE',  ( 0.08696558840416908400, 0.3807734083607207700, 0.4354294820007256800 ) ) ;
#3834 = EDGE_CURVE ( 'NONE', #6204, #1785, #7468, .T. ) ;
#3835 = AXIS2_PLACEMENT_3D ( 'NONE', #49, #4529, #705 ) ;
#3836 = CARTESIAN_POINT ( 'NONE',  ( -3.909949929920257800E-017, 0.6449999999999999100, 0.0000000000000000000 ) ) ;
#3837 = DIRECTION ( 'NONE',  ( -1.000000000000000000, -0.0000000000000000000, -0.0000000000000000000 ) ) ;
#3838 = ORIENTED_EDGE ( 'NONE', *, *, #2553, .F. ) ;
#3839 = PLANE ( 'NONE',  #3400 ) ;
#3840 = ORIENTED_EDGE ( 'NONE', *, *, #8183, .T. ) ;
#3841 = VECTOR ( 'NONE', #6502, 1000.000000000000000 ) ;
#3842 = CARTESIAN_POINT ( 'NONE',  ( -0.4500000000000051200, 0.8722442183630780800, 0.0000000000000000000 ) ) ;
#3843 = CARTESIAN_POINT ( 'NONE',  ( -0.9581966011250112600, -1.294999999999999900, -1.170000000000000200 ) ) ;
#3844 = CARTESIAN_POINT ( 'NONE',  ( -9.265898622708171300E-017, 1.015000000000000600, 0.0000000000000000000 ) ) ;
#3845 = ORIENTED_EDGE ( 'NONE', *, *, #2522, .F. ) ;
#3846 = PRESENTATION_LAYER_ASSIGNMENT (  '', '', ( #3410 ) ) ;
#3847 = CARTESIAN_POINT ( 'NONE',  ( 0.1175265972888180500, 0.3204703966873699300, 0.3811175997667001800 ) ) ;
#3848 = COLOUR_RGB ( '',0.1098039215686274500, 0.1098039215686274500, 0.1098039215686274500 ) ;
#3849 = CARTESIAN_POINT ( 'NONE',  ( -1.370000000000000100, 1.294999999999999900, 0.6700000000000002600 ) ) ;
#3850 = FILL_AREA_STYLE ('',( #8255 ) ) ;
#3851 = ORIENTED_EDGE ( 'NONE', *, *, #4618, .T. ) ;
#3852 = ADVANCED_FACE ( 'NONE', ( #6064 ), #6951, .T. ) ;
#3853 = CARTESIAN_POINT ( 'NONE',  ( 1.047639320225002300, -1.954016994374949500, -1.214721359549995500 ) ) ;
#3854 = FILL_AREA_STYLE ('',( #1291 ) ) ;
#3855 =( GEOMETRIC_REPRESENTATION_CONTEXT ( 3 ) GLOBAL_UNCERTAINTY_ASSIGNED_CONTEXT ( ( #3961 ) ) GLOBAL_UNIT_ASSIGNED_CONTEXT ( ( #6465, #2686, #7101 ) ) REPRESENTATION_CONTEXT ( 'NONE', 'WORKASPACE' ) );
#3856 = CARTESIAN_POINT ( 'NONE',  ( 0.1049476582995787400, 0.3434191609326430700, -0.3956286048806627000 ) ) ;
#3857 = SURFACE_STYLE_USAGE ( .BOTH. , #7659 ) ;
#3858 = COLOUR_RGB ( '',0.1098039215686274500, 0.1098039215686274500, 0.1098039215686274500 ) ;
#3859 = ORIENTED_EDGE ( 'NONE', *, *, #4191, .F. ) ;
#3860 =( LENGTH_UNIT ( ) NAMED_UNIT ( * ) SI_UNIT ( .MILLI., .METRE. ) );
#3861 = CARTESIAN_POINT ( 'NONE',  ( -0.9581966011250114800, 1.294999999999999900, -1.169999999999999900 ) ) ;
#3862 = UNCERTAINTY_MEASURE_WITH_UNIT (LENGTH_MEASURE( 1.000000000000000100E-005 ), #8201, 'distance_accuracy_value', 'NONE');
#3863 = AXIS2_PLACEMENT_3D ( 'NONE', #1992, #6419, #2648 ) ;
#3864 = CYLINDRICAL_SURFACE ( 'NONE', #8095, 0.1000000000000000500 ) ;
#3865 =( NAMED_UNIT ( * ) PLANE_ANGLE_UNIT ( ) SI_UNIT ( $, .RADIAN. ) );
#3866 = ORIENTED_EDGE ( 'NONE', *, *, #7165, .T. ) ;
#3867 = EDGE_CURVE ( 'NONE', #3671, #5257, #2092, .T. ) ;
#3868 = EDGE_LOOP ( 'NONE', ( #611, #6426, #8215, #2736 ) ) ;
#3869 = CIRCLE ( 'NONE', #229, 0.1000000000000000500 ) ;
#3870 = CARTESIAN_POINT ( 'NONE',  ( 0.05180290865074894300, 0.3899539996405546000, 0.4274779452618296900 ) ) ;
#3871 = CARTESIAN_POINT ( 'NONE',  ( -0.03902835300765011800, -1.214358437060419200, 0.2961696417105038100 ) ) ;
#3872 = CARTESIAN_POINT ( 'NONE',  ( -0.06538720170618800300, 0.3818518864503857000, -0.4069216890420709900 ) ) ;
#3873 = SURFACE_STYLE_USAGE ( .BOTH. , #7677 ) ;
#3874 =( BOUNDED_SURFACE ( )  B_SPLINE_SURFACE ( 3, 2, ( 
 ( #6757, #7384, #424 ),
 ( #4865, #1064, #5504 ),
 ( #1709, #6146, #2356 ),
 ( #6790, #2996, #7410 ),
 ( #3629, #8069, #4266 ),
 ( #452, #4894, #1092 ),
 ( #5535, #1730, #6178 ),
 ( #2384, #6814, #3022 ),
 ( #7440, #3657, #8090 ),
 ( #4297, #478, #4922 ) ),
 .UNSPECIFIED., .F., .F., .T. ) 
 B_SPLINE_SURFACE_WITH_KNOTS ( ( 4, 2, 2, 2, 4 ),
 ( 3, 3 ),
 ( -2.886688284242655600E-018, 0.0001199729598196696100, 0.0002399459196393420900, 0.0003599188794590146000, 0.0004798918392786870500 ),
 ( 0.0000000000000000000, 1.000000000000000000 ),
 .UNSPECIFIED. ) 
 GEOMETRIC_REPRESENTATION_ITEM ( )  RATIONAL_B_SPLINE_SURFACE ( (
 ( 1.000000000000000000, 0.5690035219446330000, 1.000000000000000000),
 ( 1.000000000000000000, 0.5743875454755034100, 1.000000000000000000),
 ( 1.000000000000000000, 0.6220222835497388700, 1.000000000000000000),
 ( 1.000000000000000000, 0.7043631999490416200, 1.000000000000000000),
 ( 1.000000000000000000, 0.7383799745424846100, 1.000000000000000000),
 ( 1.000000000000000000, 0.7386471029169965300, 1.000000000000000000),
 ( 1.000000000000000000, 0.7044708702063633400, 1.000000000000000000),
 ( 1.000000000000000000, 0.6219754216729949100, 1.000000000000000000),
 ( 1.000000000000000000, 0.5745583296934239100, 1.000000000000000000),
 ( 1.000000000000000000, 0.5690035219450039200, 1.000000000000000000) ) ) 
 REPRESENTATION_ITEM ( '' )  SURFACE ( )  );
#3875 = VERTEX_POINT ( 'NONE', #3683 ) ;
#3876 = CYLINDRICAL_SURFACE ( 'NONE', #4650, 0.1000000000000000500 ) ;
#3877 = CARTESIAN_POINT ( 'NONE',  ( -1.270000000000000900, -1.353578643762690400, 0.7699999999999999100 ) ) ;
#3878 = EDGE_CURVE ( 'NONE', #5375, #2280, #389, .T. ) ;
#3879 = CARTESIAN_POINT ( 'NONE',  ( -4.633726780297001500E-017, 0.6949999999999999500, 0.0000000000000000000 ) ) ;
#3880 = CARTESIAN_POINT ( 'NONE',  ( 0.02667085682133423000, -1.200077168009462800, 2.299878373011538100E-020 ) ) ;
#3881 = STYLED_ITEM ( 'NONE', ( #5804 ), #2893 ) ;
#3882 = CARTESIAN_POINT ( 'NONE',  ( -0.1158231730575436800, 0.3543379074932623300, -0.3765128058188695900 ) ) ;
#3883 = ORIENTED_EDGE ( 'NONE', *, *, #8145, .F. ) ;
#3884 = SURFACE_STYLE_USAGE ( .BOTH. , #7684 ) ;
#3885 = FACE_OUTER_BOUND ( 'NONE', #2503, .T. ) ;
#3886 = CARTESIAN_POINT ( 'NONE',  ( 3.238291957217206500E-018, 0.3525217918728552100, 0.0000000000000000000 ) ) ;
#3887 = ORIENTED_EDGE ( 'NONE', *, *, #4610, .F. ) ;
#3888 = MECHANICAL_DESIGN_GEOMETRIC_PRESENTATION_REPRESENTATION (  '', ( #2185 ), #4321 ) ;
#3889 = DIRECTION ( 'NONE',  ( 0.0000000000000000000, 0.0000000000000000000, -1.000000000000000000 ) ) ;
#3890 = ADVANCED_FACE ( 'NONE', ( #5272 ), #6162, .T. ) ;
#3891 =( GEOMETRIC_REPRESENTATION_CONTEXT ( 3 ) GLOBAL_UNCERTAINTY_ASSIGNED_CONTEXT ( ( #1824 ) ) GLOBAL_UNIT_ASSIGNED_CONTEXT ( ( #319, #4773, #955 ) ) REPRESENTATION_CONTEXT ( 'NONE', 'WORKASPACE' ) );
#3892 = DIRECTION ( 'NONE',  ( -1.000000000000000000, -2.761970602221055800E-016, 0.0000000000000000000 ) ) ;
#3893 = EDGE_CURVE ( 'NONE', #3042, #7821, #4684, .T. ) ;
#3894 = DIRECTION ( 'NONE',  ( -1.447553700753488400E-016, 1.000000000000000000, -0.0000000000000000000 ) ) ;
#3895 = CARTESIAN_POINT ( 'NONE',  ( -0.03068726934371115300, 0.3972158409712646100, 0.3958542198949597800 ) ) ;
#3896 = CARTESIAN_POINT ( 'NONE',  ( 0.02994456013349171300, -1.151245959617459300, -0.2721492054816726000 ) ) ;
#3897 = VERTEX_POINT ( 'NONE', #4977 ) ;
#3898 = DIRECTION ( 'NONE',  ( -1.224646799147353200E-016, -1.772742006221665100E-032, 1.000000000000000000 ) ) ;
#3899 = VERTEX_POINT ( 'NONE', #2465 ) ;
#3900 = FACE_OUTER_BOUND ( 'NONE', #351, .T. ) ;
#3901 =( LENGTH_UNIT ( ) NAMED_UNIT ( * ) SI_UNIT ( .MILLI., .METRE. ) );
#3902 = DIRECTION ( 'NONE',  ( -1.000000000000000000, -1.447553700753488400E-016, 0.0000000000000000000 ) ) ;
#3903 = PRESENTATION_LAYER_ASSIGNMENT (  '', '', ( #3467 ) ) ;
#3904 = SURFACE_SIDE_STYLE ('',( #5279 ) ) ;
#3905 = PRESENTATION_STYLE_ASSIGNMENT (( #3525 ) ) ;
#3906 = CARTESIAN_POINT ( 'NONE',  ( 0.02541776724457455200, -1.218768500858521400, -0.2303033564627409200 ) ) ;
#3907 = CARTESIAN_POINT ( 'NONE',  ( -0.06061595206819383300, -0.9250819879823163300, 0.2708565774943253500 ) ) ;
#3908 = DIRECTION ( 'NONE',  ( -1.447553700753488400E-016, 1.000000000000000000, -0.0000000000000000000 ) ) ;
#3909 = SURFACE_STYLE_USAGE ( .BOTH. , #7714 ) ;
#3910 = MECHANICAL_DESIGN_GEOMETRIC_PRESENTATION_REPRESENTATION (  '', ( #3066 ), #4342 ) ;
#3911 = DIRECTION ( 'NONE',  ( -0.5059326411432164500, -0.8290431166894481900, 0.2381589244510805000 ) ) ;
#3912 = DIRECTION ( 'NONE',  ( -1.447553700753488400E-016, 1.000000000000000000, -0.0000000000000000000 ) ) ;
#3913 = CARTESIAN_POINT ( 'NONE',  ( -1.244400193985226300, -1.394999999999999800, -0.7285786437626906600 ) ) ;
#3914 =( BOUNDED_SURFACE ( )  B_SPLINE_SURFACE ( 3, 2, ( 
 ( #2317, #7374, #414 ),
 ( #4856, #1052, #5492 ),
 ( #1700, #6134, #2341 ),
 ( #6779, #2986, #7400 ) ),
 .UNSPECIFIED., .F., .F., .T. ) 
 B_SPLINE_SURFACE_WITH_KNOTS ( ( 4, 4 ),
 ( 3, 3 ),
 ( 5.497671326363885000E-005, 5.933056539541960000E-005 ),
 ( 0.0000000000000000000, 1.000000000000000000 ),
 .UNSPECIFIED. ) 
 GEOMETRIC_REPRESENTATION_ITEM ( )  RATIONAL_B_SPLINE_SURFACE ( (
 ( 1.000000000000000000, 0.7770244615822151600, 1.000000000000000000),
 ( 1.000000000000000000, 0.7811042492873465600, 1.000000000000000000),
 ( 1.000000000000000000, 0.7852313896555596100, 1.000000000000000000),
 ( 1.000000000000000000, 0.7894116659232695000, 1.000000000000000000) ) ) 
 REPRESENTATION_ITEM ( '' )  SURFACE ( )  );
#3915 = DIRECTION ( 'NONE',  ( -0.7087319363897502900, 0.7054778822480793900, 0.0000000000000000000 ) ) ;
#3916 = ORIENTED_EDGE ( 'NONE', *, *, #3031, .F. ) ;
#3917 = CARTESIAN_POINT ( 'NONE',  ( -0.1063473373305611300, 0.3412228871188086600, 0.4175155822693079100 ) ) ;
#3918 = CARTESIAN_POINT ( 'NONE',  ( 0.03709593082621726700, 0.4001974798933239400, -0.4481742220839079500 ) ) ;
#3919 =( GEOMETRIC_REPRESENTATION_CONTEXT ( 3 ) GLOBAL_UNCERTAINTY_ASSIGNED_CONTEXT ( ( #7574 ) ) GLOBAL_UNIT_ASSIGNED_CONTEXT ( ( #8141, #1780, #4985 ) ) REPRESENTATION_CONTEXT ( 'NONE', 'WORKASPACE' ) );
#3920 = DIRECTION ( 'NONE',  ( -1.447553700753488400E-016, 1.000000000000000000, -0.0000000000000000000 ) ) ;
#3921 = EDGE_CURVE ( 'NONE', #3827, #3812, #3059, .T. ) ;
#3922 = CARTESIAN_POINT ( 'NONE',  ( 1.270000000000000000, 1.294999999999999900, -0.6700000000000002600 ) ) ;
#3923 = ORIENTED_EDGE ( 'NONE', *, *, #4689, .F. ) ;
#3924 = MECHANICAL_DESIGN_GEOMETRIC_PRESENTATION_REPRESENTATION (  '', ( #3082 ), #4356 ) ;
#3925 = VERTEX_POINT ( 'NONE', #3896 ) ;
#3926 = ADVANCED_FACE ( 'NONE', ( #7855 ), #1561, .T. ) ;
#3927 = CIRCLE ( 'NONE', #618, 0.02000000000000001800 ) ;
#3928 = CARTESIAN_POINT ( 'NONE',  ( -0.02846945051321345100, -1.173248987503749300, 0.2703796362847965000 ) ) ;
#3929 = VERTEX_POINT ( 'NONE', #7529 ) ;
#3930 = ORIENTED_EDGE ( 'NONE', *, *, #994, .F. ) ;
#3931 = EDGE_CURVE ( 'NONE', #1785, #8042, #7652, .T. ) ;
#3932 = SURFACE_STYLE_USAGE ( .BOTH. , #7738 ) ;
#3933 = FACE_OUTER_BOUND ( 'NONE', #7833, .T. ) ;
#3934 = CARTESIAN_POINT ( 'NONE',  ( 1.020000000000000000, -1.294999999999999900, 1.270000000000000000 ) ) ;
#3935 = MECHANICAL_DESIGN_GEOMETRIC_PRESENTATION_REPRESENTATION (  '', ( #3097 ), #4367 ) ;
#3936 =( LENGTH_UNIT ( ) NAMED_UNIT ( * ) SI_UNIT ( .MILLI., .METRE. ) );
#3937 = FILL_AREA_STYLE ('',( #83 ) ) ;
#3938 = ORIENTED_EDGE ( 'NONE', *, *, #3300, .F. ) ;
#3939 = CARTESIAN_POINT ( 'NONE',  ( -1.476660268557142200E-016, 1.395000000000000000, 0.0000000000000000000 ) ) ;
#3940 = CARTESIAN_POINT ( 'NONE',  ( -0.1217036414218973800, 0.3543379074932627700, -0.3956287701370955200 ) ) ;
#3941 = SURFACE_STYLE_FILL_AREA ( #7783 ) ;
#3942 = FACE_OUTER_BOUND ( 'NONE', #6210, .T. ) ;
#3943 = DIRECTION ( 'NONE',  ( 0.0000000000000000000, 0.0000000000000000000, -1.000000000000000000 ) ) ;
#3944 = CARTESIAN_POINT ( 'NONE',  ( -0.8999999999999994700, 1.394999999999999800, 0.0000000000000000000 ) ) ;
#3945 = MECHANICAL_DESIGN_GEOMETRIC_PRESENTATION_REPRESENTATION (  '', ( #2244 ), #4379 ) ;
#3946 = AXIS2_PLACEMENT_3D ( 'NONE', #3755, #8188, #4395 ) ;
#3947 = CARTESIAN_POINT ( 'NONE',  ( -0.1250000000000000600, 0.2666198487095667900, 0.3790109896776369100 ) ) ;
#3948 = CARTESIAN_POINT ( 'NONE',  ( -0.1546666456083098400, 0.3037474859021931900, -0.4112769338053835500 ) ) ;
#3949 = AXIS2_PLACEMENT_3D ( 'NONE', #7861, #5962, #3409 ) ;
#3950 = VECTOR ( 'NONE', #1227, 1000.000000000000000 ) ;
#3951 = DIRECTION ( 'NONE',  ( 1.000000000000000000, 0.0000000000000000000, 0.0000000000000000000 ) ) ;
#3952 = CARTESIAN_POINT ( 'NONE',  ( 0.07724552453996169600, 0.3864147832071676000, -0.4372762921678581300 ) ) ;
#3953 = TOROIDAL_SURFACE ( 'NONE', #960, 0.6499999999999994700, 0.05000000000000000300 ) ;
#3954 = ORIENTED_EDGE ( 'NONE', *, *, #3921, .T. ) ;
#3955 = CARTESIAN_POINT ( 'NONE',  ( 0.04933144428504389300, -1.205497527077970000, -0.2977156663328866500 ) ) ;
#3956 = ORIENTED_EDGE ( 'NONE', *, *, #7916, .T. ) ;
#3957 = SURFACE_STYLE_FILL_AREA ( #4255 ) ;
#3958 = ORIENTED_EDGE ( 'NONE', *, *, #1149, .F. ) ;
#3959 = CIRCLE ( 'NONE', #7464, 0.01999999999999997600 ) ;
#3960 = DIRECTION ( 'NONE',  ( 0.4472135954999580400, -0.0000000000000000000, -0.8944271909999157400 ) ) ;
#3961 = UNCERTAINTY_MEASURE_WITH_UNIT (LENGTH_MEASURE( 1.000000000000000100E-005 ), #6465, 'distance_accuracy_value', 'NONE');
#3962 = CARTESIAN_POINT ( 'NONE',  ( 0.09189318308635009700, -0.2272080036503710800, 0.3433401040042007900 ) ) ;
#3963 = CARTESIAN_POINT ( 'NONE',  ( 0.09109214503312536300, -0.2391564462479880100, 0.3527891271054459100 ) ) ;
#3964 = ORIENTED_EDGE ( 'NONE', *, *, #5932, .F. ) ;
#3965 = ADVANCED_FACE ( 'NONE', ( #2994 ), #7439, .F. ) ;
#3966 = CARTESIAN_POINT ( 'NONE',  ( 0.02753878945977811900, -1.187130912501005200, 0.2383618823706219700 ) ) ;
#3967 = DIRECTION ( 'NONE',  ( 1.000000000000000000, 1.447553700753488400E-016, 0.0000000000000000000 ) ) ;
#3968 = CYLINDRICAL_SURFACE ( 'NONE', #6669, 0.1000000000000000500 ) ;
#3969 = ORIENTED_EDGE ( 'NONE', *, *, #511, .F. ) ;
#3970 = PRESENTATION_STYLE_ASSIGNMENT (( #2417 ) ) ;
#3971 = CARTESIAN_POINT ( 'NONE',  ( -0.1518986748799410500, 0.2634659119465302400, -0.4083876577056684300 ) ) ;
#3972 = CARTESIAN_POINT ( 'NONE',  ( -0.2549999999999989500, -6.859999999999995900, 0.0000000000000000000 ) ) ;
#3973 = ADVANCED_FACE ( 'NONE', ( #2805 ), #5957, .F. ) ;
#3974 = PRESENTATION_LAYER_ASSIGNMENT (  '', '', ( #3125 ) ) ;
#3975 = CARTESIAN_POINT ( 'NONE',  ( 0.1180253205482357900, 0.3525217918726916700, 0.3757417101686157900 ) ) ;
#3976 = PRESENTATION_STYLE_ASSIGNMENT (( #3677 ) ) ;
#3977 = EDGE_CURVE ( 'NONE', #1479, #4234, #4279, .T. ) ;
#3978 = DIRECTION ( 'NONE',  ( 1.000000000000000000, 2.752306126468202000E-016, 0.0000000000000000000 ) ) ;
#3979 = B_SPLINE_CURVE_WITH_KNOTS ( 'NONE', 3,
 ( #2816, #4697, #3403, #7223 ),
 .UNSPECIFIED., .F., .F.,
 ( 4, 4 ),
 ( 0.0000000000000000000, 2.626378288017944800E-006 ),
 .UNSPECIFIED. ) ;
#3980 = ORIENTED_EDGE ( 'NONE', *, *, #1475, .F. ) ;
#3981 =( GEOMETRIC_REPRESENTATION_CONTEXT ( 3 ) GLOBAL_UNCERTAINTY_ASSIGNED_CONTEXT ( ( #2666 ) ) GLOBAL_UNIT_ASSIGNED_CONTEXT ( ( #5970, #2168, #6596 ) ) REPRESENTATION_CONTEXT ( 'NONE', 'WORKASPACE' ) );
#3982 = SURFACE_SIDE_STYLE ('',( #3941 ) ) ;
#3983 = SURFACE_SIDE_STYLE ('',( #184 ) ) ;
#3984 = ORIENTED_EDGE ( 'NONE', *, *, #365, .F. ) ;
#3985 = LINE ( 'NONE', #7004, #3798 ) ;
#3986 = LINE ( 'NONE', #3376, #2302 ) ;
#3987 = EDGE_CURVE ( 'NONE', #4463, #2527, #69, .T. ) ;
#3988 = DIRECTION ( 'NONE',  ( -0.4472135954999580400, 0.0000000000000000000, -0.8944271909999157400 ) ) ;
#3989 = CARTESIAN_POINT ( 'NONE',  ( 0.02666709960536417900, -1.222979491838891400, -0.2840257620198638500 ) ) ;
#3990 = FACE_OUTER_BOUND ( 'NONE', #4943, .T. ) ;
#3991 = ORIENTED_EDGE ( 'NONE', *, *, #3931, .F. ) ;
#3992 =( LENGTH_UNIT ( ) NAMED_UNIT ( * ) SI_UNIT ( .MILLI., .METRE. ) );
#3993 = ORIENTED_EDGE ( 'NONE', *, *, #5573, .F. ) ;
#3994 = DIRECTION ( 'NONE',  ( 0.0000000000000000000, 0.0000000000000000000, -1.000000000000000000 ) ) ;
#3995 = CARTESIAN_POINT ( 'NONE',  ( -0.1248013322665593900, 0.3538855392615846100, 0.4260221670331657600 ) ) ;
#3996 = DIRECTION ( 'NONE',  ( -1.447553700753488400E-016, 1.000000000000000000, -0.0000000000000000000 ) ) ;
#3997 = CARTESIAN_POINT ( 'NONE',  ( -1.404282583519467900E-016, 1.345000000000000200, 0.0000000000000000000 ) ) ;
#3998 = FILL_AREA_STYLE ('',( #2076 ) ) ;
#3999 = DIRECTION ( 'NONE',  ( 1.000000000000000000, 0.0000000000000000000, 1.224646799147352000E-016 ) ) ;
#4000 = AXIS2_PLACEMENT_3D ( 'NONE', #3940, #116, #4586 ) ;
#4001 = CARTESIAN_POINT ( 'NONE',  ( 0.1056249472622275000, 0.3423797553386924200, 0.3953862927625521600 ) ) ;
#4002 = ORIENTED_EDGE ( 'NONE', *, *, #3893, .F. ) ;
#4003 =( GEOMETRIC_REPRESENTATION_CONTEXT ( 3 ) GLOBAL_UNCERTAINTY_ASSIGNED_CONTEXT ( ( #5890 ) ) GLOBAL_UNIT_ASSIGNED_CONTEXT ( ( #4007, #188, #4655 ) ) REPRESENTATION_CONTEXT ( 'NONE', 'WORKASPACE' ) );
#4004 = ORIENTED_EDGE ( 'NONE', *, *, #720, .F. ) ;
#4005 = DIRECTION ( 'NONE',  ( -1.000000000000000000, -1.441759817635564500E-016, 0.0000000000000000000 ) ) ;
#4006 = CARTESIAN_POINT ( 'NONE',  ( -7.509803548050487700E-017, 0.8936853245068846500, 0.0000000000000000000 ) ) ;
#4007 =( LENGTH_UNIT ( ) NAMED_UNIT ( * ) SI_UNIT ( .MILLI., .METRE. ) );
#4008 = SURFACE_STYLE_USAGE ( .BOTH. , #7814 ) ;
#4009 = ADVANCED_FACE ( 'NONE', ( #5756 ), #289, .T. ) ;
#4010 = AXIS2_PLACEMENT_3D ( 'NONE', #7593, #3802, #8229 ) ;
#4011 = ITEM_DEFINED_TRANSFORMATION ( 'NONE', 'NONE', #6462,  #4353 ) ;
#4012 = ADVANCED_FACE ( 'NONE', ( #1781 ), #5392, .T. ) ;
#4013 = CARTESIAN_POINT ( 'NONE',  ( -0.1180273429977311100, 0.3525217918726870600, 0.3757410748851467400 ) ) ;
#4014 = VERTEX_POINT ( 'NONE', #6050 ) ;
#4015 = CIRCLE ( 'NONE', #5003, 0.8262454205064518900 ) ;
#4016 = CARTESIAN_POINT ( 'NONE',  ( 4.588589737599975400E-016, -2.795000000000000800, 0.0000000000000000000 ) ) ;
#4017 = FILL_AREA_STYLE ('',( #3342 ) ) ;
#4018 = AXIS2_PLACEMENT_3D ( 'NONE', #4346, #524, #4979 ) ;
#4019 = B_SPLINE_CURVE_WITH_KNOTS ( 'NONE', 3,
 ( #1417, #5220, #2707, #7120, #3321, #7779, #3975 ),
 .UNSPECIFIED., .F., .F.,
 ( 4, 3, 4 ),
 ( 0.0000000000000000000, 5.162161245727735000E-005, 8.969792181880791000E-005 ),
 .UNSPECIFIED. ) ;
#4020 = DIRECTION ( 'NONE',  ( -1.447553700753488400E-016, 1.000000000000000000, -0.0000000000000000000 ) ) ;
#4021 =( NAMED_UNIT ( * ) SI_UNIT ( $, .STERADIAN. ) SOLID_ANGLE_UNIT ( ) );
#4022 = EDGE_CURVE ( 'NONE', #3081, #138, #70, .T. ) ;
#4023 = CARTESIAN_POINT ( 'NONE',  ( -0.1250026613953819100, 0.2666596192845120400, -0.3897231212585425800 ) ) ;
#4024 = ORIENTED_EDGE ( 'NONE', *, *, #3317, .F. ) ;
#4025 = DIRECTION ( 'NONE',  ( -1.000000000000000000, -1.447553700753488400E-016, 0.0000000000000000000 ) ) ;
#4026 = SURFACE_STYLE_FILL_AREA ( #3719 ) ;
#4027 = CARTESIAN_POINT ( 'NONE',  ( 0.02994456013349171300, -1.151245959617459300, 0.2721492054816726000 ) ) ;
#4028 = DIRECTION ( 'NONE',  ( 0.8944271909999158600, 0.0000000000000000000, -0.4472135954999580900 ) ) ;
#4029 = CIRCLE ( 'NONE', #7872, 0.7850932023777780200 ) ;
#4030 = FILL_AREA_STYLE_COLOUR ( '', #127 ) ;
#4031 = CARTESIAN_POINT ( 'NONE',  ( -0.03397201354942366200, -1.218260360858893300, -0.2931727449421187000 ) ) ;
#4032 = ORIENTED_EDGE ( 'NONE', *, *, #3630, .T. ) ;
#4033 = CARTESIAN_POINT ( 'NONE',  ( 0.1210356286896722700, 0.3073357932227794900, -0.4473915349918110600 ) ) ;
#4034 = EDGE_LOOP ( 'NONE', ( #3980, #703, #6601, #4392 ) ) ;
#4035 = FACE_OUTER_BOUND ( 'NONE', #2718, .T. ) ;
#4036 = VECTOR ( 'NONE', #1408, 1000.000000000000000 ) ;
#4037 = CIRCLE ( 'NONE', #3783, 0.1000000000000000500 ) ;
#4038 = EDGE_CURVE ( 'NONE', #5809, #6847, #5160, .T. ) ;
#4039 = CARTESIAN_POINT ( 'NONE',  ( -0.5999999999999994200, 0.6449999999999998000, 0.0000000000000000000 ) ) ;
#4040 = CARTESIAN_POINT ( 'NONE',  ( 0.1250013331528469500, 0.2666397342813837100, -0.3792115242494812400 ) ) ;
#4041 = AXIS2_PLACEMENT_3D ( 'NONE', #2546, #6968, #3171 ) ;
#4042 = CARTESIAN_POINT ( 'NONE',  ( 0.1069180516808264200, 0.3402937159746543500, -0.3947436973228082300 ) ) ;
#4043 = VERTEX_POINT ( 'NONE', #2931 ) ;
#4044 = SURFACE_STYLE_FILL_AREA ( #5883 ) ;
#4045 = CARTESIAN_POINT ( 'NONE',  ( -0.02813856354319625000, -1.178184563225319800, -0.2585844265815918600 ) ) ;
#4046 = FACE_OUTER_BOUND ( 'NONE', #4729, .T. ) ;
#4047 = DIRECTION ( 'NONE',  ( -1.000000000000000000, 0.0000000000000000000, 0.0000000000000000000 ) ) ;
#4048 = ORIENTED_EDGE ( 'NONE', *, *, #3931, .T. ) ;
#4049 = EDGE_CURVE ( 'NONE', #6713, #8257, #6645, .T. ) ;
#4050 = CARTESIAN_POINT ( 'NONE',  ( 0.08502503578814488100, 0.3906619999377830000, 0.3848638083151656500 ) ) ;
#4051 = DIRECTION ( 'NONE',  ( -1.000000000000000000, 0.0000000000000000000, 1.084202172485506600E-015 ) ) ;
#4052 = STYLED_ITEM ( 'NONE', ( #3280 ), #4135 ) ;
#4053 = ADVANCED_FACE ( 'NONE', ( #3266 ), #3914, .T. ) ;
#4054 = CARTESIAN_POINT ( 'NONE',  ( -0.1274216735989316100, 0.3525217918728549300, -0.4251585148178475000 ) ) ;
#4055 = EDGE_CURVE ( 'NONE', #3748, #1370, #4772, .T. ) ;
#4056 = CARTESIAN_POINT ( 'NONE',  ( -0.04506578427859781600, 0.3918940884985805400, -0.4258554626469344100 ) ) ;
#4057 = CARTESIAN_POINT ( 'NONE',  ( -0.8160000000000005000, -1.294999999999999900, 1.678000000000000400 ) ) ;
#4058 = DIRECTION ( 'NONE',  ( 0.0000000000000000000, -0.07180449027747236300, 0.9974187261005241800 ) ) ;
#4059 = ADVANCED_FACE ( 'NONE', ( #1387 ), #5854, .T. ) ;
#4060 = ORIENTED_EDGE ( 'NONE', *, *, #7589, .T. ) ;
#4061 = MECHANICAL_DESIGN_GEOMETRIC_PRESENTATION_REPRESENTATION (  '', ( #2363 ), #4491 ) ;
#4062 = STYLED_ITEM ( 'NONE', ( #5386 ), #5919 ) ;
#4063 = CARTESIAN_POINT ( 'NONE',  ( 0.06474188712309260400, 0.3831853566218939600, -0.3656221521917411000 ) ) ;
#4064 = CARTESIAN_POINT ( 'NONE',  ( 5.354393754902066400E-017, 0.005000000000000013100, 0.0000000000000000000 ) ) ;
#4065 = AXIS2_PLACEMENT_3D ( 'NONE', #6077, #2278, #6715 ) ;
#4066 = DIRECTION ( 'NONE',  ( -1.000000000000000000, -1.376441778236428700E-016, 0.0000000000000000000 ) ) ;
#4067 = CARTESIAN_POINT ( 'NONE',  ( 4.920127644676020900E-017, 0.03500000000000009400, 0.0000000000000000000 ) ) ;
#4068 = ORIENTED_EDGE ( 'NONE', *, *, #7103, .T. ) ;
#4069 = ORIENTED_EDGE ( 'NONE', *, *, #4477, .F. ) ;
#4070 = DIRECTION ( 'NONE',  ( -1.000000000000000000, -1.447553700753488400E-016, 0.0000000000000000000 ) ) ;
#4071 = LINE ( 'NONE', #5646, #2387 ) ;
#4072 =( LENGTH_UNIT ( ) NAMED_UNIT ( * ) SI_UNIT ( .MILLI., .METRE. ) );
#4073 = UNCERTAINTY_MEASURE_WITH_UNIT (LENGTH_MEASURE( 1.000000000000000100E-005 ), #7087, 'distance_accuracy_value', 'NONE');
#4074 = AXIS2_PLACEMENT_3D ( 'NONE', #4256, #441, #4887 ) ;
#4075 = CARTESIAN_POINT ( 'NONE',  ( 0.04716643717787604600, -1.168966892875068700, 0.2335985046747819100 ) ) ;
#4076 = AXIS2_PLACEMENT_3D ( 'NONE', #5560, #1758, #6201 ) ;
#4077 = ORIENTED_EDGE ( 'NONE', *, *, #6304, .F. ) ;
#4078 = ORIENTED_EDGE ( 'NONE', *, *, #931, .F. ) ;
#4079 = CARTESIAN_POINT ( 'NONE',  ( -0.08563530259168955500, 0.3890589364638125700, 0.3845042201494571200 ) ) ;
#4080 = CARTESIAN_POINT ( 'NONE',  ( 0.1250013331536012600, 0.2666397342932981300, 0.3792115242472765500 ) ) ;
#4081 = PRESENTATION_STYLE_ASSIGNMENT (( #7954 ) ) ;
#4082 = CARTESIAN_POINT ( 'NONE',  ( 0.04784238332212933900, -1.168868921937331400, -0.2301144326776780900 ) ) ;
#4083 = ORIENTED_EDGE ( 'NONE', *, *, #7171, .F. ) ;
#4084 = SURFACE_SIDE_STYLE ('',( #5246 ) ) ;
#4085 = LINE ( 'NONE', #6980, #2401 ) ;
#4086 = DIRECTION ( 'NONE',  ( 0.4472135954999579300, 0.0000000000000000000, -0.8944271909999158600 ) ) ;
#4087 = EDGE_CURVE ( 'NONE', #7634, #5149, #4180, .T. ) ;
#4088 = FACE_OUTER_BOUND ( 'NONE', #2974, .T. ) ;
#4089 = PRESENTATION_LAYER_ASSIGNMENT (  '', '', ( #3225 ) ) ;
#4090 = CARTESIAN_POINT ( 'NONE',  ( -0.01698699319169541500, 0.3998653852408294900, -0.4309241852911149800 ) ) ;
#4091 = DIRECTION ( 'NONE',  ( -1.000000000000000000, -2.442309373877174400E-016, 0.0000000000000000000 ) ) ;
#4092 = ORIENTED_EDGE ( 'NONE', *, *, #5323, .T. ) ;
#4093 = FACE_BOUND ( 'NONE', #5520, .T. ) ;
#4094 = FILL_AREA_STYLE ('',( #4654 ) ) ;
#4095 = CARTESIAN_POINT ( 'NONE',  ( 2.315930427416997100E-016, -1.224999999999999400, 0.0000000000000000000 ) ) ;
#4096 = ADVANCED_FACE ( 'NONE', ( #775 ), #1794, .F. ) ;
#4097 = DIRECTION ( 'NONE',  ( -1.000000000000000000, 0.0000000000000000000, 2.168404344971008100E-015 ) ) ;
#4098 = ADVANCED_FACE ( 'NONE', ( #6861 ), #301, .T. ) ;
#4099 = EDGE_LOOP ( 'NONE', ( #4434, #4002, #1562, #3333 ) ) ;
#4100 = EDGE_CURVE ( 'NONE', #2605, #4758, #5173, .T. ) ;
#4101 = EDGE_LOOP ( 'NONE', ( #8020, #823, #1779, #5084 ) ) ;
#4102 = MECHANICAL_DESIGN_GEOMETRIC_PRESENTATION_REPRESENTATION (  '', ( #3235 ), #4526 ) ;
#4103 = CARTESIAN_POINT ( 'NONE',  ( 0.04630770841790421400, -1.150767665139485100, 0.2525584207203315200 ) ) ;
#4104 = CARTESIAN_POINT ( 'NONE',  ( 0.02513773585898748300, -1.222945504588554200, 0.2763272670030129700 ) ) ;
#4105 = CARTESIAN_POINT ( 'NONE',  ( 0.8499999999999993100, 0.7450000000000001100, 1.040949779275249400E-016 ) ) ;
#4106 = CIRCLE ( 'NONE', #7340, 0.5999999999999994200 ) ;
#4107 = CARTESIAN_POINT ( 'NONE',  ( 0.04735663172445679600, -1.169071126674652500, -0.2324804275672539600 ) ) ;
#4108 = CARTESIAN_POINT ( 'NONE',  ( 0.05009764891080268500, -1.152798546761364200, -0.03076719300391887000 ) ) ;
#4109 = CARTESIAN_POINT ( 'NONE',  ( 0.04747270550681743900, -1.188786294355723700, -0.2283363398061075700 ) ) ;
#4110 = AXIS2_PLACEMENT_3D ( 'NONE', #4464, #647, #5097 ) ;
#4111 = CARTESIAN_POINT ( 'NONE',  ( 0.06644132670976474200, 0.3821631353303115400, -0.4069127856302391900 ) ) ;
#4112 = CARTESIAN_POINT ( 'NONE',  ( 0.1378435408756129600, 0.2670981431876250900, 0.3606053945049979600 ) ) ;
#4113 = DIRECTION ( 'NONE',  ( 0.0000000000000000000, 1.000000000000000000, 0.0000000000000000000 ) ) ;
#4114 = COLOUR_RGB ( '',0.1098039215686274500, 0.1098039215686274500, 0.1098039215686274500 ) ;
#4115 = CARTESIAN_POINT ( 'NONE',  ( -0.09897661204258267900, 0.3530595351822681800, -0.3720411454953223000 ) ) ;
#4116 = VECTOR ( 'NONE', #2939, 1000.000000000000000 ) ;
#4117 = DIRECTION ( 'NONE',  ( -1.000000000000000000, -1.376441778236428500E-016, 0.0000000000000000000 ) ) ;
#4118 = COLOUR_RGB ( '',0.8941176470588234600, 0.9137254901960784000, 0.9294117647058823800 ) ;
#4119 = UNCERTAINTY_MEASURE_WITH_UNIT (LENGTH_MEASURE( 1.000000000000000100E-005 ), #7473, 'distance_accuracy_value', 'NONE');
#4120 = CARTESIAN_POINT ( 'NONE',  ( -1.244400193985226100, 1.395000000000000000, -0.7285786437626909900 ) ) ;
#4121 = DIRECTION ( 'NONE',  ( -1.447553700753488400E-016, 1.000000000000000000, -0.0000000000000000000 ) ) ;
#4122 = SURFACE_STYLE_USAGE ( .BOTH. , #7924 ) ;
#4123 = STYLED_ITEM ( 'NONE', ( #1382 ), #6540 ) ;
#4124 = CARTESIAN_POINT ( 'NONE',  ( -0.9099999999999992500, 0.7149999999999999700, 0.0000000000000000000 ) ) ;
#4125 = ORIENTED_EDGE ( 'NONE', *, *, #1843, .F. ) ;
#4126 = LINE ( 'NONE', #1379, #7279 ) ;
#4127 = FACE_OUTER_BOUND ( 'NONE', #2797, .T. ) ;
#4128 = CARTESIAN_POINT ( 'NONE',  ( 0.1242671365104061500, 0.2965725559113067700, 0.3934446168333248800 ) ) ;
#4129 = B_SPLINE_CURVE_WITH_KNOTS ( 'NONE', 3,
 ( #180, #4615, #1472, #2114, #6542, #2764, #7177, #3390, #7831, #4031, #217, #4678, #853, #5310, #1496, #5933, #2142, #6570, #2795 ),
 .UNSPECIFIED., .F., .F.,
 ( 4, 3, 3, 3, 3, 3, 4 ),
 ( 0.0000000000000000000, 5.273509962903252100E-006, 1.049801969254637800E-005, 1.803078722487463100E-005, 2.855146381452501300E-005, 3.844086914946562000E-005, 3.936707361176790400E-005 ),
 .UNSPECIFIED. ) ;
#4130 = ORIENTED_EDGE ( 'NONE', *, *, #6374, .T. ) ;
#4131 = VERTEX_POINT ( 'NONE', #3062 ) ;
#4132 = COLOUR_RGB ( '',0.8941176470588234600, 0.9137254901960784000, 0.9294117647058823800 ) ;
#4133 = CARTESIAN_POINT ( 'NONE',  ( -1.832000000000000700, -1.954016994374949500, 0.3539999999999993700 ) ) ;
#4134 = AXIS2_PLACEMENT_3D ( 'NONE', #4162, #346, #4797 ) ;
#4135 = ADVANCED_FACE ( 'NONE', ( #6662 ), #7761, .T. ) ;
#4136 = CARTESIAN_POINT ( 'NONE',  ( 0.04575581247760836200, -1.157046485537193600, -0.2511402095542419900 ) ) ;
#4137 = SURFACE_STYLE_USAGE ( .BOTH. , #7936 ) ;
#4138 = EDGE_CURVE ( 'NONE', #4953, #297, #6066, .T. ) ;
#4139 = VERTEX_POINT ( 'NONE', #173 ) ;
#4140 = AXIS2_PLACEMENT_3D ( 'NONE', #4006, #183, #4652 ) ;
#4141 = ADVANCED_FACE ( 'NONE', ( #991, #4391 ), #3348, .F. ) ;
#4142 = ORIENTED_EDGE ( 'NONE', *, *, #2050, .F. ) ;
#4143 = VECTOR ( 'NONE', #4728, 1000.000000000000000 ) ;
#4144 = FACE_OUTER_BOUND ( 'NONE', #4197, .T. ) ;
#4145 = CARTESIAN_POINT ( 'NONE',  ( -0.6099999999999995400, 1.395000000000000000, 0.0000000000000000000 ) ) ;
#4146 = DIRECTION ( 'NONE',  ( 0.0000000000000000000, 0.0000000000000000000, -1.000000000000000000 ) ) ;
#4147 = CARTESIAN_POINT ( 'NONE',  ( -0.1257847930699634000, 0.2783259779124367900, -0.4487451452183733900 ) ) ;
#4148 = CARTESIAN_POINT ( 'NONE',  ( 1.270000000000000000, -1.294999999999999900, 1.270000000000000000 ) ) ;
#4149 = ORIENTED_EDGE ( 'NONE', *, *, #2618, .T. ) ;
#4150 = EDGE_CURVE ( 'NONE', #6256, #454, #2093, .T. ) ;
#4151 = DIRECTION ( 'NONE',  ( -1.000000000000000000, 0.0000000000000000000, 0.0000000000000000000 ) ) ;
#4152 = CARTESIAN_POINT ( 'NONE',  ( 1.047639320225002100, 1.294999999999999900, 1.214721359549995900 ) ) ;
#4153 =( LENGTH_UNIT ( ) NAMED_UNIT ( * ) SI_UNIT ( .MILLI., .METRE. ) );
#4154 = SURFACE_STYLE_USAGE ( .BOTH. , #7955 ) ;
#4155 = CARTESIAN_POINT ( 'NONE',  ( -1.270000000000000000, 1.395000000000000000, 0.6700000000000002600 ) ) ;
#4156 = CARTESIAN_POINT ( 'NONE',  ( -0.1242625082684963700, 0.3417635143173591800, -0.3727542676178035600 ) ) ;
#4157 = CIRCLE ( 'NONE', #4220, 0.1000000000000000500 ) ;
#4158 = LINE ( 'NONE', #2530, #3950 ) ;
#4159 = CARTESIAN_POINT ( 'NONE',  ( -0.007074153822903812500, 0.4000793884473484200, 0.4298379674667772700 ) ) ;
#4160 = FACE_OUTER_BOUND ( 'NONE', #4885, .T. ) ;
#4161 = AXIS2_PLACEMENT_3D ( 'NONE', #4603, #4634, #810 ) ;
#4162 = CARTESIAN_POINT ( 'NONE',  ( 2.234677677640098700E-016, -1.168868921937331600, 0.0000000000000000000 ) ) ;
#4163 = AXIS2_PLACEMENT_3D ( 'NONE', #7967, #348, #4721 ) ;
#4164 = VERTEX_POINT ( 'NONE', #5303 ) ;
#4165 = CARTESIAN_POINT ( 'NONE',  ( -0.04630770841790388800, -1.150767665139485100, -0.2525584207203315200 ) ) ;
#4166 = VERTEX_POINT ( 'NONE', #7856 ) ;
#4167 = VERTEX_POINT ( 'NONE', #4054 ) ;
#4168 = SURFACE_STYLE_USAGE ( .BOTH. , #7976 ) ;
#4169 = CARTESIAN_POINT ( 'NONE',  ( -0.1248607912308391800, 0.2645433830776195400, 0.4185491471247365600 ) ) ;
#4170 = EDGE_LOOP ( 'NONE', ( #371, #341, #3489, #7628, #7711 ) ) ;
#4171 = PRESENTATION_LAYER_ASSIGNMENT (  '', '', ( #4597 ) ) ;
#4172 =( NAMED_UNIT ( * ) PLANE_ANGLE_UNIT ( ) SI_UNIT ( $, .RADIAN. ) );
#4173 = ORIENTED_EDGE ( 'NONE', *, *, #5206, .T. ) ;
#4174 = CYLINDRICAL_SURFACE ( 'NONE', #1928, 0.2549999999999996700 ) ;
#4175 = CARTESIAN_POINT ( 'NONE',  ( -6.505213034913053200E-016, -1.294999999999999900, 0.6699999999999988200 ) ) ;
#4176 = CARTESIAN_POINT ( 'NONE',  ( -0.04551227361517930200, -1.169838943210478300, -0.2414646074291950100 ) ) ;
#4177 = CARTESIAN_POINT ( 'NONE',  ( -0.8999999999999993600, 0.7449999999999998800, 0.0000000000000000000 ) ) ;
#4178 = B_SPLINE_CURVE_WITH_KNOTS ( 'NONE', 3,
 ( #6290, #2513, #6927, #3135 ),
 .UNSPECIFIED., .F., .F.,
 ( 4, 4 ),
 ( 0.0000000000000000000, 9.492032793642697500E-005 ),
 .UNSPECIFIED. ) ;
#4179 = ADVANCED_FACE ( 'NONE', ( #393 ), #3796, .F. ) ;
#4180 = LINE ( 'NONE', #1109, #7335 ) ;
#4181 = PRESENTATION_STYLE_ASSIGNMENT (( #6126 ) ) ;
#4182 = ORIENTED_EDGE ( 'NONE', *, *, #2709, .T. ) ;
#4183 =( NAMED_UNIT ( * ) SI_UNIT ( $, .STERADIAN. ) SOLID_ANGLE_UNIT ( ) );
#4184 = FACE_OUTER_BOUND ( 'NONE', #6938, .T. ) ;
#4185 = SURFACE_STYLE_FILL_AREA ( #1668 ) ;
#4186 = AXIS2_PLACEMENT_3D ( 'NONE', #7380, #1030, #3594 ) ;
#4187 = CARTESIAN_POINT ( 'NONE',  ( -0.1248736463292304400, 0.2903741819341094100, 0.3924607572430178800 ) ) ;
#4188 =( GEOMETRIC_REPRESENTATION_CONTEXT ( 3 ) GLOBAL_UNCERTAINTY_ASSIGNED_CONTEXT ( ( #4743 ) ) GLOBAL_UNIT_ASSIGNED_CONTEXT ( ( #34, #4511, #692 ) ) REPRESENTATION_CONTEXT ( 'NONE', 'WORKASPACE' ) );
#4189 = DIRECTION ( 'NONE',  ( 0.0000000000000000000, 0.0000000000000000000, -1.000000000000000000 ) ) ;
#4190 = DIRECTION ( 'NONE',  ( -1.447553700753488400E-016, 1.000000000000000000, -0.0000000000000000000 ) ) ;
#4191 = EDGE_CURVE ( 'NONE', #6760, #3729, #4788, .T. ) ;
#4192 = VERTEX_POINT ( 'NONE', #870 ) ;
#4193 = PRESENTATION_STYLE_ASSIGNMENT (( #2723 ) ) ;
#4194 =( NAMED_UNIT ( * ) PLANE_ANGLE_UNIT ( ) SI_UNIT ( $, .RADIAN. ) );
#4195 = VERTEX_POINT ( 'NONE', #7886 ) ;
#4196 = PRODUCT_RELATED_PRODUCT_CATEGORY ( 'part', '', ( #1122 ) ) ;
#4197 = EDGE_LOOP ( 'NONE', ( #7799, #7568, #1761, #3535, #2689, #2175, #4149, #1829, #6156, #2714, #535 ) ) ;
#4198 = EDGE_CURVE ( 'NONE', #6989, #7821, #1894, .T. ) ;
#4199 = CARTESIAN_POINT ( 'NONE',  ( -0.04766718213877874100, -1.235051256728168800, 0.2952605299464017300 ) ) ;
#4200 = AXIS2_PLACEMENT_3D ( 'NONE', #2019, #1409, #5847 ) ;
#4201 = DIRECTION ( 'NONE',  ( 1.016439536705159400E-015, -0.08015153732955067300, -0.9967826899900047400 ) ) ;
#4202 = ORIENTED_EDGE ( 'NONE', *, *, #4022, .T. ) ;
#4203 =( NAMED_UNIT ( * ) SI_UNIT ( $, .STERADIAN. ) SOLID_ANGLE_UNIT ( ) );
#4204 = ORIENTED_EDGE ( 'NONE', *, *, #7021, .F. ) ;
#4205 = CARTESIAN_POINT ( 'NONE',  ( -0.9581966011250113700, -1.395000000000000000, 1.270000000000000000 ) ) ;
#4206 = DIRECTION ( 'NONE',  ( 1.447553700753488400E-016, -1.000000000000000000, 0.0000000000000000000 ) ) ;
#4207 = CYLINDRICAL_SURFACE ( 'NONE', #5908, 0.5999999999999994200 ) ;
#4208 = EDGE_CURVE ( 'NONE', #7258, #1556, #3299, .T. ) ;
#4209 = CARTESIAN_POINT ( 'NONE',  ( 1.270000000000000200, -1.294999999999999900, -0.7699999999999988000 ) ) ;
#4210 =( NAMED_UNIT ( * ) PLANE_ANGLE_UNIT ( ) SI_UNIT ( $, .RADIAN. ) );
#4211 = EDGE_CURVE ( 'NONE', #664, #7303, #6953, .T. ) ;
#4212 = CARTESIAN_POINT ( 'NONE',  ( -0.1173036806498769400, 0.3531317710974798400, 0.3760266897331933600 ) ) ;
#4213 = ADVANCED_FACE ( 'NONE', ( #3582 ), #5958, .F. ) ;
#4214 = CARTESIAN_POINT ( 'NONE',  ( -0.1125498719765960100, 0.3310686504734413100, 0.3916612964520270200 ) ) ;
#4215 = CARTESIAN_POINT ( 'NONE',  ( -0.1035444897624457200, 0.3455690675064073100, -0.3802899842792635800 ) ) ;
#4216 = ORIENTED_EDGE ( 'NONE', *, *, #3834, .F. ) ;
#4217 = STYLED_ITEM ( 'NONE', ( #7240 ), #917 ) ;
#4218 = MECHANICAL_DESIGN_GEOMETRIC_PRESENTATION_REPRESENTATION (  '', ( #3361 ), #4651 ) ;
#4219 = LINE ( 'NONE', #1275, #5708 ) ;
#4220 = AXIS2_PLACEMENT_3D ( 'NONE', #5188, #1383, #5822 ) ;
#4221 = FILL_AREA_STYLE ('',( #377 ) ) ;
#4222 = UNCERTAINTY_MEASURE_WITH_UNIT (LENGTH_MEASURE( 1.000000000000000100E-005 ), #5491, 'distance_accuracy_value', 'NONE');
#4223 = DIRECTION ( 'NONE',  ( -1.000000000000000000, 0.0000000000000000000, 0.0000000000000000000 ) ) ;
#4224 = ORIENTED_EDGE ( 'NONE', *, *, #833, .F. ) ;
#4225 = CARTESIAN_POINT ( 'NONE',  ( -0.05027251899044470800, -1.152322147840335400, 0.02049894887331280000 ) ) ;
#4226 = DIRECTION ( 'NONE',  ( 1.000000000000000000, 1.191430958775280700E-016, 0.0000000000000000000 ) ) ;
#4227 = DIRECTION ( 'NONE',  ( -1.000000000000000000, 0.0000000000000000000, 0.0000000000000000000 ) ) ;
#4228 =( NAMED_UNIT ( * ) SI_UNIT ( $, .STERADIAN. ) SOLID_ANGLE_UNIT ( ) );
#4229 = SURFACE_SIDE_STYLE ('',( #3277 ) ) ;
#4230 =( GEOMETRIC_REPRESENTATION_CONTEXT ( 3 ) GLOBAL_UNCERTAINTY_ASSIGNED_CONTEXT ( ( #2749 ) ) GLOBAL_UNIT_ASSIGNED_CONTEXT ( ( #1079, #5524, #1720 ) ) REPRESENTATION_CONTEXT ( 'NONE', 'WORKASPACE' ) );
#4231 = AXIS2_PLACEMENT_3D ( 'NONE', #4952, #1812, #6253 ) ;
#4232 = UNCERTAINTY_MEASURE_WITH_UNIT (LENGTH_MEASURE( 1.000000000000000100E-005 ), #432, 'distance_accuracy_value', 'NONE');
#4233 = DIRECTION ( 'NONE',  ( -1.000000000000000000, -1.807003620809175900E-016, 0.0000000000000000000 ) ) ;
#4234 = VERTEX_POINT ( 'NONE', #7308 ) ;
#4235 = DIRECTION ( 'NONE',  ( -0.4472135954999583200, 4.363829566254968700E-015, -0.8944271909999156300 ) ) ;
#4236 = ORIENTED_EDGE ( 'NONE', *, *, #3183, .T. ) ;
#4237 = LINE ( 'NONE', #5207, #4036 ) ;
#4238 = CARTESIAN_POINT ( 'NONE',  ( -0.04602106526623406200, -1.153575165043917200, 0.2521963591120535700 ) ) ;
#4239 = CARTESIAN_POINT ( 'NONE',  ( 0.04978749811896360900, -1.205082627581610000, 0.2976813273944592400 ) ) ;
#4240 = DIRECTION ( 'NONE',  ( 0.0000000000000000000, 0.07180449027747253000, 0.9974187261005240700 ) ) ;
#4241 = ORIENTED_EDGE ( 'NONE', *, *, #3778, .T. ) ;
#4242 = AXIS2_PLACEMENT_3D ( 'NONE', #5779, #6385, #68 ) ;
#4243 = CIRCLE ( 'NONE', #7096, 0.1000000000000000500 ) ;
#4244 = DIRECTION ( 'NONE',  ( 1.000000000000000000, 1.417260604930826400E-016, 0.0000000000000000000 ) ) ;
#4245 =( LENGTH_UNIT ( ) NAMED_UNIT ( * ) SI_UNIT ( .MILLI., .METRE. ) );
#4246 = EDGE_CURVE ( 'NONE', #4234, #5212, #7859, .T. ) ;
#4247 = PRESENTATION_LAYER_ASSIGNMENT (  '', '', ( #1259 ) ) ;
#4248 = ORIENTED_EDGE ( 'NONE', *, *, #5198, .F. ) ;
#4249 = FILL_AREA_STYLE_COLOUR ( '', #1020 ) ;
#4250 = SURFACE_STYLE_USAGE ( .BOTH. , #8056 ) ;
#4251 = CIRCLE ( 'NONE', #2046, 0.2956967040367773900 ) ;
#4252 = PRESENTATION_STYLE_ASSIGNMENT (( #1917 ) ) ;
#4253 = SURFACE_SIDE_STYLE ('',( #1015 ) ) ;
#4254 = EDGE_CURVE ( 'NONE', #3925, #1771, #347, .T. ) ;
#4255 = FILL_AREA_STYLE ('',( #5468 ) ) ;
#4256 = CARTESIAN_POINT ( 'NONE',  ( 2.287098961263472300E-016, -1.205082627581609600, 0.0000000000000000000 ) ) ;
#4257 = CARTESIAN_POINT ( 'NONE',  ( 7.559054153381473700E-017, -0.1473024947075762300, 0.0000000000000000000 ) ) ;
#4258 = ORIENTED_EDGE ( 'NONE', *, *, #4411, .T. ) ;
#4259 = AXIS2_PLACEMENT_3D ( 'NONE', #2624, #7039, #3236 ) ;
#4260 = CIRCLE ( 'NONE', #7190, 0.05000000000000002400 ) ;
#4261 = CARTESIAN_POINT ( 'NONE',  ( 0.001081833334257162200, 0.4212810229437302100, -0.3942588679274846600 ) ) ;
#4262 = DIRECTION ( 'NONE',  ( 0.0000000000000000000, 1.000000000000000000, 0.0000000000000000000 ) ) ;
#4263 = CARTESIAN_POINT ( 'NONE',  ( -0.04784238332212900600, -1.168868921937331400, 0.2301144326776780600 ) ) ;
#4264 = ORIENTED_EDGE ( 'NONE', *, *, #626, .T. ) ;
#4265 = CARTESIAN_POINT ( 'NONE',  ( -0.1069500050131465800, -0.2056458439791757400, -0.3262666793310207100 ) ) ;
#4266 = CARTESIAN_POINT ( 'NONE',  ( 0.03489345785013747000, 0.4002055608028954300, 0.4299091601895319600 ) ) ;
#4267 = ORIENTED_EDGE ( 'NONE', *, *, #2925, .F. ) ;
#4268 = CYLINDRICAL_SURFACE ( 'NONE', #3534, 0.09999999999999990800 ) ;
#4269 = ORIENTED_EDGE ( 'NONE', *, *, #1697, .T. ) ;
#4270 = MECHANICAL_DESIGN_GEOMETRIC_PRESENTATION_REPRESENTATION (  '', ( #3410 ), #4702 ) ;
#4271 = CARTESIAN_POINT ( 'NONE',  ( -0.1250000000000000600, 0.2666198487095667900, -0.3897197719169305200 ) ) ;
#4272 = AXIS2_PLACEMENT_3D ( 'NONE', #7983, #3532, #2287 ) ;
#4273 =( NAMED_UNIT ( * ) SI_UNIT ( $, .STERADIAN. ) SOLID_ANGLE_UNIT ( ) );
#4274 = DIRECTION ( 'NONE',  ( 0.0000000000000000000, -0.0000000000000000000, -1.000000000000000000 ) ) ;
#4275 = PRESENTATION_STYLE_ASSIGNMENT (( #7813 ) ) ;
#4276 = ORIENTED_EDGE ( 'NONE', *, *, #3506, .T. ) ;
#4277 = SURFACE_STYLE_USAGE ( .BOTH. , #8078 ) ;
#4278 = UNCERTAINTY_MEASURE_WITH_UNIT (LENGTH_MEASURE( 1.000000000000000100E-005 ), #1858, 'distance_accuracy_value', 'NONE');
#4279 = LINE ( 'NONE', #7923, #1090 ) ;
#4280 = AXIS2_PLACEMENT_3D ( 'NONE', #5861, #2058, #6487 ) ;
#4281 = CARTESIAN_POINT ( 'NONE',  ( 2.518587945522486000E-016, -1.395000000000000000, 0.0000000000000000000 ) ) ;
#4282 = VECTOR ( 'NONE', #8214, 1000.000000000000000 ) ;
#4283 = EDGE_LOOP ( 'NONE', ( #5745, #836, #410, #6235 ) ) ;
#4284 = SURFACE_STYLE_FILL_AREA ( #6721 ) ;
#4285 = CIRCLE ( 'NONE', #4851, 0.2713663603001843500 ) ;
#4286 = CIRCLE ( 'NONE', #7942, 0.4500000000000050600 ) ;
#4287 = CARTESIAN_POINT ( 'NONE',  ( -0.1271357273471913400, 0.3526718729516830600, -0.4252585001822685700 ) ) ;
#4288 = CARTESIAN_POINT ( 'NONE',  ( -0.02864714725154810000, -1.170598427684240500, -0.03799772065156831900 ) ) ;
#4289 = FILL_AREA_STYLE ('',( #3617 ) ) ;
#4290 = CARTESIAN_POINT ( 'NONE',  ( -0.1173054636424261400, 0.3531302211206915300, -0.3760259815223621100 ) ) ;
#4291 = FILL_AREA_STYLE ('',( #8086 ) ) ;
#4292 = FILL_AREA_STYLE ('',( #5531 ) ) ;
#4293 = ORIENTED_EDGE ( 'NONE', *, *, #980, .T. ) ;
#4294 = COLOUR_RGB ( '',0.8941176470588234600, 0.9137254901960784000, 0.9294117647058823800 ) ;
#4295 = AXIS2_PLACEMENT_3D ( 'NONE', #27, #661, #4506 ) ;
#4296 = CARTESIAN_POINT ( 'NONE',  ( 0.01438074771423423700, 0.4003069937067886300, 0.4139288558039946900 ) ) ;
#4297 = CARTESIAN_POINT ( 'NONE',  ( -0.1518986748799353300, 0.2634659119465404000, 0.4083876577056067000 ) ) ;
#4298 = EDGE_CURVE ( 'NONE', #1802, #4043, #1294, .T. ) ;
#4299 =( NAMED_UNIT ( * ) SI_UNIT ( $, .STERADIAN. ) SOLID_ANGLE_UNIT ( ) );
#4300 = ORIENTED_EDGE ( 'NONE', *, *, #7441, .F. ) ;
#4301 = EDGE_LOOP ( 'NONE', ( #1584, #3398, #5910, #3887 ) ) ;
#4302 = CARTESIAN_POINT ( 'NONE',  ( 0.7265572809000083700, 1.294999999999999900, 1.633278640450004400 ) ) ;
#4303 = CARTESIAN_POINT ( 'NONE',  ( 0.02779278183087223800, -1.183342311879557600, -0.2509068593105324200 ) ) ;
#4304 = CARTESIAN_POINT ( 'NONE',  ( 0.9581966011250107100, 1.294999999999999900, -1.169999999999999900 ) ) ;
#4305 = CARTESIAN_POINT ( 'NONE',  ( -1.476660268557142200E-016, 1.395000000000000000, 0.0000000000000000000 ) ) ;
#4306 = DIRECTION ( 'NONE',  ( 1.447553700753488400E-016, -1.000000000000000000, 0.0000000000000000000 ) ) ;
#4307 = EDGE_CURVE ( 'NONE', #293, #6139, #7106, .T. ) ;
#4308 = LINE ( 'NONE', #7238, #915 ) ;
#4309 = AXIS2_PLACEMENT_3D ( 'NONE', #5191, #3943, #119 ) ;
#4310 = DIRECTION ( 'NONE',  ( -1.000000000000000000, -1.447553700753488400E-016, 0.0000000000000000000 ) ) ;
#4311 = CARTESIAN_POINT ( 'NONE',  ( -0.02751749980527845900, -1.187448473213238900, 0.2283363398061077100 ) ) ;
#4312 = FILL_AREA_STYLE ('',( #7426 ) ) ;
#4313 =( NAMED_UNIT ( * ) PLANE_ANGLE_UNIT ( ) SI_UNIT ( $, .RADIAN. ) );
#4314 = CARTESIAN_POINT ( 'NONE',  ( -0.02529458252240660000, -1.223183884379456200, -0.2789380977350282600 ) ) ;
#4315 =( NAMED_UNIT ( * ) SI_UNIT ( $, .STERADIAN. ) SOLID_ANGLE_UNIT ( ) );
#4316 = LINE ( 'NONE', #4145, #2634 ) ;
#4317 = CARTESIAN_POINT ( 'NONE',  ( 0.9581966011250107100, 0.0000000000000000000, -1.270000000000000000 ) ) ;
#4318 = SURFACE_SIDE_STYLE ('',( #652 ) ) ;
#4319 = LINE ( 'NONE', #2294, #7479 ) ;
#4320 = CIRCLE ( 'NONE', #3138, 0.2800826275816102900 ) ;
#4321 =( GEOMETRIC_REPRESENTATION_CONTEXT ( 3 ) GLOBAL_UNCERTAINTY_ASSIGNED_CONTEXT ( ( #6429 ) ) GLOBAL_UNIT_ASSIGNED_CONTEXT ( ( #1649, #6091, #2296 ) ) REPRESENTATION_CONTEXT ( 'NONE', 'WORKASPACE' ) );
#4322 = FILL_AREA_STYLE ('',( #6145 ) ) ;
#4323 = DIRECTION ( 'NONE',  ( 0.8944271909999159700, 0.0000000000000000000, 0.4472135954999579800 ) ) ;
#4324 = EDGE_CURVE ( 'NONE', #4164, #5174, #5643, .T. ) ;
#4325 = ORIENTED_EDGE ( 'NONE', *, *, #762, .F. ) ;
#4326 = LINE ( 'NONE', #622, #2644 ) ;
#4327 = LINE ( 'NONE', #3229, #5801 ) ;
#4328 = FACE_OUTER_BOUND ( 'NONE', #4170, .T. ) ;
#4329 = B_SPLINE_CURVE_WITH_KNOTS ( 'NONE', 3,
 ( #5600, #1162, #2457, #6879, #3090, #7518, #3726, #8160, #4362, #543, #5004, #1186, #5633, #1827, #6269, #2486, #6907, #3120, #7553 ),
 .UNSPECIFIED., .F., .F.,
 ( 4, 3, 3, 3, 3, 3, 4 ),
 ( 0.0000000000000000000, 5.273509962903253000E-006, 1.049801969254637100E-005, 1.803078722487466900E-005, 2.855146381452485800E-005, 3.844086914946557900E-005, 3.936707361176793100E-005 ),
 .UNSPECIFIED. ) ;
#4330 = DIRECTION ( 'NONE',  ( 1.447553700753488400E-016, -1.000000000000000000, 0.0000000000000000000 ) ) ;
#4331 = ORIENTED_EDGE ( 'NONE', *, *, #1159, .F. ) ;
#4332 = MECHANICAL_DESIGN_GEOMETRIC_PRESENTATION_REPRESENTATION (  '', ( #3467 ), #4754 ) ;
#4333 = ORIENTED_EDGE ( 'NONE', *, *, #5995, .F. ) ;
#4334 = CARTESIAN_POINT ( 'NONE',  ( 0.1325669765554707800, 0.3179824356995267800, -0.3675146286950586900 ) ) ;
#4335 =( NAMED_UNIT ( * ) PLANE_ANGLE_UNIT ( ) SI_UNIT ( $, .RADIAN. ) );
#4336 =( LENGTH_UNIT ( ) NAMED_UNIT ( * ) SI_UNIT ( .MILLI., .METRE. ) );
#4337 = CARTESIAN_POINT ( 'NONE',  ( -0.02970380687202038600, -1.154837083051973200, 0.07787462031778376300 ) ) ;
#4338 = ORIENTED_EDGE ( 'NONE', *, *, #1855, .T. ) ;
#4339 = ORIENTED_EDGE ( 'NONE', *, *, #5473, .F. ) ;
#4340 = FILL_AREA_STYLE_COLOUR ( '', #7527 ) ;
#4341 = CARTESIAN_POINT ( 'NONE',  ( -0.1281977007783645700, 0.3513788908277751300, -0.4248165135587985700 ) ) ;
#4342 =( GEOMETRIC_REPRESENTATION_CONTEXT ( 3 ) GLOBAL_UNCERTAINTY_ASSIGNED_CONTEXT ( ( #7406 ) ) GLOBAL_UNIT_ASSIGNED_CONTEXT ( ( #7581, #3790, #8220 ) ) REPRESENTATION_CONTEXT ( 'NONE', 'WORKASPACE' ) );
#4343 = PRESENTATION_LAYER_ASSIGNMENT (  '', '', ( #3067 ) ) ;
#4344 = CARTESIAN_POINT ( 'NONE',  ( 0.04978749811896360900, -1.205082627581610000, -0.2976813273944592400 ) ) ;
#4345 = DIRECTION ( 'NONE',  ( 0.8944271909999156300, 0.0000000000000000000, -0.4472135954999583700 ) ) ;
#4346 = CARTESIAN_POINT ( 'NONE',  ( 4.920127644676020900E-017, 0.03500000000000009400, 0.0000000000000000000 ) ) ;
#4347 = ORIENTED_EDGE ( 'NONE', *, *, #1037, .F. ) ;
#4348 = FILL_AREA_STYLE_COLOUR ( '', #718 ) ;
#4349 = CARTESIAN_POINT ( 'NONE',  ( 0.06059935458452781600, -0.6939929610046541300, 0.2937098273539934800 ) ) ;
#4350 = SURFACE_STYLE_USAGE ( .BOTH. , #8144 ) ;
#4351 = DIRECTION ( 'NONE',  ( 1.224646799147353200E-016, 1.772742006221665100E-032, 1.000000000000000000 ) ) ;
#4352 = SURFACE_STYLE_USAGE ( .BOTH. , #8150 ) ;
#4353 = AXIS2_PLACEMENT_3D ( 'NONE', #5616, #1811, #6251 ) ;
#4354 = CARTESIAN_POINT ( 'NONE',  ( 0.04630770841790421400, -1.150767665139485100, -0.2525584207203315200 ) ) ;
#4355 = EDGE_CURVE ( 'NONE', #5331, #895, #1093, .T. ) ;
#4356 =( GEOMETRIC_REPRESENTATION_CONTEXT ( 3 ) GLOBAL_UNCERTAINTY_ASSIGNED_CONTEXT ( ( #8199 ) ) GLOBAL_UNIT_ASSIGNED_CONTEXT ( ( #3992, #166, #4632 ) ) REPRESENTATION_CONTEXT ( 'NONE', 'WORKASPACE' ) );
#4357 = CARTESIAN_POINT ( 'NONE',  ( -0.04582308236504344100, -1.165611245768674900, -0.2438594071229866500 ) ) ;
#4358 = CARTESIAN_POINT ( 'NONE',  ( 0.1069180516808265300, 0.3402937159746541900, 0.3947436973228081200 ) ) ;
#4359 = CARTESIAN_POINT ( 'NONE',  ( -0.04575302091745676900, 0.4203521774293508800, 0.3939399273269178500 ) ) ;
#4360 = ORIENTED_EDGE ( 'NONE', *, *, #1418, .T. ) ;
#4361 = ORIENTED_EDGE ( 'NONE', *, *, #6799, .F. ) ;
#4362 = CARTESIAN_POINT ( 'NONE',  ( 0.03223724755186212900, -1.219553329243469700, 0.2918992484371495400 ) ) ;
#4363 = CARTESIAN_POINT ( 'NONE',  ( -0.04843057194962133900, -1.162087848920619000, -0.1539485632165527900 ) ) ;
#4364 = CARTESIAN_POINT ( 'NONE',  ( -0.09289585452497616000, -0.2122519574548108700, 0.3303541405802951600 ) ) ;
#4365 = EDGE_CURVE ( 'NONE', #6313, #5580, #6165, .T. ) ;
#4366 = CARTESIAN_POINT ( 'NONE',  ( 0.09243218876555961400, -0.2191680879543114700, -0.3822041574143212300 ) ) ;
#4367 =( GEOMETRIC_REPRESENTATION_CONTEXT ( 3 ) GLOBAL_UNCERTAINTY_ASSIGNED_CONTEXT ( ( #5997 ) ) GLOBAL_UNIT_ASSIGNED_CONTEXT ( ( #1117, #5553, #1752 ) ) REPRESENTATION_CONTEXT ( 'NONE', 'WORKASPACE' ) );
#4368 = PRESENTATION_STYLE_ASSIGNMENT (( #4122 ) ) ;
#4369 = DIRECTION ( 'NONE',  ( 1.000000000000000000, 1.447553700753488400E-016, 0.0000000000000000000 ) ) ;
#4370 = CARTESIAN_POINT ( 'NONE',  ( -0.04665775062062334200, -1.207915624153596400, 0.2978556382280125300 ) ) ;
#4371 = ORIENTED_EDGE ( 'NONE', *, *, #4055, .T. ) ;
#4372 = CARTESIAN_POINT ( 'NONE',  ( 0.02994456013349153200, -1.151245959617462000, -0.2721492054816738200 ) ) ;
#4373 =( BOUNDED_SURFACE ( )  B_SPLINE_SURFACE ( 3, 2, ( 
 ( #3205, #590, #3856 ),
 ( #10, #4497, #673 ),
 ( #5126, #1323, #5757 ),
 ( #1959, #6388, #2621 ),
 ( #7033, #3230, #7683 ),
 ( #3882, #41, #4520 ) ),
 .UNSPECIFIED., .F., .F., .F. ) 
 B_SPLINE_SURFACE_WITH_KNOTS ( ( 4, 2, 4 ),
 ( 3, 3 ),
 ( 0.0002599240858458208800, 0.0004057101827710468800, 0.0005514962796962729300 ),
 ( 0.0000000000000000000, 1.000000000000000000 ),
 .UNSPECIFIED. ) 
 GEOMETRIC_REPRESENTATION_ITEM ( )  RATIONAL_B_SPLINE_SURFACE ( (
 ( 1.000000000000000000, 0.7894116659238575900, 1.000000000000000000),
 ( 1.000000000000000000, 0.7546180568516031000, 1.000000000000000000),
 ( 1.000000000000000000, 0.7070548380169894300, 1.000000000000000000),
 ( 1.000000000000000000, 0.7071588004228825900, 1.000000000000000000),
 ( 1.000000000000000000, 0.7545720992172886300, 1.000000000000000000),
 ( 1.000000000000000000, 0.7893827206240654500, 1.000000000000000000) ) ) 
 REPRESENTATION_ITEM ( '' )  SURFACE ( )  );
#4374 = CARTESIAN_POINT ( 'NONE',  ( -1.270000000000000000, -1.294999999999999900, -0.6700000000000002600 ) ) ;
#4375 = DIRECTION ( 'NONE',  ( 1.000000000000000000, 0.0000000000000000000, -1.224646799147353200E-016 ) ) ;
#4376 = SURFACE_STYLE_FILL_AREA ( #5482 ) ;
#4377 = CARTESIAN_POINT ( 'NONE',  ( 0.6499999999999994700, 0.6950000000000000600, 7.960204194457789300E-017 ) ) ;
#4378 = VERTEX_POINT ( 'NONE', #5658 ) ;
#4379 =( GEOMETRIC_REPRESENTATION_CONTEXT ( 3 ) GLOBAL_UNCERTAINTY_ASSIGNED_CONTEXT ( ( #3358 ) ) GLOBAL_UNIT_ASSIGNED_CONTEXT ( ( #4859, #1054, #5495 ) ) REPRESENTATION_CONTEXT ( 'NONE', 'WORKASPACE' ) );
#4380 = AXIS2_PLACEMENT_3D ( 'NONE', #2146, #6572, #2800 ) ;
#4381 = FACE_OUTER_BOUND ( 'NONE', #1142, .T. ) ;
#4382 = CIRCLE ( 'NONE', #1718, 0.6099999999999994300 ) ;
#4383 =( LENGTH_UNIT ( ) NAMED_UNIT ( * ) SI_UNIT ( .MILLI., .METRE. ) );
#4384 = TOROIDAL_SURFACE ( 'NONE', #5223, 0.6399999999999993500, 0.02999999999999999900 ) ;
#4385 = MECHANICAL_DESIGN_GEOMETRIC_PRESENTATION_REPRESENTATION (  '', ( #3521 ), #4805 ) ;
#4386 = CARTESIAN_POINT ( 'NONE',  ( 0.9581966011250105900, 1.395000000000000000, 1.169999999999999900 ) ) ;
#4387 = UNCERTAINTY_MEASURE_WITH_UNIT (LENGTH_MEASURE( 1.000000000000000100E-005 ), #42, 'distance_accuracy_value', 'NONE');
#4388 = COLOUR_RGB ( '',0.1098039215686274500, 0.1098039215686274500, 0.1098039215686274500 ) ;
#4389 = DIRECTION ( 'NONE',  ( 0.0000000000000000000, 0.0000000000000000000, -1.000000000000000000 ) ) ;
#4390 = CARTESIAN_POINT ( 'NONE',  ( -0.02994456013349137600, -1.151245959617459300, -0.2721492054816726500 ) ) ;
#4391 = FACE_OUTER_BOUND ( 'NONE', #5774, .T. ) ;
#4392 = ORIENTED_EDGE ( 'NONE', *, *, #5591, .T. ) ;
#4393 = DIRECTION ( 'NONE',  ( 1.000000000000000000, 0.0000000000000000000, 2.168404344971008100E-015 ) ) ;
#4394 = LINE ( 'NONE', #3310, #2705 ) ;
#4395 = DIRECTION ( 'NONE',  ( 2.168404344971007700E-015, 0.0000000000000000000, -1.000000000000000000 ) ) ;
#4396 = CARTESIAN_POINT ( 'NONE',  ( -0.1250000000000000600, 0.2666198487095667900, -0.3792098549233096100 ) ) ;
#4397 = PRESENTATION_LAYER_ASSIGNMENT (  '', '', ( #3119 ) ) ;
#4398 = CARTESIAN_POINT ( 'NONE',  ( 0.1268501812373178400, 0.3528226890965351400, 0.4253563166561637500 ) ) ;
#4399 = CARTESIAN_POINT ( 'NONE',  ( 1.270000000000001100, 1.294999999999999700, 0.7699999999999979100 ) ) ;
#4400 = CARTESIAN_POINT ( 'NONE',  ( 0.1345165463631135500, 0.01056098416514679100, 0.3902488968370563800 ) ) ;
#4401 = CARTESIAN_POINT ( 'NONE',  ( 0.0000000000000000000, -6.859999999999995900, 0.0000000000000000000 ) ) ;
#4402 = EDGE_LOOP ( 'NONE', ( #4536, #7123, #8232, #5129, #7694, #3787 ) ) ;
#4403 = ORIENTED_EDGE ( 'NONE', *, *, #3744, .T. ) ;
#4404 = CARTESIAN_POINT ( 'NONE',  ( 0.1180253205482357900, 0.3525217918726916700, 0.3757417101686157900 ) ) ;
#4405 = CARTESIAN_POINT ( 'NONE',  ( 0.1049476582995810400, 0.3434191609326395200, -0.3956286048806619300 ) ) ;
#4406 =( NAMED_UNIT ( * ) PLANE_ANGLE_UNIT ( ) SI_UNIT ( $, .RADIAN. ) );
#4407 = MECHANICAL_DESIGN_GEOMETRIC_PRESENTATION_REPRESENTATION (  '', ( #3125 ), #4819 ) ;
#4408 = VERTEX_POINT ( 'NONE', #3696 ) ;
#4409 = DIRECTION ( 'NONE',  ( 1.000000000000000000, 0.0000000000000000000, 0.0000000000000000000 ) ) ;
#4410 = CARTESIAN_POINT ( 'NONE',  ( 1.270000000000001100, -1.294999999999999700, 0.7699999999999979100 ) ) ;
#4411 = EDGE_CURVE ( 'NONE', #5127, #4463, #4178, .T. ) ;
#4412 = CARTESIAN_POINT ( 'NONE',  ( 0.04507414848472807900, -0.9255700167423668300, -0.2902958626632081700 ) ) ;
#4413 = AXIS2_PLACEMENT_3D ( 'NONE', #7866, #4708, #7235 ) ;
#4414 = FACE_OUTER_BOUND ( 'NONE', #2623, .T. ) ;
#4415 = CARTESIAN_POINT ( 'NONE',  ( -0.1250000000000000600, 0.2666198487095667900, -0.3792098549233096100 ) ) ;
#4416 = CARTESIAN_POINT ( 'NONE',  ( -0.1274216735989316100, 0.3525217918728549300, 0.4251585148178475000 ) ) ;
#4417 = CARTESIAN_POINT ( 'NONE',  ( -0.02751749980527845200, -1.187448473213238900, 0.2283363398061075400 ) ) ;
#4418 = CARTESIAN_POINT ( 'NONE',  ( 0.1398182339382001100, 0.2973236011342904600, -0.3628010814640028100 ) ) ;
#4419 = EDGE_CURVE ( 'NONE', #5417, #7951, #5960, .T. ) ;
#4420 = STYLED_ITEM ( 'NONE', ( #7480 ), #3334 ) ;
#4421 = DIRECTION ( 'NONE',  ( -0.5056284834453824700, 0.8292512750997999000, 0.2380801534653371700 ) ) ;
#4422 = DIRECTION ( 'NONE',  ( 1.000000000000000000, 0.0000000000000000000, -1.224646799147352700E-016 ) ) ;
#4423 = ORIENTED_EDGE ( 'NONE', *, *, #1921, .T. ) ;
#4424 = CARTESIAN_POINT ( 'NONE',  ( -1.103631729698298400E-032, 1.015000000000000600, 0.0000000000000000000 ) ) ;
#4425 = SPHERICAL_SURFACE ( 'NONE', #239, 0.1000000000000000100 ) ;
#4426 = CIRCLE ( 'NONE', #1161, 0.1000000000000000500 ) ;
#4427 = CARTESIAN_POINT ( 'NONE',  ( 0.04829662313706730600, -1.163521602282940400, 0.1701217961384089700 ) ) ;
#4428 = FILL_AREA_STYLE ('',( #6937 ) ) ;
#4429 = ORIENTED_EDGE ( 'NONE', *, *, #884, .F. ) ;
#4430 = STYLED_ITEM ( 'NONE', ( #3682 ), #4726 ) ;
#4431 = APPLICATION_CONTEXT ( 'automotive_design' ) ;
#4432 = B_SPLINE_CURVE_WITH_KNOTS ( 'NONE', 3,
 ( #222, #4040, #1503, #5940, #2150, #6575, #2804, #7213, #3418, #7871 ),
 .UNSPECIFIED., .F., .F.,
 ( 4, 3, 3, 4 ),
 ( -5.999999353117974400E-008, 1.749652431672164100E-020, 4.463716768404131400E-005, 7.803556406295660200E-005 ),
 .UNSPECIFIED. ) ;
#4433 = CARTESIAN_POINT ( 'NONE',  ( 0.9581966011250104800, 0.0000000000000000000, 1.169999999999999900 ) ) ;
#4434 = ORIENTED_EDGE ( 'NONE', *, *, #4198, .T. ) ;
#4435 = ORIENTED_EDGE ( 'NONE', *, *, #6588, .F. ) ;
#4436 = PRESENTATION_STYLE_ASSIGNMENT (( #2452 ) ) ;
#4437 = FILL_AREA_STYLE ('',( #3156 ) ) ;
#4438 = CARTESIAN_POINT ( 'NONE',  ( -5.357503630673745900E-017, 0.7450000000000000000, 0.0000000000000000000 ) ) ;
#4439 = AXIS2_PLACEMENT_3D ( 'NONE', #5706, #1902, #6340 ) ;
#4440 = CARTESIAN_POINT ( 'NONE',  ( 0.02864444290494156200, -1.170638766255006400, -0.03857980552985022800 ) ) ;
#4441 = VERTEX_POINT ( 'NONE', #3114 ) ;
#4442 = VECTOR ( 'NONE', #2603, 1000.000000000000100 ) ;
#4443 = CARTESIAN_POINT ( 'NONE',  ( -0.3939249933206986400, 0.3543379074933980000, 0.0000000000000000000 ) ) ;
#4444 = SURFACE_SIDE_STYLE ('',( #1821 ) ) ;
#4445 = ORIENTED_EDGE ( 'NONE', *, *, #6109, .F. ) ;
#4446 = CARTESIAN_POINT ( 'NONE',  ( 2.313301502529483700E-016, -1.223183884379456200, 0.0000000000000000000 ) ) ;
#4447 = DIRECTION ( 'NONE',  ( -0.5383974589983021600, 0.8262549109320608300, 0.1656230609088721300 ) ) ;
#4448 = AXIS2_PLACEMENT_3D ( 'NONE', #3041, #3685, #6223 ) ;
#4449 = SURFACE_STYLE_FILL_AREA ( #1274 ) ;
#4450 = DIRECTION ( 'NONE',  ( -1.000000000000000000, -1.447553700753488400E-016, 0.0000000000000000000 ) ) ;
#4451 = CARTESIAN_POINT ( 'NONE',  ( -0.04507414848472787000, -0.9255700167423660500, -0.2902958626632096100 ) ) ;
#4452 = EDGE_CURVE ( 'NONE', #6760, #4456, #2708, .T. ) ;
#4453 = CARTESIAN_POINT ( 'NONE',  ( 0.1249999999999999200, 0.2666198487095668400, 0.3790109896776369700 ) ) ;
#4454 =( REPRESENTATION_RELATIONSHIP ('NONE','NONE', #2573, #1058 ) REPRESENTATION_RELATIONSHIP_WITH_TRANSFORMATION ( #6985 )SHAPE_REPRESENTATION_RELATIONSHIP( ) );
#4455 = SURFACE_STYLE_FILL_AREA ( #7256 ) ;
#4456 = VERTEX_POINT ( 'NONE', #4417 ) ;
#4457 = FILL_AREA_STYLE ('',( #6309 ) ) ;
#4458 = CARTESIAN_POINT ( 'NONE',  ( -1.270000000000000200, 1.294999999999999700, 0.7700000000000012400 ) ) ;
#4459 = ORIENTED_EDGE ( 'NONE', *, *, #1365, .T. ) ;
#4460 = CARTESIAN_POINT ( 'NONE',  ( -0.2549525735447549200, -1.170685037557874600, 0.0000000000000000000 ) ) ;
#4461 = SURFACE_SIDE_STYLE ('',( #2904 ) ) ;
#4462 = EDGE_CURVE ( 'NONE', #695, #3323, #1215, .T. ) ;
#4463 = VERTEX_POINT ( 'NONE', #592 ) ;
#4464 = CARTESIAN_POINT ( 'NONE',  ( 0.0000000000000000000, -6.859999999999995900, 0.0000000000000000000 ) ) ;
#4465 = AXIS2_PLACEMENT_3D ( 'NONE', #5670, #3146, #4450 ) ;
#4466 = CARTESIAN_POINT ( 'NONE',  ( 0.02901923514738362000, -1.165048290775332300, 0.1918829827296008000 ) ) ;
#4467 = ORIENTED_EDGE ( 'NONE', *, *, #6147, .F. ) ;
#4468 = CIRCLE ( 'NONE', #7894, 0.05000000000000002400 ) ;
#4469 = CARTESIAN_POINT ( 'NONE',  ( 0.1138027570563099200, 0.3594774627891010900, 0.4292192907406407500 ) ) ;
#4470 = SURFACE_STYLE_USAGE ( .BOTH. , #5099 ) ;
#4471 = FACE_OUTER_BOUND ( 'NONE', #4852, .T. ) ;
#4472 = CARTESIAN_POINT ( 'NONE',  ( -0.08968981535968081900, -0.4735941809371781400, -0.3056265312436862200 ) ) ;
#4473 = ORIENTED_EDGE ( 'NONE', *, *, #5000, .F. ) ;
#4474 = SPHERICAL_SURFACE ( 'NONE', #7243, 0.1000000000000000100 ) ;
#4475 = ORIENTED_EDGE ( 'NONE', *, *, #5724, .T. ) ;
#4476 = PRESENTATION_STYLE_ASSIGNMENT (( #4250 ) ) ;
#4477 = EDGE_CURVE ( 'NONE', #3056, #6975, #2997, .T. ) ;
#4478 = UNCERTAINTY_MEASURE_WITH_UNIT (LENGTH_MEASURE( 1.000000000000000100E-005 ), #3536, 'distance_accuracy_value', 'NONE');
#4479 = ADVANCED_FACE ( 'NONE', ( #2806 ), #3687, .T. ) ;
#4480 = PRESENTATION_LAYER_ASSIGNMENT (  '', '', ( #4052 ) ) ;
#4481 = DIRECTION ( 'NONE',  ( -0.8944271909999167400, 0.0000000000000000000, -0.4472135954999562100 ) ) ;
#4482 = DIRECTION ( 'NONE',  ( -1.000000000000000000, 0.0000000000000000000, 0.0000000000000000000 ) ) ;
#4483 = EDGE_CURVE ( 'NONE', #4667, #787, #292, .T. ) ;
#4484 = VECTOR ( 'NONE', #5428, 1000.000000000000000 ) ;
#4485 = ORIENTED_EDGE ( 'NONE', *, *, #4571, .F. ) ;
#4486 = CARTESIAN_POINT ( 'NONE',  ( 0.1117898246928620300, 0.3331452681402512500, 0.3826818687998804200 ) ) ;
#4487 = SPHERICAL_SURFACE ( 'NONE', #7990, 0.1000000000000000100 ) ;
#4488 = CONICAL_SURFACE ( 'NONE', #1876, 0.4500000000000036200, 0.6040459290661867000 ) ;
#4489 = B_SPLINE_CURVE_WITH_KNOTS ( 'NONE', 3,
 ( #1618, #5422, #976, #6065 ),
 .UNSPECIFIED., .F., .F.,
 ( 4, 4 ),
 ( 0.0000000000000000000, 3.797208018435799600E-006 ),
 .UNSPECIFIED. ) ;
#4490 = SURFACE_STYLE_USAGE ( .BOTH. , #4 ) ;
#4491 =( GEOMETRIC_REPRESENTATION_CONTEXT ( 3 ) GLOBAL_UNCERTAINTY_ASSIGNED_CONTEXT ( ( #5093 ) ) GLOBAL_UNIT_ASSIGNED_CONTEXT ( ( #6841, #3048, #7471 ) ) REPRESENTATION_CONTEXT ( 'NONE', 'WORKASPACE' ) );
#4492 = AXIS2_PLACEMENT_3D ( 'NONE', #4821, #1017, #5455 ) ;
#4493 = ORIENTED_EDGE ( 'NONE', *, *, #4689, .T. ) ;
#4494 = AXIS2_PLACEMENT_3D ( 'NONE', #1659, #6103, #2311 ) ;
#4495 = CARTESIAN_POINT ( 'NONE',  ( -0.5999999999999997600, -0.1631138830084183100, 0.0000000000000000000 ) ) ;
#4496 = SURFACE_STYLE_USAGE ( .BOTH. , #8 ) ;
#4497 = CARTESIAN_POINT ( 'NONE',  ( 0.07842072905313553200, 0.3824496332608214300, -0.3870788979830182000 ) ) ;
#4498 = ORIENTED_EDGE ( 'NONE', *, *, #4419, .T. ) ;
#4499 =( NAMED_UNIT ( * ) PLANE_ANGLE_UNIT ( ) SI_UNIT ( $, .RADIAN. ) );
#4500 = ORIENTED_EDGE ( 'NONE', *, *, #7312, .F. ) ;
#4501 = VECTOR ( 'NONE', #1772, 1000.000000000000000 ) ;
#4502 = AXIS2_PLACEMENT_3D ( 'NONE', #1723, #6170, #2374 ) ;
#4503 = DIRECTION ( 'NONE',  ( -3.252606517456511700E-015, 0.0000000000000000000, 1.000000000000000000 ) ) ;
#4504 = DIRECTION ( 'NONE',  ( 1.447553700753488400E-016, -1.000000000000000000, 0.0000000000000000000 ) ) ;
#4505 = CIRCLE ( 'NONE', #4380, 0.1000000000000000500 ) ;
#4506 = DIRECTION ( 'NONE',  ( -0.8944271909999160800, 0.0000000000000000000, 0.4472135954999574800 ) ) ;
#4507 = CARTESIAN_POINT ( 'NONE',  ( 0.03824400469747926000, 0.3943005575860810700, 0.4286344556069990900 ) ) ;
#4508 = CARTESIAN_POINT ( 'NONE',  ( -0.03397201354942366200, -1.218260360858893300, 0.2931727449421187000 ) ) ;
#4509 = CARTESIAN_POINT ( 'NONE',  ( -0.08750566514708074700, 0.3656536806504870300, -0.4014266458518672700 ) ) ;
#4510 = PRESENTATION_LAYER_ASSIGNMENT (  '', '', ( #1948 ) ) ;
#4511 =( NAMED_UNIT ( * ) PLANE_ANGLE_UNIT ( ) SI_UNIT ( $, .RADIAN. ) );
#4512 = EDGE_CURVE ( 'NONE', #5257, #3110, #1988, .T. ) ;
#4513 = CARTESIAN_POINT ( 'NONE',  ( -1.433233657534537400E-016, 1.365000000000000000, 0.0000000000000000000 ) ) ;
#4514 = MECHANICAL_DESIGN_GEOMETRIC_PRESENTATION_REPRESENTATION (  '', ( #3225 ), #4932 ) ;
#4515 = CIRCLE ( 'NONE', #58, 0.2956967040367773900 ) ;
#4516 = VECTOR ( 'NONE', #4613, 1000.000000000000000 ) ;
#4517 = ADVANCED_FACE ( 'NONE', ( #5163 ), #1582, .F. ) ;
#4518 = DIRECTION ( 'NONE',  ( -1.000000000000000000, -1.275531967630006200E-016, 0.0000000000000000000 ) ) ;
#4519 = DIRECTION ( 'NONE',  ( -0.0000000000000000000, 0.0000000000000000000, -1.000000000000000000 ) ) ;
#4520 = CARTESIAN_POINT ( 'NONE',  ( -0.1049532641402281900, 0.3434097392605839300, -0.3956287701370980200 ) ) ;
#4521 = ORIENTED_EDGE ( 'NONE', *, *, #2172, .F. ) ;
#4522 = CIRCLE ( 'NONE', #8185, 0.1000000000000000500 ) ;
#4523 =( NAMED_UNIT ( * ) PLANE_ANGLE_UNIT ( ) SI_UNIT ( $, .RADIAN. ) );
#4524 = EDGE_CURVE ( 'NONE', #5544, #6452, #6494, .T. ) ;
#4525 = FILL_AREA_STYLE_COLOUR ( '', #6501 ) ;
#4526 =( GEOMETRIC_REPRESENTATION_CONTEXT ( 3 ) GLOBAL_UNCERTAINTY_ASSIGNED_CONTEXT ( ( #6606 ) ) GLOBAL_UNIT_ASSIGNED_CONTEXT ( ( #815, #5274, #1464 ) ) REPRESENTATION_CONTEXT ( 'NONE', 'WORKASPACE' ) );
#4527 = DIRECTION ( 'NONE',  ( 1.000000000000000000, 1.221382022286320500E-016, 0.0000000000000000000 ) ) ;
#4528 = ORIENTED_EDGE ( 'NONE', *, *, #3767, .F. ) ;
#4529 = DIRECTION ( 'NONE',  ( 0.0000000000000000000, 1.084202172485504000E-015, -1.000000000000000000 ) ) ;
#4530 = ORIENTED_EDGE ( 'NONE', *, *, #2050, .T. ) ;
#4531 = SURFACE_STYLE_FILL_AREA ( #978 ) ;
#4532 = CARTESIAN_POINT ( 'NONE',  ( -1.370000000000000100, 1.395000000000000000, -0.6700000000000002600 ) ) ;
#4533 = FACE_OUTER_BOUND ( 'NONE', #7129, .T. ) ;
#4534 = CARTESIAN_POINT ( 'NONE',  ( -0.1398566066356064800, 0.2639457934735553500, -0.4129133576693453900 ) ) ;
#4535 = UNCERTAINTY_MEASURE_WITH_UNIT (LENGTH_MEASURE( 1.000000000000000100E-005 ), #3068, 'distance_accuracy_value', 'NONE');
#4536 = ORIENTED_EDGE ( 'NONE', *, *, #5900, .T. ) ;
#4537 = AXIS2_PLACEMENT_3D ( 'NONE', #1907, #6346, #2561 ) ;
#4538 = CARTESIAN_POINT ( 'NONE',  ( -0.04338467537588928900, 0.3925287066132329100, 0.3946243287902516700 ) ) ;
#4539 = CARTESIAN_POINT ( 'NONE',  ( 0.1518986748799414900, 0.2634659119465386200, -0.4083876577056688700 ) ) ;
#4540 = EDGE_LOOP ( 'NONE', ( #4562, #2847, #2622, #163 ) ) ;
#4541 = CARTESIAN_POINT ( 'NONE',  ( -0.02541776303030091400, -1.218768563719457900, -0.2303040490898776400 ) ) ;
#4542 = STYLED_ITEM ( 'NONE', ( #6632 ), #5115 ) ;
#4543 =( NAMED_UNIT ( * ) SI_UNIT ( $, .STERADIAN. ) SOLID_ANGLE_UNIT ( ) );
#4544 = PRODUCT_DEFINITION_SHAPE ( 'NONE', 'NONE',  #8268 ) ;
#4545 = ORIENTED_EDGE ( 'NONE', *, *, #2001, .T. ) ;
#4546 =( LENGTH_UNIT ( ) NAMED_UNIT ( * ) SI_UNIT ( .MILLI., .METRE. ) );
#4547 = COLOUR_RGB ( '',0.8941176470588234600, 0.9137254901960784000, 0.9294117647058823800 ) ;
#4548 = CARTESIAN_POINT ( 'NONE',  ( -0.02878729518101579400, -1.168507953350743200, 0.2300327145525861100 ) ) ;
#4549 = COLOUR_RGB ( '',0.1098039215686274500, 0.1098039215686274500, 0.1098039215686274500 ) ;
#4550 = CARTESIAN_POINT ( 'NONE',  ( -0.1486797928469933100, 0.3041556001613312000, -0.4135154067159924600 ) ) ;
#4551 = AXIS2_PLACEMENT_3D ( 'NONE', #2229, #3329, #3363 ) ;
#4552 = FILL_AREA_STYLE ('',( #1991 ) ) ;
#4553 =( NAMED_UNIT ( * ) SI_UNIT ( $, .STERADIAN. ) SOLID_ANGLE_UNIT ( ) );
#4554 =( NAMED_UNIT ( * ) PLANE_ANGLE_UNIT ( ) SI_UNIT ( $, .RADIAN. ) );
#4555 = CARTESIAN_POINT ( 'NONE',  ( -0.8499999999999993100, 0.6949999999999998400, 0.0000000000000000000 ) ) ;
#4556 = CARTESIAN_POINT ( 'NONE',  ( 0.1249999999999997400, 0.2666198487095638400, 0.4322904116447698900 ) ) ;
#4557 = ADVANCED_FACE ( 'NONE', ( #4966 ), #2693, .T. ) ;
#4558 = STYLED_ITEM ( 'NONE', ( #6010 ), #7679 ) ;
#4559 = CARTESIAN_POINT ( 'NONE',  ( 0.5000000000000003300, -2.795000000000000400, 6.123233995736764800E-017 ) ) ;
#4560 = ORIENTED_EDGE ( 'NONE', *, *, #7165, .F. ) ;
#4561 = EDGE_CURVE ( 'NONE', #7258, #5808, #3560, .T. ) ;
#4562 = ORIENTED_EDGE ( 'NONE', *, *, #1425, .F. ) ;
#4563 = FACE_OUTER_BOUND ( 'NONE', #534, .T. ) ;
#4564 = SURFACE_STYLE_FILL_AREA ( #4322 ) ;
#4565 = AXIS2_PLACEMENT_3D ( 'NONE', #5858, #5884, #2086 ) ;
#4566 = CARTESIAN_POINT ( 'NONE',  ( -0.1138354600963323600, 0.3291977104406091900, 0.4156943442279446600 ) ) ;
#4567 = CARTESIAN_POINT ( 'NONE',  ( -0.03453652562336116000, 0.4003526327454080000, -0.4299660685668724700 ) ) ;
#4568 = CARTESIAN_POINT ( 'NONE',  ( 0.02994456013348609200, -1.151245959617543300, 0.2721492054816658800 ) ) ;
#4569 = CIRCLE ( 'NONE', #6974, 0.6099999999999994300 ) ;
#4570 = ORIENTED_EDGE ( 'NONE', *, *, #2509, .F. ) ;
#4571 = EDGE_CURVE ( 'NONE', #6007, #6608, #1187, .T. ) ;
#4572 = CARTESIAN_POINT ( 'NONE',  ( -0.03003326316415730000, -1.149922847605639800, 0.2556207292921385800 ) ) ;
#4573 = AXIS2_PLACEMENT_3D ( 'NONE', #660, #5108, #1304 ) ;
#4574 = EDGE_LOOP ( 'NONE', ( #3923, #7059, #6336, #3051 ) ) ;
#4575 = SURFACE_SIDE_STYLE ('',( #1239 ) ) ;
#4576 =( NAMED_UNIT ( * ) PLANE_ANGLE_UNIT ( ) SI_UNIT ( $, .RADIAN. ) );
#4577 =( BOUNDED_CURVE ( )  B_SPLINE_CURVE ( 3, ( #2617, #6384, #3877, #38 ),
 .UNSPECIFIED., .F., .F. ) 
 B_SPLINE_CURVE_WITH_KNOTS ( ( 4, 4 ),
 ( 1.570796326794896600, 3.141592653589793100 ),
 .UNSPECIFIED. ) 
 CURVE ( )  GEOMETRIC_REPRESENTATION_ITEM ( )  RATIONAL_B_SPLINE_CURVE ( ( 1.000000000000000000, 0.8047378541243649400, 0.8047378541243649400, 1.000000000000000000 ) ) 
 REPRESENTATION_ITEM ( '' )  );
#4578 = DIRECTION ( 'NONE',  ( -0.0000000000000000000, -1.000000000000000000, -0.0000000000000000000 ) ) ;
#4579 =( NAMED_UNIT ( * ) SI_UNIT ( $, .STERADIAN. ) SOLID_ANGLE_UNIT ( ) );
#4580 = CARTESIAN_POINT ( 'NONE',  ( -0.02779278183087189800, -1.183342311879557600, 0.2509068593105324200 ) ) ;
#4581 = VECTOR ( 'NONE', #7321, 1000.000000000000000 ) ;
#4582 = SURFACE_STYLE_USAGE ( .BOTH. , #112 ) ;
#4583 = ORIENTED_EDGE ( 'NONE', *, *, #6869, .T. ) ;
#4584 = PRESENTATION_STYLE_ASSIGNMENT (( #645 ) ) ;
#4585 = SURFACE_SIDE_STYLE ('',( #3624 ) ) ;
#4586 = DIRECTION ( 'NONE',  ( 0.8375188640834799700, -0.5464084116339329400, 0.0000000000000000000 ) ) ;
#4587 = AXIS2_PLACEMENT_3D ( 'NONE', #2921, #7334, #3546 ) ;
#4588 = DIRECTION ( 'NONE',  ( 0.7071067811865470200, 0.7071067811865480200, 8.659560562354927900E-017 ) ) ;
#4589 = DIRECTION ( 'NONE',  ( -0.0000000000000000000, -1.000000000000000000, -0.0000000000000000000 ) ) ;
#4590 = UNCERTAINTY_MEASURE_WITH_UNIT (LENGTH_MEASURE( 1.000000000000000100E-005 ), #5852, 'distance_accuracy_value', 'NONE');
#4591 = CONICAL_SURFACE ( 'NONE', #2987, 0.3939249933206986400, 0.7876991291777601900 ) ;
#4592 = CARTESIAN_POINT ( 'NONE',  ( -0.1248607912308422500, 0.2645433830776196000, -0.4185491471247259100 ) ) ;
#4593 = ORIENTED_EDGE ( 'NONE', *, *, #6637, .F. ) ;
#4594 = ORIENTED_EDGE ( 'NONE', *, *, #4087, .T. ) ;
#4595 = PRESENTATION_STYLE_ASSIGNMENT (( #3026 ) ) ;
#4596 = ADVANCED_FACE ( 'NONE', ( #7749 ), #2501, .T. ) ;
#4597 = STYLED_ITEM ( 'NONE', ( #4584 ), #6038 ) ;
#4598 = ADVANCED_FACE ( 'NONE', ( #6053 ), #7336, .T. ) ;
#4599 = ORIENTED_EDGE ( 'NONE', *, *, #6161, .T. ) ;
#4600 = CARTESIAN_POINT ( 'NONE',  ( 0.02343254947541281000, 0.4059097860328112500, -0.4439039166474935100 ) ) ;
#4601 = CARTESIAN_POINT ( 'NONE',  ( 0.04665775062062555600, -1.207915624153598400, -0.2978556382280119800 ) ) ;
#4602 = CARTESIAN_POINT ( 'NONE',  ( 2.287098961263472300E-016, -1.205082627581609600, 0.0000000000000000000 ) ) ;
#4603 = CARTESIAN_POINT ( 'NONE',  ( 4.516212052562301200E-016, -2.745000000000000600, 0.0000000000000000000 ) ) ;
#4604 = CARTESIAN_POINT ( 'NONE',  ( 0.06020760464785776500, -0.6998363808173624400, 0.3077258192088515000 ) ) ;
#4605 = AXIS2_PLACEMENT_3D ( 'NONE', #8037, #4235, #420 ) ;
#4606 = PRESENTATION_LAYER_ASSIGNMENT (  '', '', ( #5033 ) ) ;
#4607 = CARTESIAN_POINT ( 'NONE',  ( 0.1249999999999997400, 0.2666198487095638400, 0.3897197719169301400 ) ) ;
#4608 = CARTESIAN_POINT ( 'NONE',  ( 0.02767976143226215000, -1.185028146578315900, 0.2471251744671947000 ) ) ;
#4609 = SURFACE_STYLE_USAGE ( .BOTH. , #145 ) ;
#4610 = EDGE_CURVE ( 'NONE', #6780, #2393, #777, .T. ) ;
#4611 = CARTESIAN_POINT ( 'NONE',  ( 2.205846211486573600E-016, -1.148951549518942000, 0.0000000000000000000 ) ) ;
#4612 =( NAMED_UNIT ( * ) SI_UNIT ( $, .STERADIAN. ) SOLID_ANGLE_UNIT ( ) );
#4613 = DIRECTION ( 'NONE',  ( 0.0000000000000000000, 0.0000000000000000000, -1.000000000000000000 ) ) ;
#4614 = FILL_AREA_STYLE_COLOUR ( '', #2647 ) ;
#4615 = CARTESIAN_POINT ( 'NONE',  ( -0.02551473994300738900, -1.223343405455788800, -0.2806747823464544300 ) ) ;
#4616 = VERTEX_POINT ( 'NONE', #4800 ) ;
#4617 =( LENGTH_UNIT ( ) NAMED_UNIT ( * ) SI_UNIT ( .MILLI., .METRE. ) );
#4618 = EDGE_CURVE ( 'NONE', #1313, #3621, #981, .T. ) ;
#4619 = DIRECTION ( 'NONE',  ( -1.000000000000000000, -0.0000000000000000000, -1.084202172485504000E-015 ) ) ;
#4620 =( LENGTH_UNIT ( ) NAMED_UNIT ( * ) SI_UNIT ( .MILLI., .METRE. ) );
#4621 = ORIENTED_EDGE ( 'NONE', *, *, #2768, .T. ) ;
#4622 = AXIS2_PLACEMENT_3D ( 'NONE', #729, #1433, #7110 ) ;
#4623 = EDGE_LOOP ( 'NONE', ( #7362, #8209, #7868, #7034 ) ) ;
#4624 = TOROIDAL_SURFACE ( 'NONE', #64, 0.9399999999999991700, 0.02999999999999999900 ) ;
#4625 = FACE_OUTER_BOUND ( 'NONE', #3281, .T. ) ;
#4626 = UNCERTAINTY_MEASURE_WITH_UNIT (LENGTH_MEASURE( 1.000000000000000100E-005 ), #7532, 'distance_accuracy_value', 'NONE');
#4627 = SURFACE_STYLE_FILL_AREA ( #2599 ) ;
#4628 = DIRECTION ( 'NONE',  ( 0.06671744847473913600, 0.9951707040017723200, 0.07200036087157782300 ) ) ;
#4629 = CARTESIAN_POINT ( 'NONE',  ( 0.02551473994300775300, -1.223343405455788800, -0.2806747823464544300 ) ) ;
#4630 = ORIENTED_EDGE ( 'NONE', *, *, #7103, .F. ) ;
#4631 = VERTEX_POINT ( 'NONE', #2269 ) ;
#4632 =( NAMED_UNIT ( * ) SI_UNIT ( $, .STERADIAN. ) SOLID_ANGLE_UNIT ( ) );
#4633 = EDGE_CURVE ( 'NONE', #3729, #6636, #2081, .T. ) ;
#4634 = DIRECTION ( 'NONE',  ( -1.447553700753488400E-016, 1.000000000000000000, -0.0000000000000000000 ) ) ;
#4635 = DIRECTION ( 'NONE',  ( -1.000000000000000000, 0.0000000000000000000, 0.0000000000000000000 ) ) ;
#4636 = AXIS2_PLACEMENT_3D ( 'NONE', #3588, #8032, #4227 ) ;
#4637 = UNCERTAINTY_MEASURE_WITH_UNIT (LENGTH_MEASURE( 1.000000000000000100E-005 ), #2492, 'distance_accuracy_value', 'NONE');
#4638 = CARTESIAN_POINT ( 'NONE',  ( -0.9305572809000092200, 1.395000000000000000, 1.225278640450004200 ) ) ;
#4639 = ADVANCED_FACE ( 'NONE', ( #5856 ), #5067, .T. ) ;
#4640 = FILL_AREA_STYLE_COLOUR ( '', #2703 ) ;
#4641 = EDGE_CURVE ( 'NONE', #5264, #8257, #6749, .T. ) ;
#4642 = SURFACE_STYLE_USAGE ( .BOTH. , #175 ) ;
#4643 = ORIENTED_EDGE ( 'NONE', *, *, #3977, .T. ) ;
#4644 = CARTESIAN_POINT ( 'NONE',  ( 0.1165733939659211700, 0.3537333690302068000, 0.3762820211431191500 ) ) ;
#4645 = CARTESIAN_POINT ( 'NONE',  ( 2.208475136374087000E-016, -1.150767665139485100, 0.0000000000000000000 ) ) ;
#4646 = ADVANCED_FACE ( 'NONE', ( #1881 ), #7847, .T. ) ;
#4647 = FACE_OUTER_BOUND ( 'NONE', #2658, .T. ) ;
#4648 = COLOUR_RGB ( '',0.1098039215686274500, 0.1098039215686274500, 0.1098039215686274500 ) ;
#4649 = DIRECTION ( 'NONE',  ( 1.447553700753488400E-016, -1.000000000000000000, 0.0000000000000000000 ) ) ;
#4650 = AXIS2_PLACEMENT_3D ( 'NONE', #1717, #3609, #6160 ) ;
#4651 =( GEOMETRIC_REPRESENTATION_CONTEXT ( 3 ) GLOBAL_UNCERTAINTY_ASSIGNED_CONTEXT ( ( #1978 ) ) GLOBAL_UNIT_ASSIGNED_CONTEXT ( ( #2958, #7371, #3581 ) ) REPRESENTATION_CONTEXT ( 'NONE', 'WORKASPACE' ) );
#4652 = DIRECTION ( 'NONE',  ( 1.000000000000000000, 2.711756665054889700E-016, 0.0000000000000000000 ) ) ;
#4653 = AXIS2_PLACEMENT_3D ( 'NONE', #6712, #1019, #5457 ) ;
#4654 = FILL_AREA_STYLE_COLOUR ( '', #5061 ) ;
#4655 =( NAMED_UNIT ( * ) SI_UNIT ( $, .STERADIAN. ) SOLID_ANGLE_UNIT ( ) );
#4656 =( NAMED_UNIT ( * ) PLANE_ANGLE_UNIT ( ) SI_UNIT ( $, .RADIAN. ) );
#4657 = CARTESIAN_POINT ( 'NONE',  ( 0.1163756112846377300, 0.3232333728057495400, -0.3996591155431057900 ) ) ;
#4658 = DIRECTION ( 'NONE',  ( 1.000000000000000000, 0.0000000000000000000, 0.0000000000000000000 ) ) ;
#4659 = ORIENTED_EDGE ( 'NONE', *, *, #781, .T. ) ;
#4660 = STYLED_ITEM ( 'NONE', ( #4847 ), #6709 ) ;
#4661 = CARTESIAN_POINT ( 'NONE',  ( -0.1069241233671471600, 0.3402872455622173400, 0.3947430299118224200 ) ) ;
#4662 = AXIS2_PLACEMENT_3D ( 'NONE', #2552, #6979, #3179 ) ;
#4663 = ORIENTED_EDGE ( 'NONE', *, *, #6266, .F. ) ;
#4664 = DIRECTION ( 'NONE',  ( -1.000000000000000000, 0.0000000000000000000, 0.0000000000000000000 ) ) ;
#4665 = SURFACE_STYLE_USAGE ( .BOTH. , #204 ) ;
#4666 = VECTOR ( 'NONE', #7349, 1000.000000000000000 ) ;
#4667 = VERTEX_POINT ( 'NONE', #6184 ) ;
#4668 = DIRECTION ( 'NONE',  ( 1.447553700753488400E-016, -1.000000000000000000, 0.0000000000000000000 ) ) ;
#4669 = DIRECTION ( 'NONE',  ( -1.447553700753488400E-016, 1.000000000000000000, 0.0000000000000000000 ) ) ;
#4670 = CARTESIAN_POINT ( 'NONE',  ( -0.1257866854706100600, 0.2784404654443582400, -0.3907171130266777200 ) ) ;
#4671 = EDGE_LOOP ( 'NONE', ( #4032, #3602, #1174, #6321, #7379 ) ) ;
#4672 = CARTESIAN_POINT ( 'NONE',  ( 0.06061595206821848000, -0.9250819879823165600, 0.2708565774942955900 ) ) ;
#4673 = CARTESIAN_POINT ( 'NONE',  ( -0.1250000000000000300, 0.2666198487095667900, 0.3792098549233096100 ) ) ;
#4674 = DIRECTION ( 'NONE',  ( -0.3162277660168382200, 0.9486832980505136600, 0.0000000000000000000 ) ) ;
#4675 = AXIS2_PLACEMENT_3D ( 'NONE', #161, #4628, #807 ) ;
#4676 = DIRECTION ( 'NONE',  ( -1.447553700753488400E-016, 1.000000000000000000, -0.0000000000000000000 ) ) ;
#4677 = EDGE_CURVE ( 'NONE', #1940, #6305, #6155, .T. ) ;
#4678 = CARTESIAN_POINT ( 'NONE',  ( -0.03902835300765011800, -1.214358437060419200, -0.2961696417105038100 ) ) ;
#4679 = ORIENTED_EDGE ( 'NONE', *, *, #7262, .T. ) ;
#4680 = CARTESIAN_POINT ( 'NONE',  ( 0.1175265972888180500, 0.3204703966873699300, -0.4464116063538784400 ) ) ;
#4681 = PRESENTATION_STYLE_ASSIGNMENT (( #4665 ) ) ;
#4682 = SURFACE_STYLE_FILL_AREA ( #2433 ) ;
#4683 = ADVANCED_FACE ( 'NONE', ( #4471 ), #880, .T. ) ;
#4684 = LINE ( 'NONE', #1809, #1290 ) ;
#4685 = DIRECTION ( 'NONE',  ( 0.0000000000000000000, -1.000000000000000000, -0.0000000000000000000 ) ) ;
#4686 = EDGE_LOOP ( 'NONE', ( #4846, #4816 ) ) ;
#4687 = CIRCLE ( 'NONE', #2742, 0.02999999999999997100 ) ;
#4688 = ADVANCED_FACE ( 'NONE', ( #2796 ), #1980, .T. ) ;
#4689 = EDGE_CURVE ( 'NONE', #5105, #2605, #483, .T. ) ;
#4690 = CARTESIAN_POINT ( 'NONE',  ( -0.02856786908935850600, -1.171780956487152400, -0.2646136928188284100 ) ) ;
#4691 = UNCERTAINTY_MEASURE_WITH_UNIT (LENGTH_MEASURE( 1.000000000000000100E-005 ), #3860, 'distance_accuracy_value', 'NONE');
#4692 = AXIS2_PLACEMENT_3D ( 'NONE', #3210, #18, #2596 ) ;
#4693 = COLOUR_RGB ( '',0.1098039215686274500, 0.1098039215686274500, 0.1098039215686274500 ) ;
#4694 = ORIENTED_EDGE ( 'NONE', *, *, #2230, .F. ) ;
#4695 = VECTOR ( 'NONE', #6702, 1000.000000000000000 ) ;
#4696 = CARTESIAN_POINT ( 'NONE',  ( 0.05983400831692197600, 0.4068193108991992000, 0.3895546018487522900 ) ) ;
#4697 = CARTESIAN_POINT ( 'NONE',  ( 0.02518493701619197200, -1.223104437731150200, 0.2780731727062197300 ) ) ;
#4698 = DIRECTION ( 'NONE',  ( 0.0000000000000000000, -1.000000000000000000, 0.0000000000000000000 ) ) ;
#4699 = DIRECTION ( 'NONE',  ( -1.000000000000000000, -1.447553700753488400E-016, 0.0000000000000000000 ) ) ;
#4700 = CARTESIAN_POINT ( 'NONE',  ( -0.02007002526002099300, 0.3993359599039359400, -0.4294705106334403300 ) ) ;
#4701 = DIRECTION ( 'NONE',  ( -1.447553700753488400E-016, 1.000000000000000000, -0.0000000000000000000 ) ) ;
#4702 =( GEOMETRIC_REPRESENTATION_CONTEXT ( 3 ) GLOBAL_UNCERTAINTY_ASSIGNED_CONTEXT ( ( #137 ) ) GLOBAL_UNIT_ASSIGNED_CONTEXT ( ( #2823, #4883, #5237 ) ) REPRESENTATION_CONTEXT ( 'NONE', 'WORKASPACE' ) );
#4703 = CARTESIAN_POINT ( 'NONE',  ( 0.02864497759686499000, -1.170630790684146700, -0.03845175828587040600 ) ) ;
#4704 = VERTEX_POINT ( 'NONE', #6547 ) ;
#4705 = AXIS2_PLACEMENT_3D ( 'NONE', #1609, #6051, #2256 ) ;
#4706 = ORIENTED_EDGE ( 'NONE', *, *, #8236, .F. ) ;
#4707 = DIRECTION ( 'NONE',  ( 1.000000000000000000, 0.0000000000000000000, 0.0000000000000000000 ) ) ;
#4708 = DIRECTION ( 'NONE',  ( -1.447553700753488400E-016, 1.000000000000000000, -0.0000000000000000000 ) ) ;
#4709 = CARTESIAN_POINT ( 'NONE',  ( 0.05180290865074894300, 0.3899539996405546000, -0.3638714674929913700 ) ) ;
#4710 = DIRECTION ( 'NONE',  ( -1.000000000000000000, -1.441759817635564300E-016, 0.0000000000000000000 ) ) ;
#4711 = SURFACE_SIDE_STYLE ('',( #7330 ) ) ;
#4712 = FILL_AREA_STYLE ('',( #858 ) ) ;
#4713 = AXIS2_PLACEMENT_3D ( 'NONE', #3922, #7757, #3951 ) ;
#4714 = CARTESIAN_POINT ( 'NONE',  ( 0.1450627261441426200, 0.3267110947112218900, 0.4174144868802118200 ) ) ;
#4715 =( NAMED_UNIT ( * ) SI_UNIT ( $, .STERADIAN. ) SOLID_ANGLE_UNIT ( ) );
#4716 = CARTESIAN_POINT ( 'NONE',  ( 0.04652516203801344100, -1.168374285843216200, 0.2375800498673374100 ) ) ;
#4717 = LINE ( 'NONE', #4556, #4516 ) ;
#4718 = CARTESIAN_POINT ( 'NONE',  ( -0.1077183062805882300, 0.3673915350105531100, 0.3790060314749598100 ) ) ;
#4719 = PRESENTATION_LAYER_ASSIGNMENT (  '', '', ( #3430 ) ) ;
#4720 = ADVANCED_FACE ( 'NONE', ( #280 ), #61, .T. ) ;
#4721 = DIRECTION ( 'NONE',  ( -1.000000000000000000, -1.221154686938587200E-016, 0.0000000000000000000 ) ) ;
#4722 = EDGE_CURVE ( 'NONE', #7948, #3595, #4432, .T. ) ;
#4723 = EDGE_LOOP ( 'NONE', ( #2273, #2981, #1550, #5796 ) ) ;
#4724 =( LENGTH_UNIT ( ) NAMED_UNIT ( * ) SI_UNIT ( .MILLI., .METRE. ) );
#4725 = CIRCLE ( 'NONE', #6466, 0.6399999999999993500 ) ;
#4726 = ADVANCED_FACE ( 'NONE', ( #3465 ), #7946, .T. ) ;
#4727 = CARTESIAN_POINT ( 'NONE',  ( 2.315930427416997100E-016, -1.224999999999999400, 0.0000000000000000000 ) ) ;
#4728 = DIRECTION ( 'NONE',  ( -0.0000000000000000000, 1.000000000000000000, -0.0000000000000000000 ) ) ;
#4729 = EDGE_LOOP ( 'NONE', ( #1711, #7533, #6120, #5499, #1571 ) ) ;
#4730 = CARTESIAN_POINT ( 'NONE',  ( -0.03068726934371115300, 0.3972158409712646100, -0.4316749862256187800 ) ) ;
#4731 = ORIENTED_EDGE ( 'NONE', *, *, #2441, .T. ) ;
#4732 = PRESENTATION_STYLE_ASSIGNMENT (( #3857 ) ) ;
#4733 = B_SPLINE_CURVE_WITH_KNOTS ( 'NONE', 3,
 ( #6559, #840, #7195, #3402, #7852, #4050, #232, #4696, #865, #5325, #1514, #5953, #2157, #6583, #2815, #7222, #3428, #7880, #4079, #259, #4718, #899 ),
 .UNSPECIFIED., .F., .F.,
 ( 4, 3, 3, 3, 3, 3, 3, 4 ),
 ( 1.096781372371003600E-016, 1.708551814551661500E-005, 6.419123601110015800E-005, 0.0001089830307316244200, 0.0001589731287818129800, 0.0001864724459193047100, 0.0002354920738453583900, 0.0002826677241045258100 ),
 .UNSPECIFIED. ) ;
#4734 = SURFACE_STYLE_FILL_AREA ( #5641 ) ;
#4735 = EDGE_CURVE ( 'NONE', #4758, #2605, #4569, .T. ) ;
#4736 = SURFACE_STYLE_USAGE ( .BOTH. , #271 ) ;
#4737 = DIRECTION ( 'NONE',  ( 1.447553700753488400E-016, -1.000000000000000000, 0.0000000000000000000 ) ) ;
#4738 = PRESENTATION_LAYER_ASSIGNMENT (  '', '', ( #3881 ) ) ;
#4739 = ORIENTED_EDGE ( 'NONE', *, *, #1961, .F. ) ;
#4740 = CONICAL_SURFACE ( 'NONE', #2276, 0.6638742588672274000, 0.3217505543966418000 ) ;
#4741 = COLOUR_RGB ( '',0.1098039215686274500, 0.1098039215686274500, 0.1098039215686274500 ) ;
#4742 = CARTESIAN_POINT ( 'NONE',  ( 0.2800826275816095100, -1.223183884379456200, 0.0000000000000000000 ) ) ;
#4743 = UNCERTAINTY_MEASURE_WITH_UNIT (LENGTH_MEASURE( 1.000000000000000100E-005 ), #34, 'distance_accuracy_value', 'NONE');
#4744 = ORIENTED_EDGE ( 'NONE', *, *, #60, .F. ) ;
#4745 = PRESENTATION_LAYER_ASSIGNMENT (  '', '', ( #5155 ) ) ;
#4746 = CARTESIAN_POINT ( 'NONE',  ( 0.5999999999999994200, 0.04500000000000020700, 7.347880794884112800E-017 ) ) ;
#4747 = DIRECTION ( 'NONE',  ( 1.000000000000000000, 0.0000000000000000000, 1.224646799147353200E-016 ) ) ;
#4748 = AXIS2_PLACEMENT_3D ( 'NONE', #349, #4801, #979 ) ;
#4749 = CARTESIAN_POINT ( 'NONE',  ( 0.05041738696757794300, -1.152035009858909200, -0.01025944218955162100 ) ) ;
#4750 = EDGE_CURVE ( 'NONE', #6260, #6510, #6244, .T. ) ;
#4751 = DIRECTION ( 'NONE',  ( 0.0000000000000000000, 0.9960485673285175400, -0.08881019943006292200 ) ) ;
#4752 = FACE_OUTER_BOUND ( 'NONE', #2365, .T. ) ;
#4753 = CARTESIAN_POINT ( 'NONE',  ( 0.1266853402121630400, 0.2949342829126127600, 0.3676285765620795300 ) ) ;
#4754 =( GEOMETRIC_REPRESENTATION_CONTEXT ( 3 ) GLOBAL_UNCERTAINTY_ASSIGNED_CONTEXT ( ( #5183 ) ) GLOBAL_UNIT_ASSIGNED_CONTEXT ( ( #3053, #7475, #3694 ) ) REPRESENTATION_CONTEXT ( 'NONE', 'WORKASPACE' ) );
#4755 = CARTESIAN_POINT ( 'NONE',  ( -0.1063473373305611300, 0.3412228871188086600, -0.3738338304855131600 ) ) ;
#4756 = FILL_AREA_STYLE_COLOUR ( '', #887 ) ;
#4757 =( NAMED_UNIT ( * ) PLANE_ANGLE_UNIT ( ) SI_UNIT ( $, .RADIAN. ) );
#4758 = VERTEX_POINT ( 'NONE', #273 ) ;
#4759 = ADVANCED_FACE ( 'NONE', ( #6045 ), #3779, .F. ) ;
#4760 = CLOSED_SHELL ( 'NONE', ( #4479, #5301, #5874, #7679, #7806, #5131, #791, #6668, #868, #750, #3592, #6411, #1468, #2858, #953, #1541, #6377, #7797, #7764, #3456, #878, #6125, #2048, #7077, #5955, #212, #370, #4141, #5794, #7839, #2096, #7966, #6004, #1967, #6531, #3334, #1579, #2181, #1305, #158, #117, #6617, #1506, #6748, #5998, #5967, #417, #7111, #1386 ) ) ;
#4761 = COLOUR_RGB ( '',0.8941176470588234600, 0.9137254901960784000, 0.9294117647058823800 ) ;
#4762 = CARTESIAN_POINT ( 'NONE',  ( -0.4439249933206987400, 0.3543379074933982200, 0.0000000000000000000 ) ) ;
#4763 = ADVANCED_FACE ( 'NONE', ( #1181, #2072 ), #7289, .F. ) ;
#4764 = AXIS2_PLACEMENT_3D ( 'NONE', #4446, #627, #5085 ) ;
#4765 = CARTESIAN_POINT ( 'NONE',  ( 0.1163756112843575800, 0.3232333728063361300, 0.3996591155447625200 ) ) ;
#4766 = MECHANICAL_DESIGN_GEOMETRIC_PRESENTATION_REPRESENTATION (  '', ( #3067 ), #5185 ) ;
#4767 = ORIENTED_EDGE ( 'NONE', *, *, #5739, .F. ) ;
#4768 = COLOUR_RGB ( '',0.1098039215686274500, 0.1098039215686274500, 0.1098039215686274500 ) ;
#4769 = DIRECTION ( 'NONE',  ( -0.4472135954999580400, 0.0000000000000000000, 0.8944271909999157400 ) ) ;
#4770 = FILL_AREA_STYLE_COLOUR ( '', #893 ) ;
#4771 = CARTESIAN_POINT ( 'NONE',  ( 0.04602106526623436800, -1.153575165043917200, -0.2521963591120535100 ) ) ;
#4772 = LINE ( 'NONE', #5525, #8142 ) ;
#4773 =( NAMED_UNIT ( * ) PLANE_ANGLE_UNIT ( ) SI_UNIT ( $, .RADIAN. ) );
#4774 = EDGE_LOOP ( 'NONE', ( #4825, #4493, #5356, #444 ) ) ;
#4775 = STYLED_ITEM ( 'NONE', ( #6687 ), #6094 ) ;
#4776 = FILL_AREA_STYLE_COLOUR ( '', #4114 ) ;
#4777 = EDGE_CURVE ( 'NONE', #6614, #6389, #3170, .T. ) ;
#4778 = FILL_AREA_STYLE ('',( #1570 ) ) ;
#4779 = CIRCLE ( 'NONE', #2232, 0.01999999999999999700 ) ;
#4780 = AXIS2_PLACEMENT_3D ( 'NONE', #492, #4938, #1134 ) ;
#4781 = CARTESIAN_POINT ( 'NONE',  ( -0.1250000000000000600, 0.2666198487095667900, -0.4485182164429416500 ) ) ;
#4782 = DIRECTION ( 'NONE',  ( 1.447553700753488400E-016, -1.000000000000000000, 0.0000000000000000000 ) ) ;
#4783 = ORIENTED_EDGE ( 'NONE', *, *, #6622, .T. ) ;
#4784 = CARTESIAN_POINT ( 'NONE',  ( 1.270000000000000000, -1.294999999999999900, 0.6700000000000002600 ) ) ;
#4785 =( NAMED_UNIT ( * ) SI_UNIT ( $, .STERADIAN. ) SOLID_ANGLE_UNIT ( ) );
#4786 =( NAMED_UNIT ( * ) PLANE_ANGLE_UNIT ( ) SI_UNIT ( $, .RADIAN. ) );
#4787 = DIRECTION ( 'NONE',  ( 1.224646799147353200E-016, 1.772742006221665100E-032, 1.000000000000000000 ) ) ;
#4788 = B_SPLINE_CURVE_WITH_KNOTS ( 'NONE', 3,
 ( #5328, #234, #2161, #6587, #2820, #7227, #3432 ),
 .UNSPECIFIED., .F., .F.,
 ( 4, 3, 4 ),
 ( 0.0000000000000000000, 0.0006807279421530603200, 0.001425077999558054700 ),
 .UNSPECIFIED. ) ;
#4789 = CIRCLE ( 'NONE', #3835, 0.1000000000000000500 ) ;
#4790 = CARTESIAN_POINT ( 'NONE',  ( -1.433233657534537400E-016, 1.365000000000000000, 0.0000000000000000000 ) ) ;
#4791 = VERTEX_POINT ( 'NONE', #4177 ) ;
#4792 = EDGE_CURVE ( 'NONE', #7619, #770, #6764, .T. ) ;
#4793 = EDGE_LOOP ( 'NONE', ( #8148, #1713, #4236, #2199 ) ) ;
#4794 = FACE_OUTER_BOUND ( 'NONE', #1135, .T. ) ;
#4795 = PRESENTATION_LAYER_ASSIGNMENT (  '', '', ( #5208 ) ) ;
#4796 = CARTESIAN_POINT ( 'NONE',  ( -0.03309163369085169100, 0.3965147622558213300, 0.4280576153784626000 ) ) ;
#4797 = DIRECTION ( 'NONE',  ( 1.000000000000000000, 0.0000000000000000000, -8.881784197001252300E-016 ) ) ;
#4798 = EDGE_LOOP ( 'NONE', ( #3289, #4333, #394, #4663 ) ) ;
#4799 = ADVANCED_FACE ( 'NONE', ( #8041 ), #7836, .T. ) ;
#4800 = CARTESIAN_POINT ( 'NONE',  ( -0.8262454205064520000, 1.395000000000000000, 1.011858809533385200E-016 ) ) ;
#4801 = DIRECTION ( 'NONE',  ( -1.447553700753488400E-016, 1.000000000000000000, -0.0000000000000000000 ) ) ;
#4802 = CARTESIAN_POINT ( 'NONE',  ( -0.8999999999999995800, 1.345000000000000000, 0.0000000000000000000 ) ) ;
#4803 = AXIS2_PLACEMENT_3D ( 'NONE', #4257, #442, #4888 ) ;
#4804 = AXIS2_PLACEMENT_3D ( 'NONE', #4064, #247, #4710 ) ;
#4805 =( GEOMETRIC_REPRESENTATION_CONTEXT ( 3 ) GLOBAL_UNCERTAINTY_ASSIGNED_CONTEXT ( ( #1725 ) ) GLOBAL_UNIT_ASSIGNED_CONTEXT ( ( #4724, #904, #5357 ) ) REPRESENTATION_CONTEXT ( 'NONE', 'WORKASPACE' ) );
#4806 =( NAMED_UNIT ( * ) PLANE_ANGLE_UNIT ( ) SI_UNIT ( $, .RADIAN. ) );
#4807 = FILL_AREA_STYLE_COLOUR ( '', #5964 ) ;
#4808 = CARTESIAN_POINT ( 'NONE',  ( -0.02738726848234673500, -1.189391029475325600, -0.2501286447246721700 ) ) ;
#4809 = CARTESIAN_POINT ( 'NONE',  ( 0.02541776731565033700, -1.218768499798340600, 0.2303033447812440100 ) ) ;
#4810 = MECHANICAL_DESIGN_GEOMETRIC_PRESENTATION_REPRESENTATION (  '', ( #3119 ), #5232 ) ;
#4811 = ORIENTED_EDGE ( 'NONE', *, *, #4722, .F. ) ;
#4812 = DIRECTION ( 'NONE',  ( 1.447553700753488400E-016, -1.000000000000000000, 0.0000000000000000000 ) ) ;
#4813 = CARTESIAN_POINT ( 'NONE',  ( -0.1250039847909064900, 0.2666795047951452900, 0.3897247990692573900 ) ) ;
#4814 = FILL_AREA_STYLE ('',( #1617 ) ) ;
#4815 = CARTESIAN_POINT ( 'NONE',  ( 1.269999999999999600, -1.353578643762690400, -0.7700000000000006800 ) ) ;
#4816 = ORIENTED_EDGE ( 'NONE', *, *, #3625, .T. ) ;
#4817 = ORIENTED_EDGE ( 'NONE', *, *, #5187, .F. ) ;
#4818 = CIRCLE ( 'NONE', #4880, 0.1000000000000000300 ) ;
#4819 =( GEOMETRIC_REPRESENTATION_CONTEXT ( 3 ) GLOBAL_UNCERTAINTY_ASSIGNED_CONTEXT ( ( #4119 ) ) GLOBAL_UNIT_ASSIGNED_CONTEXT ( ( #7473, #3692, #8117 ) ) REPRESENTATION_CONTEXT ( 'NONE', 'WORKASPACE' ) );
#4820 = CARTESIAN_POINT ( 'NONE',  ( 2.287098961263472300E-016, -1.205082627581609600, 0.0000000000000000000 ) ) ;
#4821 = CARTESIAN_POINT ( 'NONE',  ( 2.975399468465887600E-018, 0.3543379074933978300, 0.0000000000000000000 ) ) ;
#4822 = EDGE_CURVE ( 'NONE', #680, #3899, #2980, .T. ) ;
#4823 = ORIENTED_EDGE ( 'NONE', *, *, #1318, .F. ) ;
#4824 = STYLED_ITEM ( 'NONE', ( #7509 ), #2012 ) ;
#4825 = ORIENTED_EDGE ( 'NONE', *, *, #2284, .T. ) ;
#4826 = SURFACE_STYLE_FILL_AREA ( #3259 ) ;
#4827 = UNCERTAINTY_MEASURE_WITH_UNIT (LENGTH_MEASURE( 1.000000000000000100E-005 ), #5339, 'distance_accuracy_value', 'NONE');
#4828 = CARTESIAN_POINT ( 'NONE',  ( -0.02453759532154851600, -1.231897319965140800, 0.2755977471172811900 ) ) ;
#4829 = CARTESIAN_POINT ( 'NONE',  ( -1.476660268557142200E-016, 1.395000000000000000, 0.0000000000000000000 ) ) ;
#4830 = EDGE_LOOP ( 'NONE', ( #4077, #601, #6704, #7656, #1214 ) ) ;
#4831 = EDGE_CURVE ( 'NONE', #17, #343, #4849, .T. ) ;
#4832 = CARTESIAN_POINT ( 'NONE',  ( -1.781099959080319800E-032, 1.395000000000000200, 0.0000000000000000000 ) ) ;
#4833 = SPHERICAL_SURFACE ( 'NONE', #4565, 0.1000000000000000100 ) ;
#4834 = CARTESIAN_POINT ( 'NONE',  ( 7.559054153381473700E-017, -0.1473024947075762300, 0.0000000000000000000 ) ) ;
#4835 = SPHERICAL_SURFACE ( 'NONE', #7583, 0.1000000000000000100 ) ;
#4836 = ADVANCED_FACE ( 'NONE', ( #6344 ), #3864, .T. ) ;
#4837 = UNCERTAINTY_MEASURE_WITH_UNIT (LENGTH_MEASURE( 1.000000000000000100E-005 ), #6725, 'distance_accuracy_value', 'NONE');
#4838 = CARTESIAN_POINT ( 'NONE',  ( -0.04978749811896327600, -1.205082627581610000, 0.2976813273944591800 ) ) ;
#4839 = CARTESIAN_POINT ( 'NONE',  ( -0.04630770841790388800, -1.150767665139485100, 0.2525584207203315200 ) ) ;
#4840 = CARTESIAN_POINT ( 'NONE',  ( 0.1049476582995811000, 0.3434191609326395200, 0.3956286048806620400 ) ) ;
#4841 = DIRECTION ( 'NONE',  ( -1.000000000000000000, -1.447553700753488400E-016, 0.0000000000000000000 ) ) ;
#4842 = CARTESIAN_POINT ( 'NONE',  ( -0.1062846475798131200, 0.3413351182546808200, 0.3950933144495005800 ) ) ;
#4843 = AXIS2_PLACEMENT_3D ( 'NONE', #3395, #2741, #5914 ) ;
#4844 = VERTEX_POINT ( 'NONE', #5493 ) ;
#4845 = FILL_AREA_STYLE_COLOUR ( '', #7554 ) ;
#4846 = ORIENTED_EDGE ( 'NONE', *, *, #3492, .T. ) ;
#4847 = PRESENTATION_STYLE_ASSIGNMENT (( #4940 ) ) ;
#4848 = SURFACE_STYLE_USAGE ( .BOTH. , #408 ) ;
#4849 = CIRCLE ( 'NONE', #5114, 0.01999999999999999700 ) ;
#4850 = ORIENTED_EDGE ( 'NONE', *, *, #4246, .F. ) ;
#4851 = AXIS2_PLACEMENT_3D ( 'NONE', #3180, #7617, #3826 ) ;
#4852 = EDGE_LOOP ( 'NONE', ( #2206, #4917, #2704 ) ) ;
#4853 = ORIENTED_EDGE ( 'NONE', *, *, #2919, .F. ) ;
#4854 = CARTESIAN_POINT ( 'NONE',  ( -0.05041738526498288500, -1.152035013410733300, -6.402725263644800500E-005 ) ) ;
#4855 = SURFACE_SIDE_STYLE ('',( #1371 ) ) ;
#4856 = CARTESIAN_POINT ( 'NONE',  ( 0.1173023355465844000, 0.3531317127251695800, -0.3760271022964901100 ) ) ;
#4857 = DIRECTION ( 'NONE',  ( 0.0000000000000000000, 0.0000000000000000000, -1.000000000000000000 ) ) ;
#4858 = CARTESIAN_POINT ( 'NONE',  ( -0.9581966011250111500, 1.294999999999999900, -1.169999999999999900 ) ) ;
#4859 =( LENGTH_UNIT ( ) NAMED_UNIT ( * ) SI_UNIT ( .MILLI., .METRE. ) );
#4860 = CARTESIAN_POINT ( 'NONE',  ( -0.1158231730575406100, 0.3543379074933980000, -0.3765128058188664800 ) ) ;
#4861 = ORIENTED_EDGE ( 'NONE', *, *, #3389, .F. ) ;
#4862 = CARTESIAN_POINT ( 'NONE',  ( -1.047639320225002900, 1.395000000000000000, 1.214721359549995900 ) ) ;
#4863 = CARTESIAN_POINT ( 'NONE',  ( -0.04575581247760805000, -1.157046485537193600, 0.2511402095542421000 ) ) ;
#4864 = DIRECTION ( 'NONE',  ( -0.0000000000000000000, -1.000000000000000000, -0.0000000000000000000 ) ) ;
#4865 = CARTESIAN_POINT ( 'NONE',  ( 0.1546579313914618900, 0.3036234618366001100, 0.4112681092845761300 ) ) ;
#4866 = EDGE_CURVE ( 'NONE', #2393, #6138, #7224, .T. ) ;
#4867 = ORIENTED_EDGE ( 'NONE', *, *, #7411, .T. ) ;
#4868 = CARTESIAN_POINT ( 'NONE',  ( -0.9581966011250111500, 1.294999999999999900, -1.169999999999999900 ) ) ;
#4869 = SURFACE_STYLE_FILL_AREA ( #3854 ) ;
#4870 =( REPRESENTATION_RELATIONSHIP ('NONE','NONE', #2573, #1058 ) REPRESENTATION_RELATIONSHIP_WITH_TRANSFORMATION ( #224 )SHAPE_REPRESENTATION_RELATIONSHIP( ) );
#4871 = CARTESIAN_POINT ( 'NONE',  ( 1.449757355770272100E-013, -1001.147437826952700, 0.0000000000000000000 ) ) ;
#4872 =( NAMED_UNIT ( * ) SI_UNIT ( $, .STERADIAN. ) SOLID_ANGLE_UNIT ( ) );
#4873 = CIRCLE ( 'NONE', #1529, 0.5316896815425915500 ) ;
#4874 = ORIENTED_EDGE ( 'NONE', *, *, #4324, .T. ) ;
#4875 = CIRCLE ( 'NONE', #896, 0.05000000000000002400 ) ;
#4876 = PRESENTATION_STYLE_ASSIGNMENT (( #1818 ) ) ;
#4877 =( NAMED_UNIT ( * ) PLANE_ANGLE_UNIT ( ) SI_UNIT ( $, .RADIAN. ) );
#4878 = EDGE_CURVE ( 'NONE', #2825, #37, #2381, .T. ) ;
#4879 = B_SPLINE_CURVE_WITH_KNOTS ( 'NONE', 3,
 ( #4405, #5695, #6331, #2545 ),
 .UNSPECIFIED., .F., .F.,
 ( 4, 4 ),
 ( 0.0000000000000000000, 3.799199606258811400E-006 ),
 .UNSPECIFIED. ) ;
#4880 = AXIS2_PLACEMENT_3D ( 'NONE', #3843, #8267, #4481 ) ;
#4881 =( LENGTH_UNIT ( ) NAMED_UNIT ( * ) SI_UNIT ( .MILLI., .METRE. ) );
#4882 = ORIENTED_EDGE ( 'NONE', *, *, #6869, .F. ) ;
#4883 =( NAMED_UNIT ( * ) PLANE_ANGLE_UNIT ( ) SI_UNIT ( $, .RADIAN. ) );
#4884 = SURFACE_STYLE_USAGE ( .BOTH. , #438 ) ;
#4885 = EDGE_LOOP ( 'NONE', ( #3270, #214, #1042, #5568 ) ) ;
#4886 = CARTESIAN_POINT ( 'NONE',  ( -0.6399999999999993500, 0.03499999999999999600, 0.0000000000000000000 ) ) ;
#4887 = DIRECTION ( 'NONE',  ( 1.000000000000000000, 0.0000000000000000000, 0.0000000000000000000 ) ) ;
#4888 = DIRECTION ( 'NONE',  ( -1.000000000000000000, -1.349481802652466300E-016, 0.0000000000000000000 ) ) ;
#4889 = CARTESIAN_POINT ( 'NONE',  ( 0.02640795290742467500, 0.4179137765655139800, -0.3931439879760781400 ) ) ;
#4890 = DIRECTION ( 'NONE',  ( -0.0000000000000000000, 1.000000000000000000, 0.0000000000000000000 ) ) ;
#4891 = EDGE_CURVE ( 'NONE', #435, #7937, #670, .T. ) ;
#4892 = MECHANICAL_DESIGN_GEOMETRIC_PRESENTATION_REPRESENTATION (  '', ( #4052 ), #5326 ) ;
#4893 = CARTESIAN_POINT ( 'NONE',  ( -0.09330660253071818000, -0.2061251586726558800, -0.3451767922991683100 ) ) ;
#4894 = CARTESIAN_POINT ( 'NONE',  ( -0.03669984145188624800, 0.4003606294749408300, 0.4482196778390202800 ) ) ;
#4895 = EDGE_CURVE ( 'NONE', #5456, #4456, #3823, .T. ) ;
#4896 = FILL_AREA_STYLE ('',( #5565 ) ) ;
#4897 = DIRECTION ( 'NONE',  ( 0.0000000000000000000, 1.000000000000000000, 0.0000000000000000000 ) ) ;
#4898 = CARTESIAN_POINT ( 'NONE',  ( -7.424927725979431300E-017, 0.8878219273820058300, 0.0000000000000000000 ) ) ;
#4899 = AXIS2_PLACEMENT_3D ( 'NONE', #491, #1133, #516 ) ;
#4900 = AXIS2_PLACEMENT_3D ( 'NONE', #7369, #3578, #8026 ) ;
#4901 =( NAMED_UNIT ( * ) PLANE_ANGLE_UNIT ( ) SI_UNIT ( $, .RADIAN. ) );
#4902 = DIRECTION ( 'NONE',  ( 0.0000000000000000000, 0.0000000000000000000, 1.000000000000000000 ) ) ;
#4903 = ORIENTED_EDGE ( 'NONE', *, *, #5409, .T. ) ;
#4904 = TOROIDAL_SURFACE ( 'NONE', #5200, 0.9399999999999991700, 0.02999999999999999900 ) ;
#4905 = FACE_OUTER_BOUND ( 'NONE', #1398, .T. ) ;
#4906 = SURFACE_STYLE_FILL_AREA ( #5826 ) ;
#4907 = DIRECTION ( 'NONE',  ( 1.447553700753488400E-016, -1.000000000000000000, 0.0000000000000000000 ) ) ;
#4908 = DIRECTION ( 'NONE',  ( 1.000000000000000000, 1.447553700753488400E-016, 0.0000000000000000000 ) ) ;
#4909 = CARTESIAN_POINT ( 'NONE',  ( -0.02839801843284011800, -1.174314482592944400, 0.07640497171854207500 ) ) ;
#4910 = SURFACE_STYLE_USAGE ( .BOTH. , #467 ) ;
#4911 = CARTESIAN_POINT ( 'NONE',  ( -0.1158231730575406100, 0.3543379074933980000, -0.3765128058188664800 ) ) ;
#4912 = AXIS2_PLACEMENT_3D ( 'NONE', #7429, #3648, #8083 ) ;
#4913 = STYLED_ITEM ( 'NONE', ( #6240 ), #1386 ) ;
#4914 = SURFACE_STYLE_USAGE ( .BOTH. , #470 ) ;
#4915 = ORIENTED_EDGE ( 'NONE', *, *, #5136, .F. ) ;
#4916 = SURFACE_STYLE_USAGE ( .BOTH. , #471 ) ;
#4917 = ORIENTED_EDGE ( 'NONE', *, *, #2984, .T. ) ;
#4918 = COLOUR_RGB ( '',0.1098039215686274500, 0.1098039215686274500, 0.1098039215686274500 ) ;
#4919 = COLOUR_RGB ( '',0.1098039215686274500, 0.1098039215686274500, 0.1098039215686274500 ) ;
#4920 = CARTESIAN_POINT ( 'NONE',  ( 0.04169594215226031500, 0.3938867988593339800, 0.4113680430888576600 ) ) ;
#4921 = CARTESIAN_POINT ( 'NONE',  ( 0.1180253205482357900, 0.3525217918726916700, 0.3757417101686157900 ) ) ;
#4922 = CARTESIAN_POINT ( 'NONE',  ( -0.1249999999999929800, 0.2666198487095672300, 0.3897197719168872300 ) ) ;
#4923 = CARTESIAN_POINT ( 'NONE',  ( 2.234677677640099200E-016, -1.168868921937331600, 0.0000000000000000000 ) ) ;
#4924 = EDGE_LOOP ( 'NONE', ( #2998, #1416, #743, #406 ) ) ;
#4925 = DIRECTION ( 'NONE',  ( 0.0000000000000000000, 1.000000000000000000, 0.0000000000000000000 ) ) ;
#4926 = PRESENTATION_STYLE_ASSIGNMENT (( #1519 ) ) ;
#4927 = CYLINDRICAL_SURFACE ( 'NONE', #4448, 0.9099999999999992500 ) ;
#4928 = UNCERTAINTY_MEASURE_WITH_UNIT (LENGTH_MEASURE( 1.000000000000000100E-005 ), #8123, 'distance_accuracy_value', 'NONE');
#4929 = DIRECTION ( 'NONE',  ( 0.4472135954999579800, 0.0000000000000000000, -0.8944271909999159700 ) ) ;
#4930 = FILL_AREA_STYLE_COLOUR ( '', #801 ) ;
#4931 = EDGE_CURVE ( 'NONE', #701, #7841, #2344, .T. ) ;
#4932 =( GEOMETRIC_REPRESENTATION_CONTEXT ( 3 ) GLOBAL_UNCERTAINTY_ASSIGNED_CONTEXT ( ( #4387 ) ) GLOBAL_UNIT_ASSIGNED_CONTEXT ( ( #42, #4523, #702 ) ) REPRESENTATION_CONTEXT ( 'NONE', 'WORKASPACE' ) );
#4933 = CARTESIAN_POINT ( 'NONE',  ( 0.02758944177094641000, -1.186375372573789100, -0.2421030037225062300 ) ) ;
#4934 = ORIENTED_EDGE ( 'NONE', *, *, #5451, .T. ) ;
#4935 = DIRECTION ( 'NONE',  ( 0.0000000000000000000, 0.0000000000000000000, -1.000000000000000000 ) ) ;
#4936 = CARTESIAN_POINT ( 'NONE',  ( 0.1518986748799413000, 0.2634659119465356200, 0.4083876577056688700 ) ) ;
#4937 = CARTESIAN_POINT ( 'NONE',  ( 1.208196601125010300, 1.395000000000000000, 0.6700000000000001500 ) ) ;
#4938 = DIRECTION ( 'NONE',  ( 1.447553700753488400E-016, -1.000000000000000000, 0.0000000000000000000 ) ) ;
#4939 = EDGE_CURVE ( 'NONE', #6636, #3447, #5543, .T. ) ;
#4940 = SURFACE_STYLE_USAGE ( .BOTH. , #494 ) ;
#4941 = CARTESIAN_POINT ( 'NONE',  ( -0.1239962146848269100, 0.3507056762521438300, 0.3947430299118224200 ) ) ;
#4942 = DIRECTION ( 'NONE',  ( -1.000000000000000000, -2.409338161078900700E-016, 0.0000000000000000000 ) ) ;
#4943 = EDGE_LOOP ( 'NONE', ( #1795, #2680, #2651, #2420 ) ) ;
#4944 = STYLED_ITEM ( 'NONE', ( #5567 ), #3592 ) ;
#4945 = CIRCLE ( 'NONE', #4074, 0.3018161156205430600 ) ;
#4946 = CARTESIAN_POINT ( 'NONE',  ( -0.7265572809000089300, -1.294999999999999900, 1.633278640450004600 ) ) ;
#4947 =( LENGTH_UNIT ( ) NAMED_UNIT ( * ) SI_UNIT ( .MILLI., .METRE. ) );
#4948 = CARTESIAN_POINT ( 'NONE',  ( 4.413854548768851300E-016, -2.674289321881344600, 0.0000000000000000000 ) ) ;
#4949 = ORIENTED_EDGE ( 'NONE', *, *, #6732, .F. ) ;
#4950 = SURFACE_STYLE_USAGE ( .BOTH. , #503 ) ;
#4951 = CARTESIAN_POINT ( 'NONE',  ( 0.1378435408756127900, 0.2670981431876220900, 0.3606053945049981200 ) ) ;
#4952 = CARTESIAN_POINT ( 'NONE',  ( -0.9581966011250111500, -1.294999999999999900, -1.169999999999999900 ) ) ;
#4953 = VERTEX_POINT ( 'NONE', #3678 ) ;
#4954 = DIRECTION ( 'NONE',  ( -1.000000000000000000, 0.0000000000000000000, -0.0000000000000000000 ) ) ;
#4955 = TOROIDAL_SURFACE ( 'NONE', #2813, 0.3293303437365926500, 0.05000000000000000300 ) ;
#4956 = AXIS2_PLACEMENT_3D ( 'NONE', #7006, #3204, #7653 ) ;
#4957 = DIRECTION ( 'NONE',  ( -0.4472135954999580400, 0.0000000000000000000, 0.8944271909999157400 ) ) ;
#4958 = ORIENTED_EDGE ( 'NONE', *, *, #1332, .F. ) ;
#4959 = CARTESIAN_POINT ( 'NONE',  ( 0.1389626919345830500, 0.2842237949493581200, -0.3618493508431629400 ) ) ;
#4960 = CIRCLE ( 'NONE', #5907, 0.5999999999999998700 ) ;
#4961 = FILL_AREA_STYLE_COLOUR ( '', #642 ) ;
#4962 =( NAMED_UNIT ( * ) SI_UNIT ( $, .STERADIAN. ) SOLID_ANGLE_UNIT ( ) );
#4963 = VECTOR ( 'NONE', #380, 1000.000000000000000 ) ;
#4964 = MECHANICAL_DESIGN_GEOMETRIC_PRESENTATION_REPRESENTATION (  '', ( #4123 ), #5393 ) ;
#4965 = CARTESIAN_POINT ( 'NONE',  ( 0.8499999999999993100, 0.6950000000000000600, 1.071565949253933200E-016 ) ) ;
#4966 = FACE_OUTER_BOUND ( 'NONE', #4101, .T. ) ;
#4967 = CARTESIAN_POINT ( 'NONE',  ( -0.02864444290494122900, -1.170638766255006200, 0.03857980552985058200 ) ) ;
#4968 = VERTEX_POINT ( 'NONE', #6194 ) ;
#4969 = SURFACE_STYLE_FILL_AREA ( #7747 ) ;
#4970 = PRESENTATION_STYLE_ASSIGNMENT (( #1981 ) ) ;
#4971 = TOROIDAL_SURFACE ( 'NONE', #3106, 0.2818987432021535800, 0.02000000000000000000 ) ;
#4972 = CARTESIAN_POINT ( 'NONE',  ( 0.4239249933206987700, 0.3543379074933980000, 0.0000000000000000000 ) ) ;
#4973 = FILL_AREA_STYLE ('',( #4340 ) ) ;
#4974 = CARTESIAN_POINT ( 'NONE',  ( -0.1292149253681934800, 0.3498450440833654200, -0.4243623750639329800 ) ) ;
#4975 = CARTESIAN_POINT ( 'NONE',  ( -0.9581966011250113700, 1.294999999999999900, 1.169999999999999900 ) ) ;
#4976 = CARTESIAN_POINT ( 'NONE',  ( 0.1170680565608259200, -0.2423166182148810400, -0.3717848444710318800 ) ) ;
#4977 = CARTESIAN_POINT ( 'NONE',  ( 1.370000000000000100, 1.294999999999999900, 0.6700000000000002600 ) ) ;
#4978 = CIRCLE ( 'NONE', #7494, 0.1000000000000000500 ) ;
#4979 = DIRECTION ( 'NONE',  ( -1.000000000000000000, -1.444121746138480700E-016, 0.0000000000000000000 ) ) ;
#4980 = SURFACE_STYLE_FILL_AREA ( #3705 ) ;
#4981 = VERTEX_POINT ( 'NONE', #6169 ) ;
#4982 = COLOUR_RGB ( '',0.8941176470588234600, 0.9137254901960784000, 0.9294117647058823800 ) ;
#4983 = B_SPLINE_CURVE_WITH_KNOTS ( 'NONE', 3,
 ( #2691, #6468, #3306, #7765, #3952, #134, #4600, #774, #5230, #1426, #5865, #2060, #6493, #2719 ),
 .UNSPECIFIED., .F., .F.,
 ( 4, 2, 2, 2, 2, 2, 4 ),
 ( 0.0000000000000000000, 3.471867515808647000E-005, 6.943735031617294000E-005, 0.0001388747006323457700, 0.0002083120509485186200, 0.0002430307261066050500, 0.0002777494012646914900 ),
 .UNSPECIFIED. ) ;
#4984 = PRESENTATION_LAYER_ASSIGNMENT (  '', '', ( #4558 ) ) ;
#4985 =( NAMED_UNIT ( * ) SI_UNIT ( $, .STERADIAN. ) SOLID_ANGLE_UNIT ( ) );
#4986 = CARTESIAN_POINT ( 'NONE',  ( 0.04630770841790572700, -1.150767665139401000, 0.2525584207203405200 ) ) ;
#4987 =( NAMED_UNIT ( * ) PLANE_ANGLE_UNIT ( ) SI_UNIT ( $, .RADIAN. ) );
#4988 = EDGE_CURVE ( 'NONE', #5580, #6780, #475, .T. ) ;
#4989 = CARTESIAN_POINT ( 'NONE',  ( -0.1180273429977300300, 0.3525217918726890100, 0.3757410748851473500 ) ) ;
#4990 = LINE ( 'NONE', #1301, #3286 ) ;
#4991 = AXIS2_PLACEMENT_3D ( 'NONE', #1474, #5909, #2116 ) ;
#4992 =( NAMED_UNIT ( * ) PLANE_ANGLE_UNIT ( ) SI_UNIT ( $, .RADIAN. ) );
#4993 = EDGE_LOOP ( 'NONE', ( #7044, #612, #3142, #2814 ) ) ;
#4994 = ORIENTED_EDGE ( 'NONE', *, *, #7706, .F. ) ;
#4995 = CARTESIAN_POINT ( 'NONE',  ( -0.4439249933206986800, 0.3534279700348352800, 0.0000000000000000000 ) ) ;
#4996 =( BOUNDED_SURFACE ( )  B_SPLINE_SURFACE ( 3, 2, ( 
 ( #3030, #489, #4936 ),
 ( #1130, #5572, #1768 ),
 ( #6214, #2426, #6849 ),
 ( #3058, #7482, #3699 ) ),
 .UNSPECIFIED., .F., .F., .T. ) 
 B_SPLINE_SURFACE_WITH_KNOTS ( ( 4, 4 ),
 ( 3, 3 ),
 ( 0.0000000000000000000, 0.001506231222728192900 ),
 ( 0.0000000000000000000, 1.000000000000000000 ),
 .UNSPECIFIED. ) 
 GEOMETRIC_REPRESENTATION_ITEM ( )  RATIONAL_B_SPLINE_SURFACE ( (
 ( 1.000000000000000000, 0.5690035219446320000, 1.000000000000000000),
 ( 1.000000000000000000, 0.5876933641502860600, 1.000000000000000000),
 ( 1.000000000000000000, 0.6105280666444312700, 1.000000000000000000),
 ( 1.000000000000000000, 0.6463599364788029700, 1.000000000000000000) ) ) 
 REPRESENTATION_ITEM ( '' )  SURFACE ( )  );
#4997 = CARTESIAN_POINT ( 'NONE',  ( -0.04623025374724036600, -1.167670199821964700, -0.2398263902832494000 ) ) ;
#4998 = CARTESIAN_POINT ( 'NONE',  ( 0.5146446609406727400, -2.780355339059327900, 6.735557395310438800E-017 ) ) ;
#4999 = CARTESIAN_POINT ( 'NONE',  ( -0.04137015110335322300, 0.4003421960845922100, 0.4139406614928158300 ) ) ;
#5000 = EDGE_CURVE ( 'NONE', #3704, #591, #5353, .T. ) ;
#5001 = ORIENTED_EDGE ( 'NONE', *, *, #7255, .T. ) ;
#5002 = CIRCLE ( 'NONE', #2533, 0.02000000000000001800 ) ;
#5003 = AXIS2_PLACEMENT_3D ( 'NONE', #23, #4504, #682 ) ;
#5004 = CARTESIAN_POINT ( 'NONE',  ( 0.03638792666258104700, -1.216459714962222000, 0.2949462734239072200 ) ) ;
#5005 = CARTESIAN_POINT ( 'NONE',  ( -0.02901923514738235700, -1.165048290775333200, -0.1918829827296002800 ) ) ;
#5006 = CARTESIAN_POINT ( 'NONE',  ( -0.06161674357927109100, -0.6788173848205050200, 0.3101373001733100400 ) ) ;
#5007 = CARTESIAN_POINT ( 'NONE',  ( 0.0000000000000000000, 0.0000000000000000000, 1.270000000000000000 ) ) ;
#5008 = CARTESIAN_POINT ( 'NONE',  ( 0.08300968199367728100, -0.7357752447042116300, -0.3356694795434636000 ) ) ;
#5009 = SURFACE_STYLE_FILL_AREA ( #4221 ) ;
#5010 = CARTESIAN_POINT ( 'NONE',  ( 1.270000000000000000, 1.294999999999999900, 0.6700000000000002600 ) ) ;
#5011 = CARTESIAN_POINT ( 'NONE',  ( 0.04630770841790556000, -1.150767665139403700, -0.2525584207203402400 ) ) ;
#5012 = STYLED_ITEM ( 'NONE', ( #8251 ), #206 ) ;
#5013 = AXIS2_PLACEMENT_3D ( 'NONE', #4820, #1016, #5454 ) ;
#5014 = DIRECTION ( 'NONE',  ( -1.000000000000000000, 0.0000000000000000000, 0.0000000000000000000 ) ) ;
#5015 = CARTESIAN_POINT ( 'NONE',  ( 0.1165697312117294900, 0.3537363802476604100, -0.3762831478879633500 ) ) ;
#5016 = CARTESIAN_POINT ( 'NONE',  ( -0.1325619045319563200, 0.3179826531459835100, 0.3675164792734712000 ) ) ;
#5017 = ORIENTED_EDGE ( 'NONE', *, *, #4641, .T. ) ;
#5018 = CONICAL_SURFACE ( 'NONE', #4242, 0.5999999999999995300, 0.3217505543966423500 ) ;
#5019 = PLANE ( 'NONE',  #2038 ) ;
#5020 = ORIENTED_EDGE ( 'NONE', *, *, #7435, .F. ) ;
#5021 = AXIS2_PLACEMENT_3D ( 'NONE', #6950, #1234, #2559 ) ;
#5022 = CARTESIAN_POINT ( 'NONE',  ( 0.02878729518101595300, -1.168507953350745900, -0.2300327145526185300 ) ) ;
#5023 = EDGE_LOOP ( 'NONE', ( #1286, #6076, #5614, #6550 ) ) ;
#5024 = CARTESIAN_POINT ( 'NONE',  ( 0.1274222360458140100, 0.3525217918669448800, 0.4251583462493439000 ) ) ;
#5025 = CARTESIAN_POINT ( 'NONE',  ( -0.1173054636424955800, 0.3531302211207089100, 0.3760259815223160900 ) ) ;
#5026 = CARTESIAN_POINT ( 'NONE',  ( 0.09950373417811578200, -0.4951457862975194900, 0.3527858476656497400 ) ) ;
#5027 = EDGE_LOOP ( 'NONE', ( #5384, #4659, #1348, #7939 ) ) ;
#5028 = FILL_AREA_STYLE ('',( #3760 ) ) ;
#5029 = EDGE_LOOP ( 'NONE', ( #7815, #7178, #6862 ) ) ;
#5030 = COLOUR_RGB ( '',0.8941176470588234600, 0.9137254901960784000, 0.9294117647058823800 ) ;
#5031 = DIRECTION ( 'NONE',  ( -0.4472135954999579800, 0.0000000000000000000, -0.8944271909999159700 ) ) ;
#5032 = AXIS2_PLACEMENT_3D ( 'NONE', #5443, #1643, #385 ) ;
#5033 = STYLED_ITEM ( 'NONE', ( #260 ), #1541 ) ;
#5034 = PLANE ( 'NONE',  #4041 ) ;
#5035 = EDGE_CURVE ( 'NONE', #5918, #3897, #2174, .T. ) ;
#5036 = ORIENTED_EDGE ( 'NONE', *, *, #6910, .T. ) ;
#5037 = DIRECTION ( 'NONE',  ( 0.0000000000000000000, 0.0000000000000000000, 1.000000000000000000 ) ) ;
#5038 = UNCERTAINTY_MEASURE_WITH_UNIT (LENGTH_MEASURE( 1.000000000000000100E-005 ), #2189, 'distance_accuracy_value', 'NONE');
#5039 = CARTESIAN_POINT ( 'NONE',  ( 0.6099999999999996500, -1.365000000000000000, 7.470345474798846700E-017 ) ) ;
#5040 = CARTESIAN_POINT ( 'NONE',  ( 0.07534309011336938500, -0.4740724754152390600, -0.3247379590039629600 ) ) ;
#5041 = CYLINDRICAL_SURFACE ( 'NONE', #7620, 0.1000000000000000500 ) ;
#5042 = EDGE_CURVE ( 'NONE', #638, #7907, #3668, .T. ) ;
#5043 = COLOUR_RGB ( '',0.8941176470588234600, 0.9137254901960784000, 0.9294117647058823800 ) ;
#5044 = COLOUR_RGB ( '',0.1098039215686274500, 0.1098039215686274500, 0.1098039215686274500 ) ;
#5045 = AXIS2_PLACEMENT_3D ( 'NONE', #812, #5270, #1459 ) ;
#5046 = CARTESIAN_POINT ( 'NONE',  ( 0.02751749980527880600, -1.187448473213238900, -0.2283363398061076000 ) ) ;
#5047 = CARTESIAN_POINT ( 'NONE',  ( -0.02975596909783420300, -1.154059020938208700, 0.2719230065400993200 ) ) ;
#5048 = CARTESIAN_POINT ( 'NONE',  ( 0.1267477734239711700, 0.2926899840119931400, -0.3813956756481617400 ) ) ;
#5049 = CYLINDRICAL_SURFACE ( 'NONE', #3949, 0.3939249933206986400 ) ;
#5050 = ORIENTED_EDGE ( 'NONE', *, *, #174, .F. ) ;
#5051 = CARTESIAN_POINT ( 'NONE',  ( 0.02878729518101612000, -1.168507953350743400, -0.2300327145525862300 ) ) ;
#5052 = ORIENTED_EDGE ( 'NONE', *, *, #5827, .T. ) ;
#5053 = COLOUR_RGB ( '',0.1098039215686274500, 0.1098039215686274500, 0.1098039215686274500 ) ;
#5054 = ORIENTED_EDGE ( 'NONE', *, *, #4307, .T. ) ;
#5055 = CARTESIAN_POINT ( 'NONE',  ( 0.3050000000000002200, -2.867118494305994400, 3.735172737399423300E-017 ) ) ;
#5056 = EDGE_CURVE ( 'NONE', #1341, #5516, #852, .T. ) ;
#5057 = SURFACE_STYLE_USAGE ( .BOTH. , #607 ) ;
#5058 = ORIENTED_EDGE ( 'NONE', *, *, #6179, .T. ) ;
#5059 = DIRECTION ( 'NONE',  ( -1.447553700753488400E-016, 1.000000000000000000, -0.0000000000000000000 ) ) ;
#5060 = EDGE_CURVE ( 'NONE', #6022, #6452, #274, .T. ) ;
#5061 = COLOUR_RGB ( '',0.1098039215686274500, 0.1098039215686274500, 0.1098039215686274500 ) ;
#5062 = EDGE_LOOP ( 'NONE', ( #3182, #5941, #4545, #2228 ) ) ;
#5063 = FACE_OUTER_BOUND ( 'NONE', #2857, .T. ) ;
#5064 = CARTESIAN_POINT ( 'NONE',  ( 0.1259123125717990800, 0.2802280841127959800, 0.4122891257896377800 ) ) ;
#5065 = PRODUCT_CONTEXT ( 'NONE', #4431, 'mechanical' ) ;
#5066 = SURFACE_SIDE_STYLE ('',( #758 ) ) ;
#5067 = CYLINDRICAL_SURFACE ( 'NONE', #7992, 0.1000000000000000500 ) ;
#5068 = ORIENTED_EDGE ( 'NONE', *, *, #3128, .F. ) ;
#5069 = MECHANICAL_DESIGN_GEOMETRIC_PRESENTATION_REPRESENTATION (  '', ( #4217 ), #5483 ) ;
#5070 = STYLED_ITEM ( 'NONE', ( #2529 ), #5837 ) ;
#5071 = PRESENTATION_STYLE_ASSIGNMENT (( #157 ) ) ;
#5072 = STYLED_ITEM ( 'NONE', ( #7311 ), #5308 ) ;
#5073 = SURFACE_STYLE_USAGE ( .BOTH. , #615 ) ;
#5074 = DIRECTION ( 'NONE',  ( -1.000000000000000000, -1.204669080539450300E-016, 0.0000000000000000000 ) ) ;
#5075 = CARTESIAN_POINT ( 'NONE',  ( 0.05040578780721547600, -1.152059224824062000, -0.04002103866582496000 ) ) ;
#5076 = EDGE_LOOP ( 'NONE', ( #6296, #5554, #7152, #3319 ) ) ;
#5077 = SURFACE_STYLE_FILL_AREA ( #5410 ) ;
#5078 = CARTESIAN_POINT ( 'NONE',  ( -0.1239110127981550400, 0.3543379074933982700, 0.4262809643909963900 ) ) ;
#5079 = CIRCLE ( 'NONE', #3240, 0.8999999999999993600 ) ;
#5080 = AXIS2_PLACEMENT_3D ( 'NONE', #464, #4907, #1108 ) ;
#5081 = CARTESIAN_POINT ( 'NONE',  ( -1.270000000000000000, 1.294999999999999900, -0.6700000000000002600 ) ) ;
#5082 =( LENGTH_UNIT ( ) NAMED_UNIT ( * ) SI_UNIT ( .MILLI., .METRE. ) );
#5083 = ORIENTED_EDGE ( 'NONE', *, *, #511, .T. ) ;
#5084 = ORIENTED_EDGE ( 'NONE', *, *, #4419, .F. ) ;
#5085 = DIRECTION ( 'NONE',  ( -1.000000000000000000, 0.0000000000000000000, 0.0000000000000000000 ) ) ;
#5086 = LINE ( 'NONE', #1126, #8259 ) ;
#5087 = B_SPLINE_CURVE_WITH_KNOTS ( 'NONE', 3,
 ( #1701, #6135, #2342, #6781 ),
 .UNSPECIFIED., .F., .F.,
 ( 4, 4 ),
 ( 0.0000000000000000000, 1.000000000000000000 ),
 .UNSPECIFIED. ) ;
#5088 = CARTESIAN_POINT ( 'NONE',  ( 1.208196601125010500, -1.395000000000000000, 0.6700000000000001500 ) ) ;
#5089 = ORIENTED_EDGE ( 'NONE', *, *, #4931, .T. ) ;
#5090 = VERTEX_POINT ( 'NONE', #5663 ) ;
#5091 = SURFACE_STYLE_USAGE ( .BOTH. , #636 ) ;
#5092 = EDGE_CURVE ( 'NONE', #7025, #5544, #6838, .T. ) ;
#5093 = UNCERTAINTY_MEASURE_WITH_UNIT (LENGTH_MEASURE( 1.000000000000000100E-005 ), #6841, 'distance_accuracy_value', 'NONE');
#5094 = DIRECTION ( 'NONE',  ( -1.447553700753488400E-016, 1.000000000000000000, -0.0000000000000000000 ) ) ;
#5095 = ADVANCED_FACE ( 'NONE', ( #7031 ), #7627, .T. ) ;
#5096 =( LENGTH_UNIT ( ) NAMED_UNIT ( * ) SI_UNIT ( .MILLI., .METRE. ) );
#5097 = DIRECTION ( 'NONE',  ( 1.000000000000000000, 0.0000000000000000000, 0.0000000000000000000 ) ) ;
#5098 = CARTESIAN_POINT ( 'NONE',  ( 0.02751749980527881700, -1.187448473213238900, 0.2283363398061077100 ) ) ;
#5099 = SURFACE_SIDE_STYLE ('',( #51 ) ) ;
#5100 = FILL_AREA_STYLE ('',( #6391 ) ) ;
#5101 = EDGE_CURVE ( 'NONE', #7558, #4456, #1769, .T. ) ;
#5102 = STYLED_ITEM ( 'NONE', ( #1204 ), #3456 ) ;
#5103 =( NAMED_UNIT ( * ) PLANE_ANGLE_UNIT ( ) SI_UNIT ( $, .RADIAN. ) );
#5104 = CARTESIAN_POINT ( 'NONE',  ( -0.1217074279400322500, 0.02017754323096077700, -0.3426698175347145400 ) ) ;
#5105 = VERTEX_POINT ( 'NONE', #6351 ) ;
#5106 = CARTESIAN_POINT ( 'NONE',  ( 0.2549999999999995000, 1.395000000000000000, 3.122849337825747500E-017 ) ) ;
#5107 = PRESENTATION_STYLE_ASSIGNMENT (( #2671 ) ) ;
#5108 = DIRECTION ( 'NONE',  ( 0.06671744847488904300, 0.9951707040017664400, -0.07200036087152149300 ) ) ;
#5109 = DIRECTION ( 'NONE',  ( 1.447553700753488400E-016, -1.000000000000000000, 0.0000000000000000000 ) ) ;
#5110 = DIRECTION ( 'NONE',  ( -1.447553700753488400E-016, 1.000000000000000000, -0.0000000000000000000 ) ) ;
#5111 = ORIENTED_EDGE ( 'NONE', *, *, #5035, .T. ) ;
#5112 = STYLED_ITEM ( 'NONE', ( #4681 ), #417 ) ;
#5113 = CARTESIAN_POINT ( 'NONE',  ( 0.1043044550474246200, 0.3443960200077092500, 0.3844654588221966800 ) ) ;
#5114 = AXIS2_PLACEMENT_3D ( 'NONE', #1666, #6111, #2319 ) ;
#5115 = MANIFOLD_SOLID_BREP ( 'Fillet5', #8055 ) ;
#5116 =( NAMED_UNIT ( * ) PLANE_ANGLE_UNIT ( ) SI_UNIT ( $, .RADIAN. ) );
#5117 = ORIENTED_EDGE ( 'NONE', *, *, #7262, .F. ) ;
#5118 = EDGE_LOOP ( 'NONE', ( #7193, #3482, #4361, #4331 ) ) ;
#5119 = FACE_OUTER_BOUND ( 'NONE', #7421, .T. ) ;
#5120 = VECTOR ( 'NONE', #284, 1000.000000000000000 ) ;
#5121 = CARTESIAN_POINT ( 'NONE',  ( -9.265898622708170100E-017, 1.015000000000000300, 0.0000000000000000000 ) ) ;
#5122 = TOROIDAL_SURFACE ( 'NONE', #4200, 0.6399999999999993500, 0.02999999999999999900 ) ;
#5123 =( NAMED_UNIT ( * ) SI_UNIT ( $, .STERADIAN. ) SOLID_ANGLE_UNIT ( ) );
#5124 =( NAMED_UNIT ( * ) PLANE_ANGLE_UNIT ( ) SI_UNIT ( $, .RADIAN. ) );
#5125 = STYLED_ITEM ( 'NONE', ( #5071 ), #6488 ) ;
#5126 = CARTESIAN_POINT ( 'NONE',  ( 0.04575315768160473400, 0.4202958413426424200, -0.3939394893961907800 ) ) ;
#5127 = VERTEX_POINT ( 'NONE', #1914 ) ;
#5128 = CARTESIAN_POINT ( 'NONE',  ( -0.09109214503312550200, -0.2391564462479854900, 0.3527891271054460800 ) ) ;
#5129 = ORIENTED_EDGE ( 'NONE', *, *, #3867, .F. ) ;
#5130 = CARTESIAN_POINT ( 'NONE',  ( 0.02513243104744634600, -1.223024632209640700, -0.2771991270210095700 ) ) ;
#5131 = ADVANCED_FACE ( 'NONE', ( #1968 ), #3953, .F. ) ;
#5132 = MECHANICAL_DESIGN_GEOMETRIC_PRESENTATION_REPRESENTATION (  '', ( #3430 ), #5558 ) ;
#5133 = CYLINDRICAL_SURFACE ( 'NONE', #5446, 0.1000000000000000300 ) ;
#5134 = FACE_OUTER_BOUND ( 'NONE', #6625, .T. ) ;
#5135 = B_SPLINE_CURVE_WITH_KNOTS ( 'NONE', 3,
 ( #2757, #6534, #4023, #209, #4670, #844, #5305, #1489, #5927, #2132, #6565, #2788, #7200, #3407, #7858, #4056, #235, #4700, #872, #5330, #1515, #5959, #2163, #6589, #2821, #7228, #3434, #7888, #194, #4657, #830, #5292, #1482, #5917, #2120, #6549, #2774 ),
 .UNSPECIFIED., .F., .F.,
 ( 4, 3, 3, 3, 3, 3, 3, 3, 3, 3, 3, 3, 4 ),
 ( -5.999999368502792600E-008, 0.0000000000000000000, 3.548601872358615700E-005, 8.049009345159582400E-005, 0.0001232032941790182800, 0.0001629645470672187100, 0.0002021562337916613200, 0.0002440233139669035600, 0.0002888646729347594600, 0.0003330103540930207000, 0.0003739753996301649200, 0.0004189564531309008600, 0.0004190164531422333500 ),
 .UNSPECIFIED. ) ;
#5136 = EDGE_CURVE ( 'NONE', #5580, #6138, #569, .T. ) ;
#5137 = CARTESIAN_POINT ( 'NONE',  ( -0.3739249933206986200, 0.3543379074933979400, 0.0000000000000000000 ) ) ;
#5138 = CARTESIAN_POINT ( 'NONE',  ( 0.02492522909667287800, 0.3985701379379950600, 0.4297704841400139500 ) ) ;
#5139 = CARTESIAN_POINT ( 'NONE',  ( -0.03057919643951924000, -1.220719472394179900, 0.2903075681394132700 ) ) ;
#5140 = CARTESIAN_POINT ( 'NONE',  ( -0.09933712713241103800, 0.3514804633720780600, -0.3975930289199139400 ) ) ;
#5141 = ORIENTED_EDGE ( 'NONE', *, *, #2565, .T. ) ;
#5142 = CIRCLE ( 'NONE', #4502, 0.5999999999999998700 ) ;
#5143 = DIRECTION ( 'NONE',  ( 0.0000000000000000000, 0.0000000000000000000, 1.000000000000000000 ) ) ;
#5144 = EDGE_LOOP ( 'NONE', ( #182, #3491, #6212, #3984, #6523 ) ) ;
#5145 = EDGE_CURVE ( 'NONE', #6256, #5149, #2267, .T. ) ;
#5146 = ORIENTED_EDGE ( 'NONE', *, *, #2056, .F. ) ;
#5147 = CARTESIAN_POINT ( 'NONE',  ( 2.237306602527612600E-016, -1.170685037557874600, 0.0000000000000000000 ) ) ;
#5148 = MECHANICAL_DESIGN_GEOMETRIC_PRESENTATION_REPRESENTATION (  '', ( #3881 ), #5574 ) ;
#5149 = VERTEX_POINT ( 'NONE', #2730 ) ;
#5150 = ORIENTED_EDGE ( 'NONE', *, *, #133, .F. ) ;
#5151 = CARTESIAN_POINT ( 'NONE',  ( -0.1180273429977300000, 0.3525217918726890100, -0.3757410748851473500 ) ) ;
#5152 = ORIENTED_EDGE ( 'NONE', *, *, #291, .F. ) ;
#5153 = CARTESIAN_POINT ( 'NONE',  ( -1.476660268557142200E-016, 1.395000000000000000, 0.0000000000000000000 ) ) ;
#5154 = ORIENTED_EDGE ( 'NONE', *, *, #518, .T. ) ;
#5155 = STYLED_ITEM ( 'NONE', ( #5570 ), #111 ) ;
#5156 = CARTESIAN_POINT ( 'NONE',  ( 0.02529458252240696400, -1.223183884379456200, -0.2789380977350282600 ) ) ;
#5157 = CARTESIAN_POINT ( 'NONE',  ( -0.08300968194200358800, -0.7357752454342096900, -0.3356694794843095900 ) ) ;
#5158 = AXIS2_PLACEMENT_3D ( 'NONE', #1595, #6035, #2240 ) ;
#5159 = FILL_AREA_STYLE_COLOUR ( '', #2339 ) ;
#5160 = LINE ( 'NONE', #8005, #4963 ) ;
#5161 = EDGE_CURVE ( 'NONE', #5732, #5322, #5438, .T. ) ;
#5162 = CARTESIAN_POINT ( 'NONE',  ( 0.02751749980527879600, -1.187448473213238900, -0.2283363398061075700 ) ) ;
#5163 = FACE_OUTER_BOUND ( 'NONE', #8174, .T. ) ;
#5164 = ORIENTED_EDGE ( 'NONE', *, *, #7869, .F. ) ;
#5165 = CARTESIAN_POINT ( 'NONE',  ( -0.05610702765615076200, 0.3878323635698840400, 0.3933920213519605000 ) ) ;
#5166 = CIRCLE ( 'NONE', #2299, 0.02999999999999997100 ) ;
#5167 = CARTESIAN_POINT ( 'NONE',  ( 0.1275048113289540500, 0.2953189103001745400, -0.4206693207026578900 ) ) ;
#5168 = CARTESIAN_POINT ( 'NONE',  ( -0.02569775370701050600, -1.214592167211121700, -0.1842807855835626200 ) ) ;
#5169 = ORIENTED_EDGE ( 'NONE', *, *, #7, .F. ) ;
#5170 = DIRECTION ( 'NONE',  ( -1.000000000000000000, 0.0000000000000000000, 0.0000000000000000000 ) ) ;
#5171 = CARTESIAN_POINT ( 'NONE',  ( 6.505213034913053200E-016, -1.395000000000000000, 0.6699999999999988200 ) ) ;
#5172 = STYLED_ITEM ( 'NONE', ( #4876 ), #5998 ) ;
#5173 = CIRCLE ( 'NONE', #3194, 0.6099999999999994300 ) ;
#5174 = VERTEX_POINT ( 'NONE', #177 ) ;
#5175 = FACE_OUTER_BOUND ( 'NONE', #446, .T. ) ;
#5176 = ADVANCED_FACE ( 'NONE', ( #2061 ), #7119, .F. ) ;
#5177 =( NAMED_UNIT ( * ) SI_UNIT ( $, .STERADIAN. ) SOLID_ANGLE_UNIT ( ) );
#5178 = CARTESIAN_POINT ( 'NONE',  ( -0.9581966011250111500, 1.294999999999999900, -1.270000000000000000 ) ) ;
#5179 = ORIENTED_EDGE ( 'NONE', *, *, #5744, .F. ) ;
#5180 = SURFACE_STYLE_USAGE ( .BOTH. , #727 ) ;
#5181 = PLANE ( 'NONE',  #7718 ) ;
#5182 = ORIENTED_EDGE ( 'NONE', *, *, #2977, .F. ) ;
#5183 = UNCERTAINTY_MEASURE_WITH_UNIT (LENGTH_MEASURE( 1.000000000000000100E-005 ), #3053, 'distance_accuracy_value', 'NONE');
#5184 = AXIS2_PLACEMENT_3D ( 'NONE', #6967, #3167, #7609 ) ;
#5185 =( GEOMETRIC_REPRESENTATION_CONTEXT ( 3 ) GLOBAL_UNCERTAINTY_ASSIGNED_CONTEXT ( ( #908 ) ) GLOBAL_UNIT_ASSIGNED_CONTEXT ( ( #6283, #2499, #6918 ) ) REPRESENTATION_CONTEXT ( 'NONE', 'WORKASPACE' ) );
#5186 = DIRECTION ( 'NONE',  ( -0.7071067811865472400, 0.7071067811865479100, 0.0000000000000000000 ) ) ;
#5187 = EDGE_CURVE ( 'NONE', #1507, #6022, #3201, .T. ) ;
#5188 = CARTESIAN_POINT ( 'NONE',  ( 1.270000000000000000, -1.294999999999999900, 0.6700000000000002600 ) ) ;
#5189 = DIRECTION ( 'NONE',  ( -1.447553700753488400E-016, 1.000000000000000000, -0.0000000000000000000 ) ) ;
#5190 = CARTESIAN_POINT ( 'NONE',  ( 0.6399999999999993500, 0.6550000000000002500, 0.0000000000000000000 ) ) ;
#5191 = CARTESIAN_POINT ( 'NONE',  ( 0.0000000000000000000, -6.859999999999995900, 0.0000000000000000000 ) ) ;
#5192 = CARTESIAN_POINT ( 'NONE',  ( -0.3938423657390880400, 0.3525217918728547600, 0.0000000000000000000 ) ) ;
#5193 = UNCERTAINTY_MEASURE_WITH_UNIT (LENGTH_MEASURE( 1.000000000000000100E-005 ), #7135, 'distance_accuracy_value', 'NONE');
#5194 = CARTESIAN_POINT ( 'NONE',  ( -0.1193574644838563500, 0.3156482192581230300, 0.4141562586683901800 ) ) ;
#5195 = CARTESIAN_POINT ( 'NONE',  ( -0.04199001049161241200, 0.4185481536460198300, -0.4498844407765864600 ) ) ;
#5196 = CARTESIAN_POINT ( 'NONE',  ( 0.02916781694144713100, -1.162832015243486600, 0.2549952596572531100 ) ) ;
#5197 = PRESENTATION_LAYER_ASSIGNMENT (  '', '', ( #4775 ) ) ;
#5198 = EDGE_CURVE ( 'NONE', #5448, #1972, #368, .T. ) ;
#5199 = FACE_OUTER_BOUND ( 'NONE', #749, .T. ) ;
#5200 = AXIS2_PLACEMENT_3D ( 'NONE', #7768, #5266, #1456 ) ;
#5201 = CIRCLE ( 'NONE', #7377, 0.05000000000000002400 ) ;
#5202 = ORIENTED_EDGE ( 'NONE', *, *, #4633, .F. ) ;
#5203 = CIRCLE ( 'NONE', #4675, 0.02000000000000000000 ) ;
#5204 =( LENGTH_UNIT ( ) NAMED_UNIT ( * ) SI_UNIT ( .MILLI., .METRE. ) );
#5205 = CIRCLE ( 'NONE', #6415, 0.4500000000000050600 ) ;
#5206 = EDGE_CURVE ( 'NONE', #4631, #6975, #6929, .T. ) ;
#5207 = CARTESIAN_POINT ( 'NONE',  ( 1.370000000000000100, -1.395000000000000000, 0.6700000000000002600 ) ) ;
#5208 = STYLED_ITEM ( 'NONE', ( #3579 ), #3890 ) ;
#5209 = CARTESIAN_POINT ( 'NONE',  ( 0.02513773585898748300, -1.222945504588554200, 0.2763272670030129700 ) ) ;
#5210 = ADVANCED_FACE ( 'NONE', ( #3770 ), #5049, .F. ) ;
#5211 = CARTESIAN_POINT ( 'NONE',  ( -0.02758944177094607400, -1.186375372573789100, 0.2421030037225062300 ) ) ;
#5212 = VERTEX_POINT ( 'NONE', #6591 ) ;
#5213 =( NAMED_UNIT ( * ) PLANE_ANGLE_UNIT ( ) SI_UNIT ( $, .RADIAN. ) );
#5214 = ORIENTED_EDGE ( 'NONE', *, *, #2629, .F. ) ;
#5215 = CIRCLE ( 'NONE', #5362, 0.8799999999999992300 ) ;
#5216 = SURFACE_STYLE_FILL_AREA ( #6817 ) ;
#5217 =( LENGTH_UNIT ( ) NAMED_UNIT ( * ) SI_UNIT ( .MILLI., .METRE. ) );
#5218 = SURFACE_SIDE_STYLE ('',( #4969 ) ) ;
#5219 = ADVANCED_FACE ( 'NONE', ( #162 ), #2777, .T. ) ;
#5220 = CARTESIAN_POINT ( 'NONE',  ( 0.1389626919346113300, 0.2842237949497905000, 0.3618493508431944200 ) ) ;
#5221 = DIRECTION ( 'NONE',  ( -1.447553700753488400E-016, 1.000000000000000000, -0.0000000000000000000 ) ) ;
#5222 = ORIENTED_EDGE ( 'NONE', *, *, #3675, .F. ) ;
#5223 = AXIS2_PLACEMENT_3D ( 'NONE', #3591, #6136, #2343 ) ;
#5224 = AXIS2_PLACEMENT_3D ( 'NONE', #5972, #2171, #6600 ) ;
#5225 = ORIENTED_EDGE ( 'NONE', *, *, #2937, .F. ) ;
#5226 = STYLED_ITEM ( 'NONE', ( #7626 ), #5258 ) ;
#5227 = CARTESIAN_POINT ( 'NONE',  ( -0.6099999999999995400, 1.395000000000000000, 0.0000000000000000000 ) ) ;
#5228 = EDGE_LOOP ( 'NONE', ( #5690, #6498, #6173, #8200 ) ) ;
#5229 = B_SPLINE_CURVE_WITH_KNOTS ( 'NONE', 3,
 ( #5949, #7878, #4075, #257, #4716, #894, #5348, #1530, #5981, #2182, #6612, #2836, #7248, #3448, #7905, #4103 ),
 .UNSPECIFIED., .F., .F.,
 ( 4, 3, 3, 3, 3, 4 ),
 ( 0.0000000000000000000, 5.298083801097204000E-006, 1.227197188402217200E-005, 1.902590294946687300E-005, 2.568867549069192100E-005, 3.233781651840799400E-005 ),
 .UNSPECIFIED. ) ;
#5230 = CARTESIAN_POINT ( 'NONE',  ( -0.04560131492474169700, 0.4008046145208382600, -0.4420829618971498500 ) ) ;
#5231 = CONICAL_SURFACE ( 'NONE', #4186, 0.3939249933206986400, 0.7876991291777601900 ) ;
#5232 =( GEOMETRIC_REPRESENTATION_CONTEXT ( 3 ) GLOBAL_UNCERTAINTY_ASSIGNED_CONTEXT ( ( #7154 ) ) GLOBAL_UNIT_ASSIGNED_CONTEXT ( ( #6049, #2254, #6692 ) ) REPRESENTATION_CONTEXT ( 'NONE', 'WORKASPACE' ) );
#5233 = CARTESIAN_POINT ( 'NONE',  ( 0.04165553146018188800, -1.212169986226597100, -0.2968996974739459000 ) ) ;
#5234 = DIRECTION ( 'NONE',  ( 1.000000000000000000, 0.0000000000000000000, 0.0000000000000000000 ) ) ;
#5235 = DIRECTION ( 'NONE',  ( -1.447553700753488400E-016, 1.000000000000000000, -0.0000000000000000000 ) ) ;
#5236 = CARTESIAN_POINT ( 'NONE',  ( 0.02994456013349171300, -1.151245959617459300, 0.2721492054816726000 ) ) ;
#5237 =( NAMED_UNIT ( * ) SI_UNIT ( $, .STERADIAN. ) SOLID_ANGLE_UNIT ( ) );
#5238 = SURFACE_STYLE_FILL_AREA ( #2524 ) ;
#5239 = B_SPLINE_CURVE_WITH_KNOTS ( 'NONE', 3,
 ( #8193, #4400, #576, #5026, #1217, #5664, #1857 ),
 .UNSPECIFIED., .F., .F.,
 ( 4, 3, 4 ),
 ( 0.0000000000000000000, 0.0007624490145600580200, 0.001476255674934940500 ),
 .UNSPECIFIED. ) ;
#5240 = CARTESIAN_POINT ( 'NONE',  ( 0.02795555445737201200, -1.180914363074420800, 0.2549758564700912400 ) ) ;
#5241 =( NAMED_UNIT ( * ) PLANE_ANGLE_UNIT ( ) SI_UNIT ( $, .RADIAN. ) );
#5242 = DIRECTION ( 'NONE',  ( -1.000000000000000000, -1.447553700753488400E-016, 0.0000000000000000000 ) ) ;
#5243 = DIRECTION ( 'NONE',  ( -1.447553700753488400E-016, 1.000000000000000000, -0.0000000000000000000 ) ) ;
#5244 = DIRECTION ( 'NONE',  ( -0.0000000000000000000, -1.000000000000000000, -0.0000000000000000000 ) ) ;
#5245 = AXIS2_PLACEMENT_3D ( 'NONE', #5537, #6206, #506 ) ;
#5246 = SURFACE_STYLE_FILL_AREA ( #7889 ) ;
#5247 = SURFACE_SIDE_STYLE ('',( #7489 ) ) ;
#5248 = EDGE_LOOP ( 'NONE', ( #7850, #5058 ) ) ;
#5249 = EDGE_CURVE ( 'NONE', #1771, #7258, #6137, .T. ) ;
#5250 = DIRECTION ( 'NONE',  ( 0.06667680617038809800, 0.9945644753231797100, 0.07997317015127580800 ) ) ;
#5251 = EDGE_LOOP ( 'NONE', ( #6467, #2460, #3805, #2982 ) ) ;
#5252 = CIRCLE ( 'NONE', #46, 0.1000000000000000500 ) ;
#5253 = PRESENTATION_LAYER_ASSIGNMENT (  '', '', ( #4824 ) ) ;
#5254 =( NAMED_UNIT ( * ) SI_UNIT ( $, .STERADIAN. ) SOLID_ANGLE_UNIT ( ) );
#5255 = FILL_AREA_STYLE ('',( #2057 ) ) ;
#5256 =( NAMED_UNIT ( * ) SI_UNIT ( $, .STERADIAN. ) SOLID_ANGLE_UNIT ( ) );
#5257 = VERTEX_POINT ( 'NONE', #2193 ) ;
#5258 = ADVANCED_FACE ( 'NONE', ( #1066 ), #7024, .T. ) ;
#5259 = ADVANCED_FACE ( 'NONE', ( #1266 ), #1363, .F. ) ;
#5260 = EDGE_CURVE ( 'NONE', #3040, #5480, #3065, .T. ) ;
#5261 = CARTESIAN_POINT ( 'NONE',  ( -1.270000000000000000, 1.294999999999999900, 0.6700000000000002600 ) ) ;
#5262 = PRESENTATION_LAYER_ASSIGNMENT (  '', '', ( #4420 ) ) ;
#5263 = CARTESIAN_POINT ( 'NONE',  ( -0.1250656858299104600, 0.2675996315862999000, 0.3655387589310537500 ) ) ;
#5264 = VERTEX_POINT ( 'NONE', #4802 ) ;
#5265 = SURFACE_STYLE_FILL_AREA ( #5966 ) ;
#5266 = DIRECTION ( 'NONE',  ( 0.0000000000000000000, 1.000000000000000000, 0.0000000000000000000 ) ) ;
#5267 = PRESENTATION_STYLE_ASSIGNMENT (( #7462 ) ) ;
#5268 = CARTESIAN_POINT ( 'NONE',  ( -0.7265572809000089300, -1.395000000000000000, 1.633278640450004800 ) ) ;
#5269 = CARTESIAN_POINT ( 'NONE',  ( -0.1239110127981550400, 0.3543379074933982700, 0.4262809643909963900 ) ) ;
#5270 = DIRECTION ( 'NONE',  ( -1.224646799147353200E-016, -1.772742006221665100E-032, 1.000000000000000000 ) ) ;
#5271 = FILL_AREA_STYLE_COLOUR ( '', #889 ) ;
#5272 = FACE_OUTER_BOUND ( 'NONE', #8225, .T. ) ;
#5273 = DIRECTION ( 'NONE',  ( -1.447553700753488400E-016, 1.000000000000000000, -0.0000000000000000000 ) ) ;
#5274 =( NAMED_UNIT ( * ) PLANE_ANGLE_UNIT ( ) SI_UNIT ( $, .RADIAN. ) );
#5275 = SURFACE_STYLE_FILL_AREA ( #3486 ) ;
#5276 = ORIENTED_EDGE ( 'NONE', *, *, #2402, .F. ) ;
#5277 = DIRECTION ( 'NONE',  ( -1.224646799147353200E-016, -1.772742006221665100E-032, 1.000000000000000000 ) ) ;
#5278 = AXIS2_PLACEMENT_3D ( 'NONE', #88, #736, #2025 ) ;
#5279 = SURFACE_STYLE_FILL_AREA ( #7705 ) ;
#5280 = CARTESIAN_POINT ( 'NONE',  ( 0.1035414089409708600, 0.3455772699975097100, 0.3802909502594524200 ) ) ;
#5281 = DIRECTION ( 'NONE',  ( -1.000000000000000000, 0.0000000000000000000, 0.0000000000000000000 ) ) ;
#5282 = CIRCLE ( 'NONE', #2419, 0.4500000000000050600 ) ;
#5283 = AXIS2_PLACEMENT_3D ( 'NONE', #4302, #4929, #5290 ) ;
#5284 = CARTESIAN_POINT ( 'NONE',  ( 3.991483021557144700E-016, -2.382506345545577700, 0.0000000000000000000 ) ) ;
#5285 = CARTESIAN_POINT ( 'NONE',  ( 0.4792893218813452100, -2.795000000000000800, 6.086090353133817400E-017 ) ) ;
#5286 = CARTESIAN_POINT ( 'NONE',  ( 0.1249999999999999200, 0.2666198487095668400, -0.3787964849737372500 ) ) ;
#5287 = VERTEX_POINT ( 'NONE', #3516 ) ;
#5288 = EDGE_LOOP ( 'NONE', ( #7099, #5083, #4267, #1041 ) ) ;
#5289 = SURFACE_SIDE_STYLE ('',( #7950 ) ) ;
#5290 = DIRECTION ( 'NONE',  ( -0.8944271909999156300, 0.0000000000000000000, -0.4472135954999583700 ) ) ;
#5291 = AXIS2_PLACEMENT_3D ( 'NONE', #637, #5094, #1285 ) ;
#5292 = CARTESIAN_POINT ( 'NONE',  ( 0.1242671365090187000, 0.2965725559156005600, -0.3934446168328715700 ) ) ;
#5293 = ORIENTED_EDGE ( 'NONE', *, *, #2472, .T. ) ;
#5294 = ORIENTED_EDGE ( 'NONE', *, *, #2673, .T. ) ;
#5295 = SURFACE_STYLE_FILL_AREA ( #1745 ) ;
#5296 = UNCERTAINTY_MEASURE_WITH_UNIT (LENGTH_MEASURE( 1.000000000000000100E-005 ), #3589, 'distance_accuracy_value', 'NONE');
#5297 = CARTESIAN_POINT ( 'NONE',  ( 1.208196601125010500, 1.395000000000000000, -0.6700000000000001500 ) ) ;
#5298 =( NAMED_UNIT ( * ) PLANE_ANGLE_UNIT ( ) SI_UNIT ( $, .RADIAN. ) );
#5299 = PRESENTATION_LAYER_ASSIGNMENT (  '', '', ( #3597 ) ) ;
#5300 = CYLINDRICAL_SURFACE ( 'NONE', #530, 0.1000000000000000500 ) ;
#5301 = ADVANCED_FACE ( 'NONE', ( #4752 ), #7523, .T. ) ;
#5302 = CARTESIAN_POINT ( 'NONE',  ( -0.5316896815425915500, 1.015000000000000300, 0.0000000000000000000 ) ) ;
#5303 = CARTESIAN_POINT ( 'NONE',  ( -0.04630770841790388800, -1.150767665139485100, -0.2525584207203315200 ) ) ;
#5304 = EDGE_CURVE ( 'NONE', #7317, #4844, #4157, .T. ) ;
#5305 = CARTESIAN_POINT ( 'NONE',  ( -0.1224006022260963700, 0.3017080419946015500, -0.3947727199943770700 ) ) ;
#5306 = CARTESIAN_POINT ( 'NONE',  ( 2.975399468465839800E-018, 0.3543379074933982700, 0.0000000000000000000 ) ) ;
#5307 = DIRECTION ( 'NONE',  ( -1.447553700753488400E-016, 1.000000000000000000, -0.0000000000000000000 ) ) ;
#5308 = ADVANCED_FACE ( 'NONE', ( #5832 ), #5041, .T. ) ;
#5309 = FILL_AREA_STYLE ('',( #4030 ) ) ;
#5310 = CARTESIAN_POINT ( 'NONE',  ( -0.04413439582682934100, -1.210105081657630000, -0.2975885388489649100 ) ) ;
#5311 = ORIENTED_EDGE ( 'NONE', *, *, #6412, .T. ) ;
#5312 = CARTESIAN_POINT ( 'NONE',  ( 0.1117898246928620300, 0.3331452681402512500, -0.4448473373206982000 ) ) ;
#5313 = FACE_OUTER_BOUND ( 'NONE', #4671, .T. ) ;
#5314 = EDGE_CURVE ( 'NONE', #5287, #1802, #6727, .T. ) ;
#5315 = FILL_AREA_STYLE ('',( #2227 ) ) ;
#5316 = STYLED_ITEM ( 'NONE', ( #1442 ), #2824 ) ;
#5317 = CARTESIAN_POINT ( 'NONE',  ( 4.660967422637649700E-016, -2.845000000000000600, 0.0000000000000000000 ) ) ;
#5318 = ORIENTED_EDGE ( 'NONE', *, *, #3987, .T. ) ;
#5319 = CARTESIAN_POINT ( 'NONE',  ( -0.02908889619311677600, -1.164009212790337600, -0.2689008448169058500 ) ) ;
#5320 = DIRECTION ( 'NONE',  ( 1.447553700753488400E-016, -1.000000000000000000, 0.0000000000000000000 ) ) ;
#5321 = VERTEX_POINT ( 'NONE', #7971 ) ;
#5322 = VERTEX_POINT ( 'NONE', #1655 ) ;
#5323 = EDGE_CURVE ( 'NONE', #6007, #8264, #6093, .T. ) ;
#5324 = LINE ( 'NONE', #2782, #3640 ) ;
#5325 = CARTESIAN_POINT ( 'NONE',  ( 0.03175291794948254000, 0.4163899191660049800, 0.3926431618714451600 ) ) ;
#5326 =( GEOMETRIC_REPRESENTATION_CONTEXT ( 3 ) GLOBAL_UNCERTAINTY_ASSIGNED_CONTEXT ( ( #7732 ) ) GLOBAL_UNIT_ASSIGNED_CONTEXT ( ( #786, #5241, #1436 ) ) REPRESENTATION_CONTEXT ( 'NONE', 'WORKASPACE' ) );
#5327 = CARTESIAN_POINT ( 'NONE',  ( 0.1069180516808265300, 0.3402937159746541900, 0.3947436973228081200 ) ) ;
#5328 = CARTESIAN_POINT ( 'NONE',  ( -0.02994456013349137600, -1.151245959617459300, 0.2721492054816726500 ) ) ;
#5329 = EDGE_CURVE ( 'NONE', #5174, #5456, #154, .T. ) ;
#5330 = CARTESIAN_POINT ( 'NONE',  ( 0.006771595569208282100, 0.4008714342407249700, -0.4302294545172581900 ) ) ;
#5331 = VERTEX_POINT ( 'NONE', #907 ) ;
#5332 = DIRECTION ( 'NONE',  ( 0.0000000000000000000, 1.000000000000000000, 0.0000000000000000000 ) ) ;
#5333 = SURFACE_SIDE_STYLE ('',( #6609 ) ) ;
#5334 = AXIS2_PLACEMENT_3D ( 'NONE', #6868, #3072, #7502 ) ;
#5335 = CARTESIAN_POINT ( 'NONE',  ( 0.03824400469747926000, 0.3943005575860810700, -0.3627149571478219800 ) ) ;
#5336 = ORIENTED_EDGE ( 'NONE', *, *, #3675, .T. ) ;
#5337 = STYLED_ITEM ( 'NONE', ( #3509 ), #5414 ) ;
#5338 =( BOUNDED_SURFACE ( )  B_SPLINE_SURFACE ( 3, 2, ( 
 ( #7497, #1810, #6248 ),
 ( #2466, #6887, #3101 ),
 ( #7530, #3736, #8172 ),
 ( #4372, #553, #5011 ) ),
 .UNSPECIFIED., .F., .F., .F. ) 
 B_SPLINE_SURFACE_WITH_KNOTS ( ( 4, 4 ),
 ( 3, 3 ),
 ( -2.710505431213761100E-018, 0.001425092352056777600 ),
 ( 0.0000000000000000000, 1.000000000000000000 ),
 .UNSPECIFIED. ) 
 GEOMETRIC_REPRESENTATION_ITEM ( )  RATIONAL_B_SPLINE_SURFACE ( (
 ( 1.000000000000000000, 0.8248820918441176500, 1.000000000000000000),
 ( 1.000000000000000000, 0.8125445255167129700, 1.000000000000000000),
 ( 1.000000000000000000, 0.7973642228864791200, 1.000000000000000000),
 ( 1.000000000000000000, 0.7698294312092933700, 1.000000000000000000) ) ) 
 REPRESENTATION_ITEM ( '' )  SURFACE ( )  );
#5339 =( LENGTH_UNIT ( ) NAMED_UNIT ( * ) SI_UNIT ( .MILLI., .METRE. ) );
#5340 = SURFACE_STYLE_USAGE ( .BOTH. , #886 ) ;
#5341 = CIRCLE ( 'NONE', #8168, 0.9099999999999992500 ) ;
#5342 = ADVANCED_FACE ( 'NONE', ( #3550 ), #920, .F. ) ;
#5343 = ADVANCED_FACE ( 'NONE', ( #1860 ), #2611, .T. ) ;
#5344 = DIRECTION ( 'NONE',  ( 1.447553700753488400E-016, -1.000000000000000000, 0.0000000000000000000 ) ) ;
#5345 = EDGE_LOOP ( 'NONE', ( #7160, #1368 ) ) ;
#5346 = CARTESIAN_POINT ( 'NONE',  ( 0.09755195889204006100, 0.3547690285611642700, -0.3982749290683662000 ) ) ;
#5347 = STYLED_ITEM ( 'NONE', ( #6420 ), #6900 ) ;
#5348 = CARTESIAN_POINT ( 'NONE',  ( 0.04602336279310954200, -1.166624008986304900, 0.2418756372060026900 ) ) ;
#5349 = UNCERTAINTY_MEASURE_WITH_UNIT (LENGTH_MEASURE( 1.000000000000000100E-005 ), #8018, 'distance_accuracy_value', 'NONE');
#5350 = VERTEX_POINT ( 'NONE', #2845 ) ;
#5351 = DIRECTION ( 'NONE',  ( 0.4472135954999579300, -0.0000000000000000000, 0.8944271909999158600 ) ) ;
#5352 = DIRECTION ( 'NONE',  ( -0.4472135954999583200, -4.848699518061082200E-016, -0.8944271909999156300 ) ) ;
#5353 = CIRCLE ( 'NONE', #1542, 0.01999999999999999700 ) ;
#5354 = EDGE_LOOP ( 'NONE', ( #3366, #1953, #2841, #2292 ) ) ;
#5355 = FILL_AREA_STYLE ('',( #902 ) ) ;
#5356 = ORIENTED_EDGE ( 'NONE', *, *, #4100, .T. ) ;
#5357 =( NAMED_UNIT ( * ) SI_UNIT ( $, .STERADIAN. ) SOLID_ANGLE_UNIT ( ) );
#5358 = DIRECTION ( 'NONE',  ( 1.000000000000000000, 0.0000000000000000000, 0.0000000000000000000 ) ) ;
#5359 = EDGE_CURVE ( 'NONE', #5350, #5212, #4316, .T. ) ;
#5360 = VECTOR ( 'NONE', #7184, 1000.000000000000000 ) ;
#5361 = ORIENTED_EDGE ( 'NONE', *, *, #7420, .F. ) ;
#5362 = AXIS2_PLACEMENT_3D ( 'NONE', #7713, #3908, #76 ) ;
#5363 = CARTESIAN_POINT ( 'NONE',  ( -0.04338467537588928900, 0.3925287066132329100, -0.4329048773303269000 ) ) ;
#5364 = CIRCLE ( 'NONE', #700, 0.4439249933206986800 ) ;
#5365 = CARTESIAN_POINT ( 'NONE',  ( -0.1267463336077951600, 0.2926685074281240600, -0.3813914973680445600 ) ) ;
#5366 =( NAMED_UNIT ( * ) PLANE_ANGLE_UNIT ( ) SI_UNIT ( $, .RADIAN. ) );
#5367 = DIRECTION ( 'NONE',  ( -1.447553700753488400E-016, 1.000000000000000000, -0.0000000000000000000 ) ) ;
#5368 = DIRECTION ( 'NONE',  ( -1.447553700753488400E-016, 1.000000000000000000, -0.0000000000000000000 ) ) ;
#5369 = DIRECTION ( 'NONE',  ( -0.4472135954999579300, 0.0000000000000000000, -0.8944271909999158600 ) ) ;
#5370 = VERTEX_POINT ( 'NONE', #5403 ) ;
#5371 = FACE_OUTER_BOUND ( 'NONE', #7356, .T. ) ;
#5372 = EDGE_CURVE ( 'NONE', #5448, #6061, #5990, .T. ) ;
#5373 = AXIS2_PLACEMENT_3D ( 'NONE', #225, #4685, #860 ) ;
#5374 = CARTESIAN_POINT ( 'NONE',  ( 0.1249999999999997400, 0.2666198487095638400, 0.3897197719169301400 ) ) ;
#5375 = VERTEX_POINT ( 'NONE', #6041 ) ;
#5376 = COLOUR_RGB ( '',0.1098039215686274500, 0.1098039215686274500, 0.1098039215686274500 ) ;
#5377 = FILL_AREA_STYLE_COLOUR ( '', #2148 ) ;
#5378 = CARTESIAN_POINT ( 'NONE',  ( -0.09950373417811581000, -0.4951457862975171000, 0.3527858476656498500 ) ) ;
#5379 = ADVANCED_FACE ( 'NONE', ( #7576 ), #6685, .F. ) ;
#5380 = CARTESIAN_POINT ( 'NONE',  ( 0.04693001498044024200, -1.168898964817194100, -0.2349251355835189600 ) ) ;
#5381 = SURFACE_SIDE_STYLE ('',( #4455 ) ) ;
#5382 = STYLED_ITEM ( 'NONE', ( #1494 ), #750 ) ;
#5383 = ADVANCED_FACE ( 'NONE', ( #5199 ), #3304, .T. ) ;
#5384 = ORIENTED_EDGE ( 'NONE', *, *, #6060, .F. ) ;
#5385 = ORIENTED_EDGE ( 'NONE', *, *, #3049, .F. ) ;
#5386 = PRESENTATION_STYLE_ASSIGNMENT (( #8049 ) ) ;
#5387 = CARTESIAN_POINT ( 'NONE',  ( 0.1201701407855162000, 0.3185597509240285000, 0.3874978137406023300 ) ) ;
#5388 = CARTESIAN_POINT ( 'NONE',  ( -0.1138354600963323600, 0.3291977104406091900, -0.3756550685268764100 ) ) ;
#5389 = DIRECTION ( 'NONE',  ( 1.447553700753488400E-016, -1.000000000000000000, 0.0000000000000000000 ) ) ;
#5390 = CARTESIAN_POINT ( 'NONE',  ( 0.9099999999999991400, 1.395000000000000200, 1.114428587224090400E-016 ) ) ;
#5391 = CARTESIAN_POINT ( 'NONE',  ( 0.1265629783067053500, 0.3529727278034870400, -0.4254524633823116300 ) ) ;
#5392 =( BOUNDED_SURFACE ( )  B_SPLINE_SURFACE ( 3, 2, ( 
 ( #2255, #2877, #2907 ),
 ( #7316, #3531, #7981 ),
 ( #4176, #361, #4808 ),
 ( #997, #5436, #1637 ) ),
 .UNSPECIFIED., .F., .F., .T. ) 
 B_SPLINE_SURFACE_WITH_KNOTS ( ( 4, 4 ),
 ( 3, 3 ),
 ( 2.670528645085719800E-005, 8.971031877610981800E-005 ),
 ( 0.0000000000000000000, 1.000000000000000000 ),
 .UNSPECIFIED. ) 
 GEOMETRIC_REPRESENTATION_ITEM ( )  RATIONAL_B_SPLINE_SURFACE ( (
 ( 1.000000000000000000, 0.7698294312092887100, 1.000000000000000000),
 ( 1.000000000000000000, 0.7775621934751992800, 1.000000000000000000),
 ( 1.000000000000000000, 0.7621724503005894400, 1.000000000000000000),
 ( 1.000000000000000000, 0.7239379160847961800, 1.000000000000000000) ) ) 
 REPRESENTATION_ITEM ( '' )  SURFACE ( )  );
#5393 =( GEOMETRIC_REPRESENTATION_CONTEXT ( 3 ) GLOBAL_UNCERTAINTY_ASSIGNED_CONTEXT ( ( #6298 ) ) GLOBAL_UNIT_ASSIGNED_CONTEXT ( ( #5913, #2117, #6546 ) ) REPRESENTATION_CONTEXT ( 'NONE', 'WORKASPACE' ) );
#5394 = CARTESIAN_POINT ( 'NONE',  ( -0.1378435408756131200, 0.2670981431876250400, -0.3606053945049982300 ) ) ;
#5395 = CARTESIAN_POINT ( 'NONE',  ( 0.1031155145763905800, 0.3461499768391173600, 0.4070139033086311900 ) ) ;
#5396 = CARTESIAN_POINT ( 'NONE',  ( -0.04989976583503001600, -1.152583780759944400, -0.2721492054816726500 ) ) ;
#5397 = MECHANICAL_DESIGN_GEOMETRIC_PRESENTATION_REPRESENTATION (  '', ( #4558 ), #5825 ) ;
#5398 = CARTESIAN_POINT ( 'NONE',  ( 0.04630770841790421400, -1.150767665139485100, -0.2525584207203315200 ) ) ;
#5399 = EDGE_CURVE ( 'NONE', #1153, #3164, #6686, .T. ) ;
#5400 = EDGE_LOOP ( 'NONE', ( #3603, #6116, #2412, #3256 ) ) ;
#5401 = SURFACE_SIDE_STYLE ('',( #468 ) ) ;
#5402 = AXIS2_PLACEMENT_3D ( 'NONE', #5137, #1333, #5768 ) ;
#5403 = CARTESIAN_POINT ( 'NONE',  ( -1.208196601125011400, 1.395000000000000000, 0.6700000000000001500 ) ) ;
#5404 = SURFACE_STYLE_USAGE ( .BOTH. , #961 ) ;
#5405 = ORIENTED_EDGE ( 'NONE', *, *, #3459, .T. ) ;
#5406 = EDGE_LOOP ( 'NONE', ( #6945, #2007, #4731, #2512, #5052 ) ) ;
#5407 = FACE_OUTER_BOUND ( 'NONE', #7221, .T. ) ;
#5408 = SURFACE_STYLE_FILL_AREA ( #4428 ) ;
#5409 = EDGE_CURVE ( 'NONE', #3621, #6776, #1819, .T. ) ;
#5410 = FILL_AREA_STYLE ('',( #6665 ) ) ;
#5411 = SURFACE_SIDE_STYLE ('',( #874 ) ) ;
#5412 = DIRECTION ( 'NONE',  ( 1.447553700753488400E-016, -1.000000000000000000, 0.0000000000000000000 ) ) ;
#5413 = FILL_AREA_STYLE ('',( #7956 ) ) ;
#5414 = ADVANCED_FACE ( 'NONE', ( #109 ), #7786, .T. ) ;
#5415 = AXIS2_PLACEMENT_3D ( 'NONE', #1966, #6398, #2625 ) ;
#5416 = CARTESIAN_POINT ( 'NONE',  ( -0.1250000000000000600, 0.2666198487095667900, 0.3792098549233096100 ) ) ;
#5417 = VERTEX_POINT ( 'NONE', #2956 ) ;
#5418 = DIRECTION ( 'NONE',  ( 0.0000000000000000000, 0.0000000000000000000, 1.000000000000000000 ) ) ;
#5419 = VERTEX_POINT ( 'NONE', #7393 ) ;
#5420 = VECTOR ( 'NONE', #5110, 1000.000000000000000 ) ;
#5421 = CARTESIAN_POINT ( 'NONE',  ( -0.05723132828942625900, 0.3871995584322124300, 0.4236181109623453600 ) ) ;
#5422 = CARTESIAN_POINT ( 'NONE',  ( -0.1056320425175573800, 0.3423693287319297100, 0.3953860903406357700 ) ) ;
#5423 = ORIENTED_EDGE ( 'NONE', *, *, #4198, .F. ) ;
#5424 = SURFACE_SIDE_STYLE ('',( #4531 ) ) ;
#5425 = STYLED_ITEM ( 'NONE', ( #4181 ), #4639 ) ;
#5426 = VECTOR ( 'NONE', #5726, 1000.000000000000000 ) ;
#5427 = FACE_OUTER_BOUND ( 'NONE', #6893, .T. ) ;
#5428 = DIRECTION ( 'NONE',  ( 0.5679770921753946000, 0.8230443625734783500, 6.955713279216183600E-017 ) ) ;
#5429 = CARTESIAN_POINT ( 'NONE',  ( -4.488971410221654300E-017, 0.6850000000000000500, 0.0000000000000000000 ) ) ;
#5430 = CARTESIAN_POINT ( 'NONE',  ( 0.05351408462235952800, 0.3891813230148177300, -0.4095499794041747600 ) ) ;
#5431 = UNCERTAINTY_MEASURE_WITH_UNIT (LENGTH_MEASURE( 1.000000000000000100E-005 ), #6409, 'distance_accuracy_value', 'NONE');
#5432 = DIRECTION ( 'NONE',  ( 1.447553700753488400E-016, -1.000000000000000000, 0.0000000000000000000 ) ) ;
#5433 = MECHANICAL_DESIGN_GEOMETRIC_PRESENTATION_REPRESENTATION (  '', ( #4597 ), #5862 ) ;
#5434 = CARTESIAN_POINT ( 'NONE',  ( -0.04784238332212900600, -1.168868921937331400, 0.2301144326776780600 ) ) ;
#5435 = SURFACE_SIDE_STYLE ('',( #2790 ) ) ;
#5436 = CARTESIAN_POINT ( 'NONE',  ( -0.02878729518101544300, -1.168507953350748800, -0.2300327145526031000 ) ) ;
#5437 = CARTESIAN_POINT ( 'NONE',  ( 0.02625020767604848900, -1.206351654153972100, 0.09222201586298642300 ) ) ;
#5438 = CIRCLE ( 'NONE', #1817, 0.1000000000000000500 ) ;
#5439 = ORIENTED_EDGE ( 'NONE', *, *, #304, .F. ) ;
#5440 = EDGE_LOOP ( 'NONE', ( #3335, #1969, #2251, #8194 ) ) ;
#5441 = UNCERTAINTY_MEASURE_WITH_UNIT (LENGTH_MEASURE( 1.000000000000000100E-005 ), #841, 'distance_accuracy_value', 'NONE');
#5442 = CARTESIAN_POINT ( 'NONE',  ( 4.775372274600670600E-017, 0.04500000000000011600, 0.0000000000000000000 ) ) ;
#5443 = CARTESIAN_POINT ( 'NONE',  ( 1.270000000000000000, 1.294999999999999900, 0.0000000000000000000 ) ) ;
#5444 = STYLED_ITEM ( 'NONE', ( #363 ), #7159 ) ;
#5445 = CARTESIAN_POINT ( 'NONE',  ( -0.1250013331169531100, 0.2666397337466446800, 0.3897214476344223500 ) ) ;
#5446 = AXIS2_PLACEMENT_3D ( 'NONE', #7645, #1949, #1339 ) ;
#5447 = SURFACE_STYLE_FILL_AREA ( #5315 ) ;
#5448 = VERTEX_POINT ( 'NONE', #7997 ) ;
#5449 = SURFACE_STYLE_USAGE ( .BOTH. , #1009 ) ;
#5450 = CARTESIAN_POINT ( 'NONE',  ( -1.270000000000000000, 1.294999999999999900, -0.6700000000000003700 ) ) ;
#5451 = EDGE_CURVE ( 'NONE', #5808, #1507, #2725, .T. ) ;
#5452 = CARTESIAN_POINT ( 'NONE',  ( 2.975399468465936100E-018, 0.3543379074933976100, 0.0000000000000000000 ) ) ;
#5453 = ADVANCED_FACE ( 'NONE', ( #4414 ), #5300, .T. ) ;
#5454 = DIRECTION ( 'NONE',  ( 1.000000000000000000, 0.0000000000000000000, -1.776356839400250500E-015 ) ) ;
#5455 = DIRECTION ( 'NONE',  ( 1.000000000000000000, 1.221154686938586900E-016, -1.776356839400250500E-015 ) ) ;
#5456 = VERTEX_POINT ( 'NONE', #1103 ) ;
#5457 = DIRECTION ( 'NONE',  ( 1.000000000000000000, 1.447553700753488400E-016, 0.0000000000000000000 ) ) ;
#5458 = VECTOR ( 'NONE', #4674, 1000.000000000000100 ) ;
#5459 = CARTESIAN_POINT ( 'NONE',  ( 7.764441927118196900E-017, -0.1614911064067355900, 0.0000000000000000000 ) ) ;
#5460 = EDGE_CURVE ( 'NONE', #3132, #5771, #3819, .T. ) ;
#5461 = SURFACE_STYLE_FILL_AREA ( #6222 ) ;
#5462 = AXIS2_PLACEMENT_3D ( 'NONE', #6529, #4020, #3377 ) ;
#5463 = DIRECTION ( 'NONE',  ( -1.000000000000000000, 0.0000000000000000000, 2.168404344971008100E-015 ) ) ;
#5464 = VERTEX_POINT ( 'NONE', #5542 ) ;
#5465 = COLOUR_RGB ( '',0.8941176470588234600, 0.9137254901960784000, 0.9294117647058823800 ) ;
#5466 = VECTOR ( 'NONE', #6643, 1000.000000000000000 ) ;
#5467 = DIRECTION ( 'NONE',  ( 1.000000000000000000, 1.447553700753488400E-016, 0.0000000000000000000 ) ) ;
#5468 = FILL_AREA_STYLE_COLOUR ( '', #2272 ) ;
#5469 = DIRECTION ( 'NONE',  ( -1.000000000000000000, -1.349481802652466300E-016, 0.0000000000000000000 ) ) ;
#5470 = FILL_AREA_STYLE_COLOUR ( '', #1477 ) ;
#5471 = DIRECTION ( 'NONE',  ( 1.447553700753488400E-016, -1.000000000000000000, 0.0000000000000000000 ) ) ;
#5472 = EDGE_LOOP ( 'NONE', ( #2912, #469, #545, #2883 ) ) ;
#5473 = EDGE_CURVE ( 'NONE', #5464, #5375, #1919, .T. ) ;
#5474 = EDGE_LOOP ( 'NONE', ( #6115, #5687, #3252, #5036 ) ) ;
#5475 = CARTESIAN_POINT ( 'NONE',  ( 1.270000000000000000, -1.294999999999999700, 0.6700000000000002600 ) ) ;
#5476 = CARTESIAN_POINT ( 'NONE',  ( 0.8799999999999992300, 0.6850000000000001600, 0.0000000000000000000 ) ) ;
#5477 = DIRECTION ( 'NONE',  ( 1.000000000000000000, 1.447553700753488200E-016, 0.0000000000000000000 ) ) ;
#5478 = EDGE_CURVE ( 'NONE', #2062, #96, #2118, .T. ) ;
#5479 = CARTESIAN_POINT ( 'NONE',  ( -0.1040200976050764000, 0.3448874452955533200, 0.3798933547604618800 ) ) ;
#5480 = VERTEX_POINT ( 'NONE', #3029 ) ;
#5481 = ORIENTED_EDGE ( 'NONE', *, *, #453, .T. ) ;
#5482 = FILL_AREA_STYLE ('',( #4845 ) ) ;
#5483 =( GEOMETRIC_REPRESENTATION_CONTEXT ( 3 ) GLOBAL_UNCERTAINTY_ASSIGNED_CONTEXT ( ( #2765 ) ) GLOBAL_UNIT_ASSIGNED_CONTEXT ( ( #459, #4901, #1104 ) ) REPRESENTATION_CONTEXT ( 'NONE', 'WORKASPACE' ) );
#5484 = AXIS2_PLACEMENT_3D ( 'NONE', #2983, #7395, #3614 ) ;
#5485 = PRESENTATION_LAYER_ASSIGNMENT (  '', '', ( #5072 ) ) ;
#5486 =( NAMED_UNIT ( * ) PLANE_ANGLE_UNIT ( ) SI_UNIT ( $, .RADIAN. ) );
#5487 = UNCERTAINTY_MEASURE_WITH_UNIT (LENGTH_MEASURE( 1.000000000000000100E-005 ), #2677, 'distance_accuracy_value', 'NONE');
#5488 = ITEM_DEFINED_TRANSFORMATION ( 'NONE', 'NONE', #7310,  #4353 ) ;
#5489 = CARTESIAN_POINT ( 'NONE',  ( 0.9581966011250104800, 1.294999999999999900, 1.270000000000000000 ) ) ;
#5490 = CARTESIAN_POINT ( 'NONE',  ( -0.05004715788567377200, -1.152815766570909600, -0.03341228016214307200 ) ) ;
#5491 =( LENGTH_UNIT ( ) NAMED_UNIT ( * ) SI_UNIT ( .MILLI., .METRE. ) );
#5492 = CARTESIAN_POINT ( 'NONE',  ( 0.1062775327452080400, 0.3413441930756684300, -0.3950937734467551100 ) ) ;
#5493 = CARTESIAN_POINT ( 'NONE',  ( 1.270000000000001100, -1.294999999999999700, 0.7699999999999979100 ) ) ;
#5494 = DIRECTION ( 'NONE',  ( -2.168404344971007700E-015, 0.0000000000000000000, 1.000000000000000000 ) ) ;
#5495 =( NAMED_UNIT ( * ) SI_UNIT ( $, .STERADIAN. ) SOLID_ANGLE_UNIT ( ) );
#5496 = ADVANCED_FACE ( 'NONE', ( #6982 ), #3021, .T. ) ;
#5497 = AXIS2_PLACEMENT_3D ( 'NONE', #7399, #3615, #2371 ) ;
#5498 = CARTESIAN_POINT ( 'NONE',  ( -0.1096363436295452200, 0.3636838253243800400, -0.3783778678274724000 ) ) ;
#5499 = ORIENTED_EDGE ( 'NONE', *, *, #2943, .T. ) ;
#5500 = CARTESIAN_POINT ( 'NONE',  ( 0.9581966011250104800, -1.294999999999999900, 1.169999999999999900 ) ) ;
#5501 = CIRCLE ( 'NONE', #5415, 0.6115395010584838700 ) ;
#5502 = CARTESIAN_POINT ( 'NONE',  ( -0.04564656084610380100, -1.160862816988803800, 0.2487642354411919400 ) ) ;
#5503 = CARTESIAN_POINT ( 'NONE',  ( 0.1239136013936950900, 0.3543379074933978300, 0.4262802119315730600 ) ) ;
#5504 = CARTESIAN_POINT ( 'NONE',  ( 0.1273231490023108700, 0.3012724003431351800, 0.3926396717943726500 ) ) ;
#5505 = ORIENTED_EDGE ( 'NONE', *, *, #7093, .T. ) ;
#5506 = SURFACE_STYLE_FILL_AREA ( #7134 ) ;
#5507 = FACE_OUTER_BOUND ( 'NONE', #7434, .T. ) ;
#5508 = CARTESIAN_POINT ( 'NONE',  ( -1.476660268557142700E-016, 1.395000000000000200, 0.0000000000000000000 ) ) ;
#5509 = PRESENTATION_STYLE_ASSIGNMENT (( #2656 ) ) ;
#5510 = STYLED_ITEM ( 'NONE', ( #6699 ), #7884 ) ;
#5511 = FILL_AREA_STYLE_COLOUR ( '', #181 ) ;
#5512 = CARTESIAN_POINT ( 'NONE',  ( 0.0000000000000000000, 1.395000000000000000, 1.270000000000000000 ) ) ;
#5513 = EDGE_CURVE ( 'NONE', #1802, #5287, #1319, .T. ) ;
#5514 = VERTEX_POINT ( 'NONE', #1798 ) ;
#5515 = MECHANICAL_DESIGN_GEOMETRIC_PRESENTATION_REPRESENTATION (  '', ( #1259 ), #5936 ) ;
#5516 = VERTEX_POINT ( 'NONE', #6876 ) ;
#5517 = CIRCLE ( 'NONE', #286, 0.3293303437365926500 ) ;
#5518 = CARTESIAN_POINT ( 'NONE',  ( 2.208475136374087000E-016, -1.150767665139485100, 0.0000000000000000000 ) ) ;
#5519 =( NAMED_UNIT ( * ) SI_UNIT ( $, .STERADIAN. ) SOLID_ANGLE_UNIT ( ) );
#5520 = EDGE_LOOP ( 'NONE', ( #1380, #7436 ) ) ;
#5521 = EDGE_CURVE ( 'NONE', #6915, #4616, #6190, .T. ) ;
#5522 = CARTESIAN_POINT ( 'NONE',  ( -0.09150301172960556600, -0.2330278770515512000, -0.3535703795692307100 ) ) ;
#5523 = CIRCLE ( 'NONE', #123, 0.02000000000000002500 ) ;
#5524 =( NAMED_UNIT ( * ) PLANE_ANGLE_UNIT ( ) SI_UNIT ( $, .RADIAN. ) );
#5525 = CARTESIAN_POINT ( 'NONE',  ( -0.9099999999999993600, 1.394999999999999800, 0.0000000000000000000 ) ) ;
#5526 = DIRECTION ( 'NONE',  ( -1.000000000000000000, 0.0000000000000000000, 0.0000000000000000000 ) ) ;
#5527 = CARTESIAN_POINT ( 'NONE',  ( -0.7850932023777780200, 1.373398854608770100, 0.0000000000000000000 ) ) ;
#5528 = SURFACE_SIDE_STYLE ('',( #4185 ) ) ;
#5529 = PRESENTATION_LAYER_ASSIGNMENT (  '', '', ( #5102 ) ) ;
#5530 = CARTESIAN_POINT ( 'NONE',  ( 0.04400638469335627800, 0.4127249643228005900, -0.3914592424109217800 ) ) ;
#5531 = FILL_AREA_STYLE_COLOUR ( '', #4648 ) ;
#5532 = ORIENTED_EDGE ( 'NONE', *, *, #7255, .F. ) ;
#5533 = CARTESIAN_POINT ( 'NONE',  ( -0.08822236710007450000, 0.3649771011190223700, 0.4012744531600260200 ) ) ;
#5534 = CARTESIAN_POINT ( 'NONE',  ( -0.06059935458454415000, -0.6939929610046623500, -0.2937098273540673100 ) ) ;
#5535 = CARTESIAN_POINT ( 'NONE',  ( -0.08344277649442916100, 0.4007445121418329300, 0.4413878854250525300 ) ) ;
#5536 = AXIS2_PLACEMENT_3D ( 'NONE', #168, #4635, #811 ) ;
#5537 = CARTESIAN_POINT ( 'NONE',  ( 7.670479676107648500E-017, -0.1549999999999999700, 0.0000000000000000000 ) ) ;
#5538 = STYLED_ITEM ( 'NONE', ( #6143 ), #4836 ) ;
#5539 = UNCERTAINTY_MEASURE_WITH_UNIT (LENGTH_MEASURE( 1.000000000000000100E-005 ), #7996, 'distance_accuracy_value', 'NONE');
#5540 = ORIENTED_EDGE ( 'NONE', *, *, #4355, .F. ) ;
#5541 = CARTESIAN_POINT ( 'NONE',  ( 1.270000000000000000, 1.294999999999999900, -0.6700000000000002600 ) ) ;
#5542 = CARTESIAN_POINT ( 'NONE',  ( 0.9581966011250107100, 1.395000000000000000, -1.169999999999999900 ) ) ;
#5543 = CIRCLE ( 'NONE', #691, 0.01999999999999999300 ) ;
#5544 = VERTEX_POINT ( 'NONE', #4358 ) ;
#5545 = PRESENTATION_LAYER_ASSIGNMENT (  '', '', ( #5125 ) ) ;
#5546 = VERTEX_POINT ( 'NONE', #2480 ) ;
#5547 = FILL_AREA_STYLE_COLOUR ( '', #2827 ) ;
#5548 = CARTESIAN_POINT ( 'NONE',  ( 0.5999999999999996400, -0.1549999999999998900, 7.347880794884114100E-017 ) ) ;
#5549 = CARTESIAN_POINT ( 'NONE',  ( -1.476660268557142200E-016, 1.395000000000000000, 0.0000000000000000000 ) ) ;
#5550 = CARTESIAN_POINT ( 'NONE',  ( -0.02774449929478668700, -1.184062503771265100, 0.1903610843361279700 ) ) ;
#5551 =( NAMED_UNIT ( * ) PLANE_ANGLE_UNIT ( ) SI_UNIT ( $, .RADIAN. ) );
#5552 = CARTESIAN_POINT ( 'NONE',  ( -0.1180273429977300000, 0.3525217918726890100, -0.3757410748851473500 ) ) ;
#5553 =( NAMED_UNIT ( * ) PLANE_ANGLE_UNIT ( ) SI_UNIT ( $, .RADIAN. ) );
#5554 = ORIENTED_EDGE ( 'NONE', *, *, #8226, .T. ) ;
#5555 =( NAMED_UNIT ( * ) PLANE_ANGLE_UNIT ( ) SI_UNIT ( $, .RADIAN. ) );
#5556 = ORIENTED_EDGE ( 'NONE', *, *, #5161, .F. ) ;
#5557 = SURFACE_STYLE_FILL_AREA ( #3642 ) ;
#5558 =( GEOMETRIC_REPRESENTATION_CONTEXT ( 3 ) GLOBAL_UNCERTAINTY_ASSIGNED_CONTEXT ( ( #7678 ) ) GLOBAL_UNIT_ASSIGNED_CONTEXT ( ( #79, #4554, #728 ) ) REPRESENTATION_CONTEXT ( 'NONE', 'WORKASPACE' ) );
#5559 = CARTESIAN_POINT ( 'NONE',  ( 0.06535385726855361100, 0.3818727794480135100, 0.4069302113129805700 ) ) ;
#5560 = CARTESIAN_POINT ( 'NONE',  ( -1.445391450605552900E-016, 1.373398854608770100, 0.0000000000000000000 ) ) ;
#5561 = DIRECTION ( 'NONE',  ( 1.000000000000000000, 0.0000000000000000000, 0.0000000000000000000 ) ) ;
#5562 = EDGE_CURVE ( 'NONE', #867, #5918, #7883, .T. ) ;
#5563 = ORIENTED_EDGE ( 'NONE', *, *, #7276, .F. ) ;
#5564 = PRESENTATION_STYLE_ASSIGNMENT (( #4490 ) ) ;
#5565 = FILL_AREA_STYLE_COLOUR ( '', #1240 ) ;
#5566 = CONICAL_SURFACE ( 'NONE', #92, 0.2549525735447551500, 0.09093103908173244500 ) ;
#5567 = PRESENTATION_STYLE_ASSIGNMENT (( #2152 ) ) ;
#5568 = ORIENTED_EDGE ( 'NONE', *, *, #4038, .T. ) ;
#5569 = CARTESIAN_POINT ( 'NONE',  ( 0.02749009506091091800, -1.187857247819718200, -0.2329209411667693100 ) ) ;
#5570 = PRESENTATION_STYLE_ASSIGNMENT (( #7383 ) ) ;
#5571 = FILL_AREA_STYLE_COLOUR ( '', #223 ) ;
#5572 = CARTESIAN_POINT ( 'NONE',  ( 0.09243218876555935000, -0.2191680879543153300, 0.3822041574143735200 ) ) ;
#5573 = EDGE_CURVE ( 'NONE', #5809, #6007, #4505, .T. ) ;
#5574 =( GEOMETRIC_REPRESENTATION_CONTEXT ( 3 ) GLOBAL_UNCERTAINTY_ASSIGNED_CONTEXT ( ( #2560 ) ) GLOBAL_UNIT_ASSIGNED_CONTEXT ( ( #5882, #2080, #6511 ) ) REPRESENTATION_CONTEXT ( 'NONE', 'WORKASPACE' ) );
#5575 = CARTESIAN_POINT ( 'NONE',  ( 0.9305572809000078900, 1.395000000000000000, -1.225278640450005600 ) ) ;
#5576 = CARTESIAN_POINT ( 'NONE',  ( -0.02878729518101560600, -1.168507953350746100, 0.2300327145526186400 ) ) ;
#5577 = ORIENTED_EDGE ( 'NONE', *, *, #5689, .T. ) ;
#5578 =( NAMED_UNIT ( * ) PLANE_ANGLE_UNIT ( ) SI_UNIT ( $, .RADIAN. ) );
#5579 = CARTESIAN_POINT ( 'NONE',  ( -0.02813258350744129700, -1.178273762625600600, 0.2584972941336545200 ) ) ;
#5580 = VERTEX_POINT ( 'NONE', #3115 ) ;
#5581 = DIRECTION ( 'NONE',  ( -0.8536045658839899200, 0.5209215344963241700, 0.0000000000000000000 ) ) ;
#5582 = DIRECTION ( 'NONE',  ( -1.447553700753488400E-016, 1.000000000000000000, -0.0000000000000000000 ) ) ;
#5583 = CARTESIAN_POINT ( 'NONE',  ( -1.270000000000000000, -1.294999999999999700, -0.7700000000000016800 ) ) ;
#5584 =( NAMED_UNIT ( * ) SI_UNIT ( $, .STERADIAN. ) SOLID_ANGLE_UNIT ( ) );
#5585 = AXIS2_PLACEMENT_3D ( 'NONE', #7988, #4189, #2940 ) ;
#5586 = UNCERTAINTY_MEASURE_WITH_UNIT (LENGTH_MEASURE( 1.000000000000000100E-005 ), #3658, 'distance_accuracy_value', 'NONE');
#5587 = AXIS2_PLACEMENT_3D ( 'NONE', #8187, #4393, #566 ) ;
#5588 = DIRECTION ( 'NONE',  ( 1.000000000000000000, 0.0000000000000000000, 0.0000000000000000000 ) ) ;
#5589 = FACE_OUTER_BOUND ( 'NONE', #2826, .T. ) ;
#5590 = DIRECTION ( 'NONE',  ( -1.447553700753488400E-016, 1.000000000000000000, -0.0000000000000000000 ) ) ;
#5591 = EDGE_CURVE ( 'NONE', #4139, #5546, #2833, .T. ) ;
#5592 = FILL_AREA_STYLE ('',( #2473 ) ) ;
#5593 = CARTESIAN_POINT ( 'NONE',  ( 0.1378435408756127900, 0.2670981431876220900, -0.3606053945049981200 ) ) ;
#5594 = UNCERTAINTY_MEASURE_WITH_UNIT (LENGTH_MEASURE( 1.000000000000000100E-005 ), #2735, 'distance_accuracy_value', 'NONE');
#5595 = AXIS2_PLACEMENT_3D ( 'NONE', #1762, #4330, #510 ) ;
#5596 = PRODUCT_DEFINITION_SHAPE ( 'NONE', 'NONE',  #2506 ) ;
#5597 = DIRECTION ( 'NONE',  ( 1.000000000000000000, 0.0000000000000000000, 0.0000000000000000000 ) ) ;
#5598 = DIRECTION ( 'NONE',  ( -1.447553700753488400E-016, 1.000000000000000000, -0.0000000000000000000 ) ) ;
#5599 = DIRECTION ( 'NONE',  ( -1.000000000000000000, 0.0000000000000000000, 0.0000000000000000000 ) ) ;
#5600 = CARTESIAN_POINT ( 'NONE',  ( 0.02529458252240693000, -1.223183884379456200, 0.2789380977350282600 ) ) ;
#5601 = CARTESIAN_POINT ( 'NONE',  ( -0.05040578780721540600, -1.152059224824062000, 0.04002103866582533400 ) ) ;
#5602 = ORIENTED_EDGE ( 'NONE', *, *, #460, .F. ) ;
#5603 = COLOUR_RGB ( '',0.1098039215686274500, 0.1098039215686274500, 0.1098039215686274500 ) ;
#5604 = DIRECTION ( 'NONE',  ( -1.000000000000000000, 0.0000000000000000000, 0.0000000000000000000 ) ) ;
#5605 = DIRECTION ( 'NONE',  ( -0.0000000000000000000, 1.000000000000000000, 0.0000000000000000000 ) ) ;
#5606 = CARTESIAN_POINT ( 'NONE',  ( -0.1304510431445332100, 0.3479051576172290700, -0.4237983857592853000 ) ) ;
#5607 = DIRECTION ( 'NONE',  ( 0.0000000000000000000, 0.0000000000000000000, 1.000000000000000000 ) ) ;
#5608 = AXIS2_PLACEMENT_3D ( 'NONE', #1833, #5031, #602 ) ;
#5609 = AXIS2_PLACEMENT_3D ( 'NONE', #7534, #6891, #7566 ) ;
#5610 = CARTESIAN_POINT ( 'NONE',  ( 0.1518986748799413000, 0.2634659119465356200, -0.4083876577056688700 ) ) ;
#5611 = CARTESIAN_POINT ( 'NONE',  ( -0.04978749811896327600, -1.205082627581610000, 0.2976813273944591800 ) ) ;
#5612 = VERTEX_POINT ( 'NONE', #567 ) ;
#5613 = EDGE_CURVE ( 'NONE', #906, #3774, #7680, .T. ) ;
#5614 = ORIENTED_EDGE ( 'NONE', *, *, #6910, .F. ) ;
#5615 = COLOUR_RGB ( '',0.1098039215686274500, 0.1098039215686274500, 0.1098039215686274500 ) ;
#5616 = CARTESIAN_POINT ( 'NONE',  ( 0.0000000000000000000, 0.0000000000000000000, 0.0000000000000000000 ) ) ;
#5617 = CARTESIAN_POINT ( 'NONE',  ( 0.02994456013349170900, -1.151245959617459300, 0.2721492054816740400 ) ) ;
#5618 = CARTESIAN_POINT ( 'NONE',  ( 5.354393754902067000E-017, 0.005000000000000077300, 0.0000000000000000000 ) ) ;
#5619 = ORIENTED_EDGE ( 'NONE', *, *, #2768, .F. ) ;
#5620 = EDGE_LOOP ( 'NONE', ( #4621, #2713, #6832, #6908 ) ) ;
#5621 = MECHANICAL_DESIGN_GEOMETRIC_PRESENTATION_REPRESENTATION (  '', ( #4775 ), #6040 ) ;
#5622 = CIRCLE ( 'NONE', #448, 0.5299470081275748900 ) ;
#5623 = SURFACE_SIDE_STYLE ('',( #6558 ) ) ;
#5624 = EDGE_CURVE ( 'NONE', #5257, #6614, #5983, .T. ) ;
#5625 = AXIS2_PLACEMENT_3D ( 'NONE', #3786, #8219, #4422 ) ;
#5626 = CARTESIAN_POINT ( 'NONE',  ( -0.04688860007330981200, -1.168710141581216000, -0.2353235380017169600 ) ) ;
#5627 = ORIENTED_EDGE ( 'NONE', *, *, #1906, .T. ) ;
#5628 = CARTESIAN_POINT ( 'NONE',  ( -0.8262454205064520000, 1.345000000000000000, 1.011858809533385200E-016 ) ) ;
#5629 = CARTESIAN_POINT ( 'NONE',  ( -0.1069241233671471100, 0.3402872455622174000, -0.3947430299118225300 ) ) ;
#5630 = CARTESIAN_POINT ( 'NONE',  ( 0.03923787999772421200, 0.4002221347519043200, 0.3939157543359833000 ) ) ;
#5631 = FACE_OUTER_BOUND ( 'NONE', #6036, .T. ) ;
#5632 = LINE ( 'NONE', #1675, #7105 ) ;
#5633 = CARTESIAN_POINT ( 'NONE',  ( 0.04165553146018188800, -1.212169986226597100, 0.2968996974739459000 ) ) ;
#5634 = CARTESIAN_POINT ( 'NONE',  ( -0.02751749980527845900, -1.187448473213238900, -0.2283363398061075400 ) ) ;
#5635 = CARTESIAN_POINT ( 'NONE',  ( -0.07625930529582314300, -0.6783374732234402900, 0.2908621438522396900 ) ) ;
#5636 = EDGE_CURVE ( 'NONE', #6313, #6780, #4308, .T. ) ;
#5637 = DIRECTION ( 'NONE',  ( 1.000000000000000000, 0.0000000000000000000, 0.0000000000000000000 ) ) ;
#5638 = CARTESIAN_POINT ( 'NONE',  ( 0.05800982344403930700, -0.7326189214847270700, -0.3163088543493390300 ) ) ;
#5639 = AXIS2_PLACEMENT_3D ( 'NONE', #3651, #7378, #2409 ) ;
#5640 = CONICAL_SURFACE ( 'NONE', #5609, 2250.000000000034100, 1.152571997215673200 ) ;
#5641 = FILL_AREA_STYLE ('',( #2464 ) ) ;
#5642 = DIRECTION ( 'NONE',  ( 1.000000000000000000, 0.0000000000000000000, 0.0000000000000000000 ) ) ;
#5643 = B_SPLINE_CURVE_WITH_KNOTS ( 'NONE', 3,
 ( #4165, #3055, #2451, #6875, #3085, #7512, #3722, #8156, #4357, #536, #4997, #1183, #5626, #1820, #6261, #2479 ),
 .UNSPECIFIED., .F., .F.,
 ( 4, 3, 3, 3, 3, 4 ),
 ( 0.0000000000000000000, 6.602042524400448500E-006, 1.321762000489231700E-005, 1.992371029761846800E-005, 2.684819956502294200E-005, 3.210875493704434800E-005 ),
 .UNSPECIFIED. ) ;
#5644 = ORIENTED_EDGE ( 'NONE', *, *, #6333, .F. ) ;
#5645 = SURFACE_SIDE_STYLE ('',( #3564 ) ) ;
#5646 = CARTESIAN_POINT ( 'NONE',  ( -0.2549999999999998400, 1.395000000000000000, 0.0000000000000000000 ) ) ;
#5647 = ORIENTED_EDGE ( 'NONE', *, *, #5478, .T. ) ;
#5648 = PRESENTATION_STYLE_ASSIGNMENT (( #4884 ) ) ;
#5649 = CARTESIAN_POINT ( 'NONE',  ( -0.1389627131970416200, 0.2842241203151386100, 0.3618493744767641900 ) ) ;
#5650 = CIRCLE ( 'NONE', #919, 0.3939249933206986400 ) ;
#5651 = STYLED_ITEM ( 'NONE', ( #2505 ), #868 ) ;
#5652 = AXIS2_PLACEMENT_3D ( 'NONE', #3441, #7897, #4091 ) ;
#5653 = AXIS2_PLACEMENT_3D ( 'NONE', #4109, #294, #4751 ) ;
#5654 = SURFACE_SIDE_STYLE ('',( #2615 ) ) ;
#5655 = EDGE_LOOP ( 'NONE', ( #3515, #7848, #4403, #2235 ) ) ;
#5656 = CARTESIAN_POINT ( 'NONE',  ( -0.1486797928460099900, 0.3041556001593698800, 0.4135154067161560000 ) ) ;
#5657 = CIRCLE ( 'NONE', #6236, 0.02999999999999997100 ) ;
#5658 = CARTESIAN_POINT ( 'NONE',  ( 0.04784238332212933900, -1.168868921937331400, 0.2301144326776780900 ) ) ;
#5659 = SURFACE_STYLE_FILL_AREA ( #1759 ) ;
#5660 = DIRECTION ( 'NONE',  ( 1.447553700753488400E-016, -1.000000000000000000, 0.0000000000000000000 ) ) ;
#5661 = COLOUR_RGB ( '',0.1098039215686274500, 0.1098039215686274500, 0.1098039215686274500 ) ;
#5662 = STYLED_ITEM ( 'NONE', ( #7641 ), #6619 ) ;
#5663 = CARTESIAN_POINT ( 'NONE',  ( -1.433233657534537400E-016, 1.365000000000000000, 0.9099999999999992500 ) ) ;
#5664 = CARTESIAN_POINT ( 'NONE',  ( 0.06651721462602235000, -0.9685039053754099800, 0.3167547351728144900 ) ) ;
#5665 = ORIENTED_EDGE ( 'NONE', *, *, #3744, .F. ) ;
#5666 = SURFACE_STYLE_USAGE ( .BOTH. , #1218 ) ;
#5667 = COLOUR_RGB ( '',0.1098039215686274500, 0.1098039215686274500, 0.1098039215686274500 ) ;
#5668 = DIRECTION ( 'NONE',  ( -0.0000000000000000000, -1.000000000000000000, -0.0000000000000000000 ) ) ;
#5669 = DIRECTION ( 'NONE',  ( -0.0000000000000000000, -1.000000000000000000, -0.0000000000000000000 ) ) ;
#5670 = CARTESIAN_POINT ( 'NONE',  ( -8.976387882557473100E-017, 0.9950000000000004400, 0.0000000000000000000 ) ) ;
#5671 = DIRECTION ( 'NONE',  ( 1.000000000000000000, 0.0000000000000000000, 0.0000000000000000000 ) ) ;
#5672 = ORIENTED_EDGE ( 'NONE', *, *, #2392, .F. ) ;
#5673 = LINE ( 'NONE', #3853, #2300 ) ;
#5674 = LINE ( 'NONE', #5982, #5466 ) ;
#5675 = AXIS2_PLACEMENT_3D ( 'NONE', #6871, #3077, #7506 ) ;
#5676 =( LENGTH_UNIT ( ) NAMED_UNIT ( * ) SI_UNIT ( .MILLI., .METRE. ) );
#5677 = EDGE_CURVE ( 'NONE', #7133, #1802, #1120, .T. ) ;
#5678 = CARTESIAN_POINT ( 'NONE',  ( 0.1084458459607380700, 0.01969480127397984400, -0.3614336424822666100 ) ) ;
#5679 = MECHANICAL_DESIGN_GEOMETRIC_PRESENTATION_REPRESENTATION (  '', ( #4824 ), #6101 ) ;
#5680 = ORIENTED_EDGE ( 'NONE', *, *, #1265, .T. ) ;
#5681 = ORIENTED_EDGE ( 'NONE', *, *, #4895, .F. ) ;
#5682 = FACE_OUTER_BOUND ( 'NONE', #5400, .T. ) ;
#5683 = DIRECTION ( 'NONE',  ( -0.09080578102716042900, 0.9958686209194701500, 0.0000000000000000000 ) ) ;
#5684 = CARTESIAN_POINT ( 'NONE',  ( -7.199432022583334800E-017, 0.8722442183630781900, 0.0000000000000000000 ) ) ;
#5685 = CARTESIAN_POINT ( 'NONE',  ( 0.02774434385279784700, -1.184064822374828500, -0.1903871192432015900 ) ) ;
#5686 = CARTESIAN_POINT ( 'NONE',  ( -0.02956793532768535800, -1.156863769976026000, 0.2713882135712402700 ) ) ;
#5687 = ORIENTED_EDGE ( 'NONE', *, *, #4939, .T. ) ;
#5688 = CARTESIAN_POINT ( 'NONE',  ( 0.1187129824162729100, 0.3224212513723950200, -0.3732063447752787000 ) ) ;
#5689 = EDGE_CURVE ( 'NONE', #1874, #3447, #7467, .T. ) ;
#5690 = ORIENTED_EDGE ( 'NONE', *, *, #5249, .T. ) ;
#5691 = CARTESIAN_POINT ( 'NONE',  ( 0.04551015404943599400, -1.169839864205000700, -0.2414753646553668100 ) ) ;
#5692 = CARTESIAN_POINT ( 'NONE',  ( -4.488971410221654300E-017, 0.6850000000000000500, 0.0000000000000000000 ) ) ;
#5693 = DIRECTION ( 'NONE',  ( 1.000000000000000000, 0.0000000000000000000, 1.224646799147352000E-016 ) ) ;
#5694 = UNCERTAINTY_MEASURE_WITH_UNIT (LENGTH_MEASURE( 1.000000000000000100E-005 ), #6080, 'distance_accuracy_value', 'NONE');
#5695 = CARTESIAN_POINT ( 'NONE',  ( 0.1056262070595697900, 0.3423778207995454800, -0.3953858067441310400 ) ) ;
#5696 =( NAMED_UNIT ( * ) PLANE_ANGLE_UNIT ( ) SI_UNIT ( $, .RADIAN. ) );
#5697 = DIRECTION ( 'NONE',  ( -0.9977602850769320400, 0.06689105712424747700, 0.0000000000000000000 ) ) ;
#5698 = SHAPE_DEFINITION_REPRESENTATION ( #2011, #1058 ) ;
#5699 = STYLED_ITEM ( 'NONE', ( #3273 ), #295 ) ;
#5700 = DIRECTION ( 'NONE',  ( -1.447553700753488400E-016, 1.000000000000000000, -0.0000000000000000000 ) ) ;
#5701 = PRESENTATION_LAYER_ASSIGNMENT (  '', '', ( #4430 ) ) ;
#5702 = APPLICATION_PROTOCOL_DEFINITION ( 'draft international standard', 'automotive_design', 1998, #1254 ) ;
#5703 =( LENGTH_UNIT ( ) NAMED_UNIT ( * ) SI_UNIT ( .MILLI., .METRE. ) );
#5704 = CARTESIAN_POINT ( 'NONE',  ( -0.1518986748799022700, 0.2634659119459659100, 0.4083876577056279600 ) ) ;
#5705 = B_SPLINE_CURVE_WITH_KNOTS ( 'NONE', 3,
 ( #1776, #8135, #4341, #519, #4974, #1166, #5606, #1806, #6242, #4550, #1692, #6129, #2334 ),
 .UNSPECIFIED., .F., .F.,
 ( 4, 3, 3, 3, 4 ),
 ( 1.134272156970886200E-006, 3.268968436515346100E-006, 6.821395148387993800E-006, 5.597833213068539300E-005, 9.755885860007830000E-005 ),
 .UNSPECIFIED. ) ;
#5706 = CARTESIAN_POINT ( 'NONE',  ( 0.5500000000000002700, -2.674289321881345000, 0.0000000000000000000 ) ) ;
#5707 = ORIENTED_EDGE ( 'NONE', *, *, #4246, .T. ) ;
#5708 = VECTOR ( 'NONE', #6993, 1000.000000000000000 ) ;
#5709 =( NAMED_UNIT ( * ) PLANE_ANGLE_UNIT ( ) SI_UNIT ( $, .RADIAN. ) );
#5710 = STYLED_ITEM ( 'NONE', ( #5564 ), #6377 ) ;
#5711 = CARTESIAN_POINT ( 'NONE',  ( 0.03001871923576346400, -1.150139787728350600, 0.03936446250195110200 ) ) ;
#5712 = ORIENTED_EDGE ( 'NONE', *, *, #6109, .T. ) ;
#5713 = CARTESIAN_POINT ( 'NONE',  ( -0.08703057877145485600, 0.3807358214104054600, 0.4354163358657332000 ) ) ;
#5714 = FACE_OUTER_BOUND ( 'NONE', #2449, .T. ) ;
#5715 = DIRECTION ( 'NONE',  ( 0.0000000000000000000, 0.0000000000000000000, 1.000000000000000000 ) ) ;
#5716 = ORIENTED_EDGE ( 'NONE', *, *, #6732, .T. ) ;
#5717 =( NAMED_UNIT ( * ) SI_UNIT ( $, .STERADIAN. ) SOLID_ANGLE_UNIT ( ) );
#5718 = ORIENTED_EDGE ( 'NONE', *, *, #3328, .F. ) ;
#5719 = VECTOR ( 'NONE', #3666, 1000.000000000000000 ) ;
#5720 = SURFACE_SIDE_STYLE ('',( #4449 ) ) ;
#5721 = LINE ( 'NONE', #3934, #3841 ) ;
#5722 = DIRECTION ( 'NONE',  ( 0.0000000000000000000, 0.0000000000000000000, 1.000000000000000000 ) ) ;
#5723 = DIRECTION ( 'NONE',  ( -1.000000000000000000, -1.447553700753488400E-016, 0.0000000000000000000 ) ) ;
#5724 = EDGE_CURVE ( 'NONE', #591, #5516, #5780, .T. ) ;
#5725 = ORIENTED_EDGE ( 'NONE', *, *, #2896, .F. ) ;
#5726 = DIRECTION ( 'NONE',  ( -1.000000000000000000, -0.0000000000000000000, 1.084202172485506600E-015 ) ) ;
#5727 = LINE ( 'NONE', #3944, #7206 ) ;
#5728 = COLOUR_RGB ( '',0.1098039215686274500, 0.1098039215686274500, 0.1098039215686274500 ) ;
#5729 =( NAMED_UNIT ( * ) PLANE_ANGLE_UNIT ( ) SI_UNIT ( $, .RADIAN. ) );
#5730 = DIRECTION ( 'NONE',  ( -1.224646799147353200E-016, -1.772742006221665100E-032, 1.000000000000000000 ) ) ;
#5731 = DIRECTION ( 'NONE',  ( -0.09080578102716054000, 0.9958686209194701500, 0.0000000000000000000 ) ) ;
#5732 = VERTEX_POINT ( 'NONE', #1549 ) ;
#5733 =( NAMED_UNIT ( * ) SI_UNIT ( $, .STERADIAN. ) SOLID_ANGLE_UNIT ( ) );
#5734 = EDGE_CURVE ( 'NONE', #6568, #5149, #4106, .T. ) ;
#5735 = AXIS2_PLACEMENT_3D ( 'NONE', #7637, #5109, #1307 ) ;
#5736 = CARTESIAN_POINT ( 'NONE',  ( 0.04784238332213594500, -1.168868921937334300, 0.2301144326777099000 ) ) ;
#5737 = ORIENTED_EDGE ( 'NONE', *, *, #254, .T. ) ;
#5738 = DIRECTION ( 'NONE',  ( -0.0000000000000000000, 1.000000000000000000, -0.0000000000000000000 ) ) ;
#5739 = EDGE_CURVE ( 'NONE', #8058, #2850, #2428, .T. ) ;
#5740 = AXIS2_PLACEMENT_3D ( 'NONE', #814, #5273, #1462 ) ;
#5741 = CARTESIAN_POINT ( 'NONE',  ( -1.270000000000000000, 1.395000000000000000, 0.6700000000000002600 ) ) ;
#5742 =( BOUNDED_SURFACE ( )  B_SPLINE_SURFACE ( 3, 2, ( 
 ( #4673, #7174, #3730 ),
 ( #8163, #4364, #546 ),
 ( #5006, #1190, #5635 ),
 ( #1830, #6272, #2488 ) ),
 .UNSPECIFIED., .F., .F., .T. ) 
 B_SPLINE_SURFACE_WITH_KNOTS ( ( 4, 4 ),
 ( 3, 3 ),
 ( 0.0000000000000000000, 0.001425092352056780600 ),
 ( 0.0000000000000000000, 1.000000000000000000 ),
 .UNSPECIFIED. ) 
 GEOMETRIC_REPRESENTATION_ITEM ( )  RATIONAL_B_SPLINE_SURFACE ( (
 ( 1.000000000000000000, 0.8248820918441176500, 1.000000000000000000),
 ( 1.000000000000000000, 0.8125445255167147400, 1.000000000000000000),
 ( 1.000000000000000000, 0.7973642228864773500, 1.000000000000000000),
 ( 1.000000000000000000, 0.7698294312092932600, 1.000000000000000000) ) ) 
 REPRESENTATION_ITEM ( '' )  SURFACE ( )  );
#5743 = EDGE_LOOP ( 'NONE', ( #2589, #5906 ) ) ;
#5744 = EDGE_CURVE ( 'NONE', #8138, #5771, #709, .T. ) ;
#5745 = ORIENTED_EDGE ( 'NONE', *, *, #1697, .F. ) ;
#5746 = CIRCLE ( 'NONE', #7191, 0.4439249933206987400 ) ;
#5747 = CARTESIAN_POINT ( 'NONE',  ( 0.09665289399638273000, 0.3558965629149591400, 0.3862886484029678400 ) ) ;
#5748 = CARTESIAN_POINT ( 'NONE',  ( 0.02391479042398066800, 0.3982394219172625300, -0.4131057001809211900 ) ) ;
#5749 = ORIENTED_EDGE ( 'NONE', *, *, #626, .F. ) ;
#5750 = AXIS2_PLACEMENT_3D ( 'NONE', #8115, #4323, #505 ) ;
#5751 = PRESENTATION_LAYER_ASSIGNMENT (  '', '', ( #4062 ) ) ;
#5752 = PRESENTATION_LAYER_ASSIGNMENT (  '', '', ( #5337 ) ) ;
#5753 = ADVANCED_FACE ( 'NONE', ( #5589 ), #1611, .T. ) ;
#5754 = DIRECTION ( 'NONE',  ( -1.000000000000000000, 0.0000000000000000000, 0.0000000000000000000 ) ) ;
#5755 = DIRECTION ( 'NONE',  ( -1.447553700753488400E-016, 1.000000000000000000, -0.0000000000000000000 ) ) ;
#5756 = FACE_OUTER_BOUND ( 'NONE', #8073, .T. ) ;
#5757 = CARTESIAN_POINT ( 'NONE',  ( 0.04134231949446859300, 0.4002934642887542300, -0.4139402011787715100 ) ) ;
#5758 = ORIENTED_EDGE ( 'NONE', *, *, #8045, .T. ) ;
#5759 = VECTOR ( 'NONE', #5731, 1000.000000000000200 ) ;
#5760 = DIRECTION ( 'NONE',  ( 1.000000000000000000, 0.0000000000000000000, 0.0000000000000000000 ) ) ;
#5761 = FACE_OUTER_BOUND ( 'NONE', #7717, .T. ) ;
#5762 = PRESENTATION_LAYER_ASSIGNMENT (  '', '', ( #5347 ) ) ;
#5763 = CARTESIAN_POINT ( 'NONE',  ( -0.05780390862092747700, -0.7356903878576953600, 0.3151364890231259700 ) ) ;
#5764 = CIRCLE ( 'NONE', #5373, 0.1000000000000000500 ) ;
#5765 = ORIENTED_EDGE ( 'NONE', *, *, #1375, .F. ) ;
#5766 = COLOUR_RGB ( '',0.1098039215686274500, 0.1098039215686274500, 0.1098039215686274500 ) ;
#5767 = DIRECTION ( 'NONE',  ( -1.000000000000000000, 0.0000000000000000000, 1.084202172485506600E-015 ) ) ;
#5768 = DIRECTION ( 'NONE',  ( -1.000000000000000000, 0.0000000000000000000, 0.0000000000000000000 ) ) ;
#5769 = CARTESIAN_POINT ( 'NONE',  ( 0.01062514165248273700, 0.4006154119413188300, 0.4303556963291285700 ) ) ;
#5770 = CARTESIAN_POINT ( 'NONE',  ( -0.02820282449103557100, -1.222213169675451700, 0.2871043138259515300 ) ) ;
#5771 = VERTEX_POINT ( 'NONE', #2281 ) ;
#5772 = CARTESIAN_POINT ( 'NONE',  ( -0.1049532641402277800, 0.3434097392605841000, -0.3956287701370955200 ) ) ;
#5773 = MECHANICAL_DESIGN_GEOMETRIC_PRESENTATION_REPRESENTATION (  '', ( #1948 ), #6207 ) ;
#5774 = EDGE_LOOP ( 'NONE', ( #3737, #6362 ) ) ;
#5775 = FILL_AREA_STYLE_COLOUR ( '', #3654 ) ;
#5776 = EDGE_CURVE ( 'NONE', #3925, #5808, #5002, .T. ) ;
#5777 = SURFACE_SIDE_STYLE ('',( #75 ) ) ;
#5778 = AXIS2_PLACEMENT_3D ( 'NONE', #7035, #1349, #5783 ) ;
#5779 = CARTESIAN_POINT ( 'NONE',  ( 7.670479676107648500E-017, -0.1549999999999999700, 0.0000000000000000000 ) ) ;
#5780 = CIRCLE ( 'NONE', #6922, 0.4438423657390882000 ) ;
#5781 = CARTESIAN_POINT ( 'NONE',  ( -7.199432022583334800E-017, 0.8722442183630781900, 0.0000000000000000000 ) ) ;
#5782 = CARTESIAN_POINT ( 'NONE',  ( -0.1217074279400163200, 0.02017754323096468100, 0.3426698175346755100 ) ) ;
#5783 = DIRECTION ( 'NONE',  ( -1.000000000000000000, -1.447553700753488400E-016, 0.0000000000000000000 ) ) ;
#5784 = EDGE_CURVE ( 'NONE', #4195, #6798, #103, .T. ) ;
#5785 = UNCERTAINTY_MEASURE_WITH_UNIT (LENGTH_MEASURE( 1.000000000000000100E-005 ), #7484, 'distance_accuracy_value', 'NONE');
#5786 = AXIS2_PLACEMENT_3D ( 'NONE', #6506, #146, #2108 ) ;
#5787 = SURFACE_STYLE_FILL_AREA ( #2898 ) ;
#5788 = DIRECTION ( 'NONE',  ( 1.447553700753488400E-016, -1.000000000000000000, 0.0000000000000000000 ) ) ;
#5789 = SURFACE_SIDE_STYLE ('',( #6271 ) ) ;
#5790 = CIRCLE ( 'NONE', #3490, 0.2567686891652983200 ) ;
#5791 = SURFACE_STYLE_FILL_AREA ( #5028 ) ;
#5792 = DIRECTION ( 'NONE',  ( -1.447553700753488400E-016, 1.000000000000000000, -0.0000000000000000000 ) ) ;
#5793 = CARTESIAN_POINT ( 'NONE',  ( -0.02440953029200156700, -1.233807563365118700, -0.2991301420162078000 ) ) ;
#5794 = ADVANCED_FACE ( 'NONE', ( #3297 ), #4207, .T. ) ;
#5795 = CARTESIAN_POINT ( 'NONE',  ( 0.4588477818713310700, 0.9006430729718482000, 7.616941723444396100E-017 ) ) ;
#5796 = ORIENTED_EDGE ( 'NONE', *, *, #7324, .F. ) ;
#5797 = PRESENTATION_LAYER_ASSIGNMENT (  '', '', ( #5382 ) ) ;
#5798 = AXIS2_PLACEMENT_3D ( 'NONE', #5459, #2333, #6773 ) ;
#5799 = LINE ( 'NONE', #3260, #2445 ) ;
#5800 = CARTESIAN_POINT ( 'NONE',  ( -0.06816498501354707800, 0.3809750913088193500, 0.3916556620244199800 ) ) ;
#5801 = VECTOR ( 'NONE', #7030, 1000.000000000000000 ) ;
#5802 = CARTESIAN_POINT ( 'NONE',  ( 0.1146542273754586100, 0.3356676672909724700, -0.4026721302470695500 ) ) ;
#5803 = CARTESIAN_POINT ( 'NONE',  ( -0.02667081183741462600, -1.200077838998531600, -0.04637726124707335100 ) ) ;
#5804 = PRESENTATION_STYLE_ASSIGNMENT (( #1444 ) ) ;
#5805 = PRESENTATION_LAYER_ASSIGNMENT (  '', '', ( #4542 ) ) ;
#5806 = CARTESIAN_POINT ( 'NONE',  ( -1.443225670682024200E-013, 997.3849999999999900, 0.0000000000000000000 ) ) ;
#5807 = CARTESIAN_POINT ( 'NONE',  ( 0.9581966011250104800, -1.294999999999999900, 1.270000000000000000 ) ) ;
#5808 = VERTEX_POINT ( 'NONE', #1047 ) ;
#5809 = VERTEX_POINT ( 'NONE', #5489 ) ;
#5810 = SURFACE_STYLE_FILL_AREA ( #5100 ) ;
#5811 = CARTESIAN_POINT ( 'NONE',  ( -0.04784238332213568800, -1.168868921937331400, 0.2301144326776773700 ) ) ;
#5812 = AXIS2_PLACEMENT_3D ( 'NONE', #3417, #7870, #4066 ) ;
#5813 = ORIENTED_EDGE ( 'NONE', *, *, #2349, .F. ) ;
#5814 = ORIENTED_EDGE ( 'NONE', *, *, #4822, .T. ) ;
#5815 =( NAMED_UNIT ( * ) PLANE_ANGLE_UNIT ( ) SI_UNIT ( $, .RADIAN. ) );
#5816 = COLOUR_RGB ( '',0.1098039215686274500, 0.1098039215686274500, 0.1098039215686274500 ) ;
#5817 = DIRECTION ( 'NONE',  ( 0.0000000000000000000, 1.000000000000000000, 0.0000000000000000000 ) ) ;
#5818 = LINE ( 'NONE', #1864, #2463 ) ;
#5819 = CARTESIAN_POINT ( 'NONE',  ( 1.832000000000000100, -1.954016994374949500, 0.3540000000000000400 ) ) ;
#5820 = CARTESIAN_POINT ( 'NONE',  ( 0.6099999999999994300, 0.6550000000000002500, 7.470345474798846700E-017 ) ) ;
#5821 = CARTESIAN_POINT ( 'NONE',  ( 3.238291957217206500E-018, 0.3525217918728552100, 0.0000000000000000000 ) ) ;
#5822 = DIRECTION ( 'NONE',  ( 0.0000000000000000000, -2.168404344971007700E-015, -1.000000000000000000 ) ) ;
#5823 = ORIENTED_EDGE ( 'NONE', *, *, #7879, .T. ) ;
#5824 = DIRECTION ( 'NONE',  ( -1.000000000000000000, 0.0000000000000000000, 0.0000000000000000000 ) ) ;
#5825 =( GEOMETRIC_REPRESENTATION_CONTEXT ( 3 ) GLOBAL_UNCERTAINTY_ASSIGNED_CONTEXT ( ( #1767 ) ) GLOBAL_UNIT_ASSIGNED_CONTEXT ( ( #6069, #2265, #6707 ) ) REPRESENTATION_CONTEXT ( 'NONE', 'WORKASPACE' ) );
#5826 = FILL_AREA_STYLE ('',( #7042 ) ) ;
#5827 = EDGE_CURVE ( 'NONE', #2548, #1874, #5881, .T. ) ;
#5828 = DIRECTION ( 'NONE',  ( -0.0000000000000000000, -1.084202172485504000E-015, -1.000000000000000000 ) ) ;
#5829 = CARTESIAN_POINT ( 'NONE',  ( -0.1223981047162033100, 0.3017194853530515400, 0.4132968149648084100 ) ) ;
#5830 = CARTESIAN_POINT ( 'NONE',  ( -0.07411116470188942900, 0.3812232247313666600, -0.4409209925919451700 ) ) ;
#5831 = CARTESIAN_POINT ( 'NONE',  ( 0.04551227361517925400, -1.169838943210478300, 0.2414646074291948200 ) ) ;
#5832 = FACE_OUTER_BOUND ( 'NONE', #3215, .T. ) ;
#5833 = COLOUR_RGB ( '',0.1098039215686274500, 0.1098039215686274500, 0.1098039215686274500 ) ;
#5834 = VECTOR ( 'NONE', #3122, 1000.000000000000000 ) ;
#5835 = SURFACE_SIDE_STYLE ('',( #2504 ) ) ;
#5836 =( BOUNDED_SURFACE ( )  B_SPLINE_SURFACE ( 3, 2, ( 
 ( #5046, #5022, #1237 ),
 ( #5685, #1877, #6319 ),
 ( #2536, #6952, #3160 ),
 ( #7600, #3810, #8233 ),
 ( #4440, #619, #5075 ),
 ( #1263, #5711, #1909 ),
 ( #6347, #2562, #6984 ),
 ( #3185, #7624, #3829 ),
 ( #8263, #4466, #648 ),
 ( #5098, #1293, #5736 ) ),
 .UNSPECIFIED., .F., .F., .F. ) 
 B_SPLINE_SURFACE_WITH_KNOTS ( ( 4, 2, 2, 2, 4 ),
 ( 3, 3 ),
 ( 0.0007937467134728576300, 0.0009080478507843660700, 0.001022348988095874400, 0.001136650125407382700, 0.001250951262718891100 ),
 ( 0.0000000000000000000, 1.000000000000000000 ),
 .UNSPECIFIED. ) 
 GEOMETRIC_REPRESENTATION_ITEM ( )  RATIONAL_B_SPLINE_SURFACE ( (
 ( 1.000000000000000000, 0.7239379160847380100, 1.000000000000000000),
 ( 1.000000000000000000, 0.7227633668407248400, 1.000000000000000000),
 ( 1.000000000000000000, 0.7216467068130392200, 1.000000000000000000),
 ( 1.000000000000000000, 0.7146626274120262400, 1.000000000000000000),
 ( 1.000000000000000000, 0.6987524668474116600, 1.000000000000000000),
 ( 1.000000000000000000, 0.6983978434535831300, 1.000000000000000000),
 ( 1.000000000000000000, 0.7145994046166842500, 1.000000000000000000),
 ( 1.000000000000000000, 0.7216415792757934200, 1.000000000000000000),
 ( 1.000000000000000000, 0.7227576612622919100, 1.000000000000000000),
 ( 1.000000000000000000, 0.7239379160847379000, 1.000000000000000000) ) ) 
 REPRESENTATION_ITEM ( '' )  SURFACE ( )  );
#5837 = ADVANCED_FACE ( 'NONE', ( #2720 ), #215, .T. ) ;
#5838 = EDGE_CURVE ( 'NONE', #4192, #1437, #1913, .T. ) ;
#5839 = ORIENTED_EDGE ( 'NONE', *, *, #1045, .F. ) ;
#5840 = AXIS2_PLACEMENT_3D ( 'NONE', #7689, #3889, #50 ) ;
#5841 = CARTESIAN_POINT ( 'NONE',  ( -1.047639320225002900, 1.294999999999999900, -1.214721359549995900 ) ) ;
#5842 = EDGE_LOOP ( 'NONE', ( #6741, #5336, #7902, #5665 ) ) ;
#5843 =( NAMED_UNIT ( * ) SI_UNIT ( $, .STERADIAN. ) SOLID_ANGLE_UNIT ( ) );
#5844 = DIRECTION ( 'NONE',  ( 1.447553700753488400E-016, -1.000000000000000000, 0.0000000000000000000 ) ) ;
#5845 = CARTESIAN_POINT ( 'NONE',  ( -0.2368513167469087600, -1.148951549518942000, 0.0000000000000000000 ) ) ;
#5846 = UNCERTAINTY_MEASURE_WITH_UNIT (LENGTH_MEASURE( 1.000000000000000100E-005 ), #13, 'distance_accuracy_value', 'NONE');
#5847 = DIRECTION ( 'NONE',  ( 0.0000000000000000000, 0.0000000000000000000, 1.000000000000000000 ) ) ;
#5848 = VERTEX_POINT ( 'NONE', #3643 ) ;
#5849 = CARTESIAN_POINT ( 'NONE',  ( -0.02749009506091058100, -1.187857247819718200, 0.2329209411667693400 ) ) ;
#5850 = COLOUR_RGB ( '',0.1098039215686274500, 0.1098039215686274500, 0.1098039215686274500 ) ;
#5851 =( NAMED_UNIT ( * ) SI_UNIT ( $, .STERADIAN. ) SOLID_ANGLE_UNIT ( ) );
#5852 =( LENGTH_UNIT ( ) NAMED_UNIT ( * ) SI_UNIT ( .MILLI., .METRE. ) );
#5853 = PRESENTATION_LAYER_ASSIGNMENT (  '', '', ( #5425 ) ) ;
#5854 = TOROIDAL_SURFACE ( 'NONE', #1059, 0.6399999999999993500, 0.02999999999999999900 ) ;
#5855 = DIRECTION ( 'NONE',  ( -1.447553700753488400E-016, 1.000000000000000000, -0.0000000000000000000 ) ) ;
#5856 = FACE_OUTER_BOUND ( 'NONE', #3231, .T. ) ;
#5857 = VERTEX_POINT ( 'NONE', #2369 ) ;
#5858 = CARTESIAN_POINT ( 'NONE',  ( 0.9581966011250104800, 1.294999999999999900, 1.169999999999999900 ) ) ;
#5859 = PRESENTATION_STYLE_ASSIGNMENT (( #2036 ) ) ;
#5860 = SURFACE_STYLE_FILL_AREA ( #6831 ) ;
#5861 = CARTESIAN_POINT ( 'NONE',  ( -0.6499999999999998000, -0.1631138830084182000, 0.0000000000000000000 ) ) ;
#5862 =( GEOMETRIC_REPRESENTATION_CONTEXT ( 3 ) GLOBAL_UNCERTAINTY_ASSIGNED_CONTEXT ( ( #6042 ) ) GLOBAL_UNIT_ASSIGNED_CONTEXT ( ( #5096, #1289, #5733 ) ) REPRESENTATION_CONTEXT ( 'NONE', 'WORKASPACE' ) );
#5863 = ORIENTED_EDGE ( 'NONE', *, *, #7171, .T. ) ;
#5864 = SURFACE_STYLE_FILL_AREA ( #2069 ) ;
#5865 = CARTESIAN_POINT ( 'NONE',  ( -0.08690305780639567800, 0.3808163893332396400, -0.4354423703759934800 ) ) ;
#5866 = CARTESIAN_POINT ( 'NONE',  ( 0.03638792666258104700, -1.216459714962222000, -0.2949462734239072200 ) ) ;
#5867 = ORIENTED_EDGE ( 'NONE', *, *, #7857, .F. ) ;
#5868 = FILL_AREA_STYLE_COLOUR ( '', #3831 ) ;
#5869 = FILL_AREA_STYLE_COLOUR ( '', #993 ) ;
#5870 = EDGE_LOOP ( 'NONE', ( #213, #6032, #2959 ) ) ;
#5871 = DIRECTION ( 'NONE',  ( -1.000000000000000000, -2.409338161078900700E-016, 0.0000000000000000000 ) ) ;
#5872 = PRESENTATION_LAYER_ASSIGNMENT (  '', '', ( #5444 ) ) ;
#5873 = MECHANICAL_DESIGN_GEOMETRIC_PRESENTATION_REPRESENTATION (  '', ( #5033 ), #6301 ) ;
#5874 = ADVANCED_FACE ( 'NONE', ( #3604 ), #3015, .F. ) ;
#5875 = CARTESIAN_POINT ( 'NONE',  ( 0.02835339474166116000, -1.174980098427801200, 0.2616015655475023000 ) ) ;
#5876 = EDGE_CURVE ( 'NONE', #7601, #5464, #6183, .T. ) ;
#5877 = CARTESIAN_POINT ( 'NONE',  ( 0.05780390862092754700, -0.7356903878576970300, -0.3151364890231258000 ) ) ;
#5878 = ADVANCED_FACE ( 'NONE', ( #1114 ), #7063, .T. ) ;
#5879 = EDGE_LOOP ( 'NONE', ( #63, #3393, #7801, #2192 ) ) ;
#5880 = ORIENTED_EDGE ( 'NONE', *, *, #5451, .F. ) ;
#5881 = CIRCLE ( 'NONE', #5484, 0.3938423657390881000 ) ;
#5882 =( LENGTH_UNIT ( ) NAMED_UNIT ( * ) SI_UNIT ( .MILLI., .METRE. ) );
#5883 = FILL_AREA_STYLE ('',( #152 ) ) ;
#5884 = DIRECTION ( 'NONE',  ( 0.0000000000000000000, 1.000000000000000000, 0.0000000000000000000 ) ) ;
#5885 = EDGE_CURVE ( 'NONE', #2850, #1313, #4329, .T. ) ;
#5886 = SURFACE_STYLE_USAGE ( .BOTH. , #1449 ) ;
#5887 = DIRECTION ( 'NONE',  ( 0.0000000000000000000, 1.000000000000000000, 0.0000000000000000000 ) ) ;
#5888 = AXIS2_PLACEMENT_3D ( 'NONE', #2753, #3996, #7168 ) ;
#5889 = CARTESIAN_POINT ( 'NONE',  ( -4.923237520447700400E-017, 0.7150000000000000800, 0.0000000000000000000 ) ) ;
#5890 = UNCERTAINTY_MEASURE_WITH_UNIT (LENGTH_MEASURE( 1.000000000000000100E-005 ), #4007, 'distance_accuracy_value', 'NONE');
#5891 = CARTESIAN_POINT ( 'NONE',  ( -0.1250000000000000600, 0.2666198487095667900, 0.3792098549233096100 ) ) ;
#5892 = VERTEX_POINT ( 'NONE', #4965 ) ;
#5893 = PRESENTATION_STYLE_ASSIGNMENT (( #7876 ) ) ;
#5894 = CARTESIAN_POINT ( 'NONE',  ( -1.832000000000000700, 1.294999999999999700, 0.3539999999999993700 ) ) ;
#5895 = CIRCLE ( 'NONE', #3284, 0.02000000000000000400 ) ;
#5896 = EDGE_CURVE ( 'NONE', #2614, #3447, #2860, .T. ) ;
#5897 = CARTESIAN_POINT ( 'NONE',  ( -0.1265621240593597900, 0.3529725753218430600, 0.4254527066166300900 ) ) ;
#5898 = STYLED_ITEM ( 'NONE', ( #1580 ), #4059 ) ;
#5899 = DIRECTION ( 'NONE',  ( 0.0000000000000000000, -1.000000000000000000, 0.0000000000000000000 ) ) ;
#5900 = EDGE_CURVE ( 'NONE', #1341, #3704, #2207, .T. ) ;
#5901 = ORIENTED_EDGE ( 'NONE', *, *, #6450, .T. ) ;
#5902 = DIRECTION ( 'NONE',  ( -1.447553700753488400E-016, 1.000000000000000000, -0.0000000000000000000 ) ) ;
#5903 = SURFACE_SIDE_STYLE ('',( #7752 ) ) ;
#5904 = DIRECTION ( 'NONE',  ( -1.000000000000000000, 0.0000000000000000000, 0.0000000000000000000 ) ) ;
#5905 = CARTESIAN_POINT ( 'NONE',  ( -6.505213034913053200E-016, 1.395000000000000000, 0.6699999999999988200 ) ) ;
#5906 = ORIENTED_EDGE ( 'NONE', *, *, #1743, .T. ) ;
#5907 = AXIS2_PLACEMENT_3D ( 'NONE', #8103, #4306, #490 ) ;
#5908 = AXIS2_PLACEMENT_3D ( 'NONE', #4829, #6719, #4223 ) ;
#5909 = DIRECTION ( 'NONE',  ( 1.000000000000000000, -0.0000000000000000000, 1.224646799147353200E-016 ) ) ;
#5910 = ORIENTED_EDGE ( 'NONE', *, *, #4866, .F. ) ;
#5911 = MECHANICAL_DESIGN_GEOMETRIC_PRESENTATION_REPRESENTATION (  '', ( #5072 ), #6343 ) ;
#5912 = VECTOR ( 'NONE', #2737, 1000.000000000000000 ) ;
#5913 =( LENGTH_UNIT ( ) NAMED_UNIT ( * ) SI_UNIT ( .MILLI., .METRE. ) );
#5914 = DIRECTION ( 'NONE',  ( 1.000000000000000000, 1.417260604930826400E-016, 0.0000000000000000000 ) ) ;
#5915 = DIRECTION ( 'NONE',  ( -1.000000000000000000, -1.447553700753488400E-016, 0.0000000000000000000 ) ) ;
#5916 = ADVANCED_FACE ( 'NONE', ( #3900 ), #1364, .T. ) ;
#5917 = CARTESIAN_POINT ( 'NONE',  ( 0.1250039846494755400, 0.2666795043640977600, -0.3897248044916986600 ) ) ;
#5918 = VERTEX_POINT ( 'NONE', #4399 ) ;
#5919 = ADVANCED_FACE ( 'NONE', ( #313, #509 ), #6766, .T. ) ;
#5920 = LINE ( 'NONE', #2630, #2360 ) ;
#5921 = PRESENTATION_LAYER_ASSIGNMENT (  '', '', ( #4660 ) ) ;
#5922 = EDGE_LOOP ( 'NONE', ( #2144, #3396, #968 ) ) ;
#5923 = DIRECTION ( 'NONE',  ( -0.4472135954999566000, 0.0000000000000000000, -0.8944271909999165200 ) ) ;
#5924 = FACE_OUTER_BOUND ( 'NONE', #4099, .T. ) ;
#5925 = COLOUR_RGB ( '',0.8941176470588234600, 0.9137254901960784000, 0.9294117647058823800 ) ;
#5926 = CARTESIAN_POINT ( 'NONE',  ( 2.975399468465875600E-018, 0.3543379074933980000, 0.0000000000000000000 ) ) ;
#5927 = CARTESIAN_POINT ( 'NONE',  ( -0.1135834303514697100, 0.3297828523459351300, -0.4015320659583352900 ) ) ;
#5928 = CARTESIAN_POINT ( 'NONE',  ( 0.08968981535968081900, -0.4735941809371805300, 0.3056265312436861100 ) ) ;
#5929 = DIRECTION ( 'NONE',  ( 1.000000000000000000, 1.221154686938586900E-016, -8.881784197001252300E-016 ) ) ;
#5930 = SURFACE_STYLE_USAGE ( .BOTH. , #1495 ) ;
#5931 = ORIENTED_EDGE ( 'NONE', *, *, #2874, .T. ) ;
#5932 = EDGE_CURVE ( 'NONE', #7317, #2678, #1407, .T. ) ;
#5933 = CARTESIAN_POINT ( 'NONE',  ( -0.04910263791519507000, -1.205704460288448600, -0.2977276446913765300 ) ) ;
#5934 = ORIENTED_EDGE ( 'NONE', *, *, #1575, .T. ) ;
#5935 = FACE_OUTER_BOUND ( 'NONE', #6008, .T. ) ;
#5936 =( GEOMETRIC_REPRESENTATION_CONTEXT ( 3 ) GLOBAL_UNCERTAINTY_ASSIGNED_CONTEXT ( ( #3510 ) ) GLOBAL_UNIT_ASSIGNED_CONTEXT ( ( #6877, #3087, #7515 ) ) REPRESENTATION_CONTEXT ( 'NONE', 'WORKASPACE' ) );
#5937 = CARTESIAN_POINT ( 'NONE',  ( 0.1043044550474246200, 0.3443960200077092500, -0.4430637472983819400 ) ) ;
#5938 = UNCERTAINTY_MEASURE_WITH_UNIT (LENGTH_MEASURE( 1.000000000000000100E-005 ), #6357, 'distance_accuracy_value', 'NONE');
#5939 = DIRECTION ( 'NONE',  ( 1.000000000000000000, -0.0000000000000000000, 1.224646799147353200E-016 ) ) ;
#5940 = CARTESIAN_POINT ( 'NONE',  ( 0.1250039847854209100, 0.2666795064069405500, -0.3792148629019742000 ) ) ;
#5941 = ORIENTED_EDGE ( 'NONE', *, *, #1731, .T. ) ;
#5942 = ORIENTED_EDGE ( 'NONE', *, *, #4895, .T. ) ;
#5943 = FACE_OUTER_BOUND ( 'NONE', #1688, .T. ) ;
#5944 = SURFACE_SIDE_STYLE ('',( #694 ) ) ;
#5945 = VECTOR ( 'NONE', #558, 1000.000000000000000 ) ;
#5946 = EDGE_CURVE ( 'NONE', #5732, #4704, #3111, .T. ) ;
#5947 = CARTESIAN_POINT ( 'NONE',  ( -0.02965122879701202400, -1.155621348054870700, -0.2717973794385592500 ) ) ;
#5948 = MECHANICAL_DESIGN_GEOMETRIC_PRESENTATION_REPRESENTATION (  '', ( #5102 ), #6376 ) ;
#5949 = CARTESIAN_POINT ( 'NONE',  ( 0.04784238332212933900, -1.168868921937331400, 0.2301144326776780900 ) ) ;
#5950 =( BOUNDED_CURVE ( )  B_SPLINE_CURVE ( 3, ( #4458, #2582, #7301, #3512 ),
 .UNSPECIFIED., .F., .T. ) 
 B_SPLINE_CURVE_WITH_KNOTS ( ( 4, 4 ),
 ( 0.0000000000000000000, 1.570796326794896800 ),
 .UNSPECIFIED. ) 
 CURVE ( )  GEOMETRIC_REPRESENTATION_ITEM ( )  RATIONAL_B_SPLINE_CURVE ( ( 1.000000000000000000, 0.8047378541243649400, 0.8047378541243649400, 1.000000000000000000 ) ) 
 REPRESENTATION_ITEM ( '' )  );
#5951 = ORIENTED_EDGE ( 'NONE', *, *, #1518, .T. ) ;
#5952 = PRESENTATION_STYLE_ASSIGNMENT (( #4008 ) ) ;
#5953 = CARTESIAN_POINT ( 'NONE',  ( -0.001128244919526994700, 0.4212940703017977200, 0.3942587245718270400 ) ) ;
#5954 = CARTESIAN_POINT ( 'NONE',  ( 0.9581966011250107100, 1.294999999999999700, -1.169999999999999700 ) ) ;
#5955 = ADVANCED_FACE ( 'NONE', ( #4794 ), #7153, .F. ) ;
#5956 = CARTESIAN_POINT ( 'NONE',  ( -0.9581966011250111500, 0.0000000000000000000, -1.169999999999999900 ) ) ;
#5957 = TOROIDAL_SURFACE ( 'NONE', #1647, 0.2368513167469089900, 0.02000000000000000000 ) ;
#5958 = PLANE ( 'NONE',  #5158 ) ;
#5959 = CARTESIAN_POINT ( 'NONE',  ( 0.03423523205710924500, 0.3955102401299972500, -0.4275961165522069700 ) ) ;
#5960 = LINE ( 'NONE', #7573, #4282 ) ;
#5961 = ORIENTED_EDGE ( 'NONE', *, *, #2868, .F. ) ;
#5962 = DIRECTION ( 'NONE',  ( -1.447553700753488400E-016, 1.000000000000000000, -0.0000000000000000000 ) ) ;
#5963 = AXIS2_PLACEMENT_3D ( 'NONE', #7203, #5307, #5871 ) ;
#5964 = COLOUR_RGB ( '',0.8941176470588234600, 0.9137254901960784000, 0.9294117647058823800 ) ;
#5965 = VECTOR ( 'NONE', #6892, 1000.000000000000000 ) ;
#5966 = FILL_AREA_STYLE ('',( #238 ) ) ;
#5967 = ADVANCED_FACE ( 'NONE', ( #5682 ), #6772, .T. ) ;
#5968 = TOROIDAL_SURFACE ( 'NONE', #7504, 0.4792893218813447700, 0.05000000000000000300 ) ;
#5969 = PRESENTATION_LAYER_ASSIGNMENT (  '', '', ( #5538 ) ) ;
#5970 =( LENGTH_UNIT ( ) NAMED_UNIT ( * ) SI_UNIT ( .MILLI., .METRE. ) );
#5971 = CARTESIAN_POINT ( 'NONE',  ( 0.02492522909667287800, 0.3985701379379950600, -0.3615789286148071200 ) ) ;
#5972 = CARTESIAN_POINT ( 'NONE',  ( -0.5299470081275750000, 0.9950000000000004400, 0.0000000000000000000 ) ) ;
#5973 = ORIENTED_EDGE ( 'NONE', *, *, #7061, .F. ) ;
#5974 = PRESENTATION_STYLE_ASSIGNMENT (( #1849 ) ) ;
#5975 =( NAMED_UNIT ( * ) SI_UNIT ( $, .STERADIAN. ) SOLID_ANGLE_UNIT ( ) );
#5976 =( NAMED_UNIT ( * ) PLANE_ANGLE_UNIT ( ) SI_UNIT ( $, .RADIAN. ) );
#5977 = MECHANICAL_DESIGN_GEOMETRIC_PRESENTATION_REPRESENTATION (  '', ( #5125 ), #6387 ) ;
#5978 = CARTESIAN_POINT ( 'NONE',  ( 0.1541048631466162600, 0.2955653112643708600, 0.4106898798622716200 ) ) ;
#5979 = EDGE_LOOP ( 'NONE', ( #8128, #1531, #4498, #3771 ) ) ;
#5980 = ORIENTED_EDGE ( 'NONE', *, *, #6015, .F. ) ;
#5981 = CARTESIAN_POINT ( 'NONE',  ( 0.04569999541226926800, -1.164248916231309400, 0.2457102005065514300 ) ) ;
#5982 = CARTESIAN_POINT ( 'NONE',  ( 1.270000000000001100, -1.954016994374949500, 0.7699999999999979100 ) ) ;
#5983 = CIRCLE ( 'NONE', #5652, 0.4439249933206986800 ) ;
#5984 = SURFACE_STYLE_USAGE ( .BOTH. , #1537 ) ;
#5985 = DIRECTION ( 'NONE',  ( 0.4472135954999588200, -0.0000000000000000000, -0.8944271909999155200 ) ) ;
#5986 = EDGE_CURVE ( 'NONE', #970, #5321, #5086, .T. ) ;
#5987 = DIRECTION ( 'NONE',  ( 0.0000000000000000000, 0.0000000000000000000, -1.000000000000000000 ) ) ;
#5988 = DIRECTION ( 'NONE',  ( 0.005953837729689440800, -0.08880862533597805300, -0.9960309131157639700 ) ) ;
#5989 = FILL_AREA_STYLE ('',( #3439 ) ) ;
#5990 = LINE ( 'NONE', #322, #7477 ) ;
#5991 = CARTESIAN_POINT ( 'NONE',  ( -0.05610702765615076200, 0.3878323635698840400, -0.4341371847686180700 ) ) ;
#5992 = CIRCLE ( 'NONE', #1362, 0.2350352011263657500 ) ;
#5993 = CARTESIAN_POINT ( 'NONE',  ( 0.5000000000000050000, 0.8722442183630783100, 0.0000000000000000000 ) ) ;
#5994 = FACE_OUTER_BOUND ( 'NONE', #2376, .T. ) ;
#5995 = EDGE_CURVE ( 'NONE', #6139, #5808, #3720, .T. ) ;
#5996 = CARTESIAN_POINT ( 'NONE',  ( -0.1398174752697407500, 0.2973114888993808000, -0.3628001891068562400 ) ) ;
#5997 = UNCERTAINTY_MEASURE_WITH_UNIT (LENGTH_MEASURE( 1.000000000000000100E-005 ), #1117, 'distance_accuracy_value', 'NONE');
#5998 = ADVANCED_FACE ( 'NONE', ( #1706 ), #1102, .T. ) ;
#5999 = AXIS2_PLACEMENT_3D ( 'NONE', #2763, #7176, #3388 ) ;
#6000 = DIRECTION ( 'NONE',  ( -1.447553700753488400E-016, 1.000000000000000000, -0.0000000000000000000 ) ) ;
#6001 = VERTEX_POINT ( 'NONE', #2448 ) ;
#6002 = VECTOR ( 'NONE', #3837, 1000.000000000000000 ) ;
#6003 = TOROIDAL_SURFACE ( 'NONE', #2111, 0.8499999999999993100, 0.05000000000000000300 ) ;
#6004 = ADVANCED_FACE ( 'NONE', ( #897, #7666 ), #5019, .F. ) ;
#6005 = LINE ( 'NONE', #4559, #929 ) ;
#6006 = CARTESIAN_POINT ( 'NONE',  ( 0.9581966011250104800, -1.294999999999999900, 1.169999999999999900 ) ) ;
#6007 = VERTEX_POINT ( 'NONE', #4386 ) ;
#6008 = EDGE_LOOP ( 'NONE', ( #8071, #5644, #4241, #1927 ) ) ;
#6009 = MECHANICAL_DESIGN_GEOMETRIC_PRESENTATION_REPRESENTATION (  '', ( #5155 ), #6422 ) ;
#6010 = PRESENTATION_STYLE_ASSIGNMENT (( #1620 ) ) ;
#6011 = SURFACE_SIDE_STYLE ('',( #1740 ) ) ;
#6012 = CARTESIAN_POINT ( 'NONE',  ( -0.1345165463631135500, 0.01056098416514933900, 0.3902488968370596600 ) ) ;
#6013 = AXIS2_PLACEMENT_3D ( 'NONE', #1461, #5899, #2106 ) ;
#6014 = CARTESIAN_POINT ( 'NONE',  ( 0.04626371558791461700, -1.167778472435152100, -0.2395377386675599500 ) ) ;
#6015 = EDGE_CURVE ( 'NONE', #7343, #3929, #1996, .T. ) ;
#6016 = ORIENTED_EDGE ( 'NONE', *, *, #6573, .T. ) ;
#6017 =( LENGTH_UNIT ( ) NAMED_UNIT ( * ) SI_UNIT ( .MILLI., .METRE. ) );
#6018 = ORIENTED_EDGE ( 'NONE', *, *, #7607, .T. ) ;
#6019 = CARTESIAN_POINT ( 'NONE',  ( 0.1326020296073423500, 0.3273490054101360600, 0.3687570877325441200 ) ) ;
#6020 = PRESENTATION_LAYER_ASSIGNMENT (  '', '', ( #5172 ) ) ;
#6021 = CARTESIAN_POINT ( 'NONE',  ( -0.1193574644838563500, 0.3156482192581230300, -0.3771931540864308400 ) ) ;
#6022 = VERTEX_POINT ( 'NONE', #6315 ) ;
#6023 = CARTESIAN_POINT ( 'NONE',  ( 0.1248033579252673800, 0.3538856254734787900, -0.4260215723549462000 ) ) ;
#6024 = DIRECTION ( 'NONE',  ( -1.000000000000000000, 0.0000000000000000000, 0.0000000000000000000 ) ) ;
#6025 = CARTESIAN_POINT ( 'NONE',  ( 0.4439249933206987400, 0.3543379074933978900, 5.436513221317039400E-017 ) ) ;
#6026 = STYLED_ITEM ( 'NONE', ( #4252 ), #7077 ) ;
#6027 = CARTESIAN_POINT ( 'NONE',  ( 0.08502834873755678300, 0.3681057958586377900, 0.4152054265852254100 ) ) ;
#6028 = AXIS2_PLACEMENT_3D ( 'NONE', #6942, #3155, #7591 ) ;
#6029 = EDGE_CURVE ( 'NONE', #3774, #3754, #3697, .T. ) ;
#6030 = FILL_AREA_STYLE_COLOUR ( '', #2851 ) ;
#6031 = DIRECTION ( 'NONE',  ( 0.0000000000000000000, -0.08015153732945326500, -0.9967826899900124000 ) ) ;
#6032 = ORIENTED_EDGE ( 'NONE', *, *, #5636, .T. ) ;
#6033 = ADVANCED_FACE ( 'NONE', ( #5175 ), #1199, .T. ) ;
#6034 = CARTESIAN_POINT ( 'NONE',  ( 3.107117802025520800E-018, 0.3534279700348353400, 0.0000000000000000000 ) ) ;
#6035 = DIRECTION ( 'NONE',  ( -0.0000000000000000000, 0.0000000000000000000, 1.000000000000000000 ) ) ;
#6036 = EDGE_LOOP ( 'NONE', ( #3993, #1837, #4485 ) ) ;
#6037 =( LENGTH_UNIT ( ) NAMED_UNIT ( * ) SI_UNIT ( .MILLI., .METRE. ) );
#6038 = ADVANCED_FACE ( 'NONE', ( #6262 ), #7144, .T. ) ;
#6039 = CARTESIAN_POINT ( 'NONE',  ( 0.02738726848234692900, -1.189391029475327600, 0.2501286447246700600 ) ) ;
#6040 =( GEOMETRIC_REPRESENTATION_CONTEXT ( 3 ) GLOBAL_UNCERTAINTY_ASSIGNED_CONTEXT ( ( #4626 ) ) GLOBAL_UNIT_ASSIGNED_CONTEXT ( ( #7532, #3742, #8175 ) ) REPRESENTATION_CONTEXT ( 'NONE', 'WORKASPACE' ) );
#6041 = CARTESIAN_POINT ( 'NONE',  ( 0.9581966011250107100, 1.294999999999999900, -1.270000000000000000 ) ) ;
#6042 = UNCERTAINTY_MEASURE_WITH_UNIT (LENGTH_MEASURE( 1.000000000000000100E-005 ), #5096, 'distance_accuracy_value', 'NONE');
#6043 = EDGE_CURVE ( 'NONE', #6353, #1110, #5673, .T. ) ;
#6044 =( NAMED_UNIT ( * ) PLANE_ANGLE_UNIT ( ) SI_UNIT ( $, .RADIAN. ) );
#6045 = FACE_OUTER_BOUND ( 'NONE', #7712, .T. ) ;
#6046 = ORIENTED_EDGE ( 'NONE', *, *, #7978, .T. ) ;
#6047 = CARTESIAN_POINT ( 'NONE',  ( 1.270000000000000000, -1.294999999999999900, -0.6700000000000003700 ) ) ;
#6048 = SURFACE_STYLE_USAGE ( .BOTH. , #1605 ) ;
#6049 =( LENGTH_UNIT ( ) NAMED_UNIT ( * ) SI_UNIT ( .MILLI., .METRE. ) );
#6050 = CARTESIAN_POINT ( 'NONE',  ( -1.208196601125011400, -1.395000000000000000, -0.6700000000000001500 ) ) ;
#6051 = DIRECTION ( 'NONE',  ( 1.447553700753488400E-016, -1.000000000000000000, 0.0000000000000000000 ) ) ;
#6052 = SURFACE_STYLE_USAGE ( .BOTH. , #1610 ) ;
#6053 = FACE_OUTER_BOUND ( 'NONE', #1086, .T. ) ;
#6054 =( BOUNDED_SURFACE ( )  B_SPLINE_SURFACE ( 3, 2, ( 
 ( #437, #2315, #1078 ),
 ( #5522, #1719, #6168 ),
 ( #2370, #6800, #5157 ),
 ( #1354, #5793, #1998 ) ),
 .UNSPECIFIED., .F., .F., .T. ) 
 B_SPLINE_SURFACE_WITH_KNOTS ( ( 4, 4 ),
 ( 3, 3 ),
 ( -1.450265255664487700E-017, 0.001506231223347975300 ),
 ( 0.0000000000000000000, 1.000000000000000000 ),
 .UNSPECIFIED. ) 
 GEOMETRIC_REPRESENTATION_ITEM ( )  RATIONAL_B_SPLINE_SURFACE ( (
 ( 1.000000000000000000, 0.5690035219446314400, 1.000000000000000000),
 ( 1.000000000000000000, 0.5876933641492647600, 1.000000000000000000),
 ( 1.000000000000000000, 0.6105280666899819400, 1.000000000000000000),
 ( 1.000000000000000000, 0.6463599364778642700, 1.000000000000000000) ) ) 
 REPRESENTATION_ITEM ( '' )  SURFACE ( )  );
#6055 = CARTESIAN_POINT ( 'NONE',  ( -0.6399999999999993500, 0.6550000000000000300, 7.837739514543053000E-017 ) ) ;
#6056 = ORIENTED_EDGE ( 'NONE', *, *, #6622, .F. ) ;
#6057 = FILL_AREA_STYLE_COLOUR ( '', #6826 ) ;
#6058 = CIRCLE ( 'NONE', #7825, 0.2567686891652983200 ) ;
#6059 = TOROIDAL_SURFACE ( 'NONE', #2151, 0.3049999999999997200, 0.05000000000000000300 ) ;
#6060 = EDGE_CURVE ( 'NONE', #770, #8058, #3985, .T. ) ;
#6061 = VERTEX_POINT ( 'NONE', #4495 ) ;
#6062 = MECHANICAL_DESIGN_GEOMETRIC_PRESENTATION_REPRESENTATION (  '', ( #5208 ), #6475 ) ;
#6063 = CARTESIAN_POINT ( 'NONE',  ( -0.07861333816483154200, 0.3725457323126159000, 0.4171602865974307600 ) ) ;
#6064 = FACE_OUTER_BOUND ( 'NONE', #3034, .T. ) ;
#6065 = CARTESIAN_POINT ( 'NONE',  ( -0.1069241233671471000, 0.3402872455622173400, 0.3947430299118224200 ) ) ;
#6066 = CIRCLE ( 'NONE', #5740, 0.2549999999999999500 ) ;
#6067 = VERTEX_POINT ( 'NONE', #669 ) ;
#6068 = FACE_OUTER_BOUND ( 'NONE', #508, .T. ) ;
#6069 =( LENGTH_UNIT ( ) NAMED_UNIT ( * ) SI_UNIT ( .MILLI., .METRE. ) );
#6070 = DIRECTION ( 'NONE',  ( 1.000000000000000000, 1.694065894508602400E-016, 0.0000000000000000000 ) ) ;
#6071 = PRESENTATION_LAYER_ASSIGNMENT (  '', '', ( #5651 ) ) ;
#6072 = AXIS2_PLACEMENT_3D ( 'NONE', #5993, #2198, #6628 ) ;
#6073 = ORIENTED_EDGE ( 'NONE', *, *, #5876, .F. ) ;
#6074 = CARTESIAN_POINT ( 'NONE',  ( 0.08821415464604741300, 0.3649734080975589000, -0.4012753796514045800 ) ) ;
#6075 = AXIS2_PLACEMENT_3D ( 'NONE', #2822, #3436, #5987 ) ;
#6076 = ORIENTED_EDGE ( 'NONE', *, *, #8196, .F. ) ;
#6077 = CARTESIAN_POINT ( 'NONE',  ( -1.370000000000000100, 1.395000000000000000, 0.0000000000000000000 ) ) ;
#6078 = CARTESIAN_POINT ( 'NONE',  ( -0.1250000000000000600, 0.2666198487095667900, 0.3897197719169305200 ) ) ;
#6079 = DIRECTION ( 'NONE',  ( 1.447553700753488400E-016, -1.000000000000000000, 0.0000000000000000000 ) ) ;
#6080 =( LENGTH_UNIT ( ) NAMED_UNIT ( * ) SI_UNIT ( .MILLI., .METRE. ) );
#6081 = ORIENTED_EDGE ( 'NONE', *, *, #6944, .T. ) ;
#6082 = CARTESIAN_POINT ( 'NONE',  ( 0.02667085682133423000, -1.200077168009462800, 2.299878373011538100E-020 ) ) ;
#6083 = DIRECTION ( 'NONE',  ( 1.447553700753488400E-016, -1.000000000000000000, 0.0000000000000000000 ) ) ;
#6084 = SURFACE_SIDE_STYLE ('',( #7247 ) ) ;
#6085 = ADVANCED_FACE ( 'NONE', ( #2095 ), #1898, .T. ) ;
#6086 = AXIS2_PLACEMENT_3D ( 'NONE', #3471, #3530, #7980 ) ;
#6087 = DIRECTION ( 'NONE',  ( 1.000000000000000000, 1.468190441907455200E-016, 0.0000000000000000000 ) ) ;
#6088 = CARTESIAN_POINT ( 'NONE',  ( 0.4500000000000050100, 0.8722442183630783100, 5.510910596163151200E-017 ) ) ;
#6089 = CARTESIAN_POINT ( 'NONE',  ( 1.270000000000001100, -1.294999999999999900, 0.7699999999999974600 ) ) ;
#6090 = PRESENTATION_STYLE_ASSIGNMENT (( #3007 ) ) ;
#6091 =( NAMED_UNIT ( * ) PLANE_ANGLE_UNIT ( ) SI_UNIT ( $, .RADIAN. ) );
#6092 = DIRECTION ( 'NONE',  ( -2.168404344971007700E-015, 0.0000000000000000000, 1.000000000000000000 ) ) ;
#6093 = LINE ( 'NONE', #6595, #7788 ) ;
#6094 = ADVANCED_BREP_SHAPE_REPRESENTATION ( '', ( #6900, #3487, #5115, #4353 ), #3919 ) ;
#6095 = DIRECTION ( 'NONE',  ( -1.000000000000000000, -1.376153063234101000E-016, 8.881784197001252300E-016 ) ) ;
#6096 = STYLED_ITEM ( 'NONE', ( #634 ), #7797 ) ;
#6097 = CARTESIAN_POINT ( 'NONE',  ( -0.1250013331629261600, 0.2666397344323882500, 0.3792115224422809600 ) ) ;
#6098 = CARTESIAN_POINT ( 'NONE',  ( -0.1062886400036093000, 0.3413285760980795400, -0.3950912003880972000 ) ) ;
#6099 = EDGE_CURVE ( 'NONE', #3005, #4631, #4577, .T. ) ;
#6100 = ORIENTED_EDGE ( 'NONE', *, *, #4571, .T. ) ;
#6101 =( GEOMETRIC_REPRESENTATION_CONTEXT ( 3 ) GLOBAL_UNCERTAINTY_ASSIGNED_CONTEXT ( ( #1169 ) ) GLOBAL_UNIT_ASSIGNED_CONTEXT ( ( #2846, #7260, #3464 ) ) REPRESENTATION_CONTEXT ( 'NONE', 'WORKASPACE' ) );
#6102 = CIRCLE ( 'NONE', #2014, 0.9099999999999992500 ) ;
#6103 = DIRECTION ( 'NONE',  ( -0.4472135954999583200, 0.0000000000000000000, -0.8944271909999156300 ) ) ;
#6104 = B_SPLINE_CURVE_WITH_KNOTS ( 'NONE', 3,
 ( #4344, #8137, #3712, #522, #4976, #1168, #5610 ),
 .UNSPECIFIED., .F., .F.,
 ( 4, 3, 4 ),
 ( 0.0000000000000000000, 0.0007138056674576347100, 0.001476253621438100100 ),
 .UNSPECIFIED. ) ;
#6105 = ORIENTED_EDGE ( 'NONE', *, *, #6690, .T. ) ;
#6106 = FILL_AREA_STYLE ('',( #1632 ) ) ;
#6107 = ORIENTED_EDGE ( 'NONE', *, *, #1475, .T. ) ;
#6108 = FACE_OUTER_BOUND ( 'NONE', #5029, .T. ) ;
#6109 = EDGE_CURVE ( 'NONE', #2580, #4791, #593, .T. ) ;
#6110 = DIRECTION ( 'NONE',  ( -0.0000000000000000000, -0.0000000000000000000, -1.000000000000000000 ) ) ;
#6111 = DIRECTION ( 'NONE',  ( 0.0000000000000000000, 0.0000000000000000000, -1.000000000000000000 ) ) ;
#6112 = CARTESIAN_POINT ( 'NONE',  ( -0.1049532641402325000, 0.3434097392605768900, 0.3956287701370937400 ) ) ;
#6113 = FILL_AREA_STYLE ('',( #2966 ) ) ;
#6114 = DIRECTION ( 'NONE',  ( -0.5056284834390527600, 0.8292512751021637900, -0.2380801534705472800 ) ) ;
#6115 = ORIENTED_EDGE ( 'NONE', *, *, #1219, .T. ) ;
#6116 = ORIENTED_EDGE ( 'NONE', *, *, #739, .F. ) ;
#6117 = FACE_OUTER_BOUND ( 'NONE', #1029, .T. ) ;
#6118 = DIRECTION ( 'NONE',  ( 2.168404344971007700E-015, 0.0000000000000000000, -1.000000000000000000 ) ) ;
#6119 = CARTESIAN_POINT ( 'NONE',  ( -0.1250000000000000600, 0.2666198487095667900, -0.3792098549233096100 ) ) ;
#6120 = ORIENTED_EDGE ( 'NONE', *, *, #6402, .T. ) ;
#6121 = PRESENTATION_LAYER_ASSIGNMENT (  '', '', ( #5699 ) ) ;
#6122 = CARTESIAN_POINT ( 'NONE',  ( -0.1158231730575406700, 0.3543379074933323300, 0.3765128058188666500 ) ) ;
#6123 = MECHANICAL_DESIGN_GEOMETRIC_PRESENTATION_REPRESENTATION (  '', ( #4430 ), #6541 ) ;
#6124 = CIRCLE ( 'NONE', #6257, 0.3293303437365926500 ) ;
#6125 = ADVANCED_FACE ( 'NONE', ( #6957 ), #4488, .F. ) ;
#6126 = SURFACE_STYLE_USAGE ( .BOTH. , #1685 ) ;
#6127 = DIRECTION ( 'NONE',  ( -1.447553700753488400E-016, 1.000000000000000000, -0.0000000000000000000 ) ) ;
#6128 = ORIENTED_EDGE ( 'NONE', *, *, #365, .T. ) ;
#6129 = CARTESIAN_POINT ( 'NONE',  ( -0.1528365209496182800, 0.2771113002136889000, -0.4093663275833519500 ) ) ;
#6130 = FACE_OUTER_BOUND ( 'NONE', #4924, .T. ) ;
#6131 = PRESENTATION_LAYER_ASSIGNMENT (  '', '', ( #5710 ) ) ;
#6132 = CARTESIAN_POINT ( 'NONE',  ( -0.04871562132026853500, -1.157692601890377300, -0.1101532950305008600 ) ) ;
#6133 =( NAMED_UNIT ( * ) SI_UNIT ( $, .STERADIAN. ) SOLID_ANGLE_UNIT ( ) );
#6134 = CARTESIAN_POINT ( 'NONE',  ( 0.1040159741207387900, 0.3448965713672779700, -0.3798949086677320100 ) ) ;
#6135 = CARTESIAN_POINT ( 'NONE',  ( -0.1398566066356277400, 0.2639457934735198200, 0.4129133576693511700 ) ) ;
#6136 = DIRECTION ( 'NONE',  ( 0.0000000000000000000, 1.000000000000000000, 0.0000000000000000000 ) ) ;
#6137 = CIRCLE ( 'NONE', #5653, 0.01999999999999998000 ) ;
#6138 = VERTEX_POINT ( 'NONE', #7472 ) ;
#6139 = VERTEX_POINT ( 'NONE', #3688 ) ;
#6140 = CARTESIAN_POINT ( 'NONE',  ( -0.09664169430466182400, 0.3800407898022525300, -0.3820143417708763400 ) ) ;
#6141 = FILL_AREA_STYLE ('',( #2969 ) ) ;
#6142 = CARTESIAN_POINT ( 'NONE',  ( -0.04570075268138970600, -1.164291846224488700, 0.2456619644951617300 ) ) ;
#6143 = PRESENTATION_STYLE_ASSIGNMENT (( #7375 ) ) ;
#6144 = ORIENTED_EDGE ( 'NONE', *, *, #1425, .T. ) ;
#6145 = FILL_AREA_STYLE_COLOUR ( '', #7940 ) ;
#6146 = CARTESIAN_POINT ( 'NONE',  ( 0.1193854899517579900, 0.3283519445658925600, 0.4264694617685297900 ) ) ;
#6147 = EDGE_CURVE ( 'NONE', #5464, #970, #7862, .T. ) ;
#6148 = ORIENTED_EDGE ( 'NONE', *, *, #4298, .F. ) ;
#6149 = ORIENTED_EDGE ( 'NONE', *, *, #769, .F. ) ;
#6150 = SPHERICAL_SURFACE ( 'NONE', #4231, 0.1000000000000000100 ) ;
#6151 = DIRECTION ( 'NONE',  ( 1.000000000000000000, 2.551063935260012500E-016, 0.0000000000000000000 ) ) ;
#6152 = UNCERTAINTY_MEASURE_WITH_UNIT (LENGTH_MEASURE( 1.000000000000000100E-005 ), #654, 'distance_accuracy_value', 'NONE');
#6153 = DIRECTION ( 'NONE',  ( 1.447553700753488400E-016, -1.000000000000000000, 0.0000000000000000000 ) ) ;
#6154 = DIRECTION ( 'NONE',  ( 0.0000000000000000000, -0.0000000000000000000, 1.000000000000000000 ) ) ;
#6155 = CIRCLE ( 'NONE', #1443, 0.4792893218813447700 ) ;
#6156 = ORIENTED_EDGE ( 'NONE', *, *, #7420, .T. ) ;
#6157 = COLOUR_RGB ( '',0.8941176470588234600, 0.9137254901960784000, 0.9294117647058823800 ) ;
#6158 = COLOUR_RGB ( '',0.1098039215686274500, 0.1098039215686274500, 0.1098039215686274500 ) ;
#6159 = DIRECTION ( 'NONE',  ( -1.000000000000000000, 0.0000000000000000000, 0.0000000000000000000 ) ) ;
#6160 = DIRECTION ( 'NONE',  ( 0.0000000000000000000, 0.0000000000000000000, 1.000000000000000000 ) ) ;
#6161 = EDGE_CURVE ( 'NONE', #7821, #6444, #6364, .T. ) ;
#6162 = CYLINDRICAL_SURFACE ( 'NONE', #7773, 0.1000000000000000300 ) ;
#6163 = PRESENTATION_LAYER_ASSIGNMENT (  '', '', ( #5316 ) ) ;
#6164 = DIRECTION ( 'NONE',  ( 0.0000000000000000000, 0.0000000000000000000, 1.000000000000000000 ) ) ;
#6165 = LINE ( 'NONE', #1796, #7655 ) ;
#6166 = ORIENTED_EDGE ( 'NONE', *, *, #242, .F. ) ;
#6167 = CIRCLE ( 'NONE', #3580, 0.05000000000000002400 ) ;
#6168 = CARTESIAN_POINT ( 'NONE',  ( -0.1175578686438488200, -0.2361828567471634400, -0.3725520193522592300 ) ) ;
#6169 = CARTESIAN_POINT ( 'NONE',  ( 0.5999999999999999800, -0.1631138830084181400, 7.347880794884117800E-017 ) ) ;
#6170 = DIRECTION ( 'NONE',  ( 1.447553700753488400E-016, -1.000000000000000000, 0.0000000000000000000 ) ) ;
#6171 =( LENGTH_UNIT ( ) NAMED_UNIT ( * ) SI_UNIT ( .MILLI., .METRE. ) );
#6172 = CARTESIAN_POINT ( 'NONE',  ( 0.07340492231276205000, 0.3992048752146421500, -0.3872283701737905800 ) ) ;
#6173 = ORIENTED_EDGE ( 'NONE', *, *, #5776, .F. ) ;
#6174 = EDGE_CURVE ( 'NONE', #3748, #2062, #4687, .T. ) ;
#6175 = AXIS2_PLACEMENT_3D ( 'NONE', #6505, #2729, #7140 ) ;
#6176 = CARTESIAN_POINT ( 'NONE',  ( -0.06643716516214005800, 0.3821562152951315000, 0.4069168333402187800 ) ) ;
#6177 = CARTESIAN_POINT ( 'NONE',  ( -0.04630770841790538000, -1.150767665139401200, -0.2525584207203404000 ) ) ;
#6178 = CARTESIAN_POINT ( 'NONE',  ( -0.06872379082211294000, 0.3850419644817978900, 0.4217729044019211100 ) ) ;
#6179 = EDGE_CURVE ( 'NONE', #3830, #37, #3000, .T. ) ;
#6180 = DIRECTION ( 'NONE',  ( 1.447553700753488400E-016, -1.000000000000000000, 0.0000000000000000000 ) ) ;
#6181 = ORIENTED_EDGE ( 'NONE', *, *, #3192, .F. ) ;
#6182 = EDGE_LOOP ( 'NONE', ( #1403, #7218, #740, #3257 ) ) ;
#6183 = LINE ( 'NONE', #5575, #4501 ) ;
#6184 = CARTESIAN_POINT ( 'NONE',  ( 0.5853553390593279100, -2.709644660940672800, 7.168535423428189300E-017 ) ) ;
#6185 = DIRECTION ( 'NONE',  ( -1.000000000000000000, 0.0000000000000000000, 0.0000000000000000000 ) ) ;
#6186 = STYLED_ITEM ( 'NONE', ( #1682 ), #1040 ) ;
#6187 = CARTESIAN_POINT ( 'NONE',  ( 0.02938698221212825800, -1.159562902564538900, -0.2705623892716492700 ) ) ;
#6188 = MECHANICAL_DESIGN_GEOMETRIC_PRESENTATION_REPRESENTATION (  '', ( #5337 ), #6602 ) ;
#6189 = DIRECTION ( 'NONE',  ( 1.000000000000000000, 1.447553700753488400E-016, 0.0000000000000000000 ) ) ;
#6190 = CIRCLE ( 'NONE', #3518, 0.05000000000000002400 ) ;
#6191 = SURFACE_SIDE_STYLE ('',( #5295 ) ) ;
#6192 = CARTESIAN_POINT ( 'NONE',  ( -0.1265621240607176500, 0.3529725753211353500, -0.4254527066161757400 ) ) ;
#6193 = DIRECTION ( 'NONE',  ( -1.447553700753488400E-016, 1.000000000000000000, -0.0000000000000000000 ) ) ;
#6194 = CARTESIAN_POINT ( 'NONE',  ( 5.252686605834296200E-017, -7.114999999999997500, 0.0000000000000000000 ) ) ;
#6195 = DIRECTION ( 'NONE',  ( -1.447553700753488400E-016, 1.000000000000000000, -0.0000000000000000000 ) ) ;
#6196 = MECHANICAL_DESIGN_GEOMETRIC_PRESENTATION_REPRESENTATION (  '', ( #5347 ), #6611 ) ;
#6197 = PRESENTATION_LAYER_ASSIGNMENT (  '', '', ( #4913 ) ) ;
#6198 = CYLINDRICAL_SURFACE ( 'NONE', #2290, 0.6099999999999994300 ) ;
#6199 = B_SPLINE_CURVE_WITH_KNOTS ( 'NONE', 3,
 ( #3311, #2698, #3962, #142, #4604, #783, #5236 ),
 .UNSPECIFIED., .F., .F.,
 ( 4, 3, 4 ),
 ( 2.995445762590331200E-018, 0.0007443508011428102500, 0.001425079423463896400 ),
 .UNSPECIFIED. ) ;
#6200 = CARTESIAN_POINT ( 'NONE',  ( 0.08747102201907870600, 0.3656845565829364700, 0.4014391905869027500 ) ) ;
#6201 = DIRECTION ( 'NONE',  ( -1.000000000000000000, -2.761970602221055800E-016, 0.0000000000000000000 ) ) ;
#6202 = CARTESIAN_POINT ( 'NONE',  ( -1.476660268557142200E-016, 1.395000000000000000, 0.0000000000000000000 ) ) ;
#6203 = SURFACE_SIDE_STYLE ('',( #5659 ) ) ;
#6204 = VERTEX_POINT ( 'NONE', #1150 ) ;
#6205 = CIRCLE ( 'NONE', #5625, 0.01999999999999999700 ) ;
#6206 = DIRECTION ( 'NONE',  ( -1.447553700753488400E-016, 1.000000000000000000, -0.0000000000000000000 ) ) ;
#6207 =( GEOMETRIC_REPRESENTATION_CONTEXT ( 3 ) GLOBAL_UNCERTAINTY_ASSIGNED_CONTEXT ( ( #1412 ) ) GLOBAL_UNIT_ASSIGNED_CONTEXT ( ( #7080, #3285, #7734 ) ) REPRESENTATION_CONTEXT ( 'NONE', 'WORKASPACE' ) );
#6208 = EDGE_CURVE ( 'NONE', #3118, #5287, #6167, .T. ) ;
#6209 = UNCERTAINTY_MEASURE_WITH_UNIT (LENGTH_MEASURE( 1.000000000000000100E-005 ), #1283, 'distance_accuracy_value', 'NONE');
#6210 = EDGE_LOOP ( 'NONE', ( #5423, #3129, #7432 ) ) ;
#6211 = STYLED_ITEM ( 'NONE', ( #132 ), #2213 ) ;
#6212 = ORIENTED_EDGE ( 'NONE', *, *, #402, .T. ) ;
#6213 = DIRECTION ( 'NONE',  ( -1.447553700753488400E-016, 1.000000000000000000, -0.0000000000000000000 ) ) ;
#6214 = CARTESIAN_POINT ( 'NONE',  ( 0.05800982344403921000, -0.7326189214847285100, 0.3163088543493389200 ) ) ;
#6215 = CONICAL_SURFACE ( 'NONE', #5462, 0.2549525735447551500, 0.09093103908173244500 ) ;
#6216 = CARTESIAN_POINT ( 'NONE',  ( -0.02774434385279769500, -1.184064822374825800, 0.1903871192432002900 ) ) ;
#6217 = EDGE_LOOP ( 'NONE', ( #7648, #7569 ) ) ;
#6218 = EDGE_CURVE ( 'NONE', #3447, #1334, #1613, .T. ) ;
#6219 = CARTESIAN_POINT ( 'NONE',  ( 2.284470036375957900E-016, -1.203266511961066800, 0.0000000000000000000 ) ) ;
#6220 = CARTESIAN_POINT ( 'NONE',  ( -0.02518493701619163600, -1.223104437731150200, -0.2780731727062196700 ) ) ;
#6221 = PRESENTATION_LAYER_ASSIGNMENT (  '', '', ( #4944 ) ) ;
#6222 = FILL_AREA_STYLE ('',( #500 ) ) ;
#6223 = DIRECTION ( 'NONE',  ( -1.000000000000000000, -2.382861917550561300E-016, 0.0000000000000000000 ) ) ;
#6224 = ORIENTED_EDGE ( 'NONE', *, *, #78, .T. ) ;
#6225 = FACE_OUTER_BOUND ( 'NONE', #5870, .T. ) ;
#6226 = SURFACE_STYLE_FILL_AREA ( #2293 ) ;
#6227 = CARTESIAN_POINT ( 'NONE',  ( 0.02513773585898746900, -1.222945504588554400, -0.2763272670030122400 ) ) ;
#6228 = FILL_AREA_STYLE_COLOUR ( '', #176 ) ;
#6229 = MECHANICAL_DESIGN_GEOMETRIC_PRESENTATION_REPRESENTATION (  '', ( #5382 ), #6650 ) ;
#6230 = STYLED_ITEM ( 'NONE', ( #6090 ), #5453 ) ;
#6231 = CARTESIAN_POINT ( 'NONE',  ( -1.476660268557142200E-016, 1.395000000000000000, 0.0000000000000000000 ) ) ;
#6232 = MECHANICAL_DESIGN_GEOMETRIC_PRESENTATION_REPRESENTATION (  '', ( #4542 ), #6654 ) ;
#6233 = CARTESIAN_POINT ( 'NONE',  ( -5.357503630673745900E-017, 0.7450000000000000000, 0.0000000000000000000 ) ) ;
#6234 = SURFACE_SIDE_STYLE ('',( #2350 ) ) ;
#6235 = ORIENTED_EDGE ( 'NONE', *, *, #6898, .F. ) ;
#6236 = AXIS2_PLACEMENT_3D ( 'NONE', #1502, #5939, #2149 ) ;
#6237 = ORIENTED_EDGE ( 'NONE', *, *, #6739, .T. ) ;
#6238 = CYLINDRICAL_SURFACE ( 'NONE', #383, 0.1000000000000000500 ) ;
#6239 = CARTESIAN_POINT ( 'NONE',  ( -0.03001871923576299500, -1.150139787728350300, -0.03936446250195122000 ) ) ;
#6240 = PRESENTATION_STYLE_ASSIGNMENT (( #4950 ) ) ;
#6241 = CARTESIAN_POINT ( 'NONE',  ( -0.3998154356757371300, 0.8936853245068845400, 0.0000000000000000000 ) ) ;
#6242 = CARTESIAN_POINT ( 'NONE',  ( -0.1451101359897605800, 0.3196742377065204800, -0.4163025936544768000 ) ) ;
#6243 = CARTESIAN_POINT ( 'NONE',  ( 0.1518986748799413000, 0.2634659119465356200, -0.4083876577056689300 ) ) ;
#6244 = CIRCLE ( 'NONE', #7827, 0.2549999999999996700 ) ;
#6245 = CARTESIAN_POINT ( 'NONE',  ( -7.304618040577854600E-017, 0.8795106857790895300, 0.0000000000000000000 ) ) ;
#6246 = DIRECTION ( 'NONE',  ( -0.4472135954999579300, 0.0000000000000000000, 0.8944271909999158600 ) ) ;
#6247 = ORIENTED_EDGE ( 'NONE', *, *, #518, .F. ) ;
#6248 = CARTESIAN_POINT ( 'NONE',  ( 0.1378435408756127900, 0.2670981431876220900, -0.3606053945049981200 ) ) ;
#6249 = CYLINDRICAL_SURFACE ( 'NONE', #4551, 0.2549999999999996700 ) ;
#6250 = AXIS2_PLACEMENT_3D ( 'NONE', #5452, #1652, #6095 ) ;
#6251 = DIRECTION ( 'NONE',  ( 1.000000000000000000, 0.0000000000000000000, 0.0000000000000000000 ) ) ;
#6252 = UNCERTAINTY_MEASURE_WITH_UNIT (LENGTH_MEASURE( 1.000000000000000100E-005 ), #7170, 'distance_accuracy_value', 'NONE');
#6253 = DIRECTION ( 'NONE',  ( 1.000000000000000000, 0.0000000000000000000, 0.0000000000000000000 ) ) ;
#6254 = EDGE_CURVE ( 'NONE', #5321, #312, #7658, .T. ) ;
#6255 = DIRECTION ( 'NONE',  ( -1.000000000000000000, -1.442602988292481700E-016, 0.0000000000000000000 ) ) ;
#6256 = VERTEX_POINT ( 'NONE', #4377 ) ;
#6257 = AXIS2_PLACEMENT_3D ( 'NONE', #7693, #3894, #54 ) ;
#6258 =( LENGTH_UNIT ( ) NAMED_UNIT ( * ) SI_UNIT ( .MILLI., .METRE. ) );
#6259 = LINE ( 'NONE', #971, #4581 ) ;
#6260 = VERTEX_POINT ( 'NONE', #6920 ) ;
#6261 = CARTESIAN_POINT ( 'NONE',  ( -0.04748845423716500900, -1.169016252668703100, -0.2318383475599942500 ) ) ;
#6262 = FACE_OUTER_BOUND ( 'NONE', #3435, .T. ) ;
#6263 = DIRECTION ( 'NONE',  ( 1.000000000000000000, 0.0000000000000000000, -1.224646799147353200E-016 ) ) ;
#6264 = CARTESIAN_POINT ( 'NONE',  ( -0.1170318680203176300, 0.3209844147776218500, -0.3887347037596186600 ) ) ;
#6265 = CARTESIAN_POINT ( 'NONE',  ( 0.09089419545104600300, 0.3945388612804520700, 0.3841815150739038600 ) ) ;
#6266 = EDGE_CURVE ( 'NONE', #3925, #7948, #128, .T. ) ;
#6267 = AXIS2_PLACEMENT_3D ( 'NONE', #735, #5189, #1384 ) ;
#6268 = CARTESIAN_POINT ( 'NONE',  ( 0.3293303437365931500, -2.845000000000000600, 4.033133513191157700E-017 ) ) ;
#6269 = CARTESIAN_POINT ( 'NONE',  ( 0.04665775062062292600, -1.207915624153595500, 0.2978556382280127000 ) ) ;
#6270 = CARTESIAN_POINT ( 'NONE',  ( -0.04784238332213559100, -1.168868921937334300, -0.2301144326777097300 ) ) ;
#6271 = SURFACE_STYLE_FILL_AREA ( #1352 ) ;
#6272 = CARTESIAN_POINT ( 'NONE',  ( -0.03003326316415963500, -1.149922847605604700, 0.2556207292921415200 ) ) ;
#6273 = ORIENTED_EDGE ( 'NONE', *, *, #354, .F. ) ;
#6274 = EDGE_LOOP ( 'NONE', ( #5961, #6081, #2041, #1704 ) ) ;
#6275 = COLOUR_RGB ( '',0.8941176470588234600, 0.9137254901960784000, 0.9294117647058823800 ) ;
#6276 = CARTESIAN_POINT ( 'NONE',  ( 0.02440953029113148600, -1.233807563378102900, -0.2991301420150900300 ) ) ;
#6277 = SURFACE_STYLE_USAGE ( .BOTH. , #1835 ) ;
#6278 = FILL_AREA_STYLE_COLOUR ( '', #4741 ) ;
#6279 = PRESENTATION_LAYER_ASSIGNMENT (  '', '', ( #5012 ) ) ;
#6280 = MECHANICAL_DESIGN_GEOMETRIC_PRESENTATION_REPRESENTATION (  '', ( #5425 ), #6708 ) ;
#6281 = ORIENTED_EDGE ( 'NONE', *, *, #7372, .F. ) ;
#6282 = DIRECTION ( 'NONE',  ( 0.0000000000000000000, 0.0000000000000000000, 1.000000000000000000 ) ) ;
#6283 =( LENGTH_UNIT ( ) NAMED_UNIT ( * ) SI_UNIT ( .MILLI., .METRE. ) );
#6284 = CARTESIAN_POINT ( 'NONE',  ( -0.1239110127981550400, 0.3543379074933982700, 0.4262809643909963900 ) ) ;
#6285 = CARTESIAN_POINT ( 'NONE',  ( -0.4792893218813443200, -2.795000000000000800, 0.0000000000000000000 ) ) ;
#6286 =( LENGTH_UNIT ( ) NAMED_UNIT ( * ) SI_UNIT ( .MILLI., .METRE. ) );
#6287 = CARTESIAN_POINT ( 'NONE',  ( -1.476660268557142200E-016, 1.395000000000000000, 0.0000000000000000000 ) ) ;
#6288 = AXIS2_PLACEMENT_3D ( 'NONE', #2639, #7056, #3250 ) ;
#6289 = CARTESIAN_POINT ( 'NONE',  ( -0.1388069790625194300, 0.3346098392508813900, 0.4199579159115302000 ) ) ;
#6290 = CARTESIAN_POINT ( 'NONE',  ( 0.1518986748799413000, 0.2634659119465356200, -0.4083876577056688700 ) ) ;
#6291 = DIRECTION ( 'NONE',  ( -1.447553700753488400E-016, 1.000000000000000000, -0.0000000000000000000 ) ) ;
#6292 = DIRECTION ( 'NONE',  ( 1.000000000000000000, -0.0000000000000000000, 1.084202172485506600E-015 ) ) ;
#6293 = CARTESIAN_POINT ( 'NONE',  ( 0.1449552057015383900, 0.2652820275670788600, 0.3792098549233094400 ) ) ;
#6294 = CARTESIAN_POINT ( 'NONE',  ( -0.1049138835530639700, 0.3435813115014999000, -0.3790057711047750100 ) ) ;
#6295 = CARTESIAN_POINT ( 'NONE',  ( -0.9581966011250112600, -1.395000000000000000, 1.169999999999999900 ) ) ;
#6296 = ORIENTED_EDGE ( 'NONE', *, *, #2756, .F. ) ;
#6297 =( NAMED_UNIT ( * ) PLANE_ANGLE_UNIT ( ) SI_UNIT ( $, .RADIAN. ) );
#6298 = UNCERTAINTY_MEASURE_WITH_UNIT (LENGTH_MEASURE( 1.000000000000000100E-005 ), #5913, 'distance_accuracy_value', 'NONE');
#6299 = CARTESIAN_POINT ( 'NONE',  ( -1.208196601125011100, -1.395000000000000000, 0.6700000000000001500 ) ) ;
#6300 = MECHANICAL_DESIGN_GEOMETRIC_PRESENTATION_REPRESENTATION (  '', ( #5444 ), #6728 ) ;
#6301 =( GEOMETRIC_REPRESENTATION_CONTEXT ( 3 ) GLOBAL_UNCERTAINTY_ASSIGNED_CONTEXT ( ( #3248 ) ) GLOBAL_UNIT_ASSIGNED_CONTEXT ( ( #3901, #59, #4543 ) ) REPRESENTATION_CONTEXT ( 'NONE', 'WORKASPACE' ) );
#6302 = ORIENTED_EDGE ( 'NONE', *, *, #7551, .F. ) ;
#6303 = CARTESIAN_POINT ( 'NONE',  ( 0.1249999999999997400, 0.2666198487095638400, -0.3897197719169306400 ) ) ;
#6304 = EDGE_CURVE ( 'NONE', #2934, #147, #1096, .T. ) ;
#6305 = VERTEX_POINT ( 'NONE', #6285 ) ;
#6306 = SPHERICAL_SURFACE ( 'NONE', #3544, 0.1000000000000000100 ) ;
#6307 = FACE_OUTER_BOUND ( 'NONE', #3811, .T. ) ;
#6308 =( NAMED_UNIT ( * ) SI_UNIT ( $, .STERADIAN. ) SOLID_ANGLE_UNIT ( ) );
#6309 = FILL_AREA_STYLE_COLOUR ( '', #5043 ) ;
#6310 = CARTESIAN_POINT ( 'NONE',  ( 1.047639320225002300, 1.294999999999999700, -1.214721359549995700 ) ) ;
#6311 = B_SPLINE_CURVE_WITH_KNOTS ( 'NONE', 3,
 ( #7681, #2641, #3253, #7708, #3906, #71 ),
 .UNSPECIFIED., .F., .F.,
 ( 4, 2, 4 ),
 ( 0.0003012468201662696100, 0.0004398806311457225100, 0.0005785144421251754700 ),
 .UNSPECIFIED. ) ;
#6312 = CARTESIAN_POINT ( 'NONE',  ( 4.332419380703181900E-016, -2.615000000000000200, 0.0000000000000000000 ) ) ;
#6313 = VERTEX_POINT ( 'NONE', #6312 ) ;
#6314 = ORIENTED_EDGE ( 'NONE', *, *, #8116, .T. ) ;
#6315 = CARTESIAN_POINT ( 'NONE',  ( 0.1378435408756127900, 0.2670981431876220900, 0.3606053945049981200 ) ) ;
#6316 = EDGE_CURVE ( 'NONE', #1972, #4667, #2608, .T. ) ;
#6317 = DIRECTION ( 'NONE',  ( 1.000000000000000000, 2.409338161078871600E-016, 0.0000000000000000000 ) ) ;
#6318 = AXIS2_PLACEMENT_3D ( 'NONE', #7528, #3733, #8170 ) ;
#6319 = CARTESIAN_POINT ( 'NONE',  ( 0.04812986817368471200, -1.165484622976078000, -0.1921453138332420700 ) ) ;
#6320 = CARTESIAN_POINT ( 'NONE',  ( -0.02910281676341073400, -1.163801570800779400, 0.2692655299612583500 ) ) ;
#6321 = ORIENTED_EDGE ( 'NONE', *, *, #5249, .F. ) ;
#6322 = CARTESIAN_POINT ( 'NONE',  ( 0.1180253205482996400, 0.3525217918725813700, -0.3757417101685852600 ) ) ;
#6323 = VECTOR ( 'NONE', #825, 1000.000000000000100 ) ;
#6324 = VECTOR ( 'NONE', #4890, 1000.000000000000000 ) ;
#6325 = CARTESIAN_POINT ( 'NONE',  ( 0.02738722604449496400, -1.189391662486750700, -0.2501484472521965900 ) ) ;
#6326 = DIRECTION ( 'NONE',  ( 1.000000000000000000, 1.694065894508602400E-016, 0.0000000000000000000 ) ) ;
#6327 = CARTESIAN_POINT ( 'NONE',  ( -1.270000000000000000, 1.294999999999999900, -0.6700000000000002600 ) ) ;
#6328 = ORIENTED_EDGE ( 'NONE', *, *, #5513, .F. ) ;
#6329 = EDGE_CURVE ( 'NONE', #3356, #2271, #4285, .T. ) ;
#6330 = DIRECTION ( 'NONE',  ( -1.447553700753488400E-016, 1.000000000000000000, -0.0000000000000000000 ) ) ;
#6331 = CARTESIAN_POINT ( 'NONE',  ( 0.1062839540284086100, 0.3413336619116434900, -0.3950903978317718000 ) ) ;
#6332 = CARTESIAN_POINT ( 'NONE',  ( -0.1084458459607382500, 0.01969480127398190400, -0.3614336424822510700 ) ) ;
#6333 = EDGE_CURVE ( 'NONE', #454, #6256, #2810, .T. ) ;
#6334 = SURFACE_SIDE_STYLE ('',( #2864 ) ) ;
#6335 = PRODUCT_CONTEXT ( 'NONE', #3800, 'mechanical' ) ;
#6336 = ORIENTED_EDGE ( 'NONE', *, *, #6472, .T. ) ;
#6337 =( NAMED_UNIT ( * ) SI_UNIT ( $, .STERADIAN. ) SOLID_ANGLE_UNIT ( ) );
#6338 = DIRECTION ( 'NONE',  ( -1.447553700753488400E-016, 1.000000000000000000, -0.0000000000000000000 ) ) ;
#6339 = EDGE_LOOP ( 'NONE', ( #4915, #7874, #7121, #5725 ) ) ;
#6340 = DIRECTION ( 'NONE',  ( -1.000000000000000000, 0.0000000000000000000, 0.0000000000000000000 ) ) ;
#6341 = AXIS2_PLACEMENT_3D ( 'NONE', #3009, #1742, #6189 ) ;
#6342 = PRESENTATION_LAYER_ASSIGNMENT (  '', '', ( #5070 ) ) ;
#6343 =( GEOMETRIC_REPRESENTATION_CONTEXT ( 3 ) GLOBAL_UNCERTAINTY_ASSIGNED_CONTEXT ( ( #4073 ) ) GLOBAL_UNIT_ASSIGNED_CONTEXT ( ( #7087, #3413, #7864 ) ) REPRESENTATION_CONTEXT ( 'NONE', 'WORKASPACE' ) );
#6344 = FACE_OUTER_BOUND ( 'NONE', #85, .T. ) ;
#6345 = ORIENTED_EDGE ( 'NONE', *, *, #3601, .T. ) ;
#6346 = DIRECTION ( 'NONE',  ( 0.9977602850769320400, 0.06689105712424778200, 0.0000000000000000000 ) ) ;
#6347 = CARTESIAN_POINT ( 'NONE',  ( 0.02840015304511736900, -1.174282642292528800, 0.07600972812412702700 ) ) ;
#6348 = ORIENTED_EDGE ( 'NONE', *, *, #3222, .F. ) ;
#6349 = CARTESIAN_POINT ( 'NONE',  ( -0.04631214031219224600, 0.4005438535648656600, 0.4419944494817917800 ) ) ;
#6350 = MECHANICAL_DESIGN_GEOMETRIC_PRESENTATION_REPRESENTATION (  '', ( #4660 ), #6783 ) ;
#6351 = CARTESIAN_POINT ( 'NONE',  ( 0.6099999999999994300, 0.03500000000000017700, 7.470345474798846700E-017 ) ) ;
#6352 = CARTESIAN_POINT ( 'NONE',  ( 0.0000000000000000000, -1.294999999999999900, -1.270000000000000000 ) ) ;
#6353 = VERTEX_POINT ( 'NONE', #2554 ) ;
#6354 = SURFACE_STYLE_FILL_AREA ( #4017 ) ;
#6355 = DIRECTION ( 'NONE',  ( 0.0000000000000000000, 1.000000000000000000, 0.0000000000000000000 ) ) ;
#6356 = FACE_OUTER_BOUND ( 'NONE', #7009, .T. ) ;
#6357 =( LENGTH_UNIT ( ) NAMED_UNIT ( * ) SI_UNIT ( .MILLI., .METRE. ) );
#6358 = CARTESIAN_POINT ( 'NONE',  ( -0.9581966011250113700, -1.294999999999999900, 1.270000000000000000 ) ) ;
#6359 = CARTESIAN_POINT ( 'NONE',  ( 2.518587945522486000E-016, -1.395000000000000000, 0.0000000000000000000 ) ) ;
#6360 = B_SPLINE_CURVE_WITH_KNOTS ( 'NONE', 3,
 ( #1807, #3762, #2525, #6936, #3145, #7582, #3791, #8221, #4427, #604 ),
 .UNSPECIFIED., .F., .F.,
 ( 4, 3, 3, 4 ),
 ( 0.0002307887622134710800, 0.0002308527523914824000, 0.0002808870667705795800, 0.0004615884448658264400 ),
 .UNSPECIFIED. ) ;
#6361 = CARTESIAN_POINT ( 'NONE',  ( -1.370000000000000100, -1.294999999999999700, 0.6700000000000002600 ) ) ;
#6362 = ORIENTED_EDGE ( 'NONE', *, *, #2522, .T. ) ;
#6363 = CARTESIAN_POINT ( 'NONE',  ( 0.1245474411000188400, 0.2941907802027475800, 0.4126989039723217800 ) ) ;
#6364 = CIRCLE ( 'NONE', #2312, 0.1000000000000000500 ) ;
#6365 = CARTESIAN_POINT ( 'NONE',  ( -0.5999999999999994200, 0.04500000000000003300, 0.0000000000000000000 ) ) ;
#6366 = EDGE_CURVE ( 'NONE', #2393, #3118, #4085, .T. ) ;
#6367 = FACE_OUTER_BOUND ( 'NONE', #7360, .T. ) ;
#6368 = AXIS2_PLACEMENT_3D ( 'NONE', #6373, #2593, #7010 ) ;
#6369 = ORIENTED_EDGE ( 'NONE', *, *, #2919, .T. ) ;
#6370 = FACE_OUTER_BOUND ( 'NONE', #982, .T. ) ;
#6371 = DIRECTION ( 'NONE',  ( 0.0000000000000000000, 0.0000000000000000000, -1.000000000000000000 ) ) ;
#6372 = ORIENTED_EDGE ( 'NONE', *, *, #559, .F. ) ;
#6373 = CARTESIAN_POINT ( 'NONE',  ( 5.354393754902066400E-017, 0.005000000000000013100, 0.0000000000000000000 ) ) ;
#6374 = EDGE_CURVE ( 'NONE', #6067, #1874, #7444, .T. ) ;
#6375 = ORIENTED_EDGE ( 'NONE', *, *, #6316, .F. ) ;
#6376 =( GEOMETRIC_REPRESENTATION_CONTEXT ( 3 ) GLOBAL_UNCERTAINTY_ASSIGNED_CONTEXT ( ( #1320 ) ) GLOBAL_UNIT_ASSIGNED_CONTEXT ( ( #6421, #2652, #7066 ) ) REPRESENTATION_CONTEXT ( 'NONE', 'WORKASPACE' ) );
#6377 = ADVANCED_FACE ( 'NONE', ( #687 ), #8149, .T. ) ;
#6378 = SURFACE_SIDE_STYLE ('',( #548 ) ) ;
#6379 = PRESENTATION_LAYER_ASSIGNMENT (  '', '', ( #5112 ) ) ;
#6380 = CARTESIAN_POINT ( 'NONE',  ( 0.08697063665170977300, 0.3662246223616866200, 0.3883766762210700800 ) ) ;
#6381 = CARTESIAN_POINT ( 'NONE',  ( 0.0009680963135210825700, 0.4011428980052652600, -0.4142746126850973000 ) ) ;
#6382 = MECHANICAL_DESIGN_GEOMETRIC_PRESENTATION_REPRESENTATION (  '', ( #5538 ), #6818 ) ;
#6383 = CARTESIAN_POINT ( 'NONE',  ( 4.607412273058643300E-016, -2.808002996330203300, 0.0000000000000000000 ) ) ;
#6384 = CARTESIAN_POINT ( 'NONE',  ( -1.244400193985226300, -1.394999999999999800, 0.7285786437626905500 ) ) ;
#6385 = DIRECTION ( 'NONE',  ( -1.447553700753488400E-016, 1.000000000000000000, -0.0000000000000000000 ) ) ;
#6386 = DIRECTION ( 'NONE',  ( -1.000000000000000000, -1.447553700753488400E-016, 0.0000000000000000000 ) ) ;
#6387 =( GEOMETRIC_REPRESENTATION_CONTEXT ( 3 ) GLOBAL_UNCERTAINTY_ASSIGNED_CONTEXT ( ( #2507 ) ) GLOBAL_UNIT_ASSIGNED_CONTEXT ( ( #4620, #804, #5256 ) ) REPRESENTATION_CONTEXT ( 'NONE', 'WORKASPACE' ) );
#6388 = CARTESIAN_POINT ( 'NONE',  ( -0.03925233817894632800, 0.4002681801711558400, -0.3939134242445027600 ) ) ;
#6389 = VERTEX_POINT ( 'NONE', #2613 ) ;
#6390 = VECTOR ( 'NONE', #3960, 1000.000000000000100 ) ;
#6391 = FILL_AREA_STYLE_COLOUR ( '', #4132 ) ;
#6392 = UNCERTAINTY_MEASURE_WITH_UNIT (LENGTH_MEASURE( 1.000000000000000100E-005 ), #7418, 'distance_accuracy_value', 'NONE');
#6393 = CARTESIAN_POINT ( 'NONE',  ( -0.02513773585898711500, -1.222945504588554400, 0.2763272670030122400 ) ) ;
#6394 = ORIENTED_EDGE ( 'NONE', *, *, #7302, .F. ) ;
#6395 = CARTESIAN_POINT ( 'NONE',  ( -0.1180273429977300300, 0.3525217918726890100, 0.3757410748851473500 ) ) ;
#6396 = ORIENTED_EDGE ( 'NONE', *, *, #1619, .F. ) ;
#6397 = CIRCLE ( 'NONE', #6368, 0.6638742588672275100 ) ;
#6398 = DIRECTION ( 'NONE',  ( 1.447553700753488400E-016, -1.000000000000000000, 0.0000000000000000000 ) ) ;
#6399 = PRESENTATION_STYLE_ASSIGNMENT (( #6277 ) ) ;
#6400 = AXIS2_PLACEMENT_3D ( 'NONE', #108, #4578, #756 ) ;
#6401 = CARTESIAN_POINT ( 'NONE',  ( -0.1249379995298360300, 0.2656950373902949300, -0.4025597304062657500 ) ) ;
#6402 = EDGE_CURVE ( 'NONE', #6442, #4408, #1585, .T. ) ;
#6403 = EDGE_LOOP ( 'NONE', ( #2382, #951, #335 ) ) ;
#6404 = CARTESIAN_POINT ( 'NONE',  ( -0.003401734235262663500, 0.4002344007844622600, 0.4302496584017315700 ) ) ;
#6405 = CARTESIAN_POINT ( 'NONE',  ( -0.02666709960536384600, -1.222979491838891400, 0.2840257620198638500 ) ) ;
#6406 = CARTESIAN_POINT ( 'NONE',  ( -0.02513773585898713300, -1.222945504588554200, -0.2763272670030129100 ) ) ;
#6407 = LINE ( 'NONE', #5905, #8107 ) ;
#6408 = SURFACE_STYLE_FILL_AREA ( #1170 ) ;
#6409 =( LENGTH_UNIT ( ) NAMED_UNIT ( * ) SI_UNIT ( .MILLI., .METRE. ) );
#6410 = ORIENTED_EDGE ( 'NONE', *, *, #4878, .T. ) ;
#6411 = ADVANCED_FACE ( 'NONE', ( #1787 ), #6059, .F. ) ;
#6412 = EDGE_CURVE ( 'NONE', #2678, #3042, #985, .T. ) ;
#6413 = SURFACE_SIDE_STYLE ('',( #928 ) ) ;
#6414 = DIRECTION ( 'NONE',  ( 1.000000000000000000, 2.409338161078871600E-016, 0.0000000000000000000 ) ) ;
#6415 = AXIS2_PLACEMENT_3D ( 'NONE', #5284, #1469, #5904 ) ;
#6416 = DIRECTION ( 'NONE',  ( -1.447553700753488400E-016, 1.000000000000000000, -0.0000000000000000000 ) ) ;
#6417 = PRESENTATION_STYLE_ASSIGNMENT (( #3548 ) ) ;
#6418 = ORIENTED_EDGE ( 'NONE', *, *, #6254, .F. ) ;
#6419 = DIRECTION ( 'NONE',  ( 0.0000000000000000000, -0.0000000000000000000, -1.000000000000000000 ) ) ;
#6420 = PRESENTATION_STYLE_ASSIGNMENT (( #4910 ) ) ;
#6421 =( LENGTH_UNIT ( ) NAMED_UNIT ( * ) SI_UNIT ( .MILLI., .METRE. ) );
#6422 =( GEOMETRIC_REPRESENTATION_CONTEXT ( 3 ) GLOBAL_UNCERTAINTY_ASSIGNED_CONTEXT ( ( #8146 ) ) GLOBAL_UNIT_ASSIGNED_CONTEXT ( ( #3599, #8043, #4553 ) ) REPRESENTATION_CONTEXT ( 'NONE', 'WORKASPACE' ) );
#6423 = CARTESIAN_POINT ( 'NONE',  ( 2.284470036375957900E-016, -1.203266511961066800, 0.0000000000000000000 ) ) ;
#6424 = STYLED_ITEM ( 'NONE', ( #7442 ), #4479 ) ;
#6425 = SURFACE_SIDE_STYLE ('',( #635 ) ) ;
#6426 = ORIENTED_EDGE ( 'NONE', *, *, #3725, .T. ) ;
#6427 = EDGE_CURVE ( 'NONE', #5212, #4234, #4382, .T. ) ;
#6428 = ORIENTED_EDGE ( 'NONE', *, *, #7723, .F. ) ;
#6429 = UNCERTAINTY_MEASURE_WITH_UNIT (LENGTH_MEASURE( 1.000000000000000100E-005 ), #1649, 'distance_accuracy_value', 'NONE');
#6430 = CARTESIAN_POINT ( 'NONE',  ( -0.07866355184313511600, 0.3725052436901373200, 0.3897917298938599600 ) ) ;
#6431 = CARTESIAN_POINT ( 'NONE',  ( 0.1391632388522573100, 0.3435858471746167700, -0.4216292830644252600 ) ) ;
#6432 = CARTESIAN_POINT ( 'NONE',  ( -0.02625022417680115600, -1.206351408025464700, 0.09221924109680546000 ) ) ;
#6433 = CARTESIAN_POINT ( 'NONE',  ( 0.1165697312117606000, 0.3537363802477031000, 0.3762831478879514200 ) ) ;
#6434 = ORIENTED_EDGE ( 'NONE', *, *, #7969, .F. ) ;
#6435 = MECHANICAL_DESIGN_GEOMETRIC_PRESENTATION_REPRESENTATION (  '', ( #5172 ), #6874 ) ;
#6436 = EDGE_LOOP ( 'NONE', ( #6507, #7594, #1982, #3596 ) ) ;
#6437 = COLOUR_RGB ( '',0.8941176470588234600, 0.9137254901960784000, 0.9294117647058823800 ) ;
#6438 =( BOUNDED_SURFACE ( )  B_SPLINE_SURFACE ( 3, 2, ( 
 ( #5811, #4548, #1347 ),
 ( #6439, #2670, #7078 ),
 ( #3283, #7730, #3928 ),
 ( #102, #4572, #751 ) ),
 .UNSPECIFIED., .F., .F., .F. ) 
 B_SPLINE_SURFACE_WITH_KNOTS ( ( 4, 4 ),
 ( 3, 3 ),
 ( 2.830271873054801900E-005, 9.129228335735353800E-005 ),
 ( 0.0000000000000000000, 1.000000000000000000 ),
 .UNSPECIFIED. ) 
 GEOMETRIC_REPRESENTATION_ITEM ( )  RATIONAL_B_SPLINE_SURFACE ( (
 ( 1.000000000000000000, 0.7239379160847394500, 1.000000000000000000),
 ( 1.000000000000000000, 0.7622221296108986400, 1.000000000000000000),
 ( 1.000000000000000000, 0.7775343599645891900, 1.000000000000000000),
 ( 1.000000000000000000, 0.7698294312092595100, 1.000000000000000000) ) ) 
 REPRESENTATION_ITEM ( '' )  SURFACE ( )  );
#6439 = CARTESIAN_POINT ( 'NONE',  ( -0.04551015404943580000, -1.169839864205000700, 0.2414753646553674500 ) ) ;
#6440 = SURFACE_STYLE_FILL_AREA ( #2372 ) ;
#6441 = SURFACE_SIDE_STYLE ('',( #3623 ) ) ;
#6442 = VERTEX_POINT ( 'NONE', #717 ) ;
#6443 = DIRECTION ( 'NONE',  ( 0.4472135954999579300, 0.0000000000000000000, 0.8944271909999158600 ) ) ;
#6444 = VERTEX_POINT ( 'NONE', #5807 ) ;
#6445 = PRESENTATION_LAYER_ASSIGNMENT (  '', '', ( #6026 ) ) ;
#6446 = STYLED_ITEM ( 'NONE', ( #563 ), #1504 ) ;
#6447 =( BOUNDED_SURFACE ( )  B_SPLINE_SURFACE ( 3, 2, ( 
 ( #3523, #4169, #6078 ),
 ( #2279, #6716, #2926 ),
 ( #7344, #3551, #7998 ),
 ( #4199, #378, #4828 ) ),
 .UNSPECIFIED., .F., .F., .T. ) 
 B_SPLINE_SURFACE_WITH_KNOTS ( ( 4, 4 ),
 ( 3, 3 ),
 ( -1.498843303241001900E-018, 0.001506231223347975300 ),
 ( 0.0000000000000000000, 1.000000000000000000 ),
 .UNSPECIFIED. ) 
 GEOMETRIC_REPRESENTATION_ITEM ( )  RATIONAL_B_SPLINE_SURFACE ( (
 ( 1.000000000000000000, 0.5690035219446314400, 1.000000000000000000),
 ( 1.000000000000000000, 0.5876933641492648700, 1.000000000000000000),
 ( 1.000000000000000000, 0.6105280666899821600, 1.000000000000000000),
 ( 1.000000000000000000, 0.6463599364778642700, 1.000000000000000000) ) ) 
 REPRESENTATION_ITEM ( '' )  SURFACE ( )  );
#6448 = CARTESIAN_POINT ( 'NONE',  ( -0.1158231730575406500, 0.3543379074932666600, 0.3765128058188664800 ) ) ;
#6449 = VECTOR ( 'NONE', #5369, 1000.000000000000000 ) ;
#6450 = EDGE_CURVE ( 'NONE', #7821, #2348, #779, .T. ) ;
#6451 = DIRECTION ( 'NONE',  ( 1.000000000000000000, 1.221382022286320500E-016, 0.0000000000000000000 ) ) ;
#6452 = VERTEX_POINT ( 'NONE', #7727 ) ;
#6453 = SURFACE_SIDE_STYLE ('',( #2474 ) ) ;
#6454 = CARTESIAN_POINT ( 'NONE',  ( -1.270000000000000000, -1.294999999999999700, -0.7700000000000016800 ) ) ;
#6455 = DIRECTION ( 'NONE',  ( 0.0000000000000000000, 1.000000000000000000, 0.0000000000000000000 ) ) ;
#6456 = ADVANCED_FACE ( 'NONE', ( #4184 ), #3577, .T. ) ;
#6457 = SURFACE_STYLE_USAGE ( .BOTH. , #2027 ) ;
#6458 = VECTOR ( 'NONE', #658, 1000.000000000000000 ) ;
#6459 = CARTESIAN_POINT ( 'NONE',  ( -0.1248962915426118800, 0.2902756521826465000, 0.4125906969191787100 ) ) ;
#6460 = CARTESIAN_POINT ( 'NONE',  ( -0.1146589843286841300, 0.3356660192293690100, -0.4026707507519001200 ) ) ;
#6461 = ORIENTED_EDGE ( 'NONE', *, *, #4100, .F. ) ;
#6462 = AXIS2_PLACEMENT_3D ( 'NONE', #1841, #6282, #2497 ) ;
#6463 = ORIENTED_EDGE ( 'NONE', *, *, #7916, .F. ) ;
#6464 = EDGE_CURVE ( 'NONE', #138, #6061, #1887, .T. ) ;
#6465 =( LENGTH_UNIT ( ) NAMED_UNIT ( * ) SI_UNIT ( .MILLI., .METRE. ) );
#6466 = AXIS2_PLACEMENT_3D ( 'NONE', #5692, #1883, #6326 ) ;
#6467 = ORIENTED_EDGE ( 'NONE', *, *, #4087, .F. ) ;
#6468 = CARTESIAN_POINT ( 'NONE',  ( 0.1137965753899380900, 0.3594806053022916400, -0.4292210876570468600 ) ) ;
#6469 = PRESENTATION_STYLE_ASSIGNMENT (( #6743 ) ) ;
#6470 = CARTESIAN_POINT ( 'NONE',  ( 4.465033300665575300E-016, -2.709644660940672800, 0.0000000000000000000 ) ) ;
#6471 = DIRECTION ( 'NONE',  ( 0.0000000000000000000, 1.000000000000000000, 0.0000000000000000000 ) ) ;
#6472 = EDGE_CURVE ( 'NONE', #2825, #4758, #6751, .T. ) ;
#6473 = CARTESIAN_POINT ( 'NONE',  ( -1.433233657534537400E-016, 1.395000000000000000, 0.9399999999999991700 ) ) ;
#6474 = DIRECTION ( 'NONE',  ( -1.000000000000000000, 0.0000000000000000000, 0.0000000000000000000 ) ) ;
#6475 =( GEOMETRIC_REPRESENTATION_CONTEXT ( 3 ) GLOBAL_UNCERTAINTY_ASSIGNED_CONTEXT ( ( #4535 ) ) GLOBAL_UNIT_ASSIGNED_CONTEXT ( ( #3068, #7495, #3713 ) ) REPRESENTATION_CONTEXT ( 'NONE', 'WORKASPACE' ) );
#6476 = CARTESIAN_POINT ( 'NONE',  ( 0.02749759296368339100, -1.187745407613727000, 0.2316666001376634400 ) ) ;
#6477 = DIRECTION ( 'NONE',  ( -1.000000000000000000, 0.0000000000000000000, 0.0000000000000000000 ) ) ;
#6478 =( NAMED_UNIT ( * ) SI_UNIT ( $, .STERADIAN. ) SOLID_ANGLE_UNIT ( ) );
#6479 = CARTESIAN_POINT ( 'NONE',  ( -1.476660268557142200E-016, 1.395000000000000000, 0.0000000000000000000 ) ) ;
#6480 = EDGE_LOOP ( 'NONE', ( #5758, #5880, #1847, #8065, #674 ) ) ;
#6481 = MECHANICAL_DESIGN_GEOMETRIC_PRESENTATION_REPRESENTATION (  '', ( #5651 ), #6921 ) ;
#6482 = AXIS2_PLACEMENT_3D ( 'NONE', #3469, #7919, #4117 ) ;
#6483 = FILL_AREA_STYLE_COLOUR ( '', #2054 ) ;
#6484 = DIRECTION ( 'NONE',  ( -1.000000000000000000, -1.447553700753488400E-016, 0.0000000000000000000 ) ) ;
#6485 = PRESENTATION_LAYER_ASSIGNMENT (  '', '', ( #5226 ) ) ;
#6486 = CARTESIAN_POINT ( 'NONE',  ( -7.424927725979709800E-017, 0.8878219273820250300, 0.0000000000000000000 ) ) ;
#6487 = DIRECTION ( 'NONE',  ( -1.000000000000000000, 0.0000000000000000000, 0.0000000000000000000 ) ) ;
#6488 = ADVANCED_FACE ( 'NONE', ( #8242 ), #4474, .T. ) ;
#6489 = ORIENTED_EDGE ( 'NONE', *, *, #6174, .F. ) ;
#6490 = ORIENTED_EDGE ( 'NONE', *, *, #5323, .F. ) ;
#6491 = ADVANCED_FACE ( 'NONE', ( #2801 ), #2184, .T. ) ;
#6492 = CIRCLE ( 'NONE', #3612, 0.6399999999999993500 ) ;
#6493 = CARTESIAN_POINT ( 'NONE',  ( -0.1139008837774317700, 0.3594240208209818500, -0.4291907007643952500 ) ) ;
#6494 = B_SPLINE_CURVE_WITH_KNOTS ( 'NONE', 3,
 ( #5327, #869, #2160, #6586, #2819, #7226, #3431, #7885, #4080, #262 ),
 .UNSPECIFIED., .F., .F.,
 ( 4, 3, 3, 4 ),
 ( 0.0000000000000000000, 3.369560044597701200E-005, 7.872998320952720600E-005, 7.878998323812968900E-005 ),
 .UNSPECIFIED. ) ;
#6495 = PRESENTATION_LAYER_ASSIGNMENT (  '', '', ( #5662 ) ) ;
#6496 = CARTESIAN_POINT ( 'NONE',  ( 0.03223724755186212900, -1.219553329243469700, -0.2918992484371495400 ) ) ;
#6497 = ORIENTED_EDGE ( 'NONE', *, *, #6573, .F. ) ;
#6498 = ORIENTED_EDGE ( 'NONE', *, *, #4561, .T. ) ;
#6499 = DIRECTION ( 'NONE',  ( 1.224646799147353200E-016, 1.772742006221665100E-032, -1.000000000000000000 ) ) ;
#6500 = SURFACE_SIDE_STYLE ('',( #5864 ) ) ;
#6501 = COLOUR_RGB ( '',0.1098039215686274500, 0.1098039215686274500, 0.1098039215686274500 ) ;
#6502 = DIRECTION ( 'NONE',  ( 1.000000000000000000, -0.0000000000000000000, 0.0000000000000000000 ) ) ;
#6503 = DIRECTION ( 'NONE',  ( -1.000000000000000000, 1.084202172485504000E-015, 0.0000000000000000000 ) ) ;
#6504 = CARTESIAN_POINT ( 'NONE',  ( 0.02881990011208674500, -1.168021611727237100, 0.2671171085750632700 ) ) ;
#6505 = CARTESIAN_POINT ( 'NONE',  ( 0.9581966011250107100, -1.294999999999999900, -1.169999999999999900 ) ) ;
#6506 = CARTESIAN_POINT ( 'NONE',  ( -1.476660268557142200E-016, 1.395000000000000000, 0.0000000000000000000 ) ) ;
#6507 = ORIENTED_EDGE ( 'NONE', *, *, #1065, .F. ) ;
#6508 = CARTESIAN_POINT ( 'NONE',  ( 0.02513773585898746900, -1.222945504588554400, -0.2763272670030122400 ) ) ;
#6509 = PRESENTATION_LAYER_ASSIGNMENT (  '', '', ( #6096 ) ) ;
#6510 = VERTEX_POINT ( 'NONE', #6517 ) ;
#6511 =( NAMED_UNIT ( * ) SI_UNIT ( $, .STERADIAN. ) SOLID_ANGLE_UNIT ( ) );
#6512 = EDGE_CURVE ( 'NONE', #6614, #5257, #5364, .T. ) ;
#6513 = SURFACE_STYLE_USAGE ( .BOTH. , #2082 ) ;
#6514 = AXIS2_PLACEMENT_3D ( 'NONE', #2222, #6658, #2871 ) ;
#6515 = CYLINDRICAL_SURFACE ( 'NONE', #759, 0.1000000000000000500 ) ;
#6516 =( NAMED_UNIT ( * ) PLANE_ANGLE_UNIT ( ) SI_UNIT ( $, .RADIAN. ) );
#6517 = CARTESIAN_POINT ( 'NONE',  ( 0.2550000000000001700, -2.867118494305994400, 3.122849337825747500E-017 ) ) ;
#6518 = EDGE_CURVE ( 'NONE', #2348, #3056, #486, .T. ) ;
#6519 = SURFACE_SIDE_STYLE ('',( #125 ) ) ;
#6520 = ORIENTED_EDGE ( 'NONE', *, *, #3610, .F. ) ;
#6521 = MECHANICAL_DESIGN_GEOMETRIC_PRESENTATION_REPRESENTATION (  '', ( #4420 ), #6961 ) ;
#6522 = CARTESIAN_POINT ( 'NONE',  ( -0.1266854386894154000, 0.2949091907903587100, 0.3676260228884734000 ) ) ;
#6523 = ORIENTED_EDGE ( 'NONE', *, *, #2943, .F. ) ;
#6524 = CYLINDRICAL_SURFACE ( 'NONE', #5497, 0.1000000000000000500 ) ;
#6525 = ORIENTED_EDGE ( 'NONE', *, *, #7607, .F. ) ;
#6526 = CARTESIAN_POINT ( 'NONE',  ( 2.518587945522486000E-016, -1.365000000000000000, 0.0000000000000000000 ) ) ;
#6527 = CARTESIAN_POINT ( 'NONE',  ( -0.1271357273467387800, 0.3526718729515891900, 0.4252585001825737700 ) ) ;
#6528 = VECTOR ( 'NONE', #3501, 1000.000000000000100 ) ;
#6529 = CARTESIAN_POINT ( 'NONE',  ( 2.237306602527612600E-016, -1.170685037557874600, 0.0000000000000000000 ) ) ;
#6530 = ORIENTED_EDGE ( 'NONE', *, *, #1484, .T. ) ;
#6531 = ADVANCED_FACE ( 'NONE', ( #1983 ), #6249, .T. ) ;
#6532 = FILL_AREA_STYLE ('',( #5271 ) ) ;
#6533 = SURFACE_SIDE_STYLE ('',( #84 ) ) ;
#6534 = CARTESIAN_POINT ( 'NONE',  ( -0.1250013331169635700, 0.2666397337462811400, -0.3897214476344246200 ) ) ;
#6535 = CYLINDRICAL_SURFACE ( 'NONE', #1399, 0.1000000000000000500 ) ;
#6536 = EDGE_LOOP ( 'NONE', ( #4258, #4338, #4475, #6345, #3237, #3851, #4903, #4182 ) ) ;
#6537 = CARTESIAN_POINT ( 'NONE',  ( 2.975399468465941900E-018, 0.3543379074933975500, 0.0000000000000000000 ) ) ;
#6538 = MECHANICAL_DESIGN_GEOMETRIC_PRESENTATION_REPRESENTATION (  '', ( #5699 ), #6971 ) ;
#6539 =( LENGTH_UNIT ( ) NAMED_UNIT ( * ) SI_UNIT ( .MILLI., .METRE. ) );
#6540 = ADVANCED_FACE ( 'NONE', ( #3083 ), #3968, .T. ) ;
#6541 =( GEOMETRIC_REPRESENTATION_CONTEXT ( 3 ) GLOBAL_UNCERTAINTY_ASSIGNED_CONTEXT ( ( #2967 ) ) GLOBAL_UNIT_ASSIGNED_CONTEXT ( ( #1524, #5976, #2173 ) ) REPRESENTATION_CONTEXT ( 'NONE', 'WORKASPACE' ) );
#6542 = CARTESIAN_POINT ( 'NONE',  ( -0.02733480295340594300, -1.222697491360204200, -0.2856168812565667000 ) ) ;
#6543 = VERTEX_POINT ( 'NONE', #7835 ) ;
#6544 = CARTESIAN_POINT ( 'NONE',  ( 0.1259123125717990800, 0.2802280841127959800, -0.3790602869651832400 ) ) ;
#6545 = UNCERTAINTY_MEASURE_WITH_UNIT (LENGTH_MEASURE( 1.000000000000000100E-005 ), #2257, 'distance_accuracy_value', 'NONE');
#6546 =( NAMED_UNIT ( * ) SI_UNIT ( $, .STERADIAN. ) SOLID_ANGLE_UNIT ( ) );
#6547 = CARTESIAN_POINT ( 'NONE',  ( 1.370000000000000100, 1.294999999999999900, -0.6700000000000002600 ) ) ;
#6548 = MECHANICAL_DESIGN_GEOMETRIC_PRESENTATION_REPRESENTATION (  '', ( #5710 ), #6983 ) ;
#6549 = CARTESIAN_POINT ( 'NONE',  ( 0.1250013331071874200, 0.2666397336004603900, -0.3897214494418239600 ) ) ;
#6550 = ORIENTED_EDGE ( 'NONE', *, *, #7589, .F. ) ;
#6551 = VECTOR ( 'NONE', #3184, 999.9999999999998900 ) ;
#6552 = CARTESIAN_POINT ( 'NONE',  ( -0.02753878945977778600, -1.187130912501005200, -0.2383618823706219200 ) ) ;
#6553 = CARTESIAN_POINT ( 'NONE',  ( 0.1049476582995810400, 0.3434191609326395200, -0.3956286048806619300 ) ) ;
#6554 =( BOUNDED_SURFACE ( )  B_SPLINE_SURFACE ( 3, 2, ( 
 ( #2453, #7419, #3088 ),
 ( #7516, #3724, #8159 ),
 ( #4359, #541, #4999 ),
 ( #1185, #5630, #1823 ),
 ( #6265, #2482, #6905 ),
 ( #3117, #7550, #3757 ) ),
 .UNSPECIFIED., .F., .F., .T. ) 
 B_SPLINE_SURFACE_WITH_KNOTS ( ( 4, 2, 4 ),
 ( 3, 3 ),
 ( 0.0002600340791155557100, 0.0004057222728346026400, 0.0005514104665536495600 ),
 ( 0.0000000000000000000, 1.000000000000000000 ),
 .UNSPECIFIED. ) 
 GEOMETRIC_REPRESENTATION_ITEM ( )  RATIONAL_B_SPLINE_SURFACE ( (
 ( 1.000000000000000000, 0.7893827206240431300, 1.000000000000000000),
 ( 1.000000000000000000, 0.7546986951988334800, 1.000000000000000000),
 ( 1.000000000000000000, 0.7070061412501302800, 1.000000000000000000),
 ( 1.000000000000000000, 0.7072077710257485000, 1.000000000000000000),
 ( 1.000000000000000000, 0.7545164619810974500, 1.000000000000000000),
 ( 1.000000000000000000, 0.7894116659238674700, 1.000000000000000000) ) ) 
 REPRESENTATION_ITEM ( '' )  SURFACE ( )  );
#6555 = CIRCLE ( 'NONE', #1963, 0.1000000000000000500 ) ;
#6556 = EDGE_LOOP ( 'NONE', ( #139, #6369, #7229, #2346 ) ) ;
#6557 = LINE ( 'NONE', #715, #4695 ) ;
#6558 = SURFACE_STYLE_FILL_AREA ( #1180 ) ;
#6559 = CARTESIAN_POINT ( 'NONE',  ( 0.1158236843077577600, 0.3543379074933975500, 0.3765126485472822800 ) ) ;
#6560 = DIRECTION ( 'NONE',  ( -1.000000000000000000, -1.447553700753488400E-016, 0.0000000000000000000 ) ) ;
#6561 = MECHANICAL_DESIGN_GEOMETRIC_PRESENTATION_REPRESENTATION (  '', ( #3597 ), #6994 ) ;
#6562 = CARTESIAN_POINT ( 'NONE',  ( 2.237306602527612600E-016, -1.170685037557874600, 0.0000000000000000000 ) ) ;
#6563 = CARTESIAN_POINT ( 'NONE',  ( 0.04794293639382225800, -1.167685209284097900, -0.2168341263630812200 ) ) ;
#6564 = EDGE_CURVE ( 'NONE', #2934, #4408, #5657, .T. ) ;
#6565 = CARTESIAN_POINT ( 'NONE',  ( -0.09859658425128524400, 0.3534876573498491000, -0.4094370692540833000 ) ) ;
#6566 = CARTESIAN_POINT ( 'NONE',  ( 0.1217074279400320700, 0.02017754323095796000, 0.3426698175347143200 ) ) ;
#6567 = ORIENTED_EDGE ( 'NONE', *, *, #6944, .F. ) ;
#6568 = VERTEX_POINT ( 'NONE', #4039 ) ;
#6569 =( NAMED_UNIT ( * ) PLANE_ANGLE_UNIT ( ) SI_UNIT ( $, .RADIAN. ) );
#6570 = CARTESIAN_POINT ( 'NONE',  ( -0.04955977419589106800, -1.205290237872889600, -0.2977002210804754500 ) ) ;
#6571 = CARTESIAN_POINT ( 'NONE',  ( 0.09665289399638273000, 0.3558965629149591400, -0.4412405577176107300 ) ) ;
#6572 = DIRECTION ( 'NONE',  ( -1.000000000000000000, 0.0000000000000000000, -1.084202172485504000E-015 ) ) ;
#6573 = EDGE_CURVE ( 'NONE', #7025, #293, #2495, .T. ) ;
#6574 = FILL_AREA_STYLE_COLOUR ( '', #2282 ) ;
#6575 = CARTESIAN_POINT ( 'NONE',  ( 0.1242654087473034500, 0.2965769158718254400, -0.3829572652877389300 ) ) ;
#6576 = ADVANCED_FACE ( 'NONE', ( #772 ), #6535, .T. ) ;
#6577 = MECHANICAL_DESIGN_GEOMETRIC_PRESENTATION_REPRESENTATION (  '', ( #5316 ), #7007 ) ;
#6578 =( LENGTH_UNIT ( ) NAMED_UNIT ( * ) SI_UNIT ( .MILLI., .METRE. ) );
#6579 = ADVANCED_FACE ( 'NONE', ( #3367 ), #4268, .T. ) ;
#6580 = FILL_AREA_STYLE_COLOUR ( '', #1031 ) ;
#6581 = CARTESIAN_POINT ( 'NONE',  ( 2.234677677640098700E-016, -1.168868921937331600, 0.0000000000000000000 ) ) ;
#6582 = EDGE_CURVE ( 'NONE', #6621, #5321, #1873, .T. ) ;
#6583 = CARTESIAN_POINT ( 'NONE',  ( -0.02643120967749338500, 0.4179081645899778200, 0.3931419001768750600 ) ) ;
#6584 = DIRECTION ( 'NONE',  ( 0.0000000000000000000, -2.168404344971007700E-015, 1.000000000000000000 ) ) ;
#6585 = STYLED_ITEM ( 'NONE', ( #7560 ), #4141 ) ;
#6586 = CARTESIAN_POINT ( 'NONE',  ( 0.1201474999041709100, 0.3104903820164148200, 0.3862503779425873200 ) ) ;
#6587 = CARTESIAN_POINT ( 'NONE',  ( -0.07534309011336944000, -0.4740724754152366700, 0.3247379590039631300 ) ) ;
#6588 = EDGE_CURVE ( 'NONE', #3261, #3674, #387, .T. ) ;
#6589 = CARTESIAN_POINT ( 'NONE',  ( 0.06187426442813968900, 0.3848710090440331000, -0.4224975079953900400 ) ) ;
#6590 = ORIENTED_EDGE ( 'NONE', *, *, #2013, .F. ) ;
#6591 = CARTESIAN_POINT ( 'NONE',  ( -0.6099999999999993200, -0.1614911064067356400, 0.0000000000000000000 ) ) ;
#6592 = PRESENTATION_STYLE_ASSIGNMENT (( #8180 ) ) ;
#6593 = SURFACE_STYLE_USAGE ( .BOTH. , #2165 ) ;
#6594 = PRESENTATION_STYLE_ASSIGNMENT (( #6457 ) ) ;
#6595 = CARTESIAN_POINT ( 'NONE',  ( 0.7265572809000083700, 1.395000000000000000, 1.633278640450004400 ) ) ;
#6596 =( NAMED_UNIT ( * ) SI_UNIT ( $, .STERADIAN. ) SOLID_ANGLE_UNIT ( ) );
#6597 = ORIENTED_EDGE ( 'NONE', *, *, #5521, .T. ) ;
#6598 = PRESENTATION_LAYER_ASSIGNMENT (  '', '', ( #6186 ) ) ;
#6599 = CARTESIAN_POINT ( 'NONE',  ( 0.01062514165248273700, 0.4006154119413188300, -0.3609937164256924500 ) ) ;
#6600 = DIRECTION ( 'NONE',  ( -1.000000000000000000, 0.0000000000000000000, 0.0000000000000000000 ) ) ;
#6601 = ORIENTED_EDGE ( 'NONE', *, *, #720, .T. ) ;
#6602 =( GEOMETRIC_REPRESENTATION_CONTEXT ( 3 ) GLOBAL_UNCERTAINTY_ASSIGNED_CONTEXT ( ( #7892 ) ) GLOBAL_UNIT_ASSIGNED_CONTEXT ( ( #1044, #5486, #1691 ) ) REPRESENTATION_CONTEXT ( 'NONE', 'WORKASPACE' ) );
#6603 = CYLINDRICAL_SURFACE ( 'NONE', #7209, 0.5999999999999998700 ) ;
#6604 = VECTOR ( 'NONE', #3346, 1000.000000000000100 ) ;
#6605 = DIRECTION ( 'NONE',  ( 1.084202172485505800E-015, 0.0000000000000000000, -1.000000000000000000 ) ) ;
#6606 = UNCERTAINTY_MEASURE_WITH_UNIT (LENGTH_MEASURE( 1.000000000000000100E-005 ), #815, 'distance_accuracy_value', 'NONE');
#6607 = CARTESIAN_POINT ( 'NONE',  ( 1.832000000000000100, -1.294999999999999900, 0.3540000000000000400 ) ) ;
#6608 = VERTEX_POINT ( 'NONE', #4152 ) ;
#6609 = SURFACE_STYLE_FILL_AREA ( #879 ) ;
#6610 = CIRCLE ( 'NONE', #4018, 0.6099999999999994300 ) ;
#6611 =( GEOMETRIC_REPRESENTATION_CONTEXT ( 3 ) GLOBAL_UNCERTAINTY_ASSIGNED_CONTEXT ( ( #3608 ) ) GLOBAL_UNIT_ASSIGNED_CONTEXT ( ( #1112, #5551, #1749 ) ) REPRESENTATION_CONTEXT ( 'NONE', 'WORKASPACE' ) );
#6612 = CARTESIAN_POINT ( 'NONE',  ( 0.04562005361576936000, -1.161042979093070300, 0.2487831781670238100 ) ) ;
#6613 = MECHANICAL_DESIGN_GEOMETRIC_PRESENTATION_REPRESENTATION (  '', ( #4913 ), #7037 ) ;
#6614 = VERTEX_POINT ( 'NONE', #2225 ) ;
#6615 = CARTESIAN_POINT ( 'NONE',  ( 0.1049476582995810400, 0.3434191609326395200, -0.3956286048806619300 ) ) ;
#6616 = CARTESIAN_POINT ( 'NONE',  ( 0.6399999999999993500, 0.03500000000000018400, 7.837739514543053000E-017 ) ) ;
#6617 = ADVANCED_FACE ( 'NONE', ( #5943 ), #3672, .F. ) ;
#6618 =( NAMED_UNIT ( * ) PLANE_ANGLE_UNIT ( ) SI_UNIT ( $, .RADIAN. ) );
#6619 = ADVANCED_FACE ( 'NONE', ( #278 ), #6238, .T. ) ;
#6620 = AXIS2_PLACEMENT_3D ( 'NONE', #1369, #6416, #105 ) ;
#6621 = VERTEX_POINT ( 'NONE', #8004 ) ;
#6622 = EDGE_CURVE ( 'NONE', #867, #3897, #7938, .T. ) ;
#6623 = SURFACE_STYLE_USAGE ( .BOTH. , #2195 ) ;
#6624 = CIRCLE ( 'NONE', #3650, 0.1000000000000000500 ) ;
#6625 = EDGE_LOOP ( 'NONE', ( #8235, #7743, #7521, #7185 ) ) ;
#6626 = PRESENTATION_LAYER_ASSIGNMENT (  '', '', ( #6211 ) ) ;
#6627 = CARTESIAN_POINT ( 'NONE',  ( -0.06816498501354707800, 0.3809750913088193500, -0.4358735440961586400 ) ) ;
#6628 = DIRECTION ( 'NONE',  ( -1.000000000000000000, 0.0000000000000000000, 0.0000000000000000000 ) ) ;
#6629 = CARTESIAN_POINT ( 'NONE',  ( -0.1187226156115169400, 0.3224458288446431800, -0.3732063262255350100 ) ) ;
#6630 = CARTESIAN_POINT ( 'NONE',  ( -1.270000000000000500, 1.353578643762690200, -0.7700000000000003500 ) ) ;
#6631 = CARTESIAN_POINT ( 'NONE',  ( 4.692985130925385000E-016, -2.867118494305994400, 0.0000000000000000000 ) ) ;
#6632 = PRESENTATION_STYLE_ASSIGNMENT (( #4470 ) ) ;
#6633 = EDGE_LOOP ( 'NONE', ( #2169, #7225, #7513, #5202 ) ) ;
#6634 = ORIENTED_EDGE ( 'NONE', *, *, #1488, .T. ) ;
#6635 = CARTESIAN_POINT ( 'NONE',  ( -1.270000000000000200, -1.954016994374949500, 0.7700000000000012400 ) ) ;
#6636 = VERTEX_POINT ( 'NONE', #3556 ) ;
#6637 = EDGE_CURVE ( 'NONE', #2358, #3748, #3074, .T. ) ;
#6638 = MECHANICAL_DESIGN_GEOMETRIC_PRESENTATION_REPRESENTATION (  '', ( #4944 ), #7064 ) ;
#6639 = DIRECTION ( 'NONE',  ( 0.0000000000000000000, 0.0000000000000000000, -1.000000000000000000 ) ) ;
#6640 = ORIENTED_EDGE ( 'NONE', *, *, #5359, .F. ) ;
#6641 = SURFACE_STYLE_FILL_AREA ( #7483 ) ;
#6642 =( LENGTH_UNIT ( ) NAMED_UNIT ( * ) SI_UNIT ( .MILLI., .METRE. ) );
#6643 = DIRECTION ( 'NONE',  ( -0.0000000000000000000, 1.000000000000000000, -0.0000000000000000000 ) ) ;
#6644 = CARTESIAN_POINT ( 'NONE',  ( 0.04585327536996168500, -1.165537802254656500, -0.2437516708821135000 ) ) ;
#6645 = CIRCLE ( 'NONE', #4636, 0.05000000000000002400 ) ;
#6646 = CARTESIAN_POINT ( 'NONE',  ( -1.270000000000000000, -1.294999999999999700, 0.6700000000000002600 ) ) ;
#6647 = PRESENTATION_STYLE_ASSIGNMENT (( #5984 ) ) ;
#6648 = ORIENTED_EDGE ( 'NONE', *, *, #1258, .F. ) ;
#6649 =( NAMED_UNIT ( * ) SI_UNIT ( $, .STERADIAN. ) SOLID_ANGLE_UNIT ( ) );
#6650 =( GEOMETRIC_REPRESENTATION_CONTEXT ( 3 ) GLOBAL_UNCERTAINTY_ASSIGNED_CONTEXT ( ( #7792 ) ) GLOBAL_UNIT_ASSIGNED_CONTEXT ( ( #672, #5124, #1321 ) ) REPRESENTATION_CONTEXT ( 'NONE', 'WORKASPACE' ) );
#6651 = PRESENTATION_LAYER_ASSIGNMENT (  '', '', ( #6230 ) ) ;
#6652 = COLOUR_RGB ( '',0.1098039215686274500, 0.1098039215686274500, 0.1098039215686274500 ) ;
#6653 = VECTOR ( 'NONE', #8007, 1000.000000000000000 ) ;
#6654 =( GEOMETRIC_REPRESENTATION_CONTEXT ( 3 ) GLOBAL_UNCERTAINTY_ASSIGNED_CONTEXT ( ( #6152 ) ) GLOBAL_UNIT_ASSIGNED_CONTEXT ( ( #654, #5103, #1298 ) ) REPRESENTATION_CONTEXT ( 'NONE', 'WORKASPACE' ) );
#6655 = CARTESIAN_POINT ( 'NONE',  ( 0.1049099008976872700, 0.3435871649238989000, 0.3790075054516562300 ) ) ;
#6656 = UNCERTAINTY_MEASURE_WITH_UNIT (LENGTH_MEASURE( 1.000000000000000100E-005 ), #7448, 'distance_accuracy_value', 'NONE');
#6657 = ORIENTED_EDGE ( 'NONE', *, *, #3717, .F. ) ;
#6658 = DIRECTION ( 'NONE',  ( -0.0000000000000000000, 1.000000000000000000, 0.0000000000000000000 ) ) ;
#6659 = CIRCLE ( 'NONE', #521, 0.01999999999999997300 ) ;
#6660 = CARTESIAN_POINT ( 'NONE',  ( -0.1223981047162033100, 0.3017194853530515400, -0.3780525977900126000 ) ) ;
#6662 = FACE_OUTER_BOUND ( 'NONE', #2205, .T. ) ;
#6661 = PRODUCT_DEFINITION_SHAPE ( 'NONE', 'NONE',  #8269 ) ;
#6663 = ORIENTED_EDGE ( 'NONE', *, *, #1209, .F. ) ;
#6664 = SURFACE_STYLE_FILL_AREA ( #3288 ) ;
#6665 = FILL_AREA_STYLE_COLOUR ( '', #1695 ) ;
#6666 = CARTESIAN_POINT ( 'NONE',  ( -0.1170680565608260300, -0.2423166182148785400, -0.3717848444710319900 ) ) ;
#6667 = CARTESIAN_POINT ( 'NONE',  ( -4.054705299995608100E-017, 0.6550000000000001400, 0.0000000000000000000 ) ) ;
#6668 = ADVANCED_FACE ( 'NONE', ( #4563 ), #7320, .F. ) ;
#6669 = AXIS2_PLACEMENT_3D ( 'NONE', #7812, #187, #7183 ) ;
#6670 = UNCERTAINTY_MEASURE_WITH_UNIT (LENGTH_MEASURE( 1.000000000000000100E-005 ), #107, 'distance_accuracy_value', 'NONE');
#6671 = CARTESIAN_POINT ( 'NONE',  ( -0.1389627131970103100, 0.2842241203146598800, -0.3618493744767293200 ) ) ;
#6672 = FACE_OUTER_BOUND ( 'NONE', #8248, .T. ) ;
#6673 = ADVANCED_FACE ( 'NONE', ( #575 ), #6524, .T. ) ;
#6674 = ORIENTED_EDGE ( 'NONE', *, *, #242, .T. ) ;
#6675 = ORIENTED_EDGE ( 'NONE', *, *, #6799, .T. ) ;
#6676 = CARTESIAN_POINT ( 'NONE',  ( 0.06187426442827006400, 0.3848710090439423400, 0.4224975079949348500 ) ) ;
#6677 = CARTESIAN_POINT ( 'NONE',  ( 5.499149124977416800E-017, -0.005000000000000013100, 0.0000000000000000000 ) ) ;
#6678 = CARTESIAN_POINT ( 'NONE',  ( 0.02839975818303110500, -1.174288532133782400, 0.07608303325060077100 ) ) ;
#6679 = AXIS2_PLACEMENT_3D ( 'NONE', #7965, #7333, #3543 ) ;
#6680 = SURFACE_STYLE_FILL_AREA ( #6106 ) ;
#6681 = CARTESIAN_POINT ( 'NONE',  ( 0.4500000000000035600, 0.8878219273820059400, 5.510910596163133300E-017 ) ) ;
#6682 = EDGE_CURVE ( 'NONE', #6305, #1940, #1673, .T. ) ;
#6683 =( NAMED_UNIT ( * ) SI_UNIT ( $, .STERADIAN. ) SOLID_ANGLE_UNIT ( ) );
#6684 = AXIS2_PLACEMENT_3D ( 'NONE', #2657, #7069, #3268 ) ;
#6685 = PLANE ( 'NONE',  #4065 ) ;
#6686 = CIRCLE ( 'NONE', #4494, 0.1000000000000000300 ) ;
#6687 = PRESENTATION_STYLE_ASSIGNMENT (( #3103 ) ) ;
#6688 = DIRECTION ( 'NONE',  ( -2.168404344971007700E-015, 0.0000000000000000000, -1.000000000000000000 ) ) ;
#6689 = PRESENTATION_STYLE_ASSIGNMENT (( #624 ) ) ;
#6690 = EDGE_CURVE ( 'NONE', #4167, #99, #1260, .T. ) ;
#6691 =( NAMED_UNIT ( * ) PLANE_ANGLE_UNIT ( ) SI_UNIT ( $, .RADIAN. ) );
#6692 =( NAMED_UNIT ( * ) SI_UNIT ( $, .STERADIAN. ) SOLID_ANGLE_UNIT ( ) );
#6693 = CARTESIAN_POINT ( 'NONE',  ( 0.5316896815425913300, 1.015000000000000300, 6.511320666408101600E-017 ) ) ;
#6694 =( NAMED_UNIT ( * ) PLANE_ANGLE_UNIT ( ) SI_UNIT ( $, .RADIAN. ) );
#6695 = AXIS2_PLACEMENT_3D ( 'NONE', #6423, #7016, #7067 ) ;
#6696 = DIRECTION ( 'NONE',  ( 1.000000000000000000, 0.0000000000000000000, -1.224646799147355700E-016 ) ) ;
#6697 = VERTEX_POINT ( 'NONE', #3645 ) ;
#6698 = FILL_AREA_STYLE ('',( #6057 ) ) ;
#6699 = PRESENTATION_STYLE_ASSIGNMENT (( #2744 ) ) ;
#6700 = PRESENTATION_STYLE_ASSIGNMENT (( #5930 ) ) ;
#6701 = CARTESIAN_POINT ( 'NONE',  ( -0.09859658425270147200, 0.3534876573480841800, 0.4094370692536408200 ) ) ;
#6702 = DIRECTION ( 'NONE',  ( 0.7087319363897500700, 0.7054778822480796100, 8.679462973532130900E-017 ) ) ;
#6703 = ORIENTED_EDGE ( 'NONE', *, *, #3725, .F. ) ;
#6704 = ORIENTED_EDGE ( 'NONE', *, *, #6402, .F. ) ;
#6705 = MECHANICAL_DESIGN_GEOMETRIC_PRESENTATION_REPRESENTATION (  '', ( #5012 ), #7114 ) ;
#6706 =( BOUNDED_SURFACE ( )  B_SPLINE_SURFACE ( 3, 2, ( 
 ( #1400, #5263, #5891 ),
 ( #2100, #6522, #2745 ),
 ( #7163, #3371, #7820 ),
 ( #4013, #199, #4661 ) ),
 .UNSPECIFIED., .F., .F., .F. ) 
 B_SPLINE_SURFACE_WITH_KNOTS ( ( 4, 4 ),
 ( 3, 3 ),
 ( 0.0000000000000000000, 9.020840259616860300E-005 ),
 ( 0.0000000000000000000, 1.000000000000000000 ),
 .UNSPECIFIED. ) 
 GEOMETRIC_REPRESENTATION_ITEM ( )  RATIONAL_B_SPLINE_SURFACE ( (
 ( 1.000000000000000000, 0.8248820918441176500, 1.000000000000000000),
 ( 1.000000000000000000, 0.8217178766811879000, 1.000000000000000000),
 ( 1.000000000000000000, 0.8029437608245945100, 1.000000000000000000),
 ( 1.000000000000000000, 0.7769974644328726500, 1.000000000000000000) ) ) 
 REPRESENTATION_ITEM ( '' )  SURFACE ( )  );
#6707 =( NAMED_UNIT ( * ) SI_UNIT ( $, .STERADIAN. ) SOLID_ANGLE_UNIT ( ) );
#6708 =( GEOMETRIC_REPRESENTATION_CONTEXT ( 3 ) GLOBAL_UNCERTAINTY_ASSIGNED_CONTEXT ( ( #596 ) ) GLOBAL_UNIT_ASSIGNED_CONTEXT ( ( #2330, #6765, #2976 ) ) REPRESENTATION_CONTEXT ( 'NONE', 'WORKASPACE' ) );
#6709 = ADVANCED_FACE ( 'NONE', ( #8228 ), #2583, .T. ) ;
#6710 = DIRECTION ( 'NONE',  ( 0.0000000000000000000, -1.000000000000000000, 0.0000000000000000000 ) ) ;
#6711 = ORIENTED_EDGE ( 'NONE', *, *, #6758, .T. ) ;
#6712 = CARTESIAN_POINT ( 'NONE',  ( -7.199432022583334800E-017, 0.8722442183630781900, 0.0000000000000000000 ) ) ;
#6713 = VERTEX_POINT ( 'NONE', #942 ) ;
#6714 = SURFACE_STYLE_FILL_AREA ( #4778 ) ;
#6715 = DIRECTION ( 'NONE',  ( 0.0000000000000000000, 0.0000000000000000000, -1.000000000000000000 ) ) ;
#6716 = CARTESIAN_POINT ( 'NONE',  ( -0.09243218875801739700, -0.2191680880665334000, 0.3822041574059010800 ) ) ;
#6717 =( BOUNDED_SURFACE ( )  B_SPLINE_SURFACE ( 3, 2, ( 
 ( #4311, #5576, #1773 ),
 ( #6216, #2431, #6854 ),
 ( #3061, #7485, #3703 ),
 ( #8130, #4337, #517 ),
 ( #4967, #1163, #5601 ),
 ( #1801, #6239, #2458 ),
 ( #6880, #3091, #7519 ),
 ( #3728, #8161, #4363 ),
 ( #544, #5005, #1188 ),
 ( #5634, #1828, #6270 ) ),
 .UNSPECIFIED., .F., .F., .T. ) 
 B_SPLINE_SURFACE_WITH_KNOTS ( ( 4, 2, 2, 2, 4 ),
 ( 3, 3 ),
 ( 0.0007937467134728542700, 0.0009080478507843626000, 0.001022348988095870900, 0.001136650125407379300, 0.001250951262718887800 ),
 ( 0.0000000000000000000, 1.000000000000000000 ),
 .UNSPECIFIED. ) 
 GEOMETRIC_REPRESENTATION_ITEM ( )  RATIONAL_B_SPLINE_SURFACE ( (
 ( 1.000000000000000000, 0.7239379160847379000, 1.000000000000000000),
 ( 1.000000000000000000, 0.7227633668407247300, 1.000000000000000000),
 ( 1.000000000000000000, 0.7216467068130388900, 1.000000000000000000),
 ( 1.000000000000000000, 0.7146626274120259100, 1.000000000000000000),
 ( 1.000000000000000000, 0.6987524668474074400, 1.000000000000000000),
 ( 1.000000000000000000, 0.6983978434535873500, 1.000000000000000000),
 ( 1.000000000000000000, 0.7145994046166862500, 1.000000000000000000),
 ( 1.000000000000000000, 0.7216415792757909800, 1.000000000000000000),
 ( 1.000000000000000000, 0.7227576612622935700, 1.000000000000000000),
 ( 1.000000000000000000, 0.7239379160847379000, 1.000000000000000000) ) ) 
 REPRESENTATION_ITEM ( '' )  SURFACE ( )  );
#6718 = AXIS2_PLACEMENT_3D ( 'NONE', #5121, #1954, #5754 ) ;
#6719 = DIRECTION ( 'NONE',  ( -1.447553700753488400E-016, 1.000000000000000000, -0.0000000000000000000 ) ) ;
#6720 = EDGE_LOOP ( 'NONE', ( #891, #1014, #6909, #4874 ) ) ;
#6721 = FILL_AREA_STYLE ('',( #4807 ) ) ;
#6722 =( NAMED_UNIT ( * ) SI_UNIT ( $, .STERADIAN. ) SOLID_ANGLE_UNIT ( ) );
#6723 = DIRECTION ( 'NONE',  ( 1.000000000000000000, -0.0000000000000000000, 0.0000000000000000000 ) ) ;
#6724 = CARTESIAN_POINT ( 'NONE',  ( -0.02994456013349137600, -1.151245959617459300, 0.2721492054816726500 ) ) ;
#6725 =( LENGTH_UNIT ( ) NAMED_UNIT ( * ) SI_UNIT ( .MILLI., .METRE. ) );
#6726 = SURFACE_SIDE_STYLE ('',( #6226 ) ) ;
#6727 = CIRCLE ( 'NONE', #7182, 0.4588477818713311300 ) ;
#6728 =( GEOMETRIC_REPRESENTATION_CONTEXT ( 3 ) GLOBAL_UNCERTAINTY_ASSIGNED_CONTEXT ( ( #1513 ) ) GLOBAL_UNIT_ASSIGNED_CONTEXT ( ( #2990, #7404, #3622 ) ) REPRESENTATION_CONTEXT ( 'NONE', 'WORKASPACE' ) );
#6729 = AXIS2_PLACEMENT_3D ( 'NONE', #1979, #2633, #5170 ) ;
#6730 = VECTOR ( 'NONE', #3761, 1000.000000000000200 ) ;
#6731 = SURFACE_SIDE_STYLE ('',( #675 ) ) ;
#6732 = EDGE_CURVE ( 'NONE', #7974, #970, #7632, .T. ) ;
#6733 = CARTESIAN_POINT ( 'NONE',  ( -0.1049138835567492300, 0.3435813114898739200, 0.3790057711025329200 ) ) ;
#6734 = PRESENTATION_STYLE_ASSIGNMENT (( #263 ) ) ;
#6735 = EDGE_LOOP ( 'NONE', ( #1481, #4823, #8029, #5146 ) ) ;
#6736 = CARTESIAN_POINT ( 'NONE',  ( -0.1250039849278215800, 0.2666795068524428500, 0.3792148574800757700 ) ) ;
#6737 = CARTESIAN_POINT ( 'NONE',  ( -0.1173081954115279300, 0.3531279773632808300, -0.3760249089746931500 ) ) ;
#6738 = ORIENTED_EDGE ( 'NONE', *, *, #5838, .F. ) ;
#6739 = EDGE_CURVE ( 'NONE', #4131, #1207, #4260, .T. ) ;
#6740 = CARTESIAN_POINT ( 'NONE',  ( -0.8799999999999992300, 0.6849999999999999400, 1.096058885236880300E-016 ) ) ;
#6741 = ORIENTED_EDGE ( 'NONE', *, *, #7769, .F. ) ;
#6742 = STYLED_ITEM ( 'NONE', ( #6399 ), #2733 ) ;
#6743 = SURFACE_STYLE_USAGE ( .BOTH. , #2313 ) ;
#6744 = CIRCLE ( 'NONE', #5334, 0.6499999999999995800 ) ;
#6745 = CARTESIAN_POINT ( 'NONE',  ( -0.04804653408847812900, -1.166505905980542300, 0.2035534470247589200 ) ) ;
#6746 = FILL_AREA_STYLE ('',( #5470 ) ) ;
#6747 = DIRECTION ( 'NONE',  ( 1.000000000000000000, 1.447553700753488400E-016, 0.0000000000000000000 ) ) ;
#6748 = ADVANCED_FACE ( 'NONE', ( #5935 ), #3663, .F. ) ;
#6749 = CIRCLE ( 'NONE', #7564, 0.8999999999999993600 ) ;
#6750 = ORIENTED_EDGE ( 'NONE', *, *, #1803, .T. ) ;
#6751 = LINE ( 'NONE', #5227, #3374 ) ;
#6752 = EDGE_CURVE ( 'NONE', #2614, #2396, #269, .T. ) ;
#6753 = ORIENTED_EDGE ( 'NONE', *, *, #5885, .T. ) ;
#6754 = PRESENTATION_LAYER_ASSIGNMENT (  '', '', ( #5898 ) ) ;
#6755 = CARTESIAN_POINT ( 'NONE',  ( -0.1049532641402325000, 0.3434097392605768900, 0.3956287701370937400 ) ) ;
#6756 = FILL_AREA_STYLE ('',( #2325 ) ) ;
#6757 = CARTESIAN_POINT ( 'NONE',  ( 0.1518986748799414900, 0.2634659119465386200, 0.4083876577056687600 ) ) ;
#6758 = EDGE_CURVE ( 'NONE', #4616, #2747, #1964, .T. ) ;
#6759 = PRESENTATION_STYLE_ASSIGNMENT (( #4137 ) ) ;
#6760 = VERTEX_POINT ( 'NONE', #6724 ) ;
#6761 = LINE ( 'NONE', #5390, #3384 ) ;
#6762 = CARTESIAN_POINT ( 'NONE',  ( -0.1049532641402256100, 0.3434097392605874300, 0.3956287701370961900 ) ) ;
#6763 = LINE ( 'NONE', #8261, #6551 ) ;
#6764 = B_SPLINE_CURVE_WITH_KNOTS ( 'NONE', 3,
 ( #362, #4809, #998, #5437, #1638, #6082 ),
 .UNSPECIFIED., .F., .F.,
 ( 4, 2, 4 ),
 ( 2.397071183994485800E-005, 0.0001626087660031072300, 0.0003012468201662696100 ),
 .UNSPECIFIED. ) ;
#6765 =( NAMED_UNIT ( * ) PLANE_ANGLE_UNIT ( ) SI_UNIT ( $, .RADIAN. ) );
#6766 = PLANE ( 'NONE',  #485 ) ;
#6767 = STYLED_ITEM ( 'NONE', ( #3262 ), #953 ) ;
#6768 = MECHANICAL_DESIGN_GEOMETRIC_PRESENTATION_REPRESENTATION (  '', ( #5070 ), #7179 ) ;
#6769 = ORIENTED_EDGE ( 'NONE', *, *, #7887, .F. ) ;
#6770 = AXIS2_PLACEMENT_3D ( 'NONE', #1545, #5988, #2194 ) ;
#6771 = ORIENTED_EDGE ( 'NONE', *, *, #1107, .T. ) ;
#6772 = TOROIDAL_SURFACE ( 'NONE', #5595, 0.8499999999999993100, 0.05000000000000000300 ) ;
#6773 = DIRECTION ( 'NONE',  ( 1.000000000000000000, 1.447553700753488400E-016, 0.0000000000000000000 ) ) ;
#6774 = FILL_AREA_STYLE_COLOUR ( '', #681 ) ;
#6775 = CARTESIAN_POINT ( 'NONE',  ( 0.0000000000000000000, -1.294999999999999900, 1.169999999999999900 ) ) ;
#6776 = VERTEX_POINT ( 'NONE', #999 ) ;
#6777 = CARTESIAN_POINT ( 'NONE',  ( -0.04784238332212900600, -1.168868921937331400, -0.2301144326776780600 ) ) ;
#6778 = DIRECTION ( 'NONE',  ( -1.447553700753488400E-016, 1.000000000000000000, -0.0000000000000000000 ) ) ;
#6779 = CARTESIAN_POINT ( 'NONE',  ( 0.1158236843077577300, 0.3543379074933296100, -0.3765126485472822200 ) ) ;
#6780 = VERTEX_POINT ( 'NONE', #381 ) ;
#6781 = CARTESIAN_POINT ( 'NONE',  ( -0.1250000000000000600, 0.2666198487095667900, 0.3897197719169305200 ) ) ;
#6782 = PRESENTATION_STYLE_ASSIGNMENT (( #2399 ) ) ;
#6783 =( GEOMETRIC_REPRESENTATION_CONTEXT ( 3 ) GLOBAL_UNCERTAINTY_ASSIGNED_CONTEXT ( ( #8039 ) ) GLOBAL_UNIT_ASSIGNED_CONTEXT ( ( #1137, #5578, #1774 ) ) REPRESENTATION_CONTEXT ( 'NONE', 'WORKASPACE' ) );
#6784 = AXIS2_PLACEMENT_3D ( 'NONE', #1284, #5730, #1925 ) ;
#6785 = CARTESIAN_POINT ( 'NONE',  ( -0.07215632524356457900, 0.3989153358109493500, -0.3872600742266846800 ) ) ;
#6786 = SURFACE_STYLE_USAGE ( .BOTH. , #2347 ) ;
#6787 = CARTESIAN_POINT ( 'NONE',  ( -0.04601138224001801600, -1.166829375397006000, 0.2417714373386533100 ) ) ;
#6788 = PRESENTATION_STYLE_ASSIGNMENT (( #3698 ) ) ;
#6789 = DIRECTION ( 'NONE',  ( -1.447553700753488400E-016, 1.000000000000000000, -0.0000000000000000000 ) ) ;
#6790 = CARTESIAN_POINT ( 'NONE',  ( 0.08353267560629731900, 0.4006561957264891900, 0.4413591502439696000 ) ) ;
#6791 = PRESENTATION_LAYER_ASSIGNMENT (  '', '', ( #5510 ) ) ;
#6792 = FILL_AREA_STYLE ('',( #5511 ) ) ;
#6793 = EDGE_CURVE ( 'NONE', #6847, #3056, #1763, .T. ) ;
#6794 = ORIENTED_EDGE ( 'NONE', *, *, #5986, .T. ) ;
#6795 = AXIS2_PLACEMENT_3D ( 'NONE', #1853, #6291, #2514 ) ;
#6796 = FACE_OUTER_BOUND ( 'NONE', #7604, .T. ) ;
#6797 = SURFACE_SIDE_STYLE ('',( #7585 ) ) ;
#6798 = VERTEX_POINT ( 'NONE', #4155 ) ;
#6799 = EDGE_CURVE ( 'NONE', #2400, #2110, #3449, .T. ) ;
#6800 = CARTESIAN_POINT ( 'NONE',  ( -0.05984158145819829700, -0.7052960553653575500, -0.3446300716582956800 ) ) ;
#6801 = SURFACE_SIDE_STYLE ('',( #6440 ) ) ;
#6802 = DIRECTION ( 'NONE',  ( 0.0000000000000000000, -0.0000000000000000000, -1.000000000000000000 ) ) ;
#6803 = CARTESIAN_POINT ( 'NONE',  ( 0.02529458252240696400, -1.223183884379456200, -0.2789380977350282600 ) ) ;
#6804 =( NAMED_UNIT ( * ) SI_UNIT ( $, .STERADIAN. ) SOLID_ANGLE_UNIT ( ) );
#6805 = AXIS2_PLACEMENT_3D ( 'NONE', #731, #3912, #1381 ) ;
#6806 = CARTESIAN_POINT ( 'NONE',  ( 0.09744828080417262900, 0.3792588028253489100, -0.3818730408762013300 ) ) ;
#6807 = VERTEX_POINT ( 'NONE', #6112 ) ;
#6808 = DIRECTION ( 'NONE',  ( 0.0000000000000000000, -1.000000000000000000, 0.0000000000000000000 ) ) ;
#6809 = ORIENTED_EDGE ( 'NONE', *, *, #2221, .T. ) ;
#6810 = FACE_OUTER_BOUND ( 'NONE', #5062, .T. ) ;
#6811 = UNCERTAINTY_MEASURE_WITH_UNIT (LENGTH_MEASURE( 1.000000000000000100E-005 ), #4947, 'distance_accuracy_value', 'NONE');
#6812 = CARTESIAN_POINT ( 'NONE',  ( -0.03986768251748851900, 0.3937663806528612400, 0.4113363919122654500 ) ) ;
#6813 = CARTESIAN_POINT ( 'NONE',  ( -0.02994456013349137300, -1.151245959617459600, -0.2721492054816739300 ) ) ;
#6814 = CARTESIAN_POINT ( 'NONE',  ( -0.1193942137457870100, 0.3283423490761812600, 0.4264692654299008800 ) ) ;
#6815 = ORIENTED_EDGE ( 'NONE', *, *, #5304, .T. ) ;
#6816 = MECHANICAL_DESIGN_GEOMETRIC_PRESENTATION_REPRESENTATION (  '', ( #5112 ), #7232 ) ;
#6817 = FILL_AREA_STYLE ('',( #455 ) ) ;
#6818 =( GEOMETRIC_REPRESENTATION_CONTEXT ( 3 ) GLOBAL_UNCERTAINTY_ASSIGNED_CONTEXT ( ( #5296 ) ) GLOBAL_UNIT_ASSIGNED_CONTEXT ( ( #3589, #8033, #4228 ) ) REPRESENTATION_CONTEXT ( 'NONE', 'WORKASPACE' ) );
#6819 = SURFACE_SIDE_STYLE ('',( #7975 ) ) ;
#6820 = B_SPLINE_CURVE_WITH_KNOTS ( 'NONE', 3,
 ( #2415, #6840, #3046, #7469 ),
 .UNSPECIFIED., .F., .F.,
 ( 4, 4 ),
 ( 4.345270763724971400E-019, 2.626378288018132800E-006 ),
 .UNSPECIFIED. ) ;
#6821 = CARTESIAN_POINT ( 'NONE',  ( 0.02882983084228368100, -1.167873482984498100, -0.2672082489764449600 ) ) ;
#6822 = EDGE_LOOP ( 'NONE', ( #7982, #7294, #6965, #4467 ) ) ;
#6823 = DIRECTION ( 'NONE',  ( 1.000000000000000000, 0.0000000000000000000, -1.084202172485506600E-015 ) ) ;
#6824 = CARTESIAN_POINT ( 'NONE',  ( 1.269999999999999800, 1.353578643762690200, 0.7700000000000001300 ) ) ;
#6825 = SURFACE_STYLE_FILL_AREA ( #1315 ) ;
#6826 = COLOUR_RGB ( '',0.8941176470588234600, 0.9137254901960784000, 0.9294117647058823800 ) ;
#6827 = STYLED_ITEM ( 'NONE', ( #5952 ), #6491 ) ;
#6828 =( LENGTH_UNIT ( ) NAMED_UNIT ( * ) SI_UNIT ( .MILLI., .METRE. ) );
#6829 = CARTESIAN_POINT ( 'NONE',  ( -0.1248013322341164200, 0.3538855392513374800, -0.4260221670426920800 ) ) ;
#6830 = DIRECTION ( 'NONE',  ( -1.447553700753488400E-016, 1.000000000000000000, -0.0000000000000000000 ) ) ;
#6831 = FILL_AREA_STYLE ('',( #1751 ) ) ;
#6832 = ORIENTED_EDGE ( 'NONE', *, *, #5101, .F. ) ;
#6833 = COLOUR_RGB ( '',0.8941176470588234600, 0.9137254901960784000, 0.9294117647058823800 ) ;
#6834 = DIRECTION ( 'NONE',  ( -1.447553700753488400E-016, 1.000000000000000000, -0.0000000000000000000 ) ) ;
#6835 = FILL_AREA_STYLE_COLOUR ( '', #5728 ) ;
#6836 = AXIS2_PLACEMENT_3D ( 'NONE', #5819, #2018, #6443 ) ;
#6837 = CARTESIAN_POINT ( 'NONE',  ( 0.09931770340578249800, 0.3515121087464704300, 0.3976002459756346500 ) ) ;
#6838 = CIRCLE ( 'NONE', #3243, 0.01999999999999999300 ) ;
#6839 = ORIENTED_EDGE ( 'NONE', *, *, #4307, .F. ) ;
#6840 = CARTESIAN_POINT ( 'NONE',  ( -0.02513243104744599200, -1.223024632209640700, 0.2771991270210095200 ) ) ;
#6841 =( LENGTH_UNIT ( ) NAMED_UNIT ( * ) SI_UNIT ( .MILLI., .METRE. ) );
#6842 = EDGE_CURVE ( 'NONE', #7974, #7951, #6624, .T. ) ;
#6843 = ORIENTED_EDGE ( 'NONE', *, *, #1687, .T. ) ;
#6844 = SURFACE_SIDE_STYLE ('',( #2946 ) ) ;
#6845 = SURFACE_STYLE_USAGE ( .BOTH. , #2423 ) ;
#6846 = COLOUR_RGB ( '',0.1098039215686274500, 0.1098039215686274500, 0.1098039215686274500 ) ;
#6847 = VERTEX_POINT ( 'NONE', #1667 ) ;
#6848 = CARTESIAN_POINT ( 'NONE',  ( 0.1180253205482358100, 0.3525217918726917300, -0.3757417101686158500 ) ) ;
#6849 = CARTESIAN_POINT ( 'NONE',  ( 0.08300968199367726700, -0.7357752447042117400, 0.3356694795434635400 ) ) ;
#6850 = CARTESIAN_POINT ( 'NONE',  ( -1.476660268557142200E-016, 1.395000000000000000, 0.0000000000000000000 ) ) ;
#6851 = EDGE_CURVE ( 'NONE', #1205, #4166, #5087, .T. ) ;
#6852 = AXIS2_PLACEMENT_3D ( 'NONE', #6479, #765, #7148 ) ;
#6853 = SURFACE_SIDE_STYLE ('',( #7877 ) ) ;
#6854 = CARTESIAN_POINT ( 'NONE',  ( -0.04812986817368408700, -1.165484622976077800, 0.1921453138332401600 ) ) ;
#6855 = ORIENTED_EDGE ( 'NONE', *, *, #6464, .T. ) ;
#6856 = FACE_OUTER_BOUND ( 'NONE', #2102, .T. ) ;
#6857 = DIRECTION ( 'NONE',  ( 1.000000000000000000, 1.447553700753488400E-016, 0.0000000000000000000 ) ) ;
#6858 = CARTESIAN_POINT ( 'NONE',  ( -0.02513243104745601500, -1.223024632209491300, -0.2771991270210188400 ) ) ;
#6859 = SURFACE_STYLE_USAGE ( .BOTH. , #2435 ) ;
#6860 = CARTESIAN_POINT ( 'NONE',  ( 1.019999999999998700, 1.294999999999999900, -1.270000000000000000 ) ) ;
#6861 = FACE_OUTER_BOUND ( 'NONE', #7236, .T. ) ;
#6862 = ORIENTED_EDGE ( 'NONE', *, *, #5399, .F. ) ;
#6863 = VECTOR ( 'NONE', #5683, 1000.000000000000200 ) ;
#6864 = PRESENTATION_LAYER_ASSIGNMENT (  '', '', ( #6424 ) ) ;
#6865 = DIRECTION ( 'NONE',  ( 1.447553700753488400E-016, -1.000000000000000000, 0.0000000000000000000 ) ) ;
#6866 = UNCERTAINTY_MEASURE_WITH_UNIT (LENGTH_MEASURE( 1.000000000000000100E-005 ), #4153, 'distance_accuracy_value', 'NONE');
#6867 = CARTESIAN_POINT ( 'NONE',  ( 0.1249999999999997400, 0.2666198487095638400, 0.3792098549233094400 ) ) ;
#6868 = CARTESIAN_POINT ( 'NONE',  ( 5.499149124977416800E-017, -0.005000000000000013100, 0.0000000000000000000 ) ) ;
#6869 = EDGE_CURVE ( 'NONE', #3674, #7343, #4945, .T. ) ;
#6870 = DIRECTION ( 'NONE',  ( -1.000000000000000000, -1.084202172485504000E-015, 0.0000000000000000000 ) ) ;
#6871 = CARTESIAN_POINT ( 'NONE',  ( -1.270000000000000000, -1.294999999999999900, 0.6700000000000002600 ) ) ;
#6872 = EDGE_LOOP ( 'NONE', ( #4276, #800, #5214, #1295 ) ) ;
#6873 = ORIENTED_EDGE ( 'NONE', *, *, #4365, .T. ) ;
#6874 =( GEOMETRIC_REPRESENTATION_CONTEXT ( 3 ) GLOBAL_UNCERTAINTY_ASSIGNED_CONTEXT ( ( #2231 ) ) GLOBAL_UNIT_ASSIGNED_CONTEXT ( ( #6258, #2475, #6897 ) ) REPRESENTATION_CONTEXT ( 'NONE', 'WORKASPACE' ) );
#6875 = CARTESIAN_POINT ( 'NONE',  ( -0.04577085738069056100, -1.157149291725882300, -0.2509541767957842500 ) ) ;
#6876 = CARTESIAN_POINT ( 'NONE',  ( 0.1274222360458140100, 0.3525217918669448800, 0.4251583462493439000 ) ) ;
#6877 =( LENGTH_UNIT ( ) NAMED_UNIT ( * ) SI_UNIT ( .MILLI., .METRE. ) );
#6878 = FILL_AREA_STYLE_COLOUR ( '', #5850 ) ;
#6879 = CARTESIAN_POINT ( 'NONE',  ( 0.02666709960536417900, -1.222979491838891400, 0.2840257620198638500 ) ) ;
#6880 = CARTESIAN_POINT ( 'NONE',  ( -0.02840015304511702900, -1.174282642292528800, -0.07600972812412630500 ) ) ;
#6881 = DIRECTION ( 'NONE',  ( 0.0000000000000000000, 1.000000000000000000, -0.0000000000000000000 ) ) ;
#6882 = SURFACE_SIDE_STYLE ('',( #2477 ) ) ;
#6883 = CARTESIAN_POINT ( 'NONE',  ( -1.433233657534537400E-016, 1.365000000000000000, 0.0000000000000000000 ) ) ;
#6884 = MECHANICAL_DESIGN_GEOMETRIC_PRESENTATION_REPRESENTATION (  '', ( #6026 ), #7297 ) ;
#6885 = PRESENTATION_LAYER_ASSIGNMENT (  '', '', ( #6446 ) ) ;
#6886 = CARTESIAN_POINT ( 'NONE',  ( -0.04955977419589136700, -1.205290237872890000, 0.2977002210804753400 ) ) ;
#6887 = CARTESIAN_POINT ( 'NONE',  ( 0.09289585452495936800, -0.2122519574548088800, -0.3303541405802731800 ) ) ;
#6888 = EDGE_CURVE ( 'NONE', #4981, #6061, #5142, .T. ) ;
#6889 = CIRCLE ( 'NONE', #8238, 0.8999999999999993600 ) ;
#6890 = SURFACE_SIDE_STYLE ('',( #113 ) ) ;
#6891 = DIRECTION ( 'NONE',  ( -1.447553700753488400E-016, 1.000000000000000000, -0.0000000000000000000 ) ) ;
#6892 = DIRECTION ( 'NONE',  ( -1.000000000000000000, 0.0000000000000000000, -1.084202172485506600E-015 ) ) ;
#6893 = EDGE_LOOP ( 'NONE', ( #1669, #1746, #7417, #580 ) ) ;
#6894 = CARTESIAN_POINT ( 'NONE',  ( 0.9581966011250105900, -1.395000000000000000, 1.169999999999999900 ) ) ;
#6895 = CIRCLE ( 'NONE', #7266, 0.6399999999999993500 ) ;
#6896 = AXIS2_PLACEMENT_3D ( 'NONE', #449, #1200, #5642 ) ;
#6897 =( NAMED_UNIT ( * ) SI_UNIT ( $, .STERADIAN. ) SOLID_ANGLE_UNIT ( ) );
#6898 = EDGE_CURVE ( 'NONE', #2396, #6204, #3247, .T. ) ;
#6899 = ORIENTED_EDGE ( 'NONE', *, *, #2121, .T. ) ;
#6900 = MANIFOLD_SOLID_BREP ( 'Fillet2', #4760 ) ;
#6901 = ORIENTED_EDGE ( 'NONE', *, *, #6366, .F. ) ;
#6902 = SURFACE_STYLE_FILL_AREA ( #4552 ) ;
#6903 = CIRCLE ( 'NONE', #7531, 0.8499999999999993100 ) ;
#6904 = CARTESIAN_POINT ( 'NONE',  ( -0.1242674578911140800, 0.2965723130342417000, -0.3829640067149451800 ) ) ;
#6905 = CARTESIAN_POINT ( 'NONE',  ( 0.08239275522246065900, 0.3780331791112016000, 0.4037009401789560200 ) ) ;
#6906 = DIRECTION ( 'NONE',  ( 1.000000000000000000, 0.0000000000000000000, 1.224646799147353200E-016 ) ) ;
#6907 = CARTESIAN_POINT ( 'NONE',  ( 0.04933144428504521900, -1.205497527077971500, 0.2977156663328862600 ) ) ;
#6908 = ORIENTED_EDGE ( 'NONE', *, *, #8183, .F. ) ;
#6909 = ORIENTED_EDGE ( 'NONE', *, *, #609, .F. ) ;
#6910 = EDGE_CURVE ( 'NONE', #2614, #6807, #962, .T. ) ;
#6911 = CARTESIAN_POINT ( 'NONE',  ( 1.270000000000000000, -1.395000000000000000, 0.7700000000000003500 ) ) ;
#6912 = UNCERTAINTY_MEASURE_WITH_UNIT (LENGTH_MEASURE( 1.000000000000000100E-005 ), #667, 'distance_accuracy_value', 'NONE');
#6913 =( NAMED_UNIT ( * ) PLANE_ANGLE_UNIT ( ) SI_UNIT ( $, .RADIAN. ) );
#6914 = CARTESIAN_POINT ( 'NONE',  ( 0.9581966011250107100, 1.294999999999999900, -1.169999999999999900 ) ) ;
#6915 = VERTEX_POINT ( 'NONE', #5527 ) ;
#6916 = CARTESIAN_POINT ( 'NONE',  ( -2.540000000000000000, 0.0000000000000000000, 0.0000000000000000000 ) ) ;
#6917 = SURFACE_STYLE_FILL_AREA ( #6141 ) ;
#6918 =( NAMED_UNIT ( * ) SI_UNIT ( $, .STERADIAN. ) SOLID_ANGLE_UNIT ( ) );
#6919 = B_SPLINE_CURVE_WITH_KNOTS ( 'NONE', 3,
 ( #5269, #3995, #1457, #5897, #2105, #6527, #2751 ),
 .UNSPECIFIED., .F., .F.,
 ( 4, 3, 4 ),
 ( 2.264067126726741200E-013, 3.094920418580558500E-006, 4.109109717361388900E-006 ),
 .UNSPECIFIED. ) ;
#6920 = CARTESIAN_POINT ( 'NONE',  ( -0.2549999999999992300, -2.867118494305994400, 0.0000000000000000000 ) ) ;
#6921 =( GEOMETRIC_REPRESENTATION_CONTEXT ( 3 ) GLOBAL_UNCERTAINTY_ASSIGNED_CONTEXT ( ( #1882 ) ) GLOBAL_UNIT_ASSIGNED_CONTEXT ( ( #6171, #2375, #6804 ) ) REPRESENTATION_CONTEXT ( 'NONE', 'WORKASPACE' ) );
#6922 = AXIS2_PLACEMENT_3D ( 'NONE', #935, #5389, #1573 ) ;
#6923 = MECHANICAL_DESIGN_GEOMETRIC_PRESENTATION_REPRESENTATION (  '', ( #5226 ), #7342 ) ;
#6924 =( NAMED_UNIT ( * ) SI_UNIT ( $, .STERADIAN. ) SOLID_ANGLE_UNIT ( ) );
#6925 = CARTESIAN_POINT ( 'NONE',  ( -0.1378435408756131200, 0.2670981431876250400, -0.3606053945049982300 ) ) ;
#6926 = CARTESIAN_POINT ( 'NONE',  ( -0.1298371962130997800, 0.3488777234733824200, 0.4240801208536950600 ) ) ;
#6927 = CARTESIAN_POINT ( 'NONE',  ( 0.1450627261444091500, 0.3267110947108322600, -0.4174144868800949100 ) ) ;
#6928 = DIRECTION ( 'NONE',  ( 1.000000000000000000, 1.447553700753488400E-016, 0.0000000000000000000 ) ) ;
#6929 = LINE ( 'NONE', #4057, #3559 ) ;
#6930 = ORIENTED_EDGE ( 'NONE', *, *, #6029, .F. ) ;
#6931 = MECHANICAL_DESIGN_GEOMETRIC_PRESENTATION_REPRESENTATION (  '', ( #5662 ), #7352 ) ;
#6932 = DIRECTION ( 'NONE',  ( 0.0000000000000000000, -0.07180449027741552000, 0.9974187261005281700 ) ) ;
#6933 = ORIENTED_EDGE ( 'NONE', *, *, #994, .T. ) ;
#6934 = COLOUR_RGB ( '',0.8941176470588234600, 0.9137254901960784000, 0.9294117647058823800 ) ;
#6935 = SURFACE_SIDE_STYLE ('',( #5238 ) ) ;
#6936 = CARTESIAN_POINT ( 'NONE',  ( 0.05041738526498321800, -1.152035013410733300, 6.402725263619793400E-005 ) ) ;
#6937 = FILL_AREA_STYLE_COLOUR ( '', #5615 ) ;
#6938 = EDGE_LOOP ( 'NONE', ( #1067, #1151, #5556 ) ) ;
#6939 = CARTESIAN_POINT ( 'NONE',  ( 0.04784238332212933900, -1.168868921937331400, -0.2301144326776780900 ) ) ;
#6940 = MECHANICAL_DESIGN_GEOMETRIC_PRESENTATION_REPRESENTATION (  '', ( #6096 ), #7361 ) ;
#6941 = CARTESIAN_POINT ( 'NONE',  ( 0.0000000000000000000, 0.0000000000000000000, 0.0000000000000000000 ) ) ;
#6942 = CARTESIAN_POINT ( 'NONE',  ( -1.270000000000000000, 1.294999999999999900, 0.6700000000000002600 ) ) ;
#6943 = CARTESIAN_POINT ( 'NONE',  ( 1.244400193985225400, 1.394999999999999800, -0.7285786437626907700 ) ) ;
#6944 = EDGE_CURVE ( 'NONE', #2110, #2400, #2675, .T. ) ;
#6945 = ORIENTED_EDGE ( 'NONE', *, *, #6374, .F. ) ;
#6946 = AXIS2_PLACEMENT_3D ( 'NONE', #1546, #4113, #298 ) ;
#6947 = CIRCLE ( 'NONE', #2999, 0.9099999999999992500 ) ;
#6948 = TOROIDAL_SURFACE ( 'NONE', #7781, 0.5499999999999998200, 0.05000000000000000300 ) ;
#6949 = VERTEX_POINT ( 'NONE', #497 ) ;
#6950 = CARTESIAN_POINT ( 'NONE',  ( -0.7265572809000089300, 1.294999999999999700, 1.633278640450004600 ) ) ;
#6951 = CYLINDRICAL_SURFACE ( 'NONE', #5639, 0.1000000000000000500 ) ;
#6952 = CARTESIAN_POINT ( 'NONE',  ( 0.02925005696892516600, -1.161605306670051400, -0.1539422439033453200 ) ) ;
#6953 = CIRCLE ( 'NONE', #2187, 0.1000000000000000500 ) ;
#6954 = ORIENTED_EDGE ( 'NONE', *, *, #7598, .T. ) ;
#6955 = CARTESIAN_POINT ( 'NONE',  ( -0.02859097773673069400, -1.171436263316180600, 0.2645665737518476100 ) ) ;
#6956 = VECTOR ( 'NONE', #939, 1000.000000000000100 ) ;
#6957 = FACE_OUTER_BOUND ( 'NONE', #2903, .T. ) ;
#6958 = CARTESIAN_POINT ( 'NONE',  ( 0.1069180516808834100, 0.3402937159745609800, -0.3947436973227772000 ) ) ;
#6959 = CIRCLE ( 'NONE', #1973, 0.1000000000000000500 ) ;
#6960 = EDGE_CURVE ( 'NONE', #2942, #4441, #2126, .T. ) ;
#6961 =( GEOMETRIC_REPRESENTATION_CONTEXT ( 3 ) GLOBAL_UNCERTAINTY_ASSIGNED_CONTEXT ( ( #4278 ) ) GLOBAL_UNIT_ASSIGNED_CONTEXT ( ( #1858, #6297, #2520 ) ) REPRESENTATION_CONTEXT ( 'NONE', 'WORKASPACE' ) );
#6962 = CARTESIAN_POINT ( 'NONE',  ( 0.02916825541113855400, -1.162825474942541500, -0.2549967015353986100 ) ) ;
#6963 = CONICAL_SURFACE ( 'NONE', #6805, 0.5316896815425914400, 0.6040459290663094900 ) ;
#6964 = DIRECTION ( 'NONE',  ( -1.447553700753488400E-016, 1.000000000000000000, -0.0000000000000000000 ) ) ;
#6965 = ORIENTED_EDGE ( 'NONE', *, *, #2472, .F. ) ;
#6966 = ORIENTED_EDGE ( 'NONE', *, *, #1645, .T. ) ;
#6967 = CARTESIAN_POINT ( 'NONE',  ( -7.509803548050487700E-017, 0.8936853245068846500, 0.0000000000000000000 ) ) ;
#6968 = DIRECTION ( 'NONE',  ( -1.447553700753488400E-016, 1.000000000000000000, 0.0000000000000000000 ) ) ;
#6969 = UNCERTAINTY_MEASURE_WITH_UNIT (LENGTH_MEASURE( 1.000000000000000100E-005 ), #7068, 'distance_accuracy_value', 'NONE');
#6970 = CARTESIAN_POINT ( 'NONE',  ( 1.370000000000000100, -1.294999999999999900, 0.6700000000000002600 ) ) ;
#6971 =( GEOMETRIC_REPRESENTATION_CONTEXT ( 3 ) GLOBAL_UNCERTAINTY_ASSIGNED_CONTEXT ( ( #4590 ) ) GLOBAL_UNIT_ASSIGNED_CONTEXT ( ( #5852, #2052, #6478 ) ) REPRESENTATION_CONTEXT ( 'NONE', 'WORKASPACE' ) );
#6972 =( LENGTH_UNIT ( ) NAMED_UNIT ( * ) SI_UNIT ( .MILLI., .METRE. ) );
#6973 = ORIENTED_EDGE ( 'NONE', *, *, #631, .F. ) ;
#6974 = AXIS2_PLACEMENT_3D ( 'NONE', #914, #5368, #1553 ) ;
#6975 = VERTEX_POINT ( 'NONE', #7492 ) ;
#6976 = APPLICATION_PROTOCOL_DEFINITION ( 'draft international standard', 'automotive_design', 1998, #2551 ) ;
#6977 = COLOUR_RGB ( '',0.8941176470588234600, 0.9137254901960784000, 0.9294117647058823800 ) ;
#6978 = DIRECTION ( 'NONE',  ( 0.0000000000000000000, 0.0000000000000000000, 1.000000000000000000 ) ) ;
#6979 = DIRECTION ( 'NONE',  ( 0.0000000000000000000, -0.0000000000000000000, -1.000000000000000000 ) ) ;
#6980 = CARTESIAN_POINT ( 'NONE',  ( -0.4500000000000052300, 1.395000000000000000, 0.0000000000000000000 ) ) ;
#6981 = CARTESIAN_POINT ( 'NONE',  ( -0.9581966011250113700, -1.954016994374949500, 1.169999999999999900 ) ) ;
#6982 = FACE_OUTER_BOUND ( 'NONE', #932, .T. ) ;
#6983 =( GEOMETRIC_REPRESENTATION_CONTEXT ( 3 ) GLOBAL_UNCERTAINTY_ASSIGNED_CONTEXT ( ( #6912 ) ) GLOBAL_UNIT_ASSIGNED_CONTEXT ( ( #667, #5116, #1316 ) ) REPRESENTATION_CONTEXT ( 'NONE', 'WORKASPACE' ) );
#6984 = CARTESIAN_POINT ( 'NONE',  ( 0.04926409210788446800, -1.155703074662968800, 0.07759745844292237300 ) ) ;
#6985 = ITEM_DEFINED_TRANSFORMATION ( 'NONE', 'NONE', #7754,  #4353 ) ;
#6986 = CARTESIAN_POINT ( 'NONE',  ( 0.02276341092520388700, 0.4060173435856843100, 0.4439408009513051700 ) ) ;
#6987 = CARTESIAN_POINT ( 'NONE',  ( -0.04747270550681709200, -1.188786294355723700, 0.2283363398061075400 ) ) ;
#6988 = CARTESIAN_POINT ( 'NONE',  ( -0.04630770841790388800, -1.150767665139485100, -0.2525584207203315200 ) ) ;
#6989 = VERTEX_POINT ( 'NONE', #2432 ) ;
#6990 = CARTESIAN_POINT ( 'NONE',  ( -7.424927725979442400E-017, 0.8878219273820066000, 0.0000000000000000000 ) ) ;
#6991 = CIRCLE ( 'NONE', #6267, 0.5158374504826133100 ) ;
#6992 =( NAMED_UNIT ( * ) SI_UNIT ( $, .STERADIAN. ) SOLID_ANGLE_UNIT ( ) );
#6993 = DIRECTION ( 'NONE',  ( 0.4472135954999579300, -0.0000000000000000000, 0.8944271909999158600 ) ) ;
#6994 =( GEOMETRIC_REPRESENTATION_CONTEXT ( 3 ) GLOBAL_UNCERTAINTY_ASSIGNED_CONTEXT ( ( #3862 ) ) GLOBAL_UNIT_ASSIGNED_CONTEXT ( ( #8201, #4406, #581 ) ) REPRESENTATION_CONTEXT ( 'NONE', 'WORKASPACE' ) );
#6995 = DIRECTION ( 'NONE',  ( 0.0000000000000000000, 0.0000000000000000000, 1.000000000000000000 ) ) ;
#6996 = EDGE_CURVE ( 'NONE', #5417, #2802, #8120, .T. ) ;
#6997 = ORIENTED_EDGE ( 'NONE', *, *, #4150, .F. ) ;
#6998 = CARTESIAN_POINT ( 'NONE',  ( 0.1210356286896722700, 0.3073357932227794900, 0.4136796092322143600 ) ) ;
#6999 = DIRECTION ( 'NONE',  ( 1.000000000000000000, 1.447553700753488400E-016, 0.0000000000000000000 ) ) ;
#7000 = VERTEX_POINT ( 'NONE', #6803 ) ;
#7001 = VERTEX_POINT ( 'NONE', #6241 ) ;
#7002 = LINE ( 'NONE', #2186, #249 ) ;
#7003 = ADVANCED_FACE ( 'NONE', ( #4160 ), #3708, .T. ) ;
#7004 = CARTESIAN_POINT ( 'NONE',  ( 0.3000000000000000400, -1.224999999999999400, 0.0000000000000000000 ) ) ;
#7005 = EDGE_CURVE ( 'NONE', #5771, #2678, #1862, .T. ) ;
#7006 = CARTESIAN_POINT ( 'NONE',  ( -1.476660268557142700E-016, 1.395000000000000200, 0.0000000000000000000 ) ) ;
#7007 =( GEOMETRIC_REPRESENTATION_CONTEXT ( 3 ) GLOBAL_UNCERTAINTY_ASSIGNED_CONTEXT ( ( #1677 ) ) GLOBAL_UNIT_ASSIGNED_CONTEXT ( ( #7668, #3865, #26 ) ) REPRESENTATION_CONTEXT ( 'NONE', 'WORKASPACE' ) );
#7008 = CARTESIAN_POINT ( 'NONE',  ( -0.1378435408756131200, 0.2670981431876250400, 0.3606053945049982300 ) ) ;
#7009 = EDGE_LOOP ( 'NONE', ( #4853, #4850, #1754, #2643 ) ) ;
#7010 = DIRECTION ( 'NONE',  ( -1.000000000000000000, -1.441759817635564300E-016, 0.0000000000000000000 ) ) ;
#7011 = UNCERTAINTY_MEASURE_WITH_UNIT (LENGTH_MEASURE( 1.000000000000000100E-005 ), #6037, 'distance_accuracy_value', 'NONE');
#7012 = FILL_AREA_STYLE ('',( #2568 ) ) ;
#7013 = DIRECTION ( 'NONE',  ( -1.447553700753488400E-016, 1.000000000000000000, -0.0000000000000000000 ) ) ;
#7014 = EDGE_LOOP ( 'NONE', ( #1630, #7973, #5540 ) ) ;
#7015 = EDGE_CURVE ( 'NONE', #1556, #5514, #3552, .T. ) ;
#7016 = DIRECTION ( 'NONE',  ( 1.447553700753488400E-016, -1.000000000000000000, 0.0000000000000000000 ) ) ;
#7017 = PRESENTATION_LAYER_ASSIGNMENT (  '', '', ( #6585 ) ) ;
#7018 = PRESENTATION_STYLE_ASSIGNMENT (( #7323 ) ) ;
#7019 = SURFACE_SIDE_STYLE ('',( #4627 ) ) ;
#7020 =( LENGTH_UNIT ( ) NAMED_UNIT ( * ) SI_UNIT ( .MILLI., .METRE. ) );
#7021 = EDGE_CURVE ( 'NONE', #1479, #6001, #156, .T. ) ;
#7022 = CARTESIAN_POINT ( 'NONE',  ( 0.07599501632822158700, 0.3745991186151964600, 0.3902572253274034800 ) ) ;
#7023 = CARTESIAN_POINT ( 'NONE',  ( -0.02881787333637749300, 0.3969100280115850400, -0.4125746346931100100 ) ) ;
#7024 = CYLINDRICAL_SURFACE ( 'NONE', #376, 0.09999999999999990800 ) ;
#7025 = VERTEX_POINT ( 'NONE', #4404 ) ;
#7026 = DIRECTION ( 'NONE',  ( -1.000000000000000000, 0.0000000000000000000, 0.0000000000000000000 ) ) ;
#7027 = MECHANICAL_DESIGN_GEOMETRIC_PRESENTATION_REPRESENTATION (  '', ( #6186 ), #7449 ) ;
#7028 = MECHANICAL_DESIGN_GEOMETRIC_PRESENTATION_REPRESENTATION (  '', ( #4062 ), #7450 ) ;
#7029 = AXIS2_PLACEMENT_3D ( 'NONE', #5518, #1716, #6159 ) ;
#7030 = DIRECTION ( 'NONE',  ( -0.0000000000000000000, 0.0000000000000000000, 1.000000000000000000 ) ) ;
#7031 = FACE_OUTER_BOUND ( 'NONE', #5228, .T. ) ;
#7032 = ORIENTED_EDGE ( 'NONE', *, *, #3349, .T. ) ;
#7033 = CARTESIAN_POINT ( 'NONE',  ( -0.09088257391831579300, 0.3945065633849653100, -0.3841850530455716000 ) ) ;
#7034 = ORIENTED_EDGE ( 'NONE', *, *, #7411, .F. ) ;
#7035 = CARTESIAN_POINT ( 'NONE',  ( 4.692985130925385000E-016, -2.867118494305994400, 0.0000000000000000000 ) ) ;
#7036 = AXIS2_PLACEMENT_3D ( 'NONE', #7461, #3679, #8109 ) ;
#7037 =( GEOMETRIC_REPRESENTATION_CONTEXT ( 3 ) GLOBAL_UNCERTAINTY_ASSIGNED_CONTEXT ( ( #5349 ) ) GLOBAL_UNIT_ASSIGNED_CONTEXT ( ( #8018, #4210, #392 ) ) REPRESENTATION_CONTEXT ( 'NONE', 'WORKASPACE' ) );
#7038 = ORIENTED_EDGE ( 'NONE', *, *, #2565, .F. ) ;
#7039 = DIRECTION ( 'NONE',  ( 0.0000000000000000000, 0.0000000000000000000, -1.000000000000000000 ) ) ;
#7040 = SURFACE_STYLE_FILL_AREA ( #5255 ) ;
#7041 = ADVANCED_FACE ( 'NONE', ( #3345 ), #7623, .T. ) ;
#7042 = FILL_AREA_STYLE_COLOUR ( '', #1734 ) ;
#7043 = DIRECTION ( 'NONE',  ( -0.0000000000000000000, 0.0000000000000000000, -1.000000000000000000 ) ) ;
#7044 = ORIENTED_EDGE ( 'NONE', *, *, #5042, .F. ) ;
#7045 = CARTESIAN_POINT ( 'NONE',  ( -0.01698699319169541500, 0.3998653852408294900, 0.4301469589329103800 ) ) ;
#7046 = FACE_OUTER_BOUND ( 'NONE', #350, .T. ) ;
#7047 = CARTESIAN_POINT ( 'NONE',  ( -0.02551473994300738900, -1.223343405455788800, 0.2806747823464544300 ) ) ;
#7048 = CARTESIAN_POINT ( 'NONE',  ( 0.03003326316415448300, -1.149922847605686600, 0.2556207292921333600 ) ) ;
#7049 = AXIS2_PLACEMENT_3D ( 'NONE', #6470, #2692, #7108 ) ;
#7050 = FILL_AREA_STYLE_COLOUR ( '', #4547 ) ;
#7051 = EDGE_CURVE ( 'NONE', #7001, #343, #1062, .T. ) ;
#7052 =( NAMED_UNIT ( * ) SI_UNIT ( $, .STERADIAN. ) SOLID_ANGLE_UNIT ( ) );
#7053 = MECHANICAL_DESIGN_GEOMETRIC_PRESENTATION_REPRESENTATION (  '', ( #6211 ), #7478 ) ;
#7054 = EDGE_LOOP ( 'NONE', ( #3653, #4521 ) ) ;
#7055 = B_SPLINE_CURVE_WITH_KNOTS ( 'NONE', 3,
 ( #2301, #2359, #3001, #7412, #3632, #8070, #4271 ),
 .UNSPECIFIED., .F., .F.,
 ( 4, 3, 4 ),
 ( 2.177912619128748600E-019, 0.0007348310567757124100, 0.001497211650736156800 ),
 .UNSPECIFIED. ) ;
#7056 = DIRECTION ( 'NONE',  ( 0.0000000000000000000, -0.0000000000000000000, -1.000000000000000000 ) ) ;
#7057 =( LENGTH_UNIT ( ) NAMED_UNIT ( * ) SI_UNIT ( .MILLI., .METRE. ) );
#7058 = CARTESIAN_POINT ( 'NONE',  ( -0.1056392930043149300, -0.2267241590923740600, 0.3244054615139409500 ) ) ;
#7059 = ORIENTED_EDGE ( 'NONE', *, *, #7208, .T. ) ;
#7060 = FILL_AREA_STYLE_COLOUR ( '', #7803 ) ;
#7061 = EDGE_CURVE ( 'NONE', #3812, #2942, #2771, .T. ) ;
#7062 = ORIENTED_EDGE ( 'NONE', *, *, #7612, .F. ) ;
#7063 = CYLINDRICAL_SURFACE ( 'NONE', #4899, 0.1000000000000000500 ) ;
#7064 =( GEOMETRIC_REPRESENTATION_CONTEXT ( 3 ) GLOBAL_UNCERTAINTY_ASSIGNED_CONTEXT ( ( #3669 ) ) GLOBAL_UNIT_ASSIGNED_CONTEXT ( ( #6578, #2807, #7215 ) ) REPRESENTATION_CONTEXT ( 'NONE', 'WORKASPACE' ) );
#7065 = UNCERTAINTY_MEASURE_WITH_UNIT (LENGTH_MEASURE( 1.000000000000000100E-005 ), #4617, 'distance_accuracy_value', 'NONE');
#7066 =( NAMED_UNIT ( * ) SI_UNIT ( $, .STERADIAN. ) SOLID_ANGLE_UNIT ( ) );
#7067 = DIRECTION ( 'NONE',  ( 1.000000000000000000, 1.447553700753488400E-016, 0.0000000000000000000 ) ) ;
#7068 =( LENGTH_UNIT ( ) NAMED_UNIT ( * ) SI_UNIT ( .MILLI., .METRE. ) );
#7069 = DIRECTION ( 'NONE',  ( 0.0000000000000000000, 1.000000000000000000, 0.0000000000000000000 ) ) ;
#7070 = AXIS2_PLACEMENT_3D ( 'NONE', #40, #4519, #699 ) ;
#7071 = MECHANICAL_DESIGN_GEOMETRIC_PRESENTATION_REPRESENTATION (  '', ( #6230 ), #7505 ) ;
#7072 = CARTESIAN_POINT ( 'NONE',  ( -0.08950239281696720200, 0.3637608757300500000, 0.3878673849544900200 ) ) ;
#7073 = CARTESIAN_POINT ( 'NONE',  ( 0.07418310364420449600, 0.3811449897696614900, -0.4409003037123615000 ) ) ;
#7074 = CARTESIAN_POINT ( 'NONE',  ( -0.02541777153005336100, -1.218768436935463700, 0.2303026521327291300 ) ) ;
#7075 = STYLED_ITEM ( 'NONE', ( #7731 ), #5131 ) ;
#7076 = DIRECTION ( 'NONE',  ( -1.447553700753488400E-016, 1.000000000000000000, -0.0000000000000000000 ) ) ;
#7077 = ADVANCED_FACE ( 'NONE', ( #6130 ), #1957, .F. ) ;
#7078 = CARTESIAN_POINT ( 'NONE',  ( -0.02738722604449465200, -1.189391662486750400, 0.2501484472521964800 ) ) ;
#7079 = STYLED_ITEM ( 'NONE', ( #582 ), #6576 ) ;
#7080 =( LENGTH_UNIT ( ) NAMED_UNIT ( * ) SI_UNIT ( .MILLI., .METRE. ) );
#7081 = ORIENTED_EDGE ( 'NONE', *, *, #2162, .F. ) ;
#7082 = DIRECTION ( 'NONE',  ( 0.0000000000000000000, 0.0000000000000000000, 1.000000000000000000 ) ) ;
#7083 = FILL_AREA_STYLE ('',( #704 ) ) ;
#7084 = EDGE_LOOP ( 'NONE', ( #5602, #3373, #4994, #7703 ) ) ;
#7085 = CARTESIAN_POINT ( 'NONE',  ( -7.304618040577854600E-017, 0.8795106857790895300, 0.0000000000000000000 ) ) ;
#7086 = ORIENTED_EDGE ( 'NONE', *, *, #5056, .T. ) ;
#7087 =( LENGTH_UNIT ( ) NAMED_UNIT ( * ) SI_UNIT ( .MILLI., .METRE. ) );
#7088 = CIRCLE ( 'NONE', #6250, 0.3939249933206986400 ) ;
#7089 = FILL_AREA_STYLE_COLOUR ( '', #6652 ) ;
#7090 = FACE_BOUND ( 'NONE', #5248, .T. ) ;
#7091 = AXIS2_PLACEMENT_3D ( 'NONE', #2947, #7359, #3570 ) ;
#7092 =( NAMED_UNIT ( * ) PLANE_ANGLE_UNIT ( ) SI_UNIT ( $, .RADIAN. ) );
#7093 = EDGE_CURVE ( 'NONE', #5090, #6442, #5341, .T. ) ;
#7094 = CARTESIAN_POINT ( 'NONE',  ( 3.238291957217206500E-018, 0.3525217918728552100, 0.0000000000000000000 ) ) ;
#7095 = EDGE_LOOP ( 'NONE', ( #2954, #7451, #3460, #5117 ) ) ;
#7096 = AXIS2_PLACEMENT_3D ( 'NONE', #1388, #5828, #2029 ) ;
#7097 = CARTESIAN_POINT ( 'NONE',  ( -0.1257847930699634000, 0.2783259779124367900, 0.4123259990056520300 ) ) ;
#7098 = CARTESIAN_POINT ( 'NONE',  ( -0.1391761131228452000, 0.3435766958590501500, -0.4216278753996117700 ) ) ;
#7099 = ORIENTED_EDGE ( 'NONE', *, *, #7208, .F. ) ;
#7100 = LINE ( 'NONE', #3196, #5420 ) ;
#7101 =( NAMED_UNIT ( * ) SI_UNIT ( $, .STERADIAN. ) SOLID_ANGLE_UNIT ( ) );
#7102 = ORIENTED_EDGE ( 'NONE', *, *, #3795, .F. ) ;
#7103 = EDGE_CURVE ( 'NONE', #3081, #3561, #461, .T. ) ;
#7104 = CIRCLE ( 'NONE', #1568, 0.6099999999999994300 ) ;
#7105 = VECTOR ( 'NONE', #2322, 1000.000000000000000 ) ;
#7106 = B_SPLINE_CURVE_WITH_KNOTS ( 'NONE', 3,
 ( #6848, #2424, #8122, #4334, #513, #4959, #1155 ),
 .UNSPECIFIED., .F., .F.,
 ( 4, 3, 4 ),
 ( 0.0000000000000000000, 3.836810855205204100E-005, 9.038532512264778100E-005 ),
 .UNSPECIFIED. ) ;
#7107 = STYLED_ITEM ( 'NONE', ( #231 ), #3249 ) ;
#7108 = DIRECTION ( 'NONE',  ( 1.000000000000000000, 0.0000000000000000000, 0.0000000000000000000 ) ) ;
#7109 = CARTESIAN_POINT ( 'NONE',  ( -0.6025658350974741900, -0.1473024947075763100, 0.0000000000000000000 ) ) ;
#7110 = DIRECTION ( 'NONE',  ( 1.000000000000000000, 0.0000000000000000000, 0.0000000000000000000 ) ) ;
#7111 = ADVANCED_FACE ( 'NONE', ( #5134 ), #1357, .T. ) ;
#7112 = DIRECTION ( 'NONE',  ( -1.447553700753488400E-016, 1.000000000000000000, -0.0000000000000000000 ) ) ;
#7113 = CARTESIAN_POINT ( 'NONE',  ( -9.265898622708170100E-017, 1.015000000000000300, 0.0000000000000000000 ) ) ;
#7114 =( GEOMETRIC_REPRESENTATION_CONTEXT ( 3 ) GLOBAL_UNCERTAINTY_ASSIGNED_CONTEXT ( ( #2241 ) ) GLOBAL_UNIT_ASSIGNED_CONTEXT ( ( #2252, #6691, #2906 ) ) REPRESENTATION_CONTEXT ( 'NONE', 'WORKASPACE' ) );
#7115 = DIRECTION ( 'NONE',  ( -0.5679770921753948300, 0.8230443625734782400, 0.0000000000000000000 ) ) ;
#7116 = CARTESIAN_POINT ( 'NONE',  ( 0.9581966011250107100, -1.954016994374949500, -1.169999999999999900 ) ) ;
#7117 = ADVANCED_FACE ( 'NONE', ( #2865 ), #556, .T. ) ;
#7118 = STYLED_ITEM ( 'NONE', ( #3372 ), #4646 ) ;
#7119 = TOROIDAL_SURFACE ( 'NONE', #2685, 0.3739249933206986200, 0.02000000000000000000 ) ;
#7120 = CARTESIAN_POINT ( 'NONE',  ( 0.1325669765548405900, 0.3179824357007368100, 0.3675146286954033600 ) ) ;
#7121 = ORIENTED_EDGE ( 'NONE', *, *, #4610, .T. ) ;
#7122 = ORIENTED_EDGE ( 'NONE', *, *, #6015, .T. ) ;
#7123 = ORIENTED_EDGE ( 'NONE', *, *, #7612, .T. ) ;
#7124 = FACE_OUTER_BOUND ( 'NONE', #2661, .T. ) ;
#7125 = DIRECTION ( 'NONE',  ( -0.0000000000000000000, -1.000000000000000000, -0.0000000000000000000 ) ) ;
#7126 = DIRECTION ( 'NONE',  ( -1.000000000000000000, -2.442309373877174400E-016, 0.0000000000000000000 ) ) ;
#7127 = PRESENTATION_STYLE_ASSIGNMENT (( #4154 ) ) ;
#7128 = FILL_AREA_STYLE_COLOUR ( '', #1690 ) ;
#7129 = EDGE_LOOP ( 'NONE', ( #7405, #5111, #6056 ) ) ;
#7130 = AXIS2_PLACEMENT_3D ( 'NONE', #6981, #7621, #6371 ) ;
#7131 = CARTESIAN_POINT ( 'NONE',  ( -0.02751749980527845200, -1.187448473213238900, -0.2283363398061075400 ) ) ;
#7132 = CARTESIAN_POINT ( 'NONE',  ( 0.02917838675610640000, -1.221599968234500000, -0.2884193327292977100 ) ) ;
#7133 = VERTEX_POINT ( 'NONE', #6088 ) ;
#7134 = FILL_AREA_STYLE ('',( #5868 ) ) ;
#7135 =( LENGTH_UNIT ( ) NAMED_UNIT ( * ) SI_UNIT ( .MILLI., .METRE. ) );
#7136 = ORIENTED_EDGE ( 'NONE', *, *, #2335, .F. ) ;
#7137 = AXIS2_PLACEMENT_3D ( 'NONE', #7433, #3652, #8087 ) ;
#7138 = AXIS2_PLACEMENT_3D ( 'NONE', #7726, #3920, #100 ) ;
#7139 = CARTESIAN_POINT ( 'NONE',  ( 0.02935789526046685500, -1.159996769308904800, 0.2706846008612904300 ) ) ;
#7140 = DIRECTION ( 'NONE',  ( 1.000000000000000000, 0.0000000000000000000, 0.0000000000000000000 ) ) ;
#7141 = EDGE_CURVE ( 'NONE', #1525, #6697, #5632, .T. ) ;
#7142 = CARTESIAN_POINT ( 'NONE',  ( 0.9581966011250105900, -1.294999999999999900, -1.170000000000000200 ) ) ;
#7143 = EDGE_LOOP ( 'NONE', ( #4530, #2298 ) ) ;
#7144 = CYLINDRICAL_SURFACE ( 'NONE', #7130, 0.1000000000000000500 ) ;
#7145 = CARTESIAN_POINT ( 'NONE',  ( 0.1062815361582940700, 0.3413376273166030500, 0.3950916571944576000 ) ) ;
#7146 = PLANE ( 'NONE',  #2577 ) ;
#7147 = CIRCLE ( 'NONE', #685, 0.02999999999999997100 ) ;
#7148 = DIRECTION ( 'NONE',  ( -1.000000000000000000, 0.0000000000000000000, 0.0000000000000000000 ) ) ;
#7149 =( NAMED_UNIT ( * ) PLANE_ANGLE_UNIT ( ) SI_UNIT ( $, .RADIAN. ) );
#7150 = CYLINDRICAL_SURFACE ( 'NONE', #7661, 0.5999999999999994200 ) ;
#7151 = ORIENTED_EDGE ( 'NONE', *, *, #5613, .T. ) ;
#7152 = ORIENTED_EDGE ( 'NONE', *, *, #5372, .T. ) ;
#7153 = CONICAL_SURFACE ( 'NONE', #3054, 0.4500000000000036200, 0.6040459290661867000 ) ;
#7154 = UNCERTAINTY_MEASURE_WITH_UNIT (LENGTH_MEASURE( 1.000000000000000100E-005 ), #6049, 'distance_accuracy_value', 'NONE');
#7155 = EDGE_CURVE ( 'NONE', #6353, #2318, #2258, .T. ) ;
#7156 = FILL_AREA_STYLE ('',( #3025 ) ) ;
#7157 = ADVANCED_FACE ( 'NONE', ( #5427 ), #5231, .F. ) ;
#7158 = AXIS2_PLACEMENT_3D ( 'NONE', #6245, #3098, #4369 ) ;
#7159 = ADVANCED_FACE ( 'NONE', ( #3942 ), #4835, .T. ) ;
#7160 = ORIENTED_EDGE ( 'NONE', *, *, #6682, .T. ) ;
#7161 = ORIENTED_EDGE ( 'NONE', *, *, #7051, .F. ) ;
#7162 =( LENGTH_UNIT ( ) NAMED_UNIT ( * ) SI_UNIT ( .MILLI., .METRE. ) );
#7163 = CARTESIAN_POINT ( 'NONE',  ( -0.1326127713826311900, 0.3273553608893385300, 0.3687542307016615800 ) ) ;
#7164 = UNCERTAINTY_MEASURE_WITH_UNIT (LENGTH_MEASURE( 1.000000000000000100E-005 ), #3680, 'distance_accuracy_value', 'NONE');
#7165 = EDGE_CURVE ( 'NONE', #6975, #1153, #3154, .T. ) ;
#7166 = DIRECTION ( 'NONE',  ( 0.0000000000000000000, 0.0000000000000000000, 1.000000000000000000 ) ) ;
#7167 = CARTESIAN_POINT ( 'NONE',  ( 3.991483021557144700E-016, -2.382506345545577700, 0.0000000000000000000 ) ) ;
#7168 = DIRECTION ( 'NONE',  ( -1.000000000000000000, -1.447553700753488400E-016, 0.0000000000000000000 ) ) ;
#7169 = SURFACE_STYLE_USAGE ( .BOTH. , #2754 ) ;
#7170 =( LENGTH_UNIT ( ) NAMED_UNIT ( * ) SI_UNIT ( .MILLI., .METRE. ) );
#7171 = EDGE_CURVE ( 'NONE', #6001, #1437, #1454, .T. ) ;
#7172 = CONTEXT_DEPENDENT_SHAPE_REPRESENTATION ( #3177, #4544 ) ;
#7173 = DIRECTION ( 'NONE',  ( -1.000000000000000000, -0.0000000000000000000, 2.168404344971008100E-015 ) ) ;
#7174 = CARTESIAN_POINT ( 'NONE',  ( -0.1250656858299104300, 0.2675996315862999000, 0.3655387589310537500 ) ) ;
#7175 =( NAMED_UNIT ( * ) SI_UNIT ( $, .STERADIAN. ) SOLID_ANGLE_UNIT ( ) );
#7176 = DIRECTION ( 'NONE',  ( 1.224646799147353200E-016, 1.772742006221665100E-032, 1.000000000000000000 ) ) ;
#7177 = CARTESIAN_POINT ( 'NONE',  ( -0.02917838675610607800, -1.221599968234500000, -0.2884193327292977100 ) ) ;
#7178 = ORIENTED_EDGE ( 'NONE', *, *, #2937, .T. ) ;
#7179 =( GEOMETRIC_REPRESENTATION_CONTEXT ( 3 ) GLOBAL_UNCERTAINTY_ASSIGNED_CONTEXT ( ( #498 ) ) GLOBAL_UNIT_ASSIGNED_CONTEXT ( ( #4881, #1076, #5519 ) ) REPRESENTATION_CONTEXT ( 'NONE', 'WORKASPACE' ) );
#7180 = CARTESIAN_POINT ( 'NONE',  ( 0.1245474411000188400, 0.2941907802027475800, -0.3786505087824992800 ) ) ;
#7181 = VECTOR ( 'NONE', #1248, 1000.000000000000000 ) ;
#7182 = AXIS2_PLACEMENT_3D ( 'NONE', #2828, #7234, #3438 ) ;
#7183 = DIRECTION ( 'NONE',  ( 0.0000000000000000000, 0.0000000000000000000, 1.000000000000000000 ) ) ;
#7184 = DIRECTION ( 'NONE',  ( -1.447553700753488400E-016, 1.000000000000000000, -0.0000000000000000000 ) ) ;
#7185 = ORIENTED_EDGE ( 'NONE', *, *, #5314, .F. ) ;
#7186 = CIRCLE ( 'NONE', #1793, 0.3018161156205430600 ) ;
#7187 = COLOUR_RGB ( '',0.8941176470588234600, 0.9137254901960784000, 0.9294117647058823800 ) ;
#7188 = CYLINDRICAL_SURFACE ( 'NONE', #9, 0.1000000000000000500 ) ;
#7189 = CARTESIAN_POINT ( 'NONE',  ( -0.02767976143226182800, -1.185028146578315900, -0.2471251744671945900 ) ) ;
#7190 = AXIS2_PLACEMENT_3D ( 'NONE', #332, #4787, #967 ) ;
#7191 = AXIS2_PLACEMENT_3D ( 'NONE', #7989, #4190, #367 ) ;
#7192 = ORIENTED_EDGE ( 'NONE', *, *, #8019, .F. ) ;
#7193 = ORIENTED_EDGE ( 'NONE', *, *, #4677, .F. ) ;
#7194 = CIRCLE ( 'NONE', #708, 0.1000000000000000300 ) ;
#7195 = CARTESIAN_POINT ( 'NONE',  ( 0.1096152264660487200, 0.3637196072798845600, 0.3783841406984368400 ) ) ;
#7196 = CARTESIAN_POINT ( 'NONE',  ( -0.3293303437365922000, -2.795000000000000800, 0.0000000000000000000 ) ) ;
#7197 = ADVANCED_FACE ( 'NONE', ( #2965 ), #7207, .T. ) ;
#7198 = DIRECTION ( 'NONE',  ( 1.447553700753488400E-016, -1.000000000000000000, 0.0000000000000000000 ) ) ;
#7199 = DIRECTION ( 'NONE',  ( -1.447553700753488400E-016, 1.000000000000000000, -0.0000000000000000000 ) ) ;
#7200 = CARTESIAN_POINT ( 'NONE',  ( -0.07861333816322120500, 0.3725457323139137500, -0.4171602865980707500 ) ) ;
#7201 = ORIENTED_EDGE ( 'NONE', *, *, #201, .F. ) ;
#7202 = CARTESIAN_POINT ( 'NONE',  ( 2.313301502529483700E-016, -1.223183884379456200, 0.0000000000000000000 ) ) ;
#7203 = CARTESIAN_POINT ( 'NONE',  ( -1.476660268557142200E-016, 1.395000000000000000, 0.0000000000000000000 ) ) ;
#7204 = ADVANCED_FACE ( 'NONE', ( #4046 ), #4927, .F. ) ;
#7205 = MECHANICAL_DESIGN_GEOMETRIC_PRESENTATION_REPRESENTATION (  '', ( #5510 ), #7644 ) ;
#7206 = VECTOR ( 'NONE', #5855, 1000.000000000000000 ) ;
#7207 = CYLINDRICAL_SURFACE ( 'NONE', #2323, 0.1000000000000000500 ) ;
#7208 = EDGE_CURVE ( 'NONE', #5105, #2825, #6610, .T. ) ;
#7209 = AXIS2_PLACEMENT_3D ( 'NONE', #4305, #5598, #8158 ) ;
#7210 = CARTESIAN_POINT ( 'NONE',  ( 0.08697063665170977300, 0.3662246223616866200, -0.4391525298995084800 ) ) ;
#7211 = EDGE_LOOP ( 'NONE', ( #7496, #7257, #6520 ) ) ;
#7212 = CARTESIAN_POINT ( 'NONE',  ( -7.264154555652880700E-016, -1.294999999999999700, 0.6699999999999988200 ) ) ;
#7213 = CARTESIAN_POINT ( 'NONE',  ( 0.1170389825355018900, 0.3209933467046629500, -0.3887362750974165400 ) ) ;
#7214 =( BOUNDED_SURFACE ( )  B_SPLINE_SURFACE ( 3, 2, ( 
 ( #2078, #7777, #2732 ),
 ( #7145, #3352, #7805 ),
 ( #4001, #178, #4644 ),
 ( #817, #5280, #1466 ) ),
 .UNSPECIFIED., .F., .F., .T. ) 
 B_SPLINE_SURFACE_WITH_KNOTS ( ( 4, 4 ),
 ( 3, 3 ),
 ( 5.106384779361188600E-005, 5.539509824668739800E-005 ),
 ( 0.0000000000000000000, 1.000000000000000000 ),
 .UNSPECIFIED. ) 
 GEOMETRIC_REPRESENTATION_ITEM ( )  RATIONAL_B_SPLINE_SURFACE ( (
 ( 1.000000000000000000, 0.7770244616198751500, 1.000000000000000000),
 ( 1.000000000000000000, 0.7810788069477598800, 1.000000000000000000),
 ( 1.000000000000000000, 0.7852054265007580900, 1.000000000000000000),
 ( 1.000000000000000000, 0.7894116658880354600, 1.000000000000000000) ) ) 
 REPRESENTATION_ITEM ( '' )  SURFACE ( )  );
#7215 =( NAMED_UNIT ( * ) SI_UNIT ( $, .STERADIAN. ) SOLID_ANGLE_UNIT ( ) );
#7216 = EDGE_CURVE ( 'NONE', #7951, #5375, #3437, .T. ) ;
#7217 = FILL_AREA_STYLE ('',( #6580 ) ) ;
#7218 = ORIENTED_EDGE ( 'NONE', *, *, #3397, .T. ) ;
#7219 = AXIS2_PLACEMENT_3D ( 'NONE', #5821, #2020, #6451 ) ;
#7220 = DIRECTION ( 'NONE',  ( 1.000000000000000000, 0.0000000000000000000, 0.0000000000000000000 ) ) ;
#7221 = EDGE_LOOP ( 'NONE', ( #5716, #5293, #2880 ) ) ;
#7222 = CARTESIAN_POINT ( 'NONE',  ( -0.04398658438375835400, 0.4127308265638509100, 0.3914614677806271300 ) ) ;
#7223 = CARTESIAN_POINT ( 'NONE',  ( 0.02513773585898748300, -1.222945504588554200, 0.2763272670030129700 ) ) ;
#7224 = CIRCLE ( 'NONE', #7675, 0.4500000000000050600 ) ;
#7225 = ORIENTED_EDGE ( 'NONE', *, *, #6218, .F. ) ;
#7226 = CARTESIAN_POINT ( 'NONE',  ( 0.1259885015950563700, 0.2814737861255853800, 0.3804583737771020100 ) ) ;
#7227 = CARTESIAN_POINT ( 'NONE',  ( -0.1084458459607381400, 0.01969480127398060300, 0.3614336424822666100 ) ) ;
#7228 = CARTESIAN_POINT ( 'NONE',  ( 0.08502834873797340800, 0.3681057958583395800, -0.4152054265854892600 ) ) ;
#7229 = ORIENTED_EDGE ( 'NONE', *, *, #3174, .F. ) ;
#7230 = EDGE_LOOP ( 'NONE', ( #7345, #1672, #3315 ) ) ;
#7231 = COLOUR_RGB ( '',0.8941176470588234600, 0.9137254901960784000, 0.9294117647058823800 ) ;
#7232 =( GEOMETRIC_REPRESENTATION_CONTEXT ( 3 ) GLOBAL_UNCERTAINTY_ASSIGNED_CONTEXT ( ( #5441 ) ) GLOBAL_UNIT_ASSIGNED_CONTEXT ( ( #841, #5298, #1486 ) ) REPRESENTATION_CONTEXT ( 'NONE', 'WORKASPACE' ) );
#7233 = AXIS2_PLACEMENT_3D ( 'NONE', #4886, #1081, #5526 ) ;
#7234 = DIRECTION ( 'NONE',  ( 1.447553700753488400E-016, -1.000000000000000000, 0.0000000000000000000 ) ) ;
#7235 = DIRECTION ( 'NONE',  ( -1.000000000000000000, 0.0000000000000000000, 0.0000000000000000000 ) ) ;
#7236 = EDGE_LOOP ( 'NONE', ( #8012, #5973, #277, #1938, #4882 ) ) ;
#7237 = CARTESIAN_POINT ( 'NONE',  ( -0.003401734235262663500, 0.4002344007844622600, -0.3610997543530894400 ) ) ;
#7238 = CARTESIAN_POINT ( 'NONE',  ( -8.780839699776996900E-019, -2.614999999999999800, 0.0000000000000000000 ) ) ;
#7239 = ORIENTED_EDGE ( 'NONE', *, *, #8145, .T. ) ;
#7240 = PRESENTATION_STYLE_ASSIGNMENT (( #4277 ) ) ;
#7241 = DIRECTION ( 'NONE',  ( -1.000000000000000000, -1.447553700753488400E-016, 0.0000000000000000000 ) ) ;
#7242 = ADVANCED_FACE ( 'NONE', ( #1544 ), #5338, .T. ) ;
#7243 = AXIS2_PLACEMENT_3D ( 'NONE', #2716, #5887, #2090 ) ;
#7244 = ORIENTED_EDGE ( 'NONE', *, *, #4138, .T. ) ;
#7245 = COLOUR_RGB ( '',0.8941176470588234600, 0.9137254901960784000, 0.9294117647058823800 ) ;
#7246 = ADVANCED_FACE ( 'NONE', ( #1750 ), #948, .T. ) ;
#7247 = SURFACE_STYLE_FILL_AREA ( #1640 ) ;
#7248 = CARTESIAN_POINT ( 'NONE',  ( 0.04577085738069089400, -1.157149291725882100, 0.2509541767957842500 ) ) ;
#7249 = CYLINDRICAL_SURFACE ( 'NONE', #5786, 0.9099999999999992500 ) ;
#7250 = ORIENTED_EDGE ( 'NONE', *, *, #2834, .F. ) ;
#7251 = CYLINDRICAL_SURFACE ( 'NONE', #5585, 0.1000000000000000500 ) ;
#7252 = DIRECTION ( 'NONE',  ( 1.000000000000000000, 0.0000000000000000000, 1.224646799147355700E-016 ) ) ;
#7253 = AXIS2_PLACEMENT_3D ( 'NONE', #5845, #2044, #6474 ) ;
#7254 = CARTESIAN_POINT ( 'NONE',  ( 0.04815525368730637400, -1.165334330167917800, -0.1902721288469527400 ) ) ;
#7255 = EDGE_CURVE ( 'NONE', #7317, #5612, #5818, .T. ) ;
#7256 = FILL_AREA_STYLE ('',( #7914 ) ) ;
#7257 = ORIENTED_EDGE ( 'NONE', *, *, #6099, .T. ) ;
#7258 = VERTEX_POINT ( 'NONE', #6939 ) ;
#7259 = UNCERTAINTY_MEASURE_WITH_UNIT (LENGTH_MEASURE( 1.000000000000000100E-005 ), #6828, 'distance_accuracy_value', 'NONE');
#7260 =( NAMED_UNIT ( * ) PLANE_ANGLE_UNIT ( ) SI_UNIT ( $, .RADIAN. ) );
#7261 = CARTESIAN_POINT ( 'NONE',  ( -0.07866355184313511600, 0.3725052436901373200, -0.4377374762267186000 ) ) ;
#7262 = EDGE_CURVE ( 'NONE', #1207, #7634, #7510, .T. ) ;
#7263 = CARTESIAN_POINT ( 'NONE',  ( -0.1069241233671462100, 0.3402872455622189500, -0.3947430299118231400 ) ) ;
#7264 = DIRECTION ( 'NONE',  ( -1.000000000000000000, 0.0000000000000000000, 0.0000000000000000000 ) ) ;
#7265 = COLOUR_RGB ( '',0.1098039215686274500, 0.1098039215686274500, 0.1098039215686274500 ) ;
#7266 = AXIS2_PLACEMENT_3D ( 'NONE', #216, #4676, #851 ) ;
#7267 = CARTESIAN_POINT ( 'NONE',  ( 0.04747270550681744600, -1.188786294355723900, 0.2283363398061076000 ) ) ;
#7268 = CARTESIAN_POINT ( 'NONE',  ( 0.1250026613379045500, 0.2666596189835882500, 0.3897231248751006900 ) ) ;
#7269 = CIRCLE ( 'NONE', #3078, 0.5999999999999998700 ) ;
#7270 = STYLED_ITEM ( 'NONE', ( #86 ), #117 ) ;
#7271 =( NAMED_UNIT ( * ) SI_UNIT ( $, .STERADIAN. ) SOLID_ANGLE_UNIT ( ) );
#7272 = MECHANICAL_DESIGN_GEOMETRIC_PRESENTATION_REPRESENTATION (  '', ( #6424 ), #7720 ) ;
#7273 = ADVANCED_FACE ( 'NONE', ( #4144 ), #3147, .T. ) ;
#7274 = CARTESIAN_POINT ( 'NONE',  ( 0.04563148714754382300, -1.162689442590120600, -0.2473901528439950100 ) ) ;
#7275 = DIRECTION ( 'NONE',  ( 1.000000000000000000, 0.0000000000000000000, 0.0000000000000000000 ) ) ;
#7276 = EDGE_CURVE ( 'NONE', #680, #7913, #2398, .T. ) ;
#7277 = ORIENTED_EDGE ( 'NONE', *, *, #8027, .T. ) ;
#7278 = CARTESIAN_POINT ( 'NONE',  ( -1.742557280900009200, -1.294999999999999900, 0.3987213595499951000 ) ) ;
#7279 = VECTOR ( 'NONE', #5186, 999.9999999999998900 ) ;
#7280 = ADVANCED_FACE ( 'NONE', ( #746 ), #7296, .F. ) ;
#7281 = VERTEX_POINT ( 'NONE', #6303 ) ;
#7282 = STYLED_ITEM ( 'NONE', ( #5974 ), #6004 ) ;
#7283 = CARTESIAN_POINT ( 'NONE',  ( -0.1248962915426118800, 0.2902756521826465000, -0.3787587158356423000 ) ) ;
#7284 = DIRECTION ( 'NONE',  ( 1.447553700753488400E-016, -1.000000000000000000, 0.0000000000000000000 ) ) ;
#7285 = ORIENTED_EDGE ( 'NONE', *, *, #3506, .F. ) ;
#7286 = LINE ( 'NONE', #550, #540 ) ;
#7287 = CARTESIAN_POINT ( 'NONE',  ( -0.08305999482976625400, -0.7318447519065430800, -0.3349989644292455400 ) ) ;
#7288 = FILL_AREA_STYLE ('',( #4756 ) ) ;
#7289 = PLANE ( 'NONE',  #4705 ) ;
#7290 = DIRECTION ( 'NONE',  ( 0.4472135954999583200, 4.848699518061082200E-016, -0.8944271909999156300 ) ) ;
#7291 =( BOUNDED_SURFACE ( )  B_SPLINE_SURFACE ( 3, 2, ( 
 ( #97, #7048, #4568 ),
 ( #744, #5196, #1394 ),
 ( #5831, #2033, #6039 ),
 ( #7300, #3511, #7962 ) ),
 .UNSPECIFIED., .F., .F., .T. ) 
 B_SPLINE_SURFACE_WITH_KNOTS ( ( 4, 4 ),
 ( 3, 3 ),
 ( 2.670528645085746900E-005, 8.971031877611008900E-005 ),
 ( 0.0000000000000000000, 1.000000000000000000 ),
 .UNSPECIFIED. ) 
 GEOMETRIC_REPRESENTATION_ITEM ( )  RATIONAL_B_SPLINE_SURFACE ( (
 ( 1.000000000000000000, 0.7698294312092888200, 1.000000000000000000),
 ( 1.000000000000000000, 0.7775621934751992800, 1.000000000000000000),
 ( 1.000000000000000000, 0.7621724503005895500, 1.000000000000000000),
 ( 1.000000000000000000, 0.7239379160847963000, 1.000000000000000000) ) ) 
 REPRESENTATION_ITEM ( '' )  SURFACE ( )  );
#7292 = CARTESIAN_POINT ( 'NONE',  ( -0.1371271796324765000, 0.3017080774894865800, -0.3642922621713878800 ) ) ;
#7293 = ORIENTED_EDGE ( 'NONE', *, *, #1309, .T. ) ;
#7294 = ORIENTED_EDGE ( 'NONE', *, *, #7216, .F. ) ;
#7295 = CONICAL_SURFACE ( 'NONE', #4413, 0.2549999999999994500, 0.8329812666744389500 ) ;
#7296 = TOROIDAL_SURFACE ( 'NONE', #1306, 0.2368513167469089900, 0.02000000000000000000 ) ;
#7297 =( GEOMETRIC_REPRESENTATION_CONTEXT ( 3 ) GLOBAL_UNCERTAINTY_ASSIGNED_CONTEXT ( ( #5938 ) ) GLOBAL_UNIT_ASSIGNED_CONTEXT ( ( #6357, #2572, #6992 ) ) REPRESENTATION_CONTEXT ( 'NONE', 'WORKASPACE' ) );
#7298 = CARTESIAN_POINT ( 'NONE',  ( 0.03423523205739669600, 0.3955102401299158700, 0.4275961165459329400 ) ) ;
#7299 = MECHANICAL_DESIGN_GEOMETRIC_PRESENTATION_REPRESENTATION (  '', ( #6446 ), #7740 ) ;
#7300 = CARTESIAN_POINT ( 'NONE',  ( 0.04784238332213260800, -1.168868921937333400, 0.2301144326776939600 ) ) ;
#7301 = CARTESIAN_POINT ( 'NONE',  ( -1.244400193985226500, 1.394999999999999800, 0.7285786437626905500 ) ) ;
#7302 = EDGE_CURVE ( 'NONE', #2808, #906, #5622, .T. ) ;
#7303 = VERTEX_POINT ( 'NONE', #6361 ) ;
#7304 = B_SPLINE_CURVE_WITH_KNOTS ( 'NONE', 3,
 ( #565, #8186, #1212, #5656, #1850, #6289, #2511, #6926, #3133, #7572, #3784, #8213, #4416 ),
 .UNSPECIFIED., .F., .F.,
 ( 4, 3, 3, 3, 4 ),
 ( -9.073564082472430400E-005, -4.915593262118871100E-005, 2.710505431213761100E-020, 3.552410090685093000E-006, 5.687065975415114800E-006 ),
 .UNSPECIFIED. ) ;
#7305 = DIRECTION ( 'NONE',  ( -1.000000000000000000, -1.446471648388113700E-016, 0.0000000000000000000 ) ) ;
#7306 = COLOUR_RGB ( '',0.1098039215686274500, 0.1098039215686274500, 0.1098039215686274500 ) ;
#7307 = DIRECTION ( 'NONE',  ( 0.4472135954999583200, -4.848699518061082200E-016, -0.8944271909999156300 ) ) ;
#7308 = CARTESIAN_POINT ( 'NONE',  ( 0.6099999999999995400, -0.1614911064067355000, 7.470345474798846700E-017 ) ) ;
#7309 = DIRECTION ( 'NONE',  ( -1.000000000000000000, -1.441759817635564500E-016, 0.0000000000000000000 ) ) ;
#7310 = AXIS2_PLACEMENT_3D ( 'NONE', #6916, #3126, #7565 ) ;
#7311 = PRESENTATION_STYLE_ASSIGNMENT (( #2676 ) ) ;
#7312 = EDGE_CURVE ( 'NONE', #2396, #2743, #7100, .T. ) ;
#7313 = LINE ( 'NONE', #3772, #2476 ) ;
#7314 = B_SPLINE_CURVE_WITH_KNOTS ( 'NONE', 3,
 ( #5078, #621, #1264, #5713, #1911, #6349, #2564, #6986, #3187, #7625, #3833, #8265, #4469, #650 ),
 .UNSPECIFIED., .F., .F.,
 ( 4, 2, 2, 2, 2, 2, 4 ),
 ( 3.149367669184453900E-006, 3.783791617977807000E-005, 7.252646469037168900E-005, 0.0001419035617115589900, 0.0002112806587327463000, 0.0002459692072433398600, 0.0002806577557539335200 ),
 .UNSPECIFIED. ) ;
#7315 = SURFACE_SIDE_STYLE ('',( #2627 ) ) ;
#7316 = CARTESIAN_POINT ( 'NONE',  ( -0.04509336079446799000, -1.161775126922637300, -0.2517606570222672400 ) ) ;
#7317 = VERTEX_POINT ( 'NONE', #6970 ) ;
#7318 = ADVANCED_FACE ( 'NONE', ( #3933 ), #1448, .T. ) ;
#7319 = ORIENTED_EDGE ( 'NONE', *, *, #821, .F. ) ;
#7320 = TOROIDAL_SURFACE ( 'NONE', #2968, 0.6499999999999999100, 0.05000000000000000300 ) ;
#7321 = DIRECTION ( 'NONE',  ( -0.0000000000000000000, 1.000000000000000000, -0.0000000000000000000 ) ) ;
#7322 = TOROIDAL_SURFACE ( 'NONE', #7906, 0.8262454205064518900, 0.05000000000000000300 ) ;
#7323 = SURFACE_STYLE_USAGE ( .BOTH. , #2911 ) ;
#7324 = EDGE_CURVE ( 'NONE', #2271, #6260, #3144, .T. ) ;
#7325 = AXIS2_PLACEMENT_3D ( 'NONE', #272, #4737, #913 ) ;
#7326 = CARTESIAN_POINT ( 'NONE',  ( -0.1135834303522510700, 0.3297828523441995700, 0.4015320659580412000 ) ) ;
#7327 = ORIENTED_EDGE ( 'NONE', *, *, #6752, .F. ) ;
#7328 = DIRECTION ( 'NONE',  ( 1.224646799147353200E-016, 1.772742006221665100E-032, 1.000000000000000000 ) ) ;
#7329 = CARTESIAN_POINT ( 'NONE',  ( 1.047639320225002100, -1.954016994374949500, 1.214721359549995900 ) ) ;
#7330 = SURFACE_STYLE_FILL_AREA ( #250 ) ;
#7331 = EDGE_LOOP ( 'NONE', ( #4599, #2246, #200, #7640 ) ) ;
#7332 = VECTOR ( 'NONE', #6292, 1000.000000000000000 ) ;
#7333 = DIRECTION ( 'NONE',  ( 1.447553700753488400E-016, -1.000000000000000000, 0.0000000000000000000 ) ) ;
#7334 = DIRECTION ( 'NONE',  ( 0.0000000000000000000, -0.0000000000000000000, -1.000000000000000000 ) ) ;
#7335 = VECTOR ( 'NONE', #6193, 1000.000000000000000 ) ;
#7336 = CONICAL_SURFACE ( 'NONE', #4163, 0.4439249933206986800, 0.09093103908173233400 ) ;
#7337 = EDGE_LOOP ( 'NONE', ( #2094, #8035, #6302, #6073 ) ) ;
#7338 = SURFACE_SIDE_STYLE ('',( #8118 ) ) ;
#7339 = STYLED_ITEM ( 'NONE', ( #5267 ), #878 ) ;
#7340 = AXIS2_PLACEMENT_3D ( 'NONE', #2873, #7284, #3496 ) ;
#7341 = VECTOR ( 'NONE', #2010, 1000.000000000000000 ) ;
#7342 =( GEOMETRIC_REPRESENTATION_CONTEXT ( 3 ) GLOBAL_UNCERTAINTY_ASSIGNED_CONTEXT ( ( #241 ) ) GLOBAL_UNIT_ASSIGNED_CONTEXT ( ( #6017, #2216, #6649 ) ) REPRESENTATION_CONTEXT ( 'NONE', 'WORKASPACE' ) );
#7343 = VERTEX_POINT ( 'NONE', #44 ) ;
#7344 = CARTESIAN_POINT ( 'NONE',  ( -0.08300968194200383800, -0.7357752454342063600, 0.3356694794843098600 ) ) ;
#7345 = ORIENTED_EDGE ( 'NONE', *, *, #711, .F. ) ;
#7346 = CIRCLE ( 'NONE', #7670, 0.1000000000000000500 ) ;
#7347 = SURFACE_STYLE_USAGE ( .BOTH. , #2930 ) ;
#7348 = DIRECTION ( 'NONE',  ( -1.084202172485505800E-015, 0.0000000000000000000, -1.000000000000000000 ) ) ;
#7349 = DIRECTION ( 'NONE',  ( 0.0000000000000000000, 0.0000000000000000000, -1.000000000000000000 ) ) ;
#7350 = CARTESIAN_POINT ( 'NONE',  ( -1.476660268557142400E-016, 1.395000000000000200, 0.0000000000000000000 ) ) ;
#7351 =( NAMED_UNIT ( * ) SI_UNIT ( $, .STERADIAN. ) SOLID_ANGLE_UNIT ( ) );
#7352 =( GEOMETRIC_REPRESENTATION_CONTEXT ( 3 ) GLOBAL_UNCERTAINTY_ASSIGNED_CONTEXT ( ( #5694 ) ) GLOBAL_UNIT_ASSIGNED_CONTEXT ( ( #6080, #2286, #6722 ) ) REPRESENTATION_CONTEXT ( 'NONE', 'WORKASPACE' ) );
#7353 = CARTESIAN_POINT ( 'NONE',  ( -0.6499999999999994700, 0.6449999999999998000, 0.0000000000000000000 ) ) ;
#7354 =( LENGTH_UNIT ( ) NAMED_UNIT ( * ) SI_UNIT ( .MILLI., .METRE. ) );
#7355 = ORIENTED_EDGE ( 'NONE', *, *, #208, .T. ) ;
#7356 = EDGE_LOOP ( 'NONE', ( #2563, #230, #4570, #1790, #4024, #6648 ) ) ;
#7357 = FILL_AREA_STYLE_COLOUR ( '', #4982 ) ;
#7358 =( LENGTH_UNIT ( ) NAMED_UNIT ( * ) SI_UNIT ( .MILLI., .METRE. ) );
#7359 = DIRECTION ( 'NONE',  ( 0.0000000000000000000, -1.000000000000000000, 0.0000000000000000000 ) ) ;
#7360 = EDGE_LOOP ( 'NONE', ( #6281, #3930, #1903, #1075 ) ) ;
#7361 =( GEOMETRIC_REPRESENTATION_CONTEXT ( 3 ) GLOBAL_UNCERTAINTY_ASSIGNED_CONTEXT ( ( #2654 ) ) GLOBAL_UNIT_ASSIGNED_CONTEXT ( ( #531, #4992, #1179 ) ) REPRESENTATION_CONTEXT ( 'NONE', 'WORKASPACE' ) );
#7362 = ORIENTED_EDGE ( 'NONE', *, *, #5035, .F. ) ;
#7363 = UNCERTAINTY_MEASURE_WITH_UNIT (LENGTH_MEASURE( 1.000000000000000100E-005 ), #3633, 'distance_accuracy_value', 'NONE');
#7364 = ADVANCED_FACE ( 'NONE', ( #2248 ), #1377, .F. ) ;
#7365 = CARTESIAN_POINT ( 'NONE',  ( -0.1242674578923853200, 0.2965723130304062100, 0.3829640067155222200 ) ) ;
#7366 = CARTESIAN_POINT ( 'NONE',  ( -0.1040230453209566900, 0.3448832097151149900, -0.3798908349956318700 ) ) ;
#7367 = EDGE_CURVE ( 'NONE', #147, #2934, #839, .T. ) ;
#7368 = AXIS2_PLACEMENT_3D ( 'NONE', #7945, #4146, #323 ) ;
#7369 = CARTESIAN_POINT ( 'NONE',  ( 2.287098961263472300E-016, -1.205082627581609600, 0.0000000000000000000 ) ) ;
#7370 = SHAPE_DEFINITION_REPRESENTATION ( #5596, #2573 ) ;
#7371 =( NAMED_UNIT ( * ) PLANE_ANGLE_UNIT ( ) SI_UNIT ( $, .RADIAN. ) );
#7372 = EDGE_CURVE ( 'NONE', #1406, #6067, #7392, .T. ) ;
#7373 = CARTESIAN_POINT ( 'NONE',  ( -0.04859015532845738900, -1.160647776417383500, 0.1371440163957346200 ) ) ;
#7374 = CARTESIAN_POINT ( 'NONE',  ( 0.1049099009001221300, 0.3435871649161380500, -0.3790075054501380000 ) ) ;
#7375 = SURFACE_STYLE_USAGE ( .BOTH. , #2963 ) ;
#7376 = DIRECTION ( 'NONE',  ( -1.447553700753488400E-016, 1.000000000000000000, -0.0000000000000000000 ) ) ;
#7377 = AXIS2_PLACEMENT_3D ( 'NONE', #5055, #1246, #5693 ) ;
#7378 = DIRECTION ( 'NONE',  ( 1.000000000000000000, -0.0000000000000000000, 1.084202172485506600E-015 ) ) ;
#7379 = ORIENTED_EDGE ( 'NONE', *, *, #616, .F. ) ;
#7380 = CARTESIAN_POINT ( 'NONE',  ( -7.424927725979442400E-017, 0.8878219273820066000, 0.0000000000000000000 ) ) ;
#7381 = VECTOR ( 'NONE', #1997, 1000.000000000000000 ) ;
#7382 = DIRECTION ( 'NONE',  ( -0.5383974589987405900, 0.8262549109318487700, -0.1656230609085048700 ) ) ;
#7383 = SURFACE_STYLE_USAGE ( .BOTH. , #2972 ) ;
#7384 = CARTESIAN_POINT ( 'NONE',  ( 0.1248607912308391500, 0.2645433830776196000, 0.4185491471247363400 ) ) ;
#7385 = ORIENTED_EDGE ( 'NONE', *, *, #7816, .T. ) ;
#7386 = STYLED_ITEM ( 'NONE', ( #984 ), #333 ) ;
#7387 = AXIS2_PLACEMENT_3D ( 'NONE', #4067, #2832, #7241 ) ;
#7388 = FILL_AREA_STYLE ('',( #1686 ) ) ;
#7389 = ORIENTED_EDGE ( 'NONE', *, *, #6793, .F. ) ;
#7390 = ORIENTED_EDGE ( 'NONE', *, *, #3778, .F. ) ;
#7391 = LINE ( 'NONE', #355, #5719 ) ;
#7392 = CIRCLE ( 'NONE', #7253, 0.01999999999999999700 ) ;
#7393 = CARTESIAN_POINT ( 'NONE',  ( -0.8499999999999994200, 1.395000000000000000, 1.071565949253933200E-016 ) ) ;
#7394 = AXIS2_PLACEMENT_3D ( 'NONE', #2584, #7647, #1951 ) ;
#7395 = DIRECTION ( 'NONE',  ( -1.447553700753488400E-016, 1.000000000000000000, -0.0000000000000000000 ) ) ;
#7396 = ORIENTED_EDGE ( 'NONE', *, *, #3183, .F. ) ;
#7397 = DIRECTION ( 'NONE',  ( -1.447553700753488400E-016, 1.000000000000000000, -0.0000000000000000000 ) ) ;
#7398 = CIRCLE ( 'NONE', #7541, 0.4438423657390882000 ) ;
#7399 = CARTESIAN_POINT ( 'NONE',  ( -7.264154555652880700E-016, 1.294999999999999900, -0.6699999999999988200 ) ) ;
#7400 = CARTESIAN_POINT ( 'NONE',  ( 0.1049476582995787800, 0.3434191609326430700, -0.3956286048806626500 ) ) ;
#7401 = CARTESIAN_POINT ( 'NONE',  ( 3.991483021557144700E-016, -2.382506345545577700, 0.0000000000000000000 ) ) ;
#7402 = CARTESIAN_POINT ( 'NONE',  ( 1.270000000000000000, 1.395000000000000000, 0.6700000000000002600 ) ) ;
#7403 = CARTESIAN_POINT ( 'NONE',  ( -0.04608451932908737300, 0.4128356117152381900, -0.3914826828268780900 ) ) ;
#7404 =( NAMED_UNIT ( * ) PLANE_ANGLE_UNIT ( ) SI_UNIT ( $, .RADIAN. ) );
#7405 = ORIENTED_EDGE ( 'NONE', *, *, #5562, .T. ) ;
#7406 = UNCERTAINTY_MEASURE_WITH_UNIT (LENGTH_MEASURE( 1.000000000000000100E-005 ), #7581, 'distance_accuracy_value', 'NONE');
#7407 = AXIS2_PLACEMENT_3D ( 'NONE', #608, #5059, #1250 ) ;
#7408 = PRESENTATION_STYLE_ASSIGNMENT (( #3873 ) ) ;
#7409 = CARTESIAN_POINT ( 'NONE',  ( -0.04659309104347796000, -1.168332371617607900, 0.2372575651311839000 ) ) ;
#7410 = CARTESIAN_POINT ( 'NONE',  ( 0.06880018261063174100, 0.3849631580912019100, 0.4217451063880403600 ) ) ;
#7411 = EDGE_CURVE ( 'NONE', #3897, #7317, #4237, .T. ) ;
#7412 = CARTESIAN_POINT ( 'NONE',  ( -0.07414175358417569900, -0.4919918495344892100, -0.3336163795114314200 ) ) ;
#7413 = ORIENTED_EDGE ( 'NONE', *, *, #1596, .F. ) ;
#7414 = SURFACE_STYLE_USAGE ( .BOTH. , #3003 ) ;
#7415 = PRESENTATION_STYLE_ASSIGNMENT (( #6052 ) ) ;
#7416 =( BOUNDED_CURVE ( )  B_SPLINE_CURVE ( 3, ( #1869, #6943, #2531, #7592 ),
 .UNSPECIFIED., .F., .T. ) 
 B_SPLINE_CURVE_WITH_KNOTS ( ( 4, 4 ),
 ( 4.712388980384688800, 6.283185307179586200 ),
 .UNSPECIFIED. ) 
 CURVE ( )  GEOMETRIC_REPRESENTATION_ITEM ( )  RATIONAL_B_SPLINE_CURVE ( ( 1.000000000000000000, 0.8047378541243648300, 0.8047378541243648300, 1.000000000000000000 ) ) 
 REPRESENTATION_ITEM ( '' )  );
#7417 = ORIENTED_EDGE ( 'NONE', *, *, #3222, .T. ) ;
#7418 =( LENGTH_UNIT ( ) NAMED_UNIT ( * ) SI_UNIT ( .MILLI., .METRE. ) );
#7419 = CARTESIAN_POINT ( 'NONE',  ( -0.1035444897634259900, 0.3455690675042335000, 0.3802899842789719300 ) ) ;
#7420 = EDGE_CURVE ( 'NONE', #6452, #3323, #6199, .T. ) ;
#7421 = EDGE_LOOP ( 'NONE', ( #5150, #7544, #2767, #5318 ) ) ;
#7422 = STYLED_ITEM ( 'NONE', ( #5509 ), #2855 ) ;
#7423 = EDGE_LOOP ( 'NONE', ( #2331, #4958, #8245, #4429 ) ) ;
#7424 = CARTESIAN_POINT ( 'NONE',  ( 3.991483021557144700E-016, -2.382506345545577700, 0.0000000000000000000 ) ) ;
#7425 = PRESENTATION_STYLE_ASSIGNMENT (( #1606 ) ) ;
#7426 = FILL_AREA_STYLE_COLOUR ( '', #5053 ) ;
#7427 =( LENGTH_UNIT ( ) NAMED_UNIT ( * ) SI_UNIT ( .MILLI., .METRE. ) );
#7428 = CARTESIAN_POINT ( 'NONE',  ( -0.1069241233671471100, 0.3402872455622174000, -0.3947430299118225300 ) ) ;
#7429 = CARTESIAN_POINT ( 'NONE',  ( 2.975399468465863700E-018, 0.3543379074933980500, 0.0000000000000000000 ) ) ;
#7430 = CARTESIAN_POINT ( 'NONE',  ( -0.1165700903499153300, 0.3537364182654326200, -0.3762830385188506400 ) ) ;
#7431 = CARTESIAN_POINT ( 'NONE',  ( 0.1158236843077577200, 0.3543379074933975500, -0.3765126485472823400 ) ) ;
#7432 = ORIENTED_EDGE ( 'NONE', *, *, #6161, .F. ) ;
#7433 = CARTESIAN_POINT ( 'NONE',  ( 2.518587945522486000E-016, -1.365000000000000000, 0.6399999999999993500 ) ) ;
#7434 = EDGE_LOOP ( 'NONE', ( #7999, #7767, #1962, #3746 ) ) ;
#7435 = EDGE_CURVE ( 'NONE', #8042, #17, #2351, .T. ) ;
#7436 = ORIENTED_EDGE ( 'NONE', *, *, #5838, .T. ) ;
#7437 = MECHANICAL_DESIGN_GEOMETRIC_PRESENTATION_REPRESENTATION (  '', ( #6585 ), #7882 ) ;
#7438 = CARTESIAN_POINT ( 'NONE',  ( -0.02393532428273369500, 0.3982353824790961800, 0.4131026157233108100 ) ) ;
#7439 = CONICAL_SURFACE ( 'NONE', #8197, 0.2999999999999998200, 1.479865287713163700 ) ;
#7440 = CARTESIAN_POINT ( 'NONE',  ( -0.1546666456076533400, 0.3037474859024987300, 0.4112769338056022600 ) ) ;
#7441 = EDGE_CURVE ( 'NONE', #3561, #7634, #2558, .T. ) ;
#7442 = PRESENTATION_STYLE_ASSIGNMENT (( #7169 ) ) ;
#7443 = ORIENTED_EDGE ( 'NONE', *, *, #5573, .T. ) ;
#7444 = LINE ( 'NONE', #4460, #5759 ) ;
#7445 = SURFACE_STYLE_USAGE ( .BOTH. , #3024 ) ;
#7446 = LINE ( 'NONE', #1028, #6653 ) ;
#7447 = CARTESIAN_POINT ( 'NONE',  ( 4.588589737599975400E-016, -2.795000000000000800, 0.0000000000000000000 ) ) ;
#7448 =( LENGTH_UNIT ( ) NAMED_UNIT ( * ) SI_UNIT ( .MILLI., .METRE. ) );
#7449 =( GEOMETRIC_REPRESENTATION_CONTEXT ( 3 ) GLOBAL_UNCERTAINTY_ASSIGNED_CONTEXT ( ( #3619 ) ) GLOBAL_UNIT_ASSIGNED_CONTEXT ( ( #526, #4987, #1176 ) ) REPRESENTATION_CONTEXT ( 'NONE', 'WORKASPACE' ) );
#7450 =( GEOMETRIC_REPRESENTATION_CONTEXT ( 3 ) GLOBAL_UNCERTAINTY_ASSIGNED_CONTEXT ( ( #8136 ) ) GLOBAL_UNIT_ASSIGNED_CONTEXT ( ( #4245, #428, #4872 ) ) REPRESENTATION_CONTEXT ( 'NONE', 'WORKASPACE' ) );
#7451 = ORIENTED_EDGE ( 'NONE', *, *, #1037, .T. ) ;
#7452 = CARTESIAN_POINT ( 'NONE',  ( 0.02834751478812096500, -1.175067804981902100, -0.2618739144374018800 ) ) ;
#7453 = CARTESIAN_POINT ( 'NONE',  ( -1.270000000000000000, -1.294999999999999900, 0.6700000000000002600 ) ) ;
#7454 = FILL_AREA_STYLE ('',( #4961 ) ) ;
#7455 =( NAMED_UNIT ( * ) SI_UNIT ( $, .STERADIAN. ) SOLID_ANGLE_UNIT ( ) );
#7456 = ORIENTED_EDGE ( 'NONE', *, *, #6099, .F. ) ;
#7457 = DIRECTION ( 'NONE',  ( -1.000000000000000000, 0.0000000000000000000, -1.084202172485506600E-015 ) ) ;
#7458 = SURFACE_SIDE_STYLE ('',( #2498 ) ) ;
#7459 = ORIENTED_EDGE ( 'NONE', *, *, #5739, .T. ) ;
#7460 = CARTESIAN_POINT ( 'NONE',  ( -0.1049532641402277800, 0.3434097392605841000, -0.3956287701370955200 ) ) ;
#7461 = CARTESIAN_POINT ( 'NONE',  ( -0.1217036414218948500, 0.3543379074932666600, 0.3956287701370961300 ) ) ;
#7462 = SURFACE_STYLE_USAGE ( .BOTH. , #3038 ) ;
#7463 = AXIS2_PLACEMENT_3D ( 'NONE', #1140, #5582, #1775 ) ;
#7464 = AXIS2_PLACEMENT_3D ( 'NONE', #3600, #8044, #4240 ) ;
#7465 = DIRECTION ( 'NONE',  ( 0.4472135954999580900, -0.0000000000000000000, 0.8944271909999158600 ) ) ;
#7466 = CARTESIAN_POINT ( 'NONE',  ( 0.1049476582995811000, 0.3434191609326395200, 0.3956286048806620400 ) ) ;
#7467 = CIRCLE ( 'NONE', #6482, 0.3938423657390881000 ) ;
#7468 = B_SPLINE_CURVE_WITH_KNOTS ( 'NONE', 3,
 ( #4860, #1055, #5498, #1703, #6140, #2345, #6785, #2988, #7403, #3620, #8063, #4261, #443, #4889, #1085, #5530, #1726, #6172, #2379, #6806, #3017, #7431 ),
 .UNSPECIFIED., .F., .F.,
 ( 4, 3, 3, 3, 3, 3, 3, 4 ),
 ( 1.059080459563884100E-016, 1.702259138608292400E-005, 6.414090459580386800E-005, 0.0001089502904433018600, 0.0001589528107097033500, 0.0001865317488955659600, 0.0002355504197102841900, 0.0002827181347127119600 ),
 .UNSPECIFIED. ) ;
#7469 = CARTESIAN_POINT ( 'NONE',  ( -0.02529458252240660000, -1.223183884379456200, 0.2789380977350282600 ) ) ;
#7470 = CARTESIAN_POINT ( 'NONE',  ( 2.518587945522486000E-016, -1.395000000000000000, 0.6399999999999993500 ) ) ;
#7471 =( NAMED_UNIT ( * ) SI_UNIT ( $, .STERADIAN. ) SOLID_ANGLE_UNIT ( ) );
#7472 = CARTESIAN_POINT ( 'NONE',  ( 0.4500000000000054500, -2.382506345545577700, 5.510910596163153700E-017 ) ) ;
#7473 =( LENGTH_UNIT ( ) NAMED_UNIT ( * ) SI_UNIT ( .MILLI., .METRE. ) );
#7474 = AXIS2_PLACEMENT_3D ( 'NONE', #3401, #7846, #4047 ) ;
#7475 =( NAMED_UNIT ( * ) PLANE_ANGLE_UNIT ( ) SI_UNIT ( $, .RADIAN. ) );
#7476 = EDGE_CURVE ( 'NONE', #3056, #6444, #5721, .T. ) ;
#7477 = VECTOR ( 'NONE', #1601, 1000.000000000000000 ) ;
#7478 =( GEOMETRIC_REPRESENTATION_CONTEXT ( 3 ) GLOBAL_UNCERTAINTY_ASSIGNED_CONTEXT ( ( #2917 ) ) GLOBAL_UNIT_ASSIGNED_CONTEXT ( ( #1374, #5815, #2016 ) ) REPRESENTATION_CONTEXT ( 'NONE', 'WORKASPACE' ) );
#7479 = VECTOR ( 'NONE', #1557, 1000.000000000000000 ) ;
#7480 = PRESENTATION_STYLE_ASSIGNMENT (( #5666 ) ) ;
#7481 = SURFACE_SIDE_STYLE ('',( #3611 ) ) ;
#7482 = CARTESIAN_POINT ( 'NONE',  ( 0.02440953029113148600, -1.233807563378102900, 0.2991301420150900300 ) ) ;
#7483 = FILL_AREA_STYLE ('',( #2368 ) ) ;
#7484 =( LENGTH_UNIT ( ) NAMED_UNIT ( * ) SI_UNIT ( .MILLI., .METRE. ) );
#7485 = CARTESIAN_POINT ( 'NONE',  ( -0.02925005696892477400, -1.161605306670051600, 0.1539422439033472600 ) ) ;
#7486 = VERTEX_POINT ( 'NONE', #3341 ) ;
#7487 = CIRCLE ( 'NONE', #1631, 0.02000000000000001800 ) ;
#7488 = PRESENTATION_STYLE_ASSIGNMENT (( #2640 ) ) ;
#7489 = SURFACE_STYLE_FILL_AREA ( #793 ) ;
#7490 = EDGE_CURVE ( 'NONE', #1870, #1479, #447, .T. ) ;
#7491 = CARTESIAN_POINT ( 'NONE',  ( 4.057622586006971300E-016, -2.428196922976590500, 0.0000000000000000000 ) ) ;
#7492 = CARTESIAN_POINT ( 'NONE',  ( -1.047639320225002900, -1.294999999999999900, 1.214721359549995900 ) ) ;
#7493 = DIRECTION ( 'NONE',  ( 1.447553700753488400E-016, -1.000000000000000000, 0.0000000000000000000 ) ) ;
#7494 = AXIS2_PLACEMENT_3D ( 'NONE', #7901, #4097, #279 ) ;
#7495 =( NAMED_UNIT ( * ) PLANE_ANGLE_UNIT ( ) SI_UNIT ( $, .RADIAN. ) );
#7496 = ORIENTED_EDGE ( 'NONE', *, *, #453, .F. ) ;
#7497 = CARTESIAN_POINT ( 'NONE',  ( 0.1249999999999997400, 0.2666198487095638400, -0.3792098549233094400 ) ) ;
#7498 = ORIENTED_EDGE ( 'NONE', *, *, #6851, .T. ) ;
#7499 = PRESENTATION_STYLE_ASSIGNMENT (( #3884 ) ) ;
#7500 = CARTESIAN_POINT ( 'NONE',  ( 1.208196601125010300, 1.395000000000000000, 0.6700000000000001500 ) ) ;
#7501 = CARTESIAN_POINT ( 'NONE',  ( 0.09289585452495648100, -0.2122519574548107600, 0.3303541405802691300 ) ) ;
#7502 = DIRECTION ( 'NONE',  ( -1.000000000000000000, -1.446471648388113700E-016, 0.0000000000000000000 ) ) ;
#7503 = ORIENTED_EDGE ( 'NONE', *, *, #5161, .T. ) ;
#7504 = AXIS2_PLACEMENT_3D ( 'NONE', #2587, #1958, #6386 ) ;
#7505 =( GEOMETRIC_REPRESENTATION_CONTEXT ( 3 ) GLOBAL_UNCERTAINTY_ASSIGNED_CONTEXT ( ( #6392 ) ) GLOBAL_UNIT_ASSIGNED_CONTEXT ( ( #7418, #3641, #8077 ) ) REPRESENTATION_CONTEXT ( 'NONE', 'WORKASPACE' ) );
#7506 = DIRECTION ( 'NONE',  ( 1.000000000000000000, -2.168404344971007700E-015, 0.0000000000000000000 ) ) ;
#7507 = ORIENTED_EDGE ( 'NONE', *, *, #120, .T. ) ;
#7508 = PRESENTATION_LAYER_ASSIGNMENT (  '', '', ( #7075 ) ) ;
#7509 = PRESENTATION_STYLE_ASSIGNMENT (( #6623 ) ) ;
#7510 = CIRCLE ( 'NONE', #7407, 0.5999999999999994200 ) ;
#7511 = CARTESIAN_POINT ( 'NONE',  ( 0.08968981535968081900, -0.4735941809371805300, -0.3056265312436861100 ) ) ;
#7512 = CARTESIAN_POINT ( 'NONE',  ( -0.04562005361576904100, -1.161042979093070500, -0.2487831781670236900 ) ) ;
#7513 = ORIENTED_EDGE ( 'NONE', *, *, #4939, .F. ) ;
#7514 = CARTESIAN_POINT ( 'NONE',  ( -7.610520693444185800E-017, 0.9006430729718480900, 0.0000000000000000000 ) ) ;
#7515 =( NAMED_UNIT ( * ) SI_UNIT ( $, .STERADIAN. ) SOLID_ANGLE_UNIT ( ) );
#7516 = CARTESIAN_POINT ( 'NONE',  ( -0.09099373842753708000, 0.3943266737580429800, 0.3841508565295646000 ) ) ;
#7517 = PRESENTATION_LAYER_ASSIGNMENT (  '', '', ( #7079 ) ) ;
#7518 = CARTESIAN_POINT ( 'NONE',  ( 0.02820282449103589000, -1.222213169675451700, 0.2871043138259515300 ) ) ;
#7519 = CARTESIAN_POINT ( 'NONE',  ( -0.04926409210788400300, -1.155703074662968800, -0.07759745844292166600 ) ) ;
#7520 = DIRECTION ( 'NONE',  ( -1.000000000000000000, 0.0000000000000000000, 0.0000000000000000000 ) ) ;
#7521 = ORIENTED_EDGE ( 'NONE', *, *, #5677, .T. ) ;
#7522 =( LENGTH_UNIT ( ) NAMED_UNIT ( * ) SI_UNIT ( .MILLI., .METRE. ) );
#7523 = TOROIDAL_SURFACE ( 'NONE', #4653, 0.5000000000000051100, 0.05000000000000000300 ) ;
#7524 = UNCERTAINTY_MEASURE_WITH_UNIT (LENGTH_MEASURE( 1.000000000000000100E-005 ), #1261, 'distance_accuracy_value', 'NONE');
#7525 = DIRECTION ( 'NONE',  ( 0.0000000000000000000, 0.0000000000000000000, 1.000000000000000000 ) ) ;
#7526 = CIRCLE ( 'NONE', #6028, 0.1000000000000000500 ) ;
#7527 = COLOUR_RGB ( '',0.1098039215686274500, 0.1098039215686274500, 0.1098039215686274500 ) ;
#7528 = CARTESIAN_POINT ( 'NONE',  ( 0.1449552057015385500, 0.2652820275670818000, -0.3792098549233096100 ) ) ;
#7529 = CARTESIAN_POINT ( 'NONE',  ( -0.4438423657390882000, 0.3525217918728551500, 0.0000000000000000000 ) ) ;
#7530 = CARTESIAN_POINT ( 'NONE',  ( 0.06161674357927138200, -0.6788173848205032400, -0.3101373001732634100 ) ) ;
#7531 = AXIS2_PLACEMENT_3D ( 'NONE', #5508, #1710, #6151 ) ;
#7532 =( LENGTH_UNIT ( ) NAMED_UNIT ( * ) SI_UNIT ( .MILLI., .METRE. ) );
#7533 = ORIENTED_EDGE ( 'NONE', *, *, #201, .T. ) ;
#7534 = CARTESIAN_POINT ( 'NONE',  ( -1.443225670682024200E-013, 997.3849999999999900, 0.0000000000000000000 ) ) ;
#7535 = CARTESIAN_POINT ( 'NONE',  ( 0.2549999999999999500, -2.845000000000000600, 3.122849337825744400E-017 ) ) ;
#7536 = EDGE_CURVE ( 'NONE', #435, #638, #5517, .T. ) ;
#7537 = ORIENTED_EDGE ( 'NONE', *, *, #7879, .F. ) ;
#7538 = B_SPLINE_CURVE_WITH_KNOTS ( 'NONE', 3,
 ( #5434, #1663, #6745, #2960, #7373, #3586, #8030, #4225, #412, #4854, #1049, #5490, #1698, #6132, #2340, #6777 ),
 .UNSPECIFIED., .F., .F.,
 ( 4, 3, 3, 3, 3, 4 ),
 ( 3.178494465141938700E-017, 4.000000501730200000E-005, 0.0002000171220887309500, 0.0002308527523914825900, 0.0002808870667705793600, 0.0004615884448658263300 ),
 .UNSPECIFIED. ) ;
#7539 = CARTESIAN_POINT ( 'NONE',  ( -0.5000000000000052200, 0.8722442183630780800, 6.123233995736828900E-017 ) ) ;
#7540 = EDGE_LOOP ( 'NONE', ( #6815, #7239, #3964 ) ) ;
#7541 = AXIS2_PLACEMENT_3D ( 'NONE', #7094, #3301, #7748 ) ;
#7542 = CARTESIAN_POINT ( 'NONE',  ( -5.357503630673745900E-017, 0.7450000000000000000, 0.0000000000000000000 ) ) ;
#7543 = DIRECTION ( 'NONE',  ( -1.447553700753488400E-016, 1.000000000000000000, -0.0000000000000000000 ) ) ;
#7544 = ORIENTED_EDGE ( 'NONE', *, *, #5000, .T. ) ;
#7545 = CARTESIAN_POINT ( 'NONE',  ( 0.02797092715960484300, -1.180685060796633500, -0.1523851976047146700 ) ) ;
#7546 = DIRECTION ( 'NONE',  ( 0.9138115486202593700, 0.4061384660534426700, 1.119096388041686800E-016 ) ) ;
#7547 = ORIENTED_EDGE ( 'NONE', *, *, #7005, .F. ) ;
#7548 = LINE ( 'NONE', #1800, #7332 ) ;
#7549 = CARTESIAN_POINT ( 'NONE',  ( -0.1250039849290612000, 0.2666795068710711100, -0.3792148574564858700 ) ) ;
#7550 = CARTESIAN_POINT ( 'NONE',  ( 0.1035414089365479900, 0.3455772700076017400, 0.3802909502608237100 ) ) ;
#7551 = EDGE_CURVE ( 'NONE', #5464, #1110, #7194, .T. ) ;
#7552 = CARTESIAN_POINT ( 'NONE',  ( 0.1248033579267705900, 0.3538856254727993900, 0.4260215723545093800 ) ) ;
#7553 = CARTESIAN_POINT ( 'NONE',  ( 0.04978749811896360900, -1.205082627581610000, 0.2976813273944592400 ) ) ;
#7554 = COLOUR_RGB ( '',0.1098039215686274500, 0.1098039215686274500, 0.1098039215686274500 ) ;
#7555 = ORIENTED_EDGE ( 'NONE', *, *, #120, .F. ) ;
#7556 = VECTOR ( 'NONE', #1366, 1000.000000000000000 ) ;
#7557 = FACE_OUTER_BOUND ( 'NONE', #172, .T. ) ;
#7558 = VERTEX_POINT ( 'NONE', #3375 ) ;
#7559 = SURFACE_SIDE_STYLE ('',( #6408 ) ) ;
#7560 = PRESENTATION_STYLE_ASSIGNMENT (( #2755 ) ) ;
#7561 = ORIENTED_EDGE ( 'NONE', *, *, #8116, .F. ) ;
#7562 = AXIS2_PLACEMENT_3D ( 'NONE', #1635, #6079, #2285 ) ;
#7563 = LINE ( 'NONE', #5268, #6956 ) ;
#7564 = AXIS2_PLACEMENT_3D ( 'NONE', #1714, #6153, #2362 ) ;
#7565 = DIRECTION ( 'NONE',  ( 1.000000000000000000, 0.0000000000000000000, 0.0000000000000000000 ) ) ;
#7566 = DIRECTION ( 'NONE',  ( -1.000000000000000000, -1.480297366166852900E-016, 0.0000000000000000000 ) ) ;
#7567 = CARTESIAN_POINT ( 'NONE',  ( 0.02994456013349171300, -1.151245959617459300, -0.2721492054816726000 ) ) ;
#7568 = ORIENTED_EDGE ( 'NONE', *, *, #6266, .T. ) ;
#7569 = ORIENTED_EDGE ( 'NONE', *, *, #4150, .T. ) ;
#7570 = CARTESIAN_POINT ( 'NONE',  ( 5.429121723376583100E-032, -2.795000000000000800, 0.0000000000000000000 ) ) ;
#7571 = DIRECTION ( 'NONE',  ( -1.084202172485505200E-015, 1.000000000000000000, -2.168404344971007700E-015 ) ) ;
#7572 = CARTESIAN_POINT ( 'NONE',  ( -0.1285795267162506100, 0.3508031453358853000, 0.4246460479030591500 ) ) ;
#7573 = CARTESIAN_POINT ( 'NONE',  ( -0.9581966011250111500, 1.395000000000000000, -1.270000000000000000 ) ) ;
#7574 = UNCERTAINTY_MEASURE_WITH_UNIT (LENGTH_MEASURE( 1.000000000000000100E-005 ), #8141, 'distance_accuracy_value', 'NONE');
#7575 = ORIENTED_EDGE ( 'NONE', *, *, #2357, .F. ) ;
#7576 = FACE_OUTER_BOUND ( 'NONE', #5655, .T. ) ;
#7577 = CARTESIAN_POINT ( 'NONE',  ( 0.1378435408756129300, 0.2670981431876250900, -0.3606053945049978400 ) ) ;
#7578 = ORIENTED_EDGE ( 'NONE', *, *, #3789, .F. ) ;
#7579 = COLOUR_RGB ( '',0.1098039215686274500, 0.1098039215686274500, 0.1098039215686274500 ) ;
#7580 = DIRECTION ( 'NONE',  ( 1.000000000000000000, 0.0000000000000000000, 0.0000000000000000000 ) ) ;
#7581 =( LENGTH_UNIT ( ) NAMED_UNIT ( * ) SI_UNIT ( .MILLI., .METRE. ) );
#7582 = CARTESIAN_POINT ( 'NONE',  ( 0.05004715788567410500, -1.152815766570909600, 0.03341228016214308600 ) ) ;
#7583 = AXIS2_PLACEMENT_3D ( 'NONE', #5500, #4262, #445 ) ;
#7584 = STYLED_ITEM ( 'NONE', ( #1356 ), #1579 ) ;
#7585 = SURFACE_STYLE_FILL_AREA ( #2367 ) ;
#7586 = CARTESIAN_POINT ( 'NONE',  ( -0.04989976583502988400, -1.152583780759946400, 0.2721492054816724300 ) ) ;
#7587 = B_SPLINE_CURVE_WITH_KNOTS ( 'NONE', 3,
 ( #5209, #2047, #3314, #7774, #3963, #143, #4607 ),
 .UNSPECIFIED., .F., .F.,
 ( 4, 3, 4 ),
 ( 2.177912619128748600E-019, 0.0007348310567757100300, 0.001497211650736154000 ),
 .UNSPECIFIED. ) ;
#7588 = CARTESIAN_POINT ( 'NONE',  ( 0.1249999999999997400, 0.2666198487095638400, 0.4322904116447698900 ) ) ;
#7589 = EDGE_CURVE ( 'NONE', #3421, #2614, #4733, .T. ) ;
#7590 = DIRECTION ( 'NONE',  ( 1.000000000000000000, 0.0000000000000000000, 0.0000000000000000000 ) ) ;
#7591 = DIRECTION ( 'NONE',  ( 0.0000000000000000000, 0.0000000000000000000, 1.000000000000000000 ) ) ;
#7592 = CARTESIAN_POINT ( 'NONE',  ( 1.270000000000000200, 1.294999999999999700, -0.7699999999999988000 ) ) ;
#7593 = CARTESIAN_POINT ( 'NONE',  ( -1.433233657534537400E-016, 1.395000000000000000, 0.0000000000000000000 ) ) ;
#7594 = ORIENTED_EDGE ( 'NONE', *, *, #6329, .T. ) ;
#7595 = SURFACE_STYLE_FILL_AREA ( #7217 ) ;
#7596 = CIRCLE ( 'NONE', #2456, 0.1000000000000000500 ) ;
#7597 = CARTESIAN_POINT ( 'NONE',  ( -9.181573390030106200E-017, 1.009174638727795300, 0.0000000000000000000 ) ) ;
#7598 = EDGE_CURVE ( 'NONE', #1110, #5322, #5324, .T. ) ;
#7599 = PRESENTATION_LAYER_ASSIGNMENT (  '', '', ( #6742 ) ) ;
#7600 = CARTESIAN_POINT ( 'NONE',  ( 0.02839748425652172800, -1.174322450472941300, -0.07650366823269212600 ) ) ;
#7601 = VERTEX_POINT ( 'NONE', #5297 ) ;
#7602 = CARTESIAN_POINT ( 'NONE',  ( 0.04630770841790492900, -1.150767665139444700, -0.2525584207203381800 ) ) ;
#7603 = DIRECTION ( 'NONE',  ( 1.447553700753488400E-016, -1.000000000000000000, 0.0000000000000000000 ) ) ;
#7604 = EDGE_LOOP ( 'NONE', ( #3148, #4216, #5152, #202 ) ) ;
#7605 = DIRECTION ( 'NONE',  ( -1.447553700753488400E-016, 1.000000000000000000, 0.0000000000000000000 ) ) ;
#7606 = VERTEX_POINT ( 'NONE', #6615 ) ;
#7607 = EDGE_CURVE ( 'NONE', #7486, #8257, #7002, .T. ) ;
#7608 = CYLINDRICAL_SURFACE ( 'NONE', #2115, 0.4500000000000050600 ) ;
#7609 = DIRECTION ( 'NONE',  ( 1.000000000000000000, 2.711756665054889700E-016, 0.0000000000000000000 ) ) ;
#7610 = CARTESIAN_POINT ( 'NONE',  ( 0.6399999999999993500, 0.6850000000000001600, 0.0000000000000000000 ) ) ;
#7611 = CARTESIAN_POINT ( 'NONE',  ( -0.09189318308635018000, -0.2272080036503695300, -0.3433401040042009000 ) ) ;
#7612 = EDGE_CURVE ( 'NONE', #3704, #6614, #1941, .T. ) ;
#7613 = ORIENTED_EDGE ( 'NONE', *, *, #7005, .T. ) ;
#7614 =( NAMED_UNIT ( * ) SI_UNIT ( $, .STERADIAN. ) SOLID_ANGLE_UNIT ( ) );
#7615 = VECTOR ( 'NONE', #7043, 1000.000000000000000 ) ;
#7616 = CARTESIAN_POINT ( 'NONE',  ( -0.02513773585898711500, -1.222945504588554400, 0.2763272670030122400 ) ) ;
#7617 = DIRECTION ( 'NONE',  ( -1.447553700753488400E-016, 1.000000000000000000, -0.0000000000000000000 ) ) ;
#7618 = STYLED_ITEM ( 'NONE', ( #6782 ), #5874 ) ;
#7619 = VERTEX_POINT ( 'NONE', #4104 ) ;
#7620 = AXIS2_PLACEMENT_3D ( 'NONE', #496, #240, #4707 ) ;
#7621 = DIRECTION ( 'NONE',  ( 0.0000000000000000000, -1.000000000000000000, 0.0000000000000000000 ) ) ;
#7622 = SURFACE_STYLE_FILL_AREA ( #3221 ) ;
#7623 = CYLINDRICAL_SURFACE ( 'NONE', #5608, 0.1000000000000001000 ) ;
#7624 = CARTESIAN_POINT ( 'NONE',  ( 0.02925158475767564500, -1.161582517869795400, 0.1536929410636203900 ) ) ;
#7625 = CARTESIAN_POINT ( 'NONE',  ( 0.07702338403990204000, 0.3865463078027617800, 0.4373195731501482400 ) ) ;
#7626 = PRESENTATION_STYLE_ASSIGNMENT (( #1567 ) ) ;
#7627 =( BOUNDED_SURFACE ( )  B_SPLINE_SURFACE ( 3, 2, ( 
 ( #3139, #5051, #1244 ),
 ( #5691, #1880, #6325 ),
 ( #2540, #6962, #3163 ),
 ( #7602, #3814, #8239 ) ),
 .UNSPECIFIED., .F., .F., .T. ) 
 B_SPLINE_SURFACE_WITH_KNOTS ( ( 4, 4 ),
 ( 3, 3 ),
 ( 2.830271873054797200E-005, 9.129228335735347000E-005 ),
 ( 0.0000000000000000000, 1.000000000000000000 ),
 .UNSPECIFIED. ) 
 GEOMETRIC_REPRESENTATION_ITEM ( )  RATIONAL_B_SPLINE_SURFACE ( (
 ( 1.000000000000000000, 0.7239379160847395600, 1.000000000000000000),
 ( 1.000000000000000000, 0.7622221296108985200, 1.000000000000000000),
 ( 1.000000000000000000, 0.7775343599645894200, 1.000000000000000000),
 ( 1.000000000000000000, 0.7698294312092592900, 1.000000000000000000) ) ) 
 REPRESENTATION_ITEM ( '' )  SURFACE ( )  );
#7628 = ORIENTED_EDGE ( 'NONE', *, *, #5359, .T. ) ;
#7629 = AXIS2_PLACEMENT_3D ( 'NONE', #2878, #7290, #3502 ) ;
#7630 = DIRECTION ( 'NONE',  ( -1.694065894508602500E-015, -0.9960485673285175400, -0.08881019943006292200 ) ) ;
#7631 = ORIENTED_EDGE ( 'NONE', *, *, #460, .T. ) ;
#7632 = CIRCLE ( 'NONE', #7629, 0.1000000000000000300 ) ;
#7633 = CARTESIAN_POINT ( 'NONE',  ( -0.06061595206821827900, -0.9250819879823157800, -0.2708565774942956500 ) ) ;
#7634 = VERTEX_POINT ( 'NONE', #4746 ) ;
#7635 = DIRECTION ( 'NONE',  ( -1.000000000000000000, 0.0000000000000000000, 0.0000000000000000000 ) ) ;
#7636 = ADVANCED_FACE ( 'NONE', ( #6810 ), #2070, .T. ) ;
#7637 = CARTESIAN_POINT ( 'NONE',  ( 2.975399468465875600E-018, 0.3543379074933979400, 0.0000000000000000000 ) ) ;
#7638 = ORIENTED_EDGE ( 'NONE', *, *, #5092, .T. ) ;
#7639 = FILL_AREA_STYLE ('',( #1308 ) ) ;
#7640 = ORIENTED_EDGE ( 'NONE', *, *, #6450, .F. ) ;
#7641 = PRESENTATION_STYLE_ASSIGNMENT (( #1636 ) ) ;
#7642 = CIRCLE ( 'NONE', #4662, 0.05000000000000002400 ) ;
#7643 = CARTESIAN_POINT ( 'NONE',  ( 0.1175265972888180500, 0.3204703966873699300, 0.4146595378701469800 ) ) ;
#7644 =( GEOMETRIC_REPRESENTATION_CONTEXT ( 3 ) GLOBAL_UNCERTAINTY_ASSIGNED_CONTEXT ( ( #3497 ) ) GLOBAL_UNIT_ASSIGNED_CONTEXT ( ( #7162, #3369, #7818 ) ) REPRESENTATION_CONTEXT ( 'NONE', 'WORKASPACE' ) );
#7645 = CARTESIAN_POINT ( 'NONE',  ( 0.7265572809000083700, -1.294999999999999900, 1.633278640450004400 ) ) ;
#7646 = EDGE_CURVE ( 'NONE', #3561, #4131, #3427, .T. ) ;
#7647 = DIRECTION ( 'NONE',  ( -1.447553700753488400E-016, 1.000000000000000000, -0.0000000000000000000 ) ) ;
#7648 = ORIENTED_EDGE ( 'NONE', *, *, #6333, .T. ) ;
#7649 = AXIS2_PLACEMENT_3D ( 'NONE', #1799, #5660, #6928 ) ;
#7650 = COLOUR_RGB ( '',0.1098039215686274500, 0.1098039215686274500, 0.1098039215686274500 ) ;
#7651 = ORIENTED_EDGE ( 'NONE', *, *, #7808, .F. ) ;
#7652 = CIRCLE ( 'NONE', #7325, 0.3939249933206986400 ) ;
#7653 = DIRECTION ( 'NONE',  ( 1.000000000000000000, 2.551063935260012500E-016, 0.0000000000000000000 ) ) ;
#7654 = CARTESIAN_POINT ( 'NONE',  ( -0.2956967040367768400, -2.808002996330203300, 0.0000000000000000000 ) ) ;
#7655 = VECTOR ( 'NONE', #7546, 1000.000000000000100 ) ;
#7656 = ORIENTED_EDGE ( 'NONE', *, *, #7093, .F. ) ;
#7657 = FACE_BOUND ( 'NONE', #3461, .T. ) ;
#7658 = LINE ( 'NONE', #2502, #5965 ) ;
#7659 = SURFACE_SIDE_STYLE ('',( #8101 ) ) ;
#7660 = EDGE_CURVE ( 'NONE', #4378, #5514, #1145, .T. ) ;
#7661 = AXIS2_PLACEMENT_3D ( 'NONE', #5153, #1326, #7716 ) ;
#7662 = SURFACE_STYLE_USAGE ( .BOTH. , #3208 ) ;
#7663 = CARTESIAN_POINT ( 'NONE',  ( -0.1080452793444638300, 0.01371987011832806500, 0.3714225193453245000 ) ) ;
#7664 = CARTESIAN_POINT ( 'NONE',  ( 0.1158236843077577600, 0.3543379074933975500, 0.3765126485472822800 ) ) ;
#7665 = ORIENTED_EDGE ( 'NONE', *, *, #2665, .F. ) ;
#7666 = FACE_OUTER_BOUND ( 'NONE', #5345, .T. ) ;
#7667 = CARTESIAN_POINT ( 'NONE',  ( -0.9581966011250113700, 1.395000000000000000, 1.169999999999999900 ) ) ;
#7668 =( LENGTH_UNIT ( ) NAMED_UNIT ( * ) SI_UNIT ( .MILLI., .METRE. ) );
#7669 =( NAMED_UNIT ( * ) SI_UNIT ( $, .STERADIAN. ) SOLID_ANGLE_UNIT ( ) );
#7670 = AXIS2_PLACEMENT_3D ( 'NONE', #5954, #2158, #6584 ) ;
#7671 = CARTESIAN_POINT ( 'NONE',  ( 0.06474188712309260400, 0.3831853566218939600, 0.3921853224596331100 ) ) ;
#7672 = CARTESIAN_POINT ( 'NONE',  ( -0.04165553146018161100, -1.212169986226596900, 0.2968996974739458400 ) ) ;
#7673 = ORIENTED_EDGE ( 'NONE', *, *, #1196, .T. ) ;
#7674 = CARTESIAN_POINT ( 'NONE',  ( -0.05421343510942220500, 0.3886835179476939000, -0.4093323357824851800 ) ) ;
#7675 = AXIS2_PLACEMENT_3D ( 'NONE', #7401, #3616, #8060 ) ;
#7676 = ORIENTED_EDGE ( 'NONE', *, *, #3554, .F. ) ;
#7677 = SURFACE_SIDE_STYLE ('',( #7622 ) ) ;
#7678 = UNCERTAINTY_MEASURE_WITH_UNIT (LENGTH_MEASURE( 1.000000000000000100E-005 ), #79, 'distance_accuracy_value', 'NONE');
#7679 = ADVANCED_FACE ( 'NONE', ( #7704 ), #2236, .T. ) ;
#7680 = CIRCLE ( 'NONE', #5224, 0.02000000000000005200 ) ;
#7681 = CARTESIAN_POINT ( 'NONE',  ( 0.02667085682133423000, -1.200077168009462800, 2.299878373011538100E-020 ) ) ;
#7682 = PRESENTATION_LAYER_ASSIGNMENT (  '', '', ( #6827 ) ) ;
#7683 = CARTESIAN_POINT ( 'NONE',  ( -0.08236932726069898200, 0.3780257385006327600, -0.4037034899884546800 ) ) ;
#7684 = SURFACE_SIDE_STYLE ('',( #5810 ) ) ;
#7685 = UNCERTAINTY_MEASURE_WITH_UNIT (LENGTH_MEASURE( 1.000000000000000100E-005 ), #5703, 'distance_accuracy_value', 'NONE');
#7686 = FILL_AREA_STYLE_COLOUR ( '', #1402 ) ;
#7687 = CONICAL_SURFACE ( 'NONE', #6620, 0.4999999999999998900, 0.7853981633974477200 ) ;
#7688 = LINE ( 'NONE', #2760, #3028 ) ;
#7689 = CARTESIAN_POINT ( 'NONE',  ( 0.8262454205064517800, 1.345000000000000400, 0.0000000000000000000 ) ) ;
#7690 = AXIS2_PLACEMENT_3D ( 'NONE', #7796, #3994, #167 ) ;
#7691 = DIRECTION ( 'NONE',  ( -1.447553700753488400E-016, 1.000000000000000000, -0.0000000000000000000 ) ) ;
#7692 = EDGE_CURVE ( 'NONE', #8042, #3421, #7088, .T. ) ;
#7693 = CARTESIAN_POINT ( 'NONE',  ( 4.588589737599975400E-016, -2.795000000000000800, 0.0000000000000000000 ) ) ;
#7694 = ORIENTED_EDGE ( 'NONE', *, *, #3317, .T. ) ;
#7695 = CIRCLE ( 'NONE', #1211, 0.8499999999999993100 ) ;
#7696 = CARTESIAN_POINT ( 'NONE',  ( -0.03068726934371115300, 0.3972158409712646100, 0.4293961579984065800 ) ) ;
#7697 = CARTESIAN_POINT ( 'NONE',  ( 0.1248607912308389900, 0.2645433830776195400, -0.4185491471247362900 ) ) ;
#7698 = CARTESIAN_POINT ( 'NONE',  ( 0.6500000000000000200, -0.1631138830084180300, 7.960204194457794200E-017 ) ) ;
#7699 = SPHERICAL_SURFACE ( 'NONE', #4309, 0.2550000000000012300 ) ;
#7700 = SURFACE_STYLE_USAGE ( .BOTH. , #3246 ) ;
#7701 = DIRECTION ( 'NONE',  ( -1.447553700753488400E-016, 1.000000000000000000, -0.0000000000000000000 ) ) ;
#7702 = ORIENTED_EDGE ( 'NONE', *, *, #5206, .F. ) ;
#7703 = ORIENTED_EDGE ( 'NONE', *, *, #3878, .F. ) ;
#7704 = FACE_OUTER_BOUND ( 'NONE', #2156, .T. ) ;
#7705 = FILL_AREA_STYLE ('',( #1345 ) ) ;
#7706 = EDGE_CURVE ( 'NONE', #2280, #6353, #537, .T. ) ;
#7707 =( NAMED_UNIT ( * ) SI_UNIT ( $, .STERADIAN. ) SOLID_ANGLE_UNIT ( ) );
#7708 = CARTESIAN_POINT ( 'NONE',  ( 0.02569776217078015300, -1.214592040963858400, -0.1842794003555445800 ) ) ;
#7709 = STYLED_ITEM ( 'NONE', ( #6700 ), #2933 ) ;
#7710 = CARTESIAN_POINT ( 'NONE',  ( -0.07510442366010826300, -0.6993505378357933700, 0.2884536770729558800 ) ) ;
#7711 = ORIENTED_EDGE ( 'NONE', *, *, #6427, .T. ) ;
#7712 = EDGE_LOOP ( 'NONE', ( #1910, #7733, #4643, #5707, #6640 ) ) ;
#7713 = CARTESIAN_POINT ( 'NONE',  ( -4.488971410221654300E-017, 0.6850000000000000500, 0.0000000000000000000 ) ) ;
#7714 = SURFACE_SIDE_STYLE ('',( #4826 ) ) ;
#7715 = CARTESIAN_POINT ( 'NONE',  ( -0.1239962146848258000, 0.3507056762521457700, -0.3947430299118230300 ) ) ;
#7716 = DIRECTION ( 'NONE',  ( -1.000000000000000000, 0.0000000000000000000, 0.0000000000000000000 ) ) ;
#7717 = EDGE_LOOP ( 'NONE', ( #2485, #4130, #5577, #3162, #1539 ) ) ;
#7718 = AXIS2_PLACEMENT_3D ( 'NONE', #1376, #5817, #2017 ) ;
#7719 = ADVANCED_FACE ( 'NONE', ( #3739 ), #283, .T. ) ;
#7720 =( GEOMETRIC_REPRESENTATION_CONTEXT ( 3 ) GLOBAL_UNCERTAINTY_ASSIGNED_CONTEXT ( ( #7993 ) ) GLOBAL_UNIT_ASSIGNED_CONTEXT ( ( #3379, #7822, #4021 ) ) REPRESENTATION_CONTEXT ( 'NONE', 'WORKASPACE' ) );
#7721 = CONICAL_SURFACE ( 'NONE', #6729, 0.2549999999999994500, 0.8329812666744389500 ) ;
#7722 =( NAMED_UNIT ( * ) SI_UNIT ( $, .STERADIAN. ) SOLID_ANGLE_UNIT ( ) );
#7723 = EDGE_CURVE ( 'NONE', #5419, #6713, #6903, .T. ) ;
#7724 = CARTESIAN_POINT ( 'NONE',  ( -0.09897661204258267900, 0.3530595351822681800, 0.3857663291560519100 ) ) ;
#7725 = CARTESIAN_POINT ( 'NONE',  ( 0.03489345784979886600, 0.4002055608032900100, -0.4299091601897291300 ) ) ;
#7726 = CARTESIAN_POINT ( 'NONE',  ( 4.057622586006971300E-016, -2.428196922976590500, 0.0000000000000000000 ) ) ;
#7727 = CARTESIAN_POINT ( 'NONE',  ( 0.1249999999999997400, 0.2666198487095638400, 0.3792098549233096100 ) ) ;
#7728 = AXIS2_PLACEMENT_3D ( 'NONE', #6233, #7543, #3750 ) ;
#7729 = PRODUCT_DEFINITION_SHAPE ( 'NONE', 'NONE',  #8271 ) ;
#7730 = CARTESIAN_POINT ( 'NONE',  ( -0.02916825541113899100, -1.162825474942536200, 0.2549967015353988800 ) ) ;
#7731 = PRESENTATION_STYLE_ASSIGNMENT (( #7662 ) ) ;
#7732 = UNCERTAINTY_MEASURE_WITH_UNIT (LENGTH_MEASURE( 1.000000000000000100E-005 ), #786, 'distance_accuracy_value', 'NONE');
#7733 = ORIENTED_EDGE ( 'NONE', *, *, #7490, .T. ) ;
#7734 =( NAMED_UNIT ( * ) SI_UNIT ( $, .STERADIAN. ) SOLID_ANGLE_UNIT ( ) );
#7735 = ORIENTED_EDGE ( 'NONE', *, *, #479, .T. ) ;
#7736 = VERTEX_POINT ( 'NONE', #8047 ) ;
#7737 = CARTESIAN_POINT ( 'NONE',  ( -0.9581966011250113700, 1.294999999999999900, 1.169999999999999900 ) ) ;
#7738 = SURFACE_SIDE_STYLE ('',( #6664 ) ) ;
#7739 = STYLED_ITEM ( 'NONE', ( #7018 ), #7111 ) ;
#7740 =( GEOMETRIC_REPRESENTATION_CONTEXT ( 3 ) GLOBAL_UNCERTAINTY_ASSIGNED_CONTEXT ( ( #7685 ) ) GLOBAL_UNIT_ASSIGNED_CONTEXT ( ( #5703, #1901, #6337 ) ) REPRESENTATION_CONTEXT ( 'NONE', 'WORKASPACE' ) );
#7741 = COLOUR_RGB ( '',0.1098039215686274500, 0.1098039215686274500, 0.1098039215686274500 ) ;
#7742 = SURFACE_STYLE_USAGE ( .BOTH. , #3290 ) ;
#7743 = ORIENTED_EDGE ( 'NONE', *, *, #666, .F. ) ;
#7744 = EDGE_CURVE ( 'NONE', #4441, #3899, #7055, .T. ) ;
#7745 = ORIENTED_EDGE ( 'NONE', *, *, #4208, .T. ) ;
#7746 = FILL_AREA_STYLE_COLOUR ( '', #2125 ) ;
#7747 = FILL_AREA_STYLE ('',( #7089 ) ) ;
#7748 = DIRECTION ( 'NONE',  ( 1.000000000000000000, 1.221382022286320500E-016, 0.0000000000000000000 ) ) ;
#7749 = FACE_OUTER_BOUND ( 'NONE', #6536, .T. ) ;
#7750 = ORIENTED_EDGE ( 'NONE', *, *, #7372, .T. ) ;
#7751 = CARTESIAN_POINT ( 'NONE',  ( -0.1250000000000000600, 0.2666198487095667900, 0.4125529277810837100 ) ) ;
#7752 = SURFACE_STYLE_FILL_AREA ( #1467 ) ;
#7753 = CARTESIAN_POINT ( 'NONE',  ( -0.1275070844567060800, 0.2954011586548933600, -0.4206765831417230200 ) ) ;
#7754 = AXIS2_PLACEMENT_3D ( 'NONE', #3769, #8204, #4409 ) ;
#7755 = ORIENTED_EDGE ( 'NONE', *, *, #3893, .T. ) ;
#7756 = EDGE_CURVE ( 'NONE', #1904, #5848, #345, .T. ) ;
#7757 = DIRECTION ( 'NONE',  ( 0.0000000000000000000, 1.000000000000000000, 0.0000000000000000000 ) ) ;
#7758 = ADVANCED_FACE ( 'NONE', ( #5407 ), #6306, .T. ) ;
#7759 = VECTOR ( 'NONE', #310, 1000.000000000000000 ) ;
#7760 = AXIS2_PLACEMENT_3D ( 'NONE', #3165, #7603, #3815 ) ;
#7761 = SPHERICAL_SURFACE ( 'NONE', #6175, 0.1000000000000000100 ) ;
#7762 = ORIENTED_EDGE ( 'NONE', *, *, #4211, .F. ) ;
#7763 = CIRCLE ( 'NONE', #1171, 0.4439249933206987400 ) ;
#7764 = ADVANCED_FACE ( 'NONE', ( #4625 ), #2137, .T. ) ;
#7765 = CARTESIAN_POINT ( 'NONE',  ( 0.08701642535328513200, 0.3807408270391838300, -0.4354189624173530600 ) ) ;
#7766 = CARTESIAN_POINT ( 'NONE',  ( 0.04955977419589149800, -1.205290237872889800, -0.2977002210804753900 ) ) ;
#7767 = ORIENTED_EDGE ( 'NONE', *, *, #2756, .T. ) ;
#7768 = CARTESIAN_POINT ( 'NONE',  ( -1.433233657534537400E-016, 1.365000000000000000, 0.0000000000000000000 ) ) ;
#7769 = EDGE_CURVE ( 'NONE', #4631, #7303, #3832, .T. ) ;
#7770 = DIRECTION ( 'NONE',  ( -0.0000000000000000000, 1.000000000000000000, -0.0000000000000000000 ) ) ;
#7771 = EDGE_LOOP ( 'NONE', ( #7745, #3566, #457 ) ) ;
#7772 = CARTESIAN_POINT ( 'NONE',  ( 0.3939249933206984700, 1.395000000000000000, 4.824189821743360500E-017 ) ) ;
#7773 = AXIS2_PLACEMENT_3D ( 'NONE', #4946, #7465, #4345 ) ;
#7774 = CARTESIAN_POINT ( 'NONE',  ( 0.07414175358417564300, -0.4919918495344916000, 0.3336163795114312500 ) ) ;
#7775 = CARTESIAN_POINT ( 'NONE',  ( 0.02750465421898044100, -1.187640080528148200, 0.2350575242026956600 ) ) ;
#7776 = DIRECTION ( 'NONE',  ( -1.000000000000000000, 0.0000000000000000000, 0.0000000000000000000 ) ) ;
#7777 = CARTESIAN_POINT ( 'NONE',  ( 0.1049099008976541000, 0.3435871649239532500, 0.3790075054516332000 ) ) ;
#7778 = EDGE_LOOP ( 'NONE', ( #881, #5681, #3526, #6166 ) ) ;
#7779 = CARTESIAN_POINT ( 'NONE',  ( 0.1242571756171860900, 0.3417600358473942800, 0.3727556488345240000 ) ) ;
#7780 = DIRECTION ( 'NONE',  ( -1.447553700753488400E-016, 1.000000000000000000, -0.0000000000000000000 ) ) ;
#7781 = AXIS2_PLACEMENT_3D ( 'NONE', #3618, #3649, #8084 ) ;
#7782 = AXIS2_PLACEMENT_3D ( 'NONE', #326, #4782, #964 ) ;
#7783 = FILL_AREA_STYLE ('',( #6483 ) ) ;
#7784 = PRESENTATION_LAYER_ASSIGNMENT (  '', '', ( #8210 ) ) ;
#7785 = UNCERTAINTY_MEASURE_WITH_UNIT (LENGTH_MEASURE( 1.000000000000000100E-005 ), #2089, 'distance_accuracy_value', 'NONE');
#7786 = TOROIDAL_SURFACE ( 'NONE', #5798, 0.6399999999999993500, 0.02999999999999999900 ) ;
#7787 = FILL_AREA_STYLE ('',( #7128 ) ) ;
#7788 = VECTOR ( 'NONE', #4086, 1000.000000000000000 ) ;
#7789 = CARTESIAN_POINT ( 'NONE',  ( -1.270000000000000700, 1.294999999999999700, 0.7700000000000004600 ) ) ;
#7790 = AXIS2_PLACEMENT_3D ( 'NONE', #3587, #8031, #4226 ) ;
#7791 = CARTESIAN_POINT ( 'NONE',  ( 0.02733480295340627900, -1.222697491360204200, -0.2856168812565667000 ) ) ;
#7792 = UNCERTAINTY_MEASURE_WITH_UNIT (LENGTH_MEASURE( 1.000000000000000100E-005 ), #672, 'distance_accuracy_value', 'NONE');
#7793 = ORIENTED_EDGE ( 'NONE', *, *, #3795, .T. ) ;
#7794 = SURFACE_STYLE_USAGE ( .BOTH. , #3337 ) ;
#7795 =( NAMED_UNIT ( * ) SI_UNIT ( $, .STERADIAN. ) SOLID_ANGLE_UNIT ( ) );
#7796 = CARTESIAN_POINT ( 'NONE',  ( 0.6499999999999994700, 0.04500000000000021300, 0.0000000000000000000 ) ) ;
#7797 = ADVANCED_FACE ( 'NONE', ( #5507 ), #1527, .T. ) ;
#7798 = CARTESIAN_POINT ( 'NONE',  ( 0.02994456013349171300, -1.151245959617459300, 0.2721492054816726000 ) ) ;
#7799 = ORIENTED_EDGE ( 'NONE', *, *, #4254, .F. ) ;
#7800 = DIRECTION ( 'NONE',  ( 1.084202172485503800E-015, 0.0000000000000000000, -1.000000000000000000 ) ) ;
#7801 = ORIENTED_EDGE ( 'NONE', *, *, #5092, .F. ) ;
#7802 = DIRECTION ( 'NONE',  ( -1.224646799147353200E-016, -1.772742006221665100E-032, 1.000000000000000000 ) ) ;
#7803 = COLOUR_RGB ( '',0.1098039215686274500, 0.1098039215686274500, 0.1098039215686274500 ) ;
#7804 = PRESENTATION_STYLE_ASSIGNMENT (( #3052 ) ) ;
#7805 = CARTESIAN_POINT ( 'NONE',  ( 0.1173068496096071200, 0.3531279161172315400, 0.3760253215100913300 ) ) ;
#7806 = ADVANCED_FACE ( 'NONE', ( #4905 ), #6003, .T. ) ;
#7807 = PRESENTATION_LAYER_ASSIGNMENT (  '', '', ( #8224 ) ) ;
#7808 = EDGE_CURVE ( 'NONE', #2580, #5892, #2645, .T. ) ;
#7809 = ORIENTED_EDGE ( 'NONE', *, *, #6582, .T. ) ;
#7810 = STYLED_ITEM ( 'NONE', ( #1646 ), #2048 ) ;
#7811 = ORIENTED_EDGE ( 'NONE', *, *, #3789, .T. ) ;
#7812 = CARTESIAN_POINT ( 'NONE',  ( 1.270000000000000000, 1.395000000000000000, 0.6700000000000002600 ) ) ;
#7813 = SURFACE_STYLE_USAGE ( .BOTH. , #3364 ) ;
#7814 = SURFACE_SIDE_STYLE ('',( #1088 ) ) ;
#7815 = ORIENTED_EDGE ( 'NONE', *, *, #631, .T. ) ;
#7816 = EDGE_CURVE ( 'NONE', #312, #6798, #4327, .T. ) ;
#7817 = LINE ( 'NONE', #3214, #4442 ) ;
#7818 =( NAMED_UNIT ( * ) SI_UNIT ( $, .STERADIAN. ) SOLID_ANGLE_UNIT ( ) );
#7819 = AXIS2_PLACEMENT_3D ( 'NONE', #4401, #3141, #7580 ) ;
#7820 = CARTESIAN_POINT ( 'NONE',  ( -0.1201726680761069400, 0.3185776069583518600, 0.3874854634624864700 ) ) ;
#7821 = VERTEX_POINT ( 'NONE', #6894 ) ;
#7822 =( NAMED_UNIT ( * ) PLANE_ANGLE_UNIT ( ) SI_UNIT ( $, .RADIAN. ) );
#7823 =( NAMED_UNIT ( * ) SI_UNIT ( $, .STERADIAN. ) SOLID_ANGLE_UNIT ( ) );
#7824 = FILL_AREA_STYLE_COLOUR ( '', #2410 ) ;
#7825 = AXIS2_PLACEMENT_3D ( 'NONE', #4645, #818, #5281 ) ;
#7826 = CARTESIAN_POINT ( 'NONE',  ( -0.8160000000000005000, -1.954016994374949500, 1.678000000000000400 ) ) ;
#7827 = AXIS2_PLACEMENT_3D ( 'NONE', #6631, #2854, #7264 ) ;
#7828 = COLOUR_RGB ( '',0.1098039215686274500, 0.1098039215686274500, 0.1098039215686274500 ) ;
#7829 = CARTESIAN_POINT ( 'NONE',  ( -2.820656663360261100E-017, 1.395000000000000000, -0.9399999999999991700 ) ) ;
#7830 = ORIENTED_EDGE ( 'NONE', *, *, #6588, .T. ) ;
#7831 = CARTESIAN_POINT ( 'NONE',  ( -0.03223724755186172000, -1.219553329243469700, -0.2918992484371495900 ) ) ;
#7832 = ORIENTED_EDGE ( 'NONE', *, *, #7869, .T. ) ;
#7833 = EDGE_LOOP ( 'NONE', ( #7293, #3359, #1074, #7920 ) ) ;
#7834 = CARTESIAN_POINT ( 'NONE',  ( 0.1210356286896722700, 0.3073357932227794900, -0.3776698035226067100 ) ) ;
#7835 = CARTESIAN_POINT ( 'NONE',  ( 0.1518986748799413000, 0.2634659119465356200, 0.4083876577056689300 ) ) ;
#7836 = CONICAL_SURFACE ( 'NONE', #4272, 10967.01784461921100, 1.479865287713162600 ) ;
#7837 =( BOUNDED_SURFACE ( )  B_SPLINE_SURFACE ( 3, 2, ( 
 ( #6243, #520, #3732 ),
 ( #8167, #4366, #549 ),
 ( #5008, #1192, #5638 ),
 ( #1834, #6276, #2489 ) ),
 .UNSPECIFIED., .F., .F., .T. ) 
 B_SPLINE_SURFACE_WITH_KNOTS ( ( 4, 4 ),
 ( 3, 3 ),
 ( 0.0000000000000000000, 0.001506231222728192900 ),
 ( 0.0000000000000000000, 1.000000000000000000 ),
 .UNSPECIFIED. ) 
 GEOMETRIC_REPRESENTATION_ITEM ( )  RATIONAL_B_SPLINE_SURFACE ( (
 ( 1.000000000000000000, 0.5690035219446320000, 1.000000000000000000),
 ( 1.000000000000000000, 0.5876933641502860600, 1.000000000000000000),
 ( 1.000000000000000000, 0.6105280666444312700, 1.000000000000000000),
 ( 1.000000000000000000, 0.6463599364788029700, 1.000000000000000000) ) ) 
 REPRESENTATION_ITEM ( '' )  SURFACE ( )  );
#7838 = ORIENTED_EDGE ( 'NONE', *, *, #2284, .F. ) ;
#7839 = ADVANCED_FACE ( 'NONE', ( #4127 ), #5018, .T. ) ;
#7840 = AXIS2_PLACEMENT_3D ( 'NONE', #4513, #693, #5143 ) ;
#7841 = VERTEX_POINT ( 'NONE', #721 ) ;
#7842 = CARTESIAN_POINT ( 'NONE',  ( 0.6499999999999996900, -0.004999999999999931600, 7.960204194457790500E-017 ) ) ;
#7843 = ORIENTED_EDGE ( 'NONE', *, *, #5784, .F. ) ;
#7844 = ADVANCED_FACE ( 'NONE', ( #3519 ), #6438, .T. ) ;
#7845 = CARTESIAN_POINT ( 'NONE',  ( -0.02795555445737168600, -1.180914363074420800, -0.2549758564700911900 ) ) ;
#7846 = DIRECTION ( 'NONE',  ( -1.447553700753488400E-016, 1.000000000000000000, -0.0000000000000000000 ) ) ;
#7847 = SPHERICAL_SURFACE ( 'NONE', #1865, 0.1000000000000000100 ) ;
#7848 = ORIENTED_EDGE ( 'NONE', *, *, #3049, .T. ) ;
#7849 = CYLINDRICAL_SURFACE ( 'NONE', #5963, 0.8999999999999993600 ) ;
#7850 = ORIENTED_EDGE ( 'NONE', *, *, #2925, .T. ) ;
#7851 = CYLINDRICAL_SURFACE ( 'NONE', #2084, 0.8999999999999993600 ) ;
#7852 = CARTESIAN_POINT ( 'NONE',  ( 0.09659914243586222000, 0.3800816158809481900, 0.3820252518224809800 ) ) ;
#7853 = CARTESIAN_POINT ( 'NONE',  ( -0.6499999999999994700, 0.6949999999999998400, 0.0000000000000000000 ) ) ;
#7854 = AXIS2_PLACEMENT_3D ( 'NONE', #6914, #1224, #5671 ) ;
#7855 = FACE_OUTER_BOUND ( 'NONE', #684, .T. ) ;
#7856 = CARTESIAN_POINT ( 'NONE',  ( -0.1250000000000000600, 0.2666198487095667900, 0.3897197719169305200 ) ) ;
#7857 = EDGE_CURVE ( 'NONE', #2527, #99, #4983, .T. ) ;
#7858 = CARTESIAN_POINT ( 'NONE',  ( -0.05723132828787978000, 0.3871995584329950800, -0.4236181109633331800 ) ) ;
#7859 = CIRCLE ( 'NONE', #4748, 0.6099999999999994300 ) ;
#7860 = EDGE_LOOP ( 'NONE', ( #6273, #3859, #5619, #3086 ) ) ;
#7861 = CARTESIAN_POINT ( 'NONE',  ( -1.476660268557142200E-016, 1.395000000000000000, 0.0000000000000000000 ) ) ;
#7862 = LINE ( 'NONE', #3050, #1296 ) ;
#7863 = DIRECTION ( 'NONE',  ( -0.06671916257971218000, 0.9951962719317780600, 0.07164449509733820900 ) ) ;
#7864 =( NAMED_UNIT ( * ) SI_UNIT ( $, .STERADIAN. ) SOLID_ANGLE_UNIT ( ) );
#7865 = DIRECTION ( 'NONE',  ( 1.000000000000000000, 1.447553700753488400E-016, 0.0000000000000000000 ) ) ;
#7866 = CARTESIAN_POINT ( 'NONE',  ( 4.660967422637649700E-016, -2.845000000000000600, 0.0000000000000000000 ) ) ;
#7867 = CARTESIAN_POINT ( 'NONE',  ( 0.07599501632822158700, 0.3745991186151964600, -0.4372719807931751400 ) ) ;
#7868 = ORIENTED_EDGE ( 'NONE', *, *, #5304, .F. ) ;
#7869 = EDGE_CURVE ( 'NONE', #379, #6543, #5203, .T. ) ;
#7870 = DIRECTION ( 'NONE',  ( -1.447553700753488400E-016, 1.000000000000000000, -0.0000000000000000000 ) ) ;
#7871 = CARTESIAN_POINT ( 'NONE',  ( 0.1069180516808264200, 0.3402937159746543500, -0.3947436973228082300 ) ) ;
#7872 = AXIS2_PLACEMENT_3D ( 'NONE', #3239, #7691, #3892 ) ;
#7873 = DIRECTION ( 'NONE',  ( -1.447553700753488400E-016, 1.000000000000000000, -0.0000000000000000000 ) ) ;
#7874 = ORIENTED_EDGE ( 'NONE', *, *, #1564, .F. ) ;
#7875 = ORIENTED_EDGE ( 'NONE', *, *, #5399, .T. ) ;
#7876 = SURFACE_STYLE_USAGE ( .BOTH. , #3423 ) ;
#7877 = SURFACE_STYLE_FILL_AREA ( #2430 ) ;
#7878 = CARTESIAN_POINT ( 'NONE',  ( 0.04748845423716534900, -1.169016252668703100, 0.2318383475599942700 ) ) ;
#7879 = EDGE_CURVE ( 'NONE', #1153, #4195, #1831, .T. ) ;
#7880 = CARTESIAN_POINT ( 'NONE',  ( -0.07338909830154126400, 0.3992061965099127400, 0.3872316477172972300 ) ) ;
#7881 = CARTESIAN_POINT ( 'NONE',  ( 0.02797188990901507100, -1.180670700235336700, 0.1522262788309297300 ) ) ;
#7882 =( GEOMETRIC_REPRESENTATION_CONTEXT ( 3 ) GLOBAL_UNCERTAINTY_ASSIGNED_CONTEXT ( ( #6252 ) ) GLOBAL_UNIT_ASSIGNED_CONTEXT ( ( #7170, #3380, #7823 ) ) REPRESENTATION_CONTEXT ( 'NONE', 'WORKASPACE' ) );
#7883 = CIRCLE ( 'NONE', #3946, 0.1000000000000000500 ) ;
#7884 = ADVANCED_FACE ( 'NONE', ( #8195 ), #4425, .T. ) ;
#7885 = CARTESIAN_POINT ( 'NONE',  ( 0.1250026614279229100, 0.2666596203869139300, 0.3792131914026152800 ) ) ;
#7886 = CARTESIAN_POINT ( 'NONE',  ( -1.270000000000000200, 1.294999999999999700, 0.7700000000000012400 ) ) ;
#7887 = EDGE_CURVE ( 'NONE', #5456, #7913, #2023, .T. ) ;
#7888 = CARTESIAN_POINT ( 'NONE',  ( 0.1031155145766404200, 0.3461499768387556500, -0.4070139033081693900 ) ) ;
#7889 = FILL_AREA_STYLE ('',( #2164 ) ) ;
#7890 = ADVANCED_FACE ( 'NONE', ( #2738 ), #2124, .F. ) ;
#7891 = CARTESIAN_POINT ( 'NONE',  ( 0.1250656858299102600, 0.2675996315862999000, 0.3655387589310534800 ) ) ;
#7892 = UNCERTAINTY_MEASURE_WITH_UNIT (LENGTH_MEASURE( 1.000000000000000100E-005 ), #1044, 'distance_accuracy_value', 'NONE');
#7893 = DIRECTION ( 'NONE',  ( -1.447553700753488400E-016, 1.000000000000000000, -0.0000000000000000000 ) ) ;
#7894 = AXIS2_PLACEMENT_3D ( 'NONE', #3743, #8178, #4375 ) ;
#7895 = CARTESIAN_POINT ( 'NONE',  ( -0.01698699319169541500, 0.3998653852408294900, -0.3612024538219106300 ) ) ;
#7896 = CIRCLE ( 'NONE', #7474, 0.2549999999999999500 ) ;
#7897 = DIRECTION ( 'NONE',  ( -1.447553700753488400E-016, 1.000000000000000000, -0.0000000000000000000 ) ) ;
#7898 = FACE_OUTER_BOUND ( 'NONE', #275, .T. ) ;
#7899 = CARTESIAN_POINT ( 'NONE',  ( -0.1345165463631138300, 0.01056098416514961200, -0.3902488968370565500 ) ) ;
#7900 = FILL_AREA_STYLE ('',( #2203 ) ) ;
#7901 = CARTESIAN_POINT ( 'NONE',  ( -1.270000000000000000, -1.294999999999999900, 0.6700000000000002600 ) ) ;
#7902 = ORIENTED_EDGE ( 'NONE', *, *, #1484, .F. ) ;
#7903 = CIRCLE ( 'NONE', #7760, 0.9099999999999992500 ) ;
#7904 = AXIS2_PLACEMENT_3D ( 'NONE', #1165, #5605, #1805 ) ;
#7905 = CARTESIAN_POINT ( 'NONE',  ( 0.04606694494311906800, -1.152949414612099500, 0.2524003120427217300 ) ) ;
#7906 = AXIS2_PLACEMENT_3D ( 'NONE', #8114, #1036, #5477 ) ;
#7907 = VERTEX_POINT ( 'NONE', #3753 ) ;
#7908 = ORIENTED_EDGE ( 'NONE', *, *, #3197, .F. ) ;
#7909 = CARTESIAN_POINT ( 'NONE',  ( 0.4439249933206985700, 1.395000000000000000, 5.436513221317039400E-017 ) ) ;
#7910 = CARTESIAN_POINT ( 'NONE',  ( -0.08305999482976626800, -0.7318447519065430800, 0.3349989644292455400 ) ) ;
#7911 = TOROIDAL_SURFACE ( 'NONE', #7158, 0.4139249933206986000, 0.02000000000000000000 ) ;
#7912 = CARTESIAN_POINT ( 'NONE',  ( 0.04919043109371045600, -1.155270082144002300, -0.08403836463368615000 ) ) ;
#7913 = VERTEX_POINT ( 'NONE', #4390 ) ;
#7914 = FILL_AREA_STYLE_COLOUR ( '', #7828 ) ;
#7915 = DIRECTION ( 'NONE',  ( -1.447553700753488400E-016, 1.000000000000000000, -0.0000000000000000000 ) ) ;
#7916 = EDGE_CURVE ( 'NONE', #1205, #3354, #7304, .T. ) ;
#7917 = STYLED_ITEM ( 'NONE', ( #2945 ), #2217 ) ;
#7918 = CARTESIAN_POINT ( 'NONE',  ( -0.08950239281696720200, 0.3637608757300500000, -0.4396618211660886000 ) ) ;
#7919 = DIRECTION ( 'NONE',  ( -1.447553700753488400E-016, 1.000000000000000000, -0.0000000000000000000 ) ) ;
#7920 = ORIENTED_EDGE ( 'NONE', *, *, #3662, .F. ) ;
#7921 = CARTESIAN_POINT ( 'NONE',  ( -0.1180273429977300400, 0.3525217918726889500, -0.3757410748851475200 ) ) ;
#7922 = FILL_AREA_STYLE_COLOUR ( '', #1971 ) ;
#7923 = CARTESIAN_POINT ( 'NONE',  ( 0.6099999999999993200, 1.395000000000000000, 7.470345474798846700E-017 ) ) ;
#7924 = SURFACE_SIDE_STYLE ('',( #2887 ) ) ;
#7925 = PRESENTATION_STYLE_ASSIGNMENT (( #2935 ) ) ;
#7926 = ADVANCED_FACE ( 'NONE', ( #5313 ), #5836, .T. ) ;
#7927 = DIRECTION ( 'NONE',  ( 0.0000000000000000000, -0.9960485673285178800, -0.08881019943006024400 ) ) ;
#7928 = ADVANCED_FACE ( 'NONE', ( #6796 ), #4373, .T. ) ;
#7929 = EDGE_CURVE ( 'NONE', #1334, #3875, #2905, .T. ) ;
#7930 = AXIS2_PLACEMENT_3D ( 'NONE', #5317, #7873, #4070 ) ;
#7931 = CARTESIAN_POINT ( 'NONE',  ( 0.1259882969742710200, 0.2814707489567508400, 0.3909741648455823900 ) ) ;
#7932 = UNCERTAINTY_MEASURE_WITH_UNIT (LENGTH_MEASURE( 1.000000000000000100E-005 ), #7057, 'distance_accuracy_value', 'NONE');
#7933 = CARTESIAN_POINT ( 'NONE',  ( 0.4438423657390882000, 0.3525217918728552600, 0.0000000000000000000 ) ) ;
#7934 = EDGE_LOOP ( 'NONE', ( #7575, #1770, #358, #7995 ) ) ;
#7935 = CARTESIAN_POINT ( 'NONE',  ( 0.04566121531820492600, -1.159086993105501500, -0.2501001023489880000 ) ) ;
#7936 = SURFACE_SIDE_STYLE ('',( #5275 ) ) ;
#7937 = VERTEX_POINT ( 'NONE', #7654 ) ;
#7938 = CIRCLE ( 'NONE', #8217, 0.1000000000000000500 ) ;
#7939 = ORIENTED_EDGE ( 'NONE', *, *, #3328, .T. ) ;
#7940 = COLOUR_RGB ( '',0.8941176470588234600, 0.9137254901960784000, 0.9294117647058823800 ) ;
#7941 = CARTESIAN_POINT ( 'NONE',  ( 5.354393754902066400E-017, 0.005000000000000013100, 0.0000000000000000000 ) ) ;
#7942 = AXIS2_PLACEMENT_3D ( 'NONE', #5781, #1986, #6414 ) ;
#7943 = AXIS2_PLACEMENT_3D ( 'NONE', #1766, #6213, #2425 ) ;
#7944 = MECHANICAL_DESIGN_GEOMETRIC_PRESENTATION_REPRESENTATION (  '', ( #7075 ), #98 ) ;
#7945 = CARTESIAN_POINT ( 'NONE',  ( 0.8799999999999992300, 0.7150000000000001900, 0.0000000000000000000 ) ) ;
#7946 = TOROIDAL_SURFACE ( 'NONE', #7387, 0.6399999999999993500, 0.02999999999999999900 ) ;
#7947 = UNCERTAINTY_MEASURE_WITH_UNIT (LENGTH_MEASURE( 1.000000000000000100E-005 ), #1602, 'distance_accuracy_value', 'NONE');
#7948 = VERTEX_POINT ( 'NONE', #724 ) ;
#7949 = CARTESIAN_POINT ( 'NONE',  ( -0.1257847930699634000, 0.2783259779124367900, -0.3790234137491690400 ) ) ;
#7950 = SURFACE_STYLE_FILL_AREA ( #827 ) ;
#7951 = VERTEX_POINT ( 'NONE', #5178 ) ;
#7952 = DIRECTION ( 'NONE',  ( 0.0000000000000000000, 0.0000000000000000000, -1.000000000000000000 ) ) ;
#7953 = CARTESIAN_POINT ( 'NONE',  ( -0.04978749811896327600, -1.205082627581610000, -0.2976813273944591800 ) ) ;
#7954 = SURFACE_STYLE_USAGE ( .BOTH. , #3500 ) ;
#7955 = SURFACE_SIDE_STYLE ('',( #5447 ) ) ;
#7956 = FILL_AREA_STYLE_COLOUR ( '', #864 ) ;
#7957 = MECHANICAL_DESIGN_GEOMETRIC_PRESENTATION_REPRESENTATION (  '', ( #7079 ), #104 ) ;
#7958 = CARTESIAN_POINT ( 'NONE',  ( -0.1291690999468843900, 0.3300775332361590200, -0.3699126412412640500 ) ) ;
#7959 = ORIENTED_EDGE ( 'NONE', *, *, #5409, .F. ) ;
#7960 = CARTESIAN_POINT ( 'NONE',  ( 0.006771595568547555400, 0.4008714342408201100, 0.4302294545116983600 ) ) ;
#7961 = CIRCLE ( 'NONE', #949, 0.02999999999999997100 ) ;
#7962 = CARTESIAN_POINT ( 'NONE',  ( 0.02751749980527877500, -1.187448473213239300, 0.2283363398061076000 ) ) ;
#7963 = EDGE_LOOP ( 'NONE', ( #5182, #7908, #5672, #8227 ) ) ;
#7964 = COLOUR_RGB ( '',0.1098039215686274500, 0.1098039215686274500, 0.1098039215686274500 ) ;
#7965 = CARTESIAN_POINT ( 'NONE',  ( -1.404282583519468200E-016, 1.345000000000000200, 0.0000000000000000000 ) ) ;
#7966 = ADVANCED_FACE ( 'NONE', ( #430 ), #7687, .T. ) ;
#7967 = CARTESIAN_POINT ( 'NONE',  ( 3.107117802025520800E-018, 0.3534279700348353400, 0.0000000000000000000 ) ) ;
#7968 = CARTESIAN_POINT ( 'NONE',  ( 0.02994456013349171300, -1.151245959617459300, -0.2721492054816726000 ) ) ;
#7969 = EDGE_CURVE ( 'NONE', #787, #4667, #1127, .T. ) ;
#7970 = CIRCLE ( 'NONE', #4259, 0.02999999999999997100 ) ;
#7971 = CARTESIAN_POINT ( 'NONE',  ( -1.208196601125011400, 1.395000000000000000, -0.6700000000000002600 ) ) ;
#7972 = AXIS2_PLACEMENT_3D ( 'NONE', #3322, #7780, #3978 ) ;
#7973 = ORIENTED_EDGE ( 'NONE', *, *, #2977, .T. ) ;
#7974 = VERTEX_POINT ( 'NONE', #5841 ) ;
#7975 = SURFACE_STYLE_FILL_AREA ( #2391 ) ;
#7976 = SURFACE_SIDE_STYLE ('',( #5787 ) ) ;
#7977 =( LENGTH_UNIT ( ) NAMED_UNIT ( * ) SI_UNIT ( .MILLI., .METRE. ) );
#7978 = EDGE_CURVE ( 'NONE', #6776, #7000, #8189, .T. ) ;
#7979 = DIRECTION ( 'NONE',  ( 1.000000000000000000, 0.0000000000000000000, 0.0000000000000000000 ) ) ;
#7980 = DIRECTION ( 'NONE',  ( -1.000000000000000000, -1.447553700753488400E-016, 0.0000000000000000000 ) ) ;
#7981 = CARTESIAN_POINT ( 'NONE',  ( -0.02846876768769465700, -1.173259172664719700, -0.2703770910035351900 ) ) ;
#7982 = ORIENTED_EDGE ( 'NONE', *, *, #5473, .T. ) ;
#7983 = CARTESIAN_POINT ( 'NONE',  ( 1.449757355770272100E-013, -1001.147437826952700, 0.0000000000000000000 ) ) ;
#7984 = DIRECTION ( 'NONE',  ( -1.000000000000000000, -1.447553700753488400E-016, 0.0000000000000000000 ) ) ;
#7985 = CARTESIAN_POINT ( 'NONE',  ( 0.5158374504826130900, 1.009174638727795300, 6.317186826138635500E-017 ) ) ;
#7986 =( NAMED_UNIT ( * ) PLANE_ANGLE_UNIT ( ) SI_UNIT ( $, .RADIAN. ) );
#7987 = CARTESIAN_POINT ( 'NONE',  ( -0.1224006022265378100, 0.3017080419925784500, 0.3947727199985723300 ) ) ;
#7988 = CARTESIAN_POINT ( 'NONE',  ( -1.270000000000000000, 1.294999999999999900, 1.270000000000000000 ) ) ;
#7989 = CARTESIAN_POINT ( 'NONE',  ( 2.975399468465839800E-018, 0.3543379074933982700, 0.0000000000000000000 ) ) ;
#7990 = AXIS2_PLACEMENT_3D ( 'NONE', #4784, #3529, #7979 ) ;
#7991 = CARTESIAN_POINT ( 'NONE',  ( -0.1180273429976646400, 0.3525217918728290600, 0.3757410748851834900 ) ) ;
#7992 = AXIS2_PLACEMENT_3D ( 'NONE', #7994, #6710, #3605 ) ;
#7993 = UNCERTAINTY_MEASURE_WITH_UNIT (LENGTH_MEASURE( 1.000000000000000100E-005 ), #3379, 'distance_accuracy_value', 'NONE');
#7994 = CARTESIAN_POINT ( 'NONE',  ( 1.270000000000000000, 1.395000000000000000, -0.6700000000000002600 ) ) ;
#7995 = ORIENTED_EDGE ( 'NONE', *, *, #2028, .F. ) ;
#7996 =( LENGTH_UNIT ( ) NAMED_UNIT ( * ) SI_UNIT ( .MILLI., .METRE. ) );
#7997 = CARTESIAN_POINT ( 'NONE',  ( -0.5999999999999994200, -2.674289321881344600, 0.0000000000000000000 ) ) ;
#7998 = CARTESIAN_POINT ( 'NONE',  ( -0.05800982339509644400, -0.7326189222147653200, 0.3163088542898302400 ) ) ;
#7999 = ORIENTED_EDGE ( 'NONE', *, *, #5198, .T. ) ;
#8000 = DIRECTION ( 'NONE',  ( 0.06667680617049637200, 0.9945644753231651600, -0.07997317015136588800 ) ) ;
#8001 = ORIENTED_EDGE ( 'NONE', *, *, #3397, .F. ) ;
#8002 = TOROIDAL_SURFACE ( 'NONE', #5735, 0.4239249933206987700, 0.02000000000000000000 ) ;
#8003 =( NAMED_UNIT ( * ) PLANE_ANGLE_UNIT ( ) SI_UNIT ( $, .RADIAN. ) );
#8004 = CARTESIAN_POINT ( 'NONE',  ( -1.270000000000000000, 1.294999999999999700, -0.7700000000000016800 ) ) ;
#8005 = CARTESIAN_POINT ( 'NONE',  ( 0.0000000000000000000, 1.294999999999999900, 1.270000000000000000 ) ) ;
#8006 = DIRECTION ( 'NONE',  ( 1.000000000000000000, 2.624407096431315500E-016, 0.0000000000000000000 ) ) ;
#8007 = DIRECTION ( 'NONE',  ( 0.0000000000000000000, 0.0000000000000000000, 1.000000000000000000 ) ) ;
#8008 = ADVANCED_FACE ( 'NONE', ( #1327 ), #6706, .T. ) ;
#8009 = DIRECTION ( 'NONE',  ( -1.000000000000000000, 0.0000000000000000000, 0.0000000000000000000 ) ) ;
#8010 = EDGE_LOOP ( 'NONE', ( #4264, #2861, #528, #3181, #8165, #937, #5276, #1270 ) ) ;
#8011 =( NAMED_UNIT ( * ) SI_UNIT ( $, .STERADIAN. ) SOLID_ANGLE_UNIT ( ) );
#8012 = ORIENTED_EDGE ( 'NONE', *, *, #1950, .F. ) ;
#8013 = PRESENTATION_STYLE_ASSIGNMENT (( #3909 ) ) ;
#8014 = STYLED_ITEM ( 'NONE', ( #1255 ), #7197 ) ;
#8015 = PRESENTATION_LAYER_ASSIGNMENT (  '', '', ( #7584 ) ) ;
#8016 = CARTESIAN_POINT ( 'NONE',  ( 0.1062839545721880300, 0.3413336622076257900, 0.3950903979385013100 ) ) ;
#8017 =( NAMED_UNIT ( * ) SI_UNIT ( $, .STERADIAN. ) SOLID_ANGLE_UNIT ( ) );
#8018 =( LENGTH_UNIT ( ) NAMED_UNIT ( * ) SI_UNIT ( .MILLI., .METRE. ) );
#8019 = EDGE_CURVE ( 'NONE', #297, #4953, #7896, .T. ) ;
#8020 = ORIENTED_EDGE ( 'NONE', *, *, #6996, .T. ) ;
#8021 = CARTESIAN_POINT ( 'NONE',  ( -0.1069241233749348200, 0.3402872455494565500, 0.3947430299118580600 ) ) ;
#8022 = FACE_OUTER_BOUND ( 'NONE', #281, .T. ) ;
#8023 = SURFACE_STYLE_FILL_AREA ( #4292 ) ;
#8024 = CARTESIAN_POINT ( 'NONE',  ( -0.1170318680200569900, 0.3209844147781588100, 0.3887347037613020400 ) ) ;
#8025 = CARTESIAN_POINT ( 'NONE',  ( -0.1049532641386131100, 0.3434097392630591200, -0.3956287701371155600 ) ) ;
#8026 = DIRECTION ( 'NONE',  ( 1.000000000000000000, 0.0000000000000000000, 0.0000000000000000000 ) ) ;
#8027 = EDGE_CURVE ( 'NONE', #7907, #7937, #4515, .T. ) ;
#8028 = MECHANICAL_DESIGN_GEOMETRIC_PRESENTATION_REPRESENTATION (  '', ( #6742 ), #192 ) ;
#8029 = ORIENTED_EDGE ( 'NONE', *, *, #1791, .F. ) ;
#8030 = CARTESIAN_POINT ( 'NONE',  ( -0.05009764891080235900, -1.152798546761364200, 0.03076719300391886300 ) ) ;
#8031 = DIRECTION ( 'NONE',  ( 1.447553700753488400E-016, -1.000000000000000000, 0.0000000000000000000 ) ) ;
#8032 = DIRECTION ( 'NONE',  ( 0.0000000000000000000, 0.0000000000000000000, -1.000000000000000000 ) ) ;
#8033 =( NAMED_UNIT ( * ) PLANE_ANGLE_UNIT ( ) SI_UNIT ( $, .RADIAN. ) );
#8034 = ORIENTED_EDGE ( 'NONE', *, *, #1209, .T. ) ;
#8035 = ORIENTED_EDGE ( 'NONE', *, *, #7598, .F. ) ;
#8036 = DIRECTION ( 'NONE',  ( 1.447553700753488400E-016, -1.000000000000000000, 0.0000000000000000000 ) ) ;
#8037 = CARTESIAN_POINT ( 'NONE',  ( 0.9581966011250107100, -1.294999999999999900, -1.169999999999999700 ) ) ;
#8038 = EDGE_CURVE ( 'NONE', #5514, #7258, #5992, .T. ) ;
#8039 = UNCERTAINTY_MEASURE_WITH_UNIT (LENGTH_MEASURE( 1.000000000000000100E-005 ), #1137, 'distance_accuracy_value', 'NONE');
#8040 = MECHANICAL_DESIGN_GEOMETRIC_PRESENTATION_REPRESENTATION (  '', ( #5898 ), #205 ) ;
#8041 = FACE_OUTER_BOUND ( 'NONE', #3308, .T. ) ;
#8042 = VERTEX_POINT ( 'NONE', #228 ) ;
#8043 =( NAMED_UNIT ( * ) PLANE_ANGLE_UNIT ( ) SI_UNIT ( $, .RADIAN. ) );
#8044 = DIRECTION ( 'NONE',  ( -0.06671916257971237400, 0.9951962719317780600, -0.07164449509733834800 ) ) ;
#8045 = EDGE_CURVE ( 'NONE', #4378, #1507, #5229, .T. ) ;
#8046 = ORIENTED_EDGE ( 'NONE', *, *, #3282, .F. ) ;
#8047 = CARTESIAN_POINT ( 'NONE',  ( -0.9581966011250112600, -1.395000000000000000, -1.170000000000000200 ) ) ;
#8048 = CARTESIAN_POINT ( 'NONE',  ( -1.270000000000000000, -1.294999999999999900, -0.6700000000000002600 ) ) ;
#8049 = SURFACE_STYLE_USAGE ( .BOTH. , #3606 ) ;
#8050 = UNCERTAINTY_MEASURE_WITH_UNIT (LENGTH_MEASURE( 1.000000000000000100E-005 ), #4336, 'distance_accuracy_value', 'NONE');
#8051 = EDGE_LOOP ( 'NONE', ( #7959, #1508, #5718, #1995 ) ) ;
#8052 = PRESENTATION_LAYER_ASSIGNMENT (  '', '', ( #6767 ) ) ;
#8053 = AXIS2_PLACEMENT_3D ( 'NONE', #4281, #463, #4902 ) ;
#8054 = AXIS2_PLACEMENT_3D ( 'NONE', #4727, #266, #5358 ) ;
#8055 = CLOSED_SHELL ( 'NONE', ( #2933, #2259, #4726, #4059, #832, #5414, #4759, #1932, #4096, #7204, #111, #5919, #7003, #4213, #3545, #4763, #3249, #2772, #5259, #2893, #917, #2616, #4009, #6491, #2213, #7890, #7636, #7364, #1001, #333, #5379, #2176, #1504, #7159, #1621, #5837, #1536, #4688, #4836, #6038, #2012, #6576, #6540, #6709, #2217, #3890, #206, #2733, #6033, #6619, #5753, #4639, #7117, #2855, #2824, #5496, #6488, #6456, #7884, #5308, #5453, #6673, #66, #7197, #4646, #7318, #295, #7041, #3378, #5878, #4135, #7246, #3852, #5258, #5219, #916, #6579, #1040, #7758, #4557 ) ) ;
#8056 = SURFACE_SIDE_STYLE ('',( #4682 ) ) ;
#8057 = FILL_AREA_STYLE ('',( #409 ) ) ;
#8058 = VERTEX_POINT ( 'NONE', #4742 ) ;
#8059 = DIRECTION ( 'NONE',  ( -1.000000000000000000, -1.447553700753488400E-016, 0.0000000000000000000 ) ) ;
#8060 = DIRECTION ( 'NONE',  ( -1.000000000000000000, 0.0000000000000000000, 0.0000000000000000000 ) ) ;
#8061 = FILL_AREA_STYLE_COLOUR ( '', #2697 ) ;
#8062 = AXIS2_PLACEMENT_3D ( 'NONE', #3676, #7457, #1317 ) ;
#8063 = CARTESIAN_POINT ( 'NONE',  ( -0.01592284291062507100, 0.4203082358126822300, -0.3939249819145294600 ) ) ;
#8064 = TOROIDAL_SURFACE ( 'NONE', #2835, 0.2368513167469089900, 0.02000000000000000000 ) ;
#8065 = ORIENTED_EDGE ( 'NONE', *, *, #8038, .F. ) ;
#8066 = CIRCLE ( 'NONE', #1329, 0.05000000000000002400 ) ;
#8067 = CARTESIAN_POINT ( 'NONE',  ( -0.04735663172445645600, -1.169071126674652500, 0.2324804275672539300 ) ) ;
#8068 = CARTESIAN_POINT ( 'NONE',  ( -0.1250000000000000600, 0.2666198487095667900, -0.3792098549233096100 ) ) ;
#8069 = CARTESIAN_POINT ( 'NONE',  ( 0.03709593082661626800, 0.4001974798928804600, 0.4481742220837421900 ) ) ;
#8070 = CARTESIAN_POINT ( 'NONE',  ( -0.1080452793444637200, 0.01371987011832681900, -0.3714225193453403200 ) ) ;
#8071 = ORIENTED_EDGE ( 'NONE', *, *, #5145, .F. ) ;
#8072 = STYLED_ITEM ( 'NONE', ( #5893 ), #7890 ) ;
#8073 = EDGE_LOOP ( 'NONE', ( #6703, #6461, #5737, #5813 ) ) ;
#8074 =( NAMED_UNIT ( * ) PLANE_ANGLE_UNIT ( ) SI_UNIT ( $, .RADIAN. ) );
#8075 = CARTESIAN_POINT ( 'NONE',  ( 1.270000000000000000, -1.294999999999999900, 0.6700000000000002600 ) ) ;
#8076 = EDGE_CURVE ( 'NONE', #6989, #6444, #2837, .T. ) ;
#8077 =( NAMED_UNIT ( * ) SI_UNIT ( $, .STERADIAN. ) SOLID_ANGLE_UNIT ( ) );
#8078 = SURFACE_SIDE_STYLE ('',( #5557 ) ) ;
#8079 = EDGE_CURVE ( 'NONE', #379, #4166, #3768, .T. ) ;
#8080 = CARTESIAN_POINT ( 'NONE',  ( -0.1274216735989316100, 0.3525217918728549300, -0.4251585148178475000 ) ) ;
#8081 =( NAMED_UNIT ( * ) SI_UNIT ( $, .STERADIAN. ) SOLID_ANGLE_UNIT ( ) );
#8082 = CARTESIAN_POINT ( 'NONE',  ( -0.02839975818303075800, -1.174288532133782600, -0.07608303325060077100 ) ) ;
#8083 = DIRECTION ( 'NONE',  ( -1.000000000000000000, -1.376153063234101000E-016, 0.0000000000000000000 ) ) ;
#8084 = DIRECTION ( 'NONE',  ( 1.000000000000000000, 1.447553700753488400E-016, 0.0000000000000000000 ) ) ;
#8085 = STYLED_ITEM ( 'NONE', ( #2101 ), #3487 ) ;
#8086 = FILL_AREA_STYLE_COLOUR ( '', #4388 ) ;
#8087 = DIRECTION ( 'NONE',  ( 0.0000000000000000000, 0.0000000000000000000, 1.000000000000000000 ) ) ;
#8088 = CARTESIAN_POINT ( 'NONE',  ( -0.001001183866037064900, 0.4011560209568458300, 0.4142752379088837600 ) ) ;
#8089 = UNCERTAINTY_MEASURE_WITH_UNIT (LENGTH_MEASURE( 1.000000000000000100E-005 ), #763, 'distance_accuracy_value', 'NONE');
#8090 = CARTESIAN_POINT ( 'NONE',  ( -0.1273296167111876200, 0.3013688739725956000, 0.3926445623981437700 ) ) ;
#8091 = ORIENTED_EDGE ( 'NONE', *, *, #4792, .T. ) ;
#8092 = AXIS2_PLACEMENT_3D ( 'NONE', #7167, #2128, #6560 ) ;
#8093 = FACE_OUTER_BOUND ( 'NONE', #7778, .T. ) ;
#8094 =( NAMED_UNIT ( * ) PLANE_ANGLE_UNIT ( ) SI_UNIT ( $, .RADIAN. ) );
#8095 = AXIS2_PLACEMENT_3D ( 'NONE', #1026, #6723, #4857 ) ;
#8096 = DIRECTION ( 'NONE',  ( -1.000000000000000000, 0.0000000000000000000, 0.0000000000000000000 ) ) ;
#8097 =( NAMED_UNIT ( * ) SI_UNIT ( $, .STERADIAN. ) SOLID_ANGLE_UNIT ( ) );
#8098 = ORIENTED_EDGE ( 'NONE', *, *, #28, .T. ) ;
#8099 = ORIENTED_EDGE ( 'NONE', *, *, #1463, .F. ) ;
#8100 = CARTESIAN_POINT ( 'NONE',  ( 0.02796414439579671500, -1.180786233847886300, -0.2547347285350581900 ) ) ;
#8101 = SURFACE_STYLE_FILL_AREA ( #3206 ) ;
#8102 = FACE_OUTER_BOUND ( 'NONE', #5406, .T. ) ;
#8103 = CARTESIAN_POINT ( 'NONE',  ( 7.787932489870817000E-017, -0.1631138830084182300, 0.0000000000000000000 ) ) ;
#8104 = MECHANICAL_DESIGN_GEOMETRIC_PRESENTATION_REPRESENTATION (  '', ( #6827 ), #276 ) ;
#8105 = DIRECTION ( 'NONE',  ( -1.447553700753488400E-016, 1.000000000000000000, -0.0000000000000000000 ) ) ;
#8106 = EDGE_LOOP ( 'NONE', ( #6997, #1389, #3200, #7390 ) ) ;
#8107 = VECTOR ( 'NONE', #822, 1000.000000000000000 ) ;
#8108 =( LENGTH_UNIT ( ) NAMED_UNIT ( * ) SI_UNIT ( .MILLI., .METRE. ) );
#8109 = DIRECTION ( 'NONE',  ( 0.8375188640831069400, -0.5464084116345046000, 0.0000000000000000000 ) ) ;
#8110 = PRESENTATION_STYLE_ASSIGNMENT (( #3766 ) ) ;
#8111 =( NAMED_UNIT ( * ) PLANE_ANGLE_UNIT ( ) SI_UNIT ( $, .RADIAN. ) );
#8112 = ORIENTED_EDGE ( 'NONE', *, *, #7816, .F. ) ;
#8113 = AXIS2_PLACEMENT_3D ( 'NONE', #6526, #2750, #7166 ) ;
#8114 = CARTESIAN_POINT ( 'NONE',  ( -1.404282583519467900E-016, 1.345000000000000200, 0.0000000000000000000 ) ) ;
#8115 = CARTESIAN_POINT ( 'NONE',  ( 0.8159999999999999500, -1.954016994374949500, 1.677999999999999900 ) ) ;
#8116 = EDGE_CURVE ( 'NONE', #664, #5331, #4319, .T. ) ;
#8117 =( NAMED_UNIT ( * ) SI_UNIT ( $, .STERADIAN. ) SOLID_ANGLE_UNIT ( ) );
#8118 = SURFACE_STYLE_FILL_AREA ( #2922 ) ;
#8119 = ORIENTED_EDGE ( 'NONE', *, *, #1906, .F. ) ;
#8120 = CIRCLE ( 'NONE', #7904, 0.1000000000000000500 ) ;
#8121 = PRODUCT_DEFINITION_CONTEXT ( 'detailed design', #2551, 'design' ) ;
#8122 = CARTESIAN_POINT ( 'NONE',  ( 0.1291783635819606600, 0.3300799325266017800, -0.3699095911761859400 ) ) ;
#8123 =( LENGTH_UNIT ( ) NAMED_UNIT ( * ) SI_UNIT ( .MILLI., .METRE. ) );
#8124 = SURFACE_STYLE_USAGE ( .BOTH. , #3700 ) ;
#8125 = EDGE_CURVE ( 'NONE', #6989, #4844, #2637, .T. ) ;
#8126 = ORIENTED_EDGE ( 'NONE', *, *, #1921, .F. ) ;
#8127 = PRESENTATION_LAYER_ASSIGNMENT (  '', '', ( #7709 ) ) ;
#8128 = ORIENTED_EDGE ( 'NONE', *, *, #3878, .T. ) ;
#8129 =( NAMED_UNIT ( * ) SI_UNIT ( $, .STERADIAN. ) SOLID_ANGLE_UNIT ( ) );
#8130 = CARTESIAN_POINT ( 'NONE',  ( -0.02839748425652139500, -1.174322450472941300, 0.07650366823268994800 ) ) ;
#8131 = LINE ( 'NONE', #7329, #3076 ) ;
#8132 = FILL_AREA_STYLE_COLOUR ( '', #3481 ) ;
#8133 = DIRECTION ( 'NONE',  ( -1.000000000000000000, 0.0000000000000000000, 0.0000000000000000000 ) ) ;
#8134 = CARTESIAN_POINT ( 'NONE',  ( 4.372059361754880500E-016, -1.147437826952683300, 0.0000000000000000000 ) ) ;
#8135 = CARTESIAN_POINT ( 'NONE',  ( -0.1278117220596704200, 0.3519517919554891500, -0.4249873577361872900 ) ) ;
#8136 = UNCERTAINTY_MEASURE_WITH_UNIT (LENGTH_MEASURE( 1.000000000000000100E-005 ), #4245, 'distance_accuracy_value', 'NONE');
#8137 = CARTESIAN_POINT ( 'NONE',  ( 0.06651721462602223900, -0.9685039053754097600, -0.3167547351728123900 ) ) ;
#8138 = VERTEX_POINT ( 'NONE', #4209 ) ;
#8139 = PRESENTATION_LAYER_ASSIGNMENT (  '', '', ( #7270 ) ) ;
#8140 = AXIS2_PLACEMENT_3D ( 'NONE', #2785, #7198, #3405 ) ;
#8141 =( LENGTH_UNIT ( ) NAMED_UNIT ( * ) SI_UNIT ( .MILLI., .METRE. ) );
#8142 = VECTOR ( 'NONE', #1721, 1000.000000000000000 ) ;
#8143 = CARTESIAN_POINT ( 'NONE',  ( 0.07625930529582490600, -0.6783374732234402900, 0.2908621438522394600 ) ) ;
#8144 = SURFACE_SIDE_STYLE ('',( #3368 ) ) ;
#8145 = EDGE_CURVE ( 'NONE', #4844, #2678, #921, .T. ) ;
#8146 = UNCERTAINTY_MEASURE_WITH_UNIT (LENGTH_MEASURE( 1.000000000000000100E-005 ), #3599, 'distance_accuracy_value', 'NONE');
#8147 = CARTESIAN_POINT ( 'NONE',  ( -0.8799999999999992300, 0.7149999999999999700, 1.077689183249670000E-016 ) ) ;
#8148 = ORIENTED_EDGE ( 'NONE', *, *, #5521, .F. ) ;
#8149 = CONICAL_SURFACE ( 'NONE', #7394, 0.4999999999999998900, 0.7853981633974477200 ) ;
#8150 = SURFACE_SIDE_STYLE ('',( #4026 ) ) ;
#8151 = PRESENTATION_STYLE_ASSIGNMENT (( #416 ) ) ;
#8152 = CARTESIAN_POINT ( 'NONE',  ( 0.06061595206819404800, -0.9250819879823174400, -0.2708565774943252900 ) ) ;
#8153 = CIRCLE ( 'NONE', #1378, 0.5999999999999994200 ) ;
#8154 = PRESENTATION_LAYER_ASSIGNMENT (  '', '', ( #7282 ) ) ;
#8155 = EDGE_LOOP ( 'NONE', ( #4783, #7319, #730, #507 ) ) ;
#8156 = CARTESIAN_POINT ( 'NONE',  ( -0.04569999541226894100, -1.164248916231309400, -0.2457102005065513700 ) ) ;
#8157 = DIRECTION ( 'NONE',  ( 1.000000000000000000, 2.362879837979762600E-016, 0.0000000000000000000 ) ) ;
#8158 = DIRECTION ( 'NONE',  ( -1.000000000000000000, 0.0000000000000000000, 0.0000000000000000000 ) ) ;
#8159 = CARTESIAN_POINT ( 'NONE',  ( -0.08247292516240373200, 0.3778669466608449700, 0.4036665093942919400 ) ) ;
#8160 = CARTESIAN_POINT ( 'NONE',  ( 0.03057919643951956600, -1.220719472394179900, 0.2903075681394132700 ) ) ;
#8161 = CARTESIAN_POINT ( 'NONE',  ( -0.02925158475767536400, -1.161582517869791200, -0.1536929410636205800 ) ) ;
#8162 = LINE ( 'NONE', #5106, #6458 ) ;
#8163 = CARTESIAN_POINT ( 'NONE',  ( -0.09330660253071824900, -0.2061251586726545700, 0.3451767922991442700 ) ) ;
#8164 = ORIENTED_EDGE ( 'NONE', *, *, #1309, .F. ) ;
#8165 = ORIENTED_EDGE ( 'NONE', *, *, #78, .F. ) ;
#8166 =( NAMED_UNIT ( * ) SI_UNIT ( $, .STERADIAN. ) SOLID_ANGLE_UNIT ( ) );
#8167 = CARTESIAN_POINT ( 'NONE',  ( 0.1175578686517207100, -0.2361828566321520200, -0.3725520193605203500 ) ) ;
#8168 = AXIS2_PLACEMENT_3D ( 'NONE', #4790, #972, #5418 ) ;
#8169 = PRESENTATION_LAYER_ASSIGNMENT (  '', '', ( #340 ) ) ;
#8170 = DIRECTION ( 'NONE',  ( 0.0000000000000000000, 0.07180449027731516900, 0.9974187261005355000 ) ) ;
#8171 = CARTESIAN_POINT ( 'NONE',  ( -0.04910263791519599300, -1.205704460288449900, 0.2977276446913763000 ) ) ;
#8172 = CARTESIAN_POINT ( 'NONE',  ( 0.07625930529581302600, -0.6783374732234436200, -0.2908621438522412900 ) ) ;
#8173 = EDGE_CURVE ( 'NONE', #7606, #1785, #2437, .T. ) ;
#8174 = EDGE_LOOP ( 'NONE', ( #5931, #6016, #5054, #3172, #4934, #925 ) ) ;
#8175 =( NAMED_UNIT ( * ) SI_UNIT ( $, .STERADIAN. ) SOLID_ANGLE_UNIT ( ) );
#8176 = COLOUR_RGB ( '',0.8941176470588234600, 0.9137254901960784000, 0.9294117647058823800 ) ;
#8177 = FILL_AREA_STYLE_COLOUR ( '', #6934 ) ;
#8178 = DIRECTION ( 'NONE',  ( 1.224646799147353200E-016, 1.772742006221665100E-032, 1.000000000000000000 ) ) ;
#8179 = DIRECTION ( 'NONE',  ( 1.000000000000000000, 0.0000000000000000000, -1.224646799147353200E-016 ) ) ;
#8180 = SURFACE_STYLE_USAGE ( .BOTH. , #3747 ) ;
#8181 = AXIS2_PLACEMENT_3D ( 'NONE', #585, #5037, #1226 ) ;
#8182 = FILL_AREA_STYLE_COLOUR ( '', #4294 ) ;
#8183 = EDGE_CURVE ( 'NONE', #3875, #7558, #2283, .T. ) ;
#8184 = CARTESIAN_POINT ( 'NONE',  ( 0.02751749980527879600, -1.187448473213238900, -0.2283363398061075700 ) ) ;
#8185 = AXIS2_PLACEMENT_3D ( 'NONE', #5081, #1272, #5715 ) ;
#8186 = CARTESIAN_POINT ( 'NONE',  ( -0.1528365209495515800, 0.2771113002127192900, 0.4093663275832824000 ) ) ;
#8187 = CARTESIAN_POINT ( 'NONE',  ( -1.270000000000000000, -1.294999999999999700, -0.6700000000000002600 ) ) ;
#8188 = DIRECTION ( 'NONE',  ( 1.000000000000000000, -0.0000000000000000000, 2.168404344971008100E-015 ) ) ;
#8189 = B_SPLINE_CURVE_WITH_KNOTS ( 'NONE', 3,
 ( #3307, #7766, #3955, #136, #4601, #776, #5233, #1428, #5866, #2063, #6496, #2721, #7132, #3336, #7791, #3989, #164, #4629, #809 ),
 .UNSPECIFIED., .F., .F.,
 ( 4, 3, 3, 3, 3, 3, 4 ),
 ( -9.262044623023593200E-007, 0.0000000000000000000, 9.896863988356346200E-006, 2.042547534028217900E-005, 2.796392413456519800E-005, 3.319237422321073200E-005, 3.846986150140898900E-005 ),
 .UNSPECIFIED. ) ;
#8190 = CARTESIAN_POINT ( 'NONE',  ( -0.1250013331633863000, 0.2666397344385881800, -0.3792115224343175500 ) ) ;
#8191 = CARTESIAN_POINT ( 'NONE',  ( 0.1265629783110714400, 0.3529727278012082500, 0.4254524633808501300 ) ) ;
#8192 = CARTESIAN_POINT ( 'NONE',  ( -0.1158231730575406500, 0.3543379074932666600, 0.3765128058188664800 ) ) ;
#8193 = CARTESIAN_POINT ( 'NONE',  ( 0.1518986748799413000, 0.2634659119465356200, 0.4083876577056689300 ) ) ;
#8194 = ORIENTED_EDGE ( 'NONE', *, *, #1687, .F. ) ;
#8195 = FACE_OUTER_BOUND ( 'NONE', #1471, .T. ) ;
#8196 = EDGE_CURVE ( 'NONE', #6807, #6949, #788, .T. ) ;
#8197 = AXIS2_PLACEMENT_3D ( 'NONE', #4095, #2055, #2712 ) ;
#8198 = DIRECTION ( 'NONE',  ( 1.000000000000000000, 0.0000000000000000000, 0.0000000000000000000 ) ) ;
#8199 = UNCERTAINTY_MEASURE_WITH_UNIT (LENGTH_MEASURE( 1.000000000000000100E-005 ), #3992, 'distance_accuracy_value', 'NONE');
#8200 = ORIENTED_EDGE ( 'NONE', *, *, #4254, .T. ) ;
#8201 =( LENGTH_UNIT ( ) NAMED_UNIT ( * ) SI_UNIT ( .MILLI., .METRE. ) );
#8202 = ORIENTED_EDGE ( 'NONE', *, *, #3023, .T. ) ;
#8203 = FACE_OUTER_BOUND ( 'NONE', #2555, .T. ) ;
#8204 = DIRECTION ( 'NONE',  ( 0.0000000000000000000, 0.0000000000000000000, 1.000000000000000000 ) ) ;
#8205 = DIRECTION ( 'NONE',  ( 0.0000000000000000000, 1.000000000000000000, -0.0000000000000000000 ) ) ;
#8206 = ORIENTED_EDGE ( 'NONE', *, *, #6582, .F. ) ;
#8207 = PRESENTATION_LAYER_ASSIGNMENT (  '', '', ( #7339 ) ) ;
#8208 = AXIS2_PLACEMENT_3D ( 'NONE', #6047, #2250, #6688 ) ;
#8209 = ORIENTED_EDGE ( 'NONE', *, *, #568, .F. ) ;
#8210 = STYLED_ITEM ( 'NONE', ( #2166 ), #5259 ) ;
#8211 = DIRECTION ( 'NONE',  ( -1.000000000000000000, -1.447553700753488400E-016, 0.0000000000000000000 ) ) ;
#8212 = DIRECTION ( 'NONE',  ( -1.447553700753488400E-016, 1.000000000000000000, -0.0000000000000000000 ) ) ;
#8213 = CARTESIAN_POINT ( 'NONE',  ( -0.1278117220601736000, 0.3519517919547536200, 0.4249873577359664600 ) ) ;
#8214 = DIRECTION ( 'NONE',  ( 0.0000000000000000000, 1.000000000000000000, -0.0000000000000000000 ) ) ;
#8215 = ORIENTED_EDGE ( 'NONE', *, *, #5260, .F. ) ;
#8216 = CARTESIAN_POINT ( 'NONE',  ( 0.1249999999999998600, 0.2666198487095668400, -0.3792098549233091100 ) ) ;
#8217 = AXIS2_PLACEMENT_3D ( 'NONE', #1664, #6110, #2316 ) ;
#8218 = CARTESIAN_POINT ( 'NONE',  ( 0.1239940899561374500, 0.3507056762521484300, 0.3947436973228087800 ) ) ;
#8219 = DIRECTION ( 'NONE',  ( 1.224646799147353200E-016, 1.772742006221665100E-032, 1.000000000000000000 ) ) ;
#8220 =( NAMED_UNIT ( * ) SI_UNIT ( $, .STERADIAN. ) SOLID_ANGLE_UNIT ( ) );
#8221 = CARTESIAN_POINT ( 'NONE',  ( 0.04871562132026886800, -1.157692601890377300, 0.1101532950305009600 ) ) ;
#8222 = SURFACE_STYLE_FILL_AREA ( #4457 ) ;
#8223 = DIRECTION ( 'NONE',  ( 0.0000000000000000000, 0.08015153732955067300, -0.9967826899900047400 ) ) ;
#8224 = STYLED_ITEM ( 'NONE', ( #6592 ), #7806 ) ;
#8225 = EDGE_LOOP ( 'NONE', ( #7735, #7702, #7456, #5050 ) ) ;
#8226 = EDGE_CURVE ( 'NONE', #1972, #5448, #7269, .T. ) ;
#8227 = ORIENTED_EDGE ( 'NONE', *, *, #2001, .F. ) ;
#8228 = FACE_OUTER_BOUND ( 'NONE', #5922, .T. ) ;
#8229 = DIRECTION ( 'NONE',  ( 0.0000000000000000000, 0.0000000000000000000, 1.000000000000000000 ) ) ;
#8230 = PRESENTATION_LAYER_ASSIGNMENT (  '', '', ( #7810 ) ) ;
#8231 = DIRECTION ( 'NONE',  ( 1.000000000000000000, 0.0000000000000000000, 0.0000000000000000000 ) ) ;
#8232 = ORIENTED_EDGE ( 'NONE', *, *, #5624, .F. ) ;
#8233 = CARTESIAN_POINT ( 'NONE',  ( 0.04925779255430080100, -1.155742883066885900, -0.07809320752418007200 ) ) ;
#8234 = SURFACE_STYLE_FILL_AREA ( #4094 ) ;
#8235 = ORIENTED_EDGE ( 'NONE', *, *, #6208, .F. ) ;
#8236 = EDGE_CURVE ( 'NONE', #3875, #6067, #5790, .T. ) ;
#8237 = UNCERTAINTY_MEASURE_WITH_UNIT (LENGTH_MEASURE( 1.000000000000000100E-005 ), #331, 'distance_accuracy_value', 'NONE');
#8238 = AXIS2_PLACEMENT_3D ( 'NONE', #2543, #6964, #3166 ) ;
#8239 = CARTESIAN_POINT ( 'NONE',  ( 0.02994456013349155300, -1.151245959617462000, -0.2721492054816754300 ) ) ;
#8240 = ORIENTED_EDGE ( 'NONE', *, *, #1575, .F. ) ;
#8241 = FILL_AREA_STYLE ('',( #3816 ) ) ;
#8242 = FACE_OUTER_BOUND ( 'NONE', #11, .T. ) ;
#8243 = FILL_AREA_STYLE_COLOUR ( '', #5925 ) ;
#8244 = CARTESIAN_POINT ( 'NONE',  ( 0.1217041786288463900, 0.3543379074932535000, 0.3956286048806620400 ) ) ;
#8245 = ORIENTED_EDGE ( 'NONE', *, *, #7324, .T. ) ;
#8246 = CARTESIAN_POINT ( 'NONE',  ( 0.5299470081275747800, 1.015000000000000600, 6.489979072211510600E-017 ) ) ;
#8247 = CARTESIAN_POINT ( 'NONE',  ( -0.06020760464785768900, -0.6998363808173609900, -0.3077258192088516700 ) ) ;
#8248 = EDGE_LOOP ( 'NONE', ( #7062, #1532, #992, #3562, #3524, #3287 ) ) ;
#8249 = AXIS2_PLACEMENT_3D ( 'NONE', #7116, #6455, #3320 ) ;
#8250 = DIRECTION ( 'NONE',  ( -1.000000000000000000, -1.480297366166852900E-016, 0.0000000000000000000 ) ) ;
#8251 = PRESENTATION_STYLE_ASSIGNMENT (( #6048 ) ) ;
#8252 = CIRCLE ( 'NONE', #4956, 0.8499999999999993100 ) ;
#8253 = STYLED_ITEM ( 'NONE', ( #4368 ), #4759 ) ;
#8254 = DIRECTION ( 'NONE',  ( -1.447553700753488400E-016, 1.000000000000000000, -0.0000000000000000000 ) ) ;
#8255 = FILL_AREA_STYLE_COLOUR ( '', #7245 ) ;
#8256 = FACE_OUTER_BOUND ( 'NONE', #2039, .T. ) ;
#8257 = VERTEX_POINT ( 'NONE', #1089 ) ;
#8258 = FACE_OUTER_BOUND ( 'NONE', #2669, .T. ) ;
#8259 = VECTOR ( 'NONE', #4957, 1000.000000000000100 ) ;
#8260 = FILL_AREA_STYLE ('',( #2535 ) ) ;
#8261 = CARTESIAN_POINT ( 'NONE',  ( -0.6638742588672274000, 0.004999999999999917700, 0.0000000000000000000 ) ) ;
#8262 = STYLED_ITEM ( 'NONE', ( #4970 ), #6411 ) ;
#8263 = CARTESIAN_POINT ( 'NONE',  ( 0.02774508302495248800, -1.184053796736254100, 0.1902634615680551300 ) ) ;
#8264 = VERTEX_POINT ( 'NONE', #7500 ) ;
#8265 = CARTESIAN_POINT ( 'NONE',  ( 0.1057371226398561600, 0.3678404838861565900, 0.4312557341737586800 ) ) ;
#8266 = ORIENTED_EDGE ( 'NONE', *, *, #2349, .T. ) ;
#8267 = DIRECTION ( 'NONE',  ( 0.4472135954999562100, 0.0000000000000000000, -0.8944271909999167400 ) ) ;
#8268 = NEXT_ASSEMBLY_USAGE_OCCURRENCE ( 'NAUO1', ' ', ' ', #2506, #1626, $ ) ;
#8269 = NEXT_ASSEMBLY_USAGE_OCCURRENCE ( 'NAUO2', ' ', ' ', #2506, #1626, $ ) ;
#8270 = NEXT_ASSEMBLY_USAGE_OCCURRENCE ( 'NAUO3', ' ', ' ', #2506, #1626, $ ) ;
#8271 = NEXT_ASSEMBLY_USAGE_OCCURRENCE ( 'NAUO4', ' ', ' ', #2506, #1626, $ ) ;
ENDSEC;
END-ISO-10303-21;
