ISO-10303-21;
HEADER;
FILE_DESCRIPTION(('STEP AP203'),'1');
FILE_NAME('pcb_connector_350-80-114-00-001101.stp','2026-03-13T16:00:00',('TraceParts'),('TraceParts S.A.S.'),'Spatial InterOp 3D',' ',' ');
FILE_SCHEMA(('CONFIG_CONTROL_DESIGN'));
ENDSEC;
DATA;
#1=DESIGN_CONTEXT('',#27,'design');
#2=APPLICATION_PROTOCOL_DEFINITION('INTERNATIONAL STANDARD','config_control_design',1994,#27);
#3=PRODUCT_CATEGORY_RELATIONSHIP('NONE','NONE',#28,#29);
#4=DATE_AND_TIME(#30,#31);
#5=DATE_TIME_ROLE('creation_date');
#6=DATE_TIME_ROLE('classification_date');
#7=PERSON_AND_ORGANIZATION_ROLE('creator');
#8=PERSON_AND_ORGANIZATION_ROLE('design_supplier');
#9=PERSON_AND_ORGANIZATION_ROLE('classification_officer');
#10=PERSON_AND_ORGANIZATION_ROLE('design_owner');
#11=APPROVAL_PERSON_ORGANIZATION(#32,#33,#34);
#12=APPROVAL_DATE_TIME(#4,#33);
#13=CC_DESIGN_APPROVAL(#33,(#35,#36,#37));
#14=CC_DESIGN_DATE_AND_TIME_ASSIGNMENT(#4,#5,(#37));
#15=CC_DESIGN_DATE_AND_TIME_ASSIGNMENT(#4,#6,(#35));
#16=CC_DESIGN_PERSON_AND_ORGANIZATION_ASSIGNMENT(#32,#10,(#38));
#17=CC_DESIGN_PERSON_AND_ORGANIZATION_ASSIGNMENT(#32,#7,(#37));
#18=CC_DESIGN_PERSON_AND_ORGANIZATION_ASSIGNMENT(#32,#7,(#36));
#19=CC_DESIGN_PERSON_AND_ORGANIZATION_ASSIGNMENT(#32,#8,(#36));
#20=CC_DESIGN_SECURITY_CLASSIFICATION(#35,(#36));
#21=CC_DESIGN_PERSON_AND_ORGANIZATION_ASSIGNMENT(#32,#9,(#35));
#22=SHAPE_DEFINITION_REPRESENTATION(#39,#40);
#23= (GEOMETRIC_REPRESENTATION_CONTEXT(3)GLOBAL_UNCERTAINTY_ASSIGNED_CONTEXT((#43))GLOBAL_UNIT_ASSIGNED_CONTEXT((#45,#46,#47))REPRESENTATION_CONTEXT('NONE','WORKSPACE'));
#27=APPLICATION_CONTEXT('CONFIGURATION CONTROLLED 3D DESIGNS OF MECHANICAL PARTS AND ASSEMBLIES');
#28=PRODUCT_CATEGORY('part','NONE');
#29=PRODUCT_RELATED_PRODUCT_CATEGORY('detail',' ',(#38));
#30=CALENDAR_DATE(2026,13,2);
#31=LOCAL_TIME(17,0,0.0,#49);
#32=PERSON_AND_ORGANIZATION(#50,#51);
#33=APPROVAL(#52,'SOLID MODEL');
#34=APPROVAL_ROLE('APPROVED');
#35=SECURITY_CLASSIFICATION('','',#53);
#36=PRODUCT_DEFINITION_FORMATION_WITH_SPECIFIED_SOURCE(' ','NONE',#38,.NOT_KNOWN.);
#37=PRODUCT_DEFINITION('','NONE',#36,#1);
#38=PRODUCT('1','','PART--DESC',(#54));
#39=PRODUCT_DEFINITION_SHAPE('NONE','NONE',#37);
#40=ADVANCED_BREP_SHAPE_REPRESENTATION('1',(#55,#56),#23);
#43=UNCERTAINTY_MEASURE_WITH_UNIT(LENGTH_MEASURE(1.0E-06),#45,'','');
#45= (CONVERSION_BASED_UNIT('MILLIMETRE',#59)LENGTH_UNIT()NAMED_UNIT(#62));
#46= (NAMED_UNIT(#64)PLANE_ANGLE_UNIT()SI_UNIT($,.RADIAN.));
#47= (NAMED_UNIT(#64)SOLID_ANGLE_UNIT()SI_UNIT($,.STERADIAN.));
#49=COORDINATED_UNIVERSAL_TIME_OFFSET(1,0,.AHEAD.);
#50=PERSON('','UNSPECIFIED',$,$,$,$);
#51=ORGANIZATION('UNSPECIFIED','UNSPECIFIED','UNSPECIFIED');
#52=APPROVAL_STATUS('approved');
#53=SECURITY_CLASSIFICATION_LEVEL('unclassified');
#54=MECHANICAL_CONTEXT('',#27,'mechanical');
#55=MANIFOLD_SOLID_BREP('1',#70);
#56=AXIS2_PLACEMENT_3D('',#71,#72,#73);
#59=LENGTH_MEASURE_WITH_UNIT(LENGTH_MEASURE(1.0),#74);
#62=DIMENSIONAL_EXPONENTS(1.0,0.0,0.0,0.0,0.0,0.0,0.0);
#64=DIMENSIONAL_EXPONENTS(0.0,0.0,0.0,0.0,0.0,0.0,0.0);
#70=CLOSED_SHELL('',(#75,#76,#77,#78,#79,#80,#81,#82,#83,#84,#85,#86,#87,#88,#89,#90,#91,#92,#93,#94,#95,#96,#97,#98,#99,#100,#101,#102,#103,#104,#105,#106,#107,#108,#109,#110,#111,#112,#113,#114,#115,#116,#117,#118,#119,#120,#121,#122,#123,#124,#125,#126,#127,#128,#129,#130,#131,#132,#133,#134,#135,#136,#137,#138,#139,#140,#141,#142,#143,#144,#145,#146,#147,#148,#149,#150,#151,#152,#153,#154,#155,#156,#157,#158,#159,#160,#161,#162,#163,#164,#165,#166,#167,#168,#169,#170,#171,#172,#173,#174,#175,#176,#177,#178,#179,#180,#181,#182,#183,#184,#185,#186,#187,#188,#189,#190,#191,#192,#193,#194,#195,#196,#197,#198,#199,#200,#201,#202,#203,#204,#205,#206,#207,#208,#209,#210,#211,#212,#213,#214,#215,#216,#217,#218,#219,#220,#221,#222,#223,#224,#225,#226,#227,#228,#229,#230,#231,#232,#233,#234,#235,#236,#237,#238,#239,#240,#241,#242,#243,#244,#245,#246,#247,#248,#249,#250,#251,#252,#253,#254,#255,#256,#257,#258,#259,#260,#261,#262,#263,#264,#265,#266,#267,#268,#269,#270,#271,#272,#273,#274,#275,#276,#277,#278,#279,#280,#281,#282,#283,#284,#285,#286,#287,#288,#289,#290,#291,#292,#293,#294,#295,#296,#297,#298,#299,#300,#301,#302,#303,#304,#305,#306,#307,#308,#309,#310,#311,#312,#313,#314,#315,#316,#317,#318,#319,#320,#321,#322,#323,#324,#325,#326,#327,#328,#329,#330,#331,#332,#333,#334,#335,#336,#337,#338,#339,#340,#341,#342,#343,#344,#345,#346,#347,#348,#349,#350,#351,#352,#353,#354,#355,#356,#357,#358,#359,#360,#361,#362,#363,#364,#365,#366,#367,#368,#369,#370,#371,#372,#373,#374,#375,#376,#377,#378,#379,#380,#381,#382,#383,#384,#385,#386,#387,#388,#389,#390,#391,#392,#393,#394,#395,#396,#397,#398,#399,#400,#401,#402,#403,#404,#405,#406,#407,#408,#409,#410,#411,#412,#413,#414,#415,#416,#417,#418,#419,#420,#421,#422,#423,#424,#425,#426,#427,#428,#429,#430,#431,#432,#433,#434,#435,#436,#437,#438,#439,#440,#441,#442,#443,#444,#445,#446,#447,#448,#449,#450,#451,#452,#453,#454,#455,#456,#457,#458,#459,#460,#461,#462,#463,#464,#465,#466,#467,#468,#469,#470,#471,#472,#473,#474,#475,#476,#477,#478,#479,#480,#481,#482,#483,#484,#485,#486,#487,#488,#489,#490,#491,#492,#493,#494,#495,#496));
#71=CARTESIAN_POINT('',(0.0,0.0,0.0));
#72=DIRECTION('',(0.0,0.0,1.0));
#73=DIRECTION('',(1.0,0.0,0.0));
#74= (NAMED_UNIT(#62)LENGTH_UNIT()SI_UNIT(.MILLI.,.METRE.));
#75=ADVANCED_FACE('',(#498),#499,.T.);
#76=ADVANCED_FACE('',(#500),#501,.T.);
#77=ADVANCED_FACE('',(#502),#503,.T.);
#78=ADVANCED_FACE('',(#504),#505,.F.);
#79=ADVANCED_FACE('',(#506),#507,.T.);
#80=ADVANCED_FACE('',(#508),#509,.T.);
#81=ADVANCED_FACE('',(#510),#511,.F.);
#82=ADVANCED_FACE('',(#512),#513,.T.);
#83=ADVANCED_FACE('',(#514),#515,.T.);
#84=ADVANCED_FACE('',(#516),#517,.T.);
#85=ADVANCED_FACE('',(#518),#519,.T.);
#86=ADVANCED_FACE('',(#520),#521,.T.);
#87=ADVANCED_FACE('',(#522),#523,.F.);
#88=ADVANCED_FACE('',(#524),#525,.T.);
#89=ADVANCED_FACE('',(#526),#527,.T.);
#90=ADVANCED_FACE('',(#528),#529,.F.);
#91=ADVANCED_FACE('',(#530),#531,.T.);
#92=ADVANCED_FACE('',(#532),#533,.T.);
#93=ADVANCED_FACE('',(#534),#535,.T.);
#94=ADVANCED_FACE('',(#536),#537,.T.);
#95=ADVANCED_FACE('',(#538),#539,.T.);
#96=ADVANCED_FACE('',(#540),#541,.F.);
#97=ADVANCED_FACE('',(#542),#543,.T.);
#98=ADVANCED_FACE('',(#544),#545,.T.);
#99=ADVANCED_FACE('',(#546),#547,.F.);
#100=ADVANCED_FACE('',(#548),#549,.T.);
#101=ADVANCED_FACE('',(#550),#551,.T.);
#102=ADVANCED_FACE('',(#552),#553,.T.);
#103=ADVANCED_FACE('',(#554),#555,.T.);
#104=ADVANCED_FACE('',(#556),#557,.T.);
#105=ADVANCED_FACE('',(#558),#559,.F.);
#106=ADVANCED_FACE('',(#560),#561,.T.);
#107=ADVANCED_FACE('',(#562),#563,.T.);
#108=ADVANCED_FACE('',(#564),#565,.F.);
#109=ADVANCED_FACE('',(#566),#567,.T.);
#110=ADVANCED_FACE('',(#568),#569,.T.);
#111=ADVANCED_FACE('',(#570),#571,.T.);
#112=ADVANCED_FACE('',(#572),#573,.T.);
#113=ADVANCED_FACE('',(#574),#575,.T.);
#114=ADVANCED_FACE('',(#576),#577,.F.);
#115=ADVANCED_FACE('',(#578),#579,.T.);
#116=ADVANCED_FACE('',(#580),#581,.T.);
#117=ADVANCED_FACE('',(#582),#583,.F.);
#118=ADVANCED_FACE('',(#584),#585,.T.);
#119=ADVANCED_FACE('',(#586),#587,.T.);
#120=ADVANCED_FACE('',(#588),#589,.T.);
#121=ADVANCED_FACE('',(#590),#591,.T.);
#122=ADVANCED_FACE('',(#592),#593,.T.);
#123=ADVANCED_FACE('',(#594),#595,.F.);
#124=ADVANCED_FACE('',(#596),#597,.T.);
#125=ADVANCED_FACE('',(#598),#599,.T.);
#126=ADVANCED_FACE('',(#600),#601,.F.);
#127=ADVANCED_FACE('',(#602),#603,.T.);
#128=ADVANCED_FACE('',(#604),#605,.T.);
#129=ADVANCED_FACE('',(#606),#607,.T.);
#130=ADVANCED_FACE('',(#608),#609,.T.);
#131=ADVANCED_FACE('',(#610),#611,.T.);
#132=ADVANCED_FACE('',(#612),#613,.F.);
#133=ADVANCED_FACE('',(#614),#615,.T.);
#134=ADVANCED_FACE('',(#616),#617,.T.);
#135=ADVANCED_FACE('',(#618),#619,.F.);
#136=ADVANCED_FACE('',(#620),#621,.T.);
#137=ADVANCED_FACE('',(#622),#623,.T.);
#138=ADVANCED_FACE('',(#624),#625,.T.);
#139=ADVANCED_FACE('',(#626),#627,.T.);
#140=ADVANCED_FACE('',(#628),#629,.T.);
#141=ADVANCED_FACE('',(#630),#631,.F.);
#142=ADVANCED_FACE('',(#632),#633,.T.);
#143=ADVANCED_FACE('',(#634),#635,.T.);
#144=ADVANCED_FACE('',(#636),#637,.F.);
#145=ADVANCED_FACE('',(#638),#639,.T.);
#146=ADVANCED_FACE('',(#640),#641,.T.);
#147=ADVANCED_FACE('',(#642),#643,.T.);
#148=ADVANCED_FACE('',(#644),#645,.T.);
#149=ADVANCED_FACE('',(#646),#647,.T.);
#150=ADVANCED_FACE('',(#648),#649,.F.);
#151=ADVANCED_FACE('',(#650),#651,.T.);
#152=ADVANCED_FACE('',(#652),#653,.T.);
#153=ADVANCED_FACE('',(#654),#655,.F.);
#154=ADVANCED_FACE('',(#656),#657,.T.);
#155=ADVANCED_FACE('',(#658),#659,.T.);
#156=ADVANCED_FACE('',(#660),#661,.T.);
#157=ADVANCED_FACE('',(#662),#663,.T.);
#158=ADVANCED_FACE('',(#664),#665,.T.);
#159=ADVANCED_FACE('',(#666),#667,.F.);
#160=ADVANCED_FACE('',(#668),#669,.T.);
#161=ADVANCED_FACE('',(#670),#671,.T.);
#162=ADVANCED_FACE('',(#672),#673,.F.);
#163=ADVANCED_FACE('',(#674),#675,.T.);
#164=ADVANCED_FACE('',(#676),#677,.T.);
#165=ADVANCED_FACE('',(#678),#679,.T.);
#166=ADVANCED_FACE('',(#680),#681,.T.);
#167=ADVANCED_FACE('',(#682),#683,.T.);
#168=ADVANCED_FACE('',(#684),#685,.F.);
#169=ADVANCED_FACE('',(#686),#687,.T.);
#170=ADVANCED_FACE('',(#688),#689,.T.);
#171=ADVANCED_FACE('',(#690),#691,.F.);
#172=ADVANCED_FACE('',(#692),#693,.T.);
#173=ADVANCED_FACE('',(#694),#695,.T.);
#174=ADVANCED_FACE('',(#696),#697,.T.);
#175=ADVANCED_FACE('',(#698),#699,.T.);
#176=ADVANCED_FACE('',(#700),#701,.T.);
#177=ADVANCED_FACE('',(#702),#703,.F.);
#178=ADVANCED_FACE('',(#704),#705,.T.);
#179=ADVANCED_FACE('',(#706),#707,.T.);
#180=ADVANCED_FACE('',(#708),#709,.F.);
#181=ADVANCED_FACE('',(#710),#711,.T.);
#182=ADVANCED_FACE('',(#712),#713,.T.);
#183=ADVANCED_FACE('',(#714),#715,.T.);
#184=ADVANCED_FACE('',(#716),#717,.T.);
#185=ADVANCED_FACE('',(#718),#719,.T.);
#186=ADVANCED_FACE('',(#720),#721,.F.);
#187=ADVANCED_FACE('',(#722),#723,.T.);
#188=ADVANCED_FACE('',(#724),#725,.T.);
#189=ADVANCED_FACE('',(#726),#727,.F.);
#190=ADVANCED_FACE('',(#728),#729,.T.);
#191=ADVANCED_FACE('',(#730),#731,.T.);
#192=ADVANCED_FACE('',(#732),#733,.T.);
#193=ADVANCED_FACE('',(#734),#735,.T.);
#194=ADVANCED_FACE('',(#736),#737,.T.);
#195=ADVANCED_FACE('',(#738),#739,.F.);
#196=ADVANCED_FACE('',(#740),#741,.T.);
#197=ADVANCED_FACE('',(#742),#743,.T.);
#198=ADVANCED_FACE('',(#744),#745,.F.);
#199=ADVANCED_FACE('',(#746),#747,.T.);
#200=ADVANCED_FACE('',(#748),#749,.T.);
#201=ADVANCED_FACE('',(#750),#751,.T.);
#202=ADVANCED_FACE('',(#752),#753,.T.);
#203=ADVANCED_FACE('',(#754),#755,.F.);
#204=ADVANCED_FACE('',(#756,#757),#758,.T.);
#205=ADVANCED_FACE('',(#759),#760,.T.);
#206=ADVANCED_FACE('',(#761),#762,.T.);
#207=ADVANCED_FACE('',(#763,#764),#765,.T.);
#208=ADVANCED_FACE('',(#766),#767,.F.);
#209=ADVANCED_FACE('',(#768),#769,.T.);
#210=ADVANCED_FACE('',(#770),#771,.T.);
#211=ADVANCED_FACE('',(#772),#773,.T.);
#212=ADVANCED_FACE('',(#774),#775,.T.);
#213=ADVANCED_FACE('',(#776),#777,.T.);
#214=ADVANCED_FACE('',(#778),#779,.T.);
#215=ADVANCED_FACE('',(#780),#781,.T.);
#216=ADVANCED_FACE('',(#782),#783,.F.);
#217=ADVANCED_FACE('',(#784,#785),#786,.T.);
#218=ADVANCED_FACE('',(#787),#788,.T.);
#219=ADVANCED_FACE('',(#789),#790,.T.);
#220=ADVANCED_FACE('',(#791,#792),#793,.T.);
#221=ADVANCED_FACE('',(#794),#795,.F.);
#222=ADVANCED_FACE('',(#796),#797,.T.);
#223=ADVANCED_FACE('',(#798),#799,.T.);
#224=ADVANCED_FACE('',(#800),#801,.T.);
#225=ADVANCED_FACE('',(#802),#803,.T.);
#226=ADVANCED_FACE('',(#804),#805,.T.);
#227=ADVANCED_FACE('',(#806),#807,.T.);
#228=ADVANCED_FACE('',(#808),#809,.T.);
#229=ADVANCED_FACE('',(#810),#811,.F.);
#230=ADVANCED_FACE('',(#812,#813),#814,.T.);
#231=ADVANCED_FACE('',(#815),#816,.T.);
#232=ADVANCED_FACE('',(#817),#818,.T.);
#233=ADVANCED_FACE('',(#819,#820),#821,.T.);
#234=ADVANCED_FACE('',(#822),#823,.F.);
#235=ADVANCED_FACE('',(#824),#825,.T.);
#236=ADVANCED_FACE('',(#826),#827,.T.);
#237=ADVANCED_FACE('',(#828),#829,.T.);
#238=ADVANCED_FACE('',(#830),#831,.T.);
#239=ADVANCED_FACE('',(#832),#833,.T.);
#240=ADVANCED_FACE('',(#834),#835,.T.);
#241=ADVANCED_FACE('',(#836),#837,.T.);
#242=ADVANCED_FACE('',(#838),#839,.F.);
#243=ADVANCED_FACE('',(#840,#841),#842,.T.);
#244=ADVANCED_FACE('',(#843),#844,.T.);
#245=ADVANCED_FACE('',(#845),#846,.T.);
#246=ADVANCED_FACE('',(#847,#848),#849,.T.);
#247=ADVANCED_FACE('',(#850),#851,.F.);
#248=ADVANCED_FACE('',(#852),#853,.T.);
#249=ADVANCED_FACE('',(#854),#855,.T.);
#250=ADVANCED_FACE('',(#856),#857,.T.);
#251=ADVANCED_FACE('',(#858),#859,.T.);
#252=ADVANCED_FACE('',(#860),#861,.T.);
#253=ADVANCED_FACE('',(#862),#863,.T.);
#254=ADVANCED_FACE('',(#864),#865,.T.);
#255=ADVANCED_FACE('',(#866),#867,.F.);
#256=ADVANCED_FACE('',(#868,#869),#870,.T.);
#257=ADVANCED_FACE('',(#871),#872,.T.);
#258=ADVANCED_FACE('',(#873),#874,.T.);
#259=ADVANCED_FACE('',(#875,#876),#877,.T.);
#260=ADVANCED_FACE('',(#878),#879,.F.);
#261=ADVANCED_FACE('',(#880),#881,.T.);
#262=ADVANCED_FACE('',(#882),#883,.T.);
#263=ADVANCED_FACE('',(#884),#885,.T.);
#264=ADVANCED_FACE('',(#886),#887,.T.);
#265=ADVANCED_FACE('',(#888),#889,.T.);
#266=ADVANCED_FACE('',(#890),#891,.T.);
#267=ADVANCED_FACE('',(#892),#893,.T.);
#268=ADVANCED_FACE('',(#894),#895,.F.);
#269=ADVANCED_FACE('',(#896,#897),#898,.T.);
#270=ADVANCED_FACE('',(#899),#900,.T.);
#271=ADVANCED_FACE('',(#901),#902,.T.);
#272=ADVANCED_FACE('',(#903,#904),#905,.T.);
#273=ADVANCED_FACE('',(#906),#907,.F.);
#274=ADVANCED_FACE('',(#908),#909,.T.);
#275=ADVANCED_FACE('',(#910),#911,.T.);
#276=ADVANCED_FACE('',(#912),#913,.T.);
#277=ADVANCED_FACE('',(#914),#915,.T.);
#278=ADVANCED_FACE('',(#916),#917,.T.);
#279=ADVANCED_FACE('',(#918),#919,.T.);
#280=ADVANCED_FACE('',(#920),#921,.T.);
#281=ADVANCED_FACE('',(#922),#923,.F.);
#282=ADVANCED_FACE('',(#924,#925),#926,.T.);
#283=ADVANCED_FACE('',(#927),#928,.T.);
#284=ADVANCED_FACE('',(#929),#930,.T.);
#285=ADVANCED_FACE('',(#931,#932),#933,.T.);
#286=ADVANCED_FACE('',(#934),#935,.F.);
#287=ADVANCED_FACE('',(#936),#937,.T.);
#288=ADVANCED_FACE('',(#938),#939,.T.);
#289=ADVANCED_FACE('',(#940),#941,.T.);
#290=ADVANCED_FACE('',(#942),#943,.T.);
#291=ADVANCED_FACE('',(#944),#945,.T.);
#292=ADVANCED_FACE('',(#946),#947,.T.);
#293=ADVANCED_FACE('',(#948),#949,.T.);
#294=ADVANCED_FACE('',(#950),#951,.F.);
#295=ADVANCED_FACE('',(#952,#953),#954,.T.);
#296=ADVANCED_FACE('',(#955),#956,.T.);
#297=ADVANCED_FACE('',(#957),#958,.T.);
#298=ADVANCED_FACE('',(#959,#960),#961,.T.);
#299=ADVANCED_FACE('',(#962),#963,.F.);
#300=ADVANCED_FACE('',(#964),#965,.T.);
#301=ADVANCED_FACE('',(#966),#967,.T.);
#302=ADVANCED_FACE('',(#968),#969,.T.);
#303=ADVANCED_FACE('',(#970),#971,.T.);
#304=ADVANCED_FACE('',(#972),#973,.T.);
#305=ADVANCED_FACE('',(#974),#975,.T.);
#306=ADVANCED_FACE('',(#976),#977,.T.);
#307=ADVANCED_FACE('',(#978),#979,.F.);
#308=ADVANCED_FACE('',(#980,#981),#982,.T.);
#309=ADVANCED_FACE('',(#983),#984,.T.);
#310=ADVANCED_FACE('',(#985),#986,.T.);
#311=ADVANCED_FACE('',(#987,#988),#989,.T.);
#312=ADVANCED_FACE('',(#990),#991,.F.);
#313=ADVANCED_FACE('',(#992),#993,.T.);
#314=ADVANCED_FACE('',(#994),#995,.T.);
#315=ADVANCED_FACE('',(#996),#997,.T.);
#316=ADVANCED_FACE('',(#998),#999,.T.);
#317=ADVANCED_FACE('',(#1000),#1001,.T.);
#318=ADVANCED_FACE('',(#1002),#1003,.T.);
#319=ADVANCED_FACE('',(#1004),#1005,.T.);
#320=ADVANCED_FACE('',(#1006),#1007,.F.);
#321=ADVANCED_FACE('',(#1008,#1009),#1010,.T.);
#322=ADVANCED_FACE('',(#1011),#1012,.T.);
#323=ADVANCED_FACE('',(#1013),#1014,.T.);
#324=ADVANCED_FACE('',(#1015,#1016),#1017,.T.);
#325=ADVANCED_FACE('',(#1018),#1019,.F.);
#326=ADVANCED_FACE('',(#1020),#1021,.T.);
#327=ADVANCED_FACE('',(#1022),#1023,.T.);
#328=ADVANCED_FACE('',(#1024),#1025,.T.);
#329=ADVANCED_FACE('',(#1026),#1027,.T.);
#330=ADVANCED_FACE('',(#1028),#1029,.T.);
#331=ADVANCED_FACE('',(#1030),#1031,.T.);
#332=ADVANCED_FACE('',(#1032),#1033,.T.);
#333=ADVANCED_FACE('',(#1034),#1035,.F.);
#334=ADVANCED_FACE('',(#1036,#1037),#1038,.T.);
#335=ADVANCED_FACE('',(#1039),#1040,.T.);
#336=ADVANCED_FACE('',(#1041),#1042,.T.);
#337=ADVANCED_FACE('',(#1043,#1044),#1045,.T.);
#338=ADVANCED_FACE('',(#1046),#1047,.F.);
#339=ADVANCED_FACE('',(#1048),#1049,.T.);
#340=ADVANCED_FACE('',(#1050),#1051,.T.);
#341=ADVANCED_FACE('',(#1052),#1053,.T.);
#342=ADVANCED_FACE('',(#1054),#1055,.T.);
#343=ADVANCED_FACE('',(#1056),#1057,.T.);
#344=ADVANCED_FACE('',(#1058),#1059,.T.);
#345=ADVANCED_FACE('',(#1060),#1061,.T.);
#346=ADVANCED_FACE('',(#1062),#1063,.F.);
#347=ADVANCED_FACE('',(#1064,#1065),#1066,.T.);
#348=ADVANCED_FACE('',(#1067),#1068,.T.);
#349=ADVANCED_FACE('',(#1069),#1070,.T.);
#350=ADVANCED_FACE('',(#1071,#1072),#1073,.T.);
#351=ADVANCED_FACE('',(#1074),#1075,.F.);
#352=ADVANCED_FACE('',(#1076),#1077,.T.);
#353=ADVANCED_FACE('',(#1078),#1079,.T.);
#354=ADVANCED_FACE('',(#1080),#1081,.T.);
#355=ADVANCED_FACE('',(#1082),#1083,.T.);
#356=ADVANCED_FACE('',(#1084),#1085,.T.);
#357=ADVANCED_FACE('',(#1086),#1087,.T.);
#358=ADVANCED_FACE('',(#1088),#1089,.T.);
#359=ADVANCED_FACE('',(#1090),#1091,.F.);
#360=ADVANCED_FACE('',(#1092,#1093),#1094,.T.);
#361=ADVANCED_FACE('',(#1095),#1096,.T.);
#362=ADVANCED_FACE('',(#1097),#1098,.T.);
#363=ADVANCED_FACE('',(#1099,#1100),#1101,.T.);
#364=ADVANCED_FACE('',(#1102),#1103,.F.);
#365=ADVANCED_FACE('',(#1104),#1105,.T.);
#366=ADVANCED_FACE('',(#1106),#1107,.T.);
#367=ADVANCED_FACE('',(#1108),#1109,.T.);
#368=ADVANCED_FACE('',(#1110),#1111,.T.);
#369=ADVANCED_FACE('',(#1112),#1113,.T.);
#370=ADVANCED_FACE('',(#1114),#1115,.T.);
#371=ADVANCED_FACE('',(#1116),#1117,.T.);
#372=ADVANCED_FACE('',(#1118),#1119,.F.);
#373=ADVANCED_FACE('',(#1120,#1121),#1122,.T.);
#374=ADVANCED_FACE('',(#1123),#1124,.T.);
#375=ADVANCED_FACE('',(#1125),#1126,.T.);
#376=ADVANCED_FACE('',(#1127,#1128),#1129,.T.);
#377=ADVANCED_FACE('',(#1130),#1131,.F.);
#378=ADVANCED_FACE('',(#1132),#1133,.T.);
#379=ADVANCED_FACE('',(#1134),#1135,.T.);
#380=ADVANCED_FACE('',(#1136),#1137,.T.);
#381=ADVANCED_FACE('',(#1138),#1139,.T.);
#382=ADVANCED_FACE('',(#1140),#1141,.T.);
#383=ADVANCED_FACE('',(#1142),#1143,.T.);
#384=ADVANCED_FACE('',(#1144),#1145,.T.);
#385=ADVANCED_FACE('',(#1146),#1147,.T.);
#386=ADVANCED_FACE('',(#1148),#1149,.T.);
#387=ADVANCED_FACE('',(#1150),#1151,.T.);
#388=ADVANCED_FACE('',(#1152),#1153,.T.);
#389=ADVANCED_FACE('',(#1154),#1155,.T.);
#390=ADVANCED_FACE('',(#1156),#1157,.T.);
#391=ADVANCED_FACE('',(#1158),#1159,.T.);
#392=ADVANCED_FACE('',(#1160,#1161,#1162,#1163,#1164,#1165,#1166,#1167,#1168,#1169,#1170,#1171,#1172,#1173,#1174),#1175,.T.);
#393=ADVANCED_FACE('',(#1176),#1177,.T.);
#394=ADVANCED_FACE('',(#1178),#1179,.T.);
#395=ADVANCED_FACE('',(#1180),#1181,.T.);
#396=ADVANCED_FACE('',(#1182),#1183,.T.);
#397=ADVANCED_FACE('',(#1184),#1185,.T.);
#398=ADVANCED_FACE('',(#1186),#1187,.T.);
#399=ADVANCED_FACE('',(#1188),#1189,.T.);
#400=ADVANCED_FACE('',(#1190),#1191,.T.);
#401=ADVANCED_FACE('',(#1192),#1193,.T.);
#402=ADVANCED_FACE('',(#1194),#1195,.T.);
#403=ADVANCED_FACE('',(#1196),#1197,.T.);
#404=ADVANCED_FACE('',(#1198),#1199,.T.);
#405=ADVANCED_FACE('',(#1200),#1201,.T.);
#406=ADVANCED_FACE('',(#1202),#1203,.T.);
#407=ADVANCED_FACE('',(#1204),#1205,.T.);
#408=ADVANCED_FACE('',(#1206),#1207,.T.);
#409=ADVANCED_FACE('',(#1208),#1209,.T.);
#410=ADVANCED_FACE('',(#1210),#1211,.T.);
#411=ADVANCED_FACE('',(#1212),#1213,.T.);
#412=ADVANCED_FACE('',(#1214),#1215,.T.);
#413=ADVANCED_FACE('',(#1216),#1217,.T.);
#414=ADVANCED_FACE('',(#1218),#1219,.T.);
#415=ADVANCED_FACE('',(#1220),#1221,.T.);
#416=ADVANCED_FACE('',(#1222),#1223,.T.);
#417=ADVANCED_FACE('',(#1224),#1225,.T.);
#418=ADVANCED_FACE('',(#1226),#1227,.T.);
#419=ADVANCED_FACE('',(#1228),#1229,.T.);
#420=ADVANCED_FACE('',(#1230),#1231,.T.);
#421=ADVANCED_FACE('',(#1232),#1233,.T.);
#422=ADVANCED_FACE('',(#1234),#1235,.T.);
#423=ADVANCED_FACE('',(#1236),#1237,.T.);
#424=ADVANCED_FACE('',(#1238),#1239,.T.);
#425=ADVANCED_FACE('',(#1240),#1241,.T.);
#426=ADVANCED_FACE('',(#1242),#1243,.T.);
#427=ADVANCED_FACE('',(#1244),#1245,.T.);
#428=ADVANCED_FACE('',(#1246),#1247,.T.);
#429=ADVANCED_FACE('',(#1248),#1249,.T.);
#430=ADVANCED_FACE('',(#1250),#1251,.T.);
#431=ADVANCED_FACE('',(#1252),#1253,.T.);
#432=ADVANCED_FACE('',(#1254),#1255,.T.);
#433=ADVANCED_FACE('',(#1256),#1257,.T.);
#434=ADVANCED_FACE('',(#1258),#1259,.T.);
#435=ADVANCED_FACE('',(#1260),#1261,.T.);
#436=ADVANCED_FACE('',(#1262),#1263,.T.);
#437=ADVANCED_FACE('',(#1264),#1265,.T.);
#438=ADVANCED_FACE('',(#1266),#1267,.T.);
#439=ADVANCED_FACE('',(#1268),#1269,.T.);
#440=ADVANCED_FACE('',(#1270),#1271,.T.);
#441=ADVANCED_FACE('',(#1272),#1273,.T.);
#442=ADVANCED_FACE('',(#1274),#1275,.T.);
#443=ADVANCED_FACE('',(#1276),#1277,.T.);
#444=ADVANCED_FACE('',(#1278),#1279,.T.);
#445=ADVANCED_FACE('',(#1280),#1281,.T.);
#446=ADVANCED_FACE('',(#1282),#1283,.T.);
#447=ADVANCED_FACE('',(#1284),#1285,.T.);
#448=ADVANCED_FACE('',(#1286),#1287,.T.);
#449=ADVANCED_FACE('',(#1288),#1289,.T.);
#450=ADVANCED_FACE('',(#1290),#1291,.T.);
#451=ADVANCED_FACE('',(#1292),#1293,.T.);
#452=ADVANCED_FACE('',(#1294),#1295,.T.);
#453=ADVANCED_FACE('',(#1296),#1297,.T.);
#454=ADVANCED_FACE('',(#1298),#1299,.T.);
#455=ADVANCED_FACE('',(#1300),#1301,.T.);
#456=ADVANCED_FACE('',(#1302),#1303,.T.);
#457=ADVANCED_FACE('',(#1304),#1305,.T.);
#458=ADVANCED_FACE('',(#1306),#1307,.T.);
#459=ADVANCED_FACE('',(#1308),#1309,.T.);
#460=ADVANCED_FACE('',(#1310),#1311,.T.);
#461=ADVANCED_FACE('',(#1312),#1313,.T.);
#462=ADVANCED_FACE('',(#1314),#1315,.T.);
#463=ADVANCED_FACE('',(#1316),#1317,.T.);
#464=ADVANCED_FACE('',(#1318),#1319,.T.);
#465=ADVANCED_FACE('',(#1320),#1321,.T.);
#466=ADVANCED_FACE('',(#1322),#1323,.T.);
#467=ADVANCED_FACE('',(#1324),#1325,.T.);
#468=ADVANCED_FACE('',(#1326),#1327,.T.);
#469=ADVANCED_FACE('',(#1328),#1329,.T.);
#470=ADVANCED_FACE('',(#1330),#1331,.T.);
#471=ADVANCED_FACE('',(#1332),#1333,.T.);
#472=ADVANCED_FACE('',(#1334),#1335,.T.);
#473=ADVANCED_FACE('',(#1336),#1337,.T.);
#474=ADVANCED_FACE('',(#1338),#1339,.T.);
#475=ADVANCED_FACE('',(#1340),#1341,.T.);
#476=ADVANCED_FACE('',(#1342),#1343,.T.);
#477=ADVANCED_FACE('',(#1344),#1345,.T.);
#478=ADVANCED_FACE('',(#1346),#1347,.T.);
#479=ADVANCED_FACE('',(#1348),#1349,.T.);
#480=ADVANCED_FACE('',(#1350),#1351,.T.);
#481=ADVANCED_FACE('',(#1352),#1353,.T.);
#482=ADVANCED_FACE('',(#1354),#1355,.T.);
#483=ADVANCED_FACE('',(#1356),#1357,.T.);
#484=ADVANCED_FACE('',(#1358),#1359,.T.);
#485=ADVANCED_FACE('',(#1360),#1361,.T.);
#486=ADVANCED_FACE('',(#1362),#1363,.T.);
#487=ADVANCED_FACE('',(#1364),#1365,.T.);
#488=ADVANCED_FACE('',(#1366),#1367,.T.);
#489=ADVANCED_FACE('',(#1368),#1369,.T.);
#490=ADVANCED_FACE('',(#1370),#1371,.T.);
#491=ADVANCED_FACE('',(#1372),#1373,.T.);
#492=ADVANCED_FACE('',(#1374),#1375,.T.);
#493=ADVANCED_FACE('',(#1376),#1377,.T.);
#494=ADVANCED_FACE('',(#1378),#1379,.T.);
#495=ADVANCED_FACE('',(#1380),#1381,.T.);
#496=ADVANCED_FACE('',(#1382,#1383,#1384,#1385,#1386,#1387,#1388,#1389,#1390,#1391,#1392,#1393,#1394,#1395,#1396),#1397,.F.);
#498=FACE_OUTER_BOUND('',#1398,.T.);
#499=TOROIDAL_SURFACE('',#1399,0.00499999999999456,0.230000000000003);
#500=FACE_OUTER_BOUND('',#1400,.T.);
#501=TOROIDAL_SURFACE('',#1401,0.00500000000000078,0.315);
#502=FACE_OUTER_BOUND('',#1402,.T.);
#503=CYLINDRICAL_SURFACE('',#1403,0.32);
#504=FACE_OUTER_BOUND('',#1404,.T.);
#505=TOROIDAL_SURFACE('',#1405,0.470000000000001,0.150000000000001);
#506=FACE_OUTER_BOUND('',#1406,.T.);
#507=CYLINDRICAL_SURFACE('',#1407,0.665);
#508=FACE_OUTER_BOUND('',#1408,.T.);
#509=CONICAL_SURFACE('',#1409,0.54,0.785398163397448);
#510=FACE_OUTER_BOUND('',#1410,.T.);
#511=TOROIDAL_SURFACE('',#1411,0.385,0.150000000000002);
#512=FACE_OUTER_BOUND('',#1412,.T.);
#513=CYLINDRICAL_SURFACE('',#1413,0.234999999999999);
#514=FACE_OUTER_BOUND('',#1414,.T.);
#515=CYLINDRICAL_SURFACE('',#1415,0.915);
#516=FACE_OUTER_BOUND('',#1416,.T.);
#517=TOROIDAL_SURFACE('',#1417,0.00499999999999456,0.230000000000003);
#518=FACE_OUTER_BOUND('',#1418,.T.);
#519=TOROIDAL_SURFACE('',#1419,0.00500000000000078,0.315);
#520=FACE_OUTER_BOUND('',#1420,.T.);
#521=CYLINDRICAL_SURFACE('',#1421,0.32);
#522=FACE_OUTER_BOUND('',#1422,.T.);
#523=TOROIDAL_SURFACE('',#1423,0.470000000000001,0.150000000000001);
#524=FACE_OUTER_BOUND('',#1424,.T.);
#525=CYLINDRICAL_SURFACE('',#1425,0.665);
#526=FACE_OUTER_BOUND('',#1426,.T.);
#527=CONICAL_SURFACE('',#1427,0.54,0.785398163397448);
#528=FACE_OUTER_BOUND('',#1428,.T.);
#529=TOROIDAL_SURFACE('',#1429,0.385,0.150000000000002);
#530=FACE_OUTER_BOUND('',#1430,.T.);
#531=CYLINDRICAL_SURFACE('',#1431,0.234999999999999);
#532=FACE_OUTER_BOUND('',#1432,.T.);
#533=CYLINDRICAL_SURFACE('',#1433,0.915);
#534=FACE_OUTER_BOUND('',#1434,.T.);
#535=TOROIDAL_SURFACE('',#1435,0.00499999999999456,0.230000000000003);
#536=FACE_OUTER_BOUND('',#1436,.T.);
#537=TOROIDAL_SURFACE('',#1437,0.00500000000000078,0.315);
#538=FACE_OUTER_BOUND('',#1438,.T.);
#539=CYLINDRICAL_SURFACE('',#1439,0.32);
#540=FACE_OUTER_BOUND('',#1440,.T.);
#541=TOROIDAL_SURFACE('',#1441,0.470000000000001,0.150000000000001);
#542=FACE_OUTER_BOUND('',#1442,.T.);
#543=CYLINDRICAL_SURFACE('',#1443,0.665);
#544=FACE_OUTER_BOUND('',#1444,.T.);
#545=CONICAL_SURFACE('',#1445,0.54,0.785398163397448);
#546=FACE_OUTER_BOUND('',#1446,.T.);
#547=TOROIDAL_SURFACE('',#1447,0.385,0.150000000000002);
#548=FACE_OUTER_BOUND('',#1448,.T.);
#549=CYLINDRICAL_SURFACE('',#1449,0.234999999999999);
#550=FACE_OUTER_BOUND('',#1450,.T.);
#551=CYLINDRICAL_SURFACE('',#1451,0.915);
#552=FACE_OUTER_BOUND('',#1452,.T.);
#553=TOROIDAL_SURFACE('',#1453,0.00499999999999456,0.230000000000003);
#554=FACE_OUTER_BOUND('',#1454,.T.);
#555=TOROIDAL_SURFACE('',#1455,0.00500000000000078,0.315);
#556=FACE_OUTER_BOUND('',#1456,.T.);
#557=CYLINDRICAL_SURFACE('',#1457,0.32);
#558=FACE_OUTER_BOUND('',#1458,.T.);
#559=TOROIDAL_SURFACE('',#1459,0.470000000000001,0.150000000000001);
#560=FACE_OUTER_BOUND('',#1460,.T.);
#561=CYLINDRICAL_SURFACE('',#1461,0.665);
#562=FACE_OUTER_BOUND('',#1462,.T.);
#563=CONICAL_SURFACE('',#1463,0.54,0.785398163397448);
#564=FACE_OUTER_BOUND('',#1464,.T.);
#565=TOROIDAL_SURFACE('',#1465,0.385,0.150000000000002);
#566=FACE_OUTER_BOUND('',#1466,.T.);
#567=CYLINDRICAL_SURFACE('',#1467,0.234999999999999);
#568=FACE_OUTER_BOUND('',#1468,.T.);
#569=CYLINDRICAL_SURFACE('',#1469,0.915);
#570=FACE_OUTER_BOUND('',#1470,.T.);
#571=TOROIDAL_SURFACE('',#1471,0.00499999999999456,0.230000000000003);
#572=FACE_OUTER_BOUND('',#1472,.T.);
#573=TOROIDAL_SURFACE('',#1473,0.00500000000000078,0.315);
#574=FACE_OUTER_BOUND('',#1474,.T.);
#575=CYLINDRICAL_SURFACE('',#1475,0.32);
#576=FACE_OUTER_BOUND('',#1476,.T.);
#577=TOROIDAL_SURFACE('',#1477,0.470000000000001,0.150000000000001);
#578=FACE_OUTER_BOUND('',#1478,.T.);
#579=CYLINDRICAL_SURFACE('',#1479,0.665);
#580=FACE_OUTER_BOUND('',#1480,.T.);
#581=CONICAL_SURFACE('',#1481,0.54,0.785398163397448);
#582=FACE_OUTER_BOUND('',#1482,.T.);
#583=TOROIDAL_SURFACE('',#1483,0.385,0.150000000000002);
#584=FACE_OUTER_BOUND('',#1484,.T.);
#585=CYLINDRICAL_SURFACE('',#1485,0.234999999999999);
#586=FACE_OUTER_BOUND('',#1486,.T.);
#587=CYLINDRICAL_SURFACE('',#1487,0.915);
#588=FACE_OUTER_BOUND('',#1488,.T.);
#589=TOROIDAL_SURFACE('',#1489,0.00499999999999456,0.230000000000003);
#590=FACE_OUTER_BOUND('',#1490,.T.);
#591=TOROIDAL_SURFACE('',#1491,0.00500000000000078,0.315);
#592=FACE_OUTER_BOUND('',#1492,.T.);
#593=CYLINDRICAL_SURFACE('',#1493,0.32);
#594=FACE_OUTER_BOUND('',#1494,.T.);
#595=TOROIDAL_SURFACE('',#1495,0.470000000000001,0.150000000000001);
#596=FACE_OUTER_BOUND('',#1496,.T.);
#597=CYLINDRICAL_SURFACE('',#1497,0.665);
#598=FACE_OUTER_BOUND('',#1498,.T.);
#599=CONICAL_SURFACE('',#1499,0.54,0.785398163397448);
#600=FACE_OUTER_BOUND('',#1500,.T.);
#601=TOROIDAL_SURFACE('',#1501,0.385,0.150000000000002);
#602=FACE_OUTER_BOUND('',#1502,.T.);
#603=CYLINDRICAL_SURFACE('',#1503,0.234999999999999);
#604=FACE_OUTER_BOUND('',#1504,.T.);
#605=CYLINDRICAL_SURFACE('',#1505,0.915);
#606=FACE_OUTER_BOUND('',#1506,.T.);
#607=TOROIDAL_SURFACE('',#1507,0.00499999999999456,0.230000000000003);
#608=FACE_OUTER_BOUND('',#1508,.T.);
#609=TOROIDAL_SURFACE('',#1509,0.00500000000000078,0.315);
#610=FACE_OUTER_BOUND('',#1510,.T.);
#611=CYLINDRICAL_SURFACE('',#1511,0.32);
#612=FACE_OUTER_BOUND('',#1512,.T.);
#613=TOROIDAL_SURFACE('',#1513,0.470000000000001,0.150000000000001);
#614=FACE_OUTER_BOUND('',#1514,.T.);
#615=CYLINDRICAL_SURFACE('',#1515,0.665);
#616=FACE_OUTER_BOUND('',#1516,.T.);
#617=CONICAL_SURFACE('',#1517,0.54,0.785398163397448);
#618=FACE_OUTER_BOUND('',#1518,.T.);
#619=TOROIDAL_SURFACE('',#1519,0.385,0.150000000000002);
#620=FACE_OUTER_BOUND('',#1520,.T.);
#621=CYLINDRICAL_SURFACE('',#1521,0.234999999999999);
#622=FACE_OUTER_BOUND('',#1522,.T.);
#623=CYLINDRICAL_SURFACE('',#1523,0.915);
#624=FACE_OUTER_BOUND('',#1524,.T.);
#625=TOROIDAL_SURFACE('',#1525,0.00499999999999456,0.230000000000003);
#626=FACE_OUTER_BOUND('',#1526,.T.);
#627=TOROIDAL_SURFACE('',#1527,0.00500000000000078,0.315);
#628=FACE_OUTER_BOUND('',#1528,.T.);
#629=CYLINDRICAL_SURFACE('',#1529,0.32);
#630=FACE_OUTER_BOUND('',#1530,.T.);
#631=TOROIDAL_SURFACE('',#1531,0.470000000000001,0.150000000000001);
#632=FACE_OUTER_BOUND('',#1532,.T.);
#633=CYLINDRICAL_SURFACE('',#1533,0.665);
#634=FACE_OUTER_BOUND('',#1534,.T.);
#635=CONICAL_SURFACE('',#1535,0.54,0.785398163397448);
#636=FACE_OUTER_BOUND('',#1536,.T.);
#637=TOROIDAL_SURFACE('',#1537,0.385,0.150000000000002);
#638=FACE_OUTER_BOUND('',#1538,.T.);
#639=CYLINDRICAL_SURFACE('',#1539,0.234999999999999);
#640=FACE_OUTER_BOUND('',#1540,.T.);
#641=CYLINDRICAL_SURFACE('',#1541,0.915);
#642=FACE_OUTER_BOUND('',#1542,.T.);
#643=TOROIDAL_SURFACE('',#1543,0.00499999999999456,0.230000000000003);
#644=FACE_OUTER_BOUND('',#1544,.T.);
#645=TOROIDAL_SURFACE('',#1545,0.00500000000000078,0.315);
#646=FACE_OUTER_BOUND('',#1546,.T.);
#647=CYLINDRICAL_SURFACE('',#1547,0.32);
#648=FACE_OUTER_BOUND('',#1548,.T.);
#649=TOROIDAL_SURFACE('',#1549,0.470000000000001,0.150000000000001);
#650=FACE_OUTER_BOUND('',#1550,.T.);
#651=CYLINDRICAL_SURFACE('',#1551,0.665);
#652=FACE_OUTER_BOUND('',#1552,.T.);
#653=CONICAL_SURFACE('',#1553,0.54,0.785398163397448);
#654=FACE_OUTER_BOUND('',#1554,.T.);
#655=TOROIDAL_SURFACE('',#1555,0.385,0.150000000000002);
#656=FACE_OUTER_BOUND('',#1556,.T.);
#657=CYLINDRICAL_SURFACE('',#1557,0.234999999999999);
#658=FACE_OUTER_BOUND('',#1558,.T.);
#659=CYLINDRICAL_SURFACE('',#1559,0.915);
#660=FACE_OUTER_BOUND('',#1560,.T.);
#661=TOROIDAL_SURFACE('',#1561,0.00499999999999456,0.230000000000003);
#662=FACE_OUTER_BOUND('',#1562,.T.);
#663=TOROIDAL_SURFACE('',#1563,0.00500000000000078,0.315);
#664=FACE_OUTER_BOUND('',#1564,.T.);
#665=CYLINDRICAL_SURFACE('',#1565,0.32);
#666=FACE_OUTER_BOUND('',#1566,.T.);
#667=TOROIDAL_SURFACE('',#1567,0.470000000000001,0.150000000000001);
#668=FACE_OUTER_BOUND('',#1568,.T.);
#669=CYLINDRICAL_SURFACE('',#1569,0.665);
#670=FACE_OUTER_BOUND('',#1570,.T.);
#671=CONICAL_SURFACE('',#1571,0.54,0.785398163397448);
#672=FACE_OUTER_BOUND('',#1572,.T.);
#673=TOROIDAL_SURFACE('',#1573,0.385,0.150000000000002);
#674=FACE_OUTER_BOUND('',#1574,.T.);
#675=CYLINDRICAL_SURFACE('',#1575,0.234999999999999);
#676=FACE_OUTER_BOUND('',#1576,.T.);
#677=CYLINDRICAL_SURFACE('',#1577,0.915);
#678=FACE_OUTER_BOUND('',#1578,.T.);
#679=TOROIDAL_SURFACE('',#1579,0.00499999999999456,0.230000000000003);
#680=FACE_OUTER_BOUND('',#1580,.T.);
#681=TOROIDAL_SURFACE('',#1581,0.00500000000000078,0.315);
#682=FACE_OUTER_BOUND('',#1582,.T.);
#683=CYLINDRICAL_SURFACE('',#1583,0.32);
#684=FACE_OUTER_BOUND('',#1584,.T.);
#685=TOROIDAL_SURFACE('',#1585,0.470000000000001,0.150000000000001);
#686=FACE_OUTER_BOUND('',#1586,.T.);
#687=CYLINDRICAL_SURFACE('',#1587,0.665);
#688=FACE_OUTER_BOUND('',#1588,.T.);
#689=CONICAL_SURFACE('',#1589,0.54,0.785398163397448);
#690=FACE_OUTER_BOUND('',#1590,.T.);
#691=TOROIDAL_SURFACE('',#1591,0.385,0.150000000000002);
#692=FACE_OUTER_BOUND('',#1592,.T.);
#693=CYLINDRICAL_SURFACE('',#1593,0.234999999999999);
#694=FACE_OUTER_BOUND('',#1594,.T.);
#695=CYLINDRICAL_SURFACE('',#1595,0.915);
#696=FACE_OUTER_BOUND('',#1596,.T.);
#697=TOROIDAL_SURFACE('',#1597,0.00499999999999456,0.230000000000003);
#698=FACE_OUTER_BOUND('',#1598,.T.);
#699=TOROIDAL_SURFACE('',#1599,0.00500000000000078,0.315);
#700=FACE_OUTER_BOUND('',#1600,.T.);
#701=CYLINDRICAL_SURFACE('',#1601,0.32);
#702=FACE_OUTER_BOUND('',#1602,.T.);
#703=TOROIDAL_SURFACE('',#1603,0.470000000000001,0.150000000000001);
#704=FACE_OUTER_BOUND('',#1604,.T.);
#705=CYLINDRICAL_SURFACE('',#1605,0.665);
#706=FACE_OUTER_BOUND('',#1606,.T.);
#707=CONICAL_SURFACE('',#1607,0.54,0.785398163397448);
#708=FACE_OUTER_BOUND('',#1608,.T.);
#709=TOROIDAL_SURFACE('',#1609,0.385,0.150000000000002);
#710=FACE_OUTER_BOUND('',#1610,.T.);
#711=CYLINDRICAL_SURFACE('',#1611,0.234999999999999);
#712=FACE_OUTER_BOUND('',#1612,.T.);
#713=CYLINDRICAL_SURFACE('',#1613,0.915);
#714=FACE_OUTER_BOUND('',#1614,.T.);
#715=TOROIDAL_SURFACE('',#1615,0.00499999999999456,0.230000000000003);
#716=FACE_OUTER_BOUND('',#1616,.T.);
#717=TOROIDAL_SURFACE('',#1617,0.00500000000000078,0.315);
#718=FACE_OUTER_BOUND('',#1618,.T.);
#719=CYLINDRICAL_SURFACE('',#1619,0.32);
#720=FACE_OUTER_BOUND('',#1620,.T.);
#721=TOROIDAL_SURFACE('',#1621,0.470000000000001,0.150000000000001);
#722=FACE_OUTER_BOUND('',#1622,.T.);
#723=CYLINDRICAL_SURFACE('',#1623,0.665);
#724=FACE_OUTER_BOUND('',#1624,.T.);
#725=CONICAL_SURFACE('',#1625,0.54,0.785398163397448);
#726=FACE_OUTER_BOUND('',#1626,.T.);
#727=TOROIDAL_SURFACE('',#1627,0.385,0.150000000000002);
#728=FACE_OUTER_BOUND('',#1628,.T.);
#729=CYLINDRICAL_SURFACE('',#1629,0.234999999999999);
#730=FACE_OUTER_BOUND('',#1630,.T.);
#731=CYLINDRICAL_SURFACE('',#1631,0.915);
#732=FACE_OUTER_BOUND('',#1632,.T.);
#733=TOROIDAL_SURFACE('',#1633,0.00499999999999456,0.230000000000003);
#734=FACE_OUTER_BOUND('',#1634,.T.);
#735=TOROIDAL_SURFACE('',#1635,0.00500000000000078,0.315);
#736=FACE_OUTER_BOUND('',#1636,.T.);
#737=CYLINDRICAL_SURFACE('',#1637,0.32);
#738=FACE_OUTER_BOUND('',#1638,.T.);
#739=TOROIDAL_SURFACE('',#1639,0.470000000000001,0.150000000000001);
#740=FACE_OUTER_BOUND('',#1640,.T.);
#741=CYLINDRICAL_SURFACE('',#1641,0.665);
#742=FACE_OUTER_BOUND('',#1642,.T.);
#743=CONICAL_SURFACE('',#1643,0.54,0.785398163397448);
#744=FACE_OUTER_BOUND('',#1644,.T.);
#745=TOROIDAL_SURFACE('',#1645,0.385,0.150000000000002);
#746=FACE_OUTER_BOUND('',#1646,.T.);
#747=CYLINDRICAL_SURFACE('',#1647,0.234999999999999);
#748=FACE_OUTER_BOUND('',#1648,.T.);
#749=CYLINDRICAL_SURFACE('',#1649,0.915);
#750=FACE_OUTER_BOUND('',#1650,.T.);
#751=CYLINDRICAL_SURFACE('',#1651,0.915);
#752=FACE_OUTER_BOUND('',#1652,.T.);
#753=CYLINDRICAL_SURFACE('',#1653,0.234999999999999);
#754=FACE_OUTER_BOUND('',#1654,.T.);
#755=TOROIDAL_SURFACE('',#1655,0.385,0.150000000000002);
#756=FACE_OUTER_BOUND('',#1656,.T.);
#757=FACE_BOUND('',#1657,.T.);
#758=PLANE('',#1658);
#759=FACE_OUTER_BOUND('',#1659,.T.);
#760=CONICAL_SURFACE('',#1660,0.54,0.785398163397448);
#761=FACE_OUTER_BOUND('',#1661,.T.);
#762=CYLINDRICAL_SURFACE('',#1662,0.665);
#763=FACE_BOUND('',#1663,.T.);
#764=FACE_OUTER_BOUND('',#1664,.T.);
#765=PLANE('',#1665);
#766=FACE_OUTER_BOUND('',#1666,.T.);
#767=TOROIDAL_SURFACE('',#1667,0.470000000000001,0.150000000000001);
#768=FACE_OUTER_BOUND('',#1668,.T.);
#769=CYLINDRICAL_SURFACE('',#1669,0.32);
#770=FACE_OUTER_BOUND('',#1670,.T.);
#771=TOROIDAL_SURFACE('',#1671,0.00500000000000078,0.315);
#772=FACE_OUTER_BOUND('',#1672,.T.);
#773=PLANE('',#1673);
#774=FACE_OUTER_BOUND('',#1674,.T.);
#775=PLANE('',#1675);
#776=FACE_OUTER_BOUND('',#1676,.T.);
#777=TOROIDAL_SURFACE('',#1677,0.00499999999999456,0.230000000000003);
#778=FACE_OUTER_BOUND('',#1678,.T.);
#779=CYLINDRICAL_SURFACE('',#1679,0.915);
#780=FACE_OUTER_BOUND('',#1680,.T.);
#781=CYLINDRICAL_SURFACE('',#1681,0.234999999999999);
#782=FACE_OUTER_BOUND('',#1682,.T.);
#783=TOROIDAL_SURFACE('',#1683,0.385,0.150000000000002);
#784=FACE_OUTER_BOUND('',#1684,.T.);
#785=FACE_BOUND('',#1685,.T.);
#786=PLANE('',#1686);
#787=FACE_OUTER_BOUND('',#1687,.T.);
#788=CONICAL_SURFACE('',#1688,0.54,0.785398163397448);
#789=FACE_OUTER_BOUND('',#1689,.T.);
#790=CYLINDRICAL_SURFACE('',#1690,0.665);
#791=FACE_BOUND('',#1691,.T.);
#792=FACE_OUTER_BOUND('',#1692,.T.);
#793=PLANE('',#1693);
#794=FACE_OUTER_BOUND('',#1694,.T.);
#795=TOROIDAL_SURFACE('',#1695,0.470000000000001,0.150000000000001);
#796=FACE_OUTER_BOUND('',#1696,.T.);
#797=CYLINDRICAL_SURFACE('',#1697,0.32);
#798=FACE_OUTER_BOUND('',#1698,.T.);
#799=TOROIDAL_SURFACE('',#1699,0.00500000000000078,0.315);
#800=FACE_OUTER_BOUND('',#1700,.T.);
#801=PLANE('',#1701);
#802=FACE_OUTER_BOUND('',#1702,.T.);
#803=PLANE('',#1703);
#804=FACE_OUTER_BOUND('',#1704,.T.);
#805=TOROIDAL_SURFACE('',#1705,0.00499999999999456,0.230000000000003);
#806=FACE_OUTER_BOUND('',#1706,.T.);
#807=CYLINDRICAL_SURFACE('',#1707,0.915);
#808=FACE_OUTER_BOUND('',#1708,.T.);
#809=CYLINDRICAL_SURFACE('',#1709,0.234999999999999);
#810=FACE_OUTER_BOUND('',#1710,.T.);
#811=TOROIDAL_SURFACE('',#1711,0.385,0.150000000000002);
#812=FACE_OUTER_BOUND('',#1712,.T.);
#813=FACE_BOUND('',#1713,.T.);
#814=PLANE('',#1714);
#815=FACE_OUTER_BOUND('',#1715,.T.);
#816=CONICAL_SURFACE('',#1716,0.54,0.785398163397448);
#817=FACE_OUTER_BOUND('',#1717,.T.);
#818=CYLINDRICAL_SURFACE('',#1718,0.665);
#819=FACE_BOUND('',#1719,.T.);
#820=FACE_OUTER_BOUND('',#1720,.T.);
#821=PLANE('',#1721);
#822=FACE_OUTER_BOUND('',#1722,.T.);
#823=TOROIDAL_SURFACE('',#1723,0.470000000000001,0.150000000000001);
#824=FACE_OUTER_BOUND('',#1724,.T.);
#825=CYLINDRICAL_SURFACE('',#1725,0.32);
#826=FACE_OUTER_BOUND('',#1726,.T.);
#827=TOROIDAL_SURFACE('',#1727,0.00500000000000078,0.315);
#828=FACE_OUTER_BOUND('',#1728,.T.);
#829=PLANE('',#1729);
#830=FACE_OUTER_BOUND('',#1730,.T.);
#831=PLANE('',#1731);
#832=FACE_OUTER_BOUND('',#1732,.T.);
#833=TOROIDAL_SURFACE('',#1733,0.00499999999999456,0.230000000000003);
#834=FACE_OUTER_BOUND('',#1734,.T.);
#835=CYLINDRICAL_SURFACE('',#1735,0.915);
#836=FACE_OUTER_BOUND('',#1736,.T.);
#837=CYLINDRICAL_SURFACE('',#1737,0.234999999999999);
#838=FACE_OUTER_BOUND('',#1738,.T.);
#839=TOROIDAL_SURFACE('',#1739,0.385,0.150000000000002);
#840=FACE_OUTER_BOUND('',#1740,.T.);
#841=FACE_BOUND('',#1741,.T.);
#842=PLANE('',#1742);
#843=FACE_OUTER_BOUND('',#1743,.T.);
#844=CONICAL_SURFACE('',#1744,0.54,0.785398163397448);
#845=FACE_OUTER_BOUND('',#1745,.T.);
#846=CYLINDRICAL_SURFACE('',#1746,0.665);
#847=FACE_BOUND('',#1747,.T.);
#848=FACE_OUTER_BOUND('',#1748,.T.);
#849=PLANE('',#1749);
#850=FACE_OUTER_BOUND('',#1750,.T.);
#851=TOROIDAL_SURFACE('',#1751,0.470000000000001,0.150000000000001);
#852=FACE_OUTER_BOUND('',#1752,.T.);
#853=CYLINDRICAL_SURFACE('',#1753,0.32);
#854=FACE_OUTER_BOUND('',#1754,.T.);
#855=TOROIDAL_SURFACE('',#1755,0.00500000000000078,0.315);
#856=FACE_OUTER_BOUND('',#1756,.T.);
#857=PLANE('',#1757);
#858=FACE_OUTER_BOUND('',#1758,.T.);
#859=PLANE('',#1759);
#860=FACE_OUTER_BOUND('',#1760,.T.);
#861=TOROIDAL_SURFACE('',#1761,0.00499999999999456,0.230000000000003);
#862=FACE_OUTER_BOUND('',#1762,.T.);
#863=CYLINDRICAL_SURFACE('',#1763,0.915);
#864=FACE_OUTER_BOUND('',#1764,.T.);
#865=CYLINDRICAL_SURFACE('',#1765,0.234999999999999);
#866=FACE_OUTER_BOUND('',#1766,.T.);
#867=TOROIDAL_SURFACE('',#1767,0.385,0.150000000000002);
#868=FACE_OUTER_BOUND('',#1768,.T.);
#869=FACE_BOUND('',#1769,.T.);
#870=PLANE('',#1770);
#871=FACE_OUTER_BOUND('',#1771,.T.);
#872=CONICAL_SURFACE('',#1772,0.54,0.785398163397448);
#873=FACE_OUTER_BOUND('',#1773,.T.);
#874=CYLINDRICAL_SURFACE('',#1774,0.665);
#875=FACE_BOUND('',#1775,.T.);
#876=FACE_OUTER_BOUND('',#1776,.T.);
#877=PLANE('',#1777);
#878=FACE_OUTER_BOUND('',#1778,.T.);
#879=TOROIDAL_SURFACE('',#1779,0.470000000000001,0.150000000000001);
#880=FACE_OUTER_BOUND('',#1780,.T.);
#881=CYLINDRICAL_SURFACE('',#1781,0.32);
#882=FACE_OUTER_BOUND('',#1782,.T.);
#883=TOROIDAL_SURFACE('',#1783,0.00500000000000078,0.315);
#884=FACE_OUTER_BOUND('',#1784,.T.);
#885=PLANE('',#1785);
#886=FACE_OUTER_BOUND('',#1786,.T.);
#887=PLANE('',#1787);
#888=FACE_OUTER_BOUND('',#1788,.T.);
#889=TOROIDAL_SURFACE('',#1789,0.00499999999999456,0.230000000000003);
#890=FACE_OUTER_BOUND('',#1790,.T.);
#891=CYLINDRICAL_SURFACE('',#1791,0.915);
#892=FACE_OUTER_BOUND('',#1792,.T.);
#893=CYLINDRICAL_SURFACE('',#1793,0.234999999999999);
#894=FACE_OUTER_BOUND('',#1794,.T.);
#895=TOROIDAL_SURFACE('',#1795,0.385,0.150000000000002);
#896=FACE_OUTER_BOUND('',#1796,.T.);
#897=FACE_BOUND('',#1797,.T.);
#898=PLANE('',#1798);
#899=FACE_OUTER_BOUND('',#1799,.T.);
#900=CONICAL_SURFACE('',#1800,0.54,0.785398163397448);
#901=FACE_OUTER_BOUND('',#1801,.T.);
#902=CYLINDRICAL_SURFACE('',#1802,0.665);
#903=FACE_BOUND('',#1803,.T.);
#904=FACE_OUTER_BOUND('',#1804,.T.);
#905=PLANE('',#1805);
#906=FACE_OUTER_BOUND('',#1806,.T.);
#907=TOROIDAL_SURFACE('',#1807,0.470000000000001,0.150000000000001);
#908=FACE_OUTER_BOUND('',#1808,.T.);
#909=CYLINDRICAL_SURFACE('',#1809,0.32);
#910=FACE_OUTER_BOUND('',#1810,.T.);
#911=TOROIDAL_SURFACE('',#1811,0.00500000000000078,0.315);
#912=FACE_OUTER_BOUND('',#1812,.T.);
#913=PLANE('',#1813);
#914=FACE_OUTER_BOUND('',#1814,.T.);
#915=PLANE('',#1815);
#916=FACE_OUTER_BOUND('',#1816,.T.);
#917=TOROIDAL_SURFACE('',#1817,0.00499999999999456,0.230000000000003);
#918=FACE_OUTER_BOUND('',#1818,.T.);
#919=CYLINDRICAL_SURFACE('',#1819,0.915);
#920=FACE_OUTER_BOUND('',#1820,.T.);
#921=CYLINDRICAL_SURFACE('',#1821,0.234999999999999);
#922=FACE_OUTER_BOUND('',#1822,.T.);
#923=TOROIDAL_SURFACE('',#1823,0.385,0.150000000000002);
#924=FACE_OUTER_BOUND('',#1824,.T.);
#925=FACE_BOUND('',#1825,.T.);
#926=PLANE('',#1826);
#927=FACE_OUTER_BOUND('',#1827,.T.);
#928=CONICAL_SURFACE('',#1828,0.54,0.785398163397448);
#929=FACE_OUTER_BOUND('',#1829,.T.);
#930=CYLINDRICAL_SURFACE('',#1830,0.665);
#931=FACE_BOUND('',#1831,.T.);
#932=FACE_OUTER_BOUND('',#1832,.T.);
#933=PLANE('',#1833);
#934=FACE_OUTER_BOUND('',#1834,.T.);
#935=TOROIDAL_SURFACE('',#1835,0.470000000000001,0.150000000000001);
#936=FACE_OUTER_BOUND('',#1836,.T.);
#937=CYLINDRICAL_SURFACE('',#1837,0.32);
#938=FACE_OUTER_BOUND('',#1838,.T.);
#939=TOROIDAL_SURFACE('',#1839,0.00500000000000078,0.315);
#940=FACE_OUTER_BOUND('',#1840,.T.);
#941=PLANE('',#1841);
#942=FACE_OUTER_BOUND('',#1842,.T.);
#943=PLANE('',#1843);
#944=FACE_OUTER_BOUND('',#1844,.T.);
#945=TOROIDAL_SURFACE('',#1845,0.00499999999999456,0.230000000000003);
#946=FACE_OUTER_BOUND('',#1846,.T.);
#947=CYLINDRICAL_SURFACE('',#1847,0.915);
#948=FACE_OUTER_BOUND('',#1848,.T.);
#949=CYLINDRICAL_SURFACE('',#1849,0.234999999999999);
#950=FACE_OUTER_BOUND('',#1850,.T.);
#951=TOROIDAL_SURFACE('',#1851,0.385,0.150000000000002);
#952=FACE_OUTER_BOUND('',#1852,.T.);
#953=FACE_BOUND('',#1853,.T.);
#954=PLANE('',#1854);
#955=FACE_OUTER_BOUND('',#1855,.T.);
#956=CONICAL_SURFACE('',#1856,0.54,0.785398163397448);
#957=FACE_OUTER_BOUND('',#1857,.T.);
#958=CYLINDRICAL_SURFACE('',#1858,0.665);
#959=FACE_BOUND('',#1859,.T.);
#960=FACE_OUTER_BOUND('',#1860,.T.);
#961=PLANE('',#1861);
#962=FACE_OUTER_BOUND('',#1862,.T.);
#963=TOROIDAL_SURFACE('',#1863,0.470000000000001,0.150000000000001);
#964=FACE_OUTER_BOUND('',#1864,.T.);
#965=CYLINDRICAL_SURFACE('',#1865,0.32);
#966=FACE_OUTER_BOUND('',#1866,.T.);
#967=TOROIDAL_SURFACE('',#1867,0.00500000000000078,0.315);
#968=FACE_OUTER_BOUND('',#1868,.T.);
#969=PLANE('',#1869);
#970=FACE_OUTER_BOUND('',#1870,.T.);
#971=PLANE('',#1871);
#972=FACE_OUTER_BOUND('',#1872,.T.);
#973=TOROIDAL_SURFACE('',#1873,0.00499999999999456,0.230000000000003);
#974=FACE_OUTER_BOUND('',#1874,.T.);
#975=CYLINDRICAL_SURFACE('',#1875,0.915);
#976=FACE_OUTER_BOUND('',#1876,.T.);
#977=CYLINDRICAL_SURFACE('',#1877,0.234999999999999);
#978=FACE_OUTER_BOUND('',#1878,.T.);
#979=TOROIDAL_SURFACE('',#1879,0.385,0.150000000000002);
#980=FACE_OUTER_BOUND('',#1880,.T.);
#981=FACE_BOUND('',#1881,.T.);
#982=PLANE('',#1882);
#983=FACE_OUTER_BOUND('',#1883,.T.);
#984=CONICAL_SURFACE('',#1884,0.54,0.785398163397448);
#985=FACE_OUTER_BOUND('',#1885,.T.);
#986=CYLINDRICAL_SURFACE('',#1886,0.665);
#987=FACE_BOUND('',#1887,.T.);
#988=FACE_OUTER_BOUND('',#1888,.T.);
#989=PLANE('',#1889);
#990=FACE_OUTER_BOUND('',#1890,.T.);
#991=TOROIDAL_SURFACE('',#1891,0.470000000000001,0.150000000000001);
#992=FACE_OUTER_BOUND('',#1892,.T.);
#993=CYLINDRICAL_SURFACE('',#1893,0.32);
#994=FACE_OUTER_BOUND('',#1894,.T.);
#995=TOROIDAL_SURFACE('',#1895,0.00500000000000078,0.315);
#996=FACE_OUTER_BOUND('',#1896,.T.);
#997=PLANE('',#1897);
#998=FACE_OUTER_BOUND('',#1898,.T.);
#999=PLANE('',#1899);
#1000=FACE_OUTER_BOUND('',#1900,.T.);
#1001=TOROIDAL_SURFACE('',#1901,0.00499999999999456,0.230000000000003);
#1002=FACE_OUTER_BOUND('',#1902,.T.);
#1003=CYLINDRICAL_SURFACE('',#1903,0.915);
#1004=FACE_OUTER_BOUND('',#1904,.T.);
#1005=CYLINDRICAL_SURFACE('',#1905,0.234999999999999);
#1006=FACE_OUTER_BOUND('',#1906,.T.);
#1007=TOROIDAL_SURFACE('',#1907,0.385,0.150000000000002);
#1008=FACE_OUTER_BOUND('',#1908,.T.);
#1009=FACE_BOUND('',#1909,.T.);
#1010=PLANE('',#1910);
#1011=FACE_OUTER_BOUND('',#1911,.T.);
#1012=CONICAL_SURFACE('',#1912,0.54,0.785398163397448);
#1013=FACE_OUTER_BOUND('',#1913,.T.);
#1014=CYLINDRICAL_SURFACE('',#1914,0.665);
#1015=FACE_BOUND('',#1915,.T.);
#1016=FACE_OUTER_BOUND('',#1916,.T.);
#1017=PLANE('',#1917);
#1018=FACE_OUTER_BOUND('',#1918,.T.);
#1019=TOROIDAL_SURFACE('',#1919,0.470000000000001,0.150000000000001);
#1020=FACE_OUTER_BOUND('',#1920,.T.);
#1021=CYLINDRICAL_SURFACE('',#1921,0.32);
#1022=FACE_OUTER_BOUND('',#1922,.T.);
#1023=TOROIDAL_SURFACE('',#1923,0.00500000000000078,0.315);
#1024=FACE_OUTER_BOUND('',#1924,.T.);
#1025=PLANE('',#1925);
#1026=FACE_OUTER_BOUND('',#1926,.T.);
#1027=PLANE('',#1927);
#1028=FACE_OUTER_BOUND('',#1928,.T.);
#1029=TOROIDAL_SURFACE('',#1929,0.00499999999999456,0.230000000000003);
#1030=FACE_OUTER_BOUND('',#1930,.T.);
#1031=CYLINDRICAL_SURFACE('',#1931,0.915);
#1032=FACE_OUTER_BOUND('',#1932,.T.);
#1033=CYLINDRICAL_SURFACE('',#1933,0.234999999999999);
#1034=FACE_OUTER_BOUND('',#1934,.T.);
#1035=TOROIDAL_SURFACE('',#1935,0.385,0.150000000000002);
#1036=FACE_OUTER_BOUND('',#1936,.T.);
#1037=FACE_BOUND('',#1937,.T.);
#1038=PLANE('',#1938);
#1039=FACE_OUTER_BOUND('',#1939,.T.);
#1040=CONICAL_SURFACE('',#1940,0.54,0.785398163397448);
#1041=FACE_OUTER_BOUND('',#1941,.T.);
#1042=CYLINDRICAL_SURFACE('',#1942,0.665);
#1043=FACE_BOUND('',#1943,.T.);
#1044=FACE_OUTER_BOUND('',#1944,.T.);
#1045=PLANE('',#1945);
#1046=FACE_OUTER_BOUND('',#1946,.T.);
#1047=TOROIDAL_SURFACE('',#1947,0.470000000000001,0.150000000000001);
#1048=FACE_OUTER_BOUND('',#1948,.T.);
#1049=CYLINDRICAL_SURFACE('',#1949,0.32);
#1050=FACE_OUTER_BOUND('',#1950,.T.);
#1051=TOROIDAL_SURFACE('',#1951,0.00500000000000078,0.315);
#1052=FACE_OUTER_BOUND('',#1952,.T.);
#1053=PLANE('',#1953);
#1054=FACE_OUTER_BOUND('',#1954,.T.);
#1055=PLANE('',#1955);
#1056=FACE_OUTER_BOUND('',#1956,.T.);
#1057=TOROIDAL_SURFACE('',#1957,0.00499999999999456,0.230000000000003);
#1058=FACE_OUTER_BOUND('',#1958,.T.);
#1059=CYLINDRICAL_SURFACE('',#1959,0.915);
#1060=FACE_OUTER_BOUND('',#1960,.T.);
#1061=CYLINDRICAL_SURFACE('',#1961,0.234999999999999);
#1062=FACE_OUTER_BOUND('',#1962,.T.);
#1063=TOROIDAL_SURFACE('',#1963,0.385,0.150000000000002);
#1064=FACE_OUTER_BOUND('',#1964,.T.);
#1065=FACE_BOUND('',#1965,.T.);
#1066=PLANE('',#1966);
#1067=FACE_OUTER_BOUND('',#1967,.T.);
#1068=CONICAL_SURFACE('',#1968,0.54,0.785398163397448);
#1069=FACE_OUTER_BOUND('',#1969,.T.);
#1070=CYLINDRICAL_SURFACE('',#1970,0.665);
#1071=FACE_BOUND('',#1971,.T.);
#1072=FACE_OUTER_BOUND('',#1972,.T.);
#1073=PLANE('',#1973);
#1074=FACE_OUTER_BOUND('',#1974,.T.);
#1075=TOROIDAL_SURFACE('',#1975,0.470000000000001,0.150000000000001);
#1076=FACE_OUTER_BOUND('',#1976,.T.);
#1077=CYLINDRICAL_SURFACE('',#1977,0.32);
#1078=FACE_OUTER_BOUND('',#1978,.T.);
#1079=TOROIDAL_SURFACE('',#1979,0.00500000000000078,0.315);
#1080=FACE_OUTER_BOUND('',#1980,.T.);
#1081=PLANE('',#1981);
#1082=FACE_OUTER_BOUND('',#1982,.T.);
#1083=PLANE('',#1983);
#1084=FACE_OUTER_BOUND('',#1984,.T.);
#1085=TOROIDAL_SURFACE('',#1985,0.00499999999999456,0.230000000000003);
#1086=FACE_OUTER_BOUND('',#1986,.T.);
#1087=CYLINDRICAL_SURFACE('',#1987,0.915);
#1088=FACE_OUTER_BOUND('',#1988,.T.);
#1089=CYLINDRICAL_SURFACE('',#1989,0.234999999999999);
#1090=FACE_OUTER_BOUND('',#1990,.T.);
#1091=TOROIDAL_SURFACE('',#1991,0.385,0.150000000000002);
#1092=FACE_OUTER_BOUND('',#1992,.T.);
#1093=FACE_BOUND('',#1993,.T.);
#1094=PLANE('',#1994);
#1095=FACE_OUTER_BOUND('',#1995,.T.);
#1096=CONICAL_SURFACE('',#1996,0.54,0.785398163397448);
#1097=FACE_OUTER_BOUND('',#1997,.T.);
#1098=CYLINDRICAL_SURFACE('',#1998,0.665);
#1099=FACE_BOUND('',#1999,.T.);
#1100=FACE_OUTER_BOUND('',#2000,.T.);
#1101=PLANE('',#2001);
#1102=FACE_OUTER_BOUND('',#2002,.T.);
#1103=TOROIDAL_SURFACE('',#2003,0.470000000000001,0.150000000000001);
#1104=FACE_OUTER_BOUND('',#2004,.T.);
#1105=CYLINDRICAL_SURFACE('',#2005,0.32);
#1106=FACE_OUTER_BOUND('',#2006,.T.);
#1107=TOROIDAL_SURFACE('',#2007,0.00500000000000078,0.315);
#1108=FACE_OUTER_BOUND('',#2008,.T.);
#1109=PLANE('',#2009);
#1110=FACE_OUTER_BOUND('',#2010,.T.);
#1111=PLANE('',#2011);
#1112=FACE_OUTER_BOUND('',#2012,.T.);
#1113=TOROIDAL_SURFACE('',#2013,0.00499999999999456,0.230000000000003);
#1114=FACE_OUTER_BOUND('',#2014,.T.);
#1115=CYLINDRICAL_SURFACE('',#2015,0.915);
#1116=FACE_OUTER_BOUND('',#2016,.T.);
#1117=CYLINDRICAL_SURFACE('',#2017,0.234999999999999);
#1118=FACE_OUTER_BOUND('',#2018,.T.);
#1119=TOROIDAL_SURFACE('',#2019,0.385,0.150000000000002);
#1120=FACE_OUTER_BOUND('',#2020,.T.);
#1121=FACE_BOUND('',#2021,.T.);
#1122=PLANE('',#2022);
#1123=FACE_OUTER_BOUND('',#2023,.T.);
#1124=CONICAL_SURFACE('',#2024,0.54,0.785398163397448);
#1125=FACE_OUTER_BOUND('',#2025,.T.);
#1126=CYLINDRICAL_SURFACE('',#2026,0.665);
#1127=FACE_BOUND('',#2027,.T.);
#1128=FACE_OUTER_BOUND('',#2028,.T.);
#1129=PLANE('',#2029);
#1130=FACE_OUTER_BOUND('',#2030,.T.);
#1131=TOROIDAL_SURFACE('',#2031,0.470000000000001,0.150000000000001);
#1132=FACE_OUTER_BOUND('',#2032,.T.);
#1133=CYLINDRICAL_SURFACE('',#2033,0.32);
#1134=FACE_OUTER_BOUND('',#2034,.T.);
#1135=TOROIDAL_SURFACE('',#2035,0.00500000000000078,0.315);
#1136=FACE_OUTER_BOUND('',#2036,.T.);
#1137=PLANE('',#2037);
#1138=FACE_OUTER_BOUND('',#2038,.T.);
#1139=PLANE('',#2039);
#1140=FACE_OUTER_BOUND('',#2040,.T.);
#1141=TOROIDAL_SURFACE('',#2041,0.00499999999999456,0.230000000000003);
#1142=FACE_OUTER_BOUND('',#2042,.T.);
#1143=PLANE('',#2043);
#1144=FACE_OUTER_BOUND('',#2044,.T.);
#1145=PLANE('',#2045);
#1146=FACE_OUTER_BOUND('',#2046,.T.);
#1147=PLANE('',#2047);
#1148=FACE_OUTER_BOUND('',#2048,.T.);
#1149=PLANE('',#2049);
#1150=FACE_OUTER_BOUND('',#2050,.T.);
#1151=PLANE('',#2051);
#1152=FACE_OUTER_BOUND('',#2052,.T.);
#1153=PLANE('',#2053);
#1154=FACE_OUTER_BOUND('',#2054,.T.);
#1155=PLANE('',#2055);
#1156=FACE_OUTER_BOUND('',#2056,.T.);
#1157=PLANE('',#2057);
#1158=FACE_OUTER_BOUND('',#2058,.T.);
#1159=PLANE('',#2059);
#1160=FACE_BOUND('',#2060,.T.);
#1161=FACE_BOUND('',#2061,.T.);
#1162=FACE_BOUND('',#2062,.T.);
#1163=FACE_BOUND('',#2063,.T.);
#1164=FACE_BOUND('',#2064,.T.);
#1165=FACE_BOUND('',#2065,.T.);
#1166=FACE_BOUND('',#2066,.T.);
#1167=FACE_BOUND('',#2067,.T.);
#1168=FACE_BOUND('',#2068,.T.);
#1169=FACE_BOUND('',#2069,.T.);
#1170=FACE_BOUND('',#2070,.T.);
#1171=FACE_BOUND('',#2071,.T.);
#1172=FACE_BOUND('',#2072,.T.);
#1173=FACE_BOUND('',#2073,.T.);
#1174=FACE_OUTER_BOUND('',#2074,.T.);
#1175=PLANE('',#2075);
#1176=FACE_OUTER_BOUND('',#2076,.T.);
#1177=PLANE('',#2077);
#1178=FACE_OUTER_BOUND('',#2078,.T.);
#1179=PLANE('',#2079);
#1180=FACE_OUTER_BOUND('',#2080,.T.);
#1181=PLANE('',#2081);
#1182=FACE_OUTER_BOUND('',#2082,.T.);
#1183=PLANE('',#2083);
#1184=FACE_OUTER_BOUND('',#2084,.T.);
#1185=PLANE('',#2085);
#1186=FACE_OUTER_BOUND('',#2086,.T.);
#1187=PLANE('',#2087);
#1188=FACE_OUTER_BOUND('',#2088,.T.);
#1189=PLANE('',#2089);
#1190=FACE_OUTER_BOUND('',#2090,.T.);
#1191=PLANE('',#2091);
#1192=FACE_OUTER_BOUND('',#2092,.T.);
#1193=PLANE('',#2093);
#1194=FACE_OUTER_BOUND('',#2094,.T.);
#1195=PLANE('',#2095);
#1196=FACE_OUTER_BOUND('',#2096,.T.);
#1197=PLANE('',#2097);
#1198=FACE_OUTER_BOUND('',#2098,.T.);
#1199=PLANE('',#2099);
#1200=FACE_OUTER_BOUND('',#2100,.T.);
#1201=PLANE('',#2101);
#1202=FACE_OUTER_BOUND('',#2102,.T.);
#1203=PLANE('',#2103);
#1204=FACE_OUTER_BOUND('',#2104,.T.);
#1205=PLANE('',#2105);
#1206=FACE_OUTER_BOUND('',#2106,.T.);
#1207=PLANE('',#2107);
#1208=FACE_OUTER_BOUND('',#2108,.T.);
#1209=PLANE('',#2109);
#1210=FACE_OUTER_BOUND('',#2110,.T.);
#1211=PLANE('',#2111);
#1212=FACE_OUTER_BOUND('',#2112,.T.);
#1213=PLANE('',#2113);
#1214=FACE_OUTER_BOUND('',#2114,.T.);
#1215=PLANE('',#2115);
#1216=FACE_OUTER_BOUND('',#2116,.T.);
#1217=PLANE('',#2117);
#1218=FACE_OUTER_BOUND('',#2118,.T.);
#1219=PLANE('',#2119);
#1220=FACE_OUTER_BOUND('',#2120,.T.);
#1221=PLANE('',#2121);
#1222=FACE_OUTER_BOUND('',#2122,.T.);
#1223=PLANE('',#2123);
#1224=FACE_OUTER_BOUND('',#2124,.T.);
#1225=PLANE('',#2125);
#1226=FACE_OUTER_BOUND('',#2126,.T.);
#1227=PLANE('',#2127);
#1228=FACE_OUTER_BOUND('',#2128,.T.);
#1229=PLANE('',#2129);
#1230=FACE_OUTER_BOUND('',#2130,.T.);
#1231=PLANE('',#2131);
#1232=FACE_OUTER_BOUND('',#2132,.T.);
#1233=PLANE('',#2133);
#1234=FACE_OUTER_BOUND('',#2134,.T.);
#1235=PLANE('',#2135);
#1236=FACE_OUTER_BOUND('',#2136,.T.);
#1237=PLANE('',#2137);
#1238=FACE_OUTER_BOUND('',#2138,.T.);
#1239=PLANE('',#2139);
#1240=FACE_OUTER_BOUND('',#2140,.T.);
#1241=PLANE('',#2141);
#1242=FACE_OUTER_BOUND('',#2142,.T.);
#1243=PLANE('',#2143);
#1244=FACE_OUTER_BOUND('',#2144,.T.);
#1245=PLANE('',#2145);
#1246=FACE_OUTER_BOUND('',#2146,.T.);
#1247=PLANE('',#2147);
#1248=FACE_OUTER_BOUND('',#2148,.T.);
#1249=PLANE('',#2149);
#1250=FACE_OUTER_BOUND('',#2150,.T.);
#1251=PLANE('',#2151);
#1252=FACE_OUTER_BOUND('',#2152,.T.);
#1253=PLANE('',#2153);
#1254=FACE_OUTER_BOUND('',#2154,.T.);
#1255=PLANE('',#2155);
#1256=FACE_OUTER_BOUND('',#2156,.T.);
#1257=PLANE('',#2157);
#1258=FACE_OUTER_BOUND('',#2158,.T.);
#1259=PLANE('',#2159);
#1260=FACE_OUTER_BOUND('',#2160,.T.);
#1261=PLANE('',#2161);
#1262=FACE_OUTER_BOUND('',#2162,.T.);
#1263=PLANE('',#2163);
#1264=FACE_OUTER_BOUND('',#2164,.T.);
#1265=PLANE('',#2165);
#1266=FACE_OUTER_BOUND('',#2166,.T.);
#1267=PLANE('',#2167);
#1268=FACE_OUTER_BOUND('',#2168,.T.);
#1269=PLANE('',#2169);
#1270=FACE_OUTER_BOUND('',#2170,.T.);
#1271=PLANE('',#2171);
#1272=FACE_OUTER_BOUND('',#2172,.T.);
#1273=PLANE('',#2173);
#1274=FACE_OUTER_BOUND('',#2174,.T.);
#1275=PLANE('',#2175);
#1276=FACE_OUTER_BOUND('',#2176,.T.);
#1277=PLANE('',#2177);
#1278=FACE_OUTER_BOUND('',#2178,.T.);
#1279=PLANE('',#2179);
#1280=FACE_OUTER_BOUND('',#2180,.T.);
#1281=PLANE('',#2181);
#1282=FACE_OUTER_BOUND('',#2182,.T.);
#1283=PLANE('',#2183);
#1284=FACE_OUTER_BOUND('',#2184,.T.);
#1285=PLANE('',#2185);
#1286=FACE_OUTER_BOUND('',#2186,.T.);
#1287=PLANE('',#2187);
#1288=FACE_OUTER_BOUND('',#2188,.T.);
#1289=PLANE('',#2189);
#1290=FACE_OUTER_BOUND('',#2190,.T.);
#1291=PLANE('',#2191);
#1292=FACE_OUTER_BOUND('',#2192,.T.);
#1293=PLANE('',#2193);
#1294=FACE_OUTER_BOUND('',#2194,.T.);
#1295=PLANE('',#2195);
#1296=FACE_OUTER_BOUND('',#2196,.T.);
#1297=PLANE('',#2197);
#1298=FACE_OUTER_BOUND('',#2198,.T.);
#1299=PLANE('',#2199);
#1300=FACE_OUTER_BOUND('',#2200,.T.);
#1301=PLANE('',#2201);
#1302=FACE_OUTER_BOUND('',#2202,.T.);
#1303=PLANE('',#2203);
#1304=FACE_OUTER_BOUND('',#2204,.T.);
#1305=PLANE('',#2205);
#1306=FACE_OUTER_BOUND('',#2206,.T.);
#1307=PLANE('',#2207);
#1308=FACE_OUTER_BOUND('',#2208,.T.);
#1309=PLANE('',#2209);
#1310=FACE_OUTER_BOUND('',#2210,.T.);
#1311=PLANE('',#2211);
#1312=FACE_OUTER_BOUND('',#2212,.T.);
#1313=PLANE('',#2213);
#1314=FACE_OUTER_BOUND('',#2214,.T.);
#1315=PLANE('',#2215);
#1316=FACE_OUTER_BOUND('',#2216,.T.);
#1317=PLANE('',#2217);
#1318=FACE_OUTER_BOUND('',#2218,.T.);
#1319=PLANE('',#2219);
#1320=FACE_OUTER_BOUND('',#2220,.T.);
#1321=PLANE('',#2221);
#1322=FACE_OUTER_BOUND('',#2222,.T.);
#1323=PLANE('',#2223);
#1324=FACE_OUTER_BOUND('',#2224,.T.);
#1325=PLANE('',#2225);
#1326=FACE_OUTER_BOUND('',#2226,.T.);
#1327=PLANE('',#2227);
#1328=FACE_OUTER_BOUND('',#2228,.T.);
#1329=PLANE('',#2229);
#1330=FACE_OUTER_BOUND('',#2230,.T.);
#1331=PLANE('',#2231);
#1332=FACE_OUTER_BOUND('',#2232,.T.);
#1333=PLANE('',#2233);
#1334=FACE_OUTER_BOUND('',#2234,.T.);
#1335=PLANE('',#2235);
#1336=FACE_OUTER_BOUND('',#2236,.T.);
#1337=PLANE('',#2237);
#1338=FACE_OUTER_BOUND('',#2238,.T.);
#1339=PLANE('',#2239);
#1340=FACE_OUTER_BOUND('',#2240,.T.);
#1341=PLANE('',#2241);
#1342=FACE_OUTER_BOUND('',#2242,.T.);
#1343=PLANE('',#2243);
#1344=FACE_OUTER_BOUND('',#2244,.T.);
#1345=PLANE('',#2245);
#1346=FACE_OUTER_BOUND('',#2246,.T.);
#1347=PLANE('',#2247);
#1348=FACE_OUTER_BOUND('',#2248,.T.);
#1349=PLANE('',#2249);
#1350=FACE_OUTER_BOUND('',#2250,.T.);
#1351=PLANE('',#2251);
#1352=FACE_OUTER_BOUND('',#2252,.T.);
#1353=PLANE('',#2253);
#1354=FACE_OUTER_BOUND('',#2254,.T.);
#1355=PLANE('',#2255);
#1356=FACE_OUTER_BOUND('',#2256,.T.);
#1357=PLANE('',#2257);
#1358=FACE_OUTER_BOUND('',#2258,.T.);
#1359=PLANE('',#2259);
#1360=FACE_OUTER_BOUND('',#2260,.T.);
#1361=PLANE('',#2261);
#1362=FACE_OUTER_BOUND('',#2262,.T.);
#1363=PLANE('',#2263);
#1364=FACE_OUTER_BOUND('',#2264,.T.);
#1365=PLANE('',#2265);
#1366=FACE_OUTER_BOUND('',#2266,.T.);
#1367=PLANE('',#2267);
#1368=FACE_OUTER_BOUND('',#2268,.T.);
#1369=PLANE('',#2269);
#1370=FACE_OUTER_BOUND('',#2270,.T.);
#1371=PLANE('',#2271);
#1372=FACE_OUTER_BOUND('',#2272,.T.);
#1373=PLANE('',#2273);
#1374=FACE_OUTER_BOUND('',#2274,.T.);
#1375=PLANE('',#2275);
#1376=FACE_OUTER_BOUND('',#2276,.T.);
#1377=PLANE('',#2277);
#1378=FACE_OUTER_BOUND('',#2278,.T.);
#1379=PLANE('',#2279);
#1380=FACE_OUTER_BOUND('',#2280,.T.);
#1381=PLANE('',#2281);
#1382=FACE_BOUND('',#2282,.T.);
#1383=FACE_BOUND('',#2283,.T.);
#1384=FACE_BOUND('',#2284,.T.);
#1385=FACE_BOUND('',#2285,.T.);
#1386=FACE_BOUND('',#2286,.T.);
#1387=FACE_BOUND('',#2287,.T.);
#1388=FACE_BOUND('',#2288,.T.);
#1389=FACE_BOUND('',#2289,.T.);
#1390=FACE_BOUND('',#2290,.T.);
#1391=FACE_BOUND('',#2291,.T.);
#1392=FACE_BOUND('',#2292,.T.);
#1393=FACE_BOUND('',#2293,.T.);
#1394=FACE_BOUND('',#2294,.T.);
#1395=FACE_BOUND('',#2295,.T.);
#1396=FACE_OUTER_BOUND('',#2296,.T.);
#1397=PLANE('',#2297);
#1398=EDGE_LOOP('',(#2298,#2299,#2300,#2301,#2302,#2303));
#1399=AXIS2_PLACEMENT_3D('',#2304,#2305,#2306);
#1400=EDGE_LOOP('',(#2307,#2308,#2309,#2310,#2311,#2312));
#1401=AXIS2_PLACEMENT_3D('',#2313,#2314,#2315);
#1402=EDGE_LOOP('',(#2316,#2317,#2318,#2319,#2320,#2321));
#1403=AXIS2_PLACEMENT_3D('',#2322,#2323,#2324);
#1404=EDGE_LOOP('',(#2325,#2326,#2327,#2328,#2329));
#1405=AXIS2_PLACEMENT_3D('',#2330,#2331,#2332);
#1406=EDGE_LOOP('',(#2333,#2334,#2335,#2336));
#1407=AXIS2_PLACEMENT_3D('',#2337,#2338,#2339);
#1408=EDGE_LOOP('',(#2340,#2341,#2342,#2343));
#1409=AXIS2_PLACEMENT_3D('',#2344,#2345,#2346);
#1410=EDGE_LOOP('',(#2347,#2348,#2349,#2350,#2351));
#1411=AXIS2_PLACEMENT_3D('',#2352,#2353,#2354);
#1412=EDGE_LOOP('',(#2355,#2356,#2357,#2358,#2359,#2360));
#1413=AXIS2_PLACEMENT_3D('',#2361,#2362,#2363);
#1414=EDGE_LOOP('',(#2364,#2365,#2366,#2367));
#1415=AXIS2_PLACEMENT_3D('',#2368,#2369,#2370);
#1416=EDGE_LOOP('',(#2371,#2372,#2373,#2374,#2375,#2376));
#1417=AXIS2_PLACEMENT_3D('',#2377,#2378,#2379);
#1418=EDGE_LOOP('',(#2380,#2381,#2382,#2383,#2384,#2385));
#1419=AXIS2_PLACEMENT_3D('',#2386,#2387,#2388);
#1420=EDGE_LOOP('',(#2389,#2390,#2391,#2392,#2393,#2394));
#1421=AXIS2_PLACEMENT_3D('',#2395,#2396,#2397);
#1422=EDGE_LOOP('',(#2398,#2399,#2400,#2401,#2402));
#1423=AXIS2_PLACEMENT_3D('',#2403,#2404,#2405);
#1424=EDGE_LOOP('',(#2406,#2407,#2408,#2409));
#1425=AXIS2_PLACEMENT_3D('',#2410,#2411,#2412);
#1426=EDGE_LOOP('',(#2413,#2414,#2415,#2416));
#1427=AXIS2_PLACEMENT_3D('',#2417,#2418,#2419);
#1428=EDGE_LOOP('',(#2420,#2421,#2422,#2423,#2424));
#1429=AXIS2_PLACEMENT_3D('',#2425,#2426,#2427);
#1430=EDGE_LOOP('',(#2428,#2429,#2430,#2431,#2432,#2433));
#1431=AXIS2_PLACEMENT_3D('',#2434,#2435,#2436);
#1432=EDGE_LOOP('',(#2437,#2438,#2439,#2440));
#1433=AXIS2_PLACEMENT_3D('',#2441,#2442,#2443);
#1434=EDGE_LOOP('',(#2444,#2445,#2446,#2447,#2448,#2449));
#1435=AXIS2_PLACEMENT_3D('',#2450,#2451,#2452);
#1436=EDGE_LOOP('',(#2453,#2454,#2455,#2456,#2457,#2458));
#1437=AXIS2_PLACEMENT_3D('',#2459,#2460,#2461);
#1438=EDGE_LOOP('',(#2462,#2463,#2464,#2465,#2466,#2467));
#1439=AXIS2_PLACEMENT_3D('',#2468,#2469,#2470);
#1440=EDGE_LOOP('',(#2471,#2472,#2473,#2474,#2475));
#1441=AXIS2_PLACEMENT_3D('',#2476,#2477,#2478);
#1442=EDGE_LOOP('',(#2479,#2480,#2481,#2482));
#1443=AXIS2_PLACEMENT_3D('',#2483,#2484,#2485);
#1444=EDGE_LOOP('',(#2486,#2487,#2488,#2489));
#1445=AXIS2_PLACEMENT_3D('',#2490,#2491,#2492);
#1446=EDGE_LOOP('',(#2493,#2494,#2495,#2496,#2497));
#1447=AXIS2_PLACEMENT_3D('',#2498,#2499,#2500);
#1448=EDGE_LOOP('',(#2501,#2502,#2503,#2504,#2505,#2506));
#1449=AXIS2_PLACEMENT_3D('',#2507,#2508,#2509);
#1450=EDGE_LOOP('',(#2510,#2511,#2512,#2513));
#1451=AXIS2_PLACEMENT_3D('',#2514,#2515,#2516);
#1452=EDGE_LOOP('',(#2517,#2518,#2519,#2520,#2521,#2522));
#1453=AXIS2_PLACEMENT_3D('',#2523,#2524,#2525);
#1454=EDGE_LOOP('',(#2526,#2527,#2528,#2529,#2530,#2531));
#1455=AXIS2_PLACEMENT_3D('',#2532,#2533,#2534);
#1456=EDGE_LOOP('',(#2535,#2536,#2537,#2538,#2539,#2540));
#1457=AXIS2_PLACEMENT_3D('',#2541,#2542,#2543);
#1458=EDGE_LOOP('',(#2544,#2545,#2546,#2547,#2548));
#1459=AXIS2_PLACEMENT_3D('',#2549,#2550,#2551);
#1460=EDGE_LOOP('',(#2552,#2553,#2554,#2555));
#1461=AXIS2_PLACEMENT_3D('',#2556,#2557,#2558);
#1462=EDGE_LOOP('',(#2559,#2560,#2561,#2562));
#1463=AXIS2_PLACEMENT_3D('',#2563,#2564,#2565);
#1464=EDGE_LOOP('',(#2566,#2567,#2568,#2569,#2570));
#1465=AXIS2_PLACEMENT_3D('',#2571,#2572,#2573);
#1466=EDGE_LOOP('',(#2574,#2575,#2576,#2577,#2578,#2579));
#1467=AXIS2_PLACEMENT_3D('',#2580,#2581,#2582);
#1468=EDGE_LOOP('',(#2583,#2584,#2585,#2586));
#1469=AXIS2_PLACEMENT_3D('',#2587,#2588,#2589);
#1470=EDGE_LOOP('',(#2590,#2591,#2592,#2593,#2594,#2595));
#1471=AXIS2_PLACEMENT_3D('',#2596,#2597,#2598);
#1472=EDGE_LOOP('',(#2599,#2600,#2601,#2602,#2603,#2604));
#1473=AXIS2_PLACEMENT_3D('',#2605,#2606,#2607);
#1474=EDGE_LOOP('',(#2608,#2609,#2610,#2611,#2612,#2613));
#1475=AXIS2_PLACEMENT_3D('',#2614,#2615,#2616);
#1476=EDGE_LOOP('',(#2617,#2618,#2619,#2620,#2621));
#1477=AXIS2_PLACEMENT_3D('',#2622,#2623,#2624);
#1478=EDGE_LOOP('',(#2625,#2626,#2627,#2628));
#1479=AXIS2_PLACEMENT_3D('',#2629,#2630,#2631);
#1480=EDGE_LOOP('',(#2632,#2633,#2634,#2635));
#1481=AXIS2_PLACEMENT_3D('',#2636,#2637,#2638);
#1482=EDGE_LOOP('',(#2639,#2640,#2641,#2642,#2643));
#1483=AXIS2_PLACEMENT_3D('',#2644,#2645,#2646);
#1484=EDGE_LOOP('',(#2647,#2648,#2649,#2650,#2651,#2652));
#1485=AXIS2_PLACEMENT_3D('',#2653,#2654,#2655);
#1486=EDGE_LOOP('',(#2656,#2657,#2658,#2659));
#1487=AXIS2_PLACEMENT_3D('',#2660,#2661,#2662);
#1488=EDGE_LOOP('',(#2663,#2664,#2665,#2666,#2667,#2668));
#1489=AXIS2_PLACEMENT_3D('',#2669,#2670,#2671);
#1490=EDGE_LOOP('',(#2672,#2673,#2674,#2675,#2676,#2677));
#1491=AXIS2_PLACEMENT_3D('',#2678,#2679,#2680);
#1492=EDGE_LOOP('',(#2681,#2682,#2683,#2684,#2685,#2686));
#1493=AXIS2_PLACEMENT_3D('',#2687,#2688,#2689);
#1494=EDGE_LOOP('',(#2690,#2691,#2692,#2693,#2694));
#1495=AXIS2_PLACEMENT_3D('',#2695,#2696,#2697);
#1496=EDGE_LOOP('',(#2698,#2699,#2700,#2701));
#1497=AXIS2_PLACEMENT_3D('',#2702,#2703,#2704);
#1498=EDGE_LOOP('',(#2705,#2706,#2707,#2708));
#1499=AXIS2_PLACEMENT_3D('',#2709,#2710,#2711);
#1500=EDGE_LOOP('',(#2712,#2713,#2714,#2715,#2716));
#1501=AXIS2_PLACEMENT_3D('',#2717,#2718,#2719);
#1502=EDGE_LOOP('',(#2720,#2721,#2722,#2723,#2724,#2725));
#1503=AXIS2_PLACEMENT_3D('',#2726,#2727,#2728);
#1504=EDGE_LOOP('',(#2729,#2730,#2731,#2732));
#1505=AXIS2_PLACEMENT_3D('',#2733,#2734,#2735);
#1506=EDGE_LOOP('',(#2736,#2737,#2738,#2739,#2740,#2741));
#1507=AXIS2_PLACEMENT_3D('',#2742,#2743,#2744);
#1508=EDGE_LOOP('',(#2745,#2746,#2747,#2748,#2749,#2750));
#1509=AXIS2_PLACEMENT_3D('',#2751,#2752,#2753);
#1510=EDGE_LOOP('',(#2754,#2755,#2756,#2757,#2758,#2759));
#1511=AXIS2_PLACEMENT_3D('',#2760,#2761,#2762);
#1512=EDGE_LOOP('',(#2763,#2764,#2765,#2766,#2767));
#1513=AXIS2_PLACEMENT_3D('',#2768,#2769,#2770);
#1514=EDGE_LOOP('',(#2771,#2772,#2773,#2774));
#1515=AXIS2_PLACEMENT_3D('',#2775,#2776,#2777);
#1516=EDGE_LOOP('',(#2778,#2779,#2780,#2781));
#1517=AXIS2_PLACEMENT_3D('',#2782,#2783,#2784);
#1518=EDGE_LOOP('',(#2785,#2786,#2787,#2788,#2789));
#1519=AXIS2_PLACEMENT_3D('',#2790,#2791,#2792);
#1520=EDGE_LOOP('',(#2793,#2794,#2795,#2796,#2797,#2798));
#1521=AXIS2_PLACEMENT_3D('',#2799,#2800,#2801);
#1522=EDGE_LOOP('',(#2802,#2803,#2804,#2805));
#1523=AXIS2_PLACEMENT_3D('',#2806,#2807,#2808);
#1524=EDGE_LOOP('',(#2809,#2810,#2811,#2812,#2813,#2814));
#1525=AXIS2_PLACEMENT_3D('',#2815,#2816,#2817);
#1526=EDGE_LOOP('',(#2818,#2819,#2820,#2821,#2822,#2823));
#1527=AXIS2_PLACEMENT_3D('',#2824,#2825,#2826);
#1528=EDGE_LOOP('',(#2827,#2828,#2829,#2830,#2831,#2832));
#1529=AXIS2_PLACEMENT_3D('',#2833,#2834,#2835);
#1530=EDGE_LOOP('',(#2836,#2837,#2838,#2839,#2840));
#1531=AXIS2_PLACEMENT_3D('',#2841,#2842,#2843);
#1532=EDGE_LOOP('',(#2844,#2845,#2846,#2847));
#1533=AXIS2_PLACEMENT_3D('',#2848,#2849,#2850);
#1534=EDGE_LOOP('',(#2851,#2852,#2853,#2854));
#1535=AXIS2_PLACEMENT_3D('',#2855,#2856,#2857);
#1536=EDGE_LOOP('',(#2858,#2859,#2860,#2861,#2862));
#1537=AXIS2_PLACEMENT_3D('',#2863,#2864,#2865);
#1538=EDGE_LOOP('',(#2866,#2867,#2868,#2869,#2870,#2871));
#1539=AXIS2_PLACEMENT_3D('',#2872,#2873,#2874);
#1540=EDGE_LOOP('',(#2875,#2876,#2877,#2878));
#1541=AXIS2_PLACEMENT_3D('',#2879,#2880,#2881);
#1542=EDGE_LOOP('',(#2882,#2883,#2884,#2885,#2886,#2887));
#1543=AXIS2_PLACEMENT_3D('',#2888,#2889,#2890);
#1544=EDGE_LOOP('',(#2891,#2892,#2893,#2894,#2895,#2896));
#1545=AXIS2_PLACEMENT_3D('',#2897,#2898,#2899);
#1546=EDGE_LOOP('',(#2900,#2901,#2902,#2903,#2904,#2905));
#1547=AXIS2_PLACEMENT_3D('',#2906,#2907,#2908);
#1548=EDGE_LOOP('',(#2909,#2910,#2911,#2912,#2913));
#1549=AXIS2_PLACEMENT_3D('',#2914,#2915,#2916);
#1550=EDGE_LOOP('',(#2917,#2918,#2919,#2920));
#1551=AXIS2_PLACEMENT_3D('',#2921,#2922,#2923);
#1552=EDGE_LOOP('',(#2924,#2925,#2926,#2927));
#1553=AXIS2_PLACEMENT_3D('',#2928,#2929,#2930);
#1554=EDGE_LOOP('',(#2931,#2932,#2933,#2934,#2935));
#1555=AXIS2_PLACEMENT_3D('',#2936,#2937,#2938);
#1556=EDGE_LOOP('',(#2939,#2940,#2941,#2942,#2943,#2944));
#1557=AXIS2_PLACEMENT_3D('',#2945,#2946,#2947);
#1558=EDGE_LOOP('',(#2948,#2949,#2950,#2951));
#1559=AXIS2_PLACEMENT_3D('',#2952,#2953,#2954);
#1560=EDGE_LOOP('',(#2955,#2956,#2957,#2958,#2959,#2960));
#1561=AXIS2_PLACEMENT_3D('',#2961,#2962,#2963);
#1562=EDGE_LOOP('',(#2964,#2965,#2966,#2967,#2968,#2969));
#1563=AXIS2_PLACEMENT_3D('',#2970,#2971,#2972);
#1564=EDGE_LOOP('',(#2973,#2974,#2975,#2976,#2977,#2978));
#1565=AXIS2_PLACEMENT_3D('',#2979,#2980,#2981);
#1566=EDGE_LOOP('',(#2982,#2983,#2984,#2985,#2986));
#1567=AXIS2_PLACEMENT_3D('',#2987,#2988,#2989);
#1568=EDGE_LOOP('',(#2990,#2991,#2992,#2993));
#1569=AXIS2_PLACEMENT_3D('',#2994,#2995,#2996);
#1570=EDGE_LOOP('',(#2997,#2998,#2999,#3000));
#1571=AXIS2_PLACEMENT_3D('',#3001,#3002,#3003);
#1572=EDGE_LOOP('',(#3004,#3005,#3006,#3007,#3008));
#1573=AXIS2_PLACEMENT_3D('',#3009,#3010,#3011);
#1574=EDGE_LOOP('',(#3012,#3013,#3014,#3015,#3016,#3017));
#1575=AXIS2_PLACEMENT_3D('',#3018,#3019,#3020);
#1576=EDGE_LOOP('',(#3021,#3022,#3023,#3024));
#1577=AXIS2_PLACEMENT_3D('',#3025,#3026,#3027);
#1578=EDGE_LOOP('',(#3028,#3029,#3030,#3031,#3032,#3033));
#1579=AXIS2_PLACEMENT_3D('',#3034,#3035,#3036);
#1580=EDGE_LOOP('',(#3037,#3038,#3039,#3040,#3041,#3042));
#1581=AXIS2_PLACEMENT_3D('',#3043,#3044,#3045);
#1582=EDGE_LOOP('',(#3046,#3047,#3048,#3049,#3050,#3051));
#1583=AXIS2_PLACEMENT_3D('',#3052,#3053,#3054);
#1584=EDGE_LOOP('',(#3055,#3056,#3057,#3058,#3059));
#1585=AXIS2_PLACEMENT_3D('',#3060,#3061,#3062);
#1586=EDGE_LOOP('',(#3063,#3064,#3065,#3066));
#1587=AXIS2_PLACEMENT_3D('',#3067,#3068,#3069);
#1588=EDGE_LOOP('',(#3070,#3071,#3072,#3073));
#1589=AXIS2_PLACEMENT_3D('',#3074,#3075,#3076);
#1590=EDGE_LOOP('',(#3077,#3078,#3079,#3080,#3081));
#1591=AXIS2_PLACEMENT_3D('',#3082,#3083,#3084);
#1592=EDGE_LOOP('',(#3085,#3086,#3087,#3088,#3089,#3090));
#1593=AXIS2_PLACEMENT_3D('',#3091,#3092,#3093);
#1594=EDGE_LOOP('',(#3094,#3095,#3096,#3097));
#1595=AXIS2_PLACEMENT_3D('',#3098,#3099,#3100);
#1596=EDGE_LOOP('',(#3101,#3102,#3103,#3104,#3105,#3106));
#1597=AXIS2_PLACEMENT_3D('',#3107,#3108,#3109);
#1598=EDGE_LOOP('',(#3110,#3111,#3112,#3113,#3114,#3115));
#1599=AXIS2_PLACEMENT_3D('',#3116,#3117,#3118);
#1600=EDGE_LOOP('',(#3119,#3120,#3121,#3122,#3123,#3124));
#1601=AXIS2_PLACEMENT_3D('',#3125,#3126,#3127);
#1602=EDGE_LOOP('',(#3128,#3129,#3130,#3131,#3132));
#1603=AXIS2_PLACEMENT_3D('',#3133,#3134,#3135);
#1604=EDGE_LOOP('',(#3136,#3137,#3138,#3139));
#1605=AXIS2_PLACEMENT_3D('',#3140,#3141,#3142);
#1606=EDGE_LOOP('',(#3143,#3144,#3145,#3146));
#1607=AXIS2_PLACEMENT_3D('',#3147,#3148,#3149);
#1608=EDGE_LOOP('',(#3150,#3151,#3152,#3153,#3154));
#1609=AXIS2_PLACEMENT_3D('',#3155,#3156,#3157);
#1610=EDGE_LOOP('',(#3158,#3159,#3160,#3161,#3162,#3163));
#1611=AXIS2_PLACEMENT_3D('',#3164,#3165,#3166);
#1612=EDGE_LOOP('',(#3167,#3168,#3169,#3170));
#1613=AXIS2_PLACEMENT_3D('',#3171,#3172,#3173);
#1614=EDGE_LOOP('',(#3174,#3175,#3176,#3177,#3178,#3179));
#1615=AXIS2_PLACEMENT_3D('',#3180,#3181,#3182);
#1616=EDGE_LOOP('',(#3183,#3184,#3185,#3186,#3187,#3188));
#1617=AXIS2_PLACEMENT_3D('',#3189,#3190,#3191);
#1618=EDGE_LOOP('',(#3192,#3193,#3194,#3195,#3196,#3197));
#1619=AXIS2_PLACEMENT_3D('',#3198,#3199,#3200);
#1620=EDGE_LOOP('',(#3201,#3202,#3203,#3204,#3205));
#1621=AXIS2_PLACEMENT_3D('',#3206,#3207,#3208);
#1622=EDGE_LOOP('',(#3209,#3210,#3211,#3212));
#1623=AXIS2_PLACEMENT_3D('',#3213,#3214,#3215);
#1624=EDGE_LOOP('',(#3216,#3217,#3218,#3219));
#1625=AXIS2_PLACEMENT_3D('',#3220,#3221,#3222);
#1626=EDGE_LOOP('',(#3223,#3224,#3225,#3226,#3227));
#1627=AXIS2_PLACEMENT_3D('',#3228,#3229,#3230);
#1628=EDGE_LOOP('',(#3231,#3232,#3233,#3234,#3235,#3236));
#1629=AXIS2_PLACEMENT_3D('',#3237,#3238,#3239);
#1630=EDGE_LOOP('',(#3240,#3241,#3242,#3243));
#1631=AXIS2_PLACEMENT_3D('',#3244,#3245,#3246);
#1632=EDGE_LOOP('',(#3247,#3248,#3249,#3250,#3251,#3252));
#1633=AXIS2_PLACEMENT_3D('',#3253,#3254,#3255);
#1634=EDGE_LOOP('',(#3256,#3257,#3258,#3259,#3260,#3261));
#1635=AXIS2_PLACEMENT_3D('',#3262,#3263,#3264);
#1636=EDGE_LOOP('',(#3265,#3266,#3267,#3268,#3269,#3270));
#1637=AXIS2_PLACEMENT_3D('',#3271,#3272,#3273);
#1638=EDGE_LOOP('',(#3274,#3275,#3276,#3277,#3278));
#1639=AXIS2_PLACEMENT_3D('',#3279,#3280,#3281);
#1640=EDGE_LOOP('',(#3282,#3283,#3284,#3285));
#1641=AXIS2_PLACEMENT_3D('',#3286,#3287,#3288);
#1642=EDGE_LOOP('',(#3289,#3290,#3291,#3292));
#1643=AXIS2_PLACEMENT_3D('',#3293,#3294,#3295);
#1644=EDGE_LOOP('',(#3296,#3297,#3298,#3299,#3300));
#1645=AXIS2_PLACEMENT_3D('',#3301,#3302,#3303);
#1646=EDGE_LOOP('',(#3304,#3305,#3306,#3307,#3308,#3309));
#1647=AXIS2_PLACEMENT_3D('',#3310,#3311,#3312);
#1648=EDGE_LOOP('',(#3313,#3314,#3315,#3316));
#1649=AXIS2_PLACEMENT_3D('',#3317,#3318,#3319);
#1650=EDGE_LOOP('',(#3320,#3321,#3322,#3323));
#1651=AXIS2_PLACEMENT_3D('',#3324,#3325,#3326);
#1652=EDGE_LOOP('',(#3327,#3328,#3329,#3330,#3331,#3332));
#1653=AXIS2_PLACEMENT_3D('',#3333,#3334,#3335);
#1654=EDGE_LOOP('',(#3336,#3337,#3338,#3339,#3340,#3341));
#1655=AXIS2_PLACEMENT_3D('',#3342,#3343,#3344);
#1656=EDGE_LOOP('',(#3345,#3346));
#1657=EDGE_LOOP('',(#3347,#3348,#3349));
#1658=AXIS2_PLACEMENT_3D('',#3350,#3351,#3352);
#1659=EDGE_LOOP('',(#3353,#3354,#3355,#3356));
#1660=AXIS2_PLACEMENT_3D('',#3357,#3358,#3359);
#1661=EDGE_LOOP('',(#3360,#3361,#3362,#3363));
#1662=AXIS2_PLACEMENT_3D('',#3364,#3365,#3366);
#1663=EDGE_LOOP('',(#3367,#3368,#3369));
#1664=EDGE_LOOP('',(#3370,#3371));
#1665=AXIS2_PLACEMENT_3D('',#3372,#3373,#3374);
#1666=EDGE_LOOP('',(#3375,#3376,#3377,#3378,#3379,#3380));
#1667=AXIS2_PLACEMENT_3D('',#3381,#3382,#3383);
#1668=EDGE_LOOP('',(#3384,#3385,#3386,#3387,#3388,#3389));
#1669=AXIS2_PLACEMENT_3D('',#3390,#3391,#3392);
#1670=EDGE_LOOP('',(#3393,#3394,#3395,#3396,#3397));
#1671=AXIS2_PLACEMENT_3D('',#3398,#3399,#3400);
#1672=EDGE_LOOP('',(#3401,#3402,#3403));
#1673=AXIS2_PLACEMENT_3D('',#3404,#3405,#3406);
#1674=EDGE_LOOP('',(#3407,#3408,#3409));
#1675=AXIS2_PLACEMENT_3D('',#3410,#3411,#3412);
#1676=EDGE_LOOP('',(#3413,#3414,#3415,#3416,#3417));
#1677=AXIS2_PLACEMENT_3D('',#3418,#3419,#3420);
#1678=EDGE_LOOP('',(#3421,#3422,#3423,#3424));
#1679=AXIS2_PLACEMENT_3D('',#3425,#3426,#3427);
#1680=EDGE_LOOP('',(#3428,#3429,#3430,#3431,#3432,#3433));
#1681=AXIS2_PLACEMENT_3D('',#3434,#3435,#3436);
#1682=EDGE_LOOP('',(#3437,#3438,#3439,#3440,#3441,#3442));
#1683=AXIS2_PLACEMENT_3D('',#3443,#3444,#3445);
#1684=EDGE_LOOP('',(#3446,#3447));
#1685=EDGE_LOOP('',(#3448,#3449,#3450));
#1686=AXIS2_PLACEMENT_3D('',#3451,#3452,#3453);
#1687=EDGE_LOOP('',(#3454,#3455,#3456,#3457));
#1688=AXIS2_PLACEMENT_3D('',#3458,#3459,#3460);
#1689=EDGE_LOOP('',(#3461,#3462,#3463,#3464));
#1690=AXIS2_PLACEMENT_3D('',#3465,#3466,#3467);
#1691=EDGE_LOOP('',(#3468,#3469,#3470));
#1692=EDGE_LOOP('',(#3471,#3472));
#1693=AXIS2_PLACEMENT_3D('',#3473,#3474,#3475);
#1694=EDGE_LOOP('',(#3476,#3477,#3478,#3479,#3480,#3481));
#1695=AXIS2_PLACEMENT_3D('',#3482,#3483,#3484);
#1696=EDGE_LOOP('',(#3485,#3486,#3487,#3488,#3489,#3490));
#1697=AXIS2_PLACEMENT_3D('',#3491,#3492,#3493);
#1698=EDGE_LOOP('',(#3494,#3495,#3496,#3497,#3498));
#1699=AXIS2_PLACEMENT_3D('',#3499,#3500,#3501);
#1700=EDGE_LOOP('',(#3502,#3503,#3504));
#1701=AXIS2_PLACEMENT_3D('',#3505,#3506,#3507);
#1702=EDGE_LOOP('',(#3508,#3509,#3510));
#1703=AXIS2_PLACEMENT_3D('',#3511,#3512,#3513);
#1704=EDGE_LOOP('',(#3514,#3515,#3516,#3517,#3518));
#1705=AXIS2_PLACEMENT_3D('',#3519,#3520,#3521);
#1706=EDGE_LOOP('',(#3522,#3523,#3524,#3525));
#1707=AXIS2_PLACEMENT_3D('',#3526,#3527,#3528);
#1708=EDGE_LOOP('',(#3529,#3530,#3531,#3532,#3533,#3534));
#1709=AXIS2_PLACEMENT_3D('',#3535,#3536,#3537);
#1710=EDGE_LOOP('',(#3538,#3539,#3540,#3541,#3542,#3543));
#1711=AXIS2_PLACEMENT_3D('',#3544,#3545,#3546);
#1712=EDGE_LOOP('',(#3547,#3548));
#1713=EDGE_LOOP('',(#3549,#3550,#3551));
#1714=AXIS2_PLACEMENT_3D('',#3552,#3553,#3554);
#1715=EDGE_LOOP('',(#3555,#3556,#3557,#3558));
#1716=AXIS2_PLACEMENT_3D('',#3559,#3560,#3561);
#1717=EDGE_LOOP('',(#3562,#3563,#3564,#3565));
#1718=AXIS2_PLACEMENT_3D('',#3566,#3567,#3568);
#1719=EDGE_LOOP('',(#3569,#3570,#3571));
#1720=EDGE_LOOP('',(#3572,#3573));
#1721=AXIS2_PLACEMENT_3D('',#3574,#3575,#3576);
#1722=EDGE_LOOP('',(#3577,#3578,#3579,#3580,#3581,#3582));
#1723=AXIS2_PLACEMENT_3D('',#3583,#3584,#3585);
#1724=EDGE_LOOP('',(#3586,#3587,#3588,#3589,#3590,#3591));
#1725=AXIS2_PLACEMENT_3D('',#3592,#3593,#3594);
#1726=EDGE_LOOP('',(#3595,#3596,#3597,#3598,#3599));
#1727=AXIS2_PLACEMENT_3D('',#3600,#3601,#3602);
#1728=EDGE_LOOP('',(#3603,#3604,#3605));
#1729=AXIS2_PLACEMENT_3D('',#3606,#3607,#3608);
#1730=EDGE_LOOP('',(#3609,#3610,#3611));
#1731=AXIS2_PLACEMENT_3D('',#3612,#3613,#3614);
#1732=EDGE_LOOP('',(#3615,#3616,#3617,#3618,#3619));
#1733=AXIS2_PLACEMENT_3D('',#3620,#3621,#3622);
#1734=EDGE_LOOP('',(#3623,#3624,#3625,#3626));
#1735=AXIS2_PLACEMENT_3D('',#3627,#3628,#3629);
#1736=EDGE_LOOP('',(#3630,#3631,#3632,#3633,#3634,#3635));
#1737=AXIS2_PLACEMENT_3D('',#3636,#3637,#3638);
#1738=EDGE_LOOP('',(#3639,#3640,#3641,#3642,#3643,#3644));
#1739=AXIS2_PLACEMENT_3D('',#3645,#3646,#3647);
#1740=EDGE_LOOP('',(#3648,#3649));
#1741=EDGE_LOOP('',(#3650,#3651,#3652));
#1742=AXIS2_PLACEMENT_3D('',#3653,#3654,#3655);
#1743=EDGE_LOOP('',(#3656,#3657,#3658,#3659));
#1744=AXIS2_PLACEMENT_3D('',#3660,#3661,#3662);
#1745=EDGE_LOOP('',(#3663,#3664,#3665,#3666));
#1746=AXIS2_PLACEMENT_3D('',#3667,#3668,#3669);
#1747=EDGE_LOOP('',(#3670,#3671,#3672));
#1748=EDGE_LOOP('',(#3673,#3674));
#1749=AXIS2_PLACEMENT_3D('',#3675,#3676,#3677);
#1750=EDGE_LOOP('',(#3678,#3679,#3680,#3681,#3682,#3683));
#1751=AXIS2_PLACEMENT_3D('',#3684,#3685,#3686);
#1752=EDGE_LOOP('',(#3687,#3688,#3689,#3690,#3691,#3692));
#1753=AXIS2_PLACEMENT_3D('',#3693,#3694,#3695);
#1754=EDGE_LOOP('',(#3696,#3697,#3698,#3699,#3700));
#1755=AXIS2_PLACEMENT_3D('',#3701,#3702,#3703);
#1756=EDGE_LOOP('',(#3704,#3705,#3706));
#1757=AXIS2_PLACEMENT_3D('',#3707,#3708,#3709);
#1758=EDGE_LOOP('',(#3710,#3711,#3712));
#1759=AXIS2_PLACEMENT_3D('',#3713,#3714,#3715);
#1760=EDGE_LOOP('',(#3716,#3717,#3718,#3719,#3720));
#1761=AXIS2_PLACEMENT_3D('',#3721,#3722,#3723);
#1762=EDGE_LOOP('',(#3724,#3725,#3726,#3727));
#1763=AXIS2_PLACEMENT_3D('',#3728,#3729,#3730);
#1764=EDGE_LOOP('',(#3731,#3732,#3733,#3734,#3735,#3736));
#1765=AXIS2_PLACEMENT_3D('',#3737,#3738,#3739);
#1766=EDGE_LOOP('',(#3740,#3741,#3742,#3743,#3744,#3745));
#1767=AXIS2_PLACEMENT_3D('',#3746,#3747,#3748);
#1768=EDGE_LOOP('',(#3749,#3750));
#1769=EDGE_LOOP('',(#3751,#3752,#3753));
#1770=AXIS2_PLACEMENT_3D('',#3754,#3755,#3756);
#1771=EDGE_LOOP('',(#3757,#3758,#3759,#3760));
#1772=AXIS2_PLACEMENT_3D('',#3761,#3762,#3763);
#1773=EDGE_LOOP('',(#3764,#3765,#3766,#3767));
#1774=AXIS2_PLACEMENT_3D('',#3768,#3769,#3770);
#1775=EDGE_LOOP('',(#3771,#3772,#3773));
#1776=EDGE_LOOP('',(#3774,#3775));
#1777=AXIS2_PLACEMENT_3D('',#3776,#3777,#3778);
#1778=EDGE_LOOP('',(#3779,#3780,#3781,#3782,#3783,#3784));
#1779=AXIS2_PLACEMENT_3D('',#3785,#3786,#3787);
#1780=EDGE_LOOP('',(#3788,#3789,#3790,#3791,#3792,#3793));
#1781=AXIS2_PLACEMENT_3D('',#3794,#3795,#3796);
#1782=EDGE_LOOP('',(#3797,#3798,#3799,#3800,#3801));
#1783=AXIS2_PLACEMENT_3D('',#3802,#3803,#3804);
#1784=EDGE_LOOP('',(#3805,#3806,#3807));
#1785=AXIS2_PLACEMENT_3D('',#3808,#3809,#3810);
#1786=EDGE_LOOP('',(#3811,#3812,#3813));
#1787=AXIS2_PLACEMENT_3D('',#3814,#3815,#3816);
#1788=EDGE_LOOP('',(#3817,#3818,#3819,#3820,#3821));
#1789=AXIS2_PLACEMENT_3D('',#3822,#3823,#3824);
#1790=EDGE_LOOP('',(#3825,#3826,#3827,#3828));
#1791=AXIS2_PLACEMENT_3D('',#3829,#3830,#3831);
#1792=EDGE_LOOP('',(#3832,#3833,#3834,#3835,#3836,#3837));
#1793=AXIS2_PLACEMENT_3D('',#3838,#3839,#3840);
#1794=EDGE_LOOP('',(#3841,#3842,#3843,#3844,#3845,#3846));
#1795=AXIS2_PLACEMENT_3D('',#3847,#3848,#3849);
#1796=EDGE_LOOP('',(#3850,#3851));
#1797=EDGE_LOOP('',(#3852,#3853,#3854));
#1798=AXIS2_PLACEMENT_3D('',#3855,#3856,#3857);
#1799=EDGE_LOOP('',(#3858,#3859,#3860,#3861));
#1800=AXIS2_PLACEMENT_3D('',#3862,#3863,#3864);
#1801=EDGE_LOOP('',(#3865,#3866,#3867,#3868));
#1802=AXIS2_PLACEMENT_3D('',#3869,#3870,#3871);
#1803=EDGE_LOOP('',(#3872,#3873,#3874));
#1804=EDGE_LOOP('',(#3875,#3876));
#1805=AXIS2_PLACEMENT_3D('',#3877,#3878,#3879);
#1806=EDGE_LOOP('',(#3880,#3881,#3882,#3883,#3884,#3885));
#1807=AXIS2_PLACEMENT_3D('',#3886,#3887,#3888);
#1808=EDGE_LOOP('',(#3889,#3890,#3891,#3892,#3893,#3894));
#1809=AXIS2_PLACEMENT_3D('',#3895,#3896,#3897);
#1810=EDGE_LOOP('',(#3898,#3899,#3900,#3901,#3902));
#1811=AXIS2_PLACEMENT_3D('',#3903,#3904,#3905);
#1812=EDGE_LOOP('',(#3906,#3907,#3908));
#1813=AXIS2_PLACEMENT_3D('',#3909,#3910,#3911);
#1814=EDGE_LOOP('',(#3912,#3913,#3914));
#1815=AXIS2_PLACEMENT_3D('',#3915,#3916,#3917);
#1816=EDGE_LOOP('',(#3918,#3919,#3920,#3921,#3922));
#1817=AXIS2_PLACEMENT_3D('',#3923,#3924,#3925);
#1818=EDGE_LOOP('',(#3926,#3927,#3928,#3929));
#1819=AXIS2_PLACEMENT_3D('',#3930,#3931,#3932);
#1820=EDGE_LOOP('',(#3933,#3934,#3935,#3936,#3937,#3938));
#1821=AXIS2_PLACEMENT_3D('',#3939,#3940,#3941);
#1822=EDGE_LOOP('',(#3942,#3943,#3944,#3945,#3946,#3947));
#1823=AXIS2_PLACEMENT_3D('',#3948,#3949,#3950);
#1824=EDGE_LOOP('',(#3951,#3952));
#1825=EDGE_LOOP('',(#3953,#3954,#3955));
#1826=AXIS2_PLACEMENT_3D('',#3956,#3957,#3958);
#1827=EDGE_LOOP('',(#3959,#3960,#3961,#3962));
#1828=AXIS2_PLACEMENT_3D('',#3963,#3964,#3965);
#1829=EDGE_LOOP('',(#3966,#3967,#3968,#3969));
#1830=AXIS2_PLACEMENT_3D('',#3970,#3971,#3972);
#1831=EDGE_LOOP('',(#3973,#3974,#3975));
#1832=EDGE_LOOP('',(#3976,#3977));
#1833=AXIS2_PLACEMENT_3D('',#3978,#3979,#3980);
#1834=EDGE_LOOP('',(#3981,#3982,#3983,#3984,#3985,#3986));
#1835=AXIS2_PLACEMENT_3D('',#3987,#3988,#3989);
#1836=EDGE_LOOP('',(#3990,#3991,#3992,#3993,#3994,#3995));
#1837=AXIS2_PLACEMENT_3D('',#3996,#3997,#3998);
#1838=EDGE_LOOP('',(#3999,#4000,#4001,#4002,#4003));
#1839=AXIS2_PLACEMENT_3D('',#4004,#4005,#4006);
#1840=EDGE_LOOP('',(#4007,#4008,#4009));
#1841=AXIS2_PLACEMENT_3D('',#4010,#4011,#4012);
#1842=EDGE_LOOP('',(#4013,#4014,#4015));
#1843=AXIS2_PLACEMENT_3D('',#4016,#4017,#4018);
#1844=EDGE_LOOP('',(#4019,#4020,#4021,#4022,#4023));
#1845=AXIS2_PLACEMENT_3D('',#4024,#4025,#4026);
#1846=EDGE_LOOP('',(#4027,#4028,#4029,#4030));
#1847=AXIS2_PLACEMENT_3D('',#4031,#4032,#4033);
#1848=EDGE_LOOP('',(#4034,#4035,#4036,#4037,#4038,#4039));
#1849=AXIS2_PLACEMENT_3D('',#4040,#4041,#4042);
#1850=EDGE_LOOP('',(#4043,#4044,#4045,#4046,#4047,#4048));
#1851=AXIS2_PLACEMENT_3D('',#4049,#4050,#4051);
#1852=EDGE_LOOP('',(#4052,#4053));
#1853=EDGE_LOOP('',(#4054,#4055,#4056));
#1854=AXIS2_PLACEMENT_3D('',#4057,#4058,#4059);
#1855=EDGE_LOOP('',(#4060,#4061,#4062,#4063));
#1856=AXIS2_PLACEMENT_3D('',#4064,#4065,#4066);
#1857=EDGE_LOOP('',(#4067,#4068,#4069,#4070));
#1858=AXIS2_PLACEMENT_3D('',#4071,#4072,#4073);
#1859=EDGE_LOOP('',(#4074,#4075,#4076));
#1860=EDGE_LOOP('',(#4077,#4078));
#1861=AXIS2_PLACEMENT_3D('',#4079,#4080,#4081);
#1862=EDGE_LOOP('',(#4082,#4083,#4084,#4085,#4086,#4087));
#1863=AXIS2_PLACEMENT_3D('',#4088,#4089,#4090);
#1864=EDGE_LOOP('',(#4091,#4092,#4093,#4094,#4095,#4096));
#1865=AXIS2_PLACEMENT_3D('',#4097,#4098,#4099);
#1866=EDGE_LOOP('',(#4100,#4101,#4102,#4103,#4104));
#1867=AXIS2_PLACEMENT_3D('',#4105,#4106,#4107);
#1868=EDGE_LOOP('',(#4108,#4109,#4110));
#1869=AXIS2_PLACEMENT_3D('',#4111,#4112,#4113);
#1870=EDGE_LOOP('',(#4114,#4115,#4116));
#1871=AXIS2_PLACEMENT_3D('',#4117,#4118,#4119);
#1872=EDGE_LOOP('',(#4120,#4121,#4122,#4123,#4124));
#1873=AXIS2_PLACEMENT_3D('',#4125,#4126,#4127);
#1874=EDGE_LOOP('',(#4128,#4129,#4130,#4131));
#1875=AXIS2_PLACEMENT_3D('',#4132,#4133,#4134);
#1876=EDGE_LOOP('',(#4135,#4136,#4137,#4138,#4139,#4140));
#1877=AXIS2_PLACEMENT_3D('',#4141,#4142,#4143);
#1878=EDGE_LOOP('',(#4144,#4145,#4146,#4147,#4148,#4149));
#1879=AXIS2_PLACEMENT_3D('',#4150,#4151,#4152);
#1880=EDGE_LOOP('',(#4153,#4154));
#1881=EDGE_LOOP('',(#4155,#4156,#4157));
#1882=AXIS2_PLACEMENT_3D('',#4158,#4159,#4160);
#1883=EDGE_LOOP('',(#4161,#4162,#4163,#4164));
#1884=AXIS2_PLACEMENT_3D('',#4165,#4166,#4167);
#1885=EDGE_LOOP('',(#4168,#4169,#4170,#4171));
#1886=AXIS2_PLACEMENT_3D('',#4172,#4173,#4174);
#1887=EDGE_LOOP('',(#4175,#4176,#4177));
#1888=EDGE_LOOP('',(#4178,#4179));
#1889=AXIS2_PLACEMENT_3D('',#4180,#4181,#4182);
#1890=EDGE_LOOP('',(#4183,#4184,#4185,#4186,#4187,#4188));
#1891=AXIS2_PLACEMENT_3D('',#4189,#4190,#4191);
#1892=EDGE_LOOP('',(#4192,#4193,#4194,#4195,#4196,#4197));
#1893=AXIS2_PLACEMENT_3D('',#4198,#4199,#4200);
#1894=EDGE_LOOP('',(#4201,#4202,#4203,#4204,#4205));
#1895=AXIS2_PLACEMENT_3D('',#4206,#4207,#4208);
#1896=EDGE_LOOP('',(#4209,#4210,#4211));
#1897=AXIS2_PLACEMENT_3D('',#4212,#4213,#4214);
#1898=EDGE_LOOP('',(#4215,#4216,#4217));
#1899=AXIS2_PLACEMENT_3D('',#4218,#4219,#4220);
#1900=EDGE_LOOP('',(#4221,#4222,#4223,#4224,#4225));
#1901=AXIS2_PLACEMENT_3D('',#4226,#4227,#4228);
#1902=EDGE_LOOP('',(#4229,#4230,#4231,#4232));
#1903=AXIS2_PLACEMENT_3D('',#4233,#4234,#4235);
#1904=EDGE_LOOP('',(#4236,#4237,#4238,#4239,#4240,#4241));
#1905=AXIS2_PLACEMENT_3D('',#4242,#4243,#4244);
#1906=EDGE_LOOP('',(#4245,#4246,#4247,#4248,#4249,#4250));
#1907=AXIS2_PLACEMENT_3D('',#4251,#4252,#4253);
#1908=EDGE_LOOP('',(#4254,#4255));
#1909=EDGE_LOOP('',(#4256,#4257,#4258));
#1910=AXIS2_PLACEMENT_3D('',#4259,#4260,#4261);
#1911=EDGE_LOOP('',(#4262,#4263,#4264,#4265));
#1912=AXIS2_PLACEMENT_3D('',#4266,#4267,#4268);
#1913=EDGE_LOOP('',(#4269,#4270,#4271,#4272));
#1914=AXIS2_PLACEMENT_3D('',#4273,#4274,#4275);
#1915=EDGE_LOOP('',(#4276,#4277,#4278));
#1916=EDGE_LOOP('',(#4279,#4280));
#1917=AXIS2_PLACEMENT_3D('',#4281,#4282,#4283);
#1918=EDGE_LOOP('',(#4284,#4285,#4286,#4287,#4288,#4289));
#1919=AXIS2_PLACEMENT_3D('',#4290,#4291,#4292);
#1920=EDGE_LOOP('',(#4293,#4294,#4295,#4296,#4297,#4298));
#1921=AXIS2_PLACEMENT_3D('',#4299,#4300,#4301);
#1922=EDGE_LOOP('',(#4302,#4303,#4304,#4305,#4306));
#1923=AXIS2_PLACEMENT_3D('',#4307,#4308,#4309);
#1924=EDGE_LOOP('',(#4310,#4311,#4312));
#1925=AXIS2_PLACEMENT_3D('',#4313,#4314,#4315);
#1926=EDGE_LOOP('',(#4316,#4317,#4318));
#1927=AXIS2_PLACEMENT_3D('',#4319,#4320,#4321);
#1928=EDGE_LOOP('',(#4322,#4323,#4324,#4325,#4326));
#1929=AXIS2_PLACEMENT_3D('',#4327,#4328,#4329);
#1930=EDGE_LOOP('',(#4330,#4331,#4332,#4333));
#1931=AXIS2_PLACEMENT_3D('',#4334,#4335,#4336);
#1932=EDGE_LOOP('',(#4337,#4338,#4339,#4340,#4341,#4342));
#1933=AXIS2_PLACEMENT_3D('',#4343,#4344,#4345);
#1934=EDGE_LOOP('',(#4346,#4347,#4348,#4349,#4350,#4351));
#1935=AXIS2_PLACEMENT_3D('',#4352,#4353,#4354);
#1936=EDGE_LOOP('',(#4355,#4356));
#1937=EDGE_LOOP('',(#4357,#4358,#4359));
#1938=AXIS2_PLACEMENT_3D('',#4360,#4361,#4362);
#1939=EDGE_LOOP('',(#4363,#4364,#4365,#4366));
#1940=AXIS2_PLACEMENT_3D('',#4367,#4368,#4369);
#1941=EDGE_LOOP('',(#4370,#4371,#4372,#4373));
#1942=AXIS2_PLACEMENT_3D('',#4374,#4375,#4376);
#1943=EDGE_LOOP('',(#4377,#4378,#4379));
#1944=EDGE_LOOP('',(#4380,#4381));
#1945=AXIS2_PLACEMENT_3D('',#4382,#4383,#4384);
#1946=EDGE_LOOP('',(#4385,#4386,#4387,#4388,#4389,#4390));
#1947=AXIS2_PLACEMENT_3D('',#4391,#4392,#4393);
#1948=EDGE_LOOP('',(#4394,#4395,#4396,#4397,#4398,#4399));
#1949=AXIS2_PLACEMENT_3D('',#4400,#4401,#4402);
#1950=EDGE_LOOP('',(#4403,#4404,#4405,#4406,#4407));
#1951=AXIS2_PLACEMENT_3D('',#4408,#4409,#4410);
#1952=EDGE_LOOP('',(#4411,#4412,#4413));
#1953=AXIS2_PLACEMENT_3D('',#4414,#4415,#4416);
#1954=EDGE_LOOP('',(#4417,#4418,#4419));
#1955=AXIS2_PLACEMENT_3D('',#4420,#4421,#4422);
#1956=EDGE_LOOP('',(#4423,#4424,#4425,#4426,#4427));
#1957=AXIS2_PLACEMENT_3D('',#4428,#4429,#4430);
#1958=EDGE_LOOP('',(#4431,#4432,#4433,#4434));
#1959=AXIS2_PLACEMENT_3D('',#4435,#4436,#4437);
#1960=EDGE_LOOP('',(#4438,#4439,#4440,#4441,#4442,#4443));
#1961=AXIS2_PLACEMENT_3D('',#4444,#4445,#4446);
#1962=EDGE_LOOP('',(#4447,#4448,#4449,#4450,#4451,#4452));
#1963=AXIS2_PLACEMENT_3D('',#4453,#4454,#4455);
#1964=EDGE_LOOP('',(#4456,#4457));
#1965=EDGE_LOOP('',(#4458,#4459,#4460));
#1966=AXIS2_PLACEMENT_3D('',#4461,#4462,#4463);
#1967=EDGE_LOOP('',(#4464,#4465,#4466,#4467));
#1968=AXIS2_PLACEMENT_3D('',#4468,#4469,#4470);
#1969=EDGE_LOOP('',(#4471,#4472,#4473,#4474));
#1970=AXIS2_PLACEMENT_3D('',#4475,#4476,#4477);
#1971=EDGE_LOOP('',(#4478,#4479,#4480));
#1972=EDGE_LOOP('',(#4481,#4482));
#1973=AXIS2_PLACEMENT_3D('',#4483,#4484,#4485);
#1974=EDGE_LOOP('',(#4486,#4487,#4488,#4489,#4490,#4491));
#1975=AXIS2_PLACEMENT_3D('',#4492,#4493,#4494);
#1976=EDGE_LOOP('',(#4495,#4496,#4497,#4498,#4499,#4500));
#1977=AXIS2_PLACEMENT_3D('',#4501,#4502,#4503);
#1978=EDGE_LOOP('',(#4504,#4505,#4506,#4507,#4508));
#1979=AXIS2_PLACEMENT_3D('',#4509,#4510,#4511);
#1980=EDGE_LOOP('',(#4512,#4513,#4514));
#1981=AXIS2_PLACEMENT_3D('',#4515,#4516,#4517);
#1982=EDGE_LOOP('',(#4518,#4519,#4520));
#1983=AXIS2_PLACEMENT_3D('',#4521,#4522,#4523);
#1984=EDGE_LOOP('',(#4524,#4525,#4526,#4527,#4528));
#1985=AXIS2_PLACEMENT_3D('',#4529,#4530,#4531);
#1986=EDGE_LOOP('',(#4532,#4533,#4534,#4535));
#1987=AXIS2_PLACEMENT_3D('',#4536,#4537,#4538);
#1988=EDGE_LOOP('',(#4539,#4540,#4541,#4542,#4543,#4544));
#1989=AXIS2_PLACEMENT_3D('',#4545,#4546,#4547);
#1990=EDGE_LOOP('',(#4548,#4549,#4550,#4551,#4552,#4553));
#1991=AXIS2_PLACEMENT_3D('',#4554,#4555,#4556);
#1992=EDGE_LOOP('',(#4557,#4558));
#1993=EDGE_LOOP('',(#4559,#4560,#4561));
#1994=AXIS2_PLACEMENT_3D('',#4562,#4563,#4564);
#1995=EDGE_LOOP('',(#4565,#4566,#4567,#4568));
#1996=AXIS2_PLACEMENT_3D('',#4569,#4570,#4571);
#1997=EDGE_LOOP('',(#4572,#4573,#4574,#4575));
#1998=AXIS2_PLACEMENT_3D('',#4576,#4577,#4578);
#1999=EDGE_LOOP('',(#4579,#4580,#4581));
#2000=EDGE_LOOP('',(#4582,#4583));
#2001=AXIS2_PLACEMENT_3D('',#4584,#4585,#4586);
#2002=EDGE_LOOP('',(#4587,#4588,#4589,#4590,#4591,#4592));
#2003=AXIS2_PLACEMENT_3D('',#4593,#4594,#4595);
#2004=EDGE_LOOP('',(#4596,#4597,#4598,#4599,#4600,#4601));
#2005=AXIS2_PLACEMENT_3D('',#4602,#4603,#4604);
#2006=EDGE_LOOP('',(#4605,#4606,#4607,#4608,#4609));
#2007=AXIS2_PLACEMENT_3D('',#4610,#4611,#4612);
#2008=EDGE_LOOP('',(#4613,#4614,#4615));
#2009=AXIS2_PLACEMENT_3D('',#4616,#4617,#4618);
#2010=EDGE_LOOP('',(#4619,#4620,#4621));
#2011=AXIS2_PLACEMENT_3D('',#4622,#4623,#4624);
#2012=EDGE_LOOP('',(#4625,#4626,#4627,#4628,#4629));
#2013=AXIS2_PLACEMENT_3D('',#4630,#4631,#4632);
#2014=EDGE_LOOP('',(#4633,#4634,#4635,#4636));
#2015=AXIS2_PLACEMENT_3D('',#4637,#4638,#4639);
#2016=EDGE_LOOP('',(#4640,#4641,#4642,#4643,#4644,#4645));
#2017=AXIS2_PLACEMENT_3D('',#4646,#4647,#4648);
#2018=EDGE_LOOP('',(#4649,#4650,#4651,#4652,#4653,#4654));
#2019=AXIS2_PLACEMENT_3D('',#4655,#4656,#4657);
#2020=EDGE_LOOP('',(#4658,#4659));
#2021=EDGE_LOOP('',(#4660,#4661,#4662));
#2022=AXIS2_PLACEMENT_3D('',#4663,#4664,#4665);
#2023=EDGE_LOOP('',(#4666,#4667,#4668,#4669));
#2024=AXIS2_PLACEMENT_3D('',#4670,#4671,#4672);
#2025=EDGE_LOOP('',(#4673,#4674,#4675,#4676));
#2026=AXIS2_PLACEMENT_3D('',#4677,#4678,#4679);
#2027=EDGE_LOOP('',(#4680,#4681,#4682));
#2028=EDGE_LOOP('',(#4683,#4684));
#2029=AXIS2_PLACEMENT_3D('',#4685,#4686,#4687);
#2030=EDGE_LOOP('',(#4688,#4689,#4690,#4691,#4692,#4693));
#2031=AXIS2_PLACEMENT_3D('',#4694,#4695,#4696);
#2032=EDGE_LOOP('',(#4697,#4698,#4699,#4700,#4701,#4702));
#2033=AXIS2_PLACEMENT_3D('',#4703,#4704,#4705);
#2034=EDGE_LOOP('',(#4706,#4707,#4708,#4709,#4710));
#2035=AXIS2_PLACEMENT_3D('',#4711,#4712,#4713);
#2036=EDGE_LOOP('',(#4714,#4715,#4716));
#2037=AXIS2_PLACEMENT_3D('',#4717,#4718,#4719);
#2038=EDGE_LOOP('',(#4720,#4721,#4722));
#2039=AXIS2_PLACEMENT_3D('',#4723,#4724,#4725);
#2040=EDGE_LOOP('',(#4726,#4727,#4728,#4729,#4730));
#2041=AXIS2_PLACEMENT_3D('',#4731,#4732,#4733);
#2042=EDGE_LOOP('',(#4734,#4735,#4736,#4737));
#2043=AXIS2_PLACEMENT_3D('',#4738,#4739,#4740);
#2044=EDGE_LOOP('',(#4741,#4742,#4743,#4744));
#2045=AXIS2_PLACEMENT_3D('',#4745,#4746,#4747);
#2046=EDGE_LOOP('',(#4748,#4749,#4750,#4751));
#2047=AXIS2_PLACEMENT_3D('',#4752,#4753,#4754);
#2048=EDGE_LOOP('',(#4755,#4756,#4757,#4758));
#2049=AXIS2_PLACEMENT_3D('',#4759,#4760,#4761);
#2050=EDGE_LOOP('',(#4762,#4763,#4764,#4765));
#2051=AXIS2_PLACEMENT_3D('',#4766,#4767,#4768);
#2052=EDGE_LOOP('',(#4769,#4770,#4771,#4772));
#2053=AXIS2_PLACEMENT_3D('',#4773,#4774,#4775);
#2054=EDGE_LOOP('',(#4776,#4777,#4778,#4779));
#2055=AXIS2_PLACEMENT_3D('',#4780,#4781,#4782);
#2056=EDGE_LOOP('',(#4783,#4784,#4785,#4786));
#2057=AXIS2_PLACEMENT_3D('',#4787,#4788,#4789);
#2058=EDGE_LOOP('',(#4790,#4791,#4792,#4793));
#2059=AXIS2_PLACEMENT_3D('',#4794,#4795,#4796);
#2060=EDGE_LOOP('',(#4797,#4798));
#2061=EDGE_LOOP('',(#4799,#4800));
#2062=EDGE_LOOP('',(#4801,#4802));
#2063=EDGE_LOOP('',(#4803,#4804));
#2064=EDGE_LOOP('',(#4805,#4806));
#2065=EDGE_LOOP('',(#4807,#4808));
#2066=EDGE_LOOP('',(#4809,#4810));
#2067=EDGE_LOOP('',(#4811,#4812));
#2068=EDGE_LOOP('',(#4813,#4814));
#2069=EDGE_LOOP('',(#4815,#4816));
#2070=EDGE_LOOP('',(#4817,#4818));
#2071=EDGE_LOOP('',(#4819,#4820));
#2072=EDGE_LOOP('',(#4821,#4822));
#2073=EDGE_LOOP('',(#4823,#4824));
#2074=EDGE_LOOP('',(#4825,#4826,#4827,#4828,#4829,#4830,#4831,#4832,#4833,#4834,#4835,#4836,#4837,#4838,#4839,#4840,#4841,#4842,#4843,#4844,#4845,#4846,#4847,#4848,#4849,#4850,#4851,#4852,#4853,#4854,#4855,#4856,#4857,#4858,#4859,#4860,#4861,#4862,#4863,#4864,#4865,#4866,#4867,#4868,#4869,#4870,#4871,#4872,#4873,#4874,#4875,#4876,#4877,#4878,#4879,#4880,#4881,#4882,#4883,#4884,#4885,#4886,#4887,#4888,#4889,#4890,#4891,#4892,#4893,#4894,#4895,#4896,#4897,#4898,#4899,#4900,#4901,#4902,#4903,#4904,#4905,#4906,#4907,#4908,#4909,#4910,#4911,#4912,#4913,#4914,#4915,#4916,#4917,#4918,#4919,#4920,#4921,#4922,#4923,#4924,#4925,#4926,#4927,#4928,#4929,#4930,#4931,#4932,#4933,#4934,#4935,#4936));
#2075=AXIS2_PLACEMENT_3D('',#4937,#4938,#4939);
#2076=EDGE_LOOP('',(#4940,#4941,#4942,#4943));
#2077=AXIS2_PLACEMENT_3D('',#4944,#4945,#4946);
#2078=EDGE_LOOP('',(#4947,#4948,#4949,#4950));
#2079=AXIS2_PLACEMENT_3D('',#4951,#4952,#4953);
#2080=EDGE_LOOP('',(#4954,#4955,#4956,#4957));
#2081=AXIS2_PLACEMENT_3D('',#4958,#4959,#4960);
#2082=EDGE_LOOP('',(#4961,#4962,#4963,#4964));
#2083=AXIS2_PLACEMENT_3D('',#4965,#4966,#4967);
#2084=EDGE_LOOP('',(#4968,#4969,#4970,#4971));
#2085=AXIS2_PLACEMENT_3D('',#4972,#4973,#4974);
#2086=EDGE_LOOP('',(#4975,#4976,#4977,#4978));
#2087=AXIS2_PLACEMENT_3D('',#4979,#4980,#4981);
#2088=EDGE_LOOP('',(#4982,#4983,#4984,#4985));
#2089=AXIS2_PLACEMENT_3D('',#4986,#4987,#4988);
#2090=EDGE_LOOP('',(#4989,#4990,#4991,#4992));
#2091=AXIS2_PLACEMENT_3D('',#4993,#4994,#4995);
#2092=EDGE_LOOP('',(#4996,#4997,#4998,#4999));
#2093=AXIS2_PLACEMENT_3D('',#5000,#5001,#5002);
#2094=EDGE_LOOP('',(#5003,#5004,#5005,#5006));
#2095=AXIS2_PLACEMENT_3D('',#5007,#5008,#5009);
#2096=EDGE_LOOP('',(#5010,#5011,#5012,#5013));
#2097=AXIS2_PLACEMENT_3D('',#5014,#5015,#5016);
#2098=EDGE_LOOP('',(#5017,#5018,#5019,#5020));
#2099=AXIS2_PLACEMENT_3D('',#5021,#5022,#5023);
#2100=EDGE_LOOP('',(#5024,#5025,#5026,#5027));
#2101=AXIS2_PLACEMENT_3D('',#5028,#5029,#5030);
#2102=EDGE_LOOP('',(#5031,#5032,#5033,#5034));
#2103=AXIS2_PLACEMENT_3D('',#5035,#5036,#5037);
#2104=EDGE_LOOP('',(#5038,#5039,#5040,#5041));
#2105=AXIS2_PLACEMENT_3D('',#5042,#5043,#5044);
#2106=EDGE_LOOP('',(#5045,#5046,#5047,#5048));
#2107=AXIS2_PLACEMENT_3D('',#5049,#5050,#5051);
#2108=EDGE_LOOP('',(#5052,#5053,#5054,#5055));
#2109=AXIS2_PLACEMENT_3D('',#5056,#5057,#5058);
#2110=EDGE_LOOP('',(#5059,#5060,#5061,#5062));
#2111=AXIS2_PLACEMENT_3D('',#5063,#5064,#5065);
#2112=EDGE_LOOP('',(#5066,#5067,#5068,#5069));
#2113=AXIS2_PLACEMENT_3D('',#5070,#5071,#5072);
#2114=EDGE_LOOP('',(#5073,#5074,#5075,#5076));
#2115=AXIS2_PLACEMENT_3D('',#5077,#5078,#5079);
#2116=EDGE_LOOP('',(#5080,#5081,#5082,#5083));
#2117=AXIS2_PLACEMENT_3D('',#5084,#5085,#5086);
#2118=EDGE_LOOP('',(#5087,#5088,#5089,#5090));
#2119=AXIS2_PLACEMENT_3D('',#5091,#5092,#5093);
#2120=EDGE_LOOP('',(#5094,#5095,#5096,#5097));
#2121=AXIS2_PLACEMENT_3D('',#5098,#5099,#5100);
#2122=EDGE_LOOP('',(#5101,#5102,#5103,#5104));
#2123=AXIS2_PLACEMENT_3D('',#5105,#5106,#5107);
#2124=EDGE_LOOP('',(#5108,#5109,#5110,#5111));
#2125=AXIS2_PLACEMENT_3D('',#5112,#5113,#5114);
#2126=EDGE_LOOP('',(#5115,#5116,#5117,#5118));
#2127=AXIS2_PLACEMENT_3D('',#5119,#5120,#5121);
#2128=EDGE_LOOP('',(#5122,#5123,#5124,#5125));
#2129=AXIS2_PLACEMENT_3D('',#5126,#5127,#5128);
#2130=EDGE_LOOP('',(#5129,#5130,#5131,#5132));
#2131=AXIS2_PLACEMENT_3D('',#5133,#5134,#5135);
#2132=EDGE_LOOP('',(#5136,#5137,#5138,#5139));
#2133=AXIS2_PLACEMENT_3D('',#5140,#5141,#5142);
#2134=EDGE_LOOP('',(#5143,#5144,#5145,#5146));
#2135=AXIS2_PLACEMENT_3D('',#5147,#5148,#5149);
#2136=EDGE_LOOP('',(#5150,#5151,#5152,#5153));
#2137=AXIS2_PLACEMENT_3D('',#5154,#5155,#5156);
#2138=EDGE_LOOP('',(#5157,#5158,#5159,#5160));
#2139=AXIS2_PLACEMENT_3D('',#5161,#5162,#5163);
#2140=EDGE_LOOP('',(#5164,#5165,#5166,#5167));
#2141=AXIS2_PLACEMENT_3D('',#5168,#5169,#5170);
#2142=EDGE_LOOP('',(#5171,#5172,#5173,#5174));
#2143=AXIS2_PLACEMENT_3D('',#5175,#5176,#5177);
#2144=EDGE_LOOP('',(#5178,#5179,#5180,#5181));
#2145=AXIS2_PLACEMENT_3D('',#5182,#5183,#5184);
#2146=EDGE_LOOP('',(#5185,#5186,#5187,#5188));
#2147=AXIS2_PLACEMENT_3D('',#5189,#5190,#5191);
#2148=EDGE_LOOP('',(#5192,#5193,#5194,#5195));
#2149=AXIS2_PLACEMENT_3D('',#5196,#5197,#5198);
#2150=EDGE_LOOP('',(#5199,#5200,#5201,#5202));
#2151=AXIS2_PLACEMENT_3D('',#5203,#5204,#5205);
#2152=EDGE_LOOP('',(#5206,#5207,#5208,#5209));
#2153=AXIS2_PLACEMENT_3D('',#5210,#5211,#5212);
#2154=EDGE_LOOP('',(#5213,#5214,#5215,#5216));
#2155=AXIS2_PLACEMENT_3D('',#5217,#5218,#5219);
#2156=EDGE_LOOP('',(#5220,#5221,#5222,#5223));
#2157=AXIS2_PLACEMENT_3D('',#5224,#5225,#5226);
#2158=EDGE_LOOP('',(#5227,#5228,#5229,#5230));
#2159=AXIS2_PLACEMENT_3D('',#5231,#5232,#5233);
#2160=EDGE_LOOP('',(#5234,#5235,#5236,#5237));
#2161=AXIS2_PLACEMENT_3D('',#5238,#5239,#5240);
#2162=EDGE_LOOP('',(#5241,#5242,#5243,#5244));
#2163=AXIS2_PLACEMENT_3D('',#5245,#5246,#5247);
#2164=EDGE_LOOP('',(#5248,#5249,#5250,#5251));
#2165=AXIS2_PLACEMENT_3D('',#5252,#5253,#5254);
#2166=EDGE_LOOP('',(#5255,#5256,#5257,#5258));
#2167=AXIS2_PLACEMENT_3D('',#5259,#5260,#5261);
#2168=EDGE_LOOP('',(#5262,#5263,#5264,#5265));
#2169=AXIS2_PLACEMENT_3D('',#5266,#5267,#5268);
#2170=EDGE_LOOP('',(#5269,#5270,#5271,#5272));
#2171=AXIS2_PLACEMENT_3D('',#5273,#5274,#5275);
#2172=EDGE_LOOP('',(#5276,#5277,#5278,#5279));
#2173=AXIS2_PLACEMENT_3D('',#5280,#5281,#5282);
#2174=EDGE_LOOP('',(#5283,#5284,#5285,#5286));
#2175=AXIS2_PLACEMENT_3D('',#5287,#5288,#5289);
#2176=EDGE_LOOP('',(#5290,#5291,#5292,#5293));
#2177=AXIS2_PLACEMENT_3D('',#5294,#5295,#5296);
#2178=EDGE_LOOP('',(#5297,#5298,#5299,#5300));
#2179=AXIS2_PLACEMENT_3D('',#5301,#5302,#5303);
#2180=EDGE_LOOP('',(#5304,#5305,#5306,#5307));
#2181=AXIS2_PLACEMENT_3D('',#5308,#5309,#5310);
#2182=EDGE_LOOP('',(#5311,#5312,#5313,#5314));
#2183=AXIS2_PLACEMENT_3D('',#5315,#5316,#5317);
#2184=EDGE_LOOP('',(#5318,#5319,#5320,#5321));
#2185=AXIS2_PLACEMENT_3D('',#5322,#5323,#5324);
#2186=EDGE_LOOP('',(#5325,#5326,#5327,#5328));
#2187=AXIS2_PLACEMENT_3D('',#5329,#5330,#5331);
#2188=EDGE_LOOP('',(#5332,#5333,#5334,#5335));
#2189=AXIS2_PLACEMENT_3D('',#5336,#5337,#5338);
#2190=EDGE_LOOP('',(#5339,#5340,#5341,#5342));
#2191=AXIS2_PLACEMENT_3D('',#5343,#5344,#5345);
#2192=EDGE_LOOP('',(#5346,#5347,#5348,#5349));
#2193=AXIS2_PLACEMENT_3D('',#5350,#5351,#5352);
#2194=EDGE_LOOP('',(#5353,#5354,#5355,#5356));
#2195=AXIS2_PLACEMENT_3D('',#5357,#5358,#5359);
#2196=EDGE_LOOP('',(#5360,#5361,#5362,#5363));
#2197=AXIS2_PLACEMENT_3D('',#5364,#5365,#5366);
#2198=EDGE_LOOP('',(#5367,#5368,#5369,#5370));
#2199=AXIS2_PLACEMENT_3D('',#5371,#5372,#5373);
#2200=EDGE_LOOP('',(#5374,#5375,#5376,#5377));
#2201=AXIS2_PLACEMENT_3D('',#5378,#5379,#5380);
#2202=EDGE_LOOP('',(#5381,#5382,#5383,#5384));
#2203=AXIS2_PLACEMENT_3D('',#5385,#5386,#5387);
#2204=EDGE_LOOP('',(#5388,#5389,#5390,#5391));
#2205=AXIS2_PLACEMENT_3D('',#5392,#5393,#5394);
#2206=EDGE_LOOP('',(#5395,#5396,#5397,#5398));
#2207=AXIS2_PLACEMENT_3D('',#5399,#5400,#5401);
#2208=EDGE_LOOP('',(#5402,#5403,#5404,#5405));
#2209=AXIS2_PLACEMENT_3D('',#5406,#5407,#5408);
#2210=EDGE_LOOP('',(#5409,#5410,#5411,#5412));
#2211=AXIS2_PLACEMENT_3D('',#5413,#5414,#5415);
#2212=EDGE_LOOP('',(#5416,#5417,#5418,#5419));
#2213=AXIS2_PLACEMENT_3D('',#5420,#5421,#5422);
#2214=EDGE_LOOP('',(#5423,#5424,#5425,#5426));
#2215=AXIS2_PLACEMENT_3D('',#5427,#5428,#5429);
#2216=EDGE_LOOP('',(#5430,#5431,#5432,#5433));
#2217=AXIS2_PLACEMENT_3D('',#5434,#5435,#5436);
#2218=EDGE_LOOP('',(#5437,#5438,#5439,#5440));
#2219=AXIS2_PLACEMENT_3D('',#5441,#5442,#5443);
#2220=EDGE_LOOP('',(#5444,#5445,#5446,#5447));
#2221=AXIS2_PLACEMENT_3D('',#5448,#5449,#5450);
#2222=EDGE_LOOP('',(#5451,#5452,#5453,#5454));
#2223=AXIS2_PLACEMENT_3D('',#5455,#5456,#5457);
#2224=EDGE_LOOP('',(#5458,#5459,#5460,#5461));
#2225=AXIS2_PLACEMENT_3D('',#5462,#5463,#5464);
#2226=EDGE_LOOP('',(#5465,#5466,#5467,#5468));
#2227=AXIS2_PLACEMENT_3D('',#5469,#5470,#5471);
#2228=EDGE_LOOP('',(#5472,#5473,#5474,#5475));
#2229=AXIS2_PLACEMENT_3D('',#5476,#5477,#5478);
#2230=EDGE_LOOP('',(#5479,#5480,#5481,#5482));
#2231=AXIS2_PLACEMENT_3D('',#5483,#5484,#5485);
#2232=EDGE_LOOP('',(#5486,#5487,#5488,#5489));
#2233=AXIS2_PLACEMENT_3D('',#5490,#5491,#5492);
#2234=EDGE_LOOP('',(#5493,#5494,#5495,#5496));
#2235=AXIS2_PLACEMENT_3D('',#5497,#5498,#5499);
#2236=EDGE_LOOP('',(#5500,#5501,#5502,#5503));
#2237=AXIS2_PLACEMENT_3D('',#5504,#5505,#5506);
#2238=EDGE_LOOP('',(#5507,#5508,#5509,#5510));
#2239=AXIS2_PLACEMENT_3D('',#5511,#5512,#5513);
#2240=EDGE_LOOP('',(#5514,#5515,#5516,#5517));
#2241=AXIS2_PLACEMENT_3D('',#5518,#5519,#5520);
#2242=EDGE_LOOP('',(#5521,#5522,#5523,#5524));
#2243=AXIS2_PLACEMENT_3D('',#5525,#5526,#5527);
#2244=EDGE_LOOP('',(#5528,#5529,#5530,#5531));
#2245=AXIS2_PLACEMENT_3D('',#5532,#5533,#5534);
#2246=EDGE_LOOP('',(#5535,#5536,#5537,#5538));
#2247=AXIS2_PLACEMENT_3D('',#5539,#5540,#5541);
#2248=EDGE_LOOP('',(#5542,#5543,#5544,#5545));
#2249=AXIS2_PLACEMENT_3D('',#5546,#5547,#5548);
#2250=EDGE_LOOP('',(#5549,#5550,#5551,#5552));
#2251=AXIS2_PLACEMENT_3D('',#5553,#5554,#5555);
#2252=EDGE_LOOP('',(#5556,#5557,#5558,#5559));
#2253=AXIS2_PLACEMENT_3D('',#5560,#5561,#5562);
#2254=EDGE_LOOP('',(#5563,#5564,#5565,#5566));
#2255=AXIS2_PLACEMENT_3D('',#5567,#5568,#5569);
#2256=EDGE_LOOP('',(#5570,#5571,#5572,#5573));
#2257=AXIS2_PLACEMENT_3D('',#5574,#5575,#5576);
#2258=EDGE_LOOP('',(#5577,#5578,#5579,#5580));
#2259=AXIS2_PLACEMENT_3D('',#5581,#5582,#5583);
#2260=EDGE_LOOP('',(#5584,#5585,#5586,#5587));
#2261=AXIS2_PLACEMENT_3D('',#5588,#5589,#5590);
#2262=EDGE_LOOP('',(#5591,#5592,#5593,#5594));
#2263=AXIS2_PLACEMENT_3D('',#5595,#5596,#5597);
#2264=EDGE_LOOP('',(#5598,#5599,#5600,#5601));
#2265=AXIS2_PLACEMENT_3D('',#5602,#5603,#5604);
#2266=EDGE_LOOP('',(#5605,#5606,#5607,#5608));
#2267=AXIS2_PLACEMENT_3D('',#5609,#5610,#5611);
#2268=EDGE_LOOP('',(#5612,#5613,#5614,#5615));
#2269=AXIS2_PLACEMENT_3D('',#5616,#5617,#5618);
#2270=EDGE_LOOP('',(#5619,#5620,#5621,#5622));
#2271=AXIS2_PLACEMENT_3D('',#5623,#5624,#5625);
#2272=EDGE_LOOP('',(#5626,#5627,#5628,#5629));
#2273=AXIS2_PLACEMENT_3D('',#5630,#5631,#5632);
#2274=EDGE_LOOP('',(#5633,#5634,#5635,#5636));
#2275=AXIS2_PLACEMENT_3D('',#5637,#5638,#5639);
#2276=EDGE_LOOP('',(#5640,#5641,#5642,#5643));
#2277=AXIS2_PLACEMENT_3D('',#5644,#5645,#5646);
#2278=EDGE_LOOP('',(#5647,#5648,#5649,#5650));
#2279=AXIS2_PLACEMENT_3D('',#5651,#5652,#5653);
#2280=EDGE_LOOP('',(#5654,#5655,#5656,#5657));
#2281=AXIS2_PLACEMENT_3D('',#5658,#5659,#5660);
#2282=EDGE_LOOP('',(#5661,#5662));
#2283=EDGE_LOOP('',(#5663,#5664));
#2284=EDGE_LOOP('',(#5665,#5666));
#2285=EDGE_LOOP('',(#5667,#5668));
#2286=EDGE_LOOP('',(#5669,#5670));
#2287=EDGE_LOOP('',(#5671,#5672));
#2288=EDGE_LOOP('',(#5673,#5674));
#2289=EDGE_LOOP('',(#5675,#5676));
#2290=EDGE_LOOP('',(#5677,#5678));
#2291=EDGE_LOOP('',(#5679,#5680));
#2292=EDGE_LOOP('',(#5681,#5682));
#2293=EDGE_LOOP('',(#5683,#5684));
#2294=EDGE_LOOP('',(#5685,#5686));
#2295=EDGE_LOOP('',(#5687,#5688));
#2296=EDGE_LOOP('',(#5689,#5690,#5691,#5692,#5693,#5694,#5695,#5696,#5697,#5698,#5699,#5700,#5701,#5702,#5703,#5704,#5705,#5706,#5707,#5708,#5709,#5710,#5711,#5712,#5713,#5714,#5715,#5716,#5717,#5718,#5719,#5720,#5721,#5722,#5723,#5724,#5725,#5726,#5727,#5728,#5729,#5730,#5731,#5732,#5733,#5734,#5735,#5736,#5737,#5738,#5739,#5740,#5741,#5742,#5743,#5744,#5745,#5746,#5747,#5748,#5749,#5750,#5751,#5752,#5753,#5754,#5755,#5756,#5757,#5758,#5759,#5760,#5761,#5762,#5763,#5764,#5765,#5766,#5767,#5768,#5769,#5770,#5771,#5772,#5773,#5774,#5775,#5776,#5777,#5778,#5779,#5780,#5781,#5782,#5783,#5784,#5785,#5786,#5787,#5788,#5789,#5790,#5791,#5792,#5793,#5794,#5795,#5796,#5797,#5798,#5799,#5800));
#2297=AXIS2_PLACEMENT_3D('',#5801,#5802,#5803);
#2298=ORIENTED_EDGE('',*,*,#5804,.F.);
#2299=ORIENTED_EDGE('',*,*,#5805,.T.);
#2300=ORIENTED_EDGE('',*,*,#5806,.T.);
#2301=ORIENTED_EDGE('',*,*,#5807,.F.);
#2302=ORIENTED_EDGE('',*,*,#5808,.F.);
#2303=ORIENTED_EDGE('',*,*,#5809,.F.);
#2304=CARTESIAN_POINT('',(-16.51,-4.4,0.0));
#2305=DIRECTION('',(0.0,1.0,0.0));
#2306=DIRECTION('',(0.0,0.0,1.0));
#2307=ORIENTED_EDGE('',*,*,#5810,.F.);
#2308=ORIENTED_EDGE('',*,*,#5811,.T.);
#2309=ORIENTED_EDGE('',*,*,#5812,.T.);
#2310=ORIENTED_EDGE('',*,*,#5813,.F.);
#2311=ORIENTED_EDGE('',*,*,#5814,.F.);
#2312=ORIENTED_EDGE('',*,*,#5815,.F.);
#2313=CARTESIAN_POINT('',(-16.51,7.175,0.0));
#2314=DIRECTION('',(0.0,1.0,0.0));
#2315=DIRECTION('',(0.0,0.0,1.0));
#2316=ORIENTED_EDGE('',*,*,#5816,.F.);
#2317=ORIENTED_EDGE('',*,*,#5817,.T.);
#2318=ORIENTED_EDGE('',*,*,#5818,.T.);
#2319=ORIENTED_EDGE('',*,*,#5819,.F.);
#2320=ORIENTED_EDGE('',*,*,#5820,.F.);
#2321=ORIENTED_EDGE('',*,*,#5812,.F.);
#2322=CARTESIAN_POINT('',(-16.51,5.3275,0.0));
#2323=DIRECTION('',(-0.0,1.0,0.0));
#2324=DIRECTION('',(1.0,0.0,0.0));
#2325=ORIENTED_EDGE('',*,*,#5821,.F.);
#2326=ORIENTED_EDGE('',*,*,#5822,.T.);
#2327=ORIENTED_EDGE('',*,*,#5823,.F.);
#2328=ORIENTED_EDGE('',*,*,#5824,.F.);
#2329=ORIENTED_EDGE('',*,*,#5818,.F.);
#2330=CARTESIAN_POINT('',(-16.51,3.48,0.0));
#2331=DIRECTION('',(0.0,1.0,0.0));
#2332=DIRECTION('',(0.0,0.0,1.0));
#2333=ORIENTED_EDGE('',*,*,#5825,.F.);
#2334=ORIENTED_EDGE('',*,*,#5826,.T.);
#2335=ORIENTED_EDGE('',*,*,#5827,.F.);
#2336=ORIENTED_EDGE('',*,*,#5828,.F.);
#2337=CARTESIAN_POINT('',(-16.51,-0.21,0.0));
#2338=DIRECTION('',(-0.0,1.0,0.0));
#2339=DIRECTION('',(1.0,0.0,0.0));
#2340=ORIENTED_EDGE('',*,*,#5829,.F.);
#2341=ORIENTED_EDGE('',*,*,#5830,.T.);
#2342=ORIENTED_EDGE('',*,*,#5831,.F.);
#2343=ORIENTED_EDGE('',*,*,#5826,.F.);
#2344=CARTESIAN_POINT('',(-16.51,-0.545000000000001,0.0));
#2345=DIRECTION('',(-0.0,1.0,-0.0));
#2346=DIRECTION('',(1.0,0.0,0.0));
#2347=ORIENTED_EDGE('',*,*,#5832,.F.);
#2348=ORIENTED_EDGE('',*,*,#5833,.T.);
#2349=ORIENTED_EDGE('',*,*,#5834,.T.);
#2350=ORIENTED_EDGE('',*,*,#5835,.F.);
#2351=ORIENTED_EDGE('',*,*,#5836,.F.);
#2352=CARTESIAN_POINT('',(-16.51,-0.82,0.0));
#2353=DIRECTION('',(0.0,1.0,0.0));
#2354=DIRECTION('',(0.0,0.0,1.0));
#2355=ORIENTED_EDGE('',*,*,#5837,.F.);
#2356=ORIENTED_EDGE('',*,*,#5808,.T.);
#2357=ORIENTED_EDGE('',*,*,#5838,.T.);
#2358=ORIENTED_EDGE('',*,*,#5839,.F.);
#2359=ORIENTED_EDGE('',*,*,#5833,.F.);
#2360=ORIENTED_EDGE('',*,*,#5840,.F.);
#2361=CARTESIAN_POINT('',(-16.51,-2.61,0.0));
#2362=DIRECTION('',(-0.0,1.0,0.0));
#2363=DIRECTION('',(1.0,0.0,0.0));
#2364=ORIENTED_EDGE('',*,*,#5841,.F.);
#2365=ORIENTED_EDGE('',*,*,#5842,.F.);
#2366=ORIENTED_EDGE('',*,*,#5843,.F.);
#2367=ORIENTED_EDGE('',*,*,#5844,.F.);
#2368=CARTESIAN_POINT('',(-16.51,1.96708618324761,0.0));
#2369=DIRECTION('',(-0.0,1.0,0.0));
#2370=DIRECTION('',(1.0,0.0,0.0));
#2371=ORIENTED_EDGE('',*,*,#5845,.F.);
#2372=ORIENTED_EDGE('',*,*,#5846,.T.);
#2373=ORIENTED_EDGE('',*,*,#5847,.T.);
#2374=ORIENTED_EDGE('',*,*,#5848,.F.);
#2375=ORIENTED_EDGE('',*,*,#5849,.F.);
#2376=ORIENTED_EDGE('',*,*,#5850,.F.);
#2377=CARTESIAN_POINT('',(-13.97,-4.4,0.0));
#2378=DIRECTION('',(0.0,1.0,0.0));
#2379=DIRECTION('',(0.0,0.0,1.0));
#2380=ORIENTED_EDGE('',*,*,#5851,.F.);
#2381=ORIENTED_EDGE('',*,*,#5852,.T.);
#2382=ORIENTED_EDGE('',*,*,#5853,.T.);
#2383=ORIENTED_EDGE('',*,*,#5854,.F.);
#2384=ORIENTED_EDGE('',*,*,#5855,.F.);
#2385=ORIENTED_EDGE('',*,*,#5856,.F.);
#2386=CARTESIAN_POINT('',(-13.97,7.175,0.0));
#2387=DIRECTION('',(0.0,1.0,0.0));
#2388=DIRECTION('',(0.0,0.0,1.0));
#2389=ORIENTED_EDGE('',*,*,#5857,.F.);
#2390=ORIENTED_EDGE('',*,*,#5858,.T.);
#2391=ORIENTED_EDGE('',*,*,#5859,.T.);
#2392=ORIENTED_EDGE('',*,*,#5860,.F.);
#2393=ORIENTED_EDGE('',*,*,#5861,.F.);
#2394=ORIENTED_EDGE('',*,*,#5853,.F.);
#2395=CARTESIAN_POINT('',(-13.97,5.3275,0.0));
#2396=DIRECTION('',(-0.0,1.0,0.0));
#2397=DIRECTION('',(1.0,0.0,0.0));
#2398=ORIENTED_EDGE('',*,*,#5862,.F.);
#2399=ORIENTED_EDGE('',*,*,#5863,.T.);
#2400=ORIENTED_EDGE('',*,*,#5864,.F.);
#2401=ORIENTED_EDGE('',*,*,#5865,.F.);
#2402=ORIENTED_EDGE('',*,*,#5859,.F.);
#2403=CARTESIAN_POINT('',(-13.97,3.48,0.0));
#2404=DIRECTION('',(0.0,1.0,0.0));
#2405=DIRECTION('',(0.0,0.0,1.0));
#2406=ORIENTED_EDGE('',*,*,#5866,.F.);
#2407=ORIENTED_EDGE('',*,*,#5867,.T.);
#2408=ORIENTED_EDGE('',*,*,#5868,.F.);
#2409=ORIENTED_EDGE('',*,*,#5869,.F.);
#2410=CARTESIAN_POINT('',(-13.97,-0.21,0.0));
#2411=DIRECTION('',(-0.0,1.0,0.0));
#2412=DIRECTION('',(1.0,0.0,0.0));
#2413=ORIENTED_EDGE('',*,*,#5870,.F.);
#2414=ORIENTED_EDGE('',*,*,#5871,.T.);
#2415=ORIENTED_EDGE('',*,*,#5872,.F.);
#2416=ORIENTED_EDGE('',*,*,#5867,.F.);
#2417=CARTESIAN_POINT('',(-13.97,-0.545000000000001,0.0));
#2418=DIRECTION('',(-0.0,1.0,-0.0));
#2419=DIRECTION('',(1.0,0.0,0.0));
#2420=ORIENTED_EDGE('',*,*,#5873,.F.);
#2421=ORIENTED_EDGE('',*,*,#5874,.T.);
#2422=ORIENTED_EDGE('',*,*,#5875,.T.);
#2423=ORIENTED_EDGE('',*,*,#5876,.F.);
#2424=ORIENTED_EDGE('',*,*,#5877,.F.);
#2425=CARTESIAN_POINT('',(-13.97,-0.82,0.0));
#2426=DIRECTION('',(0.0,1.0,0.0));
#2427=DIRECTION('',(0.0,0.0,1.0));
#2428=ORIENTED_EDGE('',*,*,#5878,.F.);
#2429=ORIENTED_EDGE('',*,*,#5849,.T.);
#2430=ORIENTED_EDGE('',*,*,#5879,.T.);
#2431=ORIENTED_EDGE('',*,*,#5880,.F.);
#2432=ORIENTED_EDGE('',*,*,#5874,.F.);
#2433=ORIENTED_EDGE('',*,*,#5881,.F.);
#2434=CARTESIAN_POINT('',(-13.97,-2.61,0.0));
#2435=DIRECTION('',(-0.0,1.0,0.0));
#2436=DIRECTION('',(1.0,0.0,0.0));
#2437=ORIENTED_EDGE('',*,*,#5882,.F.);
#2438=ORIENTED_EDGE('',*,*,#5883,.F.);
#2439=ORIENTED_EDGE('',*,*,#5884,.F.);
#2440=ORIENTED_EDGE('',*,*,#5885,.F.);
#2441=CARTESIAN_POINT('',(-13.97,1.96708618324761,0.0));
#2442=DIRECTION('',(-0.0,1.0,0.0));
#2443=DIRECTION('',(1.0,0.0,0.0));
#2444=ORIENTED_EDGE('',*,*,#5886,.F.);
#2445=ORIENTED_EDGE('',*,*,#5887,.T.);
#2446=ORIENTED_EDGE('',*,*,#5888,.T.);
#2447=ORIENTED_EDGE('',*,*,#5889,.F.);
#2448=ORIENTED_EDGE('',*,*,#5890,.F.);
#2449=ORIENTED_EDGE('',*,*,#5891,.F.);
#2450=CARTESIAN_POINT('',(-11.43,-4.4,0.0));
#2451=DIRECTION('',(0.0,1.0,0.0));
#2452=DIRECTION('',(0.0,0.0,1.0));
#2453=ORIENTED_EDGE('',*,*,#5892,.F.);
#2454=ORIENTED_EDGE('',*,*,#5893,.T.);
#2455=ORIENTED_EDGE('',*,*,#5894,.T.);
#2456=ORIENTED_EDGE('',*,*,#5895,.F.);
#2457=ORIENTED_EDGE('',*,*,#5896,.F.);
#2458=ORIENTED_EDGE('',*,*,#5897,.F.);
#2459=CARTESIAN_POINT('',(-11.43,7.175,0.0));
#2460=DIRECTION('',(0.0,1.0,0.0));
#2461=DIRECTION('',(0.0,0.0,1.0));
#2462=ORIENTED_EDGE('',*,*,#5898,.F.);
#2463=ORIENTED_EDGE('',*,*,#5899,.T.);
#2464=ORIENTED_EDGE('',*,*,#5900,.T.);
#2465=ORIENTED_EDGE('',*,*,#5901,.F.);
#2466=ORIENTED_EDGE('',*,*,#5902,.F.);
#2467=ORIENTED_EDGE('',*,*,#5894,.F.);
#2468=CARTESIAN_POINT('',(-11.43,5.3275,0.0));
#2469=DIRECTION('',(-0.0,1.0,0.0));
#2470=DIRECTION('',(1.0,0.0,0.0));
#2471=ORIENTED_EDGE('',*,*,#5903,.F.);
#2472=ORIENTED_EDGE('',*,*,#5904,.T.);
#2473=ORIENTED_EDGE('',*,*,#5905,.F.);
#2474=ORIENTED_EDGE('',*,*,#5906,.F.);
#2475=ORIENTED_EDGE('',*,*,#5900,.F.);
#2476=CARTESIAN_POINT('',(-11.43,3.48,0.0));
#2477=DIRECTION('',(0.0,1.0,0.0));
#2478=DIRECTION('',(0.0,0.0,1.0));
#2479=ORIENTED_EDGE('',*,*,#5907,.F.);
#2480=ORIENTED_EDGE('',*,*,#5908,.T.);
#2481=ORIENTED_EDGE('',*,*,#5909,.F.);
#2482=ORIENTED_EDGE('',*,*,#5910,.F.);
#2483=CARTESIAN_POINT('',(-11.43,-0.21,0.0));
#2484=DIRECTION('',(-0.0,1.0,0.0));
#2485=DIRECTION('',(1.0,0.0,0.0));
#2486=ORIENTED_EDGE('',*,*,#5911,.F.);
#2487=ORIENTED_EDGE('',*,*,#5912,.T.);
#2488=ORIENTED_EDGE('',*,*,#5913,.F.);
#2489=ORIENTED_EDGE('',*,*,#5908,.F.);
#2490=CARTESIAN_POINT('',(-11.43,-0.545000000000001,0.0));
#2491=DIRECTION('',(-0.0,1.0,-0.0));
#2492=DIRECTION('',(1.0,0.0,0.0));
#2493=ORIENTED_EDGE('',*,*,#5914,.F.);
#2494=ORIENTED_EDGE('',*,*,#5915,.T.);
#2495=ORIENTED_EDGE('',*,*,#5916,.T.);
#2496=ORIENTED_EDGE('',*,*,#5917,.F.);
#2497=ORIENTED_EDGE('',*,*,#5918,.F.);
#2498=CARTESIAN_POINT('',(-11.43,-0.82,0.0));
#2499=DIRECTION('',(0.0,1.0,0.0));
#2500=DIRECTION('',(0.0,0.0,1.0));
#2501=ORIENTED_EDGE('',*,*,#5919,.F.);
#2502=ORIENTED_EDGE('',*,*,#5890,.T.);
#2503=ORIENTED_EDGE('',*,*,#5920,.T.);
#2504=ORIENTED_EDGE('',*,*,#5921,.F.);
#2505=ORIENTED_EDGE('',*,*,#5915,.F.);
#2506=ORIENTED_EDGE('',*,*,#5922,.F.);
#2507=CARTESIAN_POINT('',(-11.43,-2.61,0.0));
#2508=DIRECTION('',(-0.0,1.0,0.0));
#2509=DIRECTION('',(1.0,0.0,0.0));
#2510=ORIENTED_EDGE('',*,*,#5923,.F.);
#2511=ORIENTED_EDGE('',*,*,#5924,.F.);
#2512=ORIENTED_EDGE('',*,*,#5925,.F.);
#2513=ORIENTED_EDGE('',*,*,#5926,.F.);
#2514=CARTESIAN_POINT('',(-11.43,1.96708618324761,0.0));
#2515=DIRECTION('',(-0.0,1.0,0.0));
#2516=DIRECTION('',(1.0,0.0,0.0));
#2517=ORIENTED_EDGE('',*,*,#5927,.F.);
#2518=ORIENTED_EDGE('',*,*,#5928,.T.);
#2519=ORIENTED_EDGE('',*,*,#5929,.T.);
#2520=ORIENTED_EDGE('',*,*,#5930,.F.);
#2521=ORIENTED_EDGE('',*,*,#5931,.F.);
#2522=ORIENTED_EDGE('',*,*,#5932,.F.);
#2523=CARTESIAN_POINT('',(-8.89,-4.4,0.0));
#2524=DIRECTION('',(0.0,1.0,0.0));
#2525=DIRECTION('',(0.0,0.0,1.0));
#2526=ORIENTED_EDGE('',*,*,#5933,.F.);
#2527=ORIENTED_EDGE('',*,*,#5934,.T.);
#2528=ORIENTED_EDGE('',*,*,#5935,.T.);
#2529=ORIENTED_EDGE('',*,*,#5936,.F.);
#2530=ORIENTED_EDGE('',*,*,#5937,.F.);
#2531=ORIENTED_EDGE('',*,*,#5938,.F.);
#2532=CARTESIAN_POINT('',(-8.89,7.175,0.0));
#2533=DIRECTION('',(0.0,1.0,0.0));
#2534=DIRECTION('',(0.0,0.0,1.0));
#2535=ORIENTED_EDGE('',*,*,#5939,.F.);
#2536=ORIENTED_EDGE('',*,*,#5940,.T.);
#2537=ORIENTED_EDGE('',*,*,#5941,.T.);
#2538=ORIENTED_EDGE('',*,*,#5942,.F.);
#2539=ORIENTED_EDGE('',*,*,#5943,.F.);
#2540=ORIENTED_EDGE('',*,*,#5935,.F.);
#2541=CARTESIAN_POINT('',(-8.89,5.3275,0.0));
#2542=DIRECTION('',(-0.0,1.0,0.0));
#2543=DIRECTION('',(1.0,0.0,0.0));
#2544=ORIENTED_EDGE('',*,*,#5944,.F.);
#2545=ORIENTED_EDGE('',*,*,#5945,.T.);
#2546=ORIENTED_EDGE('',*,*,#5946,.F.);
#2547=ORIENTED_EDGE('',*,*,#5947,.F.);
#2548=ORIENTED_EDGE('',*,*,#5941,.F.);
#2549=CARTESIAN_POINT('',(-8.89,3.48,0.0));
#2550=DIRECTION('',(0.0,1.0,0.0));
#2551=DIRECTION('',(0.0,0.0,1.0));
#2552=ORIENTED_EDGE('',*,*,#5948,.F.);
#2553=ORIENTED_EDGE('',*,*,#5949,.T.);
#2554=ORIENTED_EDGE('',*,*,#5950,.F.);
#2555=ORIENTED_EDGE('',*,*,#5951,.F.);
#2556=CARTESIAN_POINT('',(-8.89,-0.21,0.0));
#2557=DIRECTION('',(-0.0,1.0,0.0));
#2558=DIRECTION('',(1.0,0.0,0.0));
#2559=ORIENTED_EDGE('',*,*,#5952,.F.);
#2560=ORIENTED_EDGE('',*,*,#5953,.T.);
#2561=ORIENTED_EDGE('',*,*,#5954,.F.);
#2562=ORIENTED_EDGE('',*,*,#5949,.F.);
#2563=CARTESIAN_POINT('',(-8.89,-0.545000000000001,0.0));
#2564=DIRECTION('',(-0.0,1.0,-0.0));
#2565=DIRECTION('',(1.0,0.0,0.0));
#2566=ORIENTED_EDGE('',*,*,#5955,.F.);
#2567=ORIENTED_EDGE('',*,*,#5956,.T.);
#2568=ORIENTED_EDGE('',*,*,#5957,.T.);
#2569=ORIENTED_EDGE('',*,*,#5958,.F.);
#2570=ORIENTED_EDGE('',*,*,#5959,.F.);
#2571=CARTESIAN_POINT('',(-8.89,-0.82,0.0));
#2572=DIRECTION('',(0.0,1.0,0.0));
#2573=DIRECTION('',(0.0,0.0,1.0));
#2574=ORIENTED_EDGE('',*,*,#5960,.F.);
#2575=ORIENTED_EDGE('',*,*,#5931,.T.);
#2576=ORIENTED_EDGE('',*,*,#5961,.T.);
#2577=ORIENTED_EDGE('',*,*,#5962,.F.);
#2578=ORIENTED_EDGE('',*,*,#5956,.F.);
#2579=ORIENTED_EDGE('',*,*,#5963,.F.);
#2580=CARTESIAN_POINT('',(-8.89,-2.61,0.0));
#2581=DIRECTION('',(-0.0,1.0,0.0));
#2582=DIRECTION('',(1.0,0.0,0.0));
#2583=ORIENTED_EDGE('',*,*,#5964,.F.);
#2584=ORIENTED_EDGE('',*,*,#5965,.F.);
#2585=ORIENTED_EDGE('',*,*,#5966,.F.);
#2586=ORIENTED_EDGE('',*,*,#5967,.F.);
#2587=CARTESIAN_POINT('',(-8.89,1.96708618324761,0.0));
#2588=DIRECTION('',(-0.0,1.0,0.0));
#2589=DIRECTION('',(1.0,0.0,0.0));
#2590=ORIENTED_EDGE('',*,*,#5968,.F.);
#2591=ORIENTED_EDGE('',*,*,#5969,.T.);
#2592=ORIENTED_EDGE('',*,*,#5970,.T.);
#2593=ORIENTED_EDGE('',*,*,#5971,.F.);
#2594=ORIENTED_EDGE('',*,*,#5972,.F.);
#2595=ORIENTED_EDGE('',*,*,#5973,.F.);
#2596=CARTESIAN_POINT('',(-6.35,-4.4,0.0));
#2597=DIRECTION('',(0.0,1.0,0.0));
#2598=DIRECTION('',(0.0,0.0,1.0));
#2599=ORIENTED_EDGE('',*,*,#5974,.F.);
#2600=ORIENTED_EDGE('',*,*,#5975,.T.);
#2601=ORIENTED_EDGE('',*,*,#5976,.T.);
#2602=ORIENTED_EDGE('',*,*,#5977,.F.);
#2603=ORIENTED_EDGE('',*,*,#5978,.F.);
#2604=ORIENTED_EDGE('',*,*,#5979,.F.);
#2605=CARTESIAN_POINT('',(-6.35,7.175,0.0));
#2606=DIRECTION('',(0.0,1.0,0.0));
#2607=DIRECTION('',(0.0,0.0,1.0));
#2608=ORIENTED_EDGE('',*,*,#5980,.F.);
#2609=ORIENTED_EDGE('',*,*,#5981,.T.);
#2610=ORIENTED_EDGE('',*,*,#5982,.T.);
#2611=ORIENTED_EDGE('',*,*,#5983,.F.);
#2612=ORIENTED_EDGE('',*,*,#5984,.F.);
#2613=ORIENTED_EDGE('',*,*,#5976,.F.);
#2614=CARTESIAN_POINT('',(-6.35,5.3275,0.0));
#2615=DIRECTION('',(-0.0,1.0,0.0));
#2616=DIRECTION('',(1.0,0.0,0.0));
#2617=ORIENTED_EDGE('',*,*,#5985,.F.);
#2618=ORIENTED_EDGE('',*,*,#5986,.T.);
#2619=ORIENTED_EDGE('',*,*,#5987,.F.);
#2620=ORIENTED_EDGE('',*,*,#5988,.F.);
#2621=ORIENTED_EDGE('',*,*,#5982,.F.);
#2622=CARTESIAN_POINT('',(-6.35,3.48,0.0));
#2623=DIRECTION('',(0.0,1.0,0.0));
#2624=DIRECTION('',(0.0,0.0,1.0));
#2625=ORIENTED_EDGE('',*,*,#5989,.F.);
#2626=ORIENTED_EDGE('',*,*,#5990,.T.);
#2627=ORIENTED_EDGE('',*,*,#5991,.F.);
#2628=ORIENTED_EDGE('',*,*,#5992,.F.);
#2629=CARTESIAN_POINT('',(-6.35,-0.21,0.0));
#2630=DIRECTION('',(-0.0,1.0,0.0));
#2631=DIRECTION('',(1.0,0.0,0.0));
#2632=ORIENTED_EDGE('',*,*,#5993,.F.);
#2633=ORIENTED_EDGE('',*,*,#5994,.T.);
#2634=ORIENTED_EDGE('',*,*,#5995,.F.);
#2635=ORIENTED_EDGE('',*,*,#5990,.F.);
#2636=CARTESIAN_POINT('',(-6.35,-0.545000000000001,0.0));
#2637=DIRECTION('',(-0.0,1.0,-0.0));
#2638=DIRECTION('',(1.0,0.0,0.0));
#2639=ORIENTED_EDGE('',*,*,#5996,.F.);
#2640=ORIENTED_EDGE('',*,*,#5997,.T.);
#2641=ORIENTED_EDGE('',*,*,#5998,.T.);
#2642=ORIENTED_EDGE('',*,*,#5999,.F.);
#2643=ORIENTED_EDGE('',*,*,#6000,.F.);
#2644=CARTESIAN_POINT('',(-6.35,-0.82,0.0));
#2645=DIRECTION('',(0.0,1.0,0.0));
#2646=DIRECTION('',(0.0,0.0,1.0));
#2647=ORIENTED_EDGE('',*,*,#6001,.F.);
#2648=ORIENTED_EDGE('',*,*,#5972,.T.);
#2649=ORIENTED_EDGE('',*,*,#6002,.T.);
#2650=ORIENTED_EDGE('',*,*,#6003,.F.);
#2651=ORIENTED_EDGE('',*,*,#5997,.F.);
#2652=ORIENTED_EDGE('',*,*,#6004,.F.);
#2653=CARTESIAN_POINT('',(-6.35,-2.61,0.0));
#2654=DIRECTION('',(-0.0,1.0,0.0));
#2655=DIRECTION('',(1.0,0.0,0.0));
#2656=ORIENTED_EDGE('',*,*,#6005,.F.);
#2657=ORIENTED_EDGE('',*,*,#6006,.F.);
#2658=ORIENTED_EDGE('',*,*,#6007,.F.);
#2659=ORIENTED_EDGE('',*,*,#6008,.F.);
#2660=CARTESIAN_POINT('',(-6.35,1.96708618324761,0.0));
#2661=DIRECTION('',(-0.0,1.0,0.0));
#2662=DIRECTION('',(1.0,0.0,0.0));
#2663=ORIENTED_EDGE('',*,*,#6009,.F.);
#2664=ORIENTED_EDGE('',*,*,#6010,.T.);
#2665=ORIENTED_EDGE('',*,*,#6011,.T.);
#2666=ORIENTED_EDGE('',*,*,#6012,.F.);
#2667=ORIENTED_EDGE('',*,*,#6013,.F.);
#2668=ORIENTED_EDGE('',*,*,#6014,.F.);
#2669=CARTESIAN_POINT('',(-3.81,-4.4,0.0));
#2670=DIRECTION('',(0.0,1.0,0.0));
#2671=DIRECTION('',(0.0,0.0,1.0));
#2672=ORIENTED_EDGE('',*,*,#6015,.F.);
#2673=ORIENTED_EDGE('',*,*,#6016,.T.);
#2674=ORIENTED_EDGE('',*,*,#6017,.T.);
#2675=ORIENTED_EDGE('',*,*,#6018,.F.);
#2676=ORIENTED_EDGE('',*,*,#6019,.F.);
#2677=ORIENTED_EDGE('',*,*,#6020,.F.);
#2678=CARTESIAN_POINT('',(-3.81,7.175,0.0));
#2679=DIRECTION('',(0.0,1.0,0.0));
#2680=DIRECTION('',(0.0,0.0,1.0));
#2681=ORIENTED_EDGE('',*,*,#6021,.F.);
#2682=ORIENTED_EDGE('',*,*,#6022,.T.);
#2683=ORIENTED_EDGE('',*,*,#6023,.T.);
#2684=ORIENTED_EDGE('',*,*,#6024,.F.);
#2685=ORIENTED_EDGE('',*,*,#6025,.F.);
#2686=ORIENTED_EDGE('',*,*,#6017,.F.);
#2687=CARTESIAN_POINT('',(-3.81,5.3275,0.0));
#2688=DIRECTION('',(-0.0,1.0,0.0));
#2689=DIRECTION('',(1.0,0.0,0.0));
#2690=ORIENTED_EDGE('',*,*,#6026,.F.);
#2691=ORIENTED_EDGE('',*,*,#6027,.T.);
#2692=ORIENTED_EDGE('',*,*,#6028,.F.);
#2693=ORIENTED_EDGE('',*,*,#6029,.F.);
#2694=ORIENTED_EDGE('',*,*,#6023,.F.);
#2695=CARTESIAN_POINT('',(-3.81,3.48,0.0));
#2696=DIRECTION('',(0.0,1.0,0.0));
#2697=DIRECTION('',(0.0,0.0,1.0));
#2698=ORIENTED_EDGE('',*,*,#6030,.F.);
#2699=ORIENTED_EDGE('',*,*,#6031,.T.);
#2700=ORIENTED_EDGE('',*,*,#6032,.F.);
#2701=ORIENTED_EDGE('',*,*,#6033,.F.);
#2702=CARTESIAN_POINT('',(-3.81,-0.21,0.0));
#2703=DIRECTION('',(-0.0,1.0,0.0));
#2704=DIRECTION('',(1.0,0.0,0.0));
#2705=ORIENTED_EDGE('',*,*,#6034,.F.);
#2706=ORIENTED_EDGE('',*,*,#6035,.T.);
#2707=ORIENTED_EDGE('',*,*,#6036,.F.);
#2708=ORIENTED_EDGE('',*,*,#6031,.F.);
#2709=CARTESIAN_POINT('',(-3.81,-0.545000000000001,0.0));
#2710=DIRECTION('',(-0.0,1.0,-0.0));
#2711=DIRECTION('',(1.0,0.0,0.0));
#2712=ORIENTED_EDGE('',*,*,#6037,.F.);
#2713=ORIENTED_EDGE('',*,*,#6038,.T.);
#2714=ORIENTED_EDGE('',*,*,#6039,.T.);
#2715=ORIENTED_EDGE('',*,*,#6040,.F.);
#2716=ORIENTED_EDGE('',*,*,#6041,.F.);
#2717=CARTESIAN_POINT('',(-3.81,-0.82,0.0));
#2718=DIRECTION('',(0.0,1.0,0.0));
#2719=DIRECTION('',(0.0,0.0,1.0));
#2720=ORIENTED_EDGE('',*,*,#6042,.F.);
#2721=ORIENTED_EDGE('',*,*,#6013,.T.);
#2722=ORIENTED_EDGE('',*,*,#6043,.T.);
#2723=ORIENTED_EDGE('',*,*,#6044,.F.);
#2724=ORIENTED_EDGE('',*,*,#6038,.F.);
#2725=ORIENTED_EDGE('',*,*,#6045,.F.);
#2726=CARTESIAN_POINT('',(-3.81,-2.61,0.0));
#2727=DIRECTION('',(-0.0,1.0,0.0));
#2728=DIRECTION('',(1.0,0.0,0.0));
#2729=ORIENTED_EDGE('',*,*,#6046,.F.);
#2730=ORIENTED_EDGE('',*,*,#6047,.F.);
#2731=ORIENTED_EDGE('',*,*,#6048,.F.);
#2732=ORIENTED_EDGE('',*,*,#6049,.F.);
#2733=CARTESIAN_POINT('',(-3.81,1.96708618324761,0.0));
#2734=DIRECTION('',(-0.0,1.0,0.0));
#2735=DIRECTION('',(1.0,0.0,0.0));
#2736=ORIENTED_EDGE('',*,*,#6050,.F.);
#2737=ORIENTED_EDGE('',*,*,#6051,.T.);
#2738=ORIENTED_EDGE('',*,*,#6052,.T.);
#2739=ORIENTED_EDGE('',*,*,#6053,.F.);
#2740=ORIENTED_EDGE('',*,*,#6054,.F.);
#2741=ORIENTED_EDGE('',*,*,#6055,.F.);
#2742=CARTESIAN_POINT('',(-1.27,-4.4,0.0));
#2743=DIRECTION('',(0.0,1.0,0.0));
#2744=DIRECTION('',(0.0,0.0,1.0));
#2745=ORIENTED_EDGE('',*,*,#6056,.F.);
#2746=ORIENTED_EDGE('',*,*,#6057,.T.);
#2747=ORIENTED_EDGE('',*,*,#6058,.T.);
#2748=ORIENTED_EDGE('',*,*,#6059,.F.);
#2749=ORIENTED_EDGE('',*,*,#6060,.F.);
#2750=ORIENTED_EDGE('',*,*,#6061,.F.);
#2751=CARTESIAN_POINT('',(-1.27,7.175,0.0));
#2752=DIRECTION('',(0.0,1.0,0.0));
#2753=DIRECTION('',(0.0,0.0,1.0));
#2754=ORIENTED_EDGE('',*,*,#6062,.F.);
#2755=ORIENTED_EDGE('',*,*,#6063,.T.);
#2756=ORIENTED_EDGE('',*,*,#6064,.T.);
#2757=ORIENTED_EDGE('',*,*,#6065,.F.);
#2758=ORIENTED_EDGE('',*,*,#6066,.F.);
#2759=ORIENTED_EDGE('',*,*,#6058,.F.);
#2760=CARTESIAN_POINT('',(-1.27,5.3275,0.0));
#2761=DIRECTION('',(-0.0,1.0,0.0));
#2762=DIRECTION('',(1.0,0.0,0.0));
#2763=ORIENTED_EDGE('',*,*,#6067,.F.);
#2764=ORIENTED_EDGE('',*,*,#6068,.T.);
#2765=ORIENTED_EDGE('',*,*,#6069,.F.);
#2766=ORIENTED_EDGE('',*,*,#6070,.F.);
#2767=ORIENTED_EDGE('',*,*,#6064,.F.);
#2768=CARTESIAN_POINT('',(-1.27,3.48,0.0));
#2769=DIRECTION('',(0.0,1.0,0.0));
#2770=DIRECTION('',(0.0,0.0,1.0));
#2771=ORIENTED_EDGE('',*,*,#6071,.F.);
#2772=ORIENTED_EDGE('',*,*,#6072,.T.);
#2773=ORIENTED_EDGE('',*,*,#6073,.F.);
#2774=ORIENTED_EDGE('',*,*,#6074,.F.);
#2775=CARTESIAN_POINT('',(-1.27,-0.21,0.0));
#2776=DIRECTION('',(-0.0,1.0,0.0));
#2777=DIRECTION('',(1.0,0.0,0.0));
#2778=ORIENTED_EDGE('',*,*,#6075,.F.);
#2779=ORIENTED_EDGE('',*,*,#6076,.T.);
#2780=ORIENTED_EDGE('',*,*,#6077,.F.);
#2781=ORIENTED_EDGE('',*,*,#6072,.F.);
#2782=CARTESIAN_POINT('',(-1.27,-0.545000000000001,0.0));
#2783=DIRECTION('',(-0.0,1.0,-0.0));
#2784=DIRECTION('',(1.0,0.0,0.0));
#2785=ORIENTED_EDGE('',*,*,#6078,.F.);
#2786=ORIENTED_EDGE('',*,*,#6079,.T.);
#2787=ORIENTED_EDGE('',*,*,#6080,.T.);
#2788=ORIENTED_EDGE('',*,*,#6081,.F.);
#2789=ORIENTED_EDGE('',*,*,#6082,.F.);
#2790=CARTESIAN_POINT('',(-1.27,-0.82,0.0));
#2791=DIRECTION('',(0.0,1.0,0.0));
#2792=DIRECTION('',(0.0,0.0,1.0));
#2793=ORIENTED_EDGE('',*,*,#6083,.F.);
#2794=ORIENTED_EDGE('',*,*,#6054,.T.);
#2795=ORIENTED_EDGE('',*,*,#6084,.T.);
#2796=ORIENTED_EDGE('',*,*,#6085,.F.);
#2797=ORIENTED_EDGE('',*,*,#6079,.F.);
#2798=ORIENTED_EDGE('',*,*,#6086,.F.);
#2799=CARTESIAN_POINT('',(-1.27,-2.61,0.0));
#2800=DIRECTION('',(-0.0,1.0,0.0));
#2801=DIRECTION('',(1.0,0.0,0.0));
#2802=ORIENTED_EDGE('',*,*,#6087,.F.);
#2803=ORIENTED_EDGE('',*,*,#6088,.F.);
#2804=ORIENTED_EDGE('',*,*,#6089,.F.);
#2805=ORIENTED_EDGE('',*,*,#6090,.F.);
#2806=CARTESIAN_POINT('',(-1.27,1.96708618324761,0.0));
#2807=DIRECTION('',(-0.0,1.0,0.0));
#2808=DIRECTION('',(1.0,0.0,0.0));
#2809=ORIENTED_EDGE('',*,*,#6091,.F.);
#2810=ORIENTED_EDGE('',*,*,#6092,.T.);
#2811=ORIENTED_EDGE('',*,*,#6093,.T.);
#2812=ORIENTED_EDGE('',*,*,#6094,.F.);
#2813=ORIENTED_EDGE('',*,*,#6095,.F.);
#2814=ORIENTED_EDGE('',*,*,#6096,.F.);
#2815=CARTESIAN_POINT('',(1.27,-4.4,0.0));
#2816=DIRECTION('',(0.0,1.0,0.0));
#2817=DIRECTION('',(0.0,0.0,1.0));
#2818=ORIENTED_EDGE('',*,*,#6097,.F.);
#2819=ORIENTED_EDGE('',*,*,#6098,.T.);
#2820=ORIENTED_EDGE('',*,*,#6099,.T.);
#2821=ORIENTED_EDGE('',*,*,#6100,.F.);
#2822=ORIENTED_EDGE('',*,*,#6101,.F.);
#2823=ORIENTED_EDGE('',*,*,#6102,.F.);
#2824=CARTESIAN_POINT('',(1.27,7.175,0.0));
#2825=DIRECTION('',(0.0,1.0,0.0));
#2826=DIRECTION('',(0.0,0.0,1.0));
#2827=ORIENTED_EDGE('',*,*,#6103,.F.);
#2828=ORIENTED_EDGE('',*,*,#6104,.T.);
#2829=ORIENTED_EDGE('',*,*,#6105,.T.);
#2830=ORIENTED_EDGE('',*,*,#6106,.F.);
#2831=ORIENTED_EDGE('',*,*,#6107,.F.);
#2832=ORIENTED_EDGE('',*,*,#6099,.F.);
#2833=CARTESIAN_POINT('',(1.27,5.3275,0.0));
#2834=DIRECTION('',(-0.0,1.0,0.0));
#2835=DIRECTION('',(1.0,0.0,0.0));
#2836=ORIENTED_EDGE('',*,*,#6108,.F.);
#2837=ORIENTED_EDGE('',*,*,#6109,.T.);
#2838=ORIENTED_EDGE('',*,*,#6110,.F.);
#2839=ORIENTED_EDGE('',*,*,#6111,.F.);
#2840=ORIENTED_EDGE('',*,*,#6105,.F.);
#2841=CARTESIAN_POINT('',(1.27,3.48,0.0));
#2842=DIRECTION('',(0.0,1.0,0.0));
#2843=DIRECTION('',(0.0,0.0,1.0));
#2844=ORIENTED_EDGE('',*,*,#6112,.F.);
#2845=ORIENTED_EDGE('',*,*,#6113,.T.);
#2846=ORIENTED_EDGE('',*,*,#6114,.F.);
#2847=ORIENTED_EDGE('',*,*,#6115,.F.);
#2848=CARTESIAN_POINT('',(1.27,-0.21,0.0));
#2849=DIRECTION('',(-0.0,1.0,0.0));
#2850=DIRECTION('',(1.0,0.0,0.0));
#2851=ORIENTED_EDGE('',*,*,#6116,.F.);
#2852=ORIENTED_EDGE('',*,*,#6117,.T.);
#2853=ORIENTED_EDGE('',*,*,#6118,.F.);
#2854=ORIENTED_EDGE('',*,*,#6113,.F.);
#2855=CARTESIAN_POINT('',(1.27,-0.545000000000001,0.0));
#2856=DIRECTION('',(-0.0,1.0,-0.0));
#2857=DIRECTION('',(1.0,0.0,0.0));
#2858=ORIENTED_EDGE('',*,*,#6119,.F.);
#2859=ORIENTED_EDGE('',*,*,#6120,.T.);
#2860=ORIENTED_EDGE('',*,*,#6121,.T.);
#2861=ORIENTED_EDGE('',*,*,#6122,.F.);
#2862=ORIENTED_EDGE('',*,*,#6123,.F.);
#2863=CARTESIAN_POINT('',(1.27,-0.82,0.0));
#2864=DIRECTION('',(0.0,1.0,0.0));
#2865=DIRECTION('',(0.0,0.0,1.0));
#2866=ORIENTED_EDGE('',*,*,#6124,.F.);
#2867=ORIENTED_EDGE('',*,*,#6095,.T.);
#2868=ORIENTED_EDGE('',*,*,#6125,.T.);
#2869=ORIENTED_EDGE('',*,*,#6126,.F.);
#2870=ORIENTED_EDGE('',*,*,#6120,.F.);
#2871=ORIENTED_EDGE('',*,*,#6127,.F.);
#2872=CARTESIAN_POINT('',(1.27,-2.61,0.0));
#2873=DIRECTION('',(-0.0,1.0,0.0));
#2874=DIRECTION('',(1.0,0.0,0.0));
#2875=ORIENTED_EDGE('',*,*,#6128,.F.);
#2876=ORIENTED_EDGE('',*,*,#6129,.F.);
#2877=ORIENTED_EDGE('',*,*,#6130,.F.);
#2878=ORIENTED_EDGE('',*,*,#6131,.F.);
#2879=CARTESIAN_POINT('',(1.27,1.96708618324761,0.0));
#2880=DIRECTION('',(-0.0,1.0,0.0));
#2881=DIRECTION('',(1.0,0.0,0.0));
#2882=ORIENTED_EDGE('',*,*,#6132,.F.);
#2883=ORIENTED_EDGE('',*,*,#6133,.T.);
#2884=ORIENTED_EDGE('',*,*,#6134,.T.);
#2885=ORIENTED_EDGE('',*,*,#6135,.F.);
#2886=ORIENTED_EDGE('',*,*,#6136,.F.);
#2887=ORIENTED_EDGE('',*,*,#6137,.F.);
#2888=CARTESIAN_POINT('',(3.81,-4.4,0.0));
#2889=DIRECTION('',(0.0,1.0,0.0));
#2890=DIRECTION('',(0.0,0.0,1.0));
#2891=ORIENTED_EDGE('',*,*,#6138,.F.);
#2892=ORIENTED_EDGE('',*,*,#6139,.T.);
#2893=ORIENTED_EDGE('',*,*,#6140,.T.);
#2894=ORIENTED_EDGE('',*,*,#6141,.F.);
#2895=ORIENTED_EDGE('',*,*,#6142,.F.);
#2896=ORIENTED_EDGE('',*,*,#6143,.F.);
#2897=CARTESIAN_POINT('',(3.81,7.175,0.0));
#2898=DIRECTION('',(0.0,1.0,0.0));
#2899=DIRECTION('',(0.0,0.0,1.0));
#2900=ORIENTED_EDGE('',*,*,#6144,.F.);
#2901=ORIENTED_EDGE('',*,*,#6145,.T.);
#2902=ORIENTED_EDGE('',*,*,#6146,.T.);
#2903=ORIENTED_EDGE('',*,*,#6147,.F.);
#2904=ORIENTED_EDGE('',*,*,#6148,.F.);
#2905=ORIENTED_EDGE('',*,*,#6140,.F.);
#2906=CARTESIAN_POINT('',(3.81,5.3275,0.0));
#2907=DIRECTION('',(-0.0,1.0,0.0));
#2908=DIRECTION('',(1.0,0.0,0.0));
#2909=ORIENTED_EDGE('',*,*,#6149,.F.);
#2910=ORIENTED_EDGE('',*,*,#6150,.T.);
#2911=ORIENTED_EDGE('',*,*,#6151,.F.);
#2912=ORIENTED_EDGE('',*,*,#6152,.F.);
#2913=ORIENTED_EDGE('',*,*,#6146,.F.);
#2914=CARTESIAN_POINT('',(3.81,3.48,0.0));
#2915=DIRECTION('',(0.0,1.0,0.0));
#2916=DIRECTION('',(0.0,0.0,1.0));
#2917=ORIENTED_EDGE('',*,*,#6153,.F.);
#2918=ORIENTED_EDGE('',*,*,#6154,.T.);
#2919=ORIENTED_EDGE('',*,*,#6155,.F.);
#2920=ORIENTED_EDGE('',*,*,#6156,.F.);
#2921=CARTESIAN_POINT('',(3.81,-0.21,0.0));
#2922=DIRECTION('',(-0.0,1.0,0.0));
#2923=DIRECTION('',(1.0,0.0,0.0));
#2924=ORIENTED_EDGE('',*,*,#6157,.F.);
#2925=ORIENTED_EDGE('',*,*,#6158,.T.);
#2926=ORIENTED_EDGE('',*,*,#6159,.F.);
#2927=ORIENTED_EDGE('',*,*,#6154,.F.);
#2928=CARTESIAN_POINT('',(3.81,-0.545000000000001,0.0));
#2929=DIRECTION('',(-0.0,1.0,-0.0));
#2930=DIRECTION('',(1.0,0.0,0.0));
#2931=ORIENTED_EDGE('',*,*,#6160,.F.);
#2932=ORIENTED_EDGE('',*,*,#6161,.T.);
#2933=ORIENTED_EDGE('',*,*,#6162,.T.);
#2934=ORIENTED_EDGE('',*,*,#6163,.F.);
#2935=ORIENTED_EDGE('',*,*,#6164,.F.);
#2936=CARTESIAN_POINT('',(3.81,-0.82,0.0));
#2937=DIRECTION('',(0.0,1.0,0.0));
#2938=DIRECTION('',(0.0,0.0,1.0));
#2939=ORIENTED_EDGE('',*,*,#6165,.F.);
#2940=ORIENTED_EDGE('',*,*,#6136,.T.);
#2941=ORIENTED_EDGE('',*,*,#6166,.T.);
#2942=ORIENTED_EDGE('',*,*,#6167,.F.);
#2943=ORIENTED_EDGE('',*,*,#6161,.F.);
#2944=ORIENTED_EDGE('',*,*,#6168,.F.);
#2945=CARTESIAN_POINT('',(3.81,-2.61,0.0));
#2946=DIRECTION('',(-0.0,1.0,0.0));
#2947=DIRECTION('',(1.0,0.0,0.0));
#2948=ORIENTED_EDGE('',*,*,#6169,.F.);
#2949=ORIENTED_EDGE('',*,*,#6170,.F.);
#2950=ORIENTED_EDGE('',*,*,#6171,.F.);
#2951=ORIENTED_EDGE('',*,*,#6172,.F.);
#2952=CARTESIAN_POINT('',(3.81,1.96708618324761,0.0));
#2953=DIRECTION('',(-0.0,1.0,0.0));
#2954=DIRECTION('',(1.0,0.0,0.0));
#2955=ORIENTED_EDGE('',*,*,#6173,.F.);
#2956=ORIENTED_EDGE('',*,*,#6174,.T.);
#2957=ORIENTED_EDGE('',*,*,#6175,.T.);
#2958=ORIENTED_EDGE('',*,*,#6176,.F.);
#2959=ORIENTED_EDGE('',*,*,#6177,.F.);
#2960=ORIENTED_EDGE('',*,*,#6178,.F.);
#2961=CARTESIAN_POINT('',(6.35,-4.4,0.0));
#2962=DIRECTION('',(0.0,1.0,0.0));
#2963=DIRECTION('',(0.0,0.0,1.0));
#2964=ORIENTED_EDGE('',*,*,#6179,.F.);
#2965=ORIENTED_EDGE('',*,*,#6180,.T.);
#2966=ORIENTED_EDGE('',*,*,#6181,.T.);
#2967=ORIENTED_EDGE('',*,*,#6182,.F.);
#2968=ORIENTED_EDGE('',*,*,#6183,.F.);
#2969=ORIENTED_EDGE('',*,*,#6184,.F.);
#2970=CARTESIAN_POINT('',(6.35,7.175,0.0));
#2971=DIRECTION('',(0.0,1.0,0.0));
#2972=DIRECTION('',(0.0,0.0,1.0));
#2973=ORIENTED_EDGE('',*,*,#6185,.F.);
#2974=ORIENTED_EDGE('',*,*,#6186,.T.);
#2975=ORIENTED_EDGE('',*,*,#6187,.T.);
#2976=ORIENTED_EDGE('',*,*,#6188,.F.);
#2977=ORIENTED_EDGE('',*,*,#6189,.F.);
#2978=ORIENTED_EDGE('',*,*,#6181,.F.);
#2979=CARTESIAN_POINT('',(6.35,5.3275,0.0));
#2980=DIRECTION('',(-0.0,1.0,0.0));
#2981=DIRECTION('',(1.0,0.0,0.0));
#2982=ORIENTED_EDGE('',*,*,#6190,.F.);
#2983=ORIENTED_EDGE('',*,*,#6191,.T.);
#2984=ORIENTED_EDGE('',*,*,#6192,.F.);
#2985=ORIENTED_EDGE('',*,*,#6193,.F.);
#2986=ORIENTED_EDGE('',*,*,#6187,.F.);
#2987=CARTESIAN_POINT('',(6.35,3.48,0.0));
#2988=DIRECTION('',(0.0,1.0,0.0));
#2989=DIRECTION('',(0.0,0.0,1.0));
#2990=ORIENTED_EDGE('',*,*,#6194,.F.);
#2991=ORIENTED_EDGE('',*,*,#6195,.T.);
#2992=ORIENTED_EDGE('',*,*,#6196,.F.);
#2993=ORIENTED_EDGE('',*,*,#6197,.F.);
#2994=CARTESIAN_POINT('',(6.35,-0.21,0.0));
#2995=DIRECTION('',(-0.0,1.0,0.0));
#2996=DIRECTION('',(1.0,0.0,0.0));
#2997=ORIENTED_EDGE('',*,*,#6198,.F.);
#2998=ORIENTED_EDGE('',*,*,#6199,.T.);
#2999=ORIENTED_EDGE('',*,*,#6200,.F.);
#3000=ORIENTED_EDGE('',*,*,#6195,.F.);
#3001=CARTESIAN_POINT('',(6.35,-0.545000000000001,0.0));
#3002=DIRECTION('',(-0.0,1.0,-0.0));
#3003=DIRECTION('',(1.0,0.0,0.0));
#3004=ORIENTED_EDGE('',*,*,#6201,.F.);
#3005=ORIENTED_EDGE('',*,*,#6202,.T.);
#3006=ORIENTED_EDGE('',*,*,#6203,.T.);
#3007=ORIENTED_EDGE('',*,*,#6204,.F.);
#3008=ORIENTED_EDGE('',*,*,#6205,.F.);
#3009=CARTESIAN_POINT('',(6.35,-0.82,0.0));
#3010=DIRECTION('',(0.0,1.0,0.0));
#3011=DIRECTION('',(0.0,0.0,1.0));
#3012=ORIENTED_EDGE('',*,*,#6206,.F.);
#3013=ORIENTED_EDGE('',*,*,#6177,.T.);
#3014=ORIENTED_EDGE('',*,*,#6207,.T.);
#3015=ORIENTED_EDGE('',*,*,#6208,.F.);
#3016=ORIENTED_EDGE('',*,*,#6202,.F.);
#3017=ORIENTED_EDGE('',*,*,#6209,.F.);
#3018=CARTESIAN_POINT('',(6.35,-2.61,0.0));
#3019=DIRECTION('',(-0.0,1.0,0.0));
#3020=DIRECTION('',(1.0,0.0,0.0));
#3021=ORIENTED_EDGE('',*,*,#6210,.F.);
#3022=ORIENTED_EDGE('',*,*,#6211,.F.);
#3023=ORIENTED_EDGE('',*,*,#6212,.F.);
#3024=ORIENTED_EDGE('',*,*,#6213,.F.);
#3025=CARTESIAN_POINT('',(6.35,1.96708618324761,0.0));
#3026=DIRECTION('',(-0.0,1.0,0.0));
#3027=DIRECTION('',(1.0,0.0,0.0));
#3028=ORIENTED_EDGE('',*,*,#6214,.F.);
#3029=ORIENTED_EDGE('',*,*,#6215,.T.);
#3030=ORIENTED_EDGE('',*,*,#6216,.T.);
#3031=ORIENTED_EDGE('',*,*,#6217,.F.);
#3032=ORIENTED_EDGE('',*,*,#6218,.F.);
#3033=ORIENTED_EDGE('',*,*,#6219,.F.);
#3034=CARTESIAN_POINT('',(8.89,-4.4,0.0));
#3035=DIRECTION('',(0.0,1.0,0.0));
#3036=DIRECTION('',(0.0,0.0,1.0));
#3037=ORIENTED_EDGE('',*,*,#6220,.F.);
#3038=ORIENTED_EDGE('',*,*,#6221,.T.);
#3039=ORIENTED_EDGE('',*,*,#6222,.T.);
#3040=ORIENTED_EDGE('',*,*,#6223,.F.);
#3041=ORIENTED_EDGE('',*,*,#6224,.F.);
#3042=ORIENTED_EDGE('',*,*,#6225,.F.);
#3043=CARTESIAN_POINT('',(8.89,7.175,0.0));
#3044=DIRECTION('',(0.0,1.0,0.0));
#3045=DIRECTION('',(0.0,0.0,1.0));
#3046=ORIENTED_EDGE('',*,*,#6226,.F.);
#3047=ORIENTED_EDGE('',*,*,#6227,.T.);
#3048=ORIENTED_EDGE('',*,*,#6228,.T.);
#3049=ORIENTED_EDGE('',*,*,#6229,.F.);
#3050=ORIENTED_EDGE('',*,*,#6230,.F.);
#3051=ORIENTED_EDGE('',*,*,#6222,.F.);
#3052=CARTESIAN_POINT('',(8.89,5.3275,0.0));
#3053=DIRECTION('',(-0.0,1.0,0.0));
#3054=DIRECTION('',(1.0,0.0,0.0));
#3055=ORIENTED_EDGE('',*,*,#6231,.F.);
#3056=ORIENTED_EDGE('',*,*,#6232,.T.);
#3057=ORIENTED_EDGE('',*,*,#6233,.F.);
#3058=ORIENTED_EDGE('',*,*,#6234,.F.);
#3059=ORIENTED_EDGE('',*,*,#6228,.F.);
#3060=CARTESIAN_POINT('',(8.89,3.48,0.0));
#3061=DIRECTION('',(0.0,1.0,0.0));
#3062=DIRECTION('',(0.0,0.0,1.0));
#3063=ORIENTED_EDGE('',*,*,#6235,.F.);
#3064=ORIENTED_EDGE('',*,*,#6236,.T.);
#3065=ORIENTED_EDGE('',*,*,#6237,.F.);
#3066=ORIENTED_EDGE('',*,*,#6238,.F.);
#3067=CARTESIAN_POINT('',(8.89,-0.21,0.0));
#3068=DIRECTION('',(-0.0,1.0,0.0));
#3069=DIRECTION('',(1.0,0.0,0.0));
#3070=ORIENTED_EDGE('',*,*,#6239,.F.);
#3071=ORIENTED_EDGE('',*,*,#6240,.T.);
#3072=ORIENTED_EDGE('',*,*,#6241,.F.);
#3073=ORIENTED_EDGE('',*,*,#6236,.F.);
#3074=CARTESIAN_POINT('',(8.89,-0.545000000000001,0.0));
#3075=DIRECTION('',(-0.0,1.0,-0.0));
#3076=DIRECTION('',(1.0,0.0,0.0));
#3077=ORIENTED_EDGE('',*,*,#6242,.F.);
#3078=ORIENTED_EDGE('',*,*,#6243,.T.);
#3079=ORIENTED_EDGE('',*,*,#6244,.T.);
#3080=ORIENTED_EDGE('',*,*,#6245,.F.);
#3081=ORIENTED_EDGE('',*,*,#6246,.F.);
#3082=CARTESIAN_POINT('',(8.89,-0.82,0.0));
#3083=DIRECTION('',(0.0,1.0,0.0));
#3084=DIRECTION('',(0.0,0.0,1.0));
#3085=ORIENTED_EDGE('',*,*,#6247,.F.);
#3086=ORIENTED_EDGE('',*,*,#6218,.T.);
#3087=ORIENTED_EDGE('',*,*,#6248,.T.);
#3088=ORIENTED_EDGE('',*,*,#6249,.F.);
#3089=ORIENTED_EDGE('',*,*,#6243,.F.);
#3090=ORIENTED_EDGE('',*,*,#6250,.F.);
#3091=CARTESIAN_POINT('',(8.89,-2.61,0.0));
#3092=DIRECTION('',(-0.0,1.0,0.0));
#3093=DIRECTION('',(1.0,0.0,0.0));
#3094=ORIENTED_EDGE('',*,*,#6251,.F.);
#3095=ORIENTED_EDGE('',*,*,#6252,.F.);
#3096=ORIENTED_EDGE('',*,*,#6253,.F.);
#3097=ORIENTED_EDGE('',*,*,#6254,.F.);
#3098=CARTESIAN_POINT('',(8.89,1.96708618324761,0.0));
#3099=DIRECTION('',(-0.0,1.0,0.0));
#3100=DIRECTION('',(1.0,0.0,0.0));
#3101=ORIENTED_EDGE('',*,*,#6255,.F.);
#3102=ORIENTED_EDGE('',*,*,#6256,.T.);
#3103=ORIENTED_EDGE('',*,*,#6257,.T.);
#3104=ORIENTED_EDGE('',*,*,#6258,.F.);
#3105=ORIENTED_EDGE('',*,*,#6259,.F.);
#3106=ORIENTED_EDGE('',*,*,#6260,.F.);
#3107=CARTESIAN_POINT('',(11.43,-4.4,0.0));
#3108=DIRECTION('',(0.0,1.0,0.0));
#3109=DIRECTION('',(0.0,0.0,1.0));
#3110=ORIENTED_EDGE('',*,*,#6261,.F.);
#3111=ORIENTED_EDGE('',*,*,#6262,.T.);
#3112=ORIENTED_EDGE('',*,*,#6263,.T.);
#3113=ORIENTED_EDGE('',*,*,#6264,.F.);
#3114=ORIENTED_EDGE('',*,*,#6265,.F.);
#3115=ORIENTED_EDGE('',*,*,#6266,.F.);
#3116=CARTESIAN_POINT('',(11.43,7.175,0.0));
#3117=DIRECTION('',(0.0,1.0,0.0));
#3118=DIRECTION('',(0.0,0.0,1.0));
#3119=ORIENTED_EDGE('',*,*,#6267,.F.);
#3120=ORIENTED_EDGE('',*,*,#6268,.T.);
#3121=ORIENTED_EDGE('',*,*,#6269,.T.);
#3122=ORIENTED_EDGE('',*,*,#6270,.F.);
#3123=ORIENTED_EDGE('',*,*,#6271,.F.);
#3124=ORIENTED_EDGE('',*,*,#6263,.F.);
#3125=CARTESIAN_POINT('',(11.43,5.3275,0.0));
#3126=DIRECTION('',(-0.0,1.0,0.0));
#3127=DIRECTION('',(1.0,0.0,0.0));
#3128=ORIENTED_EDGE('',*,*,#6272,.F.);
#3129=ORIENTED_EDGE('',*,*,#6273,.T.);
#3130=ORIENTED_EDGE('',*,*,#6274,.F.);
#3131=ORIENTED_EDGE('',*,*,#6275,.F.);
#3132=ORIENTED_EDGE('',*,*,#6269,.F.);
#3133=CARTESIAN_POINT('',(11.43,3.48,0.0));
#3134=DIRECTION('',(0.0,1.0,0.0));
#3135=DIRECTION('',(0.0,0.0,1.0));
#3136=ORIENTED_EDGE('',*,*,#6276,.F.);
#3137=ORIENTED_EDGE('',*,*,#6277,.T.);
#3138=ORIENTED_EDGE('',*,*,#6278,.F.);
#3139=ORIENTED_EDGE('',*,*,#6279,.F.);
#3140=CARTESIAN_POINT('',(11.43,-0.21,0.0));
#3141=DIRECTION('',(-0.0,1.0,0.0));
#3142=DIRECTION('',(1.0,0.0,0.0));
#3143=ORIENTED_EDGE('',*,*,#6280,.F.);
#3144=ORIENTED_EDGE('',*,*,#6281,.T.);
#3145=ORIENTED_EDGE('',*,*,#6282,.F.);
#3146=ORIENTED_EDGE('',*,*,#6277,.F.);
#3147=CARTESIAN_POINT('',(11.43,-0.545000000000001,0.0));
#3148=DIRECTION('',(-0.0,1.0,-0.0));
#3149=DIRECTION('',(1.0,0.0,0.0));
#3150=ORIENTED_EDGE('',*,*,#6283,.F.);
#3151=ORIENTED_EDGE('',*,*,#6284,.T.);
#3152=ORIENTED_EDGE('',*,*,#6285,.T.);
#3153=ORIENTED_EDGE('',*,*,#6286,.F.);
#3154=ORIENTED_EDGE('',*,*,#6287,.F.);
#3155=CARTESIAN_POINT('',(11.43,-0.82,0.0));
#3156=DIRECTION('',(0.0,1.0,0.0));
#3157=DIRECTION('',(0.0,0.0,1.0));
#3158=ORIENTED_EDGE('',*,*,#6288,.F.);
#3159=ORIENTED_EDGE('',*,*,#6259,.T.);
#3160=ORIENTED_EDGE('',*,*,#6289,.T.);
#3161=ORIENTED_EDGE('',*,*,#6290,.F.);
#3162=ORIENTED_EDGE('',*,*,#6284,.F.);
#3163=ORIENTED_EDGE('',*,*,#6291,.F.);
#3164=CARTESIAN_POINT('',(11.43,-2.61,0.0));
#3165=DIRECTION('',(-0.0,1.0,0.0));
#3166=DIRECTION('',(1.0,0.0,0.0));
#3167=ORIENTED_EDGE('',*,*,#6292,.F.);
#3168=ORIENTED_EDGE('',*,*,#6293,.F.);
#3169=ORIENTED_EDGE('',*,*,#6294,.F.);
#3170=ORIENTED_EDGE('',*,*,#6295,.F.);
#3171=CARTESIAN_POINT('',(11.43,1.96708618324761,0.0));
#3172=DIRECTION('',(-0.0,1.0,0.0));
#3173=DIRECTION('',(1.0,0.0,0.0));
#3174=ORIENTED_EDGE('',*,*,#6296,.F.);
#3175=ORIENTED_EDGE('',*,*,#6297,.T.);
#3176=ORIENTED_EDGE('',*,*,#6298,.T.);
#3177=ORIENTED_EDGE('',*,*,#6299,.F.);
#3178=ORIENTED_EDGE('',*,*,#6300,.F.);
#3179=ORIENTED_EDGE('',*,*,#6301,.F.);
#3180=CARTESIAN_POINT('',(13.97,-4.4,0.0));
#3181=DIRECTION('',(0.0,1.0,0.0));
#3182=DIRECTION('',(0.0,0.0,1.0));
#3183=ORIENTED_EDGE('',*,*,#6302,.F.);
#3184=ORIENTED_EDGE('',*,*,#6303,.T.);
#3185=ORIENTED_EDGE('',*,*,#6304,.T.);
#3186=ORIENTED_EDGE('',*,*,#6305,.F.);
#3187=ORIENTED_EDGE('',*,*,#6306,.F.);
#3188=ORIENTED_EDGE('',*,*,#6307,.F.);
#3189=CARTESIAN_POINT('',(13.97,7.175,0.0));
#3190=DIRECTION('',(0.0,1.0,0.0));
#3191=DIRECTION('',(0.0,0.0,1.0));
#3192=ORIENTED_EDGE('',*,*,#6308,.F.);
#3193=ORIENTED_EDGE('',*,*,#6309,.T.);
#3194=ORIENTED_EDGE('',*,*,#6310,.T.);
#3195=ORIENTED_EDGE('',*,*,#6311,.F.);
#3196=ORIENTED_EDGE('',*,*,#6312,.F.);
#3197=ORIENTED_EDGE('',*,*,#6304,.F.);
#3198=CARTESIAN_POINT('',(13.97,5.3275,0.0));
#3199=DIRECTION('',(-0.0,1.0,0.0));
#3200=DIRECTION('',(1.0,0.0,0.0));
#3201=ORIENTED_EDGE('',*,*,#6313,.F.);
#3202=ORIENTED_EDGE('',*,*,#6314,.T.);
#3203=ORIENTED_EDGE('',*,*,#6315,.F.);
#3204=ORIENTED_EDGE('',*,*,#6316,.F.);
#3205=ORIENTED_EDGE('',*,*,#6310,.F.);
#3206=CARTESIAN_POINT('',(13.97,3.48,0.0));
#3207=DIRECTION('',(0.0,1.0,0.0));
#3208=DIRECTION('',(0.0,0.0,1.0));
#3209=ORIENTED_EDGE('',*,*,#6317,.F.);
#3210=ORIENTED_EDGE('',*,*,#6318,.T.);
#3211=ORIENTED_EDGE('',*,*,#6319,.F.);
#3212=ORIENTED_EDGE('',*,*,#6320,.F.);
#3213=CARTESIAN_POINT('',(13.97,-0.21,0.0));
#3214=DIRECTION('',(-0.0,1.0,0.0));
#3215=DIRECTION('',(1.0,0.0,0.0));
#3216=ORIENTED_EDGE('',*,*,#6321,.F.);
#3217=ORIENTED_EDGE('',*,*,#6322,.T.);
#3218=ORIENTED_EDGE('',*,*,#6323,.F.);
#3219=ORIENTED_EDGE('',*,*,#6318,.F.);
#3220=CARTESIAN_POINT('',(13.97,-0.545000000000001,0.0));
#3221=DIRECTION('',(-0.0,1.0,-0.0));
#3222=DIRECTION('',(1.0,0.0,0.0));
#3223=ORIENTED_EDGE('',*,*,#6324,.F.);
#3224=ORIENTED_EDGE('',*,*,#6325,.T.);
#3225=ORIENTED_EDGE('',*,*,#6326,.T.);
#3226=ORIENTED_EDGE('',*,*,#6327,.F.);
#3227=ORIENTED_EDGE('',*,*,#6328,.F.);
#3228=CARTESIAN_POINT('',(13.97,-0.82,0.0));
#3229=DIRECTION('',(0.0,1.0,0.0));
#3230=DIRECTION('',(0.0,0.0,1.0));
#3231=ORIENTED_EDGE('',*,*,#6329,.F.);
#3232=ORIENTED_EDGE('',*,*,#6300,.T.);
#3233=ORIENTED_EDGE('',*,*,#6330,.T.);
#3234=ORIENTED_EDGE('',*,*,#6331,.F.);
#3235=ORIENTED_EDGE('',*,*,#6325,.F.);
#3236=ORIENTED_EDGE('',*,*,#6332,.F.);
#3237=CARTESIAN_POINT('',(13.97,-2.61,0.0));
#3238=DIRECTION('',(-0.0,1.0,0.0));
#3239=DIRECTION('',(1.0,0.0,0.0));
#3240=ORIENTED_EDGE('',*,*,#6333,.F.);
#3241=ORIENTED_EDGE('',*,*,#6334,.F.);
#3242=ORIENTED_EDGE('',*,*,#6335,.F.);
#3243=ORIENTED_EDGE('',*,*,#6336,.F.);
#3244=CARTESIAN_POINT('',(13.97,1.96708618324761,0.0));
#3245=DIRECTION('',(-0.0,1.0,0.0));
#3246=DIRECTION('',(1.0,0.0,0.0));
#3247=ORIENTED_EDGE('',*,*,#6337,.F.);
#3248=ORIENTED_EDGE('',*,*,#6338,.T.);
#3249=ORIENTED_EDGE('',*,*,#6339,.T.);
#3250=ORIENTED_EDGE('',*,*,#6340,.F.);
#3251=ORIENTED_EDGE('',*,*,#6341,.F.);
#3252=ORIENTED_EDGE('',*,*,#6342,.F.);
#3253=CARTESIAN_POINT('',(16.51,-4.4,0.0));
#3254=DIRECTION('',(0.0,1.0,0.0));
#3255=DIRECTION('',(0.0,0.0,1.0));
#3256=ORIENTED_EDGE('',*,*,#6343,.F.);
#3257=ORIENTED_EDGE('',*,*,#6344,.T.);
#3258=ORIENTED_EDGE('',*,*,#6345,.T.);
#3259=ORIENTED_EDGE('',*,*,#6346,.F.);
#3260=ORIENTED_EDGE('',*,*,#6347,.F.);
#3261=ORIENTED_EDGE('',*,*,#6348,.F.);
#3262=CARTESIAN_POINT('',(16.51,7.175,0.0));
#3263=DIRECTION('',(0.0,1.0,0.0));
#3264=DIRECTION('',(0.0,0.0,1.0));
#3265=ORIENTED_EDGE('',*,*,#6349,.F.);
#3266=ORIENTED_EDGE('',*,*,#6350,.T.);
#3267=ORIENTED_EDGE('',*,*,#6351,.T.);
#3268=ORIENTED_EDGE('',*,*,#6352,.F.);
#3269=ORIENTED_EDGE('',*,*,#6353,.F.);
#3270=ORIENTED_EDGE('',*,*,#6345,.F.);
#3271=CARTESIAN_POINT('',(16.51,5.3275,0.0));
#3272=DIRECTION('',(-0.0,1.0,0.0));
#3273=DIRECTION('',(1.0,0.0,0.0));
#3274=ORIENTED_EDGE('',*,*,#6354,.F.);
#3275=ORIENTED_EDGE('',*,*,#6355,.T.);
#3276=ORIENTED_EDGE('',*,*,#6356,.F.);
#3277=ORIENTED_EDGE('',*,*,#6357,.F.);
#3278=ORIENTED_EDGE('',*,*,#6351,.F.);
#3279=CARTESIAN_POINT('',(16.51,3.48,0.0));
#3280=DIRECTION('',(0.0,1.0,0.0));
#3281=DIRECTION('',(0.0,0.0,1.0));
#3282=ORIENTED_EDGE('',*,*,#6358,.F.);
#3283=ORIENTED_EDGE('',*,*,#6359,.T.);
#3284=ORIENTED_EDGE('',*,*,#6360,.F.);
#3285=ORIENTED_EDGE('',*,*,#6361,.F.);
#3286=CARTESIAN_POINT('',(16.51,-0.21,0.0));
#3287=DIRECTION('',(-0.0,1.0,0.0));
#3288=DIRECTION('',(1.0,0.0,0.0));
#3289=ORIENTED_EDGE('',*,*,#6362,.F.);
#3290=ORIENTED_EDGE('',*,*,#6363,.T.);
#3291=ORIENTED_EDGE('',*,*,#6364,.F.);
#3292=ORIENTED_EDGE('',*,*,#6359,.F.);
#3293=CARTESIAN_POINT('',(16.51,-0.545000000000001,0.0));
#3294=DIRECTION('',(-0.0,1.0,-0.0));
#3295=DIRECTION('',(1.0,0.0,0.0));
#3296=ORIENTED_EDGE('',*,*,#6365,.F.);
#3297=ORIENTED_EDGE('',*,*,#6366,.T.);
#3298=ORIENTED_EDGE('',*,*,#6367,.T.);
#3299=ORIENTED_EDGE('',*,*,#6368,.F.);
#3300=ORIENTED_EDGE('',*,*,#6369,.F.);
#3301=CARTESIAN_POINT('',(16.51,-0.82,0.0));
#3302=DIRECTION('',(0.0,1.0,0.0));
#3303=DIRECTION('',(0.0,0.0,1.0));
#3304=ORIENTED_EDGE('',*,*,#6370,.F.);
#3305=ORIENTED_EDGE('',*,*,#6341,.T.);
#3306=ORIENTED_EDGE('',*,*,#6371,.T.);
#3307=ORIENTED_EDGE('',*,*,#6372,.F.);
#3308=ORIENTED_EDGE('',*,*,#6366,.F.);
#3309=ORIENTED_EDGE('',*,*,#6373,.F.);
#3310=CARTESIAN_POINT('',(16.51,-2.61,0.0));
#3311=DIRECTION('',(-0.0,1.0,0.0));
#3312=DIRECTION('',(1.0,0.0,0.0));
#3313=ORIENTED_EDGE('',*,*,#6374,.F.);
#3314=ORIENTED_EDGE('',*,*,#6375,.F.);
#3315=ORIENTED_EDGE('',*,*,#6376,.F.);
#3316=ORIENTED_EDGE('',*,*,#6377,.F.);
#3317=CARTESIAN_POINT('',(16.51,1.96708618324761,0.0));
#3318=DIRECTION('',(-0.0,1.0,0.0));
#3319=DIRECTION('',(1.0,0.0,0.0));
#3320=ORIENTED_EDGE('',*,*,#6374,.T.);
#3321=ORIENTED_EDGE('',*,*,#6378,.F.);
#3322=ORIENTED_EDGE('',*,*,#6376,.T.);
#3323=ORIENTED_EDGE('',*,*,#6379,.F.);
#3324=CARTESIAN_POINT('',(16.51,1.96708618324761,0.0));
#3325=DIRECTION('',(-0.0,1.0,0.0));
#3326=DIRECTION('',(1.0,0.0,0.0));
#3327=ORIENTED_EDGE('',*,*,#6370,.T.);
#3328=ORIENTED_EDGE('',*,*,#6380,.F.);
#3329=ORIENTED_EDGE('',*,*,#6367,.F.);
#3330=ORIENTED_EDGE('',*,*,#6372,.T.);
#3331=ORIENTED_EDGE('',*,*,#6381,.T.);
#3332=ORIENTED_EDGE('',*,*,#6342,.T.);
#3333=CARTESIAN_POINT('',(16.51,-2.61,0.0));
#3334=DIRECTION('',(-0.0,1.0,0.0));
#3335=DIRECTION('',(1.0,0.0,0.0));
#3336=ORIENTED_EDGE('',*,*,#6365,.T.);
#3337=ORIENTED_EDGE('',*,*,#6382,.F.);
#3338=ORIENTED_EDGE('',*,*,#6383,.F.);
#3339=ORIENTED_EDGE('',*,*,#6368,.T.);
#3340=ORIENTED_EDGE('',*,*,#6380,.T.);
#3341=ORIENTED_EDGE('',*,*,#6373,.T.);
#3342=CARTESIAN_POINT('',(16.51,-0.82,0.0));
#3343=DIRECTION('',(0.0,1.0,0.0));
#3344=DIRECTION('',(0.0,0.0,1.0));
#3345=ORIENTED_EDGE('',*,*,#6363,.F.);
#3346=ORIENTED_EDGE('',*,*,#6384,.F.);
#3347=ORIENTED_EDGE('',*,*,#6382,.T.);
#3348=ORIENTED_EDGE('',*,*,#6369,.T.);
#3349=ORIENTED_EDGE('',*,*,#6383,.T.);
#3350=CARTESIAN_POINT('',(16.91,-0.669999999999999,0.0));
#3351=DIRECTION('',(-7.40148683083432E-14,-1.0,-0.0));
#3352=DIRECTION('',(-1.0,7.40148683083432E-14,0.0));
#3353=ORIENTED_EDGE('',*,*,#6362,.T.);
#3354=ORIENTED_EDGE('',*,*,#6385,.F.);
#3355=ORIENTED_EDGE('',*,*,#6364,.T.);
#3356=ORIENTED_EDGE('',*,*,#6384,.T.);
#3357=CARTESIAN_POINT('',(16.51,-0.545000000000001,0.0));
#3358=DIRECTION('',(-0.0,1.0,-0.0));
#3359=DIRECTION('',(1.0,0.0,0.0));
#3360=ORIENTED_EDGE('',*,*,#6358,.T.);
#3361=ORIENTED_EDGE('',*,*,#6386,.F.);
#3362=ORIENTED_EDGE('',*,*,#6360,.T.);
#3363=ORIENTED_EDGE('',*,*,#6385,.T.);
#3364=CARTESIAN_POINT('',(16.51,-0.21,0.0));
#3365=DIRECTION('',(-0.0,1.0,0.0));
#3366=DIRECTION('',(1.0,0.0,0.0));
#3367=ORIENTED_EDGE('',*,*,#6387,.F.);
#3368=ORIENTED_EDGE('',*,*,#6388,.F.);
#3369=ORIENTED_EDGE('',*,*,#6355,.F.);
#3370=ORIENTED_EDGE('',*,*,#6377,.T.);
#3371=ORIENTED_EDGE('',*,*,#6378,.T.);
#3372=CARTESIAN_POINT('',(17.2025,3.33,0.0));
#3373=DIRECTION('',(3.49283648196678E-15,1.0,0.0));
#3374=DIRECTION('',(1.0,-3.49283648196678E-15,0.0));
#3375=ORIENTED_EDGE('',*,*,#6354,.T.);
#3376=ORIENTED_EDGE('',*,*,#6350,.F.);
#3377=ORIENTED_EDGE('',*,*,#6389,.F.);
#3378=ORIENTED_EDGE('',*,*,#6356,.T.);
#3379=ORIENTED_EDGE('',*,*,#6388,.T.);
#3380=ORIENTED_EDGE('',*,*,#6387,.T.);
#3381=CARTESIAN_POINT('',(16.51,3.48,0.0));
#3382=DIRECTION('',(0.0,1.0,0.0));
#3383=DIRECTION('',(0.0,0.0,1.0));
#3384=ORIENTED_EDGE('',*,*,#6349,.T.);
#3385=ORIENTED_EDGE('',*,*,#6344,.F.);
#3386=ORIENTED_EDGE('',*,*,#6390,.F.);
#3387=ORIENTED_EDGE('',*,*,#6352,.T.);
#3388=ORIENTED_EDGE('',*,*,#6357,.T.);
#3389=ORIENTED_EDGE('',*,*,#6389,.T.);
#3390=CARTESIAN_POINT('',(16.51,5.3275,0.0));
#3391=DIRECTION('',(-0.0,1.0,0.0));
#3392=DIRECTION('',(1.0,0.0,0.0));
#3393=ORIENTED_EDGE('',*,*,#6343,.T.);
#3394=ORIENTED_EDGE('',*,*,#6391,.F.);
#3395=ORIENTED_EDGE('',*,*,#6346,.T.);
#3396=ORIENTED_EDGE('',*,*,#6353,.T.);
#3397=ORIENTED_EDGE('',*,*,#6390,.T.);
#3398=CARTESIAN_POINT('',(16.51,7.175,0.0));
#3399=DIRECTION('',(0.0,1.0,0.0));
#3400=DIRECTION('',(0.0,0.0,1.0));
#3401=ORIENTED_EDGE('',*,*,#6347,.T.);
#3402=ORIENTED_EDGE('',*,*,#6391,.T.);
#3403=ORIENTED_EDGE('',*,*,#6348,.T.);
#3404=CARTESIAN_POINT('',(16.5125,7.49,0.0));
#3405=DIRECTION('',(-0.0,1.0,0.0));
#3406=DIRECTION('',(1.0,0.0,0.0));
#3407=ORIENTED_EDGE('',*,*,#6339,.F.);
#3408=ORIENTED_EDGE('',*,*,#6338,.F.);
#3409=ORIENTED_EDGE('',*,*,#6392,.F.);
#3410=CARTESIAN_POINT('',(16.5125,-4.63,0.0));
#3411=DIRECTION('',(-0.0,-1.0,-0.0));
#3412=DIRECTION('',(-1.0,0.0,0.0));
#3413=ORIENTED_EDGE('',*,*,#6337,.T.);
#3414=ORIENTED_EDGE('',*,*,#6381,.F.);
#3415=ORIENTED_EDGE('',*,*,#6371,.F.);
#3416=ORIENTED_EDGE('',*,*,#6340,.T.);
#3417=ORIENTED_EDGE('',*,*,#6392,.T.);
#3418=CARTESIAN_POINT('',(16.51,-4.4,0.0));
#3419=DIRECTION('',(0.0,1.0,0.0));
#3420=DIRECTION('',(0.0,0.0,1.0));
#3421=ORIENTED_EDGE('',*,*,#6333,.T.);
#3422=ORIENTED_EDGE('',*,*,#6393,.F.);
#3423=ORIENTED_EDGE('',*,*,#6335,.T.);
#3424=ORIENTED_EDGE('',*,*,#6394,.F.);
#3425=CARTESIAN_POINT('',(13.97,1.96708618324761,0.0));
#3426=DIRECTION('',(-0.0,1.0,0.0));
#3427=DIRECTION('',(1.0,0.0,0.0));
#3428=ORIENTED_EDGE('',*,*,#6329,.T.);
#3429=ORIENTED_EDGE('',*,*,#6395,.F.);
#3430=ORIENTED_EDGE('',*,*,#6326,.F.);
#3431=ORIENTED_EDGE('',*,*,#6331,.T.);
#3432=ORIENTED_EDGE('',*,*,#6396,.T.);
#3433=ORIENTED_EDGE('',*,*,#6301,.T.);
#3434=CARTESIAN_POINT('',(13.97,-2.61,0.0));
#3435=DIRECTION('',(-0.0,1.0,0.0));
#3436=DIRECTION('',(1.0,0.0,0.0));
#3437=ORIENTED_EDGE('',*,*,#6324,.T.);
#3438=ORIENTED_EDGE('',*,*,#6397,.F.);
#3439=ORIENTED_EDGE('',*,*,#6398,.F.);
#3440=ORIENTED_EDGE('',*,*,#6327,.T.);
#3441=ORIENTED_EDGE('',*,*,#6395,.T.);
#3442=ORIENTED_EDGE('',*,*,#6332,.T.);
#3443=CARTESIAN_POINT('',(13.97,-0.82,0.0));
#3444=DIRECTION('',(0.0,1.0,0.0));
#3445=DIRECTION('',(0.0,0.0,1.0));
#3446=ORIENTED_EDGE('',*,*,#6322,.F.);
#3447=ORIENTED_EDGE('',*,*,#6399,.F.);
#3448=ORIENTED_EDGE('',*,*,#6397,.T.);
#3449=ORIENTED_EDGE('',*,*,#6328,.T.);
#3450=ORIENTED_EDGE('',*,*,#6398,.T.);
#3451=CARTESIAN_POINT('',(14.37,-0.669999999999999,0.0));
#3452=DIRECTION('',(-7.40148683083432E-14,-1.0,-0.0));
#3453=DIRECTION('',(-1.0,7.40148683083432E-14,0.0));
#3454=ORIENTED_EDGE('',*,*,#6321,.T.);
#3455=ORIENTED_EDGE('',*,*,#6400,.F.);
#3456=ORIENTED_EDGE('',*,*,#6323,.T.);
#3457=ORIENTED_EDGE('',*,*,#6399,.T.);
#3458=CARTESIAN_POINT('',(13.97,-0.545000000000001,0.0));
#3459=DIRECTION('',(-0.0,1.0,-0.0));
#3460=DIRECTION('',(1.0,0.0,0.0));
#3461=ORIENTED_EDGE('',*,*,#6317,.T.);
#3462=ORIENTED_EDGE('',*,*,#6401,.F.);
#3463=ORIENTED_EDGE('',*,*,#6319,.T.);
#3464=ORIENTED_EDGE('',*,*,#6400,.T.);
#3465=CARTESIAN_POINT('',(13.97,-0.21,0.0));
#3466=DIRECTION('',(-0.0,1.0,0.0));
#3467=DIRECTION('',(1.0,0.0,0.0));
#3468=ORIENTED_EDGE('',*,*,#6402,.F.);
#3469=ORIENTED_EDGE('',*,*,#6403,.F.);
#3470=ORIENTED_EDGE('',*,*,#6314,.F.);
#3471=ORIENTED_EDGE('',*,*,#6336,.T.);
#3472=ORIENTED_EDGE('',*,*,#6393,.T.);
#3473=CARTESIAN_POINT('',(14.6625,3.33,0.0));
#3474=DIRECTION('',(3.49283648196678E-15,1.0,0.0));
#3475=DIRECTION('',(1.0,-3.49283648196678E-15,0.0));
#3476=ORIENTED_EDGE('',*,*,#6313,.T.);
#3477=ORIENTED_EDGE('',*,*,#6309,.F.);
#3478=ORIENTED_EDGE('',*,*,#6404,.F.);
#3479=ORIENTED_EDGE('',*,*,#6315,.T.);
#3480=ORIENTED_EDGE('',*,*,#6403,.T.);
#3481=ORIENTED_EDGE('',*,*,#6402,.T.);
#3482=CARTESIAN_POINT('',(13.97,3.48,0.0));
#3483=DIRECTION('',(0.0,1.0,0.0));
#3484=DIRECTION('',(0.0,0.0,1.0));
#3485=ORIENTED_EDGE('',*,*,#6308,.T.);
#3486=ORIENTED_EDGE('',*,*,#6303,.F.);
#3487=ORIENTED_EDGE('',*,*,#6405,.F.);
#3488=ORIENTED_EDGE('',*,*,#6311,.T.);
#3489=ORIENTED_EDGE('',*,*,#6316,.T.);
#3490=ORIENTED_EDGE('',*,*,#6404,.T.);
#3491=CARTESIAN_POINT('',(13.97,5.3275,0.0));
#3492=DIRECTION('',(-0.0,1.0,0.0));
#3493=DIRECTION('',(1.0,0.0,0.0));
#3494=ORIENTED_EDGE('',*,*,#6302,.T.);
#3495=ORIENTED_EDGE('',*,*,#6406,.F.);
#3496=ORIENTED_EDGE('',*,*,#6305,.T.);
#3497=ORIENTED_EDGE('',*,*,#6312,.T.);
#3498=ORIENTED_EDGE('',*,*,#6405,.T.);
#3499=CARTESIAN_POINT('',(13.97,7.175,0.0));
#3500=DIRECTION('',(0.0,1.0,0.0));
#3501=DIRECTION('',(0.0,0.0,1.0));
#3502=ORIENTED_EDGE('',*,*,#6306,.T.);
#3503=ORIENTED_EDGE('',*,*,#6406,.T.);
#3504=ORIENTED_EDGE('',*,*,#6307,.T.);
#3505=CARTESIAN_POINT('',(13.9725,7.49,0.0));
#3506=DIRECTION('',(-0.0,1.0,0.0));
#3507=DIRECTION('',(1.0,0.0,0.0));
#3508=ORIENTED_EDGE('',*,*,#6298,.F.);
#3509=ORIENTED_EDGE('',*,*,#6297,.F.);
#3510=ORIENTED_EDGE('',*,*,#6407,.F.);
#3511=CARTESIAN_POINT('',(13.9725,-4.63,0.0));
#3512=DIRECTION('',(-0.0,-1.0,-0.0));
#3513=DIRECTION('',(-1.0,0.0,0.0));
#3514=ORIENTED_EDGE('',*,*,#6296,.T.);
#3515=ORIENTED_EDGE('',*,*,#6396,.F.);
#3516=ORIENTED_EDGE('',*,*,#6330,.F.);
#3517=ORIENTED_EDGE('',*,*,#6299,.T.);
#3518=ORIENTED_EDGE('',*,*,#6407,.T.);
#3519=CARTESIAN_POINT('',(13.97,-4.4,0.0));
#3520=DIRECTION('',(0.0,1.0,0.0));
#3521=DIRECTION('',(0.0,0.0,1.0));
#3522=ORIENTED_EDGE('',*,*,#6292,.T.);
#3523=ORIENTED_EDGE('',*,*,#6408,.F.);
#3524=ORIENTED_EDGE('',*,*,#6294,.T.);
#3525=ORIENTED_EDGE('',*,*,#6409,.F.);
#3526=CARTESIAN_POINT('',(11.43,1.96708618324761,0.0));
#3527=DIRECTION('',(-0.0,1.0,0.0));
#3528=DIRECTION('',(1.0,0.0,0.0));
#3529=ORIENTED_EDGE('',*,*,#6288,.T.);
#3530=ORIENTED_EDGE('',*,*,#6410,.F.);
#3531=ORIENTED_EDGE('',*,*,#6285,.F.);
#3532=ORIENTED_EDGE('',*,*,#6290,.T.);
#3533=ORIENTED_EDGE('',*,*,#6411,.T.);
#3534=ORIENTED_EDGE('',*,*,#6260,.T.);
#3535=CARTESIAN_POINT('',(11.43,-2.61,0.0));
#3536=DIRECTION('',(-0.0,1.0,0.0));
#3537=DIRECTION('',(1.0,0.0,0.0));
#3538=ORIENTED_EDGE('',*,*,#6283,.T.);
#3539=ORIENTED_EDGE('',*,*,#6412,.F.);
#3540=ORIENTED_EDGE('',*,*,#6413,.F.);
#3541=ORIENTED_EDGE('',*,*,#6286,.T.);
#3542=ORIENTED_EDGE('',*,*,#6410,.T.);
#3543=ORIENTED_EDGE('',*,*,#6291,.T.);
#3544=CARTESIAN_POINT('',(11.43,-0.82,0.0));
#3545=DIRECTION('',(0.0,1.0,0.0));
#3546=DIRECTION('',(0.0,0.0,1.0));
#3547=ORIENTED_EDGE('',*,*,#6281,.F.);
#3548=ORIENTED_EDGE('',*,*,#6414,.F.);
#3549=ORIENTED_EDGE('',*,*,#6412,.T.);
#3550=ORIENTED_EDGE('',*,*,#6287,.T.);
#3551=ORIENTED_EDGE('',*,*,#6413,.T.);
#3552=CARTESIAN_POINT('',(11.83,-0.669999999999999,0.0));
#3553=DIRECTION('',(-7.40148683083432E-14,-1.0,-0.0));
#3554=DIRECTION('',(-1.0,7.40148683083432E-14,0.0));
#3555=ORIENTED_EDGE('',*,*,#6280,.T.);
#3556=ORIENTED_EDGE('',*,*,#6415,.F.);
#3557=ORIENTED_EDGE('',*,*,#6282,.T.);
#3558=ORIENTED_EDGE('',*,*,#6414,.T.);
#3559=CARTESIAN_POINT('',(11.43,-0.545000000000001,0.0));
#3560=DIRECTION('',(-0.0,1.0,-0.0));
#3561=DIRECTION('',(1.0,0.0,0.0));
#3562=ORIENTED_EDGE('',*,*,#6276,.T.);
#3563=ORIENTED_EDGE('',*,*,#6416,.F.);
#3564=ORIENTED_EDGE('',*,*,#6278,.T.);
#3565=ORIENTED_EDGE('',*,*,#6415,.T.);
#3566=CARTESIAN_POINT('',(11.43,-0.21,0.0));
#3567=DIRECTION('',(-0.0,1.0,0.0));
#3568=DIRECTION('',(1.0,0.0,0.0));
#3569=ORIENTED_EDGE('',*,*,#6417,.F.);
#3570=ORIENTED_EDGE('',*,*,#6418,.F.);
#3571=ORIENTED_EDGE('',*,*,#6273,.F.);
#3572=ORIENTED_EDGE('',*,*,#6295,.T.);
#3573=ORIENTED_EDGE('',*,*,#6408,.T.);
#3574=CARTESIAN_POINT('',(12.1225,3.33,0.0));
#3575=DIRECTION('',(3.49283648196678E-15,1.0,0.0));
#3576=DIRECTION('',(1.0,-3.49283648196678E-15,0.0));
#3577=ORIENTED_EDGE('',*,*,#6272,.T.);
#3578=ORIENTED_EDGE('',*,*,#6268,.F.);
#3579=ORIENTED_EDGE('',*,*,#6419,.F.);
#3580=ORIENTED_EDGE('',*,*,#6274,.T.);
#3581=ORIENTED_EDGE('',*,*,#6418,.T.);
#3582=ORIENTED_EDGE('',*,*,#6417,.T.);
#3583=CARTESIAN_POINT('',(11.43,3.48,0.0));
#3584=DIRECTION('',(0.0,1.0,0.0));
#3585=DIRECTION('',(0.0,0.0,1.0));
#3586=ORIENTED_EDGE('',*,*,#6267,.T.);
#3587=ORIENTED_EDGE('',*,*,#6262,.F.);
#3588=ORIENTED_EDGE('',*,*,#6420,.F.);
#3589=ORIENTED_EDGE('',*,*,#6270,.T.);
#3590=ORIENTED_EDGE('',*,*,#6275,.T.);
#3591=ORIENTED_EDGE('',*,*,#6419,.T.);
#3592=CARTESIAN_POINT('',(11.43,5.3275,0.0));
#3593=DIRECTION('',(-0.0,1.0,0.0));
#3594=DIRECTION('',(1.0,0.0,0.0));
#3595=ORIENTED_EDGE('',*,*,#6261,.T.);
#3596=ORIENTED_EDGE('',*,*,#6421,.F.);
#3597=ORIENTED_EDGE('',*,*,#6264,.T.);
#3598=ORIENTED_EDGE('',*,*,#6271,.T.);
#3599=ORIENTED_EDGE('',*,*,#6420,.T.);
#3600=CARTESIAN_POINT('',(11.43,7.175,0.0));
#3601=DIRECTION('',(0.0,1.0,0.0));
#3602=DIRECTION('',(0.0,0.0,1.0));
#3603=ORIENTED_EDGE('',*,*,#6265,.T.);
#3604=ORIENTED_EDGE('',*,*,#6421,.T.);
#3605=ORIENTED_EDGE('',*,*,#6266,.T.);
#3606=CARTESIAN_POINT('',(11.4325,7.49,0.0));
#3607=DIRECTION('',(-0.0,1.0,0.0));
#3608=DIRECTION('',(1.0,0.0,0.0));
#3609=ORIENTED_EDGE('',*,*,#6257,.F.);
#3610=ORIENTED_EDGE('',*,*,#6256,.F.);
#3611=ORIENTED_EDGE('',*,*,#6422,.F.);
#3612=CARTESIAN_POINT('',(11.4325,-4.63,0.0));
#3613=DIRECTION('',(-0.0,-1.0,-0.0));
#3614=DIRECTION('',(-1.0,0.0,0.0));
#3615=ORIENTED_EDGE('',*,*,#6255,.T.);
#3616=ORIENTED_EDGE('',*,*,#6411,.F.);
#3617=ORIENTED_EDGE('',*,*,#6289,.F.);
#3618=ORIENTED_EDGE('',*,*,#6258,.T.);
#3619=ORIENTED_EDGE('',*,*,#6422,.T.);
#3620=CARTESIAN_POINT('',(11.43,-4.4,0.0));
#3621=DIRECTION('',(0.0,1.0,0.0));
#3622=DIRECTION('',(0.0,0.0,1.0));
#3623=ORIENTED_EDGE('',*,*,#6251,.T.);
#3624=ORIENTED_EDGE('',*,*,#6423,.F.);
#3625=ORIENTED_EDGE('',*,*,#6253,.T.);
#3626=ORIENTED_EDGE('',*,*,#6424,.F.);
#3627=CARTESIAN_POINT('',(8.89,1.96708618324761,0.0));
#3628=DIRECTION('',(-0.0,1.0,0.0));
#3629=DIRECTION('',(1.0,0.0,0.0));
#3630=ORIENTED_EDGE('',*,*,#6247,.T.);
#3631=ORIENTED_EDGE('',*,*,#6425,.F.);
#3632=ORIENTED_EDGE('',*,*,#6244,.F.);
#3633=ORIENTED_EDGE('',*,*,#6249,.T.);
#3634=ORIENTED_EDGE('',*,*,#6426,.T.);
#3635=ORIENTED_EDGE('',*,*,#6219,.T.);
#3636=CARTESIAN_POINT('',(8.89,-2.61,0.0));
#3637=DIRECTION('',(-0.0,1.0,0.0));
#3638=DIRECTION('',(1.0,0.0,0.0));
#3639=ORIENTED_EDGE('',*,*,#6242,.T.);
#3640=ORIENTED_EDGE('',*,*,#6427,.F.);
#3641=ORIENTED_EDGE('',*,*,#6428,.F.);
#3642=ORIENTED_EDGE('',*,*,#6245,.T.);
#3643=ORIENTED_EDGE('',*,*,#6425,.T.);
#3644=ORIENTED_EDGE('',*,*,#6250,.T.);
#3645=CARTESIAN_POINT('',(8.89,-0.82,0.0));
#3646=DIRECTION('',(0.0,1.0,0.0));
#3647=DIRECTION('',(0.0,0.0,1.0));
#3648=ORIENTED_EDGE('',*,*,#6240,.F.);
#3649=ORIENTED_EDGE('',*,*,#6429,.F.);
#3650=ORIENTED_EDGE('',*,*,#6427,.T.);
#3651=ORIENTED_EDGE('',*,*,#6246,.T.);
#3652=ORIENTED_EDGE('',*,*,#6428,.T.);
#3653=CARTESIAN_POINT('',(9.29,-0.669999999999999,0.0));
#3654=DIRECTION('',(-7.40148683083432E-14,-1.0,-0.0));
#3655=DIRECTION('',(-1.0,7.40148683083432E-14,0.0));
#3656=ORIENTED_EDGE('',*,*,#6239,.T.);
#3657=ORIENTED_EDGE('',*,*,#6430,.F.);
#3658=ORIENTED_EDGE('',*,*,#6241,.T.);
#3659=ORIENTED_EDGE('',*,*,#6429,.T.);
#3660=CARTESIAN_POINT('',(8.89,-0.545000000000001,0.0));
#3661=DIRECTION('',(-0.0,1.0,-0.0));
#3662=DIRECTION('',(1.0,0.0,0.0));
#3663=ORIENTED_EDGE('',*,*,#6235,.T.);
#3664=ORIENTED_EDGE('',*,*,#6431,.F.);
#3665=ORIENTED_EDGE('',*,*,#6237,.T.);
#3666=ORIENTED_EDGE('',*,*,#6430,.T.);
#3667=CARTESIAN_POINT('',(8.89,-0.21,0.0));
#3668=DIRECTION('',(-0.0,1.0,0.0));
#3669=DIRECTION('',(1.0,0.0,0.0));
#3670=ORIENTED_EDGE('',*,*,#6432,.F.);
#3671=ORIENTED_EDGE('',*,*,#6433,.F.);
#3672=ORIENTED_EDGE('',*,*,#6232,.F.);
#3673=ORIENTED_EDGE('',*,*,#6254,.T.);
#3674=ORIENTED_EDGE('',*,*,#6423,.T.);
#3675=CARTESIAN_POINT('',(9.5825,3.33,0.0));
#3676=DIRECTION('',(3.49283648196678E-15,1.0,0.0));
#3677=DIRECTION('',(1.0,-3.49283648196678E-15,0.0));
#3678=ORIENTED_EDGE('',*,*,#6231,.T.);
#3679=ORIENTED_EDGE('',*,*,#6227,.F.);
#3680=ORIENTED_EDGE('',*,*,#6434,.F.);
#3681=ORIENTED_EDGE('',*,*,#6233,.T.);
#3682=ORIENTED_EDGE('',*,*,#6433,.T.);
#3683=ORIENTED_EDGE('',*,*,#6432,.T.);
#3684=CARTESIAN_POINT('',(8.89,3.48,0.0));
#3685=DIRECTION('',(0.0,1.0,0.0));
#3686=DIRECTION('',(0.0,0.0,1.0));
#3687=ORIENTED_EDGE('',*,*,#6226,.T.);
#3688=ORIENTED_EDGE('',*,*,#6221,.F.);
#3689=ORIENTED_EDGE('',*,*,#6435,.F.);
#3690=ORIENTED_EDGE('',*,*,#6229,.T.);
#3691=ORIENTED_EDGE('',*,*,#6234,.T.);
#3692=ORIENTED_EDGE('',*,*,#6434,.T.);
#3693=CARTESIAN_POINT('',(8.89,5.3275,0.0));
#3694=DIRECTION('',(-0.0,1.0,0.0));
#3695=DIRECTION('',(1.0,0.0,0.0));
#3696=ORIENTED_EDGE('',*,*,#6220,.T.);
#3697=ORIENTED_EDGE('',*,*,#6436,.F.);
#3698=ORIENTED_EDGE('',*,*,#6223,.T.);
#3699=ORIENTED_EDGE('',*,*,#6230,.T.);
#3700=ORIENTED_EDGE('',*,*,#6435,.T.);
#3701=CARTESIAN_POINT('',(8.89,7.175,0.0));
#3702=DIRECTION('',(0.0,1.0,0.0));
#3703=DIRECTION('',(0.0,0.0,1.0));
#3704=ORIENTED_EDGE('',*,*,#6224,.T.);
#3705=ORIENTED_EDGE('',*,*,#6436,.T.);
#3706=ORIENTED_EDGE('',*,*,#6225,.T.);
#3707=CARTESIAN_POINT('',(8.8925,7.49,0.0));
#3708=DIRECTION('',(-0.0,1.0,0.0));
#3709=DIRECTION('',(1.0,0.0,0.0));
#3710=ORIENTED_EDGE('',*,*,#6216,.F.);
#3711=ORIENTED_EDGE('',*,*,#6215,.F.);
#3712=ORIENTED_EDGE('',*,*,#6437,.F.);
#3713=CARTESIAN_POINT('',(8.8925,-4.63,0.0));
#3714=DIRECTION('',(-0.0,-1.0,-0.0));
#3715=DIRECTION('',(-1.0,0.0,0.0));
#3716=ORIENTED_EDGE('',*,*,#6214,.T.);
#3717=ORIENTED_EDGE('',*,*,#6426,.F.);
#3718=ORIENTED_EDGE('',*,*,#6248,.F.);
#3719=ORIENTED_EDGE('',*,*,#6217,.T.);
#3720=ORIENTED_EDGE('',*,*,#6437,.T.);
#3721=CARTESIAN_POINT('',(8.89,-4.4,0.0));
#3722=DIRECTION('',(0.0,1.0,0.0));
#3723=DIRECTION('',(0.0,0.0,1.0));
#3724=ORIENTED_EDGE('',*,*,#6210,.T.);
#3725=ORIENTED_EDGE('',*,*,#6438,.F.);
#3726=ORIENTED_EDGE('',*,*,#6212,.T.);
#3727=ORIENTED_EDGE('',*,*,#6439,.F.);
#3728=CARTESIAN_POINT('',(6.35,1.96708618324761,0.0));
#3729=DIRECTION('',(-0.0,1.0,0.0));
#3730=DIRECTION('',(1.0,0.0,0.0));
#3731=ORIENTED_EDGE('',*,*,#6206,.T.);
#3732=ORIENTED_EDGE('',*,*,#6440,.F.);
#3733=ORIENTED_EDGE('',*,*,#6203,.F.);
#3734=ORIENTED_EDGE('',*,*,#6208,.T.);
#3735=ORIENTED_EDGE('',*,*,#6441,.T.);
#3736=ORIENTED_EDGE('',*,*,#6178,.T.);
#3737=CARTESIAN_POINT('',(6.35,-2.61,0.0));
#3738=DIRECTION('',(-0.0,1.0,0.0));
#3739=DIRECTION('',(1.0,0.0,0.0));
#3740=ORIENTED_EDGE('',*,*,#6201,.T.);
#3741=ORIENTED_EDGE('',*,*,#6442,.F.);
#3742=ORIENTED_EDGE('',*,*,#6443,.F.);
#3743=ORIENTED_EDGE('',*,*,#6204,.T.);
#3744=ORIENTED_EDGE('',*,*,#6440,.T.);
#3745=ORIENTED_EDGE('',*,*,#6209,.T.);
#3746=CARTESIAN_POINT('',(6.35,-0.82,0.0));
#3747=DIRECTION('',(0.0,1.0,0.0));
#3748=DIRECTION('',(0.0,0.0,1.0));
#3749=ORIENTED_EDGE('',*,*,#6199,.F.);
#3750=ORIENTED_EDGE('',*,*,#6444,.F.);
#3751=ORIENTED_EDGE('',*,*,#6442,.T.);
#3752=ORIENTED_EDGE('',*,*,#6205,.T.);
#3753=ORIENTED_EDGE('',*,*,#6443,.T.);
#3754=CARTESIAN_POINT('',(6.75,-0.669999999999999,0.0));
#3755=DIRECTION('',(-7.40148683083432E-14,-1.0,-0.0));
#3756=DIRECTION('',(-1.0,7.40148683083432E-14,0.0));
#3757=ORIENTED_EDGE('',*,*,#6198,.T.);
#3758=ORIENTED_EDGE('',*,*,#6445,.F.);
#3759=ORIENTED_EDGE('',*,*,#6200,.T.);
#3760=ORIENTED_EDGE('',*,*,#6444,.T.);
#3761=CARTESIAN_POINT('',(6.35,-0.545000000000001,0.0));
#3762=DIRECTION('',(-0.0,1.0,-0.0));
#3763=DIRECTION('',(1.0,0.0,0.0));
#3764=ORIENTED_EDGE('',*,*,#6194,.T.);
#3765=ORIENTED_EDGE('',*,*,#6446,.F.);
#3766=ORIENTED_EDGE('',*,*,#6196,.T.);
#3767=ORIENTED_EDGE('',*,*,#6445,.T.);
#3768=CARTESIAN_POINT('',(6.35,-0.21,0.0));
#3769=DIRECTION('',(-0.0,1.0,0.0));
#3770=DIRECTION('',(1.0,0.0,0.0));
#3771=ORIENTED_EDGE('',*,*,#6447,.F.);
#3772=ORIENTED_EDGE('',*,*,#6448,.F.);
#3773=ORIENTED_EDGE('',*,*,#6191,.F.);
#3774=ORIENTED_EDGE('',*,*,#6213,.T.);
#3775=ORIENTED_EDGE('',*,*,#6438,.T.);
#3776=CARTESIAN_POINT('',(7.0425,3.33,0.0));
#3777=DIRECTION('',(3.49283648196678E-15,1.0,0.0));
#3778=DIRECTION('',(1.0,-3.49283648196678E-15,0.0));
#3779=ORIENTED_EDGE('',*,*,#6190,.T.);
#3780=ORIENTED_EDGE('',*,*,#6186,.F.);
#3781=ORIENTED_EDGE('',*,*,#6449,.F.);
#3782=ORIENTED_EDGE('',*,*,#6192,.T.);
#3783=ORIENTED_EDGE('',*,*,#6448,.T.);
#3784=ORIENTED_EDGE('',*,*,#6447,.T.);
#3785=CARTESIAN_POINT('',(6.35,3.48,0.0));
#3786=DIRECTION('',(0.0,1.0,0.0));
#3787=DIRECTION('',(0.0,0.0,1.0));
#3788=ORIENTED_EDGE('',*,*,#6185,.T.);
#3789=ORIENTED_EDGE('',*,*,#6180,.F.);
#3790=ORIENTED_EDGE('',*,*,#6450,.F.);
#3791=ORIENTED_EDGE('',*,*,#6188,.T.);
#3792=ORIENTED_EDGE('',*,*,#6193,.T.);
#3793=ORIENTED_EDGE('',*,*,#6449,.T.);
#3794=CARTESIAN_POINT('',(6.35,5.3275,0.0));
#3795=DIRECTION('',(-0.0,1.0,0.0));
#3796=DIRECTION('',(1.0,0.0,0.0));
#3797=ORIENTED_EDGE('',*,*,#6179,.T.);
#3798=ORIENTED_EDGE('',*,*,#6451,.F.);
#3799=ORIENTED_EDGE('',*,*,#6182,.T.);
#3800=ORIENTED_EDGE('',*,*,#6189,.T.);
#3801=ORIENTED_EDGE('',*,*,#6450,.T.);
#3802=CARTESIAN_POINT('',(6.35,7.175,0.0));
#3803=DIRECTION('',(0.0,1.0,0.0));
#3804=DIRECTION('',(0.0,0.0,1.0));
#3805=ORIENTED_EDGE('',*,*,#6183,.T.);
#3806=ORIENTED_EDGE('',*,*,#6451,.T.);
#3807=ORIENTED_EDGE('',*,*,#6184,.T.);
#3808=CARTESIAN_POINT('',(6.3525,7.49,0.0));
#3809=DIRECTION('',(-0.0,1.0,0.0));
#3810=DIRECTION('',(1.0,0.0,0.0));
#3811=ORIENTED_EDGE('',*,*,#6175,.F.);
#3812=ORIENTED_EDGE('',*,*,#6174,.F.);
#3813=ORIENTED_EDGE('',*,*,#6452,.F.);
#3814=CARTESIAN_POINT('',(6.3525,-4.63,0.0));
#3815=DIRECTION('',(-0.0,-1.0,-0.0));
#3816=DIRECTION('',(-1.0,0.0,0.0));
#3817=ORIENTED_EDGE('',*,*,#6173,.T.);
#3818=ORIENTED_EDGE('',*,*,#6441,.F.);
#3819=ORIENTED_EDGE('',*,*,#6207,.F.);
#3820=ORIENTED_EDGE('',*,*,#6176,.T.);
#3821=ORIENTED_EDGE('',*,*,#6452,.T.);
#3822=CARTESIAN_POINT('',(6.35,-4.4,0.0));
#3823=DIRECTION('',(0.0,1.0,0.0));
#3824=DIRECTION('',(0.0,0.0,1.0));
#3825=ORIENTED_EDGE('',*,*,#6169,.T.);
#3826=ORIENTED_EDGE('',*,*,#6453,.F.);
#3827=ORIENTED_EDGE('',*,*,#6171,.T.);
#3828=ORIENTED_EDGE('',*,*,#6454,.F.);
#3829=CARTESIAN_POINT('',(3.81,1.96708618324761,0.0));
#3830=DIRECTION('',(-0.0,1.0,0.0));
#3831=DIRECTION('',(1.0,0.0,0.0));
#3832=ORIENTED_EDGE('',*,*,#6165,.T.);
#3833=ORIENTED_EDGE('',*,*,#6455,.F.);
#3834=ORIENTED_EDGE('',*,*,#6162,.F.);
#3835=ORIENTED_EDGE('',*,*,#6167,.T.);
#3836=ORIENTED_EDGE('',*,*,#6456,.T.);
#3837=ORIENTED_EDGE('',*,*,#6137,.T.);
#3838=CARTESIAN_POINT('',(3.81,-2.61,0.0));
#3839=DIRECTION('',(-0.0,1.0,0.0));
#3840=DIRECTION('',(1.0,0.0,0.0));
#3841=ORIENTED_EDGE('',*,*,#6160,.T.);
#3842=ORIENTED_EDGE('',*,*,#6457,.F.);
#3843=ORIENTED_EDGE('',*,*,#6458,.F.);
#3844=ORIENTED_EDGE('',*,*,#6163,.T.);
#3845=ORIENTED_EDGE('',*,*,#6455,.T.);
#3846=ORIENTED_EDGE('',*,*,#6168,.T.);
#3847=CARTESIAN_POINT('',(3.81,-0.82,0.0));
#3848=DIRECTION('',(0.0,1.0,0.0));
#3849=DIRECTION('',(0.0,0.0,1.0));
#3850=ORIENTED_EDGE('',*,*,#6158,.F.);
#3851=ORIENTED_EDGE('',*,*,#6459,.F.);
#3852=ORIENTED_EDGE('',*,*,#6457,.T.);
#3853=ORIENTED_EDGE('',*,*,#6164,.T.);
#3854=ORIENTED_EDGE('',*,*,#6458,.T.);
#3855=CARTESIAN_POINT('',(4.21,-0.669999999999999,0.0));
#3856=DIRECTION('',(-7.40148683083432E-14,-1.0,-0.0));
#3857=DIRECTION('',(-1.0,7.40148683083432E-14,0.0));
#3858=ORIENTED_EDGE('',*,*,#6157,.T.);
#3859=ORIENTED_EDGE('',*,*,#6460,.F.);
#3860=ORIENTED_EDGE('',*,*,#6159,.T.);
#3861=ORIENTED_EDGE('',*,*,#6459,.T.);
#3862=CARTESIAN_POINT('',(3.81,-0.545000000000001,0.0));
#3863=DIRECTION('',(-0.0,1.0,-0.0));
#3864=DIRECTION('',(1.0,0.0,0.0));
#3865=ORIENTED_EDGE('',*,*,#6153,.T.);
#3866=ORIENTED_EDGE('',*,*,#6461,.F.);
#3867=ORIENTED_EDGE('',*,*,#6155,.T.);
#3868=ORIENTED_EDGE('',*,*,#6460,.T.);
#3869=CARTESIAN_POINT('',(3.81,-0.21,0.0));
#3870=DIRECTION('',(-0.0,1.0,0.0));
#3871=DIRECTION('',(1.0,0.0,0.0));
#3872=ORIENTED_EDGE('',*,*,#6462,.F.);
#3873=ORIENTED_EDGE('',*,*,#6463,.F.);
#3874=ORIENTED_EDGE('',*,*,#6150,.F.);
#3875=ORIENTED_EDGE('',*,*,#6172,.T.);
#3876=ORIENTED_EDGE('',*,*,#6453,.T.);
#3877=CARTESIAN_POINT('',(4.5025,3.33,0.0));
#3878=DIRECTION('',(3.49283648196678E-15,1.0,0.0));
#3879=DIRECTION('',(1.0,-3.49283648196678E-15,0.0));
#3880=ORIENTED_EDGE('',*,*,#6149,.T.);
#3881=ORIENTED_EDGE('',*,*,#6145,.F.);
#3882=ORIENTED_EDGE('',*,*,#6464,.F.);
#3883=ORIENTED_EDGE('',*,*,#6151,.T.);
#3884=ORIENTED_EDGE('',*,*,#6463,.T.);
#3885=ORIENTED_EDGE('',*,*,#6462,.T.);
#3886=CARTESIAN_POINT('',(3.81,3.48,0.0));
#3887=DIRECTION('',(0.0,1.0,0.0));
#3888=DIRECTION('',(0.0,0.0,1.0));
#3889=ORIENTED_EDGE('',*,*,#6144,.T.);
#3890=ORIENTED_EDGE('',*,*,#6139,.F.);
#3891=ORIENTED_EDGE('',*,*,#6465,.F.);
#3892=ORIENTED_EDGE('',*,*,#6147,.T.);
#3893=ORIENTED_EDGE('',*,*,#6152,.T.);
#3894=ORIENTED_EDGE('',*,*,#6464,.T.);
#3895=CARTESIAN_POINT('',(3.81,5.3275,0.0));
#3896=DIRECTION('',(-0.0,1.0,0.0));
#3897=DIRECTION('',(1.0,0.0,0.0));
#3898=ORIENTED_EDGE('',*,*,#6138,.T.);
#3899=ORIENTED_EDGE('',*,*,#6466,.F.);
#3900=ORIENTED_EDGE('',*,*,#6141,.T.);
#3901=ORIENTED_EDGE('',*,*,#6148,.T.);
#3902=ORIENTED_EDGE('',*,*,#6465,.T.);
#3903=CARTESIAN_POINT('',(3.81,7.175,0.0));
#3904=DIRECTION('',(0.0,1.0,0.0));
#3905=DIRECTION('',(0.0,0.0,1.0));
#3906=ORIENTED_EDGE('',*,*,#6142,.T.);
#3907=ORIENTED_EDGE('',*,*,#6466,.T.);
#3908=ORIENTED_EDGE('',*,*,#6143,.T.);
#3909=CARTESIAN_POINT('',(3.8125,7.49,0.0));
#3910=DIRECTION('',(-0.0,1.0,0.0));
#3911=DIRECTION('',(1.0,0.0,0.0));
#3912=ORIENTED_EDGE('',*,*,#6134,.F.);
#3913=ORIENTED_EDGE('',*,*,#6133,.F.);
#3914=ORIENTED_EDGE('',*,*,#6467,.F.);
#3915=CARTESIAN_POINT('',(3.8125,-4.63,0.0));
#3916=DIRECTION('',(-0.0,-1.0,-0.0));
#3917=DIRECTION('',(-1.0,0.0,0.0));
#3918=ORIENTED_EDGE('',*,*,#6132,.T.);
#3919=ORIENTED_EDGE('',*,*,#6456,.F.);
#3920=ORIENTED_EDGE('',*,*,#6166,.F.);
#3921=ORIENTED_EDGE('',*,*,#6135,.T.);
#3922=ORIENTED_EDGE('',*,*,#6467,.T.);
#3923=CARTESIAN_POINT('',(3.81,-4.4,0.0));
#3924=DIRECTION('',(0.0,1.0,0.0));
#3925=DIRECTION('',(0.0,0.0,1.0));
#3926=ORIENTED_EDGE('',*,*,#6128,.T.);
#3927=ORIENTED_EDGE('',*,*,#6468,.F.);
#3928=ORIENTED_EDGE('',*,*,#6130,.T.);
#3929=ORIENTED_EDGE('',*,*,#6469,.F.);
#3930=CARTESIAN_POINT('',(1.27,1.96708618324761,0.0));
#3931=DIRECTION('',(-0.0,1.0,0.0));
#3932=DIRECTION('',(1.0,0.0,0.0));
#3933=ORIENTED_EDGE('',*,*,#6124,.T.);
#3934=ORIENTED_EDGE('',*,*,#6470,.F.);
#3935=ORIENTED_EDGE('',*,*,#6121,.F.);
#3936=ORIENTED_EDGE('',*,*,#6126,.T.);
#3937=ORIENTED_EDGE('',*,*,#6471,.T.);
#3938=ORIENTED_EDGE('',*,*,#6096,.T.);
#3939=CARTESIAN_POINT('',(1.27,-2.61,0.0));
#3940=DIRECTION('',(-0.0,1.0,0.0));
#3941=DIRECTION('',(1.0,0.0,0.0));
#3942=ORIENTED_EDGE('',*,*,#6119,.T.);
#3943=ORIENTED_EDGE('',*,*,#6472,.F.);
#3944=ORIENTED_EDGE('',*,*,#6473,.F.);
#3945=ORIENTED_EDGE('',*,*,#6122,.T.);
#3946=ORIENTED_EDGE('',*,*,#6470,.T.);
#3947=ORIENTED_EDGE('',*,*,#6127,.T.);
#3948=CARTESIAN_POINT('',(1.27,-0.82,0.0));
#3949=DIRECTION('',(0.0,1.0,0.0));
#3950=DIRECTION('',(0.0,0.0,1.0));
#3951=ORIENTED_EDGE('',*,*,#6117,.F.);
#3952=ORIENTED_EDGE('',*,*,#6474,.F.);
#3953=ORIENTED_EDGE('',*,*,#6472,.T.);
#3954=ORIENTED_EDGE('',*,*,#6123,.T.);
#3955=ORIENTED_EDGE('',*,*,#6473,.T.);
#3956=CARTESIAN_POINT('',(1.67,-0.669999999999999,0.0));
#3957=DIRECTION('',(-7.40148683083432E-14,-1.0,-0.0));
#3958=DIRECTION('',(-1.0,7.40148683083432E-14,0.0));
#3959=ORIENTED_EDGE('',*,*,#6116,.T.);
#3960=ORIENTED_EDGE('',*,*,#6475,.F.);
#3961=ORIENTED_EDGE('',*,*,#6118,.T.);
#3962=ORIENTED_EDGE('',*,*,#6474,.T.);
#3963=CARTESIAN_POINT('',(1.27,-0.545000000000001,0.0));
#3964=DIRECTION('',(-0.0,1.0,-0.0));
#3965=DIRECTION('',(1.0,0.0,0.0));
#3966=ORIENTED_EDGE('',*,*,#6112,.T.);
#3967=ORIENTED_EDGE('',*,*,#6476,.F.);
#3968=ORIENTED_EDGE('',*,*,#6114,.T.);
#3969=ORIENTED_EDGE('',*,*,#6475,.T.);
#3970=CARTESIAN_POINT('',(1.27,-0.21,0.0));
#3971=DIRECTION('',(-0.0,1.0,0.0));
#3972=DIRECTION('',(1.0,0.0,0.0));
#3973=ORIENTED_EDGE('',*,*,#6477,.F.);
#3974=ORIENTED_EDGE('',*,*,#6478,.F.);
#3975=ORIENTED_EDGE('',*,*,#6109,.F.);
#3976=ORIENTED_EDGE('',*,*,#6131,.T.);
#3977=ORIENTED_EDGE('',*,*,#6468,.T.);
#3978=CARTESIAN_POINT('',(1.9625,3.33,0.0));
#3979=DIRECTION('',(3.49283648196678E-15,1.0,0.0));
#3980=DIRECTION('',(1.0,-3.49283648196678E-15,0.0));
#3981=ORIENTED_EDGE('',*,*,#6108,.T.);
#3982=ORIENTED_EDGE('',*,*,#6104,.F.);
#3983=ORIENTED_EDGE('',*,*,#6479,.F.);
#3984=ORIENTED_EDGE('',*,*,#6110,.T.);
#3985=ORIENTED_EDGE('',*,*,#6478,.T.);
#3986=ORIENTED_EDGE('',*,*,#6477,.T.);
#3987=CARTESIAN_POINT('',(1.27,3.48,0.0));
#3988=DIRECTION('',(0.0,1.0,0.0));
#3989=DIRECTION('',(0.0,0.0,1.0));
#3990=ORIENTED_EDGE('',*,*,#6103,.T.);
#3991=ORIENTED_EDGE('',*,*,#6098,.F.);
#3992=ORIENTED_EDGE('',*,*,#6480,.F.);
#3993=ORIENTED_EDGE('',*,*,#6106,.T.);
#3994=ORIENTED_EDGE('',*,*,#6111,.T.);
#3995=ORIENTED_EDGE('',*,*,#6479,.T.);
#3996=CARTESIAN_POINT('',(1.27,5.3275,0.0));
#3997=DIRECTION('',(-0.0,1.0,0.0));
#3998=DIRECTION('',(1.0,0.0,0.0));
#3999=ORIENTED_EDGE('',*,*,#6097,.T.);
#4000=ORIENTED_EDGE('',*,*,#6481,.F.);
#4001=ORIENTED_EDGE('',*,*,#6100,.T.);
#4002=ORIENTED_EDGE('',*,*,#6107,.T.);
#4003=ORIENTED_EDGE('',*,*,#6480,.T.);
#4004=CARTESIAN_POINT('',(1.27,7.175,0.0));
#4005=DIRECTION('',(0.0,1.0,0.0));
#4006=DIRECTION('',(0.0,0.0,1.0));
#4007=ORIENTED_EDGE('',*,*,#6101,.T.);
#4008=ORIENTED_EDGE('',*,*,#6481,.T.);
#4009=ORIENTED_EDGE('',*,*,#6102,.T.);
#4010=CARTESIAN_POINT('',(1.2725,7.49,0.0));
#4011=DIRECTION('',(-0.0,1.0,0.0));
#4012=DIRECTION('',(1.0,0.0,0.0));
#4013=ORIENTED_EDGE('',*,*,#6093,.F.);
#4014=ORIENTED_EDGE('',*,*,#6092,.F.);
#4015=ORIENTED_EDGE('',*,*,#6482,.F.);
#4016=CARTESIAN_POINT('',(1.2725,-4.63,0.0));
#4017=DIRECTION('',(-0.0,-1.0,-0.0));
#4018=DIRECTION('',(-1.0,0.0,0.0));
#4019=ORIENTED_EDGE('',*,*,#6091,.T.);
#4020=ORIENTED_EDGE('',*,*,#6471,.F.);
#4021=ORIENTED_EDGE('',*,*,#6125,.F.);
#4022=ORIENTED_EDGE('',*,*,#6094,.T.);
#4023=ORIENTED_EDGE('',*,*,#6482,.T.);
#4024=CARTESIAN_POINT('',(1.27,-4.4,0.0));
#4025=DIRECTION('',(0.0,1.0,0.0));
#4026=DIRECTION('',(0.0,0.0,1.0));
#4027=ORIENTED_EDGE('',*,*,#6087,.T.);
#4028=ORIENTED_EDGE('',*,*,#6483,.F.);
#4029=ORIENTED_EDGE('',*,*,#6089,.T.);
#4030=ORIENTED_EDGE('',*,*,#6484,.F.);
#4031=CARTESIAN_POINT('',(-1.27,1.96708618324761,0.0));
#4032=DIRECTION('',(-0.0,1.0,0.0));
#4033=DIRECTION('',(1.0,0.0,0.0));
#4034=ORIENTED_EDGE('',*,*,#6083,.T.);
#4035=ORIENTED_EDGE('',*,*,#6485,.F.);
#4036=ORIENTED_EDGE('',*,*,#6080,.F.);
#4037=ORIENTED_EDGE('',*,*,#6085,.T.);
#4038=ORIENTED_EDGE('',*,*,#6486,.T.);
#4039=ORIENTED_EDGE('',*,*,#6055,.T.);
#4040=CARTESIAN_POINT('',(-1.27,-2.61,0.0));
#4041=DIRECTION('',(-0.0,1.0,0.0));
#4042=DIRECTION('',(1.0,0.0,0.0));
#4043=ORIENTED_EDGE('',*,*,#6078,.T.);
#4044=ORIENTED_EDGE('',*,*,#6487,.F.);
#4045=ORIENTED_EDGE('',*,*,#6488,.F.);
#4046=ORIENTED_EDGE('',*,*,#6081,.T.);
#4047=ORIENTED_EDGE('',*,*,#6485,.T.);
#4048=ORIENTED_EDGE('',*,*,#6086,.T.);
#4049=CARTESIAN_POINT('',(-1.27,-0.82,0.0));
#4050=DIRECTION('',(0.0,1.0,0.0));
#4051=DIRECTION('',(0.0,0.0,1.0));
#4052=ORIENTED_EDGE('',*,*,#6076,.F.);
#4053=ORIENTED_EDGE('',*,*,#6489,.F.);
#4054=ORIENTED_EDGE('',*,*,#6487,.T.);
#4055=ORIENTED_EDGE('',*,*,#6082,.T.);
#4056=ORIENTED_EDGE('',*,*,#6488,.T.);
#4057=CARTESIAN_POINT('',(-0.870000000000003,-0.669999999999999,0.0));
#4058=DIRECTION('',(-7.40148683083432E-14,-1.0,-0.0));
#4059=DIRECTION('',(-1.0,7.40148683083432E-14,0.0));
#4060=ORIENTED_EDGE('',*,*,#6075,.T.);
#4061=ORIENTED_EDGE('',*,*,#6490,.F.);
#4062=ORIENTED_EDGE('',*,*,#6077,.T.);
#4063=ORIENTED_EDGE('',*,*,#6489,.T.);
#4064=CARTESIAN_POINT('',(-1.27,-0.545000000000001,0.0));
#4065=DIRECTION('',(-0.0,1.0,-0.0));
#4066=DIRECTION('',(1.0,0.0,0.0));
#4067=ORIENTED_EDGE('',*,*,#6071,.T.);
#4068=ORIENTED_EDGE('',*,*,#6491,.F.);
#4069=ORIENTED_EDGE('',*,*,#6073,.T.);
#4070=ORIENTED_EDGE('',*,*,#6490,.T.);
#4071=CARTESIAN_POINT('',(-1.27,-0.21,0.0));
#4072=DIRECTION('',(-0.0,1.0,0.0));
#4073=DIRECTION('',(1.0,0.0,0.0));
#4074=ORIENTED_EDGE('',*,*,#6492,.F.);
#4075=ORIENTED_EDGE('',*,*,#6493,.F.);
#4076=ORIENTED_EDGE('',*,*,#6068,.F.);
#4077=ORIENTED_EDGE('',*,*,#6090,.T.);
#4078=ORIENTED_EDGE('',*,*,#6483,.T.);
#4079=CARTESIAN_POINT('',(-0.577500000000002,3.33,0.0));
#4080=DIRECTION('',(3.49283648196678E-15,1.0,0.0));
#4081=DIRECTION('',(1.0,-3.49283648196678E-15,0.0));
#4082=ORIENTED_EDGE('',*,*,#6067,.T.);
#4083=ORIENTED_EDGE('',*,*,#6063,.F.);
#4084=ORIENTED_EDGE('',*,*,#6494,.F.);
#4085=ORIENTED_EDGE('',*,*,#6069,.T.);
#4086=ORIENTED_EDGE('',*,*,#6493,.T.);
#4087=ORIENTED_EDGE('',*,*,#6492,.T.);
#4088=CARTESIAN_POINT('',(-1.27,3.48,0.0));
#4089=DIRECTION('',(0.0,1.0,0.0));
#4090=DIRECTION('',(0.0,0.0,1.0));
#4091=ORIENTED_EDGE('',*,*,#6062,.T.);
#4092=ORIENTED_EDGE('',*,*,#6057,.F.);
#4093=ORIENTED_EDGE('',*,*,#6495,.F.);
#4094=ORIENTED_EDGE('',*,*,#6065,.T.);
#4095=ORIENTED_EDGE('',*,*,#6070,.T.);
#4096=ORIENTED_EDGE('',*,*,#6494,.T.);
#4097=CARTESIAN_POINT('',(-1.27,5.3275,0.0));
#4098=DIRECTION('',(-0.0,1.0,0.0));
#4099=DIRECTION('',(1.0,0.0,0.0));
#4100=ORIENTED_EDGE('',*,*,#6056,.T.);
#4101=ORIENTED_EDGE('',*,*,#6496,.F.);
#4102=ORIENTED_EDGE('',*,*,#6059,.T.);
#4103=ORIENTED_EDGE('',*,*,#6066,.T.);
#4104=ORIENTED_EDGE('',*,*,#6495,.T.);
#4105=CARTESIAN_POINT('',(-1.27,7.175,0.0));
#4106=DIRECTION('',(0.0,1.0,0.0));
#4107=DIRECTION('',(0.0,0.0,1.0));
#4108=ORIENTED_EDGE('',*,*,#6060,.T.);
#4109=ORIENTED_EDGE('',*,*,#6496,.T.);
#4110=ORIENTED_EDGE('',*,*,#6061,.T.);
#4111=CARTESIAN_POINT('',(-1.2675,7.49,0.0));
#4112=DIRECTION('',(-0.0,1.0,0.0));
#4113=DIRECTION('',(1.0,0.0,0.0));
#4114=ORIENTED_EDGE('',*,*,#6052,.F.);
#4115=ORIENTED_EDGE('',*,*,#6051,.F.);
#4116=ORIENTED_EDGE('',*,*,#6497,.F.);
#4117=CARTESIAN_POINT('',(-1.2675,-4.63,0.0));
#4118=DIRECTION('',(-0.0,-1.0,-0.0));
#4119=DIRECTION('',(-1.0,0.0,0.0));
#4120=ORIENTED_EDGE('',*,*,#6050,.T.);
#4121=ORIENTED_EDGE('',*,*,#6486,.F.);
#4122=ORIENTED_EDGE('',*,*,#6084,.F.);
#4123=ORIENTED_EDGE('',*,*,#6053,.T.);
#4124=ORIENTED_EDGE('',*,*,#6497,.T.);
#4125=CARTESIAN_POINT('',(-1.27,-4.4,0.0));
#4126=DIRECTION('',(0.0,1.0,0.0));
#4127=DIRECTION('',(0.0,0.0,1.0));
#4128=ORIENTED_EDGE('',*,*,#6046,.T.);
#4129=ORIENTED_EDGE('',*,*,#6498,.F.);
#4130=ORIENTED_EDGE('',*,*,#6048,.T.);
#4131=ORIENTED_EDGE('',*,*,#6499,.F.);
#4132=CARTESIAN_POINT('',(-3.81,1.96708618324761,0.0));
#4133=DIRECTION('',(-0.0,1.0,0.0));
#4134=DIRECTION('',(1.0,0.0,0.0));
#4135=ORIENTED_EDGE('',*,*,#6042,.T.);
#4136=ORIENTED_EDGE('',*,*,#6500,.F.);
#4137=ORIENTED_EDGE('',*,*,#6039,.F.);
#4138=ORIENTED_EDGE('',*,*,#6044,.T.);
#4139=ORIENTED_EDGE('',*,*,#6501,.T.);
#4140=ORIENTED_EDGE('',*,*,#6014,.T.);
#4141=CARTESIAN_POINT('',(-3.81,-2.61,0.0));
#4142=DIRECTION('',(-0.0,1.0,0.0));
#4143=DIRECTION('',(1.0,0.0,0.0));
#4144=ORIENTED_EDGE('',*,*,#6037,.T.);
#4145=ORIENTED_EDGE('',*,*,#6502,.F.);
#4146=ORIENTED_EDGE('',*,*,#6503,.F.);
#4147=ORIENTED_EDGE('',*,*,#6040,.T.);
#4148=ORIENTED_EDGE('',*,*,#6500,.T.);
#4149=ORIENTED_EDGE('',*,*,#6045,.T.);
#4150=CARTESIAN_POINT('',(-3.81,-0.82,0.0));
#4151=DIRECTION('',(0.0,1.0,0.0));
#4152=DIRECTION('',(0.0,0.0,1.0));
#4153=ORIENTED_EDGE('',*,*,#6035,.F.);
#4154=ORIENTED_EDGE('',*,*,#6504,.F.);
#4155=ORIENTED_EDGE('',*,*,#6502,.T.);
#4156=ORIENTED_EDGE('',*,*,#6041,.T.);
#4157=ORIENTED_EDGE('',*,*,#6503,.T.);
#4158=CARTESIAN_POINT('',(-3.41,-0.669999999999999,0.0));
#4159=DIRECTION('',(-7.40148683083432E-14,-1.0,-0.0));
#4160=DIRECTION('',(-1.0,7.40148683083432E-14,0.0));
#4161=ORIENTED_EDGE('',*,*,#6034,.T.);
#4162=ORIENTED_EDGE('',*,*,#6505,.F.);
#4163=ORIENTED_EDGE('',*,*,#6036,.T.);
#4164=ORIENTED_EDGE('',*,*,#6504,.T.);
#4165=CARTESIAN_POINT('',(-3.81,-0.545000000000001,0.0));
#4166=DIRECTION('',(-0.0,1.0,-0.0));
#4167=DIRECTION('',(1.0,0.0,0.0));
#4168=ORIENTED_EDGE('',*,*,#6030,.T.);
#4169=ORIENTED_EDGE('',*,*,#6506,.F.);
#4170=ORIENTED_EDGE('',*,*,#6032,.T.);
#4171=ORIENTED_EDGE('',*,*,#6505,.T.);
#4172=CARTESIAN_POINT('',(-3.81,-0.21,0.0));
#4173=DIRECTION('',(-0.0,1.0,0.0));
#4174=DIRECTION('',(1.0,0.0,0.0));
#4175=ORIENTED_EDGE('',*,*,#6507,.F.);
#4176=ORIENTED_EDGE('',*,*,#6508,.F.);
#4177=ORIENTED_EDGE('',*,*,#6027,.F.);
#4178=ORIENTED_EDGE('',*,*,#6049,.T.);
#4179=ORIENTED_EDGE('',*,*,#6498,.T.);
#4180=CARTESIAN_POINT('',(-3.1175,3.33,0.0));
#4181=DIRECTION('',(3.49283648196678E-15,1.0,0.0));
#4182=DIRECTION('',(1.0,-3.49283648196678E-15,0.0));
#4183=ORIENTED_EDGE('',*,*,#6026,.T.);
#4184=ORIENTED_EDGE('',*,*,#6022,.F.);
#4185=ORIENTED_EDGE('',*,*,#6509,.F.);
#4186=ORIENTED_EDGE('',*,*,#6028,.T.);
#4187=ORIENTED_EDGE('',*,*,#6508,.T.);
#4188=ORIENTED_EDGE('',*,*,#6507,.T.);
#4189=CARTESIAN_POINT('',(-3.81,3.48,0.0));
#4190=DIRECTION('',(0.0,1.0,0.0));
#4191=DIRECTION('',(0.0,0.0,1.0));
#4192=ORIENTED_EDGE('',*,*,#6021,.T.);
#4193=ORIENTED_EDGE('',*,*,#6016,.F.);
#4194=ORIENTED_EDGE('',*,*,#6510,.F.);
#4195=ORIENTED_EDGE('',*,*,#6024,.T.);
#4196=ORIENTED_EDGE('',*,*,#6029,.T.);
#4197=ORIENTED_EDGE('',*,*,#6509,.T.);
#4198=CARTESIAN_POINT('',(-3.81,5.3275,0.0));
#4199=DIRECTION('',(-0.0,1.0,0.0));
#4200=DIRECTION('',(1.0,0.0,0.0));
#4201=ORIENTED_EDGE('',*,*,#6015,.T.);
#4202=ORIENTED_EDGE('',*,*,#6511,.F.);
#4203=ORIENTED_EDGE('',*,*,#6018,.T.);
#4204=ORIENTED_EDGE('',*,*,#6025,.T.);
#4205=ORIENTED_EDGE('',*,*,#6510,.T.);
#4206=CARTESIAN_POINT('',(-3.81,7.175,0.0));
#4207=DIRECTION('',(0.0,1.0,0.0));
#4208=DIRECTION('',(0.0,0.0,1.0));
#4209=ORIENTED_EDGE('',*,*,#6019,.T.);
#4210=ORIENTED_EDGE('',*,*,#6511,.T.);
#4211=ORIENTED_EDGE('',*,*,#6020,.T.);
#4212=CARTESIAN_POINT('',(-3.8075,7.49,0.0));
#4213=DIRECTION('',(-0.0,1.0,0.0));
#4214=DIRECTION('',(1.0,0.0,0.0));
#4215=ORIENTED_EDGE('',*,*,#6011,.F.);
#4216=ORIENTED_EDGE('',*,*,#6010,.F.);
#4217=ORIENTED_EDGE('',*,*,#6512,.F.);
#4218=CARTESIAN_POINT('',(-3.8075,-4.63,0.0));
#4219=DIRECTION('',(-0.0,-1.0,-0.0));
#4220=DIRECTION('',(-1.0,0.0,0.0));
#4221=ORIENTED_EDGE('',*,*,#6009,.T.);
#4222=ORIENTED_EDGE('',*,*,#6501,.F.);
#4223=ORIENTED_EDGE('',*,*,#6043,.F.);
#4224=ORIENTED_EDGE('',*,*,#6012,.T.);
#4225=ORIENTED_EDGE('',*,*,#6512,.T.);
#4226=CARTESIAN_POINT('',(-3.81,-4.4,0.0));
#4227=DIRECTION('',(0.0,1.0,0.0));
#4228=DIRECTION('',(0.0,0.0,1.0));
#4229=ORIENTED_EDGE('',*,*,#6005,.T.);
#4230=ORIENTED_EDGE('',*,*,#6513,.F.);
#4231=ORIENTED_EDGE('',*,*,#6007,.T.);
#4232=ORIENTED_EDGE('',*,*,#6514,.F.);
#4233=CARTESIAN_POINT('',(-6.35,1.96708618324761,0.0));
#4234=DIRECTION('',(-0.0,1.0,0.0));
#4235=DIRECTION('',(1.0,0.0,0.0));
#4236=ORIENTED_EDGE('',*,*,#6001,.T.);
#4237=ORIENTED_EDGE('',*,*,#6515,.F.);
#4238=ORIENTED_EDGE('',*,*,#5998,.F.);
#4239=ORIENTED_EDGE('',*,*,#6003,.T.);
#4240=ORIENTED_EDGE('',*,*,#6516,.T.);
#4241=ORIENTED_EDGE('',*,*,#5973,.T.);
#4242=CARTESIAN_POINT('',(-6.35,-2.61,0.0));
#4243=DIRECTION('',(-0.0,1.0,0.0));
#4244=DIRECTION('',(1.0,0.0,0.0));
#4245=ORIENTED_EDGE('',*,*,#5996,.T.);
#4246=ORIENTED_EDGE('',*,*,#6517,.F.);
#4247=ORIENTED_EDGE('',*,*,#6518,.F.);
#4248=ORIENTED_EDGE('',*,*,#5999,.T.);
#4249=ORIENTED_EDGE('',*,*,#6515,.T.);
#4250=ORIENTED_EDGE('',*,*,#6004,.T.);
#4251=CARTESIAN_POINT('',(-6.35,-0.82,0.0));
#4252=DIRECTION('',(0.0,1.0,0.0));
#4253=DIRECTION('',(0.0,0.0,1.0));
#4254=ORIENTED_EDGE('',*,*,#5994,.F.);
#4255=ORIENTED_EDGE('',*,*,#6519,.F.);
#4256=ORIENTED_EDGE('',*,*,#6517,.T.);
#4257=ORIENTED_EDGE('',*,*,#6000,.T.);
#4258=ORIENTED_EDGE('',*,*,#6518,.T.);
#4259=CARTESIAN_POINT('',(-5.95,-0.669999999999999,0.0));
#4260=DIRECTION('',(-7.40148683083432E-14,-1.0,-0.0));
#4261=DIRECTION('',(-1.0,7.40148683083432E-14,0.0));
#4262=ORIENTED_EDGE('',*,*,#5993,.T.);
#4263=ORIENTED_EDGE('',*,*,#6520,.F.);
#4264=ORIENTED_EDGE('',*,*,#5995,.T.);
#4265=ORIENTED_EDGE('',*,*,#6519,.T.);
#4266=CARTESIAN_POINT('',(-6.35,-0.545000000000001,0.0));
#4267=DIRECTION('',(-0.0,1.0,-0.0));
#4268=DIRECTION('',(1.0,0.0,0.0));
#4269=ORIENTED_EDGE('',*,*,#5989,.T.);
#4270=ORIENTED_EDGE('',*,*,#6521,.F.);
#4271=ORIENTED_EDGE('',*,*,#5991,.T.);
#4272=ORIENTED_EDGE('',*,*,#6520,.T.);
#4273=CARTESIAN_POINT('',(-6.35,-0.21,0.0));
#4274=DIRECTION('',(-0.0,1.0,0.0));
#4275=DIRECTION('',(1.0,0.0,0.0));
#4276=ORIENTED_EDGE('',*,*,#6522,.F.);
#4277=ORIENTED_EDGE('',*,*,#6523,.F.);
#4278=ORIENTED_EDGE('',*,*,#5986,.F.);
#4279=ORIENTED_EDGE('',*,*,#6008,.T.);
#4280=ORIENTED_EDGE('',*,*,#6513,.T.);
#4281=CARTESIAN_POINT('',(-5.6575,3.33,0.0));
#4282=DIRECTION('',(3.49283648196678E-15,1.0,0.0));
#4283=DIRECTION('',(1.0,-3.49283648196678E-15,0.0));
#4284=ORIENTED_EDGE('',*,*,#5985,.T.);
#4285=ORIENTED_EDGE('',*,*,#5981,.F.);
#4286=ORIENTED_EDGE('',*,*,#6524,.F.);
#4287=ORIENTED_EDGE('',*,*,#5987,.T.);
#4288=ORIENTED_EDGE('',*,*,#6523,.T.);
#4289=ORIENTED_EDGE('',*,*,#6522,.T.);
#4290=CARTESIAN_POINT('',(-6.35,3.48,0.0));
#4291=DIRECTION('',(0.0,1.0,0.0));
#4292=DIRECTION('',(0.0,0.0,1.0));
#4293=ORIENTED_EDGE('',*,*,#5980,.T.);
#4294=ORIENTED_EDGE('',*,*,#5975,.F.);
#4295=ORIENTED_EDGE('',*,*,#6525,.F.);
#4296=ORIENTED_EDGE('',*,*,#5983,.T.);
#4297=ORIENTED_EDGE('',*,*,#5988,.T.);
#4298=ORIENTED_EDGE('',*,*,#6524,.T.);
#4299=CARTESIAN_POINT('',(-6.35,5.3275,0.0));
#4300=DIRECTION('',(-0.0,1.0,0.0));
#4301=DIRECTION('',(1.0,0.0,0.0));
#4302=ORIENTED_EDGE('',*,*,#5974,.T.);
#4303=ORIENTED_EDGE('',*,*,#6526,.F.);
#4304=ORIENTED_EDGE('',*,*,#5977,.T.);
#4305=ORIENTED_EDGE('',*,*,#5984,.T.);
#4306=ORIENTED_EDGE('',*,*,#6525,.T.);
#4307=CARTESIAN_POINT('',(-6.35,7.175,0.0));
#4308=DIRECTION('',(0.0,1.0,0.0));
#4309=DIRECTION('',(0.0,0.0,1.0));
#4310=ORIENTED_EDGE('',*,*,#5978,.T.);
#4311=ORIENTED_EDGE('',*,*,#6526,.T.);
#4312=ORIENTED_EDGE('',*,*,#5979,.T.);
#4313=CARTESIAN_POINT('',(-6.3475,7.49,0.0));
#4314=DIRECTION('',(-0.0,1.0,0.0));
#4315=DIRECTION('',(1.0,0.0,0.0));
#4316=ORIENTED_EDGE('',*,*,#5970,.F.);
#4317=ORIENTED_EDGE('',*,*,#5969,.F.);
#4318=ORIENTED_EDGE('',*,*,#6527,.F.);
#4319=CARTESIAN_POINT('',(-6.3475,-4.63,0.0));
#4320=DIRECTION('',(-0.0,-1.0,-0.0));
#4321=DIRECTION('',(-1.0,0.0,0.0));
#4322=ORIENTED_EDGE('',*,*,#5968,.T.);
#4323=ORIENTED_EDGE('',*,*,#6516,.F.);
#4324=ORIENTED_EDGE('',*,*,#6002,.F.);
#4325=ORIENTED_EDGE('',*,*,#5971,.T.);
#4326=ORIENTED_EDGE('',*,*,#6527,.T.);
#4327=CARTESIAN_POINT('',(-6.35,-4.4,0.0));
#4328=DIRECTION('',(0.0,1.0,0.0));
#4329=DIRECTION('',(0.0,0.0,1.0));
#4330=ORIENTED_EDGE('',*,*,#5964,.T.);
#4331=ORIENTED_EDGE('',*,*,#6528,.F.);
#4332=ORIENTED_EDGE('',*,*,#5966,.T.);
#4333=ORIENTED_EDGE('',*,*,#6529,.F.);
#4334=CARTESIAN_POINT('',(-8.89,1.96708618324761,0.0));
#4335=DIRECTION('',(-0.0,1.0,0.0));
#4336=DIRECTION('',(1.0,0.0,0.0));
#4337=ORIENTED_EDGE('',*,*,#5960,.T.);
#4338=ORIENTED_EDGE('',*,*,#6530,.F.);
#4339=ORIENTED_EDGE('',*,*,#5957,.F.);
#4340=ORIENTED_EDGE('',*,*,#5962,.T.);
#4341=ORIENTED_EDGE('',*,*,#6531,.T.);
#4342=ORIENTED_EDGE('',*,*,#5932,.T.);
#4343=CARTESIAN_POINT('',(-8.89,-2.61,0.0));
#4344=DIRECTION('',(-0.0,1.0,0.0));
#4345=DIRECTION('',(1.0,0.0,0.0));
#4346=ORIENTED_EDGE('',*,*,#5955,.T.);
#4347=ORIENTED_EDGE('',*,*,#6532,.F.);
#4348=ORIENTED_EDGE('',*,*,#6533,.F.);
#4349=ORIENTED_EDGE('',*,*,#5958,.T.);
#4350=ORIENTED_EDGE('',*,*,#6530,.T.);
#4351=ORIENTED_EDGE('',*,*,#5963,.T.);
#4352=CARTESIAN_POINT('',(-8.89,-0.82,0.0));
#4353=DIRECTION('',(0.0,1.0,0.0));
#4354=DIRECTION('',(0.0,0.0,1.0));
#4355=ORIENTED_EDGE('',*,*,#5953,.F.);
#4356=ORIENTED_EDGE('',*,*,#6534,.F.);
#4357=ORIENTED_EDGE('',*,*,#6532,.T.);
#4358=ORIENTED_EDGE('',*,*,#5959,.T.);
#4359=ORIENTED_EDGE('',*,*,#6533,.T.);
#4360=CARTESIAN_POINT('',(-8.49,-0.669999999999999,0.0));
#4361=DIRECTION('',(-7.40148683083432E-14,-1.0,-0.0));
#4362=DIRECTION('',(-1.0,7.40148683083432E-14,0.0));
#4363=ORIENTED_EDGE('',*,*,#5952,.T.);
#4364=ORIENTED_EDGE('',*,*,#6535,.F.);
#4365=ORIENTED_EDGE('',*,*,#5954,.T.);
#4366=ORIENTED_EDGE('',*,*,#6534,.T.);
#4367=CARTESIAN_POINT('',(-8.89,-0.545000000000001,0.0));
#4368=DIRECTION('',(-0.0,1.0,-0.0));
#4369=DIRECTION('',(1.0,0.0,0.0));
#4370=ORIENTED_EDGE('',*,*,#5948,.T.);
#4371=ORIENTED_EDGE('',*,*,#6536,.F.);
#4372=ORIENTED_EDGE('',*,*,#5950,.T.);
#4373=ORIENTED_EDGE('',*,*,#6535,.T.);
#4374=CARTESIAN_POINT('',(-8.89,-0.21,0.0));
#4375=DIRECTION('',(-0.0,1.0,0.0));
#4376=DIRECTION('',(1.0,0.0,0.0));
#4377=ORIENTED_EDGE('',*,*,#6537,.F.);
#4378=ORIENTED_EDGE('',*,*,#6538,.F.);
#4379=ORIENTED_EDGE('',*,*,#5945,.F.);
#4380=ORIENTED_EDGE('',*,*,#5967,.T.);
#4381=ORIENTED_EDGE('',*,*,#6528,.T.);
#4382=CARTESIAN_POINT('',(-8.1975,3.33,0.0));
#4383=DIRECTION('',(3.49283648196678E-15,1.0,0.0));
#4384=DIRECTION('',(1.0,-3.49283648196678E-15,0.0));
#4385=ORIENTED_EDGE('',*,*,#5944,.T.);
#4386=ORIENTED_EDGE('',*,*,#5940,.F.);
#4387=ORIENTED_EDGE('',*,*,#6539,.F.);
#4388=ORIENTED_EDGE('',*,*,#5946,.T.);
#4389=ORIENTED_EDGE('',*,*,#6538,.T.);
#4390=ORIENTED_EDGE('',*,*,#6537,.T.);
#4391=CARTESIAN_POINT('',(-8.89,3.48,0.0));
#4392=DIRECTION('',(0.0,1.0,0.0));
#4393=DIRECTION('',(0.0,0.0,1.0));
#4394=ORIENTED_EDGE('',*,*,#5939,.T.);
#4395=ORIENTED_EDGE('',*,*,#5934,.F.);
#4396=ORIENTED_EDGE('',*,*,#6540,.F.);
#4397=ORIENTED_EDGE('',*,*,#5942,.T.);
#4398=ORIENTED_EDGE('',*,*,#5947,.T.);
#4399=ORIENTED_EDGE('',*,*,#6539,.T.);
#4400=CARTESIAN_POINT('',(-8.89,5.3275,0.0));
#4401=DIRECTION('',(-0.0,1.0,0.0));
#4402=DIRECTION('',(1.0,0.0,0.0));
#4403=ORIENTED_EDGE('',*,*,#5933,.T.);
#4404=ORIENTED_EDGE('',*,*,#6541,.F.);
#4405=ORIENTED_EDGE('',*,*,#5936,.T.);
#4406=ORIENTED_EDGE('',*,*,#5943,.T.);
#4407=ORIENTED_EDGE('',*,*,#6540,.T.);
#4408=CARTESIAN_POINT('',(-8.89,7.175,0.0));
#4409=DIRECTION('',(0.0,1.0,0.0));
#4410=DIRECTION('',(0.0,0.0,1.0));
#4411=ORIENTED_EDGE('',*,*,#5937,.T.);
#4412=ORIENTED_EDGE('',*,*,#6541,.T.);
#4413=ORIENTED_EDGE('',*,*,#5938,.T.);
#4414=CARTESIAN_POINT('',(-8.8875,7.49,0.0));
#4415=DIRECTION('',(-0.0,1.0,0.0));
#4416=DIRECTION('',(1.0,0.0,0.0));
#4417=ORIENTED_EDGE('',*,*,#5929,.F.);
#4418=ORIENTED_EDGE('',*,*,#5928,.F.);
#4419=ORIENTED_EDGE('',*,*,#6542,.F.);
#4420=CARTESIAN_POINT('',(-8.8875,-4.63,0.0));
#4421=DIRECTION('',(-0.0,-1.0,-0.0));
#4422=DIRECTION('',(-1.0,0.0,0.0));
#4423=ORIENTED_EDGE('',*,*,#5927,.T.);
#4424=ORIENTED_EDGE('',*,*,#6531,.F.);
#4425=ORIENTED_EDGE('',*,*,#5961,.F.);
#4426=ORIENTED_EDGE('',*,*,#5930,.T.);
#4427=ORIENTED_EDGE('',*,*,#6542,.T.);
#4428=CARTESIAN_POINT('',(-8.89,-4.4,0.0));
#4429=DIRECTION('',(0.0,1.0,0.0));
#4430=DIRECTION('',(0.0,0.0,1.0));
#4431=ORIENTED_EDGE('',*,*,#5923,.T.);
#4432=ORIENTED_EDGE('',*,*,#6543,.F.);
#4433=ORIENTED_EDGE('',*,*,#5925,.T.);
#4434=ORIENTED_EDGE('',*,*,#6544,.F.);
#4435=CARTESIAN_POINT('',(-11.43,1.96708618324761,0.0));
#4436=DIRECTION('',(-0.0,1.0,0.0));
#4437=DIRECTION('',(1.0,0.0,0.0));
#4438=ORIENTED_EDGE('',*,*,#5919,.T.);
#4439=ORIENTED_EDGE('',*,*,#6545,.F.);
#4440=ORIENTED_EDGE('',*,*,#5916,.F.);
#4441=ORIENTED_EDGE('',*,*,#5921,.T.);
#4442=ORIENTED_EDGE('',*,*,#6546,.T.);
#4443=ORIENTED_EDGE('',*,*,#5891,.T.);
#4444=CARTESIAN_POINT('',(-11.43,-2.61,0.0));
#4445=DIRECTION('',(-0.0,1.0,0.0));
#4446=DIRECTION('',(1.0,0.0,0.0));
#4447=ORIENTED_EDGE('',*,*,#5914,.T.);
#4448=ORIENTED_EDGE('',*,*,#6547,.F.);
#4449=ORIENTED_EDGE('',*,*,#6548,.F.);
#4450=ORIENTED_EDGE('',*,*,#5917,.T.);
#4451=ORIENTED_EDGE('',*,*,#6545,.T.);
#4452=ORIENTED_EDGE('',*,*,#5922,.T.);
#4453=CARTESIAN_POINT('',(-11.43,-0.82,0.0));
#4454=DIRECTION('',(0.0,1.0,0.0));
#4455=DIRECTION('',(0.0,0.0,1.0));
#4456=ORIENTED_EDGE('',*,*,#5912,.F.);
#4457=ORIENTED_EDGE('',*,*,#6549,.F.);
#4458=ORIENTED_EDGE('',*,*,#6547,.T.);
#4459=ORIENTED_EDGE('',*,*,#5918,.T.);
#4460=ORIENTED_EDGE('',*,*,#6548,.T.);
#4461=CARTESIAN_POINT('',(-11.03,-0.669999999999999,0.0));
#4462=DIRECTION('',(-7.40148683083432E-14,-1.0,-0.0));
#4463=DIRECTION('',(-1.0,7.40148683083432E-14,0.0));
#4464=ORIENTED_EDGE('',*,*,#5911,.T.);
#4465=ORIENTED_EDGE('',*,*,#6550,.F.);
#4466=ORIENTED_EDGE('',*,*,#5913,.T.);
#4467=ORIENTED_EDGE('',*,*,#6549,.T.);
#4468=CARTESIAN_POINT('',(-11.43,-0.545000000000001,0.0));
#4469=DIRECTION('',(-0.0,1.0,-0.0));
#4470=DIRECTION('',(1.0,0.0,0.0));
#4471=ORIENTED_EDGE('',*,*,#5907,.T.);
#4472=ORIENTED_EDGE('',*,*,#6551,.F.);
#4473=ORIENTED_EDGE('',*,*,#5909,.T.);
#4474=ORIENTED_EDGE('',*,*,#6550,.T.);
#4475=CARTESIAN_POINT('',(-11.43,-0.21,0.0));
#4476=DIRECTION('',(-0.0,1.0,0.0));
#4477=DIRECTION('',(1.0,0.0,0.0));
#4478=ORIENTED_EDGE('',*,*,#6552,.F.);
#4479=ORIENTED_EDGE('',*,*,#6553,.F.);
#4480=ORIENTED_EDGE('',*,*,#5904,.F.);
#4481=ORIENTED_EDGE('',*,*,#5926,.T.);
#4482=ORIENTED_EDGE('',*,*,#6543,.T.);
#4483=CARTESIAN_POINT('',(-10.7375,3.33,0.0));
#4484=DIRECTION('',(3.49283648196678E-15,1.0,0.0));
#4485=DIRECTION('',(1.0,-3.49283648196678E-15,0.0));
#4486=ORIENTED_EDGE('',*,*,#5903,.T.);
#4487=ORIENTED_EDGE('',*,*,#5899,.F.);
#4488=ORIENTED_EDGE('',*,*,#6554,.F.);
#4489=ORIENTED_EDGE('',*,*,#5905,.T.);
#4490=ORIENTED_EDGE('',*,*,#6553,.T.);
#4491=ORIENTED_EDGE('',*,*,#6552,.T.);
#4492=CARTESIAN_POINT('',(-11.43,3.48,0.0));
#4493=DIRECTION('',(0.0,1.0,0.0));
#4494=DIRECTION('',(0.0,0.0,1.0));
#4495=ORIENTED_EDGE('',*,*,#5898,.T.);
#4496=ORIENTED_EDGE('',*,*,#5893,.F.);
#4497=ORIENTED_EDGE('',*,*,#6555,.F.);
#4498=ORIENTED_EDGE('',*,*,#5901,.T.);
#4499=ORIENTED_EDGE('',*,*,#5906,.T.);
#4500=ORIENTED_EDGE('',*,*,#6554,.T.);
#4501=CARTESIAN_POINT('',(-11.43,5.3275,0.0));
#4502=DIRECTION('',(-0.0,1.0,0.0));
#4503=DIRECTION('',(1.0,0.0,0.0));
#4504=ORIENTED_EDGE('',*,*,#5892,.T.);
#4505=ORIENTED_EDGE('',*,*,#6556,.F.);
#4506=ORIENTED_EDGE('',*,*,#5895,.T.);
#4507=ORIENTED_EDGE('',*,*,#5902,.T.);
#4508=ORIENTED_EDGE('',*,*,#6555,.T.);
#4509=CARTESIAN_POINT('',(-11.43,7.175,0.0));
#4510=DIRECTION('',(0.0,1.0,0.0));
#4511=DIRECTION('',(0.0,0.0,1.0));
#4512=ORIENTED_EDGE('',*,*,#5896,.T.);
#4513=ORIENTED_EDGE('',*,*,#6556,.T.);
#4514=ORIENTED_EDGE('',*,*,#5897,.T.);
#4515=CARTESIAN_POINT('',(-11.4275,7.49,0.0));
#4516=DIRECTION('',(-0.0,1.0,0.0));
#4517=DIRECTION('',(1.0,0.0,0.0));
#4518=ORIENTED_EDGE('',*,*,#5888,.F.);
#4519=ORIENTED_EDGE('',*,*,#5887,.F.);
#4520=ORIENTED_EDGE('',*,*,#6557,.F.);
#4521=CARTESIAN_POINT('',(-11.4275,-4.63,0.0));
#4522=DIRECTION('',(-0.0,-1.0,-0.0));
#4523=DIRECTION('',(-1.0,0.0,0.0));
#4524=ORIENTED_EDGE('',*,*,#5886,.T.);
#4525=ORIENTED_EDGE('',*,*,#6546,.F.);
#4526=ORIENTED_EDGE('',*,*,#5920,.F.);
#4527=ORIENTED_EDGE('',*,*,#5889,.T.);
#4528=ORIENTED_EDGE('',*,*,#6557,.T.);
#4529=CARTESIAN_POINT('',(-11.43,-4.4,0.0));
#4530=DIRECTION('',(0.0,1.0,0.0));
#4531=DIRECTION('',(0.0,0.0,1.0));
#4532=ORIENTED_EDGE('',*,*,#5882,.T.);
#4533=ORIENTED_EDGE('',*,*,#6558,.F.);
#4534=ORIENTED_EDGE('',*,*,#5884,.T.);
#4535=ORIENTED_EDGE('',*,*,#6559,.F.);
#4536=CARTESIAN_POINT('',(-13.97,1.96708618324761,0.0));
#4537=DIRECTION('',(-0.0,1.0,0.0));
#4538=DIRECTION('',(1.0,0.0,0.0));
#4539=ORIENTED_EDGE('',*,*,#5878,.T.);
#4540=ORIENTED_EDGE('',*,*,#6560,.F.);
#4541=ORIENTED_EDGE('',*,*,#5875,.F.);
#4542=ORIENTED_EDGE('',*,*,#5880,.T.);
#4543=ORIENTED_EDGE('',*,*,#6561,.T.);
#4544=ORIENTED_EDGE('',*,*,#5850,.T.);
#4545=CARTESIAN_POINT('',(-13.97,-2.61,0.0));
#4546=DIRECTION('',(-0.0,1.0,0.0));
#4547=DIRECTION('',(1.0,0.0,0.0));
#4548=ORIENTED_EDGE('',*,*,#5873,.T.);
#4549=ORIENTED_EDGE('',*,*,#6562,.F.);
#4550=ORIENTED_EDGE('',*,*,#6563,.F.);
#4551=ORIENTED_EDGE('',*,*,#5876,.T.);
#4552=ORIENTED_EDGE('',*,*,#6560,.T.);
#4553=ORIENTED_EDGE('',*,*,#5881,.T.);
#4554=CARTESIAN_POINT('',(-13.97,-0.82,0.0));
#4555=DIRECTION('',(0.0,1.0,0.0));
#4556=DIRECTION('',(0.0,0.0,1.0));
#4557=ORIENTED_EDGE('',*,*,#5871,.F.);
#4558=ORIENTED_EDGE('',*,*,#6564,.F.);
#4559=ORIENTED_EDGE('',*,*,#6562,.T.);
#4560=ORIENTED_EDGE('',*,*,#5877,.T.);
#4561=ORIENTED_EDGE('',*,*,#6563,.T.);
#4562=CARTESIAN_POINT('',(-13.57,-0.669999999999999,0.0));
#4563=DIRECTION('',(-7.40148683083432E-14,-1.0,-0.0));
#4564=DIRECTION('',(-1.0,7.40148683083432E-14,0.0));
#4565=ORIENTED_EDGE('',*,*,#5870,.T.);
#4566=ORIENTED_EDGE('',*,*,#6565,.F.);
#4567=ORIENTED_EDGE('',*,*,#5872,.T.);
#4568=ORIENTED_EDGE('',*,*,#6564,.T.);
#4569=CARTESIAN_POINT('',(-13.97,-0.545000000000001,0.0));
#4570=DIRECTION('',(-0.0,1.0,-0.0));
#4571=DIRECTION('',(1.0,0.0,0.0));
#4572=ORIENTED_EDGE('',*,*,#5866,.T.);
#4573=ORIENTED_EDGE('',*,*,#6566,.F.);
#4574=ORIENTED_EDGE('',*,*,#5868,.T.);
#4575=ORIENTED_EDGE('',*,*,#6565,.T.);
#4576=CARTESIAN_POINT('',(-13.97,-0.21,0.0));
#4577=DIRECTION('',(-0.0,1.0,0.0));
#4578=DIRECTION('',(1.0,0.0,0.0));
#4579=ORIENTED_EDGE('',*,*,#6567,.F.);
#4580=ORIENTED_EDGE('',*,*,#6568,.F.);
#4581=ORIENTED_EDGE('',*,*,#5863,.F.);
#4582=ORIENTED_EDGE('',*,*,#5885,.T.);
#4583=ORIENTED_EDGE('',*,*,#6558,.T.);
#4584=CARTESIAN_POINT('',(-13.2775,3.33,0.0));
#4585=DIRECTION('',(3.49283648196678E-15,1.0,0.0));
#4586=DIRECTION('',(1.0,-3.49283648196678E-15,0.0));
#4587=ORIENTED_EDGE('',*,*,#5862,.T.);
#4588=ORIENTED_EDGE('',*,*,#5858,.F.);
#4589=ORIENTED_EDGE('',*,*,#6569,.F.);
#4590=ORIENTED_EDGE('',*,*,#5864,.T.);
#4591=ORIENTED_EDGE('',*,*,#6568,.T.);
#4592=ORIENTED_EDGE('',*,*,#6567,.T.);
#4593=CARTESIAN_POINT('',(-13.97,3.48,0.0));
#4594=DIRECTION('',(0.0,1.0,0.0));
#4595=DIRECTION('',(0.0,0.0,1.0));
#4596=ORIENTED_EDGE('',*,*,#5857,.T.);
#4597=ORIENTED_EDGE('',*,*,#5852,.F.);
#4598=ORIENTED_EDGE('',*,*,#6570,.F.);
#4599=ORIENTED_EDGE('',*,*,#5860,.T.);
#4600=ORIENTED_EDGE('',*,*,#5865,.T.);
#4601=ORIENTED_EDGE('',*,*,#6569,.T.);
#4602=CARTESIAN_POINT('',(-13.97,5.3275,0.0));
#4603=DIRECTION('',(-0.0,1.0,0.0));
#4604=DIRECTION('',(1.0,0.0,0.0));
#4605=ORIENTED_EDGE('',*,*,#5851,.T.);
#4606=ORIENTED_EDGE('',*,*,#6571,.F.);
#4607=ORIENTED_EDGE('',*,*,#5854,.T.);
#4608=ORIENTED_EDGE('',*,*,#5861,.T.);
#4609=ORIENTED_EDGE('',*,*,#6570,.T.);
#4610=CARTESIAN_POINT('',(-13.97,7.175,0.0));
#4611=DIRECTION('',(0.0,1.0,0.0));
#4612=DIRECTION('',(0.0,0.0,1.0));
#4613=ORIENTED_EDGE('',*,*,#5855,.T.);
#4614=ORIENTED_EDGE('',*,*,#6571,.T.);
#4615=ORIENTED_EDGE('',*,*,#5856,.T.);
#4616=CARTESIAN_POINT('',(-13.9675,7.49,0.0));
#4617=DIRECTION('',(-0.0,1.0,0.0));
#4618=DIRECTION('',(1.0,0.0,0.0));
#4619=ORIENTED_EDGE('',*,*,#5847,.F.);
#4620=ORIENTED_EDGE('',*,*,#5846,.F.);
#4621=ORIENTED_EDGE('',*,*,#6572,.F.);
#4622=CARTESIAN_POINT('',(-13.9675,-4.63,0.0));
#4623=DIRECTION('',(-0.0,-1.0,-0.0));
#4624=DIRECTION('',(-1.0,0.0,0.0));
#4625=ORIENTED_EDGE('',*,*,#5845,.T.);
#4626=ORIENTED_EDGE('',*,*,#6561,.F.);
#4627=ORIENTED_EDGE('',*,*,#5879,.F.);
#4628=ORIENTED_EDGE('',*,*,#5848,.T.);
#4629=ORIENTED_EDGE('',*,*,#6572,.T.);
#4630=CARTESIAN_POINT('',(-13.97,-4.4,0.0));
#4631=DIRECTION('',(0.0,1.0,0.0));
#4632=DIRECTION('',(0.0,0.0,1.0));
#4633=ORIENTED_EDGE('',*,*,#5841,.T.);
#4634=ORIENTED_EDGE('',*,*,#6573,.F.);
#4635=ORIENTED_EDGE('',*,*,#5843,.T.);
#4636=ORIENTED_EDGE('',*,*,#6574,.F.);
#4637=CARTESIAN_POINT('',(-16.51,1.96708618324761,0.0));
#4638=DIRECTION('',(-0.0,1.0,0.0));
#4639=DIRECTION('',(1.0,0.0,0.0));
#4640=ORIENTED_EDGE('',*,*,#5837,.T.);
#4641=ORIENTED_EDGE('',*,*,#6575,.F.);
#4642=ORIENTED_EDGE('',*,*,#5834,.F.);
#4643=ORIENTED_EDGE('',*,*,#5839,.T.);
#4644=ORIENTED_EDGE('',*,*,#6576,.T.);
#4645=ORIENTED_EDGE('',*,*,#5809,.T.);
#4646=CARTESIAN_POINT('',(-16.51,-2.61,0.0));
#4647=DIRECTION('',(-0.0,1.0,0.0));
#4648=DIRECTION('',(1.0,0.0,0.0));
#4649=ORIENTED_EDGE('',*,*,#5832,.T.);
#4650=ORIENTED_EDGE('',*,*,#6577,.F.);
#4651=ORIENTED_EDGE('',*,*,#6578,.F.);
#4652=ORIENTED_EDGE('',*,*,#5835,.T.);
#4653=ORIENTED_EDGE('',*,*,#6575,.T.);
#4654=ORIENTED_EDGE('',*,*,#5840,.T.);
#4655=CARTESIAN_POINT('',(-16.51,-0.82,0.0));
#4656=DIRECTION('',(0.0,1.0,0.0));
#4657=DIRECTION('',(0.0,0.0,1.0));
#4658=ORIENTED_EDGE('',*,*,#5830,.F.);
#4659=ORIENTED_EDGE('',*,*,#6579,.F.);
#4660=ORIENTED_EDGE('',*,*,#6577,.T.);
#4661=ORIENTED_EDGE('',*,*,#5836,.T.);
#4662=ORIENTED_EDGE('',*,*,#6578,.T.);
#4663=CARTESIAN_POINT('',(-16.11,-0.669999999999999,0.0));
#4664=DIRECTION('',(-7.40148683083432E-14,-1.0,-0.0));
#4665=DIRECTION('',(-1.0,7.40148683083432E-14,0.0));
#4666=ORIENTED_EDGE('',*,*,#5829,.T.);
#4667=ORIENTED_EDGE('',*,*,#6580,.F.);
#4668=ORIENTED_EDGE('',*,*,#5831,.T.);
#4669=ORIENTED_EDGE('',*,*,#6579,.T.);
#4670=CARTESIAN_POINT('',(-16.51,-0.545000000000001,0.0));
#4671=DIRECTION('',(-0.0,1.0,-0.0));
#4672=DIRECTION('',(1.0,0.0,0.0));
#4673=ORIENTED_EDGE('',*,*,#5825,.T.);
#4674=ORIENTED_EDGE('',*,*,#6581,.F.);
#4675=ORIENTED_EDGE('',*,*,#5827,.T.);
#4676=ORIENTED_EDGE('',*,*,#6580,.T.);
#4677=CARTESIAN_POINT('',(-16.51,-0.21,0.0));
#4678=DIRECTION('',(-0.0,1.0,0.0));
#4679=DIRECTION('',(1.0,0.0,0.0));
#4680=ORIENTED_EDGE('',*,*,#6582,.F.);
#4681=ORIENTED_EDGE('',*,*,#6583,.F.);
#4682=ORIENTED_EDGE('',*,*,#5822,.F.);
#4683=ORIENTED_EDGE('',*,*,#5844,.T.);
#4684=ORIENTED_EDGE('',*,*,#6573,.T.);
#4685=CARTESIAN_POINT('',(-15.8175,3.33,0.0));
#4686=DIRECTION('',(3.49283648196678E-15,1.0,0.0));
#4687=DIRECTION('',(1.0,-3.49283648196678E-15,0.0));
#4688=ORIENTED_EDGE('',*,*,#5821,.T.);
#4689=ORIENTED_EDGE('',*,*,#5817,.F.);
#4690=ORIENTED_EDGE('',*,*,#6584,.F.);
#4691=ORIENTED_EDGE('',*,*,#5823,.T.);
#4692=ORIENTED_EDGE('',*,*,#6583,.T.);
#4693=ORIENTED_EDGE('',*,*,#6582,.T.);
#4694=CARTESIAN_POINT('',(-16.51,3.48,0.0));
#4695=DIRECTION('',(0.0,1.0,0.0));
#4696=DIRECTION('',(0.0,0.0,1.0));
#4697=ORIENTED_EDGE('',*,*,#5816,.T.);
#4698=ORIENTED_EDGE('',*,*,#5811,.F.);
#4699=ORIENTED_EDGE('',*,*,#6585,.F.);
#4700=ORIENTED_EDGE('',*,*,#5819,.T.);
#4701=ORIENTED_EDGE('',*,*,#5824,.T.);
#4702=ORIENTED_EDGE('',*,*,#6584,.T.);
#4703=CARTESIAN_POINT('',(-16.51,5.3275,0.0));
#4704=DIRECTION('',(-0.0,1.0,0.0));
#4705=DIRECTION('',(1.0,0.0,0.0));
#4706=ORIENTED_EDGE('',*,*,#5810,.T.);
#4707=ORIENTED_EDGE('',*,*,#6586,.F.);
#4708=ORIENTED_EDGE('',*,*,#5813,.T.);
#4709=ORIENTED_EDGE('',*,*,#5820,.T.);
#4710=ORIENTED_EDGE('',*,*,#6585,.T.);
#4711=CARTESIAN_POINT('',(-16.51,7.175,0.0));
#4712=DIRECTION('',(0.0,1.0,0.0));
#4713=DIRECTION('',(0.0,0.0,1.0));
#4714=ORIENTED_EDGE('',*,*,#5814,.T.);
#4715=ORIENTED_EDGE('',*,*,#6586,.T.);
#4716=ORIENTED_EDGE('',*,*,#5815,.T.);
#4717=CARTESIAN_POINT('',(-16.5075,7.49,0.0));
#4718=DIRECTION('',(-0.0,1.0,0.0));
#4719=DIRECTION('',(1.0,0.0,0.0));
#4720=ORIENTED_EDGE('',*,*,#5806,.F.);
#4721=ORIENTED_EDGE('',*,*,#5805,.F.);
#4722=ORIENTED_EDGE('',*,*,#6587,.F.);
#4723=CARTESIAN_POINT('',(-16.5075,-4.63,0.0));
#4724=DIRECTION('',(-0.0,-1.0,-0.0));
#4725=DIRECTION('',(-1.0,0.0,0.0));
#4726=ORIENTED_EDGE('',*,*,#5804,.T.);
#4727=ORIENTED_EDGE('',*,*,#6576,.F.);
#4728=ORIENTED_EDGE('',*,*,#5838,.F.);
#4729=ORIENTED_EDGE('',*,*,#5807,.T.);
#4730=ORIENTED_EDGE('',*,*,#6587,.T.);
#4731=CARTESIAN_POINT('',(-16.51,-4.4,0.0));
#4732=DIRECTION('',(0.0,1.0,0.0));
#4733=DIRECTION('',(0.0,0.0,1.0));
#4734=ORIENTED_EDGE('',*,*,#6588,.T.);
#4735=ORIENTED_EDGE('',*,*,#6589,.T.);
#4736=ORIENTED_EDGE('',*,*,#6590,.F.);
#4737=ORIENTED_EDGE('',*,*,#6591,.T.);
#4738=CARTESIAN_POINT('',(15.1942028356341,5.32721357629099E-17,-0.87));
#4739=DIRECTION('',(-4.51682600769318E-16,6.12323399573676E-17,-1.0));
#4740=DIRECTION('',(-1.0,-2.76575825631348E-32,4.51682600769318E-16));
#4741=ORIENTED_EDGE('',*,*,#6592,.T.);
#4742=ORIENTED_EDGE('',*,*,#6593,.F.);
#4743=ORIENTED_EDGE('',*,*,#6594,.F.);
#4744=ORIENTED_EDGE('',*,*,#6595,.T.);
#4745=CARTESIAN_POINT('',(16.61,7.77650717458569E-17,-1.27));
#4746=DIRECTION('',(0.0,6.12323399573676E-17,-1.0));
#4747=DIRECTION('',(-1.0,0.0,0.0));
#4748=ORIENTED_EDGE('',*,*,#6596,.T.);
#4749=ORIENTED_EDGE('',*,*,#6597,.F.);
#4750=ORIENTED_EDGE('',*,*,#6598,.F.);
#4751=ORIENTED_EDGE('',*,*,#6593,.T.);
#4752=CARTESIAN_POINT('',(17.686738468369,6.55186037543834E-17,-1.07));
#4753=DIRECTION('',(0.906307787036651,2.58779050750981E-17,-0.422618261740696));
#4754=DIRECTION('',(-0.422618261740696,5.54953465218378E-17,-0.906307787036652));
#4755=ORIENTED_EDGE('',*,*,#6599,.T.);
#4756=ORIENTED_EDGE('',*,*,#6600,.F.);
#4757=ORIENTED_EDGE('',*,*,#6601,.F.);
#4758=ORIENTED_EDGE('',*,*,#6597,.T.);
#4759=CARTESIAN_POINT('',(17.78,0.0,0.0));
#4760=DIRECTION('',(1.0,0.0,0.0));
#4761=DIRECTION('',(0.0,6.12323399573676E-17,-1.0));
#4762=ORIENTED_EDGE('',*,*,#6602,.T.);
#4763=ORIENTED_EDGE('',*,*,#6603,.F.);
#4764=ORIENTED_EDGE('',*,*,#6604,.F.);
#4765=ORIENTED_EDGE('',*,*,#6600,.T.);
#4766=CARTESIAN_POINT('',(17.686738468369,-6.55186037543834E-17,1.07));
#4767=DIRECTION('',(0.906307787036652,-2.58779050750981E-17,0.422618261740696));
#4768=DIRECTION('',(0.422618261740696,5.54953465218378E-17,-0.906307787036652));
#4769=ORIENTED_EDGE('',*,*,#6605,.T.);
#4770=ORIENTED_EDGE('',*,*,#6606,.F.);
#4771=ORIENTED_EDGE('',*,*,#6607,.F.);
#4772=ORIENTED_EDGE('',*,*,#6603,.T.);
#4773=CARTESIAN_POINT('',(16.61,-7.77650717458569E-17,1.27));
#4774=DIRECTION('',(0.0,-6.12323399573676E-17,1.0));
#4775=DIRECTION('',(1.0,0.0,0.0));
#4776=ORIENTED_EDGE('',*,*,#6608,.T.);
#4777=ORIENTED_EDGE('',*,*,#6609,.F.);
#4778=ORIENTED_EDGE('',*,*,#6610,.F.);
#4779=ORIENTED_EDGE('',*,*,#6606,.T.);
#4780=CARTESIAN_POINT('',(15.533261531631,-6.55186037543834E-17,1.07));
#4781=DIRECTION('',(-0.906307787036648,-2.58779050750985E-17,0.422618261740703));
#4782=DIRECTION('',(0.422618261740703,-5.54953465218376E-17,0.906307787036648));
#4783=ORIENTED_EDGE('',*,*,#6611,.F.);
#4784=ORIENTED_EDGE('',*,*,#6612,.F.);
#4785=ORIENTED_EDGE('',*,*,#6609,.T.);
#4786=ORIENTED_EDGE('',*,*,#6613,.T.);
#4787=CARTESIAN_POINT('',(15.1942028356341,-5.32721357629099E-17,0.87));
#4788=DIRECTION('',(0.0,-6.12323399573676E-17,1.0));
#4789=DIRECTION('',(1.0,0.0,0.0));
#4790=ORIENTED_EDGE('',*,*,#6614,.T.);
#4791=ORIENTED_EDGE('',*,*,#6595,.F.);
#4792=ORIENTED_EDGE('',*,*,#6615,.F.);
#4793=ORIENTED_EDGE('',*,*,#6590,.T.);
#4794=CARTESIAN_POINT('',(15.533261531631,6.55186037543834E-17,-1.07));
#4795=DIRECTION('',(-0.906307787036648,2.58779050750985E-17,-0.422618261740703));
#4796=DIRECTION('',(-0.422618261740703,-5.54953465218376E-17,0.906307787036648));
#4797=ORIENTED_EDGE('',*,*,#6375,.T.);
#4798=ORIENTED_EDGE('',*,*,#6379,.T.);
#4799=ORIENTED_EDGE('',*,*,#6334,.T.);
#4800=ORIENTED_EDGE('',*,*,#6394,.T.);
#4801=ORIENTED_EDGE('',*,*,#6293,.T.);
#4802=ORIENTED_EDGE('',*,*,#6409,.T.);
#4803=ORIENTED_EDGE('',*,*,#6252,.T.);
#4804=ORIENTED_EDGE('',*,*,#6424,.T.);
#4805=ORIENTED_EDGE('',*,*,#6211,.T.);
#4806=ORIENTED_EDGE('',*,*,#6439,.T.);
#4807=ORIENTED_EDGE('',*,*,#6170,.T.);
#4808=ORIENTED_EDGE('',*,*,#6454,.T.);
#4809=ORIENTED_EDGE('',*,*,#6129,.T.);
#4810=ORIENTED_EDGE('',*,*,#6469,.T.);
#4811=ORIENTED_EDGE('',*,*,#6088,.T.);
#4812=ORIENTED_EDGE('',*,*,#6484,.T.);
#4813=ORIENTED_EDGE('',*,*,#6047,.T.);
#4814=ORIENTED_EDGE('',*,*,#6499,.T.);
#4815=ORIENTED_EDGE('',*,*,#6006,.T.);
#4816=ORIENTED_EDGE('',*,*,#6514,.T.);
#4817=ORIENTED_EDGE('',*,*,#5965,.T.);
#4818=ORIENTED_EDGE('',*,*,#6529,.T.);
#4819=ORIENTED_EDGE('',*,*,#5924,.T.);
#4820=ORIENTED_EDGE('',*,*,#6544,.T.);
#4821=ORIENTED_EDGE('',*,*,#5883,.T.);
#4822=ORIENTED_EDGE('',*,*,#6559,.T.);
#4823=ORIENTED_EDGE('',*,*,#5842,.T.);
#4824=ORIENTED_EDGE('',*,*,#6574,.T.);
#4825=ORIENTED_EDGE('',*,*,#6616,.F.);
#4826=ORIENTED_EDGE('',*,*,#6613,.F.);
#4827=ORIENTED_EDGE('',*,*,#6608,.F.);
#4828=ORIENTED_EDGE('',*,*,#6605,.F.);
#4829=ORIENTED_EDGE('',*,*,#6602,.F.);
#4830=ORIENTED_EDGE('',*,*,#6599,.F.);
#4831=ORIENTED_EDGE('',*,*,#6596,.F.);
#4832=ORIENTED_EDGE('',*,*,#6592,.F.);
#4833=ORIENTED_EDGE('',*,*,#6614,.F.);
#4834=ORIENTED_EDGE('',*,*,#6589,.F.);
#4835=ORIENTED_EDGE('',*,*,#6617,.F.);
#4836=ORIENTED_EDGE('',*,*,#6618,.F.);
#4837=ORIENTED_EDGE('',*,*,#6619,.F.);
#4838=ORIENTED_EDGE('',*,*,#6620,.F.);
#4839=ORIENTED_EDGE('',*,*,#6621,.F.);
#4840=ORIENTED_EDGE('',*,*,#6622,.F.);
#4841=ORIENTED_EDGE('',*,*,#6623,.F.);
#4842=ORIENTED_EDGE('',*,*,#6624,.F.);
#4843=ORIENTED_EDGE('',*,*,#6625,.F.);
#4844=ORIENTED_EDGE('',*,*,#6626,.F.);
#4845=ORIENTED_EDGE('',*,*,#6627,.F.);
#4846=ORIENTED_EDGE('',*,*,#6628,.F.);
#4847=ORIENTED_EDGE('',*,*,#6629,.F.);
#4848=ORIENTED_EDGE('',*,*,#6630,.F.);
#4849=ORIENTED_EDGE('',*,*,#6631,.F.);
#4850=ORIENTED_EDGE('',*,*,#6632,.F.);
#4851=ORIENTED_EDGE('',*,*,#6633,.F.);
#4852=ORIENTED_EDGE('',*,*,#6634,.F.);
#4853=ORIENTED_EDGE('',*,*,#6635,.F.);
#4854=ORIENTED_EDGE('',*,*,#6636,.F.);
#4855=ORIENTED_EDGE('',*,*,#6637,.F.);
#4856=ORIENTED_EDGE('',*,*,#6638,.F.);
#4857=ORIENTED_EDGE('',*,*,#6639,.F.);
#4858=ORIENTED_EDGE('',*,*,#6640,.F.);
#4859=ORIENTED_EDGE('',*,*,#6641,.F.);
#4860=ORIENTED_EDGE('',*,*,#6642,.F.);
#4861=ORIENTED_EDGE('',*,*,#6643,.F.);
#4862=ORIENTED_EDGE('',*,*,#6644,.F.);
#4863=ORIENTED_EDGE('',*,*,#6645,.F.);
#4864=ORIENTED_EDGE('',*,*,#6646,.F.);
#4865=ORIENTED_EDGE('',*,*,#6647,.F.);
#4866=ORIENTED_EDGE('',*,*,#6648,.F.);
#4867=ORIENTED_EDGE('',*,*,#6649,.F.);
#4868=ORIENTED_EDGE('',*,*,#6650,.F.);
#4869=ORIENTED_EDGE('',*,*,#6651,.F.);
#4870=ORIENTED_EDGE('',*,*,#6652,.F.);
#4871=ORIENTED_EDGE('',*,*,#6653,.F.);
#4872=ORIENTED_EDGE('',*,*,#6654,.F.);
#4873=ORIENTED_EDGE('',*,*,#6655,.F.);
#4874=ORIENTED_EDGE('',*,*,#6656,.F.);
#4875=ORIENTED_EDGE('',*,*,#6657,.F.);
#4876=ORIENTED_EDGE('',*,*,#6658,.F.);
#4877=ORIENTED_EDGE('',*,*,#6659,.F.);
#4878=ORIENTED_EDGE('',*,*,#6660,.F.);
#4879=ORIENTED_EDGE('',*,*,#6661,.F.);
#4880=ORIENTED_EDGE('',*,*,#6662,.F.);
#4881=ORIENTED_EDGE('',*,*,#6663,.F.);
#4882=ORIENTED_EDGE('',*,*,#6664,.F.);
#4883=ORIENTED_EDGE('',*,*,#6665,.F.);
#4884=ORIENTED_EDGE('',*,*,#6666,.F.);
#4885=ORIENTED_EDGE('',*,*,#6667,.F.);
#4886=ORIENTED_EDGE('',*,*,#6668,.F.);
#4887=ORIENTED_EDGE('',*,*,#6669,.F.);
#4888=ORIENTED_EDGE('',*,*,#6670,.F.);
#4889=ORIENTED_EDGE('',*,*,#6671,.F.);
#4890=ORIENTED_EDGE('',*,*,#6672,.F.);
#4891=ORIENTED_EDGE('',*,*,#6673,.F.);
#4892=ORIENTED_EDGE('',*,*,#6674,.F.);
#4893=ORIENTED_EDGE('',*,*,#6675,.F.);
#4894=ORIENTED_EDGE('',*,*,#6676,.F.);
#4895=ORIENTED_EDGE('',*,*,#6677,.F.);
#4896=ORIENTED_EDGE('',*,*,#6678,.F.);
#4897=ORIENTED_EDGE('',*,*,#6679,.F.);
#4898=ORIENTED_EDGE('',*,*,#6680,.F.);
#4899=ORIENTED_EDGE('',*,*,#6681,.F.);
#4900=ORIENTED_EDGE('',*,*,#6682,.F.);
#4901=ORIENTED_EDGE('',*,*,#6683,.F.);
#4902=ORIENTED_EDGE('',*,*,#6684,.F.);
#4903=ORIENTED_EDGE('',*,*,#6685,.F.);
#4904=ORIENTED_EDGE('',*,*,#6686,.F.);
#4905=ORIENTED_EDGE('',*,*,#6687,.F.);
#4906=ORIENTED_EDGE('',*,*,#6688,.F.);
#4907=ORIENTED_EDGE('',*,*,#6689,.F.);
#4908=ORIENTED_EDGE('',*,*,#6690,.F.);
#4909=ORIENTED_EDGE('',*,*,#6691,.F.);
#4910=ORIENTED_EDGE('',*,*,#6692,.F.);
#4911=ORIENTED_EDGE('',*,*,#6693,.F.);
#4912=ORIENTED_EDGE('',*,*,#6694,.F.);
#4913=ORIENTED_EDGE('',*,*,#6695,.F.);
#4914=ORIENTED_EDGE('',*,*,#6696,.F.);
#4915=ORIENTED_EDGE('',*,*,#6697,.F.);
#4916=ORIENTED_EDGE('',*,*,#6698,.F.);
#4917=ORIENTED_EDGE('',*,*,#6699,.F.);
#4918=ORIENTED_EDGE('',*,*,#6700,.F.);
#4919=ORIENTED_EDGE('',*,*,#6701,.F.);
#4920=ORIENTED_EDGE('',*,*,#6702,.F.);
#4921=ORIENTED_EDGE('',*,*,#6703,.F.);
#4922=ORIENTED_EDGE('',*,*,#6704,.F.);
#4923=ORIENTED_EDGE('',*,*,#6705,.F.);
#4924=ORIENTED_EDGE('',*,*,#6706,.F.);
#4925=ORIENTED_EDGE('',*,*,#6707,.F.);
#4926=ORIENTED_EDGE('',*,*,#6708,.F.);
#4927=ORIENTED_EDGE('',*,*,#6709,.F.);
#4928=ORIENTED_EDGE('',*,*,#6710,.F.);
#4929=ORIENTED_EDGE('',*,*,#6711,.F.);
#4930=ORIENTED_EDGE('',*,*,#6712,.F.);
#4931=ORIENTED_EDGE('',*,*,#6713,.F.);
#4932=ORIENTED_EDGE('',*,*,#6714,.F.);
#4933=ORIENTED_EDGE('',*,*,#6715,.F.);
#4934=ORIENTED_EDGE('',*,*,#6716,.F.);
#4935=ORIENTED_EDGE('',*,*,#6717,.F.);
#4936=ORIENTED_EDGE('',*,*,#6718,.F.);
#4937=CARTESIAN_POINT('',(-16.61,2.8,1.71450551880629E-16));
#4938=DIRECTION('',(-0.0,1.0,6.12323399573676E-17));
#4939=DIRECTION('',(1.0,0.0,0.0));
#4940=ORIENTED_EDGE('',*,*,#6719,.T.);
#4941=ORIENTED_EDGE('',*,*,#6620,.T.);
#4942=ORIENTED_EDGE('',*,*,#6720,.F.);
#4943=ORIENTED_EDGE('',*,*,#6721,.T.);
#4944=CARTESIAN_POINT('',(12.6457330988579,5.32721357629099E-17,-0.87));
#4945=DIRECTION('',(0.0,6.12323399573676E-17,-1.0));
#4946=DIRECTION('',(-1.0,0.0,0.0));
#4947=ORIENTED_EDGE('',*,*,#6717,.T.);
#4948=ORIENTED_EDGE('',*,*,#6722,.F.);
#4949=ORIENTED_EDGE('',*,*,#6723,.T.);
#4950=ORIENTED_EDGE('',*,*,#6724,.T.);
#4951=CARTESIAN_POINT('',(12.993261531631,-6.55186037543834E-17,1.07));
#4952=DIRECTION('',(-0.906307787036648,-2.58779050750985E-17,0.422618261740703));
#4953=DIRECTION('',(0.422618261740703,-5.54953465218376E-17,0.906307787036648));
#4954=ORIENTED_EDGE('',*,*,#6725,.F.);
#4955=ORIENTED_EDGE('',*,*,#6726,.F.);
#4956=ORIENTED_EDGE('',*,*,#6722,.T.);
#4957=ORIENTED_EDGE('',*,*,#6716,.T.);
#4958=CARTESIAN_POINT('',(12.6457330988579,-5.32721357629099E-17,0.87));
#4959=DIRECTION('',(0.0,-6.12323399573676E-17,1.0));
#4960=DIRECTION('',(1.0,0.0,0.0));
#4961=ORIENTED_EDGE('',*,*,#6619,.T.);
#4962=ORIENTED_EDGE('',*,*,#6727,.F.);
#4963=ORIENTED_EDGE('',*,*,#6728,.T.);
#4964=ORIENTED_EDGE('',*,*,#6720,.T.);
#4965=CARTESIAN_POINT('',(12.993261531631,6.55186037543834E-17,-1.07));
#4966=DIRECTION('',(-0.906307787036648,2.58779050750985E-17,-0.422618261740703));
#4967=DIRECTION('',(-0.422618261740703,-5.54953465218376E-17,0.906307787036648));
#4968=ORIENTED_EDGE('',*,*,#6618,.T.);
#4969=ORIENTED_EDGE('',*,*,#6729,.F.);
#4970=ORIENTED_EDGE('',*,*,#6730,.T.);
#4971=ORIENTED_EDGE('',*,*,#6727,.T.);
#4972=CARTESIAN_POINT('',(13.97,7.77650717458569E-17,-1.27));
#4973=DIRECTION('',(0.0,6.12323399573676E-17,-1.0));
#4974=DIRECTION('',(-1.0,0.0,0.0));
#4975=ORIENTED_EDGE('',*,*,#6617,.T.);
#4976=ORIENTED_EDGE('',*,*,#6588,.F.);
#4977=ORIENTED_EDGE('',*,*,#6731,.T.);
#4978=ORIENTED_EDGE('',*,*,#6729,.T.);
#4979=CARTESIAN_POINT('',(14.946738468369,6.55186037543834E-17,-1.07));
#4980=DIRECTION('',(0.906307787036648,2.58779050750985E-17,-0.422618261740703));
#4981=DIRECTION('',(-0.422618261740703,5.54953465218376E-17,-0.906307787036648));
#4982=ORIENTED_EDGE('',*,*,#6616,.T.);
#4983=ORIENTED_EDGE('',*,*,#6732,.F.);
#4984=ORIENTED_EDGE('',*,*,#6733,.T.);
#4985=ORIENTED_EDGE('',*,*,#6611,.T.);
#4986=CARTESIAN_POINT('',(14.946738468369,-6.55186037543834E-17,1.07));
#4987=DIRECTION('',(0.906307787036648,-2.58779050750985E-17,0.422618261740703));
#4988=DIRECTION('',(0.422618261740703,5.54953465218376E-17,-0.906307787036648));
#4989=ORIENTED_EDGE('',*,*,#6718,.T.);
#4990=ORIENTED_EDGE('',*,*,#6724,.F.);
#4991=ORIENTED_EDGE('',*,*,#6734,.T.);
#4992=ORIENTED_EDGE('',*,*,#6732,.T.);
#4993=CARTESIAN_POINT('',(13.97,-7.77650717458569E-17,1.27));
#4994=DIRECTION('',(0.0,-6.12323399573676E-17,1.0));
#4995=DIRECTION('',(1.0,0.0,0.0));
#4996=ORIENTED_EDGE('',*,*,#6735,.T.);
#4997=ORIENTED_EDGE('',*,*,#6624,.T.);
#4998=ORIENTED_EDGE('',*,*,#6736,.F.);
#4999=ORIENTED_EDGE('',*,*,#6737,.T.);
#5000=CARTESIAN_POINT('',(10.1057330988579,5.32721357629099E-17,-0.87));
#5001=DIRECTION('',(0.0,6.12323399573676E-17,-1.0));
#5002=DIRECTION('',(-1.0,0.0,0.0));
#5003=ORIENTED_EDGE('',*,*,#6713,.T.);
#5004=ORIENTED_EDGE('',*,*,#6738,.F.);
#5005=ORIENTED_EDGE('',*,*,#6739,.T.);
#5006=ORIENTED_EDGE('',*,*,#6740,.T.);
#5007=CARTESIAN_POINT('',(10.453261531631,-6.55186037543834E-17,1.07));
#5008=DIRECTION('',(-0.906307787036648,-2.58779050750985E-17,0.422618261740703));
#5009=DIRECTION('',(0.422618261740703,-5.54953465218376E-17,0.906307787036648));
#5010=ORIENTED_EDGE('',*,*,#6741,.F.);
#5011=ORIENTED_EDGE('',*,*,#6742,.F.);
#5012=ORIENTED_EDGE('',*,*,#6738,.T.);
#5013=ORIENTED_EDGE('',*,*,#6712,.T.);
#5014=CARTESIAN_POINT('',(10.1057330988579,-5.32721357629099E-17,0.87));
#5015=DIRECTION('',(0.0,-6.12323399573676E-17,1.0));
#5016=DIRECTION('',(1.0,0.0,0.0));
#5017=ORIENTED_EDGE('',*,*,#6623,.T.);
#5018=ORIENTED_EDGE('',*,*,#6743,.F.);
#5019=ORIENTED_EDGE('',*,*,#6744,.T.);
#5020=ORIENTED_EDGE('',*,*,#6736,.T.);
#5021=CARTESIAN_POINT('',(10.453261531631,6.55186037543834E-17,-1.07));
#5022=DIRECTION('',(-0.906307787036648,2.58779050750985E-17,-0.422618261740703));
#5023=DIRECTION('',(-0.422618261740703,-5.54953465218376E-17,0.906307787036648));
#5024=ORIENTED_EDGE('',*,*,#6622,.T.);
#5025=ORIENTED_EDGE('',*,*,#6745,.F.);
#5026=ORIENTED_EDGE('',*,*,#6746,.T.);
#5027=ORIENTED_EDGE('',*,*,#6743,.T.);
#5028=CARTESIAN_POINT('',(11.43,7.77650717458569E-17,-1.27));
#5029=DIRECTION('',(0.0,6.12323399573676E-17,-1.0));
#5030=DIRECTION('',(-1.0,0.0,0.0));
#5031=ORIENTED_EDGE('',*,*,#6621,.T.);
#5032=ORIENTED_EDGE('',*,*,#6719,.F.);
#5033=ORIENTED_EDGE('',*,*,#6747,.T.);
#5034=ORIENTED_EDGE('',*,*,#6745,.T.);
#5035=CARTESIAN_POINT('',(12.406738468369,6.55186037543834E-17,-1.07));
#5036=DIRECTION('',(0.906307787036648,2.58779050750985E-17,-0.422618261740703));
#5037=DIRECTION('',(-0.422618261740703,5.54953465218376E-17,-0.906307787036648));
#5038=ORIENTED_EDGE('',*,*,#6715,.T.);
#5039=ORIENTED_EDGE('',*,*,#6748,.F.);
#5040=ORIENTED_EDGE('',*,*,#6749,.T.);
#5041=ORIENTED_EDGE('',*,*,#6725,.T.);
#5042=CARTESIAN_POINT('',(12.406738468369,-6.55186037543834E-17,1.07));
#5043=DIRECTION('',(0.906307787036648,-2.58779050750985E-17,0.422618261740703));
#5044=DIRECTION('',(0.422618261740703,5.54953465218376E-17,-0.906307787036648));
#5045=ORIENTED_EDGE('',*,*,#6714,.T.);
#5046=ORIENTED_EDGE('',*,*,#6740,.F.);
#5047=ORIENTED_EDGE('',*,*,#6750,.T.);
#5048=ORIENTED_EDGE('',*,*,#6748,.T.);
#5049=CARTESIAN_POINT('',(11.43,-7.77650717458569E-17,1.27));
#5050=DIRECTION('',(0.0,-6.12323399573676E-17,1.0));
#5051=DIRECTION('',(1.0,0.0,0.0));
#5052=ORIENTED_EDGE('',*,*,#6751,.T.);
#5053=ORIENTED_EDGE('',*,*,#6628,.T.);
#5054=ORIENTED_EDGE('',*,*,#6752,.F.);
#5055=ORIENTED_EDGE('',*,*,#6753,.T.);
#5056=CARTESIAN_POINT('',(7.5657330988579,5.32721357629099E-17,-0.87));
#5057=DIRECTION('',(0.0,6.12323399573676E-17,-1.0));
#5058=DIRECTION('',(-1.0,0.0,0.0));
#5059=ORIENTED_EDGE('',*,*,#6709,.T.);
#5060=ORIENTED_EDGE('',*,*,#6754,.F.);
#5061=ORIENTED_EDGE('',*,*,#6755,.T.);
#5062=ORIENTED_EDGE('',*,*,#6756,.T.);
#5063=CARTESIAN_POINT('',(7.913261531631,-6.55186037543834E-17,1.07));
#5064=DIRECTION('',(-0.906307787036648,-2.58779050750985E-17,0.422618261740703));
#5065=DIRECTION('',(0.422618261740703,-5.54953465218376E-17,0.906307787036648));
#5066=ORIENTED_EDGE('',*,*,#6757,.F.);
#5067=ORIENTED_EDGE('',*,*,#6758,.F.);
#5068=ORIENTED_EDGE('',*,*,#6754,.T.);
#5069=ORIENTED_EDGE('',*,*,#6708,.T.);
#5070=CARTESIAN_POINT('',(7.5657330988579,-5.32721357629099E-17,0.87));
#5071=DIRECTION('',(0.0,-6.12323399573676E-17,1.0));
#5072=DIRECTION('',(1.0,0.0,0.0));
#5073=ORIENTED_EDGE('',*,*,#6627,.T.);
#5074=ORIENTED_EDGE('',*,*,#6759,.F.);
#5075=ORIENTED_EDGE('',*,*,#6760,.T.);
#5076=ORIENTED_EDGE('',*,*,#6752,.T.);
#5077=CARTESIAN_POINT('',(7.913261531631,6.55186037543834E-17,-1.07));
#5078=DIRECTION('',(-0.906307787036648,2.58779050750985E-17,-0.422618261740703));
#5079=DIRECTION('',(-0.422618261740703,-5.54953465218376E-17,0.906307787036648));
#5080=ORIENTED_EDGE('',*,*,#6626,.T.);
#5081=ORIENTED_EDGE('',*,*,#6761,.F.);
#5082=ORIENTED_EDGE('',*,*,#6762,.T.);
#5083=ORIENTED_EDGE('',*,*,#6759,.T.);
#5084=CARTESIAN_POINT('',(8.89,7.77650717458569E-17,-1.27));
#5085=DIRECTION('',(0.0,6.12323399573676E-17,-1.0));
#5086=DIRECTION('',(-1.0,0.0,0.0));
#5087=ORIENTED_EDGE('',*,*,#6625,.T.);
#5088=ORIENTED_EDGE('',*,*,#6735,.F.);
#5089=ORIENTED_EDGE('',*,*,#6763,.T.);
#5090=ORIENTED_EDGE('',*,*,#6761,.T.);
#5091=CARTESIAN_POINT('',(9.866738468369,6.55186037543834E-17,-1.07));
#5092=DIRECTION('',(0.906307787036648,2.58779050750985E-17,-0.422618261740703));
#5093=DIRECTION('',(-0.422618261740703,5.54953465218376E-17,-0.906307787036648));
#5094=ORIENTED_EDGE('',*,*,#6711,.T.);
#5095=ORIENTED_EDGE('',*,*,#6764,.F.);
#5096=ORIENTED_EDGE('',*,*,#6765,.T.);
#5097=ORIENTED_EDGE('',*,*,#6741,.T.);
#5098=CARTESIAN_POINT('',(9.866738468369,-6.55186037543834E-17,1.07));
#5099=DIRECTION('',(0.906307787036648,-2.58779050750985E-17,0.422618261740703));
#5100=DIRECTION('',(0.422618261740703,5.54953465218376E-17,-0.906307787036648));
#5101=ORIENTED_EDGE('',*,*,#6710,.T.);
#5102=ORIENTED_EDGE('',*,*,#6756,.F.);
#5103=ORIENTED_EDGE('',*,*,#6766,.T.);
#5104=ORIENTED_EDGE('',*,*,#6764,.T.);
#5105=CARTESIAN_POINT('',(8.89,-7.77650717458569E-17,1.27));
#5106=DIRECTION('',(0.0,-6.12323399573676E-17,1.0));
#5107=DIRECTION('',(1.0,0.0,0.0));
#5108=ORIENTED_EDGE('',*,*,#6767,.T.);
#5109=ORIENTED_EDGE('',*,*,#6632,.T.);
#5110=ORIENTED_EDGE('',*,*,#6768,.F.);
#5111=ORIENTED_EDGE('',*,*,#6769,.T.);
#5112=CARTESIAN_POINT('',(5.02573309885791,5.32721357629099E-17,-0.87));
#5113=DIRECTION('',(0.0,6.12323399573676E-17,-1.0));
#5114=DIRECTION('',(-1.0,0.0,0.0));
#5115=ORIENTED_EDGE('',*,*,#6705,.T.);
#5116=ORIENTED_EDGE('',*,*,#6770,.F.);
#5117=ORIENTED_EDGE('',*,*,#6771,.T.);
#5118=ORIENTED_EDGE('',*,*,#6772,.T.);
#5119=CARTESIAN_POINT('',(5.373261531631,-6.55186037543834E-17,1.07));
#5120=DIRECTION('',(-0.906307787036648,-2.58779050750985E-17,0.422618261740703));
#5121=DIRECTION('',(0.422618261740703,-5.54953465218376E-17,0.906307787036648));
#5122=ORIENTED_EDGE('',*,*,#6773,.F.);
#5123=ORIENTED_EDGE('',*,*,#6774,.F.);
#5124=ORIENTED_EDGE('',*,*,#6770,.T.);
#5125=ORIENTED_EDGE('',*,*,#6704,.T.);
#5126=CARTESIAN_POINT('',(5.02573309885791,-5.32721357629099E-17,0.87));
#5127=DIRECTION('',(0.0,-6.12323399573676E-17,1.0));
#5128=DIRECTION('',(1.0,0.0,0.0));
#5129=ORIENTED_EDGE('',*,*,#6631,.T.);
#5130=ORIENTED_EDGE('',*,*,#6775,.F.);
#5131=ORIENTED_EDGE('',*,*,#6776,.T.);
#5132=ORIENTED_EDGE('',*,*,#6768,.T.);
#5133=CARTESIAN_POINT('',(5.373261531631,6.55186037543834E-17,-1.07));
#5134=DIRECTION('',(-0.906307787036648,2.58779050750985E-17,-0.422618261740703));
#5135=DIRECTION('',(-0.422618261740703,-5.54953465218376E-17,0.906307787036648));
#5136=ORIENTED_EDGE('',*,*,#6630,.T.);
#5137=ORIENTED_EDGE('',*,*,#6777,.F.);
#5138=ORIENTED_EDGE('',*,*,#6778,.T.);
#5139=ORIENTED_EDGE('',*,*,#6775,.T.);
#5140=CARTESIAN_POINT('',(6.35,7.77650717458569E-17,-1.27));
#5141=DIRECTION('',(0.0,6.12323399573676E-17,-1.0));
#5142=DIRECTION('',(-1.0,0.0,0.0));
#5143=ORIENTED_EDGE('',*,*,#6629,.T.);
#5144=ORIENTED_EDGE('',*,*,#6751,.F.);
#5145=ORIENTED_EDGE('',*,*,#6779,.T.);
#5146=ORIENTED_EDGE('',*,*,#6777,.T.);
#5147=CARTESIAN_POINT('',(7.326738468369,6.55186037543834E-17,-1.07));
#5148=DIRECTION('',(0.906307787036648,2.58779050750985E-17,-0.422618261740703));
#5149=DIRECTION('',(-0.422618261740703,5.54953465218376E-17,-0.906307787036648));
#5150=ORIENTED_EDGE('',*,*,#6707,.T.);
#5151=ORIENTED_EDGE('',*,*,#6780,.F.);
#5152=ORIENTED_EDGE('',*,*,#6781,.T.);
#5153=ORIENTED_EDGE('',*,*,#6757,.T.);
#5154=CARTESIAN_POINT('',(7.326738468369,-6.55186037543834E-17,1.07));
#5155=DIRECTION('',(0.906307787036648,-2.58779050750985E-17,0.422618261740703));
#5156=DIRECTION('',(0.422618261740703,5.54953465218376E-17,-0.906307787036648));
#5157=ORIENTED_EDGE('',*,*,#6706,.T.);
#5158=ORIENTED_EDGE('',*,*,#6772,.F.);
#5159=ORIENTED_EDGE('',*,*,#6782,.T.);
#5160=ORIENTED_EDGE('',*,*,#6780,.T.);
#5161=CARTESIAN_POINT('',(6.35,-7.77650717458569E-17,1.27));
#5162=DIRECTION('',(0.0,-6.12323399573676E-17,1.0));
#5163=DIRECTION('',(1.0,0.0,0.0));
#5164=ORIENTED_EDGE('',*,*,#6783,.T.);
#5165=ORIENTED_EDGE('',*,*,#6636,.T.);
#5166=ORIENTED_EDGE('',*,*,#6784,.F.);
#5167=ORIENTED_EDGE('',*,*,#6785,.T.);
#5168=CARTESIAN_POINT('',(2.48573309885791,5.32721357629099E-17,-0.87));
#5169=DIRECTION('',(0.0,6.12323399573676E-17,-1.0));
#5170=DIRECTION('',(-1.0,0.0,0.0));
#5171=ORIENTED_EDGE('',*,*,#6701,.T.);
#5172=ORIENTED_EDGE('',*,*,#6786,.F.);
#5173=ORIENTED_EDGE('',*,*,#6787,.T.);
#5174=ORIENTED_EDGE('',*,*,#6788,.T.);
#5175=CARTESIAN_POINT('',(2.833261531631,-6.55186037543834E-17,1.07));
#5176=DIRECTION('',(-0.906307787036648,-2.58779050750985E-17,0.422618261740703));
#5177=DIRECTION('',(0.422618261740703,-5.54953465218376E-17,0.906307787036648));
#5178=ORIENTED_EDGE('',*,*,#6789,.F.);
#5179=ORIENTED_EDGE('',*,*,#6790,.F.);
#5180=ORIENTED_EDGE('',*,*,#6786,.T.);
#5181=ORIENTED_EDGE('',*,*,#6700,.T.);
#5182=CARTESIAN_POINT('',(2.48573309885791,-5.32721357629099E-17,0.87));
#5183=DIRECTION('',(0.0,-6.12323399573676E-17,1.0));
#5184=DIRECTION('',(1.0,0.0,0.0));
#5185=ORIENTED_EDGE('',*,*,#6635,.T.);
#5186=ORIENTED_EDGE('',*,*,#6791,.F.);
#5187=ORIENTED_EDGE('',*,*,#6792,.T.);
#5188=ORIENTED_EDGE('',*,*,#6784,.T.);
#5189=CARTESIAN_POINT('',(2.833261531631,6.55186037543834E-17,-1.07));
#5190=DIRECTION('',(-0.906307787036648,2.58779050750985E-17,-0.422618261740703));
#5191=DIRECTION('',(-0.422618261740703,-5.54953465218376E-17,0.906307787036648));
#5192=ORIENTED_EDGE('',*,*,#6634,.T.);
#5193=ORIENTED_EDGE('',*,*,#6793,.F.);
#5194=ORIENTED_EDGE('',*,*,#6794,.T.);
#5195=ORIENTED_EDGE('',*,*,#6791,.T.);
#5196=CARTESIAN_POINT('',(3.81,7.77650717458569E-17,-1.27));
#5197=DIRECTION('',(0.0,6.12323399573676E-17,-1.0));
#5198=DIRECTION('',(-1.0,0.0,0.0));
#5199=ORIENTED_EDGE('',*,*,#6633,.T.);
#5200=ORIENTED_EDGE('',*,*,#6767,.F.);
#5201=ORIENTED_EDGE('',*,*,#6795,.T.);
#5202=ORIENTED_EDGE('',*,*,#6793,.T.);
#5203=CARTESIAN_POINT('',(4.786738468369,6.55186037543834E-17,-1.07));
#5204=DIRECTION('',(0.906307787036648,2.58779050750985E-17,-0.422618261740703));
#5205=DIRECTION('',(-0.422618261740703,5.54953465218376E-17,-0.906307787036648));
#5206=ORIENTED_EDGE('',*,*,#6703,.T.);
#5207=ORIENTED_EDGE('',*,*,#6796,.F.);
#5208=ORIENTED_EDGE('',*,*,#6797,.T.);
#5209=ORIENTED_EDGE('',*,*,#6773,.T.);
#5210=CARTESIAN_POINT('',(4.786738468369,-6.55186037543834E-17,1.07));
#5211=DIRECTION('',(0.906307787036648,-2.58779050750985E-17,0.422618261740703));
#5212=DIRECTION('',(0.422618261740703,5.54953465218376E-17,-0.906307787036648));
#5213=ORIENTED_EDGE('',*,*,#6702,.T.);
#5214=ORIENTED_EDGE('',*,*,#6788,.F.);
#5215=ORIENTED_EDGE('',*,*,#6798,.T.);
#5216=ORIENTED_EDGE('',*,*,#6796,.T.);
#5217=CARTESIAN_POINT('',(3.81,-7.77650717458569E-17,1.27));
#5218=DIRECTION('',(0.0,-6.12323399573676E-17,1.0));
#5219=DIRECTION('',(1.0,0.0,0.0));
#5220=ORIENTED_EDGE('',*,*,#6799,.T.);
#5221=ORIENTED_EDGE('',*,*,#6640,.T.);
#5222=ORIENTED_EDGE('',*,*,#6800,.F.);
#5223=ORIENTED_EDGE('',*,*,#6801,.T.);
#5224=CARTESIAN_POINT('',(-0.0542669011420944,5.32721357629099E-17,-0.87));
#5225=DIRECTION('',(0.0,6.12323399573676E-17,-1.0));
#5226=DIRECTION('',(-1.0,0.0,0.0));
#5227=ORIENTED_EDGE('',*,*,#6697,.T.);
#5228=ORIENTED_EDGE('',*,*,#6802,.F.);
#5229=ORIENTED_EDGE('',*,*,#6803,.T.);
#5230=ORIENTED_EDGE('',*,*,#6804,.T.);
#5231=CARTESIAN_POINT('',(0.293261531630998,-6.55186037543834E-17,1.07));
#5232=DIRECTION('',(-0.906307787036648,-2.58779050750985E-17,0.422618261740703));
#5233=DIRECTION('',(0.422618261740703,-5.54953465218376E-17,0.906307787036648));
#5234=ORIENTED_EDGE('',*,*,#6805,.F.);
#5235=ORIENTED_EDGE('',*,*,#6806,.F.);
#5236=ORIENTED_EDGE('',*,*,#6802,.T.);
#5237=ORIENTED_EDGE('',*,*,#6696,.T.);
#5238=CARTESIAN_POINT('',(-0.0542669011420944,-5.32721357629099E-17,0.87));
#5239=DIRECTION('',(0.0,-6.12323399573676E-17,1.0));
#5240=DIRECTION('',(1.0,0.0,0.0));
#5241=ORIENTED_EDGE('',*,*,#6639,.T.);
#5242=ORIENTED_EDGE('',*,*,#6807,.F.);
#5243=ORIENTED_EDGE('',*,*,#6808,.T.);
#5244=ORIENTED_EDGE('',*,*,#6800,.T.);
#5245=CARTESIAN_POINT('',(0.293261531630998,6.55186037543834E-17,-1.07));
#5246=DIRECTION('',(-0.906307787036648,2.58779050750985E-17,-0.422618261740703));
#5247=DIRECTION('',(-0.422618261740703,-5.54953465218376E-17,0.906307787036648));
#5248=ORIENTED_EDGE('',*,*,#6638,.T.);
#5249=ORIENTED_EDGE('',*,*,#6809,.F.);
#5250=ORIENTED_EDGE('',*,*,#6810,.T.);
#5251=ORIENTED_EDGE('',*,*,#6807,.T.);
#5252=CARTESIAN_POINT('',(1.27,7.77650717458569E-17,-1.27));
#5253=DIRECTION('',(0.0,6.12323399573676E-17,-1.0));
#5254=DIRECTION('',(-1.0,0.0,0.0));
#5255=ORIENTED_EDGE('',*,*,#6637,.T.);
#5256=ORIENTED_EDGE('',*,*,#6783,.F.);
#5257=ORIENTED_EDGE('',*,*,#6811,.T.);
#5258=ORIENTED_EDGE('',*,*,#6809,.T.);
#5259=CARTESIAN_POINT('',(2.246738468369,6.55186037543834E-17,-1.07));
#5260=DIRECTION('',(0.906307787036648,2.58779050750985E-17,-0.422618261740703));
#5261=DIRECTION('',(-0.422618261740703,5.54953465218376E-17,-0.906307787036648));
#5262=ORIENTED_EDGE('',*,*,#6699,.T.);
#5263=ORIENTED_EDGE('',*,*,#6812,.F.);
#5264=ORIENTED_EDGE('',*,*,#6813,.T.);
#5265=ORIENTED_EDGE('',*,*,#6789,.T.);
#5266=CARTESIAN_POINT('',(2.246738468369,-6.55186037543834E-17,1.07));
#5267=DIRECTION('',(0.906307787036648,-2.58779050750985E-17,0.422618261740703));
#5268=DIRECTION('',(0.422618261740703,5.54953465218376E-17,-0.906307787036648));
#5269=ORIENTED_EDGE('',*,*,#6698,.T.);
#5270=ORIENTED_EDGE('',*,*,#6804,.F.);
#5271=ORIENTED_EDGE('',*,*,#6814,.T.);
#5272=ORIENTED_EDGE('',*,*,#6812,.T.);
#5273=CARTESIAN_POINT('',(1.27,-7.77650717458569E-17,1.27));
#5274=DIRECTION('',(0.0,-6.12323399573676E-17,1.0));
#5275=DIRECTION('',(1.0,0.0,0.0));
#5276=ORIENTED_EDGE('',*,*,#6815,.T.);
#5277=ORIENTED_EDGE('',*,*,#6644,.T.);
#5278=ORIENTED_EDGE('',*,*,#6816,.F.);
#5279=ORIENTED_EDGE('',*,*,#6817,.T.);
#5280=CARTESIAN_POINT('',(-2.5942669011421,5.32721357629099E-17,-0.87));
#5281=DIRECTION('',(0.0,6.12323399573676E-17,-1.0));
#5282=DIRECTION('',(-1.0,0.0,0.0));
#5283=ORIENTED_EDGE('',*,*,#6693,.T.);
#5284=ORIENTED_EDGE('',*,*,#6818,.F.);
#5285=ORIENTED_EDGE('',*,*,#6819,.T.);
#5286=ORIENTED_EDGE('',*,*,#6820,.T.);
#5287=CARTESIAN_POINT('',(-2.246738468369,-6.55186037543834E-17,1.07));
#5288=DIRECTION('',(-0.906307787036648,-2.58779050750985E-17,0.422618261740703));
#5289=DIRECTION('',(0.422618261740703,-5.54953465218376E-17,0.906307787036648));
#5290=ORIENTED_EDGE('',*,*,#6821,.F.);
#5291=ORIENTED_EDGE('',*,*,#6822,.F.);
#5292=ORIENTED_EDGE('',*,*,#6818,.T.);
#5293=ORIENTED_EDGE('',*,*,#6692,.T.);
#5294=CARTESIAN_POINT('',(-2.5942669011421,-5.32721357629099E-17,0.87));
#5295=DIRECTION('',(0.0,-6.12323399573676E-17,1.0));
#5296=DIRECTION('',(1.0,0.0,0.0));
#5297=ORIENTED_EDGE('',*,*,#6643,.T.);
#5298=ORIENTED_EDGE('',*,*,#6823,.F.);
#5299=ORIENTED_EDGE('',*,*,#6824,.T.);
#5300=ORIENTED_EDGE('',*,*,#6816,.T.);
#5301=CARTESIAN_POINT('',(-2.246738468369,6.55186037543834E-17,-1.07));
#5302=DIRECTION('',(-0.906307787036648,2.58779050750985E-17,-0.422618261740703));
#5303=DIRECTION('',(-0.422618261740703,-5.54953465218376E-17,0.906307787036648));
#5304=ORIENTED_EDGE('',*,*,#6642,.T.);
#5305=ORIENTED_EDGE('',*,*,#6825,.F.);
#5306=ORIENTED_EDGE('',*,*,#6826,.T.);
#5307=ORIENTED_EDGE('',*,*,#6823,.T.);
#5308=CARTESIAN_POINT('',(-1.27,7.77650717458569E-17,-1.27));
#5309=DIRECTION('',(0.0,6.12323399573676E-17,-1.0));
#5310=DIRECTION('',(-1.0,0.0,0.0));
#5311=ORIENTED_EDGE('',*,*,#6641,.T.);
#5312=ORIENTED_EDGE('',*,*,#6799,.F.);
#5313=ORIENTED_EDGE('',*,*,#6827,.T.);
#5314=ORIENTED_EDGE('',*,*,#6825,.T.);
#5315=CARTESIAN_POINT('',(-0.293261531631003,6.55186037543834E-17,-1.07));
#5316=DIRECTION('',(0.906307787036648,2.58779050750985E-17,-0.422618261740703));
#5317=DIRECTION('',(-0.422618261740703,5.54953465218376E-17,-0.906307787036648));
#5318=ORIENTED_EDGE('',*,*,#6695,.T.);
#5319=ORIENTED_EDGE('',*,*,#6828,.F.);
#5320=ORIENTED_EDGE('',*,*,#6829,.T.);
#5321=ORIENTED_EDGE('',*,*,#6805,.T.);
#5322=CARTESIAN_POINT('',(-0.293261531631003,-6.55186037543834E-17,1.07));
#5323=DIRECTION('',(0.906307787036648,-2.58779050750985E-17,0.422618261740703));
#5324=DIRECTION('',(0.422618261740703,5.54953465218376E-17,-0.906307787036648));
#5325=ORIENTED_EDGE('',*,*,#6694,.T.);
#5326=ORIENTED_EDGE('',*,*,#6820,.F.);
#5327=ORIENTED_EDGE('',*,*,#6830,.T.);
#5328=ORIENTED_EDGE('',*,*,#6828,.T.);
#5329=CARTESIAN_POINT('',(-1.27,-7.77650717458569E-17,1.27));
#5330=DIRECTION('',(0.0,-6.12323399573676E-17,1.0));
#5331=DIRECTION('',(1.0,0.0,0.0));
#5332=ORIENTED_EDGE('',*,*,#6831,.T.);
#5333=ORIENTED_EDGE('',*,*,#6648,.T.);
#5334=ORIENTED_EDGE('',*,*,#6832,.F.);
#5335=ORIENTED_EDGE('',*,*,#6833,.T.);
#5336=CARTESIAN_POINT('',(-5.13426690114209,5.32721357629099E-17,-0.87));
#5337=DIRECTION('',(0.0,6.12323399573676E-17,-1.0));
#5338=DIRECTION('',(-1.0,0.0,0.0));
#5339=ORIENTED_EDGE('',*,*,#6689,.T.);
#5340=ORIENTED_EDGE('',*,*,#6834,.F.);
#5341=ORIENTED_EDGE('',*,*,#6835,.T.);
#5342=ORIENTED_EDGE('',*,*,#6836,.T.);
#5343=CARTESIAN_POINT('',(-4.786738468369,-6.55186037543834E-17,1.07));
#5344=DIRECTION('',(-0.906307787036648,-2.58779050750985E-17,0.422618261740703));
#5345=DIRECTION('',(0.422618261740703,-5.54953465218376E-17,0.906307787036648));
#5346=ORIENTED_EDGE('',*,*,#6837,.F.);
#5347=ORIENTED_EDGE('',*,*,#6838,.F.);
#5348=ORIENTED_EDGE('',*,*,#6834,.T.);
#5349=ORIENTED_EDGE('',*,*,#6688,.T.);
#5350=CARTESIAN_POINT('',(-5.13426690114209,-5.32721357629099E-17,0.87));
#5351=DIRECTION('',(0.0,-6.12323399573676E-17,1.0));
#5352=DIRECTION('',(1.0,0.0,0.0));
#5353=ORIENTED_EDGE('',*,*,#6647,.T.);
#5354=ORIENTED_EDGE('',*,*,#6839,.F.);
#5355=ORIENTED_EDGE('',*,*,#6840,.T.);
#5356=ORIENTED_EDGE('',*,*,#6832,.T.);
#5357=CARTESIAN_POINT('',(-4.786738468369,6.55186037543834E-17,-1.07));
#5358=DIRECTION('',(-0.906307787036648,2.58779050750985E-17,-0.422618261740703));
#5359=DIRECTION('',(-0.422618261740703,-5.54953465218376E-17,0.906307787036648));
#5360=ORIENTED_EDGE('',*,*,#6646,.T.);
#5361=ORIENTED_EDGE('',*,*,#6841,.F.);
#5362=ORIENTED_EDGE('',*,*,#6842,.T.);
#5363=ORIENTED_EDGE('',*,*,#6839,.T.);
#5364=CARTESIAN_POINT('',(-3.81,7.77650717458569E-17,-1.27));
#5365=DIRECTION('',(0.0,6.12323399573676E-17,-1.0));
#5366=DIRECTION('',(-1.0,0.0,0.0));
#5367=ORIENTED_EDGE('',*,*,#6645,.T.);
#5368=ORIENTED_EDGE('',*,*,#6815,.F.);
#5369=ORIENTED_EDGE('',*,*,#6843,.T.);
#5370=ORIENTED_EDGE('',*,*,#6841,.T.);
#5371=CARTESIAN_POINT('',(-2.833261531631,6.55186037543834E-17,-1.07));
#5372=DIRECTION('',(0.906307787036648,2.58779050750985E-17,-0.422618261740703));
#5373=DIRECTION('',(-0.422618261740703,5.54953465218376E-17,-0.906307787036648));
#5374=ORIENTED_EDGE('',*,*,#6691,.T.);
#5375=ORIENTED_EDGE('',*,*,#6844,.F.);
#5376=ORIENTED_EDGE('',*,*,#6845,.T.);
#5377=ORIENTED_EDGE('',*,*,#6821,.T.);
#5378=CARTESIAN_POINT('',(-2.833261531631,-6.55186037543834E-17,1.07));
#5379=DIRECTION('',(0.906307787036648,-2.58779050750985E-17,0.422618261740703));
#5380=DIRECTION('',(0.422618261740703,5.54953465218376E-17,-0.906307787036648));
#5381=ORIENTED_EDGE('',*,*,#6690,.T.);
#5382=ORIENTED_EDGE('',*,*,#6836,.F.);
#5383=ORIENTED_EDGE('',*,*,#6846,.T.);
#5384=ORIENTED_EDGE('',*,*,#6844,.T.);
#5385=CARTESIAN_POINT('',(-3.81,-7.77650717458569E-17,1.27));
#5386=DIRECTION('',(0.0,-6.12323399573676E-17,1.0));
#5387=DIRECTION('',(1.0,0.0,0.0));
#5388=ORIENTED_EDGE('',*,*,#6847,.T.);
#5389=ORIENTED_EDGE('',*,*,#6652,.T.);
#5390=ORIENTED_EDGE('',*,*,#6848,.F.);
#5391=ORIENTED_EDGE('',*,*,#6849,.T.);
#5392=CARTESIAN_POINT('',(-7.67426690114209,5.32721357629099E-17,-0.87));
#5393=DIRECTION('',(0.0,6.12323399573676E-17,-1.0));
#5394=DIRECTION('',(-1.0,0.0,0.0));
#5395=ORIENTED_EDGE('',*,*,#6685,.T.);
#5396=ORIENTED_EDGE('',*,*,#6850,.F.);
#5397=ORIENTED_EDGE('',*,*,#6851,.T.);
#5398=ORIENTED_EDGE('',*,*,#6852,.T.);
#5399=CARTESIAN_POINT('',(-7.326738468369,-6.55186037543834E-17,1.07));
#5400=DIRECTION('',(-0.906307787036648,-2.58779050750985E-17,0.422618261740703));
#5401=DIRECTION('',(0.422618261740703,-5.54953465218376E-17,0.906307787036648));
#5402=ORIENTED_EDGE('',*,*,#6853,.F.);
#5403=ORIENTED_EDGE('',*,*,#6854,.F.);
#5404=ORIENTED_EDGE('',*,*,#6850,.T.);
#5405=ORIENTED_EDGE('',*,*,#6684,.T.);
#5406=CARTESIAN_POINT('',(-7.67426690114209,-5.32721357629099E-17,0.87));
#5407=DIRECTION('',(0.0,-6.12323399573676E-17,1.0));
#5408=DIRECTION('',(1.0,0.0,0.0));
#5409=ORIENTED_EDGE('',*,*,#6651,.T.);
#5410=ORIENTED_EDGE('',*,*,#6855,.F.);
#5411=ORIENTED_EDGE('',*,*,#6856,.T.);
#5412=ORIENTED_EDGE('',*,*,#6848,.T.);
#5413=CARTESIAN_POINT('',(-7.326738468369,6.55186037543834E-17,-1.07));
#5414=DIRECTION('',(-0.906307787036648,2.58779050750985E-17,-0.422618261740703));
#5415=DIRECTION('',(-0.422618261740703,-5.54953465218376E-17,0.906307787036648));
#5416=ORIENTED_EDGE('',*,*,#6650,.T.);
#5417=ORIENTED_EDGE('',*,*,#6857,.F.);
#5418=ORIENTED_EDGE('',*,*,#6858,.T.);
#5419=ORIENTED_EDGE('',*,*,#6855,.T.);
#5420=CARTESIAN_POINT('',(-6.35,7.77650717458569E-17,-1.27));
#5421=DIRECTION('',(0.0,6.12323399573676E-17,-1.0));
#5422=DIRECTION('',(-1.0,0.0,0.0));
#5423=ORIENTED_EDGE('',*,*,#6649,.T.);
#5424=ORIENTED_EDGE('',*,*,#6831,.F.);
#5425=ORIENTED_EDGE('',*,*,#6859,.T.);
#5426=ORIENTED_EDGE('',*,*,#6857,.T.);
#5427=CARTESIAN_POINT('',(-5.373261531631,6.55186037543834E-17,-1.07));
#5428=DIRECTION('',(0.906307787036648,2.58779050750985E-17,-0.422618261740703));
#5429=DIRECTION('',(-0.422618261740703,5.54953465218376E-17,-0.906307787036648));
#5430=ORIENTED_EDGE('',*,*,#6687,.T.);
#5431=ORIENTED_EDGE('',*,*,#6860,.F.);
#5432=ORIENTED_EDGE('',*,*,#6861,.T.);
#5433=ORIENTED_EDGE('',*,*,#6837,.T.);
#5434=CARTESIAN_POINT('',(-5.373261531631,-6.55186037543834E-17,1.07));
#5435=DIRECTION('',(0.906307787036648,-2.58779050750985E-17,0.422618261740703));
#5436=DIRECTION('',(0.422618261740703,5.54953465218376E-17,-0.906307787036648));
#5437=ORIENTED_EDGE('',*,*,#6686,.T.);
#5438=ORIENTED_EDGE('',*,*,#6852,.F.);
#5439=ORIENTED_EDGE('',*,*,#6862,.T.);
#5440=ORIENTED_EDGE('',*,*,#6860,.T.);
#5441=CARTESIAN_POINT('',(-6.35,-7.77650717458569E-17,1.27));
#5442=DIRECTION('',(0.0,-6.12323399573676E-17,1.0));
#5443=DIRECTION('',(1.0,0.0,0.0));
#5444=ORIENTED_EDGE('',*,*,#6863,.T.);
#5445=ORIENTED_EDGE('',*,*,#6656,.T.);
#5446=ORIENTED_EDGE('',*,*,#6864,.F.);
#5447=ORIENTED_EDGE('',*,*,#6865,.T.);
#5448=CARTESIAN_POINT('',(-10.2142669011421,5.32721357629099E-17,-0.87));
#5449=DIRECTION('',(0.0,6.12323399573676E-17,-1.0));
#5450=DIRECTION('',(-1.0,0.0,0.0));
#5451=ORIENTED_EDGE('',*,*,#6681,.T.);
#5452=ORIENTED_EDGE('',*,*,#6866,.F.);
#5453=ORIENTED_EDGE('',*,*,#6867,.T.);
#5454=ORIENTED_EDGE('',*,*,#6868,.T.);
#5455=CARTESIAN_POINT('',(-9.866738468369,-6.55186037543834E-17,1.07));
#5456=DIRECTION('',(-0.906307787036648,-2.58779050750985E-17,0.422618261740703));
#5457=DIRECTION('',(0.422618261740703,-5.54953465218376E-17,0.906307787036648));
#5458=ORIENTED_EDGE('',*,*,#6869,.F.);
#5459=ORIENTED_EDGE('',*,*,#6870,.F.);
#5460=ORIENTED_EDGE('',*,*,#6866,.T.);
#5461=ORIENTED_EDGE('',*,*,#6680,.T.);
#5462=CARTESIAN_POINT('',(-10.2142669011421,-5.32721357629099E-17,0.87));
#5463=DIRECTION('',(0.0,-6.12323399573676E-17,1.0));
#5464=DIRECTION('',(1.0,0.0,0.0));
#5465=ORIENTED_EDGE('',*,*,#6655,.T.);
#5466=ORIENTED_EDGE('',*,*,#6871,.F.);
#5467=ORIENTED_EDGE('',*,*,#6872,.T.);
#5468=ORIENTED_EDGE('',*,*,#6864,.T.);
#5469=CARTESIAN_POINT('',(-9.866738468369,6.55186037543834E-17,-1.07));
#5470=DIRECTION('',(-0.906307787036648,2.58779050750985E-17,-0.422618261740703));
#5471=DIRECTION('',(-0.422618261740703,-5.54953465218376E-17,0.906307787036648));
#5472=ORIENTED_EDGE('',*,*,#6654,.T.);
#5473=ORIENTED_EDGE('',*,*,#6873,.F.);
#5474=ORIENTED_EDGE('',*,*,#6874,.T.);
#5475=ORIENTED_EDGE('',*,*,#6871,.T.);
#5476=CARTESIAN_POINT('',(-8.89,7.77650717458569E-17,-1.27));
#5477=DIRECTION('',(0.0,6.12323399573676E-17,-1.0));
#5478=DIRECTION('',(-1.0,0.0,0.0));
#5479=ORIENTED_EDGE('',*,*,#6653,.T.);
#5480=ORIENTED_EDGE('',*,*,#6847,.F.);
#5481=ORIENTED_EDGE('',*,*,#6875,.T.);
#5482=ORIENTED_EDGE('',*,*,#6873,.T.);
#5483=CARTESIAN_POINT('',(-7.913261531631,6.55186037543834E-17,-1.07));
#5484=DIRECTION('',(0.906307787036648,2.58779050750985E-17,-0.422618261740703));
#5485=DIRECTION('',(-0.422618261740703,5.54953465218376E-17,-0.906307787036648));
#5486=ORIENTED_EDGE('',*,*,#6683,.T.);
#5487=ORIENTED_EDGE('',*,*,#6876,.F.);
#5488=ORIENTED_EDGE('',*,*,#6877,.T.);
#5489=ORIENTED_EDGE('',*,*,#6853,.T.);
#5490=CARTESIAN_POINT('',(-7.913261531631,-6.55186037543834E-17,1.07));
#5491=DIRECTION('',(0.906307787036648,-2.58779050750985E-17,0.422618261740703));
#5492=DIRECTION('',(0.422618261740703,5.54953465218376E-17,-0.906307787036648));
#5493=ORIENTED_EDGE('',*,*,#6682,.T.);
#5494=ORIENTED_EDGE('',*,*,#6868,.F.);
#5495=ORIENTED_EDGE('',*,*,#6878,.T.);
#5496=ORIENTED_EDGE('',*,*,#6876,.T.);
#5497=CARTESIAN_POINT('',(-8.89,-7.77650717458569E-17,1.27));
#5498=DIRECTION('',(0.0,-6.12323399573676E-17,1.0));
#5499=DIRECTION('',(1.0,0.0,0.0));
#5500=ORIENTED_EDGE('',*,*,#6879,.T.);
#5501=ORIENTED_EDGE('',*,*,#6660,.T.);
#5502=ORIENTED_EDGE('',*,*,#6880,.F.);
#5503=ORIENTED_EDGE('',*,*,#6881,.T.);
#5504=CARTESIAN_POINT('',(-12.7542669011421,5.32721357629099E-17,-0.87));
#5505=DIRECTION('',(0.0,6.12323399573676E-17,-1.0));
#5506=DIRECTION('',(-1.0,0.0,0.0));
#5507=ORIENTED_EDGE('',*,*,#6677,.T.);
#5508=ORIENTED_EDGE('',*,*,#6882,.F.);
#5509=ORIENTED_EDGE('',*,*,#6883,.T.);
#5510=ORIENTED_EDGE('',*,*,#6884,.T.);
#5511=CARTESIAN_POINT('',(-12.406738468369,-6.55186037543834E-17,1.07));
#5512=DIRECTION('',(-0.906307787036648,-2.58779050750985E-17,0.422618261740703));
#5513=DIRECTION('',(0.422618261740703,-5.54953465218376E-17,0.906307787036648));
#5514=ORIENTED_EDGE('',*,*,#6885,.F.);
#5515=ORIENTED_EDGE('',*,*,#6886,.F.);
#5516=ORIENTED_EDGE('',*,*,#6882,.T.);
#5517=ORIENTED_EDGE('',*,*,#6676,.T.);
#5518=CARTESIAN_POINT('',(-12.7542669011421,-5.32721357629099E-17,0.87));
#5519=DIRECTION('',(0.0,-6.12323399573676E-17,1.0));
#5520=DIRECTION('',(1.0,0.0,0.0));
#5521=ORIENTED_EDGE('',*,*,#6659,.T.);
#5522=ORIENTED_EDGE('',*,*,#6887,.F.);
#5523=ORIENTED_EDGE('',*,*,#6888,.T.);
#5524=ORIENTED_EDGE('',*,*,#6880,.T.);
#5525=CARTESIAN_POINT('',(-12.406738468369,6.55186037543834E-17,-1.07));
#5526=DIRECTION('',(-0.906307787036648,2.58779050750985E-17,-0.422618261740703));
#5527=DIRECTION('',(-0.422618261740703,-5.54953465218376E-17,0.906307787036648));
#5528=ORIENTED_EDGE('',*,*,#6658,.T.);
#5529=ORIENTED_EDGE('',*,*,#6889,.F.);
#5530=ORIENTED_EDGE('',*,*,#6890,.T.);
#5531=ORIENTED_EDGE('',*,*,#6887,.T.);
#5532=CARTESIAN_POINT('',(-11.43,7.77650717458569E-17,-1.27));
#5533=DIRECTION('',(0.0,6.12323399573676E-17,-1.0));
#5534=DIRECTION('',(-1.0,0.0,0.0));
#5535=ORIENTED_EDGE('',*,*,#6657,.T.);
#5536=ORIENTED_EDGE('',*,*,#6863,.F.);
#5537=ORIENTED_EDGE('',*,*,#6891,.T.);
#5538=ORIENTED_EDGE('',*,*,#6889,.T.);
#5539=CARTESIAN_POINT('',(-10.453261531631,6.55186037543834E-17,-1.07));
#5540=DIRECTION('',(0.906307787036648,2.58779050750985E-17,-0.422618261740703));
#5541=DIRECTION('',(-0.422618261740703,5.54953465218376E-17,-0.906307787036648));
#5542=ORIENTED_EDGE('',*,*,#6679,.T.);
#5543=ORIENTED_EDGE('',*,*,#6892,.F.);
#5544=ORIENTED_EDGE('',*,*,#6893,.T.);
#5545=ORIENTED_EDGE('',*,*,#6869,.T.);
#5546=CARTESIAN_POINT('',(-10.453261531631,-6.55186037543834E-17,1.07));
#5547=DIRECTION('',(0.906307787036648,-2.58779050750985E-17,0.422618261740703));
#5548=DIRECTION('',(0.422618261740703,5.54953465218376E-17,-0.906307787036648));
#5549=ORIENTED_EDGE('',*,*,#6678,.T.);
#5550=ORIENTED_EDGE('',*,*,#6884,.F.);
#5551=ORIENTED_EDGE('',*,*,#6894,.T.);
#5552=ORIENTED_EDGE('',*,*,#6892,.T.);
#5553=CARTESIAN_POINT('',(-11.43,-7.77650717458569E-17,1.27));
#5554=DIRECTION('',(0.0,-6.12323399573676E-17,1.0));
#5555=DIRECTION('',(1.0,0.0,0.0));
#5556=ORIENTED_EDGE('',*,*,#6895,.T.);
#5557=ORIENTED_EDGE('',*,*,#6664,.T.);
#5558=ORIENTED_EDGE('',*,*,#6896,.F.);
#5559=ORIENTED_EDGE('',*,*,#6897,.T.);
#5560=CARTESIAN_POINT('',(-15.2942669011421,5.32721357629099E-17,-0.87));
#5561=DIRECTION('',(0.0,6.12323399573676E-17,-1.0));
#5562=DIRECTION('',(-1.0,0.0,0.0));
#5563=ORIENTED_EDGE('',*,*,#6673,.T.);
#5564=ORIENTED_EDGE('',*,*,#6898,.F.);
#5565=ORIENTED_EDGE('',*,*,#6899,.T.);
#5566=ORIENTED_EDGE('',*,*,#6900,.T.);
#5567=CARTESIAN_POINT('',(-14.946738468369,-6.55186037543834E-17,1.07));
#5568=DIRECTION('',(-0.906307787036648,-2.58779050750985E-17,0.422618261740703));
#5569=DIRECTION('',(0.422618261740703,-5.54953465218376E-17,0.906307787036648));
#5570=ORIENTED_EDGE('',*,*,#6901,.F.);
#5571=ORIENTED_EDGE('',*,*,#6902,.F.);
#5572=ORIENTED_EDGE('',*,*,#6898,.T.);
#5573=ORIENTED_EDGE('',*,*,#6672,.T.);
#5574=CARTESIAN_POINT('',(-15.2942669011421,-5.32721357629099E-17,0.87));
#5575=DIRECTION('',(0.0,-6.12323399573676E-17,1.0));
#5576=DIRECTION('',(1.0,0.0,0.0));
#5577=ORIENTED_EDGE('',*,*,#6663,.T.);
#5578=ORIENTED_EDGE('',*,*,#6903,.F.);
#5579=ORIENTED_EDGE('',*,*,#6904,.T.);
#5580=ORIENTED_EDGE('',*,*,#6896,.T.);
#5581=CARTESIAN_POINT('',(-14.946738468369,6.55186037543834E-17,-1.07));
#5582=DIRECTION('',(-0.906307787036648,2.58779050750985E-17,-0.422618261740703));
#5583=DIRECTION('',(-0.422618261740703,-5.54953465218376E-17,0.906307787036648));
#5584=ORIENTED_EDGE('',*,*,#6662,.T.);
#5585=ORIENTED_EDGE('',*,*,#6905,.F.);
#5586=ORIENTED_EDGE('',*,*,#6906,.T.);
#5587=ORIENTED_EDGE('',*,*,#6903,.T.);
#5588=CARTESIAN_POINT('',(-13.97,7.77650717458569E-17,-1.27));
#5589=DIRECTION('',(0.0,6.12323399573676E-17,-1.0));
#5590=DIRECTION('',(-1.0,0.0,0.0));
#5591=ORIENTED_EDGE('',*,*,#6661,.T.);
#5592=ORIENTED_EDGE('',*,*,#6879,.F.);
#5593=ORIENTED_EDGE('',*,*,#6907,.T.);
#5594=ORIENTED_EDGE('',*,*,#6905,.T.);
#5595=CARTESIAN_POINT('',(-12.993261531631,6.55186037543834E-17,-1.07));
#5596=DIRECTION('',(0.906307787036648,2.58779050750985E-17,-0.422618261740703));
#5597=DIRECTION('',(-0.422618261740703,5.54953465218376E-17,-0.906307787036648));
#5598=ORIENTED_EDGE('',*,*,#6675,.T.);
#5599=ORIENTED_EDGE('',*,*,#6908,.F.);
#5600=ORIENTED_EDGE('',*,*,#6909,.T.);
#5601=ORIENTED_EDGE('',*,*,#6885,.T.);
#5602=CARTESIAN_POINT('',(-12.993261531631,-6.55186037543834E-17,1.07));
#5603=DIRECTION('',(0.906307787036648,-2.58779050750985E-17,0.422618261740703));
#5604=DIRECTION('',(0.422618261740703,5.54953465218376E-17,-0.906307787036648));
#5605=ORIENTED_EDGE('',*,*,#6674,.T.);
#5606=ORIENTED_EDGE('',*,*,#6900,.F.);
#5607=ORIENTED_EDGE('',*,*,#6910,.T.);
#5608=ORIENTED_EDGE('',*,*,#6908,.T.);
#5609=CARTESIAN_POINT('',(-13.97,-7.77650717458569E-17,1.27));
#5610=DIRECTION('',(0.0,-6.12323399573676E-17,1.0));
#5611=DIRECTION('',(1.0,0.0,0.0));
#5612=ORIENTED_EDGE('',*,*,#6669,.T.);
#5613=ORIENTED_EDGE('',*,*,#6911,.F.);
#5614=ORIENTED_EDGE('',*,*,#6912,.F.);
#5615=ORIENTED_EDGE('',*,*,#6913,.T.);
#5616=CARTESIAN_POINT('',(-17.686738468369,-6.55186037543834E-17,1.07));
#5617=DIRECTION('',(-0.90630778703665,-2.58779050750983E-17,0.422618261740699));
#5618=DIRECTION('',(0.422618261740699,-5.54953465218377E-17,0.90630778703665));
#5619=ORIENTED_EDGE('',*,*,#6668,.T.);
#5620=ORIENTED_EDGE('',*,*,#6914,.F.);
#5621=ORIENTED_EDGE('',*,*,#6915,.F.);
#5622=ORIENTED_EDGE('',*,*,#6911,.T.);
#5623=CARTESIAN_POINT('',(-17.78,6.79815536723445E-33,-1.11022302462516E-16));
#5624=DIRECTION('',(-1.0,0.0,0.0));
#5625=DIRECTION('',(0.0,-6.12323399573676E-17,1.0));
#5626=ORIENTED_EDGE('',*,*,#6667,.T.);
#5627=ORIENTED_EDGE('',*,*,#6916,.F.);
#5628=ORIENTED_EDGE('',*,*,#6917,.F.);
#5629=ORIENTED_EDGE('',*,*,#6914,.T.);
#5630=CARTESIAN_POINT('',(-17.686738468369,6.55186037543834E-17,-1.07));
#5631=DIRECTION('',(-0.90630778703665,2.58779050750983E-17,-0.422618261740699));
#5632=DIRECTION('',(-0.422618261740699,-5.54953465218377E-17,0.90630778703665));
#5633=ORIENTED_EDGE('',*,*,#6666,.T.);
#5634=ORIENTED_EDGE('',*,*,#6918,.F.);
#5635=ORIENTED_EDGE('',*,*,#6919,.F.);
#5636=ORIENTED_EDGE('',*,*,#6916,.T.);
#5637=CARTESIAN_POINT('',(-16.61,7.77650717458569E-17,-1.27));
#5638=DIRECTION('',(0.0,6.12323399573676E-17,-1.0));
#5639=DIRECTION('',(-1.0,0.0,0.0));
#5640=ORIENTED_EDGE('',*,*,#6665,.T.);
#5641=ORIENTED_EDGE('',*,*,#6895,.F.);
#5642=ORIENTED_EDGE('',*,*,#6920,.F.);
#5643=ORIENTED_EDGE('',*,*,#6918,.T.);
#5644=CARTESIAN_POINT('',(-15.533261531631,6.55186037543834E-17,-1.07));
#5645=DIRECTION('',(0.906307787036648,2.58779050750985E-17,-0.422618261740703));
#5646=DIRECTION('',(-0.422618261740703,5.54953465218376E-17,-0.906307787036648));
#5647=ORIENTED_EDGE('',*,*,#6671,.T.);
#5648=ORIENTED_EDGE('',*,*,#6921,.F.);
#5649=ORIENTED_EDGE('',*,*,#6922,.F.);
#5650=ORIENTED_EDGE('',*,*,#6901,.T.);
#5651=CARTESIAN_POINT('',(-15.533261531631,-6.55186037543834E-17,1.07));
#5652=DIRECTION('',(0.906307787036648,-2.58779050750985E-17,0.422618261740703));
#5653=DIRECTION('',(0.422618261740703,5.54953465218376E-17,-0.906307787036648));
#5654=ORIENTED_EDGE('',*,*,#6670,.T.);
#5655=ORIENTED_EDGE('',*,*,#6913,.F.);
#5656=ORIENTED_EDGE('',*,*,#6923,.F.);
#5657=ORIENTED_EDGE('',*,*,#6921,.T.);
#5658=CARTESIAN_POINT('',(-16.61,-7.77650717458569E-17,1.27));
#5659=DIRECTION('',(0.0,-6.12323399573676E-17,1.0));
#5660=DIRECTION('',(1.0,0.0,0.0));
#5661=ORIENTED_EDGE('',*,*,#6361,.T.);
#5662=ORIENTED_EDGE('',*,*,#6386,.T.);
#5663=ORIENTED_EDGE('',*,*,#6320,.T.);
#5664=ORIENTED_EDGE('',*,*,#6401,.T.);
#5665=ORIENTED_EDGE('',*,*,#6279,.T.);
#5666=ORIENTED_EDGE('',*,*,#6416,.T.);
#5667=ORIENTED_EDGE('',*,*,#6238,.T.);
#5668=ORIENTED_EDGE('',*,*,#6431,.T.);
#5669=ORIENTED_EDGE('',*,*,#6197,.T.);
#5670=ORIENTED_EDGE('',*,*,#6446,.T.);
#5671=ORIENTED_EDGE('',*,*,#6156,.T.);
#5672=ORIENTED_EDGE('',*,*,#6461,.T.);
#5673=ORIENTED_EDGE('',*,*,#6115,.T.);
#5674=ORIENTED_EDGE('',*,*,#6476,.T.);
#5675=ORIENTED_EDGE('',*,*,#6074,.T.);
#5676=ORIENTED_EDGE('',*,*,#6491,.T.);
#5677=ORIENTED_EDGE('',*,*,#6033,.T.);
#5678=ORIENTED_EDGE('',*,*,#6506,.T.);
#5679=ORIENTED_EDGE('',*,*,#5992,.T.);
#5680=ORIENTED_EDGE('',*,*,#6521,.T.);
#5681=ORIENTED_EDGE('',*,*,#5951,.T.);
#5682=ORIENTED_EDGE('',*,*,#6536,.T.);
#5683=ORIENTED_EDGE('',*,*,#5910,.T.);
#5684=ORIENTED_EDGE('',*,*,#6551,.T.);
#5685=ORIENTED_EDGE('',*,*,#5869,.T.);
#5686=ORIENTED_EDGE('',*,*,#6566,.T.);
#5687=ORIENTED_EDGE('',*,*,#5828,.T.);
#5688=ORIENTED_EDGE('',*,*,#6581,.T.);
#5689=ORIENTED_EDGE('',*,*,#6731,.F.);
#5690=ORIENTED_EDGE('',*,*,#6591,.F.);
#5691=ORIENTED_EDGE('',*,*,#6615,.T.);
#5692=ORIENTED_EDGE('',*,*,#6594,.T.);
#5693=ORIENTED_EDGE('',*,*,#6598,.T.);
#5694=ORIENTED_EDGE('',*,*,#6601,.T.);
#5695=ORIENTED_EDGE('',*,*,#6604,.T.);
#5696=ORIENTED_EDGE('',*,*,#6607,.T.);
#5697=ORIENTED_EDGE('',*,*,#6610,.T.);
#5698=ORIENTED_EDGE('',*,*,#6612,.T.);
#5699=ORIENTED_EDGE('',*,*,#6733,.F.);
#5700=ORIENTED_EDGE('',*,*,#6734,.F.);
#5701=ORIENTED_EDGE('',*,*,#6723,.F.);
#5702=ORIENTED_EDGE('',*,*,#6726,.T.);
#5703=ORIENTED_EDGE('',*,*,#6749,.F.);
#5704=ORIENTED_EDGE('',*,*,#6750,.F.);
#5705=ORIENTED_EDGE('',*,*,#6739,.F.);
#5706=ORIENTED_EDGE('',*,*,#6742,.T.);
#5707=ORIENTED_EDGE('',*,*,#6765,.F.);
#5708=ORIENTED_EDGE('',*,*,#6766,.F.);
#5709=ORIENTED_EDGE('',*,*,#6755,.F.);
#5710=ORIENTED_EDGE('',*,*,#6758,.T.);
#5711=ORIENTED_EDGE('',*,*,#6781,.F.);
#5712=ORIENTED_EDGE('',*,*,#6782,.F.);
#5713=ORIENTED_EDGE('',*,*,#6771,.F.);
#5714=ORIENTED_EDGE('',*,*,#6774,.T.);
#5715=ORIENTED_EDGE('',*,*,#6797,.F.);
#5716=ORIENTED_EDGE('',*,*,#6798,.F.);
#5717=ORIENTED_EDGE('',*,*,#6787,.F.);
#5718=ORIENTED_EDGE('',*,*,#6790,.T.);
#5719=ORIENTED_EDGE('',*,*,#6813,.F.);
#5720=ORIENTED_EDGE('',*,*,#6814,.F.);
#5721=ORIENTED_EDGE('',*,*,#6803,.F.);
#5722=ORIENTED_EDGE('',*,*,#6806,.T.);
#5723=ORIENTED_EDGE('',*,*,#6829,.F.);
#5724=ORIENTED_EDGE('',*,*,#6830,.F.);
#5725=ORIENTED_EDGE('',*,*,#6819,.F.);
#5726=ORIENTED_EDGE('',*,*,#6822,.T.);
#5727=ORIENTED_EDGE('',*,*,#6845,.F.);
#5728=ORIENTED_EDGE('',*,*,#6846,.F.);
#5729=ORIENTED_EDGE('',*,*,#6835,.F.);
#5730=ORIENTED_EDGE('',*,*,#6838,.T.);
#5731=ORIENTED_EDGE('',*,*,#6861,.F.);
#5732=ORIENTED_EDGE('',*,*,#6862,.F.);
#5733=ORIENTED_EDGE('',*,*,#6851,.F.);
#5734=ORIENTED_EDGE('',*,*,#6854,.T.);
#5735=ORIENTED_EDGE('',*,*,#6877,.F.);
#5736=ORIENTED_EDGE('',*,*,#6878,.F.);
#5737=ORIENTED_EDGE('',*,*,#6867,.F.);
#5738=ORIENTED_EDGE('',*,*,#6870,.T.);
#5739=ORIENTED_EDGE('',*,*,#6893,.F.);
#5740=ORIENTED_EDGE('',*,*,#6894,.F.);
#5741=ORIENTED_EDGE('',*,*,#6883,.F.);
#5742=ORIENTED_EDGE('',*,*,#6886,.T.);
#5743=ORIENTED_EDGE('',*,*,#6909,.F.);
#5744=ORIENTED_EDGE('',*,*,#6910,.F.);
#5745=ORIENTED_EDGE('',*,*,#6899,.F.);
#5746=ORIENTED_EDGE('',*,*,#6902,.T.);
#5747=ORIENTED_EDGE('',*,*,#6922,.T.);
#5748=ORIENTED_EDGE('',*,*,#6923,.T.);
#5749=ORIENTED_EDGE('',*,*,#6912,.T.);
#5750=ORIENTED_EDGE('',*,*,#6915,.T.);
#5751=ORIENTED_EDGE('',*,*,#6917,.T.);
#5752=ORIENTED_EDGE('',*,*,#6919,.T.);
#5753=ORIENTED_EDGE('',*,*,#6920,.T.);
#5754=ORIENTED_EDGE('',*,*,#6897,.F.);
#5755=ORIENTED_EDGE('',*,*,#6904,.F.);
#5756=ORIENTED_EDGE('',*,*,#6906,.F.);
#5757=ORIENTED_EDGE('',*,*,#6907,.F.);
#5758=ORIENTED_EDGE('',*,*,#6881,.F.);
#5759=ORIENTED_EDGE('',*,*,#6888,.F.);
#5760=ORIENTED_EDGE('',*,*,#6890,.F.);
#5761=ORIENTED_EDGE('',*,*,#6891,.F.);
#5762=ORIENTED_EDGE('',*,*,#6865,.F.);
#5763=ORIENTED_EDGE('',*,*,#6872,.F.);
#5764=ORIENTED_EDGE('',*,*,#6874,.F.);
#5765=ORIENTED_EDGE('',*,*,#6875,.F.);
#5766=ORIENTED_EDGE('',*,*,#6849,.F.);
#5767=ORIENTED_EDGE('',*,*,#6856,.F.);
#5768=ORIENTED_EDGE('',*,*,#6858,.F.);
#5769=ORIENTED_EDGE('',*,*,#6859,.F.);
#5770=ORIENTED_EDGE('',*,*,#6833,.F.);
#5771=ORIENTED_EDGE('',*,*,#6840,.F.);
#5772=ORIENTED_EDGE('',*,*,#6842,.F.);
#5773=ORIENTED_EDGE('',*,*,#6843,.F.);
#5774=ORIENTED_EDGE('',*,*,#6817,.F.);
#5775=ORIENTED_EDGE('',*,*,#6824,.F.);
#5776=ORIENTED_EDGE('',*,*,#6826,.F.);
#5777=ORIENTED_EDGE('',*,*,#6827,.F.);
#5778=ORIENTED_EDGE('',*,*,#6801,.F.);
#5779=ORIENTED_EDGE('',*,*,#6808,.F.);
#5780=ORIENTED_EDGE('',*,*,#6810,.F.);
#5781=ORIENTED_EDGE('',*,*,#6811,.F.);
#5782=ORIENTED_EDGE('',*,*,#6785,.F.);
#5783=ORIENTED_EDGE('',*,*,#6792,.F.);
#5784=ORIENTED_EDGE('',*,*,#6794,.F.);
#5785=ORIENTED_EDGE('',*,*,#6795,.F.);
#5786=ORIENTED_EDGE('',*,*,#6769,.F.);
#5787=ORIENTED_EDGE('',*,*,#6776,.F.);
#5788=ORIENTED_EDGE('',*,*,#6778,.F.);
#5789=ORIENTED_EDGE('',*,*,#6779,.F.);
#5790=ORIENTED_EDGE('',*,*,#6753,.F.);
#5791=ORIENTED_EDGE('',*,*,#6760,.F.);
#5792=ORIENTED_EDGE('',*,*,#6762,.F.);
#5793=ORIENTED_EDGE('',*,*,#6763,.F.);
#5794=ORIENTED_EDGE('',*,*,#6737,.F.);
#5795=ORIENTED_EDGE('',*,*,#6744,.F.);
#5796=ORIENTED_EDGE('',*,*,#6746,.F.);
#5797=ORIENTED_EDGE('',*,*,#6747,.F.);
#5798=ORIENTED_EDGE('',*,*,#6721,.F.);
#5799=ORIENTED_EDGE('',*,*,#6728,.F.);
#5800=ORIENTED_EDGE('',*,*,#6730,.F.);
#5801=CARTESIAN_POINT('',(-16.61,0.0,0.0));
#5802=DIRECTION('',(-0.0,1.0,6.12323399573676E-17));
#5803=DIRECTION('',(1.0,0.0,0.0));
#5804=EDGE_CURVE('',#6924,#6925,#6926,.T.);
#5805=EDGE_CURVE('',#6924,#6927,#6928,.T.);
#5806=EDGE_CURVE('',#6927,#6929,#6930,.T.);
#5807=EDGE_CURVE('',#6931,#6929,#6932,.T.);
#5808=EDGE_CURVE('',#6933,#6931,#6934,.T.);
#5809=EDGE_CURVE('',#6925,#6933,#6935,.T.);
#5810=EDGE_CURVE('',#6936,#6937,#6938,.T.);
#5811=EDGE_CURVE('',#6936,#6939,#6940,.T.);
#5812=EDGE_CURVE('',#6939,#6941,#6942,.T.);
#5813=EDGE_CURVE('',#6943,#6941,#6944,.T.);
#5814=EDGE_CURVE('',#6945,#6943,#6946,.T.);
#5815=EDGE_CURVE('',#6937,#6945,#6947,.T.);
#5816=EDGE_CURVE('',#6948,#6939,#6949,.T.);
#5817=EDGE_CURVE('',#6948,#6950,#6951,.T.);
#5818=EDGE_CURVE('',#6950,#6952,#6953,.T.);
#5819=EDGE_CURVE('',#6954,#6952,#6955,.T.);
#5820=EDGE_CURVE('',#6941,#6954,#6956,.T.);
#5821=EDGE_CURVE('',#6957,#6950,#6958,.T.);
#5822=EDGE_CURVE('',#6957,#6959,#6960,.T.);
#5823=EDGE_CURVE('',#6961,#6959,#6962,.T.);
#5824=EDGE_CURVE('',#6952,#6961,#6963,.T.);
#5825=EDGE_CURVE('',#6964,#6965,#6966,.T.);
#5826=EDGE_CURVE('',#6964,#6967,#6968,.T.);
#5827=EDGE_CURVE('',#6969,#6967,#6970,.T.);
#5828=EDGE_CURVE('',#6965,#6969,#6971,.T.);
#5829=EDGE_CURVE('',#6972,#6964,#6973,.T.);
#5830=EDGE_CURVE('',#6972,#6974,#6975,.T.);
#5831=EDGE_CURVE('',#6967,#6974,#6976,.T.);
#5832=EDGE_CURVE('',#6977,#6978,#6979,.T.);
#5833=EDGE_CURVE('',#6977,#6980,#6981,.T.);
#5834=EDGE_CURVE('',#6980,#6982,#6983,.T.);
#5835=EDGE_CURVE('',#6984,#6982,#6985,.T.);
#5836=EDGE_CURVE('',#6978,#6984,#6986,.T.);
#5837=EDGE_CURVE('',#6933,#6987,#6988,.T.);
#5838=EDGE_CURVE('',#6931,#6989,#6990,.T.);
#5839=EDGE_CURVE('',#6980,#6989,#6991,.T.);
#5840=EDGE_CURVE('',#6987,#6977,#6992,.T.);
#5841=EDGE_CURVE('',#6993,#6994,#6995,.T.);
#5842=EDGE_CURVE('',#6996,#6993,#6997,.T.);
#5843=EDGE_CURVE('',#6998,#6996,#6999,.T.);
#5844=EDGE_CURVE('',#6994,#6998,#7000,.T.);
#5845=EDGE_CURVE('',#7001,#7002,#7003,.T.);
#5846=EDGE_CURVE('',#7001,#7004,#7005,.T.);
#5847=EDGE_CURVE('',#7004,#7006,#7007,.T.);
#5848=EDGE_CURVE('',#7008,#7006,#7009,.T.);
#5849=EDGE_CURVE('',#7010,#7008,#7011,.T.);
#5850=EDGE_CURVE('',#7002,#7010,#7012,.T.);
#5851=EDGE_CURVE('',#7013,#7014,#7015,.T.);
#5852=EDGE_CURVE('',#7013,#7016,#7017,.T.);
#5853=EDGE_CURVE('',#7016,#7018,#7019,.T.);
#5854=EDGE_CURVE('',#7020,#7018,#7021,.T.);
#5855=EDGE_CURVE('',#7022,#7020,#7023,.T.);
#5856=EDGE_CURVE('',#7014,#7022,#7024,.T.);
#5857=EDGE_CURVE('',#7025,#7016,#7026,.T.);
#5858=EDGE_CURVE('',#7025,#7027,#7028,.T.);
#5859=EDGE_CURVE('',#7027,#7029,#7030,.T.);
#5860=EDGE_CURVE('',#7031,#7029,#7032,.T.);
#5861=EDGE_CURVE('',#7018,#7031,#7033,.T.);
#5862=EDGE_CURVE('',#7034,#7027,#7035,.T.);
#5863=EDGE_CURVE('',#7034,#7036,#7037,.T.);
#5864=EDGE_CURVE('',#7038,#7036,#7039,.T.);
#5865=EDGE_CURVE('',#7029,#7038,#7040,.T.);
#5866=EDGE_CURVE('',#7041,#7042,#7043,.T.);
#5867=EDGE_CURVE('',#7041,#7044,#7045,.T.);
#5868=EDGE_CURVE('',#7046,#7044,#7047,.T.);
#5869=EDGE_CURVE('',#7042,#7046,#7048,.T.);
#5870=EDGE_CURVE('',#7049,#7041,#7050,.T.);
#5871=EDGE_CURVE('',#7049,#7051,#7052,.T.);
#5872=EDGE_CURVE('',#7044,#7051,#7053,.T.);
#5873=EDGE_CURVE('',#7054,#7055,#7056,.T.);
#5874=EDGE_CURVE('',#7054,#7057,#7058,.T.);
#5875=EDGE_CURVE('',#7057,#7059,#7060,.T.);
#5876=EDGE_CURVE('',#7061,#7059,#7062,.T.);
#5877=EDGE_CURVE('',#7055,#7061,#7063,.T.);
#5878=EDGE_CURVE('',#7010,#7064,#7065,.T.);
#5879=EDGE_CURVE('',#7008,#7066,#7067,.T.);
#5880=EDGE_CURVE('',#7057,#7066,#7068,.T.);
#5881=EDGE_CURVE('',#7064,#7054,#7069,.T.);
#5882=EDGE_CURVE('',#7070,#7071,#7072,.T.);
#5883=EDGE_CURVE('',#7073,#7070,#7074,.T.);
#5884=EDGE_CURVE('',#7075,#7073,#7076,.T.);
#5885=EDGE_CURVE('',#7071,#7075,#7077,.T.);
#5886=EDGE_CURVE('',#7078,#7079,#7080,.T.);
#5887=EDGE_CURVE('',#7078,#7081,#7082,.T.);
#5888=EDGE_CURVE('',#7081,#7083,#7084,.T.);
#5889=EDGE_CURVE('',#7085,#7083,#7086,.T.);
#5890=EDGE_CURVE('',#7087,#7085,#7088,.T.);
#5891=EDGE_CURVE('',#7079,#7087,#7089,.T.);
#5892=EDGE_CURVE('',#7090,#7091,#7092,.T.);
#5893=EDGE_CURVE('',#7090,#7093,#7094,.T.);
#5894=EDGE_CURVE('',#7093,#7095,#7096,.T.);
#5895=EDGE_CURVE('',#7097,#7095,#7098,.T.);
#5896=EDGE_CURVE('',#7099,#7097,#7100,.T.);
#5897=EDGE_CURVE('',#7091,#7099,#7101,.T.);
#5898=EDGE_CURVE('',#7102,#7093,#7103,.T.);
#5899=EDGE_CURVE('',#7102,#7104,#7105,.T.);
#5900=EDGE_CURVE('',#7104,#7106,#7107,.T.);
#5901=EDGE_CURVE('',#7108,#7106,#7109,.T.);
#5902=EDGE_CURVE('',#7095,#7108,#7110,.T.);
#5903=EDGE_CURVE('',#7111,#7104,#7112,.T.);
#5904=EDGE_CURVE('',#7111,#7113,#7114,.T.);
#5905=EDGE_CURVE('',#7115,#7113,#7116,.T.);
#5906=EDGE_CURVE('',#7106,#7115,#7117,.T.);
#5907=EDGE_CURVE('',#7118,#7119,#7120,.T.);
#5908=EDGE_CURVE('',#7118,#7121,#7122,.T.);
#5909=EDGE_CURVE('',#7123,#7121,#7124,.T.);
#5910=EDGE_CURVE('',#7119,#7123,#7125,.T.);
#5911=EDGE_CURVE('',#7126,#7118,#7127,.T.);
#5912=EDGE_CURVE('',#7126,#7128,#7129,.T.);
#5913=EDGE_CURVE('',#7121,#7128,#7130,.T.);
#5914=EDGE_CURVE('',#7131,#7132,#7133,.T.);
#5915=EDGE_CURVE('',#7131,#7134,#7135,.T.);
#5916=EDGE_CURVE('',#7134,#7136,#7137,.T.);
#5917=EDGE_CURVE('',#7138,#7136,#7139,.T.);
#5918=EDGE_CURVE('',#7132,#7138,#7140,.T.);
#5919=EDGE_CURVE('',#7087,#7141,#7142,.T.);
#5920=EDGE_CURVE('',#7085,#7143,#7144,.T.);
#5921=EDGE_CURVE('',#7134,#7143,#7145,.T.);
#5922=EDGE_CURVE('',#7141,#7131,#7146,.T.);
#5923=EDGE_CURVE('',#7147,#7148,#7149,.T.);
#5924=EDGE_CURVE('',#7150,#7147,#7151,.T.);
#5925=EDGE_CURVE('',#7152,#7150,#7153,.T.);
#5926=EDGE_CURVE('',#7148,#7152,#7154,.T.);
#5927=EDGE_CURVE('',#7155,#7156,#7157,.T.);
#5928=EDGE_CURVE('',#7155,#7158,#7159,.T.);
#5929=EDGE_CURVE('',#7158,#7160,#7161,.T.);
#5930=EDGE_CURVE('',#7162,#7160,#7163,.T.);
#5931=EDGE_CURVE('',#7164,#7162,#7165,.T.);
#5932=EDGE_CURVE('',#7156,#7164,#7166,.T.);
#5933=EDGE_CURVE('',#7167,#7168,#7169,.T.);
#5934=EDGE_CURVE('',#7167,#7170,#7171,.T.);
#5935=EDGE_CURVE('',#7170,#7172,#7173,.T.);
#5936=EDGE_CURVE('',#7174,#7172,#7175,.T.);
#5937=EDGE_CURVE('',#7176,#7174,#7177,.T.);
#5938=EDGE_CURVE('',#7168,#7176,#7178,.T.);
#5939=EDGE_CURVE('',#7179,#7170,#7180,.T.);
#5940=EDGE_CURVE('',#7179,#7181,#7182,.T.);
#5941=EDGE_CURVE('',#7181,#7183,#7184,.T.);
#5942=EDGE_CURVE('',#7185,#7183,#7186,.T.);
#5943=EDGE_CURVE('',#7172,#7185,#7187,.T.);
#5944=EDGE_CURVE('',#7188,#7181,#7189,.T.);
#5945=EDGE_CURVE('',#7188,#7190,#7191,.T.);
#5946=EDGE_CURVE('',#7192,#7190,#7193,.T.);
#5947=EDGE_CURVE('',#7183,#7192,#7194,.T.);
#5948=EDGE_CURVE('',#7195,#7196,#7197,.T.);
#5949=EDGE_CURVE('',#7195,#7198,#7199,.T.);
#5950=EDGE_CURVE('',#7200,#7198,#7201,.T.);
#5951=EDGE_CURVE('',#7196,#7200,#7202,.T.);
#5952=EDGE_CURVE('',#7203,#7195,#7204,.T.);
#5953=EDGE_CURVE('',#7203,#7205,#7206,.T.);
#5954=EDGE_CURVE('',#7198,#7205,#7207,.T.);
#5955=EDGE_CURVE('',#7208,#7209,#7210,.T.);
#5956=EDGE_CURVE('',#7208,#7211,#7212,.T.);
#5957=EDGE_CURVE('',#7211,#7213,#7214,.T.);
#5958=EDGE_CURVE('',#7215,#7213,#7216,.T.);
#5959=EDGE_CURVE('',#7209,#7215,#7217,.T.);
#5960=EDGE_CURVE('',#7164,#7218,#7219,.T.);
#5961=EDGE_CURVE('',#7162,#7220,#7221,.T.);
#5962=EDGE_CURVE('',#7211,#7220,#7222,.T.);
#5963=EDGE_CURVE('',#7218,#7208,#7223,.T.);
#5964=EDGE_CURVE('',#7224,#7225,#7226,.T.);
#5965=EDGE_CURVE('',#7227,#7224,#7228,.T.);
#5966=EDGE_CURVE('',#7229,#7227,#7230,.T.);
#5967=EDGE_CURVE('',#7225,#7229,#7231,.T.);
#5968=EDGE_CURVE('',#7232,#7233,#7234,.T.);
#5969=EDGE_CURVE('',#7232,#7235,#7236,.T.);
#5970=EDGE_CURVE('',#7235,#7237,#7238,.T.);
#5971=EDGE_CURVE('',#7239,#7237,#7240,.T.);
#5972=EDGE_CURVE('',#7241,#7239,#7242,.T.);
#5973=EDGE_CURVE('',#7233,#7241,#7243,.T.);
#5974=EDGE_CURVE('',#7244,#7245,#7246,.T.);
#5975=EDGE_CURVE('',#7244,#7247,#7248,.T.);
#5976=EDGE_CURVE('',#7247,#7249,#7250,.T.);
#5977=EDGE_CURVE('',#7251,#7249,#7252,.T.);
#5978=EDGE_CURVE('',#7253,#7251,#7254,.T.);
#5979=EDGE_CURVE('',#7245,#7253,#7255,.T.);
#5980=EDGE_CURVE('',#7256,#7247,#7257,.T.);
#5981=EDGE_CURVE('',#7256,#7258,#7259,.T.);
#5982=EDGE_CURVE('',#7258,#7260,#7261,.T.);
#5983=EDGE_CURVE('',#7262,#7260,#7263,.T.);
#5984=EDGE_CURVE('',#7249,#7262,#7264,.T.);
#5985=EDGE_CURVE('',#7265,#7258,#7266,.T.);
#5986=EDGE_CURVE('',#7265,#7267,#7268,.T.);
#5987=EDGE_CURVE('',#7269,#7267,#7270,.T.);
#5988=EDGE_CURVE('',#7260,#7269,#7271,.T.);
#5989=EDGE_CURVE('',#7272,#7273,#7274,.T.);
#5990=EDGE_CURVE('',#7272,#7275,#7276,.T.);
#5991=EDGE_CURVE('',#7277,#7275,#7278,.T.);
#5992=EDGE_CURVE('',#7273,#7277,#7279,.T.);
#5993=EDGE_CURVE('',#7280,#7272,#7281,.T.);
#5994=EDGE_CURVE('',#7280,#7282,#7283,.T.);
#5995=EDGE_CURVE('',#7275,#7282,#7284,.T.);
#5996=EDGE_CURVE('',#7285,#7286,#7287,.T.);
#5997=EDGE_CURVE('',#7285,#7288,#7289,.T.);
#5998=EDGE_CURVE('',#7288,#7290,#7291,.T.);
#5999=EDGE_CURVE('',#7292,#7290,#7293,.T.);
#6000=EDGE_CURVE('',#7286,#7292,#7294,.T.);
#6001=EDGE_CURVE('',#7241,#7295,#7296,.T.);
#6002=EDGE_CURVE('',#7239,#7297,#7298,.T.);
#6003=EDGE_CURVE('',#7288,#7297,#7299,.T.);
#6004=EDGE_CURVE('',#7295,#7285,#7300,.T.);
#6005=EDGE_CURVE('',#7301,#7302,#7303,.T.);
#6006=EDGE_CURVE('',#7304,#7301,#7305,.T.);
#6007=EDGE_CURVE('',#7306,#7304,#7307,.T.);
#6008=EDGE_CURVE('',#7302,#7306,#7308,.T.);
#6009=EDGE_CURVE('',#7309,#7310,#7311,.T.);
#6010=EDGE_CURVE('',#7309,#7312,#7313,.T.);
#6011=EDGE_CURVE('',#7312,#7314,#7315,.T.);
#6012=EDGE_CURVE('',#7316,#7314,#7317,.T.);
#6013=EDGE_CURVE('',#7318,#7316,#7319,.T.);
#6014=EDGE_CURVE('',#7310,#7318,#7320,.T.);
#6015=EDGE_CURVE('',#7321,#7322,#7323,.T.);
#6016=EDGE_CURVE('',#7321,#7324,#7325,.T.);
#6017=EDGE_CURVE('',#7324,#7326,#7327,.T.);
#6018=EDGE_CURVE('',#7328,#7326,#7329,.T.);
#6019=EDGE_CURVE('',#7330,#7328,#7331,.T.);
#6020=EDGE_CURVE('',#7322,#7330,#7332,.T.);
#6021=EDGE_CURVE('',#7333,#7324,#7334,.T.);
#6022=EDGE_CURVE('',#7333,#7335,#7336,.T.);
#6023=EDGE_CURVE('',#7335,#7337,#7338,.T.);
#6024=EDGE_CURVE('',#7339,#7337,#7340,.T.);
#6025=EDGE_CURVE('',#7326,#7339,#7341,.T.);
#6026=EDGE_CURVE('',#7342,#7335,#7343,.T.);
#6027=EDGE_CURVE('',#7342,#7344,#7345,.T.);
#6028=EDGE_CURVE('',#7346,#7344,#7347,.T.);
#6029=EDGE_CURVE('',#7337,#7346,#7348,.T.);
#6030=EDGE_CURVE('',#7349,#7350,#7351,.T.);
#6031=EDGE_CURVE('',#7349,#7352,#7353,.T.);
#6032=EDGE_CURVE('',#7354,#7352,#7355,.T.);
#6033=EDGE_CURVE('',#7350,#7354,#7356,.T.);
#6034=EDGE_CURVE('',#7357,#7349,#7358,.T.);
#6035=EDGE_CURVE('',#7357,#7359,#7360,.T.);
#6036=EDGE_CURVE('',#7352,#7359,#7361,.T.);
#6037=EDGE_CURVE('',#7362,#7363,#7364,.T.);
#6038=EDGE_CURVE('',#7362,#7365,#7366,.T.);
#6039=EDGE_CURVE('',#7365,#7367,#7368,.T.);
#6040=EDGE_CURVE('',#7369,#7367,#7370,.T.);
#6041=EDGE_CURVE('',#7363,#7369,#7371,.T.);
#6042=EDGE_CURVE('',#7318,#7372,#7373,.T.);
#6043=EDGE_CURVE('',#7316,#7374,#7375,.T.);
#6044=EDGE_CURVE('',#7365,#7374,#7376,.T.);
#6045=EDGE_CURVE('',#7372,#7362,#7377,.T.);
#6046=EDGE_CURVE('',#7378,#7379,#7380,.T.);
#6047=EDGE_CURVE('',#7381,#7378,#7382,.T.);
#6048=EDGE_CURVE('',#7383,#7381,#7384,.T.);
#6049=EDGE_CURVE('',#7379,#7383,#7385,.T.);
#6050=EDGE_CURVE('',#7386,#7387,#7388,.T.);
#6051=EDGE_CURVE('',#7386,#7389,#7390,.T.);
#6052=EDGE_CURVE('',#7389,#7391,#7392,.T.);
#6053=EDGE_CURVE('',#7393,#7391,#7394,.T.);
#6054=EDGE_CURVE('',#7395,#7393,#7396,.T.);
#6055=EDGE_CURVE('',#7387,#7395,#7397,.T.);
#6056=EDGE_CURVE('',#7398,#7399,#7400,.T.);
#6057=EDGE_CURVE('',#7398,#7401,#7402,.T.);
#6058=EDGE_CURVE('',#7401,#7403,#7404,.T.);
#6059=EDGE_CURVE('',#7405,#7403,#7406,.T.);
#6060=EDGE_CURVE('',#7407,#7405,#7408,.T.);
#6061=EDGE_CURVE('',#7399,#7407,#7409,.T.);
#6062=EDGE_CURVE('',#7410,#7401,#7411,.T.);
#6063=EDGE_CURVE('',#7410,#7412,#7413,.T.);
#6064=EDGE_CURVE('',#7412,#7414,#7415,.T.);
#6065=EDGE_CURVE('',#7416,#7414,#7417,.T.);
#6066=EDGE_CURVE('',#7403,#7416,#7418,.T.);
#6067=EDGE_CURVE('',#7419,#7412,#7420,.T.);
#6068=EDGE_CURVE('',#7419,#7421,#7422,.T.);
#6069=EDGE_CURVE('',#7423,#7421,#7424,.T.);
#6070=EDGE_CURVE('',#7414,#7423,#7425,.T.);
#6071=EDGE_CURVE('',#7426,#7427,#7428,.T.);
#6072=EDGE_CURVE('',#7426,#7429,#7430,.T.);
#6073=EDGE_CURVE('',#7431,#7429,#7432,.T.);
#6074=EDGE_CURVE('',#7427,#7431,#7433,.T.);
#6075=EDGE_CURVE('',#7434,#7426,#7435,.T.);
#6076=EDGE_CURVE('',#7434,#7436,#7437,.T.);
#6077=EDGE_CURVE('',#7429,#7436,#7438,.T.);
#6078=EDGE_CURVE('',#7439,#7440,#7441,.T.);
#6079=EDGE_CURVE('',#7439,#7442,#7443,.T.);
#6080=EDGE_CURVE('',#7442,#7444,#7445,.T.);
#6081=EDGE_CURVE('',#7446,#7444,#7447,.T.);
#6082=EDGE_CURVE('',#7440,#7446,#7448,.T.);
#6083=EDGE_CURVE('',#7395,#7449,#7450,.T.);
#6084=EDGE_CURVE('',#7393,#7451,#7452,.T.);
#6085=EDGE_CURVE('',#7442,#7451,#7453,.T.);
#6086=EDGE_CURVE('',#7449,#7439,#7454,.T.);
#6087=EDGE_CURVE('',#7455,#7456,#7457,.T.);
#6088=EDGE_CURVE('',#7458,#7455,#7459,.T.);
#6089=EDGE_CURVE('',#7460,#7458,#7461,.T.);
#6090=EDGE_CURVE('',#7456,#7460,#7462,.T.);
#6091=EDGE_CURVE('',#7463,#7464,#7465,.T.);
#6092=EDGE_CURVE('',#7463,#7466,#7467,.T.);
#6093=EDGE_CURVE('',#7466,#7468,#7469,.T.);
#6094=EDGE_CURVE('',#7470,#7468,#7471,.T.);
#6095=EDGE_CURVE('',#7472,#7470,#7473,.T.);
#6096=EDGE_CURVE('',#7464,#7472,#7474,.T.);
#6097=EDGE_CURVE('',#7475,#7476,#7477,.T.);
#6098=EDGE_CURVE('',#7475,#7478,#7479,.T.);
#6099=EDGE_CURVE('',#7478,#7480,#7481,.T.);
#6100=EDGE_CURVE('',#7482,#7480,#7483,.T.);
#6101=EDGE_CURVE('',#7484,#7482,#7485,.T.);
#6102=EDGE_CURVE('',#7476,#7484,#7486,.T.);
#6103=EDGE_CURVE('',#7487,#7478,#7488,.T.);
#6104=EDGE_CURVE('',#7487,#7489,#7490,.T.);
#6105=EDGE_CURVE('',#7489,#7491,#7492,.T.);
#6106=EDGE_CURVE('',#7493,#7491,#7494,.T.);
#6107=EDGE_CURVE('',#7480,#7493,#7495,.T.);
#6108=EDGE_CURVE('',#7496,#7489,#7497,.T.);
#6109=EDGE_CURVE('',#7496,#7498,#7499,.T.);
#6110=EDGE_CURVE('',#7500,#7498,#7501,.T.);
#6111=EDGE_CURVE('',#7491,#7500,#7502,.T.);
#6112=EDGE_CURVE('',#7503,#7504,#7505,.T.);
#6113=EDGE_CURVE('',#7503,#7506,#7507,.T.);
#6114=EDGE_CURVE('',#7508,#7506,#7509,.T.);
#6115=EDGE_CURVE('',#7504,#7508,#7510,.T.);
#6116=EDGE_CURVE('',#7511,#7503,#7512,.T.);
#6117=EDGE_CURVE('',#7511,#7513,#7514,.T.);
#6118=EDGE_CURVE('',#7506,#7513,#7515,.T.);
#6119=EDGE_CURVE('',#7516,#7517,#7518,.T.);
#6120=EDGE_CURVE('',#7516,#7519,#7520,.T.);
#6121=EDGE_CURVE('',#7519,#7521,#7522,.T.);
#6122=EDGE_CURVE('',#7523,#7521,#7524,.T.);
#6123=EDGE_CURVE('',#7517,#7523,#7525,.T.);
#6124=EDGE_CURVE('',#7472,#7526,#7527,.T.);
#6125=EDGE_CURVE('',#7470,#7528,#7529,.T.);
#6126=EDGE_CURVE('',#7519,#7528,#7530,.T.);
#6127=EDGE_CURVE('',#7526,#7516,#7531,.T.);
#6128=EDGE_CURVE('',#7532,#7533,#7534,.T.);
#6129=EDGE_CURVE('',#7535,#7532,#7536,.T.);
#6130=EDGE_CURVE('',#7537,#7535,#7538,.T.);
#6131=EDGE_CURVE('',#7533,#7537,#7539,.T.);
#6132=EDGE_CURVE('',#7540,#7541,#7542,.T.);
#6133=EDGE_CURVE('',#7540,#7543,#7544,.T.);
#6134=EDGE_CURVE('',#7543,#7545,#7546,.T.);
#6135=EDGE_CURVE('',#7547,#7545,#7548,.T.);
#6136=EDGE_CURVE('',#7549,#7547,#7550,.T.);
#6137=EDGE_CURVE('',#7541,#7549,#7551,.T.);
#6138=EDGE_CURVE('',#7552,#7553,#7554,.T.);
#6139=EDGE_CURVE('',#7552,#7555,#7556,.T.);
#6140=EDGE_CURVE('',#7555,#7557,#7558,.T.);
#6141=EDGE_CURVE('',#7559,#7557,#7560,.T.);
#6142=EDGE_CURVE('',#7561,#7559,#7562,.T.);
#6143=EDGE_CURVE('',#7553,#7561,#7563,.T.);
#6144=EDGE_CURVE('',#7564,#7555,#7565,.T.);
#6145=EDGE_CURVE('',#7564,#7566,#7567,.T.);
#6146=EDGE_CURVE('',#7566,#7568,#7569,.T.);
#6147=EDGE_CURVE('',#7570,#7568,#7571,.T.);
#6148=EDGE_CURVE('',#7557,#7570,#7572,.T.);
#6149=EDGE_CURVE('',#7573,#7566,#7574,.T.);
#6150=EDGE_CURVE('',#7573,#7575,#7576,.T.);
#6151=EDGE_CURVE('',#7577,#7575,#7578,.T.);
#6152=EDGE_CURVE('',#7568,#7577,#7579,.T.);
#6153=EDGE_CURVE('',#7580,#7581,#7582,.T.);
#6154=EDGE_CURVE('',#7580,#7583,#7584,.T.);
#6155=EDGE_CURVE('',#7585,#7583,#7586,.T.);
#6156=EDGE_CURVE('',#7581,#7585,#7587,.T.);
#6157=EDGE_CURVE('',#7588,#7580,#7589,.T.);
#6158=EDGE_CURVE('',#7588,#7590,#7591,.T.);
#6159=EDGE_CURVE('',#7583,#7590,#7592,.T.);
#6160=EDGE_CURVE('',#7593,#7594,#7595,.T.);
#6161=EDGE_CURVE('',#7593,#7596,#7597,.T.);
#6162=EDGE_CURVE('',#7596,#7598,#7599,.T.);
#6163=EDGE_CURVE('',#7600,#7598,#7601,.T.);
#6164=EDGE_CURVE('',#7594,#7600,#7602,.T.);
#6165=EDGE_CURVE('',#7549,#7603,#7604,.T.);
#6166=EDGE_CURVE('',#7547,#7605,#7606,.T.);
#6167=EDGE_CURVE('',#7596,#7605,#7607,.T.);
#6168=EDGE_CURVE('',#7603,#7593,#7608,.T.);
#6169=EDGE_CURVE('',#7609,#7610,#7611,.T.);
#6170=EDGE_CURVE('',#7612,#7609,#7613,.T.);
#6171=EDGE_CURVE('',#7614,#7612,#7615,.T.);
#6172=EDGE_CURVE('',#7610,#7614,#7616,.T.);
#6173=EDGE_CURVE('',#7617,#7618,#7619,.T.);
#6174=EDGE_CURVE('',#7617,#7620,#7621,.T.);
#6175=EDGE_CURVE('',#7620,#7622,#7623,.T.);
#6176=EDGE_CURVE('',#7624,#7622,#7625,.T.);
#6177=EDGE_CURVE('',#7626,#7624,#7627,.T.);
#6178=EDGE_CURVE('',#7618,#7626,#7628,.T.);
#6179=EDGE_CURVE('',#7629,#7630,#7631,.T.);
#6180=EDGE_CURVE('',#7629,#7632,#7633,.T.);
#6181=EDGE_CURVE('',#7632,#7634,#7635,.T.);
#6182=EDGE_CURVE('',#7636,#7634,#7637,.T.);
#6183=EDGE_CURVE('',#7638,#7636,#7639,.T.);
#6184=EDGE_CURVE('',#7630,#7638,#7640,.T.);
#6185=EDGE_CURVE('',#7641,#7632,#7642,.T.);
#6186=EDGE_CURVE('',#7641,#7643,#7644,.T.);
#6187=EDGE_CURVE('',#7643,#7645,#7646,.T.);
#6188=EDGE_CURVE('',#7647,#7645,#7648,.T.);
#6189=EDGE_CURVE('',#7634,#7647,#7649,.T.);
#6190=EDGE_CURVE('',#7650,#7643,#7651,.T.);
#6191=EDGE_CURVE('',#7650,#7652,#7653,.T.);
#6192=EDGE_CURVE('',#7654,#7652,#7655,.T.);
#6193=EDGE_CURVE('',#7645,#7654,#7656,.T.);
#6194=EDGE_CURVE('',#7657,#7658,#7659,.T.);
#6195=EDGE_CURVE('',#7657,#7660,#7661,.T.);
#6196=EDGE_CURVE('',#7662,#7660,#7663,.T.);
#6197=EDGE_CURVE('',#7658,#7662,#7664,.T.);
#6198=EDGE_CURVE('',#7665,#7657,#7666,.T.);
#6199=EDGE_CURVE('',#7665,#7667,#7668,.T.);
#6200=EDGE_CURVE('',#7660,#7667,#7669,.T.);
#6201=EDGE_CURVE('',#7670,#7671,#7672,.T.);
#6202=EDGE_CURVE('',#7670,#7673,#7674,.T.);
#6203=EDGE_CURVE('',#7673,#7675,#7676,.T.);
#6204=EDGE_CURVE('',#7677,#7675,#7678,.T.);
#6205=EDGE_CURVE('',#7671,#7677,#7679,.T.);
#6206=EDGE_CURVE('',#7626,#7680,#7681,.T.);
#6207=EDGE_CURVE('',#7624,#7682,#7683,.T.);
#6208=EDGE_CURVE('',#7673,#7682,#7684,.T.);
#6209=EDGE_CURVE('',#7680,#7670,#7685,.T.);
#6210=EDGE_CURVE('',#7686,#7687,#7688,.T.);
#6211=EDGE_CURVE('',#7689,#7686,#7690,.T.);
#6212=EDGE_CURVE('',#7691,#7689,#7692,.T.);
#6213=EDGE_CURVE('',#7687,#7691,#7693,.T.);
#6214=EDGE_CURVE('',#7694,#7695,#7696,.T.);
#6215=EDGE_CURVE('',#7694,#7697,#7698,.T.);
#6216=EDGE_CURVE('',#7697,#7699,#7700,.T.);
#6217=EDGE_CURVE('',#7701,#7699,#7702,.T.);
#6218=EDGE_CURVE('',#7703,#7701,#7704,.T.);
#6219=EDGE_CURVE('',#7695,#7703,#7705,.T.);
#6220=EDGE_CURVE('',#7706,#7707,#7708,.T.);
#6221=EDGE_CURVE('',#7706,#7709,#7710,.T.);
#6222=EDGE_CURVE('',#7709,#7711,#7712,.T.);
#6223=EDGE_CURVE('',#7713,#7711,#7714,.T.);
#6224=EDGE_CURVE('',#7715,#7713,#7716,.T.);
#6225=EDGE_CURVE('',#7707,#7715,#7717,.T.);
#6226=EDGE_CURVE('',#7718,#7709,#7719,.T.);
#6227=EDGE_CURVE('',#7718,#7720,#7721,.T.);
#6228=EDGE_CURVE('',#7720,#7722,#7723,.T.);
#6229=EDGE_CURVE('',#7724,#7722,#7725,.T.);
#6230=EDGE_CURVE('',#7711,#7724,#7726,.T.);
#6231=EDGE_CURVE('',#7727,#7720,#7728,.T.);
#6232=EDGE_CURVE('',#7727,#7729,#7730,.T.);
#6233=EDGE_CURVE('',#7731,#7729,#7732,.T.);
#6234=EDGE_CURVE('',#7722,#7731,#7733,.T.);
#6235=EDGE_CURVE('',#7734,#7735,#7736,.T.);
#6236=EDGE_CURVE('',#7734,#7737,#7738,.T.);
#6237=EDGE_CURVE('',#7739,#7737,#7740,.T.);
#6238=EDGE_CURVE('',#7735,#7739,#7741,.T.);
#6239=EDGE_CURVE('',#7742,#7734,#7743,.T.);
#6240=EDGE_CURVE('',#7742,#7744,#7745,.T.);
#6241=EDGE_CURVE('',#7737,#7744,#7746,.T.);
#6242=EDGE_CURVE('',#7747,#7748,#7749,.T.);
#6243=EDGE_CURVE('',#7747,#7750,#7751,.T.);
#6244=EDGE_CURVE('',#7750,#7752,#7753,.T.);
#6245=EDGE_CURVE('',#7754,#7752,#7755,.T.);
#6246=EDGE_CURVE('',#7748,#7754,#7756,.T.);
#6247=EDGE_CURVE('',#7703,#7757,#7758,.T.);
#6248=EDGE_CURVE('',#7701,#7759,#7760,.T.);
#6249=EDGE_CURVE('',#7750,#7759,#7761,.T.);
#6250=EDGE_CURVE('',#7757,#7747,#7762,.T.);
#6251=EDGE_CURVE('',#7763,#7764,#7765,.T.);
#6252=EDGE_CURVE('',#7766,#7763,#7767,.T.);
#6253=EDGE_CURVE('',#7768,#7766,#7769,.T.);
#6254=EDGE_CURVE('',#7764,#7768,#7770,.T.);
#6255=EDGE_CURVE('',#7771,#7772,#7773,.T.);
#6256=EDGE_CURVE('',#7771,#7774,#7775,.T.);
#6257=EDGE_CURVE('',#7774,#7776,#7777,.T.);
#6258=EDGE_CURVE('',#7778,#7776,#7779,.T.);
#6259=EDGE_CURVE('',#7780,#7778,#7781,.T.);
#6260=EDGE_CURVE('',#7772,#7780,#7782,.T.);
#6261=EDGE_CURVE('',#7783,#7784,#7785,.T.);
#6262=EDGE_CURVE('',#7783,#7786,#7787,.T.);
#6263=EDGE_CURVE('',#7786,#7788,#7789,.T.);
#6264=EDGE_CURVE('',#7790,#7788,#7791,.T.);
#6265=EDGE_CURVE('',#7792,#7790,#7793,.T.);
#6266=EDGE_CURVE('',#7784,#7792,#7794,.T.);
#6267=EDGE_CURVE('',#7795,#7786,#7796,.T.);
#6268=EDGE_CURVE('',#7795,#7797,#7798,.T.);
#6269=EDGE_CURVE('',#7797,#7799,#7800,.T.);
#6270=EDGE_CURVE('',#7801,#7799,#7802,.T.);
#6271=EDGE_CURVE('',#7788,#7801,#7803,.T.);
#6272=EDGE_CURVE('',#7804,#7797,#7805,.T.);
#6273=EDGE_CURVE('',#7804,#7806,#7807,.T.);
#6274=EDGE_CURVE('',#7808,#7806,#7809,.T.);
#6275=EDGE_CURVE('',#7799,#7808,#7810,.T.);
#6276=EDGE_CURVE('',#7811,#7812,#7813,.T.);
#6277=EDGE_CURVE('',#7811,#7814,#7815,.T.);
#6278=EDGE_CURVE('',#7816,#7814,#7817,.T.);
#6279=EDGE_CURVE('',#7812,#7816,#7818,.T.);
#6280=EDGE_CURVE('',#7819,#7811,#7820,.T.);
#6281=EDGE_CURVE('',#7819,#7821,#7822,.T.);
#6282=EDGE_CURVE('',#7814,#7821,#7823,.T.);
#6283=EDGE_CURVE('',#7824,#7825,#7826,.T.);
#6284=EDGE_CURVE('',#7824,#7827,#7828,.T.);
#6285=EDGE_CURVE('',#7827,#7829,#7830,.T.);
#6286=EDGE_CURVE('',#7831,#7829,#7832,.T.);
#6287=EDGE_CURVE('',#7825,#7831,#7833,.T.);
#6288=EDGE_CURVE('',#7780,#7834,#7835,.T.);
#6289=EDGE_CURVE('',#7778,#7836,#7837,.T.);
#6290=EDGE_CURVE('',#7827,#7836,#7838,.T.);
#6291=EDGE_CURVE('',#7834,#7824,#7839,.T.);
#6292=EDGE_CURVE('',#7840,#7841,#7842,.T.);
#6293=EDGE_CURVE('',#7843,#7840,#7844,.T.);
#6294=EDGE_CURVE('',#7845,#7843,#7846,.T.);
#6295=EDGE_CURVE('',#7841,#7845,#7847,.T.);
#6296=EDGE_CURVE('',#7848,#7849,#7850,.T.);
#6297=EDGE_CURVE('',#7848,#7851,#7852,.T.);
#6298=EDGE_CURVE('',#7851,#7853,#7854,.T.);
#6299=EDGE_CURVE('',#7855,#7853,#7856,.T.);
#6300=EDGE_CURVE('',#7857,#7855,#7858,.T.);
#6301=EDGE_CURVE('',#7849,#7857,#7859,.T.);
#6302=EDGE_CURVE('',#7860,#7861,#7862,.T.);
#6303=EDGE_CURVE('',#7860,#7863,#7864,.T.);
#6304=EDGE_CURVE('',#7863,#7865,#7866,.T.);
#6305=EDGE_CURVE('',#7867,#7865,#7868,.T.);
#6306=EDGE_CURVE('',#7869,#7867,#7870,.T.);
#6307=EDGE_CURVE('',#7861,#7869,#7871,.T.);
#6308=EDGE_CURVE('',#7872,#7863,#7873,.T.);
#6309=EDGE_CURVE('',#7872,#7874,#7875,.T.);
#6310=EDGE_CURVE('',#7874,#7876,#7877,.T.);
#6311=EDGE_CURVE('',#7878,#7876,#7879,.T.);
#6312=EDGE_CURVE('',#7865,#7878,#7880,.T.);
#6313=EDGE_CURVE('',#7881,#7874,#7882,.T.);
#6314=EDGE_CURVE('',#7881,#7883,#7884,.T.);
#6315=EDGE_CURVE('',#7885,#7883,#7886,.T.);
#6316=EDGE_CURVE('',#7876,#7885,#7887,.T.);
#6317=EDGE_CURVE('',#7888,#7889,#7890,.T.);
#6318=EDGE_CURVE('',#7888,#7891,#7892,.T.);
#6319=EDGE_CURVE('',#7893,#7891,#7894,.T.);
#6320=EDGE_CURVE('',#7889,#7893,#7895,.T.);
#6321=EDGE_CURVE('',#7896,#7888,#7897,.T.);
#6322=EDGE_CURVE('',#7896,#7898,#7899,.T.);
#6323=EDGE_CURVE('',#7891,#7898,#7900,.T.);
#6324=EDGE_CURVE('',#7901,#7902,#7903,.T.);
#6325=EDGE_CURVE('',#7901,#7904,#7905,.T.);
#6326=EDGE_CURVE('',#7904,#7906,#7907,.T.);
#6327=EDGE_CURVE('',#7908,#7906,#7909,.T.);
#6328=EDGE_CURVE('',#7902,#7908,#7910,.T.);
#6329=EDGE_CURVE('',#7857,#7911,#7912,.T.);
#6330=EDGE_CURVE('',#7855,#7913,#7914,.T.);
#6331=EDGE_CURVE('',#7904,#7913,#7915,.T.);
#6332=EDGE_CURVE('',#7911,#7901,#7916,.T.);
#6333=EDGE_CURVE('',#7917,#7918,#7919,.T.);
#6334=EDGE_CURVE('',#7920,#7917,#7921,.T.);
#6335=EDGE_CURVE('',#7922,#7920,#7923,.T.);
#6336=EDGE_CURVE('',#7918,#7922,#7924,.T.);
#6337=EDGE_CURVE('',#7925,#7926,#7927,.T.);
#6338=EDGE_CURVE('',#7925,#7928,#7929,.T.);
#6339=EDGE_CURVE('',#7928,#7930,#7931,.T.);
#6340=EDGE_CURVE('',#7932,#7930,#7933,.T.);
#6341=EDGE_CURVE('',#7934,#7932,#7935,.T.);
#6342=EDGE_CURVE('',#7926,#7934,#7936,.T.);
#6343=EDGE_CURVE('',#7937,#7938,#7939,.T.);
#6344=EDGE_CURVE('',#7937,#7940,#7941,.T.);
#6345=EDGE_CURVE('',#7940,#7942,#7943,.T.);
#6346=EDGE_CURVE('',#7944,#7942,#7945,.T.);
#6347=EDGE_CURVE('',#7946,#7944,#7947,.T.);
#6348=EDGE_CURVE('',#7938,#7946,#7948,.T.);
#6349=EDGE_CURVE('',#7949,#7940,#7950,.T.);
#6350=EDGE_CURVE('',#7949,#7951,#7952,.T.);
#6351=EDGE_CURVE('',#7951,#7953,#7954,.T.);
#6352=EDGE_CURVE('',#7955,#7953,#7956,.T.);
#6353=EDGE_CURVE('',#7942,#7955,#7957,.T.);
#6354=EDGE_CURVE('',#7958,#7951,#7959,.T.);
#6355=EDGE_CURVE('',#7958,#7960,#7961,.T.);
#6356=EDGE_CURVE('',#7962,#7960,#7963,.T.);
#6357=EDGE_CURVE('',#7953,#7962,#7964,.T.);
#6358=EDGE_CURVE('',#7965,#7966,#7967,.T.);
#6359=EDGE_CURVE('',#7965,#7968,#7969,.T.);
#6360=EDGE_CURVE('',#7970,#7968,#7971,.T.);
#6361=EDGE_CURVE('',#7966,#7970,#7972,.T.);
#6362=EDGE_CURVE('',#7973,#7965,#7974,.T.);
#6363=EDGE_CURVE('',#7973,#7975,#7976,.T.);
#6364=EDGE_CURVE('',#7968,#7975,#7977,.T.);
#6365=EDGE_CURVE('',#7978,#7979,#7980,.T.);
#6366=EDGE_CURVE('',#7978,#7981,#7982,.T.);
#6367=EDGE_CURVE('',#7981,#7983,#7984,.T.);
#6368=EDGE_CURVE('',#7985,#7983,#7986,.T.);
#6369=EDGE_CURVE('',#7979,#7985,#7987,.T.);
#6370=EDGE_CURVE('',#7934,#7988,#7989,.T.);
#6371=EDGE_CURVE('',#7932,#7990,#7991,.T.);
#6372=EDGE_CURVE('',#7981,#7990,#7992,.T.);
#6373=EDGE_CURVE('',#7988,#7978,#7993,.T.);
#6374=EDGE_CURVE('',#7994,#7995,#7996,.T.);
#6375=EDGE_CURVE('',#7997,#7994,#7998,.T.);
#6376=EDGE_CURVE('',#7999,#7997,#8000,.T.);
#6377=EDGE_CURVE('',#7995,#7999,#8001,.T.);
#6378=EDGE_CURVE('',#7999,#7995,#8002,.T.);
#6379=EDGE_CURVE('',#7994,#7997,#8003,.T.);
#6380=EDGE_CURVE('',#7983,#7988,#8004,.T.);
#6381=EDGE_CURVE('',#7990,#7926,#8005,.T.);
#6382=EDGE_CURVE('',#8006,#7979,#8007,.T.);
#6383=EDGE_CURVE('',#7985,#8006,#8008,.T.);
#6384=EDGE_CURVE('',#7975,#7973,#8009,.T.);
#6385=EDGE_CURVE('',#7968,#7965,#8010,.T.);
#6386=EDGE_CURVE('',#7970,#7966,#8011,.T.);
#6387=EDGE_CURVE('',#8012,#7958,#8013,.T.);
#6388=EDGE_CURVE('',#7960,#8012,#8014,.T.);
#6389=EDGE_CURVE('',#7962,#7949,#8015,.T.);
#6390=EDGE_CURVE('',#7955,#7937,#8016,.T.);
#6391=EDGE_CURVE('',#7944,#7938,#8017,.T.);
#6392=EDGE_CURVE('',#7930,#7925,#8018,.T.);
#6393=EDGE_CURVE('',#7922,#7918,#8019,.T.);
#6394=EDGE_CURVE('',#7917,#7920,#8020,.T.);
#6395=EDGE_CURVE('',#7906,#7911,#8021,.T.);
#6396=EDGE_CURVE('',#7913,#7849,#8022,.T.);
#6397=EDGE_CURVE('',#8023,#7902,#8024,.T.);
#6398=EDGE_CURVE('',#7908,#8023,#8025,.T.);
#6399=EDGE_CURVE('',#7898,#7896,#8026,.T.);
#6400=EDGE_CURVE('',#7891,#7888,#8027,.T.);
#6401=EDGE_CURVE('',#7893,#7889,#8028,.T.);
#6402=EDGE_CURVE('',#8029,#7881,#8030,.T.);
#6403=EDGE_CURVE('',#7883,#8029,#8031,.T.);
#6404=EDGE_CURVE('',#7885,#7872,#8032,.T.);
#6405=EDGE_CURVE('',#7878,#7860,#8033,.T.);
#6406=EDGE_CURVE('',#7867,#7861,#8034,.T.);
#6407=EDGE_CURVE('',#7853,#7848,#8035,.T.);
#6408=EDGE_CURVE('',#7845,#7841,#8036,.T.);
#6409=EDGE_CURVE('',#7840,#7843,#8037,.T.);
#6410=EDGE_CURVE('',#7829,#7834,#8038,.T.);
#6411=EDGE_CURVE('',#7836,#7772,#8039,.T.);
#6412=EDGE_CURVE('',#8040,#7825,#8041,.T.);
#6413=EDGE_CURVE('',#7831,#8040,#8042,.T.);
#6414=EDGE_CURVE('',#7821,#7819,#8043,.T.);
#6415=EDGE_CURVE('',#7814,#7811,#8044,.T.);
#6416=EDGE_CURVE('',#7816,#7812,#8045,.T.);
#6417=EDGE_CURVE('',#8046,#7804,#8047,.T.);
#6418=EDGE_CURVE('',#7806,#8046,#8048,.T.);
#6419=EDGE_CURVE('',#7808,#7795,#8049,.T.);
#6420=EDGE_CURVE('',#7801,#7783,#8050,.T.);
#6421=EDGE_CURVE('',#7790,#7784,#8051,.T.);
#6422=EDGE_CURVE('',#7776,#7771,#8052,.T.);
#6423=EDGE_CURVE('',#7768,#7764,#8053,.T.);
#6424=EDGE_CURVE('',#7763,#7766,#8054,.T.);
#6425=EDGE_CURVE('',#7752,#7757,#8055,.T.);
#6426=EDGE_CURVE('',#7759,#7695,#8056,.T.);
#6427=EDGE_CURVE('',#8057,#7748,#8058,.T.);
#6428=EDGE_CURVE('',#7754,#8057,#8059,.T.);
#6429=EDGE_CURVE('',#7744,#7742,#8060,.T.);
#6430=EDGE_CURVE('',#7737,#7734,#8061,.T.);
#6431=EDGE_CURVE('',#7739,#7735,#8062,.T.);
#6432=EDGE_CURVE('',#8063,#7727,#8064,.T.);
#6433=EDGE_CURVE('',#7729,#8063,#8065,.T.);
#6434=EDGE_CURVE('',#7731,#7718,#8066,.T.);
#6435=EDGE_CURVE('',#7724,#7706,#8067,.T.);
#6436=EDGE_CURVE('',#7713,#7707,#8068,.T.);
#6437=EDGE_CURVE('',#7699,#7694,#8069,.T.);
#6438=EDGE_CURVE('',#7691,#7687,#8070,.T.);
#6439=EDGE_CURVE('',#7686,#7689,#8071,.T.);
#6440=EDGE_CURVE('',#7675,#7680,#8072,.T.);
#6441=EDGE_CURVE('',#7682,#7618,#8073,.T.);
#6442=EDGE_CURVE('',#8074,#7671,#8075,.T.);
#6443=EDGE_CURVE('',#7677,#8074,#8076,.T.);
#6444=EDGE_CURVE('',#7667,#7665,#8077,.T.);
#6445=EDGE_CURVE('',#7660,#7657,#8078,.T.);
#6446=EDGE_CURVE('',#7662,#7658,#8079,.T.);
#6447=EDGE_CURVE('',#8080,#7650,#8081,.T.);
#6448=EDGE_CURVE('',#7652,#8080,#8082,.T.);
#6449=EDGE_CURVE('',#7654,#7641,#8083,.T.);
#6450=EDGE_CURVE('',#7647,#7629,#8084,.T.);
#6451=EDGE_CURVE('',#7636,#7630,#8085,.T.);
#6452=EDGE_CURVE('',#7622,#7617,#8086,.T.);
#6453=EDGE_CURVE('',#7614,#7610,#8087,.T.);
#6454=EDGE_CURVE('',#7609,#7612,#8088,.T.);
#6455=EDGE_CURVE('',#7598,#7603,#8089,.T.);
#6456=EDGE_CURVE('',#7605,#7541,#8090,.T.);
#6457=EDGE_CURVE('',#8091,#7594,#8092,.T.);
#6458=EDGE_CURVE('',#7600,#8091,#8093,.T.);
#6459=EDGE_CURVE('',#7590,#7588,#8094,.T.);
#6460=EDGE_CURVE('',#7583,#7580,#8095,.T.);
#6461=EDGE_CURVE('',#7585,#7581,#8096,.T.);
#6462=EDGE_CURVE('',#8097,#7573,#8098,.T.);
#6463=EDGE_CURVE('',#7575,#8097,#8099,.T.);
#6464=EDGE_CURVE('',#7577,#7564,#8100,.T.);
#6465=EDGE_CURVE('',#7570,#7552,#8101,.T.);
#6466=EDGE_CURVE('',#7559,#7553,#8102,.T.);
#6467=EDGE_CURVE('',#7545,#7540,#8103,.T.);
#6468=EDGE_CURVE('',#7537,#7533,#8104,.T.);
#6469=EDGE_CURVE('',#7532,#7535,#8105,.T.);
#6470=EDGE_CURVE('',#7521,#7526,#8106,.T.);
#6471=EDGE_CURVE('',#7528,#7464,#8107,.T.);
#6472=EDGE_CURVE('',#8108,#7517,#8109,.T.);
#6473=EDGE_CURVE('',#7523,#8108,#8110,.T.);
#6474=EDGE_CURVE('',#7513,#7511,#8111,.T.);
#6475=EDGE_CURVE('',#7506,#7503,#8112,.T.);
#6476=EDGE_CURVE('',#7508,#7504,#8113,.T.);
#6477=EDGE_CURVE('',#8114,#7496,#8115,.T.);
#6478=EDGE_CURVE('',#7498,#8114,#8116,.T.);
#6479=EDGE_CURVE('',#7500,#7487,#8117,.T.);
#6480=EDGE_CURVE('',#7493,#7475,#8118,.T.);
#6481=EDGE_CURVE('',#7482,#7476,#8119,.T.);
#6482=EDGE_CURVE('',#7468,#7463,#8120,.T.);
#6483=EDGE_CURVE('',#7460,#7456,#8121,.T.);
#6484=EDGE_CURVE('',#7455,#7458,#8122,.T.);
#6485=EDGE_CURVE('',#7444,#7449,#8123,.T.);
#6486=EDGE_CURVE('',#7451,#7387,#8124,.T.);
#6487=EDGE_CURVE('',#8125,#7440,#8126,.T.);
#6488=EDGE_CURVE('',#7446,#8125,#8127,.T.);
#6489=EDGE_CURVE('',#7436,#7434,#8128,.T.);
#6490=EDGE_CURVE('',#7429,#7426,#8129,.T.);
#6491=EDGE_CURVE('',#7431,#7427,#8130,.T.);
#6492=EDGE_CURVE('',#8131,#7419,#8132,.T.);
#6493=EDGE_CURVE('',#7421,#8131,#8133,.T.);
#6494=EDGE_CURVE('',#7423,#7410,#8134,.T.);
#6495=EDGE_CURVE('',#7416,#7398,#8135,.T.);
#6496=EDGE_CURVE('',#7405,#7399,#8136,.T.);
#6497=EDGE_CURVE('',#7391,#7386,#8137,.T.);
#6498=EDGE_CURVE('',#7383,#7379,#8138,.T.);
#6499=EDGE_CURVE('',#7378,#7381,#8139,.T.);
#6500=EDGE_CURVE('',#7367,#7372,#8140,.T.);
#6501=EDGE_CURVE('',#7374,#7310,#8141,.T.);
#6502=EDGE_CURVE('',#8142,#7363,#8143,.T.);
#6503=EDGE_CURVE('',#7369,#8142,#8144,.T.);
#6504=EDGE_CURVE('',#7359,#7357,#8145,.T.);
#6505=EDGE_CURVE('',#7352,#7349,#8146,.T.);
#6506=EDGE_CURVE('',#7354,#7350,#8147,.T.);
#6507=EDGE_CURVE('',#8148,#7342,#8149,.T.);
#6508=EDGE_CURVE('',#7344,#8148,#8150,.T.);
#6509=EDGE_CURVE('',#7346,#7333,#8151,.T.);
#6510=EDGE_CURVE('',#7339,#7321,#8152,.T.);
#6511=EDGE_CURVE('',#7328,#7322,#8153,.T.);
#6512=EDGE_CURVE('',#7314,#7309,#8154,.T.);
#6513=EDGE_CURVE('',#7306,#7302,#8155,.T.);
#6514=EDGE_CURVE('',#7301,#7304,#8156,.T.);
#6515=EDGE_CURVE('',#7290,#7295,#8157,.T.);
#6516=EDGE_CURVE('',#7297,#7233,#8158,.T.);
#6517=EDGE_CURVE('',#8159,#7286,#8160,.T.);
#6518=EDGE_CURVE('',#7292,#8159,#8161,.T.);
#6519=EDGE_CURVE('',#7282,#7280,#8162,.T.);
#6520=EDGE_CURVE('',#7275,#7272,#8163,.T.);
#6521=EDGE_CURVE('',#7277,#7273,#8164,.T.);
#6522=EDGE_CURVE('',#8165,#7265,#8166,.T.);
#6523=EDGE_CURVE('',#7267,#8165,#8167,.T.);
#6524=EDGE_CURVE('',#7269,#7256,#8168,.T.);
#6525=EDGE_CURVE('',#7262,#7244,#8169,.T.);
#6526=EDGE_CURVE('',#7251,#7245,#8170,.T.);
#6527=EDGE_CURVE('',#7237,#7232,#8171,.T.);
#6528=EDGE_CURVE('',#7229,#7225,#8172,.T.);
#6529=EDGE_CURVE('',#7224,#7227,#8173,.T.);
#6530=EDGE_CURVE('',#7213,#7218,#8174,.T.);
#6531=EDGE_CURVE('',#7220,#7156,#8175,.T.);
#6532=EDGE_CURVE('',#8176,#7209,#8177,.T.);
#6533=EDGE_CURVE('',#7215,#8176,#8178,.T.);
#6534=EDGE_CURVE('',#7205,#7203,#8179,.T.);
#6535=EDGE_CURVE('',#7198,#7195,#8180,.T.);
#6536=EDGE_CURVE('',#7200,#7196,#8181,.T.);
#6537=EDGE_CURVE('',#8182,#7188,#8183,.T.);
#6538=EDGE_CURVE('',#7190,#8182,#8184,.T.);
#6539=EDGE_CURVE('',#7192,#7179,#8185,.T.);
#6540=EDGE_CURVE('',#7185,#7167,#8186,.T.);
#6541=EDGE_CURVE('',#7174,#7168,#8187,.T.);
#6542=EDGE_CURVE('',#7160,#7155,#8188,.T.);
#6543=EDGE_CURVE('',#7152,#7148,#8189,.T.);
#6544=EDGE_CURVE('',#7147,#7150,#8190,.T.);
#6545=EDGE_CURVE('',#7136,#7141,#8191,.T.);
#6546=EDGE_CURVE('',#7143,#7079,#8192,.T.);
#6547=EDGE_CURVE('',#8193,#7132,#8194,.T.);
#6548=EDGE_CURVE('',#7138,#8193,#8195,.T.);
#6549=EDGE_CURVE('',#7128,#7126,#8196,.T.);
#6550=EDGE_CURVE('',#7121,#7118,#8197,.T.);
#6551=EDGE_CURVE('',#7123,#7119,#8198,.T.);
#6552=EDGE_CURVE('',#8199,#7111,#8200,.T.);
#6553=EDGE_CURVE('',#7113,#8199,#8201,.T.);
#6554=EDGE_CURVE('',#7115,#7102,#8202,.T.);
#6555=EDGE_CURVE('',#7108,#7090,#8203,.T.);
#6556=EDGE_CURVE('',#7097,#7091,#8204,.T.);
#6557=EDGE_CURVE('',#7083,#7078,#8205,.T.);
#6558=EDGE_CURVE('',#7075,#7071,#8206,.T.);
#6559=EDGE_CURVE('',#7070,#7073,#8207,.T.);
#6560=EDGE_CURVE('',#7059,#7064,#8208,.T.);
#6561=EDGE_CURVE('',#7066,#7002,#8209,.T.);
#6562=EDGE_CURVE('',#8210,#7055,#8211,.T.);
#6563=EDGE_CURVE('',#7061,#8210,#8212,.T.);
#6564=EDGE_CURVE('',#7051,#7049,#8213,.T.);
#6565=EDGE_CURVE('',#7044,#7041,#8214,.T.);
#6566=EDGE_CURVE('',#7046,#7042,#8215,.T.);
#6567=EDGE_CURVE('',#8216,#7034,#8217,.T.);
#6568=EDGE_CURVE('',#7036,#8216,#8218,.T.);
#6569=EDGE_CURVE('',#7038,#7025,#8219,.T.);
#6570=EDGE_CURVE('',#7031,#7013,#8220,.T.);
#6571=EDGE_CURVE('',#7020,#7014,#8221,.T.);
#6572=EDGE_CURVE('',#7006,#7001,#8222,.T.);
#6573=EDGE_CURVE('',#6998,#6994,#8223,.T.);
#6574=EDGE_CURVE('',#6993,#6996,#8224,.T.);
#6575=EDGE_CURVE('',#6982,#6987,#8225,.T.);
#6576=EDGE_CURVE('',#6989,#6925,#8226,.T.);
#6577=EDGE_CURVE('',#8227,#6978,#8228,.T.);
#6578=EDGE_CURVE('',#6984,#8227,#8229,.T.);
#6579=EDGE_CURVE('',#6974,#6972,#8230,.T.);
#6580=EDGE_CURVE('',#6967,#6964,#8231,.T.);
#6581=EDGE_CURVE('',#6969,#6965,#8232,.T.);
#6582=EDGE_CURVE('',#8233,#6957,#8234,.T.);
#6583=EDGE_CURVE('',#6959,#8233,#8235,.T.);
#6584=EDGE_CURVE('',#6961,#6948,#8236,.T.);
#6585=EDGE_CURVE('',#6954,#6936,#8237,.T.);
#6586=EDGE_CURVE('',#6943,#6937,#8238,.T.);
#6587=EDGE_CURVE('',#6929,#6924,#8239,.T.);
#6588=EDGE_CURVE('',#8240,#8241,#8242,.T.);
#6589=EDGE_CURVE('',#8241,#8243,#8244,.T.);
#6590=EDGE_CURVE('',#8245,#8243,#8246,.T.);
#6591=EDGE_CURVE('',#8245,#8240,#8247,.T.);
#6592=EDGE_CURVE('',#8248,#8249,#8250,.T.);
#6593=EDGE_CURVE('',#8251,#8249,#8252,.T.);
#6594=EDGE_CURVE('',#8253,#8251,#8254,.T.);
#6595=EDGE_CURVE('',#8253,#8248,#8255,.T.);
#6596=EDGE_CURVE('',#8249,#8256,#8257,.T.);
#6597=EDGE_CURVE('',#8258,#8256,#8259,.T.);
#6598=EDGE_CURVE('',#8251,#8258,#8260,.T.);
#6599=EDGE_CURVE('',#8256,#8261,#8262,.T.);
#6600=EDGE_CURVE('',#8263,#8261,#8264,.T.);
#6601=EDGE_CURVE('',#8258,#8263,#8265,.T.);
#6602=EDGE_CURVE('',#8261,#8266,#8267,.T.);
#6603=EDGE_CURVE('',#8268,#8266,#8269,.T.);
#6604=EDGE_CURVE('',#8263,#8268,#8270,.T.);
#6605=EDGE_CURVE('',#8266,#8271,#8272,.T.);
#6606=EDGE_CURVE('',#8273,#8271,#8274,.T.);
#6607=EDGE_CURVE('',#8268,#8273,#8275,.T.);
#6608=EDGE_CURVE('',#8271,#8276,#8277,.T.);
#6609=EDGE_CURVE('',#8278,#8276,#8279,.T.);
#6610=EDGE_CURVE('',#8273,#8278,#8280,.T.);
#6611=EDGE_CURVE('',#8281,#8282,#8283,.T.);
#6612=EDGE_CURVE('',#8278,#8281,#8284,.T.);
#6613=EDGE_CURVE('',#8276,#8282,#8285,.T.);
#6614=EDGE_CURVE('',#8243,#8248,#8286,.T.);
#6615=EDGE_CURVE('',#8245,#8253,#8287,.T.);
#6616=EDGE_CURVE('',#8282,#8288,#8289,.T.);
#6617=EDGE_CURVE('',#8290,#8241,#8291,.T.);
#6618=EDGE_CURVE('',#8292,#8290,#8293,.T.);
#6619=EDGE_CURVE('',#8294,#8292,#8295,.T.);
#6620=EDGE_CURVE('',#8296,#8294,#8297,.T.);
#6621=EDGE_CURVE('',#8298,#8296,#8299,.T.);
#6622=EDGE_CURVE('',#8300,#8298,#8301,.T.);
#6623=EDGE_CURVE('',#8302,#8300,#8303,.T.);
#6624=EDGE_CURVE('',#8304,#8302,#8305,.T.);
#6625=EDGE_CURVE('',#8306,#8304,#8307,.T.);
#6626=EDGE_CURVE('',#8308,#8306,#8309,.T.);
#6627=EDGE_CURVE('',#8310,#8308,#8311,.T.);
#6628=EDGE_CURVE('',#8312,#8310,#8313,.T.);
#6629=EDGE_CURVE('',#8314,#8312,#8315,.T.);
#6630=EDGE_CURVE('',#8316,#8314,#8317,.T.);
#6631=EDGE_CURVE('',#8318,#8316,#8319,.T.);
#6632=EDGE_CURVE('',#8320,#8318,#8321,.T.);
#6633=EDGE_CURVE('',#8322,#8320,#8323,.T.);
#6634=EDGE_CURVE('',#8324,#8322,#8325,.T.);
#6635=EDGE_CURVE('',#8326,#8324,#8327,.T.);
#6636=EDGE_CURVE('',#8328,#8326,#8329,.T.);
#6637=EDGE_CURVE('',#8330,#8328,#8331,.T.);
#6638=EDGE_CURVE('',#8332,#8330,#8333,.T.);
#6639=EDGE_CURVE('',#8334,#8332,#8335,.T.);
#6640=EDGE_CURVE('',#8336,#8334,#8337,.T.);
#6641=EDGE_CURVE('',#8338,#8336,#8339,.T.);
#6642=EDGE_CURVE('',#8340,#8338,#8341,.T.);
#6643=EDGE_CURVE('',#8342,#8340,#8343,.T.);
#6644=EDGE_CURVE('',#8344,#8342,#8345,.T.);
#6645=EDGE_CURVE('',#8346,#8344,#8347,.T.);
#6646=EDGE_CURVE('',#8348,#8346,#8349,.T.);
#6647=EDGE_CURVE('',#8350,#8348,#8351,.T.);
#6648=EDGE_CURVE('',#8352,#8350,#8353,.T.);
#6649=EDGE_CURVE('',#8354,#8352,#8355,.T.);
#6650=EDGE_CURVE('',#8356,#8354,#8357,.T.);
#6651=EDGE_CURVE('',#8358,#8356,#8359,.T.);
#6652=EDGE_CURVE('',#8360,#8358,#8361,.T.);
#6653=EDGE_CURVE('',#8362,#8360,#8363,.T.);
#6654=EDGE_CURVE('',#8364,#8362,#8365,.T.);
#6655=EDGE_CURVE('',#8366,#8364,#8367,.T.);
#6656=EDGE_CURVE('',#8368,#8366,#8369,.T.);
#6657=EDGE_CURVE('',#8370,#8368,#8371,.T.);
#6658=EDGE_CURVE('',#8372,#8370,#8373,.T.);
#6659=EDGE_CURVE('',#8374,#8372,#8375,.T.);
#6660=EDGE_CURVE('',#8376,#8374,#8377,.T.);
#6661=EDGE_CURVE('',#8378,#8376,#8379,.T.);
#6662=EDGE_CURVE('',#8380,#8378,#8381,.T.);
#6663=EDGE_CURVE('',#8382,#8380,#8383,.T.);
#6664=EDGE_CURVE('',#8384,#8382,#8385,.T.);
#6665=EDGE_CURVE('',#8386,#8384,#8387,.T.);
#6666=EDGE_CURVE('',#8388,#8386,#8389,.T.);
#6667=EDGE_CURVE('',#8390,#8388,#8391,.T.);
#6668=EDGE_CURVE('',#8392,#8390,#8393,.T.);
#6669=EDGE_CURVE('',#8394,#8392,#8395,.T.);
#6670=EDGE_CURVE('',#8396,#8394,#8397,.T.);
#6671=EDGE_CURVE('',#8398,#8396,#8399,.T.);
#6672=EDGE_CURVE('',#8400,#8398,#8401,.T.);
#6673=EDGE_CURVE('',#8402,#8400,#8403,.T.);
#6674=EDGE_CURVE('',#8404,#8402,#8405,.T.);
#6675=EDGE_CURVE('',#8406,#8404,#8407,.T.);
#6676=EDGE_CURVE('',#8408,#8406,#8409,.T.);
#6677=EDGE_CURVE('',#8410,#8408,#8411,.T.);
#6678=EDGE_CURVE('',#8412,#8410,#8413,.T.);
#6679=EDGE_CURVE('',#8414,#8412,#8415,.T.);
#6680=EDGE_CURVE('',#8416,#8414,#8417,.T.);
#6681=EDGE_CURVE('',#8418,#8416,#8419,.T.);
#6682=EDGE_CURVE('',#8420,#8418,#8421,.T.);
#6683=EDGE_CURVE('',#8422,#8420,#8423,.T.);
#6684=EDGE_CURVE('',#8424,#8422,#8425,.T.);
#6685=EDGE_CURVE('',#8426,#8424,#8427,.T.);
#6686=EDGE_CURVE('',#8428,#8426,#8429,.T.);
#6687=EDGE_CURVE('',#8430,#8428,#8431,.T.);
#6688=EDGE_CURVE('',#8432,#8430,#8433,.T.);
#6689=EDGE_CURVE('',#8434,#8432,#8435,.T.);
#6690=EDGE_CURVE('',#8436,#8434,#8437,.T.);
#6691=EDGE_CURVE('',#8438,#8436,#8439,.T.);
#6692=EDGE_CURVE('',#8440,#8438,#8441,.T.);
#6693=EDGE_CURVE('',#8442,#8440,#8443,.T.);
#6694=EDGE_CURVE('',#8444,#8442,#8445,.T.);
#6695=EDGE_CURVE('',#8446,#8444,#8447,.T.);
#6696=EDGE_CURVE('',#8448,#8446,#8449,.T.);
#6697=EDGE_CURVE('',#8450,#8448,#8451,.T.);
#6698=EDGE_CURVE('',#8452,#8450,#8453,.T.);
#6699=EDGE_CURVE('',#8454,#8452,#8455,.T.);
#6700=EDGE_CURVE('',#8456,#8454,#8457,.T.);
#6701=EDGE_CURVE('',#8458,#8456,#8459,.T.);
#6702=EDGE_CURVE('',#8460,#8458,#8461,.T.);
#6703=EDGE_CURVE('',#8462,#8460,#8463,.T.);
#6704=EDGE_CURVE('',#8464,#8462,#8465,.T.);
#6705=EDGE_CURVE('',#8466,#8464,#8467,.T.);
#6706=EDGE_CURVE('',#8468,#8466,#8469,.T.);
#6707=EDGE_CURVE('',#8470,#8468,#8471,.T.);
#6708=EDGE_CURVE('',#8472,#8470,#8473,.T.);
#6709=EDGE_CURVE('',#8474,#8472,#8475,.T.);
#6710=EDGE_CURVE('',#8476,#8474,#8477,.T.);
#6711=EDGE_CURVE('',#8478,#8476,#8479,.T.);
#6712=EDGE_CURVE('',#8480,#8478,#8481,.T.);
#6713=EDGE_CURVE('',#8482,#8480,#8483,.T.);
#6714=EDGE_CURVE('',#8484,#8482,#8485,.T.);
#6715=EDGE_CURVE('',#8486,#8484,#8487,.T.);
#6716=EDGE_CURVE('',#8488,#8486,#8489,.T.);
#6717=EDGE_CURVE('',#8490,#8488,#8491,.T.);
#6718=EDGE_CURVE('',#8288,#8490,#8492,.T.);
#6719=EDGE_CURVE('',#8493,#8296,#8494,.T.);
#6720=EDGE_CURVE('',#8495,#8294,#8496,.T.);
#6721=EDGE_CURVE('',#8495,#8493,#8497,.T.);
#6722=EDGE_CURVE('',#8498,#8488,#8499,.T.);
#6723=EDGE_CURVE('',#8498,#8500,#8501,.T.);
#6724=EDGE_CURVE('',#8500,#8490,#8502,.T.);
#6725=EDGE_CURVE('',#8503,#8486,#8504,.T.);
#6726=EDGE_CURVE('',#8498,#8503,#8505,.T.);
#6727=EDGE_CURVE('',#8506,#8292,#8507,.T.);
#6728=EDGE_CURVE('',#8506,#8495,#8508,.T.);
#6729=EDGE_CURVE('',#8509,#8290,#8510,.T.);
#6730=EDGE_CURVE('',#8509,#8506,#8511,.T.);
#6731=EDGE_CURVE('',#8240,#8509,#8512,.T.);
#6732=EDGE_CURVE('',#8513,#8288,#8514,.T.);
#6733=EDGE_CURVE('',#8513,#8281,#8515,.T.);
#6734=EDGE_CURVE('',#8500,#8513,#8516,.T.);
#6735=EDGE_CURVE('',#8517,#8304,#8518,.T.);
#6736=EDGE_CURVE('',#8519,#8302,#8520,.T.);
#6737=EDGE_CURVE('',#8519,#8517,#8521,.T.);
#6738=EDGE_CURVE('',#8522,#8480,#8523,.T.);
#6739=EDGE_CURVE('',#8522,#8524,#8525,.T.);
#6740=EDGE_CURVE('',#8524,#8482,#8526,.T.);
#6741=EDGE_CURVE('',#8527,#8478,#8528,.T.);
#6742=EDGE_CURVE('',#8522,#8527,#8529,.T.);
#6743=EDGE_CURVE('',#8530,#8300,#8531,.T.);
#6744=EDGE_CURVE('',#8530,#8519,#8532,.T.);
#6745=EDGE_CURVE('',#8533,#8298,#8534,.T.);
#6746=EDGE_CURVE('',#8533,#8530,#8535,.T.);
#6747=EDGE_CURVE('',#8493,#8533,#8536,.T.);
#6748=EDGE_CURVE('',#8537,#8484,#8538,.T.);
#6749=EDGE_CURVE('',#8537,#8503,#8539,.T.);
#6750=EDGE_CURVE('',#8524,#8537,#8540,.T.);
#6751=EDGE_CURVE('',#8541,#8312,#8542,.T.);
#6752=EDGE_CURVE('',#8543,#8310,#8544,.T.);
#6753=EDGE_CURVE('',#8543,#8541,#8545,.T.);
#6754=EDGE_CURVE('',#8546,#8472,#8547,.T.);
#6755=EDGE_CURVE('',#8546,#8548,#8549,.T.);
#6756=EDGE_CURVE('',#8548,#8474,#8550,.T.);
#6757=EDGE_CURVE('',#8551,#8470,#8552,.T.);
#6758=EDGE_CURVE('',#8546,#8551,#8553,.T.);
#6759=EDGE_CURVE('',#8554,#8308,#8555,.T.);
#6760=EDGE_CURVE('',#8554,#8543,#8556,.T.);
#6761=EDGE_CURVE('',#8557,#8306,#8558,.T.);
#6762=EDGE_CURVE('',#8557,#8554,#8559,.T.);
#6763=EDGE_CURVE('',#8517,#8557,#8560,.T.);
#6764=EDGE_CURVE('',#8561,#8476,#8562,.T.);
#6765=EDGE_CURVE('',#8561,#8527,#8563,.T.);
#6766=EDGE_CURVE('',#8548,#8561,#8564,.T.);
#6767=EDGE_CURVE('',#8565,#8320,#8566,.T.);
#6768=EDGE_CURVE('',#8567,#8318,#8568,.T.);
#6769=EDGE_CURVE('',#8567,#8565,#8569,.T.);
#6770=EDGE_CURVE('',#8570,#8464,#8571,.T.);
#6771=EDGE_CURVE('',#8570,#8572,#8573,.T.);
#6772=EDGE_CURVE('',#8572,#8466,#8574,.T.);
#6773=EDGE_CURVE('',#8575,#8462,#8576,.T.);
#6774=EDGE_CURVE('',#8570,#8575,#8577,.T.);
#6775=EDGE_CURVE('',#8578,#8316,#8579,.T.);
#6776=EDGE_CURVE('',#8578,#8567,#8580,.T.);
#6777=EDGE_CURVE('',#8581,#8314,#8582,.T.);
#6778=EDGE_CURVE('',#8581,#8578,#8583,.T.);
#6779=EDGE_CURVE('',#8541,#8581,#8584,.T.);
#6780=EDGE_CURVE('',#8585,#8468,#8586,.T.);
#6781=EDGE_CURVE('',#8585,#8551,#8587,.T.);
#6782=EDGE_CURVE('',#8572,#8585,#8588,.T.);
#6783=EDGE_CURVE('',#8589,#8328,#8590,.T.);
#6784=EDGE_CURVE('',#8591,#8326,#8592,.T.);
#6785=EDGE_CURVE('',#8591,#8589,#8593,.T.);
#6786=EDGE_CURVE('',#8594,#8456,#8595,.T.);
#6787=EDGE_CURVE('',#8594,#8596,#8597,.T.);
#6788=EDGE_CURVE('',#8596,#8458,#8598,.T.);
#6789=EDGE_CURVE('',#8599,#8454,#8600,.T.);
#6790=EDGE_CURVE('',#8594,#8599,#8601,.T.);
#6791=EDGE_CURVE('',#8602,#8324,#8603,.T.);
#6792=EDGE_CURVE('',#8602,#8591,#8604,.T.);
#6793=EDGE_CURVE('',#8605,#8322,#8606,.T.);
#6794=EDGE_CURVE('',#8605,#8602,#8607,.T.);
#6795=EDGE_CURVE('',#8565,#8605,#8608,.T.);
#6796=EDGE_CURVE('',#8609,#8460,#8610,.T.);
#6797=EDGE_CURVE('',#8609,#8575,#8611,.T.);
#6798=EDGE_CURVE('',#8596,#8609,#8612,.T.);
#6799=EDGE_CURVE('',#8613,#8336,#8614,.T.);
#6800=EDGE_CURVE('',#8615,#8334,#8616,.T.);
#6801=EDGE_CURVE('',#8615,#8613,#8617,.T.);
#6802=EDGE_CURVE('',#8618,#8448,#8619,.T.);
#6803=EDGE_CURVE('',#8618,#8620,#8621,.T.);
#6804=EDGE_CURVE('',#8620,#8450,#8622,.T.);
#6805=EDGE_CURVE('',#8623,#8446,#8624,.T.);
#6806=EDGE_CURVE('',#8618,#8623,#8625,.T.);
#6807=EDGE_CURVE('',#8626,#8332,#8627,.T.);
#6808=EDGE_CURVE('',#8626,#8615,#8628,.T.);
#6809=EDGE_CURVE('',#8629,#8330,#8630,.T.);
#6810=EDGE_CURVE('',#8629,#8626,#8631,.T.);
#6811=EDGE_CURVE('',#8589,#8629,#8632,.T.);
#6812=EDGE_CURVE('',#8633,#8452,#8634,.T.);
#6813=EDGE_CURVE('',#8633,#8599,#8635,.T.);
#6814=EDGE_CURVE('',#8620,#8633,#8636,.T.);
#6815=EDGE_CURVE('',#8637,#8344,#8638,.T.);
#6816=EDGE_CURVE('',#8639,#8342,#8640,.T.);
#6817=EDGE_CURVE('',#8639,#8637,#8641,.T.);
#6818=EDGE_CURVE('',#8642,#8440,#8643,.T.);
#6819=EDGE_CURVE('',#8642,#8644,#8645,.T.);
#6820=EDGE_CURVE('',#8644,#8442,#8646,.T.);
#6821=EDGE_CURVE('',#8647,#8438,#8648,.T.);
#6822=EDGE_CURVE('',#8642,#8647,#8649,.T.);
#6823=EDGE_CURVE('',#8650,#8340,#8651,.T.);
#6824=EDGE_CURVE('',#8650,#8639,#8652,.T.);
#6825=EDGE_CURVE('',#8653,#8338,#8654,.T.);
#6826=EDGE_CURVE('',#8653,#8650,#8655,.T.);
#6827=EDGE_CURVE('',#8613,#8653,#8656,.T.);
#6828=EDGE_CURVE('',#8657,#8444,#8658,.T.);
#6829=EDGE_CURVE('',#8657,#8623,#8659,.T.);
#6830=EDGE_CURVE('',#8644,#8657,#8660,.T.);
#6831=EDGE_CURVE('',#8661,#8352,#8662,.T.);
#6832=EDGE_CURVE('',#8663,#8350,#8664,.T.);
#6833=EDGE_CURVE('',#8663,#8661,#8665,.T.);
#6834=EDGE_CURVE('',#8666,#8432,#8667,.T.);
#6835=EDGE_CURVE('',#8666,#8668,#8669,.T.);
#6836=EDGE_CURVE('',#8668,#8434,#8670,.T.);
#6837=EDGE_CURVE('',#8671,#8430,#8672,.T.);
#6838=EDGE_CURVE('',#8666,#8671,#8673,.T.);
#6839=EDGE_CURVE('',#8674,#8348,#8675,.T.);
#6840=EDGE_CURVE('',#8674,#8663,#8676,.T.);
#6841=EDGE_CURVE('',#8677,#8346,#8678,.T.);
#6842=EDGE_CURVE('',#8677,#8674,#8679,.T.);
#6843=EDGE_CURVE('',#8637,#8677,#8680,.T.);
#6844=EDGE_CURVE('',#8681,#8436,#8682,.T.);
#6845=EDGE_CURVE('',#8681,#8647,#8683,.T.);
#6846=EDGE_CURVE('',#8668,#8681,#8684,.T.);
#6847=EDGE_CURVE('',#8685,#8360,#8686,.T.);
#6848=EDGE_CURVE('',#8687,#8358,#8688,.T.);
#6849=EDGE_CURVE('',#8687,#8685,#8689,.T.);
#6850=EDGE_CURVE('',#8690,#8424,#8691,.T.);
#6851=EDGE_CURVE('',#8690,#8692,#8693,.T.);
#6852=EDGE_CURVE('',#8692,#8426,#8694,.T.);
#6853=EDGE_CURVE('',#8695,#8422,#8696,.T.);
#6854=EDGE_CURVE('',#8690,#8695,#8697,.T.);
#6855=EDGE_CURVE('',#8698,#8356,#8699,.T.);
#6856=EDGE_CURVE('',#8698,#8687,#8700,.T.);
#6857=EDGE_CURVE('',#8701,#8354,#8702,.T.);
#6858=EDGE_CURVE('',#8701,#8698,#8703,.T.);
#6859=EDGE_CURVE('',#8661,#8701,#8704,.T.);
#6860=EDGE_CURVE('',#8705,#8428,#8706,.T.);
#6861=EDGE_CURVE('',#8705,#8671,#8707,.T.);
#6862=EDGE_CURVE('',#8692,#8705,#8708,.T.);
#6863=EDGE_CURVE('',#8709,#8368,#8710,.T.);
#6864=EDGE_CURVE('',#8711,#8366,#8712,.T.);
#6865=EDGE_CURVE('',#8711,#8709,#8713,.T.);
#6866=EDGE_CURVE('',#8714,#8416,#8715,.T.);
#6867=EDGE_CURVE('',#8714,#8716,#8717,.T.);
#6868=EDGE_CURVE('',#8716,#8418,#8718,.T.);
#6869=EDGE_CURVE('',#8719,#8414,#8720,.T.);
#6870=EDGE_CURVE('',#8714,#8719,#8721,.T.);
#6871=EDGE_CURVE('',#8722,#8364,#8723,.T.);
#6872=EDGE_CURVE('',#8722,#8711,#8724,.T.);
#6873=EDGE_CURVE('',#8725,#8362,#8726,.T.);
#6874=EDGE_CURVE('',#8725,#8722,#8727,.T.);
#6875=EDGE_CURVE('',#8685,#8725,#8728,.T.);
#6876=EDGE_CURVE('',#8729,#8420,#8730,.T.);
#6877=EDGE_CURVE('',#8729,#8695,#8731,.T.);
#6878=EDGE_CURVE('',#8716,#8729,#8732,.T.);
#6879=EDGE_CURVE('',#8733,#8376,#8734,.T.);
#6880=EDGE_CURVE('',#8735,#8374,#8736,.T.);
#6881=EDGE_CURVE('',#8735,#8733,#8737,.T.);
#6882=EDGE_CURVE('',#8738,#8408,#8739,.T.);
#6883=EDGE_CURVE('',#8738,#8740,#8741,.T.);
#6884=EDGE_CURVE('',#8740,#8410,#8742,.T.);
#6885=EDGE_CURVE('',#8743,#8406,#8744,.T.);
#6886=EDGE_CURVE('',#8738,#8743,#8745,.T.);
#6887=EDGE_CURVE('',#8746,#8372,#8747,.T.);
#6888=EDGE_CURVE('',#8746,#8735,#8748,.T.);
#6889=EDGE_CURVE('',#8749,#8370,#8750,.T.);
#6890=EDGE_CURVE('',#8749,#8746,#8751,.T.);
#6891=EDGE_CURVE('',#8709,#8749,#8752,.T.);
#6892=EDGE_CURVE('',#8753,#8412,#8754,.T.);
#6893=EDGE_CURVE('',#8753,#8719,#8755,.T.);
#6894=EDGE_CURVE('',#8740,#8753,#8756,.T.);
#6895=EDGE_CURVE('',#8757,#8384,#8758,.T.);
#6896=EDGE_CURVE('',#8759,#8382,#8760,.T.);
#6897=EDGE_CURVE('',#8759,#8757,#8761,.T.);
#6898=EDGE_CURVE('',#8762,#8400,#8763,.T.);
#6899=EDGE_CURVE('',#8762,#8764,#8765,.T.);
#6900=EDGE_CURVE('',#8764,#8402,#8766,.T.);
#6901=EDGE_CURVE('',#8767,#8398,#8768,.T.);
#6902=EDGE_CURVE('',#8762,#8767,#8769,.T.);
#6903=EDGE_CURVE('',#8770,#8380,#8771,.T.);
#6904=EDGE_CURVE('',#8770,#8759,#8772,.T.);
#6905=EDGE_CURVE('',#8773,#8378,#8774,.T.);
#6906=EDGE_CURVE('',#8773,#8770,#8775,.T.);
#6907=EDGE_CURVE('',#8733,#8773,#8776,.T.);
#6908=EDGE_CURVE('',#8777,#8404,#8778,.T.);
#6909=EDGE_CURVE('',#8777,#8743,#8779,.T.);
#6910=EDGE_CURVE('',#8764,#8777,#8780,.T.);
#6911=EDGE_CURVE('',#8781,#8392,#8782,.T.);
#6912=EDGE_CURVE('',#8783,#8781,#8784,.T.);
#6913=EDGE_CURVE('',#8783,#8394,#8785,.T.);
#6914=EDGE_CURVE('',#8786,#8390,#8787,.T.);
#6915=EDGE_CURVE('',#8781,#8786,#8788,.T.);
#6916=EDGE_CURVE('',#8789,#8388,#8790,.T.);
#6917=EDGE_CURVE('',#8786,#8789,#8791,.T.);
#6918=EDGE_CURVE('',#8792,#8386,#8793,.T.);
#6919=EDGE_CURVE('',#8789,#8792,#8794,.T.);
#6920=EDGE_CURVE('',#8792,#8757,#8795,.T.);
#6921=EDGE_CURVE('',#8796,#8396,#8797,.T.);
#6922=EDGE_CURVE('',#8767,#8796,#8798,.T.);
#6923=EDGE_CURVE('',#8796,#8783,#8799,.T.);
#6924=VERTEX_POINT('',#8800);
#6925=VERTEX_POINT('',#8801);
#6926=CIRCLE('',#8802,0.230000000000003);
#6927=VERTEX_POINT('',#8803);
#6928=CIRCLE('',#8804,0.00499999999999989);
#6929=VERTEX_POINT('',#8805);
#6930=CIRCLE('',#8806,0.00499999999999989);
#6931=VERTEX_POINT('',#8807);
#6932=CIRCLE('',#8808,0.230000000000003);
#6933=VERTEX_POINT('',#8809);
#6934=CIRCLE('',#8810,0.234999999999998);
#6935=CIRCLE('',#8811,0.234999999999998);
#6936=VERTEX_POINT('',#8812);
#6937=VERTEX_POINT('',#8813);
#6938=CIRCLE('',#8814,0.315);
#6939=VERTEX_POINT('',#8815);
#6940=CIRCLE('',#8816,0.320000000000001);
#6941=VERTEX_POINT('',#8817);
#6942=CIRCLE('',#8818,0.320000000000001);
#6943=VERTEX_POINT('',#8819);
#6944=CIRCLE('',#8820,0.315);
#6945=VERTEX_POINT('',#8821);
#6946=CIRCLE('',#8822,0.00499999999999989);
#6947=CIRCLE('',#8823,0.00499999999999989);
#6948=VERTEX_POINT('',#8824);
#6949=LINE('',#8825,#8826);
#6950=VERTEX_POINT('',#8827);
#6951=CIRCLE('',#8828,0.32);
#6952=VERTEX_POINT('',#8829);
#6953=CIRCLE('',#8830,0.32);
#6954=VERTEX_POINT('',#8831);
#6955=LINE('',#8832,#8833);
#6956=CIRCLE('',#8834,0.320000000000001);
#6957=VERTEX_POINT('',#8835);
#6958=CIRCLE('',#8836,0.150000000000001);
#6959=VERTEX_POINT('',#8837);
#6960=CIRCLE('',#8838,0.47);
#6961=VERTEX_POINT('',#8839);
#6962=CIRCLE('',#8840,0.150000000000001);
#6963=CIRCLE('',#8841,0.32);
#6964=VERTEX_POINT('',#8842);
#6965=VERTEX_POINT('',#8843);
#6966=LINE('',#8844,#8845);
#6967=VERTEX_POINT('',#8846);
#6968=CIRCLE('',#8847,0.665);
#6969=VERTEX_POINT('',#8848);
#6970=LINE('',#8849,#8850);
#6971=CIRCLE('',#8851,0.665);
#6972=VERTEX_POINT('',#8852);
#6973=LINE('',#8853,#8854);
#6974=VERTEX_POINT('',#8855);
#6975=CIRCLE('',#8856,0.415);
#6976=LINE('',#8857,#8858);
#6977=VERTEX_POINT('',#8859);
#6978=VERTEX_POINT('',#8860);
#6979=CIRCLE('',#8861,0.150000000000002);
#6980=VERTEX_POINT('',#8862);
#6981=CIRCLE('',#8863,0.235);
#6982=VERTEX_POINT('',#8864);
#6983=CIRCLE('',#8865,0.235);
#6984=VERTEX_POINT('',#8866);
#6985=CIRCLE('',#8867,0.150000000000002);
#6986=CIRCLE('',#8868,0.385);
#6987=VERTEX_POINT('',#8869);
#6988=LINE('',#8870,#8871);
#6989=VERTEX_POINT('',#8872);
#6990=CIRCLE('',#8873,0.234999999999998);
#6991=LINE('',#8874,#8875);
#6992=CIRCLE('',#8876,0.235);
#6993=VERTEX_POINT('',#8877);
#6994=VERTEX_POINT('',#8878);
#6995=LINE('',#8879,#8880);
#6996=VERTEX_POINT('',#8881);
#6997=CIRCLE('',#8882,0.915);
#6998=VERTEX_POINT('',#8883);
#6999=LINE('',#8884,#8885);
#7000=CIRCLE('',#8886,0.915);
#7001=VERTEX_POINT('',#8887);
#7002=VERTEX_POINT('',#8888);
#7003=CIRCLE('',#8889,0.230000000000003);
#7004=VERTEX_POINT('',#8890);
#7005=CIRCLE('',#8891,0.00499999999999989);
#7006=VERTEX_POINT('',#8892);
#7007=CIRCLE('',#8893,0.00499999999999989);
#7008=VERTEX_POINT('',#8894);
#7009=CIRCLE('',#8895,0.230000000000003);
#7010=VERTEX_POINT('',#8896);
#7011=CIRCLE('',#8897,0.234999999999998);
#7012=CIRCLE('',#8898,0.234999999999998);
#7013=VERTEX_POINT('',#8899);
#7014=VERTEX_POINT('',#8900);
#7015=CIRCLE('',#8901,0.315);
#7016=VERTEX_POINT('',#8902);
#7017=CIRCLE('',#8903,0.320000000000001);
#7018=VERTEX_POINT('',#8904);
#7019=CIRCLE('',#8905,0.320000000000001);
#7020=VERTEX_POINT('',#8906);
#7021=CIRCLE('',#8907,0.315);
#7022=VERTEX_POINT('',#8908);
#7023=CIRCLE('',#8909,0.00499999999999989);
#7024=CIRCLE('',#8910,0.00499999999999989);
#7025=VERTEX_POINT('',#8911);
#7026=LINE('',#8912,#8913);
#7027=VERTEX_POINT('',#8914);
#7028=CIRCLE('',#8915,0.32);
#7029=VERTEX_POINT('',#8916);
#7030=CIRCLE('',#8917,0.32);
#7031=VERTEX_POINT('',#8918);
#7032=LINE('',#8919,#8920);
#7033=CIRCLE('',#8921,0.320000000000001);
#7034=VERTEX_POINT('',#8922);
#7035=CIRCLE('',#8923,0.150000000000001);
#7036=VERTEX_POINT('',#8924);
#7037=CIRCLE('',#8925,0.47);
#7038=VERTEX_POINT('',#8926);
#7039=CIRCLE('',#8927,0.150000000000001);
#7040=CIRCLE('',#8928,0.32);
#7041=VERTEX_POINT('',#8929);
#7042=VERTEX_POINT('',#8930);
#7043=LINE('',#8931,#8932);
#7044=VERTEX_POINT('',#8933);
#7045=CIRCLE('',#8934,0.665);
#7046=VERTEX_POINT('',#8935);
#7047=LINE('',#8936,#8937);
#7048=CIRCLE('',#8938,0.665);
#7049=VERTEX_POINT('',#8939);
#7050=LINE('',#8940,#8941);
#7051=VERTEX_POINT('',#8942);
#7052=CIRCLE('',#8943,0.415);
#7053=LINE('',#8944,#8945);
#7054=VERTEX_POINT('',#8946);
#7055=VERTEX_POINT('',#8947);
#7056=CIRCLE('',#8948,0.150000000000002);
#7057=VERTEX_POINT('',#8949);
#7058=CIRCLE('',#8950,0.235);
#7059=VERTEX_POINT('',#8951);
#7060=CIRCLE('',#8952,0.235);
#7061=VERTEX_POINT('',#8953);
#7062=CIRCLE('',#8954,0.150000000000002);
#7063=CIRCLE('',#8955,0.385);
#7064=VERTEX_POINT('',#8956);
#7065=LINE('',#8957,#8958);
#7066=VERTEX_POINT('',#8959);
#7067=CIRCLE('',#8960,0.234999999999998);
#7068=LINE('',#8961,#8962);
#7069=CIRCLE('',#8963,0.235);
#7070=VERTEX_POINT('',#8964);
#7071=VERTEX_POINT('',#8965);
#7072=LINE('',#8966,#8967);
#7073=VERTEX_POINT('',#8968);
#7074=CIRCLE('',#8969,0.915);
#7075=VERTEX_POINT('',#8970);
#7076=LINE('',#8971,#8972);
#7077=CIRCLE('',#8973,0.915);
#7078=VERTEX_POINT('',#8974);
#7079=VERTEX_POINT('',#8975);
#7080=CIRCLE('',#8976,0.230000000000003);
#7081=VERTEX_POINT('',#8977);
#7082=CIRCLE('',#8978,0.00499999999999989);
#7083=VERTEX_POINT('',#8979);
#7084=CIRCLE('',#8980,0.00499999999999989);
#7085=VERTEX_POINT('',#8981);
#7086=CIRCLE('',#8982,0.230000000000003);
#7087=VERTEX_POINT('',#8983);
#7088=CIRCLE('',#8984,0.234999999999998);
#7089=CIRCLE('',#8985,0.234999999999998);
#7090=VERTEX_POINT('',#8986);
#7091=VERTEX_POINT('',#8987);
#7092=CIRCLE('',#8988,0.315);
#7093=VERTEX_POINT('',#8989);
#7094=CIRCLE('',#8990,0.320000000000001);
#7095=VERTEX_POINT('',#8991);
#7096=CIRCLE('',#8992,0.320000000000001);
#7097=VERTEX_POINT('',#8993);
#7098=CIRCLE('',#8994,0.315);
#7099=VERTEX_POINT('',#8995);
#7100=CIRCLE('',#8996,0.00499999999999989);
#7101=CIRCLE('',#8997,0.00499999999999989);
#7102=VERTEX_POINT('',#8998);
#7103=LINE('',#8999,#9000);
#7104=VERTEX_POINT('',#9001);
#7105=CIRCLE('',#9002,0.32);
#7106=VERTEX_POINT('',#9003);
#7107=CIRCLE('',#9004,0.32);
#7108=VERTEX_POINT('',#9005);
#7109=LINE('',#9006,#9007);
#7110=CIRCLE('',#9008,0.320000000000001);
#7111=VERTEX_POINT('',#9009);
#7112=CIRCLE('',#9010,0.150000000000001);
#7113=VERTEX_POINT('',#9011);
#7114=CIRCLE('',#9012,0.47);
#7115=VERTEX_POINT('',#9013);
#7116=CIRCLE('',#9014,0.150000000000001);
#7117=CIRCLE('',#9015,0.32);
#7118=VERTEX_POINT('',#9016);
#7119=VERTEX_POINT('',#9017);
#7120=LINE('',#9018,#9019);
#7121=VERTEX_POINT('',#9020);
#7122=CIRCLE('',#9021,0.665);
#7123=VERTEX_POINT('',#9022);
#7124=LINE('',#9023,#9024);
#7125=CIRCLE('',#9025,0.665);
#7126=VERTEX_POINT('',#9026);
#7127=LINE('',#9027,#9028);
#7128=VERTEX_POINT('',#9029);
#7129=CIRCLE('',#9030,0.415);
#7130=LINE('',#9031,#9032);
#7131=VERTEX_POINT('',#9033);
#7132=VERTEX_POINT('',#9034);
#7133=CIRCLE('',#9035,0.150000000000002);
#7134=VERTEX_POINT('',#9036);
#7135=CIRCLE('',#9037,0.235);
#7136=VERTEX_POINT('',#9038);
#7137=CIRCLE('',#9039,0.235);
#7138=VERTEX_POINT('',#9040);
#7139=CIRCLE('',#9041,0.150000000000002);
#7140=CIRCLE('',#9042,0.385);
#7141=VERTEX_POINT('',#9043);
#7142=LINE('',#9044,#9045);
#7143=VERTEX_POINT('',#9046);
#7144=CIRCLE('',#9047,0.234999999999998);
#7145=LINE('',#9048,#9049);
#7146=CIRCLE('',#9050,0.235);
#7147=VERTEX_POINT('',#9051);
#7148=VERTEX_POINT('',#9052);
#7149=LINE('',#9053,#9054);
#7150=VERTEX_POINT('',#9055);
#7151=CIRCLE('',#9056,0.915);
#7152=VERTEX_POINT('',#9057);
#7153=LINE('',#9058,#9059);
#7154=CIRCLE('',#9060,0.915);
#7155=VERTEX_POINT('',#9061);
#7156=VERTEX_POINT('',#9062);
#7157=CIRCLE('',#9063,0.230000000000003);
#7158=VERTEX_POINT('',#9064);
#7159=CIRCLE('',#9065,0.00499999999999989);
#7160=VERTEX_POINT('',#9066);
#7161=CIRCLE('',#9067,0.00499999999999989);
#7162=VERTEX_POINT('',#9068);
#7163=CIRCLE('',#9069,0.230000000000003);
#7164=VERTEX_POINT('',#9070);
#7165=CIRCLE('',#9071,0.234999999999998);
#7166=CIRCLE('',#9072,0.234999999999998);
#7167=VERTEX_POINT('',#9073);
#7168=VERTEX_POINT('',#9074);
#7169=CIRCLE('',#9075,0.315);
#7170=VERTEX_POINT('',#9076);
#7171=CIRCLE('',#9077,0.320000000000001);
#7172=VERTEX_POINT('',#9078);
#7173=CIRCLE('',#9079,0.320000000000001);
#7174=VERTEX_POINT('',#9080);
#7175=CIRCLE('',#9081,0.315);
#7176=VERTEX_POINT('',#9082);
#7177=CIRCLE('',#9083,0.00499999999999989);
#7178=CIRCLE('',#9084,0.00499999999999989);
#7179=VERTEX_POINT('',#9085);
#7180=LINE('',#9086,#9087);
#7181=VERTEX_POINT('',#9088);
#7182=CIRCLE('',#9089,0.32);
#7183=VERTEX_POINT('',#9090);
#7184=CIRCLE('',#9091,0.32);
#7185=VERTEX_POINT('',#9092);
#7186=LINE('',#9093,#9094);
#7187=CIRCLE('',#9095,0.320000000000001);
#7188=VERTEX_POINT('',#9096);
#7189=CIRCLE('',#9097,0.150000000000001);
#7190=VERTEX_POINT('',#9098);
#7191=CIRCLE('',#9099,0.47);
#7192=VERTEX_POINT('',#9100);
#7193=CIRCLE('',#9101,0.150000000000001);
#7194=CIRCLE('',#9102,0.32);
#7195=VERTEX_POINT('',#9103);
#7196=VERTEX_POINT('',#9104);
#7197=LINE('',#9105,#9106);
#7198=VERTEX_POINT('',#9107);
#7199=CIRCLE('',#9108,0.665);
#7200=VERTEX_POINT('',#9109);
#7201=LINE('',#9110,#9111);
#7202=CIRCLE('',#9112,0.665);
#7203=VERTEX_POINT('',#9113);
#7204=LINE('',#9114,#9115);
#7205=VERTEX_POINT('',#9116);
#7206=CIRCLE('',#9117,0.415);
#7207=LINE('',#9118,#9119);
#7208=VERTEX_POINT('',#9120);
#7209=VERTEX_POINT('',#9121);
#7210=CIRCLE('',#9122,0.150000000000002);
#7211=VERTEX_POINT('',#9123);
#7212=CIRCLE('',#9124,0.235);
#7213=VERTEX_POINT('',#9125);
#7214=CIRCLE('',#9126,0.235);
#7215=VERTEX_POINT('',#9127);
#7216=CIRCLE('',#9128,0.150000000000002);
#7217=CIRCLE('',#9129,0.385);
#7218=VERTEX_POINT('',#9130);
#7219=LINE('',#9131,#9132);
#7220=VERTEX_POINT('',#9133);
#7221=CIRCLE('',#9134,0.234999999999998);
#7222=LINE('',#9135,#9136);
#7223=CIRCLE('',#9137,0.235);
#7224=VERTEX_POINT('',#9138);
#7225=VERTEX_POINT('',#9139);
#7226=LINE('',#9140,#9141);
#7227=VERTEX_POINT('',#9142);
#7228=CIRCLE('',#9143,0.915);
#7229=VERTEX_POINT('',#9144);
#7230=LINE('',#9145,#9146);
#7231=CIRCLE('',#9147,0.915);
#7232=VERTEX_POINT('',#9148);
#7233=VERTEX_POINT('',#9149);
#7234=CIRCLE('',#9150,0.230000000000003);
#7235=VERTEX_POINT('',#9151);
#7236=CIRCLE('',#9152,0.00499999999999989);
#7237=VERTEX_POINT('',#9153);
#7238=CIRCLE('',#9154,0.00499999999999989);
#7239=VERTEX_POINT('',#9155);
#7240=CIRCLE('',#9156,0.230000000000003);
#7241=VERTEX_POINT('',#9157);
#7242=CIRCLE('',#9158,0.234999999999998);
#7243=CIRCLE('',#9159,0.234999999999998);
#7244=VERTEX_POINT('',#9160);
#7245=VERTEX_POINT('',#9161);
#7246=CIRCLE('',#9162,0.315);
#7247=VERTEX_POINT('',#9163);
#7248=CIRCLE('',#9164,0.320000000000001);
#7249=VERTEX_POINT('',#9165);
#7250=CIRCLE('',#9166,0.320000000000001);
#7251=VERTEX_POINT('',#9167);
#7252=CIRCLE('',#9168,0.315);
#7253=VERTEX_POINT('',#9169);
#7254=CIRCLE('',#9170,0.00499999999999989);
#7255=CIRCLE('',#9171,0.00499999999999989);
#7256=VERTEX_POINT('',#9172);
#7257=LINE('',#9173,#9174);
#7258=VERTEX_POINT('',#9175);
#7259=CIRCLE('',#9176,0.32);
#7260=VERTEX_POINT('',#9177);
#7261=CIRCLE('',#9178,0.32);
#7262=VERTEX_POINT('',#9179);
#7263=LINE('',#9180,#9181);
#7264=CIRCLE('',#9182,0.320000000000001);
#7265=VERTEX_POINT('',#9183);
#7266=CIRCLE('',#9184,0.150000000000001);
#7267=VERTEX_POINT('',#9185);
#7268=CIRCLE('',#9186,0.47);
#7269=VERTEX_POINT('',#9187);
#7270=CIRCLE('',#9188,0.150000000000001);
#7271=CIRCLE('',#9189,0.32);
#7272=VERTEX_POINT('',#9190);
#7273=VERTEX_POINT('',#9191);
#7274=LINE('',#9192,#9193);
#7275=VERTEX_POINT('',#9194);
#7276=CIRCLE('',#9195,0.665);
#7277=VERTEX_POINT('',#9196);
#7278=LINE('',#9197,#9198);
#7279=CIRCLE('',#9199,0.665);
#7280=VERTEX_POINT('',#9200);
#7281=LINE('',#9201,#9202);
#7282=VERTEX_POINT('',#9203);
#7283=CIRCLE('',#9204,0.415);
#7284=LINE('',#9205,#9206);
#7285=VERTEX_POINT('',#9207);
#7286=VERTEX_POINT('',#9208);
#7287=CIRCLE('',#9209,0.150000000000002);
#7288=VERTEX_POINT('',#9210);
#7289=CIRCLE('',#9211,0.235);
#7290=VERTEX_POINT('',#9212);
#7291=CIRCLE('',#9213,0.235);
#7292=VERTEX_POINT('',#9214);
#7293=CIRCLE('',#9215,0.150000000000002);
#7294=CIRCLE('',#9216,0.385);
#7295=VERTEX_POINT('',#9217);
#7296=LINE('',#9218,#9219);
#7297=VERTEX_POINT('',#9220);
#7298=CIRCLE('',#9221,0.234999999999998);
#7299=LINE('',#9222,#9223);
#7300=CIRCLE('',#9224,0.235);
#7301=VERTEX_POINT('',#9225);
#7302=VERTEX_POINT('',#9226);
#7303=LINE('',#9227,#9228);
#7304=VERTEX_POINT('',#9229);
#7305=CIRCLE('',#9230,0.915);
#7306=VERTEX_POINT('',#9231);
#7307=LINE('',#9232,#9233);
#7308=CIRCLE('',#9234,0.915);
#7309=VERTEX_POINT('',#9235);
#7310=VERTEX_POINT('',#9236);
#7311=CIRCLE('',#9237,0.230000000000003);
#7312=VERTEX_POINT('',#9238);
#7313=CIRCLE('',#9239,0.00499999999999989);
#7314=VERTEX_POINT('',#9240);
#7315=CIRCLE('',#9241,0.00499999999999989);
#7316=VERTEX_POINT('',#9242);
#7317=CIRCLE('',#9243,0.230000000000003);
#7318=VERTEX_POINT('',#9244);
#7319=CIRCLE('',#9245,0.234999999999998);
#7320=CIRCLE('',#9246,0.234999999999998);
#7321=VERTEX_POINT('',#9247);
#7322=VERTEX_POINT('',#9248);
#7323=CIRCLE('',#9249,0.315);
#7324=VERTEX_POINT('',#9250);
#7325=CIRCLE('',#9251,0.320000000000001);
#7326=VERTEX_POINT('',#9252);
#7327=CIRCLE('',#9253,0.320000000000001);
#7328=VERTEX_POINT('',#9254);
#7329=CIRCLE('',#9255,0.315);
#7330=VERTEX_POINT('',#9256);
#7331=CIRCLE('',#9257,0.00499999999999989);
#7332=CIRCLE('',#9258,0.00499999999999989);
#7333=VERTEX_POINT('',#9259);
#7334=LINE('',#9260,#9261);
#7335=VERTEX_POINT('',#9262);
#7336=CIRCLE('',#9263,0.32);
#7337=VERTEX_POINT('',#9264);
#7338=CIRCLE('',#9265,0.32);
#7339=VERTEX_POINT('',#9266);
#7340=LINE('',#9267,#9268);
#7341=CIRCLE('',#9269,0.320000000000001);
#7342=VERTEX_POINT('',#9270);
#7343=CIRCLE('',#9271,0.150000000000001);
#7344=VERTEX_POINT('',#9272);
#7345=CIRCLE('',#9273,0.47);
#7346=VERTEX_POINT('',#9274);
#7347=CIRCLE('',#9275,0.150000000000001);
#7348=CIRCLE('',#9276,0.32);
#7349=VERTEX_POINT('',#9277);
#7350=VERTEX_POINT('',#9278);
#7351=LINE('',#9279,#9280);
#7352=VERTEX_POINT('',#9281);
#7353=CIRCLE('',#9282,0.665);
#7354=VERTEX_POINT('',#9283);
#7355=LINE('',#9284,#9285);
#7356=CIRCLE('',#9286,0.665);
#7357=VERTEX_POINT('',#9287);
#7358=LINE('',#9288,#9289);
#7359=VERTEX_POINT('',#9290);
#7360=CIRCLE('',#9291,0.415);
#7361=LINE('',#9292,#9293);
#7362=VERTEX_POINT('',#9294);
#7363=VERTEX_POINT('',#9295);
#7364=CIRCLE('',#9296,0.150000000000002);
#7365=VERTEX_POINT('',#9297);
#7366=CIRCLE('',#9298,0.235);
#7367=VERTEX_POINT('',#9299);
#7368=CIRCLE('',#9300,0.235);
#7369=VERTEX_POINT('',#9301);
#7370=CIRCLE('',#9302,0.150000000000002);
#7371=CIRCLE('',#9303,0.385);
#7372=VERTEX_POINT('',#9304);
#7373=LINE('',#9305,#9306);
#7374=VERTEX_POINT('',#9307);
#7375=CIRCLE('',#9308,0.234999999999998);
#7376=LINE('',#9309,#9310);
#7377=CIRCLE('',#9311,0.235);
#7378=VERTEX_POINT('',#9312);
#7379=VERTEX_POINT('',#9313);
#7380=LINE('',#9314,#9315);
#7381=VERTEX_POINT('',#9316);
#7382=CIRCLE('',#9317,0.915);
#7383=VERTEX_POINT('',#9318);
#7384=LINE('',#9319,#9320);
#7385=CIRCLE('',#9321,0.915);
#7386=VERTEX_POINT('',#9322);
#7387=VERTEX_POINT('',#9323);
#7388=CIRCLE('',#9324,0.230000000000003);
#7389=VERTEX_POINT('',#9325);
#7390=CIRCLE('',#9326,0.00499999999999989);
#7391=VERTEX_POINT('',#9327);
#7392=CIRCLE('',#9328,0.00499999999999989);
#7393=VERTEX_POINT('',#9329);
#7394=CIRCLE('',#9330,0.230000000000003);
#7395=VERTEX_POINT('',#9331);
#7396=CIRCLE('',#9332,0.234999999999998);
#7397=CIRCLE('',#9333,0.234999999999998);
#7398=VERTEX_POINT('',#9334);
#7399=VERTEX_POINT('',#9335);
#7400=CIRCLE('',#9336,0.315);
#7401=VERTEX_POINT('',#9337);
#7402=CIRCLE('',#9338,0.320000000000001);
#7403=VERTEX_POINT('',#9339);
#7404=CIRCLE('',#9340,0.320000000000001);
#7405=VERTEX_POINT('',#9341);
#7406=CIRCLE('',#9342,0.315);
#7407=VERTEX_POINT('',#9343);
#7408=CIRCLE('',#9344,0.00499999999999989);
#7409=CIRCLE('',#9345,0.00499999999999989);
#7410=VERTEX_POINT('',#9346);
#7411=LINE('',#9347,#9348);
#7412=VERTEX_POINT('',#9349);
#7413=CIRCLE('',#9350,0.32);
#7414=VERTEX_POINT('',#9351);
#7415=CIRCLE('',#9352,0.32);
#7416=VERTEX_POINT('',#9353);
#7417=LINE('',#9354,#9355);
#7418=CIRCLE('',#9356,0.320000000000001);
#7419=VERTEX_POINT('',#9357);
#7420=CIRCLE('',#9358,0.150000000000001);
#7421=VERTEX_POINT('',#9359);
#7422=CIRCLE('',#9360,0.47);
#7423=VERTEX_POINT('',#9361);
#7424=CIRCLE('',#9362,0.150000000000001);
#7425=CIRCLE('',#9363,0.32);
#7426=VERTEX_POINT('',#9364);
#7427=VERTEX_POINT('',#9365);
#7428=LINE('',#9366,#9367);
#7429=VERTEX_POINT('',#9368);
#7430=CIRCLE('',#9369,0.665);
#7431=VERTEX_POINT('',#9370);
#7432=LINE('',#9371,#9372);
#7433=CIRCLE('',#9373,0.665);
#7434=VERTEX_POINT('',#9374);
#7435=LINE('',#9375,#9376);
#7436=VERTEX_POINT('',#9377);
#7437=CIRCLE('',#9378,0.415);
#7438=LINE('',#9379,#9380);
#7439=VERTEX_POINT('',#9381);
#7440=VERTEX_POINT('',#9382);
#7441=CIRCLE('',#9383,0.150000000000002);
#7442=VERTEX_POINT('',#9384);
#7443=CIRCLE('',#9385,0.235);
#7444=VERTEX_POINT('',#9386);
#7445=CIRCLE('',#9387,0.235);
#7446=VERTEX_POINT('',#9388);
#7447=CIRCLE('',#9389,0.150000000000002);
#7448=CIRCLE('',#9390,0.385);
#7449=VERTEX_POINT('',#9391);
#7450=LINE('',#9392,#9393);
#7451=VERTEX_POINT('',#9394);
#7452=CIRCLE('',#9395,0.234999999999998);
#7453=LINE('',#9396,#9397);
#7454=CIRCLE('',#9398,0.235);
#7455=VERTEX_POINT('',#9399);
#7456=VERTEX_POINT('',#9400);
#7457=LINE('',#9401,#9402);
#7458=VERTEX_POINT('',#9403);
#7459=CIRCLE('',#9404,0.915);
#7460=VERTEX_POINT('',#9405);
#7461=LINE('',#9406,#9407);
#7462=CIRCLE('',#9408,0.915);
#7463=VERTEX_POINT('',#9409);
#7464=VERTEX_POINT('',#9410);
#7465=CIRCLE('',#9411,0.230000000000003);
#7466=VERTEX_POINT('',#9412);
#7467=CIRCLE('',#9413,0.00499999999999989);
#7468=VERTEX_POINT('',#9414);
#7469=CIRCLE('',#9415,0.00499999999999989);
#7470=VERTEX_POINT('',#9416);
#7471=CIRCLE('',#9417,0.230000000000003);
#7472=VERTEX_POINT('',#9418);
#7473=CIRCLE('',#9419,0.234999999999998);
#7474=CIRCLE('',#9420,0.234999999999998);
#7475=VERTEX_POINT('',#9421);
#7476=VERTEX_POINT('',#9422);
#7477=CIRCLE('',#9423,0.315);
#7478=VERTEX_POINT('',#9424);
#7479=CIRCLE('',#9425,0.320000000000001);
#7480=VERTEX_POINT('',#9426);
#7481=CIRCLE('',#9427,0.320000000000001);
#7482=VERTEX_POINT('',#9428);
#7483=CIRCLE('',#9429,0.315);
#7484=VERTEX_POINT('',#9430);
#7485=CIRCLE('',#9431,0.00499999999999989);
#7486=CIRCLE('',#9432,0.00499999999999989);
#7487=VERTEX_POINT('',#9433);
#7488=LINE('',#9434,#9435);
#7489=VERTEX_POINT('',#9436);
#7490=CIRCLE('',#9437,0.32);
#7491=VERTEX_POINT('',#9438);
#7492=CIRCLE('',#9439,0.32);
#7493=VERTEX_POINT('',#9440);
#7494=LINE('',#9441,#9442);
#7495=CIRCLE('',#9443,0.320000000000001);
#7496=VERTEX_POINT('',#9444);
#7497=CIRCLE('',#9445,0.150000000000001);
#7498=VERTEX_POINT('',#9446);
#7499=CIRCLE('',#9447,0.47);
#7500=VERTEX_POINT('',#9448);
#7501=CIRCLE('',#9449,0.150000000000001);
#7502=CIRCLE('',#9450,0.32);
#7503=VERTEX_POINT('',#9451);
#7504=VERTEX_POINT('',#9452);
#7505=LINE('',#9453,#9454);
#7506=VERTEX_POINT('',#9455);
#7507=CIRCLE('',#9456,0.665);
#7508=VERTEX_POINT('',#9457);
#7509=LINE('',#9458,#9459);
#7510=CIRCLE('',#9460,0.665);
#7511=VERTEX_POINT('',#9461);
#7512=LINE('',#9462,#9463);
#7513=VERTEX_POINT('',#9464);
#7514=CIRCLE('',#9465,0.415);
#7515=LINE('',#9466,#9467);
#7516=VERTEX_POINT('',#9468);
#7517=VERTEX_POINT('',#9469);
#7518=CIRCLE('',#9470,0.150000000000002);
#7519=VERTEX_POINT('',#9471);
#7520=CIRCLE('',#9472,0.235);
#7521=VERTEX_POINT('',#9473);
#7522=CIRCLE('',#9474,0.235);
#7523=VERTEX_POINT('',#9475);
#7524=CIRCLE('',#9476,0.150000000000002);
#7525=CIRCLE('',#9477,0.385);
#7526=VERTEX_POINT('',#9478);
#7527=LINE('',#9479,#9480);
#7528=VERTEX_POINT('',#9481);
#7529=CIRCLE('',#9482,0.234999999999998);
#7530=LINE('',#9483,#9484);
#7531=CIRCLE('',#9485,0.235);
#7532=VERTEX_POINT('',#9486);
#7533=VERTEX_POINT('',#9487);
#7534=LINE('',#9488,#9489);
#7535=VERTEX_POINT('',#9490);
#7536=CIRCLE('',#9491,0.915);
#7537=VERTEX_POINT('',#9492);
#7538=LINE('',#9493,#9494);
#7539=CIRCLE('',#9495,0.915);
#7540=VERTEX_POINT('',#9496);
#7541=VERTEX_POINT('',#9497);
#7542=CIRCLE('',#9498,0.230000000000003);
#7543=VERTEX_POINT('',#9499);
#7544=CIRCLE('',#9500,0.00499999999999989);
#7545=VERTEX_POINT('',#9501);
#7546=CIRCLE('',#9502,0.00499999999999989);
#7547=VERTEX_POINT('',#9503);
#7548=CIRCLE('',#9504,0.230000000000003);
#7549=VERTEX_POINT('',#9505);
#7550=CIRCLE('',#9506,0.234999999999998);
#7551=CIRCLE('',#9507,0.234999999999998);
#7552=VERTEX_POINT('',#9508);
#7553=VERTEX_POINT('',#9509);
#7554=CIRCLE('',#9510,0.315);
#7555=VERTEX_POINT('',#9511);
#7556=CIRCLE('',#9512,0.320000000000001);
#7557=VERTEX_POINT('',#9513);
#7558=CIRCLE('',#9514,0.320000000000001);
#7559=VERTEX_POINT('',#9515);
#7560=CIRCLE('',#9516,0.315);
#7561=VERTEX_POINT('',#9517);
#7562=CIRCLE('',#9518,0.00499999999999989);
#7563=CIRCLE('',#9519,0.00499999999999989);
#7564=VERTEX_POINT('',#9520);
#7565=LINE('',#9521,#9522);
#7566=VERTEX_POINT('',#9523);
#7567=CIRCLE('',#9524,0.32);
#7568=VERTEX_POINT('',#9525);
#7569=CIRCLE('',#9526,0.32);
#7570=VERTEX_POINT('',#9527);
#7571=LINE('',#9528,#9529);
#7572=CIRCLE('',#9530,0.320000000000001);
#7573=VERTEX_POINT('',#9531);
#7574=CIRCLE('',#9532,0.150000000000001);
#7575=VERTEX_POINT('',#9533);
#7576=CIRCLE('',#9534,0.47);
#7577=VERTEX_POINT('',#9535);
#7578=CIRCLE('',#9536,0.150000000000001);
#7579=CIRCLE('',#9537,0.32);
#7580=VERTEX_POINT('',#9538);
#7581=VERTEX_POINT('',#9539);
#7582=LINE('',#9540,#9541);
#7583=VERTEX_POINT('',#9542);
#7584=CIRCLE('',#9543,0.665);
#7585=VERTEX_POINT('',#9544);
#7586=LINE('',#9545,#9546);
#7587=CIRCLE('',#9547,0.665);
#7588=VERTEX_POINT('',#9548);
#7589=LINE('',#9549,#9550);
#7590=VERTEX_POINT('',#9551);
#7591=CIRCLE('',#9552,0.415);
#7592=LINE('',#9553,#9554);
#7593=VERTEX_POINT('',#9555);
#7594=VERTEX_POINT('',#9556);
#7595=CIRCLE('',#9557,0.150000000000002);
#7596=VERTEX_POINT('',#9558);
#7597=CIRCLE('',#9559,0.235);
#7598=VERTEX_POINT('',#9560);
#7599=CIRCLE('',#9561,0.235);
#7600=VERTEX_POINT('',#9562);
#7601=CIRCLE('',#9563,0.150000000000002);
#7602=CIRCLE('',#9564,0.385);
#7603=VERTEX_POINT('',#9565);
#7604=LINE('',#9566,#9567);
#7605=VERTEX_POINT('',#9568);
#7606=CIRCLE('',#9569,0.234999999999998);
#7607=LINE('',#9570,#9571);
#7608=CIRCLE('',#9572,0.235);
#7609=VERTEX_POINT('',#9573);
#7610=VERTEX_POINT('',#9574);
#7611=LINE('',#9575,#9576);
#7612=VERTEX_POINT('',#9577);
#7613=CIRCLE('',#9578,0.915);
#7614=VERTEX_POINT('',#9579);
#7615=LINE('',#9580,#9581);
#7616=CIRCLE('',#9582,0.915);
#7617=VERTEX_POINT('',#9583);
#7618=VERTEX_POINT('',#9584);
#7619=CIRCLE('',#9585,0.230000000000003);
#7620=VERTEX_POINT('',#9586);
#7621=CIRCLE('',#9587,0.00499999999999989);
#7622=VERTEX_POINT('',#9588);
#7623=CIRCLE('',#9589,0.00499999999999989);
#7624=VERTEX_POINT('',#9590);
#7625=CIRCLE('',#9591,0.230000000000003);
#7626=VERTEX_POINT('',#9592);
#7627=CIRCLE('',#9593,0.234999999999998);
#7628=CIRCLE('',#9594,0.234999999999998);
#7629=VERTEX_POINT('',#9595);
#7630=VERTEX_POINT('',#9596);
#7631=CIRCLE('',#9597,0.315);
#7632=VERTEX_POINT('',#9598);
#7633=CIRCLE('',#9599,0.320000000000001);
#7634=VERTEX_POINT('',#9600);
#7635=CIRCLE('',#9601,0.320000000000001);
#7636=VERTEX_POINT('',#9602);
#7637=CIRCLE('',#9603,0.315);
#7638=VERTEX_POINT('',#9604);
#7639=CIRCLE('',#9605,0.00499999999999989);
#7640=CIRCLE('',#9606,0.00499999999999989);
#7641=VERTEX_POINT('',#9607);
#7642=LINE('',#9608,#9609);
#7643=VERTEX_POINT('',#9610);
#7644=CIRCLE('',#9611,0.32);
#7645=VERTEX_POINT('',#9612);
#7646=CIRCLE('',#9613,0.32);
#7647=VERTEX_POINT('',#9614);
#7648=LINE('',#9615,#9616);
#7649=CIRCLE('',#9617,0.320000000000001);
#7650=VERTEX_POINT('',#9618);
#7651=CIRCLE('',#9619,0.150000000000001);
#7652=VERTEX_POINT('',#9620);
#7653=CIRCLE('',#9621,0.47);
#7654=VERTEX_POINT('',#9622);
#7655=CIRCLE('',#9623,0.150000000000001);
#7656=CIRCLE('',#9624,0.32);
#7657=VERTEX_POINT('',#9625);
#7658=VERTEX_POINT('',#9626);
#7659=LINE('',#9627,#9628);
#7660=VERTEX_POINT('',#9629);
#7661=CIRCLE('',#9630,0.665);
#7662=VERTEX_POINT('',#9631);
#7663=LINE('',#9632,#9633);
#7664=CIRCLE('',#9634,0.665);
#7665=VERTEX_POINT('',#9635);
#7666=LINE('',#9636,#9637);
#7667=VERTEX_POINT('',#9638);
#7668=CIRCLE('',#9639,0.415);
#7669=LINE('',#9640,#9641);
#7670=VERTEX_POINT('',#9642);
#7671=VERTEX_POINT('',#9643);
#7672=CIRCLE('',#9644,0.150000000000002);
#7673=VERTEX_POINT('',#9645);
#7674=CIRCLE('',#9646,0.235);
#7675=VERTEX_POINT('',#9647);
#7676=CIRCLE('',#9648,0.235);
#7677=VERTEX_POINT('',#9649);
#7678=CIRCLE('',#9650,0.150000000000002);
#7679=CIRCLE('',#9651,0.385);
#7680=VERTEX_POINT('',#9652);
#7681=LINE('',#9653,#9654);
#7682=VERTEX_POINT('',#9655);
#7683=CIRCLE('',#9656,0.234999999999998);
#7684=LINE('',#9657,#9658);
#7685=CIRCLE('',#9659,0.235);
#7686=VERTEX_POINT('',#9660);
#7687=VERTEX_POINT('',#9661);
#7688=LINE('',#9662,#9663);
#7689=VERTEX_POINT('',#9664);
#7690=CIRCLE('',#9665,0.915);
#7691=VERTEX_POINT('',#9666);
#7692=LINE('',#9667,#9668);
#7693=CIRCLE('',#9669,0.915);
#7694=VERTEX_POINT('',#9670);
#7695=VERTEX_POINT('',#9671);
#7696=CIRCLE('',#9672,0.230000000000003);
#7697=VERTEX_POINT('',#9673);
#7698=CIRCLE('',#9674,0.00499999999999989);
#7699=VERTEX_POINT('',#9675);
#7700=CIRCLE('',#9676,0.00499999999999989);
#7701=VERTEX_POINT('',#9677);
#7702=CIRCLE('',#9678,0.230000000000003);
#7703=VERTEX_POINT('',#9679);
#7704=CIRCLE('',#9680,0.234999999999998);
#7705=CIRCLE('',#9681,0.234999999999998);
#7706=VERTEX_POINT('',#9682);
#7707=VERTEX_POINT('',#9683);
#7708=CIRCLE('',#9684,0.315);
#7709=VERTEX_POINT('',#9685);
#7710=CIRCLE('',#9686,0.320000000000001);
#7711=VERTEX_POINT('',#9687);
#7712=CIRCLE('',#9688,0.320000000000001);
#7713=VERTEX_POINT('',#9689);
#7714=CIRCLE('',#9690,0.315);
#7715=VERTEX_POINT('',#9691);
#7716=CIRCLE('',#9692,0.00499999999999989);
#7717=CIRCLE('',#9693,0.00499999999999989);
#7718=VERTEX_POINT('',#9694);
#7719=LINE('',#9695,#9696);
#7720=VERTEX_POINT('',#9697);
#7721=CIRCLE('',#9698,0.32);
#7722=VERTEX_POINT('',#9699);
#7723=CIRCLE('',#9700,0.32);
#7724=VERTEX_POINT('',#9701);
#7725=LINE('',#9702,#9703);
#7726=CIRCLE('',#9704,0.320000000000001);
#7727=VERTEX_POINT('',#9705);
#7728=CIRCLE('',#9706,0.150000000000001);
#7729=VERTEX_POINT('',#9707);
#7730=CIRCLE('',#9708,0.47);
#7731=VERTEX_POINT('',#9709);
#7732=CIRCLE('',#9710,0.150000000000001);
#7733=CIRCLE('',#9711,0.32);
#7734=VERTEX_POINT('',#9712);
#7735=VERTEX_POINT('',#9713);
#7736=LINE('',#9714,#9715);
#7737=VERTEX_POINT('',#9716);
#7738=CIRCLE('',#9717,0.665);
#7739=VERTEX_POINT('',#9718);
#7740=LINE('',#9719,#9720);
#7741=CIRCLE('',#9721,0.665);
#7742=VERTEX_POINT('',#9722);
#7743=LINE('',#9723,#9724);
#7744=VERTEX_POINT('',#9725);
#7745=CIRCLE('',#9726,0.415);
#7746=LINE('',#9727,#9728);
#7747=VERTEX_POINT('',#9729);
#7748=VERTEX_POINT('',#9730);
#7749=CIRCLE('',#9731,0.150000000000002);
#7750=VERTEX_POINT('',#9732);
#7751=CIRCLE('',#9733,0.235);
#7752=VERTEX_POINT('',#9734);
#7753=CIRCLE('',#9735,0.235);
#7754=VERTEX_POINT('',#9736);
#7755=CIRCLE('',#9737,0.150000000000002);
#7756=CIRCLE('',#9738,0.385);
#7757=VERTEX_POINT('',#9739);
#7758=LINE('',#9740,#9741);
#7759=VERTEX_POINT('',#9742);
#7760=CIRCLE('',#9743,0.234999999999998);
#7761=LINE('',#9744,#9745);
#7762=CIRCLE('',#9746,0.235);
#7763=VERTEX_POINT('',#9747);
#7764=VERTEX_POINT('',#9748);
#7765=LINE('',#9749,#9750);
#7766=VERTEX_POINT('',#9751);
#7767=CIRCLE('',#9752,0.915);
#7768=VERTEX_POINT('',#9753);
#7769=LINE('',#9754,#9755);
#7770=CIRCLE('',#9756,0.915);
#7771=VERTEX_POINT('',#9757);
#7772=VERTEX_POINT('',#9758);
#7773=CIRCLE('',#9759,0.230000000000003);
#7774=VERTEX_POINT('',#9760);
#7775=CIRCLE('',#9761,0.00499999999999989);
#7776=VERTEX_POINT('',#9762);
#7777=CIRCLE('',#9763,0.00499999999999989);
#7778=VERTEX_POINT('',#9764);
#7779=CIRCLE('',#9765,0.230000000000003);
#7780=VERTEX_POINT('',#9766);
#7781=CIRCLE('',#9767,0.234999999999998);
#7782=CIRCLE('',#9768,0.234999999999998);
#7783=VERTEX_POINT('',#9769);
#7784=VERTEX_POINT('',#9770);
#7785=CIRCLE('',#9771,0.315);
#7786=VERTEX_POINT('',#9772);
#7787=CIRCLE('',#9773,0.320000000000001);
#7788=VERTEX_POINT('',#9774);
#7789=CIRCLE('',#9775,0.320000000000001);
#7790=VERTEX_POINT('',#9776);
#7791=CIRCLE('',#9777,0.315);
#7792=VERTEX_POINT('',#9778);
#7793=CIRCLE('',#9779,0.00499999999999989);
#7794=CIRCLE('',#9780,0.00499999999999989);
#7795=VERTEX_POINT('',#9781);
#7796=LINE('',#9782,#9783);
#7797=VERTEX_POINT('',#9784);
#7798=CIRCLE('',#9785,0.32);
#7799=VERTEX_POINT('',#9786);
#7800=CIRCLE('',#9787,0.32);
#7801=VERTEX_POINT('',#9788);
#7802=LINE('',#9789,#9790);
#7803=CIRCLE('',#9791,0.320000000000001);
#7804=VERTEX_POINT('',#9792);
#7805=CIRCLE('',#9793,0.150000000000001);
#7806=VERTEX_POINT('',#9794);
#7807=CIRCLE('',#9795,0.47);
#7808=VERTEX_POINT('',#9796);
#7809=CIRCLE('',#9797,0.150000000000001);
#7810=CIRCLE('',#9798,0.32);
#7811=VERTEX_POINT('',#9799);
#7812=VERTEX_POINT('',#9800);
#7813=LINE('',#9801,#9802);
#7814=VERTEX_POINT('',#9803);
#7815=CIRCLE('',#9804,0.665);
#7816=VERTEX_POINT('',#9805);
#7817=LINE('',#9806,#9807);
#7818=CIRCLE('',#9808,0.665);
#7819=VERTEX_POINT('',#9809);
#7820=LINE('',#9810,#9811);
#7821=VERTEX_POINT('',#9812);
#7822=CIRCLE('',#9813,0.415);
#7823=LINE('',#9814,#9815);
#7824=VERTEX_POINT('',#9816);
#7825=VERTEX_POINT('',#9817);
#7826=CIRCLE('',#9818,0.150000000000002);
#7827=VERTEX_POINT('',#9819);
#7828=CIRCLE('',#9820,0.235);
#7829=VERTEX_POINT('',#9821);
#7830=CIRCLE('',#9822,0.235);
#7831=VERTEX_POINT('',#9823);
#7832=CIRCLE('',#9824,0.150000000000002);
#7833=CIRCLE('',#9825,0.385);
#7834=VERTEX_POINT('',#9826);
#7835=LINE('',#9827,#9828);
#7836=VERTEX_POINT('',#9829);
#7837=CIRCLE('',#9830,0.234999999999998);
#7838=LINE('',#9831,#9832);
#7839=CIRCLE('',#9833,0.235);
#7840=VERTEX_POINT('',#9834);
#7841=VERTEX_POINT('',#9835);
#7842=LINE('',#9836,#9837);
#7843=VERTEX_POINT('',#9838);
#7844=CIRCLE('',#9839,0.915);
#7845=VERTEX_POINT('',#9840);
#7846=LINE('',#9841,#9842);
#7847=CIRCLE('',#9843,0.915);
#7848=VERTEX_POINT('',#9844);
#7849=VERTEX_POINT('',#9845);
#7850=CIRCLE('',#9846,0.230000000000003);
#7851=VERTEX_POINT('',#9847);
#7852=CIRCLE('',#9848,0.00499999999999989);
#7853=VERTEX_POINT('',#9849);
#7854=CIRCLE('',#9850,0.00499999999999989);
#7855=VERTEX_POINT('',#9851);
#7856=CIRCLE('',#9852,0.230000000000003);
#7857=VERTEX_POINT('',#9853);
#7858=CIRCLE('',#9854,0.234999999999998);
#7859=CIRCLE('',#9855,0.234999999999998);
#7860=VERTEX_POINT('',#9856);
#7861=VERTEX_POINT('',#9857);
#7862=CIRCLE('',#9858,0.315);
#7863=VERTEX_POINT('',#9859);
#7864=CIRCLE('',#9860,0.320000000000001);
#7865=VERTEX_POINT('',#9861);
#7866=CIRCLE('',#9862,0.320000000000001);
#7867=VERTEX_POINT('',#9863);
#7868=CIRCLE('',#9864,0.315);
#7869=VERTEX_POINT('',#9865);
#7870=CIRCLE('',#9866,0.00499999999999989);
#7871=CIRCLE('',#9867,0.00499999999999989);
#7872=VERTEX_POINT('',#9868);
#7873=LINE('',#9869,#9870);
#7874=VERTEX_POINT('',#9871);
#7875=CIRCLE('',#9872,0.32);
#7876=VERTEX_POINT('',#9873);
#7877=CIRCLE('',#9874,0.32);
#7878=VERTEX_POINT('',#9875);
#7879=LINE('',#9876,#9877);
#7880=CIRCLE('',#9878,0.320000000000001);
#7881=VERTEX_POINT('',#9879);
#7882=CIRCLE('',#9880,0.150000000000001);
#7883=VERTEX_POINT('',#9881);
#7884=CIRCLE('',#9882,0.47);
#7885=VERTEX_POINT('',#9883);
#7886=CIRCLE('',#9884,0.150000000000001);
#7887=CIRCLE('',#9885,0.32);
#7888=VERTEX_POINT('',#9886);
#7889=VERTEX_POINT('',#9887);
#7890=LINE('',#9888,#9889);
#7891=VERTEX_POINT('',#9890);
#7892=CIRCLE('',#9891,0.665);
#7893=VERTEX_POINT('',#9892);
#7894=LINE('',#9893,#9894);
#7895=CIRCLE('',#9895,0.665);
#7896=VERTEX_POINT('',#9896);
#7897=LINE('',#9897,#9898);
#7898=VERTEX_POINT('',#9899);
#7899=CIRCLE('',#9900,0.415);
#7900=LINE('',#9901,#9902);
#7901=VERTEX_POINT('',#9903);
#7902=VERTEX_POINT('',#9904);
#7903=CIRCLE('',#9905,0.150000000000002);
#7904=VERTEX_POINT('',#9906);
#7905=CIRCLE('',#9907,0.235);
#7906=VERTEX_POINT('',#9908);
#7907=CIRCLE('',#9909,0.235);
#7908=VERTEX_POINT('',#9910);
#7909=CIRCLE('',#9911,0.150000000000002);
#7910=CIRCLE('',#9912,0.385);
#7911=VERTEX_POINT('',#9913);
#7912=LINE('',#9914,#9915);
#7913=VERTEX_POINT('',#9916);
#7914=CIRCLE('',#9917,0.234999999999998);
#7915=LINE('',#9918,#9919);
#7916=CIRCLE('',#9920,0.235);
#7917=VERTEX_POINT('',#9921);
#7918=VERTEX_POINT('',#9922);
#7919=LINE('',#9923,#9924);
#7920=VERTEX_POINT('',#9925);
#7921=CIRCLE('',#9926,0.915);
#7922=VERTEX_POINT('',#9927);
#7923=LINE('',#9928,#9929);
#7924=CIRCLE('',#9930,0.915);
#7925=VERTEX_POINT('',#9931);
#7926=VERTEX_POINT('',#9932);
#7927=CIRCLE('',#9933,0.230000000000003);
#7928=VERTEX_POINT('',#9934);
#7929=CIRCLE('',#9935,0.00499999999999989);
#7930=VERTEX_POINT('',#9936);
#7931=CIRCLE('',#9937,0.00499999999999989);
#7932=VERTEX_POINT('',#9938);
#7933=CIRCLE('',#9939,0.230000000000003);
#7934=VERTEX_POINT('',#9940);
#7935=CIRCLE('',#9941,0.234999999999998);
#7936=CIRCLE('',#9942,0.234999999999998);
#7937=VERTEX_POINT('',#9943);
#7938=VERTEX_POINT('',#9944);
#7939=CIRCLE('',#9945,0.315);
#7940=VERTEX_POINT('',#9946);
#7941=CIRCLE('',#9947,0.320000000000001);
#7942=VERTEX_POINT('',#9948);
#7943=CIRCLE('',#9949,0.320000000000001);
#7944=VERTEX_POINT('',#9950);
#7945=CIRCLE('',#9951,0.315);
#7946=VERTEX_POINT('',#9952);
#7947=CIRCLE('',#9953,0.00499999999999989);
#7948=CIRCLE('',#9954,0.00499999999999989);
#7949=VERTEX_POINT('',#9955);
#7950=LINE('',#9956,#9957);
#7951=VERTEX_POINT('',#9958);
#7952=CIRCLE('',#9959,0.32);
#7953=VERTEX_POINT('',#9960);
#7954=CIRCLE('',#9961,0.32);
#7955=VERTEX_POINT('',#9962);
#7956=LINE('',#9963,#9964);
#7957=CIRCLE('',#9965,0.320000000000001);
#7958=VERTEX_POINT('',#9966);
#7959=CIRCLE('',#9967,0.150000000000001);
#7960=VERTEX_POINT('',#9968);
#7961=CIRCLE('',#9969,0.47);
#7962=VERTEX_POINT('',#9970);
#7963=CIRCLE('',#9971,0.150000000000001);
#7964=CIRCLE('',#9972,0.32);
#7965=VERTEX_POINT('',#9973);
#7966=VERTEX_POINT('',#9974);
#7967=LINE('',#9975,#9976);
#7968=VERTEX_POINT('',#9977);
#7969=CIRCLE('',#9978,0.665);
#7970=VERTEX_POINT('',#9979);
#7971=LINE('',#9980,#9981);
#7972=CIRCLE('',#9982,0.665);
#7973=VERTEX_POINT('',#9983);
#7974=LINE('',#9984,#9985);
#7975=VERTEX_POINT('',#9986);
#7976=CIRCLE('',#9987,0.415);
#7977=LINE('',#9988,#9989);
#7978=VERTEX_POINT('',#9990);
#7979=VERTEX_POINT('',#9991);
#7980=CIRCLE('',#9992,0.150000000000002);
#7981=VERTEX_POINT('',#9993);
#7982=CIRCLE('',#9994,0.235);
#7983=VERTEX_POINT('',#9995);
#7984=CIRCLE('',#9996,0.235);
#7985=VERTEX_POINT('',#9997);
#7986=CIRCLE('',#9998,0.150000000000002);
#7987=CIRCLE('',#9999,0.385);
#7988=VERTEX_POINT('',#10000);
#7989=LINE('',#10001,#10002);
#7990=VERTEX_POINT('',#10003);
#7991=CIRCLE('',#10004,0.234999999999998);
#7992=LINE('',#10005,#10006);
#7993=CIRCLE('',#10007,0.235);
#7994=VERTEX_POINT('',#10008);
#7995=VERTEX_POINT('',#10009);
#7996=LINE('',#10010,#10011);
#7997=VERTEX_POINT('',#10012);
#7998=CIRCLE('',#10013,0.915);
#7999=VERTEX_POINT('',#10014);
#8000=LINE('',#10015,#10016);
#8001=CIRCLE('',#10017,0.915);
#8002=CIRCLE('',#10018,0.915);
#8003=CIRCLE('',#10019,0.915);
#8004=CIRCLE('',#10020,0.235);
#8005=CIRCLE('',#10021,0.234999999999998);
#8006=VERTEX_POINT('',#10022);
#8007=CIRCLE('',#10023,0.385);
#8008=CIRCLE('',#10024,0.385);
#8009=CIRCLE('',#10025,0.415);
#8010=CIRCLE('',#10026,0.665);
#8011=CIRCLE('',#10027,0.665);
#8012=VERTEX_POINT('',#10028);
#8013=CIRCLE('',#10029,0.47);
#8014=CIRCLE('',#10030,0.47);
#8015=CIRCLE('',#10031,0.32);
#8016=CIRCLE('',#10032,0.320000000000001);
#8017=CIRCLE('',#10033,0.00499999999999989);
#8018=CIRCLE('',#10034,0.00499999999999989);
#8019=CIRCLE('',#10035,0.915);
#8020=CIRCLE('',#10036,0.915);
#8021=CIRCLE('',#10037,0.235);
#8022=CIRCLE('',#10038,0.234999999999998);
#8023=VERTEX_POINT('',#10039);
#8024=CIRCLE('',#10040,0.385);
#8025=CIRCLE('',#10041,0.385);
#8026=CIRCLE('',#10042,0.415);
#8027=CIRCLE('',#10043,0.665);
#8028=CIRCLE('',#10044,0.665);
#8029=VERTEX_POINT('',#10045);
#8030=CIRCLE('',#10046,0.47);
#8031=CIRCLE('',#10047,0.47);
#8032=CIRCLE('',#10048,0.32);
#8033=CIRCLE('',#10049,0.320000000000001);
#8034=CIRCLE('',#10050,0.00499999999999989);
#8035=CIRCLE('',#10051,0.00499999999999989);
#8036=CIRCLE('',#10052,0.915);
#8037=CIRCLE('',#10053,0.915);
#8038=CIRCLE('',#10054,0.235);
#8039=CIRCLE('',#10055,0.234999999999998);
#8040=VERTEX_POINT('',#10056);
#8041=CIRCLE('',#10057,0.385);
#8042=CIRCLE('',#10058,0.385);
#8043=CIRCLE('',#10059,0.415);
#8044=CIRCLE('',#10060,0.665);
#8045=CIRCLE('',#10061,0.665);
#8046=VERTEX_POINT('',#10062);
#8047=CIRCLE('',#10063,0.47);
#8048=CIRCLE('',#10064,0.47);
#8049=CIRCLE('',#10065,0.32);
#8050=CIRCLE('',#10066,0.320000000000001);
#8051=CIRCLE('',#10067,0.00499999999999989);
#8052=CIRCLE('',#10068,0.00499999999999989);
#8053=CIRCLE('',#10069,0.915);
#8054=CIRCLE('',#10070,0.915);
#8055=CIRCLE('',#10071,0.235);
#8056=CIRCLE('',#10072,0.234999999999998);
#8057=VERTEX_POINT('',#10073);
#8058=CIRCLE('',#10074,0.385);
#8059=CIRCLE('',#10075,0.385);
#8060=CIRCLE('',#10076,0.415);
#8061=CIRCLE('',#10077,0.665);
#8062=CIRCLE('',#10078,0.665);
#8063=VERTEX_POINT('',#10079);
#8064=CIRCLE('',#10080,0.47);
#8065=CIRCLE('',#10081,0.47);
#8066=CIRCLE('',#10082,0.32);
#8067=CIRCLE('',#10083,0.320000000000001);
#8068=CIRCLE('',#10084,0.00499999999999989);
#8069=CIRCLE('',#10085,0.00499999999999989);
#8070=CIRCLE('',#10086,0.915);
#8071=CIRCLE('',#10087,0.915);
#8072=CIRCLE('',#10088,0.235);
#8073=CIRCLE('',#10089,0.234999999999998);
#8074=VERTEX_POINT('',#10090);
#8075=CIRCLE('',#10091,0.385);
#8076=CIRCLE('',#10092,0.385);
#8077=CIRCLE('',#10093,0.415);
#8078=CIRCLE('',#10094,0.665);
#8079=CIRCLE('',#10095,0.665);
#8080=VERTEX_POINT('',#10096);
#8081=CIRCLE('',#10097,0.47);
#8082=CIRCLE('',#10098,0.47);
#8083=CIRCLE('',#10099,0.32);
#8084=CIRCLE('',#10100,0.320000000000001);
#8085=CIRCLE('',#10101,0.00499999999999989);
#8086=CIRCLE('',#10102,0.00499999999999989);
#8087=CIRCLE('',#10103,0.915);
#8088=CIRCLE('',#10104,0.915);
#8089=CIRCLE('',#10105,0.235);
#8090=CIRCLE('',#10106,0.234999999999998);
#8091=VERTEX_POINT('',#10107);
#8092=CIRCLE('',#10108,0.385);
#8093=CIRCLE('',#10109,0.385);
#8094=CIRCLE('',#10110,0.415);
#8095=CIRCLE('',#10111,0.665);
#8096=CIRCLE('',#10112,0.665);
#8097=VERTEX_POINT('',#10113);
#8098=CIRCLE('',#10114,0.47);
#8099=CIRCLE('',#10115,0.47);
#8100=CIRCLE('',#10116,0.32);
#8101=CIRCLE('',#10117,0.320000000000001);
#8102=CIRCLE('',#10118,0.00499999999999989);
#8103=CIRCLE('',#10119,0.00499999999999989);
#8104=CIRCLE('',#10120,0.915);
#8105=CIRCLE('',#10121,0.915);
#8106=CIRCLE('',#10122,0.235);
#8107=CIRCLE('',#10123,0.234999999999998);
#8108=VERTEX_POINT('',#10124);
#8109=CIRCLE('',#10125,0.385);
#8110=CIRCLE('',#10126,0.385);
#8111=CIRCLE('',#10127,0.415);
#8112=CIRCLE('',#10128,0.665);
#8113=CIRCLE('',#10129,0.665);
#8114=VERTEX_POINT('',#10130);
#8115=CIRCLE('',#10131,0.47);
#8116=CIRCLE('',#10132,0.47);
#8117=CIRCLE('',#10133,0.32);
#8118=CIRCLE('',#10134,0.320000000000001);
#8119=CIRCLE('',#10135,0.00499999999999989);
#8120=CIRCLE('',#10136,0.00499999999999989);
#8121=CIRCLE('',#10137,0.915);
#8122=CIRCLE('',#10138,0.915);
#8123=CIRCLE('',#10139,0.235);
#8124=CIRCLE('',#10140,0.234999999999998);
#8125=VERTEX_POINT('',#10141);
#8126=CIRCLE('',#10142,0.385);
#8127=CIRCLE('',#10143,0.385);
#8128=CIRCLE('',#10144,0.415);
#8129=CIRCLE('',#10145,0.665);
#8130=CIRCLE('',#10146,0.665);
#8131=VERTEX_POINT('',#10147);
#8132=CIRCLE('',#10148,0.47);
#8133=CIRCLE('',#10149,0.47);
#8134=CIRCLE('',#10150,0.32);
#8135=CIRCLE('',#10151,0.320000000000001);
#8136=CIRCLE('',#10152,0.00499999999999989);
#8137=CIRCLE('',#10153,0.00499999999999989);
#8138=CIRCLE('',#10154,0.915);
#8139=CIRCLE('',#10155,0.915);
#8140=CIRCLE('',#10156,0.235);
#8141=CIRCLE('',#10157,0.234999999999998);
#8142=VERTEX_POINT('',#10158);
#8143=CIRCLE('',#10159,0.385);
#8144=CIRCLE('',#10160,0.385);
#8145=CIRCLE('',#10161,0.415);
#8146=CIRCLE('',#10162,0.665);
#8147=CIRCLE('',#10163,0.665);
#8148=VERTEX_POINT('',#10164);
#8149=CIRCLE('',#10165,0.47);
#8150=CIRCLE('',#10166,0.47);
#8151=CIRCLE('',#10167,0.32);
#8152=CIRCLE('',#10168,0.320000000000001);
#8153=CIRCLE('',#10169,0.00499999999999989);
#8154=CIRCLE('',#10170,0.00499999999999989);
#8155=CIRCLE('',#10171,0.915);
#8156=CIRCLE('',#10172,0.915);
#8157=CIRCLE('',#10173,0.235);
#8158=CIRCLE('',#10174,0.234999999999998);
#8159=VERTEX_POINT('',#10175);
#8160=CIRCLE('',#10176,0.385);
#8161=CIRCLE('',#10177,0.385);
#8162=CIRCLE('',#10178,0.415);
#8163=CIRCLE('',#10179,0.665);
#8164=CIRCLE('',#10180,0.665);
#8165=VERTEX_POINT('',#10181);
#8166=CIRCLE('',#10182,0.47);
#8167=CIRCLE('',#10183,0.47);
#8168=CIRCLE('',#10184,0.32);
#8169=CIRCLE('',#10185,0.320000000000001);
#8170=CIRCLE('',#10186,0.00499999999999989);
#8171=CIRCLE('',#10187,0.00499999999999989);
#8172=CIRCLE('',#10188,0.915);
#8173=CIRCLE('',#10189,0.915);
#8174=CIRCLE('',#10190,0.235);
#8175=CIRCLE('',#10191,0.234999999999998);
#8176=VERTEX_POINT('',#10192);
#8177=CIRCLE('',#10193,0.385);
#8178=CIRCLE('',#10194,0.385);
#8179=CIRCLE('',#10195,0.415);
#8180=CIRCLE('',#10196,0.665);
#8181=CIRCLE('',#10197,0.665);
#8182=VERTEX_POINT('',#10198);
#8183=CIRCLE('',#10199,0.47);
#8184=CIRCLE('',#10200,0.47);
#8185=CIRCLE('',#10201,0.32);
#8186=CIRCLE('',#10202,0.320000000000001);
#8187=CIRCLE('',#10203,0.00499999999999989);
#8188=CIRCLE('',#10204,0.00499999999999989);
#8189=CIRCLE('',#10205,0.915);
#8190=CIRCLE('',#10206,0.915);
#8191=CIRCLE('',#10207,0.235);
#8192=CIRCLE('',#10208,0.234999999999998);
#8193=VERTEX_POINT('',#10209);
#8194=CIRCLE('',#10210,0.385);
#8195=CIRCLE('',#10211,0.385);
#8196=CIRCLE('',#10212,0.415);
#8197=CIRCLE('',#10213,0.665);
#8198=CIRCLE('',#10214,0.665);
#8199=VERTEX_POINT('',#10215);
#8200=CIRCLE('',#10216,0.47);
#8201=CIRCLE('',#10217,0.47);
#8202=CIRCLE('',#10218,0.32);
#8203=CIRCLE('',#10219,0.320000000000001);
#8204=CIRCLE('',#10220,0.00499999999999989);
#8205=CIRCLE('',#10221,0.00499999999999989);
#8206=CIRCLE('',#10222,0.915);
#8207=CIRCLE('',#10223,0.915);
#8208=CIRCLE('',#10224,0.235);
#8209=CIRCLE('',#10225,0.234999999999998);
#8210=VERTEX_POINT('',#10226);
#8211=CIRCLE('',#10227,0.385);
#8212=CIRCLE('',#10228,0.385);
#8213=CIRCLE('',#10229,0.415);
#8214=CIRCLE('',#10230,0.665);
#8215=CIRCLE('',#10231,0.665);
#8216=VERTEX_POINT('',#10232);
#8217=CIRCLE('',#10233,0.47);
#8218=CIRCLE('',#10234,0.47);
#8219=CIRCLE('',#10235,0.32);
#8220=CIRCLE('',#10236,0.320000000000001);
#8221=CIRCLE('',#10237,0.00499999999999989);
#8222=CIRCLE('',#10238,0.00499999999999989);
#8223=CIRCLE('',#10239,0.915);
#8224=CIRCLE('',#10240,0.915);
#8225=CIRCLE('',#10241,0.235);
#8226=CIRCLE('',#10242,0.234999999999998);
#8227=VERTEX_POINT('',#10243);
#8228=CIRCLE('',#10244,0.385);
#8229=CIRCLE('',#10245,0.385);
#8230=CIRCLE('',#10246,0.415);
#8231=CIRCLE('',#10247,0.665);
#8232=CIRCLE('',#10248,0.665);
#8233=VERTEX_POINT('',#10249);
#8234=CIRCLE('',#10250,0.47);
#8235=CIRCLE('',#10251,0.47);
#8236=CIRCLE('',#10252,0.32);
#8237=CIRCLE('',#10253,0.320000000000001);
#8238=CIRCLE('',#10254,0.00499999999999989);
#8239=CIRCLE('',#10255,0.00499999999999989);
#8240=VERTEX_POINT('',#10256);
#8241=VERTEX_POINT('',#10257);
#8242=LINE('',#10258,#10259);
#8243=VERTEX_POINT('',#10260);
#8244=LINE('',#10261,#10262);
#8245=VERTEX_POINT('',#10263);
#8246=LINE('',#10264,#10265);
#8247=LINE('',#10266,#10267);
#8248=VERTEX_POINT('',#10268);
#8249=VERTEX_POINT('',#10269);
#8250=LINE('',#10270,#10271);
#8251=VERTEX_POINT('',#10272);
#8252=LINE('',#10273,#10274);
#8253=VERTEX_POINT('',#10275);
#8254=LINE('',#10276,#10277);
#8255=LINE('',#10278,#10279);
#8256=VERTEX_POINT('',#10280);
#8257=LINE('',#10281,#10282);
#8258=VERTEX_POINT('',#10283);
#8259=LINE('',#10284,#10285);
#8260=LINE('',#10286,#10287);
#8261=VERTEX_POINT('',#10288);
#8262=LINE('',#10289,#10290);
#8263=VERTEX_POINT('',#10291);
#8264=LINE('',#10292,#10293);
#8265=LINE('',#10294,#10295);
#8266=VERTEX_POINT('',#10296);
#8267=LINE('',#10297,#10298);
#8268=VERTEX_POINT('',#10299);
#8269=LINE('',#10300,#10301);
#8270=LINE('',#10302,#10303);
#8271=VERTEX_POINT('',#10304);
#8272=LINE('',#10305,#10306);
#8273=VERTEX_POINT('',#10307);
#8274=LINE('',#10308,#10309);
#8275=LINE('',#10310,#10311);
#8276=VERTEX_POINT('',#10312);
#8277=LINE('',#10313,#10314);
#8278=VERTEX_POINT('',#10315);
#8279=LINE('',#10316,#10317);
#8280=LINE('',#10318,#10319);
#8281=VERTEX_POINT('',#10320);
#8282=VERTEX_POINT('',#10321);
#8283=LINE('',#10322,#10323);
#8284=LINE('',#10324,#10325);
#8285=LINE('',#10326,#10327);
#8286=LINE('',#10328,#10329);
#8287=LINE('',#10330,#10331);
#8288=VERTEX_POINT('',#10332);
#8289=LINE('',#10333,#10334);
#8290=VERTEX_POINT('',#10335);
#8291=LINE('',#10336,#10337);
#8292=VERTEX_POINT('',#10338);
#8293=LINE('',#10339,#10340);
#8294=VERTEX_POINT('',#10341);
#8295=LINE('',#10342,#10343);
#8296=VERTEX_POINT('',#10344);
#8297=LINE('',#10345,#10346);
#8298=VERTEX_POINT('',#10347);
#8299=LINE('',#10348,#10349);
#8300=VERTEX_POINT('',#10350);
#8301=LINE('',#10351,#10352);
#8302=VERTEX_POINT('',#10353);
#8303=LINE('',#10354,#10355);
#8304=VERTEX_POINT('',#10356);
#8305=LINE('',#10357,#10358);
#8306=VERTEX_POINT('',#10359);
#8307=LINE('',#10360,#10361);
#8308=VERTEX_POINT('',#10362);
#8309=LINE('',#10363,#10364);
#8310=VERTEX_POINT('',#10365);
#8311=LINE('',#10366,#10367);
#8312=VERTEX_POINT('',#10368);
#8313=LINE('',#10369,#10370);
#8314=VERTEX_POINT('',#10371);
#8315=LINE('',#10372,#10373);
#8316=VERTEX_POINT('',#10374);
#8317=LINE('',#10375,#10376);
#8318=VERTEX_POINT('',#10377);
#8319=LINE('',#10378,#10379);
#8320=VERTEX_POINT('',#10380);
#8321=LINE('',#10381,#10382);
#8322=VERTEX_POINT('',#10383);
#8323=LINE('',#10384,#10385);
#8324=VERTEX_POINT('',#10386);
#8325=LINE('',#10387,#10388);
#8326=VERTEX_POINT('',#10389);
#8327=LINE('',#10390,#10391);
#8328=VERTEX_POINT('',#10392);
#8329=LINE('',#10393,#10394);
#8330=VERTEX_POINT('',#10395);
#8331=LINE('',#10396,#10397);
#8332=VERTEX_POINT('',#10398);
#8333=LINE('',#10399,#10400);
#8334=VERTEX_POINT('',#10401);
#8335=LINE('',#10402,#10403);
#8336=VERTEX_POINT('',#10404);
#8337=LINE('',#10405,#10406);
#8338=VERTEX_POINT('',#10407);
#8339=LINE('',#10408,#10409);
#8340=VERTEX_POINT('',#10410);
#8341=LINE('',#10411,#10412);
#8342=VERTEX_POINT('',#10413);
#8343=LINE('',#10414,#10415);
#8344=VERTEX_POINT('',#10416);
#8345=LINE('',#10417,#10418);
#8346=VERTEX_POINT('',#10419);
#8347=LINE('',#10420,#10421);
#8348=VERTEX_POINT('',#10422);
#8349=LINE('',#10423,#10424);
#8350=VERTEX_POINT('',#10425);
#8351=LINE('',#10426,#10427);
#8352=VERTEX_POINT('',#10428);
#8353=LINE('',#10429,#10430);
#8354=VERTEX_POINT('',#10431);
#8355=LINE('',#10432,#10433);
#8356=VERTEX_POINT('',#10434);
#8357=LINE('',#10435,#10436);
#8358=VERTEX_POINT('',#10437);
#8359=LINE('',#10438,#10439);
#8360=VERTEX_POINT('',#10440);
#8361=LINE('',#10441,#10442);
#8362=VERTEX_POINT('',#10443);
#8363=LINE('',#10444,#10445);
#8364=VERTEX_POINT('',#10446);
#8365=LINE('',#10447,#10448);
#8366=VERTEX_POINT('',#10449);
#8367=LINE('',#10450,#10451);
#8368=VERTEX_POINT('',#10452);
#8369=LINE('',#10453,#10454);
#8370=VERTEX_POINT('',#10455);
#8371=LINE('',#10456,#10457);
#8372=VERTEX_POINT('',#10458);
#8373=LINE('',#10459,#10460);
#8374=VERTEX_POINT('',#10461);
#8375=LINE('',#10462,#10463);
#8376=VERTEX_POINT('',#10464);
#8377=LINE('',#10465,#10466);
#8378=VERTEX_POINT('',#10467);
#8379=LINE('',#10468,#10469);
#8380=VERTEX_POINT('',#10470);
#8381=LINE('',#10471,#10472);
#8382=VERTEX_POINT('',#10473);
#8383=LINE('',#10474,#10475);
#8384=VERTEX_POINT('',#10476);
#8385=LINE('',#10477,#10478);
#8386=VERTEX_POINT('',#10479);
#8387=LINE('',#10480,#10481);
#8388=VERTEX_POINT('',#10482);
#8389=LINE('',#10483,#10484);
#8390=VERTEX_POINT('',#10485);
#8391=LINE('',#10486,#10487);
#8392=VERTEX_POINT('',#10488);
#8393=LINE('',#10489,#10490);
#8394=VERTEX_POINT('',#10491);
#8395=LINE('',#10492,#10493);
#8396=VERTEX_POINT('',#10494);
#8397=LINE('',#10495,#10496);
#8398=VERTEX_POINT('',#10497);
#8399=LINE('',#10498,#10499);
#8400=VERTEX_POINT('',#10500);
#8401=LINE('',#10501,#10502);
#8402=VERTEX_POINT('',#10503);
#8403=LINE('',#10504,#10505);
#8404=VERTEX_POINT('',#10506);
#8405=LINE('',#10507,#10508);
#8406=VERTEX_POINT('',#10509);
#8407=LINE('',#10510,#10511);
#8408=VERTEX_POINT('',#10512);
#8409=LINE('',#10513,#10514);
#8410=VERTEX_POINT('',#10515);
#8411=LINE('',#10516,#10517);
#8412=VERTEX_POINT('',#10518);
#8413=LINE('',#10519,#10520);
#8414=VERTEX_POINT('',#10521);
#8415=LINE('',#10522,#10523);
#8416=VERTEX_POINT('',#10524);
#8417=LINE('',#10525,#10526);
#8418=VERTEX_POINT('',#10527);
#8419=LINE('',#10528,#10529);
#8420=VERTEX_POINT('',#10530);
#8421=LINE('',#10531,#10532);
#8422=VERTEX_POINT('',#10533);
#8423=LINE('',#10534,#10535);
#8424=VERTEX_POINT('',#10536);
#8425=LINE('',#10537,#10538);
#8426=VERTEX_POINT('',#10539);
#8427=LINE('',#10540,#10541);
#8428=VERTEX_POINT('',#10542);
#8429=LINE('',#10543,#10544);
#8430=VERTEX_POINT('',#10545);
#8431=LINE('',#10546,#10547);
#8432=VERTEX_POINT('',#10548);
#8433=LINE('',#10549,#10550);
#8434=VERTEX_POINT('',#10551);
#8435=LINE('',#10552,#10553);
#8436=VERTEX_POINT('',#10554);
#8437=LINE('',#10555,#10556);
#8438=VERTEX_POINT('',#10557);
#8439=LINE('',#10558,#10559);
#8440=VERTEX_POINT('',#10560);
#8441=LINE('',#10561,#10562);
#8442=VERTEX_POINT('',#10563);
#8443=LINE('',#10564,#10565);
#8444=VERTEX_POINT('',#10566);
#8445=LINE('',#10567,#10568);
#8446=VERTEX_POINT('',#10569);
#8447=LINE('',#10570,#10571);
#8448=VERTEX_POINT('',#10572);
#8449=LINE('',#10573,#10574);
#8450=VERTEX_POINT('',#10575);
#8451=LINE('',#10576,#10577);
#8452=VERTEX_POINT('',#10578);
#8453=LINE('',#10579,#10580);
#8454=VERTEX_POINT('',#10581);
#8455=LINE('',#10582,#10583);
#8456=VERTEX_POINT('',#10584);
#8457=LINE('',#10585,#10586);
#8458=VERTEX_POINT('',#10587);
#8459=LINE('',#10588,#10589);
#8460=VERTEX_POINT('',#10590);
#8461=LINE('',#10591,#10592);
#8462=VERTEX_POINT('',#10593);
#8463=LINE('',#10594,#10595);
#8464=VERTEX_POINT('',#10596);
#8465=LINE('',#10597,#10598);
#8466=VERTEX_POINT('',#10599);
#8467=LINE('',#10600,#10601);
#8468=VERTEX_POINT('',#10602);
#8469=LINE('',#10603,#10604);
#8470=VERTEX_POINT('',#10605);
#8471=LINE('',#10606,#10607);
#8472=VERTEX_POINT('',#10608);
#8473=LINE('',#10609,#10610);
#8474=VERTEX_POINT('',#10611);
#8475=LINE('',#10612,#10613);
#8476=VERTEX_POINT('',#10614);
#8477=LINE('',#10615,#10616);
#8478=VERTEX_POINT('',#10617);
#8479=LINE('',#10618,#10619);
#8480=VERTEX_POINT('',#10620);
#8481=LINE('',#10621,#10622);
#8482=VERTEX_POINT('',#10623);
#8483=LINE('',#10624,#10625);
#8484=VERTEX_POINT('',#10626);
#8485=LINE('',#10627,#10628);
#8486=VERTEX_POINT('',#10629);
#8487=LINE('',#10630,#10631);
#8488=VERTEX_POINT('',#10632);
#8489=LINE('',#10633,#10634);
#8490=VERTEX_POINT('',#10635);
#8491=LINE('',#10636,#10637);
#8492=LINE('',#10638,#10639);
#8493=VERTEX_POINT('',#10640);
#8494=LINE('',#10641,#10642);
#8495=VERTEX_POINT('',#10643);
#8496=LINE('',#10644,#10645);
#8497=LINE('',#10646,#10647);
#8498=VERTEX_POINT('',#10648);
#8499=LINE('',#10649,#10650);
#8500=VERTEX_POINT('',#10651);
#8501=LINE('',#10652,#10653);
#8502=LINE('',#10654,#10655);
#8503=VERTEX_POINT('',#10656);
#8504=LINE('',#10657,#10658);
#8505=LINE('',#10659,#10660);
#8506=VERTEX_POINT('',#10661);
#8507=LINE('',#10662,#10663);
#8508=LINE('',#10664,#10665);
#8509=VERTEX_POINT('',#10666);
#8510=LINE('',#10667,#10668);
#8511=LINE('',#10669,#10670);
#8512=LINE('',#10671,#10672);
#8513=VERTEX_POINT('',#10673);
#8514=LINE('',#10674,#10675);
#8515=LINE('',#10676,#10677);
#8516=LINE('',#10678,#10679);
#8517=VERTEX_POINT('',#10680);
#8518=LINE('',#10681,#10682);
#8519=VERTEX_POINT('',#10683);
#8520=LINE('',#10684,#10685);
#8521=LINE('',#10686,#10687);
#8522=VERTEX_POINT('',#10688);
#8523=LINE('',#10689,#10690);
#8524=VERTEX_POINT('',#10691);
#8525=LINE('',#10692,#10693);
#8526=LINE('',#10694,#10695);
#8527=VERTEX_POINT('',#10696);
#8528=LINE('',#10697,#10698);
#8529=LINE('',#10699,#10700);
#8530=VERTEX_POINT('',#10701);
#8531=LINE('',#10702,#10703);
#8532=LINE('',#10704,#10705);
#8533=VERTEX_POINT('',#10706);
#8534=LINE('',#10707,#10708);
#8535=LINE('',#10709,#10710);
#8536=LINE('',#10711,#10712);
#8537=VERTEX_POINT('',#10713);
#8538=LINE('',#10714,#10715);
#8539=LINE('',#10716,#10717);
#8540=LINE('',#10718,#10719);
#8541=VERTEX_POINT('',#10720);
#8542=LINE('',#10721,#10722);
#8543=VERTEX_POINT('',#10723);
#8544=LINE('',#10724,#10725);
#8545=LINE('',#10726,#10727);
#8546=VERTEX_POINT('',#10728);
#8547=LINE('',#10729,#10730);
#8548=VERTEX_POINT('',#10731);
#8549=LINE('',#10732,#10733);
#8550=LINE('',#10734,#10735);
#8551=VERTEX_POINT('',#10736);
#8552=LINE('',#10737,#10738);
#8553=LINE('',#10739,#10740);
#8554=VERTEX_POINT('',#10741);
#8555=LINE('',#10742,#10743);
#8556=LINE('',#10744,#10745);
#8557=VERTEX_POINT('',#10746);
#8558=LINE('',#10747,#10748);
#8559=LINE('',#10749,#10750);
#8560=LINE('',#10751,#10752);
#8561=VERTEX_POINT('',#10753);
#8562=LINE('',#10754,#10755);
#8563=LINE('',#10756,#10757);
#8564=LINE('',#10758,#10759);
#8565=VERTEX_POINT('',#10760);
#8566=LINE('',#10761,#10762);
#8567=VERTEX_POINT('',#10763);
#8568=LINE('',#10764,#10765);
#8569=LINE('',#10766,#10767);
#8570=VERTEX_POINT('',#10768);
#8571=LINE('',#10769,#10770);
#8572=VERTEX_POINT('',#10771);
#8573=LINE('',#10772,#10773);
#8574=LINE('',#10774,#10775);
#8575=VERTEX_POINT('',#10776);
#8576=LINE('',#10777,#10778);
#8577=LINE('',#10779,#10780);
#8578=VERTEX_POINT('',#10781);
#8579=LINE('',#10782,#10783);
#8580=LINE('',#10784,#10785);
#8581=VERTEX_POINT('',#10786);
#8582=LINE('',#10787,#10788);
#8583=LINE('',#10789,#10790);
#8584=LINE('',#10791,#10792);
#8585=VERTEX_POINT('',#10793);
#8586=LINE('',#10794,#10795);
#8587=LINE('',#10796,#10797);
#8588=LINE('',#10798,#10799);
#8589=VERTEX_POINT('',#10800);
#8590=LINE('',#10801,#10802);
#8591=VERTEX_POINT('',#10803);
#8592=LINE('',#10804,#10805);
#8593=LINE('',#10806,#10807);
#8594=VERTEX_POINT('',#10808);
#8595=LINE('',#10809,#10810);
#8596=VERTEX_POINT('',#10811);
#8597=LINE('',#10812,#10813);
#8598=LINE('',#10814,#10815);
#8599=VERTEX_POINT('',#10816);
#8600=LINE('',#10817,#10818);
#8601=LINE('',#10819,#10820);
#8602=VERTEX_POINT('',#10821);
#8603=LINE('',#10822,#10823);
#8604=LINE('',#10824,#10825);
#8605=VERTEX_POINT('',#10826);
#8606=LINE('',#10827,#10828);
#8607=LINE('',#10829,#10830);
#8608=LINE('',#10831,#10832);
#8609=VERTEX_POINT('',#10833);
#8610=LINE('',#10834,#10835);
#8611=LINE('',#10836,#10837);
#8612=LINE('',#10838,#10839);
#8613=VERTEX_POINT('',#10840);
#8614=LINE('',#10841,#10842);
#8615=VERTEX_POINT('',#10843);
#8616=LINE('',#10844,#10845);
#8617=LINE('',#10846,#10847);
#8618=VERTEX_POINT('',#10848);
#8619=LINE('',#10849,#10850);
#8620=VERTEX_POINT('',#10851);
#8621=LINE('',#10852,#10853);
#8622=LINE('',#10854,#10855);
#8623=VERTEX_POINT('',#10856);
#8624=LINE('',#10857,#10858);
#8625=LINE('',#10859,#10860);
#8626=VERTEX_POINT('',#10861);
#8627=LINE('',#10862,#10863);
#8628=LINE('',#10864,#10865);
#8629=VERTEX_POINT('',#10866);
#8630=LINE('',#10867,#10868);
#8631=LINE('',#10869,#10870);
#8632=LINE('',#10871,#10872);
#8633=VERTEX_POINT('',#10873);
#8634=LINE('',#10874,#10875);
#8635=LINE('',#10876,#10877);
#8636=LINE('',#10878,#10879);
#8637=VERTEX_POINT('',#10880);
#8638=LINE('',#10881,#10882);
#8639=VERTEX_POINT('',#10883);
#8640=LINE('',#10884,#10885);
#8641=LINE('',#10886,#10887);
#8642=VERTEX_POINT('',#10888);
#8643=LINE('',#10889,#10890);
#8644=VERTEX_POINT('',#10891);
#8645=LINE('',#10892,#10893);
#8646=LINE('',#10894,#10895);
#8647=VERTEX_POINT('',#10896);
#8648=LINE('',#10897,#10898);
#8649=LINE('',#10899,#10900);
#8650=VERTEX_POINT('',#10901);
#8651=LINE('',#10902,#10903);
#8652=LINE('',#10904,#10905);
#8653=VERTEX_POINT('',#10906);
#8654=LINE('',#10907,#10908);
#8655=LINE('',#10909,#10910);
#8656=LINE('',#10911,#10912);
#8657=VERTEX_POINT('',#10913);
#8658=LINE('',#10914,#10915);
#8659=LINE('',#10916,#10917);
#8660=LINE('',#10918,#10919);
#8661=VERTEX_POINT('',#10920);
#8662=LINE('',#10921,#10922);
#8663=VERTEX_POINT('',#10923);
#8664=LINE('',#10924,#10925);
#8665=LINE('',#10926,#10927);
#8666=VERTEX_POINT('',#10928);
#8667=LINE('',#10929,#10930);
#8668=VERTEX_POINT('',#10931);
#8669=LINE('',#10932,#10933);
#8670=LINE('',#10934,#10935);
#8671=VERTEX_POINT('',#10936);
#8672=LINE('',#10937,#10938);
#8673=LINE('',#10939,#10940);
#8674=VERTEX_POINT('',#10941);
#8675=LINE('',#10942,#10943);
#8676=LINE('',#10944,#10945);
#8677=VERTEX_POINT('',#10946);
#8678=LINE('',#10947,#10948);
#8679=LINE('',#10949,#10950);
#8680=LINE('',#10951,#10952);
#8681=VERTEX_POINT('',#10953);
#8682=LINE('',#10954,#10955);
#8683=LINE('',#10956,#10957);
#8684=LINE('',#10958,#10959);
#8685=VERTEX_POINT('',#10960);
#8686=LINE('',#10961,#10962);
#8687=VERTEX_POINT('',#10963);
#8688=LINE('',#10964,#10965);
#8689=LINE('',#10966,#10967);
#8690=VERTEX_POINT('',#10968);
#8691=LINE('',#10969,#10970);
#8692=VERTEX_POINT('',#10971);
#8693=LINE('',#10972,#10973);
#8694=LINE('',#10974,#10975);
#8695=VERTEX_POINT('',#10976);
#8696=LINE('',#10977,#10978);
#8697=LINE('',#10979,#10980);
#8698=VERTEX_POINT('',#10981);
#8699=LINE('',#10982,#10983);
#8700=LINE('',#10984,#10985);
#8701=VERTEX_POINT('',#10986);
#8702=LINE('',#10987,#10988);
#8703=LINE('',#10989,#10990);
#8704=LINE('',#10991,#10992);
#8705=VERTEX_POINT('',#10993);
#8706=LINE('',#10994,#10995);
#8707=LINE('',#10996,#10997);
#8708=LINE('',#10998,#10999);
#8709=VERTEX_POINT('',#11000);
#8710=LINE('',#11001,#11002);
#8711=VERTEX_POINT('',#11003);
#8712=LINE('',#11004,#11005);
#8713=LINE('',#11006,#11007);
#8714=VERTEX_POINT('',#11008);
#8715=LINE('',#11009,#11010);
#8716=VERTEX_POINT('',#11011);
#8717=LINE('',#11012,#11013);
#8718=LINE('',#11014,#11015);
#8719=VERTEX_POINT('',#11016);
#8720=LINE('',#11017,#11018);
#8721=LINE('',#11019,#11020);
#8722=VERTEX_POINT('',#11021);
#8723=LINE('',#11022,#11023);
#8724=LINE('',#11024,#11025);
#8725=VERTEX_POINT('',#11026);
#8726=LINE('',#11027,#11028);
#8727=LINE('',#11029,#11030);
#8728=LINE('',#11031,#11032);
#8729=VERTEX_POINT('',#11033);
#8730=LINE('',#11034,#11035);
#8731=LINE('',#11036,#11037);
#8732=LINE('',#11038,#11039);
#8733=VERTEX_POINT('',#11040);
#8734=LINE('',#11041,#11042);
#8735=VERTEX_POINT('',#11043);
#8736=LINE('',#11044,#11045);
#8737=LINE('',#11046,#11047);
#8738=VERTEX_POINT('',#11048);
#8739=LINE('',#11049,#11050);
#8740=VERTEX_POINT('',#11051);
#8741=LINE('',#11052,#11053);
#8742=LINE('',#11054,#11055);
#8743=VERTEX_POINT('',#11056);
#8744=LINE('',#11057,#11058);
#8745=LINE('',#11059,#11060);
#8746=VERTEX_POINT('',#11061);
#8747=LINE('',#11062,#11063);
#8748=LINE('',#11064,#11065);
#8749=VERTEX_POINT('',#11066);
#8750=LINE('',#11067,#11068);
#8751=LINE('',#11069,#11070);
#8752=LINE('',#11071,#11072);
#8753=VERTEX_POINT('',#11073);
#8754=LINE('',#11074,#11075);
#8755=LINE('',#11076,#11077);
#8756=LINE('',#11078,#11079);
#8757=VERTEX_POINT('',#11080);
#8758=LINE('',#11081,#11082);
#8759=VERTEX_POINT('',#11083);
#8760=LINE('',#11084,#11085);
#8761=LINE('',#11086,#11087);
#8762=VERTEX_POINT('',#11088);
#8763=LINE('',#11089,#11090);
#8764=VERTEX_POINT('',#11091);
#8765=LINE('',#11092,#11093);
#8766=LINE('',#11094,#11095);
#8767=VERTEX_POINT('',#11096);
#8768=LINE('',#11097,#11098);
#8769=LINE('',#11099,#11100);
#8770=VERTEX_POINT('',#11101);
#8771=LINE('',#11102,#11103);
#8772=LINE('',#11104,#11105);
#8773=VERTEX_POINT('',#11106);
#8774=LINE('',#11107,#11108);
#8775=LINE('',#11109,#11110);
#8776=LINE('',#11111,#11112);
#8777=VERTEX_POINT('',#11113);
#8778=LINE('',#11114,#11115);
#8779=LINE('',#11116,#11117);
#8780=LINE('',#11118,#11119);
#8781=VERTEX_POINT('',#11120);
#8782=LINE('',#11121,#11122);
#8783=VERTEX_POINT('',#11123);
#8784=LINE('',#11124,#11125);
#8785=LINE('',#11126,#11127);
#8786=VERTEX_POINT('',#11128);
#8787=LINE('',#11129,#11130);
#8788=LINE('',#11131,#11132);
#8789=VERTEX_POINT('',#11133);
#8790=LINE('',#11134,#11135);
#8791=LINE('',#11136,#11137);
#8792=VERTEX_POINT('',#11138);
#8793=LINE('',#11139,#11140);
#8794=LINE('',#11141,#11142);
#8795=LINE('',#11143,#11144);
#8796=VERTEX_POINT('',#11145);
#8797=LINE('',#11146,#11147);
#8798=LINE('',#11148,#11149);
#8799=LINE('',#11150,#11151);
#8800=CARTESIAN_POINT('',(-16.51,-4.63,0.00499999999999989));
#8801=CARTESIAN_POINT('',(-16.51,-4.4,0.234999999999998));
#8802=AXIS2_PLACEMENT_3D('',#11152,#11153,#11154);
#8803=CARTESIAN_POINT('',(-16.505,-4.63,0.0));
#8804=AXIS2_PLACEMENT_3D('',#11155,#11156,#11157);
#8805=CARTESIAN_POINT('',(-16.51,-4.63,-0.00499999999999989));
#8806=AXIS2_PLACEMENT_3D('',#11158,#11159,#11160);
#8807=CARTESIAN_POINT('',(-16.51,-4.4,-0.234999999999998));
#8808=AXIS2_PLACEMENT_3D('',#11161,#11162,#11163);
#8809=CARTESIAN_POINT('',(-16.275,-4.4,0.0));
#8810=AXIS2_PLACEMENT_3D('',#11164,#11165,#11166);
#8811=AXIS2_PLACEMENT_3D('',#11167,#11168,#11169);
#8812=CARTESIAN_POINT('',(-16.51,7.175,0.320000000000001));
#8813=CARTESIAN_POINT('',(-16.51,7.49,0.00499999999999989));
#8814=AXIS2_PLACEMENT_3D('',#11170,#11171,#11172);
#8815=CARTESIAN_POINT('',(-16.19,7.175,0.0));
#8816=AXIS2_PLACEMENT_3D('',#11173,#11174,#11175);
#8817=CARTESIAN_POINT('',(-16.51,7.175,-0.320000000000001));
#8818=AXIS2_PLACEMENT_3D('',#11176,#11177,#11178);
#8819=CARTESIAN_POINT('',(-16.51,7.49,-0.00499999999999989));
#8820=AXIS2_PLACEMENT_3D('',#11179,#11180,#11181);
#8821=CARTESIAN_POINT('',(-16.505,7.49,0.0));
#8822=AXIS2_PLACEMENT_3D('',#11182,#11183,#11184);
#8823=AXIS2_PLACEMENT_3D('',#11185,#11186,#11187);
#8824=CARTESIAN_POINT('',(-16.19,3.48,0.0));
#8825=CARTESIAN_POINT('',(-16.19,5.3275,3.91886975727154E-17));
#8826=VECTOR('',#11188,1.0);
#8827=CARTESIAN_POINT('',(-16.51,3.48,-0.32));
#8828=AXIS2_PLACEMENT_3D('',#11189,#11190,#11191);
#8829=CARTESIAN_POINT('',(-16.83,3.48,-3.91886975727153E-17));
#8830=AXIS2_PLACEMENT_3D('',#11192,#11193,#11194);
#8831=CARTESIAN_POINT('',(-16.83,7.175,-3.91886975727155E-17));
#8832=CARTESIAN_POINT('',(-16.83,5.3275,-3.91886975727154E-17));
#8833=VECTOR('',#11195,1.0);
#8834=AXIS2_PLACEMENT_3D('',#11196,#11197,#11198);
#8835=CARTESIAN_POINT('',(-16.51,3.33,-0.47));
#8836=AXIS2_PLACEMENT_3D('',#11199,#11200,#11201);
#8837=CARTESIAN_POINT('',(-16.51,3.33,0.47));
#8838=AXIS2_PLACEMENT_3D('',#11202,#11203,#11204);
#8839=CARTESIAN_POINT('',(-16.51,3.48,0.32));
#8840=AXIS2_PLACEMENT_3D('',#11205,#11206,#11207);
#8841=AXIS2_PLACEMENT_3D('',#11208,#11209,#11210);
#8842=CARTESIAN_POINT('',(-15.845,-0.42,0.0));
#8843=CARTESIAN_POINT('',(-15.845,0.0,0.0));
#8844=CARTESIAN_POINT('',(-15.845,-0.21,8.14390121432991E-17));
#8845=VECTOR('',#11211,1.0);
#8846=CARTESIAN_POINT('',(-17.175,-0.420000000000001,-8.14390121432991E-17));
#8847=AXIS2_PLACEMENT_3D('',#11212,#11213,#11214);
#8848=CARTESIAN_POINT('',(-17.175,5.38038822029942E-33,-8.14390121432991E-17));
#8849=CARTESIAN_POINT('',(-17.175,-0.21,-8.14390121432991E-17));
#8850=VECTOR('',#11215,1.0);
#8851=AXIS2_PLACEMENT_3D('',#11216,#11217,#11218);
#8852=CARTESIAN_POINT('',(-16.095,-0.67,0.0));
#8853=CARTESIAN_POINT('',(-15.97,-0.545000000000001,6.61309271539571E-17));
#8854=VECTOR('',#11219,1.0);
#8855=CARTESIAN_POINT('',(-16.925,-0.67,-5.08228421646153E-17));
#8856=AXIS2_PLACEMENT_3D('',#11220,#11221,#11222);
#8857=CARTESIAN_POINT('',(-17.05,-0.545000000000001,-6.61309271539572E-17));
#8858=VECTOR('',#11223,1.0);
#8859=CARTESIAN_POINT('',(-16.51,-0.82,-0.235));
#8860=CARTESIAN_POINT('',(-16.51,-0.669999999999998,-0.385));
#8861=AXIS2_PLACEMENT_3D('',#11224,#11225,#11226);
#8862=CARTESIAN_POINT('',(-16.745,-0.82,-2.87791997799628E-17));
#8863=AXIS2_PLACEMENT_3D('',#11227,#11228,#11229);
#8864=CARTESIAN_POINT('',(-16.51,-0.82,0.235));
#8865=AXIS2_PLACEMENT_3D('',#11230,#11231,#11232);
#8866=CARTESIAN_POINT('',(-16.51,-0.669999999999998,0.385));
#8867=AXIS2_PLACEMENT_3D('',#11233,#11234,#11235);
#8868=AXIS2_PLACEMENT_3D('',#11236,#11237,#11238);
#8869=CARTESIAN_POINT('',(-16.275,-0.82,0.0));
#8870=CARTESIAN_POINT('',(-16.275,-2.61,2.87791997799626E-17));
#8871=VECTOR('',#11239,1.0);
#8872=CARTESIAN_POINT('',(-16.745,-4.4,-2.87791997799624E-17));
#8873=AXIS2_PLACEMENT_3D('',#11240,#11241,#11242);
#8874=CARTESIAN_POINT('',(-16.745,-2.61,-2.87791997799626E-17));
#8875=VECTOR('',#11243,1.0);
#8876=AXIS2_PLACEMENT_3D('',#11244,#11245,#11246);
#8877=CARTESIAN_POINT('',(-15.595,2.8,1.12055182121983E-16));
#8878=CARTESIAN_POINT('',(-15.595,3.33,0.0));
#8879=CARTESIAN_POINT('',(-15.595,3.065,1.12055182121983E-16));
#8880=VECTOR('',#11247,1.0);
#8881=CARTESIAN_POINT('',(-17.425,2.8,-1.12055182121983E-16));
#8882=AXIS2_PLACEMENT_3D('',#11248,#11249,#11250);
#8883=CARTESIAN_POINT('',(-17.425,3.33,-1.12055182121983E-16));
#8884=CARTESIAN_POINT('',(-17.425,3.065,-1.12055182121983E-16));
#8885=VECTOR('',#11251,1.0);
#8886=AXIS2_PLACEMENT_3D('',#11252,#11253,#11254);
#8887=CARTESIAN_POINT('',(-13.97,-4.63,0.00499999999999989));
#8888=CARTESIAN_POINT('',(-13.97,-4.4,0.234999999999998));
#8889=AXIS2_PLACEMENT_3D('',#11255,#11256,#11257);
#8890=CARTESIAN_POINT('',(-13.965,-4.63,0.0));
#8891=AXIS2_PLACEMENT_3D('',#11258,#11259,#11260);
#8892=CARTESIAN_POINT('',(-13.97,-4.63,-0.00499999999999989));
#8893=AXIS2_PLACEMENT_3D('',#11261,#11262,#11263);
#8894=CARTESIAN_POINT('',(-13.97,-4.4,-0.234999999999998));
#8895=AXIS2_PLACEMENT_3D('',#11264,#11265,#11266);
#8896=CARTESIAN_POINT('',(-13.735,-4.4,0.0));
#8897=AXIS2_PLACEMENT_3D('',#11267,#11268,#11269);
#8898=AXIS2_PLACEMENT_3D('',#11270,#11271,#11272);
#8899=CARTESIAN_POINT('',(-13.97,7.175,0.320000000000001));
#8900=CARTESIAN_POINT('',(-13.97,7.49,0.00499999999999989));
#8901=AXIS2_PLACEMENT_3D('',#11273,#11274,#11275);
#8902=CARTESIAN_POINT('',(-13.65,7.175,0.0));
#8903=AXIS2_PLACEMENT_3D('',#11276,#11277,#11278);
#8904=CARTESIAN_POINT('',(-13.97,7.175,-0.320000000000001));
#8905=AXIS2_PLACEMENT_3D('',#11279,#11280,#11281);
#8906=CARTESIAN_POINT('',(-13.97,7.49,-0.00499999999999989));
#8907=AXIS2_PLACEMENT_3D('',#11282,#11283,#11284);
#8908=CARTESIAN_POINT('',(-13.965,7.49,0.0));
#8909=AXIS2_PLACEMENT_3D('',#11285,#11286,#11287);
#8910=AXIS2_PLACEMENT_3D('',#11288,#11289,#11290);
#8911=CARTESIAN_POINT('',(-13.65,3.48,0.0));
#8912=CARTESIAN_POINT('',(-13.65,5.3275,3.91886975727154E-17));
#8913=VECTOR('',#11291,1.0);
#8914=CARTESIAN_POINT('',(-13.97,3.48,-0.32));
#8915=AXIS2_PLACEMENT_3D('',#11292,#11293,#11294);
#8916=CARTESIAN_POINT('',(-14.29,3.48,-3.91886975727153E-17));
#8917=AXIS2_PLACEMENT_3D('',#11295,#11296,#11297);
#8918=CARTESIAN_POINT('',(-14.29,7.175,-3.91886975727155E-17));
#8919=CARTESIAN_POINT('',(-14.29,5.3275,-3.91886975727154E-17));
#8920=VECTOR('',#11298,1.0);
#8921=AXIS2_PLACEMENT_3D('',#11299,#11300,#11301);
#8922=CARTESIAN_POINT('',(-13.97,3.33,-0.47));
#8923=AXIS2_PLACEMENT_3D('',#11302,#11303,#11304);
#8924=CARTESIAN_POINT('',(-13.97,3.33,0.47));
#8925=AXIS2_PLACEMENT_3D('',#11305,#11306,#11307);
#8926=CARTESIAN_POINT('',(-13.97,3.48,0.32));
#8927=AXIS2_PLACEMENT_3D('',#11308,#11309,#11310);
#8928=AXIS2_PLACEMENT_3D('',#11311,#11312,#11313);
#8929=CARTESIAN_POINT('',(-13.305,-0.42,0.0));
#8930=CARTESIAN_POINT('',(-13.305,0.0,0.0));
#8931=CARTESIAN_POINT('',(-13.305,-0.21,8.14390121432991E-17));
#8932=VECTOR('',#11314,1.0);
#8933=CARTESIAN_POINT('',(-14.635,-0.420000000000001,-8.14390121432991E-17));
#8934=AXIS2_PLACEMENT_3D('',#11315,#11316,#11317);
#8935=CARTESIAN_POINT('',(-14.635,5.38038822029942E-33,-8.14390121432991E-17));
#8936=CARTESIAN_POINT('',(-14.635,-0.21,-8.14390121432991E-17));
#8937=VECTOR('',#11318,1.0);
#8938=AXIS2_PLACEMENT_3D('',#11319,#11320,#11321);
#8939=CARTESIAN_POINT('',(-13.555,-0.67,0.0));
#8940=CARTESIAN_POINT('',(-13.43,-0.545000000000001,6.61309271539571E-17));
#8941=VECTOR('',#11322,1.0);
#8942=CARTESIAN_POINT('',(-14.385,-0.67,-5.08228421646153E-17));
#8943=AXIS2_PLACEMENT_3D('',#11323,#11324,#11325);
#8944=CARTESIAN_POINT('',(-14.51,-0.545000000000001,-6.61309271539572E-17));
#8945=VECTOR('',#11326,1.0);
#8946=CARTESIAN_POINT('',(-13.97,-0.82,-0.235));
#8947=CARTESIAN_POINT('',(-13.97,-0.669999999999998,-0.385));
#8948=AXIS2_PLACEMENT_3D('',#11327,#11328,#11329);
#8949=CARTESIAN_POINT('',(-14.205,-0.82,-2.87791997799628E-17));
#8950=AXIS2_PLACEMENT_3D('',#11330,#11331,#11332);
#8951=CARTESIAN_POINT('',(-13.97,-0.82,0.235));
#8952=AXIS2_PLACEMENT_3D('',#11333,#11334,#11335);
#8953=CARTESIAN_POINT('',(-13.97,-0.669999999999998,0.385));
#8954=AXIS2_PLACEMENT_3D('',#11336,#11337,#11338);
#8955=AXIS2_PLACEMENT_3D('',#11339,#11340,#11341);
#8956=CARTESIAN_POINT('',(-13.735,-0.82,0.0));
#8957=CARTESIAN_POINT('',(-13.735,-2.61,2.87791997799626E-17));
#8958=VECTOR('',#11342,1.0);
#8959=CARTESIAN_POINT('',(-14.205,-4.4,-2.87791997799624E-17));
#8960=AXIS2_PLACEMENT_3D('',#11343,#11344,#11345);
#8961=CARTESIAN_POINT('',(-14.205,-2.61,-2.87791997799626E-17));
#8962=VECTOR('',#11346,1.0);
#8963=AXIS2_PLACEMENT_3D('',#11347,#11348,#11349);
#8964=CARTESIAN_POINT('',(-13.055,2.8,1.12055182121983E-16));
#8965=CARTESIAN_POINT('',(-13.055,3.33,0.0));
#8966=CARTESIAN_POINT('',(-13.055,3.065,1.12055182121983E-16));
#8967=VECTOR('',#11350,1.0);
#8968=CARTESIAN_POINT('',(-14.885,2.8,-1.12055182121983E-16));
#8969=AXIS2_PLACEMENT_3D('',#11351,#11352,#11353);
#8970=CARTESIAN_POINT('',(-14.885,3.33,-1.12055182121983E-16));
#8971=CARTESIAN_POINT('',(-14.885,3.065,-1.12055182121983E-16));
#8972=VECTOR('',#11354,1.0);
#8973=AXIS2_PLACEMENT_3D('',#11355,#11356,#11357);
#8974=CARTESIAN_POINT('',(-11.43,-4.63,0.00499999999999989));
#8975=CARTESIAN_POINT('',(-11.43,-4.4,0.234999999999998));
#8976=AXIS2_PLACEMENT_3D('',#11358,#11359,#11360);
#8977=CARTESIAN_POINT('',(-11.425,-4.63,0.0));
#8978=AXIS2_PLACEMENT_3D('',#11361,#11362,#11363);
#8979=CARTESIAN_POINT('',(-11.43,-4.63,-0.00499999999999989));
#8980=AXIS2_PLACEMENT_3D('',#11364,#11365,#11366);
#8981=CARTESIAN_POINT('',(-11.43,-4.4,-0.234999999999998));
#8982=AXIS2_PLACEMENT_3D('',#11367,#11368,#11369);
#8983=CARTESIAN_POINT('',(-11.195,-4.4,0.0));
#8984=AXIS2_PLACEMENT_3D('',#11370,#11371,#11372);
#8985=AXIS2_PLACEMENT_3D('',#11373,#11374,#11375);
#8986=CARTESIAN_POINT('',(-11.43,7.175,0.320000000000001));
#8987=CARTESIAN_POINT('',(-11.43,7.49,0.00499999999999989));
#8988=AXIS2_PLACEMENT_3D('',#11376,#11377,#11378);
#8989=CARTESIAN_POINT('',(-11.11,7.175,0.0));
#8990=AXIS2_PLACEMENT_3D('',#11379,#11380,#11381);
#8991=CARTESIAN_POINT('',(-11.43,7.175,-0.320000000000001));
#8992=AXIS2_PLACEMENT_3D('',#11382,#11383,#11384);
#8993=CARTESIAN_POINT('',(-11.43,7.49,-0.00499999999999989));
#8994=AXIS2_PLACEMENT_3D('',#11385,#11386,#11387);
#8995=CARTESIAN_POINT('',(-11.425,7.49,0.0));
#8996=AXIS2_PLACEMENT_3D('',#11388,#11389,#11390);
#8997=AXIS2_PLACEMENT_3D('',#11391,#11392,#11393);
#8998=CARTESIAN_POINT('',(-11.11,3.48,0.0));
#8999=CARTESIAN_POINT('',(-11.11,5.3275,3.91886975727154E-17));
#9000=VECTOR('',#11394,1.0);
#9001=CARTESIAN_POINT('',(-11.43,3.48,-0.32));
#9002=AXIS2_PLACEMENT_3D('',#11395,#11396,#11397);
#9003=CARTESIAN_POINT('',(-11.75,3.48,-3.91886975727153E-17));
#9004=AXIS2_PLACEMENT_3D('',#11398,#11399,#11400);
#9005=CARTESIAN_POINT('',(-11.75,7.175,-3.91886975727155E-17));
#9006=CARTESIAN_POINT('',(-11.75,5.3275,-3.91886975727154E-17));
#9007=VECTOR('',#11401,1.0);
#9008=AXIS2_PLACEMENT_3D('',#11402,#11403,#11404);
#9009=CARTESIAN_POINT('',(-11.43,3.33,-0.47));
#9010=AXIS2_PLACEMENT_3D('',#11405,#11406,#11407);
#9011=CARTESIAN_POINT('',(-11.43,3.33,0.47));
#9012=AXIS2_PLACEMENT_3D('',#11408,#11409,#11410);
#9013=CARTESIAN_POINT('',(-11.43,3.48,0.32));
#9014=AXIS2_PLACEMENT_3D('',#11411,#11412,#11413);
#9015=AXIS2_PLACEMENT_3D('',#11414,#11415,#11416);
#9016=CARTESIAN_POINT('',(-10.765,-0.42,0.0));
#9017=CARTESIAN_POINT('',(-10.765,0.0,0.0));
#9018=CARTESIAN_POINT('',(-10.765,-0.21,8.14390121432988E-17));
#9019=VECTOR('',#11417,1.0);
#9020=CARTESIAN_POINT('',(-12.095,-0.420000000000001,-8.14390121432989E-17));
#9021=AXIS2_PLACEMENT_3D('',#11418,#11419,#11420);
#9022=CARTESIAN_POINT('',(-12.095,5.38038822029941E-33,-8.14390121432989E-17));
#9023=CARTESIAN_POINT('',(-12.095,-0.21,-8.14390121432989E-17));
#9024=VECTOR('',#11421,1.0);
#9025=AXIS2_PLACEMENT_3D('',#11422,#11423,#11424);
#9026=CARTESIAN_POINT('',(-11.015,-0.67,0.0));
#9027=CARTESIAN_POINT('',(-10.89,-0.545000000000001,6.61309271539571E-17));
#9028=VECTOR('',#11425,1.0);
#9029=CARTESIAN_POINT('',(-11.845,-0.67,-5.0822842164615E-17));
#9030=AXIS2_PLACEMENT_3D('',#11426,#11427,#11428);
#9031=CARTESIAN_POINT('',(-11.97,-0.545000000000001,-6.6130927153957E-17));
#9032=VECTOR('',#11429,1.0);
#9033=CARTESIAN_POINT('',(-11.43,-0.82,-0.235));
#9034=CARTESIAN_POINT('',(-11.43,-0.669999999999998,-0.385));
#9035=AXIS2_PLACEMENT_3D('',#11430,#11431,#11432);
#9036=CARTESIAN_POINT('',(-11.665,-0.82,-2.87791997799628E-17));
#9037=AXIS2_PLACEMENT_3D('',#11433,#11434,#11435);
#9038=CARTESIAN_POINT('',(-11.43,-0.82,0.235));
#9039=AXIS2_PLACEMENT_3D('',#11436,#11437,#11438);
#9040=CARTESIAN_POINT('',(-11.43,-0.669999999999998,0.385));
#9041=AXIS2_PLACEMENT_3D('',#11439,#11440,#11441);
#9042=AXIS2_PLACEMENT_3D('',#11442,#11443,#11444);
#9043=CARTESIAN_POINT('',(-11.195,-0.82,0.0));
#9044=CARTESIAN_POINT('',(-11.195,-2.61,2.87791997799626E-17));
#9045=VECTOR('',#11445,1.0);
#9046=CARTESIAN_POINT('',(-11.665,-4.4,-2.87791997799624E-17));
#9047=AXIS2_PLACEMENT_3D('',#11446,#11447,#11448);
#9048=CARTESIAN_POINT('',(-11.665,-2.61,-2.87791997799626E-17));
#9049=VECTOR('',#11449,1.0);
#9050=AXIS2_PLACEMENT_3D('',#11450,#11451,#11452);
#9051=CARTESIAN_POINT('',(-10.515,2.8,1.12055182121983E-16));
#9052=CARTESIAN_POINT('',(-10.515,3.33,0.0));
#9053=CARTESIAN_POINT('',(-10.515,3.065,1.12055182121983E-16));
#9054=VECTOR('',#11453,1.0);
#9055=CARTESIAN_POINT('',(-12.345,2.8,-1.12055182121983E-16));
#9056=AXIS2_PLACEMENT_3D('',#11454,#11455,#11456);
#9057=CARTESIAN_POINT('',(-12.345,3.33,-1.12055182121983E-16));
#9058=CARTESIAN_POINT('',(-12.345,3.065,-1.12055182121983E-16));
#9059=VECTOR('',#11457,1.0);
#9060=AXIS2_PLACEMENT_3D('',#11458,#11459,#11460);
#9061=CARTESIAN_POINT('',(-8.89,-4.63,0.00499999999999989));
#9062=CARTESIAN_POINT('',(-8.89,-4.4,0.234999999999998));
#9063=AXIS2_PLACEMENT_3D('',#11461,#11462,#11463);
#9064=CARTESIAN_POINT('',(-8.885,-4.63,0.0));
#9065=AXIS2_PLACEMENT_3D('',#11464,#11465,#11466);
#9066=CARTESIAN_POINT('',(-8.89,-4.63,-0.00499999999999989));
#9067=AXIS2_PLACEMENT_3D('',#11467,#11468,#11469);
#9068=CARTESIAN_POINT('',(-8.89,-4.4,-0.234999999999998));
#9069=AXIS2_PLACEMENT_3D('',#11470,#11471,#11472);
#9070=CARTESIAN_POINT('',(-8.655,-4.4,0.0));
#9071=AXIS2_PLACEMENT_3D('',#11473,#11474,#11475);
#9072=AXIS2_PLACEMENT_3D('',#11476,#11477,#11478);
#9073=CARTESIAN_POINT('',(-8.89,7.175,0.320000000000001));
#9074=CARTESIAN_POINT('',(-8.89,7.49,0.00499999999999989));
#9075=AXIS2_PLACEMENT_3D('',#11479,#11480,#11481);
#9076=CARTESIAN_POINT('',(-8.57,7.175,0.0));
#9077=AXIS2_PLACEMENT_3D('',#11482,#11483,#11484);
#9078=CARTESIAN_POINT('',(-8.89,7.175,-0.320000000000001));
#9079=AXIS2_PLACEMENT_3D('',#11485,#11486,#11487);
#9080=CARTESIAN_POINT('',(-8.89,7.49,-0.00499999999999989));
#9081=AXIS2_PLACEMENT_3D('',#11488,#11489,#11490);
#9082=CARTESIAN_POINT('',(-8.885,7.49,0.0));
#9083=AXIS2_PLACEMENT_3D('',#11491,#11492,#11493);
#9084=AXIS2_PLACEMENT_3D('',#11494,#11495,#11496);
#9085=CARTESIAN_POINT('',(-8.57,3.48,0.0));
#9086=CARTESIAN_POINT('',(-8.57,5.3275,3.91886975727154E-17));
#9087=VECTOR('',#11497,1.0);
#9088=CARTESIAN_POINT('',(-8.89,3.48,-0.32));
#9089=AXIS2_PLACEMENT_3D('',#11498,#11499,#11500);
#9090=CARTESIAN_POINT('',(-9.21,3.48,-3.91886975727153E-17));
#9091=AXIS2_PLACEMENT_3D('',#11501,#11502,#11503);
#9092=CARTESIAN_POINT('',(-9.21,7.175,-3.91886975727155E-17));
#9093=CARTESIAN_POINT('',(-9.21,5.3275,-3.91886975727154E-17));
#9094=VECTOR('',#11504,1.0);
#9095=AXIS2_PLACEMENT_3D('',#11505,#11506,#11507);
#9096=CARTESIAN_POINT('',(-8.89,3.33,-0.47));
#9097=AXIS2_PLACEMENT_3D('',#11508,#11509,#11510);
#9098=CARTESIAN_POINT('',(-8.89,3.33,0.47));
#9099=AXIS2_PLACEMENT_3D('',#11511,#11512,#11513);
#9100=CARTESIAN_POINT('',(-8.89,3.48,0.32));
#9101=AXIS2_PLACEMENT_3D('',#11514,#11515,#11516);
#9102=AXIS2_PLACEMENT_3D('',#11517,#11518,#11519);
#9103=CARTESIAN_POINT('',(-8.225,-0.42,0.0));
#9104=CARTESIAN_POINT('',(-8.225,0.0,0.0));
#9105=CARTESIAN_POINT('',(-8.225,-0.21,8.14390121432991E-17));
#9106=VECTOR('',#11520,1.0);
#9107=CARTESIAN_POINT('',(-9.555,-0.420000000000001,-8.14390121432991E-17));
#9108=AXIS2_PLACEMENT_3D('',#11521,#11522,#11523);
#9109=CARTESIAN_POINT('',(-9.555,5.38038822029942E-33,-8.14390121432991E-17));
#9110=CARTESIAN_POINT('',(-9.555,-0.21,-8.14390121432991E-17));
#9111=VECTOR('',#11524,1.0);
#9112=AXIS2_PLACEMENT_3D('',#11525,#11526,#11527);
#9113=CARTESIAN_POINT('',(-8.475,-0.67,0.0));
#9114=CARTESIAN_POINT('',(-8.35,-0.545000000000001,6.61309271539571E-17));
#9115=VECTOR('',#11528,1.0);
#9116=CARTESIAN_POINT('',(-9.305,-0.67,-5.08228421646153E-17));
#9117=AXIS2_PLACEMENT_3D('',#11529,#11530,#11531);
#9118=CARTESIAN_POINT('',(-9.43,-0.545000000000001,-6.61309271539572E-17));
#9119=VECTOR('',#11532,1.0);
#9120=CARTESIAN_POINT('',(-8.89,-0.82,-0.235));
#9121=CARTESIAN_POINT('',(-8.89,-0.669999999999998,-0.385));
#9122=AXIS2_PLACEMENT_3D('',#11533,#11534,#11535);
#9123=CARTESIAN_POINT('',(-9.125,-0.82,-2.87791997799628E-17));
#9124=AXIS2_PLACEMENT_3D('',#11536,#11537,#11538);
#9125=CARTESIAN_POINT('',(-8.89,-0.82,0.235));
#9126=AXIS2_PLACEMENT_3D('',#11539,#11540,#11541);
#9127=CARTESIAN_POINT('',(-8.89,-0.669999999999998,0.385));
#9128=AXIS2_PLACEMENT_3D('',#11542,#11543,#11544);
#9129=AXIS2_PLACEMENT_3D('',#11545,#11546,#11547);
#9130=CARTESIAN_POINT('',(-8.655,-0.82,0.0));
#9131=CARTESIAN_POINT('',(-8.655,-2.61,2.87791997799626E-17));
#9132=VECTOR('',#11548,1.0);
#9133=CARTESIAN_POINT('',(-9.125,-4.4,-2.87791997799624E-17));
#9134=AXIS2_PLACEMENT_3D('',#11549,#11550,#11551);
#9135=CARTESIAN_POINT('',(-9.125,-2.61,-2.87791997799626E-17));
#9136=VECTOR('',#11552,1.0);
#9137=AXIS2_PLACEMENT_3D('',#11553,#11554,#11555);
#9138=CARTESIAN_POINT('',(-7.975,2.8,1.12055182121983E-16));
#9139=CARTESIAN_POINT('',(-7.975,3.33,0.0));
#9140=CARTESIAN_POINT('',(-7.975,3.065,1.12055182121983E-16));
#9141=VECTOR('',#11556,1.0);
#9142=CARTESIAN_POINT('',(-9.805,2.8,-1.12055182121983E-16));
#9143=AXIS2_PLACEMENT_3D('',#11557,#11558,#11559);
#9144=CARTESIAN_POINT('',(-9.805,3.33,-1.12055182121983E-16));
#9145=CARTESIAN_POINT('',(-9.805,3.065,-1.12055182121983E-16));
#9146=VECTOR('',#11560,1.0);
#9147=AXIS2_PLACEMENT_3D('',#11561,#11562,#11563);
#9148=CARTESIAN_POINT('',(-6.35,-4.63,0.00499999999999989));
#9149=CARTESIAN_POINT('',(-6.35,-4.4,0.234999999999998));
#9150=AXIS2_PLACEMENT_3D('',#11564,#11565,#11566);
#9151=CARTESIAN_POINT('',(-6.345,-4.63,0.0));
#9152=AXIS2_PLACEMENT_3D('',#11567,#11568,#11569);
#9153=CARTESIAN_POINT('',(-6.35,-4.63,-0.00499999999999989));
#9154=AXIS2_PLACEMENT_3D('',#11570,#11571,#11572);
#9155=CARTESIAN_POINT('',(-6.35,-4.4,-0.234999999999998));
#9156=AXIS2_PLACEMENT_3D('',#11573,#11574,#11575);
#9157=CARTESIAN_POINT('',(-6.11500000000001,-4.4,0.0));
#9158=AXIS2_PLACEMENT_3D('',#11576,#11577,#11578);
#9159=AXIS2_PLACEMENT_3D('',#11579,#11580,#11581);
#9160=CARTESIAN_POINT('',(-6.35,7.175,0.320000000000001));
#9161=CARTESIAN_POINT('',(-6.35,7.49,0.00499999999999989));
#9162=AXIS2_PLACEMENT_3D('',#11582,#11583,#11584);
#9163=CARTESIAN_POINT('',(-6.03,7.175,0.0));
#9164=AXIS2_PLACEMENT_3D('',#11585,#11586,#11587);
#9165=CARTESIAN_POINT('',(-6.35,7.175,-0.320000000000001));
#9166=AXIS2_PLACEMENT_3D('',#11588,#11589,#11590);
#9167=CARTESIAN_POINT('',(-6.35,7.49,-0.00499999999999989));
#9168=AXIS2_PLACEMENT_3D('',#11591,#11592,#11593);
#9169=CARTESIAN_POINT('',(-6.345,7.49,0.0));
#9170=AXIS2_PLACEMENT_3D('',#11594,#11595,#11596);
#9171=AXIS2_PLACEMENT_3D('',#11597,#11598,#11599);
#9172=CARTESIAN_POINT('',(-6.03,3.48,0.0));
#9173=CARTESIAN_POINT('',(-6.03,5.3275,3.91886975727154E-17));
#9174=VECTOR('',#11600,1.0);
#9175=CARTESIAN_POINT('',(-6.35,3.48,-0.32));
#9176=AXIS2_PLACEMENT_3D('',#11601,#11602,#11603);
#9177=CARTESIAN_POINT('',(-6.67,3.48,-3.91886975727153E-17));
#9178=AXIS2_PLACEMENT_3D('',#11604,#11605,#11606);
#9179=CARTESIAN_POINT('',(-6.67,7.175,-3.91886975727155E-17));
#9180=CARTESIAN_POINT('',(-6.67,5.3275,-3.91886975727154E-17));
#9181=VECTOR('',#11607,1.0);
#9182=AXIS2_PLACEMENT_3D('',#11608,#11609,#11610);
#9183=CARTESIAN_POINT('',(-6.35,3.33,-0.47));
#9184=AXIS2_PLACEMENT_3D('',#11611,#11612,#11613);
#9185=CARTESIAN_POINT('',(-6.35,3.33,0.47));
#9186=AXIS2_PLACEMENT_3D('',#11614,#11615,#11616);
#9187=CARTESIAN_POINT('',(-6.35,3.48,0.32));
#9188=AXIS2_PLACEMENT_3D('',#11617,#11618,#11619);
#9189=AXIS2_PLACEMENT_3D('',#11620,#11621,#11622);
#9190=CARTESIAN_POINT('',(-5.685,-0.42,0.0));
#9191=CARTESIAN_POINT('',(-5.685,0.0,0.0));
#9192=CARTESIAN_POINT('',(-5.685,-0.21,8.1439012143299E-17));
#9193=VECTOR('',#11623,1.0);
#9194=CARTESIAN_POINT('',(-7.015,-0.420000000000001,-8.1439012143299E-17));
#9195=AXIS2_PLACEMENT_3D('',#11624,#11625,#11626);
#9196=CARTESIAN_POINT('',(-7.015,5.38038822029941E-33,-8.1439012143299E-17));
#9197=CARTESIAN_POINT('',(-7.015,-0.21,-8.1439012143299E-17));
#9198=VECTOR('',#11627,1.0);
#9199=AXIS2_PLACEMENT_3D('',#11628,#11629,#11630);
#9200=CARTESIAN_POINT('',(-5.935,-0.67,0.0));
#9201=CARTESIAN_POINT('',(-5.81,-0.545000000000001,6.61309271539571E-17));
#9202=VECTOR('',#11631,1.0);
#9203=CARTESIAN_POINT('',(-6.765,-0.67,-5.08228421646152E-17));
#9204=AXIS2_PLACEMENT_3D('',#11632,#11633,#11634);
#9205=CARTESIAN_POINT('',(-6.89,-0.545000000000001,-6.61309271539571E-17));
#9206=VECTOR('',#11635,1.0);
#9207=CARTESIAN_POINT('',(-6.35,-0.82,-0.235));
#9208=CARTESIAN_POINT('',(-6.35,-0.669999999999998,-0.385));
#9209=AXIS2_PLACEMENT_3D('',#11636,#11637,#11638);
#9210=CARTESIAN_POINT('',(-6.585,-0.82,-2.87791997799628E-17));
#9211=AXIS2_PLACEMENT_3D('',#11639,#11640,#11641);
#9212=CARTESIAN_POINT('',(-6.35,-0.82,0.235));
#9213=AXIS2_PLACEMENT_3D('',#11642,#11643,#11644);
#9214=CARTESIAN_POINT('',(-6.35,-0.669999999999998,0.385));
#9215=AXIS2_PLACEMENT_3D('',#11645,#11646,#11647);
#9216=AXIS2_PLACEMENT_3D('',#11648,#11649,#11650);
#9217=CARTESIAN_POINT('',(-6.115,-0.82,0.0));
#9218=CARTESIAN_POINT('',(-6.115,-2.61,2.87791997799626E-17));
#9219=VECTOR('',#11651,1.0);
#9220=CARTESIAN_POINT('',(-6.585,-4.4,-2.87791997799624E-17));
#9221=AXIS2_PLACEMENT_3D('',#11652,#11653,#11654);
#9222=CARTESIAN_POINT('',(-6.585,-2.61,-2.87791997799626E-17));
#9223=VECTOR('',#11655,1.0);
#9224=AXIS2_PLACEMENT_3D('',#11656,#11657,#11658);
#9225=CARTESIAN_POINT('',(-5.435,2.8,1.12055182121983E-16));
#9226=CARTESIAN_POINT('',(-5.435,3.33,0.0));
#9227=CARTESIAN_POINT('',(-5.435,3.065,1.12055182121983E-16));
#9228=VECTOR('',#11659,1.0);
#9229=CARTESIAN_POINT('',(-7.265,2.8,-1.12055182121983E-16));
#9230=AXIS2_PLACEMENT_3D('',#11660,#11661,#11662);
#9231=CARTESIAN_POINT('',(-7.265,3.33,-1.12055182121983E-16));
#9232=CARTESIAN_POINT('',(-7.265,3.065,-1.12055182121983E-16));
#9233=VECTOR('',#11663,1.0);
#9234=AXIS2_PLACEMENT_3D('',#11664,#11665,#11666);
#9235=CARTESIAN_POINT('',(-3.81,-4.63,0.00499999999999989));
#9236=CARTESIAN_POINT('',(-3.81,-4.4,0.234999999999998));
#9237=AXIS2_PLACEMENT_3D('',#11667,#11668,#11669);
#9238=CARTESIAN_POINT('',(-3.805,-4.63,0.0));
#9239=AXIS2_PLACEMENT_3D('',#11670,#11671,#11672);
#9240=CARTESIAN_POINT('',(-3.81,-4.63,-0.00499999999999989));
#9241=AXIS2_PLACEMENT_3D('',#11673,#11674,#11675);
#9242=CARTESIAN_POINT('',(-3.81,-4.4,-0.234999999999998));
#9243=AXIS2_PLACEMENT_3D('',#11676,#11677,#11678);
#9244=CARTESIAN_POINT('',(-3.57500000000001,-4.4,0.0));
#9245=AXIS2_PLACEMENT_3D('',#11679,#11680,#11681);
#9246=AXIS2_PLACEMENT_3D('',#11682,#11683,#11684);
#9247=CARTESIAN_POINT('',(-3.81,7.175,0.320000000000001));
#9248=CARTESIAN_POINT('',(-3.81,7.49,0.00499999999999989));
#9249=AXIS2_PLACEMENT_3D('',#11685,#11686,#11687);
#9250=CARTESIAN_POINT('',(-3.49,7.175,0.0));
#9251=AXIS2_PLACEMENT_3D('',#11688,#11689,#11690);
#9252=CARTESIAN_POINT('',(-3.81,7.175,-0.320000000000001));
#9253=AXIS2_PLACEMENT_3D('',#11691,#11692,#11693);
#9254=CARTESIAN_POINT('',(-3.81,7.49,-0.00499999999999989));
#9255=AXIS2_PLACEMENT_3D('',#11694,#11695,#11696);
#9256=CARTESIAN_POINT('',(-3.805,7.49,0.0));
#9257=AXIS2_PLACEMENT_3D('',#11697,#11698,#11699);
#9258=AXIS2_PLACEMENT_3D('',#11700,#11701,#11702);
#9259=CARTESIAN_POINT('',(-3.49,3.48,0.0));
#9260=CARTESIAN_POINT('',(-3.49,5.3275,3.91886975727154E-17));
#9261=VECTOR('',#11703,1.0);
#9262=CARTESIAN_POINT('',(-3.81,3.48,-0.32));
#9263=AXIS2_PLACEMENT_3D('',#11704,#11705,#11706);
#9264=CARTESIAN_POINT('',(-4.13,3.48,-3.91886975727153E-17));
#9265=AXIS2_PLACEMENT_3D('',#11707,#11708,#11709);
#9266=CARTESIAN_POINT('',(-4.13,7.175,-3.91886975727155E-17));
#9267=CARTESIAN_POINT('',(-4.13,5.3275,-3.91886975727154E-17));
#9268=VECTOR('',#11710,1.0);
#9269=AXIS2_PLACEMENT_3D('',#11711,#11712,#11713);
#9270=CARTESIAN_POINT('',(-3.81,3.33,-0.47));
#9271=AXIS2_PLACEMENT_3D('',#11714,#11715,#11716);
#9272=CARTESIAN_POINT('',(-3.81,3.33,0.47));
#9273=AXIS2_PLACEMENT_3D('',#11717,#11718,#11719);
#9274=CARTESIAN_POINT('',(-3.81,3.48,0.32));
#9275=AXIS2_PLACEMENT_3D('',#11720,#11721,#11722);
#9276=AXIS2_PLACEMENT_3D('',#11723,#11724,#11725);
#9277=CARTESIAN_POINT('',(-3.145,-0.42,0.0));
#9278=CARTESIAN_POINT('',(-3.145,0.0,0.0));
#9279=CARTESIAN_POINT('',(-3.145,-0.21,8.1439012143299E-17));
#9280=VECTOR('',#11726,1.0);
#9281=CARTESIAN_POINT('',(-4.475,-0.420000000000001,-8.1439012143299E-17));
#9282=AXIS2_PLACEMENT_3D('',#11727,#11728,#11729);
#9283=CARTESIAN_POINT('',(-4.475,5.38038822029941E-33,-8.1439012143299E-17));
#9284=CARTESIAN_POINT('',(-4.475,-0.21,-8.1439012143299E-17));
#9285=VECTOR('',#11730,1.0);
#9286=AXIS2_PLACEMENT_3D('',#11731,#11732,#11733);
#9287=CARTESIAN_POINT('',(-3.395,-0.67,0.0));
#9288=CARTESIAN_POINT('',(-3.27,-0.545000000000001,6.61309271539571E-17));
#9289=VECTOR('',#11734,1.0);
#9290=CARTESIAN_POINT('',(-4.225,-0.67,-5.08228421646152E-17));
#9291=AXIS2_PLACEMENT_3D('',#11735,#11736,#11737);
#9292=CARTESIAN_POINT('',(-4.35,-0.545000000000001,-6.61309271539571E-17));
#9293=VECTOR('',#11738,1.0);
#9294=CARTESIAN_POINT('',(-3.81,-0.82,-0.235));
#9295=CARTESIAN_POINT('',(-3.81,-0.669999999999998,-0.385));
#9296=AXIS2_PLACEMENT_3D('',#11739,#11740,#11741);
#9297=CARTESIAN_POINT('',(-4.045,-0.82,-2.87791997799628E-17));
#9298=AXIS2_PLACEMENT_3D('',#11742,#11743,#11744);
#9299=CARTESIAN_POINT('',(-3.81,-0.82,0.235));
#9300=AXIS2_PLACEMENT_3D('',#11745,#11746,#11747);
#9301=CARTESIAN_POINT('',(-3.81,-0.669999999999998,0.385));
#9302=AXIS2_PLACEMENT_3D('',#11748,#11749,#11750);
#9303=AXIS2_PLACEMENT_3D('',#11751,#11752,#11753);
#9304=CARTESIAN_POINT('',(-3.575,-0.82,0.0));
#9305=CARTESIAN_POINT('',(-3.575,-2.61,2.87791997799626E-17));
#9306=VECTOR('',#11754,1.0);
#9307=CARTESIAN_POINT('',(-4.045,-4.4,-2.87791997799624E-17));
#9308=AXIS2_PLACEMENT_3D('',#11755,#11756,#11757);
#9309=CARTESIAN_POINT('',(-4.045,-2.61,-2.87791997799626E-17));
#9310=VECTOR('',#11758,1.0);
#9311=AXIS2_PLACEMENT_3D('',#11759,#11760,#11761);
#9312=CARTESIAN_POINT('',(-2.895,2.8,1.12055182121983E-16));
#9313=CARTESIAN_POINT('',(-2.895,3.33,0.0));
#9314=CARTESIAN_POINT('',(-2.895,3.065,1.12055182121983E-16));
#9315=VECTOR('',#11762,1.0);
#9316=CARTESIAN_POINT('',(-4.725,2.8,-1.12055182121983E-16));
#9317=AXIS2_PLACEMENT_3D('',#11763,#11764,#11765);
#9318=CARTESIAN_POINT('',(-4.725,3.33,-1.12055182121983E-16));
#9319=CARTESIAN_POINT('',(-4.725,3.065,-1.12055182121983E-16));
#9320=VECTOR('',#11766,1.0);
#9321=AXIS2_PLACEMENT_3D('',#11767,#11768,#11769);
#9322=CARTESIAN_POINT('',(-1.27,-4.63,0.00499999999999989));
#9323=CARTESIAN_POINT('',(-1.27,-4.4,0.234999999999998));
#9324=AXIS2_PLACEMENT_3D('',#11770,#11771,#11772);
#9325=CARTESIAN_POINT('',(-1.265,-4.63,0.0));
#9326=AXIS2_PLACEMENT_3D('',#11773,#11774,#11775);
#9327=CARTESIAN_POINT('',(-1.27,-4.63,-0.00499999999999989));
#9328=AXIS2_PLACEMENT_3D('',#11776,#11777,#11778);
#9329=CARTESIAN_POINT('',(-1.27,-4.4,-0.234999999999998));
#9330=AXIS2_PLACEMENT_3D('',#11779,#11780,#11781);
#9331=CARTESIAN_POINT('',(-1.03500000000001,-4.4,0.0));
#9332=AXIS2_PLACEMENT_3D('',#11782,#11783,#11784);
#9333=AXIS2_PLACEMENT_3D('',#11785,#11786,#11787);
#9334=CARTESIAN_POINT('',(-1.27,7.175,0.320000000000001));
#9335=CARTESIAN_POINT('',(-1.27,7.49,0.00499999999999989));
#9336=AXIS2_PLACEMENT_3D('',#11788,#11789,#11790);
#9337=CARTESIAN_POINT('',(-0.950000000000001,7.175,0.0));
#9338=AXIS2_PLACEMENT_3D('',#11791,#11792,#11793);
#9339=CARTESIAN_POINT('',(-1.27,7.175,-0.320000000000001));
#9340=AXIS2_PLACEMENT_3D('',#11794,#11795,#11796);
#9341=CARTESIAN_POINT('',(-1.27,7.49,-0.00499999999999989));
#9342=AXIS2_PLACEMENT_3D('',#11797,#11798,#11799);
#9343=CARTESIAN_POINT('',(-1.265,7.49,0.0));
#9344=AXIS2_PLACEMENT_3D('',#11800,#11801,#11802);
#9345=AXIS2_PLACEMENT_3D('',#11803,#11804,#11805);
#9346=CARTESIAN_POINT('',(-0.950000000000001,3.48,0.0));
#9347=CARTESIAN_POINT('',(-0.950000000000001,5.3275,3.91886975727154E-17));
#9348=VECTOR('',#11806,1.0);
#9349=CARTESIAN_POINT('',(-1.27,3.48,-0.32));
#9350=AXIS2_PLACEMENT_3D('',#11807,#11808,#11809);
#9351=CARTESIAN_POINT('',(-1.59,3.48,-3.91886975727153E-17));
#9352=AXIS2_PLACEMENT_3D('',#11810,#11811,#11812);
#9353=CARTESIAN_POINT('',(-1.59,7.175,-3.91886975727154E-17));
#9354=CARTESIAN_POINT('',(-1.59,5.3275,-3.91886975727154E-17));
#9355=VECTOR('',#11813,1.0);
#9356=AXIS2_PLACEMENT_3D('',#11814,#11815,#11816);
#9357=CARTESIAN_POINT('',(-1.27,3.33,-0.47));
#9358=AXIS2_PLACEMENT_3D('',#11817,#11818,#11819);
#9359=CARTESIAN_POINT('',(-1.27,3.33,0.47));
#9360=AXIS2_PLACEMENT_3D('',#11820,#11821,#11822);
#9361=CARTESIAN_POINT('',(-1.27,3.48,0.32));
#9362=AXIS2_PLACEMENT_3D('',#11823,#11824,#11825);
#9363=AXIS2_PLACEMENT_3D('',#11826,#11827,#11828);
#9364=CARTESIAN_POINT('',(-0.605000000000002,-0.42,0.0));
#9365=CARTESIAN_POINT('',(-0.605000000000002,0.0,0.0));
#9366=CARTESIAN_POINT('',(-0.605000000000001,-0.21,8.1439012143299E-17));
#9367=VECTOR('',#11829,1.0);
#9368=CARTESIAN_POINT('',(-1.935,-0.420000000000001,-8.1439012143299E-17));
#9369=AXIS2_PLACEMENT_3D('',#11830,#11831,#11832);
#9370=CARTESIAN_POINT('',(-1.935,5.38038822029941E-33,-8.1439012143299E-17));
#9371=CARTESIAN_POINT('',(-1.935,-0.21,-8.1439012143299E-17));
#9372=VECTOR('',#11833,1.0);
#9373=AXIS2_PLACEMENT_3D('',#11834,#11835,#11836);
#9374=CARTESIAN_POINT('',(-0.855000000000002,-0.67,0.0));
#9375=CARTESIAN_POINT('',(-0.730000000000001,-0.545000000000001,6.61309271539571E-17));
#9376=VECTOR('',#11837,1.0);
#9377=CARTESIAN_POINT('',(-1.685,-0.67,-5.08228421646152E-17));
#9378=AXIS2_PLACEMENT_3D('',#11838,#11839,#11840);
#9379=CARTESIAN_POINT('',(-1.81,-0.545000000000001,-6.61309271539571E-17));
#9380=VECTOR('',#11841,1.0);
#9381=CARTESIAN_POINT('',(-1.27,-0.82,-0.235));
#9382=CARTESIAN_POINT('',(-1.27,-0.669999999999998,-0.385));
#9383=AXIS2_PLACEMENT_3D('',#11842,#11843,#11844);
#9384=CARTESIAN_POINT('',(-1.505,-0.82,-2.87791997799628E-17));
#9385=AXIS2_PLACEMENT_3D('',#11845,#11846,#11847);
#9386=CARTESIAN_POINT('',(-1.27,-0.82,0.235));
#9387=AXIS2_PLACEMENT_3D('',#11848,#11849,#11850);
#9388=CARTESIAN_POINT('',(-1.27,-0.669999999999998,0.385));
#9389=AXIS2_PLACEMENT_3D('',#11851,#11852,#11853);
#9390=AXIS2_PLACEMENT_3D('',#11854,#11855,#11856);
#9391=CARTESIAN_POINT('',(-1.035,-0.82,0.0));
#9392=CARTESIAN_POINT('',(-1.035,-2.61,2.87791997799627E-17));
#9393=VECTOR('',#11857,1.0);
#9394=CARTESIAN_POINT('',(-1.505,-4.4,-2.87791997799625E-17));
#9395=AXIS2_PLACEMENT_3D('',#11858,#11859,#11860);
#9396=CARTESIAN_POINT('',(-1.505,-2.61,-2.87791997799627E-17));
#9397=VECTOR('',#11861,1.0);
#9398=AXIS2_PLACEMENT_3D('',#11862,#11863,#11864);
#9399=CARTESIAN_POINT('',(-0.355000000000001,2.8,1.12055182121983E-16));
#9400=CARTESIAN_POINT('',(-0.355000000000002,3.33,0.0));
#9401=CARTESIAN_POINT('',(-0.355000000000001,3.065,1.12055182121983E-16));
#9402=VECTOR('',#11865,1.0);
#9403=CARTESIAN_POINT('',(-2.185,2.8,-1.12055182121983E-16));
#9404=AXIS2_PLACEMENT_3D('',#11866,#11867,#11868);
#9405=CARTESIAN_POINT('',(-2.185,3.33,-1.12055182121983E-16));
#9406=CARTESIAN_POINT('',(-2.185,3.065,-1.12055182121983E-16));
#9407=VECTOR('',#11869,1.0);
#9408=AXIS2_PLACEMENT_3D('',#11870,#11871,#11872);
#9409=CARTESIAN_POINT('',(1.27,-4.63,0.00499999999999989));
#9410=CARTESIAN_POINT('',(1.27,-4.4,0.234999999999998));
#9411=AXIS2_PLACEMENT_3D('',#11873,#11874,#11875);
#9412=CARTESIAN_POINT('',(1.275,-4.63,0.0));
#9413=AXIS2_PLACEMENT_3D('',#11876,#11877,#11878);
#9414=CARTESIAN_POINT('',(1.27,-4.63,-0.00499999999999989));
#9415=AXIS2_PLACEMENT_3D('',#11879,#11880,#11881);
#9416=CARTESIAN_POINT('',(1.27,-4.4,-0.234999999999998));
#9417=AXIS2_PLACEMENT_3D('',#11882,#11883,#11884);
#9418=CARTESIAN_POINT('',(1.505,-4.4,0.0));
#9419=AXIS2_PLACEMENT_3D('',#11885,#11886,#11887);
#9420=AXIS2_PLACEMENT_3D('',#11888,#11889,#11890);
#9421=CARTESIAN_POINT('',(1.27,7.175,0.320000000000001));
#9422=CARTESIAN_POINT('',(1.27,7.49,0.00499999999999989));
#9423=AXIS2_PLACEMENT_3D('',#11891,#11892,#11893);
#9424=CARTESIAN_POINT('',(1.59,7.175,0.0));
#9425=AXIS2_PLACEMENT_3D('',#11894,#11895,#11896);
#9426=CARTESIAN_POINT('',(1.27,7.175,-0.320000000000001));
#9427=AXIS2_PLACEMENT_3D('',#11897,#11898,#11899);
#9428=CARTESIAN_POINT('',(1.27,7.49,-0.00499999999999989));
#9429=AXIS2_PLACEMENT_3D('',#11900,#11901,#11902);
#9430=CARTESIAN_POINT('',(1.275,7.49,0.0));
#9431=AXIS2_PLACEMENT_3D('',#11903,#11904,#11905);
#9432=AXIS2_PLACEMENT_3D('',#11906,#11907,#11908);
#9433=CARTESIAN_POINT('',(1.59,3.48,0.0));
#9434=CARTESIAN_POINT('',(1.59,5.3275,3.91886975727154E-17));
#9435=VECTOR('',#11909,1.0);
#9436=CARTESIAN_POINT('',(1.27,3.48,-0.32));
#9437=AXIS2_PLACEMENT_3D('',#11910,#11911,#11912);
#9438=CARTESIAN_POINT('',(0.95,3.48,-3.91886975727153E-17));
#9439=AXIS2_PLACEMENT_3D('',#11913,#11914,#11915);
#9440=CARTESIAN_POINT('',(0.949999999999998,7.175,-3.91886975727154E-17));
#9441=CARTESIAN_POINT('',(0.949999999999999,5.3275,-3.91886975727154E-17));
#9442=VECTOR('',#11916,1.0);
#9443=AXIS2_PLACEMENT_3D('',#11917,#11918,#11919);
#9444=CARTESIAN_POINT('',(1.27,3.33,-0.47));
#9445=AXIS2_PLACEMENT_3D('',#11920,#11921,#11922);
#9446=CARTESIAN_POINT('',(1.27,3.33,0.47));
#9447=AXIS2_PLACEMENT_3D('',#11923,#11924,#11925);
#9448=CARTESIAN_POINT('',(1.27,3.48,0.32));
#9449=AXIS2_PLACEMENT_3D('',#11926,#11927,#11928);
#9450=AXIS2_PLACEMENT_3D('',#11929,#11930,#11931);
#9451=CARTESIAN_POINT('',(1.935,-0.42,0.0));
#9452=CARTESIAN_POINT('',(1.935,0.0,0.0));
#9453=CARTESIAN_POINT('',(1.935,-0.21,8.1439012143299E-17));
#9454=VECTOR('',#11932,1.0);
#9455=CARTESIAN_POINT('',(0.605,-0.420000000000001,-8.1439012143299E-17));
#9456=AXIS2_PLACEMENT_3D('',#11933,#11934,#11935);
#9457=CARTESIAN_POINT('',(0.605,5.38038822029941E-33,-8.1439012143299E-17));
#9458=CARTESIAN_POINT('',(0.605,-0.21,-8.1439012143299E-17));
#9459=VECTOR('',#11936,1.0);
#9460=AXIS2_PLACEMENT_3D('',#11937,#11938,#11939);
#9461=CARTESIAN_POINT('',(1.685,-0.67,0.0));
#9462=CARTESIAN_POINT('',(1.81,-0.545000000000001,6.61309271539571E-17));
#9463=VECTOR('',#11940,1.0);
#9464=CARTESIAN_POINT('',(0.855,-0.67,-5.08228421646152E-17));
#9465=AXIS2_PLACEMENT_3D('',#11941,#11942,#11943);
#9466=CARTESIAN_POINT('',(0.73,-0.545000000000001,-6.61309271539571E-17));
#9467=VECTOR('',#11944,1.0);
#9468=CARTESIAN_POINT('',(1.27,-0.82,-0.235));
#9469=CARTESIAN_POINT('',(1.27,-0.669999999999998,-0.385));
#9470=AXIS2_PLACEMENT_3D('',#11945,#11946,#11947);
#9471=CARTESIAN_POINT('',(1.035,-0.82,-2.87791997799628E-17));
#9472=AXIS2_PLACEMENT_3D('',#11948,#11949,#11950);
#9473=CARTESIAN_POINT('',(1.27,-0.82,0.235));
#9474=AXIS2_PLACEMENT_3D('',#11951,#11952,#11953);
#9475=CARTESIAN_POINT('',(1.27,-0.669999999999998,0.385));
#9476=AXIS2_PLACEMENT_3D('',#11954,#11955,#11956);
#9477=AXIS2_PLACEMENT_3D('',#11957,#11958,#11959);
#9478=CARTESIAN_POINT('',(1.505,-0.82,0.0));
#9479=CARTESIAN_POINT('',(1.505,-2.61,2.87791997799627E-17));
#9480=VECTOR('',#11960,1.0);
#9481=CARTESIAN_POINT('',(1.035,-4.4,-2.87791997799625E-17));
#9482=AXIS2_PLACEMENT_3D('',#11961,#11962,#11963);
#9483=CARTESIAN_POINT('',(1.035,-2.61,-2.87791997799627E-17));
#9484=VECTOR('',#11964,1.0);
#9485=AXIS2_PLACEMENT_3D('',#11965,#11966,#11967);
#9486=CARTESIAN_POINT('',(2.185,2.8,1.12055182121983E-16));
#9487=CARTESIAN_POINT('',(2.185,3.33,0.0));
#9488=CARTESIAN_POINT('',(2.185,3.065,1.12055182121983E-16));
#9489=VECTOR('',#11968,1.0);
#9490=CARTESIAN_POINT('',(0.355,2.8,-1.12055182121983E-16));
#9491=AXIS2_PLACEMENT_3D('',#11969,#11970,#11971);
#9492=CARTESIAN_POINT('',(0.355,3.33,-1.12055182121983E-16));
#9493=CARTESIAN_POINT('',(0.355,3.065,-1.12055182121983E-16));
#9494=VECTOR('',#11972,1.0);
#9495=AXIS2_PLACEMENT_3D('',#11973,#11974,#11975);
#9496=CARTESIAN_POINT('',(3.81,-4.63,0.00499999999999989));
#9497=CARTESIAN_POINT('',(3.81,-4.4,0.234999999999998));
#9498=AXIS2_PLACEMENT_3D('',#11976,#11977,#11978);
#9499=CARTESIAN_POINT('',(3.815,-4.63,0.0));
#9500=AXIS2_PLACEMENT_3D('',#11979,#11980,#11981);
#9501=CARTESIAN_POINT('',(3.81,-4.63,-0.00499999999999989));
#9502=AXIS2_PLACEMENT_3D('',#11982,#11983,#11984);
#9503=CARTESIAN_POINT('',(3.81,-4.4,-0.234999999999998));
#9504=AXIS2_PLACEMENT_3D('',#11985,#11986,#11987);
#9505=CARTESIAN_POINT('',(4.04499999999999,-4.4,0.0));
#9506=AXIS2_PLACEMENT_3D('',#11988,#11989,#11990);
#9507=AXIS2_PLACEMENT_3D('',#11991,#11992,#11993);
#9508=CARTESIAN_POINT('',(3.81,7.175,0.320000000000001));
#9509=CARTESIAN_POINT('',(3.81,7.49,0.00499999999999989));
#9510=AXIS2_PLACEMENT_3D('',#11994,#11995,#11996);
#9511=CARTESIAN_POINT('',(4.13,7.175,0.0));
#9512=AXIS2_PLACEMENT_3D('',#11997,#11998,#11999);
#9513=CARTESIAN_POINT('',(3.81,7.175,-0.320000000000001));
#9514=AXIS2_PLACEMENT_3D('',#12000,#12001,#12002);
#9515=CARTESIAN_POINT('',(3.81,7.49,-0.00499999999999989));
#9516=AXIS2_PLACEMENT_3D('',#12003,#12004,#12005);
#9517=CARTESIAN_POINT('',(3.815,7.49,0.0));
#9518=AXIS2_PLACEMENT_3D('',#12006,#12007,#12008);
#9519=AXIS2_PLACEMENT_3D('',#12009,#12010,#12011);
#9520=CARTESIAN_POINT('',(4.13,3.48,0.0));
#9521=CARTESIAN_POINT('',(4.13,5.3275,3.91886975727154E-17));
#9522=VECTOR('',#12012,1.0);
#9523=CARTESIAN_POINT('',(3.81,3.48,-0.32));
#9524=AXIS2_PLACEMENT_3D('',#12013,#12014,#12015);
#9525=CARTESIAN_POINT('',(3.49,3.48,-3.91886975727153E-17));
#9526=AXIS2_PLACEMENT_3D('',#12016,#12017,#12018);
#9527=CARTESIAN_POINT('',(3.49,7.175,-3.91886975727155E-17));
#9528=CARTESIAN_POINT('',(3.49,5.3275,-3.91886975727154E-17));
#9529=VECTOR('',#12019,1.0);
#9530=AXIS2_PLACEMENT_3D('',#12020,#12021,#12022);
#9531=CARTESIAN_POINT('',(3.81,3.33,-0.47));
#9532=AXIS2_PLACEMENT_3D('',#12023,#12024,#12025);
#9533=CARTESIAN_POINT('',(3.81,3.33,0.47));
#9534=AXIS2_PLACEMENT_3D('',#12026,#12027,#12028);
#9535=CARTESIAN_POINT('',(3.81,3.48,0.32));
#9536=AXIS2_PLACEMENT_3D('',#12029,#12030,#12031);
#9537=AXIS2_PLACEMENT_3D('',#12032,#12033,#12034);
#9538=CARTESIAN_POINT('',(4.475,-0.42,0.0));
#9539=CARTESIAN_POINT('',(4.475,0.0,0.0));
#9540=CARTESIAN_POINT('',(4.475,-0.21,8.1439012143299E-17));
#9541=VECTOR('',#12035,1.0);
#9542=CARTESIAN_POINT('',(3.145,-0.420000000000001,-8.1439012143299E-17));
#9543=AXIS2_PLACEMENT_3D('',#12036,#12037,#12038);
#9544=CARTESIAN_POINT('',(3.145,5.38038822029941E-33,-8.1439012143299E-17));
#9545=CARTESIAN_POINT('',(3.145,-0.21,-8.1439012143299E-17));
#9546=VECTOR('',#12039,1.0);
#9547=AXIS2_PLACEMENT_3D('',#12040,#12041,#12042);
#9548=CARTESIAN_POINT('',(4.225,-0.67,0.0));
#9549=CARTESIAN_POINT('',(4.35,-0.545000000000001,6.61309271539571E-17));
#9550=VECTOR('',#12043,1.0);
#9551=CARTESIAN_POINT('',(3.395,-0.67,-5.08228421646152E-17));
#9552=AXIS2_PLACEMENT_3D('',#12044,#12045,#12046);
#9553=CARTESIAN_POINT('',(3.27,-0.545000000000001,-6.61309271539571E-17));
#9554=VECTOR('',#12047,1.0);
#9555=CARTESIAN_POINT('',(3.81,-0.82,-0.235));
#9556=CARTESIAN_POINT('',(3.81,-0.669999999999998,-0.385));
#9557=AXIS2_PLACEMENT_3D('',#12048,#12049,#12050);
#9558=CARTESIAN_POINT('',(3.575,-0.82,-2.87791997799628E-17));
#9559=AXIS2_PLACEMENT_3D('',#12051,#12052,#12053);
#9560=CARTESIAN_POINT('',(3.81,-0.82,0.235));
#9561=AXIS2_PLACEMENT_3D('',#12054,#12055,#12056);
#9562=CARTESIAN_POINT('',(3.81,-0.669999999999998,0.385));
#9563=AXIS2_PLACEMENT_3D('',#12057,#12058,#12059);
#9564=AXIS2_PLACEMENT_3D('',#12060,#12061,#12062);
#9565=CARTESIAN_POINT('',(4.045,-0.82,0.0));
#9566=CARTESIAN_POINT('',(4.045,-2.61,2.87791997799627E-17));
#9567=VECTOR('',#12063,1.0);
#9568=CARTESIAN_POINT('',(3.575,-4.4,-2.87791997799625E-17));
#9569=AXIS2_PLACEMENT_3D('',#12064,#12065,#12066);
#9570=CARTESIAN_POINT('',(3.575,-2.61,-2.87791997799627E-17));
#9571=VECTOR('',#12067,1.0);
#9572=AXIS2_PLACEMENT_3D('',#12068,#12069,#12070);
#9573=CARTESIAN_POINT('',(4.725,2.8,1.12055182121983E-16));
#9574=CARTESIAN_POINT('',(4.725,3.33,0.0));
#9575=CARTESIAN_POINT('',(4.725,3.065,1.12055182121983E-16));
#9576=VECTOR('',#12071,1.0);
#9577=CARTESIAN_POINT('',(2.895,2.8,-1.12055182121983E-16));
#9578=AXIS2_PLACEMENT_3D('',#12072,#12073,#12074);
#9579=CARTESIAN_POINT('',(2.895,3.33,-1.12055182121983E-16));
#9580=CARTESIAN_POINT('',(2.895,3.065,-1.12055182121983E-16));
#9581=VECTOR('',#12075,1.0);
#9582=AXIS2_PLACEMENT_3D('',#12076,#12077,#12078);
#9583=CARTESIAN_POINT('',(6.35,-4.63,0.00499999999999989));
#9584=CARTESIAN_POINT('',(6.35,-4.4,0.234999999999998));
#9585=AXIS2_PLACEMENT_3D('',#12079,#12080,#12081);
#9586=CARTESIAN_POINT('',(6.355,-4.63,0.0));
#9587=AXIS2_PLACEMENT_3D('',#12082,#12083,#12084);
#9588=CARTESIAN_POINT('',(6.35,-4.63,-0.00499999999999989));
#9589=AXIS2_PLACEMENT_3D('',#12085,#12086,#12087);
#9590=CARTESIAN_POINT('',(6.35,-4.4,-0.234999999999998));
#9591=AXIS2_PLACEMENT_3D('',#12088,#12089,#12090);
#9592=CARTESIAN_POINT('',(6.58499999999999,-4.4,0.0));
#9593=AXIS2_PLACEMENT_3D('',#12091,#12092,#12093);
#9594=AXIS2_PLACEMENT_3D('',#12094,#12095,#12096);
#9595=CARTESIAN_POINT('',(6.35,7.175,0.320000000000001));
#9596=CARTESIAN_POINT('',(6.35,7.49,0.00499999999999989));
#9597=AXIS2_PLACEMENT_3D('',#12097,#12098,#12099);
#9598=CARTESIAN_POINT('',(6.67,7.175,0.0));
#9599=AXIS2_PLACEMENT_3D('',#12100,#12101,#12102);
#9600=CARTESIAN_POINT('',(6.35,7.175,-0.320000000000001));
#9601=AXIS2_PLACEMENT_3D('',#12103,#12104,#12105);
#9602=CARTESIAN_POINT('',(6.35,7.49,-0.00499999999999989));
#9603=AXIS2_PLACEMENT_3D('',#12106,#12107,#12108);
#9604=CARTESIAN_POINT('',(6.355,7.49,0.0));
#9605=AXIS2_PLACEMENT_3D('',#12109,#12110,#12111);
#9606=AXIS2_PLACEMENT_3D('',#12112,#12113,#12114);
#9607=CARTESIAN_POINT('',(6.67,3.48,0.0));
#9608=CARTESIAN_POINT('',(6.67,5.3275,3.91886975727154E-17));
#9609=VECTOR('',#12115,1.0);
#9610=CARTESIAN_POINT('',(6.35,3.48,-0.32));
#9611=AXIS2_PLACEMENT_3D('',#12116,#12117,#12118);
#9612=CARTESIAN_POINT('',(6.03,3.48,-3.91886975727153E-17));
#9613=AXIS2_PLACEMENT_3D('',#12119,#12120,#12121);
#9614=CARTESIAN_POINT('',(6.03,7.175,-3.91886975727155E-17));
#9615=CARTESIAN_POINT('',(6.03,5.3275,-3.91886975727154E-17));
#9616=VECTOR('',#12122,1.0);
#9617=AXIS2_PLACEMENT_3D('',#12123,#12124,#12125);
#9618=CARTESIAN_POINT('',(6.35,3.33,-0.47));
#9619=AXIS2_PLACEMENT_3D('',#12126,#12127,#12128);
#9620=CARTESIAN_POINT('',(6.35,3.33,0.47));
#9621=AXIS2_PLACEMENT_3D('',#12129,#12130,#12131);
#9622=CARTESIAN_POINT('',(6.35,3.48,0.32));
#9623=AXIS2_PLACEMENT_3D('',#12132,#12133,#12134);
#9624=AXIS2_PLACEMENT_3D('',#12135,#12136,#12137);
#9625=CARTESIAN_POINT('',(7.015,-0.42,0.0));
#9626=CARTESIAN_POINT('',(7.015,0.0,0.0));
#9627=CARTESIAN_POINT('',(7.015,-0.21,8.1439012143299E-17));
#9628=VECTOR('',#12138,1.0);
#9629=CARTESIAN_POINT('',(5.685,-0.420000000000001,-8.1439012143299E-17));
#9630=AXIS2_PLACEMENT_3D('',#12139,#12140,#12141);
#9631=CARTESIAN_POINT('',(5.685,5.38038822029941E-33,-8.1439012143299E-17));
#9632=CARTESIAN_POINT('',(5.685,-0.21,-8.1439012143299E-17));
#9633=VECTOR('',#12142,1.0);
#9634=AXIS2_PLACEMENT_3D('',#12143,#12144,#12145);
#9635=CARTESIAN_POINT('',(6.765,-0.67,0.0));
#9636=CARTESIAN_POINT('',(6.89,-0.545000000000001,6.61309271539571E-17));
#9637=VECTOR('',#12146,1.0);
#9638=CARTESIAN_POINT('',(5.935,-0.67,-5.08228421646152E-17));
#9639=AXIS2_PLACEMENT_3D('',#12147,#12148,#12149);
#9640=CARTESIAN_POINT('',(5.81,-0.545000000000001,-6.61309271539571E-17));
#9641=VECTOR('',#12150,1.0);
#9642=CARTESIAN_POINT('',(6.35,-0.82,-0.235));
#9643=CARTESIAN_POINT('',(6.35,-0.669999999999998,-0.385));
#9644=AXIS2_PLACEMENT_3D('',#12151,#12152,#12153);
#9645=CARTESIAN_POINT('',(6.115,-0.82,-2.87791997799628E-17));
#9646=AXIS2_PLACEMENT_3D('',#12154,#12155,#12156);
#9647=CARTESIAN_POINT('',(6.35,-0.82,0.235));
#9648=AXIS2_PLACEMENT_3D('',#12157,#12158,#12159);
#9649=CARTESIAN_POINT('',(6.35,-0.669999999999998,0.385));
#9650=AXIS2_PLACEMENT_3D('',#12160,#12161,#12162);
#9651=AXIS2_PLACEMENT_3D('',#12163,#12164,#12165);
#9652=CARTESIAN_POINT('',(6.585,-0.82,0.0));
#9653=CARTESIAN_POINT('',(6.585,-2.61,2.87791997799626E-17));
#9654=VECTOR('',#12166,1.0);
#9655=CARTESIAN_POINT('',(6.115,-4.4,-2.87791997799624E-17));
#9656=AXIS2_PLACEMENT_3D('',#12167,#12168,#12169);
#9657=CARTESIAN_POINT('',(6.115,-2.61,-2.87791997799626E-17));
#9658=VECTOR('',#12170,1.0);
#9659=AXIS2_PLACEMENT_3D('',#12171,#12172,#12173);
#9660=CARTESIAN_POINT('',(7.265,2.8,1.12055182121983E-16));
#9661=CARTESIAN_POINT('',(7.265,3.33,0.0));
#9662=CARTESIAN_POINT('',(7.265,3.065,1.12055182121983E-16));
#9663=VECTOR('',#12174,1.0);
#9664=CARTESIAN_POINT('',(5.435,2.8,-1.12055182121983E-16));
#9665=AXIS2_PLACEMENT_3D('',#12175,#12176,#12177);
#9666=CARTESIAN_POINT('',(5.435,3.33,-1.12055182121983E-16));
#9667=CARTESIAN_POINT('',(5.435,3.065,-1.12055182121983E-16));
#9668=VECTOR('',#12178,1.0);
#9669=AXIS2_PLACEMENT_3D('',#12179,#12180,#12181);
#9670=CARTESIAN_POINT('',(8.89,-4.63,0.00499999999999989));
#9671=CARTESIAN_POINT('',(8.89,-4.4,0.234999999999998));
#9672=AXIS2_PLACEMENT_3D('',#12182,#12183,#12184);
#9673=CARTESIAN_POINT('',(8.895,-4.63,0.0));
#9674=AXIS2_PLACEMENT_3D('',#12185,#12186,#12187);
#9675=CARTESIAN_POINT('',(8.89,-4.63,-0.00499999999999989));
#9676=AXIS2_PLACEMENT_3D('',#12188,#12189,#12190);
#9677=CARTESIAN_POINT('',(8.89,-4.4,-0.234999999999998));
#9678=AXIS2_PLACEMENT_3D('',#12191,#12192,#12193);
#9679=CARTESIAN_POINT('',(9.12499999999999,-4.4,0.0));
#9680=AXIS2_PLACEMENT_3D('',#12194,#12195,#12196);
#9681=AXIS2_PLACEMENT_3D('',#12197,#12198,#12199);
#9682=CARTESIAN_POINT('',(8.89,7.175,0.320000000000001));
#9683=CARTESIAN_POINT('',(8.89,7.49,0.00499999999999989));
#9684=AXIS2_PLACEMENT_3D('',#12200,#12201,#12202);
#9685=CARTESIAN_POINT('',(9.21,7.175,0.0));
#9686=AXIS2_PLACEMENT_3D('',#12203,#12204,#12205);
#9687=CARTESIAN_POINT('',(8.89,7.175,-0.320000000000001));
#9688=AXIS2_PLACEMENT_3D('',#12206,#12207,#12208);
#9689=CARTESIAN_POINT('',(8.89,7.49,-0.00499999999999989));
#9690=AXIS2_PLACEMENT_3D('',#12209,#12210,#12211);
#9691=CARTESIAN_POINT('',(8.895,7.49,0.0));
#9692=AXIS2_PLACEMENT_3D('',#12212,#12213,#12214);
#9693=AXIS2_PLACEMENT_3D('',#12215,#12216,#12217);
#9694=CARTESIAN_POINT('',(9.21,3.48,0.0));
#9695=CARTESIAN_POINT('',(9.21,5.3275,3.91886975727154E-17));
#9696=VECTOR('',#12218,1.0);
#9697=CARTESIAN_POINT('',(8.89,3.48,-0.32));
#9698=AXIS2_PLACEMENT_3D('',#12219,#12220,#12221);
#9699=CARTESIAN_POINT('',(8.57,3.48,-3.91886975727153E-17));
#9700=AXIS2_PLACEMENT_3D('',#12222,#12223,#12224);
#9701=CARTESIAN_POINT('',(8.57,7.175,-3.91886975727155E-17));
#9702=CARTESIAN_POINT('',(8.57,5.3275,-3.91886975727154E-17));
#9703=VECTOR('',#12225,1.0);
#9704=AXIS2_PLACEMENT_3D('',#12226,#12227,#12228);
#9705=CARTESIAN_POINT('',(8.89,3.33,-0.47));
#9706=AXIS2_PLACEMENT_3D('',#12229,#12230,#12231);
#9707=CARTESIAN_POINT('',(8.89,3.33,0.47));
#9708=AXIS2_PLACEMENT_3D('',#12232,#12233,#12234);
#9709=CARTESIAN_POINT('',(8.89,3.48,0.32));
#9710=AXIS2_PLACEMENT_3D('',#12235,#12236,#12237);
#9711=AXIS2_PLACEMENT_3D('',#12238,#12239,#12240);
#9712=CARTESIAN_POINT('',(9.555,-0.42,0.0));
#9713=CARTESIAN_POINT('',(9.555,0.0,0.0));
#9714=CARTESIAN_POINT('',(9.555,-0.21,8.14390121432991E-17));
#9715=VECTOR('',#12241,1.0);
#9716=CARTESIAN_POINT('',(8.225,-0.420000000000001,-8.14390121432991E-17));
#9717=AXIS2_PLACEMENT_3D('',#12242,#12243,#12244);
#9718=CARTESIAN_POINT('',(8.225,5.38038822029942E-33,-8.14390121432991E-17));
#9719=CARTESIAN_POINT('',(8.225,-0.21,-8.14390121432991E-17));
#9720=VECTOR('',#12245,1.0);
#9721=AXIS2_PLACEMENT_3D('',#12246,#12247,#12248);
#9722=CARTESIAN_POINT('',(9.305,-0.67,0.0));
#9723=CARTESIAN_POINT('',(9.43,-0.545000000000001,6.61309271539571E-17));
#9724=VECTOR('',#12249,1.0);
#9725=CARTESIAN_POINT('',(8.475,-0.67,-5.08228421646153E-17));
#9726=AXIS2_PLACEMENT_3D('',#12250,#12251,#12252);
#9727=CARTESIAN_POINT('',(8.35,-0.545000000000001,-6.61309271539572E-17));
#9728=VECTOR('',#12253,1.0);
#9729=CARTESIAN_POINT('',(8.89,-0.82,-0.235));
#9730=CARTESIAN_POINT('',(8.89,-0.669999999999998,-0.385));
#9731=AXIS2_PLACEMENT_3D('',#12254,#12255,#12256);
#9732=CARTESIAN_POINT('',(8.655,-0.82,-2.87791997799628E-17));
#9733=AXIS2_PLACEMENT_3D('',#12257,#12258,#12259);
#9734=CARTESIAN_POINT('',(8.89,-0.82,0.235));
#9735=AXIS2_PLACEMENT_3D('',#12260,#12261,#12262);
#9736=CARTESIAN_POINT('',(8.89,-0.669999999999998,0.385));
#9737=AXIS2_PLACEMENT_3D('',#12263,#12264,#12265);
#9738=AXIS2_PLACEMENT_3D('',#12266,#12267,#12268);
#9739=CARTESIAN_POINT('',(9.125,-0.82,0.0));
#9740=CARTESIAN_POINT('',(9.125,-2.61,2.87791997799626E-17));
#9741=VECTOR('',#12269,1.0);
#9742=CARTESIAN_POINT('',(8.655,-4.4,-2.87791997799624E-17));
#9743=AXIS2_PLACEMENT_3D('',#12270,#12271,#12272);
#9744=CARTESIAN_POINT('',(8.655,-2.61,-2.87791997799626E-17));
#9745=VECTOR('',#12273,1.0);
#9746=AXIS2_PLACEMENT_3D('',#12274,#12275,#12276);
#9747=CARTESIAN_POINT('',(9.805,2.8,1.12055182121983E-16));
#9748=CARTESIAN_POINT('',(9.805,3.33,0.0));
#9749=CARTESIAN_POINT('',(9.805,3.065,1.12055182121983E-16));
#9750=VECTOR('',#12277,1.0);
#9751=CARTESIAN_POINT('',(7.975,2.8,-1.12055182121983E-16));
#9752=AXIS2_PLACEMENT_3D('',#12278,#12279,#12280);
#9753=CARTESIAN_POINT('',(7.975,3.33,-1.12055182121983E-16));
#9754=CARTESIAN_POINT('',(7.975,3.065,-1.12055182121983E-16));
#9755=VECTOR('',#12281,1.0);
#9756=AXIS2_PLACEMENT_3D('',#12282,#12283,#12284);
#9757=CARTESIAN_POINT('',(11.43,-4.63,0.00499999999999989));
#9758=CARTESIAN_POINT('',(11.43,-4.4,0.234999999999998));
#9759=AXIS2_PLACEMENT_3D('',#12285,#12286,#12287);
#9760=CARTESIAN_POINT('',(11.435,-4.63,0.0));
#9761=AXIS2_PLACEMENT_3D('',#12288,#12289,#12290);
#9762=CARTESIAN_POINT('',(11.43,-4.63,-0.00499999999999989));
#9763=AXIS2_PLACEMENT_3D('',#12291,#12292,#12293);
#9764=CARTESIAN_POINT('',(11.43,-4.4,-0.234999999999998));
#9765=AXIS2_PLACEMENT_3D('',#12294,#12295,#12296);
#9766=CARTESIAN_POINT('',(11.665,-4.4,0.0));
#9767=AXIS2_PLACEMENT_3D('',#12297,#12298,#12299);
#9768=AXIS2_PLACEMENT_3D('',#12300,#12301,#12302);
#9769=CARTESIAN_POINT('',(11.43,7.175,0.320000000000001));
#9770=CARTESIAN_POINT('',(11.43,7.49,0.00499999999999989));
#9771=AXIS2_PLACEMENT_3D('',#12303,#12304,#12305);
#9772=CARTESIAN_POINT('',(11.75,7.175,0.0));
#9773=AXIS2_PLACEMENT_3D('',#12306,#12307,#12308);
#9774=CARTESIAN_POINT('',(11.43,7.175,-0.320000000000001));
#9775=AXIS2_PLACEMENT_3D('',#12309,#12310,#12311);
#9776=CARTESIAN_POINT('',(11.43,7.49,-0.00499999999999989));
#9777=AXIS2_PLACEMENT_3D('',#12312,#12313,#12314);
#9778=CARTESIAN_POINT('',(11.435,7.49,0.0));
#9779=AXIS2_PLACEMENT_3D('',#12315,#12316,#12317);
#9780=AXIS2_PLACEMENT_3D('',#12318,#12319,#12320);
#9781=CARTESIAN_POINT('',(11.75,3.48,0.0));
#9782=CARTESIAN_POINT('',(11.75,5.3275,3.91886975727154E-17));
#9783=VECTOR('',#12321,1.0);
#9784=CARTESIAN_POINT('',(11.43,3.48,-0.32));
#9785=AXIS2_PLACEMENT_3D('',#12322,#12323,#12324);
#9786=CARTESIAN_POINT('',(11.11,3.48,-3.91886975727153E-17));
#9787=AXIS2_PLACEMENT_3D('',#12325,#12326,#12327);
#9788=CARTESIAN_POINT('',(11.11,7.175,-3.91886975727155E-17));
#9789=CARTESIAN_POINT('',(11.11,5.3275,-3.91886975727154E-17));
#9790=VECTOR('',#12328,1.0);
#9791=AXIS2_PLACEMENT_3D('',#12329,#12330,#12331);
#9792=CARTESIAN_POINT('',(11.43,3.33,-0.47));
#9793=AXIS2_PLACEMENT_3D('',#12332,#12333,#12334);
#9794=CARTESIAN_POINT('',(11.43,3.33,0.47));
#9795=AXIS2_PLACEMENT_3D('',#12335,#12336,#12337);
#9796=CARTESIAN_POINT('',(11.43,3.48,0.32));
#9797=AXIS2_PLACEMENT_3D('',#12338,#12339,#12340);
#9798=AXIS2_PLACEMENT_3D('',#12341,#12342,#12343);
#9799=CARTESIAN_POINT('',(12.095,-0.42,0.0));
#9800=CARTESIAN_POINT('',(12.095,0.0,0.0));
#9801=CARTESIAN_POINT('',(12.095,-0.21,8.14390121432991E-17));
#9802=VECTOR('',#12344,1.0);
#9803=CARTESIAN_POINT('',(10.765,-0.420000000000001,-8.14390121432991E-17));
#9804=AXIS2_PLACEMENT_3D('',#12345,#12346,#12347);
#9805=CARTESIAN_POINT('',(10.765,5.38038822029942E-33,-8.14390121432991E-17));
#9806=CARTESIAN_POINT('',(10.765,-0.21,-8.14390121432991E-17));
#9807=VECTOR('',#12348,1.0);
#9808=AXIS2_PLACEMENT_3D('',#12349,#12350,#12351);
#9809=CARTESIAN_POINT('',(11.845,-0.67,0.0));
#9810=CARTESIAN_POINT('',(11.97,-0.545000000000001,6.61309271539571E-17));
#9811=VECTOR('',#12352,1.0);
#9812=CARTESIAN_POINT('',(11.015,-0.67,-5.08228421646153E-17));
#9813=AXIS2_PLACEMENT_3D('',#12353,#12354,#12355);
#9814=CARTESIAN_POINT('',(10.89,-0.545000000000001,-6.61309271539572E-17));
#9815=VECTOR('',#12356,1.0);
#9816=CARTESIAN_POINT('',(11.43,-0.82,-0.235));
#9817=CARTESIAN_POINT('',(11.43,-0.669999999999998,-0.385));
#9818=AXIS2_PLACEMENT_3D('',#12357,#12358,#12359);
#9819=CARTESIAN_POINT('',(11.195,-0.82,-2.87791997799628E-17));
#9820=AXIS2_PLACEMENT_3D('',#12360,#12361,#12362);
#9821=CARTESIAN_POINT('',(11.43,-0.82,0.235));
#9822=AXIS2_PLACEMENT_3D('',#12363,#12364,#12365);
#9823=CARTESIAN_POINT('',(11.43,-0.669999999999998,0.385));
#9824=AXIS2_PLACEMENT_3D('',#12366,#12367,#12368);
#9825=AXIS2_PLACEMENT_3D('',#12369,#12370,#12371);
#9826=CARTESIAN_POINT('',(11.665,-0.82,0.0));
#9827=CARTESIAN_POINT('',(11.665,-2.61,2.87791997799626E-17));
#9828=VECTOR('',#12372,1.0);
#9829=CARTESIAN_POINT('',(11.195,-4.4,-2.87791997799624E-17));
#9830=AXIS2_PLACEMENT_3D('',#12373,#12374,#12375);
#9831=CARTESIAN_POINT('',(11.195,-2.61,-2.87791997799626E-17));
#9832=VECTOR('',#12376,1.0);
#9833=AXIS2_PLACEMENT_3D('',#12377,#12378,#12379);
#9834=CARTESIAN_POINT('',(12.345,2.8,1.12055182121983E-16));
#9835=CARTESIAN_POINT('',(12.345,3.33,0.0));
#9836=CARTESIAN_POINT('',(12.345,3.065,1.12055182121983E-16));
#9837=VECTOR('',#12380,1.0);
#9838=CARTESIAN_POINT('',(10.515,2.8,-1.12055182121983E-16));
#9839=AXIS2_PLACEMENT_3D('',#12381,#12382,#12383);
#9840=CARTESIAN_POINT('',(10.515,3.33,-1.12055182121983E-16));
#9841=CARTESIAN_POINT('',(10.515,3.065,-1.12055182121983E-16));
#9842=VECTOR('',#12384,1.0);
#9843=AXIS2_PLACEMENT_3D('',#12385,#12386,#12387);
#9844=CARTESIAN_POINT('',(13.97,-4.63,0.00499999999999989));
#9845=CARTESIAN_POINT('',(13.97,-4.4,0.234999999999998));
#9846=AXIS2_PLACEMENT_3D('',#12388,#12389,#12390);
#9847=CARTESIAN_POINT('',(13.975,-4.63,0.0));
#9848=AXIS2_PLACEMENT_3D('',#12391,#12392,#12393);
#9849=CARTESIAN_POINT('',(13.97,-4.63,-0.00499999999999989));
#9850=AXIS2_PLACEMENT_3D('',#12394,#12395,#12396);
#9851=CARTESIAN_POINT('',(13.97,-4.4,-0.234999999999998));
#9852=AXIS2_PLACEMENT_3D('',#12397,#12398,#12399);
#9853=CARTESIAN_POINT('',(14.205,-4.4,0.0));
#9854=AXIS2_PLACEMENT_3D('',#12400,#12401,#12402);
#9855=AXIS2_PLACEMENT_3D('',#12403,#12404,#12405);
#9856=CARTESIAN_POINT('',(13.97,7.175,0.320000000000001));
#9857=CARTESIAN_POINT('',(13.97,7.49,0.00499999999999989));
#9858=AXIS2_PLACEMENT_3D('',#12406,#12407,#12408);
#9859=CARTESIAN_POINT('',(14.29,7.175,0.0));
#9860=AXIS2_PLACEMENT_3D('',#12409,#12410,#12411);
#9861=CARTESIAN_POINT('',(13.97,7.175,-0.320000000000001));
#9862=AXIS2_PLACEMENT_3D('',#12412,#12413,#12414);
#9863=CARTESIAN_POINT('',(13.97,7.49,-0.00499999999999989));
#9864=AXIS2_PLACEMENT_3D('',#12415,#12416,#12417);
#9865=CARTESIAN_POINT('',(13.975,7.49,0.0));
#9866=AXIS2_PLACEMENT_3D('',#12418,#12419,#12420);
#9867=AXIS2_PLACEMENT_3D('',#12421,#12422,#12423);
#9868=CARTESIAN_POINT('',(14.29,3.48,0.0));
#9869=CARTESIAN_POINT('',(14.29,5.3275,3.91886975727154E-17));
#9870=VECTOR('',#12424,1.0);
#9871=CARTESIAN_POINT('',(13.97,3.48,-0.32));
#9872=AXIS2_PLACEMENT_3D('',#12425,#12426,#12427);
#9873=CARTESIAN_POINT('',(13.65,3.48,-3.91886975727153E-17));
#9874=AXIS2_PLACEMENT_3D('',#12428,#12429,#12430);
#9875=CARTESIAN_POINT('',(13.65,7.175,-3.91886975727155E-17));
#9876=CARTESIAN_POINT('',(13.65,5.3275,-3.91886975727154E-17));
#9877=VECTOR('',#12431,1.0);
#9878=AXIS2_PLACEMENT_3D('',#12432,#12433,#12434);
#9879=CARTESIAN_POINT('',(13.97,3.33,-0.47));
#9880=AXIS2_PLACEMENT_3D('',#12435,#12436,#12437);
#9881=CARTESIAN_POINT('',(13.97,3.33,0.47));
#9882=AXIS2_PLACEMENT_3D('',#12438,#12439,#12440);
#9883=CARTESIAN_POINT('',(13.97,3.48,0.32));
#9884=AXIS2_PLACEMENT_3D('',#12441,#12442,#12443);
#9885=AXIS2_PLACEMENT_3D('',#12444,#12445,#12446);
#9886=CARTESIAN_POINT('',(14.635,-0.42,0.0));
#9887=CARTESIAN_POINT('',(14.635,0.0,0.0));
#9888=CARTESIAN_POINT('',(14.635,-0.21,8.14390121432991E-17));
#9889=VECTOR('',#12447,1.0);
#9890=CARTESIAN_POINT('',(13.305,-0.420000000000001,-8.14390121432991E-17));
#9891=AXIS2_PLACEMENT_3D('',#12448,#12449,#12450);
#9892=CARTESIAN_POINT('',(13.305,5.38038822029942E-33,-8.14390121432991E-17));
#9893=CARTESIAN_POINT('',(13.305,-0.21,-8.14390121432991E-17));
#9894=VECTOR('',#12451,1.0);
#9895=AXIS2_PLACEMENT_3D('',#12452,#12453,#12454);
#9896=CARTESIAN_POINT('',(14.385,-0.67,0.0));
#9897=CARTESIAN_POINT('',(14.51,-0.545000000000001,6.61309271539571E-17));
#9898=VECTOR('',#12455,1.0);
#9899=CARTESIAN_POINT('',(13.555,-0.67,-5.08228421646153E-17));
#9900=AXIS2_PLACEMENT_3D('',#12456,#12457,#12458);
#9901=CARTESIAN_POINT('',(13.43,-0.545000000000001,-6.61309271539572E-17));
#9902=VECTOR('',#12459,1.0);
#9903=CARTESIAN_POINT('',(13.97,-0.82,-0.235));
#9904=CARTESIAN_POINT('',(13.97,-0.669999999999998,-0.385));
#9905=AXIS2_PLACEMENT_3D('',#12460,#12461,#12462);
#9906=CARTESIAN_POINT('',(13.735,-0.82,-2.87791997799628E-17));
#9907=AXIS2_PLACEMENT_3D('',#12463,#12464,#12465);
#9908=CARTESIAN_POINT('',(13.97,-0.82,0.235));
#9909=AXIS2_PLACEMENT_3D('',#12466,#12467,#12468);
#9910=CARTESIAN_POINT('',(13.97,-0.669999999999998,0.385));
#9911=AXIS2_PLACEMENT_3D('',#12469,#12470,#12471);
#9912=AXIS2_PLACEMENT_3D('',#12472,#12473,#12474);
#9913=CARTESIAN_POINT('',(14.205,-0.82,0.0));
#9914=CARTESIAN_POINT('',(14.205,-2.61,2.87791997799626E-17));
#9915=VECTOR('',#12475,1.0);
#9916=CARTESIAN_POINT('',(13.735,-4.4,-2.87791997799624E-17));
#9917=AXIS2_PLACEMENT_3D('',#12476,#12477,#12478);
#9918=CARTESIAN_POINT('',(13.735,-2.61,-2.87791997799626E-17));
#9919=VECTOR('',#12479,1.0);
#9920=AXIS2_PLACEMENT_3D('',#12480,#12481,#12482);
#9921=CARTESIAN_POINT('',(14.885,2.8,1.12055182121983E-16));
#9922=CARTESIAN_POINT('',(14.885,3.33,0.0));
#9923=CARTESIAN_POINT('',(14.885,3.065,1.12055182121983E-16));
#9924=VECTOR('',#12483,1.0);
#9925=CARTESIAN_POINT('',(13.055,2.8,-1.12055182121983E-16));
#9926=AXIS2_PLACEMENT_3D('',#12484,#12485,#12486);
#9927=CARTESIAN_POINT('',(13.055,3.33,-1.12055182121983E-16));
#9928=CARTESIAN_POINT('',(13.055,3.065,-1.12055182121983E-16));
#9929=VECTOR('',#12487,1.0);
#9930=AXIS2_PLACEMENT_3D('',#12488,#12489,#12490);
#9931=CARTESIAN_POINT('',(16.51,-4.63,0.00499999999999989));
#9932=CARTESIAN_POINT('',(16.51,-4.4,0.234999999999998));
#9933=AXIS2_PLACEMENT_3D('',#12491,#12492,#12493);
#9934=CARTESIAN_POINT('',(16.515,-4.63,0.0));
#9935=AXIS2_PLACEMENT_3D('',#12494,#12495,#12496);
#9936=CARTESIAN_POINT('',(16.51,-4.63,-0.00499999999999989));
#9937=AXIS2_PLACEMENT_3D('',#12497,#12498,#12499);
#9938=CARTESIAN_POINT('',(16.51,-4.4,-0.234999999999998));
#9939=AXIS2_PLACEMENT_3D('',#12500,#12501,#12502);
#9940=CARTESIAN_POINT('',(16.745,-4.4,0.0));
#9941=AXIS2_PLACEMENT_3D('',#12503,#12504,#12505);
#9942=AXIS2_PLACEMENT_3D('',#12506,#12507,#12508);
#9943=CARTESIAN_POINT('',(16.51,7.175,0.320000000000001));
#9944=CARTESIAN_POINT('',(16.51,7.49,0.00499999999999989));
#9945=AXIS2_PLACEMENT_3D('',#12509,#12510,#12511);
#9946=CARTESIAN_POINT('',(16.83,7.175,0.0));
#9947=AXIS2_PLACEMENT_3D('',#12512,#12513,#12514);
#9948=CARTESIAN_POINT('',(16.51,7.175,-0.320000000000001));
#9949=AXIS2_PLACEMENT_3D('',#12515,#12516,#12517);
#9950=CARTESIAN_POINT('',(16.51,7.49,-0.00499999999999989));
#9951=AXIS2_PLACEMENT_3D('',#12518,#12519,#12520);
#9952=CARTESIAN_POINT('',(16.515,7.49,0.0));
#9953=AXIS2_PLACEMENT_3D('',#12521,#12522,#12523);
#9954=AXIS2_PLACEMENT_3D('',#12524,#12525,#12526);
#9955=CARTESIAN_POINT('',(16.83,3.48,0.0));
#9956=CARTESIAN_POINT('',(16.83,5.3275,3.91886975727154E-17));
#9957=VECTOR('',#12527,1.0);
#9958=CARTESIAN_POINT('',(16.51,3.48,-0.32));
#9959=AXIS2_PLACEMENT_3D('',#12528,#12529,#12530);
#9960=CARTESIAN_POINT('',(16.19,3.48,-3.91886975727153E-17));
#9961=AXIS2_PLACEMENT_3D('',#12531,#12532,#12533);
#9962=CARTESIAN_POINT('',(16.19,7.175,-3.91886975727155E-17));
#9963=CARTESIAN_POINT('',(16.19,5.3275,-3.91886975727154E-17));
#9964=VECTOR('',#12534,1.0);
#9965=AXIS2_PLACEMENT_3D('',#12535,#12536,#12537);
#9966=CARTESIAN_POINT('',(16.51,3.33,-0.47));
#9967=AXIS2_PLACEMENT_3D('',#12538,#12539,#12540);
#9968=CARTESIAN_POINT('',(16.51,3.33,0.47));
#9969=AXIS2_PLACEMENT_3D('',#12541,#12542,#12543);
#9970=CARTESIAN_POINT('',(16.51,3.48,0.32));
#9971=AXIS2_PLACEMENT_3D('',#12544,#12545,#12546);
#9972=AXIS2_PLACEMENT_3D('',#12547,#12548,#12549);
#9973=CARTESIAN_POINT('',(17.175,-0.42,0.0));
#9974=CARTESIAN_POINT('',(17.175,0.0,0.0));
#9975=CARTESIAN_POINT('',(17.175,-0.21,8.14390121432991E-17));
#9976=VECTOR('',#12550,1.0);
#9977=CARTESIAN_POINT('',(15.845,-0.420000000000001,-8.14390121432991E-17));
#9978=AXIS2_PLACEMENT_3D('',#12551,#12552,#12553);
#9979=CARTESIAN_POINT('',(15.845,5.38038822029942E-33,-8.14390121432991E-17));
#9980=CARTESIAN_POINT('',(15.845,-0.21,-8.14390121432991E-17));
#9981=VECTOR('',#12554,1.0);
#9982=AXIS2_PLACEMENT_3D('',#12555,#12556,#12557);
#9983=CARTESIAN_POINT('',(16.925,-0.67,0.0));
#9984=CARTESIAN_POINT('',(17.05,-0.545000000000001,6.61309271539571E-17));
#9985=VECTOR('',#12558,1.0);
#9986=CARTESIAN_POINT('',(16.095,-0.67,-5.08228421646153E-17));
#9987=AXIS2_PLACEMENT_3D('',#12559,#12560,#12561);
#9988=CARTESIAN_POINT('',(15.97,-0.545000000000001,-6.61309271539572E-17));
#9989=VECTOR('',#12562,1.0);
#9990=CARTESIAN_POINT('',(16.51,-0.82,-0.235));
#9991=CARTESIAN_POINT('',(16.51,-0.669999999999998,-0.385));
#9992=AXIS2_PLACEMENT_3D('',#12563,#12564,#12565);
#9993=CARTESIAN_POINT('',(16.275,-0.82,-2.87791997799628E-17));
#9994=AXIS2_PLACEMENT_3D('',#12566,#12567,#12568);
#9995=CARTESIAN_POINT('',(16.51,-0.82,0.235));
#9996=AXIS2_PLACEMENT_3D('',#12569,#12570,#12571);
#9997=CARTESIAN_POINT('',(16.51,-0.669999999999998,0.385));
#9998=AXIS2_PLACEMENT_3D('',#12572,#12573,#12574);
#9999=AXIS2_PLACEMENT_3D('',#12575,#12576,#12577);
#10000=CARTESIAN_POINT('',(16.745,-0.82,0.0));
#10001=CARTESIAN_POINT('',(16.745,-2.61,2.87791997799626E-17));
#10002=VECTOR('',#12578,1.0);
#10003=CARTESIAN_POINT('',(16.275,-4.4,-2.87791997799624E-17));
#10004=AXIS2_PLACEMENT_3D('',#12579,#12580,#12581);
#10005=CARTESIAN_POINT('',(16.275,-2.61,-2.87791997799626E-17));
#10006=VECTOR('',#12582,1.0);
#10007=AXIS2_PLACEMENT_3D('',#12583,#12584,#12585);
#10008=CARTESIAN_POINT('',(17.425,2.8,1.12055182121983E-16));
#10009=CARTESIAN_POINT('',(17.425,3.33,0.0));
#10010=CARTESIAN_POINT('',(17.425,3.065,1.12055182121983E-16));
#10011=VECTOR('',#12586,1.0);
#10012=CARTESIAN_POINT('',(15.595,2.8,-1.12055182121983E-16));
#10013=AXIS2_PLACEMENT_3D('',#12587,#12588,#12589);
#10014=CARTESIAN_POINT('',(15.595,3.33,-1.12055182121983E-16));
#10015=CARTESIAN_POINT('',(15.595,3.065,-1.12055182121983E-16));
#10016=VECTOR('',#12590,1.0);
#10017=AXIS2_PLACEMENT_3D('',#12591,#12592,#12593);
#10018=AXIS2_PLACEMENT_3D('',#12594,#12595,#12596);
#10019=AXIS2_PLACEMENT_3D('',#12597,#12598,#12599);
#10020=AXIS2_PLACEMENT_3D('',#12600,#12601,#12602);
#10021=AXIS2_PLACEMENT_3D('',#12603,#12604,#12605);
#10022=CARTESIAN_POINT('',(16.895,-0.669999999999998,0.0));
#10023=AXIS2_PLACEMENT_3D('',#12606,#12607,#12608);
#10024=AXIS2_PLACEMENT_3D('',#12609,#12610,#12611);
#10025=AXIS2_PLACEMENT_3D('',#12612,#12613,#12614);
#10026=AXIS2_PLACEMENT_3D('',#12615,#12616,#12617);
#10027=AXIS2_PLACEMENT_3D('',#12618,#12619,#12620);
#10028=CARTESIAN_POINT('',(16.98,3.33,0.0));
#10029=AXIS2_PLACEMENT_3D('',#12621,#12622,#12623);
#10030=AXIS2_PLACEMENT_3D('',#12624,#12625,#12626);
#10031=AXIS2_PLACEMENT_3D('',#12627,#12628,#12629);
#10032=AXIS2_PLACEMENT_3D('',#12630,#12631,#12632);
#10033=AXIS2_PLACEMENT_3D('',#12633,#12634,#12635);
#10034=AXIS2_PLACEMENT_3D('',#12636,#12637,#12638);
#10035=AXIS2_PLACEMENT_3D('',#12639,#12640,#12641);
#10036=AXIS2_PLACEMENT_3D('',#12642,#12643,#12644);
#10037=AXIS2_PLACEMENT_3D('',#12645,#12646,#12647);
#10038=AXIS2_PLACEMENT_3D('',#12648,#12649,#12650);
#10039=CARTESIAN_POINT('',(14.355,-0.669999999999998,0.0));
#10040=AXIS2_PLACEMENT_3D('',#12651,#12652,#12653);
#10041=AXIS2_PLACEMENT_3D('',#12654,#12655,#12656);
#10042=AXIS2_PLACEMENT_3D('',#12657,#12658,#12659);
#10043=AXIS2_PLACEMENT_3D('',#12660,#12661,#12662);
#10044=AXIS2_PLACEMENT_3D('',#12663,#12664,#12665);
#10045=CARTESIAN_POINT('',(14.44,3.33,0.0));
#10046=AXIS2_PLACEMENT_3D('',#12666,#12667,#12668);
#10047=AXIS2_PLACEMENT_3D('',#12669,#12670,#12671);
#10048=AXIS2_PLACEMENT_3D('',#12672,#12673,#12674);
#10049=AXIS2_PLACEMENT_3D('',#12675,#12676,#12677);
#10050=AXIS2_PLACEMENT_3D('',#12678,#12679,#12680);
#10051=AXIS2_PLACEMENT_3D('',#12681,#12682,#12683);
#10052=AXIS2_PLACEMENT_3D('',#12684,#12685,#12686);
#10053=AXIS2_PLACEMENT_3D('',#12687,#12688,#12689);
#10054=AXIS2_PLACEMENT_3D('',#12690,#12691,#12692);
#10055=AXIS2_PLACEMENT_3D('',#12693,#12694,#12695);
#10056=CARTESIAN_POINT('',(11.815,-0.669999999999998,0.0));
#10057=AXIS2_PLACEMENT_3D('',#12696,#12697,#12698);
#10058=AXIS2_PLACEMENT_3D('',#12699,#12700,#12701);
#10059=AXIS2_PLACEMENT_3D('',#12702,#12703,#12704);
#10060=AXIS2_PLACEMENT_3D('',#12705,#12706,#12707);
#10061=AXIS2_PLACEMENT_3D('',#12708,#12709,#12710);
#10062=CARTESIAN_POINT('',(11.9,3.33,0.0));
#10063=AXIS2_PLACEMENT_3D('',#12711,#12712,#12713);
#10064=AXIS2_PLACEMENT_3D('',#12714,#12715,#12716);
#10065=AXIS2_PLACEMENT_3D('',#12717,#12718,#12719);
#10066=AXIS2_PLACEMENT_3D('',#12720,#12721,#12722);
#10067=AXIS2_PLACEMENT_3D('',#12723,#12724,#12725);
#10068=AXIS2_PLACEMENT_3D('',#12726,#12727,#12728);
#10069=AXIS2_PLACEMENT_3D('',#12729,#12730,#12731);
#10070=AXIS2_PLACEMENT_3D('',#12732,#12733,#12734);
#10071=AXIS2_PLACEMENT_3D('',#12735,#12736,#12737);
#10072=AXIS2_PLACEMENT_3D('',#12738,#12739,#12740);
#10073=CARTESIAN_POINT('',(9.275,-0.669999999999998,0.0));
#10074=AXIS2_PLACEMENT_3D('',#12741,#12742,#12743);
#10075=AXIS2_PLACEMENT_3D('',#12744,#12745,#12746);
#10076=AXIS2_PLACEMENT_3D('',#12747,#12748,#12749);
#10077=AXIS2_PLACEMENT_3D('',#12750,#12751,#12752);
#10078=AXIS2_PLACEMENT_3D('',#12753,#12754,#12755);
#10079=CARTESIAN_POINT('',(9.36,3.33,0.0));
#10080=AXIS2_PLACEMENT_3D('',#12756,#12757,#12758);
#10081=AXIS2_PLACEMENT_3D('',#12759,#12760,#12761);
#10082=AXIS2_PLACEMENT_3D('',#12762,#12763,#12764);
#10083=AXIS2_PLACEMENT_3D('',#12765,#12766,#12767);
#10084=AXIS2_PLACEMENT_3D('',#12768,#12769,#12770);
#10085=AXIS2_PLACEMENT_3D('',#12771,#12772,#12773);
#10086=AXIS2_PLACEMENT_3D('',#12774,#12775,#12776);
#10087=AXIS2_PLACEMENT_3D('',#12777,#12778,#12779);
#10088=AXIS2_PLACEMENT_3D('',#12780,#12781,#12782);
#10089=AXIS2_PLACEMENT_3D('',#12783,#12784,#12785);
#10090=CARTESIAN_POINT('',(6.735,-0.669999999999998,0.0));
#10091=AXIS2_PLACEMENT_3D('',#12786,#12787,#12788);
#10092=AXIS2_PLACEMENT_3D('',#12789,#12790,#12791);
#10093=AXIS2_PLACEMENT_3D('',#12792,#12793,#12794);
#10094=AXIS2_PLACEMENT_3D('',#12795,#12796,#12797);
#10095=AXIS2_PLACEMENT_3D('',#12798,#12799,#12800);
#10096=CARTESIAN_POINT('',(6.82,3.33,0.0));
#10097=AXIS2_PLACEMENT_3D('',#12801,#12802,#12803);
#10098=AXIS2_PLACEMENT_3D('',#12804,#12805,#12806);
#10099=AXIS2_PLACEMENT_3D('',#12807,#12808,#12809);
#10100=AXIS2_PLACEMENT_3D('',#12810,#12811,#12812);
#10101=AXIS2_PLACEMENT_3D('',#12813,#12814,#12815);
#10102=AXIS2_PLACEMENT_3D('',#12816,#12817,#12818);
#10103=AXIS2_PLACEMENT_3D('',#12819,#12820,#12821);
#10104=AXIS2_PLACEMENT_3D('',#12822,#12823,#12824);
#10105=AXIS2_PLACEMENT_3D('',#12825,#12826,#12827);
#10106=AXIS2_PLACEMENT_3D('',#12828,#12829,#12830);
#10107=CARTESIAN_POINT('',(4.195,-0.669999999999998,0.0));
#10108=AXIS2_PLACEMENT_3D('',#12831,#12832,#12833);
#10109=AXIS2_PLACEMENT_3D('',#12834,#12835,#12836);
#10110=AXIS2_PLACEMENT_3D('',#12837,#12838,#12839);
#10111=AXIS2_PLACEMENT_3D('',#12840,#12841,#12842);
#10112=AXIS2_PLACEMENT_3D('',#12843,#12844,#12845);
#10113=CARTESIAN_POINT('',(4.28,3.33,0.0));
#10114=AXIS2_PLACEMENT_3D('',#12846,#12847,#12848);
#10115=AXIS2_PLACEMENT_3D('',#12849,#12850,#12851);
#10116=AXIS2_PLACEMENT_3D('',#12852,#12853,#12854);
#10117=AXIS2_PLACEMENT_3D('',#12855,#12856,#12857);
#10118=AXIS2_PLACEMENT_3D('',#12858,#12859,#12860);
#10119=AXIS2_PLACEMENT_3D('',#12861,#12862,#12863);
#10120=AXIS2_PLACEMENT_3D('',#12864,#12865,#12866);
#10121=AXIS2_PLACEMENT_3D('',#12867,#12868,#12869);
#10122=AXIS2_PLACEMENT_3D('',#12870,#12871,#12872);
#10123=AXIS2_PLACEMENT_3D('',#12873,#12874,#12875);
#10124=CARTESIAN_POINT('',(1.655,-0.669999999999998,0.0));
#10125=AXIS2_PLACEMENT_3D('',#12876,#12877,#12878);
#10126=AXIS2_PLACEMENT_3D('',#12879,#12880,#12881);
#10127=AXIS2_PLACEMENT_3D('',#12882,#12883,#12884);
#10128=AXIS2_PLACEMENT_3D('',#12885,#12886,#12887);
#10129=AXIS2_PLACEMENT_3D('',#12888,#12889,#12890);
#10130=CARTESIAN_POINT('',(1.74,3.33,0.0));
#10131=AXIS2_PLACEMENT_3D('',#12891,#12892,#12893);
#10132=AXIS2_PLACEMENT_3D('',#12894,#12895,#12896);
#10133=AXIS2_PLACEMENT_3D('',#12897,#12898,#12899);
#10134=AXIS2_PLACEMENT_3D('',#12900,#12901,#12902);
#10135=AXIS2_PLACEMENT_3D('',#12903,#12904,#12905);
#10136=AXIS2_PLACEMENT_3D('',#12906,#12907,#12908);
#10137=AXIS2_PLACEMENT_3D('',#12909,#12910,#12911);
#10138=AXIS2_PLACEMENT_3D('',#12912,#12913,#12914);
#10139=AXIS2_PLACEMENT_3D('',#12915,#12916,#12917);
#10140=AXIS2_PLACEMENT_3D('',#12918,#12919,#12920);
#10141=CARTESIAN_POINT('',(-0.885,-0.669999999999998,0.0));
#10142=AXIS2_PLACEMENT_3D('',#12921,#12922,#12923);
#10143=AXIS2_PLACEMENT_3D('',#12924,#12925,#12926);
#10144=AXIS2_PLACEMENT_3D('',#12927,#12928,#12929);
#10145=AXIS2_PLACEMENT_3D('',#12930,#12931,#12932);
#10146=AXIS2_PLACEMENT_3D('',#12933,#12934,#12935);
#10147=CARTESIAN_POINT('',(-0.800000000000002,3.33,0.0));
#10148=AXIS2_PLACEMENT_3D('',#12936,#12937,#12938);
#10149=AXIS2_PLACEMENT_3D('',#12939,#12940,#12941);
#10150=AXIS2_PLACEMENT_3D('',#12942,#12943,#12944);
#10151=AXIS2_PLACEMENT_3D('',#12945,#12946,#12947);
#10152=AXIS2_PLACEMENT_3D('',#12948,#12949,#12950);
#10153=AXIS2_PLACEMENT_3D('',#12951,#12952,#12953);
#10154=AXIS2_PLACEMENT_3D('',#12954,#12955,#12956);
#10155=AXIS2_PLACEMENT_3D('',#12957,#12958,#12959);
#10156=AXIS2_PLACEMENT_3D('',#12960,#12961,#12962);
#10157=AXIS2_PLACEMENT_3D('',#12963,#12964,#12965);
#10158=CARTESIAN_POINT('',(-3.425,-0.669999999999998,0.0));
#10159=AXIS2_PLACEMENT_3D('',#12966,#12967,#12968);
#10160=AXIS2_PLACEMENT_3D('',#12969,#12970,#12971);
#10161=AXIS2_PLACEMENT_3D('',#12972,#12973,#12974);
#10162=AXIS2_PLACEMENT_3D('',#12975,#12976,#12977);
#10163=AXIS2_PLACEMENT_3D('',#12978,#12979,#12980);
#10164=CARTESIAN_POINT('',(-3.34,3.33,0.0));
#10165=AXIS2_PLACEMENT_3D('',#12981,#12982,#12983);
#10166=AXIS2_PLACEMENT_3D('',#12984,#12985,#12986);
#10167=AXIS2_PLACEMENT_3D('',#12987,#12988,#12989);
#10168=AXIS2_PLACEMENT_3D('',#12990,#12991,#12992);
#10169=AXIS2_PLACEMENT_3D('',#12993,#12994,#12995);
#10170=AXIS2_PLACEMENT_3D('',#12996,#12997,#12998);
#10171=AXIS2_PLACEMENT_3D('',#12999,#13000,#13001);
#10172=AXIS2_PLACEMENT_3D('',#13002,#13003,#13004);
#10173=AXIS2_PLACEMENT_3D('',#13005,#13006,#13007);
#10174=AXIS2_PLACEMENT_3D('',#13008,#13009,#13010);
#10175=CARTESIAN_POINT('',(-5.965,-0.669999999999998,0.0));
#10176=AXIS2_PLACEMENT_3D('',#13011,#13012,#13013);
#10177=AXIS2_PLACEMENT_3D('',#13014,#13015,#13016);
#10178=AXIS2_PLACEMENT_3D('',#13017,#13018,#13019);
#10179=AXIS2_PLACEMENT_3D('',#13020,#13021,#13022);
#10180=AXIS2_PLACEMENT_3D('',#13023,#13024,#13025);
#10181=CARTESIAN_POINT('',(-5.88,3.33,0.0));
#10182=AXIS2_PLACEMENT_3D('',#13026,#13027,#13028);
#10183=AXIS2_PLACEMENT_3D('',#13029,#13030,#13031);
#10184=AXIS2_PLACEMENT_3D('',#13032,#13033,#13034);
#10185=AXIS2_PLACEMENT_3D('',#13035,#13036,#13037);
#10186=AXIS2_PLACEMENT_3D('',#13038,#13039,#13040);
#10187=AXIS2_PLACEMENT_3D('',#13041,#13042,#13043);
#10188=AXIS2_PLACEMENT_3D('',#13044,#13045,#13046);
#10189=AXIS2_PLACEMENT_3D('',#13047,#13048,#13049);
#10190=AXIS2_PLACEMENT_3D('',#13050,#13051,#13052);
#10191=AXIS2_PLACEMENT_3D('',#13053,#13054,#13055);
#10192=CARTESIAN_POINT('',(-8.505,-0.669999999999998,0.0));
#10193=AXIS2_PLACEMENT_3D('',#13056,#13057,#13058);
#10194=AXIS2_PLACEMENT_3D('',#13059,#13060,#13061);
#10195=AXIS2_PLACEMENT_3D('',#13062,#13063,#13064);
#10196=AXIS2_PLACEMENT_3D('',#13065,#13066,#13067);
#10197=AXIS2_PLACEMENT_3D('',#13068,#13069,#13070);
#10198=CARTESIAN_POINT('',(-8.42,3.33,0.0));
#10199=AXIS2_PLACEMENT_3D('',#13071,#13072,#13073);
#10200=AXIS2_PLACEMENT_3D('',#13074,#13075,#13076);
#10201=AXIS2_PLACEMENT_3D('',#13077,#13078,#13079);
#10202=AXIS2_PLACEMENT_3D('',#13080,#13081,#13082);
#10203=AXIS2_PLACEMENT_3D('',#13083,#13084,#13085);
#10204=AXIS2_PLACEMENT_3D('',#13086,#13087,#13088);
#10205=AXIS2_PLACEMENT_3D('',#13089,#13090,#13091);
#10206=AXIS2_PLACEMENT_3D('',#13092,#13093,#13094);
#10207=AXIS2_PLACEMENT_3D('',#13095,#13096,#13097);
#10208=AXIS2_PLACEMENT_3D('',#13098,#13099,#13100);
#10209=CARTESIAN_POINT('',(-11.045,-0.669999999999998,0.0));
#10210=AXIS2_PLACEMENT_3D('',#13101,#13102,#13103);
#10211=AXIS2_PLACEMENT_3D('',#13104,#13105,#13106);
#10212=AXIS2_PLACEMENT_3D('',#13107,#13108,#13109);
#10213=AXIS2_PLACEMENT_3D('',#13110,#13111,#13112);
#10214=AXIS2_PLACEMENT_3D('',#13113,#13114,#13115);
#10215=CARTESIAN_POINT('',(-10.96,3.33,0.0));
#10216=AXIS2_PLACEMENT_3D('',#13116,#13117,#13118);
#10217=AXIS2_PLACEMENT_3D('',#13119,#13120,#13121);
#10218=AXIS2_PLACEMENT_3D('',#13122,#13123,#13124);
#10219=AXIS2_PLACEMENT_3D('',#13125,#13126,#13127);
#10220=AXIS2_PLACEMENT_3D('',#13128,#13129,#13130);
#10221=AXIS2_PLACEMENT_3D('',#13131,#13132,#13133);
#10222=AXIS2_PLACEMENT_3D('',#13134,#13135,#13136);
#10223=AXIS2_PLACEMENT_3D('',#13137,#13138,#13139);
#10224=AXIS2_PLACEMENT_3D('',#13140,#13141,#13142);
#10225=AXIS2_PLACEMENT_3D('',#13143,#13144,#13145);
#10226=CARTESIAN_POINT('',(-13.585,-0.669999999999998,0.0));
#10227=AXIS2_PLACEMENT_3D('',#13146,#13147,#13148);
#10228=AXIS2_PLACEMENT_3D('',#13149,#13150,#13151);
#10229=AXIS2_PLACEMENT_3D('',#13152,#13153,#13154);
#10230=AXIS2_PLACEMENT_3D('',#13155,#13156,#13157);
#10231=AXIS2_PLACEMENT_3D('',#13158,#13159,#13160);
#10232=CARTESIAN_POINT('',(-13.5,3.33,0.0));
#10233=AXIS2_PLACEMENT_3D('',#13161,#13162,#13163);
#10234=AXIS2_PLACEMENT_3D('',#13164,#13165,#13166);
#10235=AXIS2_PLACEMENT_3D('',#13167,#13168,#13169);
#10236=AXIS2_PLACEMENT_3D('',#13170,#13171,#13172);
#10237=AXIS2_PLACEMENT_3D('',#13173,#13174,#13175);
#10238=AXIS2_PLACEMENT_3D('',#13176,#13177,#13178);
#10239=AXIS2_PLACEMENT_3D('',#13179,#13180,#13181);
#10240=AXIS2_PLACEMENT_3D('',#13182,#13183,#13184);
#10241=AXIS2_PLACEMENT_3D('',#13185,#13186,#13187);
#10242=AXIS2_PLACEMENT_3D('',#13188,#13189,#13190);
#10243=CARTESIAN_POINT('',(-16.125,-0.669999999999998,0.0));
#10244=AXIS2_PLACEMENT_3D('',#13191,#13192,#13193);
#10245=AXIS2_PLACEMENT_3D('',#13194,#13195,#13196);
#10246=AXIS2_PLACEMENT_3D('',#13197,#13198,#13199);
#10247=AXIS2_PLACEMENT_3D('',#13200,#13201,#13202);
#10248=AXIS2_PLACEMENT_3D('',#13203,#13204,#13205);
#10249=CARTESIAN_POINT('',(-16.04,3.33,0.0));
#10250=AXIS2_PLACEMENT_3D('',#13206,#13207,#13208);
#10251=AXIS2_PLACEMENT_3D('',#13209,#13210,#13211);
#10252=AXIS2_PLACEMENT_3D('',#13212,#13213,#13214);
#10253=AXIS2_PLACEMENT_3D('',#13215,#13216,#13217);
#10254=AXIS2_PLACEMENT_3D('',#13218,#13219,#13220);
#10255=AXIS2_PLACEMENT_3D('',#13221,#13222,#13223);
#10256=CARTESIAN_POINT('',(15.04,5.32721357629099E-17,-0.87));
#10257=CARTESIAN_POINT('',(15.04,2.8,-0.87));
#10258=CARTESIAN_POINT('',(15.04,5.32721357629099E-17,-0.87));
#10259=VECTOR('',#13224,1.0);
#10260=CARTESIAN_POINT('',(15.44,2.8,-0.87));
#10261=CARTESIAN_POINT('',(15.44,2.8,-0.87));
#10262=VECTOR('',#13225,1.0);
#10263=CARTESIAN_POINT('',(15.44,5.32721357629099E-17,-0.87));
#10264=CARTESIAN_POINT('',(15.44,5.32721357629099E-17,-0.87));
#10265=VECTOR('',#13226,1.0);
#10266=CARTESIAN_POINT('',(15.44,5.32721357629099E-17,-0.87));
#10267=VECTOR('',#13227,1.0);
#10268=CARTESIAN_POINT('',(15.626523063262,2.8,-1.27));
#10269=CARTESIAN_POINT('',(17.593476936738,2.8,-1.27));
#10270=CARTESIAN_POINT('',(15.626523063262,2.8,-1.27));
#10271=VECTOR('',#13228,1.0);
#10272=CARTESIAN_POINT('',(17.593476936738,7.77650717458569E-17,-1.27));
#10273=CARTESIAN_POINT('',(17.593476936738,7.77650717458569E-17,-1.27));
#10274=VECTOR('',#13229,1.0);
#10275=CARTESIAN_POINT('',(15.626523063262,7.77650717458569E-17,-1.27));
#10276=CARTESIAN_POINT('',(15.626523063262,7.77650717458569E-17,-1.27));
#10277=VECTOR('',#13230,1.0);
#10278=CARTESIAN_POINT('',(15.626523063262,7.77650717458569E-17,-1.27));
#10279=VECTOR('',#13231,1.0);
#10280=CARTESIAN_POINT('',(17.78,2.8,-0.87));
#10281=CARTESIAN_POINT('',(17.593476936738,2.8,-1.27));
#10282=VECTOR('',#13232,1.0);
#10283=CARTESIAN_POINT('',(17.78,5.32721357629099E-17,-0.87));
#10284=CARTESIAN_POINT('',(17.78,5.32721357629099E-17,-0.87));
#10285=VECTOR('',#13233,1.0);
#10286=CARTESIAN_POINT('',(17.593476936738,7.77650717458569E-17,-1.27));
#10287=VECTOR('',#13234,1.0);
#10288=CARTESIAN_POINT('',(17.78,2.8,0.87));
#10289=CARTESIAN_POINT('',(17.78,2.8,-0.87));
#10290=VECTOR('',#13235,1.0);
#10291=CARTESIAN_POINT('',(17.78,-5.32721357629099E-17,0.87));
#10292=CARTESIAN_POINT('',(17.78,-5.32721357629099E-17,0.87));
#10293=VECTOR('',#13236,1.0);
#10294=CARTESIAN_POINT('',(17.78,5.32721357629099E-17,-0.87));
#10295=VECTOR('',#13237,1.0);
#10296=CARTESIAN_POINT('',(17.593476936738,2.8,1.27));
#10297=CARTESIAN_POINT('',(17.78,2.8,0.87));
#10298=VECTOR('',#13238,0.999999999999999);
#10299=CARTESIAN_POINT('',(17.593476936738,-7.77650717458569E-17,1.27));
#10300=CARTESIAN_POINT('',(17.593476936738,-7.77650717458569E-17,1.27));
#10301=VECTOR('',#13239,1.0);
#10302=CARTESIAN_POINT('',(17.78,-5.32721357629099E-17,0.87));
#10303=VECTOR('',#13240,0.999999999999999);
#10304=CARTESIAN_POINT('',(15.626523063262,2.8,1.27));
#10305=CARTESIAN_POINT('',(17.593476936738,2.8,1.27));
#10306=VECTOR('',#13241,1.0);
#10307=CARTESIAN_POINT('',(15.626523063262,-7.77650717458569E-17,1.27));
#10308=CARTESIAN_POINT('',(15.626523063262,-7.77650717458569E-17,1.27));
#10309=VECTOR('',#13242,1.0);
#10310=CARTESIAN_POINT('',(17.593476936738,-7.77650717458569E-17,1.27));
#10311=VECTOR('',#13243,1.0);
#10312=CARTESIAN_POINT('',(15.44,2.8,0.87));
#10313=CARTESIAN_POINT('',(15.626523063262,2.8,1.27));
#10314=VECTOR('',#13244,0.999999999999999);
#10315=CARTESIAN_POINT('',(15.44,-5.32721357629099E-17,0.87));
#10316=CARTESIAN_POINT('',(15.44,-5.32721357629099E-17,0.87));
#10317=VECTOR('',#13245,1.0);
#10318=CARTESIAN_POINT('',(15.626523063262,-7.77650717458569E-17,1.27));
#10319=VECTOR('',#13246,0.999999999999999);
#10320=CARTESIAN_POINT('',(15.04,-5.32721357629099E-17,0.87));
#10321=CARTESIAN_POINT('',(15.04,2.8,0.87));
#10322=CARTESIAN_POINT('',(15.04,-5.32721357629099E-17,0.87));
#10323=VECTOR('',#13247,1.0);
#10324=CARTESIAN_POINT('',(15.44,-5.32721357629099E-17,0.87));
#10325=VECTOR('',#13248,1.0);
#10326=CARTESIAN_POINT('',(15.44,2.8,0.87));
#10327=VECTOR('',#13249,1.0);
#10328=CARTESIAN_POINT('',(15.44,2.8,-0.87));
#10329=VECTOR('',#13250,1.0);
#10330=CARTESIAN_POINT('',(15.44,5.32721357629099E-17,-0.87));
#10331=VECTOR('',#13251,1.0);
#10332=CARTESIAN_POINT('',(14.853476936738,2.8,1.27));
#10333=CARTESIAN_POINT('',(14.853476936738,2.8,1.27));
#10334=VECTOR('',#13252,0.999999999999999);
#10335=CARTESIAN_POINT('',(14.853476936738,2.8,-1.27));
#10336=CARTESIAN_POINT('',(15.04,2.8,-0.87));
#10337=VECTOR('',#13253,0.999999999999999);
#10338=CARTESIAN_POINT('',(13.086523063262,2.8,-1.27));
#10339=CARTESIAN_POINT('',(14.853476936738,2.8,-1.27));
#10340=VECTOR('',#13254,1.0);
#10341=CARTESIAN_POINT('',(12.9,2.8,-0.87));
#10342=CARTESIAN_POINT('',(13.086523063262,2.8,-1.27));
#10343=VECTOR('',#13255,0.999999999999999);
#10344=CARTESIAN_POINT('',(12.5,2.8,-0.87));
#10345=CARTESIAN_POINT('',(12.9,2.8,-0.87));
#10346=VECTOR('',#13256,1.0);
#10347=CARTESIAN_POINT('',(12.313476936738,2.8,-1.27));
#10348=CARTESIAN_POINT('',(12.5,2.8,-0.87));
#10349=VECTOR('',#13257,0.999999999999999);
#10350=CARTESIAN_POINT('',(10.546523063262,2.8,-1.27));
#10351=CARTESIAN_POINT('',(12.313476936738,2.8,-1.27));
#10352=VECTOR('',#13258,1.0);
#10353=CARTESIAN_POINT('',(10.36,2.8,-0.87));
#10354=CARTESIAN_POINT('',(10.546523063262,2.8,-1.27));
#10355=VECTOR('',#13259,0.999999999999999);
#10356=CARTESIAN_POINT('',(9.96,2.8,-0.87));
#10357=CARTESIAN_POINT('',(10.36,2.8,-0.87));
#10358=VECTOR('',#13260,1.0);
#10359=CARTESIAN_POINT('',(9.773476936738,2.8,-1.27));
#10360=CARTESIAN_POINT('',(9.96,2.8,-0.87));
#10361=VECTOR('',#13261,0.999999999999999);
#10362=CARTESIAN_POINT('',(8.006523063262,2.8,-1.27));
#10363=CARTESIAN_POINT('',(9.773476936738,2.8,-1.27));
#10364=VECTOR('',#13262,1.0);
#10365=CARTESIAN_POINT('',(7.82,2.8,-0.87));
#10366=CARTESIAN_POINT('',(8.006523063262,2.8,-1.27));
#10367=VECTOR('',#13263,0.999999999999999);
#10368=CARTESIAN_POINT('',(7.42,2.8,-0.87));
#10369=CARTESIAN_POINT('',(7.82,2.8,-0.87));
#10370=VECTOR('',#13264,1.0);
#10371=CARTESIAN_POINT('',(7.233476936738,2.8,-1.27));
#10372=CARTESIAN_POINT('',(7.42,2.8,-0.87));
#10373=VECTOR('',#13265,0.999999999999999);
#10374=CARTESIAN_POINT('',(5.466523063262,2.8,-1.27));
#10375=CARTESIAN_POINT('',(7.233476936738,2.8,-1.27));
#10376=VECTOR('',#13266,1.0);
#10377=CARTESIAN_POINT('',(5.28,2.8,-0.87));
#10378=CARTESIAN_POINT('',(5.466523063262,2.8,-1.27));
#10379=VECTOR('',#13267,0.999999999999999);
#10380=CARTESIAN_POINT('',(4.88,2.8,-0.87));
#10381=CARTESIAN_POINT('',(5.28,2.8,-0.87));
#10382=VECTOR('',#13268,1.0);
#10383=CARTESIAN_POINT('',(4.693476936738,2.8,-1.27));
#10384=CARTESIAN_POINT('',(4.88,2.8,-0.87));
#10385=VECTOR('',#13269,0.999999999999999);
#10386=CARTESIAN_POINT('',(2.926523063262,2.8,-1.27));
#10387=CARTESIAN_POINT('',(4.693476936738,2.8,-1.27));
#10388=VECTOR('',#13270,1.0);
#10389=CARTESIAN_POINT('',(2.74,2.8,-0.87));
#10390=CARTESIAN_POINT('',(2.926523063262,2.8,-1.27));
#10391=VECTOR('',#13271,0.999999999999999);
#10392=CARTESIAN_POINT('',(2.34,2.8,-0.87));
#10393=CARTESIAN_POINT('',(2.74,2.8,-0.87));
#10394=VECTOR('',#13272,1.0);
#10395=CARTESIAN_POINT('',(2.153476936738,2.8,-1.27));
#10396=CARTESIAN_POINT('',(2.34,2.8,-0.87));
#10397=VECTOR('',#13273,0.999999999999999);
#10398=CARTESIAN_POINT('',(0.386523063261999,2.8,-1.27));
#10399=CARTESIAN_POINT('',(2.153476936738,2.8,-1.27));
#10400=VECTOR('',#13274,1.0);
#10401=CARTESIAN_POINT('',(0.199999999999998,2.8,-0.87));
#10402=CARTESIAN_POINT('',(0.386523063261999,2.8,-1.27));
#10403=VECTOR('',#13275,0.999999999999999);
#10404=CARTESIAN_POINT('',(-0.200000000000003,2.8,-0.87));
#10405=CARTESIAN_POINT('',(0.199999999999998,2.8,-0.87));
#10406=VECTOR('',#13276,1.0);
#10407=CARTESIAN_POINT('',(-0.386523063262004,2.8,-1.27));
#10408=CARTESIAN_POINT('',(-0.200000000000003,2.8,-0.87));
#10409=VECTOR('',#13277,0.999999999999999);
#10410=CARTESIAN_POINT('',(-2.153476936738,2.8,-1.27));
#10411=CARTESIAN_POINT('',(-0.386523063262004,2.8,-1.27));
#10412=VECTOR('',#13278,1.0);
#10413=CARTESIAN_POINT('',(-2.34,2.8,-0.87));
#10414=CARTESIAN_POINT('',(-2.153476936738,2.8,-1.27));
#10415=VECTOR('',#13279,0.999999999999999);
#10416=CARTESIAN_POINT('',(-2.74,2.8,-0.87));
#10417=CARTESIAN_POINT('',(-2.34,2.8,-0.87));
#10418=VECTOR('',#13280,1.0);
#10419=CARTESIAN_POINT('',(-2.926523063262,2.8,-1.27));
#10420=CARTESIAN_POINT('',(-2.74,2.8,-0.87));
#10421=VECTOR('',#13281,0.999999999999999);
#10422=CARTESIAN_POINT('',(-4.693476936738,2.8,-1.27));
#10423=CARTESIAN_POINT('',(-2.926523063262,2.8,-1.27));
#10424=VECTOR('',#13282,1.0);
#10425=CARTESIAN_POINT('',(-4.88,2.8,-0.87));
#10426=CARTESIAN_POINT('',(-4.693476936738,2.8,-1.27));
#10427=VECTOR('',#13283,0.999999999999999);
#10428=CARTESIAN_POINT('',(-5.28,2.8,-0.87));
#10429=CARTESIAN_POINT('',(-4.88,2.8,-0.87));
#10430=VECTOR('',#13284,1.0);
#10431=CARTESIAN_POINT('',(-5.466523063262,2.8,-1.27));
#10432=CARTESIAN_POINT('',(-5.28,2.8,-0.87));
#10433=VECTOR('',#13285,0.999999999999999);
#10434=CARTESIAN_POINT('',(-7.233476936738,2.8,-1.27));
#10435=CARTESIAN_POINT('',(-5.466523063262,2.8,-1.27));
#10436=VECTOR('',#13286,1.0);
#10437=CARTESIAN_POINT('',(-7.42,2.8,-0.87));
#10438=CARTESIAN_POINT('',(-7.233476936738,2.8,-1.27));
#10439=VECTOR('',#13287,0.999999999999999);
#10440=CARTESIAN_POINT('',(-7.82,2.8,-0.87));
#10441=CARTESIAN_POINT('',(-7.42,2.8,-0.87));
#10442=VECTOR('',#13288,1.0);
#10443=CARTESIAN_POINT('',(-8.006523063262,2.8,-1.27));
#10444=CARTESIAN_POINT('',(-7.82,2.8,-0.87));
#10445=VECTOR('',#13289,0.999999999999999);
#10446=CARTESIAN_POINT('',(-9.773476936738,2.8,-1.27));
#10447=CARTESIAN_POINT('',(-8.006523063262,2.8,-1.27));
#10448=VECTOR('',#13290,1.0);
#10449=CARTESIAN_POINT('',(-9.96,2.8,-0.87));
#10450=CARTESIAN_POINT('',(-9.773476936738,2.8,-1.27));
#10451=VECTOR('',#13291,0.999999999999999);
#10452=CARTESIAN_POINT('',(-10.36,2.8,-0.87));
#10453=CARTESIAN_POINT('',(-9.96,2.8,-0.87));
#10454=VECTOR('',#13292,1.0);
#10455=CARTESIAN_POINT('',(-10.546523063262,2.8,-1.27));
#10456=CARTESIAN_POINT('',(-10.36,2.8,-0.87));
#10457=VECTOR('',#13293,0.999999999999999);
#10458=CARTESIAN_POINT('',(-12.313476936738,2.8,-1.27));
#10459=CARTESIAN_POINT('',(-10.546523063262,2.8,-1.27));
#10460=VECTOR('',#13294,1.0);
#10461=CARTESIAN_POINT('',(-12.5,2.8,-0.87));
#10462=CARTESIAN_POINT('',(-12.313476936738,2.8,-1.27));
#10463=VECTOR('',#13295,0.999999999999999);
#10464=CARTESIAN_POINT('',(-12.9,2.8,-0.87));
#10465=CARTESIAN_POINT('',(-12.5,2.8,-0.87));
#10466=VECTOR('',#13296,1.0);
#10467=CARTESIAN_POINT('',(-13.086523063262,2.8,-1.27));
#10468=CARTESIAN_POINT('',(-12.9,2.8,-0.87));
#10469=VECTOR('',#13297,0.999999999999999);
#10470=CARTESIAN_POINT('',(-14.853476936738,2.8,-1.27));
#10471=CARTESIAN_POINT('',(-13.086523063262,2.8,-1.27));
#10472=VECTOR('',#13298,1.0);
#10473=CARTESIAN_POINT('',(-15.04,2.8,-0.87));
#10474=CARTESIAN_POINT('',(-14.853476936738,2.8,-1.27));
#10475=VECTOR('',#13299,0.999999999999999);
#10476=CARTESIAN_POINT('',(-15.44,2.8,-0.87));
#10477=CARTESIAN_POINT('',(-15.04,2.8,-0.87));
#10478=VECTOR('',#13300,1.0);
#10479=CARTESIAN_POINT('',(-15.626523063262,2.8,-1.27));
#10480=CARTESIAN_POINT('',(-15.626523063262,2.8,-1.27));
#10481=VECTOR('',#13301,1.0);
#10482=CARTESIAN_POINT('',(-17.593476936738,2.8,-1.27));
#10483=CARTESIAN_POINT('',(-17.593476936738,2.8,-1.27));
#10484=VECTOR('',#13302,1.0);
#10485=CARTESIAN_POINT('',(-17.78,2.8,-0.87));
#10486=CARTESIAN_POINT('',(-17.78,2.8,-0.87));
#10487=VECTOR('',#13303,1.0);
#10488=CARTESIAN_POINT('',(-17.78,2.8,0.87));
#10489=CARTESIAN_POINT('',(-17.78,2.8,0.87));
#10490=VECTOR('',#13304,1.0);
#10491=CARTESIAN_POINT('',(-17.593476936738,2.8,1.27));
#10492=CARTESIAN_POINT('',(-17.593476936738,2.8,1.27));
#10493=VECTOR('',#13305,1.0);
#10494=CARTESIAN_POINT('',(-15.626523063262,2.8,1.27));
#10495=CARTESIAN_POINT('',(-15.626523063262,2.8,1.27));
#10496=VECTOR('',#13306,1.0);
#10497=CARTESIAN_POINT('',(-15.44,2.8,0.87));
#10498=CARTESIAN_POINT('',(-15.44,2.8,0.87));
#10499=VECTOR('',#13307,0.999999999999999);
#10500=CARTESIAN_POINT('',(-15.04,2.8,0.87));
#10501=CARTESIAN_POINT('',(-15.04,2.8,0.87));
#10502=VECTOR('',#13308,1.0);
#10503=CARTESIAN_POINT('',(-14.853476936738,2.8,1.27));
#10504=CARTESIAN_POINT('',(-15.04,2.8,0.87));
#10505=VECTOR('',#13309,0.999999999999999);
#10506=CARTESIAN_POINT('',(-13.086523063262,2.8,1.27));
#10507=CARTESIAN_POINT('',(-14.853476936738,2.8,1.27));
#10508=VECTOR('',#13310,1.0);
#10509=CARTESIAN_POINT('',(-12.9,2.8,0.87));
#10510=CARTESIAN_POINT('',(-13.086523063262,2.8,1.27));
#10511=VECTOR('',#13311,0.999999999999999);
#10512=CARTESIAN_POINT('',(-12.5,2.8,0.87));
#10513=CARTESIAN_POINT('',(-12.5,2.8,0.87));
#10514=VECTOR('',#13312,1.0);
#10515=CARTESIAN_POINT('',(-12.313476936738,2.8,1.27));
#10516=CARTESIAN_POINT('',(-12.5,2.8,0.87));
#10517=VECTOR('',#13313,0.999999999999999);
#10518=CARTESIAN_POINT('',(-10.546523063262,2.8,1.27));
#10519=CARTESIAN_POINT('',(-12.313476936738,2.8,1.27));
#10520=VECTOR('',#13314,1.0);
#10521=CARTESIAN_POINT('',(-10.36,2.8,0.87));
#10522=CARTESIAN_POINT('',(-10.546523063262,2.8,1.27));
#10523=VECTOR('',#13315,0.999999999999999);
#10524=CARTESIAN_POINT('',(-9.96,2.8,0.87));
#10525=CARTESIAN_POINT('',(-9.96,2.8,0.87));
#10526=VECTOR('',#13316,1.0);
#10527=CARTESIAN_POINT('',(-9.773476936738,2.8,1.27));
#10528=CARTESIAN_POINT('',(-9.96,2.8,0.87));
#10529=VECTOR('',#13317,0.999999999999999);
#10530=CARTESIAN_POINT('',(-8.006523063262,2.8,1.27));
#10531=CARTESIAN_POINT('',(-9.773476936738,2.8,1.27));
#10532=VECTOR('',#13318,1.0);
#10533=CARTESIAN_POINT('',(-7.82,2.8,0.87));
#10534=CARTESIAN_POINT('',(-8.006523063262,2.8,1.27));
#10535=VECTOR('',#13319,0.999999999999999);
#10536=CARTESIAN_POINT('',(-7.42,2.8,0.87));
#10537=CARTESIAN_POINT('',(-7.42,2.8,0.87));
#10538=VECTOR('',#13320,1.0);
#10539=CARTESIAN_POINT('',(-7.233476936738,2.8,1.27));
#10540=CARTESIAN_POINT('',(-7.42,2.8,0.87));
#10541=VECTOR('',#13321,0.999999999999999);
#10542=CARTESIAN_POINT('',(-5.466523063262,2.8,1.27));
#10543=CARTESIAN_POINT('',(-7.233476936738,2.8,1.27));
#10544=VECTOR('',#13322,1.0);
#10545=CARTESIAN_POINT('',(-5.28,2.8,0.87));
#10546=CARTESIAN_POINT('',(-5.466523063262,2.8,1.27));
#10547=VECTOR('',#13323,0.999999999999999);
#10548=CARTESIAN_POINT('',(-4.88,2.8,0.87));
#10549=CARTESIAN_POINT('',(-4.88,2.8,0.87));
#10550=VECTOR('',#13324,1.0);
#10551=CARTESIAN_POINT('',(-4.693476936738,2.8,1.27));
#10552=CARTESIAN_POINT('',(-4.88,2.8,0.87));
#10553=VECTOR('',#13325,0.999999999999999);
#10554=CARTESIAN_POINT('',(-2.926523063262,2.8,1.27));
#10555=CARTESIAN_POINT('',(-4.693476936738,2.8,1.27));
#10556=VECTOR('',#13326,1.0);
#10557=CARTESIAN_POINT('',(-2.74,2.8,0.87));
#10558=CARTESIAN_POINT('',(-2.926523063262,2.8,1.27));
#10559=VECTOR('',#13327,0.999999999999999);
#10560=CARTESIAN_POINT('',(-2.34,2.8,0.87));
#10561=CARTESIAN_POINT('',(-2.34,2.8,0.87));
#10562=VECTOR('',#13328,1.0);
#10563=CARTESIAN_POINT('',(-2.153476936738,2.8,1.27));
#10564=CARTESIAN_POINT('',(-2.34,2.8,0.87));
#10565=VECTOR('',#13329,0.999999999999999);
#10566=CARTESIAN_POINT('',(-0.386523063262004,2.8,1.27));
#10567=CARTESIAN_POINT('',(-2.153476936738,2.8,1.27));
#10568=VECTOR('',#13330,1.0);
#10569=CARTESIAN_POINT('',(-0.200000000000003,2.8,0.87));
#10570=CARTESIAN_POINT('',(-0.386523063262004,2.8,1.27));
#10571=VECTOR('',#13331,0.999999999999999);
#10572=CARTESIAN_POINT('',(0.199999999999998,2.8,0.87));
#10573=CARTESIAN_POINT('',(0.199999999999998,2.8,0.87));
#10574=VECTOR('',#13332,1.0);
#10575=CARTESIAN_POINT('',(0.386523063261999,2.8,1.27));
#10576=CARTESIAN_POINT('',(0.199999999999998,2.8,0.87));
#10577=VECTOR('',#13333,0.999999999999999);
#10578=CARTESIAN_POINT('',(2.153476936738,2.8,1.27));
#10579=CARTESIAN_POINT('',(0.386523063261999,2.8,1.27));
#10580=VECTOR('',#13334,1.0);
#10581=CARTESIAN_POINT('',(2.34,2.8,0.87));
#10582=CARTESIAN_POINT('',(2.153476936738,2.8,1.27));
#10583=VECTOR('',#13335,0.999999999999999);
#10584=CARTESIAN_POINT('',(2.74,2.8,0.87));
#10585=CARTESIAN_POINT('',(2.74,2.8,0.87));
#10586=VECTOR('',#13336,1.0);
#10587=CARTESIAN_POINT('',(2.926523063262,2.8,1.27));
#10588=CARTESIAN_POINT('',(2.74,2.8,0.87));
#10589=VECTOR('',#13337,0.999999999999999);
#10590=CARTESIAN_POINT('',(4.693476936738,2.8,1.27));
#10591=CARTESIAN_POINT('',(2.926523063262,2.8,1.27));
#10592=VECTOR('',#13338,1.0);
#10593=CARTESIAN_POINT('',(4.88,2.8,0.87));
#10594=CARTESIAN_POINT('',(4.693476936738,2.8,1.27));
#10595=VECTOR('',#13339,0.999999999999999);
#10596=CARTESIAN_POINT('',(5.28,2.8,0.87));
#10597=CARTESIAN_POINT('',(5.28,2.8,0.87));
#10598=VECTOR('',#13340,1.0);
#10599=CARTESIAN_POINT('',(5.466523063262,2.8,1.27));
#10600=CARTESIAN_POINT('',(5.28,2.8,0.87));
#10601=VECTOR('',#13341,0.999999999999999);
#10602=CARTESIAN_POINT('',(7.233476936738,2.8,1.27));
#10603=CARTESIAN_POINT('',(5.466523063262,2.8,1.27));
#10604=VECTOR('',#13342,1.0);
#10605=CARTESIAN_POINT('',(7.42,2.8,0.87));
#10606=CARTESIAN_POINT('',(7.233476936738,2.8,1.27));
#10607=VECTOR('',#13343,0.999999999999999);
#10608=CARTESIAN_POINT('',(7.82,2.8,0.87));
#10609=CARTESIAN_POINT('',(7.82,2.8,0.87));
#10610=VECTOR('',#13344,1.0);
#10611=CARTESIAN_POINT('',(8.006523063262,2.8,1.27));
#10612=CARTESIAN_POINT('',(7.82,2.8,0.87));
#10613=VECTOR('',#13345,0.999999999999999);
#10614=CARTESIAN_POINT('',(9.773476936738,2.8,1.27));
#10615=CARTESIAN_POINT('',(8.006523063262,2.8,1.27));
#10616=VECTOR('',#13346,1.0);
#10617=CARTESIAN_POINT('',(9.96,2.8,0.87));
#10618=CARTESIAN_POINT('',(9.773476936738,2.8,1.27));
#10619=VECTOR('',#13347,0.999999999999999);
#10620=CARTESIAN_POINT('',(10.36,2.8,0.87));
#10621=CARTESIAN_POINT('',(10.36,2.8,0.87));
#10622=VECTOR('',#13348,1.0);
#10623=CARTESIAN_POINT('',(10.546523063262,2.8,1.27));
#10624=CARTESIAN_POINT('',(10.36,2.8,0.87));
#10625=VECTOR('',#13349,0.999999999999999);
#10626=CARTESIAN_POINT('',(12.313476936738,2.8,1.27));
#10627=CARTESIAN_POINT('',(10.546523063262,2.8,1.27));
#10628=VECTOR('',#13350,1.0);
#10629=CARTESIAN_POINT('',(12.5,2.8,0.87));
#10630=CARTESIAN_POINT('',(12.313476936738,2.8,1.27));
#10631=VECTOR('',#13351,0.999999999999999);
#10632=CARTESIAN_POINT('',(12.9,2.8,0.87));
#10633=CARTESIAN_POINT('',(12.9,2.8,0.87));
#10634=VECTOR('',#13352,1.0);
#10635=CARTESIAN_POINT('',(13.086523063262,2.8,1.27));
#10636=CARTESIAN_POINT('',(12.9,2.8,0.87));
#10637=VECTOR('',#13353,0.999999999999999);
#10638=CARTESIAN_POINT('',(13.086523063262,2.8,1.27));
#10639=VECTOR('',#13354,1.0);
#10640=CARTESIAN_POINT('',(12.5,5.32721357629099E-17,-0.87));
#10641=CARTESIAN_POINT('',(12.5,5.32721357629099E-17,-0.87));
#10642=VECTOR('',#13355,1.0);
#10643=CARTESIAN_POINT('',(12.9,5.32721357629099E-17,-0.87));
#10644=CARTESIAN_POINT('',(12.9,5.32721357629099E-17,-0.87));
#10645=VECTOR('',#13356,1.0);
#10646=CARTESIAN_POINT('',(12.9,5.32721357629099E-17,-0.87));
#10647=VECTOR('',#13357,1.0);
#10648=CARTESIAN_POINT('',(12.9,-5.32721357629099E-17,0.87));
#10649=CARTESIAN_POINT('',(12.9,-5.32721357629099E-17,0.87));
#10650=VECTOR('',#13358,1.0);
#10651=CARTESIAN_POINT('',(13.086523063262,-7.77650717458569E-17,1.27));
#10652=CARTESIAN_POINT('',(12.9,-5.32721357629099E-17,0.87));
#10653=VECTOR('',#13359,0.999999999999999);
#10654=CARTESIAN_POINT('',(13.086523063262,-7.77650717458569E-17,1.27));
#10655=VECTOR('',#13360,1.0);
#10656=CARTESIAN_POINT('',(12.5,-5.32721357629099E-17,0.87));
#10657=CARTESIAN_POINT('',(12.5,-5.32721357629099E-17,0.87));
#10658=VECTOR('',#13361,1.0);
#10659=CARTESIAN_POINT('',(12.9,-5.32721357629099E-17,0.87));
#10660=VECTOR('',#13362,1.0);
#10661=CARTESIAN_POINT('',(13.086523063262,7.77650717458569E-17,-1.27));
#10662=CARTESIAN_POINT('',(13.086523063262,7.77650717458569E-17,-1.27));
#10663=VECTOR('',#13363,1.0);
#10664=CARTESIAN_POINT('',(13.086523063262,7.77650717458569E-17,-1.27));
#10665=VECTOR('',#13364,0.999999999999999);
#10666=CARTESIAN_POINT('',(14.853476936738,7.77650717458569E-17,-1.27));
#10667=CARTESIAN_POINT('',(14.853476936738,7.77650717458569E-17,-1.27));
#10668=VECTOR('',#13365,1.0);
#10669=CARTESIAN_POINT('',(14.853476936738,7.77650717458569E-17,-1.27));
#10670=VECTOR('',#13366,1.0);
#10671=CARTESIAN_POINT('',(15.04,5.32721357629099E-17,-0.87));
#10672=VECTOR('',#13367,0.999999999999999);
#10673=CARTESIAN_POINT('',(14.853476936738,-7.77650717458569E-17,1.27));
#10674=CARTESIAN_POINT('',(14.853476936738,-7.77650717458569E-17,1.27));
#10675=VECTOR('',#13368,1.0);
#10676=CARTESIAN_POINT('',(14.853476936738,-7.77650717458569E-17,1.27));
#10677=VECTOR('',#13369,0.999999999999999);
#10678=CARTESIAN_POINT('',(13.086523063262,-7.77650717458569E-17,1.27));
#10679=VECTOR('',#13370,1.0);
#10680=CARTESIAN_POINT('',(9.96,5.32721357629099E-17,-0.87));
#10681=CARTESIAN_POINT('',(9.96,5.32721357629099E-17,-0.87));
#10682=VECTOR('',#13371,1.0);
#10683=CARTESIAN_POINT('',(10.36,5.32721357629099E-17,-0.87));
#10684=CARTESIAN_POINT('',(10.36,5.32721357629099E-17,-0.87));
#10685=VECTOR('',#13372,1.0);
#10686=CARTESIAN_POINT('',(10.36,5.32721357629099E-17,-0.87));
#10687=VECTOR('',#13373,1.0);
#10688=CARTESIAN_POINT('',(10.36,-5.32721357629099E-17,0.87));
#10689=CARTESIAN_POINT('',(10.36,-5.32721357629099E-17,0.87));
#10690=VECTOR('',#13374,1.0);
#10691=CARTESIAN_POINT('',(10.546523063262,-7.77650717458569E-17,1.27));
#10692=CARTESIAN_POINT('',(10.36,-5.32721357629099E-17,0.87));
#10693=VECTOR('',#13375,0.999999999999999);
#10694=CARTESIAN_POINT('',(10.546523063262,-7.77650717458569E-17,1.27));
#10695=VECTOR('',#13376,1.0);
#10696=CARTESIAN_POINT('',(9.96,-5.32721357629099E-17,0.87));
#10697=CARTESIAN_POINT('',(9.96,-5.32721357629099E-17,0.87));
#10698=VECTOR('',#13377,1.0);
#10699=CARTESIAN_POINT('',(10.36,-5.32721357629099E-17,0.87));
#10700=VECTOR('',#13378,1.0);
#10701=CARTESIAN_POINT('',(10.546523063262,7.77650717458569E-17,-1.27));
#10702=CARTESIAN_POINT('',(10.546523063262,7.77650717458569E-17,-1.27));
#10703=VECTOR('',#13379,1.0);
#10704=CARTESIAN_POINT('',(10.546523063262,7.77650717458569E-17,-1.27));
#10705=VECTOR('',#13380,0.999999999999999);
#10706=CARTESIAN_POINT('',(12.313476936738,7.77650717458569E-17,-1.27));
#10707=CARTESIAN_POINT('',(12.313476936738,7.77650717458569E-17,-1.27));
#10708=VECTOR('',#13381,1.0);
#10709=CARTESIAN_POINT('',(12.313476936738,7.77650717458569E-17,-1.27));
#10710=VECTOR('',#13382,1.0);
#10711=CARTESIAN_POINT('',(12.5,5.32721357629099E-17,-0.87));
#10712=VECTOR('',#13383,0.999999999999999);
#10713=CARTESIAN_POINT('',(12.313476936738,-7.77650717458569E-17,1.27));
#10714=CARTESIAN_POINT('',(12.313476936738,-7.77650717458569E-17,1.27));
#10715=VECTOR('',#13384,1.0);
#10716=CARTESIAN_POINT('',(12.313476936738,-7.77650717458569E-17,1.27));
#10717=VECTOR('',#13385,0.999999999999999);
#10718=CARTESIAN_POINT('',(10.546523063262,-7.77650717458569E-17,1.27));
#10719=VECTOR('',#13386,1.0);
#10720=CARTESIAN_POINT('',(7.42,5.32721357629099E-17,-0.87));
#10721=CARTESIAN_POINT('',(7.42,5.32721357629099E-17,-0.87));
#10722=VECTOR('',#13387,1.0);
#10723=CARTESIAN_POINT('',(7.82,5.32721357629099E-17,-0.87));
#10724=CARTESIAN_POINT('',(7.82,5.32721357629099E-17,-0.87));
#10725=VECTOR('',#13388,1.0);
#10726=CARTESIAN_POINT('',(7.82,5.32721357629099E-17,-0.87));
#10727=VECTOR('',#13389,1.0);
#10728=CARTESIAN_POINT('',(7.82,-5.32721357629099E-17,0.87));
#10729=CARTESIAN_POINT('',(7.82,-5.32721357629099E-17,0.87));
#10730=VECTOR('',#13390,1.0);
#10731=CARTESIAN_POINT('',(8.006523063262,-7.77650717458569E-17,1.27));
#10732=CARTESIAN_POINT('',(7.82,-5.32721357629099E-17,0.87));
#10733=VECTOR('',#13391,0.999999999999999);
#10734=CARTESIAN_POINT('',(8.006523063262,-7.77650717458569E-17,1.27));
#10735=VECTOR('',#13392,1.0);
#10736=CARTESIAN_POINT('',(7.42,-5.32721357629099E-17,0.87));
#10737=CARTESIAN_POINT('',(7.42,-5.32721357629099E-17,0.87));
#10738=VECTOR('',#13393,1.0);
#10739=CARTESIAN_POINT('',(7.82,-5.32721357629099E-17,0.87));
#10740=VECTOR('',#13394,1.0);
#10741=CARTESIAN_POINT('',(8.006523063262,7.77650717458569E-17,-1.27));
#10742=CARTESIAN_POINT('',(8.006523063262,7.77650717458569E-17,-1.27));
#10743=VECTOR('',#13395,1.0);
#10744=CARTESIAN_POINT('',(8.006523063262,7.77650717458569E-17,-1.27));
#10745=VECTOR('',#13396,0.999999999999999);
#10746=CARTESIAN_POINT('',(9.773476936738,7.77650717458569E-17,-1.27));
#10747=CARTESIAN_POINT('',(9.773476936738,7.77650717458569E-17,-1.27));
#10748=VECTOR('',#13397,1.0);
#10749=CARTESIAN_POINT('',(9.773476936738,7.77650717458569E-17,-1.27));
#10750=VECTOR('',#13398,1.0);
#10751=CARTESIAN_POINT('',(9.96,5.32721357629099E-17,-0.87));
#10752=VECTOR('',#13399,0.999999999999999);
#10753=CARTESIAN_POINT('',(9.773476936738,-7.77650717458569E-17,1.27));
#10754=CARTESIAN_POINT('',(9.773476936738,-7.77650717458569E-17,1.27));
#10755=VECTOR('',#13400,1.0);
#10756=CARTESIAN_POINT('',(9.773476936738,-7.77650717458569E-17,1.27));
#10757=VECTOR('',#13401,0.999999999999999);
#10758=CARTESIAN_POINT('',(8.006523063262,-7.77650717458569E-17,1.27));
#10759=VECTOR('',#13402,1.0);
#10760=CARTESIAN_POINT('',(4.88,5.32721357629099E-17,-0.87));
#10761=CARTESIAN_POINT('',(4.88,5.32721357629099E-17,-0.87));
#10762=VECTOR('',#13403,1.0);
#10763=CARTESIAN_POINT('',(5.28,5.32721357629099E-17,-0.87));
#10764=CARTESIAN_POINT('',(5.28,5.32721357629099E-17,-0.87));
#10765=VECTOR('',#13404,1.0);
#10766=CARTESIAN_POINT('',(5.28,5.32721357629099E-17,-0.87));
#10767=VECTOR('',#13405,1.0);
#10768=CARTESIAN_POINT('',(5.28,-5.32721357629099E-17,0.87));
#10769=CARTESIAN_POINT('',(5.28,-5.32721357629099E-17,0.87));
#10770=VECTOR('',#13406,1.0);
#10771=CARTESIAN_POINT('',(5.466523063262,-7.77650717458569E-17,1.27));
#10772=CARTESIAN_POINT('',(5.28,-5.32721357629099E-17,0.87));
#10773=VECTOR('',#13407,0.999999999999999);
#10774=CARTESIAN_POINT('',(5.466523063262,-7.77650717458569E-17,1.27));
#10775=VECTOR('',#13408,1.0);
#10776=CARTESIAN_POINT('',(4.88,-5.32721357629099E-17,0.87));
#10777=CARTESIAN_POINT('',(4.88,-5.32721357629099E-17,0.87));
#10778=VECTOR('',#13409,1.0);
#10779=CARTESIAN_POINT('',(5.28,-5.32721357629099E-17,0.87));
#10780=VECTOR('',#13410,1.0);
#10781=CARTESIAN_POINT('',(5.466523063262,7.77650717458569E-17,-1.27));
#10782=CARTESIAN_POINT('',(5.466523063262,7.77650717458569E-17,-1.27));
#10783=VECTOR('',#13411,1.0);
#10784=CARTESIAN_POINT('',(5.466523063262,7.77650717458569E-17,-1.27));
#10785=VECTOR('',#13412,0.999999999999999);
#10786=CARTESIAN_POINT('',(7.233476936738,7.77650717458569E-17,-1.27));
#10787=CARTESIAN_POINT('',(7.233476936738,7.77650717458569E-17,-1.27));
#10788=VECTOR('',#13413,1.0);
#10789=CARTESIAN_POINT('',(7.233476936738,7.77650717458569E-17,-1.27));
#10790=VECTOR('',#13414,1.0);
#10791=CARTESIAN_POINT('',(7.42,5.32721357629099E-17,-0.87));
#10792=VECTOR('',#13415,0.999999999999999);
#10793=CARTESIAN_POINT('',(7.233476936738,-7.77650717458569E-17,1.27));
#10794=CARTESIAN_POINT('',(7.233476936738,-7.77650717458569E-17,1.27));
#10795=VECTOR('',#13416,1.0);
#10796=CARTESIAN_POINT('',(7.233476936738,-7.77650717458569E-17,1.27));
#10797=VECTOR('',#13417,0.999999999999999);
#10798=CARTESIAN_POINT('',(5.466523063262,-7.77650717458569E-17,1.27));
#10799=VECTOR('',#13418,1.0);
#10800=CARTESIAN_POINT('',(2.34,5.32721357629099E-17,-0.87));
#10801=CARTESIAN_POINT('',(2.34,5.32721357629099E-17,-0.87));
#10802=VECTOR('',#13419,1.0);
#10803=CARTESIAN_POINT('',(2.74,5.32721357629099E-17,-0.87));
#10804=CARTESIAN_POINT('',(2.74,5.32721357629099E-17,-0.87));
#10805=VECTOR('',#13420,1.0);
#10806=CARTESIAN_POINT('',(2.74,5.32721357629099E-17,-0.87));
#10807=VECTOR('',#13421,1.0);
#10808=CARTESIAN_POINT('',(2.74,-5.32721357629099E-17,0.87));
#10809=CARTESIAN_POINT('',(2.74,-5.32721357629099E-17,0.87));
#10810=VECTOR('',#13422,1.0);
#10811=CARTESIAN_POINT('',(2.926523063262,-7.77650717458569E-17,1.27));
#10812=CARTESIAN_POINT('',(2.74,-5.32721357629099E-17,0.87));
#10813=VECTOR('',#13423,0.999999999999999);
#10814=CARTESIAN_POINT('',(2.926523063262,-7.77650717458569E-17,1.27));
#10815=VECTOR('',#13424,1.0);
#10816=CARTESIAN_POINT('',(2.34,-5.32721357629099E-17,0.87));
#10817=CARTESIAN_POINT('',(2.34,-5.32721357629099E-17,0.87));
#10818=VECTOR('',#13425,1.0);
#10819=CARTESIAN_POINT('',(2.74,-5.32721357629099E-17,0.87));
#10820=VECTOR('',#13426,1.0);
#10821=CARTESIAN_POINT('',(2.926523063262,7.77650717458569E-17,-1.27));
#10822=CARTESIAN_POINT('',(2.926523063262,7.77650717458569E-17,-1.27));
#10823=VECTOR('',#13427,1.0);
#10824=CARTESIAN_POINT('',(2.926523063262,7.77650717458569E-17,-1.27));
#10825=VECTOR('',#13428,0.999999999999999);
#10826=CARTESIAN_POINT('',(4.693476936738,7.77650717458569E-17,-1.27));
#10827=CARTESIAN_POINT('',(4.693476936738,7.77650717458569E-17,-1.27));
#10828=VECTOR('',#13429,1.0);
#10829=CARTESIAN_POINT('',(4.693476936738,7.77650717458569E-17,-1.27));
#10830=VECTOR('',#13430,1.0);
#10831=CARTESIAN_POINT('',(4.88,5.32721357629099E-17,-0.87));
#10832=VECTOR('',#13431,0.999999999999999);
#10833=CARTESIAN_POINT('',(4.693476936738,-7.77650717458569E-17,1.27));
#10834=CARTESIAN_POINT('',(4.693476936738,-7.77650717458569E-17,1.27));
#10835=VECTOR('',#13432,1.0);
#10836=CARTESIAN_POINT('',(4.693476936738,-7.77650717458569E-17,1.27));
#10837=VECTOR('',#13433,0.999999999999999);
#10838=CARTESIAN_POINT('',(2.926523063262,-7.77650717458569E-17,1.27));
#10839=VECTOR('',#13434,1.0);
#10840=CARTESIAN_POINT('',(-0.200000000000003,5.32721357629099E-17,-0.87));
#10841=CARTESIAN_POINT('',(-0.200000000000003,5.32721357629099E-17,-0.87));
#10842=VECTOR('',#13435,1.0);
#10843=CARTESIAN_POINT('',(0.199999999999998,5.32721357629099E-17,-0.87));
#10844=CARTESIAN_POINT('',(0.199999999999998,5.32721357629099E-17,-0.87));
#10845=VECTOR('',#13436,1.0);
#10846=CARTESIAN_POINT('',(0.199999999999998,5.32721357629099E-17,-0.87));
#10847=VECTOR('',#13437,1.0);
#10848=CARTESIAN_POINT('',(0.199999999999998,-5.32721357629099E-17,0.87));
#10849=CARTESIAN_POINT('',(0.199999999999998,-5.32721357629099E-17,0.87));
#10850=VECTOR('',#13438,1.0);
#10851=CARTESIAN_POINT('',(0.386523063261999,-7.77650717458569E-17,1.27));
#10852=CARTESIAN_POINT('',(0.199999999999998,-5.32721357629099E-17,0.87));
#10853=VECTOR('',#13439,0.999999999999999);
#10854=CARTESIAN_POINT('',(0.386523063261999,-7.77650717458569E-17,1.27));
#10855=VECTOR('',#13440,1.0);
#10856=CARTESIAN_POINT('',(-0.200000000000003,-5.32721357629099E-17,0.87));
#10857=CARTESIAN_POINT('',(-0.200000000000003,-5.32721357629099E-17,0.87));
#10858=VECTOR('',#13441,1.0);
#10859=CARTESIAN_POINT('',(0.199999999999998,-5.32721357629099E-17,0.87));
#10860=VECTOR('',#13442,1.0);
#10861=CARTESIAN_POINT('',(0.386523063261999,7.77650717458569E-17,-1.27));
#10862=CARTESIAN_POINT('',(0.386523063261999,7.77650717458569E-17,-1.27));
#10863=VECTOR('',#13443,1.0);
#10864=CARTESIAN_POINT('',(0.386523063261999,7.77650717458569E-17,-1.27));
#10865=VECTOR('',#13444,0.999999999999999);
#10866=CARTESIAN_POINT('',(2.153476936738,7.77650717458569E-17,-1.27));
#10867=CARTESIAN_POINT('',(2.153476936738,7.77650717458569E-17,-1.27));
#10868=VECTOR('',#13445,1.0);
#10869=CARTESIAN_POINT('',(2.153476936738,7.77650717458569E-17,-1.27));
#10870=VECTOR('',#13446,1.0);
#10871=CARTESIAN_POINT('',(2.34,5.32721357629099E-17,-0.87));
#10872=VECTOR('',#13447,0.999999999999999);
#10873=CARTESIAN_POINT('',(2.153476936738,-7.77650717458569E-17,1.27));
#10874=CARTESIAN_POINT('',(2.153476936738,-7.77650717458569E-17,1.27));
#10875=VECTOR('',#13448,1.0);
#10876=CARTESIAN_POINT('',(2.153476936738,-7.77650717458569E-17,1.27));
#10877=VECTOR('',#13449,0.999999999999999);
#10878=CARTESIAN_POINT('',(0.386523063261999,-7.77650717458569E-17,1.27));
#10879=VECTOR('',#13450,1.0);
#10880=CARTESIAN_POINT('',(-2.74,5.32721357629099E-17,-0.87));
#10881=CARTESIAN_POINT('',(-2.74,5.32721357629099E-17,-0.87));
#10882=VECTOR('',#13451,1.0);
#10883=CARTESIAN_POINT('',(-2.34,5.32721357629099E-17,-0.87));
#10884=CARTESIAN_POINT('',(-2.34,5.32721357629099E-17,-0.87));
#10885=VECTOR('',#13452,1.0);
#10886=CARTESIAN_POINT('',(-2.34,5.32721357629099E-17,-0.87));
#10887=VECTOR('',#13453,1.0);
#10888=CARTESIAN_POINT('',(-2.34,-5.32721357629099E-17,0.87));
#10889=CARTESIAN_POINT('',(-2.34,-5.32721357629099E-17,0.87));
#10890=VECTOR('',#13454,1.0);
#10891=CARTESIAN_POINT('',(-2.153476936738,-7.77650717458569E-17,1.27));
#10892=CARTESIAN_POINT('',(-2.34,-5.32721357629099E-17,0.87));
#10893=VECTOR('',#13455,0.999999999999999);
#10894=CARTESIAN_POINT('',(-2.153476936738,-7.77650717458569E-17,1.27));
#10895=VECTOR('',#13456,1.0);
#10896=CARTESIAN_POINT('',(-2.74,-5.32721357629099E-17,0.87));
#10897=CARTESIAN_POINT('',(-2.74,-5.32721357629099E-17,0.87));
#10898=VECTOR('',#13457,1.0);
#10899=CARTESIAN_POINT('',(-2.34,-5.32721357629099E-17,0.87));
#10900=VECTOR('',#13458,1.0);
#10901=CARTESIAN_POINT('',(-2.153476936738,7.77650717458569E-17,-1.27));
#10902=CARTESIAN_POINT('',(-2.153476936738,7.77650717458569E-17,-1.27));
#10903=VECTOR('',#13459,1.0);
#10904=CARTESIAN_POINT('',(-2.153476936738,7.77650717458569E-17,-1.27));
#10905=VECTOR('',#13460,0.999999999999999);
#10906=CARTESIAN_POINT('',(-0.386523063262004,7.77650717458569E-17,-1.27));
#10907=CARTESIAN_POINT('',(-0.386523063262004,7.77650717458569E-17,-1.27));
#10908=VECTOR('',#13461,1.0);
#10909=CARTESIAN_POINT('',(-0.386523063262004,7.77650717458569E-17,-1.27));
#10910=VECTOR('',#13462,1.0);
#10911=CARTESIAN_POINT('',(-0.200000000000003,5.32721357629099E-17,-0.87));
#10912=VECTOR('',#13463,0.999999999999999);
#10913=CARTESIAN_POINT('',(-0.386523063262004,-7.77650717458569E-17,1.27));
#10914=CARTESIAN_POINT('',(-0.386523063262004,-7.77650717458569E-17,1.27));
#10915=VECTOR('',#13464,1.0);
#10916=CARTESIAN_POINT('',(-0.386523063262004,-7.77650717458569E-17,1.27));
#10917=VECTOR('',#13465,0.999999999999999);
#10918=CARTESIAN_POINT('',(-2.153476936738,-7.77650717458569E-17,1.27));
#10919=VECTOR('',#13466,1.0);
#10920=CARTESIAN_POINT('',(-5.28,5.32721357629099E-17,-0.87));
#10921=CARTESIAN_POINT('',(-5.28,5.32721357629099E-17,-0.87));
#10922=VECTOR('',#13467,1.0);
#10923=CARTESIAN_POINT('',(-4.88,5.32721357629099E-17,-0.87));
#10924=CARTESIAN_POINT('',(-4.88,5.32721357629099E-17,-0.87));
#10925=VECTOR('',#13468,1.0);
#10926=CARTESIAN_POINT('',(-4.88,5.32721357629099E-17,-0.87));
#10927=VECTOR('',#13469,1.0);
#10928=CARTESIAN_POINT('',(-4.88,-5.32721357629099E-17,0.87));
#10929=CARTESIAN_POINT('',(-4.88,-5.32721357629099E-17,0.87));
#10930=VECTOR('',#13470,1.0);
#10931=CARTESIAN_POINT('',(-4.693476936738,-7.77650717458569E-17,1.27));
#10932=CARTESIAN_POINT('',(-4.88,-5.32721357629099E-17,0.87));
#10933=VECTOR('',#13471,0.999999999999999);
#10934=CARTESIAN_POINT('',(-4.693476936738,-7.77650717458569E-17,1.27));
#10935=VECTOR('',#13472,1.0);
#10936=CARTESIAN_POINT('',(-5.28,-5.32721357629099E-17,0.87));
#10937=CARTESIAN_POINT('',(-5.28,-5.32721357629099E-17,0.87));
#10938=VECTOR('',#13473,1.0);
#10939=CARTESIAN_POINT('',(-4.88,-5.32721357629099E-17,0.87));
#10940=VECTOR('',#13474,1.0);
#10941=CARTESIAN_POINT('',(-4.693476936738,7.77650717458569E-17,-1.27));
#10942=CARTESIAN_POINT('',(-4.693476936738,7.77650717458569E-17,-1.27));
#10943=VECTOR('',#13475,1.0);
#10944=CARTESIAN_POINT('',(-4.693476936738,7.77650717458569E-17,-1.27));
#10945=VECTOR('',#13476,0.999999999999999);
#10946=CARTESIAN_POINT('',(-2.926523063262,7.77650717458569E-17,-1.27));
#10947=CARTESIAN_POINT('',(-2.926523063262,7.77650717458569E-17,-1.27));
#10948=VECTOR('',#13477,1.0);
#10949=CARTESIAN_POINT('',(-2.926523063262,7.77650717458569E-17,-1.27));
#10950=VECTOR('',#13478,1.0);
#10951=CARTESIAN_POINT('',(-2.74,5.32721357629099E-17,-0.87));
#10952=VECTOR('',#13479,0.999999999999999);
#10953=CARTESIAN_POINT('',(-2.926523063262,-7.77650717458569E-17,1.27));
#10954=CARTESIAN_POINT('',(-2.926523063262,-7.77650717458569E-17,1.27));
#10955=VECTOR('',#13480,1.0);
#10956=CARTESIAN_POINT('',(-2.926523063262,-7.77650717458569E-17,1.27));
#10957=VECTOR('',#13481,0.999999999999999);
#10958=CARTESIAN_POINT('',(-4.693476936738,-7.77650717458569E-17,1.27));
#10959=VECTOR('',#13482,1.0);
#10960=CARTESIAN_POINT('',(-7.82,5.32721357629099E-17,-0.87));
#10961=CARTESIAN_POINT('',(-7.82,5.32721357629099E-17,-0.87));
#10962=VECTOR('',#13483,1.0);
#10963=CARTESIAN_POINT('',(-7.42,5.32721357629099E-17,-0.87));
#10964=CARTESIAN_POINT('',(-7.42,5.32721357629099E-17,-0.87));
#10965=VECTOR('',#13484,1.0);
#10966=CARTESIAN_POINT('',(-7.42,5.32721357629099E-17,-0.87));
#10967=VECTOR('',#13485,1.0);
#10968=CARTESIAN_POINT('',(-7.42,-5.32721357629099E-17,0.87));
#10969=CARTESIAN_POINT('',(-7.42,-5.32721357629099E-17,0.87));
#10970=VECTOR('',#13486,1.0);
#10971=CARTESIAN_POINT('',(-7.233476936738,-7.77650717458569E-17,1.27));
#10972=CARTESIAN_POINT('',(-7.42,-5.32721357629099E-17,0.87));
#10973=VECTOR('',#13487,0.999999999999999);
#10974=CARTESIAN_POINT('',(-7.233476936738,-7.77650717458569E-17,1.27));
#10975=VECTOR('',#13488,1.0);
#10976=CARTESIAN_POINT('',(-7.82,-5.32721357629099E-17,0.87));
#10977=CARTESIAN_POINT('',(-7.82,-5.32721357629099E-17,0.87));
#10978=VECTOR('',#13489,1.0);
#10979=CARTESIAN_POINT('',(-7.42,-5.32721357629099E-17,0.87));
#10980=VECTOR('',#13490,1.0);
#10981=CARTESIAN_POINT('',(-7.233476936738,7.77650717458569E-17,-1.27));
#10982=CARTESIAN_POINT('',(-7.233476936738,7.77650717458569E-17,-1.27));
#10983=VECTOR('',#13491,1.0);
#10984=CARTESIAN_POINT('',(-7.233476936738,7.77650717458569E-17,-1.27));
#10985=VECTOR('',#13492,0.999999999999999);
#10986=CARTESIAN_POINT('',(-5.466523063262,7.77650717458569E-17,-1.27));
#10987=CARTESIAN_POINT('',(-5.466523063262,7.77650717458569E-17,-1.27));
#10988=VECTOR('',#13493,1.0);
#10989=CARTESIAN_POINT('',(-5.466523063262,7.77650717458569E-17,-1.27));
#10990=VECTOR('',#13494,1.0);
#10991=CARTESIAN_POINT('',(-5.28,5.32721357629099E-17,-0.87));
#10992=VECTOR('',#13495,0.999999999999999);
#10993=CARTESIAN_POINT('',(-5.466523063262,-7.77650717458569E-17,1.27));
#10994=CARTESIAN_POINT('',(-5.466523063262,-7.77650717458569E-17,1.27));
#10995=VECTOR('',#13496,1.0);
#10996=CARTESIAN_POINT('',(-5.466523063262,-7.77650717458569E-17,1.27));
#10997=VECTOR('',#13497,0.999999999999999);
#10998=CARTESIAN_POINT('',(-7.233476936738,-7.77650717458569E-17,1.27));
#10999=VECTOR('',#13498,1.0);
#11000=CARTESIAN_POINT('',(-10.36,5.32721357629099E-17,-0.87));
#11001=CARTESIAN_POINT('',(-10.36,5.32721357629099E-17,-0.87));
#11002=VECTOR('',#13499,1.0);
#11003=CARTESIAN_POINT('',(-9.96,5.32721357629099E-17,-0.87));
#11004=CARTESIAN_POINT('',(-9.96,5.32721357629099E-17,-0.87));
#11005=VECTOR('',#13500,1.0);
#11006=CARTESIAN_POINT('',(-9.96,5.32721357629099E-17,-0.87));
#11007=VECTOR('',#13501,1.0);
#11008=CARTESIAN_POINT('',(-9.96,-5.32721357629099E-17,0.87));
#11009=CARTESIAN_POINT('',(-9.96,-5.32721357629099E-17,0.87));
#11010=VECTOR('',#13502,1.0);
#11011=CARTESIAN_POINT('',(-9.773476936738,-7.77650717458569E-17,1.27));
#11012=CARTESIAN_POINT('',(-9.96,-5.32721357629099E-17,0.87));
#11013=VECTOR('',#13503,0.999999999999999);
#11014=CARTESIAN_POINT('',(-9.773476936738,-7.77650717458569E-17,1.27));
#11015=VECTOR('',#13504,1.0);
#11016=CARTESIAN_POINT('',(-10.36,-5.32721357629099E-17,0.87));
#11017=CARTESIAN_POINT('',(-10.36,-5.32721357629099E-17,0.87));
#11018=VECTOR('',#13505,1.0);
#11019=CARTESIAN_POINT('',(-9.96,-5.32721357629099E-17,0.87));
#11020=VECTOR('',#13506,1.0);
#11021=CARTESIAN_POINT('',(-9.773476936738,7.77650717458569E-17,-1.27));
#11022=CARTESIAN_POINT('',(-9.773476936738,7.77650717458569E-17,-1.27));
#11023=VECTOR('',#13507,1.0);
#11024=CARTESIAN_POINT('',(-9.773476936738,7.77650717458569E-17,-1.27));
#11025=VECTOR('',#13508,0.999999999999999);
#11026=CARTESIAN_POINT('',(-8.006523063262,7.77650717458569E-17,-1.27));
#11027=CARTESIAN_POINT('',(-8.006523063262,7.77650717458569E-17,-1.27));
#11028=VECTOR('',#13509,1.0);
#11029=CARTESIAN_POINT('',(-8.006523063262,7.77650717458569E-17,-1.27));
#11030=VECTOR('',#13510,1.0);
#11031=CARTESIAN_POINT('',(-7.82,5.32721357629099E-17,-0.87));
#11032=VECTOR('',#13511,0.999999999999999);
#11033=CARTESIAN_POINT('',(-8.006523063262,-7.77650717458569E-17,1.27));
#11034=CARTESIAN_POINT('',(-8.006523063262,-7.77650717458569E-17,1.27));
#11035=VECTOR('',#13512,1.0);
#11036=CARTESIAN_POINT('',(-8.006523063262,-7.77650717458569E-17,1.27));
#11037=VECTOR('',#13513,0.999999999999999);
#11038=CARTESIAN_POINT('',(-9.773476936738,-7.77650717458569E-17,1.27));
#11039=VECTOR('',#13514,1.0);
#11040=CARTESIAN_POINT('',(-12.9,5.32721357629099E-17,-0.87));
#11041=CARTESIAN_POINT('',(-12.9,5.32721357629099E-17,-0.87));
#11042=VECTOR('',#13515,1.0);
#11043=CARTESIAN_POINT('',(-12.5,5.32721357629099E-17,-0.87));
#11044=CARTESIAN_POINT('',(-12.5,5.32721357629099E-17,-0.87));
#11045=VECTOR('',#13516,1.0);
#11046=CARTESIAN_POINT('',(-12.5,5.32721357629099E-17,-0.87));
#11047=VECTOR('',#13517,1.0);
#11048=CARTESIAN_POINT('',(-12.5,-5.32721357629099E-17,0.87));
#11049=CARTESIAN_POINT('',(-12.5,-5.32721357629099E-17,0.87));
#11050=VECTOR('',#13518,1.0);
#11051=CARTESIAN_POINT('',(-12.313476936738,-7.77650717458569E-17,1.27));
#11052=CARTESIAN_POINT('',(-12.5,-5.32721357629099E-17,0.87));
#11053=VECTOR('',#13519,0.999999999999999);
#11054=CARTESIAN_POINT('',(-12.313476936738,-7.77650717458569E-17,1.27));
#11055=VECTOR('',#13520,1.0);
#11056=CARTESIAN_POINT('',(-12.9,-5.32721357629099E-17,0.87));
#11057=CARTESIAN_POINT('',(-12.9,-5.32721357629099E-17,0.87));
#11058=VECTOR('',#13521,1.0);
#11059=CARTESIAN_POINT('',(-12.5,-5.32721357629099E-17,0.87));
#11060=VECTOR('',#13522,1.0);
#11061=CARTESIAN_POINT('',(-12.313476936738,7.77650717458569E-17,-1.27));
#11062=CARTESIAN_POINT('',(-12.313476936738,7.77650717458569E-17,-1.27));
#11063=VECTOR('',#13523,1.0);
#11064=CARTESIAN_POINT('',(-12.313476936738,7.77650717458569E-17,-1.27));
#11065=VECTOR('',#13524,0.999999999999999);
#11066=CARTESIAN_POINT('',(-10.546523063262,7.77650717458569E-17,-1.27));
#11067=CARTESIAN_POINT('',(-10.546523063262,7.77650717458569E-17,-1.27));
#11068=VECTOR('',#13525,1.0);
#11069=CARTESIAN_POINT('',(-10.546523063262,7.77650717458569E-17,-1.27));
#11070=VECTOR('',#13526,1.0);
#11071=CARTESIAN_POINT('',(-10.36,5.32721357629099E-17,-0.87));
#11072=VECTOR('',#13527,0.999999999999999);
#11073=CARTESIAN_POINT('',(-10.546523063262,-7.77650717458569E-17,1.27));
#11074=CARTESIAN_POINT('',(-10.546523063262,-7.77650717458569E-17,1.27));
#11075=VECTOR('',#13528,1.0);
#11076=CARTESIAN_POINT('',(-10.546523063262,-7.77650717458569E-17,1.27));
#11077=VECTOR('',#13529,0.999999999999999);
#11078=CARTESIAN_POINT('',(-12.313476936738,-7.77650717458569E-17,1.27));
#11079=VECTOR('',#13530,1.0);
#11080=CARTESIAN_POINT('',(-15.44,5.32721357629099E-17,-0.87));
#11081=CARTESIAN_POINT('',(-15.44,5.32721357629099E-17,-0.87));
#11082=VECTOR('',#13531,1.0);
#11083=CARTESIAN_POINT('',(-15.04,5.32721357629099E-17,-0.87));
#11084=CARTESIAN_POINT('',(-15.04,5.32721357629099E-17,-0.87));
#11085=VECTOR('',#13532,1.0);
#11086=CARTESIAN_POINT('',(-15.04,5.32721357629099E-17,-0.87));
#11087=VECTOR('',#13533,1.0);
#11088=CARTESIAN_POINT('',(-15.04,-5.32721357629099E-17,0.87));
#11089=CARTESIAN_POINT('',(-15.04,-5.32721357629099E-17,0.87));
#11090=VECTOR('',#13534,1.0);
#11091=CARTESIAN_POINT('',(-14.853476936738,-7.77650717458569E-17,1.27));
#11092=CARTESIAN_POINT('',(-15.04,-5.32721357629099E-17,0.87));
#11093=VECTOR('',#13535,1.0);
#11094=CARTESIAN_POINT('',(-14.853476936738,-7.77650717458569E-17,1.27));
#11095=VECTOR('',#13536,1.0);
#11096=CARTESIAN_POINT('',(-15.44,-5.32721357629099E-17,0.87));
#11097=CARTESIAN_POINT('',(-15.44,-5.32721357629099E-17,0.87));
#11098=VECTOR('',#13537,1.0);
#11099=CARTESIAN_POINT('',(-15.04,-5.32721357629099E-17,0.87));
#11100=VECTOR('',#13538,1.0);
#11101=CARTESIAN_POINT('',(-14.853476936738,7.77650717458569E-17,-1.27));
#11102=CARTESIAN_POINT('',(-14.853476936738,7.77650717458569E-17,-1.27));
#11103=VECTOR('',#13539,1.0);
#11104=CARTESIAN_POINT('',(-14.853476936738,7.77650717458569E-17,-1.27));
#11105=VECTOR('',#13540,1.0);
#11106=CARTESIAN_POINT('',(-13.086523063262,7.77650717458569E-17,-1.27));
#11107=CARTESIAN_POINT('',(-13.086523063262,7.77650717458569E-17,-1.27));
#11108=VECTOR('',#13541,1.0);
#11109=CARTESIAN_POINT('',(-13.086523063262,7.77650717458569E-17,-1.27));
#11110=VECTOR('',#13542,1.0);
#11111=CARTESIAN_POINT('',(-12.9,5.32721357629099E-17,-0.87));
#11112=VECTOR('',#13543,1.0);
#11113=CARTESIAN_POINT('',(-13.086523063262,-7.77650717458569E-17,1.27));
#11114=CARTESIAN_POINT('',(-13.086523063262,-7.77650717458569E-17,1.27));
#11115=VECTOR('',#13544,1.0);
#11116=CARTESIAN_POINT('',(-13.086523063262,-7.77650717458569E-17,1.27));
#11117=VECTOR('',#13545,1.0);
#11118=CARTESIAN_POINT('',(-14.853476936738,-7.77650717458569E-17,1.27));
#11119=VECTOR('',#13546,1.0);
#11120=CARTESIAN_POINT('',(-17.78,-5.32721357629099E-17,0.87));
#11121=CARTESIAN_POINT('',(-17.78,-5.32721357629099E-17,0.87));
#11122=VECTOR('',#13547,1.0);
#11123=CARTESIAN_POINT('',(-17.593476936738,-7.77650717458569E-17,1.27));
#11124=CARTESIAN_POINT('',(-17.593476936738,-7.77650717458569E-17,1.27));
#11125=VECTOR('',#13548,1.0);
#11126=CARTESIAN_POINT('',(-17.593476936738,-7.77650717458569E-17,1.27));
#11127=VECTOR('',#13549,1.0);
#11128=CARTESIAN_POINT('',(-17.78,5.32721357629099E-17,-0.87));
#11129=CARTESIAN_POINT('',(-17.78,5.32721357629099E-17,-0.87));
#11130=VECTOR('',#13550,1.0);
#11131=CARTESIAN_POINT('',(-17.78,-5.32721357629099E-17,0.87));
#11132=VECTOR('',#13551,1.0);
#11133=CARTESIAN_POINT('',(-17.593476936738,7.77650717458569E-17,-1.27));
#11134=CARTESIAN_POINT('',(-17.593476936738,7.77650717458569E-17,-1.27));
#11135=VECTOR('',#13552,1.0);
#11136=CARTESIAN_POINT('',(-17.78,5.32721357629099E-17,-0.87));
#11137=VECTOR('',#13553,1.0);
#11138=CARTESIAN_POINT('',(-15.626523063262,7.77650717458569E-17,-1.27));
#11139=CARTESIAN_POINT('',(-15.626523063262,7.77650717458569E-17,-1.27));
#11140=VECTOR('',#13554,1.0);
#11141=CARTESIAN_POINT('',(-17.593476936738,7.77650717458569E-17,-1.27));
#11142=VECTOR('',#13555,1.0);
#11143=CARTESIAN_POINT('',(-15.626523063262,7.77650717458569E-17,-1.27));
#11144=VECTOR('',#13556,1.0);
#11145=CARTESIAN_POINT('',(-15.626523063262,-7.77650717458569E-17,1.27));
#11146=CARTESIAN_POINT('',(-15.626523063262,-7.77650717458569E-17,1.27));
#11147=VECTOR('',#13557,1.0);
#11148=CARTESIAN_POINT('',(-15.44,-5.32721357629099E-17,0.87));
#11149=VECTOR('',#13558,1.0);
#11150=CARTESIAN_POINT('',(-15.626523063262,-7.77650717458569E-17,1.27));
#11151=VECTOR('',#13559,1.0);
#11152=CARTESIAN_POINT('',(-16.51,-4.4,0.00499999999999456));
#11153=DIRECTION('',(-1.0,0.0,0.0));
#11154=DIRECTION('',(0.0,-0.0,1.0));
#11155=CARTESIAN_POINT('',(-16.51,-4.63,0.0));
#11156=DIRECTION('',(-0.0,1.0,0.0));
#11157=DIRECTION('',(1.0,0.0,0.0));
#11158=CARTESIAN_POINT('',(-16.51,-4.63,0.0));
#11159=DIRECTION('',(-0.0,1.0,0.0));
#11160=DIRECTION('',(1.0,0.0,0.0));
#11161=CARTESIAN_POINT('',(-16.51,-4.4,-0.00499999999999456));
#11162=DIRECTION('',(-1.0,0.0,-0.0));
#11163=DIRECTION('',(0.0,0.0,-1.0));
#11164=CARTESIAN_POINT('',(-16.51,-4.4,0.0));
#11165=DIRECTION('',(-0.0,1.0,0.0));
#11166=DIRECTION('',(1.0,0.0,0.0));
#11167=CARTESIAN_POINT('',(-16.51,-4.4,0.0));
#11168=DIRECTION('',(-0.0,1.0,0.0));
#11169=DIRECTION('',(1.0,0.0,0.0));
#11170=CARTESIAN_POINT('',(-16.51,7.175,0.00500000000000078));
#11171=DIRECTION('',(-1.0,0.0,0.0));
#11172=DIRECTION('',(0.0,-0.0,1.0));
#11173=CARTESIAN_POINT('',(-16.51,7.175,0.0));
#11174=DIRECTION('',(-0.0,1.0,0.0));
#11175=DIRECTION('',(1.0,0.0,0.0));
#11176=CARTESIAN_POINT('',(-16.51,7.175,0.0));
#11177=DIRECTION('',(-0.0,1.0,0.0));
#11178=DIRECTION('',(1.0,0.0,0.0));
#11179=CARTESIAN_POINT('',(-16.51,7.175,-0.00500000000000078));
#11180=DIRECTION('',(-1.0,0.0,-0.0));
#11181=DIRECTION('',(0.0,0.0,-1.0));
#11182=CARTESIAN_POINT('',(-16.51,7.49,0.0));
#11183=DIRECTION('',(-0.0,1.0,0.0));
#11184=DIRECTION('',(1.0,0.0,0.0));
#11185=CARTESIAN_POINT('',(-16.51,7.49,0.0));
#11186=DIRECTION('',(-0.0,1.0,0.0));
#11187=DIRECTION('',(1.0,0.0,0.0));
#11188=DIRECTION('',(0.0,1.0,0.0));
#11189=CARTESIAN_POINT('',(-16.51,3.48,0.0));
#11190=DIRECTION('',(-0.0,1.0,0.0));
#11191=DIRECTION('',(1.0,0.0,0.0));
#11192=CARTESIAN_POINT('',(-16.51,3.48,0.0));
#11193=DIRECTION('',(-0.0,1.0,0.0));
#11194=DIRECTION('',(1.0,0.0,0.0));
#11195=DIRECTION('',(-0.0,-1.0,-0.0));
#11196=CARTESIAN_POINT('',(-16.51,7.175,0.0));
#11197=DIRECTION('',(-0.0,1.0,0.0));
#11198=DIRECTION('',(1.0,0.0,0.0));
#11199=CARTESIAN_POINT('',(-16.51,3.48,-0.470000000000001));
#11200=DIRECTION('',(-1.0,0.0,-0.0));
#11201=DIRECTION('',(0.0,-0.0,-1.0));
#11202=CARTESIAN_POINT('',(-16.51,3.33,0.0));
#11203=DIRECTION('',(-0.0,1.0,0.0));
#11204=DIRECTION('',(1.0,0.0,0.0));
#11205=CARTESIAN_POINT('',(-16.51,3.48,0.470000000000001));
#11206=DIRECTION('',(-1.0,0.0,0.0));
#11207=DIRECTION('',(0.0,0.0,1.0));
#11208=CARTESIAN_POINT('',(-16.51,3.48,0.0));
#11209=DIRECTION('',(-0.0,1.0,0.0));
#11210=DIRECTION('',(1.0,0.0,0.0));
#11211=DIRECTION('',(0.0,1.0,0.0));
#11212=CARTESIAN_POINT('',(-16.51,-0.420000000000001,0.0));
#11213=DIRECTION('',(-0.0,1.0,0.0));
#11214=DIRECTION('',(1.0,0.0,0.0));
#11215=DIRECTION('',(-0.0,-1.0,-0.0));
#11216=CARTESIAN_POINT('',(-16.51,0.0,0.0));
#11217=DIRECTION('',(-0.0,1.0,6.12323399573676E-17));
#11218=DIRECTION('',(1.0,0.0,0.0));
#11219=DIRECTION('',(0.707106781186547,0.707106781186548,8.65956056235495E-17));
#11220=CARTESIAN_POINT('',(-16.51,-0.67,0.0));
#11221=DIRECTION('',(-0.0,1.0,0.0));
#11222=DIRECTION('',(1.0,0.0,0.0));
#11223=DIRECTION('',(0.707106781186547,-0.707106781186548,8.65956056235494E-17));
#11224=CARTESIAN_POINT('',(-16.51,-0.82,-0.385));
#11225=DIRECTION('',(-1.0,0.0,-0.0));
#11226=DIRECTION('',(0.0,-0.0,-1.0));
#11227=CARTESIAN_POINT('',(-16.51,-0.82,0.0));
#11228=DIRECTION('',(-0.0,1.0,0.0));
#11229=DIRECTION('',(1.0,0.0,0.0));
#11230=CARTESIAN_POINT('',(-16.51,-0.82,0.0));
#11231=DIRECTION('',(-0.0,1.0,0.0));
#11232=DIRECTION('',(1.0,0.0,0.0));
#11233=CARTESIAN_POINT('',(-16.51,-0.82,0.385));
#11234=DIRECTION('',(-1.0,0.0,0.0));
#11235=DIRECTION('',(0.0,0.0,1.0));
#11236=CARTESIAN_POINT('',(-16.51,-0.669999999999998,0.0));
#11237=DIRECTION('',(-0.0,1.0,0.0));
#11238=DIRECTION('',(1.0,0.0,0.0));
#11239=DIRECTION('',(0.0,1.0,0.0));
#11240=CARTESIAN_POINT('',(-16.51,-4.4,0.0));
#11241=DIRECTION('',(-0.0,1.0,0.0));
#11242=DIRECTION('',(1.0,0.0,0.0));
#11243=DIRECTION('',(-0.0,-1.0,-0.0));
#11244=CARTESIAN_POINT('',(-16.51,-0.82,0.0));
#11245=DIRECTION('',(-0.0,1.0,0.0));
#11246=DIRECTION('',(1.0,0.0,0.0));
#11247=DIRECTION('',(0.0,1.0,0.0));
#11248=CARTESIAN_POINT('',(-16.51,2.8,0.0));
#11249=DIRECTION('',(0.0,-1.0,-6.12323399573676E-17));
#11250=DIRECTION('',(1.0,0.0,0.0));
#11251=DIRECTION('',(-0.0,-1.0,-0.0));
#11252=CARTESIAN_POINT('',(-16.51,3.33,0.0));
#11253=DIRECTION('',(-0.0,1.0,0.0));
#11254=DIRECTION('',(1.0,0.0,0.0));
#11255=CARTESIAN_POINT('',(-13.97,-4.4,0.00499999999999456));
#11256=DIRECTION('',(-1.0,0.0,0.0));
#11257=DIRECTION('',(0.0,-0.0,1.0));
#11258=CARTESIAN_POINT('',(-13.97,-4.63,0.0));
#11259=DIRECTION('',(-0.0,1.0,0.0));
#11260=DIRECTION('',(1.0,0.0,0.0));
#11261=CARTESIAN_POINT('',(-13.97,-4.63,0.0));
#11262=DIRECTION('',(-0.0,1.0,0.0));
#11263=DIRECTION('',(1.0,0.0,0.0));
#11264=CARTESIAN_POINT('',(-13.97,-4.4,-0.00499999999999456));
#11265=DIRECTION('',(-1.0,0.0,-0.0));
#11266=DIRECTION('',(0.0,0.0,-1.0));
#11267=CARTESIAN_POINT('',(-13.97,-4.4,0.0));
#11268=DIRECTION('',(-0.0,1.0,0.0));
#11269=DIRECTION('',(1.0,0.0,0.0));
#11270=CARTESIAN_POINT('',(-13.97,-4.4,0.0));
#11271=DIRECTION('',(-0.0,1.0,0.0));
#11272=DIRECTION('',(1.0,0.0,0.0));
#11273=CARTESIAN_POINT('',(-13.97,7.175,0.00500000000000078));
#11274=DIRECTION('',(-1.0,0.0,0.0));
#11275=DIRECTION('',(0.0,-0.0,1.0));
#11276=CARTESIAN_POINT('',(-13.97,7.175,0.0));
#11277=DIRECTION('',(-0.0,1.0,0.0));
#11278=DIRECTION('',(1.0,0.0,0.0));
#11279=CARTESIAN_POINT('',(-13.97,7.175,0.0));
#11280=DIRECTION('',(-0.0,1.0,0.0));
#11281=DIRECTION('',(1.0,0.0,0.0));
#11282=CARTESIAN_POINT('',(-13.97,7.175,-0.00500000000000078));
#11283=DIRECTION('',(-1.0,0.0,-0.0));
#11284=DIRECTION('',(0.0,0.0,-1.0));
#11285=CARTESIAN_POINT('',(-13.97,7.49,0.0));
#11286=DIRECTION('',(-0.0,1.0,0.0));
#11287=DIRECTION('',(1.0,0.0,0.0));
#11288=CARTESIAN_POINT('',(-13.97,7.49,0.0));
#11289=DIRECTION('',(-0.0,1.0,0.0));
#11290=DIRECTION('',(1.0,0.0,0.0));
#11291=DIRECTION('',(0.0,1.0,0.0));
#11292=CARTESIAN_POINT('',(-13.97,3.48,0.0));
#11293=DIRECTION('',(-0.0,1.0,0.0));
#11294=DIRECTION('',(1.0,0.0,0.0));
#11295=CARTESIAN_POINT('',(-13.97,3.48,0.0));
#11296=DIRECTION('',(-0.0,1.0,0.0));
#11297=DIRECTION('',(1.0,0.0,0.0));
#11298=DIRECTION('',(-0.0,-1.0,-0.0));
#11299=CARTESIAN_POINT('',(-13.97,7.175,0.0));
#11300=DIRECTION('',(-0.0,1.0,0.0));
#11301=DIRECTION('',(1.0,0.0,0.0));
#11302=CARTESIAN_POINT('',(-13.97,3.48,-0.470000000000001));
#11303=DIRECTION('',(-1.0,0.0,-0.0));
#11304=DIRECTION('',(0.0,-0.0,-1.0));
#11305=CARTESIAN_POINT('',(-13.97,3.33,0.0));
#11306=DIRECTION('',(-0.0,1.0,0.0));
#11307=DIRECTION('',(1.0,0.0,0.0));
#11308=CARTESIAN_POINT('',(-13.97,3.48,0.470000000000001));
#11309=DIRECTION('',(-1.0,0.0,0.0));
#11310=DIRECTION('',(0.0,0.0,1.0));
#11311=CARTESIAN_POINT('',(-13.97,3.48,0.0));
#11312=DIRECTION('',(-0.0,1.0,0.0));
#11313=DIRECTION('',(1.0,0.0,0.0));
#11314=DIRECTION('',(0.0,1.0,0.0));
#11315=CARTESIAN_POINT('',(-13.97,-0.420000000000001,0.0));
#11316=DIRECTION('',(-0.0,1.0,0.0));
#11317=DIRECTION('',(1.0,0.0,0.0));
#11318=DIRECTION('',(-0.0,-1.0,-0.0));
#11319=CARTESIAN_POINT('',(-13.97,0.0,0.0));
#11320=DIRECTION('',(-0.0,1.0,6.12323399573676E-17));
#11321=DIRECTION('',(1.0,0.0,0.0));
#11322=DIRECTION('',(0.707106781186547,0.707106781186548,8.65956056235495E-17));
#11323=CARTESIAN_POINT('',(-13.97,-0.67,0.0));
#11324=DIRECTION('',(-0.0,1.0,0.0));
#11325=DIRECTION('',(1.0,0.0,0.0));
#11326=DIRECTION('',(0.707106781186547,-0.707106781186548,8.65956056235494E-17));
#11327=CARTESIAN_POINT('',(-13.97,-0.82,-0.385));
#11328=DIRECTION('',(-1.0,0.0,-0.0));
#11329=DIRECTION('',(0.0,-0.0,-1.0));
#11330=CARTESIAN_POINT('',(-13.97,-0.82,0.0));
#11331=DIRECTION('',(-0.0,1.0,0.0));
#11332=DIRECTION('',(1.0,0.0,0.0));
#11333=CARTESIAN_POINT('',(-13.97,-0.82,0.0));
#11334=DIRECTION('',(-0.0,1.0,0.0));
#11335=DIRECTION('',(1.0,0.0,0.0));
#11336=CARTESIAN_POINT('',(-13.97,-0.82,0.385));
#11337=DIRECTION('',(-1.0,0.0,0.0));
#11338=DIRECTION('',(0.0,0.0,1.0));
#11339=CARTESIAN_POINT('',(-13.97,-0.669999999999998,0.0));
#11340=DIRECTION('',(-0.0,1.0,0.0));
#11341=DIRECTION('',(1.0,0.0,0.0));
#11342=DIRECTION('',(0.0,1.0,0.0));
#11343=CARTESIAN_POINT('',(-13.97,-4.4,0.0));
#11344=DIRECTION('',(-0.0,1.0,0.0));
#11345=DIRECTION('',(1.0,0.0,0.0));
#11346=DIRECTION('',(-0.0,-1.0,-0.0));
#11347=CARTESIAN_POINT('',(-13.97,-0.82,0.0));
#11348=DIRECTION('',(-0.0,1.0,0.0));
#11349=DIRECTION('',(1.0,0.0,0.0));
#11350=DIRECTION('',(0.0,1.0,0.0));
#11351=CARTESIAN_POINT('',(-13.97,2.8,0.0));
#11352=DIRECTION('',(0.0,-1.0,-6.12323399573676E-17));
#11353=DIRECTION('',(1.0,0.0,0.0));
#11354=DIRECTION('',(-0.0,-1.0,-0.0));
#11355=CARTESIAN_POINT('',(-13.97,3.33,0.0));
#11356=DIRECTION('',(-0.0,1.0,0.0));
#11357=DIRECTION('',(1.0,0.0,0.0));
#11358=CARTESIAN_POINT('',(-11.43,-4.4,0.00499999999999456));
#11359=DIRECTION('',(-1.0,0.0,0.0));
#11360=DIRECTION('',(0.0,-0.0,1.0));
#11361=CARTESIAN_POINT('',(-11.43,-4.63,0.0));
#11362=DIRECTION('',(-0.0,1.0,0.0));
#11363=DIRECTION('',(1.0,0.0,0.0));
#11364=CARTESIAN_POINT('',(-11.43,-4.63,0.0));
#11365=DIRECTION('',(-0.0,1.0,0.0));
#11366=DIRECTION('',(1.0,0.0,0.0));
#11367=CARTESIAN_POINT('',(-11.43,-4.4,-0.00499999999999456));
#11368=DIRECTION('',(-1.0,0.0,-0.0));
#11369=DIRECTION('',(0.0,0.0,-1.0));
#11370=CARTESIAN_POINT('',(-11.43,-4.4,0.0));
#11371=DIRECTION('',(-0.0,1.0,0.0));
#11372=DIRECTION('',(1.0,0.0,0.0));
#11373=CARTESIAN_POINT('',(-11.43,-4.4,0.0));
#11374=DIRECTION('',(-0.0,1.0,0.0));
#11375=DIRECTION('',(1.0,0.0,0.0));
#11376=CARTESIAN_POINT('',(-11.43,7.175,0.00500000000000078));
#11377=DIRECTION('',(-1.0,0.0,0.0));
#11378=DIRECTION('',(0.0,-0.0,1.0));
#11379=CARTESIAN_POINT('',(-11.43,7.175,0.0));
#11380=DIRECTION('',(-0.0,1.0,0.0));
#11381=DIRECTION('',(1.0,0.0,0.0));
#11382=CARTESIAN_POINT('',(-11.43,7.175,0.0));
#11383=DIRECTION('',(-0.0,1.0,0.0));
#11384=DIRECTION('',(1.0,0.0,0.0));
#11385=CARTESIAN_POINT('',(-11.43,7.175,-0.00500000000000078));
#11386=DIRECTION('',(-1.0,0.0,-0.0));
#11387=DIRECTION('',(0.0,0.0,-1.0));
#11388=CARTESIAN_POINT('',(-11.43,7.49,0.0));
#11389=DIRECTION('',(-0.0,1.0,0.0));
#11390=DIRECTION('',(1.0,0.0,0.0));
#11391=CARTESIAN_POINT('',(-11.43,7.49,0.0));
#11392=DIRECTION('',(-0.0,1.0,0.0));
#11393=DIRECTION('',(1.0,0.0,0.0));
#11394=DIRECTION('',(0.0,1.0,0.0));
#11395=CARTESIAN_POINT('',(-11.43,3.48,0.0));
#11396=DIRECTION('',(-0.0,1.0,0.0));
#11397=DIRECTION('',(1.0,0.0,0.0));
#11398=CARTESIAN_POINT('',(-11.43,3.48,0.0));
#11399=DIRECTION('',(-0.0,1.0,0.0));
#11400=DIRECTION('',(1.0,0.0,0.0));
#11401=DIRECTION('',(-0.0,-1.0,-0.0));
#11402=CARTESIAN_POINT('',(-11.43,7.175,0.0));
#11403=DIRECTION('',(-0.0,1.0,0.0));
#11404=DIRECTION('',(1.0,0.0,0.0));
#11405=CARTESIAN_POINT('',(-11.43,3.48,-0.470000000000001));
#11406=DIRECTION('',(-1.0,0.0,-0.0));
#11407=DIRECTION('',(0.0,-0.0,-1.0));
#11408=CARTESIAN_POINT('',(-11.43,3.33,0.0));
#11409=DIRECTION('',(-0.0,1.0,0.0));
#11410=DIRECTION('',(1.0,0.0,0.0));
#11411=CARTESIAN_POINT('',(-11.43,3.48,0.470000000000001));
#11412=DIRECTION('',(-1.0,0.0,0.0));
#11413=DIRECTION('',(0.0,0.0,1.0));
#11414=CARTESIAN_POINT('',(-11.43,3.48,0.0));
#11415=DIRECTION('',(-0.0,1.0,0.0));
#11416=DIRECTION('',(1.0,0.0,0.0));
#11417=DIRECTION('',(0.0,1.0,0.0));
#11418=CARTESIAN_POINT('',(-11.43,-0.420000000000001,0.0));
#11419=DIRECTION('',(-0.0,1.0,0.0));
#11420=DIRECTION('',(1.0,0.0,0.0));
#11421=DIRECTION('',(-0.0,-1.0,-0.0));
#11422=CARTESIAN_POINT('',(-11.43,0.0,0.0));
#11423=DIRECTION('',(-0.0,1.0,6.12323399573676E-17));
#11424=DIRECTION('',(1.0,0.0,0.0));
#11425=DIRECTION('',(0.707106781186548,0.707106781186547,8.65956056235491E-17));
#11426=CARTESIAN_POINT('',(-11.43,-0.67,0.0));
#11427=DIRECTION('',(-0.0,1.0,0.0));
#11428=DIRECTION('',(1.0,0.0,0.0));
#11429=DIRECTION('',(0.707106781186548,-0.707106781186547,8.65956056235492E-17));
#11430=CARTESIAN_POINT('',(-11.43,-0.82,-0.385));
#11431=DIRECTION('',(-1.0,0.0,-0.0));
#11432=DIRECTION('',(0.0,-0.0,-1.0));
#11433=CARTESIAN_POINT('',(-11.43,-0.82,0.0));
#11434=DIRECTION('',(-0.0,1.0,0.0));
#11435=DIRECTION('',(1.0,0.0,0.0));
#11436=CARTESIAN_POINT('',(-11.43,-0.82,0.0));
#11437=DIRECTION('',(-0.0,1.0,0.0));
#11438=DIRECTION('',(1.0,0.0,0.0));
#11439=CARTESIAN_POINT('',(-11.43,-0.82,0.385));
#11440=DIRECTION('',(-1.0,0.0,0.0));
#11441=DIRECTION('',(0.0,0.0,1.0));
#11442=CARTESIAN_POINT('',(-11.43,-0.669999999999998,0.0));
#11443=DIRECTION('',(-0.0,1.0,0.0));
#11444=DIRECTION('',(1.0,0.0,0.0));
#11445=DIRECTION('',(0.0,1.0,0.0));
#11446=CARTESIAN_POINT('',(-11.43,-4.4,0.0));
#11447=DIRECTION('',(-0.0,1.0,0.0));
#11448=DIRECTION('',(1.0,0.0,0.0));
#11449=DIRECTION('',(-0.0,-1.0,-0.0));
#11450=CARTESIAN_POINT('',(-11.43,-0.82,0.0));
#11451=DIRECTION('',(-0.0,1.0,0.0));
#11452=DIRECTION('',(1.0,0.0,0.0));
#11453=DIRECTION('',(0.0,1.0,0.0));
#11454=CARTESIAN_POINT('',(-11.43,2.8,0.0));
#11455=DIRECTION('',(0.0,-1.0,-6.12323399573676E-17));
#11456=DIRECTION('',(1.0,0.0,0.0));
#11457=DIRECTION('',(-0.0,-1.0,-0.0));
#11458=CARTESIAN_POINT('',(-11.43,3.33,0.0));
#11459=DIRECTION('',(-0.0,1.0,0.0));
#11460=DIRECTION('',(1.0,0.0,0.0));
#11461=CARTESIAN_POINT('',(-8.89,-4.4,0.00499999999999456));
#11462=DIRECTION('',(-1.0,0.0,0.0));
#11463=DIRECTION('',(0.0,-0.0,1.0));
#11464=CARTESIAN_POINT('',(-8.89,-4.63,0.0));
#11465=DIRECTION('',(-0.0,1.0,0.0));
#11466=DIRECTION('',(1.0,0.0,0.0));
#11467=CARTESIAN_POINT('',(-8.89,-4.63,0.0));
#11468=DIRECTION('',(-0.0,1.0,0.0));
#11469=DIRECTION('',(1.0,0.0,0.0));
#11470=CARTESIAN_POINT('',(-8.89,-4.4,-0.00499999999999456));
#11471=DIRECTION('',(-1.0,0.0,-0.0));
#11472=DIRECTION('',(0.0,0.0,-1.0));
#11473=CARTESIAN_POINT('',(-8.89,-4.4,0.0));
#11474=DIRECTION('',(-0.0,1.0,0.0));
#11475=DIRECTION('',(1.0,0.0,0.0));
#11476=CARTESIAN_POINT('',(-8.89,-4.4,0.0));
#11477=DIRECTION('',(-0.0,1.0,0.0));
#11478=DIRECTION('',(1.0,0.0,0.0));
#11479=CARTESIAN_POINT('',(-8.89,7.175,0.00500000000000078));
#11480=DIRECTION('',(-1.0,0.0,0.0));
#11481=DIRECTION('',(0.0,-0.0,1.0));
#11482=CARTESIAN_POINT('',(-8.89,7.175,0.0));
#11483=DIRECTION('',(-0.0,1.0,0.0));
#11484=DIRECTION('',(1.0,0.0,0.0));
#11485=CARTESIAN_POINT('',(-8.89,7.175,0.0));
#11486=DIRECTION('',(-0.0,1.0,0.0));
#11487=DIRECTION('',(1.0,0.0,0.0));
#11488=CARTESIAN_POINT('',(-8.89,7.175,-0.00500000000000078));
#11489=DIRECTION('',(-1.0,0.0,-0.0));
#11490=DIRECTION('',(0.0,0.0,-1.0));
#11491=CARTESIAN_POINT('',(-8.89,7.49,0.0));
#11492=DIRECTION('',(-0.0,1.0,0.0));
#11493=DIRECTION('',(1.0,0.0,0.0));
#11494=CARTESIAN_POINT('',(-8.89,7.49,0.0));
#11495=DIRECTION('',(-0.0,1.0,0.0));
#11496=DIRECTION('',(1.0,0.0,0.0));
#11497=DIRECTION('',(0.0,1.0,0.0));
#11498=CARTESIAN_POINT('',(-8.89,3.48,0.0));
#11499=DIRECTION('',(-0.0,1.0,0.0));
#11500=DIRECTION('',(1.0,0.0,0.0));
#11501=CARTESIAN_POINT('',(-8.89,3.48,0.0));
#11502=DIRECTION('',(-0.0,1.0,0.0));
#11503=DIRECTION('',(1.0,0.0,0.0));
#11504=DIRECTION('',(-0.0,-1.0,-0.0));
#11505=CARTESIAN_POINT('',(-8.89,7.175,0.0));
#11506=DIRECTION('',(-0.0,1.0,0.0));
#11507=DIRECTION('',(1.0,0.0,0.0));
#11508=CARTESIAN_POINT('',(-8.89,3.48,-0.470000000000001));
#11509=DIRECTION('',(-1.0,0.0,-0.0));
#11510=DIRECTION('',(0.0,-0.0,-1.0));
#11511=CARTESIAN_POINT('',(-8.89,3.33,0.0));
#11512=DIRECTION('',(-0.0,1.0,0.0));
#11513=DIRECTION('',(1.0,0.0,0.0));
#11514=CARTESIAN_POINT('',(-8.89,3.48,0.470000000000001));
#11515=DIRECTION('',(-1.0,0.0,0.0));
#11516=DIRECTION('',(0.0,0.0,1.0));
#11517=CARTESIAN_POINT('',(-8.89,3.48,0.0));
#11518=DIRECTION('',(-0.0,1.0,0.0));
#11519=DIRECTION('',(1.0,0.0,0.0));
#11520=DIRECTION('',(0.0,1.0,0.0));
#11521=CARTESIAN_POINT('',(-8.89,-0.420000000000001,0.0));
#11522=DIRECTION('',(-0.0,1.0,0.0));
#11523=DIRECTION('',(1.0,0.0,0.0));
#11524=DIRECTION('',(-0.0,-1.0,-0.0));
#11525=CARTESIAN_POINT('',(-8.89,0.0,0.0));
#11526=DIRECTION('',(-0.0,1.0,6.12323399573676E-17));
#11527=DIRECTION('',(1.0,0.0,0.0));
#11528=DIRECTION('',(0.707106781186547,0.707106781186548,8.65956056235495E-17));
#11529=CARTESIAN_POINT('',(-8.89,-0.67,0.0));
#11530=DIRECTION('',(-0.0,1.0,0.0));
#11531=DIRECTION('',(1.0,0.0,0.0));
#11532=DIRECTION('',(0.707106781186547,-0.707106781186548,8.65956056235494E-17));
#11533=CARTESIAN_POINT('',(-8.89,-0.82,-0.385));
#11534=DIRECTION('',(-1.0,0.0,-0.0));
#11535=DIRECTION('',(0.0,-0.0,-1.0));
#11536=CARTESIAN_POINT('',(-8.89,-0.82,0.0));
#11537=DIRECTION('',(-0.0,1.0,0.0));
#11538=DIRECTION('',(1.0,0.0,0.0));
#11539=CARTESIAN_POINT('',(-8.89,-0.82,0.0));
#11540=DIRECTION('',(-0.0,1.0,0.0));
#11541=DIRECTION('',(1.0,0.0,0.0));
#11542=CARTESIAN_POINT('',(-8.89,-0.82,0.385));
#11543=DIRECTION('',(-1.0,0.0,0.0));
#11544=DIRECTION('',(0.0,0.0,1.0));
#11545=CARTESIAN_POINT('',(-8.89,-0.669999999999998,0.0));
#11546=DIRECTION('',(-0.0,1.0,0.0));
#11547=DIRECTION('',(1.0,0.0,0.0));
#11548=DIRECTION('',(0.0,1.0,0.0));
#11549=CARTESIAN_POINT('',(-8.89,-4.4,0.0));
#11550=DIRECTION('',(-0.0,1.0,0.0));
#11551=DIRECTION('',(1.0,0.0,0.0));
#11552=DIRECTION('',(-0.0,-1.0,-0.0));
#11553=CARTESIAN_POINT('',(-8.89,-0.82,0.0));
#11554=DIRECTION('',(-0.0,1.0,0.0));
#11555=DIRECTION('',(1.0,0.0,0.0));
#11556=DIRECTION('',(0.0,1.0,0.0));
#11557=CARTESIAN_POINT('',(-8.89,2.8,0.0));
#11558=DIRECTION('',(0.0,-1.0,-6.12323399573676E-17));
#11559=DIRECTION('',(1.0,0.0,0.0));
#11560=DIRECTION('',(-0.0,-1.0,-0.0));
#11561=CARTESIAN_POINT('',(-8.89,3.33,0.0));
#11562=DIRECTION('',(-0.0,1.0,0.0));
#11563=DIRECTION('',(1.0,0.0,0.0));
#11564=CARTESIAN_POINT('',(-6.35,-4.4,0.00499999999999456));
#11565=DIRECTION('',(-1.0,0.0,0.0));
#11566=DIRECTION('',(0.0,-0.0,1.0));
#11567=CARTESIAN_POINT('',(-6.35,-4.63,0.0));
#11568=DIRECTION('',(-0.0,1.0,0.0));
#11569=DIRECTION('',(1.0,0.0,0.0));
#11570=CARTESIAN_POINT('',(-6.35,-4.63,0.0));
#11571=DIRECTION('',(-0.0,1.0,0.0));
#11572=DIRECTION('',(1.0,0.0,0.0));
#11573=CARTESIAN_POINT('',(-6.35,-4.4,-0.00499999999999456));
#11574=DIRECTION('',(-1.0,0.0,-0.0));
#11575=DIRECTION('',(0.0,0.0,-1.0));
#11576=CARTESIAN_POINT('',(-6.35,-4.4,0.0));
#11577=DIRECTION('',(-0.0,1.0,0.0));
#11578=DIRECTION('',(1.0,0.0,0.0));
#11579=CARTESIAN_POINT('',(-6.35,-4.4,0.0));
#11580=DIRECTION('',(-0.0,1.0,0.0));
#11581=DIRECTION('',(1.0,0.0,0.0));
#11582=CARTESIAN_POINT('',(-6.35,7.175,0.00500000000000078));
#11583=DIRECTION('',(-1.0,0.0,0.0));
#11584=DIRECTION('',(0.0,-0.0,1.0));
#11585=CARTESIAN_POINT('',(-6.35,7.175,0.0));
#11586=DIRECTION('',(-0.0,1.0,0.0));
#11587=DIRECTION('',(1.0,0.0,0.0));
#11588=CARTESIAN_POINT('',(-6.35,7.175,0.0));
#11589=DIRECTION('',(-0.0,1.0,0.0));
#11590=DIRECTION('',(1.0,0.0,0.0));
#11591=CARTESIAN_POINT('',(-6.35,7.175,-0.00500000000000078));
#11592=DIRECTION('',(-1.0,0.0,-0.0));
#11593=DIRECTION('',(0.0,0.0,-1.0));
#11594=CARTESIAN_POINT('',(-6.35,7.49,0.0));
#11595=DIRECTION('',(-0.0,1.0,0.0));
#11596=DIRECTION('',(1.0,0.0,0.0));
#11597=CARTESIAN_POINT('',(-6.35,7.49,0.0));
#11598=DIRECTION('',(-0.0,1.0,0.0));
#11599=DIRECTION('',(1.0,0.0,0.0));
#11600=DIRECTION('',(0.0,1.0,0.0));
#11601=CARTESIAN_POINT('',(-6.35,3.48,0.0));
#11602=DIRECTION('',(-0.0,1.0,0.0));
#11603=DIRECTION('',(1.0,0.0,0.0));
#11604=CARTESIAN_POINT('',(-6.35,3.48,0.0));
#11605=DIRECTION('',(-0.0,1.0,0.0));
#11606=DIRECTION('',(1.0,0.0,0.0));
#11607=DIRECTION('',(-0.0,-1.0,-0.0));
#11608=CARTESIAN_POINT('',(-6.35,7.175,0.0));
#11609=DIRECTION('',(-0.0,1.0,0.0));
#11610=DIRECTION('',(1.0,0.0,0.0));
#11611=CARTESIAN_POINT('',(-6.35,3.48,-0.470000000000001));
#11612=DIRECTION('',(-1.0,0.0,-0.0));
#11613=DIRECTION('',(0.0,-0.0,-1.0));
#11614=CARTESIAN_POINT('',(-6.35,3.33,0.0));
#11615=DIRECTION('',(-0.0,1.0,0.0));
#11616=DIRECTION('',(1.0,0.0,0.0));
#11617=CARTESIAN_POINT('',(-6.35,3.48,0.470000000000001));
#11618=DIRECTION('',(-1.0,0.0,0.0));
#11619=DIRECTION('',(0.0,0.0,1.0));
#11620=CARTESIAN_POINT('',(-6.35,3.48,0.0));
#11621=DIRECTION('',(-0.0,1.0,0.0));
#11622=DIRECTION('',(1.0,0.0,0.0));
#11623=DIRECTION('',(0.0,1.0,0.0));
#11624=CARTESIAN_POINT('',(-6.35,-0.420000000000001,0.0));
#11625=DIRECTION('',(-0.0,1.0,0.0));
#11626=DIRECTION('',(1.0,0.0,0.0));
#11627=DIRECTION('',(-0.0,-1.0,-0.0));
#11628=CARTESIAN_POINT('',(-6.35,0.0,0.0));
#11629=DIRECTION('',(-0.0,1.0,6.12323399573676E-17));
#11630=DIRECTION('',(1.0,0.0,0.0));
#11631=DIRECTION('',(0.707106781186548,0.707106781186548,8.65956056235493E-17));
#11632=CARTESIAN_POINT('',(-6.35,-0.67,0.0));
#11633=DIRECTION('',(-0.0,1.0,0.0));
#11634=DIRECTION('',(1.0,0.0,0.0));
#11635=DIRECTION('',(0.707106781186548,-0.707106781186548,8.65956056235493E-17));
#11636=CARTESIAN_POINT('',(-6.35,-0.82,-0.385));
#11637=DIRECTION('',(-1.0,0.0,-0.0));
#11638=DIRECTION('',(0.0,-0.0,-1.0));
#11639=CARTESIAN_POINT('',(-6.35,-0.82,0.0));
#11640=DIRECTION('',(-0.0,1.0,0.0));
#11641=DIRECTION('',(1.0,0.0,0.0));
#11642=CARTESIAN_POINT('',(-6.35,-0.82,0.0));
#11643=DIRECTION('',(-0.0,1.0,0.0));
#11644=DIRECTION('',(1.0,0.0,0.0));
#11645=CARTESIAN_POINT('',(-6.35,-0.82,0.385));
#11646=DIRECTION('',(-1.0,0.0,0.0));
#11647=DIRECTION('',(0.0,0.0,1.0));
#11648=CARTESIAN_POINT('',(-6.35,-0.669999999999998,0.0));
#11649=DIRECTION('',(-0.0,1.0,0.0));
#11650=DIRECTION('',(1.0,0.0,0.0));
#11651=DIRECTION('',(0.0,1.0,0.0));
#11652=CARTESIAN_POINT('',(-6.35,-4.4,0.0));
#11653=DIRECTION('',(-0.0,1.0,0.0));
#11654=DIRECTION('',(1.0,0.0,0.0));
#11655=DIRECTION('',(-0.0,-1.0,-0.0));
#11656=CARTESIAN_POINT('',(-6.35,-0.82,0.0));
#11657=DIRECTION('',(-0.0,1.0,0.0));
#11658=DIRECTION('',(1.0,0.0,0.0));
#11659=DIRECTION('',(0.0,1.0,0.0));
#11660=CARTESIAN_POINT('',(-6.35,2.8,0.0));
#11661=DIRECTION('',(0.0,-1.0,-6.12323399573676E-17));
#11662=DIRECTION('',(1.0,0.0,0.0));
#11663=DIRECTION('',(-0.0,-1.0,-0.0));
#11664=CARTESIAN_POINT('',(-6.35,3.33,0.0));
#11665=DIRECTION('',(-0.0,1.0,0.0));
#11666=DIRECTION('',(1.0,0.0,0.0));
#11667=CARTESIAN_POINT('',(-3.81,-4.4,0.00499999999999456));
#11668=DIRECTION('',(-1.0,0.0,0.0));
#11669=DIRECTION('',(0.0,-0.0,1.0));
#11670=CARTESIAN_POINT('',(-3.81,-4.63,0.0));
#11671=DIRECTION('',(-0.0,1.0,0.0));
#11672=DIRECTION('',(1.0,0.0,0.0));
#11673=CARTESIAN_POINT('',(-3.81,-4.63,0.0));
#11674=DIRECTION('',(-0.0,1.0,0.0));
#11675=DIRECTION('',(1.0,0.0,0.0));
#11676=CARTESIAN_POINT('',(-3.81,-4.4,-0.00499999999999456));
#11677=DIRECTION('',(-1.0,0.0,-0.0));
#11678=DIRECTION('',(0.0,0.0,-1.0));
#11679=CARTESIAN_POINT('',(-3.81,-4.4,0.0));
#11680=DIRECTION('',(-0.0,1.0,0.0));
#11681=DIRECTION('',(1.0,0.0,0.0));
#11682=CARTESIAN_POINT('',(-3.81,-4.4,0.0));
#11683=DIRECTION('',(-0.0,1.0,0.0));
#11684=DIRECTION('',(1.0,0.0,0.0));
#11685=CARTESIAN_POINT('',(-3.81,7.175,0.00500000000000078));
#11686=DIRECTION('',(-1.0,0.0,0.0));
#11687=DIRECTION('',(0.0,-0.0,1.0));
#11688=CARTESIAN_POINT('',(-3.81,7.175,0.0));
#11689=DIRECTION('',(-0.0,1.0,0.0));
#11690=DIRECTION('',(1.0,0.0,0.0));
#11691=CARTESIAN_POINT('',(-3.81,7.175,0.0));
#11692=DIRECTION('',(-0.0,1.0,0.0));
#11693=DIRECTION('',(1.0,0.0,0.0));
#11694=CARTESIAN_POINT('',(-3.81,7.175,-0.00500000000000078));
#11695=DIRECTION('',(-1.0,0.0,-0.0));
#11696=DIRECTION('',(0.0,0.0,-1.0));
#11697=CARTESIAN_POINT('',(-3.81,7.49,0.0));
#11698=DIRECTION('',(-0.0,1.0,0.0));
#11699=DIRECTION('',(1.0,0.0,0.0));
#11700=CARTESIAN_POINT('',(-3.81,7.49,0.0));
#11701=DIRECTION('',(-0.0,1.0,0.0));
#11702=DIRECTION('',(1.0,0.0,0.0));
#11703=DIRECTION('',(0.0,1.0,0.0));
#11704=CARTESIAN_POINT('',(-3.81,3.48,0.0));
#11705=DIRECTION('',(-0.0,1.0,0.0));
#11706=DIRECTION('',(1.0,0.0,0.0));
#11707=CARTESIAN_POINT('',(-3.81,3.48,0.0));
#11708=DIRECTION('',(-0.0,1.0,0.0));
#11709=DIRECTION('',(1.0,0.0,0.0));
#11710=DIRECTION('',(-0.0,-1.0,-0.0));
#11711=CARTESIAN_POINT('',(-3.81,7.175,0.0));
#11712=DIRECTION('',(-0.0,1.0,0.0));
#11713=DIRECTION('',(1.0,0.0,0.0));
#11714=CARTESIAN_POINT('',(-3.81,3.48,-0.470000000000001));
#11715=DIRECTION('',(-1.0,0.0,-0.0));
#11716=DIRECTION('',(0.0,-0.0,-1.0));
#11717=CARTESIAN_POINT('',(-3.81,3.33,0.0));
#11718=DIRECTION('',(-0.0,1.0,0.0));
#11719=DIRECTION('',(1.0,0.0,0.0));
#11720=CARTESIAN_POINT('',(-3.81,3.48,0.470000000000001));
#11721=DIRECTION('',(-1.0,0.0,0.0));
#11722=DIRECTION('',(0.0,0.0,1.0));
#11723=CARTESIAN_POINT('',(-3.81,3.48,0.0));
#11724=DIRECTION('',(-0.0,1.0,0.0));
#11725=DIRECTION('',(1.0,0.0,0.0));
#11726=DIRECTION('',(0.0,1.0,0.0));
#11727=CARTESIAN_POINT('',(-3.81,-0.420000000000001,0.0));
#11728=DIRECTION('',(-0.0,1.0,0.0));
#11729=DIRECTION('',(1.0,0.0,0.0));
#11730=DIRECTION('',(-0.0,-1.0,-0.0));
#11731=CARTESIAN_POINT('',(-3.81,0.0,0.0));
#11732=DIRECTION('',(-0.0,1.0,6.12323399573676E-17));
#11733=DIRECTION('',(1.0,0.0,0.0));
#11734=DIRECTION('',(0.707106781186548,0.707106781186548,8.65956056235493E-17));
#11735=CARTESIAN_POINT('',(-3.81,-0.67,0.0));
#11736=DIRECTION('',(-0.0,1.0,0.0));
#11737=DIRECTION('',(1.0,0.0,0.0));
#11738=DIRECTION('',(0.707106781186548,-0.707106781186548,8.65956056235493E-17));
#11739=CARTESIAN_POINT('',(-3.81,-0.82,-0.385));
#11740=DIRECTION('',(-1.0,0.0,-0.0));
#11741=DIRECTION('',(0.0,-0.0,-1.0));
#11742=CARTESIAN_POINT('',(-3.81,-0.82,0.0));
#11743=DIRECTION('',(-0.0,1.0,0.0));
#11744=DIRECTION('',(1.0,0.0,0.0));
#11745=CARTESIAN_POINT('',(-3.81,-0.82,0.0));
#11746=DIRECTION('',(-0.0,1.0,0.0));
#11747=DIRECTION('',(1.0,0.0,0.0));
#11748=CARTESIAN_POINT('',(-3.81,-0.82,0.385));
#11749=DIRECTION('',(-1.0,0.0,0.0));
#11750=DIRECTION('',(0.0,0.0,1.0));
#11751=CARTESIAN_POINT('',(-3.81,-0.669999999999998,0.0));
#11752=DIRECTION('',(-0.0,1.0,0.0));
#11753=DIRECTION('',(1.0,0.0,0.0));
#11754=DIRECTION('',(0.0,1.0,0.0));
#11755=CARTESIAN_POINT('',(-3.81,-4.4,0.0));
#11756=DIRECTION('',(-0.0,1.0,0.0));
#11757=DIRECTION('',(1.0,0.0,0.0));
#11758=DIRECTION('',(-0.0,-1.0,-0.0));
#11759=CARTESIAN_POINT('',(-3.81,-0.82,0.0));
#11760=DIRECTION('',(-0.0,1.0,0.0));
#11761=DIRECTION('',(1.0,0.0,0.0));
#11762=DIRECTION('',(0.0,1.0,0.0));
#11763=CARTESIAN_POINT('',(-3.81,2.8,0.0));
#11764=DIRECTION('',(0.0,-1.0,-6.12323399573676E-17));
#11765=DIRECTION('',(1.0,0.0,0.0));
#11766=DIRECTION('',(-0.0,-1.0,-0.0));
#11767=CARTESIAN_POINT('',(-3.81,3.33,0.0));
#11768=DIRECTION('',(-0.0,1.0,0.0));
#11769=DIRECTION('',(1.0,0.0,0.0));
#11770=CARTESIAN_POINT('',(-1.27,-4.4,0.00499999999999456));
#11771=DIRECTION('',(-1.0,0.0,0.0));
#11772=DIRECTION('',(0.0,-0.0,1.0));
#11773=CARTESIAN_POINT('',(-1.27,-4.63,0.0));
#11774=DIRECTION('',(-0.0,1.0,0.0));
#11775=DIRECTION('',(1.0,0.0,0.0));
#11776=CARTESIAN_POINT('',(-1.27,-4.63,0.0));
#11777=DIRECTION('',(-0.0,1.0,0.0));
#11778=DIRECTION('',(1.0,0.0,0.0));
#11779=CARTESIAN_POINT('',(-1.27,-4.4,-0.00499999999999456));
#11780=DIRECTION('',(-1.0,0.0,-0.0));
#11781=DIRECTION('',(0.0,0.0,-1.0));
#11782=CARTESIAN_POINT('',(-1.27,-4.4,0.0));
#11783=DIRECTION('',(-0.0,1.0,0.0));
#11784=DIRECTION('',(1.0,0.0,0.0));
#11785=CARTESIAN_POINT('',(-1.27,-4.4,0.0));
#11786=DIRECTION('',(-0.0,1.0,0.0));
#11787=DIRECTION('',(1.0,0.0,0.0));
#11788=CARTESIAN_POINT('',(-1.27,7.175,0.00500000000000078));
#11789=DIRECTION('',(-1.0,0.0,0.0));
#11790=DIRECTION('',(0.0,-0.0,1.0));
#11791=CARTESIAN_POINT('',(-1.27,7.175,0.0));
#11792=DIRECTION('',(-0.0,1.0,0.0));
#11793=DIRECTION('',(1.0,0.0,0.0));
#11794=CARTESIAN_POINT('',(-1.27,7.175,0.0));
#11795=DIRECTION('',(-0.0,1.0,0.0));
#11796=DIRECTION('',(1.0,0.0,0.0));
#11797=CARTESIAN_POINT('',(-1.27,7.175,-0.00500000000000078));
#11798=DIRECTION('',(-1.0,0.0,-0.0));
#11799=DIRECTION('',(0.0,0.0,-1.0));
#11800=CARTESIAN_POINT('',(-1.27,7.49,0.0));
#11801=DIRECTION('',(-0.0,1.0,0.0));
#11802=DIRECTION('',(1.0,0.0,0.0));
#11803=CARTESIAN_POINT('',(-1.27,7.49,0.0));
#11804=DIRECTION('',(-0.0,1.0,0.0));
#11805=DIRECTION('',(1.0,0.0,0.0));
#11806=DIRECTION('',(0.0,1.0,0.0));
#11807=CARTESIAN_POINT('',(-1.27,3.48,0.0));
#11808=DIRECTION('',(-0.0,1.0,0.0));
#11809=DIRECTION('',(1.0,0.0,0.0));
#11810=CARTESIAN_POINT('',(-1.27,3.48,0.0));
#11811=DIRECTION('',(-0.0,1.0,0.0));
#11812=DIRECTION('',(1.0,0.0,0.0));
#11813=DIRECTION('',(-0.0,-1.0,-0.0));
#11814=CARTESIAN_POINT('',(-1.27,7.175,0.0));
#11815=DIRECTION('',(-0.0,1.0,0.0));
#11816=DIRECTION('',(1.0,0.0,0.0));
#11817=CARTESIAN_POINT('',(-1.27,3.48,-0.470000000000001));
#11818=DIRECTION('',(-1.0,0.0,-0.0));
#11819=DIRECTION('',(0.0,-0.0,-1.0));
#11820=CARTESIAN_POINT('',(-1.27,3.33,0.0));
#11821=DIRECTION('',(-0.0,1.0,0.0));
#11822=DIRECTION('',(1.0,0.0,0.0));
#11823=CARTESIAN_POINT('',(-1.27,3.48,0.470000000000001));
#11824=DIRECTION('',(-1.0,0.0,0.0));
#11825=DIRECTION('',(0.0,0.0,1.0));
#11826=CARTESIAN_POINT('',(-1.27,3.48,0.0));
#11827=DIRECTION('',(-0.0,1.0,0.0));
#11828=DIRECTION('',(1.0,0.0,0.0));
#11829=DIRECTION('',(0.0,1.0,0.0));
#11830=CARTESIAN_POINT('',(-1.27,-0.420000000000001,0.0));
#11831=DIRECTION('',(-0.0,1.0,0.0));
#11832=DIRECTION('',(1.0,0.0,0.0));
#11833=DIRECTION('',(-0.0,-1.0,-0.0));
#11834=CARTESIAN_POINT('',(-1.27,0.0,0.0));
#11835=DIRECTION('',(-0.0,1.0,6.12323399573676E-17));
#11836=DIRECTION('',(1.0,0.0,0.0));
#11837=DIRECTION('',(0.707106781186548,0.707106781186548,8.65956056235493E-17));
#11838=CARTESIAN_POINT('',(-1.27,-0.67,0.0));
#11839=DIRECTION('',(-0.0,1.0,0.0));
#11840=DIRECTION('',(1.0,0.0,0.0));
#11841=DIRECTION('',(0.707106781186548,-0.707106781186548,8.65956056235493E-17));
#11842=CARTESIAN_POINT('',(-1.27,-0.82,-0.385));
#11843=DIRECTION('',(-1.0,0.0,-0.0));
#11844=DIRECTION('',(0.0,-0.0,-1.0));
#11845=CARTESIAN_POINT('',(-1.27,-0.82,0.0));
#11846=DIRECTION('',(-0.0,1.0,0.0));
#11847=DIRECTION('',(1.0,0.0,0.0));
#11848=CARTESIAN_POINT('',(-1.27,-0.82,0.0));
#11849=DIRECTION('',(-0.0,1.0,0.0));
#11850=DIRECTION('',(1.0,0.0,0.0));
#11851=CARTESIAN_POINT('',(-1.27,-0.82,0.385));
#11852=DIRECTION('',(-1.0,0.0,0.0));
#11853=DIRECTION('',(0.0,0.0,1.0));
#11854=CARTESIAN_POINT('',(-1.27,-0.669999999999998,0.0));
#11855=DIRECTION('',(-0.0,1.0,0.0));
#11856=DIRECTION('',(1.0,0.0,0.0));
#11857=DIRECTION('',(0.0,1.0,0.0));
#11858=CARTESIAN_POINT('',(-1.27,-4.4,0.0));
#11859=DIRECTION('',(-0.0,1.0,0.0));
#11860=DIRECTION('',(1.0,0.0,0.0));
#11861=DIRECTION('',(-0.0,-1.0,-0.0));
#11862=CARTESIAN_POINT('',(-1.27,-0.82,0.0));
#11863=DIRECTION('',(-0.0,1.0,0.0));
#11864=DIRECTION('',(1.0,0.0,0.0));
#11865=DIRECTION('',(0.0,1.0,0.0));
#11866=CARTESIAN_POINT('',(-1.27,2.8,0.0));
#11867=DIRECTION('',(0.0,-1.0,-6.12323399573676E-17));
#11868=DIRECTION('',(1.0,0.0,0.0));
#11869=DIRECTION('',(-0.0,-1.0,-0.0));
#11870=CARTESIAN_POINT('',(-1.27,3.33,0.0));
#11871=DIRECTION('',(-0.0,1.0,0.0));
#11872=DIRECTION('',(1.0,0.0,0.0));
#11873=CARTESIAN_POINT('',(1.27,-4.4,0.00499999999999456));
#11874=DIRECTION('',(-1.0,0.0,0.0));
#11875=DIRECTION('',(0.0,-0.0,1.0));
#11876=CARTESIAN_POINT('',(1.27,-4.63,0.0));
#11877=DIRECTION('',(-0.0,1.0,0.0));
#11878=DIRECTION('',(1.0,0.0,0.0));
#11879=CARTESIAN_POINT('',(1.27,-4.63,0.0));
#11880=DIRECTION('',(-0.0,1.0,0.0));
#11881=DIRECTION('',(1.0,0.0,0.0));
#11882=CARTESIAN_POINT('',(1.27,-4.4,-0.00499999999999456));
#11883=DIRECTION('',(-1.0,0.0,-0.0));
#11884=DIRECTION('',(0.0,0.0,-1.0));
#11885=CARTESIAN_POINT('',(1.27,-4.4,0.0));
#11886=DIRECTION('',(-0.0,1.0,0.0));
#11887=DIRECTION('',(1.0,0.0,0.0));
#11888=CARTESIAN_POINT('',(1.27,-4.4,0.0));
#11889=DIRECTION('',(-0.0,1.0,0.0));
#11890=DIRECTION('',(1.0,0.0,0.0));
#11891=CARTESIAN_POINT('',(1.27,7.175,0.00500000000000078));
#11892=DIRECTION('',(-1.0,0.0,0.0));
#11893=DIRECTION('',(0.0,-0.0,1.0));
#11894=CARTESIAN_POINT('',(1.27,7.175,0.0));
#11895=DIRECTION('',(-0.0,1.0,0.0));
#11896=DIRECTION('',(1.0,0.0,0.0));
#11897=CARTESIAN_POINT('',(1.27,7.175,0.0));
#11898=DIRECTION('',(-0.0,1.0,0.0));
#11899=DIRECTION('',(1.0,0.0,0.0));
#11900=CARTESIAN_POINT('',(1.27,7.175,-0.00500000000000078));
#11901=DIRECTION('',(-1.0,0.0,-0.0));
#11902=DIRECTION('',(0.0,0.0,-1.0));
#11903=CARTESIAN_POINT('',(1.27,7.49,0.0));
#11904=DIRECTION('',(-0.0,1.0,0.0));
#11905=DIRECTION('',(1.0,0.0,0.0));
#11906=CARTESIAN_POINT('',(1.27,7.49,0.0));
#11907=DIRECTION('',(-0.0,1.0,0.0));
#11908=DIRECTION('',(1.0,0.0,0.0));
#11909=DIRECTION('',(0.0,1.0,0.0));
#11910=CARTESIAN_POINT('',(1.27,3.48,0.0));
#11911=DIRECTION('',(-0.0,1.0,0.0));
#11912=DIRECTION('',(1.0,0.0,0.0));
#11913=CARTESIAN_POINT('',(1.27,3.48,0.0));
#11914=DIRECTION('',(-0.0,1.0,0.0));
#11915=DIRECTION('',(1.0,0.0,0.0));
#11916=DIRECTION('',(-0.0,-1.0,-0.0));
#11917=CARTESIAN_POINT('',(1.27,7.175,0.0));
#11918=DIRECTION('',(-0.0,1.0,0.0));
#11919=DIRECTION('',(1.0,0.0,0.0));
#11920=CARTESIAN_POINT('',(1.27,3.48,-0.470000000000001));
#11921=DIRECTION('',(-1.0,0.0,-0.0));
#11922=DIRECTION('',(0.0,-0.0,-1.0));
#11923=CARTESIAN_POINT('',(1.27,3.33,0.0));
#11924=DIRECTION('',(-0.0,1.0,0.0));
#11925=DIRECTION('',(1.0,0.0,0.0));
#11926=CARTESIAN_POINT('',(1.27,3.48,0.470000000000001));
#11927=DIRECTION('',(-1.0,0.0,0.0));
#11928=DIRECTION('',(0.0,0.0,1.0));
#11929=CARTESIAN_POINT('',(1.27,3.48,0.0));
#11930=DIRECTION('',(-0.0,1.0,0.0));
#11931=DIRECTION('',(1.0,0.0,0.0));
#11932=DIRECTION('',(0.0,1.0,0.0));
#11933=CARTESIAN_POINT('',(1.27,-0.420000000000001,0.0));
#11934=DIRECTION('',(-0.0,1.0,0.0));
#11935=DIRECTION('',(1.0,0.0,0.0));
#11936=DIRECTION('',(-0.0,-1.0,-0.0));
#11937=CARTESIAN_POINT('',(1.27,0.0,0.0));
#11938=DIRECTION('',(-0.0,1.0,6.12323399573676E-17));
#11939=DIRECTION('',(1.0,0.0,0.0));
#11940=DIRECTION('',(0.707106781186548,0.707106781186548,8.65956056235493E-17));
#11941=CARTESIAN_POINT('',(1.27,-0.67,0.0));
#11942=DIRECTION('',(-0.0,1.0,0.0));
#11943=DIRECTION('',(1.0,0.0,0.0));
#11944=DIRECTION('',(0.707106781186548,-0.707106781186548,8.65956056235493E-17));
#11945=CARTESIAN_POINT('',(1.27,-0.82,-0.385));
#11946=DIRECTION('',(-1.0,0.0,-0.0));
#11947=DIRECTION('',(0.0,-0.0,-1.0));
#11948=CARTESIAN_POINT('',(1.27,-0.82,0.0));
#11949=DIRECTION('',(-0.0,1.0,0.0));
#11950=DIRECTION('',(1.0,0.0,0.0));
#11951=CARTESIAN_POINT('',(1.27,-0.82,0.0));
#11952=DIRECTION('',(-0.0,1.0,0.0));
#11953=DIRECTION('',(1.0,0.0,0.0));
#11954=CARTESIAN_POINT('',(1.27,-0.82,0.385));
#11955=DIRECTION('',(-1.0,0.0,0.0));
#11956=DIRECTION('',(0.0,0.0,1.0));
#11957=CARTESIAN_POINT('',(1.27,-0.669999999999998,0.0));
#11958=DIRECTION('',(-0.0,1.0,0.0));
#11959=DIRECTION('',(1.0,0.0,0.0));
#11960=DIRECTION('',(0.0,1.0,0.0));
#11961=CARTESIAN_POINT('',(1.27,-4.4,0.0));
#11962=DIRECTION('',(-0.0,1.0,0.0));
#11963=DIRECTION('',(1.0,0.0,0.0));
#11964=DIRECTION('',(-0.0,-1.0,-0.0));
#11965=CARTESIAN_POINT('',(1.27,-0.82,0.0));
#11966=DIRECTION('',(-0.0,1.0,0.0));
#11967=DIRECTION('',(1.0,0.0,0.0));
#11968=DIRECTION('',(0.0,1.0,0.0));
#11969=CARTESIAN_POINT('',(1.27,2.8,0.0));
#11970=DIRECTION('',(0.0,-1.0,-6.12323399573676E-17));
#11971=DIRECTION('',(1.0,0.0,0.0));
#11972=DIRECTION('',(-0.0,-1.0,-0.0));
#11973=CARTESIAN_POINT('',(1.27,3.33,0.0));
#11974=DIRECTION('',(-0.0,1.0,0.0));
#11975=DIRECTION('',(1.0,0.0,0.0));
#11976=CARTESIAN_POINT('',(3.81,-4.4,0.00499999999999456));
#11977=DIRECTION('',(-1.0,0.0,0.0));
#11978=DIRECTION('',(0.0,-0.0,1.0));
#11979=CARTESIAN_POINT('',(3.81,-4.63,0.0));
#11980=DIRECTION('',(-0.0,1.0,0.0));
#11981=DIRECTION('',(1.0,0.0,0.0));
#11982=CARTESIAN_POINT('',(3.81,-4.63,0.0));
#11983=DIRECTION('',(-0.0,1.0,0.0));
#11984=DIRECTION('',(1.0,0.0,0.0));
#11985=CARTESIAN_POINT('',(3.81,-4.4,-0.00499999999999456));
#11986=DIRECTION('',(-1.0,0.0,-0.0));
#11987=DIRECTION('',(0.0,0.0,-1.0));
#11988=CARTESIAN_POINT('',(3.81,-4.4,0.0));
#11989=DIRECTION('',(-0.0,1.0,0.0));
#11990=DIRECTION('',(1.0,0.0,0.0));
#11991=CARTESIAN_POINT('',(3.81,-4.4,0.0));
#11992=DIRECTION('',(-0.0,1.0,0.0));
#11993=DIRECTION('',(1.0,0.0,0.0));
#11994=CARTESIAN_POINT('',(3.81,7.175,0.00500000000000078));
#11995=DIRECTION('',(-1.0,0.0,0.0));
#11996=DIRECTION('',(0.0,-0.0,1.0));
#11997=CARTESIAN_POINT('',(3.81,7.175,0.0));
#11998=DIRECTION('',(-0.0,1.0,0.0));
#11999=DIRECTION('',(1.0,0.0,0.0));
#12000=CARTESIAN_POINT('',(3.81,7.175,0.0));
#12001=DIRECTION('',(-0.0,1.0,0.0));
#12002=DIRECTION('',(1.0,0.0,0.0));
#12003=CARTESIAN_POINT('',(3.81,7.175,-0.00500000000000078));
#12004=DIRECTION('',(-1.0,0.0,-0.0));
#12005=DIRECTION('',(0.0,0.0,-1.0));
#12006=CARTESIAN_POINT('',(3.81,7.49,0.0));
#12007=DIRECTION('',(-0.0,1.0,0.0));
#12008=DIRECTION('',(1.0,0.0,0.0));
#12009=CARTESIAN_POINT('',(3.81,7.49,0.0));
#12010=DIRECTION('',(-0.0,1.0,0.0));
#12011=DIRECTION('',(1.0,0.0,0.0));
#12012=DIRECTION('',(0.0,1.0,0.0));
#12013=CARTESIAN_POINT('',(3.81,3.48,0.0));
#12014=DIRECTION('',(-0.0,1.0,0.0));
#12015=DIRECTION('',(1.0,0.0,0.0));
#12016=CARTESIAN_POINT('',(3.81,3.48,0.0));
#12017=DIRECTION('',(-0.0,1.0,0.0));
#12018=DIRECTION('',(1.0,0.0,0.0));
#12019=DIRECTION('',(-0.0,-1.0,-0.0));
#12020=CARTESIAN_POINT('',(3.81,7.175,0.0));
#12021=DIRECTION('',(-0.0,1.0,0.0));
#12022=DIRECTION('',(1.0,0.0,0.0));
#12023=CARTESIAN_POINT('',(3.81,3.48,-0.470000000000001));
#12024=DIRECTION('',(-1.0,0.0,-0.0));
#12025=DIRECTION('',(0.0,-0.0,-1.0));
#12026=CARTESIAN_POINT('',(3.81,3.33,0.0));
#12027=DIRECTION('',(-0.0,1.0,0.0));
#12028=DIRECTION('',(1.0,0.0,0.0));
#12029=CARTESIAN_POINT('',(3.81,3.48,0.470000000000001));
#12030=DIRECTION('',(-1.0,0.0,0.0));
#12031=DIRECTION('',(0.0,0.0,1.0));
#12032=CARTESIAN_POINT('',(3.81,3.48,0.0));
#12033=DIRECTION('',(-0.0,1.0,0.0));
#12034=DIRECTION('',(1.0,0.0,0.0));
#12035=DIRECTION('',(0.0,1.0,0.0));
#12036=CARTESIAN_POINT('',(3.81,-0.420000000000001,0.0));
#12037=DIRECTION('',(-0.0,1.0,0.0));
#12038=DIRECTION('',(1.0,0.0,0.0));
#12039=DIRECTION('',(-0.0,-1.0,-0.0));
#12040=CARTESIAN_POINT('',(3.81,0.0,0.0));
#12041=DIRECTION('',(-0.0,1.0,6.12323399573676E-17));
#12042=DIRECTION('',(1.0,0.0,0.0));
#12043=DIRECTION('',(0.707106781186548,0.707106781186548,8.65956056235493E-17));
#12044=CARTESIAN_POINT('',(3.81,-0.67,0.0));
#12045=DIRECTION('',(-0.0,1.0,0.0));
#12046=DIRECTION('',(1.0,0.0,0.0));
#12047=DIRECTION('',(0.707106781186548,-0.707106781186548,8.65956056235493E-17));
#12048=CARTESIAN_POINT('',(3.81,-0.82,-0.385));
#12049=DIRECTION('',(-1.0,0.0,-0.0));
#12050=DIRECTION('',(0.0,-0.0,-1.0));
#12051=CARTESIAN_POINT('',(3.81,-0.82,0.0));
#12052=DIRECTION('',(-0.0,1.0,0.0));
#12053=DIRECTION('',(1.0,0.0,0.0));
#12054=CARTESIAN_POINT('',(3.81,-0.82,0.0));
#12055=DIRECTION('',(-0.0,1.0,0.0));
#12056=DIRECTION('',(1.0,0.0,0.0));
#12057=CARTESIAN_POINT('',(3.81,-0.82,0.385));
#12058=DIRECTION('',(-1.0,0.0,0.0));
#12059=DIRECTION('',(0.0,0.0,1.0));
#12060=CARTESIAN_POINT('',(3.81,-0.669999999999998,0.0));
#12061=DIRECTION('',(-0.0,1.0,0.0));
#12062=DIRECTION('',(1.0,0.0,0.0));
#12063=DIRECTION('',(0.0,1.0,0.0));
#12064=CARTESIAN_POINT('',(3.81,-4.4,0.0));
#12065=DIRECTION('',(-0.0,1.0,0.0));
#12066=DIRECTION('',(1.0,0.0,0.0));
#12067=DIRECTION('',(-0.0,-1.0,-0.0));
#12068=CARTESIAN_POINT('',(3.81,-0.82,0.0));
#12069=DIRECTION('',(-0.0,1.0,0.0));
#12070=DIRECTION('',(1.0,0.0,0.0));
#12071=DIRECTION('',(0.0,1.0,0.0));
#12072=CARTESIAN_POINT('',(3.81,2.8,0.0));
#12073=DIRECTION('',(0.0,-1.0,-6.12323399573676E-17));
#12074=DIRECTION('',(1.0,0.0,0.0));
#12075=DIRECTION('',(-0.0,-1.0,-0.0));
#12076=CARTESIAN_POINT('',(3.81,3.33,0.0));
#12077=DIRECTION('',(-0.0,1.0,0.0));
#12078=DIRECTION('',(1.0,0.0,0.0));
#12079=CARTESIAN_POINT('',(6.35,-4.4,0.00499999999999456));
#12080=DIRECTION('',(-1.0,0.0,0.0));
#12081=DIRECTION('',(0.0,-0.0,1.0));
#12082=CARTESIAN_POINT('',(6.35,-4.63,0.0));
#12083=DIRECTION('',(-0.0,1.0,0.0));
#12084=DIRECTION('',(1.0,0.0,0.0));
#12085=CARTESIAN_POINT('',(6.35,-4.63,0.0));
#12086=DIRECTION('',(-0.0,1.0,0.0));
#12087=DIRECTION('',(1.0,0.0,0.0));
#12088=CARTESIAN_POINT('',(6.35,-4.4,-0.00499999999999456));
#12089=DIRECTION('',(-1.0,0.0,-0.0));
#12090=DIRECTION('',(0.0,0.0,-1.0));
#12091=CARTESIAN_POINT('',(6.35,-4.4,0.0));
#12092=DIRECTION('',(-0.0,1.0,0.0));
#12093=DIRECTION('',(1.0,0.0,0.0));
#12094=CARTESIAN_POINT('',(6.35,-4.4,0.0));
#12095=DIRECTION('',(-0.0,1.0,0.0));
#12096=DIRECTION('',(1.0,0.0,0.0));
#12097=CARTESIAN_POINT('',(6.35,7.175,0.00500000000000078));
#12098=DIRECTION('',(-1.0,0.0,0.0));
#12099=DIRECTION('',(0.0,-0.0,1.0));
#12100=CARTESIAN_POINT('',(6.35,7.175,0.0));
#12101=DIRECTION('',(-0.0,1.0,0.0));
#12102=DIRECTION('',(1.0,0.0,0.0));
#12103=CARTESIAN_POINT('',(6.35,7.175,0.0));
#12104=DIRECTION('',(-0.0,1.0,0.0));
#12105=DIRECTION('',(1.0,0.0,0.0));
#12106=CARTESIAN_POINT('',(6.35,7.175,-0.00500000000000078));
#12107=DIRECTION('',(-1.0,0.0,-0.0));
#12108=DIRECTION('',(0.0,0.0,-1.0));
#12109=CARTESIAN_POINT('',(6.35,7.49,0.0));
#12110=DIRECTION('',(-0.0,1.0,0.0));
#12111=DIRECTION('',(1.0,0.0,0.0));
#12112=CARTESIAN_POINT('',(6.35,7.49,0.0));
#12113=DIRECTION('',(-0.0,1.0,0.0));
#12114=DIRECTION('',(1.0,0.0,0.0));
#12115=DIRECTION('',(0.0,1.0,0.0));
#12116=CARTESIAN_POINT('',(6.35,3.48,0.0));
#12117=DIRECTION('',(-0.0,1.0,0.0));
#12118=DIRECTION('',(1.0,0.0,0.0));
#12119=CARTESIAN_POINT('',(6.35,3.48,0.0));
#12120=DIRECTION('',(-0.0,1.0,0.0));
#12121=DIRECTION('',(1.0,0.0,0.0));
#12122=DIRECTION('',(-0.0,-1.0,-0.0));
#12123=CARTESIAN_POINT('',(6.35,7.175,0.0));
#12124=DIRECTION('',(-0.0,1.0,0.0));
#12125=DIRECTION('',(1.0,0.0,0.0));
#12126=CARTESIAN_POINT('',(6.35,3.48,-0.470000000000001));
#12127=DIRECTION('',(-1.0,0.0,-0.0));
#12128=DIRECTION('',(0.0,-0.0,-1.0));
#12129=CARTESIAN_POINT('',(6.35,3.33,0.0));
#12130=DIRECTION('',(-0.0,1.0,0.0));
#12131=DIRECTION('',(1.0,0.0,0.0));
#12132=CARTESIAN_POINT('',(6.35,3.48,0.470000000000001));
#12133=DIRECTION('',(-1.0,0.0,0.0));
#12134=DIRECTION('',(0.0,0.0,1.0));
#12135=CARTESIAN_POINT('',(6.35,3.48,0.0));
#12136=DIRECTION('',(-0.0,1.0,0.0));
#12137=DIRECTION('',(1.0,0.0,0.0));
#12138=DIRECTION('',(0.0,1.0,0.0));
#12139=CARTESIAN_POINT('',(6.35,-0.420000000000001,0.0));
#12140=DIRECTION('',(-0.0,1.0,0.0));
#12141=DIRECTION('',(1.0,0.0,0.0));
#12142=DIRECTION('',(-0.0,-1.0,-0.0));
#12143=CARTESIAN_POINT('',(6.35,0.0,0.0));
#12144=DIRECTION('',(-0.0,1.0,6.12323399573676E-17));
#12145=DIRECTION('',(1.0,0.0,0.0));
#12146=DIRECTION('',(0.707106781186548,0.707106781186548,8.65956056235493E-17));
#12147=CARTESIAN_POINT('',(6.35,-0.67,0.0));
#12148=DIRECTION('',(-0.0,1.0,0.0));
#12149=DIRECTION('',(1.0,0.0,0.0));
#12150=DIRECTION('',(0.707106781186548,-0.707106781186548,8.65956056235493E-17));
#12151=CARTESIAN_POINT('',(6.35,-0.82,-0.385));
#12152=DIRECTION('',(-1.0,0.0,-0.0));
#12153=DIRECTION('',(0.0,-0.0,-1.0));
#12154=CARTESIAN_POINT('',(6.35,-0.82,0.0));
#12155=DIRECTION('',(-0.0,1.0,0.0));
#12156=DIRECTION('',(1.0,0.0,0.0));
#12157=CARTESIAN_POINT('',(6.35,-0.82,0.0));
#12158=DIRECTION('',(-0.0,1.0,0.0));
#12159=DIRECTION('',(1.0,0.0,0.0));
#12160=CARTESIAN_POINT('',(6.35,-0.82,0.385));
#12161=DIRECTION('',(-1.0,0.0,0.0));
#12162=DIRECTION('',(0.0,0.0,1.0));
#12163=CARTESIAN_POINT('',(6.35,-0.669999999999998,0.0));
#12164=DIRECTION('',(-0.0,1.0,0.0));
#12165=DIRECTION('',(1.0,0.0,0.0));
#12166=DIRECTION('',(0.0,1.0,0.0));
#12167=CARTESIAN_POINT('',(6.35,-4.4,0.0));
#12168=DIRECTION('',(-0.0,1.0,0.0));
#12169=DIRECTION('',(1.0,0.0,0.0));
#12170=DIRECTION('',(-0.0,-1.0,-0.0));
#12171=CARTESIAN_POINT('',(6.35,-0.82,0.0));
#12172=DIRECTION('',(-0.0,1.0,0.0));
#12173=DIRECTION('',(1.0,0.0,0.0));
#12174=DIRECTION('',(0.0,1.0,0.0));
#12175=CARTESIAN_POINT('',(6.35,2.8,0.0));
#12176=DIRECTION('',(0.0,-1.0,-6.12323399573676E-17));
#12177=DIRECTION('',(1.0,0.0,0.0));
#12178=DIRECTION('',(-0.0,-1.0,-0.0));
#12179=CARTESIAN_POINT('',(6.35,3.33,0.0));
#12180=DIRECTION('',(-0.0,1.0,0.0));
#12181=DIRECTION('',(1.0,0.0,0.0));
#12182=CARTESIAN_POINT('',(8.89,-4.4,0.00499999999999456));
#12183=DIRECTION('',(-1.0,0.0,0.0));
#12184=DIRECTION('',(0.0,-0.0,1.0));
#12185=CARTESIAN_POINT('',(8.89,-4.63,0.0));
#12186=DIRECTION('',(-0.0,1.0,0.0));
#12187=DIRECTION('',(1.0,0.0,0.0));
#12188=CARTESIAN_POINT('',(8.89,-4.63,0.0));
#12189=DIRECTION('',(-0.0,1.0,0.0));
#12190=DIRECTION('',(1.0,0.0,0.0));
#12191=CARTESIAN_POINT('',(8.89,-4.4,-0.00499999999999456));
#12192=DIRECTION('',(-1.0,0.0,-0.0));
#12193=DIRECTION('',(0.0,0.0,-1.0));
#12194=CARTESIAN_POINT('',(8.89,-4.4,0.0));
#12195=DIRECTION('',(-0.0,1.0,0.0));
#12196=DIRECTION('',(1.0,0.0,0.0));
#12197=CARTESIAN_POINT('',(8.89,-4.4,0.0));
#12198=DIRECTION('',(-0.0,1.0,0.0));
#12199=DIRECTION('',(1.0,0.0,0.0));
#12200=CARTESIAN_POINT('',(8.89,7.175,0.00500000000000078));
#12201=DIRECTION('',(-1.0,0.0,0.0));
#12202=DIRECTION('',(0.0,-0.0,1.0));
#12203=CARTESIAN_POINT('',(8.89,7.175,0.0));
#12204=DIRECTION('',(-0.0,1.0,0.0));
#12205=DIRECTION('',(1.0,0.0,0.0));
#12206=CARTESIAN_POINT('',(8.89,7.175,0.0));
#12207=DIRECTION('',(-0.0,1.0,0.0));
#12208=DIRECTION('',(1.0,0.0,0.0));
#12209=CARTESIAN_POINT('',(8.89,7.175,-0.00500000000000078));
#12210=DIRECTION('',(-1.0,0.0,-0.0));
#12211=DIRECTION('',(0.0,0.0,-1.0));
#12212=CARTESIAN_POINT('',(8.89,7.49,0.0));
#12213=DIRECTION('',(-0.0,1.0,0.0));
#12214=DIRECTION('',(1.0,0.0,0.0));
#12215=CARTESIAN_POINT('',(8.89,7.49,0.0));
#12216=DIRECTION('',(-0.0,1.0,0.0));
#12217=DIRECTION('',(1.0,0.0,0.0));
#12218=DIRECTION('',(0.0,1.0,0.0));
#12219=CARTESIAN_POINT('',(8.89,3.48,0.0));
#12220=DIRECTION('',(-0.0,1.0,0.0));
#12221=DIRECTION('',(1.0,0.0,0.0));
#12222=CARTESIAN_POINT('',(8.89,3.48,0.0));
#12223=DIRECTION('',(-0.0,1.0,0.0));
#12224=DIRECTION('',(1.0,0.0,0.0));
#12225=DIRECTION('',(-0.0,-1.0,-0.0));
#12226=CARTESIAN_POINT('',(8.89,7.175,0.0));
#12227=DIRECTION('',(-0.0,1.0,0.0));
#12228=DIRECTION('',(1.0,0.0,0.0));
#12229=CARTESIAN_POINT('',(8.89,3.48,-0.470000000000001));
#12230=DIRECTION('',(-1.0,0.0,-0.0));
#12231=DIRECTION('',(0.0,-0.0,-1.0));
#12232=CARTESIAN_POINT('',(8.89,3.33,0.0));
#12233=DIRECTION('',(-0.0,1.0,0.0));
#12234=DIRECTION('',(1.0,0.0,0.0));
#12235=CARTESIAN_POINT('',(8.89,3.48,0.470000000000001));
#12236=DIRECTION('',(-1.0,0.0,0.0));
#12237=DIRECTION('',(0.0,0.0,1.0));
#12238=CARTESIAN_POINT('',(8.89,3.48,0.0));
#12239=DIRECTION('',(-0.0,1.0,0.0));
#12240=DIRECTION('',(1.0,0.0,0.0));
#12241=DIRECTION('',(0.0,1.0,0.0));
#12242=CARTESIAN_POINT('',(8.89,-0.420000000000001,0.0));
#12243=DIRECTION('',(-0.0,1.0,0.0));
#12244=DIRECTION('',(1.0,0.0,0.0));
#12245=DIRECTION('',(-0.0,-1.0,-0.0));
#12246=CARTESIAN_POINT('',(8.89,0.0,0.0));
#12247=DIRECTION('',(-0.0,1.0,6.12323399573676E-17));
#12248=DIRECTION('',(1.0,0.0,0.0));
#12249=DIRECTION('',(0.707106781186547,0.707106781186548,8.65956056235495E-17));
#12250=CARTESIAN_POINT('',(8.89,-0.67,0.0));
#12251=DIRECTION('',(-0.0,1.0,0.0));
#12252=DIRECTION('',(1.0,0.0,0.0));
#12253=DIRECTION('',(0.707106781186547,-0.707106781186548,8.65956056235494E-17));
#12254=CARTESIAN_POINT('',(8.89,-0.82,-0.385));
#12255=DIRECTION('',(-1.0,0.0,-0.0));
#12256=DIRECTION('',(0.0,-0.0,-1.0));
#12257=CARTESIAN_POINT('',(8.89,-0.82,0.0));
#12258=DIRECTION('',(-0.0,1.0,0.0));
#12259=DIRECTION('',(1.0,0.0,0.0));
#12260=CARTESIAN_POINT('',(8.89,-0.82,0.0));
#12261=DIRECTION('',(-0.0,1.0,0.0));
#12262=DIRECTION('',(1.0,0.0,0.0));
#12263=CARTESIAN_POINT('',(8.89,-0.82,0.385));
#12264=DIRECTION('',(-1.0,0.0,0.0));
#12265=DIRECTION('',(0.0,0.0,1.0));
#12266=CARTESIAN_POINT('',(8.89,-0.669999999999998,0.0));
#12267=DIRECTION('',(-0.0,1.0,0.0));
#12268=DIRECTION('',(1.0,0.0,0.0));
#12269=DIRECTION('',(0.0,1.0,0.0));
#12270=CARTESIAN_POINT('',(8.89,-4.4,0.0));
#12271=DIRECTION('',(-0.0,1.0,0.0));
#12272=DIRECTION('',(1.0,0.0,0.0));
#12273=DIRECTION('',(-0.0,-1.0,-0.0));
#12274=CARTESIAN_POINT('',(8.89,-0.82,0.0));
#12275=DIRECTION('',(-0.0,1.0,0.0));
#12276=DIRECTION('',(1.0,0.0,0.0));
#12277=DIRECTION('',(0.0,1.0,0.0));
#12278=CARTESIAN_POINT('',(8.89,2.8,0.0));
#12279=DIRECTION('',(0.0,-1.0,-6.12323399573676E-17));
#12280=DIRECTION('',(1.0,0.0,0.0));
#12281=DIRECTION('',(-0.0,-1.0,-0.0));
#12282=CARTESIAN_POINT('',(8.89,3.33,0.0));
#12283=DIRECTION('',(-0.0,1.0,0.0));
#12284=DIRECTION('',(1.0,0.0,0.0));
#12285=CARTESIAN_POINT('',(11.43,-4.4,0.00499999999999456));
#12286=DIRECTION('',(-1.0,0.0,0.0));
#12287=DIRECTION('',(0.0,-0.0,1.0));
#12288=CARTESIAN_POINT('',(11.43,-4.63,0.0));
#12289=DIRECTION('',(-0.0,1.0,0.0));
#12290=DIRECTION('',(1.0,0.0,0.0));
#12291=CARTESIAN_POINT('',(11.43,-4.63,0.0));
#12292=DIRECTION('',(-0.0,1.0,0.0));
#12293=DIRECTION('',(1.0,0.0,0.0));
#12294=CARTESIAN_POINT('',(11.43,-4.4,-0.00499999999999456));
#12295=DIRECTION('',(-1.0,0.0,-0.0));
#12296=DIRECTION('',(0.0,0.0,-1.0));
#12297=CARTESIAN_POINT('',(11.43,-4.4,0.0));
#12298=DIRECTION('',(-0.0,1.0,0.0));
#12299=DIRECTION('',(1.0,0.0,0.0));
#12300=CARTESIAN_POINT('',(11.43,-4.4,0.0));
#12301=DIRECTION('',(-0.0,1.0,0.0));
#12302=DIRECTION('',(1.0,0.0,0.0));
#12303=CARTESIAN_POINT('',(11.43,7.175,0.00500000000000078));
#12304=DIRECTION('',(-1.0,0.0,0.0));
#12305=DIRECTION('',(0.0,-0.0,1.0));
#12306=CARTESIAN_POINT('',(11.43,7.175,0.0));
#12307=DIRECTION('',(-0.0,1.0,0.0));
#12308=DIRECTION('',(1.0,0.0,0.0));
#12309=CARTESIAN_POINT('',(11.43,7.175,0.0));
#12310=DIRECTION('',(-0.0,1.0,0.0));
#12311=DIRECTION('',(1.0,0.0,0.0));
#12312=CARTESIAN_POINT('',(11.43,7.175,-0.00500000000000078));
#12313=DIRECTION('',(-1.0,0.0,-0.0));
#12314=DIRECTION('',(0.0,0.0,-1.0));
#12315=CARTESIAN_POINT('',(11.43,7.49,0.0));
#12316=DIRECTION('',(-0.0,1.0,0.0));
#12317=DIRECTION('',(1.0,0.0,0.0));
#12318=CARTESIAN_POINT('',(11.43,7.49,0.0));
#12319=DIRECTION('',(-0.0,1.0,0.0));
#12320=DIRECTION('',(1.0,0.0,0.0));
#12321=DIRECTION('',(0.0,1.0,0.0));
#12322=CARTESIAN_POINT('',(11.43,3.48,0.0));
#12323=DIRECTION('',(-0.0,1.0,0.0));
#12324=DIRECTION('',(1.0,0.0,0.0));
#12325=CARTESIAN_POINT('',(11.43,3.48,0.0));
#12326=DIRECTION('',(-0.0,1.0,0.0));
#12327=DIRECTION('',(1.0,0.0,0.0));
#12328=DIRECTION('',(-0.0,-1.0,-0.0));
#12329=CARTESIAN_POINT('',(11.43,7.175,0.0));
#12330=DIRECTION('',(-0.0,1.0,0.0));
#12331=DIRECTION('',(1.0,0.0,0.0));
#12332=CARTESIAN_POINT('',(11.43,3.48,-0.470000000000001));
#12333=DIRECTION('',(-1.0,0.0,-0.0));
#12334=DIRECTION('',(0.0,-0.0,-1.0));
#12335=CARTESIAN_POINT('',(11.43,3.33,0.0));
#12336=DIRECTION('',(-0.0,1.0,0.0));
#12337=DIRECTION('',(1.0,0.0,0.0));
#12338=CARTESIAN_POINT('',(11.43,3.48,0.470000000000001));
#12339=DIRECTION('',(-1.0,0.0,0.0));
#12340=DIRECTION('',(0.0,0.0,1.0));
#12341=CARTESIAN_POINT('',(11.43,3.48,0.0));
#12342=DIRECTION('',(-0.0,1.0,0.0));
#12343=DIRECTION('',(1.0,0.0,0.0));
#12344=DIRECTION('',(0.0,1.0,0.0));
#12345=CARTESIAN_POINT('',(11.43,-0.420000000000001,0.0));
#12346=DIRECTION('',(-0.0,1.0,0.0));
#12347=DIRECTION('',(1.0,0.0,0.0));
#12348=DIRECTION('',(-0.0,-1.0,-0.0));
#12349=CARTESIAN_POINT('',(11.43,0.0,0.0));
#12350=DIRECTION('',(-0.0,1.0,6.12323399573676E-17));
#12351=DIRECTION('',(1.0,0.0,0.0));
#12352=DIRECTION('',(0.707106781186547,0.707106781186548,8.65956056235495E-17));
#12353=CARTESIAN_POINT('',(11.43,-0.67,0.0));
#12354=DIRECTION('',(-0.0,1.0,0.0));
#12355=DIRECTION('',(1.0,0.0,0.0));
#12356=DIRECTION('',(0.707106781186547,-0.707106781186548,8.65956056235494E-17));
#12357=CARTESIAN_POINT('',(11.43,-0.82,-0.385));
#12358=DIRECTION('',(-1.0,0.0,-0.0));
#12359=DIRECTION('',(0.0,-0.0,-1.0));
#12360=CARTESIAN_POINT('',(11.43,-0.82,0.0));
#12361=DIRECTION('',(-0.0,1.0,0.0));
#12362=DIRECTION('',(1.0,0.0,0.0));
#12363=CARTESIAN_POINT('',(11.43,-0.82,0.0));
#12364=DIRECTION('',(-0.0,1.0,0.0));
#12365=DIRECTION('',(1.0,0.0,0.0));
#12366=CARTESIAN_POINT('',(11.43,-0.82,0.385));
#12367=DIRECTION('',(-1.0,0.0,0.0));
#12368=DIRECTION('',(0.0,0.0,1.0));
#12369=CARTESIAN_POINT('',(11.43,-0.669999999999998,0.0));
#12370=DIRECTION('',(-0.0,1.0,0.0));
#12371=DIRECTION('',(1.0,0.0,0.0));
#12372=DIRECTION('',(0.0,1.0,0.0));
#12373=CARTESIAN_POINT('',(11.43,-4.4,0.0));
#12374=DIRECTION('',(-0.0,1.0,0.0));
#12375=DIRECTION('',(1.0,0.0,0.0));
#12376=DIRECTION('',(-0.0,-1.0,-0.0));
#12377=CARTESIAN_POINT('',(11.43,-0.82,0.0));
#12378=DIRECTION('',(-0.0,1.0,0.0));
#12379=DIRECTION('',(1.0,0.0,0.0));
#12380=DIRECTION('',(0.0,1.0,0.0));
#12381=CARTESIAN_POINT('',(11.43,2.8,0.0));
#12382=DIRECTION('',(0.0,-1.0,-6.12323399573676E-17));
#12383=DIRECTION('',(1.0,0.0,0.0));
#12384=DIRECTION('',(-0.0,-1.0,-0.0));
#12385=CARTESIAN_POINT('',(11.43,3.33,0.0));
#12386=DIRECTION('',(-0.0,1.0,0.0));
#12387=DIRECTION('',(1.0,0.0,0.0));
#12388=CARTESIAN_POINT('',(13.97,-4.4,0.00499999999999456));
#12389=DIRECTION('',(-1.0,0.0,0.0));
#12390=DIRECTION('',(0.0,-0.0,1.0));
#12391=CARTESIAN_POINT('',(13.97,-4.63,0.0));
#12392=DIRECTION('',(-0.0,1.0,0.0));
#12393=DIRECTION('',(1.0,0.0,0.0));
#12394=CARTESIAN_POINT('',(13.97,-4.63,0.0));
#12395=DIRECTION('',(-0.0,1.0,0.0));
#12396=DIRECTION('',(1.0,0.0,0.0));
#12397=CARTESIAN_POINT('',(13.97,-4.4,-0.00499999999999456));
#12398=DIRECTION('',(-1.0,0.0,-0.0));
#12399=DIRECTION('',(0.0,0.0,-1.0));
#12400=CARTESIAN_POINT('',(13.97,-4.4,0.0));
#12401=DIRECTION('',(-0.0,1.0,0.0));
#12402=DIRECTION('',(1.0,0.0,0.0));
#12403=CARTESIAN_POINT('',(13.97,-4.4,0.0));
#12404=DIRECTION('',(-0.0,1.0,0.0));
#12405=DIRECTION('',(1.0,0.0,0.0));
#12406=CARTESIAN_POINT('',(13.97,7.175,0.00500000000000078));
#12407=DIRECTION('',(-1.0,0.0,0.0));
#12408=DIRECTION('',(0.0,-0.0,1.0));
#12409=CARTESIAN_POINT('',(13.97,7.175,0.0));
#12410=DIRECTION('',(-0.0,1.0,0.0));
#12411=DIRECTION('',(1.0,0.0,0.0));
#12412=CARTESIAN_POINT('',(13.97,7.175,0.0));
#12413=DIRECTION('',(-0.0,1.0,0.0));
#12414=DIRECTION('',(1.0,0.0,0.0));
#12415=CARTESIAN_POINT('',(13.97,7.175,-0.00500000000000078));
#12416=DIRECTION('',(-1.0,0.0,-0.0));
#12417=DIRECTION('',(0.0,0.0,-1.0));
#12418=CARTESIAN_POINT('',(13.97,7.49,0.0));
#12419=DIRECTION('',(-0.0,1.0,0.0));
#12420=DIRECTION('',(1.0,0.0,0.0));
#12421=CARTESIAN_POINT('',(13.97,7.49,0.0));
#12422=DIRECTION('',(-0.0,1.0,0.0));
#12423=DIRECTION('',(1.0,0.0,0.0));
#12424=DIRECTION('',(0.0,1.0,0.0));
#12425=CARTESIAN_POINT('',(13.97,3.48,0.0));
#12426=DIRECTION('',(-0.0,1.0,0.0));
#12427=DIRECTION('',(1.0,0.0,0.0));
#12428=CARTESIAN_POINT('',(13.97,3.48,0.0));
#12429=DIRECTION('',(-0.0,1.0,0.0));
#12430=DIRECTION('',(1.0,0.0,0.0));
#12431=DIRECTION('',(-0.0,-1.0,-0.0));
#12432=CARTESIAN_POINT('',(13.97,7.175,0.0));
#12433=DIRECTION('',(-0.0,1.0,0.0));
#12434=DIRECTION('',(1.0,0.0,0.0));
#12435=CARTESIAN_POINT('',(13.97,3.48,-0.470000000000001));
#12436=DIRECTION('',(-1.0,0.0,-0.0));
#12437=DIRECTION('',(0.0,-0.0,-1.0));
#12438=CARTESIAN_POINT('',(13.97,3.33,0.0));
#12439=DIRECTION('',(-0.0,1.0,0.0));
#12440=DIRECTION('',(1.0,0.0,0.0));
#12441=CARTESIAN_POINT('',(13.97,3.48,0.470000000000001));
#12442=DIRECTION('',(-1.0,0.0,0.0));
#12443=DIRECTION('',(0.0,0.0,1.0));
#12444=CARTESIAN_POINT('',(13.97,3.48,0.0));
#12445=DIRECTION('',(-0.0,1.0,0.0));
#12446=DIRECTION('',(1.0,0.0,0.0));
#12447=DIRECTION('',(0.0,1.0,0.0));
#12448=CARTESIAN_POINT('',(13.97,-0.420000000000001,0.0));
#12449=DIRECTION('',(-0.0,1.0,0.0));
#12450=DIRECTION('',(1.0,0.0,0.0));
#12451=DIRECTION('',(-0.0,-1.0,-0.0));
#12452=CARTESIAN_POINT('',(13.97,0.0,0.0));
#12453=DIRECTION('',(-0.0,1.0,6.12323399573676E-17));
#12454=DIRECTION('',(1.0,0.0,0.0));
#12455=DIRECTION('',(0.707106781186547,0.707106781186548,8.65956056235495E-17));
#12456=CARTESIAN_POINT('',(13.97,-0.67,0.0));
#12457=DIRECTION('',(-0.0,1.0,0.0));
#12458=DIRECTION('',(1.0,0.0,0.0));
#12459=DIRECTION('',(0.707106781186547,-0.707106781186548,8.65956056235494E-17));
#12460=CARTESIAN_POINT('',(13.97,-0.82,-0.385));
#12461=DIRECTION('',(-1.0,0.0,-0.0));
#12462=DIRECTION('',(0.0,-0.0,-1.0));
#12463=CARTESIAN_POINT('',(13.97,-0.82,0.0));
#12464=DIRECTION('',(-0.0,1.0,0.0));
#12465=DIRECTION('',(1.0,0.0,0.0));
#12466=CARTESIAN_POINT('',(13.97,-0.82,0.0));
#12467=DIRECTION('',(-0.0,1.0,0.0));
#12468=DIRECTION('',(1.0,0.0,0.0));
#12469=CARTESIAN_POINT('',(13.97,-0.82,0.385));
#12470=DIRECTION('',(-1.0,0.0,0.0));
#12471=DIRECTION('',(0.0,0.0,1.0));
#12472=CARTESIAN_POINT('',(13.97,-0.669999999999998,0.0));
#12473=DIRECTION('',(-0.0,1.0,0.0));
#12474=DIRECTION('',(1.0,0.0,0.0));
#12475=DIRECTION('',(0.0,1.0,0.0));
#12476=CARTESIAN_POINT('',(13.97,-4.4,0.0));
#12477=DIRECTION('',(-0.0,1.0,0.0));
#12478=DIRECTION('',(1.0,0.0,0.0));
#12479=DIRECTION('',(-0.0,-1.0,-0.0));
#12480=CARTESIAN_POINT('',(13.97,-0.82,0.0));
#12481=DIRECTION('',(-0.0,1.0,0.0));
#12482=DIRECTION('',(1.0,0.0,0.0));
#12483=DIRECTION('',(0.0,1.0,0.0));
#12484=CARTESIAN_POINT('',(13.97,2.8,0.0));
#12485=DIRECTION('',(0.0,-1.0,-6.12323399573676E-17));
#12486=DIRECTION('',(1.0,0.0,0.0));
#12487=DIRECTION('',(-0.0,-1.0,-0.0));
#12488=CARTESIAN_POINT('',(13.97,3.33,0.0));
#12489=DIRECTION('',(-0.0,1.0,0.0));
#12490=DIRECTION('',(1.0,0.0,0.0));
#12491=CARTESIAN_POINT('',(16.51,-4.4,0.00499999999999456));
#12492=DIRECTION('',(-1.0,0.0,0.0));
#12493=DIRECTION('',(0.0,-0.0,1.0));
#12494=CARTESIAN_POINT('',(16.51,-4.63,0.0));
#12495=DIRECTION('',(-0.0,1.0,0.0));
#12496=DIRECTION('',(1.0,0.0,0.0));
#12497=CARTESIAN_POINT('',(16.51,-4.63,0.0));
#12498=DIRECTION('',(-0.0,1.0,0.0));
#12499=DIRECTION('',(1.0,0.0,0.0));
#12500=CARTESIAN_POINT('',(16.51,-4.4,-0.00499999999999456));
#12501=DIRECTION('',(-1.0,0.0,-0.0));
#12502=DIRECTION('',(0.0,0.0,-1.0));
#12503=CARTESIAN_POINT('',(16.51,-4.4,0.0));
#12504=DIRECTION('',(-0.0,1.0,0.0));
#12505=DIRECTION('',(1.0,0.0,0.0));
#12506=CARTESIAN_POINT('',(16.51,-4.4,0.0));
#12507=DIRECTION('',(-0.0,1.0,0.0));
#12508=DIRECTION('',(1.0,0.0,0.0));
#12509=CARTESIAN_POINT('',(16.51,7.175,0.00500000000000078));
#12510=DIRECTION('',(-1.0,0.0,0.0));
#12511=DIRECTION('',(0.0,-0.0,1.0));
#12512=CARTESIAN_POINT('',(16.51,7.175,0.0));
#12513=DIRECTION('',(-0.0,1.0,0.0));
#12514=DIRECTION('',(1.0,0.0,0.0));
#12515=CARTESIAN_POINT('',(16.51,7.175,0.0));
#12516=DIRECTION('',(-0.0,1.0,0.0));
#12517=DIRECTION('',(1.0,0.0,0.0));
#12518=CARTESIAN_POINT('',(16.51,7.175,-0.00500000000000078));
#12519=DIRECTION('',(-1.0,0.0,-0.0));
#12520=DIRECTION('',(0.0,0.0,-1.0));
#12521=CARTESIAN_POINT('',(16.51,7.49,0.0));
#12522=DIRECTION('',(-0.0,1.0,0.0));
#12523=DIRECTION('',(1.0,0.0,0.0));
#12524=CARTESIAN_POINT('',(16.51,7.49,0.0));
#12525=DIRECTION('',(-0.0,1.0,0.0));
#12526=DIRECTION('',(1.0,0.0,0.0));
#12527=DIRECTION('',(0.0,1.0,0.0));
#12528=CARTESIAN_POINT('',(16.51,3.48,0.0));
#12529=DIRECTION('',(-0.0,1.0,0.0));
#12530=DIRECTION('',(1.0,0.0,0.0));
#12531=CARTESIAN_POINT('',(16.51,3.48,0.0));
#12532=DIRECTION('',(-0.0,1.0,0.0));
#12533=DIRECTION('',(1.0,0.0,0.0));
#12534=DIRECTION('',(-0.0,-1.0,-0.0));
#12535=CARTESIAN_POINT('',(16.51,7.175,0.0));
#12536=DIRECTION('',(-0.0,1.0,0.0));
#12537=DIRECTION('',(1.0,0.0,0.0));
#12538=CARTESIAN_POINT('',(16.51,3.48,-0.470000000000001));
#12539=DIRECTION('',(-1.0,0.0,-0.0));
#12540=DIRECTION('',(0.0,-0.0,-1.0));
#12541=CARTESIAN_POINT('',(16.51,3.33,0.0));
#12542=DIRECTION('',(-0.0,1.0,0.0));
#12543=DIRECTION('',(1.0,0.0,0.0));
#12544=CARTESIAN_POINT('',(16.51,3.48,0.470000000000001));
#12545=DIRECTION('',(-1.0,0.0,0.0));
#12546=DIRECTION('',(0.0,0.0,1.0));
#12547=CARTESIAN_POINT('',(16.51,3.48,0.0));
#12548=DIRECTION('',(-0.0,1.0,0.0));
#12549=DIRECTION('',(1.0,0.0,0.0));
#12550=DIRECTION('',(0.0,1.0,0.0));
#12551=CARTESIAN_POINT('',(16.51,-0.420000000000001,0.0));
#12552=DIRECTION('',(-0.0,1.0,0.0));
#12553=DIRECTION('',(1.0,0.0,0.0));
#12554=DIRECTION('',(-0.0,-1.0,-0.0));
#12555=CARTESIAN_POINT('',(16.51,0.0,0.0));
#12556=DIRECTION('',(-0.0,1.0,6.12323399573676E-17));
#12557=DIRECTION('',(1.0,0.0,0.0));
#12558=DIRECTION('',(0.707106781186547,0.707106781186548,8.65956056235495E-17));
#12559=CARTESIAN_POINT('',(16.51,-0.67,0.0));
#12560=DIRECTION('',(-0.0,1.0,0.0));
#12561=DIRECTION('',(1.0,0.0,0.0));
#12562=DIRECTION('',(0.707106781186547,-0.707106781186548,8.65956056235494E-17));
#12563=CARTESIAN_POINT('',(16.51,-0.82,-0.385));
#12564=DIRECTION('',(-1.0,0.0,-0.0));
#12565=DIRECTION('',(0.0,-0.0,-1.0));
#12566=CARTESIAN_POINT('',(16.51,-0.82,0.0));
#12567=DIRECTION('',(-0.0,1.0,0.0));
#12568=DIRECTION('',(1.0,0.0,0.0));
#12569=CARTESIAN_POINT('',(16.51,-0.82,0.0));
#12570=DIRECTION('',(-0.0,1.0,0.0));
#12571=DIRECTION('',(1.0,0.0,0.0));
#12572=CARTESIAN_POINT('',(16.51,-0.82,0.385));
#12573=DIRECTION('',(-1.0,0.0,0.0));
#12574=DIRECTION('',(0.0,0.0,1.0));
#12575=CARTESIAN_POINT('',(16.51,-0.669999999999998,0.0));
#12576=DIRECTION('',(-0.0,1.0,0.0));
#12577=DIRECTION('',(1.0,0.0,0.0));
#12578=DIRECTION('',(0.0,1.0,0.0));
#12579=CARTESIAN_POINT('',(16.51,-4.4,0.0));
#12580=DIRECTION('',(-0.0,1.0,0.0));
#12581=DIRECTION('',(1.0,0.0,0.0));
#12582=DIRECTION('',(-0.0,-1.0,-0.0));
#12583=CARTESIAN_POINT('',(16.51,-0.82,0.0));
#12584=DIRECTION('',(-0.0,1.0,0.0));
#12585=DIRECTION('',(1.0,0.0,0.0));
#12586=DIRECTION('',(0.0,1.0,0.0));
#12587=CARTESIAN_POINT('',(16.51,2.8,0.0));
#12588=DIRECTION('',(0.0,-1.0,-6.12323399573676E-17));
#12589=DIRECTION('',(1.0,0.0,0.0));
#12590=DIRECTION('',(-0.0,-1.0,-0.0));
#12591=CARTESIAN_POINT('',(16.51,3.33,0.0));
#12592=DIRECTION('',(-0.0,1.0,0.0));
#12593=DIRECTION('',(1.0,0.0,0.0));
#12594=CARTESIAN_POINT('',(16.51,3.33,0.0));
#12595=DIRECTION('',(-0.0,1.0,0.0));
#12596=DIRECTION('',(1.0,0.0,0.0));
#12597=CARTESIAN_POINT('',(16.51,2.8,0.0));
#12598=DIRECTION('',(0.0,-1.0,-6.12323399573676E-17));
#12599=DIRECTION('',(1.0,0.0,0.0));
#12600=CARTESIAN_POINT('',(16.51,-0.82,0.0));
#12601=DIRECTION('',(-0.0,1.0,0.0));
#12602=DIRECTION('',(1.0,0.0,0.0));
#12603=CARTESIAN_POINT('',(16.51,-4.4,0.0));
#12604=DIRECTION('',(-0.0,1.0,0.0));
#12605=DIRECTION('',(1.0,0.0,0.0));
#12606=CARTESIAN_POINT('',(16.51,-0.669999999999998,0.0));
#12607=DIRECTION('',(-0.0,1.0,0.0));
#12608=DIRECTION('',(1.0,0.0,0.0));
#12609=CARTESIAN_POINT('',(16.51,-0.669999999999998,0.0));
#12610=DIRECTION('',(-0.0,1.0,0.0));
#12611=DIRECTION('',(1.0,0.0,0.0));
#12612=CARTESIAN_POINT('',(16.51,-0.67,0.0));
#12613=DIRECTION('',(-0.0,1.0,0.0));
#12614=DIRECTION('',(1.0,0.0,0.0));
#12615=CARTESIAN_POINT('',(16.51,-0.420000000000001,0.0));
#12616=DIRECTION('',(-0.0,1.0,0.0));
#12617=DIRECTION('',(1.0,0.0,0.0));
#12618=CARTESIAN_POINT('',(16.51,0.0,0.0));
#12619=DIRECTION('',(-0.0,1.0,6.12323399573676E-17));
#12620=DIRECTION('',(1.0,0.0,0.0));
#12621=CARTESIAN_POINT('',(16.51,3.33,0.0));
#12622=DIRECTION('',(-0.0,1.0,0.0));
#12623=DIRECTION('',(1.0,0.0,0.0));
#12624=CARTESIAN_POINT('',(16.51,3.33,0.0));
#12625=DIRECTION('',(-0.0,1.0,0.0));
#12626=DIRECTION('',(1.0,0.0,0.0));
#12627=CARTESIAN_POINT('',(16.51,3.48,0.0));
#12628=DIRECTION('',(-0.0,1.0,0.0));
#12629=DIRECTION('',(1.0,0.0,0.0));
#12630=CARTESIAN_POINT('',(16.51,7.175,0.0));
#12631=DIRECTION('',(-0.0,1.0,0.0));
#12632=DIRECTION('',(1.0,0.0,0.0));
#12633=CARTESIAN_POINT('',(16.51,7.49,0.0));
#12634=DIRECTION('',(-0.0,1.0,0.0));
#12635=DIRECTION('',(1.0,0.0,0.0));
#12636=CARTESIAN_POINT('',(16.51,-4.63,0.0));
#12637=DIRECTION('',(-0.0,1.0,0.0));
#12638=DIRECTION('',(1.0,0.0,0.0));
#12639=CARTESIAN_POINT('',(13.97,3.33,0.0));
#12640=DIRECTION('',(-0.0,1.0,0.0));
#12641=DIRECTION('',(1.0,0.0,0.0));
#12642=CARTESIAN_POINT('',(13.97,2.8,0.0));
#12643=DIRECTION('',(0.0,-1.0,-6.12323399573676E-17));
#12644=DIRECTION('',(1.0,0.0,0.0));
#12645=CARTESIAN_POINT('',(13.97,-0.82,0.0));
#12646=DIRECTION('',(-0.0,1.0,0.0));
#12647=DIRECTION('',(1.0,0.0,0.0));
#12648=CARTESIAN_POINT('',(13.97,-4.4,0.0));
#12649=DIRECTION('',(-0.0,1.0,0.0));
#12650=DIRECTION('',(1.0,0.0,0.0));
#12651=CARTESIAN_POINT('',(13.97,-0.669999999999998,0.0));
#12652=DIRECTION('',(-0.0,1.0,0.0));
#12653=DIRECTION('',(1.0,0.0,0.0));
#12654=CARTESIAN_POINT('',(13.97,-0.669999999999998,0.0));
#12655=DIRECTION('',(-0.0,1.0,0.0));
#12656=DIRECTION('',(1.0,0.0,0.0));
#12657=CARTESIAN_POINT('',(13.97,-0.67,0.0));
#12658=DIRECTION('',(-0.0,1.0,0.0));
#12659=DIRECTION('',(1.0,0.0,0.0));
#12660=CARTESIAN_POINT('',(13.97,-0.420000000000001,0.0));
#12661=DIRECTION('',(-0.0,1.0,0.0));
#12662=DIRECTION('',(1.0,0.0,0.0));
#12663=CARTESIAN_POINT('',(13.97,0.0,0.0));
#12664=DIRECTION('',(-0.0,1.0,6.12323399573676E-17));
#12665=DIRECTION('',(1.0,0.0,0.0));
#12666=CARTESIAN_POINT('',(13.97,3.33,0.0));
#12667=DIRECTION('',(-0.0,1.0,0.0));
#12668=DIRECTION('',(1.0,0.0,0.0));
#12669=CARTESIAN_POINT('',(13.97,3.33,0.0));
#12670=DIRECTION('',(-0.0,1.0,0.0));
#12671=DIRECTION('',(1.0,0.0,0.0));
#12672=CARTESIAN_POINT('',(13.97,3.48,0.0));
#12673=DIRECTION('',(-0.0,1.0,0.0));
#12674=DIRECTION('',(1.0,0.0,0.0));
#12675=CARTESIAN_POINT('',(13.97,7.175,0.0));
#12676=DIRECTION('',(-0.0,1.0,0.0));
#12677=DIRECTION('',(1.0,0.0,0.0));
#12678=CARTESIAN_POINT('',(13.97,7.49,0.0));
#12679=DIRECTION('',(-0.0,1.0,0.0));
#12680=DIRECTION('',(1.0,0.0,0.0));
#12681=CARTESIAN_POINT('',(13.97,-4.63,0.0));
#12682=DIRECTION('',(-0.0,1.0,0.0));
#12683=DIRECTION('',(1.0,0.0,0.0));
#12684=CARTESIAN_POINT('',(11.43,3.33,0.0));
#12685=DIRECTION('',(-0.0,1.0,0.0));
#12686=DIRECTION('',(1.0,0.0,0.0));
#12687=CARTESIAN_POINT('',(11.43,2.8,0.0));
#12688=DIRECTION('',(0.0,-1.0,-6.12323399573676E-17));
#12689=DIRECTION('',(1.0,0.0,0.0));
#12690=CARTESIAN_POINT('',(11.43,-0.82,0.0));
#12691=DIRECTION('',(-0.0,1.0,0.0));
#12692=DIRECTION('',(1.0,0.0,0.0));
#12693=CARTESIAN_POINT('',(11.43,-4.4,0.0));
#12694=DIRECTION('',(-0.0,1.0,0.0));
#12695=DIRECTION('',(1.0,0.0,0.0));
#12696=CARTESIAN_POINT('',(11.43,-0.669999999999998,0.0));
#12697=DIRECTION('',(-0.0,1.0,0.0));
#12698=DIRECTION('',(1.0,0.0,0.0));
#12699=CARTESIAN_POINT('',(11.43,-0.669999999999998,0.0));
#12700=DIRECTION('',(-0.0,1.0,0.0));
#12701=DIRECTION('',(1.0,0.0,0.0));
#12702=CARTESIAN_POINT('',(11.43,-0.67,0.0));
#12703=DIRECTION('',(-0.0,1.0,0.0));
#12704=DIRECTION('',(1.0,0.0,0.0));
#12705=CARTESIAN_POINT('',(11.43,-0.420000000000001,0.0));
#12706=DIRECTION('',(-0.0,1.0,0.0));
#12707=DIRECTION('',(1.0,0.0,0.0));
#12708=CARTESIAN_POINT('',(11.43,0.0,0.0));
#12709=DIRECTION('',(-0.0,1.0,6.12323399573676E-17));
#12710=DIRECTION('',(1.0,0.0,0.0));
#12711=CARTESIAN_POINT('',(11.43,3.33,0.0));
#12712=DIRECTION('',(-0.0,1.0,0.0));
#12713=DIRECTION('',(1.0,0.0,0.0));
#12714=CARTESIAN_POINT('',(11.43,3.33,0.0));
#12715=DIRECTION('',(-0.0,1.0,0.0));
#12716=DIRECTION('',(1.0,0.0,0.0));
#12717=CARTESIAN_POINT('',(11.43,3.48,0.0));
#12718=DIRECTION('',(-0.0,1.0,0.0));
#12719=DIRECTION('',(1.0,0.0,0.0));
#12720=CARTESIAN_POINT('',(11.43,7.175,0.0));
#12721=DIRECTION('',(-0.0,1.0,0.0));
#12722=DIRECTION('',(1.0,0.0,0.0));
#12723=CARTESIAN_POINT('',(11.43,7.49,0.0));
#12724=DIRECTION('',(-0.0,1.0,0.0));
#12725=DIRECTION('',(1.0,0.0,0.0));
#12726=CARTESIAN_POINT('',(11.43,-4.63,0.0));
#12727=DIRECTION('',(-0.0,1.0,0.0));
#12728=DIRECTION('',(1.0,0.0,0.0));
#12729=CARTESIAN_POINT('',(8.89,3.33,0.0));
#12730=DIRECTION('',(-0.0,1.0,0.0));
#12731=DIRECTION('',(1.0,0.0,0.0));
#12732=CARTESIAN_POINT('',(8.89,2.8,0.0));
#12733=DIRECTION('',(0.0,-1.0,-6.12323399573676E-17));
#12734=DIRECTION('',(1.0,0.0,0.0));
#12735=CARTESIAN_POINT('',(8.89,-0.82,0.0));
#12736=DIRECTION('',(-0.0,1.0,0.0));
#12737=DIRECTION('',(1.0,0.0,0.0));
#12738=CARTESIAN_POINT('',(8.89,-4.4,0.0));
#12739=DIRECTION('',(-0.0,1.0,0.0));
#12740=DIRECTION('',(1.0,0.0,0.0));
#12741=CARTESIAN_POINT('',(8.89,-0.669999999999998,0.0));
#12742=DIRECTION('',(-0.0,1.0,0.0));
#12743=DIRECTION('',(1.0,0.0,0.0));
#12744=CARTESIAN_POINT('',(8.89,-0.669999999999998,0.0));
#12745=DIRECTION('',(-0.0,1.0,0.0));
#12746=DIRECTION('',(1.0,0.0,0.0));
#12747=CARTESIAN_POINT('',(8.89,-0.67,0.0));
#12748=DIRECTION('',(-0.0,1.0,0.0));
#12749=DIRECTION('',(1.0,0.0,0.0));
#12750=CARTESIAN_POINT('',(8.89,-0.420000000000001,0.0));
#12751=DIRECTION('',(-0.0,1.0,0.0));
#12752=DIRECTION('',(1.0,0.0,0.0));
#12753=CARTESIAN_POINT('',(8.89,0.0,0.0));
#12754=DIRECTION('',(-0.0,1.0,6.12323399573676E-17));
#12755=DIRECTION('',(1.0,0.0,0.0));
#12756=CARTESIAN_POINT('',(8.89,3.33,0.0));
#12757=DIRECTION('',(-0.0,1.0,0.0));
#12758=DIRECTION('',(1.0,0.0,0.0));
#12759=CARTESIAN_POINT('',(8.89,3.33,0.0));
#12760=DIRECTION('',(-0.0,1.0,0.0));
#12761=DIRECTION('',(1.0,0.0,0.0));
#12762=CARTESIAN_POINT('',(8.89,3.48,0.0));
#12763=DIRECTION('',(-0.0,1.0,0.0));
#12764=DIRECTION('',(1.0,0.0,0.0));
#12765=CARTESIAN_POINT('',(8.89,7.175,0.0));
#12766=DIRECTION('',(-0.0,1.0,0.0));
#12767=DIRECTION('',(1.0,0.0,0.0));
#12768=CARTESIAN_POINT('',(8.89,7.49,0.0));
#12769=DIRECTION('',(-0.0,1.0,0.0));
#12770=DIRECTION('',(1.0,0.0,0.0));
#12771=CARTESIAN_POINT('',(8.89,-4.63,0.0));
#12772=DIRECTION('',(-0.0,1.0,0.0));
#12773=DIRECTION('',(1.0,0.0,0.0));
#12774=CARTESIAN_POINT('',(6.35,3.33,0.0));
#12775=DIRECTION('',(-0.0,1.0,0.0));
#12776=DIRECTION('',(1.0,0.0,0.0));
#12777=CARTESIAN_POINT('',(6.35,2.8,0.0));
#12778=DIRECTION('',(0.0,-1.0,-6.12323399573676E-17));
#12779=DIRECTION('',(1.0,0.0,0.0));
#12780=CARTESIAN_POINT('',(6.35,-0.82,0.0));
#12781=DIRECTION('',(-0.0,1.0,0.0));
#12782=DIRECTION('',(1.0,0.0,0.0));
#12783=CARTESIAN_POINT('',(6.35,-4.4,0.0));
#12784=DIRECTION('',(-0.0,1.0,0.0));
#12785=DIRECTION('',(1.0,0.0,0.0));
#12786=CARTESIAN_POINT('',(6.35,-0.669999999999998,0.0));
#12787=DIRECTION('',(-0.0,1.0,0.0));
#12788=DIRECTION('',(1.0,0.0,0.0));
#12789=CARTESIAN_POINT('',(6.35,-0.669999999999998,0.0));
#12790=DIRECTION('',(-0.0,1.0,0.0));
#12791=DIRECTION('',(1.0,0.0,0.0));
#12792=CARTESIAN_POINT('',(6.35,-0.67,0.0));
#12793=DIRECTION('',(-0.0,1.0,0.0));
#12794=DIRECTION('',(1.0,0.0,0.0));
#12795=CARTESIAN_POINT('',(6.35,-0.420000000000001,0.0));
#12796=DIRECTION('',(-0.0,1.0,0.0));
#12797=DIRECTION('',(1.0,0.0,0.0));
#12798=CARTESIAN_POINT('',(6.35,0.0,0.0));
#12799=DIRECTION('',(-0.0,1.0,6.12323399573676E-17));
#12800=DIRECTION('',(1.0,0.0,0.0));
#12801=CARTESIAN_POINT('',(6.35,3.33,0.0));
#12802=DIRECTION('',(-0.0,1.0,0.0));
#12803=DIRECTION('',(1.0,0.0,0.0));
#12804=CARTESIAN_POINT('',(6.35,3.33,0.0));
#12805=DIRECTION('',(-0.0,1.0,0.0));
#12806=DIRECTION('',(1.0,0.0,0.0));
#12807=CARTESIAN_POINT('',(6.35,3.48,0.0));
#12808=DIRECTION('',(-0.0,1.0,0.0));
#12809=DIRECTION('',(1.0,0.0,0.0));
#12810=CARTESIAN_POINT('',(6.35,7.175,0.0));
#12811=DIRECTION('',(-0.0,1.0,0.0));
#12812=DIRECTION('',(1.0,0.0,0.0));
#12813=CARTESIAN_POINT('',(6.35,7.49,0.0));
#12814=DIRECTION('',(-0.0,1.0,0.0));
#12815=DIRECTION('',(1.0,0.0,0.0));
#12816=CARTESIAN_POINT('',(6.35,-4.63,0.0));
#12817=DIRECTION('',(-0.0,1.0,0.0));
#12818=DIRECTION('',(1.0,0.0,0.0));
#12819=CARTESIAN_POINT('',(3.81,3.33,0.0));
#12820=DIRECTION('',(-0.0,1.0,0.0));
#12821=DIRECTION('',(1.0,0.0,0.0));
#12822=CARTESIAN_POINT('',(3.81,2.8,0.0));
#12823=DIRECTION('',(0.0,-1.0,-6.12323399573676E-17));
#12824=DIRECTION('',(1.0,0.0,0.0));
#12825=CARTESIAN_POINT('',(3.81,-0.82,0.0));
#12826=DIRECTION('',(-0.0,1.0,0.0));
#12827=DIRECTION('',(1.0,0.0,0.0));
#12828=CARTESIAN_POINT('',(3.81,-4.4,0.0));
#12829=DIRECTION('',(-0.0,1.0,0.0));
#12830=DIRECTION('',(1.0,0.0,0.0));
#12831=CARTESIAN_POINT('',(3.81,-0.669999999999998,0.0));
#12832=DIRECTION('',(-0.0,1.0,0.0));
#12833=DIRECTION('',(1.0,0.0,0.0));
#12834=CARTESIAN_POINT('',(3.81,-0.669999999999998,0.0));
#12835=DIRECTION('',(-0.0,1.0,0.0));
#12836=DIRECTION('',(1.0,0.0,0.0));
#12837=CARTESIAN_POINT('',(3.81,-0.67,0.0));
#12838=DIRECTION('',(-0.0,1.0,0.0));
#12839=DIRECTION('',(1.0,0.0,0.0));
#12840=CARTESIAN_POINT('',(3.81,-0.420000000000001,0.0));
#12841=DIRECTION('',(-0.0,1.0,0.0));
#12842=DIRECTION('',(1.0,0.0,0.0));
#12843=CARTESIAN_POINT('',(3.81,0.0,0.0));
#12844=DIRECTION('',(-0.0,1.0,6.12323399573676E-17));
#12845=DIRECTION('',(1.0,0.0,0.0));
#12846=CARTESIAN_POINT('',(3.81,3.33,0.0));
#12847=DIRECTION('',(-0.0,1.0,0.0));
#12848=DIRECTION('',(1.0,0.0,0.0));
#12849=CARTESIAN_POINT('',(3.81,3.33,0.0));
#12850=DIRECTION('',(-0.0,1.0,0.0));
#12851=DIRECTION('',(1.0,0.0,0.0));
#12852=CARTESIAN_POINT('',(3.81,3.48,0.0));
#12853=DIRECTION('',(-0.0,1.0,0.0));
#12854=DIRECTION('',(1.0,0.0,0.0));
#12855=CARTESIAN_POINT('',(3.81,7.175,0.0));
#12856=DIRECTION('',(-0.0,1.0,0.0));
#12857=DIRECTION('',(1.0,0.0,0.0));
#12858=CARTESIAN_POINT('',(3.81,7.49,0.0));
#12859=DIRECTION('',(-0.0,1.0,0.0));
#12860=DIRECTION('',(1.0,0.0,0.0));
#12861=CARTESIAN_POINT('',(3.81,-4.63,0.0));
#12862=DIRECTION('',(-0.0,1.0,0.0));
#12863=DIRECTION('',(1.0,0.0,0.0));
#12864=CARTESIAN_POINT('',(1.27,3.33,0.0));
#12865=DIRECTION('',(-0.0,1.0,0.0));
#12866=DIRECTION('',(1.0,0.0,0.0));
#12867=CARTESIAN_POINT('',(1.27,2.8,0.0));
#12868=DIRECTION('',(0.0,-1.0,-6.12323399573676E-17));
#12869=DIRECTION('',(1.0,0.0,0.0));
#12870=CARTESIAN_POINT('',(1.27,-0.82,0.0));
#12871=DIRECTION('',(-0.0,1.0,0.0));
#12872=DIRECTION('',(1.0,0.0,0.0));
#12873=CARTESIAN_POINT('',(1.27,-4.4,0.0));
#12874=DIRECTION('',(-0.0,1.0,0.0));
#12875=DIRECTION('',(1.0,0.0,0.0));
#12876=CARTESIAN_POINT('',(1.27,-0.669999999999998,0.0));
#12877=DIRECTION('',(-0.0,1.0,0.0));
#12878=DIRECTION('',(1.0,0.0,0.0));
#12879=CARTESIAN_POINT('',(1.27,-0.669999999999998,0.0));
#12880=DIRECTION('',(-0.0,1.0,0.0));
#12881=DIRECTION('',(1.0,0.0,0.0));
#12882=CARTESIAN_POINT('',(1.27,-0.67,0.0));
#12883=DIRECTION('',(-0.0,1.0,0.0));
#12884=DIRECTION('',(1.0,0.0,0.0));
#12885=CARTESIAN_POINT('',(1.27,-0.420000000000001,0.0));
#12886=DIRECTION('',(-0.0,1.0,0.0));
#12887=DIRECTION('',(1.0,0.0,0.0));
#12888=CARTESIAN_POINT('',(1.27,0.0,0.0));
#12889=DIRECTION('',(-0.0,1.0,6.12323399573676E-17));
#12890=DIRECTION('',(1.0,0.0,0.0));
#12891=CARTESIAN_POINT('',(1.27,3.33,0.0));
#12892=DIRECTION('',(-0.0,1.0,0.0));
#12893=DIRECTION('',(1.0,0.0,0.0));
#12894=CARTESIAN_POINT('',(1.27,3.33,0.0));
#12895=DIRECTION('',(-0.0,1.0,0.0));
#12896=DIRECTION('',(1.0,0.0,0.0));
#12897=CARTESIAN_POINT('',(1.27,3.48,0.0));
#12898=DIRECTION('',(-0.0,1.0,0.0));
#12899=DIRECTION('',(1.0,0.0,0.0));
#12900=CARTESIAN_POINT('',(1.27,7.175,0.0));
#12901=DIRECTION('',(-0.0,1.0,0.0));
#12902=DIRECTION('',(1.0,0.0,0.0));
#12903=CARTESIAN_POINT('',(1.27,7.49,0.0));
#12904=DIRECTION('',(-0.0,1.0,0.0));
#12905=DIRECTION('',(1.0,0.0,0.0));
#12906=CARTESIAN_POINT('',(1.27,-4.63,0.0));
#12907=DIRECTION('',(-0.0,1.0,0.0));
#12908=DIRECTION('',(1.0,0.0,0.0));
#12909=CARTESIAN_POINT('',(-1.27,3.33,0.0));
#12910=DIRECTION('',(-0.0,1.0,0.0));
#12911=DIRECTION('',(1.0,0.0,0.0));
#12912=CARTESIAN_POINT('',(-1.27,2.8,0.0));
#12913=DIRECTION('',(0.0,-1.0,-6.12323399573676E-17));
#12914=DIRECTION('',(1.0,0.0,0.0));
#12915=CARTESIAN_POINT('',(-1.27,-0.82,0.0));
#12916=DIRECTION('',(-0.0,1.0,0.0));
#12917=DIRECTION('',(1.0,0.0,0.0));
#12918=CARTESIAN_POINT('',(-1.27,-4.4,0.0));
#12919=DIRECTION('',(-0.0,1.0,0.0));
#12920=DIRECTION('',(1.0,0.0,0.0));
#12921=CARTESIAN_POINT('',(-1.27,-0.669999999999998,0.0));
#12922=DIRECTION('',(-0.0,1.0,0.0));
#12923=DIRECTION('',(1.0,0.0,0.0));
#12924=CARTESIAN_POINT('',(-1.27,-0.669999999999998,0.0));
#12925=DIRECTION('',(-0.0,1.0,0.0));
#12926=DIRECTION('',(1.0,0.0,0.0));
#12927=CARTESIAN_POINT('',(-1.27,-0.67,0.0));
#12928=DIRECTION('',(-0.0,1.0,0.0));
#12929=DIRECTION('',(1.0,0.0,0.0));
#12930=CARTESIAN_POINT('',(-1.27,-0.420000000000001,0.0));
#12931=DIRECTION('',(-0.0,1.0,0.0));
#12932=DIRECTION('',(1.0,0.0,0.0));
#12933=CARTESIAN_POINT('',(-1.27,0.0,0.0));
#12934=DIRECTION('',(-0.0,1.0,6.12323399573676E-17));
#12935=DIRECTION('',(1.0,0.0,0.0));
#12936=CARTESIAN_POINT('',(-1.27,3.33,0.0));
#12937=DIRECTION('',(-0.0,1.0,0.0));
#12938=DIRECTION('',(1.0,0.0,0.0));
#12939=CARTESIAN_POINT('',(-1.27,3.33,0.0));
#12940=DIRECTION('',(-0.0,1.0,0.0));
#12941=DIRECTION('',(1.0,0.0,0.0));
#12942=CARTESIAN_POINT('',(-1.27,3.48,0.0));
#12943=DIRECTION('',(-0.0,1.0,0.0));
#12944=DIRECTION('',(1.0,0.0,0.0));
#12945=CARTESIAN_POINT('',(-1.27,7.175,0.0));
#12946=DIRECTION('',(-0.0,1.0,0.0));
#12947=DIRECTION('',(1.0,0.0,0.0));
#12948=CARTESIAN_POINT('',(-1.27,7.49,0.0));
#12949=DIRECTION('',(-0.0,1.0,0.0));
#12950=DIRECTION('',(1.0,0.0,0.0));
#12951=CARTESIAN_POINT('',(-1.27,-4.63,0.0));
#12952=DIRECTION('',(-0.0,1.0,0.0));
#12953=DIRECTION('',(1.0,0.0,0.0));
#12954=CARTESIAN_POINT('',(-3.81,3.33,0.0));
#12955=DIRECTION('',(-0.0,1.0,0.0));
#12956=DIRECTION('',(1.0,0.0,0.0));
#12957=CARTESIAN_POINT('',(-3.81,2.8,0.0));
#12958=DIRECTION('',(0.0,-1.0,-6.12323399573676E-17));
#12959=DIRECTION('',(1.0,0.0,0.0));
#12960=CARTESIAN_POINT('',(-3.81,-0.82,0.0));
#12961=DIRECTION('',(-0.0,1.0,0.0));
#12962=DIRECTION('',(1.0,0.0,0.0));
#12963=CARTESIAN_POINT('',(-3.81,-4.4,0.0));
#12964=DIRECTION('',(-0.0,1.0,0.0));
#12965=DIRECTION('',(1.0,0.0,0.0));
#12966=CARTESIAN_POINT('',(-3.81,-0.669999999999998,0.0));
#12967=DIRECTION('',(-0.0,1.0,0.0));
#12968=DIRECTION('',(1.0,0.0,0.0));
#12969=CARTESIAN_POINT('',(-3.81,-0.669999999999998,0.0));
#12970=DIRECTION('',(-0.0,1.0,0.0));
#12971=DIRECTION('',(1.0,0.0,0.0));
#12972=CARTESIAN_POINT('',(-3.81,-0.67,0.0));
#12973=DIRECTION('',(-0.0,1.0,0.0));
#12974=DIRECTION('',(1.0,0.0,0.0));
#12975=CARTESIAN_POINT('',(-3.81,-0.420000000000001,0.0));
#12976=DIRECTION('',(-0.0,1.0,0.0));
#12977=DIRECTION('',(1.0,0.0,0.0));
#12978=CARTESIAN_POINT('',(-3.81,0.0,0.0));
#12979=DIRECTION('',(-0.0,1.0,6.12323399573676E-17));
#12980=DIRECTION('',(1.0,0.0,0.0));
#12981=CARTESIAN_POINT('',(-3.81,3.33,0.0));
#12982=DIRECTION('',(-0.0,1.0,0.0));
#12983=DIRECTION('',(1.0,0.0,0.0));
#12984=CARTESIAN_POINT('',(-3.81,3.33,0.0));
#12985=DIRECTION('',(-0.0,1.0,0.0));
#12986=DIRECTION('',(1.0,0.0,0.0));
#12987=CARTESIAN_POINT('',(-3.81,3.48,0.0));
#12988=DIRECTION('',(-0.0,1.0,0.0));
#12989=DIRECTION('',(1.0,0.0,0.0));
#12990=CARTESIAN_POINT('',(-3.81,7.175,0.0));
#12991=DIRECTION('',(-0.0,1.0,0.0));
#12992=DIRECTION('',(1.0,0.0,0.0));
#12993=CARTESIAN_POINT('',(-3.81,7.49,0.0));
#12994=DIRECTION('',(-0.0,1.0,0.0));
#12995=DIRECTION('',(1.0,0.0,0.0));
#12996=CARTESIAN_POINT('',(-3.81,-4.63,0.0));
#12997=DIRECTION('',(-0.0,1.0,0.0));
#12998=DIRECTION('',(1.0,0.0,0.0));
#12999=CARTESIAN_POINT('',(-6.35,3.33,0.0));
#13000=DIRECTION('',(-0.0,1.0,0.0));
#13001=DIRECTION('',(1.0,0.0,0.0));
#13002=CARTESIAN_POINT('',(-6.35,2.8,0.0));
#13003=DIRECTION('',(0.0,-1.0,-6.12323399573676E-17));
#13004=DIRECTION('',(1.0,0.0,0.0));
#13005=CARTESIAN_POINT('',(-6.35,-0.82,0.0));
#13006=DIRECTION('',(-0.0,1.0,0.0));
#13007=DIRECTION('',(1.0,0.0,0.0));
#13008=CARTESIAN_POINT('',(-6.35,-4.4,0.0));
#13009=DIRECTION('',(-0.0,1.0,0.0));
#13010=DIRECTION('',(1.0,0.0,0.0));
#13011=CARTESIAN_POINT('',(-6.35,-0.669999999999998,0.0));
#13012=DIRECTION('',(-0.0,1.0,0.0));
#13013=DIRECTION('',(1.0,0.0,0.0));
#13014=CARTESIAN_POINT('',(-6.35,-0.669999999999998,0.0));
#13015=DIRECTION('',(-0.0,1.0,0.0));
#13016=DIRECTION('',(1.0,0.0,0.0));
#13017=CARTESIAN_POINT('',(-6.35,-0.67,0.0));
#13018=DIRECTION('',(-0.0,1.0,0.0));
#13019=DIRECTION('',(1.0,0.0,0.0));
#13020=CARTESIAN_POINT('',(-6.35,-0.420000000000001,0.0));
#13021=DIRECTION('',(-0.0,1.0,0.0));
#13022=DIRECTION('',(1.0,0.0,0.0));
#13023=CARTESIAN_POINT('',(-6.35,0.0,0.0));
#13024=DIRECTION('',(-0.0,1.0,6.12323399573676E-17));
#13025=DIRECTION('',(1.0,0.0,0.0));
#13026=CARTESIAN_POINT('',(-6.35,3.33,0.0));
#13027=DIRECTION('',(-0.0,1.0,0.0));
#13028=DIRECTION('',(1.0,0.0,0.0));
#13029=CARTESIAN_POINT('',(-6.35,3.33,0.0));
#13030=DIRECTION('',(-0.0,1.0,0.0));
#13031=DIRECTION('',(1.0,0.0,0.0));
#13032=CARTESIAN_POINT('',(-6.35,3.48,0.0));
#13033=DIRECTION('',(-0.0,1.0,0.0));
#13034=DIRECTION('',(1.0,0.0,0.0));
#13035=CARTESIAN_POINT('',(-6.35,7.175,0.0));
#13036=DIRECTION('',(-0.0,1.0,0.0));
#13037=DIRECTION('',(1.0,0.0,0.0));
#13038=CARTESIAN_POINT('',(-6.35,7.49,0.0));
#13039=DIRECTION('',(-0.0,1.0,0.0));
#13040=DIRECTION('',(1.0,0.0,0.0));
#13041=CARTESIAN_POINT('',(-6.35,-4.63,0.0));
#13042=DIRECTION('',(-0.0,1.0,0.0));
#13043=DIRECTION('',(1.0,0.0,0.0));
#13044=CARTESIAN_POINT('',(-8.89,3.33,0.0));
#13045=DIRECTION('',(-0.0,1.0,0.0));
#13046=DIRECTION('',(1.0,0.0,0.0));
#13047=CARTESIAN_POINT('',(-8.89,2.8,0.0));
#13048=DIRECTION('',(0.0,-1.0,-6.12323399573676E-17));
#13049=DIRECTION('',(1.0,0.0,0.0));
#13050=CARTESIAN_POINT('',(-8.89,-0.82,0.0));
#13051=DIRECTION('',(-0.0,1.0,0.0));
#13052=DIRECTION('',(1.0,0.0,0.0));
#13053=CARTESIAN_POINT('',(-8.89,-4.4,0.0));
#13054=DIRECTION('',(-0.0,1.0,0.0));
#13055=DIRECTION('',(1.0,0.0,0.0));
#13056=CARTESIAN_POINT('',(-8.89,-0.669999999999998,0.0));
#13057=DIRECTION('',(-0.0,1.0,0.0));
#13058=DIRECTION('',(1.0,0.0,0.0));
#13059=CARTESIAN_POINT('',(-8.89,-0.669999999999998,0.0));
#13060=DIRECTION('',(-0.0,1.0,0.0));
#13061=DIRECTION('',(1.0,0.0,0.0));
#13062=CARTESIAN_POINT('',(-8.89,-0.67,0.0));
#13063=DIRECTION('',(-0.0,1.0,0.0));
#13064=DIRECTION('',(1.0,0.0,0.0));
#13065=CARTESIAN_POINT('',(-8.89,-0.420000000000001,0.0));
#13066=DIRECTION('',(-0.0,1.0,0.0));
#13067=DIRECTION('',(1.0,0.0,0.0));
#13068=CARTESIAN_POINT('',(-8.89,0.0,0.0));
#13069=DIRECTION('',(-0.0,1.0,6.12323399573676E-17));
#13070=DIRECTION('',(1.0,0.0,0.0));
#13071=CARTESIAN_POINT('',(-8.89,3.33,0.0));
#13072=DIRECTION('',(-0.0,1.0,0.0));
#13073=DIRECTION('',(1.0,0.0,0.0));
#13074=CARTESIAN_POINT('',(-8.89,3.33,0.0));
#13075=DIRECTION('',(-0.0,1.0,0.0));
#13076=DIRECTION('',(1.0,0.0,0.0));
#13077=CARTESIAN_POINT('',(-8.89,3.48,0.0));
#13078=DIRECTION('',(-0.0,1.0,0.0));
#13079=DIRECTION('',(1.0,0.0,0.0));
#13080=CARTESIAN_POINT('',(-8.89,7.175,0.0));
#13081=DIRECTION('',(-0.0,1.0,0.0));
#13082=DIRECTION('',(1.0,0.0,0.0));
#13083=CARTESIAN_POINT('',(-8.89,7.49,0.0));
#13084=DIRECTION('',(-0.0,1.0,0.0));
#13085=DIRECTION('',(1.0,0.0,0.0));
#13086=CARTESIAN_POINT('',(-8.89,-4.63,0.0));
#13087=DIRECTION('',(-0.0,1.0,0.0));
#13088=DIRECTION('',(1.0,0.0,0.0));
#13089=CARTESIAN_POINT('',(-11.43,3.33,0.0));
#13090=DIRECTION('',(-0.0,1.0,0.0));
#13091=DIRECTION('',(1.0,0.0,0.0));
#13092=CARTESIAN_POINT('',(-11.43,2.8,0.0));
#13093=DIRECTION('',(0.0,-1.0,-6.12323399573676E-17));
#13094=DIRECTION('',(1.0,0.0,0.0));
#13095=CARTESIAN_POINT('',(-11.43,-0.82,0.0));
#13096=DIRECTION('',(-0.0,1.0,0.0));
#13097=DIRECTION('',(1.0,0.0,0.0));
#13098=CARTESIAN_POINT('',(-11.43,-4.4,0.0));
#13099=DIRECTION('',(-0.0,1.0,0.0));
#13100=DIRECTION('',(1.0,0.0,0.0));
#13101=CARTESIAN_POINT('',(-11.43,-0.669999999999998,0.0));
#13102=DIRECTION('',(-0.0,1.0,0.0));
#13103=DIRECTION('',(1.0,0.0,0.0));
#13104=CARTESIAN_POINT('',(-11.43,-0.669999999999998,0.0));
#13105=DIRECTION('',(-0.0,1.0,0.0));
#13106=DIRECTION('',(1.0,0.0,0.0));
#13107=CARTESIAN_POINT('',(-11.43,-0.67,0.0));
#13108=DIRECTION('',(-0.0,1.0,0.0));
#13109=DIRECTION('',(1.0,0.0,0.0));
#13110=CARTESIAN_POINT('',(-11.43,-0.420000000000001,0.0));
#13111=DIRECTION('',(-0.0,1.0,0.0));
#13112=DIRECTION('',(1.0,0.0,0.0));
#13113=CARTESIAN_POINT('',(-11.43,0.0,0.0));
#13114=DIRECTION('',(-0.0,1.0,6.12323399573676E-17));
#13115=DIRECTION('',(1.0,0.0,0.0));
#13116=CARTESIAN_POINT('',(-11.43,3.33,0.0));
#13117=DIRECTION('',(-0.0,1.0,0.0));
#13118=DIRECTION('',(1.0,0.0,0.0));
#13119=CARTESIAN_POINT('',(-11.43,3.33,0.0));
#13120=DIRECTION('',(-0.0,1.0,0.0));
#13121=DIRECTION('',(1.0,0.0,0.0));
#13122=CARTESIAN_POINT('',(-11.43,3.48,0.0));
#13123=DIRECTION('',(-0.0,1.0,0.0));
#13124=DIRECTION('',(1.0,0.0,0.0));
#13125=CARTESIAN_POINT('',(-11.43,7.175,0.0));
#13126=DIRECTION('',(-0.0,1.0,0.0));
#13127=DIRECTION('',(1.0,0.0,0.0));
#13128=CARTESIAN_POINT('',(-11.43,7.49,0.0));
#13129=DIRECTION('',(-0.0,1.0,0.0));
#13130=DIRECTION('',(1.0,0.0,0.0));
#13131=CARTESIAN_POINT('',(-11.43,-4.63,0.0));
#13132=DIRECTION('',(-0.0,1.0,0.0));
#13133=DIRECTION('',(1.0,0.0,0.0));
#13134=CARTESIAN_POINT('',(-13.97,3.33,0.0));
#13135=DIRECTION('',(-0.0,1.0,0.0));
#13136=DIRECTION('',(1.0,0.0,0.0));
#13137=CARTESIAN_POINT('',(-13.97,2.8,0.0));
#13138=DIRECTION('',(0.0,-1.0,-6.12323399573676E-17));
#13139=DIRECTION('',(1.0,0.0,0.0));
#13140=CARTESIAN_POINT('',(-13.97,-0.82,0.0));
#13141=DIRECTION('',(-0.0,1.0,0.0));
#13142=DIRECTION('',(1.0,0.0,0.0));
#13143=CARTESIAN_POINT('',(-13.97,-4.4,0.0));
#13144=DIRECTION('',(-0.0,1.0,0.0));
#13145=DIRECTION('',(1.0,0.0,0.0));
#13146=CARTESIAN_POINT('',(-13.97,-0.669999999999998,0.0));
#13147=DIRECTION('',(-0.0,1.0,0.0));
#13148=DIRECTION('',(1.0,0.0,0.0));
#13149=CARTESIAN_POINT('',(-13.97,-0.669999999999998,0.0));
#13150=DIRECTION('',(-0.0,1.0,0.0));
#13151=DIRECTION('',(1.0,0.0,0.0));
#13152=CARTESIAN_POINT('',(-13.97,-0.67,0.0));
#13153=DIRECTION('',(-0.0,1.0,0.0));
#13154=DIRECTION('',(1.0,0.0,0.0));
#13155=CARTESIAN_POINT('',(-13.97,-0.420000000000001,0.0));
#13156=DIRECTION('',(-0.0,1.0,0.0));
#13157=DIRECTION('',(1.0,0.0,0.0));
#13158=CARTESIAN_POINT('',(-13.97,0.0,0.0));
#13159=DIRECTION('',(-0.0,1.0,6.12323399573676E-17));
#13160=DIRECTION('',(1.0,0.0,0.0));
#13161=CARTESIAN_POINT('',(-13.97,3.33,0.0));
#13162=DIRECTION('',(-0.0,1.0,0.0));
#13163=DIRECTION('',(1.0,0.0,0.0));
#13164=CARTESIAN_POINT('',(-13.97,3.33,0.0));
#13165=DIRECTION('',(-0.0,1.0,0.0));
#13166=DIRECTION('',(1.0,0.0,0.0));
#13167=CARTESIAN_POINT('',(-13.97,3.48,0.0));
#13168=DIRECTION('',(-0.0,1.0,0.0));
#13169=DIRECTION('',(1.0,0.0,0.0));
#13170=CARTESIAN_POINT('',(-13.97,7.175,0.0));
#13171=DIRECTION('',(-0.0,1.0,0.0));
#13172=DIRECTION('',(1.0,0.0,0.0));
#13173=CARTESIAN_POINT('',(-13.97,7.49,0.0));
#13174=DIRECTION('',(-0.0,1.0,0.0));
#13175=DIRECTION('',(1.0,0.0,0.0));
#13176=CARTESIAN_POINT('',(-13.97,-4.63,0.0));
#13177=DIRECTION('',(-0.0,1.0,0.0));
#13178=DIRECTION('',(1.0,0.0,0.0));
#13179=CARTESIAN_POINT('',(-16.51,3.33,0.0));
#13180=DIRECTION('',(-0.0,1.0,0.0));
#13181=DIRECTION('',(1.0,0.0,0.0));
#13182=CARTESIAN_POINT('',(-16.51,2.8,0.0));
#13183=DIRECTION('',(0.0,-1.0,-6.12323399573676E-17));
#13184=DIRECTION('',(1.0,0.0,0.0));
#13185=CARTESIAN_POINT('',(-16.51,-0.82,0.0));
#13186=DIRECTION('',(-0.0,1.0,0.0));
#13187=DIRECTION('',(1.0,0.0,0.0));
#13188=CARTESIAN_POINT('',(-16.51,-4.4,0.0));
#13189=DIRECTION('',(-0.0,1.0,0.0));
#13190=DIRECTION('',(1.0,0.0,0.0));
#13191=CARTESIAN_POINT('',(-16.51,-0.669999999999998,0.0));
#13192=DIRECTION('',(-0.0,1.0,0.0));
#13193=DIRECTION('',(1.0,0.0,0.0));
#13194=CARTESIAN_POINT('',(-16.51,-0.669999999999998,0.0));
#13195=DIRECTION('',(-0.0,1.0,0.0));
#13196=DIRECTION('',(1.0,0.0,0.0));
#13197=CARTESIAN_POINT('',(-16.51,-0.67,0.0));
#13198=DIRECTION('',(-0.0,1.0,0.0));
#13199=DIRECTION('',(1.0,0.0,0.0));
#13200=CARTESIAN_POINT('',(-16.51,-0.420000000000001,0.0));
#13201=DIRECTION('',(-0.0,1.0,0.0));
#13202=DIRECTION('',(1.0,0.0,0.0));
#13203=CARTESIAN_POINT('',(-16.51,0.0,0.0));
#13204=DIRECTION('',(-0.0,1.0,6.12323399573676E-17));
#13205=DIRECTION('',(1.0,0.0,0.0));
#13206=CARTESIAN_POINT('',(-16.51,3.33,0.0));
#13207=DIRECTION('',(-0.0,1.0,0.0));
#13208=DIRECTION('',(1.0,0.0,0.0));
#13209=CARTESIAN_POINT('',(-16.51,3.33,0.0));
#13210=DIRECTION('',(-0.0,1.0,0.0));
#13211=DIRECTION('',(1.0,0.0,0.0));
#13212=CARTESIAN_POINT('',(-16.51,3.48,0.0));
#13213=DIRECTION('',(-0.0,1.0,0.0));
#13214=DIRECTION('',(1.0,0.0,0.0));
#13215=CARTESIAN_POINT('',(-16.51,7.175,0.0));
#13216=DIRECTION('',(-0.0,1.0,0.0));
#13217=DIRECTION('',(1.0,0.0,0.0));
#13218=CARTESIAN_POINT('',(-16.51,7.49,0.0));
#13219=DIRECTION('',(-0.0,1.0,0.0));
#13220=DIRECTION('',(1.0,0.0,0.0));
#13221=CARTESIAN_POINT('',(-16.51,-4.63,0.0));
#13222=DIRECTION('',(-0.0,1.0,0.0));
#13223=DIRECTION('',(1.0,0.0,0.0));
#13224=DIRECTION('',(0.0,1.0,6.12323399573676E-17));
#13225=DIRECTION('',(1.0,2.76575825631348E-32,-4.51682600769318E-16));
#13226=DIRECTION('',(0.0,1.0,6.12323399573676E-17));
#13227=DIRECTION('',(-1.0,-2.76575825631348E-32,4.51682600769318E-16));
#13228=DIRECTION('',(1.0,0.0,0.0));
#13229=DIRECTION('',(0.0,1.0,6.12323399573676E-17));
#13230=DIRECTION('',(1.0,0.0,0.0));
#13231=DIRECTION('',(0.0,1.0,6.12323399573676E-17));
#13232=DIRECTION('',(0.422618261740696,-5.54953465218378E-17,0.906307787036652));
#13233=DIRECTION('',(0.0,1.0,6.12323399573676E-17));
#13234=DIRECTION('',(0.422618261740696,-5.54953465218378E-17,0.906307787036652));
#13235=DIRECTION('',(0.0,-6.12323399573676E-17,1.0));
#13236=DIRECTION('',(0.0,1.0,6.12323399573676E-17));
#13237=DIRECTION('',(0.0,-6.12323399573676E-17,1.0));
#13238=DIRECTION('',(-0.422618261740696,-5.54953465218378E-17,0.906307787036651));
#13239=DIRECTION('',(0.0,1.0,6.12323399573676E-17));
#13240=DIRECTION('',(-0.422618261740696,-5.54953465218378E-17,0.906307787036651));
#13241=DIRECTION('',(-1.0,0.0,0.0));
#13242=DIRECTION('',(0.0,1.0,6.12323399573676E-17));
#13243=DIRECTION('',(-1.0,0.0,0.0));
#13244=DIRECTION('',(-0.422618261740703,5.54953465218376E-17,-0.906307787036648));
#13245=DIRECTION('',(0.0,1.0,6.12323399573676E-17));
#13246=DIRECTION('',(-0.422618261740703,5.54953465218376E-17,-0.906307787036648));
#13247=DIRECTION('',(0.0,1.0,6.12323399573676E-17));
#13248=DIRECTION('',(-1.0,0.0,0.0));
#13249=DIRECTION('',(-1.0,0.0,0.0));
#13250=DIRECTION('',(0.422618261740703,5.54953465218376E-17,-0.906307787036648));
#13251=DIRECTION('',(0.422618261740703,5.54953465218376E-17,-0.906307787036648));
#13252=DIRECTION('',(-0.422618261740703,-5.54953465218376E-17,0.906307787036648));
#13253=DIRECTION('',(0.422618261740703,-5.54953465218376E-17,0.906307787036648));
#13254=DIRECTION('',(1.0,0.0,0.0));
#13255=DIRECTION('',(0.422618261740703,5.54953465218376E-17,-0.906307787036648));
#13256=DIRECTION('',(1.0,0.0,0.0));
#13257=DIRECTION('',(0.422618261740703,-5.54953465218376E-17,0.906307787036648));
#13258=DIRECTION('',(1.0,0.0,0.0));
#13259=DIRECTION('',(0.422618261740703,5.54953465218376E-17,-0.906307787036648));
#13260=DIRECTION('',(1.0,0.0,0.0));
#13261=DIRECTION('',(0.422618261740703,-5.54953465218376E-17,0.906307787036648));
#13262=DIRECTION('',(1.0,0.0,0.0));
#13263=DIRECTION('',(0.422618261740703,5.54953465218376E-17,-0.906307787036648));
#13264=DIRECTION('',(1.0,0.0,0.0));
#13265=DIRECTION('',(0.422618261740703,-5.54953465218376E-17,0.906307787036648));
#13266=DIRECTION('',(1.0,0.0,0.0));
#13267=DIRECTION('',(0.422618261740703,5.54953465218376E-17,-0.906307787036648));
#13268=DIRECTION('',(1.0,0.0,0.0));
#13269=DIRECTION('',(0.422618261740703,-5.54953465218376E-17,0.906307787036648));
#13270=DIRECTION('',(1.0,0.0,0.0));
#13271=DIRECTION('',(0.422618261740703,5.54953465218376E-17,-0.906307787036648));
#13272=DIRECTION('',(1.0,0.0,0.0));
#13273=DIRECTION('',(0.422618261740703,-5.54953465218376E-17,0.906307787036648));
#13274=DIRECTION('',(1.0,0.0,0.0));
#13275=DIRECTION('',(0.422618261740703,5.54953465218376E-17,-0.906307787036648));
#13276=DIRECTION('',(1.0,0.0,0.0));
#13277=DIRECTION('',(0.422618261740703,-5.54953465218376E-17,0.906307787036648));
#13278=DIRECTION('',(1.0,0.0,0.0));
#13279=DIRECTION('',(0.422618261740703,5.54953465218376E-17,-0.906307787036648));
#13280=DIRECTION('',(1.0,0.0,0.0));
#13281=DIRECTION('',(0.422618261740703,-5.54953465218376E-17,0.906307787036648));
#13282=DIRECTION('',(1.0,0.0,0.0));
#13283=DIRECTION('',(0.422618261740703,5.54953465218376E-17,-0.906307787036648));
#13284=DIRECTION('',(1.0,0.0,0.0));
#13285=DIRECTION('',(0.422618261740703,-5.54953465218376E-17,0.906307787036648));
#13286=DIRECTION('',(1.0,0.0,0.0));
#13287=DIRECTION('',(0.422618261740703,5.54953465218376E-17,-0.906307787036648));
#13288=DIRECTION('',(1.0,0.0,0.0));
#13289=DIRECTION('',(0.422618261740703,-5.54953465218376E-17,0.906307787036648));
#13290=DIRECTION('',(1.0,0.0,0.0));
#13291=DIRECTION('',(0.422618261740703,5.54953465218376E-17,-0.906307787036648));
#13292=DIRECTION('',(1.0,0.0,0.0));
#13293=DIRECTION('',(0.422618261740703,-5.54953465218376E-17,0.906307787036648));
#13294=DIRECTION('',(1.0,0.0,0.0));
#13295=DIRECTION('',(0.422618261740703,5.54953465218376E-17,-0.906307787036648));
#13296=DIRECTION('',(1.0,0.0,0.0));
#13297=DIRECTION('',(0.422618261740703,-5.54953465218376E-17,0.906307787036648));
#13298=DIRECTION('',(1.0,0.0,0.0));
#13299=DIRECTION('',(0.422618261740703,5.54953465218376E-17,-0.906307787036648));
#13300=DIRECTION('',(1.0,0.0,0.0));
#13301=DIRECTION('',(0.422618261740703,-5.54953465218376E-17,0.906307787036648));
#13302=DIRECTION('',(1.0,0.0,0.0));
#13303=DIRECTION('',(0.422618261740699,5.54953465218377E-17,-0.90630778703665));
#13304=DIRECTION('',(0.0,6.12323399573676E-17,-1.0));
#13305=DIRECTION('',(-0.422618261740699,5.54953465218377E-17,-0.90630778703665));
#13306=DIRECTION('',(-1.0,0.0,0.0));
#13307=DIRECTION('',(-0.422618261740703,-5.54953465218376E-17,0.906307787036648));
#13308=DIRECTION('',(-1.0,0.0,0.0));
#13309=DIRECTION('',(-0.422618261740703,5.54953465218376E-17,-0.906307787036648));
#13310=DIRECTION('',(-1.0,0.0,0.0));
#13311=DIRECTION('',(-0.422618261740703,-5.54953465218376E-17,0.906307787036648));
#13312=DIRECTION('',(-1.0,0.0,0.0));
#13313=DIRECTION('',(-0.422618261740703,5.54953465218376E-17,-0.906307787036648));
#13314=DIRECTION('',(-1.0,0.0,0.0));
#13315=DIRECTION('',(-0.422618261740703,-5.54953465218376E-17,0.906307787036648));
#13316=DIRECTION('',(-1.0,0.0,0.0));
#13317=DIRECTION('',(-0.422618261740703,5.54953465218376E-17,-0.906307787036648));
#13318=DIRECTION('',(-1.0,0.0,0.0));
#13319=DIRECTION('',(-0.422618261740703,-5.54953465218376E-17,0.906307787036648));
#13320=DIRECTION('',(-1.0,0.0,0.0));
#13321=DIRECTION('',(-0.422618261740703,5.54953465218376E-17,-0.906307787036648));
#13322=DIRECTION('',(-1.0,0.0,0.0));
#13323=DIRECTION('',(-0.422618261740703,-5.54953465218376E-17,0.906307787036648));
#13324=DIRECTION('',(-1.0,0.0,0.0));
#13325=DIRECTION('',(-0.422618261740703,5.54953465218376E-17,-0.906307787036648));
#13326=DIRECTION('',(-1.0,0.0,0.0));
#13327=DIRECTION('',(-0.422618261740703,-5.54953465218376E-17,0.906307787036648));
#13328=DIRECTION('',(-1.0,0.0,0.0));
#13329=DIRECTION('',(-0.422618261740703,5.54953465218376E-17,-0.906307787036648));
#13330=DIRECTION('',(-1.0,0.0,0.0));
#13331=DIRECTION('',(-0.422618261740703,-5.54953465218376E-17,0.906307787036648));
#13332=DIRECTION('',(-1.0,0.0,0.0));
#13333=DIRECTION('',(-0.422618261740703,5.54953465218376E-17,-0.906307787036648));
#13334=DIRECTION('',(-1.0,0.0,0.0));
#13335=DIRECTION('',(-0.422618261740703,-5.54953465218376E-17,0.906307787036648));
#13336=DIRECTION('',(-1.0,0.0,0.0));
#13337=DIRECTION('',(-0.422618261740703,5.54953465218376E-17,-0.906307787036648));
#13338=DIRECTION('',(-1.0,0.0,0.0));
#13339=DIRECTION('',(-0.422618261740703,-5.54953465218376E-17,0.906307787036648));
#13340=DIRECTION('',(-1.0,0.0,0.0));
#13341=DIRECTION('',(-0.422618261740703,5.54953465218376E-17,-0.906307787036648));
#13342=DIRECTION('',(-1.0,0.0,0.0));
#13343=DIRECTION('',(-0.422618261740703,-5.54953465218376E-17,0.906307787036648));
#13344=DIRECTION('',(-1.0,0.0,0.0));
#13345=DIRECTION('',(-0.422618261740703,5.54953465218376E-17,-0.906307787036648));
#13346=DIRECTION('',(-1.0,0.0,0.0));
#13347=DIRECTION('',(-0.422618261740703,-5.54953465218376E-17,0.906307787036648));
#13348=DIRECTION('',(-1.0,0.0,0.0));
#13349=DIRECTION('',(-0.422618261740703,5.54953465218376E-17,-0.906307787036648));
#13350=DIRECTION('',(-1.0,0.0,0.0));
#13351=DIRECTION('',(-0.422618261740703,-5.54953465218376E-17,0.906307787036648));
#13352=DIRECTION('',(-1.0,0.0,0.0));
#13353=DIRECTION('',(-0.422618261740703,5.54953465218376E-17,-0.906307787036648));
#13354=DIRECTION('',(-1.0,0.0,0.0));
#13355=DIRECTION('',(0.0,1.0,6.12323399573676E-17));
#13356=DIRECTION('',(0.0,1.0,6.12323399573676E-17));
#13357=DIRECTION('',(-1.0,0.0,0.0));
#13358=DIRECTION('',(0.0,1.0,6.12323399573676E-17));
#13359=DIRECTION('',(0.422618261740703,-5.54953465218376E-17,0.906307787036648));
#13360=DIRECTION('',(0.0,1.0,6.12323399573676E-17));
#13361=DIRECTION('',(0.0,1.0,6.12323399573676E-17));
#13362=DIRECTION('',(-1.0,0.0,0.0));
#13363=DIRECTION('',(0.0,1.0,6.12323399573676E-17));
#13364=DIRECTION('',(-0.422618261740703,-5.54953465218376E-17,0.906307787036648));
#13365=DIRECTION('',(0.0,1.0,6.12323399573676E-17));
#13366=DIRECTION('',(-1.0,0.0,0.0));
#13367=DIRECTION('',(-0.422618261740703,5.54953465218376E-17,-0.906307787036648));
#13368=DIRECTION('',(0.0,1.0,6.12323399573676E-17));
#13369=DIRECTION('',(0.422618261740703,5.54953465218376E-17,-0.906307787036648));
#13370=DIRECTION('',(1.0,0.0,0.0));
#13371=DIRECTION('',(0.0,1.0,6.12323399573676E-17));
#13372=DIRECTION('',(0.0,1.0,6.12323399573676E-17));
#13373=DIRECTION('',(-1.0,0.0,0.0));
#13374=DIRECTION('',(0.0,1.0,6.12323399573676E-17));
#13375=DIRECTION('',(0.422618261740703,-5.54953465218376E-17,0.906307787036648));
#13376=DIRECTION('',(0.0,1.0,6.12323399573676E-17));
#13377=DIRECTION('',(0.0,1.0,6.12323399573676E-17));
#13378=DIRECTION('',(-1.0,0.0,0.0));
#13379=DIRECTION('',(0.0,1.0,6.12323399573676E-17));
#13380=DIRECTION('',(-0.422618261740703,-5.54953465218376E-17,0.906307787036648));
#13381=DIRECTION('',(0.0,1.0,6.12323399573676E-17));
#13382=DIRECTION('',(-1.0,0.0,0.0));
#13383=DIRECTION('',(-0.422618261740703,5.54953465218376E-17,-0.906307787036648));
#13384=DIRECTION('',(0.0,1.0,6.12323399573676E-17));
#13385=DIRECTION('',(0.422618261740703,5.54953465218376E-17,-0.906307787036648));
#13386=DIRECTION('',(1.0,0.0,0.0));
#13387=DIRECTION('',(0.0,1.0,6.12323399573676E-17));
#13388=DIRECTION('',(0.0,1.0,6.12323399573676E-17));
#13389=DIRECTION('',(-1.0,0.0,0.0));
#13390=DIRECTION('',(0.0,1.0,6.12323399573676E-17));
#13391=DIRECTION('',(0.422618261740703,-5.54953465218376E-17,0.906307787036648));
#13392=DIRECTION('',(0.0,1.0,6.12323399573676E-17));
#13393=DIRECTION('',(0.0,1.0,6.12323399573676E-17));
#13394=DIRECTION('',(-1.0,0.0,0.0));
#13395=DIRECTION('',(0.0,1.0,6.12323399573676E-17));
#13396=DIRECTION('',(-0.422618261740703,-5.54953465218376E-17,0.906307787036648));
#13397=DIRECTION('',(0.0,1.0,6.12323399573676E-17));
#13398=DIRECTION('',(-1.0,0.0,0.0));
#13399=DIRECTION('',(-0.422618261740703,5.54953465218376E-17,-0.906307787036648));
#13400=DIRECTION('',(0.0,1.0,6.12323399573676E-17));
#13401=DIRECTION('',(0.422618261740703,5.54953465218376E-17,-0.906307787036648));
#13402=DIRECTION('',(1.0,0.0,0.0));
#13403=DIRECTION('',(0.0,1.0,6.12323399573676E-17));
#13404=DIRECTION('',(0.0,1.0,6.12323399573676E-17));
#13405=DIRECTION('',(-1.0,0.0,0.0));
#13406=DIRECTION('',(0.0,1.0,6.12323399573676E-17));
#13407=DIRECTION('',(0.422618261740703,-5.54953465218376E-17,0.906307787036648));
#13408=DIRECTION('',(0.0,1.0,6.12323399573676E-17));
#13409=DIRECTION('',(0.0,1.0,6.12323399573676E-17));
#13410=DIRECTION('',(-1.0,0.0,0.0));
#13411=DIRECTION('',(0.0,1.0,6.12323399573676E-17));
#13412=DIRECTION('',(-0.422618261740703,-5.54953465218376E-17,0.906307787036648));
#13413=DIRECTION('',(0.0,1.0,6.12323399573676E-17));
#13414=DIRECTION('',(-1.0,0.0,0.0));
#13415=DIRECTION('',(-0.422618261740703,5.54953465218376E-17,-0.906307787036648));
#13416=DIRECTION('',(0.0,1.0,6.12323399573676E-17));
#13417=DIRECTION('',(0.422618261740703,5.54953465218376E-17,-0.906307787036648));
#13418=DIRECTION('',(1.0,0.0,0.0));
#13419=DIRECTION('',(0.0,1.0,6.12323399573676E-17));
#13420=DIRECTION('',(0.0,1.0,6.12323399573676E-17));
#13421=DIRECTION('',(-1.0,0.0,0.0));
#13422=DIRECTION('',(0.0,1.0,6.12323399573676E-17));
#13423=DIRECTION('',(0.422618261740703,-5.54953465218376E-17,0.906307787036648));
#13424=DIRECTION('',(0.0,1.0,6.12323399573676E-17));
#13425=DIRECTION('',(0.0,1.0,6.12323399573676E-17));
#13426=DIRECTION('',(-1.0,0.0,0.0));
#13427=DIRECTION('',(0.0,1.0,6.12323399573676E-17));
#13428=DIRECTION('',(-0.422618261740703,-5.54953465218376E-17,0.906307787036648));
#13429=DIRECTION('',(0.0,1.0,6.12323399573676E-17));
#13430=DIRECTION('',(-1.0,0.0,0.0));
#13431=DIRECTION('',(-0.422618261740703,5.54953465218376E-17,-0.906307787036648));
#13432=DIRECTION('',(0.0,1.0,6.12323399573676E-17));
#13433=DIRECTION('',(0.422618261740703,5.54953465218376E-17,-0.906307787036648));
#13434=DIRECTION('',(1.0,0.0,0.0));
#13435=DIRECTION('',(0.0,1.0,6.12323399573676E-17));
#13436=DIRECTION('',(0.0,1.0,6.12323399573676E-17));
#13437=DIRECTION('',(-1.0,0.0,0.0));
#13438=DIRECTION('',(0.0,1.0,6.12323399573676E-17));
#13439=DIRECTION('',(0.422618261740703,-5.54953465218376E-17,0.906307787036648));
#13440=DIRECTION('',(0.0,1.0,6.12323399573676E-17));
#13441=DIRECTION('',(0.0,1.0,6.12323399573676E-17));
#13442=DIRECTION('',(-1.0,0.0,0.0));
#13443=DIRECTION('',(0.0,1.0,6.12323399573676E-17));
#13444=DIRECTION('',(-0.422618261740703,-5.54953465218376E-17,0.906307787036648));
#13445=DIRECTION('',(0.0,1.0,6.12323399573676E-17));
#13446=DIRECTION('',(-1.0,0.0,0.0));
#13447=DIRECTION('',(-0.422618261740703,5.54953465218376E-17,-0.906307787036648));
#13448=DIRECTION('',(0.0,1.0,6.12323399573676E-17));
#13449=DIRECTION('',(0.422618261740703,5.54953465218376E-17,-0.906307787036648));
#13450=DIRECTION('',(1.0,0.0,0.0));
#13451=DIRECTION('',(0.0,1.0,6.12323399573676E-17));
#13452=DIRECTION('',(0.0,1.0,6.12323399573676E-17));
#13453=DIRECTION('',(-1.0,0.0,0.0));
#13454=DIRECTION('',(0.0,1.0,6.12323399573676E-17));
#13455=DIRECTION('',(0.422618261740703,-5.54953465218376E-17,0.906307787036648));
#13456=DIRECTION('',(0.0,1.0,6.12323399573676E-17));
#13457=DIRECTION('',(0.0,1.0,6.12323399573676E-17));
#13458=DIRECTION('',(-1.0,0.0,0.0));
#13459=DIRECTION('',(0.0,1.0,6.12323399573676E-17));
#13460=DIRECTION('',(-0.422618261740703,-5.54953465218376E-17,0.906307787036648));
#13461=DIRECTION('',(0.0,1.0,6.12323399573676E-17));
#13462=DIRECTION('',(-1.0,0.0,0.0));
#13463=DIRECTION('',(-0.422618261740703,5.54953465218376E-17,-0.906307787036648));
#13464=DIRECTION('',(0.0,1.0,6.12323399573676E-17));
#13465=DIRECTION('',(0.422618261740703,5.54953465218376E-17,-0.906307787036648));
#13466=DIRECTION('',(1.0,0.0,0.0));
#13467=DIRECTION('',(0.0,1.0,6.12323399573676E-17));
#13468=DIRECTION('',(0.0,1.0,6.12323399573676E-17));
#13469=DIRECTION('',(-1.0,0.0,0.0));
#13470=DIRECTION('',(0.0,1.0,6.12323399573676E-17));
#13471=DIRECTION('',(0.422618261740703,-5.54953465218376E-17,0.906307787036648));
#13472=DIRECTION('',(0.0,1.0,6.12323399573676E-17));
#13473=DIRECTION('',(0.0,1.0,6.12323399573676E-17));
#13474=DIRECTION('',(-1.0,0.0,0.0));
#13475=DIRECTION('',(0.0,1.0,6.12323399573676E-17));
#13476=DIRECTION('',(-0.422618261740703,-5.54953465218376E-17,0.906307787036648));
#13477=DIRECTION('',(0.0,1.0,6.12323399573676E-17));
#13478=DIRECTION('',(-1.0,0.0,0.0));
#13479=DIRECTION('',(-0.422618261740703,5.54953465218376E-17,-0.906307787036648));
#13480=DIRECTION('',(0.0,1.0,6.12323399573676E-17));
#13481=DIRECTION('',(0.422618261740703,5.54953465218376E-17,-0.906307787036648));
#13482=DIRECTION('',(1.0,0.0,0.0));
#13483=DIRECTION('',(0.0,1.0,6.12323399573676E-17));
#13484=DIRECTION('',(0.0,1.0,6.12323399573676E-17));
#13485=DIRECTION('',(-1.0,0.0,0.0));
#13486=DIRECTION('',(0.0,1.0,6.12323399573676E-17));
#13487=DIRECTION('',(0.422618261740703,-5.54953465218376E-17,0.906307787036648));
#13488=DIRECTION('',(0.0,1.0,6.12323399573676E-17));
#13489=DIRECTION('',(0.0,1.0,6.12323399573676E-17));
#13490=DIRECTION('',(-1.0,0.0,0.0));
#13491=DIRECTION('',(0.0,1.0,6.12323399573676E-17));
#13492=DIRECTION('',(-0.422618261740703,-5.54953465218376E-17,0.906307787036648));
#13493=DIRECTION('',(0.0,1.0,6.12323399573676E-17));
#13494=DIRECTION('',(-1.0,0.0,0.0));
#13495=DIRECTION('',(-0.422618261740703,5.54953465218376E-17,-0.906307787036648));
#13496=DIRECTION('',(0.0,1.0,6.12323399573676E-17));
#13497=DIRECTION('',(0.422618261740703,5.54953465218376E-17,-0.906307787036648));
#13498=DIRECTION('',(1.0,0.0,0.0));
#13499=DIRECTION('',(0.0,1.0,6.12323399573676E-17));
#13500=DIRECTION('',(0.0,1.0,6.12323399573676E-17));
#13501=DIRECTION('',(-1.0,0.0,0.0));
#13502=DIRECTION('',(0.0,1.0,6.12323399573676E-17));
#13503=DIRECTION('',(0.422618261740703,-5.54953465218376E-17,0.906307787036648));
#13504=DIRECTION('',(0.0,1.0,6.12323399573676E-17));
#13505=DIRECTION('',(0.0,1.0,6.12323399573676E-17));
#13506=DIRECTION('',(-1.0,0.0,0.0));
#13507=DIRECTION('',(0.0,1.0,6.12323399573676E-17));
#13508=DIRECTION('',(-0.422618261740703,-5.54953465218376E-17,0.906307787036648));
#13509=DIRECTION('',(0.0,1.0,6.12323399573676E-17));
#13510=DIRECTION('',(-1.0,0.0,0.0));
#13511=DIRECTION('',(-0.422618261740703,5.54953465218376E-17,-0.906307787036648));
#13512=DIRECTION('',(0.0,1.0,6.12323399573676E-17));
#13513=DIRECTION('',(0.422618261740703,5.54953465218376E-17,-0.906307787036648));
#13514=DIRECTION('',(1.0,0.0,0.0));
#13515=DIRECTION('',(0.0,1.0,6.12323399573676E-17));
#13516=DIRECTION('',(0.0,1.0,6.12323399573676E-17));
#13517=DIRECTION('',(-1.0,0.0,0.0));
#13518=DIRECTION('',(0.0,1.0,6.12323399573676E-17));
#13519=DIRECTION('',(0.422618261740703,-5.54953465218376E-17,0.906307787036648));
#13520=DIRECTION('',(0.0,1.0,6.12323399573676E-17));
#13521=DIRECTION('',(0.0,1.0,6.12323399573676E-17));
#13522=DIRECTION('',(-1.0,0.0,0.0));
#13523=DIRECTION('',(0.0,1.0,6.12323399573676E-17));
#13524=DIRECTION('',(-0.422618261740703,-5.54953465218376E-17,0.906307787036648));
#13525=DIRECTION('',(0.0,1.0,6.12323399573676E-17));
#13526=DIRECTION('',(-1.0,0.0,0.0));
#13527=DIRECTION('',(-0.422618261740703,5.54953465218376E-17,-0.906307787036648));
#13528=DIRECTION('',(0.0,1.0,6.12323399573676E-17));
#13529=DIRECTION('',(0.422618261740703,5.54953465218376E-17,-0.906307787036648));
#13530=DIRECTION('',(1.0,0.0,0.0));
#13531=DIRECTION('',(0.0,1.0,6.12323399573676E-17));
#13532=DIRECTION('',(0.0,1.0,6.12323399573676E-17));
#13533=DIRECTION('',(-1.0,0.0,0.0));
#13534=DIRECTION('',(0.0,1.0,6.12323399573676E-17));
#13535=DIRECTION('',(0.422618261740703,-5.54953465218376E-17,0.906307787036648));
#13536=DIRECTION('',(0.0,1.0,6.12323399573676E-17));
#13537=DIRECTION('',(0.0,1.0,6.12323399573676E-17));
#13538=DIRECTION('',(-1.0,0.0,0.0));
#13539=DIRECTION('',(0.0,1.0,6.12323399573676E-17));
#13540=DIRECTION('',(-0.422618261740703,-5.54953465218376E-17,0.906307787036648));
#13541=DIRECTION('',(0.0,1.0,6.12323399573676E-17));
#13542=DIRECTION('',(-1.0,0.0,0.0));
#13543=DIRECTION('',(-0.422618261740703,5.54953465218376E-17,-0.906307787036648));
#13544=DIRECTION('',(0.0,1.0,6.12323399573676E-17));
#13545=DIRECTION('',(0.422618261740703,5.54953465218376E-17,-0.906307787036648));
#13546=DIRECTION('',(1.0,0.0,0.0));
#13547=DIRECTION('',(0.0,1.0,6.12323399573676E-17));
#13548=DIRECTION('',(-0.422618261740699,5.54953465218377E-17,-0.90630778703665));
#13549=DIRECTION('',(0.0,1.0,6.12323399573676E-17));
#13550=DIRECTION('',(0.0,1.0,6.12323399573676E-17));
#13551=DIRECTION('',(0.0,6.12323399573676E-17,-1.0));
#13552=DIRECTION('',(0.0,1.0,6.12323399573676E-17));
#13553=DIRECTION('',(0.422618261740699,5.54953465218377E-17,-0.90630778703665));
#13554=DIRECTION('',(0.0,1.0,6.12323399573676E-17));
#13555=DIRECTION('',(1.0,0.0,0.0));
#13556=DIRECTION('',(0.422618261740703,-5.54953465218376E-17,0.906307787036648));
#13557=DIRECTION('',(0.0,1.0,6.12323399573676E-17));
#13558=DIRECTION('',(-0.422618261740703,-5.54953465218376E-17,0.906307787036648));
#13559=DIRECTION('',(-1.0,0.0,0.0));
ENDSEC;
END-ISO-10303-21;
