ISO-10303-21;
HEADER;
FILE_DESCRIPTION(('FreeCAD Model'),'2;1');
FILE_NAME('Open CASCADE Shape Model','2026-05-14T03:35:21',(''),(''),
  'Open CASCADE STEP processor 7.8','FreeCAD','Unknown');
FILE_SCHEMA(('AUTOMOTIVE_DESIGN { 1 0 10303 214 1 1 1 1 }'));
ENDSEC;
DATA;
#1 = APPLICATION_PROTOCOL_DEFINITION('international standard',
  'automotive_design',2000,#2);
#2 = APPLICATION_CONTEXT(
  'core data for automotive mechanical design processes');
#3 = SHAPE_DEFINITION_REPRESENTATION(#4,#10);
#4 = PRODUCT_DEFINITION_SHAPE('','',#5);
#5 = PRODUCT_DEFINITION('design','',#6,#9);
#6 = PRODUCT_DEFINITION_FORMATION('','',#7);
#7 = PRODUCT('Lid','Lid','',(#8));
#8 = PRODUCT_CONTEXT('',#2,'mechanical');
#9 = PRODUCT_DEFINITION_CONTEXT('part definition',#2,'design');
#10 = ADVANCED_BREP_SHAPE_REPRESENTATION('',(#11,#15),#12721);
#11 = AXIS2_PLACEMENT_3D('',#12,#13,#14);
#12 = CARTESIAN_POINT('',(0.,0.,0.));
#13 = DIRECTION('',(0.,0.,1.));
#14 = DIRECTION('',(1.,0.,-0.));
#15 = MANIFOLD_SOLID_BREP('',#16);
#16 = CLOSED_SHELL('',(#17,#81,#145,#169,#202,#308,#333,#382,#399,#430,
    #489,#520,#553,#633,#649,#708,#732,#756,#780,#829,#853,#902,#951,
    #993,#1035,#1052,#1233,#1250,#1262,#1278,#3280,#3346,#3411,#3444,
    #3549,#3567,#3591,#3609,#3626,#3651,#3668,#3699,#3723,#3747,#3764,
    #3780,#3792,#3816,#3833,#3857,#3874,#3886,#3898,#3949,#3980,#4004,
    #4028,#4045,#4076,#4100,#4124,#4141,#4172,#4196,#4220,#4237,#4254,
    #4271,#4302,#4326,#4350,#4374,#4391,#4422,#4446,#4470,#4494,#4518,
    #4535,#4566,#4592,#4618,#4642,#4666,#4690,#4716,#4742,#4768,#4794,
    #4820,#4844,#4868,#4892,#4918,#4944,#4970,#4996,#5020,#5037,#5068,
    #5092,#5116,#5133,#5164,#5188,#5212,#5236,#5260,#5284,#5308,#5325,
    #5356,#5382,#5408,#5432,#5458,#5484,#5501,#5534,#5560,#5586,#5612,
    #5638,#5664,#5690,#5714,#5740,#5766,#5792,#5818,#5844,#5870,#5896,
    #5922,#5948,#5972,#5998,#6017,#6050,#6076,#6100,#6126,#6152,#6169,
    #6202,#6228,#6252,#6276,#6300,#6326,#6352,#6369,#6402,#6428,#6452,
    #6478,#6504,#6528,#6552,#6569,#6602,#6628,#6652,#6678,#6704,#6728,
    #6754,#6780,#6804,#6830,#6856,#6873,#6904,#6928,#6952,#6969,#7000,
    #7024,#7048,#7072,#7089,#7120,#7144,#7168,#7192,#7216,#7233,#7264,
    #7288,#7312,#7329,#7360,#7384,#7408,#7432,#7449,#7480,#7504,#7528,
    #7545,#7576,#7602,#7628,#7652,#7676,#7700,#7726,#7752,#7778,#7804,
    #7830,#7854,#7878,#7902,#7928,#7954,#7980,#8006,#8030,#8047,#8078,
    #8102,#8126,#8143,#8176,#8202,#8226,#8252,#8278,#8302,#8328,#8354,
    #8378,#8404,#8430,#8447,#8480,#8506,#8530,#8556,#8582,#8606,#8632,
    #8658,#8682,#8708,#8734,#8751,#8784,#8810,#8834,#8860,#8886,#8910,
    #8936,#8962,#8986,#9012,#9038,#9055,#9088,#9114,#9138,#9164,#9190,
    #9214,#9240,#9266,#9290,#9316,#9342,#9359,#9392,#9418,#9442,#9468,
    #9494,#9518,#9544,#9570,#9594,#9620,#9646,#9663,#9694,#9718,#9742,
    #9759,#9790,#9814,#9838,#9862,#9879,#9910,#9934,#9958,#9982,#10006,
    #10023,#10054,#10078,#10102,#10126,#10143,#10174,#10198,#10222,
    #10239,#10285,#10316,#10340,#10364,#10381,#10405,#10429,#10457,
    #10519,#10536,#10576,#10653,#10723,#10747,#10771,#10848,#10906,
    #10932,#10943,#10976,#11001,#11026,#11043,#11074,#11098,#11122,
    #11139,#11172,#11197,#11222,#11239,#11272,#11297,#11322,#11339,
    #11372,#11397,#11422,#11439,#11452,#11466,#11494,#11506,#11522,
    #11537,#11565,#11579,#11595,#11611,#11631,#11643,#11656,#11670,
    #11683,#11695,#11723,#11735,#11755,#11775,#11795,#11815,#11835,
    #11847,#11860,#11874,#11887,#11899,#11930,#11968,#11992,#12023,
    #12056,#12081,#12106,#12123,#12148,#12173,#12198,#12223,#12249,
    #12274,#12292,#12304,#12316,#12341,#12366,#12385,#12397,#12430,
    #12455,#12480,#12497,#12509,#12521,#12533,#12545,#12557,#12569,
    #12595,#12621,#12647,#12673,#12685,#12694,#12703,#12712));
#17 = ADVANCED_FACE('',(#18),#76,.F.);
#18 = FACE_BOUND('',#19,.F.);
#19 = EDGE_LOOP('',(#20,#30,#38,#46,#54,#62,#70));
#20 = ORIENTED_EDGE('',*,*,#21,.T.);
#21 = EDGE_CURVE('',#22,#24,#26,.T.);
#22 = VERTEX_POINT('',#23);
#23 = CARTESIAN_POINT('',(46.8,-11.6,11.4));
#24 = VERTEX_POINT('',#25);
#25 = CARTESIAN_POINT('',(46.8,25.5,11.4));
#26 = LINE('',#27,#28);
#27 = CARTESIAN_POINT('',(46.8,-29.8,11.4));
#28 = VECTOR('',#29,1.);
#29 = DIRECTION('',(0.,1.,0.));
#30 = ORIENTED_EDGE('',*,*,#31,.T.);
#31 = EDGE_CURVE('',#24,#32,#34,.T.);
#32 = VERTEX_POINT('',#33);
#33 = CARTESIAN_POINT('',(45.3,27.,11.4));
#34 = LINE('',#35,#36);
#35 = CARTESIAN_POINT('',(41.4,30.9,11.4));
#36 = VECTOR('',#37,1.);
#37 = DIRECTION('',(-0.707106781187,0.707106781187,0.));
#38 = ORIENTED_EDGE('',*,*,#39,.T.);
#39 = EDGE_CURVE('',#32,#40,#42,.T.);
#40 = VERTEX_POINT('',#41);
#41 = CARTESIAN_POINT('',(31.21,27.,11.4));
#42 = LINE('',#43,#44);
#43 = CARTESIAN_POINT('',(46.8,27.,11.4));
#44 = VECTOR('',#45,1.);
#45 = DIRECTION('',(-1.,0.,0.));
#46 = ORIENTED_EDGE('',*,*,#47,.F.);
#47 = EDGE_CURVE('',#48,#40,#50,.T.);
#48 = VERTEX_POINT('',#49);
#49 = CARTESIAN_POINT('',(31.21,25.9,11.4));
#50 = LINE('',#51,#52);
#51 = CARTESIAN_POINT('',(31.21,12.8,11.4));
#52 = VECTOR('',#53,1.);
#53 = DIRECTION('',(8.659560562355E-17,1.,0.));
#54 = ORIENTED_EDGE('',*,*,#55,.F.);
#55 = EDGE_CURVE('',#56,#48,#58,.T.);
#56 = VERTEX_POINT('',#57);
#57 = CARTESIAN_POINT('',(45.7,25.9,11.4));
#58 = LINE('',#59,#60);
#59 = CARTESIAN_POINT('',(45.4,25.9,11.4));
#60 = VECTOR('',#61,1.);
#61 = DIRECTION('',(-1.,0.,0.));
#62 = ORIENTED_EDGE('',*,*,#63,.F.);
#63 = EDGE_CURVE('',#64,#56,#66,.T.);
#64 = VERTEX_POINT('',#65);
#65 = CARTESIAN_POINT('',(45.7,-11.6,11.4));
#66 = LINE('',#67,#68);
#67 = CARTESIAN_POINT('',(45.7,-11.6,11.4));
#68 = VECTOR('',#69,1.);
#69 = DIRECTION('',(0.,1.,0.));
#70 = ORIENTED_EDGE('',*,*,#71,.F.);
#71 = EDGE_CURVE('',#22,#64,#72,.T.);
#72 = LINE('',#73,#74);
#73 = CARTESIAN_POINT('',(46.8,-11.6,11.4));
#74 = VECTOR('',#75,1.);
#75 = DIRECTION('',(-1.,-0.,-0.));
#76 = PLANE('',#77);
#77 = AXIS2_PLACEMENT_3D('',#78,#79,#80);
#78 = CARTESIAN_POINT('',(-0.2,-1.4,11.4));
#79 = DIRECTION('',(0.,0.,1.));
#80 = DIRECTION('',(1.,0.,0.));
#81 = ADVANCED_FACE('',(#82),#140,.T.);
#82 = FACE_BOUND('',#83,.T.);
#83 = EDGE_LOOP('',(#84,#85,#93,#101,#109,#117,#125,#134));
#84 = ORIENTED_EDGE('',*,*,#21,.T.);
#85 = ORIENTED_EDGE('',*,*,#86,.T.);
#86 = EDGE_CURVE('',#24,#87,#89,.T.);
#87 = VERTEX_POINT('',#88);
#88 = CARTESIAN_POINT('',(46.8,25.5,22.92));
#89 = LINE('',#90,#91);
#90 = CARTESIAN_POINT('',(46.8,25.5,11.4));
#91 = VECTOR('',#92,1.);
#92 = DIRECTION('',(0.,0.,1.));
#93 = ORIENTED_EDGE('',*,*,#94,.F.);
#94 = EDGE_CURVE('',#95,#87,#97,.T.);
#95 = VERTEX_POINT('',#96);
#96 = CARTESIAN_POINT('',(46.8,-28.3,22.92));
#97 = LINE('',#98,#99);
#98 = CARTESIAN_POINT('',(46.8,-29.8,22.92));
#99 = VECTOR('',#100,1.);
#100 = DIRECTION('',(0.,1.,0.));
#101 = ORIENTED_EDGE('',*,*,#102,.F.);
#102 = EDGE_CURVE('',#103,#95,#105,.T.);
#103 = VERTEX_POINT('',#104);
#104 = CARTESIAN_POINT('',(46.8,-28.3,11.4));
#105 = LINE('',#106,#107);
#106 = CARTESIAN_POINT('',(46.8,-28.3,11.4));
#107 = VECTOR('',#108,1.);
#108 = DIRECTION('',(0.,0.,1.));
#109 = ORIENTED_EDGE('',*,*,#110,.T.);
#110 = EDGE_CURVE('',#103,#111,#113,.T.);
#111 = VERTEX_POINT('',#112);
#112 = CARTESIAN_POINT('',(46.8,-18.37,11.4));
#113 = LINE('',#114,#115);
#114 = CARTESIAN_POINT('',(46.8,-29.8,11.4));
#115 = VECTOR('',#116,1.);
#116 = DIRECTION('',(0.,1.,0.));
#117 = ORIENTED_EDGE('',*,*,#118,.F.);
#118 = EDGE_CURVE('',#119,#111,#121,.T.);
#119 = VERTEX_POINT('',#120);
#120 = CARTESIAN_POINT('',(46.8,-18.37,14.09));
#121 = LINE('',#122,#123);
#122 = CARTESIAN_POINT('',(46.8,-18.37,14.09));
#123 = VECTOR('',#124,1.);
#124 = DIRECTION('',(0.,0.,-1.));
#125 = ORIENTED_EDGE('',*,*,#126,.F.);
#126 = EDGE_CURVE('',#127,#119,#129,.T.);
#127 = VERTEX_POINT('',#128);
#128 = CARTESIAN_POINT('',(46.8,-11.6,14.09));
#129 = CIRCLE('',#130,3.385);
#130 = AXIS2_PLACEMENT_3D('',#131,#132,#133);
#131 = CARTESIAN_POINT('',(46.8,-14.985,14.09));
#132 = DIRECTION('',(1.,0.,0.));
#133 = DIRECTION('',(0.,1.,0.));
#134 = ORIENTED_EDGE('',*,*,#135,.T.);
#135 = EDGE_CURVE('',#127,#22,#136,.T.);
#136 = LINE('',#137,#138);
#137 = CARTESIAN_POINT('',(46.8,-11.6,14.09));
#138 = VECTOR('',#139,1.);
#139 = DIRECTION('',(0.,0.,-1.));
#140 = PLANE('',#141);
#141 = AXIS2_PLACEMENT_3D('',#142,#143,#144);
#142 = CARTESIAN_POINT('',(46.8,-1.4,17.91));
#143 = DIRECTION('',(1.,0.,0.));
#144 = DIRECTION('',(0.,0.,1.));
#145 = ADVANCED_FACE('',(#146),#164,.T.);
#146 = FACE_BOUND('',#147,.F.);
#147 = EDGE_LOOP('',(#148,#149,#150,#158));
#148 = ORIENTED_EDGE('',*,*,#31,.F.);
#149 = ORIENTED_EDGE('',*,*,#86,.T.);
#150 = ORIENTED_EDGE('',*,*,#151,.T.);
#151 = EDGE_CURVE('',#87,#152,#154,.T.);
#152 = VERTEX_POINT('',#153);
#153 = CARTESIAN_POINT('',(45.3,27.,22.92));
#154 = LINE('',#155,#156);
#155 = CARTESIAN_POINT('',(46.425,25.875,22.92));
#156 = VECTOR('',#157,1.);
#157 = DIRECTION('',(-0.707106781187,0.707106781187,4.230517910044E-15)
  );
#158 = ORIENTED_EDGE('',*,*,#159,.F.);
#159 = EDGE_CURVE('',#32,#152,#160,.T.);
#160 = LINE('',#161,#162);
#161 = CARTESIAN_POINT('',(45.3,27.,11.4));
#162 = VECTOR('',#163,1.);
#163 = DIRECTION('',(0.,0.,1.));
#164 = PLANE('',#165);
#165 = AXIS2_PLACEMENT_3D('',#166,#167,#168);
#166 = CARTESIAN_POINT('',(46.05,26.25,11.4));
#167 = DIRECTION('',(0.707106781187,0.707106781187,0.));
#168 = DIRECTION('',(-0.,-0.,-1.));
#169 = ADVANCED_FACE('',(#170),#197,.T.);
#170 = FACE_BOUND('',#171,.T.);
#171 = EDGE_LOOP('',(#172,#182,#189,#190,#191));
#172 = ORIENTED_EDGE('',*,*,#173,.F.);
#173 = EDGE_CURVE('',#174,#176,#178,.T.);
#174 = VERTEX_POINT('',#175);
#175 = CARTESIAN_POINT('',(45.4,-11.6,11.7));
#176 = VERTEX_POINT('',#177);
#177 = CARTESIAN_POINT('',(45.4,-11.6,14.09));
#178 = LINE('',#179,#180);
#179 = CARTESIAN_POINT('',(45.4,-11.6,12.745));
#180 = VECTOR('',#181,1.);
#181 = DIRECTION('',(0.,0.,1.));
#182 = ORIENTED_EDGE('',*,*,#183,.T.);
#183 = EDGE_CURVE('',#174,#64,#184,.T.);
#184 = CIRCLE('',#185,0.3);
#185 = AXIS2_PLACEMENT_3D('',#186,#187,#188);
#186 = CARTESIAN_POINT('',(45.7,-11.6,11.7));
#187 = DIRECTION('',(0.,-1.,0.));
#188 = DIRECTION('',(0.,0.,1.));
#189 = ORIENTED_EDGE('',*,*,#71,.F.);
#190 = ORIENTED_EDGE('',*,*,#135,.F.);
#191 = ORIENTED_EDGE('',*,*,#192,.T.);
#192 = EDGE_CURVE('',#127,#176,#193,.T.);
#193 = LINE('',#194,#195);
#194 = CARTESIAN_POINT('',(46.8,-11.6,14.09));
#195 = VECTOR('',#196,1.);
#196 = DIRECTION('',(-1.,-0.,-0.));
#197 = PLANE('',#198);
#198 = AXIS2_PLACEMENT_3D('',#199,#200,#201);
#199 = CARTESIAN_POINT('',(46.1,-11.6,12.745));
#200 = DIRECTION('',(-0.,-1.,-0.));
#201 = DIRECTION('',(0.,0.,-1.));
#202 = ADVANCED_FACE('',(#203),#303,.T.);
#203 = FACE_BOUND('',#204,.T.);
#204 = EDGE_LOOP('',(#205,#206,#214,#222,#230,#238,#246,#255,#263,#272,
    #280,#288,#296,#302));
#205 = ORIENTED_EDGE('',*,*,#39,.T.);
#206 = ORIENTED_EDGE('',*,*,#207,.F.);
#207 = EDGE_CURVE('',#208,#40,#210,.T.);
#208 = VERTEX_POINT('',#209);
#209 = CARTESIAN_POINT('',(31.21,27.,13.35));
#210 = LINE('',#211,#212);
#211 = CARTESIAN_POINT('',(31.21,27.,13.35));
#212 = VECTOR('',#213,1.);
#213 = DIRECTION('',(8.659560562355E-17,-2.22044604925E-16,-1.));
#214 = ORIENTED_EDGE('',*,*,#215,.F.);
#215 = EDGE_CURVE('',#216,#208,#218,.T.);
#216 = VERTEX_POINT('',#217);
#217 = CARTESIAN_POINT('',(26.97,27.,13.35));
#218 = LINE('',#219,#220);
#219 = CARTESIAN_POINT('',(26.97,27.,13.35));
#220 = VECTOR('',#221,1.);
#221 = DIRECTION('',(1.,-8.659560562355E-17,8.659560562355E-17));
#222 = ORIENTED_EDGE('',*,*,#223,.F.);
#223 = EDGE_CURVE('',#224,#216,#226,.T.);
#224 = VERTEX_POINT('',#225);
#225 = CARTESIAN_POINT('',(26.97,27.,11.4));
#226 = LINE('',#227,#228);
#227 = CARTESIAN_POINT('',(26.97,27.,11.3));
#228 = VECTOR('',#229,1.);
#229 = DIRECTION('',(-8.659560562355E-17,2.22044604925E-16,1.));
#230 = ORIENTED_EDGE('',*,*,#231,.T.);
#231 = EDGE_CURVE('',#224,#232,#234,.T.);
#232 = VERTEX_POINT('',#233);
#233 = CARTESIAN_POINT('',(-16.3,27.,11.4));
#234 = LINE('',#235,#236);
#235 = CARTESIAN_POINT('',(46.8,27.,11.4));
#236 = VECTOR('',#237,1.);
#237 = DIRECTION('',(-1.,0.,0.));
#238 = ORIENTED_EDGE('',*,*,#239,.F.);
#239 = EDGE_CURVE('',#240,#232,#242,.T.);
#240 = VERTEX_POINT('',#241);
#241 = CARTESIAN_POINT('',(-16.3,27.,13.17));
#242 = LINE('',#243,#244);
#243 = CARTESIAN_POINT('',(-16.3,27.,13.17));
#244 = VECTOR('',#245,1.);
#245 = DIRECTION('',(8.659560562355E-17,-2.22044604925E-16,-1.));
#246 = ORIENTED_EDGE('',*,*,#247,.F.);
#247 = EDGE_CURVE('',#248,#240,#250,.T.);
#248 = VERTEX_POINT('',#249);
#249 = CARTESIAN_POINT('',(-17.59,27.,14.46));
#250 = CIRCLE('',#251,1.29);
#251 = AXIS2_PLACEMENT_3D('',#252,#253,#254);
#252 = CARTESIAN_POINT('',(-17.59,27.,13.17));
#253 = DIRECTION('',(8.659560562355E-17,1.,-2.22044604925E-16));
#254 = DIRECTION('',(-1.,8.659560562355E-17,-8.659560562355E-17));
#255 = ORIENTED_EDGE('',*,*,#256,.F.);
#256 = EDGE_CURVE('',#257,#248,#259,.T.);
#257 = VERTEX_POINT('',#258);
#258 = CARTESIAN_POINT('',(-24.11,27.,14.46));
#259 = LINE('',#260,#261);
#260 = CARTESIAN_POINT('',(-24.11,27.,14.46));
#261 = VECTOR('',#262,1.);
#262 = DIRECTION('',(1.,-8.659560562355E-17,8.659560562355E-17));
#263 = ORIENTED_EDGE('',*,*,#264,.F.);
#264 = EDGE_CURVE('',#265,#257,#267,.T.);
#265 = VERTEX_POINT('',#266);
#266 = CARTESIAN_POINT('',(-25.4,27.,13.17));
#267 = CIRCLE('',#268,1.29);
#268 = AXIS2_PLACEMENT_3D('',#269,#270,#271);
#269 = CARTESIAN_POINT('',(-24.11,27.,13.17));
#270 = DIRECTION('',(8.659560562355E-17,1.,-2.22044604925E-16));
#271 = DIRECTION('',(-1.,8.659560562355E-17,-8.659560562355E-17));
#272 = ORIENTED_EDGE('',*,*,#273,.T.);
#273 = EDGE_CURVE('',#265,#274,#276,.T.);
#274 = VERTEX_POINT('',#275);
#275 = CARTESIAN_POINT('',(-25.4,27.,11.4));
#276 = LINE('',#277,#278);
#277 = CARTESIAN_POINT('',(-25.4,27.,13.17));
#278 = VECTOR('',#279,1.);
#279 = DIRECTION('',(8.659560562355E-17,-2.22044604925E-16,-1.));
#280 = ORIENTED_EDGE('',*,*,#281,.T.);
#281 = EDGE_CURVE('',#274,#282,#284,.T.);
#282 = VERTEX_POINT('',#283);
#283 = CARTESIAN_POINT('',(-45.7,27.,11.4));
#284 = LINE('',#285,#286);
#285 = CARTESIAN_POINT('',(46.8,27.,11.4));
#286 = VECTOR('',#287,1.);
#287 = DIRECTION('',(-1.,0.,0.));
#288 = ORIENTED_EDGE('',*,*,#289,.T.);
#289 = EDGE_CURVE('',#282,#290,#292,.T.);
#290 = VERTEX_POINT('',#291);
#291 = CARTESIAN_POINT('',(-45.7,27.,22.92));
#292 = LINE('',#293,#294);
#293 = CARTESIAN_POINT('',(-45.7,27.,11.4));
#294 = VECTOR('',#295,1.);
#295 = DIRECTION('',(0.,0.,1.));
#296 = ORIENTED_EDGE('',*,*,#297,.F.);
#297 = EDGE_CURVE('',#152,#290,#298,.T.);
#298 = LINE('',#299,#300);
#299 = CARTESIAN_POINT('',(46.8,27.,22.92));
#300 = VECTOR('',#301,1.);
#301 = DIRECTION('',(-1.,0.,0.));
#302 = ORIENTED_EDGE('',*,*,#159,.F.);
#303 = PLANE('',#304);
#304 = AXIS2_PLACEMENT_3D('',#305,#306,#307);
#305 = CARTESIAN_POINT('',(-0.2,27.,17.91));
#306 = DIRECTION('',(0.,1.,0.));
#307 = DIRECTION('',(0.,0.,1.));
#308 = ADVANCED_FACE('',(#309),#328,.T.);
#309 = FACE_BOUND('',#310,.F.);
#310 = EDGE_LOOP('',(#311,#312,#313,#322));
#311 = ORIENTED_EDGE('',*,*,#183,.T.);
#312 = ORIENTED_EDGE('',*,*,#63,.T.);
#313 = ORIENTED_EDGE('',*,*,#314,.F.);
#314 = EDGE_CURVE('',#315,#56,#317,.T.);
#315 = VERTEX_POINT('',#316);
#316 = CARTESIAN_POINT('',(45.4,25.6,11.7));
#317 = ELLIPSE('',#318,0.424264068712,0.3);
#318 = AXIS2_PLACEMENT_3D('',#319,#320,#321);
#319 = CARTESIAN_POINT('',(45.7,25.9,11.7));
#320 = DIRECTION('',(0.707106781187,-0.707106781187,0.));
#321 = DIRECTION('',(0.707106781187,0.707106781187,0.));
#322 = ORIENTED_EDGE('',*,*,#323,.F.);
#323 = EDGE_CURVE('',#174,#315,#324,.T.);
#324 = LINE('',#325,#326);
#325 = CARTESIAN_POINT('',(45.4,-11.6,11.7));
#326 = VECTOR('',#327,1.);
#327 = DIRECTION('',(0.,1.,0.));
#328 = CYLINDRICAL_SURFACE('',#329,0.3);
#329 = AXIS2_PLACEMENT_3D('',#330,#331,#332);
#330 = CARTESIAN_POINT('',(45.7,-11.6,11.7));
#331 = DIRECTION('',(0.,1.,0.));
#332 = DIRECTION('',(-1.,0.,0.));
#333 = ADVANCED_FACE('',(#334),#377,.T.);
#334 = FACE_BOUND('',#335,.T.);
#335 = EDGE_LOOP('',(#336,#337,#346,#354,#362,#370,#376));
#336 = ORIENTED_EDGE('',*,*,#47,.F.);
#337 = ORIENTED_EDGE('',*,*,#338,.T.);
#338 = EDGE_CURVE('',#48,#339,#341,.T.);
#339 = VERTEX_POINT('',#340);
#340 = CARTESIAN_POINT('',(31.21,25.6,11.7));
#341 = CIRCLE('',#342,0.3);
#342 = AXIS2_PLACEMENT_3D('',#343,#344,#345);
#343 = CARTESIAN_POINT('',(31.21,25.9,11.7));
#344 = DIRECTION('',(-1.,0.,0.));
#345 = DIRECTION('',(0.,0.,-1.));
#346 = ORIENTED_EDGE('',*,*,#347,.F.);
#347 = EDGE_CURVE('',#348,#339,#350,.T.);
#348 = VERTEX_POINT('',#349);
#349 = CARTESIAN_POINT('',(31.21,25.6,13.63));
#350 = LINE('',#351,#352);
#351 = CARTESIAN_POINT('',(31.21,25.6,13.63));
#352 = VECTOR('',#353,1.);
#353 = DIRECTION('',(0.,-2.22044604925E-16,-1.));
#354 = ORIENTED_EDGE('',*,*,#355,.F.);
#355 = EDGE_CURVE('',#356,#348,#358,.T.);
#356 = VERTEX_POINT('',#357);
#357 = CARTESIAN_POINT('',(31.21,26.2,13.63));
#358 = LINE('',#359,#360);
#359 = CARTESIAN_POINT('',(31.21,26.2,13.63));
#360 = VECTOR('',#361,1.);
#361 = DIRECTION('',(0.,-1.,2.22044604925E-16));
#362 = ORIENTED_EDGE('',*,*,#363,.T.);
#363 = EDGE_CURVE('',#356,#364,#366,.T.);
#364 = VERTEX_POINT('',#365);
#365 = CARTESIAN_POINT('',(31.21,26.2,13.35));
#366 = LINE('',#367,#368);
#367 = CARTESIAN_POINT('',(31.21,26.2,13.63));
#368 = VECTOR('',#369,1.);
#369 = DIRECTION('',(0.,-2.22044604925E-16,-1.));
#370 = ORIENTED_EDGE('',*,*,#371,.F.);
#371 = EDGE_CURVE('',#208,#364,#372,.T.);
#372 = LINE('',#373,#374);
#373 = CARTESIAN_POINT('',(31.21,27.,13.35));
#374 = VECTOR('',#375,1.);
#375 = DIRECTION('',(-8.659560562355E-17,-1.,2.22044604925E-16));
#376 = ORIENTED_EDGE('',*,*,#207,.T.);
#377 = PLANE('',#378);
#378 = AXIS2_PLACEMENT_3D('',#379,#380,#381);
#379 = CARTESIAN_POINT('',(31.21,26.26914600551,12.48414600551));
#380 = DIRECTION('',(-1.,1.981894193972E-15,3.44814358988E-16));
#381 = DIRECTION('',(-1.981894193972E-15,-1.,0.));
#382 = ADVANCED_FACE('',(#383),#394,.T.);
#383 = FACE_BOUND('',#384,.T.);
#384 = EDGE_LOOP('',(#385,#386,#392,#393));
#385 = ORIENTED_EDGE('',*,*,#314,.F.);
#386 = ORIENTED_EDGE('',*,*,#387,.T.);
#387 = EDGE_CURVE('',#315,#339,#388,.T.);
#388 = LINE('',#389,#390);
#389 = CARTESIAN_POINT('',(45.4,25.6,11.7));
#390 = VECTOR('',#391,1.);
#391 = DIRECTION('',(-1.,0.,0.));
#392 = ORIENTED_EDGE('',*,*,#338,.F.);
#393 = ORIENTED_EDGE('',*,*,#55,.F.);
#394 = CYLINDRICAL_SURFACE('',#395,0.3);
#395 = AXIS2_PLACEMENT_3D('',#396,#397,#398);
#396 = CARTESIAN_POINT('',(45.4,25.9,11.7));
#397 = DIRECTION('',(-1.,0.,0.));
#398 = DIRECTION('',(0.,0.,-1.));
#399 = ADVANCED_FACE('',(#400),#425,.T.);
#400 = FACE_BOUND('',#401,.T.);
#401 = EDGE_LOOP('',(#402,#410,#411,#419));
#402 = ORIENTED_EDGE('',*,*,#403,.F.);
#403 = EDGE_CURVE('',#95,#404,#406,.T.);
#404 = VERTEX_POINT('',#405);
#405 = CARTESIAN_POINT('',(45.3,-28.3,24.42));
#406 = LINE('',#407,#408);
#407 = CARTESIAN_POINT('',(46.425,-28.3,23.295));
#408 = VECTOR('',#409,1.);
#409 = DIRECTION('',(-0.707106781187,-3.365184701171E-15,0.707106781187)
  );
#410 = ORIENTED_EDGE('',*,*,#94,.T.);
#411 = ORIENTED_EDGE('',*,*,#412,.T.);
#412 = EDGE_CURVE('',#87,#413,#415,.T.);
#413 = VERTEX_POINT('',#414);
#414 = CARTESIAN_POINT('',(45.3,25.5,24.42));
#415 = LINE('',#416,#417);
#416 = CARTESIAN_POINT('',(46.425,25.5,23.295));
#417 = VECTOR('',#418,1.);
#418 = DIRECTION('',(-0.707106781187,5.095851118916E-15,0.707106781187)
  );
#419 = ORIENTED_EDGE('',*,*,#420,.F.);
#420 = EDGE_CURVE('',#404,#413,#421,.T.);
#421 = LINE('',#422,#423);
#422 = CARTESIAN_POINT('',(45.3,-29.8,24.42));
#423 = VECTOR('',#424,1.);
#424 = DIRECTION('',(0.,1.,0.));
#425 = PLANE('',#426);
#426 = AXIS2_PLACEMENT_3D('',#427,#428,#429);
#427 = CARTESIAN_POINT('',(46.05,-29.8,23.67));
#428 = DIRECTION('',(0.707106781187,0.,0.707106781187));
#429 = DIRECTION('',(0.,1.,0.));
#430 = ADVANCED_FACE('',(#431),#484,.F.);
#431 = FACE_BOUND('',#432,.F.);
#432 = EDGE_LOOP('',(#433,#434,#435,#444,#452,#461,#469,#478));
#433 = ORIENTED_EDGE('',*,*,#126,.F.);
#434 = ORIENTED_EDGE('',*,*,#192,.T.);
#435 = ORIENTED_EDGE('',*,*,#436,.T.);
#436 = EDGE_CURVE('',#176,#437,#439,.T.);
#437 = VERTEX_POINT('',#438);
#438 = CARTESIAN_POINT('',(45.4,-11.64174933634,14.62));
#439 = CIRCLE('',#440,3.385);
#440 = AXIS2_PLACEMENT_3D('',#441,#442,#443);
#441 = CARTESIAN_POINT('',(45.4,-14.985,14.09));
#442 = DIRECTION('',(1.,0.,0.));
#443 = DIRECTION('',(0.,1.,0.));
#444 = ORIENTED_EDGE('',*,*,#445,.F.);
#445 = EDGE_CURVE('',#446,#437,#448,.T.);
#446 = VERTEX_POINT('',#447);
#447 = CARTESIAN_POINT('',(44.3,-11.64174933634,14.62));
#448 = LINE('',#449,#450);
#449 = CARTESIAN_POINT('',(46.8,-11.64174933634,14.62));
#450 = VECTOR('',#451,1.);
#451 = DIRECTION('',(1.,0.,0.));
#452 = ORIENTED_EDGE('',*,*,#453,.T.);
#453 = EDGE_CURVE('',#446,#454,#456,.T.);
#454 = VERTEX_POINT('',#455);
#455 = CARTESIAN_POINT('',(44.3,-18.32825066365,14.62));
#456 = CIRCLE('',#457,3.385);
#457 = AXIS2_PLACEMENT_3D('',#458,#459,#460);
#458 = CARTESIAN_POINT('',(44.3,-14.985,14.09));
#459 = DIRECTION('',(1.,0.,0.));
#460 = DIRECTION('',(0.,1.,0.));
#461 = ORIENTED_EDGE('',*,*,#462,.T.);
#462 = EDGE_CURVE('',#454,#463,#465,.T.);
#463 = VERTEX_POINT('',#464);
#464 = CARTESIAN_POINT('',(45.4,-18.32825066365,14.62));
#465 = LINE('',#466,#467);
#466 = CARTESIAN_POINT('',(46.8,-18.32825066365,14.62));
#467 = VECTOR('',#468,1.);
#468 = DIRECTION('',(1.,0.,0.));
#469 = ORIENTED_EDGE('',*,*,#470,.T.);
#470 = EDGE_CURVE('',#463,#471,#473,.T.);
#471 = VERTEX_POINT('',#472);
#472 = CARTESIAN_POINT('',(45.4,-18.37,14.09));
#473 = CIRCLE('',#474,3.385);
#474 = AXIS2_PLACEMENT_3D('',#475,#476,#477);
#475 = CARTESIAN_POINT('',(45.4,-14.985,14.09));
#476 = DIRECTION('',(1.,0.,0.));
#477 = DIRECTION('',(0.,1.,0.));
#478 = ORIENTED_EDGE('',*,*,#479,.F.);
#479 = EDGE_CURVE('',#119,#471,#480,.T.);
#480 = LINE('',#481,#482);
#481 = CARTESIAN_POINT('',(46.8,-18.37,14.09));
#482 = VECTOR('',#483,1.);
#483 = DIRECTION('',(-1.,-0.,-0.));
#484 = CYLINDRICAL_SURFACE('',#485,3.385);
#485 = AXIS2_PLACEMENT_3D('',#486,#487,#488);
#486 = CARTESIAN_POINT('',(46.8,-14.985,14.09));
#487 = DIRECTION('',(1.,0.,0.));
#488 = DIRECTION('',(0.,1.,0.));
#489 = ADVANCED_FACE('',(#490),#515,.T.);
#490 = FACE_BOUND('',#491,.T.);
#491 = EDGE_LOOP('',(#492,#500,#501,#509));
#492 = ORIENTED_EDGE('',*,*,#493,.F.);
#493 = EDGE_CURVE('',#103,#494,#496,.T.);
#494 = VERTEX_POINT('',#495);
#495 = CARTESIAN_POINT('',(45.3,-29.8,11.4));
#496 = LINE('',#497,#498);
#497 = CARTESIAN_POINT('',(41.4,-33.7,11.4));
#498 = VECTOR('',#499,1.);
#499 = DIRECTION('',(-0.707106781187,-0.707106781187,0.));
#500 = ORIENTED_EDGE('',*,*,#102,.T.);
#501 = ORIENTED_EDGE('',*,*,#502,.T.);
#502 = EDGE_CURVE('',#95,#503,#505,.T.);
#503 = VERTEX_POINT('',#504);
#504 = CARTESIAN_POINT('',(45.3,-29.8,22.92));
#505 = LINE('',#506,#507);
#506 = CARTESIAN_POINT('',(46.425,-28.675,22.92));
#507 = VECTOR('',#508,1.);
#508 = DIRECTION('',(-0.707106781187,-0.707106781187,2.595999626618E-15)
  );
#509 = ORIENTED_EDGE('',*,*,#510,.F.);
#510 = EDGE_CURVE('',#494,#503,#511,.T.);
#511 = LINE('',#512,#513);
#512 = CARTESIAN_POINT('',(45.3,-29.8,11.4));
#513 = VECTOR('',#514,1.);
#514 = DIRECTION('',(0.,0.,1.));
#515 = PLANE('',#516);
#516 = AXIS2_PLACEMENT_3D('',#517,#518,#519);
#517 = CARTESIAN_POINT('',(46.05,-29.05,11.4));
#518 = DIRECTION('',(0.707106781187,-0.707106781187,0.));
#519 = DIRECTION('',(0.,0.,1.));
#520 = ADVANCED_FACE('',(#521),#548,.T.);
#521 = FACE_BOUND('',#522,.T.);
#522 = EDGE_LOOP('',(#523,#531,#540,#546,#547));
#523 = ORIENTED_EDGE('',*,*,#524,.T.);
#524 = EDGE_CURVE('',#111,#525,#527,.T.);
#525 = VERTEX_POINT('',#526);
#526 = CARTESIAN_POINT('',(45.7,-18.37,11.4));
#527 = LINE('',#528,#529);
#528 = CARTESIAN_POINT('',(46.8,-18.37,11.4));
#529 = VECTOR('',#530,1.);
#530 = DIRECTION('',(-1.,-0.,-0.));
#531 = ORIENTED_EDGE('',*,*,#532,.F.);
#532 = EDGE_CURVE('',#533,#525,#535,.T.);
#533 = VERTEX_POINT('',#534);
#534 = CARTESIAN_POINT('',(45.4,-18.37,11.7));
#535 = CIRCLE('',#536,0.3);
#536 = AXIS2_PLACEMENT_3D('',#537,#538,#539);
#537 = CARTESIAN_POINT('',(45.7,-18.37,11.7));
#538 = DIRECTION('',(0.,-1.,0.));
#539 = DIRECTION('',(0.,0.,1.));
#540 = ORIENTED_EDGE('',*,*,#541,.T.);
#541 = EDGE_CURVE('',#533,#471,#542,.T.);
#542 = LINE('',#543,#544);
#543 = CARTESIAN_POINT('',(45.4,-18.37,12.745));
#544 = VECTOR('',#545,1.);
#545 = DIRECTION('',(0.,0.,1.));
#546 = ORIENTED_EDGE('',*,*,#479,.F.);
#547 = ORIENTED_EDGE('',*,*,#118,.T.);
#548 = PLANE('',#549);
#549 = AXIS2_PLACEMENT_3D('',#550,#551,#552);
#550 = CARTESIAN_POINT('',(46.1,-18.37,12.745));
#551 = DIRECTION('',(8.065888547748E-16,1.,0.));
#552 = DIRECTION('',(1.,-8.065888547748E-16,0.));
#553 = ADVANCED_FACE('',(#554),#628,.F.);
#554 = FACE_BOUND('',#555,.F.);
#555 = EDGE_LOOP('',(#556,#557,#565,#573,#581,#587,#588,#589,#590,#598,
    #606,#614,#622));
#556 = ORIENTED_EDGE('',*,*,#281,.T.);
#557 = ORIENTED_EDGE('',*,*,#558,.T.);
#558 = EDGE_CURVE('',#282,#559,#561,.T.);
#559 = VERTEX_POINT('',#560);
#560 = CARTESIAN_POINT('',(-47.2,25.5,11.4));
#561 = LINE('',#562,#563);
#562 = CARTESIAN_POINT('',(-41.8,30.9,11.4));
#563 = VECTOR('',#564,1.);
#564 = DIRECTION('',(-0.707106781187,-0.707106781187,0.));
#565 = ORIENTED_EDGE('',*,*,#566,.T.);
#566 = EDGE_CURVE('',#559,#567,#569,.T.);
#567 = VERTEX_POINT('',#568);
#568 = CARTESIAN_POINT('',(-47.2,-28.3,11.4));
#569 = LINE('',#570,#571);
#570 = CARTESIAN_POINT('',(-47.2,27.,11.4));
#571 = VECTOR('',#572,1.);
#572 = DIRECTION('',(0.,-1.,0.));
#573 = ORIENTED_EDGE('',*,*,#574,.F.);
#574 = EDGE_CURVE('',#575,#567,#577,.T.);
#575 = VERTEX_POINT('',#576);
#576 = CARTESIAN_POINT('',(-45.7,-29.8,11.4));
#577 = LINE('',#578,#579);
#578 = CARTESIAN_POINT('',(-41.8,-33.7,11.4));
#579 = VECTOR('',#580,1.);
#580 = DIRECTION('',(-0.707106781187,0.707106781187,0.));
#581 = ORIENTED_EDGE('',*,*,#582,.T.);
#582 = EDGE_CURVE('',#575,#494,#583,.T.);
#583 = LINE('',#584,#585);
#584 = CARTESIAN_POINT('',(-47.2,-29.8,11.4));
#585 = VECTOR('',#586,1.);
#586 = DIRECTION('',(1.,0.,0.));
#587 = ORIENTED_EDGE('',*,*,#493,.F.);
#588 = ORIENTED_EDGE('',*,*,#110,.T.);
#589 = ORIENTED_EDGE('',*,*,#524,.T.);
#590 = ORIENTED_EDGE('',*,*,#591,.F.);
#591 = EDGE_CURVE('',#592,#525,#594,.T.);
#592 = VERTEX_POINT('',#593);
#593 = CARTESIAN_POINT('',(45.7,-28.7,11.4));
#594 = LINE('',#595,#596);
#595 = CARTESIAN_POINT('',(45.7,-28.4,11.4));
#596 = VECTOR('',#597,1.);
#597 = DIRECTION('',(0.,1.,0.));
#598 = ORIENTED_EDGE('',*,*,#599,.F.);
#599 = EDGE_CURVE('',#600,#592,#602,.T.);
#600 = VERTEX_POINT('',#601);
#601 = CARTESIAN_POINT('',(-46.1,-28.7,11.4));
#602 = LINE('',#603,#604);
#603 = CARTESIAN_POINT('',(-45.8,-28.7,11.4));
#604 = VECTOR('',#605,1.);
#605 = DIRECTION('',(1.,0.,0.));
#606 = ORIENTED_EDGE('',*,*,#607,.F.);
#607 = EDGE_CURVE('',#608,#600,#610,.T.);
#608 = VERTEX_POINT('',#609);
#609 = CARTESIAN_POINT('',(-46.1,25.9,11.4));
#610 = LINE('',#611,#612);
#611 = CARTESIAN_POINT('',(-46.1,25.6,11.4));
#612 = VECTOR('',#613,1.);
#613 = DIRECTION('',(0.,-1.,0.));
#614 = ORIENTED_EDGE('',*,*,#615,.F.);
#615 = EDGE_CURVE('',#616,#608,#618,.T.);
#616 = VERTEX_POINT('',#617);
#617 = CARTESIAN_POINT('',(-25.4,25.9,11.4));
#618 = LINE('',#619,#620);
#619 = CARTESIAN_POINT('',(-25.4,25.9,11.4));
#620 = VECTOR('',#621,1.);
#621 = DIRECTION('',(-1.,0.,0.));
#622 = ORIENTED_EDGE('',*,*,#623,.F.);
#623 = EDGE_CURVE('',#274,#616,#624,.T.);
#624 = LINE('',#625,#626);
#625 = CARTESIAN_POINT('',(-25.4,27.,11.4));
#626 = VECTOR('',#627,1.);
#627 = DIRECTION('',(-8.659560562355E-17,-1.,2.22044604925E-16));
#628 = PLANE('',#629);
#629 = AXIS2_PLACEMENT_3D('',#630,#631,#632);
#630 = CARTESIAN_POINT('',(-0.2,-1.4,11.4));
#631 = DIRECTION('',(0.,0.,1.));
#632 = DIRECTION('',(1.,0.,0.));
#633 = ADVANCED_FACE('',(#634),#644,.T.);
#634 = FACE_BOUND('',#635,.T.);
#635 = EDGE_LOOP('',(#636,#637,#638));
#636 = ORIENTED_EDGE('',*,*,#412,.F.);
#637 = ORIENTED_EDGE('',*,*,#151,.T.);
#638 = ORIENTED_EDGE('',*,*,#639,.F.);
#639 = EDGE_CURVE('',#413,#152,#640,.T.);
#640 = LINE('',#641,#642);
#641 = CARTESIAN_POINT('',(45.3,26.25,23.67));
#642 = VECTOR('',#643,1.);
#643 = DIRECTION('',(-8.653332088726E-16,0.707106781187,-0.707106781187)
  );
#644 = PLANE('',#645);
#645 = AXIS2_PLACEMENT_3D('',#646,#647,#648);
#646 = CARTESIAN_POINT('',(46.8,25.5,22.92));
#647 = DIRECTION('',(0.57735026919,0.57735026919,0.57735026919));
#648 = DIRECTION('',(0.,0.707106781187,-0.707106781187));
#649 = ADVANCED_FACE('',(#650,#669),#703,.T.);
#650 = FACE_BOUND('',#651,.T.);
#651 = EDGE_LOOP('',(#652,#653,#654,#662,#668));
#652 = ORIENTED_EDGE('',*,*,#173,.T.);
#653 = ORIENTED_EDGE('',*,*,#436,.T.);
#654 = ORIENTED_EDGE('',*,*,#655,.T.);
#655 = EDGE_CURVE('',#437,#656,#658,.T.);
#656 = VERTEX_POINT('',#657);
#657 = CARTESIAN_POINT('',(45.4,25.6,14.62));
#658 = LINE('',#659,#660);
#659 = CARTESIAN_POINT('',(45.4,-28.4,14.62));
#660 = VECTOR('',#661,1.);
#661 = DIRECTION('',(0.,1.,0.));
#662 = ORIENTED_EDGE('',*,*,#663,.F.);
#663 = EDGE_CURVE('',#315,#656,#664,.T.);
#664 = LINE('',#665,#666);
#665 = CARTESIAN_POINT('',(45.4,25.6,11.4));
#666 = VECTOR('',#667,1.);
#667 = DIRECTION('',(0.,0.,1.));
#668 = ORIENTED_EDGE('',*,*,#323,.F.);
#669 = FACE_BOUND('',#670,.T.);
#670 = EDGE_LOOP('',(#671,#681,#689,#697));
#671 = ORIENTED_EDGE('',*,*,#672,.F.);
#672 = EDGE_CURVE('',#673,#675,#677,.T.);
#673 = VERTEX_POINT('',#674);
#674 = CARTESIAN_POINT('',(45.4,-9.6,13.63));
#675 = VERTEX_POINT('',#676);
#676 = CARTESIAN_POINT('',(45.4,20.3,13.63));
#677 = LINE('',#678,#679);
#678 = CARTESIAN_POINT('',(45.4,-25.1,13.63));
#679 = VECTOR('',#680,1.);
#680 = DIRECTION('',(0.,1.,0.));
#681 = ORIENTED_EDGE('',*,*,#682,.T.);
#682 = EDGE_CURVE('',#673,#683,#685,.T.);
#683 = VERTEX_POINT('',#684);
#684 = CARTESIAN_POINT('',(45.4,-9.6,12.33));
#685 = LINE('',#686,#687);
#686 = CARTESIAN_POINT('',(45.4,-9.6,13.63));
#687 = VECTOR('',#688,1.);
#688 = DIRECTION('',(0.,0.,-1.));
#689 = ORIENTED_EDGE('',*,*,#690,.F.);
#690 = EDGE_CURVE('',#691,#683,#693,.T.);
#691 = VERTEX_POINT('',#692);
#692 = CARTESIAN_POINT('',(45.4,20.3,12.33));
#693 = LINE('',#694,#695);
#694 = CARTESIAN_POINT('',(45.4,20.3,12.33));
#695 = VECTOR('',#696,1.);
#696 = DIRECTION('',(0.,-1.,0.));
#697 = ORIENTED_EDGE('',*,*,#698,.F.);
#698 = EDGE_CURVE('',#675,#691,#699,.T.);
#699 = LINE('',#700,#701);
#700 = CARTESIAN_POINT('',(45.4,20.3,13.63));
#701 = VECTOR('',#702,1.);
#702 = DIRECTION('',(0.,0.,-1.));
#703 = PLANE('',#704);
#704 = AXIS2_PLACEMENT_3D('',#705,#706,#707);
#705 = CARTESIAN_POINT('',(45.4,6.989802321672,13.010869624197));
#706 = DIRECTION('',(-1.,-0.,-0.));
#707 = DIRECTION('',(0.,0.,-1.));
#708 = ADVANCED_FACE('',(#709),#727,.T.);
#709 = FACE_BOUND('',#710,.T.);
#710 = EDGE_LOOP('',(#711,#712,#720,#726));
#711 = ORIENTED_EDGE('',*,*,#297,.T.);
#712 = ORIENTED_EDGE('',*,*,#713,.F.);
#713 = EDGE_CURVE('',#714,#290,#716,.T.);
#714 = VERTEX_POINT('',#715);
#715 = CARTESIAN_POINT('',(-45.7,25.5,24.42));
#716 = LINE('',#717,#718);
#717 = CARTESIAN_POINT('',(-45.7,26.25,23.67));
#718 = VECTOR('',#719,1.);
#719 = DIRECTION('',(2.403703357979E-15,0.707106781187,-0.707106781187)
  );
#720 = ORIENTED_EDGE('',*,*,#721,.F.);
#721 = EDGE_CURVE('',#413,#714,#722,.T.);
#722 = LINE('',#723,#724);
#723 = CARTESIAN_POINT('',(46.8,25.5,24.42));
#724 = VECTOR('',#725,1.);
#725 = DIRECTION('',(-1.,0.,0.));
#726 = ORIENTED_EDGE('',*,*,#639,.T.);
#727 = PLANE('',#728);
#728 = AXIS2_PLACEMENT_3D('',#729,#730,#731);
#729 = CARTESIAN_POINT('',(46.8,26.25,23.67));
#730 = DIRECTION('',(0.,0.707106781187,0.707106781187));
#731 = DIRECTION('',(-1.,0.,0.));
#732 = ADVANCED_FACE('',(#733),#751,.F.);
#733 = FACE_BOUND('',#734,.F.);
#734 = EDGE_LOOP('',(#735,#736,#744,#750));
#735 = ORIENTED_EDGE('',*,*,#215,.F.);
#736 = ORIENTED_EDGE('',*,*,#737,.T.);
#737 = EDGE_CURVE('',#216,#738,#740,.T.);
#738 = VERTEX_POINT('',#739);
#739 = CARTESIAN_POINT('',(26.97,26.2,13.35));
#740 = LINE('',#741,#742);
#741 = CARTESIAN_POINT('',(26.97,27.,13.35));
#742 = VECTOR('',#743,1.);
#743 = DIRECTION('',(-8.659560562355E-17,-1.,2.22044604925E-16));
#744 = ORIENTED_EDGE('',*,*,#745,.T.);
#745 = EDGE_CURVE('',#738,#364,#746,.T.);
#746 = LINE('',#747,#748);
#747 = CARTESIAN_POINT('',(13.385,26.2,13.35));
#748 = VECTOR('',#749,1.);
#749 = DIRECTION('',(1.,0.,8.659560562355E-17));
#750 = ORIENTED_EDGE('',*,*,#371,.F.);
#751 = PLANE('',#752);
#752 = AXIS2_PLACEMENT_3D('',#753,#754,#755);
#753 = CARTESIAN_POINT('',(26.97,27.,13.35));
#754 = DIRECTION('',(-8.659560562355E-17,2.22044604925E-16,1.));
#755 = DIRECTION('',(1.,-8.659560562355E-17,8.659560562355E-17));
#756 = ADVANCED_FACE('',(#757),#775,.T.);
#757 = FACE_BOUND('',#758,.F.);
#758 = EDGE_LOOP('',(#759,#760,#761,#769));
#759 = ORIENTED_EDGE('',*,*,#558,.F.);
#760 = ORIENTED_EDGE('',*,*,#289,.T.);
#761 = ORIENTED_EDGE('',*,*,#762,.F.);
#762 = EDGE_CURVE('',#763,#290,#765,.T.);
#763 = VERTEX_POINT('',#764);
#764 = CARTESIAN_POINT('',(-47.2,25.5,22.92));
#765 = LINE('',#766,#767);
#766 = CARTESIAN_POINT('',(-46.825,25.875,22.92));
#767 = VECTOR('',#768,1.);
#768 = DIRECTION('',(0.707106781187,0.707106781187,-1.634518283426E-15)
  );
#769 = ORIENTED_EDGE('',*,*,#770,.F.);
#770 = EDGE_CURVE('',#559,#763,#771,.T.);
#771 = LINE('',#772,#773);
#772 = CARTESIAN_POINT('',(-47.2,25.5,11.4));
#773 = VECTOR('',#774,1.);
#774 = DIRECTION('',(0.,0.,1.));
#775 = PLANE('',#776);
#776 = AXIS2_PLACEMENT_3D('',#777,#778,#779);
#777 = CARTESIAN_POINT('',(-46.45,26.25,11.4));
#778 = DIRECTION('',(-0.707106781187,0.707106781187,0.));
#779 = DIRECTION('',(-0.,-0.,-1.));
#780 = ADVANCED_FACE('',(#781),#824,.T.);
#781 = FACE_BOUND('',#782,.T.);
#782 = EDGE_LOOP('',(#783,#793,#802,#808,#809,#810,#818));
#783 = ORIENTED_EDGE('',*,*,#784,.T.);
#784 = EDGE_CURVE('',#785,#787,#789,.T.);
#785 = VERTEX_POINT('',#786);
#786 = CARTESIAN_POINT('',(26.97,25.6,13.63));
#787 = VERTEX_POINT('',#788);
#788 = CARTESIAN_POINT('',(26.97,25.6,11.7));
#789 = LINE('',#790,#791);
#790 = CARTESIAN_POINT('',(26.97,25.6,11.35));
#791 = VECTOR('',#792,1.);
#792 = DIRECTION('',(8.659560562355E-17,0.,-1.));
#793 = ORIENTED_EDGE('',*,*,#794,.T.);
#794 = EDGE_CURVE('',#787,#795,#797,.T.);
#795 = VERTEX_POINT('',#796);
#796 = CARTESIAN_POINT('',(26.97,25.9,11.4));
#797 = CIRCLE('',#798,0.3);
#798 = AXIS2_PLACEMENT_3D('',#799,#800,#801);
#799 = CARTESIAN_POINT('',(26.97,25.9,11.7));
#800 = DIRECTION('',(1.,-0.,0.));
#801 = DIRECTION('',(0.,0.,-1.));
#802 = ORIENTED_EDGE('',*,*,#803,.F.);
#803 = EDGE_CURVE('',#224,#795,#804,.T.);
#804 = LINE('',#805,#806);
#805 = CARTESIAN_POINT('',(26.97,12.8,11.4));
#806 = VECTOR('',#807,1.);
#807 = DIRECTION('',(-8.659560562355E-17,-1.,0.));
#808 = ORIENTED_EDGE('',*,*,#223,.T.);
#809 = ORIENTED_EDGE('',*,*,#737,.T.);
#810 = ORIENTED_EDGE('',*,*,#811,.T.);
#811 = EDGE_CURVE('',#738,#812,#814,.T.);
#812 = VERTEX_POINT('',#813);
#813 = CARTESIAN_POINT('',(26.97,26.2,13.63));
#814 = LINE('',#815,#816);
#815 = CARTESIAN_POINT('',(26.97,26.2,12.33));
#816 = VECTOR('',#817,1.);
#817 = DIRECTION('',(0.,2.22044604925E-16,1.));
#818 = ORIENTED_EDGE('',*,*,#819,.T.);
#819 = EDGE_CURVE('',#812,#785,#820,.T.);
#820 = LINE('',#821,#822);
#821 = CARTESIAN_POINT('',(26.97,26.2,13.63));
#822 = VECTOR('',#823,1.);
#823 = DIRECTION('',(0.,-1.,2.22044604925E-16));
#824 = PLANE('',#825);
#825 = AXIS2_PLACEMENT_3D('',#826,#827,#828);
#826 = CARTESIAN_POINT('',(26.97,26.26914600551,12.48414600551));
#827 = DIRECTION('',(1.,-1.204042602336E-15,8.121980510465E-16));
#828 = DIRECTION('',(1.204042602336E-15,1.,0.));
#829 = ADVANCED_FACE('',(#830),#848,.F.);
#830 = FACE_BOUND('',#831,.F.);
#831 = EDGE_LOOP('',(#832,#833,#834,#842));
#832 = ORIENTED_EDGE('',*,*,#803,.F.);
#833 = ORIENTED_EDGE('',*,*,#231,.T.);
#834 = ORIENTED_EDGE('',*,*,#835,.T.);
#835 = EDGE_CURVE('',#232,#836,#838,.T.);
#836 = VERTEX_POINT('',#837);
#837 = CARTESIAN_POINT('',(-16.3,25.9,11.4));
#838 = LINE('',#839,#840);
#839 = CARTESIAN_POINT('',(-16.3,27.,11.4));
#840 = VECTOR('',#841,1.);
#841 = DIRECTION('',(-8.659560562355E-17,-1.,2.22044604925E-16));
#842 = ORIENTED_EDGE('',*,*,#843,.F.);
#843 = EDGE_CURVE('',#795,#836,#844,.T.);
#844 = LINE('',#845,#846);
#845 = CARTESIAN_POINT('',(26.97,25.9,11.4));
#846 = VECTOR('',#847,1.);
#847 = DIRECTION('',(-1.,0.,0.));
#848 = PLANE('',#849);
#849 = AXIS2_PLACEMENT_3D('',#850,#851,#852);
#850 = CARTESIAN_POINT('',(-0.2,-1.4,11.4));
#851 = DIRECTION('',(0.,0.,1.));
#852 = DIRECTION('',(1.,0.,0.));
#853 = ADVANCED_FACE('',(#854),#897,.T.);
#854 = FACE_BOUND('',#855,.T.);
#855 = EDGE_LOOP('',(#856,#857,#858,#866,#874,#882,#890));
#856 = ORIENTED_EDGE('',*,*,#623,.F.);
#857 = ORIENTED_EDGE('',*,*,#273,.F.);
#858 = ORIENTED_EDGE('',*,*,#859,.T.);
#859 = EDGE_CURVE('',#265,#860,#862,.T.);
#860 = VERTEX_POINT('',#861);
#861 = CARTESIAN_POINT('',(-25.4,26.2,13.17));
#862 = LINE('',#863,#864);
#863 = CARTESIAN_POINT('',(-25.4,27.,13.17));
#864 = VECTOR('',#865,1.);
#865 = DIRECTION('',(-8.659560562355E-17,-1.,2.22044604925E-16));
#866 = ORIENTED_EDGE('',*,*,#867,.T.);
#867 = EDGE_CURVE('',#860,#868,#870,.T.);
#868 = VERTEX_POINT('',#869);
#869 = CARTESIAN_POINT('',(-25.4,26.2,12.33));
#870 = LINE('',#871,#872);
#871 = CARTESIAN_POINT('',(-25.4,26.2,13.075));
#872 = VECTOR('',#873,1.);
#873 = DIRECTION('',(8.659560562355E-17,0.,-1.));
#874 = ORIENTED_EDGE('',*,*,#875,.T.);
#875 = EDGE_CURVE('',#868,#876,#878,.T.);
#876 = VERTEX_POINT('',#877);
#877 = CARTESIAN_POINT('',(-25.4,25.6,12.33));
#878 = LINE('',#879,#880);
#879 = CARTESIAN_POINT('',(-25.4,26.3,12.33));
#880 = VECTOR('',#881,1.);
#881 = DIRECTION('',(-8.659560562355E-17,-1.,2.2E-16));
#882 = ORIENTED_EDGE('',*,*,#883,.F.);
#883 = EDGE_CURVE('',#884,#876,#886,.T.);
#884 = VERTEX_POINT('',#885);
#885 = CARTESIAN_POINT('',(-25.4,25.6,11.7));
#886 = LINE('',#887,#888);
#887 = CARTESIAN_POINT('',(-25.4,25.6,12.285));
#888 = VECTOR('',#889,1.);
#889 = DIRECTION('',(-8.659560562355E-17,0.,1.));
#890 = ORIENTED_EDGE('',*,*,#891,.T.);
#891 = EDGE_CURVE('',#884,#616,#892,.T.);
#892 = CIRCLE('',#893,0.3);
#893 = AXIS2_PLACEMENT_3D('',#894,#895,#896);
#894 = CARTESIAN_POINT('',(-25.4,25.9,11.7));
#895 = DIRECTION('',(1.,-0.,0.));
#896 = DIRECTION('',(0.,0.,-1.));
#897 = PLANE('',#898);
#898 = AXIS2_PLACEMENT_3D('',#899,#900,#901);
#899 = CARTESIAN_POINT('',(-25.4,27.,13.17));
#900 = DIRECTION('',(1.,-8.659560562355E-17,8.659560562355E-17));
#901 = DIRECTION('',(8.659560562355E-17,-2.22044604925E-16,-1.));
#902 = ADVANCED_FACE('',(#903),#946,.F.);
#903 = FACE_BOUND('',#904,.F.);
#904 = EDGE_LOOP('',(#905,#906,#907,#915,#923,#931,#939));
#905 = ORIENTED_EDGE('',*,*,#835,.F.);
#906 = ORIENTED_EDGE('',*,*,#239,.F.);
#907 = ORIENTED_EDGE('',*,*,#908,.T.);
#908 = EDGE_CURVE('',#240,#909,#911,.T.);
#909 = VERTEX_POINT('',#910);
#910 = CARTESIAN_POINT('',(-16.3,26.2,13.17));
#911 = LINE('',#912,#913);
#912 = CARTESIAN_POINT('',(-16.3,27.,13.17));
#913 = VECTOR('',#914,1.);
#914 = DIRECTION('',(-8.659560562355E-17,-1.,2.22044604925E-16));
#915 = ORIENTED_EDGE('',*,*,#916,.T.);
#916 = EDGE_CURVE('',#909,#917,#919,.T.);
#917 = VERTEX_POINT('',#918);
#918 = CARTESIAN_POINT('',(-16.3,26.2,12.33));
#919 = LINE('',#920,#921);
#920 = CARTESIAN_POINT('',(-16.3,26.2,13.075));
#921 = VECTOR('',#922,1.);
#922 = DIRECTION('',(8.659560562355E-17,0.,-1.));
#923 = ORIENTED_EDGE('',*,*,#924,.T.);
#924 = EDGE_CURVE('',#917,#925,#927,.T.);
#925 = VERTEX_POINT('',#926);
#926 = CARTESIAN_POINT('',(-16.3,25.6,12.33));
#927 = LINE('',#928,#929);
#928 = CARTESIAN_POINT('',(-16.3,26.3,12.33));
#929 = VECTOR('',#930,1.);
#930 = DIRECTION('',(-8.659560562355E-17,-1.,2.2E-16));
#931 = ORIENTED_EDGE('',*,*,#932,.F.);
#932 = EDGE_CURVE('',#933,#925,#935,.T.);
#933 = VERTEX_POINT('',#934);
#934 = CARTESIAN_POINT('',(-16.3,25.6,11.7));
#935 = LINE('',#936,#937);
#936 = CARTESIAN_POINT('',(-16.3,25.6,12.285));
#937 = VECTOR('',#938,1.);
#938 = DIRECTION('',(-8.659560562355E-17,0.,1.));
#939 = ORIENTED_EDGE('',*,*,#940,.T.);
#940 = EDGE_CURVE('',#933,#836,#941,.T.);
#941 = CIRCLE('',#942,0.3);
#942 = AXIS2_PLACEMENT_3D('',#943,#944,#945);
#943 = CARTESIAN_POINT('',(-16.3,25.9,11.7));
#944 = DIRECTION('',(1.,-0.,0.));
#945 = DIRECTION('',(0.,0.,-1.));
#946 = PLANE('',#947);
#947 = AXIS2_PLACEMENT_3D('',#948,#949,#950);
#948 = CARTESIAN_POINT('',(-16.3,27.,13.17));
#949 = DIRECTION('',(1.,-8.659560562355E-17,8.659560562355E-17));
#950 = DIRECTION('',(8.659560562355E-17,-2.22044604925E-16,-1.));
#951 = ADVANCED_FACE('',(#952),#988,.F.);
#952 = FACE_BOUND('',#953,.F.);
#953 = EDGE_LOOP('',(#954,#955,#956,#965,#973,#982));
#954 = ORIENTED_EDGE('',*,*,#264,.F.);
#955 = ORIENTED_EDGE('',*,*,#859,.T.);
#956 = ORIENTED_EDGE('',*,*,#957,.T.);
#957 = EDGE_CURVE('',#860,#958,#960,.T.);
#958 = VERTEX_POINT('',#959);
#959 = CARTESIAN_POINT('',(-25.31519707931,26.2,13.63));
#960 = CIRCLE('',#961,1.29);
#961 = AXIS2_PLACEMENT_3D('',#962,#963,#964);
#962 = CARTESIAN_POINT('',(-24.11,26.2,13.17));
#963 = DIRECTION('',(8.659560562355E-17,1.,-2.22044604925E-16));
#964 = DIRECTION('',(-1.,8.659560562355E-17,-8.659560562355E-17));
#965 = ORIENTED_EDGE('',*,*,#966,.F.);
#966 = EDGE_CURVE('',#967,#958,#969,.T.);
#967 = VERTEX_POINT('',#968);
#968 = CARTESIAN_POINT('',(-25.31519707931,25.6,13.63));
#969 = LINE('',#970,#971);
#970 = CARTESIAN_POINT('',(-25.31519707931,27.,13.63));
#971 = VECTOR('',#972,1.);
#972 = DIRECTION('',(8.659560562355E-17,1.,-2.22044604925E-16));
#973 = ORIENTED_EDGE('',*,*,#974,.T.);
#974 = EDGE_CURVE('',#967,#975,#977,.T.);
#975 = VERTEX_POINT('',#976);
#976 = CARTESIAN_POINT('',(-24.11,25.6,14.46));
#977 = CIRCLE('',#978,1.29);
#978 = AXIS2_PLACEMENT_3D('',#979,#980,#981);
#979 = CARTESIAN_POINT('',(-24.11,25.6,13.17));
#980 = DIRECTION('',(8.659560562355E-17,1.,-2.22044604925E-16));
#981 = DIRECTION('',(-1.,8.659560562355E-17,-8.659560562355E-17));
#982 = ORIENTED_EDGE('',*,*,#983,.F.);
#983 = EDGE_CURVE('',#257,#975,#984,.T.);
#984 = LINE('',#985,#986);
#985 = CARTESIAN_POINT('',(-24.11,27.,14.46));
#986 = VECTOR('',#987,1.);
#987 = DIRECTION('',(-8.659560562355E-17,-1.,2.22044604925E-16));
#988 = CYLINDRICAL_SURFACE('',#989,1.29);
#989 = AXIS2_PLACEMENT_3D('',#990,#991,#992);
#990 = CARTESIAN_POINT('',(-24.11,27.,13.17));
#991 = DIRECTION('',(8.659560562355E-17,1.,-2.22044604925E-16));
#992 = DIRECTION('',(-1.,8.659560562355E-17,-8.659560562355E-17));
#993 = ADVANCED_FACE('',(#994),#1030,.F.);
#994 = FACE_BOUND('',#995,.F.);
#995 = EDGE_LOOP('',(#996,#997,#1005,#1014,#1022,#1029));
#996 = ORIENTED_EDGE('',*,*,#247,.F.);
#997 = ORIENTED_EDGE('',*,*,#998,.T.);
#998 = EDGE_CURVE('',#248,#999,#1001,.T.);
#999 = VERTEX_POINT('',#1000);
#1000 = CARTESIAN_POINT('',(-17.59,25.6,14.46));
#1001 = LINE('',#1002,#1003);
#1002 = CARTESIAN_POINT('',(-17.59,27.,14.46));
#1003 = VECTOR('',#1004,1.);
#1004 = DIRECTION('',(-8.659560562355E-17,-1.,2.22044604925E-16));
#1005 = ORIENTED_EDGE('',*,*,#1006,.T.);
#1006 = EDGE_CURVE('',#999,#1007,#1009,.T.);
#1007 = VERTEX_POINT('',#1008);
#1008 = CARTESIAN_POINT('',(-16.38480292068,25.6,13.63));
#1009 = CIRCLE('',#1010,1.29);
#1010 = AXIS2_PLACEMENT_3D('',#1011,#1012,#1013);
#1011 = CARTESIAN_POINT('',(-17.59,25.6,13.17));
#1012 = DIRECTION('',(8.659560562355E-17,1.,-2.22044604925E-16));
#1013 = DIRECTION('',(-1.,8.659560562355E-17,-8.659560562355E-17));
#1014 = ORIENTED_EDGE('',*,*,#1015,.T.);
#1015 = EDGE_CURVE('',#1007,#1016,#1018,.T.);
#1016 = VERTEX_POINT('',#1017);
#1017 = CARTESIAN_POINT('',(-16.38480292068,26.2,13.63));
#1018 = LINE('',#1019,#1020);
#1019 = CARTESIAN_POINT('',(-16.38480292068,27.,13.63));
#1020 = VECTOR('',#1021,1.);
#1021 = DIRECTION('',(8.659560562355E-17,1.,-2.22044604925E-16));
#1022 = ORIENTED_EDGE('',*,*,#1023,.T.);
#1023 = EDGE_CURVE('',#1016,#909,#1024,.T.);
#1024 = CIRCLE('',#1025,1.29);
#1025 = AXIS2_PLACEMENT_3D('',#1026,#1027,#1028);
#1026 = CARTESIAN_POINT('',(-17.59,26.2,13.17));
#1027 = DIRECTION('',(8.659560562355E-17,1.,-2.22044604925E-16));
#1028 = DIRECTION('',(-1.,8.659560562355E-17,-8.659560562355E-17));
#1029 = ORIENTED_EDGE('',*,*,#908,.F.);
#1030 = CYLINDRICAL_SURFACE('',#1031,1.29);
#1031 = AXIS2_PLACEMENT_3D('',#1032,#1033,#1034);
#1032 = CARTESIAN_POINT('',(-17.59,27.,13.17));
#1033 = DIRECTION('',(8.659560562355E-17,1.,-2.22044604925E-16));
#1034 = DIRECTION('',(-1.,8.659560562355E-17,-8.659560562355E-17));
#1035 = ADVANCED_FACE('',(#1036),#1047,.F.);
#1036 = FACE_BOUND('',#1037,.F.);
#1037 = EDGE_LOOP('',(#1038,#1039,#1040,#1046));
#1038 = ORIENTED_EDGE('',*,*,#256,.F.);
#1039 = ORIENTED_EDGE('',*,*,#983,.T.);
#1040 = ORIENTED_EDGE('',*,*,#1041,.F.);
#1041 = EDGE_CURVE('',#999,#975,#1042,.T.);
#1042 = LINE('',#1043,#1044);
#1043 = CARTESIAN_POINT('',(10.645,25.6,14.46));
#1044 = VECTOR('',#1045,1.);
#1045 = DIRECTION('',(-1.,-0.,-8.659560562355E-17));
#1046 = ORIENTED_EDGE('',*,*,#998,.F.);
#1047 = PLANE('',#1048);
#1048 = AXIS2_PLACEMENT_3D('',#1049,#1050,#1051);
#1049 = CARTESIAN_POINT('',(-24.11,27.,14.46));
#1050 = DIRECTION('',(-8.659560562355E-17,2.22044604925E-16,1.));
#1051 = DIRECTION('',(1.,-8.659560562355E-17,8.659560562355E-17));
#1052 = ADVANCED_FACE('',(#1053,#1126,#1160,#1194),#1228,.T.);
#1053 = FACE_BOUND('',#1054,.T.);
#1054 = EDGE_LOOP('',(#1055,#1056,#1064,#1072,#1078,#1079,#1087,#1093,
    #1094,#1095,#1096,#1104,#1110,#1111,#1117,#1118,#1124,#1125));
#1055 = ORIENTED_EDGE('',*,*,#663,.T.);
#1056 = ORIENTED_EDGE('',*,*,#1057,.T.);
#1057 = EDGE_CURVE('',#656,#1058,#1060,.T.);
#1058 = VERTEX_POINT('',#1059);
#1059 = CARTESIAN_POINT('',(-45.8,25.6,14.62));
#1060 = LINE('',#1061,#1062);
#1061 = CARTESIAN_POINT('',(45.4,25.6,14.62));
#1062 = VECTOR('',#1063,1.);
#1063 = DIRECTION('',(-1.,0.,0.));
#1064 = ORIENTED_EDGE('',*,*,#1065,.F.);
#1065 = EDGE_CURVE('',#1066,#1058,#1068,.T.);
#1066 = VERTEX_POINT('',#1067);
#1067 = CARTESIAN_POINT('',(-45.8,25.6,11.7));
#1068 = LINE('',#1069,#1070);
#1069 = CARTESIAN_POINT('',(-45.8,25.6,11.4));
#1070 = VECTOR('',#1071,1.);
#1071 = DIRECTION('',(0.,0.,1.));
#1072 = ORIENTED_EDGE('',*,*,#1073,.F.);
#1073 = EDGE_CURVE('',#884,#1066,#1074,.T.);
#1074 = LINE('',#1075,#1076);
#1075 = CARTESIAN_POINT('',(-25.4,25.6,11.7));
#1076 = VECTOR('',#1077,1.);
#1077 = DIRECTION('',(-1.,0.,0.));
#1078 = ORIENTED_EDGE('',*,*,#883,.T.);
#1079 = ORIENTED_EDGE('',*,*,#1080,.T.);
#1080 = EDGE_CURVE('',#876,#1081,#1083,.T.);
#1081 = VERTEX_POINT('',#1082);
#1082 = CARTESIAN_POINT('',(-25.31519707931,25.6,12.33));
#1083 = LINE('',#1084,#1085);
#1084 = CARTESIAN_POINT('',(-27.31519707931,25.6,12.33));
#1085 = VECTOR('',#1086,1.);
#1086 = DIRECTION('',(1.,0.,0.));
#1087 = ORIENTED_EDGE('',*,*,#1088,.T.);
#1088 = EDGE_CURVE('',#1081,#967,#1089,.T.);
#1089 = LINE('',#1090,#1091);
#1090 = CARTESIAN_POINT('',(-25.31519707931,25.6,12.33));
#1091 = VECTOR('',#1092,1.);
#1092 = DIRECTION('',(0.,2.22044604925E-16,1.));
#1093 = ORIENTED_EDGE('',*,*,#974,.T.);
#1094 = ORIENTED_EDGE('',*,*,#1041,.F.);
#1095 = ORIENTED_EDGE('',*,*,#1006,.T.);
#1096 = ORIENTED_EDGE('',*,*,#1097,.T.);
#1097 = EDGE_CURVE('',#1007,#1098,#1100,.T.);
#1098 = VERTEX_POINT('',#1099);
#1099 = CARTESIAN_POINT('',(-16.38480292068,25.6,12.33));
#1100 = LINE('',#1101,#1102);
#1101 = CARTESIAN_POINT('',(-16.38480292068,25.6,13.63));
#1102 = VECTOR('',#1103,1.);
#1103 = DIRECTION('',(0.,-2.22044604925E-16,-1.));
#1104 = ORIENTED_EDGE('',*,*,#1105,.T.);
#1105 = EDGE_CURVE('',#1098,#925,#1106,.T.);
#1106 = LINE('',#1107,#1108);
#1107 = CARTESIAN_POINT('',(-16.38480292068,25.6,12.33));
#1108 = VECTOR('',#1109,1.);
#1109 = DIRECTION('',(1.,0.,0.));
#1110 = ORIENTED_EDGE('',*,*,#932,.F.);
#1111 = ORIENTED_EDGE('',*,*,#1112,.F.);
#1112 = EDGE_CURVE('',#787,#933,#1113,.T.);
#1113 = LINE('',#1114,#1115);
#1114 = CARTESIAN_POINT('',(26.97,25.6,11.7));
#1115 = VECTOR('',#1116,1.);
#1116 = DIRECTION('',(-1.,0.,0.));
#1117 = ORIENTED_EDGE('',*,*,#784,.F.);
#1118 = ORIENTED_EDGE('',*,*,#1119,.F.);
#1119 = EDGE_CURVE('',#348,#785,#1120,.T.);
#1120 = LINE('',#1121,#1122);
#1121 = CARTESIAN_POINT('',(40.1,25.6,13.63));
#1122 = VECTOR('',#1123,1.);
#1123 = DIRECTION('',(-1.,0.,0.));
#1124 = ORIENTED_EDGE('',*,*,#347,.T.);
#1125 = ORIENTED_EDGE('',*,*,#387,.F.);
#1126 = FACE_BOUND('',#1127,.T.);
#1127 = EDGE_LOOP('',(#1128,#1138,#1146,#1154));
#1128 = ORIENTED_EDGE('',*,*,#1129,.F.);
#1129 = EDGE_CURVE('',#1130,#1132,#1134,.T.);
#1130 = VERTEX_POINT('',#1131);
#1131 = CARTESIAN_POINT('',(24.97,25.6,13.63));
#1132 = VERTEX_POINT('',#1133);
#1133 = CARTESIAN_POINT('',(-14.38480292068,25.6,13.63));
#1134 = LINE('',#1135,#1136);
#1135 = CARTESIAN_POINT('',(40.1,25.6,13.63));
#1136 = VECTOR('',#1137,1.);
#1137 = DIRECTION('',(-1.,0.,0.));
#1138 = ORIENTED_EDGE('',*,*,#1139,.T.);
#1139 = EDGE_CURVE('',#1130,#1140,#1142,.T.);
#1140 = VERTEX_POINT('',#1141);
#1141 = CARTESIAN_POINT('',(24.97,25.6,12.33));
#1142 = LINE('',#1143,#1144);
#1143 = CARTESIAN_POINT('',(24.97,25.6,13.63));
#1144 = VECTOR('',#1145,1.);
#1145 = DIRECTION('',(0.,-2.22044604925E-16,-1.));
#1146 = ORIENTED_EDGE('',*,*,#1147,.F.);
#1147 = EDGE_CURVE('',#1148,#1140,#1150,.T.);
#1148 = VERTEX_POINT('',#1149);
#1149 = CARTESIAN_POINT('',(-14.38480292068,25.6,12.33));
#1150 = LINE('',#1151,#1152);
#1151 = CARTESIAN_POINT('',(-40.5,25.6,12.33));
#1152 = VECTOR('',#1153,1.);
#1153 = DIRECTION('',(1.,0.,0.));
#1154 = ORIENTED_EDGE('',*,*,#1155,.T.);
#1155 = EDGE_CURVE('',#1148,#1132,#1156,.T.);
#1156 = LINE('',#1157,#1158);
#1157 = CARTESIAN_POINT('',(-14.38480292068,25.6,12.33));
#1158 = VECTOR('',#1159,1.);
#1159 = DIRECTION('',(0.,2.22044604925E-16,1.));
#1160 = FACE_BOUND('',#1161,.T.);
#1161 = EDGE_LOOP('',(#1162,#1172,#1180,#1188));
#1162 = ORIENTED_EDGE('',*,*,#1163,.F.);
#1163 = EDGE_CURVE('',#1164,#1166,#1168,.T.);
#1164 = VERTEX_POINT('',#1165);
#1165 = CARTESIAN_POINT('',(-27.31519707931,25.6,13.63));
#1166 = VERTEX_POINT('',#1167);
#1167 = CARTESIAN_POINT('',(-40.5,25.6,13.63));
#1168 = LINE('',#1169,#1170);
#1169 = CARTESIAN_POINT('',(40.1,25.6,13.63));
#1170 = VECTOR('',#1171,1.);
#1171 = DIRECTION('',(-1.,0.,0.));
#1172 = ORIENTED_EDGE('',*,*,#1173,.T.);
#1173 = EDGE_CURVE('',#1164,#1174,#1176,.T.);
#1174 = VERTEX_POINT('',#1175);
#1175 = CARTESIAN_POINT('',(-27.31519707931,25.6,12.33));
#1176 = LINE('',#1177,#1178);
#1177 = CARTESIAN_POINT('',(-27.31519707931,25.6,13.63));
#1178 = VECTOR('',#1179,1.);
#1179 = DIRECTION('',(0.,-2.22044604925E-16,-1.));
#1180 = ORIENTED_EDGE('',*,*,#1181,.F.);
#1181 = EDGE_CURVE('',#1182,#1174,#1184,.T.);
#1182 = VERTEX_POINT('',#1183);
#1183 = CARTESIAN_POINT('',(-40.5,25.6,12.33));
#1184 = LINE('',#1185,#1186);
#1185 = CARTESIAN_POINT('',(-40.5,25.6,12.33));
#1186 = VECTOR('',#1187,1.);
#1187 = DIRECTION('',(1.,0.,0.));
#1188 = ORIENTED_EDGE('',*,*,#1189,.F.);
#1189 = EDGE_CURVE('',#1166,#1182,#1190,.T.);
#1190 = LINE('',#1191,#1192);
#1191 = CARTESIAN_POINT('',(-40.5,25.6,13.63));
#1192 = VECTOR('',#1193,1.);
#1193 = DIRECTION('',(0.,0.,-1.));
#1194 = FACE_BOUND('',#1195,.T.);
#1195 = EDGE_LOOP('',(#1196,#1206,#1214,#1222));
#1196 = ORIENTED_EDGE('',*,*,#1197,.F.);
#1197 = EDGE_CURVE('',#1198,#1200,#1202,.T.);
#1198 = VERTEX_POINT('',#1199);
#1199 = CARTESIAN_POINT('',(33.21,25.6,12.33));
#1200 = VERTEX_POINT('',#1201);
#1201 = CARTESIAN_POINT('',(40.1,25.6,12.33));
#1202 = LINE('',#1203,#1204);
#1203 = CARTESIAN_POINT('',(-40.5,25.6,12.33));
#1204 = VECTOR('',#1205,1.);
#1205 = DIRECTION('',(1.,0.,0.));
#1206 = ORIENTED_EDGE('',*,*,#1207,.T.);
#1207 = EDGE_CURVE('',#1198,#1208,#1210,.T.);
#1208 = VERTEX_POINT('',#1209);
#1209 = CARTESIAN_POINT('',(33.21,25.6,13.63));
#1210 = LINE('',#1211,#1212);
#1211 = CARTESIAN_POINT('',(33.21,25.6,12.33));
#1212 = VECTOR('',#1213,1.);
#1213 = DIRECTION('',(0.,2.22044604925E-16,1.));
#1214 = ORIENTED_EDGE('',*,*,#1215,.F.);
#1215 = EDGE_CURVE('',#1216,#1208,#1218,.T.);
#1216 = VERTEX_POINT('',#1217);
#1217 = CARTESIAN_POINT('',(40.1,25.6,13.63));
#1218 = LINE('',#1219,#1220);
#1219 = CARTESIAN_POINT('',(40.1,25.6,13.63));
#1220 = VECTOR('',#1221,1.);
#1221 = DIRECTION('',(-1.,0.,0.));
#1222 = ORIENTED_EDGE('',*,*,#1223,.F.);
#1223 = EDGE_CURVE('',#1200,#1216,#1224,.T.);
#1224 = LINE('',#1225,#1226);
#1225 = CARTESIAN_POINT('',(40.1,25.6,12.33));
#1226 = VECTOR('',#1227,1.);
#1227 = DIRECTION('',(0.,0.,1.));
#1228 = PLANE('',#1229);
#1229 = AXIS2_PLACEMENT_3D('',#1230,#1231,#1232);
#1230 = CARTESIAN_POINT('',(-7.664193732253E-02,25.6,13.174133832346));
#1231 = DIRECTION('',(-0.,-1.,-0.));
#1232 = DIRECTION('',(0.,0.,-1.));
#1233 = ADVANCED_FACE('',(#1234),#1245,.F.);
#1234 = FACE_BOUND('',#1235,.F.);
#1235 = EDGE_LOOP('',(#1236,#1237,#1238,#1244));
#1236 = ORIENTED_EDGE('',*,*,#1119,.F.);
#1237 = ORIENTED_EDGE('',*,*,#355,.F.);
#1238 = ORIENTED_EDGE('',*,*,#1239,.T.);
#1239 = EDGE_CURVE('',#356,#812,#1240,.T.);
#1240 = LINE('',#1241,#1242);
#1241 = CARTESIAN_POINT('',(40.1,26.2,13.63));
#1242 = VECTOR('',#1243,1.);
#1243 = DIRECTION('',(-1.,0.,0.));
#1244 = ORIENTED_EDGE('',*,*,#819,.T.);
#1245 = PLANE('',#1246);
#1246 = AXIS2_PLACEMENT_3D('',#1247,#1248,#1249);
#1247 = CARTESIAN_POINT('',(40.1,25.6,13.63));
#1248 = DIRECTION('',(0.,2.2E-16,1.));
#1249 = DIRECTION('',(-1.,0.,0.));
#1250 = ADVANCED_FACE('',(#1251),#1257,.F.);
#1251 = FACE_BOUND('',#1252,.F.);
#1252 = EDGE_LOOP('',(#1253,#1254,#1255,#1256));
#1253 = ORIENTED_EDGE('',*,*,#811,.T.);
#1254 = ORIENTED_EDGE('',*,*,#1239,.F.);
#1255 = ORIENTED_EDGE('',*,*,#363,.T.);
#1256 = ORIENTED_EDGE('',*,*,#745,.F.);
#1257 = PLANE('',#1258);
#1258 = AXIS2_PLACEMENT_3D('',#1259,#1260,#1261);
#1259 = CARTESIAN_POINT('',(-0.2,26.2,12.98));
#1260 = DIRECTION('',(0.,1.,0.));
#1261 = DIRECTION('',(0.,0.,1.));
#1262 = ADVANCED_FACE('',(#1263),#1273,.F.);
#1263 = FACE_BOUND('',#1264,.F.);
#1264 = EDGE_LOOP('',(#1265,#1266,#1267));
#1265 = ORIENTED_EDGE('',*,*,#403,.F.);
#1266 = ORIENTED_EDGE('',*,*,#502,.T.);
#1267 = ORIENTED_EDGE('',*,*,#1268,.F.);
#1268 = EDGE_CURVE('',#404,#503,#1269,.T.);
#1269 = LINE('',#1270,#1271);
#1270 = CARTESIAN_POINT('',(45.3,-29.05,23.67));
#1271 = VECTOR('',#1272,1.);
#1272 = DIRECTION('',(-7.691850745534E-16,-0.707106781187,
    -0.707106781187));
#1273 = PLANE('',#1274);
#1274 = AXIS2_PLACEMENT_3D('',#1275,#1276,#1277);
#1275 = CARTESIAN_POINT('',(46.8,-28.3,22.92));
#1276 = DIRECTION('',(-0.57735026919,0.57735026919,-0.57735026919));
#1277 = DIRECTION('',(0.,-0.707106781187,-0.707106781187));
#1278 = ADVANCED_FACE('',(#1279,#1297,#1339,#1389,#1551,#1585,#1651,
    #1709,#1871,#1921,#1987,#2053,#2151,#2185,#2227,#2277,#2311,#2353,
    #2387,#2549,#2583,#2681,#2779,#2877,#2975,#3073,#3107,#3149,#3199,
    #3241),#3275,.T.);
#1279 = FACE_BOUND('',#1280,.T.);
#1280 = EDGE_LOOP('',(#1281,#1282,#1290,#1296));
#1281 = ORIENTED_EDGE('',*,*,#721,.T.);
#1282 = ORIENTED_EDGE('',*,*,#1283,.T.);
#1283 = EDGE_CURVE('',#714,#1284,#1286,.T.);
#1284 = VERTEX_POINT('',#1285);
#1285 = CARTESIAN_POINT('',(-45.7,-28.3,24.42));
#1286 = LINE('',#1287,#1288);
#1287 = CARTESIAN_POINT('',(-45.7,27.,24.42));
#1288 = VECTOR('',#1289,1.);
#1289 = DIRECTION('',(0.,-1.,0.));
#1290 = ORIENTED_EDGE('',*,*,#1291,.T.);
#1291 = EDGE_CURVE('',#1284,#404,#1292,.T.);
#1292 = LINE('',#1293,#1294);
#1293 = CARTESIAN_POINT('',(-47.2,-28.3,24.42));
#1294 = VECTOR('',#1295,1.);
#1295 = DIRECTION('',(1.,0.,0.));
#1296 = ORIENTED_EDGE('',*,*,#420,.T.);
#1297 = FACE_BOUND('',#1298,.T.);
#1298 = EDGE_LOOP('',(#1299,#1309,#1317,#1325,#1333));
#1299 = ORIENTED_EDGE('',*,*,#1300,.T.);
#1300 = EDGE_CURVE('',#1301,#1303,#1305,.T.);
#1301 = VERTEX_POINT('',#1302);
#1302 = CARTESIAN_POINT('',(-39.87857142857,-23.8919047619,24.42));
#1303 = VERTEX_POINT('',#1304);
#1304 = CARTESIAN_POINT('',(-38.59285714285,-23.52047619047,24.42));
#1305 = LINE('',#1306,#1307);
#1306 = CARTESIAN_POINT('',(-39.87857142857,-23.8919047619,24.42));
#1307 = VECTOR('',#1308,1.);
#1308 = DIRECTION('',(0.960714182841,0.277539652821,0.));
#1309 = ORIENTED_EDGE('',*,*,#1310,.T.);
#1310 = EDGE_CURVE('',#1303,#1311,#1313,.T.);
#1311 = VERTEX_POINT('',#1312);
#1312 = CARTESIAN_POINT('',(-37.2,-24.0419047619,24.42));
#1313 = LINE('',#1314,#1315);
#1314 = CARTESIAN_POINT('',(-38.59285714285,-23.52047619047,24.42));
#1315 = VECTOR('',#1316,1.);
#1316 = DIRECTION('',(0.936526400854,-0.350597062884,0.));
#1317 = ORIENTED_EDGE('',*,*,#1318,.T.);
#1318 = EDGE_CURVE('',#1311,#1319,#1321,.T.);
#1319 = VERTEX_POINT('',#1320);
#1320 = CARTESIAN_POINT('',(-37.2,-24.86333333333,24.42));
#1321 = LINE('',#1322,#1323);
#1322 = CARTESIAN_POINT('',(-37.2,-24.0419047619,24.42));
#1323 = VECTOR('',#1324,1.);
#1324 = DIRECTION('',(-2.22044604925E-16,-1.,0.));
#1325 = ORIENTED_EDGE('',*,*,#1326,.T.);
#1326 = EDGE_CURVE('',#1319,#1327,#1329,.T.);
#1327 = VERTEX_POINT('',#1328);
#1328 = CARTESIAN_POINT('',(-39.87857142857,-23.94904761904,24.42));
#1329 = LINE('',#1330,#1331);
#1330 = CARTESIAN_POINT('',(-37.2,-24.86333333333,24.42));
#1331 = VECTOR('',#1332,1.);
#1332 = DIRECTION('',(-0.946387496742,0.323033598888,0.));
#1333 = ORIENTED_EDGE('',*,*,#1334,.T.);
#1334 = EDGE_CURVE('',#1327,#1301,#1335,.T.);
#1335 = LINE('',#1336,#1337);
#1336 = CARTESIAN_POINT('',(-39.87857142857,-23.94904761904,24.42));
#1337 = VECTOR('',#1338,1.);
#1338 = DIRECTION('',(2.22044604925E-16,1.,0.));
#1339 = FACE_BOUND('',#1340,.T.);
#1340 = EDGE_LOOP('',(#1341,#1351,#1359,#1367,#1375,#1383));
#1341 = ORIENTED_EDGE('',*,*,#1342,.T.);
#1342 = EDGE_CURVE('',#1343,#1345,#1347,.T.);
#1343 = VERTEX_POINT('',#1344);
#1344 = CARTESIAN_POINT('',(-40.4,-22.86333333333,24.42));
#1345 = VERTEX_POINT('',#1346);
#1346 = CARTESIAN_POINT('',(-37.2,-21.81333333333,24.42));
#1347 = LINE('',#1348,#1349);
#1348 = CARTESIAN_POINT('',(-40.4,-22.86333333333,24.42));
#1349 = VECTOR('',#1350,1.);
#1350 = DIRECTION('',(0.950157464068,0.311770417897,0.));
#1351 = ORIENTED_EDGE('',*,*,#1352,.T.);
#1352 = EDGE_CURVE('',#1345,#1353,#1355,.T.);
#1353 = VERTEX_POINT('',#1354);
#1354 = CARTESIAN_POINT('',(-37.2,-22.6419047619,24.42));
#1355 = LINE('',#1356,#1357);
#1356 = CARTESIAN_POINT('',(-37.2,-21.81333333333,24.42));
#1357 = VECTOR('',#1358,1.);
#1358 = DIRECTION('',(-2.22044604925E-16,-1.,0.));
#1359 = ORIENTED_EDGE('',*,*,#1360,.T.);
#1360 = EDGE_CURVE('',#1353,#1361,#1363,.T.);
#1361 = VERTEX_POINT('',#1362);
#1362 = CARTESIAN_POINT('',(-40.39285714285,-23.68476190476,24.42));
#1363 = LINE('',#1364,#1365);
#1364 = CARTESIAN_POINT('',(-37.2,-22.6419047619,24.42));
#1365 = VECTOR('',#1366,1.);
#1366 = DIRECTION('',(-0.95057984149,-0.310480216684,0.));
#1367 = ORIENTED_EDGE('',*,*,#1368,.T.);
#1368 = EDGE_CURVE('',#1361,#1369,#1371,.T.);
#1369 = VERTEX_POINT('',#1370);
#1370 = CARTESIAN_POINT('',(-42.2,-23.68476190476,24.42));
#1371 = LINE('',#1372,#1373);
#1372 = CARTESIAN_POINT('',(-40.39285714285,-23.68476190476,24.42));
#1373 = VECTOR('',#1374,1.);
#1374 = DIRECTION('',(-1.,2.22044604925E-16,0.));
#1375 = ORIENTED_EDGE('',*,*,#1376,.T.);
#1376 = EDGE_CURVE('',#1369,#1377,#1379,.T.);
#1377 = VERTEX_POINT('',#1378);
#1378 = CARTESIAN_POINT('',(-42.2,-22.86333333333,24.42));
#1379 = LINE('',#1380,#1381);
#1380 = CARTESIAN_POINT('',(-42.2,-23.68476190476,24.42));
#1381 = VECTOR('',#1382,1.);
#1382 = DIRECTION('',(2.22044604925E-16,1.,0.));
#1383 = ORIENTED_EDGE('',*,*,#1384,.T.);
#1384 = EDGE_CURVE('',#1377,#1343,#1385,.T.);
#1385 = LINE('',#1386,#1387);
#1386 = CARTESIAN_POINT('',(-42.2,-22.86333333333,24.42));
#1387 = VECTOR('',#1388,1.);
#1388 = DIRECTION('',(1.,-2.22044604925E-16,0.));
#1389 = FACE_BOUND('',#1390,.T.);
#1390 = EDGE_LOOP('',(#1391,#1401,#1409,#1417,#1425,#1433,#1441,#1449,
    #1457,#1465,#1473,#1481,#1489,#1497,#1505,#1513,#1521,#1529,#1537,
    #1545));
#1391 = ORIENTED_EDGE('',*,*,#1392,.T.);
#1392 = EDGE_CURVE('',#1393,#1395,#1397,.T.);
#1393 = VERTEX_POINT('',#1394);
#1394 = CARTESIAN_POINT('',(-40.09285714285,-19.95904761904,24.42));
#1395 = VERTEX_POINT('',#1396);
#1396 = CARTESIAN_POINT('',(-40.09285714285,-19.54476190476,24.42));
#1397 = LINE('',#1398,#1399);
#1398 = CARTESIAN_POINT('',(-40.09285714285,-19.95904761904,24.42));
#1399 = VECTOR('',#1400,1.);
#1400 = DIRECTION('',(2.22044604925E-16,1.,0.));
#1401 = ORIENTED_EDGE('',*,*,#1402,.T.);
#1402 = EDGE_CURVE('',#1395,#1403,#1405,.T.);
#1403 = VERTEX_POINT('',#1404);
#1404 = CARTESIAN_POINT('',(-39.37857142857,-19.54476190476,24.42));
#1405 = LINE('',#1406,#1407);
#1406 = CARTESIAN_POINT('',(-40.09285714285,-19.54476190476,24.42));
#1407 = VECTOR('',#1408,1.);
#1408 = DIRECTION('',(1.,-2.22044604925E-16,0.));
#1409 = ORIENTED_EDGE('',*,*,#1410,.T.);
#1410 = EDGE_CURVE('',#1403,#1411,#1413,.T.);
#1411 = VERTEX_POINT('',#1412);
#1412 = CARTESIAN_POINT('',(-39.37857142857,-19.94476190476,24.42));
#1413 = LINE('',#1414,#1415);
#1414 = CARTESIAN_POINT('',(-39.37857142857,-19.54476190476,24.42));
#1415 = VECTOR('',#1416,1.);
#1416 = DIRECTION('',(-2.22044604925E-16,-1.,0.));
#1417 = ORIENTED_EDGE('',*,*,#1418,.T.);
#1418 = EDGE_CURVE('',#1411,#1419,#1421,.T.);
#1419 = VERTEX_POINT('',#1420);
#1420 = CARTESIAN_POINT('',(-38.78571428571,-20.63047619047,24.42));
#1421 = B_SPLINE_CURVE_WITH_KNOTS('',2,(#1422,#1423,#1424),
  .UNSPECIFIED.,.F.,.F.,(3,3),(0.,1.),.PIECEWISE_BEZIER_KNOTS.);
#1422 = CARTESIAN_POINT('',(-39.37857142857,-19.94476190476,24.42));
#1423 = CARTESIAN_POINT('',(-39.37857142857,-20.56619047619,24.42));
#1424 = CARTESIAN_POINT('',(-38.78571428571,-20.63047619047,24.42));
#1425 = ORIENTED_EDGE('',*,*,#1426,.T.);
#1426 = EDGE_CURVE('',#1419,#1427,#1429,.T.);
#1427 = VERTEX_POINT('',#1428);
#1428 = CARTESIAN_POINT('',(-38.66428571428,-20.63761904761,24.42));
#1429 = B_SPLINE_CURVE_WITH_KNOTS('',2,(#1430,#1431,#1432),
  .UNSPECIFIED.,.F.,.F.,(3,3),(0.,1.),.PIECEWISE_BEZIER_KNOTS.);
#1430 = CARTESIAN_POINT('',(-38.78571428571,-20.63047619047,24.42));
#1431 = CARTESIAN_POINT('',(-38.72142857142,-20.63761904761,24.42));
#1432 = CARTESIAN_POINT('',(-38.66428571428,-20.63761904761,24.42));
#1433 = ORIENTED_EDGE('',*,*,#1434,.T.);
#1434 = EDGE_CURVE('',#1427,#1435,#1437,.T.);
#1435 = VERTEX_POINT('',#1436);
#1436 = CARTESIAN_POINT('',(-37.95714285714,-20.09476190476,24.42));
#1437 = B_SPLINE_CURVE_WITH_KNOTS('',2,(#1438,#1439,#1440),
  .UNSPECIFIED.,.F.,.F.,(3,3),(0.,1.),.PIECEWISE_BEZIER_KNOTS.);
#1438 = CARTESIAN_POINT('',(-38.66428571428,-20.63761904761,24.42));
#1439 = CARTESIAN_POINT('',(-38.06428571428,-20.63761904761,24.42));
#1440 = CARTESIAN_POINT('',(-37.95714285714,-20.09476190476,24.42));
#1441 = ORIENTED_EDGE('',*,*,#1442,.T.);
#1442 = EDGE_CURVE('',#1435,#1443,#1445,.T.);
#1443 = VERTEX_POINT('',#1444);
#1444 = CARTESIAN_POINT('',(-37.94285714285,-19.88761904761,24.42));
#1445 = B_SPLINE_CURVE_WITH_KNOTS('',2,(#1446,#1447,#1448),
  .UNSPECIFIED.,.F.,.F.,(3,3),(0.,1.),.PIECEWISE_BEZIER_KNOTS.);
#1446 = CARTESIAN_POINT('',(-37.95714285714,-20.09476190476,24.42));
#1447 = CARTESIAN_POINT('',(-37.94285714285,-19.99476190476,24.42));
#1448 = CARTESIAN_POINT('',(-37.94285714285,-19.88761904761,24.42));
#1449 = ORIENTED_EDGE('',*,*,#1450,.T.);
#1450 = EDGE_CURVE('',#1443,#1451,#1453,.T.);
#1451 = VERTEX_POINT('',#1452);
#1452 = CARTESIAN_POINT('',(-37.94285714285,-19.54476190476,24.42));
#1453 = LINE('',#1454,#1455);
#1454 = CARTESIAN_POINT('',(-37.94285714285,-19.88761904761,24.42));
#1455 = VECTOR('',#1456,1.);
#1456 = DIRECTION('',(2.22044604925E-16,1.,0.));
#1457 = ORIENTED_EDGE('',*,*,#1458,.T.);
#1458 = EDGE_CURVE('',#1451,#1459,#1461,.T.);
#1459 = VERTEX_POINT('',#1460);
#1460 = CARTESIAN_POINT('',(-37.2,-19.54476190476,24.42));
#1461 = LINE('',#1462,#1463);
#1462 = CARTESIAN_POINT('',(-37.94285714285,-19.54476190476,24.42));
#1463 = VECTOR('',#1464,1.);
#1464 = DIRECTION('',(1.,-2.22044604925E-16,0.));
#1465 = ORIENTED_EDGE('',*,*,#1466,.T.);
#1466 = EDGE_CURVE('',#1459,#1467,#1469,.T.);
#1467 = VERTEX_POINT('',#1468);
#1468 = CARTESIAN_POINT('',(-37.2,-19.98047619047,24.42));
#1469 = LINE('',#1470,#1471);
#1470 = CARTESIAN_POINT('',(-37.2,-19.54476190476,24.42));
#1471 = VECTOR('',#1472,1.);
#1472 = DIRECTION('',(-2.22044604925E-16,-1.,0.));
#1473 = ORIENTED_EDGE('',*,*,#1474,.T.);
#1474 = EDGE_CURVE('',#1467,#1475,#1477,.T.);
#1475 = VERTEX_POINT('',#1476);
#1476 = CARTESIAN_POINT('',(-37.90714285714,-21.25904761904,24.42));
#1477 = B_SPLINE_CURVE_WITH_KNOTS('',2,(#1478,#1479,#1480),
  .UNSPECIFIED.,.F.,.F.,(3,3),(0.,1.),.PIECEWISE_BEZIER_KNOTS.);
#1478 = CARTESIAN_POINT('',(-37.2,-19.98047619047,24.42));
#1479 = CARTESIAN_POINT('',(-37.22142857142,-20.93047619047,24.42));
#1480 = CARTESIAN_POINT('',(-37.90714285714,-21.25904761904,24.42));
#1481 = ORIENTED_EDGE('',*,*,#1482,.T.);
#1482 = EDGE_CURVE('',#1475,#1483,#1485,.T.);
#1483 = VERTEX_POINT('',#1484);
#1484 = CARTESIAN_POINT('',(-38.56428571428,-21.39476190476,24.42));
#1485 = B_SPLINE_CURVE_WITH_KNOTS('',2,(#1486,#1487,#1488),
  .UNSPECIFIED.,.F.,.F.,(3,3),(0.,1.),.PIECEWISE_BEZIER_KNOTS.);
#1486 = CARTESIAN_POINT('',(-37.90714285714,-21.25904761904,24.42));
#1487 = CARTESIAN_POINT('',(-38.19285714285,-21.39476190476,24.42));
#1488 = CARTESIAN_POINT('',(-38.56428571428,-21.39476190476,24.42));
#1489 = ORIENTED_EDGE('',*,*,#1490,.T.);
#1490 = EDGE_CURVE('',#1483,#1491,#1493,.T.);
#1491 = VERTEX_POINT('',#1492);
#1492 = CARTESIAN_POINT('',(-39.71428571428,-20.90904761904,24.42));
#1493 = B_SPLINE_CURVE_WITH_KNOTS('',2,(#1494,#1495,#1496),
  .UNSPECIFIED.,.F.,.F.,(3,3),(0.,1.),.PIECEWISE_BEZIER_KNOTS.);
#1494 = CARTESIAN_POINT('',(-38.56428571428,-21.39476190476,24.42));
#1495 = CARTESIAN_POINT('',(-39.35714285714,-21.38761904761,24.42));
#1496 = CARTESIAN_POINT('',(-39.71428571428,-20.90904761904,24.42));
#1497 = ORIENTED_EDGE('',*,*,#1498,.T.);
#1498 = EDGE_CURVE('',#1491,#1499,#1501,.T.);
#1499 = VERTEX_POINT('',#1500);
#1500 = CARTESIAN_POINT('',(-40.47857142857,-21.38047619047,24.42));
#1501 = B_SPLINE_CURVE_WITH_KNOTS('',2,(#1502,#1503,#1504),
  .UNSPECIFIED.,.F.,.F.,(3,3),(0.,1.),.PIECEWISE_BEZIER_KNOTS.);
#1502 = CARTESIAN_POINT('',(-39.71428571428,-20.90904761904,24.42));
#1503 = CARTESIAN_POINT('',(-39.92857142857,-21.28047619047,24.42));
#1504 = CARTESIAN_POINT('',(-40.47857142857,-21.38047619047,24.42));
#1505 = ORIENTED_EDGE('',*,*,#1506,.T.);
#1506 = EDGE_CURVE('',#1499,#1507,#1509,.T.);
#1507 = VERTEX_POINT('',#1508);
#1508 = CARTESIAN_POINT('',(-40.65,-21.4019047619,24.42));
#1509 = B_SPLINE_CURVE_WITH_KNOTS('',2,(#1510,#1511,#1512),
  .UNSPECIFIED.,.F.,.F.,(3,3),(0.,1.),.PIECEWISE_BEZIER_KNOTS.);
#1510 = CARTESIAN_POINT('',(-40.47857142857,-21.38047619047,24.42));
#1511 = CARTESIAN_POINT('',(-40.57142857142,-21.39476190476,24.42));
#1512 = CARTESIAN_POINT('',(-40.65,-21.4019047619,24.42));
#1513 = ORIENTED_EDGE('',*,*,#1514,.T.);
#1514 = EDGE_CURVE('',#1507,#1515,#1517,.T.);
#1515 = VERTEX_POINT('',#1516);
#1516 = CARTESIAN_POINT('',(-42.2,-21.52333333333,24.42));
#1517 = LINE('',#1518,#1519);
#1518 = CARTESIAN_POINT('',(-40.65,-21.4019047619,24.42));
#1519 = VECTOR('',#1520,1.);
#1520 = DIRECTION('',(-0.996945395907,-7.810171304339E-02,0.));
#1521 = ORIENTED_EDGE('',*,*,#1522,.T.);
#1522 = EDGE_CURVE('',#1515,#1523,#1525,.T.);
#1523 = VERTEX_POINT('',#1524);
#1524 = CARTESIAN_POINT('',(-42.2,-20.78047619047,24.42));
#1525 = LINE('',#1526,#1527);
#1526 = CARTESIAN_POINT('',(-42.2,-21.52333333333,24.42));
#1527 = VECTOR('',#1528,1.);
#1528 = DIRECTION('',(2.22044604925E-16,1.,0.));
#1529 = ORIENTED_EDGE('',*,*,#1530,.T.);
#1530 = EDGE_CURVE('',#1523,#1531,#1533,.T.);
#1531 = VERTEX_POINT('',#1532);
#1532 = CARTESIAN_POINT('',(-40.92857142857,-20.67333333333,24.42));
#1533 = LINE('',#1534,#1535);
#1534 = CARTESIAN_POINT('',(-42.2,-20.78047619047,24.42));
#1535 = VECTOR('',#1536,1.);
#1536 = DIRECTION('',(0.996468111813,8.397203189433E-02,0.));
#1537 = ORIENTED_EDGE('',*,*,#1538,.T.);
#1538 = EDGE_CURVE('',#1531,#1539,#1541,.T.);
#1539 = VERTEX_POINT('',#1540);
#1540 = CARTESIAN_POINT('',(-40.17142857142,-20.3519047619,24.42));
#1541 = B_SPLINE_CURVE_WITH_KNOTS('',2,(#1542,#1543,#1544),
  .UNSPECIFIED.,.F.,.F.,(3,3),(0.,1.),.PIECEWISE_BEZIER_KNOTS.);
#1542 = CARTESIAN_POINT('',(-40.92857142857,-20.67333333333,24.42));
#1543 = CARTESIAN_POINT('',(-40.32857142857,-20.61619047619,24.42));
#1544 = CARTESIAN_POINT('',(-40.17142857142,-20.3519047619,24.42));
#1545 = ORIENTED_EDGE('',*,*,#1546,.T.);
#1546 = EDGE_CURVE('',#1539,#1393,#1547,.T.);
#1547 = B_SPLINE_CURVE_WITH_KNOTS('',2,(#1548,#1549,#1550),
  .UNSPECIFIED.,.F.,.F.,(3,3),(0.,1.),.PIECEWISE_BEZIER_KNOTS.);
#1548 = CARTESIAN_POINT('',(-40.17142857142,-20.3519047619,24.42));
#1549 = CARTESIAN_POINT('',(-40.09285714285,-20.19476190476,24.42));
#1550 = CARTESIAN_POINT('',(-40.09285714285,-19.95904761904,24.42));
#1551 = FACE_BOUND('',#1552,.T.);
#1552 = EDGE_LOOP('',(#1553,#1563,#1571,#1579));
#1553 = ORIENTED_EDGE('',*,*,#1554,.T.);
#1554 = EDGE_CURVE('',#1555,#1557,#1559,.T.);
#1555 = VERTEX_POINT('',#1556);
#1556 = CARTESIAN_POINT('',(-42.2,-19.18047619047,24.42));
#1557 = VERTEX_POINT('',#1558);
#1558 = CARTESIAN_POINT('',(-42.2,-18.38047619047,24.42));
#1559 = LINE('',#1560,#1561);
#1560 = CARTESIAN_POINT('',(-42.2,-19.18047619047,24.42));
#1561 = VECTOR('',#1562,1.);
#1562 = DIRECTION('',(2.22044604925E-16,1.,0.));
#1563 = ORIENTED_EDGE('',*,*,#1564,.T.);
#1564 = EDGE_CURVE('',#1557,#1565,#1567,.T.);
#1565 = VERTEX_POINT('',#1566);
#1566 = CARTESIAN_POINT('',(-37.2,-18.38047619047,24.42));
#1567 = LINE('',#1568,#1569);
#1568 = CARTESIAN_POINT('',(-42.2,-18.38047619047,24.42));
#1569 = VECTOR('',#1570,1.);
#1570 = DIRECTION('',(1.,-2.22044604925E-16,0.));
#1571 = ORIENTED_EDGE('',*,*,#1572,.T.);
#1572 = EDGE_CURVE('',#1565,#1573,#1575,.T.);
#1573 = VERTEX_POINT('',#1574);
#1574 = CARTESIAN_POINT('',(-37.2,-19.18047619047,24.42));
#1575 = LINE('',#1576,#1577);
#1576 = CARTESIAN_POINT('',(-37.2,-18.38047619047,24.42));
#1577 = VECTOR('',#1578,1.);
#1578 = DIRECTION('',(-2.22044604925E-16,-1.,0.));
#1579 = ORIENTED_EDGE('',*,*,#1580,.T.);
#1580 = EDGE_CURVE('',#1573,#1555,#1581,.T.);
#1581 = LINE('',#1582,#1583);
#1582 = CARTESIAN_POINT('',(-37.2,-19.18047619047,24.42));
#1583 = VECTOR('',#1584,1.);
#1584 = DIRECTION('',(-1.,2.22044604925E-16,0.));
#1585 = FACE_BOUND('',#1586,.T.);
#1586 = EDGE_LOOP('',(#1587,#1597,#1605,#1613,#1621,#1629,#1637,#1645));
#1587 = ORIENTED_EDGE('',*,*,#1588,.T.);
#1588 = EDGE_CURVE('',#1589,#1591,#1593,.T.);
#1589 = VERTEX_POINT('',#1590);
#1590 = CARTESIAN_POINT('',(-37.97857142857,-16.02285714285,24.42));
#1591 = VERTEX_POINT('',#1592);
#1592 = CARTESIAN_POINT('',(-37.97857142857,-14.87285714285,24.42));
#1593 = LINE('',#1594,#1595);
#1594 = CARTESIAN_POINT('',(-37.97857142857,-16.02285714285,24.42));
#1595 = VECTOR('',#1596,1.);
#1596 = DIRECTION('',(2.22044604925E-16,1.,0.));
#1597 = ORIENTED_EDGE('',*,*,#1598,.T.);
#1598 = EDGE_CURVE('',#1591,#1599,#1601,.T.);
#1599 = VERTEX_POINT('',#1600);
#1600 = CARTESIAN_POINT('',(-37.2,-14.87285714285,24.42));
#1601 = LINE('',#1602,#1603);
#1602 = CARTESIAN_POINT('',(-37.97857142857,-14.87285714285,24.42));
#1603 = VECTOR('',#1604,1.);
#1604 = DIRECTION('',(1.,-2.22044604925E-16,0.));
#1605 = ORIENTED_EDGE('',*,*,#1606,.T.);
#1606 = EDGE_CURVE('',#1599,#1607,#1609,.T.);
#1607 = VERTEX_POINT('',#1608);
#1608 = CARTESIAN_POINT('',(-37.2,-17.96571428571,24.42));
#1609 = LINE('',#1610,#1611);
#1610 = CARTESIAN_POINT('',(-37.2,-14.87285714285,24.42));
#1611 = VECTOR('',#1612,1.);
#1612 = DIRECTION('',(-2.22044604925E-16,-1.,0.));
#1613 = ORIENTED_EDGE('',*,*,#1614,.T.);
#1614 = EDGE_CURVE('',#1607,#1615,#1617,.T.);
#1615 = VERTEX_POINT('',#1616);
#1616 = CARTESIAN_POINT('',(-37.97857142857,-17.96571428571,24.42));
#1617 = LINE('',#1618,#1619);
#1618 = CARTESIAN_POINT('',(-37.2,-17.96571428571,24.42));
#1619 = VECTOR('',#1620,1.);
#1620 = DIRECTION('',(-1.,2.22044604925E-16,0.));
#1621 = ORIENTED_EDGE('',*,*,#1622,.T.);
#1622 = EDGE_CURVE('',#1615,#1623,#1625,.T.);
#1623 = VERTEX_POINT('',#1624);
#1624 = CARTESIAN_POINT('',(-37.97857142857,-16.82285714285,24.42));
#1625 = LINE('',#1626,#1627);
#1626 = CARTESIAN_POINT('',(-37.97857142857,-17.96571428571,24.42));
#1627 = VECTOR('',#1628,1.);
#1628 = DIRECTION('',(2.22044604925E-16,1.,0.));
#1629 = ORIENTED_EDGE('',*,*,#1630,.T.);
#1630 = EDGE_CURVE('',#1623,#1631,#1633,.T.);
#1631 = VERTEX_POINT('',#1632);
#1632 = CARTESIAN_POINT('',(-42.2,-16.82285714285,24.42));
#1633 = LINE('',#1634,#1635);
#1634 = CARTESIAN_POINT('',(-37.97857142857,-16.82285714285,24.42));
#1635 = VECTOR('',#1636,1.);
#1636 = DIRECTION('',(-1.,2.22044604925E-16,0.));
#1637 = ORIENTED_EDGE('',*,*,#1638,.T.);
#1638 = EDGE_CURVE('',#1631,#1639,#1641,.T.);
#1639 = VERTEX_POINT('',#1640);
#1640 = CARTESIAN_POINT('',(-42.2,-16.02285714285,24.42));
#1641 = LINE('',#1642,#1643);
#1642 = CARTESIAN_POINT('',(-42.2,-16.82285714285,24.42));
#1643 = VECTOR('',#1644,1.);
#1644 = DIRECTION('',(2.22044604925E-16,1.,0.));
#1645 = ORIENTED_EDGE('',*,*,#1646,.T.);
#1646 = EDGE_CURVE('',#1639,#1589,#1647,.T.);
#1647 = LINE('',#1648,#1649);
#1648 = CARTESIAN_POINT('',(-42.2,-16.02285714285,24.42));
#1649 = VECTOR('',#1650,1.);
#1650 = DIRECTION('',(1.,-2.22044604925E-16,0.));
#1651 = FACE_BOUND('',#1652,.T.);
#1652 = EDGE_LOOP('',(#1653,#1663,#1671,#1679,#1687,#1695,#1703));
#1653 = ORIENTED_EDGE('',*,*,#1654,.T.);
#1654 = EDGE_CURVE('',#1655,#1657,#1659,.T.);
#1655 = VERTEX_POINT('',#1656);
#1656 = CARTESIAN_POINT('',(-37.97857142857,-13.25571428571,24.42));
#1657 = VERTEX_POINT('',#1658);
#1658 = CARTESIAN_POINT('',(-37.95,-13.13428571428,24.42));
#1659 = LINE('',#1660,#1661);
#1660 = CARTESIAN_POINT('',(-37.97857142857,-13.25571428571,24.42));
#1661 = VECTOR('',#1662,1.);
#1662 = DIRECTION('',(0.229039333726,0.973417168334,0.));
#1663 = ORIENTED_EDGE('',*,*,#1664,.T.);
#1664 = EDGE_CURVE('',#1657,#1665,#1667,.T.);
#1665 = VERTEX_POINT('',#1666);
#1666 = CARTESIAN_POINT('',(-37.2,-13.13428571428,24.42));
#1667 = LINE('',#1668,#1669);
#1668 = CARTESIAN_POINT('',(-37.95,-13.13428571428,24.42));
#1669 = VECTOR('',#1670,1.);
#1670 = DIRECTION('',(1.,-2.22044604925E-16,0.));
#1671 = ORIENTED_EDGE('',*,*,#1672,.T.);
#1672 = EDGE_CURVE('',#1665,#1673,#1675,.T.);
#1673 = VERTEX_POINT('',#1674);
#1674 = CARTESIAN_POINT('',(-37.72857142857,-14.16285714285,24.42));
#1675 = B_SPLINE_CURVE_WITH_KNOTS('',2,(#1676,#1677,#1678),
  .UNSPECIFIED.,.F.,.F.,(3,3),(0.,1.),.PIECEWISE_BEZIER_KNOTS.);
#1676 = CARTESIAN_POINT('',(-37.2,-13.13428571428,24.42));
#1677 = CARTESIAN_POINT('',(-37.2,-13.74857142857,24.42));
#1678 = CARTESIAN_POINT('',(-37.72857142857,-14.16285714285,24.42));
#1679 = ORIENTED_EDGE('',*,*,#1680,.T.);
#1680 = EDGE_CURVE('',#1673,#1681,#1683,.T.);
#1681 = VERTEX_POINT('',#1682);
#1682 = CARTESIAN_POINT('',(-38.25,-14.39857142857,24.42));
#1683 = B_SPLINE_CURVE_WITH_KNOTS('',2,(#1684,#1685,#1686),
  .UNSPECIFIED.,.F.,.F.,(3,3),(0.,1.),.PIECEWISE_BEZIER_KNOTS.);
#1684 = CARTESIAN_POINT('',(-37.72857142857,-14.16285714285,24.42));
#1685 = CARTESIAN_POINT('',(-38.01428571428,-14.38428571428,24.42));
#1686 = CARTESIAN_POINT('',(-38.25,-14.39857142857,24.42));
#1687 = ORIENTED_EDGE('',*,*,#1688,.T.);
#1688 = EDGE_CURVE('',#1681,#1689,#1691,.T.);
#1689 = VERTEX_POINT('',#1690);
#1690 = CARTESIAN_POINT('',(-38.49285714285,-13.66285714285,24.42));
#1691 = LINE('',#1692,#1693);
#1692 = CARTESIAN_POINT('',(-38.25,-14.39857142857,24.42));
#1693 = VECTOR('',#1694,1.);
#1694 = DIRECTION('',(-0.313460593315,0.94960120916,0.));
#1695 = ORIENTED_EDGE('',*,*,#1696,.T.);
#1696 = EDGE_CURVE('',#1689,#1697,#1699,.T.);
#1697 = VERTEX_POINT('',#1698);
#1698 = CARTESIAN_POINT('',(-38.14285714285,-13.50214285714,24.42));
#1699 = B_SPLINE_CURVE_WITH_KNOTS('',2,(#1700,#1701,#1702),
  .UNSPECIFIED.,.F.,.F.,(3,3),(0.,1.),.PIECEWISE_BEZIER_KNOTS.);
#1700 = CARTESIAN_POINT('',(-38.49285714285,-13.66285714285,24.42));
#1701 = CARTESIAN_POINT('',(-38.27857142857,-13.63428571428,24.42));
#1702 = CARTESIAN_POINT('',(-38.14285714285,-13.50214285714,24.42));
#1703 = ORIENTED_EDGE('',*,*,#1704,.T.);
#1704 = EDGE_CURVE('',#1697,#1655,#1705,.T.);
#1705 = B_SPLINE_CURVE_WITH_KNOTS('',2,(#1706,#1707,#1708),
  .UNSPECIFIED.,.F.,.F.,(3,3),(0.,1.),.PIECEWISE_BEZIER_KNOTS.);
#1706 = CARTESIAN_POINT('',(-38.14285714285,-13.50214285714,24.42));
#1707 = CARTESIAN_POINT('',(-38.00714285714,-13.37,24.42));
#1708 = CARTESIAN_POINT('',(-37.97857142857,-13.25571428571,24.42));
#1709 = FACE_BOUND('',#1710,.T.);
#1710 = EDGE_LOOP('',(#1711,#1721,#1729,#1737,#1745,#1753,#1761,#1769,
    #1777,#1785,#1793,#1801,#1809,#1817,#1825,#1833,#1841,#1849,#1857,
    #1865));
#1711 = ORIENTED_EDGE('',*,*,#1712,.T.);
#1712 = EDGE_CURVE('',#1713,#1715,#1717,.T.);
#1713 = VERTEX_POINT('',#1714);
#1714 = CARTESIAN_POINT('',(-39.13571428571,-11.61285714285,24.42));
#1715 = VERTEX_POINT('',#1716);
#1716 = CARTESIAN_POINT('',(-38.55714285714,-11.50571428571,24.42));
#1717 = B_SPLINE_CURVE_WITH_KNOTS('',2,(#1718,#1719,#1720),
  .UNSPECIFIED.,.F.,.F.,(3,3),(0.,1.),.PIECEWISE_BEZIER_KNOTS.);
#1718 = CARTESIAN_POINT('',(-39.13571428571,-11.61285714285,24.42));
#1719 = CARTESIAN_POINT('',(-38.88571428571,-11.50571428571,24.42));
#1720 = CARTESIAN_POINT('',(-38.55714285714,-11.50571428571,24.42));
#1721 = ORIENTED_EDGE('',*,*,#1722,.T.);
#1722 = EDGE_CURVE('',#1715,#1723,#1725,.T.);
#1723 = VERTEX_POINT('',#1724);
#1724 = CARTESIAN_POINT('',(-37.38571428571,-12.17714285714,24.42));
#1725 = B_SPLINE_CURVE_WITH_KNOTS('',2,(#1726,#1727,#1728),
  .UNSPECIFIED.,.F.,.F.,(3,3),(0.,1.),.PIECEWISE_BEZIER_KNOTS.);
#1726 = CARTESIAN_POINT('',(-38.55714285714,-11.50571428571,24.42));
#1727 = CARTESIAN_POINT('',(-37.77857142857,-11.50571428571,24.42));
#1728 = CARTESIAN_POINT('',(-37.38571428571,-12.17714285714,24.42));
#1729 = ORIENTED_EDGE('',*,*,#1730,.T.);
#1730 = EDGE_CURVE('',#1723,#1731,#1733,.T.);
#1731 = VERTEX_POINT('',#1732);
#1732 = CARTESIAN_POINT('',(-37.2,-12.76285714285,24.42));
#1733 = B_SPLINE_CURVE_WITH_KNOTS('',2,(#1734,#1735,#1736),
  .UNSPECIFIED.,.F.,.F.,(3,3),(0.,1.),.PIECEWISE_BEZIER_KNOTS.);
#1734 = CARTESIAN_POINT('',(-37.38571428571,-12.17714285714,24.42));
#1735 = CARTESIAN_POINT('',(-37.20714285714,-12.49142857142,24.42));
#1736 = CARTESIAN_POINT('',(-37.2,-12.76285714285,24.42));
#1737 = ORIENTED_EDGE('',*,*,#1738,.T.);
#1738 = EDGE_CURVE('',#1731,#1739,#1741,.T.);
#1739 = VERTEX_POINT('',#1740);
#1740 = CARTESIAN_POINT('',(-37.95,-12.76285714285,24.42));
#1741 = LINE('',#1742,#1743);
#1742 = CARTESIAN_POINT('',(-37.2,-12.76285714285,24.42));
#1743 = VECTOR('',#1744,1.);
#1744 = DIRECTION('',(-1.,2.22044604925E-16,0.));
#1745 = ORIENTED_EDGE('',*,*,#1746,.T.);
#1746 = EDGE_CURVE('',#1739,#1747,#1749,.T.);
#1747 = VERTEX_POINT('',#1748);
#1748 = CARTESIAN_POINT('',(-38.20714285714,-12.37714285714,24.42));
#1749 = B_SPLINE_CURVE_WITH_KNOTS('',2,(#1750,#1751,#1752),
  .UNSPECIFIED.,.F.,.F.,(3,3),(0.,1.),.PIECEWISE_BEZIER_KNOTS.);
#1750 = CARTESIAN_POINT('',(-37.95,-12.76285714285,24.42));
#1751 = CARTESIAN_POINT('',(-37.98571428571,-12.54142857142,24.42));
#1752 = CARTESIAN_POINT('',(-38.20714285714,-12.37714285714,24.42));
#1753 = ORIENTED_EDGE('',*,*,#1754,.T.);
#1754 = EDGE_CURVE('',#1747,#1755,#1757,.T.);
#1755 = VERTEX_POINT('',#1756);
#1756 = CARTESIAN_POINT('',(-38.54285714285,-12.27,24.42));
#1757 = B_SPLINE_CURVE_WITH_KNOTS('',2,(#1758,#1759,#1760),
  .UNSPECIFIED.,.F.,.F.,(3,3),(0.,1.),.PIECEWISE_BEZIER_KNOTS.);
#1758 = CARTESIAN_POINT('',(-38.20714285714,-12.37714285714,24.42));
#1759 = CARTESIAN_POINT('',(-38.36428571428,-12.27,24.42));
#1760 = CARTESIAN_POINT('',(-38.54285714285,-12.27,24.42));
#1761 = ORIENTED_EDGE('',*,*,#1762,.T.);
#1762 = EDGE_CURVE('',#1755,#1763,#1765,.T.);
#1763 = VERTEX_POINT('',#1764);
#1764 = CARTESIAN_POINT('',(-39.13571428571,-12.80571428571,24.42));
#1765 = B_SPLINE_CURVE_WITH_KNOTS('',2,(#1766,#1767,#1768),
  .UNSPECIFIED.,.F.,.F.,(3,3),(0.,1.),.PIECEWISE_BEZIER_KNOTS.);
#1766 = CARTESIAN_POINT('',(-38.54285714285,-12.27,24.42));
#1767 = CARTESIAN_POINT('',(-38.91428571428,-12.27,24.42));
#1768 = CARTESIAN_POINT('',(-39.13571428571,-12.80571428571,24.42));
#1769 = ORIENTED_EDGE('',*,*,#1770,.T.);
#1770 = EDGE_CURVE('',#1763,#1771,#1773,.T.);
#1771 = VERTEX_POINT('',#1772);
#1772 = CARTESIAN_POINT('',(-39.27142857142,-13.20571428571,24.42));
#1773 = B_SPLINE_CURVE_WITH_KNOTS('',2,(#1774,#1775,#1776),
  .UNSPECIFIED.,.F.,.F.,(3,3),(0.,1.),.PIECEWISE_BEZIER_KNOTS.);
#1774 = CARTESIAN_POINT('',(-39.13571428571,-12.80571428571,24.42));
#1775 = CARTESIAN_POINT('',(-39.18571428571,-12.93428571428,24.42));
#1776 = CARTESIAN_POINT('',(-39.27142857142,-13.20571428571,24.42));
#1777 = ORIENTED_EDGE('',*,*,#1778,.T.);
#1778 = EDGE_CURVE('',#1771,#1779,#1781,.T.);
#1779 = VERTEX_POINT('',#1780);
#1780 = CARTESIAN_POINT('',(-39.44285714285,-13.68428571428,24.42));
#1781 = B_SPLINE_CURVE_WITH_KNOTS('',2,(#1782,#1783,#1784),
  .UNSPECIFIED.,.F.,.F.,(3,3),(0.,1.),.PIECEWISE_BEZIER_KNOTS.);
#1782 = CARTESIAN_POINT('',(-39.27142857142,-13.20571428571,24.42));
#1783 = CARTESIAN_POINT('',(-39.37857142857,-13.54857142857,24.42));
#1784 = CARTESIAN_POINT('',(-39.44285714285,-13.68428571428,24.42));
#1785 = ORIENTED_EDGE('',*,*,#1786,.T.);
#1786 = EDGE_CURVE('',#1779,#1787,#1789,.T.);
#1787 = VERTEX_POINT('',#1788);
#1788 = CARTESIAN_POINT('',(-40.17142857142,-14.49142857142,24.42));
#1789 = B_SPLINE_CURVE_WITH_KNOTS('',2,(#1790,#1791,#1792),
  .UNSPECIFIED.,.F.,.F.,(3,3),(0.,1.),.PIECEWISE_BEZIER_KNOTS.);
#1790 = CARTESIAN_POINT('',(-39.44285714285,-13.68428571428,24.42));
#1791 = CARTESIAN_POINT('',(-39.75,-14.30571428571,24.42));
#1792 = CARTESIAN_POINT('',(-40.17142857142,-14.49142857142,24.42));
#1793 = ORIENTED_EDGE('',*,*,#1794,.T.);
#1794 = EDGE_CURVE('',#1787,#1795,#1797,.T.);
#1795 = VERTEX_POINT('',#1796);
#1796 = CARTESIAN_POINT('',(-40.72142857142,-14.59857142857,24.42));
#1797 = B_SPLINE_CURVE_WITH_KNOTS('',2,(#1798,#1799,#1800),
  .UNSPECIFIED.,.F.,.F.,(3,3),(0.,1.),.PIECEWISE_BEZIER_KNOTS.);
#1798 = CARTESIAN_POINT('',(-40.17142857142,-14.49142857142,24.42));
#1799 = CARTESIAN_POINT('',(-40.42142857142,-14.59857142857,24.42));
#1800 = CARTESIAN_POINT('',(-40.72142857142,-14.59857142857,24.42));
#1801 = ORIENTED_EDGE('',*,*,#1802,.T.);
#1802 = EDGE_CURVE('',#1795,#1803,#1805,.T.);
#1803 = VERTEX_POINT('',#1804);
#1804 = CARTESIAN_POINT('',(-41.81428571428,-14.11285714285,24.42));
#1805 = B_SPLINE_CURVE_WITH_KNOTS('',2,(#1806,#1807,#1808),
  .UNSPECIFIED.,.F.,.F.,(3,3),(0.,1.),.PIECEWISE_BEZIER_KNOTS.);
#1806 = CARTESIAN_POINT('',(-40.72142857142,-14.59857142857,24.42));
#1807 = CARTESIAN_POINT('',(-41.35,-14.59857142857,24.42));
#1808 = CARTESIAN_POINT('',(-41.81428571428,-14.11285714285,24.42));
#1809 = ORIENTED_EDGE('',*,*,#1810,.T.);
#1810 = EDGE_CURVE('',#1803,#1811,#1813,.T.);
#1811 = VERTEX_POINT('',#1812);
#1812 = CARTESIAN_POINT('',(-42.22142857142,-13.13428571428,24.42));
#1813 = B_SPLINE_CURVE_WITH_KNOTS('',2,(#1814,#1815,#1816),
  .UNSPECIFIED.,.F.,.F.,(3,3),(0.,1.),.PIECEWISE_BEZIER_KNOTS.);
#1814 = CARTESIAN_POINT('',(-41.81428571428,-14.11285714285,24.42));
#1815 = CARTESIAN_POINT('',(-42.22142857142,-13.67714285714,24.42));
#1816 = CARTESIAN_POINT('',(-42.22142857142,-13.13428571428,24.42));
#1817 = ORIENTED_EDGE('',*,*,#1818,.T.);
#1818 = EDGE_CURVE('',#1811,#1819,#1821,.T.);
#1819 = VERTEX_POINT('',#1820);
#1820 = CARTESIAN_POINT('',(-41.48571428571,-13.13428571428,24.42));
#1821 = LINE('',#1822,#1823);
#1822 = CARTESIAN_POINT('',(-42.22142857142,-13.13428571428,24.42));
#1823 = VECTOR('',#1824,1.);
#1824 = DIRECTION('',(1.,-2.22044604925E-16,0.));
#1825 = ORIENTED_EDGE('',*,*,#1826,.T.);
#1826 = EDGE_CURVE('',#1819,#1827,#1829,.T.);
#1827 = VERTEX_POINT('',#1828);
#1828 = CARTESIAN_POINT('',(-41.22857142857,-13.62,24.42));
#1829 = B_SPLINE_CURVE_WITH_KNOTS('',2,(#1830,#1831,#1832),
  .UNSPECIFIED.,.F.,.F.,(3,3),(0.,1.),.PIECEWISE_BEZIER_KNOTS.);
#1830 = CARTESIAN_POINT('',(-41.48571428571,-13.13428571428,24.42));
#1831 = CARTESIAN_POINT('',(-41.47142857142,-13.40571428571,24.42));
#1832 = CARTESIAN_POINT('',(-41.22857142857,-13.62,24.42));
#1833 = ORIENTED_EDGE('',*,*,#1834,.T.);
#1834 = EDGE_CURVE('',#1827,#1835,#1837,.T.);
#1835 = VERTEX_POINT('',#1836);
#1836 = CARTESIAN_POINT('',(-40.73571428571,-13.79857142857,24.42));
#1837 = B_SPLINE_CURVE_WITH_KNOTS('',2,(#1838,#1839,#1840),
  .UNSPECIFIED.,.F.,.F.,(3,3),(0.,1.),.PIECEWISE_BEZIER_KNOTS.);
#1838 = CARTESIAN_POINT('',(-41.22857142857,-13.62,24.42));
#1839 = CARTESIAN_POINT('',(-41.01428571428,-13.79857142857,24.42));
#1840 = CARTESIAN_POINT('',(-40.73571428571,-13.79857142857,24.42));
#1841 = ORIENTED_EDGE('',*,*,#1842,.T.);
#1842 = EDGE_CURVE('',#1835,#1843,#1845,.T.);
#1843 = VERTEX_POINT('',#1844);
#1844 = CARTESIAN_POINT('',(-40.07857142857,-13.19142857142,24.42));
#1845 = B_SPLINE_CURVE_WITH_KNOTS('',2,(#1846,#1847,#1848),
  .UNSPECIFIED.,.F.,.F.,(3,3),(0.,1.),.PIECEWISE_BEZIER_KNOTS.);
#1846 = CARTESIAN_POINT('',(-40.73571428571,-13.79857142857,24.42));
#1847 = CARTESIAN_POINT('',(-40.3,-13.79857142857,24.42));
#1848 = CARTESIAN_POINT('',(-40.07857142857,-13.19142857142,24.42));
#1849 = ORIENTED_EDGE('',*,*,#1850,.T.);
#1850 = EDGE_CURVE('',#1843,#1851,#1853,.T.);
#1851 = VERTEX_POINT('',#1852);
#1852 = CARTESIAN_POINT('',(-39.95,-12.79142857142,24.42));
#1853 = B_SPLINE_CURVE_WITH_KNOTS('',2,(#1854,#1855,#1856),
  .UNSPECIFIED.,.F.,.F.,(3,3),(0.,1.),.PIECEWISE_BEZIER_KNOTS.);
#1854 = CARTESIAN_POINT('',(-40.07857142857,-13.19142857142,24.42));
#1855 = CARTESIAN_POINT('',(-40.02857142857,-13.06285714285,24.42));
#1856 = CARTESIAN_POINT('',(-39.95,-12.79142857142,24.42));
#1857 = ORIENTED_EDGE('',*,*,#1858,.T.);
#1858 = EDGE_CURVE('',#1851,#1859,#1861,.T.);
#1859 = VERTEX_POINT('',#1860);
#1860 = CARTESIAN_POINT('',(-39.81428571428,-12.38428571428,24.42));
#1861 = B_SPLINE_CURVE_WITH_KNOTS('',2,(#1862,#1863,#1864),
  .UNSPECIFIED.,.F.,.F.,(3,3),(0.,1.),.PIECEWISE_BEZIER_KNOTS.);
#1862 = CARTESIAN_POINT('',(-39.95,-12.79142857142,24.42));
#1863 = CARTESIAN_POINT('',(-39.86428571428,-12.49142857142,24.42));
#1864 = CARTESIAN_POINT('',(-39.81428571428,-12.38428571428,24.42));
#1865 = ORIENTED_EDGE('',*,*,#1866,.T.);
#1866 = EDGE_CURVE('',#1859,#1713,#1867,.T.);
#1867 = B_SPLINE_CURVE_WITH_KNOTS('',2,(#1868,#1869,#1870),
  .UNSPECIFIED.,.F.,.F.,(3,3),(0.,1.),.PIECEWISE_BEZIER_KNOTS.);
#1868 = CARTESIAN_POINT('',(-39.81428571428,-12.38428571428,24.42));
#1869 = CARTESIAN_POINT('',(-39.55,-11.78428571428,24.42));
#1870 = CARTESIAN_POINT('',(-39.13571428571,-11.61285714285,24.42));
#1871 = FACE_BOUND('',#1872,.T.);
#1872 = EDGE_LOOP('',(#1873,#1883,#1891,#1899,#1907,#1915));
#1873 = ORIENTED_EDGE('',*,*,#1874,.T.);
#1874 = EDGE_CURVE('',#1875,#1877,#1879,.T.);
#1875 = VERTEX_POINT('',#1876);
#1876 = CARTESIAN_POINT('',(-41.69285714285,-11.72,24.42));
#1877 = VERTEX_POINT('',#1878);
#1878 = CARTESIAN_POINT('',(-41.07142857142,-11.44857142857,24.42));
#1879 = B_SPLINE_CURVE_WITH_KNOTS('',2,(#1880,#1881,#1882),
  .UNSPECIFIED.,.F.,.F.,(3,3),(0.,1.),.PIECEWISE_BEZIER_KNOTS.);
#1880 = CARTESIAN_POINT('',(-41.69285714285,-11.72,24.42));
#1881 = CARTESIAN_POINT('',(-41.35714285714,-11.45571428571,24.42));
#1882 = CARTESIAN_POINT('',(-41.07142857142,-11.44857142857,24.42));
#1883 = ORIENTED_EDGE('',*,*,#1884,.T.);
#1884 = EDGE_CURVE('',#1877,#1885,#1887,.T.);
#1885 = VERTEX_POINT('',#1886);
#1886 = CARTESIAN_POINT('',(-40.81428571428,-12.17,24.42));
#1887 = LINE('',#1888,#1889);
#1888 = CARTESIAN_POINT('',(-41.07142857142,-11.44857142857,24.42));
#1889 = VECTOR('',#1890,1.);
#1890 = DIRECTION('',(0.335745526718,-0.941952727736,0.));
#1891 = ORIENTED_EDGE('',*,*,#1892,.T.);
#1892 = EDGE_CURVE('',#1885,#1893,#1895,.T.);
#1893 = VERTEX_POINT('',#1894);
#1894 = CARTESIAN_POINT('',(-41.45714285714,-12.67714285714,24.42));
#1895 = B_SPLINE_CURVE_WITH_KNOTS('',2,(#1896,#1897,#1898),
  .UNSPECIFIED.,.F.,.F.,(3,3),(0.,1.),.PIECEWISE_BEZIER_KNOTS.);
#1896 = CARTESIAN_POINT('',(-40.81428571428,-12.17,24.42));
#1897 = CARTESIAN_POINT('',(-41.27857142857,-12.21285714285,24.42));
#1898 = CARTESIAN_POINT('',(-41.45714285714,-12.67714285714,24.42));
#1899 = ORIENTED_EDGE('',*,*,#1900,.T.);
#1900 = EDGE_CURVE('',#1893,#1901,#1903,.T.);
#1901 = VERTEX_POINT('',#1902);
#1902 = CARTESIAN_POINT('',(-41.48571428571,-12.76285714285,24.42));
#1903 = B_SPLINE_CURVE_WITH_KNOTS('',2,(#1904,#1905,#1906),
  .UNSPECIFIED.,.F.,.F.,(3,3),(0.,1.),.PIECEWISE_BEZIER_KNOTS.);
#1904 = CARTESIAN_POINT('',(-41.45714285714,-12.67714285714,24.42));
#1905 = CARTESIAN_POINT('',(-41.48571428571,-12.76285714285,24.42));
#1906 = CARTESIAN_POINT('',(-41.48571428571,-12.76285714285,24.42));
#1907 = ORIENTED_EDGE('',*,*,#1908,.T.);
#1908 = EDGE_CURVE('',#1901,#1909,#1911,.T.);
#1909 = VERTEX_POINT('',#1910);
#1910 = CARTESIAN_POINT('',(-42.22142857142,-12.76285714285,24.42));
#1911 = LINE('',#1912,#1913);
#1912 = CARTESIAN_POINT('',(-41.48571428571,-12.76285714285,24.42));
#1913 = VECTOR('',#1914,1.);
#1914 = DIRECTION('',(-1.,2.22044604925E-16,0.));
#1915 = ORIENTED_EDGE('',*,*,#1916,.T.);
#1916 = EDGE_CURVE('',#1909,#1875,#1917,.T.);
#1917 = B_SPLINE_CURVE_WITH_KNOTS('',2,(#1918,#1919,#1920),
  .UNSPECIFIED.,.F.,.F.,(3,3),(0.,1.),.PIECEWISE_BEZIER_KNOTS.);
#1918 = CARTESIAN_POINT('',(-42.22142857142,-12.76285714285,24.42));
#1919 = CARTESIAN_POINT('',(-42.22142857142,-12.14857142857,24.42));
#1920 = CARTESIAN_POINT('',(-41.69285714285,-11.72,24.42));
#1921 = FACE_BOUND('',#1922,.T.);
#1922 = EDGE_LOOP('',(#1923,#1933,#1941,#1949,#1957,#1965,#1973,#1981));
#1923 = ORIENTED_EDGE('',*,*,#1924,.T.);
#1924 = EDGE_CURVE('',#1925,#1927,#1929,.T.);
#1925 = VERTEX_POINT('',#1926);
#1926 = CARTESIAN_POINT('',(-42.02857142857,-10.31809523809,24.42));
#1927 = VERTEX_POINT('',#1928);
#1928 = CARTESIAN_POINT('',(-42.23571428571,-9.625238095238,24.42));
#1929 = B_SPLINE_CURVE_WITH_KNOTS('',2,(#1930,#1931,#1932),
  .UNSPECIFIED.,.F.,.F.,(3,3),(0.,1.),.PIECEWISE_BEZIER_KNOTS.);
#1930 = CARTESIAN_POINT('',(-42.02857142857,-10.31809523809,24.42));
#1931 = CARTESIAN_POINT('',(-42.23571428571,-9.95380952381,24.42));
#1932 = CARTESIAN_POINT('',(-42.23571428571,-9.625238095238,24.42));
#1933 = ORIENTED_EDGE('',*,*,#1934,.T.);
#1934 = EDGE_CURVE('',#1927,#1935,#1937,.T.);
#1935 = VERTEX_POINT('',#1936);
#1936 = CARTESIAN_POINT('',(-41.43571428571,-9.625238095238,24.42));
#1937 = LINE('',#1938,#1939);
#1938 = CARTESIAN_POINT('',(-42.23571428571,-9.625238095238,24.42));
#1939 = VECTOR('',#1940,1.);
#1940 = DIRECTION('',(1.,-2.22044604925E-16,0.));
#1941 = ORIENTED_EDGE('',*,*,#1942,.T.);
#1942 = EDGE_CURVE('',#1935,#1943,#1945,.T.);
#1943 = VERTEX_POINT('',#1944);
#1944 = CARTESIAN_POINT('',(-41.27857142857,-10.01095238095,24.42));
#1945 = B_SPLINE_CURVE_WITH_KNOTS('',2,(#1946,#1947,#1948),
  .UNSPECIFIED.,.F.,.F.,(3,3),(0.,1.),.PIECEWISE_BEZIER_KNOTS.);
#1946 = CARTESIAN_POINT('',(-41.43571428571,-9.625238095238,24.42));
#1947 = CARTESIAN_POINT('',(-41.43571428571,-9.810952380952,24.42));
#1948 = CARTESIAN_POINT('',(-41.27857142857,-10.01095238095,24.42));
#1949 = ORIENTED_EDGE('',*,*,#1950,.T.);
#1950 = EDGE_CURVE('',#1943,#1951,#1953,.T.);
#1951 = VERTEX_POINT('',#1952);
#1952 = CARTESIAN_POINT('',(-40.82142857142,-10.23952380952,24.42));
#1953 = B_SPLINE_CURVE_WITH_KNOTS('',2,(#1954,#1955,#1956),
  .UNSPECIFIED.,.F.,.F.,(3,3),(0.,1.),.PIECEWISE_BEZIER_KNOTS.);
#1954 = CARTESIAN_POINT('',(-41.27857142857,-10.01095238095,24.42));
#1955 = CARTESIAN_POINT('',(-41.09285714285,-10.23238095238,24.42));
#1956 = CARTESIAN_POINT('',(-40.82142857142,-10.23952380952,24.42));
#1957 = ORIENTED_EDGE('',*,*,#1958,.T.);
#1958 = EDGE_CURVE('',#1951,#1959,#1961,.T.);
#1959 = VERTEX_POINT('',#1960);
#1960 = CARTESIAN_POINT('',(-37.2,-10.23952380952,24.42));
#1961 = LINE('',#1962,#1963);
#1962 = CARTESIAN_POINT('',(-40.82142857142,-10.23952380952,24.42));
#1963 = VECTOR('',#1964,1.);
#1964 = DIRECTION('',(1.,-2.22044604925E-16,0.));
#1965 = ORIENTED_EDGE('',*,*,#1966,.T.);
#1966 = EDGE_CURVE('',#1959,#1967,#1969,.T.);
#1967 = VERTEX_POINT('',#1968);
#1968 = CARTESIAN_POINT('',(-37.2,-11.03238095238,24.42));
#1969 = LINE('',#1970,#1971);
#1970 = CARTESIAN_POINT('',(-37.2,-10.23952380952,24.42));
#1971 = VECTOR('',#1972,1.);
#1972 = DIRECTION('',(-2.22044604925E-16,-1.,0.));
#1973 = ORIENTED_EDGE('',*,*,#1974,.T.);
#1974 = EDGE_CURVE('',#1967,#1975,#1977,.T.);
#1975 = VERTEX_POINT('',#1976);
#1976 = CARTESIAN_POINT('',(-40.82142857142,-11.03238095238,24.42));
#1977 = LINE('',#1978,#1979);
#1978 = CARTESIAN_POINT('',(-37.2,-11.03238095238,24.42));
#1979 = VECTOR('',#1980,1.);
#1980 = DIRECTION('',(-1.,2.22044604925E-16,0.));
#1981 = ORIENTED_EDGE('',*,*,#1982,.T.);
#1982 = EDGE_CURVE('',#1975,#1925,#1983,.T.);
#1983 = B_SPLINE_CURVE_WITH_KNOTS('',2,(#1984,#1985,#1986),
  .UNSPECIFIED.,.F.,.F.,(3,3),(0.,1.),.PIECEWISE_BEZIER_KNOTS.);
#1984 = CARTESIAN_POINT('',(-40.82142857142,-11.03238095238,24.42));
#1985 = CARTESIAN_POINT('',(-41.62857142857,-11.03238095238,24.42));
#1986 = CARTESIAN_POINT('',(-42.02857142857,-10.31809523809,24.42));
#1987 = FACE_BOUND('',#1988,.T.);
#1988 = EDGE_LOOP('',(#1989,#1999,#2007,#2015,#2023,#2031,#2039,#2047));
#1989 = ORIENTED_EDGE('',*,*,#1990,.T.);
#1990 = EDGE_CURVE('',#1991,#1993,#1995,.T.);
#1991 = VERTEX_POINT('',#1992);
#1992 = CARTESIAN_POINT('',(-41.95,-8.432380952381,24.42));
#1993 = VERTEX_POINT('',#1994);
#1994 = CARTESIAN_POINT('',(-40.82142857142,-7.839523809524,24.42));
#1995 = B_SPLINE_CURVE_WITH_KNOTS('',2,(#1996,#1997,#1998),
  .UNSPECIFIED.,.F.,.F.,(3,3),(0.,1.),.PIECEWISE_BEZIER_KNOTS.);
#1996 = CARTESIAN_POINT('',(-41.95,-8.432380952381,24.42));
#1997 = CARTESIAN_POINT('',(-41.52857142857,-7.846666666667,24.42));
#1998 = CARTESIAN_POINT('',(-40.82142857142,-7.839523809524,24.42));
#1999 = ORIENTED_EDGE('',*,*,#2000,.T.);
#2000 = EDGE_CURVE('',#1993,#2001,#2003,.T.);
#2001 = VERTEX_POINT('',#2002);
#2002 = CARTESIAN_POINT('',(-37.2,-7.839523809524,24.42));
#2003 = LINE('',#2004,#2005);
#2004 = CARTESIAN_POINT('',(-40.82142857142,-7.839523809524,24.42));
#2005 = VECTOR('',#2006,1.);
#2006 = DIRECTION('',(1.,-2.22044604925E-16,0.));
#2007 = ORIENTED_EDGE('',*,*,#2008,.T.);
#2008 = EDGE_CURVE('',#2001,#2009,#2011,.T.);
#2009 = VERTEX_POINT('',#2010);
#2010 = CARTESIAN_POINT('',(-37.2,-8.639523809524,24.42));
#2011 = LINE('',#2012,#2013);
#2012 = CARTESIAN_POINT('',(-37.2,-7.839523809524,24.42));
#2013 = VECTOR('',#2014,1.);
#2014 = DIRECTION('',(-2.22044604925E-16,-1.,0.));
#2015 = ORIENTED_EDGE('',*,*,#2016,.T.);
#2016 = EDGE_CURVE('',#2009,#2017,#2019,.T.);
#2017 = VERTEX_POINT('',#2018);
#2018 = CARTESIAN_POINT('',(-40.82142857142,-8.639523809524,24.42));
#2019 = LINE('',#2020,#2021);
#2020 = CARTESIAN_POINT('',(-37.2,-8.639523809524,24.42));
#2021 = VECTOR('',#2022,1.);
#2022 = DIRECTION('',(-1.,2.22044604925E-16,0.));
#2023 = ORIENTED_EDGE('',*,*,#2024,.T.);
#2024 = EDGE_CURVE('',#2017,#2025,#2027,.T.);
#2025 = VERTEX_POINT('',#2026);
#2026 = CARTESIAN_POINT('',(-41.39285714285,-9.075238095238,24.42));
#2027 = B_SPLINE_CURVE_WITH_KNOTS('',2,(#2028,#2029,#2030),
  .UNSPECIFIED.,.F.,.F.,(3,3),(0.,1.),.PIECEWISE_BEZIER_KNOTS.);
#2028 = CARTESIAN_POINT('',(-40.82142857142,-8.639523809524,24.42));
#2029 = CARTESIAN_POINT('',(-41.22142857142,-8.646666666667,24.42));
#2030 = CARTESIAN_POINT('',(-41.39285714285,-9.075238095238,24.42));
#2031 = ORIENTED_EDGE('',*,*,#2032,.T.);
#2032 = EDGE_CURVE('',#2025,#2033,#2035,.T.);
#2033 = VERTEX_POINT('',#2034);
#2034 = CARTESIAN_POINT('',(-41.43571428571,-9.25380952381,24.42));
#2035 = B_SPLINE_CURVE_WITH_KNOTS('',2,(#2036,#2037,#2038),
  .UNSPECIFIED.,.F.,.F.,(3,3),(0.,1.),.PIECEWISE_BEZIER_KNOTS.);
#2036 = CARTESIAN_POINT('',(-41.39285714285,-9.075238095238,24.42));
#2037 = CARTESIAN_POINT('',(-41.43571428571,-9.182380952381,24.42));
#2038 = CARTESIAN_POINT('',(-41.43571428571,-9.25380952381,24.42));
#2039 = ORIENTED_EDGE('',*,*,#2040,.T.);
#2040 = EDGE_CURVE('',#2033,#2041,#2043,.T.);
#2041 = VERTEX_POINT('',#2042);
#2042 = CARTESIAN_POINT('',(-42.23571428571,-9.25380952381,24.42));
#2043 = LINE('',#2044,#2045);
#2044 = CARTESIAN_POINT('',(-41.43571428571,-9.25380952381,24.42));
#2045 = VECTOR('',#2046,1.);
#2046 = DIRECTION('',(-1.,2.22044604925E-16,0.));
#2047 = ORIENTED_EDGE('',*,*,#2048,.T.);
#2048 = EDGE_CURVE('',#2041,#1991,#2049,.T.);
#2049 = B_SPLINE_CURVE_WITH_KNOTS('',2,(#2050,#2051,#2052),
  .UNSPECIFIED.,.F.,.F.,(3,3),(0.,1.),.PIECEWISE_BEZIER_KNOTS.);
#2050 = CARTESIAN_POINT('',(-42.23571428571,-9.25380952381,24.42));
#2051 = CARTESIAN_POINT('',(-42.23571428571,-8.846666666667,24.42));
#2052 = CARTESIAN_POINT('',(-41.95,-8.432380952381,24.42));
#2053 = FACE_BOUND('',#2054,.T.);
#2054 = EDGE_LOOP('',(#2055,#2065,#2073,#2081,#2089,#2097,#2105,#2113,
    #2121,#2129,#2137,#2145));
#2055 = ORIENTED_EDGE('',*,*,#2056,.T.);
#2056 = EDGE_CURVE('',#2057,#2059,#2061,.T.);
#2057 = VERTEX_POINT('',#2058);
#2058 = CARTESIAN_POINT('',(-42.09285714285,-6.38619047619,24.42));
#2059 = VERTEX_POINT('',#2060);
#2060 = CARTESIAN_POINT('',(-42.2,-5.693333333333,24.42));
#2061 = B_SPLINE_CURVE_WITH_KNOTS('',2,(#2062,#2063,#2064),
  .UNSPECIFIED.,.F.,.F.,(3,3),(0.,1.),.PIECEWISE_BEZIER_KNOTS.);
#2062 = CARTESIAN_POINT('',(-42.09285714285,-6.38619047619,24.42));
#2063 = CARTESIAN_POINT('',(-42.2,-6.064761904762,24.42));
#2064 = CARTESIAN_POINT('',(-42.2,-5.693333333333,24.42));
#2065 = ORIENTED_EDGE('',*,*,#2066,.T.);
#2066 = EDGE_CURVE('',#2059,#2067,#2069,.T.);
#2067 = VERTEX_POINT('',#2068);
#2068 = CARTESIAN_POINT('',(-41.40714285714,-5.693333333333,24.42));
#2069 = LINE('',#2070,#2071);
#2070 = CARTESIAN_POINT('',(-42.2,-5.693333333333,24.42));
#2071 = VECTOR('',#2072,1.);
#2072 = DIRECTION('',(1.,-2.22044604925E-16,0.));
#2073 = ORIENTED_EDGE('',*,*,#2074,.T.);
#2074 = EDGE_CURVE('',#2067,#2075,#2077,.T.);
#2075 = VERTEX_POINT('',#2076);
#2076 = CARTESIAN_POINT('',(-40.80714285714,-6.529047619048,24.42));
#2077 = B_SPLINE_CURVE_WITH_KNOTS('',2,(#2078,#2079,#2080),
  .UNSPECIFIED.,.F.,.F.,(3,3),(0.,1.),.PIECEWISE_BEZIER_KNOTS.);
#2078 = CARTESIAN_POINT('',(-41.40714285714,-5.693333333333,24.42));
#2079 = CARTESIAN_POINT('',(-41.40714285714,-6.514761904762,24.42));
#2080 = CARTESIAN_POINT('',(-40.80714285714,-6.529047619048,24.42));
#2081 = ORIENTED_EDGE('',*,*,#2082,.T.);
#2082 = EDGE_CURVE('',#2075,#2083,#2085,.T.);
#2083 = VERTEX_POINT('',#2084);
#2084 = CARTESIAN_POINT('',(-40.79285714285,-6.529047619048,24.42));
#2085 = B_SPLINE_CURVE_WITH_KNOTS('',2,(#2086,#2087,#2088),
  .UNSPECIFIED.,.F.,.F.,(3,3),(0.,1.),.PIECEWISE_BEZIER_KNOTS.);
#2086 = CARTESIAN_POINT('',(-40.80714285714,-6.529047619048,24.42));
#2087 = CARTESIAN_POINT('',(-40.8,-6.529047619048,24.42));
#2088 = CARTESIAN_POINT('',(-40.79285714285,-6.529047619048,24.42));
#2089 = ORIENTED_EDGE('',*,*,#2090,.T.);
#2090 = EDGE_CURVE('',#2083,#2091,#2093,.T.);
#2091 = VERTEX_POINT('',#2092);
#2092 = CARTESIAN_POINT('',(-38.60714285714,-6.529047619048,24.42));
#2093 = LINE('',#2094,#2095);
#2094 = CARTESIAN_POINT('',(-40.79285714285,-6.529047619048,24.42));
#2095 = VECTOR('',#2096,1.);
#2096 = DIRECTION('',(1.,-2.22044604925E-16,0.));
#2097 = ORIENTED_EDGE('',*,*,#2098,.T.);
#2098 = EDGE_CURVE('',#2091,#2099,#2101,.T.);
#2099 = VERTEX_POINT('',#2100);
#2100 = CARTESIAN_POINT('',(-38.04285714285,-6.050476190476,24.42));
#2101 = B_SPLINE_CURVE_WITH_KNOTS('',2,(#2102,#2103,#2104),
  .UNSPECIFIED.,.F.,.F.,(3,3),(0.,1.),.PIECEWISE_BEZIER_KNOTS.);
#2102 = CARTESIAN_POINT('',(-38.60714285714,-6.529047619048,24.42));
#2103 = CARTESIAN_POINT('',(-38.17857142857,-6.529047619048,24.42));
#2104 = CARTESIAN_POINT('',(-38.04285714285,-6.050476190476,24.42));
#2105 = ORIENTED_EDGE('',*,*,#2106,.T.);
#2106 = EDGE_CURVE('',#2099,#2107,#2109,.T.);
#2107 = VERTEX_POINT('',#2108);
#2108 = CARTESIAN_POINT('',(-37.99285714285,-5.693333333333,24.42));
#2109 = B_SPLINE_CURVE_WITH_KNOTS('',2,(#2110,#2111,#2112),
  .UNSPECIFIED.,.F.,.F.,(3,3),(0.,1.),.PIECEWISE_BEZIER_KNOTS.);
#2110 = CARTESIAN_POINT('',(-38.04285714285,-6.050476190476,24.42));
#2111 = CARTESIAN_POINT('',(-37.99285714285,-5.88619047619,24.42));
#2112 = CARTESIAN_POINT('',(-37.99285714285,-5.693333333333,24.42));
#2113 = ORIENTED_EDGE('',*,*,#2114,.T.);
#2114 = EDGE_CURVE('',#2107,#2115,#2117,.T.);
#2115 = VERTEX_POINT('',#2116);
#2116 = CARTESIAN_POINT('',(-37.2,-5.693333333333,24.42));
#2117 = LINE('',#2118,#2119);
#2118 = CARTESIAN_POINT('',(-37.99285714285,-5.693333333333,24.42));
#2119 = VECTOR('',#2120,1.);
#2120 = DIRECTION('',(1.,-2.22044604925E-16,0.));
#2121 = ORIENTED_EDGE('',*,*,#2122,.T.);
#2122 = EDGE_CURVE('',#2115,#2123,#2125,.T.);
#2123 = VERTEX_POINT('',#2124);
#2124 = CARTESIAN_POINT('',(-37.8,-7.057619047619,24.42));
#2125 = B_SPLINE_CURVE_WITH_KNOTS('',2,(#2126,#2127,#2128),
  .UNSPECIFIED.,.F.,.F.,(3,3),(0.,1.),.PIECEWISE_BEZIER_KNOTS.);
#2126 = CARTESIAN_POINT('',(-37.2,-5.693333333333,24.42));
#2127 = CARTESIAN_POINT('',(-37.2,-6.607619047619,24.42));
#2128 = CARTESIAN_POINT('',(-37.8,-7.057619047619,24.42));
#2129 = ORIENTED_EDGE('',*,*,#2130,.T.);
#2130 = EDGE_CURVE('',#2123,#2131,#2133,.T.);
#2131 = VERTEX_POINT('',#2132);
#2132 = CARTESIAN_POINT('',(-38.60714285714,-7.321904761905,24.42));
#2133 = B_SPLINE_CURVE_WITH_KNOTS('',2,(#2134,#2135,#2136),
  .UNSPECIFIED.,.F.,.F.,(3,3),(0.,1.),.PIECEWISE_BEZIER_KNOTS.);
#2134 = CARTESIAN_POINT('',(-37.8,-7.057619047619,24.42));
#2135 = CARTESIAN_POINT('',(-38.15714285714,-7.321904761905,24.42));
#2136 = CARTESIAN_POINT('',(-38.60714285714,-7.321904761905,24.42));
#2137 = ORIENTED_EDGE('',*,*,#2138,.T.);
#2138 = EDGE_CURVE('',#2131,#2139,#2141,.T.);
#2139 = VERTEX_POINT('',#2140);
#2140 = CARTESIAN_POINT('',(-40.79285714285,-7.321904761905,24.42));
#2141 = LINE('',#2142,#2143);
#2142 = CARTESIAN_POINT('',(-38.60714285714,-7.321904761905,24.42));
#2143 = VECTOR('',#2144,1.);
#2144 = DIRECTION('',(-1.,2.22044604925E-16,0.));
#2145 = ORIENTED_EDGE('',*,*,#2146,.T.);
#2146 = EDGE_CURVE('',#2139,#2057,#2147,.T.);
#2147 = B_SPLINE_CURVE_WITH_KNOTS('',2,(#2148,#2149,#2150),
  .UNSPECIFIED.,.F.,.F.,(3,3),(0.,1.),.PIECEWISE_BEZIER_KNOTS.);
#2148 = CARTESIAN_POINT('',(-40.79285714285,-7.321904761905,24.42));
#2149 = CARTESIAN_POINT('',(-41.78571428571,-7.321904761905,24.42));
#2150 = CARTESIAN_POINT('',(-42.09285714285,-6.38619047619,24.42));
#2151 = FACE_BOUND('',#2152,.T.);
#2152 = EDGE_LOOP('',(#2153,#2163,#2171,#2179));
#2153 = ORIENTED_EDGE('',*,*,#2154,.T.);
#2154 = EDGE_CURVE('',#2155,#2157,#2159,.T.);
#2155 = VERTEX_POINT('',#2156);
#2156 = CARTESIAN_POINT('',(-42.2,-5.321904761905,24.42));
#2157 = VERTEX_POINT('',#2158);
#2158 = CARTESIAN_POINT('',(-42.2,-4.521904761905,24.42));
#2159 = LINE('',#2160,#2161);
#2160 = CARTESIAN_POINT('',(-42.2,-5.321904761905,24.42));
#2161 = VECTOR('',#2162,1.);
#2162 = DIRECTION('',(2.22044604925E-16,1.,0.));
#2163 = ORIENTED_EDGE('',*,*,#2164,.T.);
#2164 = EDGE_CURVE('',#2157,#2165,#2167,.T.);
#2165 = VERTEX_POINT('',#2166);
#2166 = CARTESIAN_POINT('',(-37.2,-4.521904761905,24.42));
#2167 = LINE('',#2168,#2169);
#2168 = CARTESIAN_POINT('',(-42.2,-4.521904761905,24.42));
#2169 = VECTOR('',#2170,1.);
#2170 = DIRECTION('',(1.,-2.22044604925E-16,0.));
#2171 = ORIENTED_EDGE('',*,*,#2172,.T.);
#2172 = EDGE_CURVE('',#2165,#2173,#2175,.T.);
#2173 = VERTEX_POINT('',#2174);
#2174 = CARTESIAN_POINT('',(-37.2,-5.321904761905,24.42));
#2175 = LINE('',#2176,#2177);
#2176 = CARTESIAN_POINT('',(-37.2,-4.521904761905,24.42));
#2177 = VECTOR('',#2178,1.);
#2178 = DIRECTION('',(-2.22044604925E-16,-1.,0.));
#2179 = ORIENTED_EDGE('',*,*,#2180,.T.);
#2180 = EDGE_CURVE('',#2173,#2155,#2181,.T.);
#2181 = LINE('',#2182,#2183);
#2182 = CARTESIAN_POINT('',(-37.2,-5.321904761905,24.42));
#2183 = VECTOR('',#2184,1.);
#2184 = DIRECTION('',(-1.,2.22044604925E-16,0.));
#2185 = FACE_BOUND('',#2186,.T.);
#2186 = EDGE_LOOP('',(#2187,#2197,#2205,#2213,#2221));
#2187 = ORIENTED_EDGE('',*,*,#2188,.T.);
#2188 = EDGE_CURVE('',#2189,#2191,#2193,.T.);
#2189 = VERTEX_POINT('',#2190);
#2190 = CARTESIAN_POINT('',(-40.47857142857,-3.871428571429,24.42));
#2191 = VERTEX_POINT('',#2192);
#2192 = CARTESIAN_POINT('',(-39.28571428571,-3.128571428571,24.42));
#2193 = LINE('',#2194,#2195);
#2194 = CARTESIAN_POINT('',(-40.47857142857,-3.871428571429,24.42));
#2195 = VECTOR('',#2196,1.);
#2196 = DIRECTION('',(0.848853874434,0.528627562522,0.));
#2197 = ORIENTED_EDGE('',*,*,#2198,.T.);
#2198 = EDGE_CURVE('',#2191,#2199,#2201,.T.);
#2199 = VERTEX_POINT('',#2200);
#2200 = CARTESIAN_POINT('',(-37.2,-3.128571428571,24.42));
#2201 = LINE('',#2202,#2203);
#2202 = CARTESIAN_POINT('',(-39.28571428571,-3.128571428571,24.42));
#2203 = VECTOR('',#2204,1.);
#2204 = DIRECTION('',(1.,-2.22044604925E-16,0.));
#2205 = ORIENTED_EDGE('',*,*,#2206,.T.);
#2206 = EDGE_CURVE('',#2199,#2207,#2209,.T.);
#2207 = VERTEX_POINT('',#2208);
#2208 = CARTESIAN_POINT('',(-37.2,-3.928571428571,24.42));
#2209 = LINE('',#2210,#2211);
#2210 = CARTESIAN_POINT('',(-37.2,-3.128571428571,24.42));
#2211 = VECTOR('',#2212,1.);
#2212 = DIRECTION('',(-2.22044604925E-16,-1.,0.));
#2213 = ORIENTED_EDGE('',*,*,#2214,.T.);
#2214 = EDGE_CURVE('',#2207,#2215,#2217,.T.);
#2215 = VERTEX_POINT('',#2216);
#2216 = CARTESIAN_POINT('',(-40.47857142857,-3.928571428571,24.42));
#2217 = LINE('',#2218,#2219);
#2218 = CARTESIAN_POINT('',(-37.2,-3.928571428571,24.42));
#2219 = VECTOR('',#2220,1.);
#2220 = DIRECTION('',(-1.,2.22044604925E-16,0.));
#2221 = ORIENTED_EDGE('',*,*,#2222,.T.);
#2222 = EDGE_CURVE('',#2215,#2189,#2223,.T.);
#2223 = LINE('',#2224,#2225);
#2224 = CARTESIAN_POINT('',(-40.47857142857,-3.928571428571,24.42));
#2225 = VECTOR('',#2226,1.);
#2226 = DIRECTION('',(2.22044604925E-16,1.,0.));
#2227 = FACE_BOUND('',#2228,.T.);
#2228 = EDGE_LOOP('',(#2229,#2239,#2247,#2255,#2263,#2271));
#2229 = ORIENTED_EDGE('',*,*,#2230,.T.);
#2230 = EDGE_CURVE('',#2231,#2233,#2235,.T.);
#2231 = VERTEX_POINT('',#2232);
#2232 = CARTESIAN_POINT('',(-42.2,-3.542857142857,24.42));
#2233 = VERTEX_POINT('',#2234);
#2234 = CARTESIAN_POINT('',(-37.71428571428,-0.75,24.42));
#2235 = LINE('',#2236,#2237);
#2236 = CARTESIAN_POINT('',(-42.2,-3.542857142857,24.42));
#2237 = VECTOR('',#2238,1.);
#2238 = DIRECTION('',(0.848908352634,0.528540073057,0.));
#2239 = ORIENTED_EDGE('',*,*,#2240,.T.);
#2240 = EDGE_CURVE('',#2233,#2241,#2243,.T.);
#2241 = VERTEX_POINT('',#2242);
#2242 = CARTESIAN_POINT('',(-37.2,-0.75,24.42));
#2243 = LINE('',#2244,#2245);
#2244 = CARTESIAN_POINT('',(-37.71428571428,-0.75,24.42));
#2245 = VECTOR('',#2246,1.);
#2246 = DIRECTION('',(1.,-2.22044604925E-16,0.));
#2247 = ORIENTED_EDGE('',*,*,#2248,.T.);
#2248 = EDGE_CURVE('',#2241,#2249,#2251,.T.);
#2249 = VERTEX_POINT('',#2250);
#2250 = CARTESIAN_POINT('',(-37.2,-1.414285714286,24.42));
#2251 = LINE('',#2252,#2253);
#2252 = CARTESIAN_POINT('',(-37.2,-0.75,24.42));
#2253 = VECTOR('',#2254,1.);
#2254 = DIRECTION('',(-2.22044604925E-16,-1.,0.));
#2255 = ORIENTED_EDGE('',*,*,#2256,.T.);
#2256 = EDGE_CURVE('',#2249,#2257,#2259,.T.);
#2257 = VERTEX_POINT('',#2258);
#2258 = CARTESIAN_POINT('',(-41.23571428571,-3.928571428571,24.42));
#2259 = LINE('',#2260,#2261);
#2260 = CARTESIAN_POINT('',(-37.2,-1.414285714286,24.42));
#2261 = VECTOR('',#2262,1.);
#2262 = DIRECTION('',(-0.848756985023,-0.528783112793,0.));
#2263 = ORIENTED_EDGE('',*,*,#2264,.T.);
#2264 = EDGE_CURVE('',#2257,#2265,#2267,.T.);
#2265 = VERTEX_POINT('',#2266);
#2266 = CARTESIAN_POINT('',(-42.2,-3.928571428571,24.42));
#2267 = LINE('',#2268,#2269);
#2268 = CARTESIAN_POINT('',(-41.23571428571,-3.928571428571,24.42));
#2269 = VECTOR('',#2270,1.);
#2270 = DIRECTION('',(-1.,2.22044604925E-16,0.));
#2271 = ORIENTED_EDGE('',*,*,#2272,.T.);
#2272 = EDGE_CURVE('',#2265,#2231,#2273,.T.);
#2273 = LINE('',#2274,#2275);
#2274 = CARTESIAN_POINT('',(-42.2,-3.928571428571,24.42));
#2275 = VECTOR('',#2276,1.);
#2276 = DIRECTION('',(2.22044604925E-16,1.,0.));
#2277 = FACE_BOUND('',#2278,.T.);
#2278 = EDGE_LOOP('',(#2279,#2289,#2297,#2305));
#2279 = ORIENTED_EDGE('',*,*,#2280,.F.);
#2280 = EDGE_CURVE('',#2281,#2283,#2285,.T.);
#2281 = VERTEX_POINT('',#2282);
#2282 = CARTESIAN_POINT('',(-33.7,23.92,24.42));
#2283 = VERTEX_POINT('',#2284);
#2284 = CARTESIAN_POINT('',(-33.7,-26.5,24.42));
#2285 = LINE('',#2286,#2287);
#2286 = CARTESIAN_POINT('',(-33.7,23.92,24.42));
#2287 = VECTOR('',#2288,1.);
#2288 = DIRECTION('',(0.,-1.,0.));
#2289 = ORIENTED_EDGE('',*,*,#2290,.F.);
#2290 = EDGE_CURVE('',#2291,#2281,#2293,.T.);
#2291 = VERTEX_POINT('',#2292);
#2292 = CARTESIAN_POINT('',(36.5,23.92,24.42));
#2293 = LINE('',#2294,#2295);
#2294 = CARTESIAN_POINT('',(36.5,23.92,24.42));
#2295 = VECTOR('',#2296,1.);
#2296 = DIRECTION('',(-1.,0.,0.));
#2297 = ORIENTED_EDGE('',*,*,#2298,.F.);
#2298 = EDGE_CURVE('',#2299,#2291,#2301,.T.);
#2299 = VERTEX_POINT('',#2300);
#2300 = CARTESIAN_POINT('',(36.5,-26.5,24.42));
#2301 = LINE('',#2302,#2303);
#2302 = CARTESIAN_POINT('',(36.5,-26.5,24.42));
#2303 = VECTOR('',#2304,1.);
#2304 = DIRECTION('',(0.,1.,0.));
#2305 = ORIENTED_EDGE('',*,*,#2306,.F.);
#2306 = EDGE_CURVE('',#2283,#2299,#2307,.T.);
#2307 = LINE('',#2308,#2309);
#2308 = CARTESIAN_POINT('',(-33.7,-26.5,24.42));
#2309 = VECTOR('',#2310,1.);
#2310 = DIRECTION('',(1.,0.,0.));
#2311 = FACE_BOUND('',#2312,.T.);
#2312 = EDGE_LOOP('',(#2313,#2323,#2331,#2339,#2347));
#2313 = ORIENTED_EDGE('',*,*,#2314,.T.);
#2314 = EDGE_CURVE('',#2315,#2317,#2319,.T.);
#2315 = VERTEX_POINT('',#2316);
#2316 = CARTESIAN_POINT('',(-42.2,-1.55,24.42));
#2317 = VERTEX_POINT('',#2318);
#2318 = CARTESIAN_POINT('',(-42.2,-0.75,24.42));
#2319 = LINE('',#2320,#2321);
#2320 = CARTESIAN_POINT('',(-42.2,-1.55,24.42));
#2321 = VECTOR('',#2322,1.);
#2322 = DIRECTION('',(2.22044604925E-16,1.,0.));
#2323 = ORIENTED_EDGE('',*,*,#2324,.T.);
#2324 = EDGE_CURVE('',#2317,#2325,#2327,.T.);
#2325 = VERTEX_POINT('',#2326);
#2326 = CARTESIAN_POINT('',(-38.47142857142,-0.75,24.42));
#2327 = LINE('',#2328,#2329);
#2328 = CARTESIAN_POINT('',(-42.2,-0.75,24.42));
#2329 = VECTOR('',#2330,1.);
#2330 = DIRECTION('',(1.,-2.22044604925E-16,0.));
#2331 = ORIENTED_EDGE('',*,*,#2332,.T.);
#2332 = EDGE_CURVE('',#2325,#2333,#2335,.T.);
#2333 = VERTEX_POINT('',#2334);
#2334 = CARTESIAN_POINT('',(-38.47142857142,-0.807142857143,24.42));
#2335 = LINE('',#2336,#2337);
#2336 = CARTESIAN_POINT('',(-38.47142857142,-0.75,24.42));
#2337 = VECTOR('',#2338,1.);
#2338 = DIRECTION('',(-2.22044604925E-16,-1.,0.));
#2339 = ORIENTED_EDGE('',*,*,#2340,.T.);
#2340 = EDGE_CURVE('',#2333,#2341,#2343,.T.);
#2341 = VERTEX_POINT('',#2342);
#2342 = CARTESIAN_POINT('',(-39.66428571428,-1.55,24.42));
#2343 = LINE('',#2344,#2345);
#2344 = CARTESIAN_POINT('',(-38.47142857142,-0.807142857143,24.42));
#2345 = VECTOR('',#2346,1.);
#2346 = DIRECTION('',(-0.848853874434,-0.528627562522,0.));
#2347 = ORIENTED_EDGE('',*,*,#2348,.T.);
#2348 = EDGE_CURVE('',#2341,#2315,#2349,.T.);
#2349 = LINE('',#2350,#2351);
#2350 = CARTESIAN_POINT('',(-39.66428571428,-1.55,24.42));
#2351 = VECTOR('',#2352,1.);
#2352 = DIRECTION('',(-1.,2.22044604925E-16,0.));
#2353 = FACE_BOUND('',#2354,.T.);
#2354 = EDGE_LOOP('',(#2355,#2365,#2373,#2381));
#2355 = ORIENTED_EDGE('',*,*,#2356,.T.);
#2356 = EDGE_CURVE('',#2357,#2359,#2361,.T.);
#2357 = VERTEX_POINT('',#2358);
#2358 = CARTESIAN_POINT('',(-42.2,-0.148095238095,24.42));
#2359 = VERTEX_POINT('',#2360);
#2360 = CARTESIAN_POINT('',(-42.2,0.651904761905,24.42));
#2361 = LINE('',#2362,#2363);
#2362 = CARTESIAN_POINT('',(-42.2,-0.148095238095,24.42));
#2363 = VECTOR('',#2364,1.);
#2364 = DIRECTION('',(2.22044604925E-16,1.,0.));
#2365 = ORIENTED_EDGE('',*,*,#2366,.T.);
#2366 = EDGE_CURVE('',#2359,#2367,#2369,.T.);
#2367 = VERTEX_POINT('',#2368);
#2368 = CARTESIAN_POINT('',(-37.2,0.651904761905,24.42));
#2369 = LINE('',#2370,#2371);
#2370 = CARTESIAN_POINT('',(-42.2,0.651904761905,24.42));
#2371 = VECTOR('',#2372,1.);
#2372 = DIRECTION('',(1.,-2.22044604925E-16,0.));
#2373 = ORIENTED_EDGE('',*,*,#2374,.T.);
#2374 = EDGE_CURVE('',#2367,#2375,#2377,.T.);
#2375 = VERTEX_POINT('',#2376);
#2376 = CARTESIAN_POINT('',(-37.2,-0.148095238095,24.42));
#2377 = LINE('',#2378,#2379);
#2378 = CARTESIAN_POINT('',(-37.2,0.651904761905,24.42));
#2379 = VECTOR('',#2380,1.);
#2380 = DIRECTION('',(-2.22044604925E-16,-1.,0.));
#2381 = ORIENTED_EDGE('',*,*,#2382,.T.);
#2382 = EDGE_CURVE('',#2375,#2357,#2383,.T.);
#2383 = LINE('',#2384,#2385);
#2384 = CARTESIAN_POINT('',(-37.2,-0.148095238095,24.42));
#2385 = VECTOR('',#2386,1.);
#2386 = DIRECTION('',(-1.,2.22044604925E-16,0.));
#2387 = FACE_BOUND('',#2388,.T.);
#2388 = EDGE_LOOP('',(#2389,#2399,#2407,#2415,#2423,#2431,#2439,#2447,
    #2455,#2463,#2471,#2479,#2487,#2495,#2503,#2511,#2519,#2527,#2535,
    #2543));
#2389 = ORIENTED_EDGE('',*,*,#2390,.T.);
#2390 = EDGE_CURVE('',#2391,#2393,#2395,.T.);
#2391 = VERTEX_POINT('',#2392);
#2392 = CARTESIAN_POINT('',(-40.09285714285,4.345714285714,24.42));
#2393 = VERTEX_POINT('',#2394);
#2394 = CARTESIAN_POINT('',(-40.09285714285,4.76,24.42));
#2395 = LINE('',#2396,#2397);
#2396 = CARTESIAN_POINT('',(-40.09285714285,4.345714285714,24.42));
#2397 = VECTOR('',#2398,1.);
#2398 = DIRECTION('',(2.22044604925E-16,1.,0.));
#2399 = ORIENTED_EDGE('',*,*,#2400,.T.);
#2400 = EDGE_CURVE('',#2393,#2401,#2403,.T.);
#2401 = VERTEX_POINT('',#2402);
#2402 = CARTESIAN_POINT('',(-39.37857142857,4.76,24.42));
#2403 = LINE('',#2404,#2405);
#2404 = CARTESIAN_POINT('',(-40.09285714285,4.76,24.42));
#2405 = VECTOR('',#2406,1.);
#2406 = DIRECTION('',(1.,-2.22044604925E-16,0.));
#2407 = ORIENTED_EDGE('',*,*,#2408,.T.);
#2408 = EDGE_CURVE('',#2401,#2409,#2411,.T.);
#2409 = VERTEX_POINT('',#2410);
#2410 = CARTESIAN_POINT('',(-39.37857142857,4.36,24.42));
#2411 = LINE('',#2412,#2413);
#2412 = CARTESIAN_POINT('',(-39.37857142857,4.76,24.42));
#2413 = VECTOR('',#2414,1.);
#2414 = DIRECTION('',(-2.22044604925E-16,-1.,0.));
#2415 = ORIENTED_EDGE('',*,*,#2416,.T.);
#2416 = EDGE_CURVE('',#2409,#2417,#2419,.T.);
#2417 = VERTEX_POINT('',#2418);
#2418 = CARTESIAN_POINT('',(-38.78571428571,3.674285714286,24.42));
#2419 = B_SPLINE_CURVE_WITH_KNOTS('',2,(#2420,#2421,#2422),
  .UNSPECIFIED.,.F.,.F.,(3,3),(0.,1.),.PIECEWISE_BEZIER_KNOTS.);
#2420 = CARTESIAN_POINT('',(-39.37857142857,4.36,24.42));
#2421 = CARTESIAN_POINT('',(-39.37857142857,3.738571428571,24.42));
#2422 = CARTESIAN_POINT('',(-38.78571428571,3.674285714286,24.42));
#2423 = ORIENTED_EDGE('',*,*,#2424,.T.);
#2424 = EDGE_CURVE('',#2417,#2425,#2427,.T.);
#2425 = VERTEX_POINT('',#2426);
#2426 = CARTESIAN_POINT('',(-38.66428571428,3.667142857143,24.42));
#2427 = B_SPLINE_CURVE_WITH_KNOTS('',2,(#2428,#2429,#2430),
  .UNSPECIFIED.,.F.,.F.,(3,3),(0.,1.),.PIECEWISE_BEZIER_KNOTS.);
#2428 = CARTESIAN_POINT('',(-38.78571428571,3.674285714286,24.42));
#2429 = CARTESIAN_POINT('',(-38.72142857142,3.667142857143,24.42));
#2430 = CARTESIAN_POINT('',(-38.66428571428,3.667142857143,24.42));
#2431 = ORIENTED_EDGE('',*,*,#2432,.T.);
#2432 = EDGE_CURVE('',#2425,#2433,#2435,.T.);
#2433 = VERTEX_POINT('',#2434);
#2434 = CARTESIAN_POINT('',(-37.95714285714,4.21,24.42));
#2435 = B_SPLINE_CURVE_WITH_KNOTS('',2,(#2436,#2437,#2438),
  .UNSPECIFIED.,.F.,.F.,(3,3),(0.,1.),.PIECEWISE_BEZIER_KNOTS.);
#2436 = CARTESIAN_POINT('',(-38.66428571428,3.667142857143,24.42));
#2437 = CARTESIAN_POINT('',(-38.06428571428,3.667142857143,24.42));
#2438 = CARTESIAN_POINT('',(-37.95714285714,4.21,24.42));
#2439 = ORIENTED_EDGE('',*,*,#2440,.T.);
#2440 = EDGE_CURVE('',#2433,#2441,#2443,.T.);
#2441 = VERTEX_POINT('',#2442);
#2442 = CARTESIAN_POINT('',(-37.94285714285,4.417142857143,24.42));
#2443 = B_SPLINE_CURVE_WITH_KNOTS('',2,(#2444,#2445,#2446),
  .UNSPECIFIED.,.F.,.F.,(3,3),(0.,1.),.PIECEWISE_BEZIER_KNOTS.);
#2444 = CARTESIAN_POINT('',(-37.95714285714,4.21,24.42));
#2445 = CARTESIAN_POINT('',(-37.94285714285,4.31,24.42));
#2446 = CARTESIAN_POINT('',(-37.94285714285,4.417142857143,24.42));
#2447 = ORIENTED_EDGE('',*,*,#2448,.T.);
#2448 = EDGE_CURVE('',#2441,#2449,#2451,.T.);
#2449 = VERTEX_POINT('',#2450);
#2450 = CARTESIAN_POINT('',(-37.94285714285,4.76,24.42));
#2451 = LINE('',#2452,#2453);
#2452 = CARTESIAN_POINT('',(-37.94285714285,4.417142857143,24.42));
#2453 = VECTOR('',#2454,1.);
#2454 = DIRECTION('',(2.22044604925E-16,1.,0.));
#2455 = ORIENTED_EDGE('',*,*,#2456,.T.);
#2456 = EDGE_CURVE('',#2449,#2457,#2459,.T.);
#2457 = VERTEX_POINT('',#2458);
#2458 = CARTESIAN_POINT('',(-37.2,4.76,24.42));
#2459 = LINE('',#2460,#2461);
#2460 = CARTESIAN_POINT('',(-37.94285714285,4.76,24.42));
#2461 = VECTOR('',#2462,1.);
#2462 = DIRECTION('',(1.,-2.22044604925E-16,0.));
#2463 = ORIENTED_EDGE('',*,*,#2464,.T.);
#2464 = EDGE_CURVE('',#2457,#2465,#2467,.T.);
#2465 = VERTEX_POINT('',#2466);
#2466 = CARTESIAN_POINT('',(-37.2,4.324285714286,24.42));
#2467 = LINE('',#2468,#2469);
#2468 = CARTESIAN_POINT('',(-37.2,4.76,24.42));
#2469 = VECTOR('',#2470,1.);
#2470 = DIRECTION('',(-2.22044604925E-16,-1.,0.));
#2471 = ORIENTED_EDGE('',*,*,#2472,.T.);
#2472 = EDGE_CURVE('',#2465,#2473,#2475,.T.);
#2473 = VERTEX_POINT('',#2474);
#2474 = CARTESIAN_POINT('',(-37.90714285714,3.045714285714,24.42));
#2475 = B_SPLINE_CURVE_WITH_KNOTS('',2,(#2476,#2477,#2478),
  .UNSPECIFIED.,.F.,.F.,(3,3),(0.,1.),.PIECEWISE_BEZIER_KNOTS.);
#2476 = CARTESIAN_POINT('',(-37.2,4.324285714286,24.42));
#2477 = CARTESIAN_POINT('',(-37.22142857142,3.374285714286,24.42));
#2478 = CARTESIAN_POINT('',(-37.90714285714,3.045714285714,24.42));
#2479 = ORIENTED_EDGE('',*,*,#2480,.T.);
#2480 = EDGE_CURVE('',#2473,#2481,#2483,.T.);
#2481 = VERTEX_POINT('',#2482);
#2482 = CARTESIAN_POINT('',(-38.56428571428,2.91,24.42));
#2483 = B_SPLINE_CURVE_WITH_KNOTS('',2,(#2484,#2485,#2486),
  .UNSPECIFIED.,.F.,.F.,(3,3),(0.,1.),.PIECEWISE_BEZIER_KNOTS.);
#2484 = CARTESIAN_POINT('',(-37.90714285714,3.045714285714,24.42));
#2485 = CARTESIAN_POINT('',(-38.19285714285,2.91,24.42));
#2486 = CARTESIAN_POINT('',(-38.56428571428,2.91,24.42));
#2487 = ORIENTED_EDGE('',*,*,#2488,.T.);
#2488 = EDGE_CURVE('',#2481,#2489,#2491,.T.);
#2489 = VERTEX_POINT('',#2490);
#2490 = CARTESIAN_POINT('',(-39.71428571428,3.395714285714,24.42));
#2491 = B_SPLINE_CURVE_WITH_KNOTS('',2,(#2492,#2493,#2494),
  .UNSPECIFIED.,.F.,.F.,(3,3),(0.,1.),.PIECEWISE_BEZIER_KNOTS.);
#2492 = CARTESIAN_POINT('',(-38.56428571428,2.91,24.42));
#2493 = CARTESIAN_POINT('',(-39.35714285714,2.917142857143,24.42));
#2494 = CARTESIAN_POINT('',(-39.71428571428,3.395714285714,24.42));
#2495 = ORIENTED_EDGE('',*,*,#2496,.T.);
#2496 = EDGE_CURVE('',#2489,#2497,#2499,.T.);
#2497 = VERTEX_POINT('',#2498);
#2498 = CARTESIAN_POINT('',(-40.47857142857,2.924285714286,24.42));
#2499 = B_SPLINE_CURVE_WITH_KNOTS('',2,(#2500,#2501,#2502),
  .UNSPECIFIED.,.F.,.F.,(3,3),(0.,1.),.PIECEWISE_BEZIER_KNOTS.);
#2500 = CARTESIAN_POINT('',(-39.71428571428,3.395714285714,24.42));
#2501 = CARTESIAN_POINT('',(-39.92857142857,3.024285714286,24.42));
#2502 = CARTESIAN_POINT('',(-40.47857142857,2.924285714286,24.42));
#2503 = ORIENTED_EDGE('',*,*,#2504,.T.);
#2504 = EDGE_CURVE('',#2497,#2505,#2507,.T.);
#2505 = VERTEX_POINT('',#2506);
#2506 = CARTESIAN_POINT('',(-40.65,2.902857142857,24.42));
#2507 = B_SPLINE_CURVE_WITH_KNOTS('',2,(#2508,#2509,#2510),
  .UNSPECIFIED.,.F.,.F.,(3,3),(0.,1.),.PIECEWISE_BEZIER_KNOTS.);
#2508 = CARTESIAN_POINT('',(-40.47857142857,2.924285714286,24.42));
#2509 = CARTESIAN_POINT('',(-40.57142857142,2.91,24.42));
#2510 = CARTESIAN_POINT('',(-40.65,2.902857142857,24.42));
#2511 = ORIENTED_EDGE('',*,*,#2512,.T.);
#2512 = EDGE_CURVE('',#2505,#2513,#2515,.T.);
#2513 = VERTEX_POINT('',#2514);
#2514 = CARTESIAN_POINT('',(-42.2,2.781428571429,24.42));
#2515 = LINE('',#2516,#2517);
#2516 = CARTESIAN_POINT('',(-40.65,2.902857142857,24.42));
#2517 = VECTOR('',#2518,1.);
#2518 = DIRECTION('',(-0.996945395907,-7.810171304339E-02,0.));
#2519 = ORIENTED_EDGE('',*,*,#2520,.T.);
#2520 = EDGE_CURVE('',#2513,#2521,#2523,.T.);
#2521 = VERTEX_POINT('',#2522);
#2522 = CARTESIAN_POINT('',(-42.2,3.524285714286,24.42));
#2523 = LINE('',#2524,#2525);
#2524 = CARTESIAN_POINT('',(-42.2,2.781428571429,24.42));
#2525 = VECTOR('',#2526,1.);
#2526 = DIRECTION('',(2.22044604925E-16,1.,0.));
#2527 = ORIENTED_EDGE('',*,*,#2528,.T.);
#2528 = EDGE_CURVE('',#2521,#2529,#2531,.T.);
#2529 = VERTEX_POINT('',#2530);
#2530 = CARTESIAN_POINT('',(-40.92857142857,3.631428571429,24.42));
#2531 = LINE('',#2532,#2533);
#2532 = CARTESIAN_POINT('',(-42.2,3.524285714286,24.42));
#2533 = VECTOR('',#2534,1.);
#2534 = DIRECTION('',(0.996468111813,8.397203189433E-02,0.));
#2535 = ORIENTED_EDGE('',*,*,#2536,.T.);
#2536 = EDGE_CURVE('',#2529,#2537,#2539,.T.);
#2537 = VERTEX_POINT('',#2538);
#2538 = CARTESIAN_POINT('',(-40.17142857142,3.952857142857,24.42));
#2539 = B_SPLINE_CURVE_WITH_KNOTS('',2,(#2540,#2541,#2542),
  .UNSPECIFIED.,.F.,.F.,(3,3),(0.,1.),.PIECEWISE_BEZIER_KNOTS.);
#2540 = CARTESIAN_POINT('',(-40.92857142857,3.631428571429,24.42));
#2541 = CARTESIAN_POINT('',(-40.32857142857,3.688571428571,24.42));
#2542 = CARTESIAN_POINT('',(-40.17142857142,3.952857142857,24.42));
#2543 = ORIENTED_EDGE('',*,*,#2544,.T.);
#2544 = EDGE_CURVE('',#2537,#2391,#2545,.T.);
#2545 = B_SPLINE_CURVE_WITH_KNOTS('',2,(#2546,#2547,#2548),
  .UNSPECIFIED.,.F.,.F.,(3,3),(0.,1.),.PIECEWISE_BEZIER_KNOTS.);
#2546 = CARTESIAN_POINT('',(-40.17142857142,3.952857142857,24.42));
#2547 = CARTESIAN_POINT('',(-40.09285714285,4.11,24.42));
#2548 = CARTESIAN_POINT('',(-40.09285714285,4.345714285714,24.42));
#2549 = FACE_BOUND('',#2550,.T.);
#2550 = EDGE_LOOP('',(#2551,#2561,#2569,#2577));
#2551 = ORIENTED_EDGE('',*,*,#2552,.T.);
#2552 = EDGE_CURVE('',#2553,#2555,#2557,.T.);
#2553 = VERTEX_POINT('',#2554);
#2554 = CARTESIAN_POINT('',(-42.2,5.124285714286,24.42));
#2555 = VERTEX_POINT('',#2556);
#2556 = CARTESIAN_POINT('',(-42.2,5.924285714286,24.42));
#2557 = LINE('',#2558,#2559);
#2558 = CARTESIAN_POINT('',(-42.2,5.124285714286,24.42));
#2559 = VECTOR('',#2560,1.);
#2560 = DIRECTION('',(2.22044604925E-16,1.,0.));
#2561 = ORIENTED_EDGE('',*,*,#2562,.T.);
#2562 = EDGE_CURVE('',#2555,#2563,#2565,.T.);
#2563 = VERTEX_POINT('',#2564);
#2564 = CARTESIAN_POINT('',(-37.2,5.924285714286,24.42));
#2565 = LINE('',#2566,#2567);
#2566 = CARTESIAN_POINT('',(-42.2,5.924285714286,24.42));
#2567 = VECTOR('',#2568,1.);
#2568 = DIRECTION('',(1.,-2.22044604925E-16,0.));
#2569 = ORIENTED_EDGE('',*,*,#2570,.T.);
#2570 = EDGE_CURVE('',#2563,#2571,#2573,.T.);
#2571 = VERTEX_POINT('',#2572);
#2572 = CARTESIAN_POINT('',(-37.2,5.124285714286,24.42));
#2573 = LINE('',#2574,#2575);
#2574 = CARTESIAN_POINT('',(-37.2,5.924285714286,24.42));
#2575 = VECTOR('',#2576,1.);
#2576 = DIRECTION('',(-2.22044604925E-16,-1.,0.));
#2577 = ORIENTED_EDGE('',*,*,#2578,.T.);
#2578 = EDGE_CURVE('',#2571,#2553,#2579,.T.);
#2579 = LINE('',#2580,#2581);
#2580 = CARTESIAN_POINT('',(-37.2,5.124285714286,24.42));
#2581 = VECTOR('',#2582,1.);
#2582 = DIRECTION('',(-1.,2.22044604925E-16,0.));
#2583 = FACE_BOUND('',#2584,.T.);
#2584 = EDGE_LOOP('',(#2585,#2595,#2603,#2611,#2619,#2627,#2635,#2643,
    #2651,#2659,#2667,#2675));
#2585 = ORIENTED_EDGE('',*,*,#2586,.T.);
#2586 = EDGE_CURVE('',#2587,#2589,#2591,.T.);
#2587 = VERTEX_POINT('',#2588);
#2588 = CARTESIAN_POINT('',(-42.02142857142,7.201428571429,24.42));
#2589 = VERTEX_POINT('',#2590);
#2590 = CARTESIAN_POINT('',(-42.23571428571,7.901428571429,24.42));
#2591 = B_SPLINE_CURVE_WITH_KNOTS('',2,(#2592,#2593,#2594),
  .UNSPECIFIED.,.F.,.F.,(3,3),(0.,1.),.PIECEWISE_BEZIER_KNOTS.);
#2592 = CARTESIAN_POINT('',(-42.02142857142,7.201428571429,24.42));
#2593 = CARTESIAN_POINT('',(-42.23571428571,7.572857142857,24.42));
#2594 = CARTESIAN_POINT('',(-42.23571428571,7.901428571429,24.42));
#2595 = ORIENTED_EDGE('',*,*,#2596,.T.);
#2596 = EDGE_CURVE('',#2589,#2597,#2599,.T.);
#2597 = VERTEX_POINT('',#2598);
#2598 = CARTESIAN_POINT('',(-41.43571428571,7.901428571429,24.42));
#2599 = LINE('',#2600,#2601);
#2600 = CARTESIAN_POINT('',(-42.23571428571,7.901428571429,24.42));
#2601 = VECTOR('',#2602,1.);
#2602 = DIRECTION('',(1.,-2.22044604925E-16,0.));
#2603 = ORIENTED_EDGE('',*,*,#2604,.T.);
#2604 = EDGE_CURVE('',#2597,#2605,#2607,.T.);
#2605 = VERTEX_POINT('',#2606);
#2606 = CARTESIAN_POINT('',(-41.26428571428,7.515714285714,24.42));
#2607 = B_SPLINE_CURVE_WITH_KNOTS('',2,(#2608,#2609,#2610),
  .UNSPECIFIED.,.F.,.F.,(3,3),(0.,1.),.PIECEWISE_BEZIER_KNOTS.);
#2608 = CARTESIAN_POINT('',(-41.43571428571,7.901428571429,24.42));
#2609 = CARTESIAN_POINT('',(-41.43571428571,7.715714285714,24.42));
#2610 = CARTESIAN_POINT('',(-41.26428571428,7.515714285714,24.42));
#2611 = ORIENTED_EDGE('',*,*,#2612,.T.);
#2612 = EDGE_CURVE('',#2605,#2613,#2615,.T.);
#2613 = VERTEX_POINT('',#2614);
#2614 = CARTESIAN_POINT('',(-40.80714285714,7.294285714286,24.42));
#2615 = B_SPLINE_CURVE_WITH_KNOTS('',2,(#2616,#2617,#2618),
  .UNSPECIFIED.,.F.,.F.,(3,3),(0.,1.),.PIECEWISE_BEZIER_KNOTS.);
#2616 = CARTESIAN_POINT('',(-41.26428571428,7.515714285714,24.42));
#2617 = CARTESIAN_POINT('',(-41.07142857142,7.301428571429,24.42));
#2618 = CARTESIAN_POINT('',(-40.80714285714,7.294285714286,24.42));
#2619 = ORIENTED_EDGE('',*,*,#2620,.T.);
#2620 = EDGE_CURVE('',#2613,#2621,#2623,.T.);
#2621 = VERTEX_POINT('',#2622);
#2622 = CARTESIAN_POINT('',(-38.57142857142,7.294285714286,24.42));
#2623 = LINE('',#2624,#2625);
#2624 = CARTESIAN_POINT('',(-40.80714285714,7.294285714286,24.42));
#2625 = VECTOR('',#2626,1.);
#2626 = DIRECTION('',(1.,-2.22044604925E-16,0.));
#2627 = ORIENTED_EDGE('',*,*,#2628,.T.);
#2628 = EDGE_CURVE('',#2621,#2629,#2631,.T.);
#2629 = VERTEX_POINT('',#2630);
#2630 = CARTESIAN_POINT('',(-38.15714285714,7.48,24.42));
#2631 = B_SPLINE_CURVE_WITH_KNOTS('',2,(#2632,#2633,#2634),
  .UNSPECIFIED.,.F.,.F.,(3,3),(0.,1.),.PIECEWISE_BEZIER_KNOTS.);
#2632 = CARTESIAN_POINT('',(-38.57142857142,7.294285714286,24.42));
#2633 = CARTESIAN_POINT('',(-38.35714285714,7.294285714286,24.42));
#2634 = CARTESIAN_POINT('',(-38.15714285714,7.48,24.42));
#2635 = ORIENTED_EDGE('',*,*,#2636,.T.);
#2636 = EDGE_CURVE('',#2629,#2637,#2639,.T.);
#2637 = VERTEX_POINT('',#2638);
#2638 = CARTESIAN_POINT('',(-37.95714285714,7.901428571429,24.42));
#2639 = B_SPLINE_CURVE_WITH_KNOTS('',2,(#2640,#2641,#2642),
  .UNSPECIFIED.,.F.,.F.,(3,3),(0.,1.),.PIECEWISE_BEZIER_KNOTS.);
#2640 = CARTESIAN_POINT('',(-38.15714285714,7.48,24.42));
#2641 = CARTESIAN_POINT('',(-37.96428571428,7.658571428571,24.42));
#2642 = CARTESIAN_POINT('',(-37.95714285714,7.901428571429,24.42));
#2643 = ORIENTED_EDGE('',*,*,#2644,.T.);
#2644 = EDGE_CURVE('',#2637,#2645,#2647,.T.);
#2645 = VERTEX_POINT('',#2646);
#2646 = CARTESIAN_POINT('',(-37.16428571428,7.901428571429,24.42));
#2647 = LINE('',#2648,#2649);
#2648 = CARTESIAN_POINT('',(-37.95714285714,7.901428571429,24.42));
#2649 = VECTOR('',#2650,1.);
#2650 = DIRECTION('',(1.,-2.22044604925E-16,0.));
#2651 = ORIENTED_EDGE('',*,*,#2652,.T.);
#2652 = EDGE_CURVE('',#2645,#2653,#2655,.T.);
#2653 = VERTEX_POINT('',#2654);
#2654 = CARTESIAN_POINT('',(-37.78571428571,6.744285714286,24.42));
#2655 = B_SPLINE_CURVE_WITH_KNOTS('',2,(#2656,#2657,#2658),
  .UNSPECIFIED.,.F.,.F.,(3,3),(0.,1.),.PIECEWISE_BEZIER_KNOTS.);
#2656 = CARTESIAN_POINT('',(-37.16428571428,7.901428571429,24.42));
#2657 = CARTESIAN_POINT('',(-37.16428571428,7.18,24.42));
#2658 = CARTESIAN_POINT('',(-37.78571428571,6.744285714286,24.42));
#2659 = ORIENTED_EDGE('',*,*,#2660,.T.);
#2660 = EDGE_CURVE('',#2653,#2661,#2663,.T.);
#2661 = VERTEX_POINT('',#2662);
#2662 = CARTESIAN_POINT('',(-38.45714285714,6.494285714286,24.42));
#2663 = B_SPLINE_CURVE_WITH_KNOTS('',2,(#2664,#2665,#2666),
  .UNSPECIFIED.,.F.,.F.,(3,3),(0.,1.),.PIECEWISE_BEZIER_KNOTS.);
#2664 = CARTESIAN_POINT('',(-37.78571428571,6.744285714286,24.42));
#2665 = CARTESIAN_POINT('',(-38.14285714285,6.494285714286,24.42));
#2666 = CARTESIAN_POINT('',(-38.45714285714,6.494285714286,24.42));
#2667 = ORIENTED_EDGE('',*,*,#2668,.T.);
#2668 = EDGE_CURVE('',#2661,#2669,#2671,.T.);
#2669 = VERTEX_POINT('',#2670);
#2670 = CARTESIAN_POINT('',(-40.80714285714,6.494285714286,24.42));
#2671 = LINE('',#2672,#2673);
#2672 = CARTESIAN_POINT('',(-38.45714285714,6.494285714286,24.42));
#2673 = VECTOR('',#2674,1.);
#2674 = DIRECTION('',(-1.,2.22044604925E-16,0.));
#2675 = ORIENTED_EDGE('',*,*,#2676,.T.);
#2676 = EDGE_CURVE('',#2669,#2587,#2677,.T.);
#2677 = B_SPLINE_CURVE_WITH_KNOTS('',2,(#2678,#2679,#2680),
  .UNSPECIFIED.,.F.,.F.,(3,3),(0.,1.),.PIECEWISE_BEZIER_KNOTS.);
#2678 = CARTESIAN_POINT('',(-40.80714285714,6.494285714286,24.42));
#2679 = CARTESIAN_POINT('',(-41.6,6.494285714286,24.42));
#2680 = CARTESIAN_POINT('',(-42.02142857142,7.201428571429,24.42));
#2681 = FACE_BOUND('',#2682,.T.);
#2682 = EDGE_LOOP('',(#2683,#2693,#2701,#2709,#2717,#2725,#2733,#2741,
    #2749,#2757,#2765,#2773));
#2683 = ORIENTED_EDGE('',*,*,#2684,.T.);
#2684 = EDGE_CURVE('',#2685,#2687,#2689,.T.);
#2685 = VERTEX_POINT('',#2686);
#2686 = CARTESIAN_POINT('',(-41.94285714285,9.108571428571,24.42));
#2687 = VERTEX_POINT('',#2688);
#2688 = CARTESIAN_POINT('',(-40.80714285714,9.694285714286,24.42));
#2689 = B_SPLINE_CURVE_WITH_KNOTS('',2,(#2690,#2691,#2692),
  .UNSPECIFIED.,.F.,.F.,(3,3),(0.,1.),.PIECEWISE_BEZIER_KNOTS.);
#2690 = CARTESIAN_POINT('',(-41.94285714285,9.108571428571,24.42));
#2691 = CARTESIAN_POINT('',(-41.51428571428,9.687142857143,24.42));
#2692 = CARTESIAN_POINT('',(-40.80714285714,9.694285714286,24.42));
#2693 = ORIENTED_EDGE('',*,*,#2694,.T.);
#2694 = EDGE_CURVE('',#2687,#2695,#2697,.T.);
#2695 = VERTEX_POINT('',#2696);
#2696 = CARTESIAN_POINT('',(-38.45714285714,9.694285714286,24.42));
#2697 = LINE('',#2698,#2699);
#2698 = CARTESIAN_POINT('',(-40.80714285714,9.694285714286,24.42));
#2699 = VECTOR('',#2700,1.);
#2700 = DIRECTION('',(1.,-2.22044604925E-16,0.));
#2701 = ORIENTED_EDGE('',*,*,#2702,.T.);
#2702 = EDGE_CURVE('',#2695,#2703,#2705,.T.);
#2703 = VERTEX_POINT('',#2704);
#2704 = CARTESIAN_POINT('',(-37.68571428571,9.372857142857,24.42));
#2705 = B_SPLINE_CURVE_WITH_KNOTS('',2,(#2706,#2707,#2708),
  .UNSPECIFIED.,.F.,.F.,(3,3),(0.,1.),.PIECEWISE_BEZIER_KNOTS.);
#2706 = CARTESIAN_POINT('',(-38.45714285714,9.694285714286,24.42));
#2707 = CARTESIAN_POINT('',(-38.07857142857,9.694285714286,24.42));
#2708 = CARTESIAN_POINT('',(-37.68571428571,9.372857142857,24.42));
#2709 = ORIENTED_EDGE('',*,*,#2710,.T.);
#2710 = EDGE_CURVE('',#2703,#2711,#2713,.T.);
#2711 = VERTEX_POINT('',#2712);
#2712 = CARTESIAN_POINT('',(-37.16428571428,8.287142857143,24.42));
#2713 = B_SPLINE_CURVE_WITH_KNOTS('',2,(#2714,#2715,#2716),
  .UNSPECIFIED.,.F.,.F.,(3,3),(0.,1.),.PIECEWISE_BEZIER_KNOTS.);
#2714 = CARTESIAN_POINT('',(-37.68571428571,9.372857142857,24.42));
#2715 = CARTESIAN_POINT('',(-37.17142857142,8.944285714286,24.42));
#2716 = CARTESIAN_POINT('',(-37.16428571428,8.287142857143,24.42));
#2717 = ORIENTED_EDGE('',*,*,#2718,.T.);
#2718 = EDGE_CURVE('',#2711,#2719,#2721,.T.);
#2719 = VERTEX_POINT('',#2720);
#2720 = CARTESIAN_POINT('',(-37.95714285714,8.287142857143,24.42));
#2721 = LINE('',#2722,#2723);
#2722 = CARTESIAN_POINT('',(-37.16428571428,8.287142857143,24.42));
#2723 = VECTOR('',#2724,1.);
#2724 = DIRECTION('',(-1.,2.22044604925E-16,0.));
#2725 = ORIENTED_EDGE('',*,*,#2726,.T.);
#2726 = EDGE_CURVE('',#2719,#2727,#2729,.T.);
#2727 = VERTEX_POINT('',#2728);
#2728 = CARTESIAN_POINT('',(-38.35714285714,8.844285714286,24.42));
#2729 = B_SPLINE_CURVE_WITH_KNOTS('',2,(#2730,#2731,#2732),
  .UNSPECIFIED.,.F.,.F.,(3,3),(0.,1.),.PIECEWISE_BEZIER_KNOTS.);
#2730 = CARTESIAN_POINT('',(-37.95714285714,8.287142857143,24.42));
#2731 = CARTESIAN_POINT('',(-37.96428571428,8.658571428571,24.42));
#2732 = CARTESIAN_POINT('',(-38.35714285714,8.844285714286,24.42));
#2733 = ORIENTED_EDGE('',*,*,#2734,.T.);
#2734 = EDGE_CURVE('',#2727,#2735,#2737,.T.);
#2735 = VERTEX_POINT('',#2736);
#2736 = CARTESIAN_POINT('',(-38.57142857142,8.901428571429,24.42));
#2737 = B_SPLINE_CURVE_WITH_KNOTS('',2,(#2738,#2739,#2740),
  .UNSPECIFIED.,.F.,.F.,(3,3),(0.,1.),.PIECEWISE_BEZIER_KNOTS.);
#2738 = CARTESIAN_POINT('',(-38.35714285714,8.844285714286,24.42));
#2739 = CARTESIAN_POINT('',(-38.48571428571,8.901428571429,24.42));
#2740 = CARTESIAN_POINT('',(-38.57142857142,8.901428571429,24.42));
#2741 = ORIENTED_EDGE('',*,*,#2742,.T.);
#2742 = EDGE_CURVE('',#2735,#2743,#2745,.T.);
#2743 = VERTEX_POINT('',#2744);
#2744 = CARTESIAN_POINT('',(-40.80714285714,8.901428571429,24.42));
#2745 = LINE('',#2746,#2747);
#2746 = CARTESIAN_POINT('',(-38.57142857142,8.901428571429,24.42));
#2747 = VECTOR('',#2748,1.);
#2748 = DIRECTION('',(-1.,2.22044604925E-16,0.));
#2749 = ORIENTED_EDGE('',*,*,#2750,.T.);
#2750 = EDGE_CURVE('',#2743,#2751,#2753,.T.);
#2751 = VERTEX_POINT('',#2752);
#2752 = CARTESIAN_POINT('',(-41.37857142857,8.501428571429,24.42));
#2753 = B_SPLINE_CURVE_WITH_KNOTS('',2,(#2754,#2755,#2756),
  .UNSPECIFIED.,.F.,.F.,(3,3),(0.,1.),.PIECEWISE_BEZIER_KNOTS.);
#2754 = CARTESIAN_POINT('',(-40.80714285714,8.901428571429,24.42));
#2755 = CARTESIAN_POINT('',(-41.19285714285,8.901428571429,24.42));
#2756 = CARTESIAN_POINT('',(-41.37857142857,8.501428571429,24.42));
#2757 = ORIENTED_EDGE('',*,*,#2758,.T.);
#2758 = EDGE_CURVE('',#2751,#2759,#2761,.T.);
#2759 = VERTEX_POINT('',#2760);
#2760 = CARTESIAN_POINT('',(-41.43571428571,8.294285714286,24.42));
#2761 = B_SPLINE_CURVE_WITH_KNOTS('',2,(#2762,#2763,#2764),
  .UNSPECIFIED.,.F.,.F.,(3,3),(0.,1.),.PIECEWISE_BEZIER_KNOTS.);
#2762 = CARTESIAN_POINT('',(-41.37857142857,8.501428571429,24.42));
#2763 = CARTESIAN_POINT('',(-41.43571428571,8.38,24.42));
#2764 = CARTESIAN_POINT('',(-41.43571428571,8.294285714286,24.42));
#2765 = ORIENTED_EDGE('',*,*,#2766,.T.);
#2766 = EDGE_CURVE('',#2759,#2767,#2769,.T.);
#2767 = VERTEX_POINT('',#2768);
#2768 = CARTESIAN_POINT('',(-42.23571428571,8.294285714286,24.42));
#2769 = LINE('',#2770,#2771);
#2770 = CARTESIAN_POINT('',(-41.43571428571,8.294285714286,24.42));
#2771 = VECTOR('',#2772,1.);
#2772 = DIRECTION('',(-1.,2.22044604925E-16,0.));
#2773 = ORIENTED_EDGE('',*,*,#2774,.T.);
#2774 = EDGE_CURVE('',#2767,#2685,#2775,.T.);
#2775 = B_SPLINE_CURVE_WITH_KNOTS('',2,(#2776,#2777,#2778),
  .UNSPECIFIED.,.F.,.F.,(3,3),(0.,1.),.PIECEWISE_BEZIER_KNOTS.);
#2776 = CARTESIAN_POINT('',(-42.23571428571,8.294285714286,24.42));
#2777 = CARTESIAN_POINT('',(-42.23571428571,8.701428571429,24.42));
#2778 = CARTESIAN_POINT('',(-41.94285714285,9.108571428571,24.42));
#2779 = FACE_BOUND('',#2780,.T.);
#2780 = EDGE_LOOP('',(#2781,#2791,#2799,#2807,#2815,#2823,#2831,#2839,
    #2847,#2855,#2863,#2871));
#2781 = ORIENTED_EDGE('',*,*,#2782,.T.);
#2782 = EDGE_CURVE('',#2783,#2785,#2787,.T.);
#2783 = VERTEX_POINT('',#2784);
#2784 = CARTESIAN_POINT('',(-42.02142857142,10.95,24.42));
#2785 = VERTEX_POINT('',#2786);
#2786 = CARTESIAN_POINT('',(-42.23571428571,11.65,24.42));
#2787 = B_SPLINE_CURVE_WITH_KNOTS('',2,(#2788,#2789,#2790),
  .UNSPECIFIED.,.F.,.F.,(3,3),(0.,1.),.PIECEWISE_BEZIER_KNOTS.);
#2788 = CARTESIAN_POINT('',(-42.02142857142,10.95,24.42));
#2789 = CARTESIAN_POINT('',(-42.23571428571,11.321428571429,24.42));
#2790 = CARTESIAN_POINT('',(-42.23571428571,11.65,24.42));
#2791 = ORIENTED_EDGE('',*,*,#2792,.T.);
#2792 = EDGE_CURVE('',#2785,#2793,#2795,.T.);
#2793 = VERTEX_POINT('',#2794);
#2794 = CARTESIAN_POINT('',(-41.43571428571,11.65,24.42));
#2795 = LINE('',#2796,#2797);
#2796 = CARTESIAN_POINT('',(-42.23571428571,11.65,24.42));
#2797 = VECTOR('',#2798,1.);
#2798 = DIRECTION('',(1.,-2.22044604925E-16,0.));
#2799 = ORIENTED_EDGE('',*,*,#2800,.T.);
#2800 = EDGE_CURVE('',#2793,#2801,#2803,.T.);
#2801 = VERTEX_POINT('',#2802);
#2802 = CARTESIAN_POINT('',(-41.26428571428,11.264285714286,24.42));
#2803 = B_SPLINE_CURVE_WITH_KNOTS('',2,(#2804,#2805,#2806),
  .UNSPECIFIED.,.F.,.F.,(3,3),(0.,1.),.PIECEWISE_BEZIER_KNOTS.);
#2804 = CARTESIAN_POINT('',(-41.43571428571,11.65,24.42));
#2805 = CARTESIAN_POINT('',(-41.43571428571,11.464285714286,24.42));
#2806 = CARTESIAN_POINT('',(-41.26428571428,11.264285714286,24.42));
#2807 = ORIENTED_EDGE('',*,*,#2808,.T.);
#2808 = EDGE_CURVE('',#2801,#2809,#2811,.T.);
#2809 = VERTEX_POINT('',#2810);
#2810 = CARTESIAN_POINT('',(-40.80714285714,11.042857142857,24.42));
#2811 = B_SPLINE_CURVE_WITH_KNOTS('',2,(#2812,#2813,#2814),
  .UNSPECIFIED.,.F.,.F.,(3,3),(0.,1.),.PIECEWISE_BEZIER_KNOTS.);
#2812 = CARTESIAN_POINT('',(-41.26428571428,11.264285714286,24.42));
#2813 = CARTESIAN_POINT('',(-41.07142857142,11.05,24.42));
#2814 = CARTESIAN_POINT('',(-40.80714285714,11.042857142857,24.42));
#2815 = ORIENTED_EDGE('',*,*,#2816,.T.);
#2816 = EDGE_CURVE('',#2809,#2817,#2819,.T.);
#2817 = VERTEX_POINT('',#2818);
#2818 = CARTESIAN_POINT('',(-38.57142857142,11.042857142857,24.42));
#2819 = LINE('',#2820,#2821);
#2820 = CARTESIAN_POINT('',(-40.80714285714,11.042857142857,24.42));
#2821 = VECTOR('',#2822,1.);
#2822 = DIRECTION('',(1.,-2.22044604925E-16,0.));
#2823 = ORIENTED_EDGE('',*,*,#2824,.T.);
#2824 = EDGE_CURVE('',#2817,#2825,#2827,.T.);
#2825 = VERTEX_POINT('',#2826);
#2826 = CARTESIAN_POINT('',(-38.15714285714,11.228571428571,24.42));
#2827 = B_SPLINE_CURVE_WITH_KNOTS('',2,(#2828,#2829,#2830),
  .UNSPECIFIED.,.F.,.F.,(3,3),(0.,1.),.PIECEWISE_BEZIER_KNOTS.);
#2828 = CARTESIAN_POINT('',(-38.57142857142,11.042857142857,24.42));
#2829 = CARTESIAN_POINT('',(-38.35714285714,11.042857142857,24.42));
#2830 = CARTESIAN_POINT('',(-38.15714285714,11.228571428571,24.42));
#2831 = ORIENTED_EDGE('',*,*,#2832,.T.);
#2832 = EDGE_CURVE('',#2825,#2833,#2835,.T.);
#2833 = VERTEX_POINT('',#2834);
#2834 = CARTESIAN_POINT('',(-37.95714285714,11.65,24.42));
#2835 = B_SPLINE_CURVE_WITH_KNOTS('',2,(#2836,#2837,#2838),
  .UNSPECIFIED.,.F.,.F.,(3,3),(0.,1.),.PIECEWISE_BEZIER_KNOTS.);
#2836 = CARTESIAN_POINT('',(-38.15714285714,11.228571428571,24.42));
#2837 = CARTESIAN_POINT('',(-37.96428571428,11.407142857143,24.42));
#2838 = CARTESIAN_POINT('',(-37.95714285714,11.65,24.42));
#2839 = ORIENTED_EDGE('',*,*,#2840,.T.);
#2840 = EDGE_CURVE('',#2833,#2841,#2843,.T.);
#2841 = VERTEX_POINT('',#2842);
#2842 = CARTESIAN_POINT('',(-37.16428571428,11.65,24.42));
#2843 = LINE('',#2844,#2845);
#2844 = CARTESIAN_POINT('',(-37.95714285714,11.65,24.42));
#2845 = VECTOR('',#2846,1.);
#2846 = DIRECTION('',(1.,-2.22044604925E-16,0.));
#2847 = ORIENTED_EDGE('',*,*,#2848,.T.);
#2848 = EDGE_CURVE('',#2841,#2849,#2851,.T.);
#2849 = VERTEX_POINT('',#2850);
#2850 = CARTESIAN_POINT('',(-37.78571428571,10.492857142857,24.42));
#2851 = B_SPLINE_CURVE_WITH_KNOTS('',2,(#2852,#2853,#2854),
  .UNSPECIFIED.,.F.,.F.,(3,3),(0.,1.),.PIECEWISE_BEZIER_KNOTS.);
#2852 = CARTESIAN_POINT('',(-37.16428571428,11.65,24.42));
#2853 = CARTESIAN_POINT('',(-37.16428571428,10.928571428571,24.42));
#2854 = CARTESIAN_POINT('',(-37.78571428571,10.492857142857,24.42));
#2855 = ORIENTED_EDGE('',*,*,#2856,.T.);
#2856 = EDGE_CURVE('',#2849,#2857,#2859,.T.);
#2857 = VERTEX_POINT('',#2858);
#2858 = CARTESIAN_POINT('',(-38.45714285714,10.242857142857,24.42));
#2859 = B_SPLINE_CURVE_WITH_KNOTS('',2,(#2860,#2861,#2862),
  .UNSPECIFIED.,.F.,.F.,(3,3),(0.,1.),.PIECEWISE_BEZIER_KNOTS.);
#2860 = CARTESIAN_POINT('',(-37.78571428571,10.492857142857,24.42));
#2861 = CARTESIAN_POINT('',(-38.14285714285,10.242857142857,24.42));
#2862 = CARTESIAN_POINT('',(-38.45714285714,10.242857142857,24.42));
#2863 = ORIENTED_EDGE('',*,*,#2864,.T.);
#2864 = EDGE_CURVE('',#2857,#2865,#2867,.T.);
#2865 = VERTEX_POINT('',#2866);
#2866 = CARTESIAN_POINT('',(-40.80714285714,10.242857142857,24.42));
#2867 = LINE('',#2868,#2869);
#2868 = CARTESIAN_POINT('',(-38.45714285714,10.242857142857,24.42));
#2869 = VECTOR('',#2870,1.);
#2870 = DIRECTION('',(-1.,2.22044604925E-16,0.));
#2871 = ORIENTED_EDGE('',*,*,#2872,.T.);
#2872 = EDGE_CURVE('',#2865,#2783,#2873,.T.);
#2873 = B_SPLINE_CURVE_WITH_KNOTS('',2,(#2874,#2875,#2876),
  .UNSPECIFIED.,.F.,.F.,(3,3),(0.,1.),.PIECEWISE_BEZIER_KNOTS.);
#2874 = CARTESIAN_POINT('',(-40.80714285714,10.242857142857,24.42));
#2875 = CARTESIAN_POINT('',(-41.6,10.242857142857,24.42));
#2876 = CARTESIAN_POINT('',(-42.02142857142,10.95,24.42));
#2877 = FACE_BOUND('',#2878,.T.);
#2878 = EDGE_LOOP('',(#2879,#2889,#2897,#2905,#2913,#2921,#2929,#2937,
    #2945,#2953,#2961,#2969));
#2879 = ORIENTED_EDGE('',*,*,#2880,.T.);
#2880 = EDGE_CURVE('',#2881,#2883,#2885,.T.);
#2881 = VERTEX_POINT('',#2882);
#2882 = CARTESIAN_POINT('',(-41.94285714285,12.857142857143,24.42));
#2883 = VERTEX_POINT('',#2884);
#2884 = CARTESIAN_POINT('',(-40.80714285714,13.442857142857,24.42));
#2885 = B_SPLINE_CURVE_WITH_KNOTS('',2,(#2886,#2887,#2888),
  .UNSPECIFIED.,.F.,.F.,(3,3),(0.,1.),.PIECEWISE_BEZIER_KNOTS.);
#2886 = CARTESIAN_POINT('',(-41.94285714285,12.857142857143,24.42));
#2887 = CARTESIAN_POINT('',(-41.51428571428,13.435714285714,24.42));
#2888 = CARTESIAN_POINT('',(-40.80714285714,13.442857142857,24.42));
#2889 = ORIENTED_EDGE('',*,*,#2890,.T.);
#2890 = EDGE_CURVE('',#2883,#2891,#2893,.T.);
#2891 = VERTEX_POINT('',#2892);
#2892 = CARTESIAN_POINT('',(-38.45714285714,13.442857142857,24.42));
#2893 = LINE('',#2894,#2895);
#2894 = CARTESIAN_POINT('',(-40.80714285714,13.442857142857,24.42));
#2895 = VECTOR('',#2896,1.);
#2896 = DIRECTION('',(1.,-2.22044604925E-16,0.));
#2897 = ORIENTED_EDGE('',*,*,#2898,.T.);
#2898 = EDGE_CURVE('',#2891,#2899,#2901,.T.);
#2899 = VERTEX_POINT('',#2900);
#2900 = CARTESIAN_POINT('',(-37.68571428571,13.121428571429,24.42));
#2901 = B_SPLINE_CURVE_WITH_KNOTS('',2,(#2902,#2903,#2904),
  .UNSPECIFIED.,.F.,.F.,(3,3),(0.,1.),.PIECEWISE_BEZIER_KNOTS.);
#2902 = CARTESIAN_POINT('',(-38.45714285714,13.442857142857,24.42));
#2903 = CARTESIAN_POINT('',(-38.07857142857,13.442857142857,24.42));
#2904 = CARTESIAN_POINT('',(-37.68571428571,13.121428571429,24.42));
#2905 = ORIENTED_EDGE('',*,*,#2906,.T.);
#2906 = EDGE_CURVE('',#2899,#2907,#2909,.T.);
#2907 = VERTEX_POINT('',#2908);
#2908 = CARTESIAN_POINT('',(-37.16428571428,12.035714285714,24.42));
#2909 = B_SPLINE_CURVE_WITH_KNOTS('',2,(#2910,#2911,#2912),
  .UNSPECIFIED.,.F.,.F.,(3,3),(0.,1.),.PIECEWISE_BEZIER_KNOTS.);
#2910 = CARTESIAN_POINT('',(-37.68571428571,13.121428571429,24.42));
#2911 = CARTESIAN_POINT('',(-37.17142857142,12.692857142857,24.42));
#2912 = CARTESIAN_POINT('',(-37.16428571428,12.035714285714,24.42));
#2913 = ORIENTED_EDGE('',*,*,#2914,.T.);
#2914 = EDGE_CURVE('',#2907,#2915,#2917,.T.);
#2915 = VERTEX_POINT('',#2916);
#2916 = CARTESIAN_POINT('',(-37.95714285714,12.035714285714,24.42));
#2917 = LINE('',#2918,#2919);
#2918 = CARTESIAN_POINT('',(-37.16428571428,12.035714285714,24.42));
#2919 = VECTOR('',#2920,1.);
#2920 = DIRECTION('',(-1.,2.22044604925E-16,0.));
#2921 = ORIENTED_EDGE('',*,*,#2922,.T.);
#2922 = EDGE_CURVE('',#2915,#2923,#2925,.T.);
#2923 = VERTEX_POINT('',#2924);
#2924 = CARTESIAN_POINT('',(-38.35714285714,12.592857142857,24.42));
#2925 = B_SPLINE_CURVE_WITH_KNOTS('',2,(#2926,#2927,#2928),
  .UNSPECIFIED.,.F.,.F.,(3,3),(0.,1.),.PIECEWISE_BEZIER_KNOTS.);
#2926 = CARTESIAN_POINT('',(-37.95714285714,12.035714285714,24.42));
#2927 = CARTESIAN_POINT('',(-37.96428571428,12.407142857143,24.42));
#2928 = CARTESIAN_POINT('',(-38.35714285714,12.592857142857,24.42));
#2929 = ORIENTED_EDGE('',*,*,#2930,.T.);
#2930 = EDGE_CURVE('',#2923,#2931,#2933,.T.);
#2931 = VERTEX_POINT('',#2932);
#2932 = CARTESIAN_POINT('',(-38.57142857142,12.65,24.42));
#2933 = B_SPLINE_CURVE_WITH_KNOTS('',2,(#2934,#2935,#2936),
  .UNSPECIFIED.,.F.,.F.,(3,3),(0.,1.),.PIECEWISE_BEZIER_KNOTS.);
#2934 = CARTESIAN_POINT('',(-38.35714285714,12.592857142857,24.42));
#2935 = CARTESIAN_POINT('',(-38.48571428571,12.65,24.42));
#2936 = CARTESIAN_POINT('',(-38.57142857142,12.65,24.42));
#2937 = ORIENTED_EDGE('',*,*,#2938,.T.);
#2938 = EDGE_CURVE('',#2931,#2939,#2941,.T.);
#2939 = VERTEX_POINT('',#2940);
#2940 = CARTESIAN_POINT('',(-40.80714285714,12.65,24.42));
#2941 = LINE('',#2942,#2943);
#2942 = CARTESIAN_POINT('',(-38.57142857142,12.65,24.42));
#2943 = VECTOR('',#2944,1.);
#2944 = DIRECTION('',(-1.,2.22044604925E-16,0.));
#2945 = ORIENTED_EDGE('',*,*,#2946,.T.);
#2946 = EDGE_CURVE('',#2939,#2947,#2949,.T.);
#2947 = VERTEX_POINT('',#2948);
#2948 = CARTESIAN_POINT('',(-41.37857142857,12.25,24.42));
#2949 = B_SPLINE_CURVE_WITH_KNOTS('',2,(#2950,#2951,#2952),
  .UNSPECIFIED.,.F.,.F.,(3,3),(0.,1.),.PIECEWISE_BEZIER_KNOTS.);
#2950 = CARTESIAN_POINT('',(-40.80714285714,12.65,24.42));
#2951 = CARTESIAN_POINT('',(-41.19285714285,12.65,24.42));
#2952 = CARTESIAN_POINT('',(-41.37857142857,12.25,24.42));
#2953 = ORIENTED_EDGE('',*,*,#2954,.T.);
#2954 = EDGE_CURVE('',#2947,#2955,#2957,.T.);
#2955 = VERTEX_POINT('',#2956);
#2956 = CARTESIAN_POINT('',(-41.43571428571,12.042857142857,24.42));
#2957 = B_SPLINE_CURVE_WITH_KNOTS('',2,(#2958,#2959,#2960),
  .UNSPECIFIED.,.F.,.F.,(3,3),(0.,1.),.PIECEWISE_BEZIER_KNOTS.);
#2958 = CARTESIAN_POINT('',(-41.37857142857,12.25,24.42));
#2959 = CARTESIAN_POINT('',(-41.43571428571,12.128571428571,24.42));
#2960 = CARTESIAN_POINT('',(-41.43571428571,12.042857142857,24.42));
#2961 = ORIENTED_EDGE('',*,*,#2962,.T.);
#2962 = EDGE_CURVE('',#2955,#2963,#2965,.T.);
#2963 = VERTEX_POINT('',#2964);
#2964 = CARTESIAN_POINT('',(-42.23571428571,12.042857142857,24.42));
#2965 = LINE('',#2966,#2967);
#2966 = CARTESIAN_POINT('',(-41.43571428571,12.042857142857,24.42));
#2967 = VECTOR('',#2968,1.);
#2968 = DIRECTION('',(-1.,2.22044604925E-16,0.));
#2969 = ORIENTED_EDGE('',*,*,#2970,.T.);
#2970 = EDGE_CURVE('',#2963,#2881,#2971,.T.);
#2971 = B_SPLINE_CURVE_WITH_KNOTS('',2,(#2972,#2973,#2974),
  .UNSPECIFIED.,.F.,.F.,(3,3),(0.,1.),.PIECEWISE_BEZIER_KNOTS.);
#2972 = CARTESIAN_POINT('',(-42.23571428571,12.042857142857,24.42));
#2973 = CARTESIAN_POINT('',(-42.23571428571,12.45,24.42));
#2974 = CARTESIAN_POINT('',(-41.94285714285,12.857142857143,24.42));
#2975 = FACE_BOUND('',#2976,.T.);
#2976 = EDGE_LOOP('',(#2977,#2987,#2995,#3003,#3011,#3019,#3027,#3035,
    #3043,#3051,#3059,#3067));
#2977 = ORIENTED_EDGE('',*,*,#2978,.T.);
#2978 = EDGE_CURVE('',#2979,#2981,#2983,.T.);
#2979 = VERTEX_POINT('',#2980);
#2980 = CARTESIAN_POINT('',(-42.09285714285,14.931904761905,24.42));
#2981 = VERTEX_POINT('',#2982);
#2982 = CARTESIAN_POINT('',(-42.2,15.624761904762,24.42));
#2983 = B_SPLINE_CURVE_WITH_KNOTS('',2,(#2984,#2985,#2986),
  .UNSPECIFIED.,.F.,.F.,(3,3),(0.,1.),.PIECEWISE_BEZIER_KNOTS.);
#2984 = CARTESIAN_POINT('',(-42.09285714285,14.931904761905,24.42));
#2985 = CARTESIAN_POINT('',(-42.2,15.253333333333,24.42));
#2986 = CARTESIAN_POINT('',(-42.2,15.624761904762,24.42));
#2987 = ORIENTED_EDGE('',*,*,#2988,.T.);
#2988 = EDGE_CURVE('',#2981,#2989,#2991,.T.);
#2989 = VERTEX_POINT('',#2990);
#2990 = CARTESIAN_POINT('',(-41.40714285714,15.624761904762,24.42));
#2991 = LINE('',#2992,#2993);
#2992 = CARTESIAN_POINT('',(-42.2,15.624761904762,24.42));
#2993 = VECTOR('',#2994,1.);
#2994 = DIRECTION('',(1.,-2.22044604925E-16,0.));
#2995 = ORIENTED_EDGE('',*,*,#2996,.T.);
#2996 = EDGE_CURVE('',#2989,#2997,#2999,.T.);
#2997 = VERTEX_POINT('',#2998);
#2998 = CARTESIAN_POINT('',(-40.80714285714,14.789047619048,24.42));
#2999 = B_SPLINE_CURVE_WITH_KNOTS('',2,(#3000,#3001,#3002),
  .UNSPECIFIED.,.F.,.F.,(3,3),(0.,1.),.PIECEWISE_BEZIER_KNOTS.);
#3000 = CARTESIAN_POINT('',(-41.40714285714,15.624761904762,24.42));
#3001 = CARTESIAN_POINT('',(-41.40714285714,14.803333333333,24.42));
#3002 = CARTESIAN_POINT('',(-40.80714285714,14.789047619048,24.42));
#3003 = ORIENTED_EDGE('',*,*,#3004,.T.);
#3004 = EDGE_CURVE('',#2997,#3005,#3007,.T.);
#3005 = VERTEX_POINT('',#3006);
#3006 = CARTESIAN_POINT('',(-40.79285714285,14.789047619048,24.42));
#3007 = B_SPLINE_CURVE_WITH_KNOTS('',2,(#3008,#3009,#3010),
  .UNSPECIFIED.,.F.,.F.,(3,3),(0.,1.),.PIECEWISE_BEZIER_KNOTS.);
#3008 = CARTESIAN_POINT('',(-40.80714285714,14.789047619048,24.42));
#3009 = CARTESIAN_POINT('',(-40.8,14.789047619048,24.42));
#3010 = CARTESIAN_POINT('',(-40.79285714285,14.789047619048,24.42));
#3011 = ORIENTED_EDGE('',*,*,#3012,.T.);
#3012 = EDGE_CURVE('',#3005,#3013,#3015,.T.);
#3013 = VERTEX_POINT('',#3014);
#3014 = CARTESIAN_POINT('',(-38.60714285714,14.789047619048,24.42));
#3015 = LINE('',#3016,#3017);
#3016 = CARTESIAN_POINT('',(-40.79285714285,14.789047619048,24.42));
#3017 = VECTOR('',#3018,1.);
#3018 = DIRECTION('',(1.,-2.22044604925E-16,0.));
#3019 = ORIENTED_EDGE('',*,*,#3020,.T.);
#3020 = EDGE_CURVE('',#3013,#3021,#3023,.T.);
#3021 = VERTEX_POINT('',#3022);
#3022 = CARTESIAN_POINT('',(-38.04285714285,15.267619047619,24.42));
#3023 = B_SPLINE_CURVE_WITH_KNOTS('',2,(#3024,#3025,#3026),
  .UNSPECIFIED.,.F.,.F.,(3,3),(0.,1.),.PIECEWISE_BEZIER_KNOTS.);
#3024 = CARTESIAN_POINT('',(-38.60714285714,14.789047619048,24.42));
#3025 = CARTESIAN_POINT('',(-38.17857142857,14.789047619048,24.42));
#3026 = CARTESIAN_POINT('',(-38.04285714285,15.267619047619,24.42));
#3027 = ORIENTED_EDGE('',*,*,#3028,.T.);
#3028 = EDGE_CURVE('',#3021,#3029,#3031,.T.);
#3029 = VERTEX_POINT('',#3030);
#3030 = CARTESIAN_POINT('',(-37.99285714285,15.624761904762,24.42));
#3031 = B_SPLINE_CURVE_WITH_KNOTS('',2,(#3032,#3033,#3034),
  .UNSPECIFIED.,.F.,.F.,(3,3),(0.,1.),.PIECEWISE_BEZIER_KNOTS.);
#3032 = CARTESIAN_POINT('',(-38.04285714285,15.267619047619,24.42));
#3033 = CARTESIAN_POINT('',(-37.99285714285,15.431904761905,24.42));
#3034 = CARTESIAN_POINT('',(-37.99285714285,15.624761904762,24.42));
#3035 = ORIENTED_EDGE('',*,*,#3036,.T.);
#3036 = EDGE_CURVE('',#3029,#3037,#3039,.T.);
#3037 = VERTEX_POINT('',#3038);
#3038 = CARTESIAN_POINT('',(-37.2,15.624761904762,24.42));
#3039 = LINE('',#3040,#3041);
#3040 = CARTESIAN_POINT('',(-37.99285714285,15.624761904762,24.42));
#3041 = VECTOR('',#3042,1.);
#3042 = DIRECTION('',(1.,-2.22044604925E-16,0.));
#3043 = ORIENTED_EDGE('',*,*,#3044,.T.);
#3044 = EDGE_CURVE('',#3037,#3045,#3047,.T.);
#3045 = VERTEX_POINT('',#3046);
#3046 = CARTESIAN_POINT('',(-37.8,14.260476190476,24.42));
#3047 = B_SPLINE_CURVE_WITH_KNOTS('',2,(#3048,#3049,#3050),
  .UNSPECIFIED.,.F.,.F.,(3,3),(0.,1.),.PIECEWISE_BEZIER_KNOTS.);
#3048 = CARTESIAN_POINT('',(-37.2,15.624761904762,24.42));
#3049 = CARTESIAN_POINT('',(-37.2,14.710476190476,24.42));
#3050 = CARTESIAN_POINT('',(-37.8,14.260476190476,24.42));
#3051 = ORIENTED_EDGE('',*,*,#3052,.T.);
#3052 = EDGE_CURVE('',#3045,#3053,#3055,.T.);
#3053 = VERTEX_POINT('',#3054);
#3054 = CARTESIAN_POINT('',(-38.60714285714,13.99619047619,24.42));
#3055 = B_SPLINE_CURVE_WITH_KNOTS('',2,(#3056,#3057,#3058),
  .UNSPECIFIED.,.F.,.F.,(3,3),(0.,1.),.PIECEWISE_BEZIER_KNOTS.);
#3056 = CARTESIAN_POINT('',(-37.8,14.260476190476,24.42));
#3057 = CARTESIAN_POINT('',(-38.15714285714,13.99619047619,24.42));
#3058 = CARTESIAN_POINT('',(-38.60714285714,13.99619047619,24.42));
#3059 = ORIENTED_EDGE('',*,*,#3060,.T.);
#3060 = EDGE_CURVE('',#3053,#3061,#3063,.T.);
#3061 = VERTEX_POINT('',#3062);
#3062 = CARTESIAN_POINT('',(-40.79285714285,13.99619047619,24.42));
#3063 = LINE('',#3064,#3065);
#3064 = CARTESIAN_POINT('',(-38.60714285714,13.99619047619,24.42));
#3065 = VECTOR('',#3066,1.);
#3066 = DIRECTION('',(-1.,2.22044604925E-16,0.));
#3067 = ORIENTED_EDGE('',*,*,#3068,.T.);
#3068 = EDGE_CURVE('',#3061,#2979,#3069,.T.);
#3069 = B_SPLINE_CURVE_WITH_KNOTS('',2,(#3070,#3071,#3072),
  .UNSPECIFIED.,.F.,.F.,(3,3),(0.,1.),.PIECEWISE_BEZIER_KNOTS.);
#3070 = CARTESIAN_POINT('',(-40.79285714285,13.99619047619,24.42));
#3071 = CARTESIAN_POINT('',(-41.78571428571,13.99619047619,24.42));
#3072 = CARTESIAN_POINT('',(-42.09285714285,14.931904761905,24.42));
#3073 = FACE_BOUND('',#3074,.T.);
#3074 = EDGE_LOOP('',(#3075,#3085,#3093,#3101));
#3075 = ORIENTED_EDGE('',*,*,#3076,.T.);
#3076 = EDGE_CURVE('',#3077,#3079,#3081,.T.);
#3077 = VERTEX_POINT('',#3078);
#3078 = CARTESIAN_POINT('',(-42.2,15.99619047619,24.42));
#3079 = VERTEX_POINT('',#3080);
#3080 = CARTESIAN_POINT('',(-42.2,16.79619047619,24.42));
#3081 = LINE('',#3082,#3083);
#3082 = CARTESIAN_POINT('',(-42.2,15.99619047619,24.42));
#3083 = VECTOR('',#3084,1.);
#3084 = DIRECTION('',(2.22044604925E-16,1.,0.));
#3085 = ORIENTED_EDGE('',*,*,#3086,.T.);
#3086 = EDGE_CURVE('',#3079,#3087,#3089,.T.);
#3087 = VERTEX_POINT('',#3088);
#3088 = CARTESIAN_POINT('',(-37.2,16.79619047619,24.42));
#3089 = LINE('',#3090,#3091);
#3090 = CARTESIAN_POINT('',(-42.2,16.79619047619,24.42));
#3091 = VECTOR('',#3092,1.);
#3092 = DIRECTION('',(1.,-2.22044604925E-16,0.));
#3093 = ORIENTED_EDGE('',*,*,#3094,.T.);
#3094 = EDGE_CURVE('',#3087,#3095,#3097,.T.);
#3095 = VERTEX_POINT('',#3096);
#3096 = CARTESIAN_POINT('',(-37.2,15.99619047619,24.42));
#3097 = LINE('',#3098,#3099);
#3098 = CARTESIAN_POINT('',(-37.2,16.79619047619,24.42));
#3099 = VECTOR('',#3100,1.);
#3100 = DIRECTION('',(-2.22044604925E-16,-1.,0.));
#3101 = ORIENTED_EDGE('',*,*,#3102,.T.);
#3102 = EDGE_CURVE('',#3095,#3077,#3103,.T.);
#3103 = LINE('',#3104,#3105);
#3104 = CARTESIAN_POINT('',(-37.2,15.99619047619,24.42));
#3105 = VECTOR('',#3106,1.);
#3106 = DIRECTION('',(-1.,2.22044604925E-16,0.));
#3107 = FACE_BOUND('',#3108,.T.);
#3108 = EDGE_LOOP('',(#3109,#3119,#3127,#3135,#3143));
#3109 = ORIENTED_EDGE('',*,*,#3110,.T.);
#3110 = EDGE_CURVE('',#3111,#3113,#3115,.T.);
#3111 = VERTEX_POINT('',#3112);
#3112 = CARTESIAN_POINT('',(-40.47857142857,17.446666666667,24.42));
#3113 = VERTEX_POINT('',#3114);
#3114 = CARTESIAN_POINT('',(-39.28571428571,18.189523809524,24.42));
#3115 = LINE('',#3116,#3117);
#3116 = CARTESIAN_POINT('',(-40.47857142857,17.446666666667,24.42));
#3117 = VECTOR('',#3118,1.);
#3118 = DIRECTION('',(0.848853874434,0.528627562522,0.));
#3119 = ORIENTED_EDGE('',*,*,#3120,.T.);
#3120 = EDGE_CURVE('',#3113,#3121,#3123,.T.);
#3121 = VERTEX_POINT('',#3122);
#3122 = CARTESIAN_POINT('',(-37.2,18.189523809524,24.42));
#3123 = LINE('',#3124,#3125);
#3124 = CARTESIAN_POINT('',(-39.28571428571,18.189523809524,24.42));
#3125 = VECTOR('',#3126,1.);
#3126 = DIRECTION('',(1.,-2.22044604925E-16,0.));
#3127 = ORIENTED_EDGE('',*,*,#3128,.T.);
#3128 = EDGE_CURVE('',#3121,#3129,#3131,.T.);
#3129 = VERTEX_POINT('',#3130);
#3130 = CARTESIAN_POINT('',(-37.2,17.389523809524,24.42));
#3131 = LINE('',#3132,#3133);
#3132 = CARTESIAN_POINT('',(-37.2,18.189523809524,24.42));
#3133 = VECTOR('',#3134,1.);
#3134 = DIRECTION('',(-2.22044604925E-16,-1.,0.));
#3135 = ORIENTED_EDGE('',*,*,#3136,.T.);
#3136 = EDGE_CURVE('',#3129,#3137,#3139,.T.);
#3137 = VERTEX_POINT('',#3138);
#3138 = CARTESIAN_POINT('',(-40.47857142857,17.389523809524,24.42));
#3139 = LINE('',#3140,#3141);
#3140 = CARTESIAN_POINT('',(-37.2,17.389523809524,24.42));
#3141 = VECTOR('',#3142,1.);
#3142 = DIRECTION('',(-1.,2.22044604925E-16,0.));
#3143 = ORIENTED_EDGE('',*,*,#3144,.T.);
#3144 = EDGE_CURVE('',#3137,#3111,#3145,.T.);
#3145 = LINE('',#3146,#3147);
#3146 = CARTESIAN_POINT('',(-40.47857142857,17.389523809524,24.42));
#3147 = VECTOR('',#3148,1.);
#3148 = DIRECTION('',(2.22044604925E-16,1.,0.));
#3149 = FACE_BOUND('',#3150,.T.);
#3150 = EDGE_LOOP('',(#3151,#3161,#3169,#3177,#3185,#3193));
#3151 = ORIENTED_EDGE('',*,*,#3152,.T.);
#3152 = EDGE_CURVE('',#3153,#3155,#3157,.T.);
#3153 = VERTEX_POINT('',#3154);
#3154 = CARTESIAN_POINT('',(-42.2,17.775238095238,24.42));
#3155 = VERTEX_POINT('',#3156);
#3156 = CARTESIAN_POINT('',(-37.71428571428,20.568095238095,24.42));
#3157 = LINE('',#3158,#3159);
#3158 = CARTESIAN_POINT('',(-42.2,17.775238095238,24.42));
#3159 = VECTOR('',#3160,1.);
#3160 = DIRECTION('',(0.848908352634,0.528540073057,0.));
#3161 = ORIENTED_EDGE('',*,*,#3162,.T.);
#3162 = EDGE_CURVE('',#3155,#3163,#3165,.T.);
#3163 = VERTEX_POINT('',#3164);
#3164 = CARTESIAN_POINT('',(-37.2,20.568095238095,24.42));
#3165 = LINE('',#3166,#3167);
#3166 = CARTESIAN_POINT('',(-37.71428571428,20.568095238095,24.42));
#3167 = VECTOR('',#3168,1.);
#3168 = DIRECTION('',(1.,-2.22044604925E-16,0.));
#3169 = ORIENTED_EDGE('',*,*,#3170,.T.);
#3170 = EDGE_CURVE('',#3163,#3171,#3173,.T.);
#3171 = VERTEX_POINT('',#3172);
#3172 = CARTESIAN_POINT('',(-37.2,19.90380952381,24.42));
#3173 = LINE('',#3174,#3175);
#3174 = CARTESIAN_POINT('',(-37.2,20.568095238095,24.42));
#3175 = VECTOR('',#3176,1.);
#3176 = DIRECTION('',(-2.22044604925E-16,-1.,0.));
#3177 = ORIENTED_EDGE('',*,*,#3178,.T.);
#3178 = EDGE_CURVE('',#3171,#3179,#3181,.T.);
#3179 = VERTEX_POINT('',#3180);
#3180 = CARTESIAN_POINT('',(-41.23571428571,17.389523809524,24.42));
#3181 = LINE('',#3182,#3183);
#3182 = CARTESIAN_POINT('',(-37.2,19.90380952381,24.42));
#3183 = VECTOR('',#3184,1.);
#3184 = DIRECTION('',(-0.848756985023,-0.528783112793,0.));
#3185 = ORIENTED_EDGE('',*,*,#3186,.T.);
#3186 = EDGE_CURVE('',#3179,#3187,#3189,.T.);
#3187 = VERTEX_POINT('',#3188);
#3188 = CARTESIAN_POINT('',(-42.2,17.389523809524,24.42));
#3189 = LINE('',#3190,#3191);
#3190 = CARTESIAN_POINT('',(-41.23571428571,17.389523809524,24.42));
#3191 = VECTOR('',#3192,1.);
#3192 = DIRECTION('',(-1.,2.22044604925E-16,0.));
#3193 = ORIENTED_EDGE('',*,*,#3194,.T.);
#3194 = EDGE_CURVE('',#3187,#3153,#3195,.T.);
#3195 = LINE('',#3196,#3197);
#3196 = CARTESIAN_POINT('',(-42.2,17.389523809524,24.42));
#3197 = VECTOR('',#3198,1.);
#3198 = DIRECTION('',(2.22044604925E-16,1.,0.));
#3199 = FACE_BOUND('',#3200,.T.);
#3200 = EDGE_LOOP('',(#3201,#3211,#3219,#3227,#3235));
#3201 = ORIENTED_EDGE('',*,*,#3202,.T.);
#3202 = EDGE_CURVE('',#3203,#3205,#3207,.T.);
#3203 = VERTEX_POINT('',#3204);
#3204 = CARTESIAN_POINT('',(-42.2,19.768095238095,24.42));
#3205 = VERTEX_POINT('',#3206);
#3206 = CARTESIAN_POINT('',(-42.2,20.568095238095,24.42));
#3207 = LINE('',#3208,#3209);
#3208 = CARTESIAN_POINT('',(-42.2,19.768095238095,24.42));
#3209 = VECTOR('',#3210,1.);
#3210 = DIRECTION('',(2.22044604925E-16,1.,0.));
#3211 = ORIENTED_EDGE('',*,*,#3212,.T.);
#3212 = EDGE_CURVE('',#3205,#3213,#3215,.T.);
#3213 = VERTEX_POINT('',#3214);
#3214 = CARTESIAN_POINT('',(-38.47142857142,20.568095238095,24.42));
#3215 = LINE('',#3216,#3217);
#3216 = CARTESIAN_POINT('',(-42.2,20.568095238095,24.42));
#3217 = VECTOR('',#3218,1.);
#3218 = DIRECTION('',(1.,-2.22044604925E-16,0.));
#3219 = ORIENTED_EDGE('',*,*,#3220,.T.);
#3220 = EDGE_CURVE('',#3213,#3221,#3223,.T.);
#3221 = VERTEX_POINT('',#3222);
#3222 = CARTESIAN_POINT('',(-38.47142857142,20.510952380952,24.42));
#3223 = LINE('',#3224,#3225);
#3224 = CARTESIAN_POINT('',(-38.47142857142,20.568095238095,24.42));
#3225 = VECTOR('',#3226,1.);
#3226 = DIRECTION('',(-2.22044604925E-16,-1.,0.));
#3227 = ORIENTED_EDGE('',*,*,#3228,.T.);
#3228 = EDGE_CURVE('',#3221,#3229,#3231,.T.);
#3229 = VERTEX_POINT('',#3230);
#3230 = CARTESIAN_POINT('',(-39.66428571428,19.768095238095,24.42));
#3231 = LINE('',#3232,#3233);
#3232 = CARTESIAN_POINT('',(-38.47142857142,20.510952380952,24.42));
#3233 = VECTOR('',#3234,1.);
#3234 = DIRECTION('',(-0.848853874434,-0.528627562522,0.));
#3235 = ORIENTED_EDGE('',*,*,#3236,.T.);
#3236 = EDGE_CURVE('',#3229,#3203,#3237,.T.);
#3237 = LINE('',#3238,#3239);
#3238 = CARTESIAN_POINT('',(-39.66428571428,19.768095238095,24.42));
#3239 = VECTOR('',#3240,1.);
#3240 = DIRECTION('',(-1.,2.22044604925E-16,0.));
#3241 = FACE_BOUND('',#3242,.T.);
#3242 = EDGE_LOOP('',(#3243,#3253,#3261,#3269));
#3243 = ORIENTED_EDGE('',*,*,#3244,.T.);
#3244 = EDGE_CURVE('',#3245,#3247,#3249,.T.);
#3245 = VERTEX_POINT('',#3246);
#3246 = CARTESIAN_POINT('',(-42.2,21.17,24.42));
#3247 = VERTEX_POINT('',#3248);
#3248 = CARTESIAN_POINT('',(-42.2,21.97,24.42));
#3249 = LINE('',#3250,#3251);
#3250 = CARTESIAN_POINT('',(-42.2,21.17,24.42));
#3251 = VECTOR('',#3252,1.);
#3252 = DIRECTION('',(2.22044604925E-16,1.,0.));
#3253 = ORIENTED_EDGE('',*,*,#3254,.T.);
#3254 = EDGE_CURVE('',#3247,#3255,#3257,.T.);
#3255 = VERTEX_POINT('',#3256);
#3256 = CARTESIAN_POINT('',(-37.2,21.97,24.42));
#3257 = LINE('',#3258,#3259);
#3258 = CARTESIAN_POINT('',(-42.2,21.97,24.42));
#3259 = VECTOR('',#3260,1.);
#3260 = DIRECTION('',(1.,-2.22044604925E-16,0.));
#3261 = ORIENTED_EDGE('',*,*,#3262,.T.);
#3262 = EDGE_CURVE('',#3255,#3263,#3265,.T.);
#3263 = VERTEX_POINT('',#3264);
#3264 = CARTESIAN_POINT('',(-37.2,21.17,24.42));
#3265 = LINE('',#3266,#3267);
#3266 = CARTESIAN_POINT('',(-37.2,21.97,24.42));
#3267 = VECTOR('',#3268,1.);
#3268 = DIRECTION('',(-2.22044604925E-16,-1.,0.));
#3269 = ORIENTED_EDGE('',*,*,#3270,.T.);
#3270 = EDGE_CURVE('',#3263,#3245,#3271,.T.);
#3271 = LINE('',#3272,#3273);
#3272 = CARTESIAN_POINT('',(-37.2,21.17,24.42));
#3273 = VECTOR('',#3274,1.);
#3274 = DIRECTION('',(-1.,2.22044604925E-16,0.));
#3275 = PLANE('',#3276);
#3276 = AXIS2_PLACEMENT_3D('',#3277,#3278,#3279);
#3277 = CARTESIAN_POINT('',(0.511045611967,-1.351115614177,24.42));
#3278 = DIRECTION('',(0.,0.,1.));
#3279 = DIRECTION('',(1.,0.,0.));
#3280 = ADVANCED_FACE('',(#3281,#3307),#3341,.T.);
#3281 = FACE_BOUND('',#3282,.T.);
#3282 = EDGE_LOOP('',(#3283,#3293,#3299,#3300,#3301));
#3283 = ORIENTED_EDGE('',*,*,#3284,.T.);
#3284 = EDGE_CURVE('',#3285,#3287,#3289,.T.);
#3285 = VERTEX_POINT('',#3286);
#3286 = CARTESIAN_POINT('',(45.4,-28.4,11.7));
#3287 = VERTEX_POINT('',#3288);
#3288 = CARTESIAN_POINT('',(45.4,-28.4,14.62));
#3289 = LINE('',#3290,#3291);
#3290 = CARTESIAN_POINT('',(45.4,-28.4,11.4));
#3291 = VECTOR('',#3292,1.);
#3292 = DIRECTION('',(0.,0.,1.));
#3293 = ORIENTED_EDGE('',*,*,#3294,.T.);
#3294 = EDGE_CURVE('',#3287,#463,#3295,.T.);
#3295 = LINE('',#3296,#3297);
#3296 = CARTESIAN_POINT('',(45.4,-28.4,14.62));
#3297 = VECTOR('',#3298,1.);
#3298 = DIRECTION('',(0.,1.,0.));
#3299 = ORIENTED_EDGE('',*,*,#470,.T.);
#3300 = ORIENTED_EDGE('',*,*,#541,.F.);
#3301 = ORIENTED_EDGE('',*,*,#3302,.F.);
#3302 = EDGE_CURVE('',#3285,#533,#3303,.T.);
#3303 = LINE('',#3304,#3305);
#3304 = CARTESIAN_POINT('',(45.4,-28.4,11.7));
#3305 = VECTOR('',#3306,1.);
#3306 = DIRECTION('',(0.,1.,0.));
#3307 = FACE_BOUND('',#3308,.T.);
#3308 = EDGE_LOOP('',(#3309,#3319,#3327,#3335));
#3309 = ORIENTED_EDGE('',*,*,#3310,.F.);
#3310 = EDGE_CURVE('',#3311,#3313,#3315,.T.);
#3311 = VERTEX_POINT('',#3312);
#3312 = CARTESIAN_POINT('',(45.4,-20.37,12.33));
#3313 = VERTEX_POINT('',#3314);
#3314 = CARTESIAN_POINT('',(45.4,-25.1,12.33));
#3315 = LINE('',#3316,#3317);
#3316 = CARTESIAN_POINT('',(45.4,20.3,12.33));
#3317 = VECTOR('',#3318,1.);
#3318 = DIRECTION('',(0.,-1.,0.));
#3319 = ORIENTED_EDGE('',*,*,#3320,.T.);
#3320 = EDGE_CURVE('',#3311,#3321,#3323,.T.);
#3321 = VERTEX_POINT('',#3322);
#3322 = CARTESIAN_POINT('',(45.4,-20.37,13.63));
#3323 = LINE('',#3324,#3325);
#3324 = CARTESIAN_POINT('',(45.4,-20.37,12.33));
#3325 = VECTOR('',#3326,1.);
#3326 = DIRECTION('',(0.,0.,1.));
#3327 = ORIENTED_EDGE('',*,*,#3328,.F.);
#3328 = EDGE_CURVE('',#3329,#3321,#3331,.T.);
#3329 = VERTEX_POINT('',#3330);
#3330 = CARTESIAN_POINT('',(45.4,-25.1,13.63));
#3331 = LINE('',#3332,#3333);
#3332 = CARTESIAN_POINT('',(45.4,-25.1,13.63));
#3333 = VECTOR('',#3334,1.);
#3334 = DIRECTION('',(0.,1.,0.));
#3335 = ORIENTED_EDGE('',*,*,#3336,.F.);
#3336 = EDGE_CURVE('',#3313,#3329,#3337,.T.);
#3337 = LINE('',#3338,#3339);
#3338 = CARTESIAN_POINT('',(45.4,-25.1,12.33));
#3339 = VECTOR('',#3340,1.);
#3340 = DIRECTION('',(0.,0.,1.));
#3341 = PLANE('',#3342);
#3342 = AXIS2_PLACEMENT_3D('',#3343,#3344,#3345);
#3343 = CARTESIAN_POINT('',(45.4,-23.37638247141,13.012649898298));
#3344 = DIRECTION('',(-1.,-0.,-0.));
#3345 = DIRECTION('',(0.,0.,-1.));
#3346 = ADVANCED_FACE('',(#3347),#3406,.F.);
#3347 = FACE_BOUND('',#3348,.F.);
#3348 = EDGE_LOOP('',(#3349,#3350,#3351,#3359,#3365,#3366,#3367,#3375,
    #3383,#3391,#3399,#3405));
#3349 = ORIENTED_EDGE('',*,*,#655,.T.);
#3350 = ORIENTED_EDGE('',*,*,#1057,.T.);
#3351 = ORIENTED_EDGE('',*,*,#3352,.T.);
#3352 = EDGE_CURVE('',#1058,#3353,#3355,.T.);
#3353 = VERTEX_POINT('',#3354);
#3354 = CARTESIAN_POINT('',(-45.8,-28.4,14.62));
#3355 = LINE('',#3356,#3357);
#3356 = CARTESIAN_POINT('',(-45.8,25.6,14.62));
#3357 = VECTOR('',#3358,1.);
#3358 = DIRECTION('',(0.,-1.,0.));
#3359 = ORIENTED_EDGE('',*,*,#3360,.T.);
#3360 = EDGE_CURVE('',#3353,#3287,#3361,.T.);
#3361 = LINE('',#3362,#3363);
#3362 = CARTESIAN_POINT('',(-45.8,-28.4,14.62));
#3363 = VECTOR('',#3364,1.);
#3364 = DIRECTION('',(1.,0.,0.));
#3365 = ORIENTED_EDGE('',*,*,#3294,.T.);
#3366 = ORIENTED_EDGE('',*,*,#462,.F.);
#3367 = ORIENTED_EDGE('',*,*,#3368,.F.);
#3368 = EDGE_CURVE('',#3369,#454,#3371,.T.);
#3369 = VERTEX_POINT('',#3370);
#3370 = CARTESIAN_POINT('',(44.3,-27.3,14.62));
#3371 = LINE('',#3372,#3373);
#3372 = CARTESIAN_POINT('',(44.3,-27.3,14.62));
#3373 = VECTOR('',#3374,1.);
#3374 = DIRECTION('',(0.,1.,0.));
#3375 = ORIENTED_EDGE('',*,*,#3376,.F.);
#3376 = EDGE_CURVE('',#3377,#3369,#3379,.T.);
#3377 = VERTEX_POINT('',#3378);
#3378 = CARTESIAN_POINT('',(-44.7,-27.3,14.62));
#3379 = LINE('',#3380,#3381);
#3380 = CARTESIAN_POINT('',(-44.7,-27.3,14.62));
#3381 = VECTOR('',#3382,1.);
#3382 = DIRECTION('',(1.,0.,0.));
#3383 = ORIENTED_EDGE('',*,*,#3384,.F.);
#3384 = EDGE_CURVE('',#3385,#3377,#3387,.T.);
#3385 = VERTEX_POINT('',#3386);
#3386 = CARTESIAN_POINT('',(-44.7,24.5,14.62));
#3387 = LINE('',#3388,#3389);
#3388 = CARTESIAN_POINT('',(-44.7,24.5,14.62));
#3389 = VECTOR('',#3390,1.);
#3390 = DIRECTION('',(0.,-1.,0.));
#3391 = ORIENTED_EDGE('',*,*,#3392,.F.);
#3392 = EDGE_CURVE('',#3393,#3385,#3395,.T.);
#3393 = VERTEX_POINT('',#3394);
#3394 = CARTESIAN_POINT('',(44.3,24.5,14.62));
#3395 = LINE('',#3396,#3397);
#3396 = CARTESIAN_POINT('',(44.3,24.5,14.62));
#3397 = VECTOR('',#3398,1.);
#3398 = DIRECTION('',(-1.,0.,0.));
#3399 = ORIENTED_EDGE('',*,*,#3400,.F.);
#3400 = EDGE_CURVE('',#446,#3393,#3401,.T.);
#3401 = LINE('',#3402,#3403);
#3402 = CARTESIAN_POINT('',(44.3,-27.3,14.62));
#3403 = VECTOR('',#3404,1.);
#3404 = DIRECTION('',(0.,1.,0.));
#3405 = ORIENTED_EDGE('',*,*,#445,.T.);
#3406 = PLANE('',#3407);
#3407 = AXIS2_PLACEMENT_3D('',#3408,#3409,#3410);
#3408 = CARTESIAN_POINT('',(-0.2,-1.4,14.62));
#3409 = DIRECTION('',(0.,0.,1.));
#3410 = DIRECTION('',(1.,0.,0.));
#3411 = ADVANCED_FACE('',(#3412),#3439,.T.);
#3412 = FACE_BOUND('',#3413,.T.);
#3413 = EDGE_LOOP('',(#3414,#3415,#3423,#3431,#3437,#3438));
#3414 = ORIENTED_EDGE('',*,*,#3368,.F.);
#3415 = ORIENTED_EDGE('',*,*,#3416,.T.);
#3416 = EDGE_CURVE('',#3369,#3417,#3419,.T.);
#3417 = VERTEX_POINT('',#3418);
#3418 = CARTESIAN_POINT('',(44.3,-27.3,22.22));
#3419 = LINE('',#3420,#3421);
#3420 = CARTESIAN_POINT('',(44.3,-27.3,14.62));
#3421 = VECTOR('',#3422,1.);
#3422 = DIRECTION('',(0.,0.,1.));
#3423 = ORIENTED_EDGE('',*,*,#3424,.T.);
#3424 = EDGE_CURVE('',#3417,#3425,#3427,.T.);
#3425 = VERTEX_POINT('',#3426);
#3426 = CARTESIAN_POINT('',(44.3,24.5,22.22));
#3427 = LINE('',#3428,#3429);
#3428 = CARTESIAN_POINT('',(44.3,-27.3,22.22));
#3429 = VECTOR('',#3430,1.);
#3430 = DIRECTION('',(0.,1.,0.));
#3431 = ORIENTED_EDGE('',*,*,#3432,.F.);
#3432 = EDGE_CURVE('',#3393,#3425,#3433,.T.);
#3433 = LINE('',#3434,#3435);
#3434 = CARTESIAN_POINT('',(44.3,24.5,14.62));
#3435 = VECTOR('',#3436,1.);
#3436 = DIRECTION('',(0.,0.,1.));
#3437 = ORIENTED_EDGE('',*,*,#3400,.F.);
#3438 = ORIENTED_EDGE('',*,*,#453,.T.);
#3439 = PLANE('',#3440);
#3440 = AXIS2_PLACEMENT_3D('',#3441,#3442,#3443);
#3441 = CARTESIAN_POINT('',(44.3,-27.3,14.62));
#3442 = DIRECTION('',(-1.,0.,0.));
#3443 = DIRECTION('',(0.,1.,0.));
#3444 = ADVANCED_FACE('',(#3445,#3463,#3474),#3544,.T.);
#3445 = FACE_BOUND('',#3446,.T.);
#3446 = EDGE_LOOP('',(#3447,#3448,#3449,#3457));
#3447 = ORIENTED_EDGE('',*,*,#582,.T.);
#3448 = ORIENTED_EDGE('',*,*,#510,.T.);
#3449 = ORIENTED_EDGE('',*,*,#3450,.F.);
#3450 = EDGE_CURVE('',#3451,#503,#3453,.T.);
#3451 = VERTEX_POINT('',#3452);
#3452 = CARTESIAN_POINT('',(-45.7,-29.8,22.92));
#3453 = LINE('',#3454,#3455);
#3454 = CARTESIAN_POINT('',(-47.2,-29.8,22.92));
#3455 = VECTOR('',#3456,1.);
#3456 = DIRECTION('',(1.,0.,0.));
#3457 = ORIENTED_EDGE('',*,*,#3458,.F.);
#3458 = EDGE_CURVE('',#575,#3451,#3459,.T.);
#3459 = LINE('',#3460,#3461);
#3460 = CARTESIAN_POINT('',(-45.7,-29.8,11.4));
#3461 = VECTOR('',#3462,1.);
#3462 = DIRECTION('',(0.,0.,1.));
#3463 = FACE_BOUND('',#3464,.T.);
#3464 = EDGE_LOOP('',(#3465));
#3465 = ORIENTED_EDGE('',*,*,#3466,.F.);
#3466 = EDGE_CURVE('',#3467,#3467,#3469,.T.);
#3467 = VERTEX_POINT('',#3468);
#3468 = CARTESIAN_POINT('',(6.89027,-29.8,17.15784));
#3469 = CIRCLE('',#3470,0.5);
#3470 = AXIS2_PLACEMENT_3D('',#3471,#3472,#3473);
#3471 = CARTESIAN_POINT('',(6.39027,-29.8,17.15784));
#3472 = DIRECTION('',(0.,-1.,2.22044604925E-16));
#3473 = DIRECTION('',(1.,0.,0.));
#3474 = FACE_BOUND('',#3475,.T.);
#3475 = EDGE_LOOP('',(#3476,#3486,#3495,#3503,#3512,#3520,#3529,#3537));
#3476 = ORIENTED_EDGE('',*,*,#3477,.F.);
#3477 = EDGE_CURVE('',#3478,#3480,#3482,.T.);
#3478 = VERTEX_POINT('',#3479);
#3479 = CARTESIAN_POINT('',(21.102553,-29.8,13.180635));
#3480 = VERTEX_POINT('',#3481);
#3481 = CARTESIAN_POINT('',(21.102553,-29.8,12.718276));
#3482 = LINE('',#3483,#3484);
#3483 = CARTESIAN_POINT('',(21.102553,-29.8,13.180635));
#3484 = VECTOR('',#3485,1.);
#3485 = DIRECTION('',(0.,-2.22044604925E-16,-1.));
#3486 = ORIENTED_EDGE('',*,*,#3487,.F.);
#3487 = EDGE_CURVE('',#3488,#3478,#3490,.T.);
#3488 = VERTEX_POINT('',#3489);
#3489 = CARTESIAN_POINT('',(21.609252,-29.8,13.687334));
#3490 = CIRCLE('',#3491,0.506699);
#3491 = AXIS2_PLACEMENT_3D('',#3492,#3493,#3494);
#3492 = CARTESIAN_POINT('',(21.609252,-29.8,13.180635));
#3493 = DIRECTION('',(0.,-1.,2.22044604925E-16));
#3494 = DIRECTION('',(1.,0.,0.));
#3495 = ORIENTED_EDGE('',*,*,#3496,.F.);
#3496 = EDGE_CURVE('',#3497,#3488,#3499,.T.);
#3497 = VERTEX_POINT('',#3498);
#3498 = CARTESIAN_POINT('',(32.955333,-29.8,13.687334));
#3499 = LINE('',#3500,#3501);
#3500 = CARTESIAN_POINT('',(32.955333,-29.8,13.687334));
#3501 = VECTOR('',#3502,1.);
#3502 = DIRECTION('',(-1.,0.,0.));
#3503 = ORIENTED_EDGE('',*,*,#3504,.F.);
#3504 = EDGE_CURVE('',#3505,#3497,#3507,.T.);
#3505 = VERTEX_POINT('',#3506);
#3506 = CARTESIAN_POINT('',(33.462032,-29.8,13.180635));
#3507 = CIRCLE('',#3508,0.506699);
#3508 = AXIS2_PLACEMENT_3D('',#3509,#3510,#3511);
#3509 = CARTESIAN_POINT('',(32.955333,-29.8,13.180635));
#3510 = DIRECTION('',(0.,-1.,2.22044604925E-16));
#3511 = DIRECTION('',(1.,0.,0.));
#3512 = ORIENTED_EDGE('',*,*,#3513,.F.);
#3513 = EDGE_CURVE('',#3514,#3505,#3516,.T.);
#3514 = VERTEX_POINT('',#3515);
#3515 = CARTESIAN_POINT('',(33.462032,-29.8,12.718276));
#3516 = LINE('',#3517,#3518);
#3517 = CARTESIAN_POINT('',(33.462032,-29.8,12.718276));
#3518 = VECTOR('',#3519,1.);
#3519 = DIRECTION('',(0.,2.22044604925E-16,1.));
#3520 = ORIENTED_EDGE('',*,*,#3521,.F.);
#3521 = EDGE_CURVE('',#3522,#3514,#3524,.T.);
#3522 = VERTEX_POINT('',#3523);
#3523 = CARTESIAN_POINT('',(32.955333,-29.8,12.211577));
#3524 = CIRCLE('',#3525,0.506699);
#3525 = AXIS2_PLACEMENT_3D('',#3526,#3527,#3528);
#3526 = CARTESIAN_POINT('',(32.955333,-29.8,12.718276));
#3527 = DIRECTION('',(0.,-1.,2.22044604925E-16));
#3528 = DIRECTION('',(1.,0.,0.));
#3529 = ORIENTED_EDGE('',*,*,#3530,.F.);
#3530 = EDGE_CURVE('',#3531,#3522,#3533,.T.);
#3531 = VERTEX_POINT('',#3532);
#3532 = CARTESIAN_POINT('',(21.609252,-29.8,12.211577));
#3533 = LINE('',#3534,#3535);
#3534 = CARTESIAN_POINT('',(21.609252,-29.8,12.211577));
#3535 = VECTOR('',#3536,1.);
#3536 = DIRECTION('',(1.,0.,0.));
#3537 = ORIENTED_EDGE('',*,*,#3538,.F.);
#3538 = EDGE_CURVE('',#3480,#3531,#3539,.T.);
#3539 = CIRCLE('',#3540,0.506699);
#3540 = AXIS2_PLACEMENT_3D('',#3541,#3542,#3543);
#3541 = CARTESIAN_POINT('',(21.609252,-29.8,12.718276));
#3542 = DIRECTION('',(0.,-1.,2.22044604925E-16));
#3543 = DIRECTION('',(1.,0.,0.));
#3544 = PLANE('',#3545);
#3545 = AXIS2_PLACEMENT_3D('',#3546,#3547,#3548);
#3546 = CARTESIAN_POINT('',(-0.2,-29.8,17.91));
#3547 = DIRECTION('',(-0.,-1.,-0.));
#3548 = DIRECTION('',(0.,0.,-1.));
#3549 = ADVANCED_FACE('',(#3550),#3562,.T.);
#3550 = FACE_BOUND('',#3551,.F.);
#3551 = EDGE_LOOP('',(#3552,#3559,#3560,#3561));
#3552 = ORIENTED_EDGE('',*,*,#3553,.T.);
#3553 = EDGE_CURVE('',#3285,#592,#3554,.T.);
#3554 = ELLIPSE('',#3555,0.424264068712,0.3);
#3555 = AXIS2_PLACEMENT_3D('',#3556,#3557,#3558);
#3556 = CARTESIAN_POINT('',(45.7,-28.7,11.7));
#3557 = DIRECTION('',(-0.707106781187,-0.707106781187,0.));
#3558 = DIRECTION('',(0.707106781187,-0.707106781187,0.));
#3559 = ORIENTED_EDGE('',*,*,#591,.T.);
#3560 = ORIENTED_EDGE('',*,*,#532,.F.);
#3561 = ORIENTED_EDGE('',*,*,#3302,.F.);
#3562 = CYLINDRICAL_SURFACE('',#3563,0.3);
#3563 = AXIS2_PLACEMENT_3D('',#3564,#3565,#3566);
#3564 = CARTESIAN_POINT('',(45.7,-28.4,11.7));
#3565 = DIRECTION('',(0.,1.,0.));
#3566 = DIRECTION('',(-1.,0.,0.));
#3567 = ADVANCED_FACE('',(#3568),#3586,.T.);
#3568 = FACE_BOUND('',#3569,.T.);
#3569 = EDGE_LOOP('',(#3570,#3571,#3579,#3585));
#3570 = ORIENTED_EDGE('',*,*,#566,.T.);
#3571 = ORIENTED_EDGE('',*,*,#3572,.T.);
#3572 = EDGE_CURVE('',#567,#3573,#3575,.T.);
#3573 = VERTEX_POINT('',#3574);
#3574 = CARTESIAN_POINT('',(-47.2,-28.3,22.92));
#3575 = LINE('',#3576,#3577);
#3576 = CARTESIAN_POINT('',(-47.2,-28.3,11.4));
#3577 = VECTOR('',#3578,1.);
#3578 = DIRECTION('',(0.,0.,1.));
#3579 = ORIENTED_EDGE('',*,*,#3580,.F.);
#3580 = EDGE_CURVE('',#763,#3573,#3581,.T.);
#3581 = LINE('',#3582,#3583);
#3582 = CARTESIAN_POINT('',(-47.2,27.,22.92));
#3583 = VECTOR('',#3584,1.);
#3584 = DIRECTION('',(0.,-1.,0.));
#3585 = ORIENTED_EDGE('',*,*,#770,.F.);
#3586 = PLANE('',#3587);
#3587 = AXIS2_PLACEMENT_3D('',#3588,#3589,#3590);
#3588 = CARTESIAN_POINT('',(-47.2,-1.4,17.91));
#3589 = DIRECTION('',(-1.,-0.,-0.));
#3590 = DIRECTION('',(0.,0.,-1.));
#3591 = ADVANCED_FACE('',(#3592),#3604,.T.);
#3592 = FACE_BOUND('',#3593,.F.);
#3593 = EDGE_LOOP('',(#3594,#3595,#3596,#3603));
#3594 = ORIENTED_EDGE('',*,*,#891,.T.);
#3595 = ORIENTED_EDGE('',*,*,#615,.T.);
#3596 = ORIENTED_EDGE('',*,*,#3597,.F.);
#3597 = EDGE_CURVE('',#1066,#608,#3598,.T.);
#3598 = ELLIPSE('',#3599,0.424264068712,0.3);
#3599 = AXIS2_PLACEMENT_3D('',#3600,#3601,#3602);
#3600 = CARTESIAN_POINT('',(-46.1,25.9,11.7));
#3601 = DIRECTION('',(0.707106781187,0.707106781187,-0.));
#3602 = DIRECTION('',(-0.707106781187,0.707106781187,0.));
#3603 = ORIENTED_EDGE('',*,*,#1073,.F.);
#3604 = CYLINDRICAL_SURFACE('',#3605,0.3);
#3605 = AXIS2_PLACEMENT_3D('',#3606,#3607,#3608);
#3606 = CARTESIAN_POINT('',(-25.4,25.9,11.7));
#3607 = DIRECTION('',(-1.,0.,0.));
#3608 = DIRECTION('',(0.,-1.,0.));
#3609 = ADVANCED_FACE('',(#3610),#3621,.T.);
#3610 = FACE_BOUND('',#3611,.T.);
#3611 = EDGE_LOOP('',(#3612,#3613,#3614,#3620));
#3612 = ORIENTED_EDGE('',*,*,#574,.F.);
#3613 = ORIENTED_EDGE('',*,*,#3458,.T.);
#3614 = ORIENTED_EDGE('',*,*,#3615,.T.);
#3615 = EDGE_CURVE('',#3451,#3573,#3616,.T.);
#3616 = LINE('',#3617,#3618);
#3617 = CARTESIAN_POINT('',(-46.075,-29.425,22.92));
#3618 = VECTOR('',#3619,1.);
#3619 = DIRECTION('',(-0.707106781187,0.707106781187,1.634518283426E-15)
  );
#3620 = ORIENTED_EDGE('',*,*,#3572,.F.);
#3621 = PLANE('',#3622);
#3622 = AXIS2_PLACEMENT_3D('',#3623,#3624,#3625);
#3623 = CARTESIAN_POINT('',(-46.45,-29.05,11.4));
#3624 = DIRECTION('',(-0.707106781187,-0.707106781187,0.));
#3625 = DIRECTION('',(0.,0.,1.));
#3626 = ADVANCED_FACE('',(#3627),#3646,.T.);
#3627 = FACE_BOUND('',#3628,.F.);
#3628 = EDGE_LOOP('',(#3629,#3630,#3631,#3640));
#3629 = ORIENTED_EDGE('',*,*,#3597,.T.);
#3630 = ORIENTED_EDGE('',*,*,#607,.T.);
#3631 = ORIENTED_EDGE('',*,*,#3632,.F.);
#3632 = EDGE_CURVE('',#3633,#600,#3635,.T.);
#3633 = VERTEX_POINT('',#3634);
#3634 = CARTESIAN_POINT('',(-45.8,-28.4,11.7));
#3635 = ELLIPSE('',#3636,0.424264068712,0.3);
#3636 = AXIS2_PLACEMENT_3D('',#3637,#3638,#3639);
#3637 = CARTESIAN_POINT('',(-46.1,-28.7,11.7));
#3638 = DIRECTION('',(-0.707106781187,0.707106781187,0.));
#3639 = DIRECTION('',(0.707106781187,0.707106781187,0.));
#3640 = ORIENTED_EDGE('',*,*,#3641,.F.);
#3641 = EDGE_CURVE('',#1066,#3633,#3642,.T.);
#3642 = LINE('',#3643,#3644);
#3643 = CARTESIAN_POINT('',(-45.8,25.6,11.7));
#3644 = VECTOR('',#3645,1.);
#3645 = DIRECTION('',(0.,-1.,0.));
#3646 = CYLINDRICAL_SURFACE('',#3647,0.3);
#3647 = AXIS2_PLACEMENT_3D('',#3648,#3649,#3650);
#3648 = CARTESIAN_POINT('',(-46.1,25.6,11.7));
#3649 = DIRECTION('',(0.,-1.,0.));
#3650 = DIRECTION('',(1.,0.,0.));
#3651 = ADVANCED_FACE('',(#3652),#3663,.T.);
#3652 = FACE_BOUND('',#3653,.F.);
#3653 = EDGE_LOOP('',(#3654,#3655,#3656,#3657));
#3654 = ORIENTED_EDGE('',*,*,#3632,.T.);
#3655 = ORIENTED_EDGE('',*,*,#599,.T.);
#3656 = ORIENTED_EDGE('',*,*,#3553,.F.);
#3657 = ORIENTED_EDGE('',*,*,#3658,.F.);
#3658 = EDGE_CURVE('',#3633,#3285,#3659,.T.);
#3659 = LINE('',#3660,#3661);
#3660 = CARTESIAN_POINT('',(-45.8,-28.4,11.7));
#3661 = VECTOR('',#3662,1.);
#3662 = DIRECTION('',(1.,0.,0.));
#3663 = CYLINDRICAL_SURFACE('',#3664,0.3);
#3664 = AXIS2_PLACEMENT_3D('',#3665,#3666,#3667);
#3665 = CARTESIAN_POINT('',(-45.8,-28.7,11.7));
#3666 = DIRECTION('',(1.,0.,0.));
#3667 = DIRECTION('',(0.,1.,0.));
#3668 = ADVANCED_FACE('',(#3669),#3694,.F.);
#3669 = FACE_BOUND('',#3670,.F.);
#3670 = EDGE_LOOP('',(#3671,#3679,#3680,#3688));
#3671 = ORIENTED_EDGE('',*,*,#3672,.F.);
#3672 = EDGE_CURVE('',#675,#3673,#3675,.T.);
#3673 = VERTEX_POINT('',#3674);
#3674 = CARTESIAN_POINT('',(45.6,20.3,13.63));
#3675 = LINE('',#3676,#3677);
#3676 = CARTESIAN_POINT('',(45.4,20.3,13.63));
#3677 = VECTOR('',#3678,1.);
#3678 = DIRECTION('',(1.,0.,0.));
#3679 = ORIENTED_EDGE('',*,*,#672,.F.);
#3680 = ORIENTED_EDGE('',*,*,#3681,.F.);
#3681 = EDGE_CURVE('',#3682,#673,#3684,.T.);
#3682 = VERTEX_POINT('',#3683);
#3683 = CARTESIAN_POINT('',(45.6,-9.6,13.63));
#3684 = LINE('',#3685,#3686);
#3685 = CARTESIAN_POINT('',(46.,-9.6,13.63));
#3686 = VECTOR('',#3687,1.);
#3687 = DIRECTION('',(-1.,0.,0.));
#3688 = ORIENTED_EDGE('',*,*,#3689,.T.);
#3689 = EDGE_CURVE('',#3682,#3673,#3690,.T.);
#3690 = LINE('',#3691,#3692);
#3691 = CARTESIAN_POINT('',(45.6,-9.6,13.63));
#3692 = VECTOR('',#3693,1.);
#3693 = DIRECTION('',(0.,1.,0.));
#3694 = PLANE('',#3695);
#3695 = AXIS2_PLACEMENT_3D('',#3696,#3697,#3698);
#3696 = CARTESIAN_POINT('',(45.4,-25.1,13.63));
#3697 = DIRECTION('',(0.,0.,1.));
#3698 = DIRECTION('',(0.,1.,0.));
#3699 = ADVANCED_FACE('',(#3700),#3718,.F.);
#3700 = FACE_BOUND('',#3701,.F.);
#3701 = EDGE_LOOP('',(#3702,#3703,#3704,#3712));
#3702 = ORIENTED_EDGE('',*,*,#3681,.T.);
#3703 = ORIENTED_EDGE('',*,*,#682,.T.);
#3704 = ORIENTED_EDGE('',*,*,#3705,.F.);
#3705 = EDGE_CURVE('',#3706,#683,#3708,.T.);
#3706 = VERTEX_POINT('',#3707);
#3707 = CARTESIAN_POINT('',(45.6,-9.6,12.33));
#3708 = LINE('',#3709,#3710);
#3709 = CARTESIAN_POINT('',(46.,-9.6,12.33));
#3710 = VECTOR('',#3711,1.);
#3711 = DIRECTION('',(-1.,0.,0.));
#3712 = ORIENTED_EDGE('',*,*,#3713,.F.);
#3713 = EDGE_CURVE('',#3682,#3706,#3714,.T.);
#3714 = LINE('',#3715,#3716);
#3715 = CARTESIAN_POINT('',(45.6,-9.6,13.63));
#3716 = VECTOR('',#3717,1.);
#3717 = DIRECTION('',(0.,0.,-1.));
#3718 = PLANE('',#3719);
#3719 = AXIS2_PLACEMENT_3D('',#3720,#3721,#3722);
#3720 = CARTESIAN_POINT('',(46.,-9.6,13.63));
#3721 = DIRECTION('',(-0.,-1.,-0.));
#3722 = DIRECTION('',(0.,0.,-1.));
#3723 = ADVANCED_FACE('',(#3724),#3742,.F.);
#3724 = FACE_BOUND('',#3725,.F.);
#3725 = EDGE_LOOP('',(#3726,#3727,#3728,#3736));
#3726 = ORIENTED_EDGE('',*,*,#3705,.T.);
#3727 = ORIENTED_EDGE('',*,*,#690,.F.);
#3728 = ORIENTED_EDGE('',*,*,#3729,.T.);
#3729 = EDGE_CURVE('',#691,#3730,#3732,.T.);
#3730 = VERTEX_POINT('',#3731);
#3731 = CARTESIAN_POINT('',(45.6,20.3,12.33));
#3732 = LINE('',#3733,#3734);
#3733 = CARTESIAN_POINT('',(45.4,20.3,12.33));
#3734 = VECTOR('',#3735,1.);
#3735 = DIRECTION('',(1.,0.,0.));
#3736 = ORIENTED_EDGE('',*,*,#3737,.T.);
#3737 = EDGE_CURVE('',#3730,#3706,#3738,.T.);
#3738 = LINE('',#3739,#3740);
#3739 = CARTESIAN_POINT('',(45.6,20.3,12.33));
#3740 = VECTOR('',#3741,1.);
#3741 = DIRECTION('',(0.,-1.,0.));
#3742 = PLANE('',#3743);
#3743 = AXIS2_PLACEMENT_3D('',#3744,#3745,#3746);
#3744 = CARTESIAN_POINT('',(45.4,20.3,12.33));
#3745 = DIRECTION('',(0.,0.,-1.));
#3746 = DIRECTION('',(0.,-1.,0.));
#3747 = ADVANCED_FACE('',(#3748),#3759,.F.);
#3748 = FACE_BOUND('',#3749,.F.);
#3749 = EDGE_LOOP('',(#3750,#3751,#3757,#3758));
#3750 = ORIENTED_EDGE('',*,*,#3672,.T.);
#3751 = ORIENTED_EDGE('',*,*,#3752,.T.);
#3752 = EDGE_CURVE('',#3673,#3730,#3753,.T.);
#3753 = LINE('',#3754,#3755);
#3754 = CARTESIAN_POINT('',(45.6,20.3,13.63));
#3755 = VECTOR('',#3756,1.);
#3756 = DIRECTION('',(0.,0.,-1.));
#3757 = ORIENTED_EDGE('',*,*,#3729,.F.);
#3758 = ORIENTED_EDGE('',*,*,#698,.F.);
#3759 = PLANE('',#3760);
#3760 = AXIS2_PLACEMENT_3D('',#3761,#3762,#3763);
#3761 = CARTESIAN_POINT('',(45.4,20.3,13.63));
#3762 = DIRECTION('',(0.,1.,0.));
#3763 = DIRECTION('',(0.,0.,-1.));
#3764 = ADVANCED_FACE('',(#3765),#3775,.F.);
#3765 = FACE_BOUND('',#3766,.F.);
#3766 = EDGE_LOOP('',(#3767,#3773,#3774));
#3767 = ORIENTED_EDGE('',*,*,#3768,.F.);
#3768 = EDGE_CURVE('',#763,#714,#3769,.T.);
#3769 = LINE('',#3770,#3771);
#3770 = CARTESIAN_POINT('',(-46.825,25.5,23.295));
#3771 = VECTOR('',#3772,1.);
#3772 = DIRECTION('',(0.707106781187,7.691850745534E-16,0.707106781187)
  );
#3773 = ORIENTED_EDGE('',*,*,#762,.T.);
#3774 = ORIENTED_EDGE('',*,*,#713,.F.);
#3775 = PLANE('',#3776);
#3776 = AXIS2_PLACEMENT_3D('',#3777,#3778,#3779);
#3777 = CARTESIAN_POINT('',(-47.2,25.5,22.92));
#3778 = DIRECTION('',(0.57735026919,-0.57735026919,-0.57735026919));
#3779 = DIRECTION('',(-5.551115123126E-17,0.707106781187,-0.707106781187
    ));
#3780 = ADVANCED_FACE('',(#3781),#3787,.T.);
#3781 = FACE_BOUND('',#3782,.F.);
#3782 = EDGE_LOOP('',(#3783,#3784,#3785,#3786));
#3783 = ORIENTED_EDGE('',*,*,#794,.T.);
#3784 = ORIENTED_EDGE('',*,*,#843,.T.);
#3785 = ORIENTED_EDGE('',*,*,#940,.F.);
#3786 = ORIENTED_EDGE('',*,*,#1112,.F.);
#3787 = CYLINDRICAL_SURFACE('',#3788,0.3);
#3788 = AXIS2_PLACEMENT_3D('',#3789,#3790,#3791);
#3789 = CARTESIAN_POINT('',(26.97,25.9,11.7));
#3790 = DIRECTION('',(-1.,0.,0.));
#3791 = DIRECTION('',(0.,-1.,0.));
#3792 = ADVANCED_FACE('',(#3793),#3811,.F.);
#3793 = FACE_BOUND('',#3794,.F.);
#3794 = EDGE_LOOP('',(#3795,#3803,#3804,#3805));
#3795 = ORIENTED_EDGE('',*,*,#3796,.F.);
#3796 = EDGE_CURVE('',#868,#3797,#3799,.T.);
#3797 = VERTEX_POINT('',#3798);
#3798 = CARTESIAN_POINT('',(-25.31519707931,26.2,12.33));
#3799 = LINE('',#3800,#3801);
#3800 = CARTESIAN_POINT('',(-27.31519707931,26.2,12.33));
#3801 = VECTOR('',#3802,1.);
#3802 = DIRECTION('',(1.,0.,0.));
#3803 = ORIENTED_EDGE('',*,*,#875,.T.);
#3804 = ORIENTED_EDGE('',*,*,#1080,.T.);
#3805 = ORIENTED_EDGE('',*,*,#3806,.F.);
#3806 = EDGE_CURVE('',#3797,#1081,#3807,.T.);
#3807 = LINE('',#3808,#3809);
#3808 = CARTESIAN_POINT('',(-25.31519707931,26.2,12.33));
#3809 = VECTOR('',#3810,1.);
#3810 = DIRECTION('',(0.,-1.,2.22044604925E-16));
#3811 = PLANE('',#3812);
#3812 = AXIS2_PLACEMENT_3D('',#3813,#3814,#3815);
#3813 = CARTESIAN_POINT('',(-27.31519707931,26.2,12.33));
#3814 = DIRECTION('',(0.,2.22044604925E-16,1.));
#3815 = DIRECTION('',(1.,0.,0.));
#3816 = ADVANCED_FACE('',(#3817),#3828,.T.);
#3817 = FACE_BOUND('',#3818,.T.);
#3818 = EDGE_LOOP('',(#3819,#3820,#3826,#3827));
#3819 = ORIENTED_EDGE('',*,*,#957,.T.);
#3820 = ORIENTED_EDGE('',*,*,#3821,.F.);
#3821 = EDGE_CURVE('',#3797,#958,#3822,.T.);
#3822 = LINE('',#3823,#3824);
#3823 = CARTESIAN_POINT('',(-25.31519707931,26.2,12.33));
#3824 = VECTOR('',#3825,1.);
#3825 = DIRECTION('',(0.,2.22044604925E-16,1.));
#3826 = ORIENTED_EDGE('',*,*,#3796,.F.);
#3827 = ORIENTED_EDGE('',*,*,#867,.F.);
#3828 = PLANE('',#3829);
#3829 = AXIS2_PLACEMENT_3D('',#3830,#3831,#3832);
#3830 = CARTESIAN_POINT('',(4.12,26.2,12.98));
#3831 = DIRECTION('',(0.,1.,0.));
#3832 = DIRECTION('',(0.,0.,1.));
#3833 = ADVANCED_FACE('',(#3834),#3852,.F.);
#3834 = FACE_BOUND('',#3835,.F.);
#3835 = EDGE_LOOP('',(#3836,#3844,#3850,#3851));
#3836 = ORIENTED_EDGE('',*,*,#3837,.F.);
#3837 = EDGE_CURVE('',#3838,#917,#3840,.T.);
#3838 = VERTEX_POINT('',#3839);
#3839 = CARTESIAN_POINT('',(-16.38480292068,26.2,12.33));
#3840 = LINE('',#3841,#3842);
#3841 = CARTESIAN_POINT('',(-16.38480292068,26.2,12.33));
#3842 = VECTOR('',#3843,1.);
#3843 = DIRECTION('',(1.,0.,0.));
#3844 = ORIENTED_EDGE('',*,*,#3845,.T.);
#3845 = EDGE_CURVE('',#3838,#1098,#3846,.T.);
#3846 = LINE('',#3847,#3848);
#3847 = CARTESIAN_POINT('',(-16.38480292068,26.2,12.33));
#3848 = VECTOR('',#3849,1.);
#3849 = DIRECTION('',(0.,-1.,2.22044604925E-16));
#3850 = ORIENTED_EDGE('',*,*,#1105,.T.);
#3851 = ORIENTED_EDGE('',*,*,#924,.F.);
#3852 = PLANE('',#3853);
#3853 = AXIS2_PLACEMENT_3D('',#3854,#3855,#3856);
#3854 = CARTESIAN_POINT('',(-16.38480292068,26.2,12.33));
#3855 = DIRECTION('',(0.,2.22044604925E-16,1.));
#3856 = DIRECTION('',(1.,0.,0.));
#3857 = ADVANCED_FACE('',(#3858),#3869,.T.);
#3858 = FACE_BOUND('',#3859,.T.);
#3859 = EDGE_LOOP('',(#3860,#3866,#3867,#3868));
#3860 = ORIENTED_EDGE('',*,*,#3861,.F.);
#3861 = EDGE_CURVE('',#1016,#3838,#3862,.T.);
#3862 = LINE('',#3863,#3864);
#3863 = CARTESIAN_POINT('',(-16.38480292068,26.2,13.63));
#3864 = VECTOR('',#3865,1.);
#3865 = DIRECTION('',(0.,-2.22044604925E-16,-1.));
#3866 = ORIENTED_EDGE('',*,*,#1023,.T.);
#3867 = ORIENTED_EDGE('',*,*,#916,.T.);
#3868 = ORIENTED_EDGE('',*,*,#3837,.F.);
#3869 = PLANE('',#3870);
#3870 = AXIS2_PLACEMENT_3D('',#3871,#3872,#3873);
#3871 = CARTESIAN_POINT('',(4.12,26.2,12.98));
#3872 = DIRECTION('',(0.,1.,0.));
#3873 = DIRECTION('',(0.,0.,1.));
#3874 = ADVANCED_FACE('',(#3875),#3881,.F.);
#3875 = FACE_BOUND('',#3876,.F.);
#3876 = EDGE_LOOP('',(#3877,#3878,#3879,#3880));
#3877 = ORIENTED_EDGE('',*,*,#3806,.T.);
#3878 = ORIENTED_EDGE('',*,*,#1088,.T.);
#3879 = ORIENTED_EDGE('',*,*,#966,.T.);
#3880 = ORIENTED_EDGE('',*,*,#3821,.F.);
#3881 = PLANE('',#3882);
#3882 = AXIS2_PLACEMENT_3D('',#3883,#3884,#3885);
#3883 = CARTESIAN_POINT('',(-25.31519707931,26.2,12.33));
#3884 = DIRECTION('',(-1.,0.,0.));
#3885 = DIRECTION('',(0.,2.22044604925E-16,1.));
#3886 = ADVANCED_FACE('',(#3887),#3893,.F.);
#3887 = FACE_BOUND('',#3888,.F.);
#3888 = EDGE_LOOP('',(#3889,#3890,#3891,#3892));
#3889 = ORIENTED_EDGE('',*,*,#1015,.F.);
#3890 = ORIENTED_EDGE('',*,*,#1097,.T.);
#3891 = ORIENTED_EDGE('',*,*,#3845,.F.);
#3892 = ORIENTED_EDGE('',*,*,#3861,.F.);
#3893 = PLANE('',#3894);
#3894 = AXIS2_PLACEMENT_3D('',#3895,#3896,#3897);
#3895 = CARTESIAN_POINT('',(-16.38480292068,26.2,13.63));
#3896 = DIRECTION('',(1.,0.,0.));
#3897 = DIRECTION('',(0.,-2.22044604925E-16,-1.));
#3898 = ADVANCED_FACE('',(#3899,#3910),#3944,.T.);
#3899 = FACE_BOUND('',#3900,.T.);
#3900 = EDGE_LOOP('',(#3901,#3902,#3903,#3909));
#3901 = ORIENTED_EDGE('',*,*,#1065,.T.);
#3902 = ORIENTED_EDGE('',*,*,#3352,.T.);
#3903 = ORIENTED_EDGE('',*,*,#3904,.F.);
#3904 = EDGE_CURVE('',#3633,#3353,#3905,.T.);
#3905 = LINE('',#3906,#3907);
#3906 = CARTESIAN_POINT('',(-45.8,-28.4,11.4));
#3907 = VECTOR('',#3908,1.);
#3908 = DIRECTION('',(0.,0.,1.));
#3909 = ORIENTED_EDGE('',*,*,#3641,.F.);
#3910 = FACE_BOUND('',#3911,.T.);
#3911 = EDGE_LOOP('',(#3912,#3922,#3930,#3938));
#3912 = ORIENTED_EDGE('',*,*,#3913,.F.);
#3913 = EDGE_CURVE('',#3914,#3916,#3918,.T.);
#3914 = VERTEX_POINT('',#3915);
#3915 = CARTESIAN_POINT('',(-45.8,-23.1,13.63));
#3916 = VERTEX_POINT('',#3917);
#3917 = CARTESIAN_POINT('',(-45.8,-23.1,12.33));
#3918 = LINE('',#3919,#3920);
#3919 = CARTESIAN_POINT('',(-45.8,-23.1,13.63));
#3920 = VECTOR('',#3921,1.);
#3921 = DIRECTION('',(0.,0.,-1.));
#3922 = ORIENTED_EDGE('',*,*,#3923,.F.);
#3923 = EDGE_CURVE('',#3924,#3914,#3926,.T.);
#3924 = VERTEX_POINT('',#3925);
#3925 = CARTESIAN_POINT('',(-45.8,20.3,13.63));
#3926 = LINE('',#3927,#3928);
#3927 = CARTESIAN_POINT('',(-45.8,20.3,13.63));
#3928 = VECTOR('',#3929,1.);
#3929 = DIRECTION('',(0.,-1.,0.));
#3930 = ORIENTED_EDGE('',*,*,#3931,.F.);
#3931 = EDGE_CURVE('',#3932,#3924,#3934,.T.);
#3932 = VERTEX_POINT('',#3933);
#3933 = CARTESIAN_POINT('',(-45.8,20.3,12.33));
#3934 = LINE('',#3935,#3936);
#3935 = CARTESIAN_POINT('',(-45.8,20.3,12.33));
#3936 = VECTOR('',#3937,1.);
#3937 = DIRECTION('',(0.,0.,1.));
#3938 = ORIENTED_EDGE('',*,*,#3939,.F.);
#3939 = EDGE_CURVE('',#3916,#3932,#3940,.T.);
#3940 = LINE('',#3941,#3942);
#3941 = CARTESIAN_POINT('',(-45.8,-23.1,12.33));
#3942 = VECTOR('',#3943,1.);
#3943 = DIRECTION('',(0.,1.,0.));
#3944 = PLANE('',#3945);
#3945 = AXIS2_PLACEMENT_3D('',#3946,#3947,#3948);
#3946 = CARTESIAN_POINT('',(-45.8,25.6,11.4));
#3947 = DIRECTION('',(1.,0.,0.));
#3948 = DIRECTION('',(0.,-1.,0.));
#3949 = ADVANCED_FACE('',(#3950),#3975,.F.);
#3950 = FACE_BOUND('',#3951,.F.);
#3951 = EDGE_LOOP('',(#3952,#3960,#3961,#3969));
#3952 = ORIENTED_EDGE('',*,*,#3953,.T.);
#3953 = EDGE_CURVE('',#3954,#1132,#3956,.T.);
#3954 = VERTEX_POINT('',#3955);
#3955 = CARTESIAN_POINT('',(-14.38480292068,25.8,13.63));
#3956 = LINE('',#3957,#3958);
#3957 = CARTESIAN_POINT('',(-14.38480292068,26.2,13.63));
#3958 = VECTOR('',#3959,1.);
#3959 = DIRECTION('',(0.,-1.,2.22044604925E-16));
#3960 = ORIENTED_EDGE('',*,*,#1129,.F.);
#3961 = ORIENTED_EDGE('',*,*,#3962,.F.);
#3962 = EDGE_CURVE('',#3963,#1130,#3965,.T.);
#3963 = VERTEX_POINT('',#3964);
#3964 = CARTESIAN_POINT('',(24.97,25.8,13.63));
#3965 = LINE('',#3966,#3967);
#3966 = CARTESIAN_POINT('',(24.97,26.2,13.63));
#3967 = VECTOR('',#3968,1.);
#3968 = DIRECTION('',(0.,-1.,2.22044604925E-16));
#3969 = ORIENTED_EDGE('',*,*,#3970,.T.);
#3970 = EDGE_CURVE('',#3963,#3954,#3971,.T.);
#3971 = LINE('',#3972,#3973);
#3972 = CARTESIAN_POINT('',(24.97,25.8,13.63));
#3973 = VECTOR('',#3974,1.);
#3974 = DIRECTION('',(-1.,0.,0.));
#3975 = PLANE('',#3976);
#3976 = AXIS2_PLACEMENT_3D('',#3977,#3978,#3979);
#3977 = CARTESIAN_POINT('',(40.1,25.6,13.63));
#3978 = DIRECTION('',(0.,2.2E-16,1.));
#3979 = DIRECTION('',(-1.,0.,0.));
#3980 = ADVANCED_FACE('',(#3981),#3999,.F.);
#3981 = FACE_BOUND('',#3982,.F.);
#3982 = EDGE_LOOP('',(#3983,#3984,#3985,#3993));
#3983 = ORIENTED_EDGE('',*,*,#3962,.T.);
#3984 = ORIENTED_EDGE('',*,*,#1139,.T.);
#3985 = ORIENTED_EDGE('',*,*,#3986,.F.);
#3986 = EDGE_CURVE('',#3987,#1140,#3989,.T.);
#3987 = VERTEX_POINT('',#3988);
#3988 = CARTESIAN_POINT('',(24.97,25.8,12.33));
#3989 = LINE('',#3990,#3991);
#3990 = CARTESIAN_POINT('',(24.97,26.2,12.33));
#3991 = VECTOR('',#3992,1.);
#3992 = DIRECTION('',(0.,-1.,2.22044604925E-16));
#3993 = ORIENTED_EDGE('',*,*,#3994,.F.);
#3994 = EDGE_CURVE('',#3963,#3987,#3995,.T.);
#3995 = LINE('',#3996,#3997);
#3996 = CARTESIAN_POINT('',(24.97,25.8,13.63));
#3997 = VECTOR('',#3998,1.);
#3998 = DIRECTION('',(0.,-2.22044604925E-16,-1.));
#3999 = PLANE('',#4000);
#4000 = AXIS2_PLACEMENT_3D('',#4001,#4002,#4003);
#4001 = CARTESIAN_POINT('',(24.97,26.2,13.63));
#4002 = DIRECTION('',(1.,0.,0.));
#4003 = DIRECTION('',(0.,-2.22044604925E-16,-1.));
#4004 = ADVANCED_FACE('',(#4005),#4023,.F.);
#4005 = FACE_BOUND('',#4006,.F.);
#4006 = EDGE_LOOP('',(#4007,#4008,#4009,#4017));
#4007 = ORIENTED_EDGE('',*,*,#3986,.T.);
#4008 = ORIENTED_EDGE('',*,*,#1147,.F.);
#4009 = ORIENTED_EDGE('',*,*,#4010,.F.);
#4010 = EDGE_CURVE('',#4011,#1148,#4013,.T.);
#4011 = VERTEX_POINT('',#4012);
#4012 = CARTESIAN_POINT('',(-14.38480292068,25.8,12.33));
#4013 = LINE('',#4014,#4015);
#4014 = CARTESIAN_POINT('',(-14.38480292068,26.2,12.33));
#4015 = VECTOR('',#4016,1.);
#4016 = DIRECTION('',(0.,-1.,2.22044604925E-16));
#4017 = ORIENTED_EDGE('',*,*,#4018,.T.);
#4018 = EDGE_CURVE('',#4011,#3987,#4019,.T.);
#4019 = LINE('',#4020,#4021);
#4020 = CARTESIAN_POINT('',(-14.38480292068,25.8,12.33));
#4021 = VECTOR('',#4022,1.);
#4022 = DIRECTION('',(1.,0.,0.));
#4023 = PLANE('',#4024);
#4024 = AXIS2_PLACEMENT_3D('',#4025,#4026,#4027);
#4025 = CARTESIAN_POINT('',(-40.5,25.6,12.33));
#4026 = DIRECTION('',(0.,-2.2E-16,-1.));
#4027 = DIRECTION('',(1.,0.,0.));
#4028 = ADVANCED_FACE('',(#4029),#4040,.F.);
#4029 = FACE_BOUND('',#4030,.F.);
#4030 = EDGE_LOOP('',(#4031,#4032,#4033,#4034));
#4031 = ORIENTED_EDGE('',*,*,#4010,.T.);
#4032 = ORIENTED_EDGE('',*,*,#1155,.T.);
#4033 = ORIENTED_EDGE('',*,*,#3953,.F.);
#4034 = ORIENTED_EDGE('',*,*,#4035,.F.);
#4035 = EDGE_CURVE('',#4011,#3954,#4036,.T.);
#4036 = LINE('',#4037,#4038);
#4037 = CARTESIAN_POINT('',(-14.38480292068,25.8,12.33));
#4038 = VECTOR('',#4039,1.);
#4039 = DIRECTION('',(0.,2.22044604925E-16,1.));
#4040 = PLANE('',#4041);
#4041 = AXIS2_PLACEMENT_3D('',#4042,#4043,#4044);
#4042 = CARTESIAN_POINT('',(-14.38480292068,26.2,12.33));
#4043 = DIRECTION('',(-1.,0.,0.));
#4044 = DIRECTION('',(0.,2.22044604925E-16,1.));
#4045 = ADVANCED_FACE('',(#4046),#4071,.F.);
#4046 = FACE_BOUND('',#4047,.F.);
#4047 = EDGE_LOOP('',(#4048,#4056,#4057,#4065));
#4048 = ORIENTED_EDGE('',*,*,#4049,.F.);
#4049 = EDGE_CURVE('',#1166,#4050,#4052,.T.);
#4050 = VERTEX_POINT('',#4051);
#4051 = CARTESIAN_POINT('',(-40.5,25.8,13.63));
#4052 = LINE('',#4053,#4054);
#4053 = CARTESIAN_POINT('',(-40.5,25.6,13.63));
#4054 = VECTOR('',#4055,1.);
#4055 = DIRECTION('',(0.,1.,-2.2E-16));
#4056 = ORIENTED_EDGE('',*,*,#1163,.F.);
#4057 = ORIENTED_EDGE('',*,*,#4058,.F.);
#4058 = EDGE_CURVE('',#4059,#1164,#4061,.T.);
#4059 = VERTEX_POINT('',#4060);
#4060 = CARTESIAN_POINT('',(-27.31519707931,25.8,13.63));
#4061 = LINE('',#4062,#4063);
#4062 = CARTESIAN_POINT('',(-27.31519707931,26.2,13.63));
#4063 = VECTOR('',#4064,1.);
#4064 = DIRECTION('',(0.,-1.,2.22044604925E-16));
#4065 = ORIENTED_EDGE('',*,*,#4066,.T.);
#4066 = EDGE_CURVE('',#4059,#4050,#4067,.T.);
#4067 = LINE('',#4068,#4069);
#4068 = CARTESIAN_POINT('',(-27.31519707931,25.8,13.63));
#4069 = VECTOR('',#4070,1.);
#4070 = DIRECTION('',(-1.,0.,0.));
#4071 = PLANE('',#4072);
#4072 = AXIS2_PLACEMENT_3D('',#4073,#4074,#4075);
#4073 = CARTESIAN_POINT('',(40.1,25.6,13.63));
#4074 = DIRECTION('',(0.,2.2E-16,1.));
#4075 = DIRECTION('',(-1.,0.,0.));
#4076 = ADVANCED_FACE('',(#4077),#4095,.F.);
#4077 = FACE_BOUND('',#4078,.F.);
#4078 = EDGE_LOOP('',(#4079,#4080,#4081,#4089));
#4079 = ORIENTED_EDGE('',*,*,#4058,.T.);
#4080 = ORIENTED_EDGE('',*,*,#1173,.T.);
#4081 = ORIENTED_EDGE('',*,*,#4082,.F.);
#4082 = EDGE_CURVE('',#4083,#1174,#4085,.T.);
#4083 = VERTEX_POINT('',#4084);
#4084 = CARTESIAN_POINT('',(-27.31519707931,25.8,12.33));
#4085 = LINE('',#4086,#4087);
#4086 = CARTESIAN_POINT('',(-27.31519707931,26.2,12.33));
#4087 = VECTOR('',#4088,1.);
#4088 = DIRECTION('',(0.,-1.,2.22044604925E-16));
#4089 = ORIENTED_EDGE('',*,*,#4090,.F.);
#4090 = EDGE_CURVE('',#4059,#4083,#4091,.T.);
#4091 = LINE('',#4092,#4093);
#4092 = CARTESIAN_POINT('',(-27.31519707931,25.8,13.63));
#4093 = VECTOR('',#4094,1.);
#4094 = DIRECTION('',(0.,-2.22044604925E-16,-1.));
#4095 = PLANE('',#4096);
#4096 = AXIS2_PLACEMENT_3D('',#4097,#4098,#4099);
#4097 = CARTESIAN_POINT('',(-27.31519707931,26.2,13.63));
#4098 = DIRECTION('',(1.,0.,0.));
#4099 = DIRECTION('',(0.,-2.22044604925E-16,-1.));
#4100 = ADVANCED_FACE('',(#4101),#4119,.F.);
#4101 = FACE_BOUND('',#4102,.F.);
#4102 = EDGE_LOOP('',(#4103,#4104,#4105,#4113));
#4103 = ORIENTED_EDGE('',*,*,#4082,.T.);
#4104 = ORIENTED_EDGE('',*,*,#1181,.F.);
#4105 = ORIENTED_EDGE('',*,*,#4106,.T.);
#4106 = EDGE_CURVE('',#1182,#4107,#4109,.T.);
#4107 = VERTEX_POINT('',#4108);
#4108 = CARTESIAN_POINT('',(-40.5,25.8,12.33));
#4109 = LINE('',#4110,#4111);
#4110 = CARTESIAN_POINT('',(-40.5,25.6,12.33));
#4111 = VECTOR('',#4112,1.);
#4112 = DIRECTION('',(0.,1.,-2.2E-16));
#4113 = ORIENTED_EDGE('',*,*,#4114,.T.);
#4114 = EDGE_CURVE('',#4107,#4083,#4115,.T.);
#4115 = LINE('',#4116,#4117);
#4116 = CARTESIAN_POINT('',(-40.5,25.8,12.33));
#4117 = VECTOR('',#4118,1.);
#4118 = DIRECTION('',(1.,0.,0.));
#4119 = PLANE('',#4120);
#4120 = AXIS2_PLACEMENT_3D('',#4121,#4122,#4123);
#4121 = CARTESIAN_POINT('',(-40.5,25.6,12.33));
#4122 = DIRECTION('',(0.,-2.2E-16,-1.));
#4123 = DIRECTION('',(1.,0.,0.));
#4124 = ADVANCED_FACE('',(#4125),#4136,.F.);
#4125 = FACE_BOUND('',#4126,.F.);
#4126 = EDGE_LOOP('',(#4127,#4128,#4134,#4135));
#4127 = ORIENTED_EDGE('',*,*,#4049,.T.);
#4128 = ORIENTED_EDGE('',*,*,#4129,.T.);
#4129 = EDGE_CURVE('',#4050,#4107,#4130,.T.);
#4130 = LINE('',#4131,#4132);
#4131 = CARTESIAN_POINT('',(-40.5,25.8,13.63));
#4132 = VECTOR('',#4133,1.);
#4133 = DIRECTION('',(0.,0.,-1.));
#4134 = ORIENTED_EDGE('',*,*,#4106,.F.);
#4135 = ORIENTED_EDGE('',*,*,#1189,.F.);
#4136 = PLANE('',#4137);
#4137 = AXIS2_PLACEMENT_3D('',#4138,#4139,#4140);
#4138 = CARTESIAN_POINT('',(-40.5,25.6,13.63));
#4139 = DIRECTION('',(-1.,0.,0.));
#4140 = DIRECTION('',(0.,-2.2E-16,-1.));
#4141 = ADVANCED_FACE('',(#4142),#4167,.F.);
#4142 = FACE_BOUND('',#4143,.F.);
#4143 = EDGE_LOOP('',(#4144,#4152,#4153,#4161));
#4144 = ORIENTED_EDGE('',*,*,#4145,.F.);
#4145 = EDGE_CURVE('',#1200,#4146,#4148,.T.);
#4146 = VERTEX_POINT('',#4147);
#4147 = CARTESIAN_POINT('',(40.1,25.8,12.33));
#4148 = LINE('',#4149,#4150);
#4149 = CARTESIAN_POINT('',(40.1,25.6,12.33));
#4150 = VECTOR('',#4151,1.);
#4151 = DIRECTION('',(0.,1.,-2.2E-16));
#4152 = ORIENTED_EDGE('',*,*,#1197,.F.);
#4153 = ORIENTED_EDGE('',*,*,#4154,.F.);
#4154 = EDGE_CURVE('',#4155,#1198,#4157,.T.);
#4155 = VERTEX_POINT('',#4156);
#4156 = CARTESIAN_POINT('',(33.21,25.8,12.33));
#4157 = LINE('',#4158,#4159);
#4158 = CARTESIAN_POINT('',(33.21,26.2,12.33));
#4159 = VECTOR('',#4160,1.);
#4160 = DIRECTION('',(0.,-1.,2.22044604925E-16));
#4161 = ORIENTED_EDGE('',*,*,#4162,.T.);
#4162 = EDGE_CURVE('',#4155,#4146,#4163,.T.);
#4163 = LINE('',#4164,#4165);
#4164 = CARTESIAN_POINT('',(33.21,25.8,12.33));
#4165 = VECTOR('',#4166,1.);
#4166 = DIRECTION('',(1.,0.,0.));
#4167 = PLANE('',#4168);
#4168 = AXIS2_PLACEMENT_3D('',#4169,#4170,#4171);
#4169 = CARTESIAN_POINT('',(-40.5,25.6,12.33));
#4170 = DIRECTION('',(0.,-2.2E-16,-1.));
#4171 = DIRECTION('',(1.,0.,0.));
#4172 = ADVANCED_FACE('',(#4173),#4191,.F.);
#4173 = FACE_BOUND('',#4174,.F.);
#4174 = EDGE_LOOP('',(#4175,#4176,#4177,#4185));
#4175 = ORIENTED_EDGE('',*,*,#4154,.T.);
#4176 = ORIENTED_EDGE('',*,*,#1207,.T.);
#4177 = ORIENTED_EDGE('',*,*,#4178,.F.);
#4178 = EDGE_CURVE('',#4179,#1208,#4181,.T.);
#4179 = VERTEX_POINT('',#4180);
#4180 = CARTESIAN_POINT('',(33.21,25.8,13.63));
#4181 = LINE('',#4182,#4183);
#4182 = CARTESIAN_POINT('',(33.21,26.2,13.63));
#4183 = VECTOR('',#4184,1.);
#4184 = DIRECTION('',(0.,-1.,2.22044604925E-16));
#4185 = ORIENTED_EDGE('',*,*,#4186,.F.);
#4186 = EDGE_CURVE('',#4155,#4179,#4187,.T.);
#4187 = LINE('',#4188,#4189);
#4188 = CARTESIAN_POINT('',(33.21,25.8,12.33));
#4189 = VECTOR('',#4190,1.);
#4190 = DIRECTION('',(0.,2.22044604925E-16,1.));
#4191 = PLANE('',#4192);
#4192 = AXIS2_PLACEMENT_3D('',#4193,#4194,#4195);
#4193 = CARTESIAN_POINT('',(33.21,26.2,12.33));
#4194 = DIRECTION('',(-1.,0.,0.));
#4195 = DIRECTION('',(0.,2.22044604925E-16,1.));
#4196 = ADVANCED_FACE('',(#4197),#4215,.F.);
#4197 = FACE_BOUND('',#4198,.F.);
#4198 = EDGE_LOOP('',(#4199,#4200,#4201,#4209));
#4199 = ORIENTED_EDGE('',*,*,#4178,.T.);
#4200 = ORIENTED_EDGE('',*,*,#1215,.F.);
#4201 = ORIENTED_EDGE('',*,*,#4202,.T.);
#4202 = EDGE_CURVE('',#1216,#4203,#4205,.T.);
#4203 = VERTEX_POINT('',#4204);
#4204 = CARTESIAN_POINT('',(40.1,25.8,13.63));
#4205 = LINE('',#4206,#4207);
#4206 = CARTESIAN_POINT('',(40.1,25.6,13.63));
#4207 = VECTOR('',#4208,1.);
#4208 = DIRECTION('',(0.,1.,-2.2E-16));
#4209 = ORIENTED_EDGE('',*,*,#4210,.T.);
#4210 = EDGE_CURVE('',#4203,#4179,#4211,.T.);
#4211 = LINE('',#4212,#4213);
#4212 = CARTESIAN_POINT('',(40.1,25.8,13.63));
#4213 = VECTOR('',#4214,1.);
#4214 = DIRECTION('',(-1.,0.,0.));
#4215 = PLANE('',#4216);
#4216 = AXIS2_PLACEMENT_3D('',#4217,#4218,#4219);
#4217 = CARTESIAN_POINT('',(40.1,25.6,13.63));
#4218 = DIRECTION('',(0.,2.2E-16,1.));
#4219 = DIRECTION('',(-1.,0.,0.));
#4220 = ADVANCED_FACE('',(#4221),#4232,.F.);
#4221 = FACE_BOUND('',#4222,.F.);
#4222 = EDGE_LOOP('',(#4223,#4224,#4230,#4231));
#4223 = ORIENTED_EDGE('',*,*,#4145,.T.);
#4224 = ORIENTED_EDGE('',*,*,#4225,.T.);
#4225 = EDGE_CURVE('',#4146,#4203,#4226,.T.);
#4226 = LINE('',#4227,#4228);
#4227 = CARTESIAN_POINT('',(40.1,25.8,12.33));
#4228 = VECTOR('',#4229,1.);
#4229 = DIRECTION('',(0.,0.,1.));
#4230 = ORIENTED_EDGE('',*,*,#4202,.F.);
#4231 = ORIENTED_EDGE('',*,*,#1223,.F.);
#4232 = PLANE('',#4233);
#4233 = AXIS2_PLACEMENT_3D('',#4234,#4235,#4236);
#4234 = CARTESIAN_POINT('',(40.1,25.6,12.33));
#4235 = DIRECTION('',(1.,0.,0.));
#4236 = DIRECTION('',(0.,2.2E-16,1.));
#4237 = ADVANCED_FACE('',(#4238),#4249,.T.);
#4238 = FACE_BOUND('',#4239,.T.);
#4239 = EDGE_LOOP('',(#4240,#4246,#4247,#4248));
#4240 = ORIENTED_EDGE('',*,*,#4241,.F.);
#4241 = EDGE_CURVE('',#3451,#1284,#4242,.T.);
#4242 = LINE('',#4243,#4244);
#4243 = CARTESIAN_POINT('',(-45.7,-29.425,23.295));
#4244 = VECTOR('',#4245,1.);
#4245 = DIRECTION('',(-2.403703357979E-15,0.707106781187,0.707106781187)
  );
#4246 = ORIENTED_EDGE('',*,*,#3450,.T.);
#4247 = ORIENTED_EDGE('',*,*,#1268,.F.);
#4248 = ORIENTED_EDGE('',*,*,#1291,.F.);
#4249 = PLANE('',#4250);
#4250 = AXIS2_PLACEMENT_3D('',#4251,#4252,#4253);
#4251 = CARTESIAN_POINT('',(-47.2,-29.05,23.67));
#4252 = DIRECTION('',(0.,-0.707106781187,0.707106781187));
#4253 = DIRECTION('',(1.,0.,0.));
#4254 = ADVANCED_FACE('',(#4255),#4266,.T.);
#4255 = FACE_BOUND('',#4256,.F.);
#4256 = EDGE_LOOP('',(#4257,#4258,#4259,#4265));
#4257 = ORIENTED_EDGE('',*,*,#3768,.T.);
#4258 = ORIENTED_EDGE('',*,*,#1283,.T.);
#4259 = ORIENTED_EDGE('',*,*,#4260,.T.);
#4260 = EDGE_CURVE('',#1284,#3573,#4261,.T.);
#4261 = LINE('',#4262,#4263);
#4262 = CARTESIAN_POINT('',(-46.45,-28.3,23.67));
#4263 = VECTOR('',#4264,1.);
#4264 = DIRECTION('',(-0.707106781187,7.691850745534E-16,-0.707106781187
    ));
#4265 = ORIENTED_EDGE('',*,*,#3580,.F.);
#4266 = PLANE('',#4267);
#4267 = AXIS2_PLACEMENT_3D('',#4268,#4269,#4270);
#4268 = CARTESIAN_POINT('',(-46.45,27.,23.67));
#4269 = DIRECTION('',(-0.707106781187,0.,0.707106781187));
#4270 = DIRECTION('',(0.,1.,0.));
#4271 = ADVANCED_FACE('',(#4272),#4297,.T.);
#4272 = FACE_BOUND('',#4273,.T.);
#4273 = EDGE_LOOP('',(#4274,#4282,#4290,#4296));
#4274 = ORIENTED_EDGE('',*,*,#4275,.T.);
#4275 = EDGE_CURVE('',#1301,#4276,#4278,.T.);
#4276 = VERTEX_POINT('',#4277);
#4277 = CARTESIAN_POINT('',(-39.87857142857,-23.8919047619,23.42));
#4278 = LINE('',#4279,#4280);
#4279 = CARTESIAN_POINT('',(-39.87857142857,-23.8919047619,24.42));
#4280 = VECTOR('',#4281,1.);
#4281 = DIRECTION('',(-0.,-0.,-1.));
#4282 = ORIENTED_EDGE('',*,*,#4283,.T.);
#4283 = EDGE_CURVE('',#4276,#4284,#4286,.T.);
#4284 = VERTEX_POINT('',#4285);
#4285 = CARTESIAN_POINT('',(-38.59285714285,-23.52047619047,23.42));
#4286 = LINE('',#4287,#4288);
#4287 = CARTESIAN_POINT('',(-39.87857142857,-23.8919047619,23.42));
#4288 = VECTOR('',#4289,1.);
#4289 = DIRECTION('',(0.960714182841,0.277539652821,0.));
#4290 = ORIENTED_EDGE('',*,*,#4291,.F.);
#4291 = EDGE_CURVE('',#1303,#4284,#4292,.T.);
#4292 = LINE('',#4293,#4294);
#4293 = CARTESIAN_POINT('',(-38.59285714285,-23.52047619047,24.42));
#4294 = VECTOR('',#4295,1.);
#4295 = DIRECTION('',(-0.,-0.,-1.));
#4296 = ORIENTED_EDGE('',*,*,#1300,.F.);
#4297 = PLANE('',#4298);
#4298 = AXIS2_PLACEMENT_3D('',#4299,#4300,#4301);
#4299 = CARTESIAN_POINT('',(-39.87857142857,-23.8919047619,24.42));
#4300 = DIRECTION('',(0.277539652821,-0.960714182841,0.));
#4301 = DIRECTION('',(0.960714182841,0.277539652821,0.));
#4302 = ADVANCED_FACE('',(#4303),#4321,.T.);
#4303 = FACE_BOUND('',#4304,.T.);
#4304 = EDGE_LOOP('',(#4305,#4313,#4319,#4320));
#4305 = ORIENTED_EDGE('',*,*,#4306,.T.);
#4306 = EDGE_CURVE('',#1327,#4307,#4309,.T.);
#4307 = VERTEX_POINT('',#4308);
#4308 = CARTESIAN_POINT('',(-39.87857142857,-23.94904761904,23.42));
#4309 = LINE('',#4310,#4311);
#4310 = CARTESIAN_POINT('',(-39.87857142857,-23.94904761904,24.42));
#4311 = VECTOR('',#4312,1.);
#4312 = DIRECTION('',(-0.,-0.,-1.));
#4313 = ORIENTED_EDGE('',*,*,#4314,.T.);
#4314 = EDGE_CURVE('',#4307,#4276,#4315,.T.);
#4315 = LINE('',#4316,#4317);
#4316 = CARTESIAN_POINT('',(-39.87857142857,-23.94904761904,23.42));
#4317 = VECTOR('',#4318,1.);
#4318 = DIRECTION('',(2.22044604925E-16,1.,0.));
#4319 = ORIENTED_EDGE('',*,*,#4275,.F.);
#4320 = ORIENTED_EDGE('',*,*,#1334,.F.);
#4321 = PLANE('',#4322);
#4322 = AXIS2_PLACEMENT_3D('',#4323,#4324,#4325);
#4323 = CARTESIAN_POINT('',(-39.87857142857,-23.94904761904,24.42));
#4324 = DIRECTION('',(1.,-2.22044604925E-16,0.));
#4325 = DIRECTION('',(2.22044604925E-16,1.,0.));
#4326 = ADVANCED_FACE('',(#4327),#4345,.T.);
#4327 = FACE_BOUND('',#4328,.T.);
#4328 = EDGE_LOOP('',(#4329,#4337,#4343,#4344));
#4329 = ORIENTED_EDGE('',*,*,#4330,.T.);
#4330 = EDGE_CURVE('',#1319,#4331,#4333,.T.);
#4331 = VERTEX_POINT('',#4332);
#4332 = CARTESIAN_POINT('',(-37.2,-24.86333333333,23.42));
#4333 = LINE('',#4334,#4335);
#4334 = CARTESIAN_POINT('',(-37.2,-24.86333333333,24.42));
#4335 = VECTOR('',#4336,1.);
#4336 = DIRECTION('',(-0.,-0.,-1.));
#4337 = ORIENTED_EDGE('',*,*,#4338,.T.);
#4338 = EDGE_CURVE('',#4331,#4307,#4339,.T.);
#4339 = LINE('',#4340,#4341);
#4340 = CARTESIAN_POINT('',(-37.2,-24.86333333333,23.42));
#4341 = VECTOR('',#4342,1.);
#4342 = DIRECTION('',(-0.946387496742,0.323033598888,0.));
#4343 = ORIENTED_EDGE('',*,*,#4306,.F.);
#4344 = ORIENTED_EDGE('',*,*,#1326,.F.);
#4345 = PLANE('',#4346);
#4346 = AXIS2_PLACEMENT_3D('',#4347,#4348,#4349);
#4347 = CARTESIAN_POINT('',(-37.2,-24.86333333333,24.42));
#4348 = DIRECTION('',(0.323033598888,0.946387496742,0.));
#4349 = DIRECTION('',(-0.946387496742,0.323033598888,0.));
#4350 = ADVANCED_FACE('',(#4351),#4369,.T.);
#4351 = FACE_BOUND('',#4352,.T.);
#4352 = EDGE_LOOP('',(#4353,#4361,#4367,#4368));
#4353 = ORIENTED_EDGE('',*,*,#4354,.T.);
#4354 = EDGE_CURVE('',#1311,#4355,#4357,.T.);
#4355 = VERTEX_POINT('',#4356);
#4356 = CARTESIAN_POINT('',(-37.2,-24.0419047619,23.42));
#4357 = LINE('',#4358,#4359);
#4358 = CARTESIAN_POINT('',(-37.2,-24.0419047619,24.42));
#4359 = VECTOR('',#4360,1.);
#4360 = DIRECTION('',(-0.,-0.,-1.));
#4361 = ORIENTED_EDGE('',*,*,#4362,.T.);
#4362 = EDGE_CURVE('',#4355,#4331,#4363,.T.);
#4363 = LINE('',#4364,#4365);
#4364 = CARTESIAN_POINT('',(-37.2,-24.0419047619,23.42));
#4365 = VECTOR('',#4366,1.);
#4366 = DIRECTION('',(-2.22044604925E-16,-1.,0.));
#4367 = ORIENTED_EDGE('',*,*,#4330,.F.);
#4368 = ORIENTED_EDGE('',*,*,#1318,.F.);
#4369 = PLANE('',#4370);
#4370 = AXIS2_PLACEMENT_3D('',#4371,#4372,#4373);
#4371 = CARTESIAN_POINT('',(-37.2,-24.0419047619,24.42));
#4372 = DIRECTION('',(-1.,2.22044604925E-16,0.));
#4373 = DIRECTION('',(-2.22044604925E-16,-1.,0.));
#4374 = ADVANCED_FACE('',(#4375),#4386,.T.);
#4375 = FACE_BOUND('',#4376,.T.);
#4376 = EDGE_LOOP('',(#4377,#4378,#4384,#4385));
#4377 = ORIENTED_EDGE('',*,*,#4291,.T.);
#4378 = ORIENTED_EDGE('',*,*,#4379,.T.);
#4379 = EDGE_CURVE('',#4284,#4355,#4380,.T.);
#4380 = LINE('',#4381,#4382);
#4381 = CARTESIAN_POINT('',(-38.59285714285,-23.52047619047,23.42));
#4382 = VECTOR('',#4383,1.);
#4383 = DIRECTION('',(0.936526400854,-0.350597062884,0.));
#4384 = ORIENTED_EDGE('',*,*,#4354,.F.);
#4385 = ORIENTED_EDGE('',*,*,#1310,.F.);
#4386 = PLANE('',#4387);
#4387 = AXIS2_PLACEMENT_3D('',#4388,#4389,#4390);
#4388 = CARTESIAN_POINT('',(-38.59285714285,-23.52047619047,24.42));
#4389 = DIRECTION('',(-0.350597062884,-0.936526400854,0.));
#4390 = DIRECTION('',(0.936526400854,-0.350597062884,0.));
#4391 = ADVANCED_FACE('',(#4392),#4417,.T.);
#4392 = FACE_BOUND('',#4393,.T.);
#4393 = EDGE_LOOP('',(#4394,#4402,#4410,#4416));
#4394 = ORIENTED_EDGE('',*,*,#4395,.T.);
#4395 = EDGE_CURVE('',#1343,#4396,#4398,.T.);
#4396 = VERTEX_POINT('',#4397);
#4397 = CARTESIAN_POINT('',(-40.4,-22.86333333333,23.42));
#4398 = LINE('',#4399,#4400);
#4399 = CARTESIAN_POINT('',(-40.4,-22.86333333333,24.42));
#4400 = VECTOR('',#4401,1.);
#4401 = DIRECTION('',(-0.,-0.,-1.));
#4402 = ORIENTED_EDGE('',*,*,#4403,.T.);
#4403 = EDGE_CURVE('',#4396,#4404,#4406,.T.);
#4404 = VERTEX_POINT('',#4405);
#4405 = CARTESIAN_POINT('',(-37.2,-21.81333333333,23.42));
#4406 = LINE('',#4407,#4408);
#4407 = CARTESIAN_POINT('',(-40.4,-22.86333333333,23.42));
#4408 = VECTOR('',#4409,1.);
#4409 = DIRECTION('',(0.950157464068,0.311770417897,0.));
#4410 = ORIENTED_EDGE('',*,*,#4411,.F.);
#4411 = EDGE_CURVE('',#1345,#4404,#4412,.T.);
#4412 = LINE('',#4413,#4414);
#4413 = CARTESIAN_POINT('',(-37.2,-21.81333333333,24.42));
#4414 = VECTOR('',#4415,1.);
#4415 = DIRECTION('',(-0.,-0.,-1.));
#4416 = ORIENTED_EDGE('',*,*,#1342,.F.);
#4417 = PLANE('',#4418);
#4418 = AXIS2_PLACEMENT_3D('',#4419,#4420,#4421);
#4419 = CARTESIAN_POINT('',(-40.4,-22.86333333333,24.42));
#4420 = DIRECTION('',(0.311770417897,-0.950157464068,0.));
#4421 = DIRECTION('',(0.950157464068,0.311770417897,0.));
#4422 = ADVANCED_FACE('',(#4423),#4441,.T.);
#4423 = FACE_BOUND('',#4424,.T.);
#4424 = EDGE_LOOP('',(#4425,#4433,#4439,#4440));
#4425 = ORIENTED_EDGE('',*,*,#4426,.T.);
#4426 = EDGE_CURVE('',#1377,#4427,#4429,.T.);
#4427 = VERTEX_POINT('',#4428);
#4428 = CARTESIAN_POINT('',(-42.2,-22.86333333333,23.42));
#4429 = LINE('',#4430,#4431);
#4430 = CARTESIAN_POINT('',(-42.2,-22.86333333333,24.42));
#4431 = VECTOR('',#4432,1.);
#4432 = DIRECTION('',(-0.,-0.,-1.));
#4433 = ORIENTED_EDGE('',*,*,#4434,.T.);
#4434 = EDGE_CURVE('',#4427,#4396,#4435,.T.);
#4435 = LINE('',#4436,#4437);
#4436 = CARTESIAN_POINT('',(-42.2,-22.86333333333,23.42));
#4437 = VECTOR('',#4438,1.);
#4438 = DIRECTION('',(1.,-2.22044604925E-16,0.));
#4439 = ORIENTED_EDGE('',*,*,#4395,.F.);
#4440 = ORIENTED_EDGE('',*,*,#1384,.F.);
#4441 = PLANE('',#4442);
#4442 = AXIS2_PLACEMENT_3D('',#4443,#4444,#4445);
#4443 = CARTESIAN_POINT('',(-42.2,-22.86333333333,24.42));
#4444 = DIRECTION('',(-2.22044604925E-16,-1.,0.));
#4445 = DIRECTION('',(1.,-2.22044604925E-16,0.));
#4446 = ADVANCED_FACE('',(#4447),#4465,.T.);
#4447 = FACE_BOUND('',#4448,.T.);
#4448 = EDGE_LOOP('',(#4449,#4457,#4463,#4464));
#4449 = ORIENTED_EDGE('',*,*,#4450,.T.);
#4450 = EDGE_CURVE('',#1369,#4451,#4453,.T.);
#4451 = VERTEX_POINT('',#4452);
#4452 = CARTESIAN_POINT('',(-42.2,-23.68476190476,23.42));
#4453 = LINE('',#4454,#4455);
#4454 = CARTESIAN_POINT('',(-42.2,-23.68476190476,24.42));
#4455 = VECTOR('',#4456,1.);
#4456 = DIRECTION('',(-0.,-0.,-1.));
#4457 = ORIENTED_EDGE('',*,*,#4458,.T.);
#4458 = EDGE_CURVE('',#4451,#4427,#4459,.T.);
#4459 = LINE('',#4460,#4461);
#4460 = CARTESIAN_POINT('',(-42.2,-23.68476190476,23.42));
#4461 = VECTOR('',#4462,1.);
#4462 = DIRECTION('',(2.22044604925E-16,1.,0.));
#4463 = ORIENTED_EDGE('',*,*,#4426,.F.);
#4464 = ORIENTED_EDGE('',*,*,#1376,.F.);
#4465 = PLANE('',#4466);
#4466 = AXIS2_PLACEMENT_3D('',#4467,#4468,#4469);
#4467 = CARTESIAN_POINT('',(-42.2,-23.68476190476,24.42));
#4468 = DIRECTION('',(1.,-2.22044604925E-16,0.));
#4469 = DIRECTION('',(2.22044604925E-16,1.,0.));
#4470 = ADVANCED_FACE('',(#4471),#4489,.T.);
#4471 = FACE_BOUND('',#4472,.T.);
#4472 = EDGE_LOOP('',(#4473,#4481,#4487,#4488));
#4473 = ORIENTED_EDGE('',*,*,#4474,.T.);
#4474 = EDGE_CURVE('',#1361,#4475,#4477,.T.);
#4475 = VERTEX_POINT('',#4476);
#4476 = CARTESIAN_POINT('',(-40.39285714285,-23.68476190476,23.42));
#4477 = LINE('',#4478,#4479);
#4478 = CARTESIAN_POINT('',(-40.39285714285,-23.68476190476,24.42));
#4479 = VECTOR('',#4480,1.);
#4480 = DIRECTION('',(-0.,-0.,-1.));
#4481 = ORIENTED_EDGE('',*,*,#4482,.T.);
#4482 = EDGE_CURVE('',#4475,#4451,#4483,.T.);
#4483 = LINE('',#4484,#4485);
#4484 = CARTESIAN_POINT('',(-40.39285714285,-23.68476190476,23.42));
#4485 = VECTOR('',#4486,1.);
#4486 = DIRECTION('',(-1.,2.22044604925E-16,0.));
#4487 = ORIENTED_EDGE('',*,*,#4450,.F.);
#4488 = ORIENTED_EDGE('',*,*,#1368,.F.);
#4489 = PLANE('',#4490);
#4490 = AXIS2_PLACEMENT_3D('',#4491,#4492,#4493);
#4491 = CARTESIAN_POINT('',(-40.39285714285,-23.68476190476,24.42));
#4492 = DIRECTION('',(2.22044604925E-16,1.,0.));
#4493 = DIRECTION('',(-1.,2.22044604925E-16,0.));
#4494 = ADVANCED_FACE('',(#4495),#4513,.T.);
#4495 = FACE_BOUND('',#4496,.T.);
#4496 = EDGE_LOOP('',(#4497,#4505,#4511,#4512));
#4497 = ORIENTED_EDGE('',*,*,#4498,.T.);
#4498 = EDGE_CURVE('',#1353,#4499,#4501,.T.);
#4499 = VERTEX_POINT('',#4500);
#4500 = CARTESIAN_POINT('',(-37.2,-22.6419047619,23.42));
#4501 = LINE('',#4502,#4503);
#4502 = CARTESIAN_POINT('',(-37.2,-22.6419047619,24.42));
#4503 = VECTOR('',#4504,1.);
#4504 = DIRECTION('',(-0.,-0.,-1.));
#4505 = ORIENTED_EDGE('',*,*,#4506,.T.);
#4506 = EDGE_CURVE('',#4499,#4475,#4507,.T.);
#4507 = LINE('',#4508,#4509);
#4508 = CARTESIAN_POINT('',(-37.2,-22.6419047619,23.42));
#4509 = VECTOR('',#4510,1.);
#4510 = DIRECTION('',(-0.95057984149,-0.310480216684,0.));
#4511 = ORIENTED_EDGE('',*,*,#4474,.F.);
#4512 = ORIENTED_EDGE('',*,*,#1360,.F.);
#4513 = PLANE('',#4514);
#4514 = AXIS2_PLACEMENT_3D('',#4515,#4516,#4517);
#4515 = CARTESIAN_POINT('',(-37.2,-22.6419047619,24.42));
#4516 = DIRECTION('',(-0.310480216684,0.95057984149,0.));
#4517 = DIRECTION('',(-0.95057984149,-0.310480216684,0.));
#4518 = ADVANCED_FACE('',(#4519),#4530,.T.);
#4519 = FACE_BOUND('',#4520,.T.);
#4520 = EDGE_LOOP('',(#4521,#4522,#4528,#4529));
#4521 = ORIENTED_EDGE('',*,*,#4411,.T.);
#4522 = ORIENTED_EDGE('',*,*,#4523,.T.);
#4523 = EDGE_CURVE('',#4404,#4499,#4524,.T.);
#4524 = LINE('',#4525,#4526);
#4525 = CARTESIAN_POINT('',(-37.2,-21.81333333333,23.42));
#4526 = VECTOR('',#4527,1.);
#4527 = DIRECTION('',(-2.22044604925E-16,-1.,0.));
#4528 = ORIENTED_EDGE('',*,*,#4498,.F.);
#4529 = ORIENTED_EDGE('',*,*,#1352,.F.);
#4530 = PLANE('',#4531);
#4531 = AXIS2_PLACEMENT_3D('',#4532,#4533,#4534);
#4532 = CARTESIAN_POINT('',(-37.2,-21.81333333333,24.42));
#4533 = DIRECTION('',(-1.,2.22044604925E-16,0.));
#4534 = DIRECTION('',(-2.22044604925E-16,-1.,0.));
#4535 = ADVANCED_FACE('',(#4536),#4561,.T.);
#4536 = FACE_BOUND('',#4537,.T.);
#4537 = EDGE_LOOP('',(#4538,#4546,#4554,#4560));
#4538 = ORIENTED_EDGE('',*,*,#4539,.T.);
#4539 = EDGE_CURVE('',#1393,#4540,#4542,.T.);
#4540 = VERTEX_POINT('',#4541);
#4541 = CARTESIAN_POINT('',(-40.09285714285,-19.95904761904,23.42));
#4542 = LINE('',#4543,#4544);
#4543 = CARTESIAN_POINT('',(-40.09285714285,-19.95904761904,24.42));
#4544 = VECTOR('',#4545,1.);
#4545 = DIRECTION('',(-0.,-0.,-1.));
#4546 = ORIENTED_EDGE('',*,*,#4547,.T.);
#4547 = EDGE_CURVE('',#4540,#4548,#4550,.T.);
#4548 = VERTEX_POINT('',#4549);
#4549 = CARTESIAN_POINT('',(-40.09285714285,-19.54476190476,23.42));
#4550 = LINE('',#4551,#4552);
#4551 = CARTESIAN_POINT('',(-40.09285714285,-19.95904761904,23.42));
#4552 = VECTOR('',#4553,1.);
#4553 = DIRECTION('',(2.22044604925E-16,1.,0.));
#4554 = ORIENTED_EDGE('',*,*,#4555,.F.);
#4555 = EDGE_CURVE('',#1395,#4548,#4556,.T.);
#4556 = LINE('',#4557,#4558);
#4557 = CARTESIAN_POINT('',(-40.09285714285,-19.54476190476,24.42));
#4558 = VECTOR('',#4559,1.);
#4559 = DIRECTION('',(-0.,-0.,-1.));
#4560 = ORIENTED_EDGE('',*,*,#1392,.F.);
#4561 = PLANE('',#4562);
#4562 = AXIS2_PLACEMENT_3D('',#4563,#4564,#4565);
#4563 = CARTESIAN_POINT('',(-40.09285714285,-19.95904761904,24.42));
#4564 = DIRECTION('',(1.,-2.22044604925E-16,0.));
#4565 = DIRECTION('',(2.22044604925E-16,1.,0.));
#4566 = ADVANCED_FACE('',(#4567),#4585,.T.);
#4567 = FACE_BOUND('',#4568,.T.);
#4568 = EDGE_LOOP('',(#4569,#4577,#4583,#4584));
#4569 = ORIENTED_EDGE('',*,*,#4570,.T.);
#4570 = EDGE_CURVE('',#1539,#4571,#4573,.T.);
#4571 = VERTEX_POINT('',#4572);
#4572 = CARTESIAN_POINT('',(-40.17142857142,-20.3519047619,23.42));
#4573 = LINE('',#4574,#4575);
#4574 = CARTESIAN_POINT('',(-40.17142857142,-20.3519047619,24.42));
#4575 = VECTOR('',#4576,1.);
#4576 = DIRECTION('',(-0.,-0.,-1.));
#4577 = ORIENTED_EDGE('',*,*,#4578,.T.);
#4578 = EDGE_CURVE('',#4571,#4540,#4579,.T.);
#4579 = B_SPLINE_CURVE_WITH_KNOTS('',2,(#4580,#4581,#4582),
  .UNSPECIFIED.,.F.,.F.,(3,3),(0.,1.),.PIECEWISE_BEZIER_KNOTS.);
#4580 = CARTESIAN_POINT('',(-40.17142857142,-20.3519047619,23.42));
#4581 = CARTESIAN_POINT('',(-40.09285714285,-20.19476190476,23.42));
#4582 = CARTESIAN_POINT('',(-40.09285714285,-19.95904761904,23.42));
#4583 = ORIENTED_EDGE('',*,*,#4539,.F.);
#4584 = ORIENTED_EDGE('',*,*,#1546,.F.);
#4585 = SURFACE_OF_LINEAR_EXTRUSION('',#4586,#4590);
#4586 = B_SPLINE_CURVE_WITH_KNOTS('',2,(#4587,#4588,#4589),
  .UNSPECIFIED.,.F.,.F.,(3,3),(0.,1.),.PIECEWISE_BEZIER_KNOTS.);
#4587 = CARTESIAN_POINT('',(-40.17142857142,-20.3519047619,24.42));
#4588 = CARTESIAN_POINT('',(-40.09285714285,-20.19476190476,24.42));
#4589 = CARTESIAN_POINT('',(-40.09285714285,-19.95904761904,24.42));
#4590 = VECTOR('',#4591,1.);
#4591 = DIRECTION('',(0.,0.,1.));
#4592 = ADVANCED_FACE('',(#4593),#4611,.T.);
#4593 = FACE_BOUND('',#4594,.T.);
#4594 = EDGE_LOOP('',(#4595,#4603,#4609,#4610));
#4595 = ORIENTED_EDGE('',*,*,#4596,.T.);
#4596 = EDGE_CURVE('',#1531,#4597,#4599,.T.);
#4597 = VERTEX_POINT('',#4598);
#4598 = CARTESIAN_POINT('',(-40.92857142857,-20.67333333333,23.42));
#4599 = LINE('',#4600,#4601);
#4600 = CARTESIAN_POINT('',(-40.92857142857,-20.67333333333,24.42));
#4601 = VECTOR('',#4602,1.);
#4602 = DIRECTION('',(-0.,-0.,-1.));
#4603 = ORIENTED_EDGE('',*,*,#4604,.T.);
#4604 = EDGE_CURVE('',#4597,#4571,#4605,.T.);
#4605 = B_SPLINE_CURVE_WITH_KNOTS('',2,(#4606,#4607,#4608),
  .UNSPECIFIED.,.F.,.F.,(3,3),(0.,1.),.PIECEWISE_BEZIER_KNOTS.);
#4606 = CARTESIAN_POINT('',(-40.92857142857,-20.67333333333,23.42));
#4607 = CARTESIAN_POINT('',(-40.32857142857,-20.61619047619,23.42));
#4608 = CARTESIAN_POINT('',(-40.17142857142,-20.3519047619,23.42));
#4609 = ORIENTED_EDGE('',*,*,#4570,.F.);
#4610 = ORIENTED_EDGE('',*,*,#1538,.F.);
#4611 = SURFACE_OF_LINEAR_EXTRUSION('',#4612,#4616);
#4612 = B_SPLINE_CURVE_WITH_KNOTS('',2,(#4613,#4614,#4615),
  .UNSPECIFIED.,.F.,.F.,(3,3),(0.,1.),.PIECEWISE_BEZIER_KNOTS.);
#4613 = CARTESIAN_POINT('',(-40.92857142857,-20.67333333333,24.42));
#4614 = CARTESIAN_POINT('',(-40.32857142857,-20.61619047619,24.42));
#4615 = CARTESIAN_POINT('',(-40.17142857142,-20.3519047619,24.42));
#4616 = VECTOR('',#4617,1.);
#4617 = DIRECTION('',(0.,0.,1.));
#4618 = ADVANCED_FACE('',(#4619),#4637,.T.);
#4619 = FACE_BOUND('',#4620,.T.);
#4620 = EDGE_LOOP('',(#4621,#4629,#4635,#4636));
#4621 = ORIENTED_EDGE('',*,*,#4622,.T.);
#4622 = EDGE_CURVE('',#1523,#4623,#4625,.T.);
#4623 = VERTEX_POINT('',#4624);
#4624 = CARTESIAN_POINT('',(-42.2,-20.78047619047,23.42));
#4625 = LINE('',#4626,#4627);
#4626 = CARTESIAN_POINT('',(-42.2,-20.78047619047,24.42));
#4627 = VECTOR('',#4628,1.);
#4628 = DIRECTION('',(-0.,-0.,-1.));
#4629 = ORIENTED_EDGE('',*,*,#4630,.T.);
#4630 = EDGE_CURVE('',#4623,#4597,#4631,.T.);
#4631 = LINE('',#4632,#4633);
#4632 = CARTESIAN_POINT('',(-42.2,-20.78047619047,23.42));
#4633 = VECTOR('',#4634,1.);
#4634 = DIRECTION('',(0.996468111813,8.397203189433E-02,0.));
#4635 = ORIENTED_EDGE('',*,*,#4596,.F.);
#4636 = ORIENTED_EDGE('',*,*,#1530,.F.);
#4637 = PLANE('',#4638);
#4638 = AXIS2_PLACEMENT_3D('',#4639,#4640,#4641);
#4639 = CARTESIAN_POINT('',(-42.2,-20.78047619047,24.42));
#4640 = DIRECTION('',(8.397203189433E-02,-0.996468111813,0.));
#4641 = DIRECTION('',(0.996468111813,8.397203189433E-02,0.));
#4642 = ADVANCED_FACE('',(#4643),#4661,.T.);
#4643 = FACE_BOUND('',#4644,.T.);
#4644 = EDGE_LOOP('',(#4645,#4653,#4659,#4660));
#4645 = ORIENTED_EDGE('',*,*,#4646,.T.);
#4646 = EDGE_CURVE('',#1515,#4647,#4649,.T.);
#4647 = VERTEX_POINT('',#4648);
#4648 = CARTESIAN_POINT('',(-42.2,-21.52333333333,23.42));
#4649 = LINE('',#4650,#4651);
#4650 = CARTESIAN_POINT('',(-42.2,-21.52333333333,24.42));
#4651 = VECTOR('',#4652,1.);
#4652 = DIRECTION('',(-0.,-0.,-1.));
#4653 = ORIENTED_EDGE('',*,*,#4654,.T.);
#4654 = EDGE_CURVE('',#4647,#4623,#4655,.T.);
#4655 = LINE('',#4656,#4657);
#4656 = CARTESIAN_POINT('',(-42.2,-21.52333333333,23.42));
#4657 = VECTOR('',#4658,1.);
#4658 = DIRECTION('',(2.22044604925E-16,1.,0.));
#4659 = ORIENTED_EDGE('',*,*,#4622,.F.);
#4660 = ORIENTED_EDGE('',*,*,#1522,.F.);
#4661 = PLANE('',#4662);
#4662 = AXIS2_PLACEMENT_3D('',#4663,#4664,#4665);
#4663 = CARTESIAN_POINT('',(-42.2,-21.52333333333,24.42));
#4664 = DIRECTION('',(1.,-2.22044604925E-16,0.));
#4665 = DIRECTION('',(2.22044604925E-16,1.,0.));
#4666 = ADVANCED_FACE('',(#4667),#4685,.T.);
#4667 = FACE_BOUND('',#4668,.T.);
#4668 = EDGE_LOOP('',(#4669,#4677,#4683,#4684));
#4669 = ORIENTED_EDGE('',*,*,#4670,.T.);
#4670 = EDGE_CURVE('',#1507,#4671,#4673,.T.);
#4671 = VERTEX_POINT('',#4672);
#4672 = CARTESIAN_POINT('',(-40.65,-21.4019047619,23.42));
#4673 = LINE('',#4674,#4675);
#4674 = CARTESIAN_POINT('',(-40.65,-21.4019047619,24.42));
#4675 = VECTOR('',#4676,1.);
#4676 = DIRECTION('',(-0.,-0.,-1.));
#4677 = ORIENTED_EDGE('',*,*,#4678,.T.);
#4678 = EDGE_CURVE('',#4671,#4647,#4679,.T.);
#4679 = LINE('',#4680,#4681);
#4680 = CARTESIAN_POINT('',(-40.65,-21.4019047619,23.42));
#4681 = VECTOR('',#4682,1.);
#4682 = DIRECTION('',(-0.996945395907,-7.810171304339E-02,0.));
#4683 = ORIENTED_EDGE('',*,*,#4646,.F.);
#4684 = ORIENTED_EDGE('',*,*,#1514,.F.);
#4685 = PLANE('',#4686);
#4686 = AXIS2_PLACEMENT_3D('',#4687,#4688,#4689);
#4687 = CARTESIAN_POINT('',(-40.65,-21.4019047619,24.42));
#4688 = DIRECTION('',(-7.810171304339E-02,0.996945395907,0.));
#4689 = DIRECTION('',(-0.996945395907,-7.810171304339E-02,0.));
#4690 = ADVANCED_FACE('',(#4691),#4709,.T.);
#4691 = FACE_BOUND('',#4692,.T.);
#4692 = EDGE_LOOP('',(#4693,#4701,#4707,#4708));
#4693 = ORIENTED_EDGE('',*,*,#4694,.T.);
#4694 = EDGE_CURVE('',#1499,#4695,#4697,.T.);
#4695 = VERTEX_POINT('',#4696);
#4696 = CARTESIAN_POINT('',(-40.47857142857,-21.38047619047,23.42));
#4697 = LINE('',#4698,#4699);
#4698 = CARTESIAN_POINT('',(-40.47857142857,-21.38047619047,24.42));
#4699 = VECTOR('',#4700,1.);
#4700 = DIRECTION('',(-0.,-0.,-1.));
#4701 = ORIENTED_EDGE('',*,*,#4702,.T.);
#4702 = EDGE_CURVE('',#4695,#4671,#4703,.T.);
#4703 = B_SPLINE_CURVE_WITH_KNOTS('',2,(#4704,#4705,#4706),
  .UNSPECIFIED.,.F.,.F.,(3,3),(0.,1.),.PIECEWISE_BEZIER_KNOTS.);
#4704 = CARTESIAN_POINT('',(-40.47857142857,-21.38047619047,23.42));
#4705 = CARTESIAN_POINT('',(-40.57142857142,-21.39476190476,23.42));
#4706 = CARTESIAN_POINT('',(-40.65,-21.4019047619,23.42));
#4707 = ORIENTED_EDGE('',*,*,#4670,.F.);
#4708 = ORIENTED_EDGE('',*,*,#1506,.F.);
#4709 = SURFACE_OF_LINEAR_EXTRUSION('',#4710,#4714);
#4710 = B_SPLINE_CURVE_WITH_KNOTS('',2,(#4711,#4712,#4713),
  .UNSPECIFIED.,.F.,.F.,(3,3),(0.,1.),.PIECEWISE_BEZIER_KNOTS.);
#4711 = CARTESIAN_POINT('',(-40.47857142857,-21.38047619047,24.42));
#4712 = CARTESIAN_POINT('',(-40.57142857142,-21.39476190476,24.42));
#4713 = CARTESIAN_POINT('',(-40.65,-21.4019047619,24.42));
#4714 = VECTOR('',#4715,1.);
#4715 = DIRECTION('',(0.,0.,1.));
#4716 = ADVANCED_FACE('',(#4717),#4735,.T.);
#4717 = FACE_BOUND('',#4718,.T.);
#4718 = EDGE_LOOP('',(#4719,#4727,#4733,#4734));
#4719 = ORIENTED_EDGE('',*,*,#4720,.T.);
#4720 = EDGE_CURVE('',#1491,#4721,#4723,.T.);
#4721 = VERTEX_POINT('',#4722);
#4722 = CARTESIAN_POINT('',(-39.71428571428,-20.90904761904,23.42));
#4723 = LINE('',#4724,#4725);
#4724 = CARTESIAN_POINT('',(-39.71428571428,-20.90904761904,24.42));
#4725 = VECTOR('',#4726,1.);
#4726 = DIRECTION('',(-0.,-0.,-1.));
#4727 = ORIENTED_EDGE('',*,*,#4728,.T.);
#4728 = EDGE_CURVE('',#4721,#4695,#4729,.T.);
#4729 = B_SPLINE_CURVE_WITH_KNOTS('',2,(#4730,#4731,#4732),
  .UNSPECIFIED.,.F.,.F.,(3,3),(0.,1.),.PIECEWISE_BEZIER_KNOTS.);
#4730 = CARTESIAN_POINT('',(-39.71428571428,-20.90904761904,23.42));
#4731 = CARTESIAN_POINT('',(-39.92857142857,-21.28047619047,23.42));
#4732 = CARTESIAN_POINT('',(-40.47857142857,-21.38047619047,23.42));
#4733 = ORIENTED_EDGE('',*,*,#4694,.F.);
#4734 = ORIENTED_EDGE('',*,*,#1498,.F.);
#4735 = SURFACE_OF_LINEAR_EXTRUSION('',#4736,#4740);
#4736 = B_SPLINE_CURVE_WITH_KNOTS('',2,(#4737,#4738,#4739),
  .UNSPECIFIED.,.F.,.F.,(3,3),(0.,1.),.PIECEWISE_BEZIER_KNOTS.);
#4737 = CARTESIAN_POINT('',(-39.71428571428,-20.90904761904,24.42));
#4738 = CARTESIAN_POINT('',(-39.92857142857,-21.28047619047,24.42));
#4739 = CARTESIAN_POINT('',(-40.47857142857,-21.38047619047,24.42));
#4740 = VECTOR('',#4741,1.);
#4741 = DIRECTION('',(0.,0.,1.));
#4742 = ADVANCED_FACE('',(#4743),#4761,.T.);
#4743 = FACE_BOUND('',#4744,.T.);
#4744 = EDGE_LOOP('',(#4745,#4753,#4759,#4760));
#4745 = ORIENTED_EDGE('',*,*,#4746,.T.);
#4746 = EDGE_CURVE('',#1483,#4747,#4749,.T.);
#4747 = VERTEX_POINT('',#4748);
#4748 = CARTESIAN_POINT('',(-38.56428571428,-21.39476190476,23.42));
#4749 = LINE('',#4750,#4751);
#4750 = CARTESIAN_POINT('',(-38.56428571428,-21.39476190476,24.42));
#4751 = VECTOR('',#4752,1.);
#4752 = DIRECTION('',(-0.,-0.,-1.));
#4753 = ORIENTED_EDGE('',*,*,#4754,.T.);
#4754 = EDGE_CURVE('',#4747,#4721,#4755,.T.);
#4755 = B_SPLINE_CURVE_WITH_KNOTS('',2,(#4756,#4757,#4758),
  .UNSPECIFIED.,.F.,.F.,(3,3),(0.,1.),.PIECEWISE_BEZIER_KNOTS.);
#4756 = CARTESIAN_POINT('',(-38.56428571428,-21.39476190476,23.42));
#4757 = CARTESIAN_POINT('',(-39.35714285714,-21.38761904761,23.42));
#4758 = CARTESIAN_POINT('',(-39.71428571428,-20.90904761904,23.42));
#4759 = ORIENTED_EDGE('',*,*,#4720,.F.);
#4760 = ORIENTED_EDGE('',*,*,#1490,.F.);
#4761 = SURFACE_OF_LINEAR_EXTRUSION('',#4762,#4766);
#4762 = B_SPLINE_CURVE_WITH_KNOTS('',2,(#4763,#4764,#4765),
  .UNSPECIFIED.,.F.,.F.,(3,3),(0.,1.),.PIECEWISE_BEZIER_KNOTS.);
#4763 = CARTESIAN_POINT('',(-38.56428571428,-21.39476190476,24.42));
#4764 = CARTESIAN_POINT('',(-39.35714285714,-21.38761904761,24.42));
#4765 = CARTESIAN_POINT('',(-39.71428571428,-20.90904761904,24.42));
#4766 = VECTOR('',#4767,1.);
#4767 = DIRECTION('',(0.,0.,1.));
#4768 = ADVANCED_FACE('',(#4769),#4787,.T.);
#4769 = FACE_BOUND('',#4770,.T.);
#4770 = EDGE_LOOP('',(#4771,#4779,#4785,#4786));
#4771 = ORIENTED_EDGE('',*,*,#4772,.T.);
#4772 = EDGE_CURVE('',#1475,#4773,#4775,.T.);
#4773 = VERTEX_POINT('',#4774);
#4774 = CARTESIAN_POINT('',(-37.90714285714,-21.25904761904,23.42));
#4775 = LINE('',#4776,#4777);
#4776 = CARTESIAN_POINT('',(-37.90714285714,-21.25904761904,24.42));
#4777 = VECTOR('',#4778,1.);
#4778 = DIRECTION('',(-0.,-0.,-1.));
#4779 = ORIENTED_EDGE('',*,*,#4780,.T.);
#4780 = EDGE_CURVE('',#4773,#4747,#4781,.T.);
#4781 = B_SPLINE_CURVE_WITH_KNOTS('',2,(#4782,#4783,#4784),
  .UNSPECIFIED.,.F.,.F.,(3,3),(0.,1.),.PIECEWISE_BEZIER_KNOTS.);
#4782 = CARTESIAN_POINT('',(-37.90714285714,-21.25904761904,23.42));
#4783 = CARTESIAN_POINT('',(-38.19285714285,-21.39476190476,23.42));
#4784 = CARTESIAN_POINT('',(-38.56428571428,-21.39476190476,23.42));
#4785 = ORIENTED_EDGE('',*,*,#4746,.F.);
#4786 = ORIENTED_EDGE('',*,*,#1482,.F.);
#4787 = SURFACE_OF_LINEAR_EXTRUSION('',#4788,#4792);
#4788 = B_SPLINE_CURVE_WITH_KNOTS('',2,(#4789,#4790,#4791),
  .UNSPECIFIED.,.F.,.F.,(3,3),(0.,1.),.PIECEWISE_BEZIER_KNOTS.);
#4789 = CARTESIAN_POINT('',(-37.90714285714,-21.25904761904,24.42));
#4790 = CARTESIAN_POINT('',(-38.19285714285,-21.39476190476,24.42));
#4791 = CARTESIAN_POINT('',(-38.56428571428,-21.39476190476,24.42));
#4792 = VECTOR('',#4793,1.);
#4793 = DIRECTION('',(0.,0.,1.));
#4794 = ADVANCED_FACE('',(#4795),#4813,.T.);
#4795 = FACE_BOUND('',#4796,.T.);
#4796 = EDGE_LOOP('',(#4797,#4805,#4811,#4812));
#4797 = ORIENTED_EDGE('',*,*,#4798,.T.);
#4798 = EDGE_CURVE('',#1467,#4799,#4801,.T.);
#4799 = VERTEX_POINT('',#4800);
#4800 = CARTESIAN_POINT('',(-37.2,-19.98047619047,23.42));
#4801 = LINE('',#4802,#4803);
#4802 = CARTESIAN_POINT('',(-37.2,-19.98047619047,24.42));
#4803 = VECTOR('',#4804,1.);
#4804 = DIRECTION('',(-0.,-0.,-1.));
#4805 = ORIENTED_EDGE('',*,*,#4806,.T.);
#4806 = EDGE_CURVE('',#4799,#4773,#4807,.T.);
#4807 = B_SPLINE_CURVE_WITH_KNOTS('',2,(#4808,#4809,#4810),
  .UNSPECIFIED.,.F.,.F.,(3,3),(0.,1.),.PIECEWISE_BEZIER_KNOTS.);
#4808 = CARTESIAN_POINT('',(-37.2,-19.98047619047,23.42));
#4809 = CARTESIAN_POINT('',(-37.22142857142,-20.93047619047,23.42));
#4810 = CARTESIAN_POINT('',(-37.90714285714,-21.25904761904,23.42));
#4811 = ORIENTED_EDGE('',*,*,#4772,.F.);
#4812 = ORIENTED_EDGE('',*,*,#1474,.F.);
#4813 = SURFACE_OF_LINEAR_EXTRUSION('',#4814,#4818);
#4814 = B_SPLINE_CURVE_WITH_KNOTS('',2,(#4815,#4816,#4817),
  .UNSPECIFIED.,.F.,.F.,(3,3),(0.,1.),.PIECEWISE_BEZIER_KNOTS.);
#4815 = CARTESIAN_POINT('',(-37.2,-19.98047619047,24.42));
#4816 = CARTESIAN_POINT('',(-37.22142857142,-20.93047619047,24.42));
#4817 = CARTESIAN_POINT('',(-37.90714285714,-21.25904761904,24.42));
#4818 = VECTOR('',#4819,1.);
#4819 = DIRECTION('',(0.,0.,1.));
#4820 = ADVANCED_FACE('',(#4821),#4839,.T.);
#4821 = FACE_BOUND('',#4822,.T.);
#4822 = EDGE_LOOP('',(#4823,#4831,#4837,#4838));
#4823 = ORIENTED_EDGE('',*,*,#4824,.T.);
#4824 = EDGE_CURVE('',#1459,#4825,#4827,.T.);
#4825 = VERTEX_POINT('',#4826);
#4826 = CARTESIAN_POINT('',(-37.2,-19.54476190476,23.42));
#4827 = LINE('',#4828,#4829);
#4828 = CARTESIAN_POINT('',(-37.2,-19.54476190476,24.42));
#4829 = VECTOR('',#4830,1.);
#4830 = DIRECTION('',(-0.,-0.,-1.));
#4831 = ORIENTED_EDGE('',*,*,#4832,.T.);
#4832 = EDGE_CURVE('',#4825,#4799,#4833,.T.);
#4833 = LINE('',#4834,#4835);
#4834 = CARTESIAN_POINT('',(-37.2,-19.54476190476,23.42));
#4835 = VECTOR('',#4836,1.);
#4836 = DIRECTION('',(-2.22044604925E-16,-1.,0.));
#4837 = ORIENTED_EDGE('',*,*,#4798,.F.);
#4838 = ORIENTED_EDGE('',*,*,#1466,.F.);
#4839 = PLANE('',#4840);
#4840 = AXIS2_PLACEMENT_3D('',#4841,#4842,#4843);
#4841 = CARTESIAN_POINT('',(-37.2,-19.54476190476,24.42));
#4842 = DIRECTION('',(-1.,2.22044604925E-16,0.));
#4843 = DIRECTION('',(-2.22044604925E-16,-1.,0.));
#4844 = ADVANCED_FACE('',(#4845),#4863,.T.);
#4845 = FACE_BOUND('',#4846,.T.);
#4846 = EDGE_LOOP('',(#4847,#4855,#4861,#4862));
#4847 = ORIENTED_EDGE('',*,*,#4848,.T.);
#4848 = EDGE_CURVE('',#1451,#4849,#4851,.T.);
#4849 = VERTEX_POINT('',#4850);
#4850 = CARTESIAN_POINT('',(-37.94285714285,-19.54476190476,23.42));
#4851 = LINE('',#4852,#4853);
#4852 = CARTESIAN_POINT('',(-37.94285714285,-19.54476190476,24.42));
#4853 = VECTOR('',#4854,1.);
#4854 = DIRECTION('',(-0.,-0.,-1.));
#4855 = ORIENTED_EDGE('',*,*,#4856,.T.);
#4856 = EDGE_CURVE('',#4849,#4825,#4857,.T.);
#4857 = LINE('',#4858,#4859);
#4858 = CARTESIAN_POINT('',(-37.94285714285,-19.54476190476,23.42));
#4859 = VECTOR('',#4860,1.);
#4860 = DIRECTION('',(1.,-2.22044604925E-16,0.));
#4861 = ORIENTED_EDGE('',*,*,#4824,.F.);
#4862 = ORIENTED_EDGE('',*,*,#1458,.F.);
#4863 = PLANE('',#4864);
#4864 = AXIS2_PLACEMENT_3D('',#4865,#4866,#4867);
#4865 = CARTESIAN_POINT('',(-37.94285714285,-19.54476190476,24.42));
#4866 = DIRECTION('',(-2.22044604925E-16,-1.,0.));
#4867 = DIRECTION('',(1.,-2.22044604925E-16,0.));
#4868 = ADVANCED_FACE('',(#4869),#4887,.T.);
#4869 = FACE_BOUND('',#4870,.T.);
#4870 = EDGE_LOOP('',(#4871,#4879,#4885,#4886));
#4871 = ORIENTED_EDGE('',*,*,#4872,.T.);
#4872 = EDGE_CURVE('',#1443,#4873,#4875,.T.);
#4873 = VERTEX_POINT('',#4874);
#4874 = CARTESIAN_POINT('',(-37.94285714285,-19.88761904761,23.42));
#4875 = LINE('',#4876,#4877);
#4876 = CARTESIAN_POINT('',(-37.94285714285,-19.88761904761,24.42));
#4877 = VECTOR('',#4878,1.);
#4878 = DIRECTION('',(-0.,-0.,-1.));
#4879 = ORIENTED_EDGE('',*,*,#4880,.T.);
#4880 = EDGE_CURVE('',#4873,#4849,#4881,.T.);
#4881 = LINE('',#4882,#4883);
#4882 = CARTESIAN_POINT('',(-37.94285714285,-19.88761904761,23.42));
#4883 = VECTOR('',#4884,1.);
#4884 = DIRECTION('',(2.22044604925E-16,1.,0.));
#4885 = ORIENTED_EDGE('',*,*,#4848,.F.);
#4886 = ORIENTED_EDGE('',*,*,#1450,.F.);
#4887 = PLANE('',#4888);
#4888 = AXIS2_PLACEMENT_3D('',#4889,#4890,#4891);
#4889 = CARTESIAN_POINT('',(-37.94285714285,-19.88761904761,24.42));
#4890 = DIRECTION('',(1.,-2.22044604925E-16,0.));
#4891 = DIRECTION('',(2.22044604925E-16,1.,0.));
#4892 = ADVANCED_FACE('',(#4893),#4911,.T.);
#4893 = FACE_BOUND('',#4894,.T.);
#4894 = EDGE_LOOP('',(#4895,#4903,#4909,#4910));
#4895 = ORIENTED_EDGE('',*,*,#4896,.T.);
#4896 = EDGE_CURVE('',#1435,#4897,#4899,.T.);
#4897 = VERTEX_POINT('',#4898);
#4898 = CARTESIAN_POINT('',(-37.95714285714,-20.09476190476,23.42));
#4899 = LINE('',#4900,#4901);
#4900 = CARTESIAN_POINT('',(-37.95714285714,-20.09476190476,24.42));
#4901 = VECTOR('',#4902,1.);
#4902 = DIRECTION('',(-0.,-0.,-1.));
#4903 = ORIENTED_EDGE('',*,*,#4904,.T.);
#4904 = EDGE_CURVE('',#4897,#4873,#4905,.T.);
#4905 = B_SPLINE_CURVE_WITH_KNOTS('',2,(#4906,#4907,#4908),
  .UNSPECIFIED.,.F.,.F.,(3,3),(0.,1.),.PIECEWISE_BEZIER_KNOTS.);
#4906 = CARTESIAN_POINT('',(-37.95714285714,-20.09476190476,23.42));
#4907 = CARTESIAN_POINT('',(-37.94285714285,-19.99476190476,23.42));
#4908 = CARTESIAN_POINT('',(-37.94285714285,-19.88761904761,23.42));
#4909 = ORIENTED_EDGE('',*,*,#4872,.F.);
#4910 = ORIENTED_EDGE('',*,*,#1442,.F.);
#4911 = SURFACE_OF_LINEAR_EXTRUSION('',#4912,#4916);
#4912 = B_SPLINE_CURVE_WITH_KNOTS('',2,(#4913,#4914,#4915),
  .UNSPECIFIED.,.F.,.F.,(3,3),(0.,1.),.PIECEWISE_BEZIER_KNOTS.);
#4913 = CARTESIAN_POINT('',(-37.95714285714,-20.09476190476,24.42));
#4914 = CARTESIAN_POINT('',(-37.94285714285,-19.99476190476,24.42));
#4915 = CARTESIAN_POINT('',(-37.94285714285,-19.88761904761,24.42));
#4916 = VECTOR('',#4917,1.);
#4917 = DIRECTION('',(0.,0.,1.));
#4918 = ADVANCED_FACE('',(#4919),#4937,.T.);
#4919 = FACE_BOUND('',#4920,.T.);
#4920 = EDGE_LOOP('',(#4921,#4929,#4935,#4936));
#4921 = ORIENTED_EDGE('',*,*,#4922,.T.);
#4922 = EDGE_CURVE('',#1427,#4923,#4925,.T.);
#4923 = VERTEX_POINT('',#4924);
#4924 = CARTESIAN_POINT('',(-38.66428571428,-20.63761904761,23.42));
#4925 = LINE('',#4926,#4927);
#4926 = CARTESIAN_POINT('',(-38.66428571428,-20.63761904761,24.42));
#4927 = VECTOR('',#4928,1.);
#4928 = DIRECTION('',(-0.,-0.,-1.));
#4929 = ORIENTED_EDGE('',*,*,#4930,.T.);
#4930 = EDGE_CURVE('',#4923,#4897,#4931,.T.);
#4931 = B_SPLINE_CURVE_WITH_KNOTS('',2,(#4932,#4933,#4934),
  .UNSPECIFIED.,.F.,.F.,(3,3),(0.,1.),.PIECEWISE_BEZIER_KNOTS.);
#4932 = CARTESIAN_POINT('',(-38.66428571428,-20.63761904761,23.42));
#4933 = CARTESIAN_POINT('',(-38.06428571428,-20.63761904761,23.42));
#4934 = CARTESIAN_POINT('',(-37.95714285714,-20.09476190476,23.42));
#4935 = ORIENTED_EDGE('',*,*,#4896,.F.);
#4936 = ORIENTED_EDGE('',*,*,#1434,.F.);
#4937 = SURFACE_OF_LINEAR_EXTRUSION('',#4938,#4942);
#4938 = B_SPLINE_CURVE_WITH_KNOTS('',2,(#4939,#4940,#4941),
  .UNSPECIFIED.,.F.,.F.,(3,3),(0.,1.),.PIECEWISE_BEZIER_KNOTS.);
#4939 = CARTESIAN_POINT('',(-38.66428571428,-20.63761904761,24.42));
#4940 = CARTESIAN_POINT('',(-38.06428571428,-20.63761904761,24.42));
#4941 = CARTESIAN_POINT('',(-37.95714285714,-20.09476190476,24.42));
#4942 = VECTOR('',#4943,1.);
#4943 = DIRECTION('',(0.,0.,1.));
#4944 = ADVANCED_FACE('',(#4945),#4963,.T.);
#4945 = FACE_BOUND('',#4946,.T.);
#4946 = EDGE_LOOP('',(#4947,#4955,#4961,#4962));
#4947 = ORIENTED_EDGE('',*,*,#4948,.T.);
#4948 = EDGE_CURVE('',#1419,#4949,#4951,.T.);
#4949 = VERTEX_POINT('',#4950);
#4950 = CARTESIAN_POINT('',(-38.78571428571,-20.63047619047,23.42));
#4951 = LINE('',#4952,#4953);
#4952 = CARTESIAN_POINT('',(-38.78571428571,-20.63047619047,24.42));
#4953 = VECTOR('',#4954,1.);
#4954 = DIRECTION('',(-0.,-0.,-1.));
#4955 = ORIENTED_EDGE('',*,*,#4956,.T.);
#4956 = EDGE_CURVE('',#4949,#4923,#4957,.T.);
#4957 = B_SPLINE_CURVE_WITH_KNOTS('',2,(#4958,#4959,#4960),
  .UNSPECIFIED.,.F.,.F.,(3,3),(0.,1.),.PIECEWISE_BEZIER_KNOTS.);
#4958 = CARTESIAN_POINT('',(-38.78571428571,-20.63047619047,23.42));
#4959 = CARTESIAN_POINT('',(-38.72142857142,-20.63761904761,23.42));
#4960 = CARTESIAN_POINT('',(-38.66428571428,-20.63761904761,23.42));
#4961 = ORIENTED_EDGE('',*,*,#4922,.F.);
#4962 = ORIENTED_EDGE('',*,*,#1426,.F.);
#4963 = SURFACE_OF_LINEAR_EXTRUSION('',#4964,#4968);
#4964 = B_SPLINE_CURVE_WITH_KNOTS('',2,(#4965,#4966,#4967),
  .UNSPECIFIED.,.F.,.F.,(3,3),(0.,1.),.PIECEWISE_BEZIER_KNOTS.);
#4965 = CARTESIAN_POINT('',(-38.78571428571,-20.63047619047,24.42));
#4966 = CARTESIAN_POINT('',(-38.72142857142,-20.63761904761,24.42));
#4967 = CARTESIAN_POINT('',(-38.66428571428,-20.63761904761,24.42));
#4968 = VECTOR('',#4969,1.);
#4969 = DIRECTION('',(0.,0.,1.));
#4970 = ADVANCED_FACE('',(#4971),#4989,.T.);
#4971 = FACE_BOUND('',#4972,.T.);
#4972 = EDGE_LOOP('',(#4973,#4981,#4987,#4988));
#4973 = ORIENTED_EDGE('',*,*,#4974,.T.);
#4974 = EDGE_CURVE('',#1411,#4975,#4977,.T.);
#4975 = VERTEX_POINT('',#4976);
#4976 = CARTESIAN_POINT('',(-39.37857142857,-19.94476190476,23.42));
#4977 = LINE('',#4978,#4979);
#4978 = CARTESIAN_POINT('',(-39.37857142857,-19.94476190476,24.42));
#4979 = VECTOR('',#4980,1.);
#4980 = DIRECTION('',(-0.,-0.,-1.));
#4981 = ORIENTED_EDGE('',*,*,#4982,.T.);
#4982 = EDGE_CURVE('',#4975,#4949,#4983,.T.);
#4983 = B_SPLINE_CURVE_WITH_KNOTS('',2,(#4984,#4985,#4986),
  .UNSPECIFIED.,.F.,.F.,(3,3),(0.,1.),.PIECEWISE_BEZIER_KNOTS.);
#4984 = CARTESIAN_POINT('',(-39.37857142857,-19.94476190476,23.42));
#4985 = CARTESIAN_POINT('',(-39.37857142857,-20.56619047619,23.42));
#4986 = CARTESIAN_POINT('',(-38.78571428571,-20.63047619047,23.42));
#4987 = ORIENTED_EDGE('',*,*,#4948,.F.);
#4988 = ORIENTED_EDGE('',*,*,#1418,.F.);
#4989 = SURFACE_OF_LINEAR_EXTRUSION('',#4990,#4994);
#4990 = B_SPLINE_CURVE_WITH_KNOTS('',2,(#4991,#4992,#4993),
  .UNSPECIFIED.,.F.,.F.,(3,3),(0.,1.),.PIECEWISE_BEZIER_KNOTS.);
#4991 = CARTESIAN_POINT('',(-39.37857142857,-19.94476190476,24.42));
#4992 = CARTESIAN_POINT('',(-39.37857142857,-20.56619047619,24.42));
#4993 = CARTESIAN_POINT('',(-38.78571428571,-20.63047619047,24.42));
#4994 = VECTOR('',#4995,1.);
#4995 = DIRECTION('',(0.,0.,1.));
#4996 = ADVANCED_FACE('',(#4997),#5015,.T.);
#4997 = FACE_BOUND('',#4998,.T.);
#4998 = EDGE_LOOP('',(#4999,#5007,#5013,#5014));
#4999 = ORIENTED_EDGE('',*,*,#5000,.T.);
#5000 = EDGE_CURVE('',#1403,#5001,#5003,.T.);
#5001 = VERTEX_POINT('',#5002);
#5002 = CARTESIAN_POINT('',(-39.37857142857,-19.54476190476,23.42));
#5003 = LINE('',#5004,#5005);
#5004 = CARTESIAN_POINT('',(-39.37857142857,-19.54476190476,24.42));
#5005 = VECTOR('',#5006,1.);
#5006 = DIRECTION('',(-0.,-0.,-1.));
#5007 = ORIENTED_EDGE('',*,*,#5008,.T.);
#5008 = EDGE_CURVE('',#5001,#4975,#5009,.T.);
#5009 = LINE('',#5010,#5011);
#5010 = CARTESIAN_POINT('',(-39.37857142857,-19.54476190476,23.42));
#5011 = VECTOR('',#5012,1.);
#5012 = DIRECTION('',(-2.22044604925E-16,-1.,0.));
#5013 = ORIENTED_EDGE('',*,*,#4974,.F.);
#5014 = ORIENTED_EDGE('',*,*,#1410,.F.);
#5015 = PLANE('',#5016);
#5016 = AXIS2_PLACEMENT_3D('',#5017,#5018,#5019);
#5017 = CARTESIAN_POINT('',(-39.37857142857,-19.54476190476,24.42));
#5018 = DIRECTION('',(-1.,2.22044604925E-16,0.));
#5019 = DIRECTION('',(-2.22044604925E-16,-1.,0.));
#5020 = ADVANCED_FACE('',(#5021),#5032,.T.);
#5021 = FACE_BOUND('',#5022,.T.);
#5022 = EDGE_LOOP('',(#5023,#5024,#5030,#5031));
#5023 = ORIENTED_EDGE('',*,*,#4555,.T.);
#5024 = ORIENTED_EDGE('',*,*,#5025,.T.);
#5025 = EDGE_CURVE('',#4548,#5001,#5026,.T.);
#5026 = LINE('',#5027,#5028);
#5027 = CARTESIAN_POINT('',(-40.09285714285,-19.54476190476,23.42));
#5028 = VECTOR('',#5029,1.);
#5029 = DIRECTION('',(1.,-2.22044604925E-16,0.));
#5030 = ORIENTED_EDGE('',*,*,#5000,.F.);
#5031 = ORIENTED_EDGE('',*,*,#1402,.F.);
#5032 = PLANE('',#5033);
#5033 = AXIS2_PLACEMENT_3D('',#5034,#5035,#5036);
#5034 = CARTESIAN_POINT('',(-40.09285714285,-19.54476190476,24.42));
#5035 = DIRECTION('',(-2.22044604925E-16,-1.,0.));
#5036 = DIRECTION('',(1.,-2.22044604925E-16,0.));
#5037 = ADVANCED_FACE('',(#5038),#5063,.T.);
#5038 = FACE_BOUND('',#5039,.T.);
#5039 = EDGE_LOOP('',(#5040,#5048,#5056,#5062));
#5040 = ORIENTED_EDGE('',*,*,#5041,.T.);
#5041 = EDGE_CURVE('',#1555,#5042,#5044,.T.);
#5042 = VERTEX_POINT('',#5043);
#5043 = CARTESIAN_POINT('',(-42.2,-19.18047619047,23.42));
#5044 = LINE('',#5045,#5046);
#5045 = CARTESIAN_POINT('',(-42.2,-19.18047619047,24.42));
#5046 = VECTOR('',#5047,1.);
#5047 = DIRECTION('',(-0.,-0.,-1.));
#5048 = ORIENTED_EDGE('',*,*,#5049,.T.);
#5049 = EDGE_CURVE('',#5042,#5050,#5052,.T.);
#5050 = VERTEX_POINT('',#5051);
#5051 = CARTESIAN_POINT('',(-42.2,-18.38047619047,23.42));
#5052 = LINE('',#5053,#5054);
#5053 = CARTESIAN_POINT('',(-42.2,-19.18047619047,23.42));
#5054 = VECTOR('',#5055,1.);
#5055 = DIRECTION('',(2.22044604925E-16,1.,0.));
#5056 = ORIENTED_EDGE('',*,*,#5057,.F.);
#5057 = EDGE_CURVE('',#1557,#5050,#5058,.T.);
#5058 = LINE('',#5059,#5060);
#5059 = CARTESIAN_POINT('',(-42.2,-18.38047619047,24.42));
#5060 = VECTOR('',#5061,1.);
#5061 = DIRECTION('',(-0.,-0.,-1.));
#5062 = ORIENTED_EDGE('',*,*,#1554,.F.);
#5063 = PLANE('',#5064);
#5064 = AXIS2_PLACEMENT_3D('',#5065,#5066,#5067);
#5065 = CARTESIAN_POINT('',(-42.2,-19.18047619047,24.42));
#5066 = DIRECTION('',(1.,-2.22044604925E-16,0.));
#5067 = DIRECTION('',(2.22044604925E-16,1.,0.));
#5068 = ADVANCED_FACE('',(#5069),#5087,.T.);
#5069 = FACE_BOUND('',#5070,.T.);
#5070 = EDGE_LOOP('',(#5071,#5079,#5085,#5086));
#5071 = ORIENTED_EDGE('',*,*,#5072,.T.);
#5072 = EDGE_CURVE('',#1573,#5073,#5075,.T.);
#5073 = VERTEX_POINT('',#5074);
#5074 = CARTESIAN_POINT('',(-37.2,-19.18047619047,23.42));
#5075 = LINE('',#5076,#5077);
#5076 = CARTESIAN_POINT('',(-37.2,-19.18047619047,24.42));
#5077 = VECTOR('',#5078,1.);
#5078 = DIRECTION('',(-0.,-0.,-1.));
#5079 = ORIENTED_EDGE('',*,*,#5080,.T.);
#5080 = EDGE_CURVE('',#5073,#5042,#5081,.T.);
#5081 = LINE('',#5082,#5083);
#5082 = CARTESIAN_POINT('',(-37.2,-19.18047619047,23.42));
#5083 = VECTOR('',#5084,1.);
#5084 = DIRECTION('',(-1.,2.22044604925E-16,0.));
#5085 = ORIENTED_EDGE('',*,*,#5041,.F.);
#5086 = ORIENTED_EDGE('',*,*,#1580,.F.);
#5087 = PLANE('',#5088);
#5088 = AXIS2_PLACEMENT_3D('',#5089,#5090,#5091);
#5089 = CARTESIAN_POINT('',(-37.2,-19.18047619047,24.42));
#5090 = DIRECTION('',(2.22044604925E-16,1.,0.));
#5091 = DIRECTION('',(-1.,2.22044604925E-16,0.));
#5092 = ADVANCED_FACE('',(#5093),#5111,.T.);
#5093 = FACE_BOUND('',#5094,.T.);
#5094 = EDGE_LOOP('',(#5095,#5103,#5109,#5110));
#5095 = ORIENTED_EDGE('',*,*,#5096,.T.);
#5096 = EDGE_CURVE('',#1565,#5097,#5099,.T.);
#5097 = VERTEX_POINT('',#5098);
#5098 = CARTESIAN_POINT('',(-37.2,-18.38047619047,23.42));
#5099 = LINE('',#5100,#5101);
#5100 = CARTESIAN_POINT('',(-37.2,-18.38047619047,24.42));
#5101 = VECTOR('',#5102,1.);
#5102 = DIRECTION('',(-0.,-0.,-1.));
#5103 = ORIENTED_EDGE('',*,*,#5104,.T.);
#5104 = EDGE_CURVE('',#5097,#5073,#5105,.T.);
#5105 = LINE('',#5106,#5107);
#5106 = CARTESIAN_POINT('',(-37.2,-18.38047619047,23.42));
#5107 = VECTOR('',#5108,1.);
#5108 = DIRECTION('',(-2.22044604925E-16,-1.,0.));
#5109 = ORIENTED_EDGE('',*,*,#5072,.F.);
#5110 = ORIENTED_EDGE('',*,*,#1572,.F.);
#5111 = PLANE('',#5112);
#5112 = AXIS2_PLACEMENT_3D('',#5113,#5114,#5115);
#5113 = CARTESIAN_POINT('',(-37.2,-18.38047619047,24.42));
#5114 = DIRECTION('',(-1.,2.22044604925E-16,0.));
#5115 = DIRECTION('',(-2.22044604925E-16,-1.,0.));
#5116 = ADVANCED_FACE('',(#5117),#5128,.T.);
#5117 = FACE_BOUND('',#5118,.T.);
#5118 = EDGE_LOOP('',(#5119,#5120,#5126,#5127));
#5119 = ORIENTED_EDGE('',*,*,#5057,.T.);
#5120 = ORIENTED_EDGE('',*,*,#5121,.T.);
#5121 = EDGE_CURVE('',#5050,#5097,#5122,.T.);
#5122 = LINE('',#5123,#5124);
#5123 = CARTESIAN_POINT('',(-42.2,-18.38047619047,23.42));
#5124 = VECTOR('',#5125,1.);
#5125 = DIRECTION('',(1.,-2.22044604925E-16,0.));
#5126 = ORIENTED_EDGE('',*,*,#5096,.F.);
#5127 = ORIENTED_EDGE('',*,*,#1564,.F.);
#5128 = PLANE('',#5129);
#5129 = AXIS2_PLACEMENT_3D('',#5130,#5131,#5132);
#5130 = CARTESIAN_POINT('',(-42.2,-18.38047619047,24.42));
#5131 = DIRECTION('',(-2.22044604925E-16,-1.,0.));
#5132 = DIRECTION('',(1.,-2.22044604925E-16,0.));
#5133 = ADVANCED_FACE('',(#5134),#5159,.T.);
#5134 = FACE_BOUND('',#5135,.T.);
#5135 = EDGE_LOOP('',(#5136,#5144,#5152,#5158));
#5136 = ORIENTED_EDGE('',*,*,#5137,.T.);
#5137 = EDGE_CURVE('',#1589,#5138,#5140,.T.);
#5138 = VERTEX_POINT('',#5139);
#5139 = CARTESIAN_POINT('',(-37.97857142857,-16.02285714285,23.42));
#5140 = LINE('',#5141,#5142);
#5141 = CARTESIAN_POINT('',(-37.97857142857,-16.02285714285,24.42));
#5142 = VECTOR('',#5143,1.);
#5143 = DIRECTION('',(-0.,-0.,-1.));
#5144 = ORIENTED_EDGE('',*,*,#5145,.T.);
#5145 = EDGE_CURVE('',#5138,#5146,#5148,.T.);
#5146 = VERTEX_POINT('',#5147);
#5147 = CARTESIAN_POINT('',(-37.97857142857,-14.87285714285,23.42));
#5148 = LINE('',#5149,#5150);
#5149 = CARTESIAN_POINT('',(-37.97857142857,-16.02285714285,23.42));
#5150 = VECTOR('',#5151,1.);
#5151 = DIRECTION('',(2.22044604925E-16,1.,0.));
#5152 = ORIENTED_EDGE('',*,*,#5153,.F.);
#5153 = EDGE_CURVE('',#1591,#5146,#5154,.T.);
#5154 = LINE('',#5155,#5156);
#5155 = CARTESIAN_POINT('',(-37.97857142857,-14.87285714285,24.42));
#5156 = VECTOR('',#5157,1.);
#5157 = DIRECTION('',(-0.,-0.,-1.));
#5158 = ORIENTED_EDGE('',*,*,#1588,.F.);
#5159 = PLANE('',#5160);
#5160 = AXIS2_PLACEMENT_3D('',#5161,#5162,#5163);
#5161 = CARTESIAN_POINT('',(-37.97857142857,-16.02285714285,24.42));
#5162 = DIRECTION('',(1.,-2.22044604925E-16,0.));
#5163 = DIRECTION('',(2.22044604925E-16,1.,0.));
#5164 = ADVANCED_FACE('',(#5165),#5183,.T.);
#5165 = FACE_BOUND('',#5166,.T.);
#5166 = EDGE_LOOP('',(#5167,#5175,#5181,#5182));
#5167 = ORIENTED_EDGE('',*,*,#5168,.T.);
#5168 = EDGE_CURVE('',#1639,#5169,#5171,.T.);
#5169 = VERTEX_POINT('',#5170);
#5170 = CARTESIAN_POINT('',(-42.2,-16.02285714285,23.42));
#5171 = LINE('',#5172,#5173);
#5172 = CARTESIAN_POINT('',(-42.2,-16.02285714285,24.42));
#5173 = VECTOR('',#5174,1.);
#5174 = DIRECTION('',(-0.,-0.,-1.));
#5175 = ORIENTED_EDGE('',*,*,#5176,.T.);
#5176 = EDGE_CURVE('',#5169,#5138,#5177,.T.);
#5177 = LINE('',#5178,#5179);
#5178 = CARTESIAN_POINT('',(-42.2,-16.02285714285,23.42));
#5179 = VECTOR('',#5180,1.);
#5180 = DIRECTION('',(1.,-2.22044604925E-16,0.));
#5181 = ORIENTED_EDGE('',*,*,#5137,.F.);
#5182 = ORIENTED_EDGE('',*,*,#1646,.F.);
#5183 = PLANE('',#5184);
#5184 = AXIS2_PLACEMENT_3D('',#5185,#5186,#5187);
#5185 = CARTESIAN_POINT('',(-42.2,-16.02285714285,24.42));
#5186 = DIRECTION('',(-2.22044604925E-16,-1.,0.));
#5187 = DIRECTION('',(1.,-2.22044604925E-16,0.));
#5188 = ADVANCED_FACE('',(#5189),#5207,.T.);
#5189 = FACE_BOUND('',#5190,.T.);
#5190 = EDGE_LOOP('',(#5191,#5199,#5205,#5206));
#5191 = ORIENTED_EDGE('',*,*,#5192,.T.);
#5192 = EDGE_CURVE('',#1631,#5193,#5195,.T.);
#5193 = VERTEX_POINT('',#5194);
#5194 = CARTESIAN_POINT('',(-42.2,-16.82285714285,23.42));
#5195 = LINE('',#5196,#5197);
#5196 = CARTESIAN_POINT('',(-42.2,-16.82285714285,24.42));
#5197 = VECTOR('',#5198,1.);
#5198 = DIRECTION('',(-0.,-0.,-1.));
#5199 = ORIENTED_EDGE('',*,*,#5200,.T.);
#5200 = EDGE_CURVE('',#5193,#5169,#5201,.T.);
#5201 = LINE('',#5202,#5203);
#5202 = CARTESIAN_POINT('',(-42.2,-16.82285714285,23.42));
#5203 = VECTOR('',#5204,1.);
#5204 = DIRECTION('',(2.22044604925E-16,1.,0.));
#5205 = ORIENTED_EDGE('',*,*,#5168,.F.);
#5206 = ORIENTED_EDGE('',*,*,#1638,.F.);
#5207 = PLANE('',#5208);
#5208 = AXIS2_PLACEMENT_3D('',#5209,#5210,#5211);
#5209 = CARTESIAN_POINT('',(-42.2,-16.82285714285,24.42));
#5210 = DIRECTION('',(1.,-2.22044604925E-16,0.));
#5211 = DIRECTION('',(2.22044604925E-16,1.,0.));
#5212 = ADVANCED_FACE('',(#5213),#5231,.T.);
#5213 = FACE_BOUND('',#5214,.T.);
#5214 = EDGE_LOOP('',(#5215,#5223,#5229,#5230));
#5215 = ORIENTED_EDGE('',*,*,#5216,.T.);
#5216 = EDGE_CURVE('',#1623,#5217,#5219,.T.);
#5217 = VERTEX_POINT('',#5218);
#5218 = CARTESIAN_POINT('',(-37.97857142857,-16.82285714285,23.42));
#5219 = LINE('',#5220,#5221);
#5220 = CARTESIAN_POINT('',(-37.97857142857,-16.82285714285,24.42));
#5221 = VECTOR('',#5222,1.);
#5222 = DIRECTION('',(-0.,-0.,-1.));
#5223 = ORIENTED_EDGE('',*,*,#5224,.T.);
#5224 = EDGE_CURVE('',#5217,#5193,#5225,.T.);
#5225 = LINE('',#5226,#5227);
#5226 = CARTESIAN_POINT('',(-37.97857142857,-16.82285714285,23.42));
#5227 = VECTOR('',#5228,1.);
#5228 = DIRECTION('',(-1.,2.22044604925E-16,0.));
#5229 = ORIENTED_EDGE('',*,*,#5192,.F.);
#5230 = ORIENTED_EDGE('',*,*,#1630,.F.);
#5231 = PLANE('',#5232);
#5232 = AXIS2_PLACEMENT_3D('',#5233,#5234,#5235);
#5233 = CARTESIAN_POINT('',(-37.97857142857,-16.82285714285,24.42));
#5234 = DIRECTION('',(2.22044604925E-16,1.,0.));
#5235 = DIRECTION('',(-1.,2.22044604925E-16,0.));
#5236 = ADVANCED_FACE('',(#5237),#5255,.T.);
#5237 = FACE_BOUND('',#5238,.T.);
#5238 = EDGE_LOOP('',(#5239,#5247,#5253,#5254));
#5239 = ORIENTED_EDGE('',*,*,#5240,.T.);
#5240 = EDGE_CURVE('',#1615,#5241,#5243,.T.);
#5241 = VERTEX_POINT('',#5242);
#5242 = CARTESIAN_POINT('',(-37.97857142857,-17.96571428571,23.42));
#5243 = LINE('',#5244,#5245);
#5244 = CARTESIAN_POINT('',(-37.97857142857,-17.96571428571,24.42));
#5245 = VECTOR('',#5246,1.);
#5246 = DIRECTION('',(-0.,-0.,-1.));
#5247 = ORIENTED_EDGE('',*,*,#5248,.T.);
#5248 = EDGE_CURVE('',#5241,#5217,#5249,.T.);
#5249 = LINE('',#5250,#5251);
#5250 = CARTESIAN_POINT('',(-37.97857142857,-17.96571428571,23.42));
#5251 = VECTOR('',#5252,1.);
#5252 = DIRECTION('',(2.22044604925E-16,1.,0.));
#5253 = ORIENTED_EDGE('',*,*,#5216,.F.);
#5254 = ORIENTED_EDGE('',*,*,#1622,.F.);
#5255 = PLANE('',#5256);
#5256 = AXIS2_PLACEMENT_3D('',#5257,#5258,#5259);
#5257 = CARTESIAN_POINT('',(-37.97857142857,-17.96571428571,24.42));
#5258 = DIRECTION('',(1.,-2.22044604925E-16,0.));
#5259 = DIRECTION('',(2.22044604925E-16,1.,0.));
#5260 = ADVANCED_FACE('',(#5261),#5279,.T.);
#5261 = FACE_BOUND('',#5262,.T.);
#5262 = EDGE_LOOP('',(#5263,#5271,#5277,#5278));
#5263 = ORIENTED_EDGE('',*,*,#5264,.T.);
#5264 = EDGE_CURVE('',#1607,#5265,#5267,.T.);
#5265 = VERTEX_POINT('',#5266);
#5266 = CARTESIAN_POINT('',(-37.2,-17.96571428571,23.42));
#5267 = LINE('',#5268,#5269);
#5268 = CARTESIAN_POINT('',(-37.2,-17.96571428571,24.42));
#5269 = VECTOR('',#5270,1.);
#5270 = DIRECTION('',(-0.,-0.,-1.));
#5271 = ORIENTED_EDGE('',*,*,#5272,.T.);
#5272 = EDGE_CURVE('',#5265,#5241,#5273,.T.);
#5273 = LINE('',#5274,#5275);
#5274 = CARTESIAN_POINT('',(-37.2,-17.96571428571,23.42));
#5275 = VECTOR('',#5276,1.);
#5276 = DIRECTION('',(-1.,2.22044604925E-16,0.));
#5277 = ORIENTED_EDGE('',*,*,#5240,.F.);
#5278 = ORIENTED_EDGE('',*,*,#1614,.F.);
#5279 = PLANE('',#5280);
#5280 = AXIS2_PLACEMENT_3D('',#5281,#5282,#5283);
#5281 = CARTESIAN_POINT('',(-37.2,-17.96571428571,24.42));
#5282 = DIRECTION('',(2.22044604925E-16,1.,0.));
#5283 = DIRECTION('',(-1.,2.22044604925E-16,0.));
#5284 = ADVANCED_FACE('',(#5285),#5303,.T.);
#5285 = FACE_BOUND('',#5286,.T.);
#5286 = EDGE_LOOP('',(#5287,#5295,#5301,#5302));
#5287 = ORIENTED_EDGE('',*,*,#5288,.T.);
#5288 = EDGE_CURVE('',#1599,#5289,#5291,.T.);
#5289 = VERTEX_POINT('',#5290);
#5290 = CARTESIAN_POINT('',(-37.2,-14.87285714285,23.42));
#5291 = LINE('',#5292,#5293);
#5292 = CARTESIAN_POINT('',(-37.2,-14.87285714285,24.42));
#5293 = VECTOR('',#5294,1.);
#5294 = DIRECTION('',(-0.,-0.,-1.));
#5295 = ORIENTED_EDGE('',*,*,#5296,.T.);
#5296 = EDGE_CURVE('',#5289,#5265,#5297,.T.);
#5297 = LINE('',#5298,#5299);
#5298 = CARTESIAN_POINT('',(-37.2,-14.87285714285,23.42));
#5299 = VECTOR('',#5300,1.);
#5300 = DIRECTION('',(-2.22044604925E-16,-1.,0.));
#5301 = ORIENTED_EDGE('',*,*,#5264,.F.);
#5302 = ORIENTED_EDGE('',*,*,#1606,.F.);
#5303 = PLANE('',#5304);
#5304 = AXIS2_PLACEMENT_3D('',#5305,#5306,#5307);
#5305 = CARTESIAN_POINT('',(-37.2,-14.87285714285,24.42));
#5306 = DIRECTION('',(-1.,2.22044604925E-16,0.));
#5307 = DIRECTION('',(-2.22044604925E-16,-1.,0.));
#5308 = ADVANCED_FACE('',(#5309),#5320,.T.);
#5309 = FACE_BOUND('',#5310,.T.);
#5310 = EDGE_LOOP('',(#5311,#5312,#5318,#5319));
#5311 = ORIENTED_EDGE('',*,*,#5153,.T.);
#5312 = ORIENTED_EDGE('',*,*,#5313,.T.);
#5313 = EDGE_CURVE('',#5146,#5289,#5314,.T.);
#5314 = LINE('',#5315,#5316);
#5315 = CARTESIAN_POINT('',(-37.97857142857,-14.87285714285,23.42));
#5316 = VECTOR('',#5317,1.);
#5317 = DIRECTION('',(1.,-2.22044604925E-16,0.));
#5318 = ORIENTED_EDGE('',*,*,#5288,.F.);
#5319 = ORIENTED_EDGE('',*,*,#1598,.F.);
#5320 = PLANE('',#5321);
#5321 = AXIS2_PLACEMENT_3D('',#5322,#5323,#5324);
#5322 = CARTESIAN_POINT('',(-37.97857142857,-14.87285714285,24.42));
#5323 = DIRECTION('',(-2.22044604925E-16,-1.,0.));
#5324 = DIRECTION('',(1.,-2.22044604925E-16,0.));
#5325 = ADVANCED_FACE('',(#5326),#5351,.T.);
#5326 = FACE_BOUND('',#5327,.T.);
#5327 = EDGE_LOOP('',(#5328,#5336,#5344,#5350));
#5328 = ORIENTED_EDGE('',*,*,#5329,.T.);
#5329 = EDGE_CURVE('',#1655,#5330,#5332,.T.);
#5330 = VERTEX_POINT('',#5331);
#5331 = CARTESIAN_POINT('',(-37.97857142857,-13.25571428571,23.42));
#5332 = LINE('',#5333,#5334);
#5333 = CARTESIAN_POINT('',(-37.97857142857,-13.25571428571,24.42));
#5334 = VECTOR('',#5335,1.);
#5335 = DIRECTION('',(-0.,-0.,-1.));
#5336 = ORIENTED_EDGE('',*,*,#5337,.T.);
#5337 = EDGE_CURVE('',#5330,#5338,#5340,.T.);
#5338 = VERTEX_POINT('',#5339);
#5339 = CARTESIAN_POINT('',(-37.95,-13.13428571428,23.42));
#5340 = LINE('',#5341,#5342);
#5341 = CARTESIAN_POINT('',(-37.97857142857,-13.25571428571,23.42));
#5342 = VECTOR('',#5343,1.);
#5343 = DIRECTION('',(0.229039333726,0.973417168334,0.));
#5344 = ORIENTED_EDGE('',*,*,#5345,.F.);
#5345 = EDGE_CURVE('',#1657,#5338,#5346,.T.);
#5346 = LINE('',#5347,#5348);
#5347 = CARTESIAN_POINT('',(-37.95,-13.13428571428,24.42));
#5348 = VECTOR('',#5349,1.);
#5349 = DIRECTION('',(-0.,-0.,-1.));
#5350 = ORIENTED_EDGE('',*,*,#1654,.F.);
#5351 = PLANE('',#5352);
#5352 = AXIS2_PLACEMENT_3D('',#5353,#5354,#5355);
#5353 = CARTESIAN_POINT('',(-37.97857142857,-13.25571428571,24.42));
#5354 = DIRECTION('',(0.973417168334,-0.229039333726,0.));
#5355 = DIRECTION('',(0.229039333726,0.973417168334,0.));
#5356 = ADVANCED_FACE('',(#5357),#5375,.T.);
#5357 = FACE_BOUND('',#5358,.T.);
#5358 = EDGE_LOOP('',(#5359,#5367,#5373,#5374));
#5359 = ORIENTED_EDGE('',*,*,#5360,.T.);
#5360 = EDGE_CURVE('',#1697,#5361,#5363,.T.);
#5361 = VERTEX_POINT('',#5362);
#5362 = CARTESIAN_POINT('',(-38.14285714285,-13.50214285714,23.42));
#5363 = LINE('',#5364,#5365);
#5364 = CARTESIAN_POINT('',(-38.14285714285,-13.50214285714,24.42));
#5365 = VECTOR('',#5366,1.);
#5366 = DIRECTION('',(-0.,-0.,-1.));
#5367 = ORIENTED_EDGE('',*,*,#5368,.T.);
#5368 = EDGE_CURVE('',#5361,#5330,#5369,.T.);
#5369 = B_SPLINE_CURVE_WITH_KNOTS('',2,(#5370,#5371,#5372),
  .UNSPECIFIED.,.F.,.F.,(3,3),(0.,1.),.PIECEWISE_BEZIER_KNOTS.);
#5370 = CARTESIAN_POINT('',(-38.14285714285,-13.50214285714,23.42));
#5371 = CARTESIAN_POINT('',(-38.00714285714,-13.37,23.42));
#5372 = CARTESIAN_POINT('',(-37.97857142857,-13.25571428571,23.42));
#5373 = ORIENTED_EDGE('',*,*,#5329,.F.);
#5374 = ORIENTED_EDGE('',*,*,#1704,.F.);
#5375 = SURFACE_OF_LINEAR_EXTRUSION('',#5376,#5380);
#5376 = B_SPLINE_CURVE_WITH_KNOTS('',2,(#5377,#5378,#5379),
  .UNSPECIFIED.,.F.,.F.,(3,3),(0.,1.),.PIECEWISE_BEZIER_KNOTS.);
#5377 = CARTESIAN_POINT('',(-38.14285714285,-13.50214285714,24.42));
#5378 = CARTESIAN_POINT('',(-38.00714285714,-13.37,24.42));
#5379 = CARTESIAN_POINT('',(-37.97857142857,-13.25571428571,24.42));
#5380 = VECTOR('',#5381,1.);
#5381 = DIRECTION('',(0.,0.,1.));
#5382 = ADVANCED_FACE('',(#5383),#5401,.T.);
#5383 = FACE_BOUND('',#5384,.T.);
#5384 = EDGE_LOOP('',(#5385,#5393,#5399,#5400));
#5385 = ORIENTED_EDGE('',*,*,#5386,.T.);
#5386 = EDGE_CURVE('',#1689,#5387,#5389,.T.);
#5387 = VERTEX_POINT('',#5388);
#5388 = CARTESIAN_POINT('',(-38.49285714285,-13.66285714285,23.42));
#5389 = LINE('',#5390,#5391);
#5390 = CARTESIAN_POINT('',(-38.49285714285,-13.66285714285,24.42));
#5391 = VECTOR('',#5392,1.);
#5392 = DIRECTION('',(-0.,-0.,-1.));
#5393 = ORIENTED_EDGE('',*,*,#5394,.T.);
#5394 = EDGE_CURVE('',#5387,#5361,#5395,.T.);
#5395 = B_SPLINE_CURVE_WITH_KNOTS('',2,(#5396,#5397,#5398),
  .UNSPECIFIED.,.F.,.F.,(3,3),(0.,1.),.PIECEWISE_BEZIER_KNOTS.);
#5396 = CARTESIAN_POINT('',(-38.49285714285,-13.66285714285,23.42));
#5397 = CARTESIAN_POINT('',(-38.27857142857,-13.63428571428,23.42));
#5398 = CARTESIAN_POINT('',(-38.14285714285,-13.50214285714,23.42));
#5399 = ORIENTED_EDGE('',*,*,#5360,.F.);
#5400 = ORIENTED_EDGE('',*,*,#1696,.F.);
#5401 = SURFACE_OF_LINEAR_EXTRUSION('',#5402,#5406);
#5402 = B_SPLINE_CURVE_WITH_KNOTS('',2,(#5403,#5404,#5405),
  .UNSPECIFIED.,.F.,.F.,(3,3),(0.,1.),.PIECEWISE_BEZIER_KNOTS.);
#5403 = CARTESIAN_POINT('',(-38.49285714285,-13.66285714285,24.42));
#5404 = CARTESIAN_POINT('',(-38.27857142857,-13.63428571428,24.42));
#5405 = CARTESIAN_POINT('',(-38.14285714285,-13.50214285714,24.42));
#5406 = VECTOR('',#5407,1.);
#5407 = DIRECTION('',(0.,0.,1.));
#5408 = ADVANCED_FACE('',(#5409),#5427,.T.);
#5409 = FACE_BOUND('',#5410,.T.);
#5410 = EDGE_LOOP('',(#5411,#5419,#5425,#5426));
#5411 = ORIENTED_EDGE('',*,*,#5412,.T.);
#5412 = EDGE_CURVE('',#1681,#5413,#5415,.T.);
#5413 = VERTEX_POINT('',#5414);
#5414 = CARTESIAN_POINT('',(-38.25,-14.39857142857,23.42));
#5415 = LINE('',#5416,#5417);
#5416 = CARTESIAN_POINT('',(-38.25,-14.39857142857,24.42));
#5417 = VECTOR('',#5418,1.);
#5418 = DIRECTION('',(-0.,-0.,-1.));
#5419 = ORIENTED_EDGE('',*,*,#5420,.T.);
#5420 = EDGE_CURVE('',#5413,#5387,#5421,.T.);
#5421 = LINE('',#5422,#5423);
#5422 = CARTESIAN_POINT('',(-38.25,-14.39857142857,23.42));
#5423 = VECTOR('',#5424,1.);
#5424 = DIRECTION('',(-0.313460593315,0.94960120916,0.));
#5425 = ORIENTED_EDGE('',*,*,#5386,.F.);
#5426 = ORIENTED_EDGE('',*,*,#1688,.F.);
#5427 = PLANE('',#5428);
#5428 = AXIS2_PLACEMENT_3D('',#5429,#5430,#5431);
#5429 = CARTESIAN_POINT('',(-38.25,-14.39857142857,24.42));
#5430 = DIRECTION('',(0.94960120916,0.313460593315,0.));
#5431 = DIRECTION('',(-0.313460593315,0.94960120916,0.));
#5432 = ADVANCED_FACE('',(#5433),#5451,.T.);
#5433 = FACE_BOUND('',#5434,.T.);
#5434 = EDGE_LOOP('',(#5435,#5443,#5449,#5450));
#5435 = ORIENTED_EDGE('',*,*,#5436,.T.);
#5436 = EDGE_CURVE('',#1673,#5437,#5439,.T.);
#5437 = VERTEX_POINT('',#5438);
#5438 = CARTESIAN_POINT('',(-37.72857142857,-14.16285714285,23.42));
#5439 = LINE('',#5440,#5441);
#5440 = CARTESIAN_POINT('',(-37.72857142857,-14.16285714285,24.42));
#5441 = VECTOR('',#5442,1.);
#5442 = DIRECTION('',(-0.,-0.,-1.));
#5443 = ORIENTED_EDGE('',*,*,#5444,.T.);
#5444 = EDGE_CURVE('',#5437,#5413,#5445,.T.);
#5445 = B_SPLINE_CURVE_WITH_KNOTS('',2,(#5446,#5447,#5448),
  .UNSPECIFIED.,.F.,.F.,(3,3),(0.,1.),.PIECEWISE_BEZIER_KNOTS.);
#5446 = CARTESIAN_POINT('',(-37.72857142857,-14.16285714285,23.42));
#5447 = CARTESIAN_POINT('',(-38.01428571428,-14.38428571428,23.42));
#5448 = CARTESIAN_POINT('',(-38.25,-14.39857142857,23.42));
#5449 = ORIENTED_EDGE('',*,*,#5412,.F.);
#5450 = ORIENTED_EDGE('',*,*,#1680,.F.);
#5451 = SURFACE_OF_LINEAR_EXTRUSION('',#5452,#5456);
#5452 = B_SPLINE_CURVE_WITH_KNOTS('',2,(#5453,#5454,#5455),
  .UNSPECIFIED.,.F.,.F.,(3,3),(0.,1.),.PIECEWISE_BEZIER_KNOTS.);
#5453 = CARTESIAN_POINT('',(-37.72857142857,-14.16285714285,24.42));
#5454 = CARTESIAN_POINT('',(-38.01428571428,-14.38428571428,24.42));
#5455 = CARTESIAN_POINT('',(-38.25,-14.39857142857,24.42));
#5456 = VECTOR('',#5457,1.);
#5457 = DIRECTION('',(0.,0.,1.));
#5458 = ADVANCED_FACE('',(#5459),#5477,.T.);
#5459 = FACE_BOUND('',#5460,.T.);
#5460 = EDGE_LOOP('',(#5461,#5469,#5475,#5476));
#5461 = ORIENTED_EDGE('',*,*,#5462,.T.);
#5462 = EDGE_CURVE('',#1665,#5463,#5465,.T.);
#5463 = VERTEX_POINT('',#5464);
#5464 = CARTESIAN_POINT('',(-37.2,-13.13428571428,23.42));
#5465 = LINE('',#5466,#5467);
#5466 = CARTESIAN_POINT('',(-37.2,-13.13428571428,24.42));
#5467 = VECTOR('',#5468,1.);
#5468 = DIRECTION('',(-0.,-0.,-1.));
#5469 = ORIENTED_EDGE('',*,*,#5470,.T.);
#5470 = EDGE_CURVE('',#5463,#5437,#5471,.T.);
#5471 = B_SPLINE_CURVE_WITH_KNOTS('',2,(#5472,#5473,#5474),
  .UNSPECIFIED.,.F.,.F.,(3,3),(0.,1.),.PIECEWISE_BEZIER_KNOTS.);
#5472 = CARTESIAN_POINT('',(-37.2,-13.13428571428,23.42));
#5473 = CARTESIAN_POINT('',(-37.2,-13.74857142857,23.42));
#5474 = CARTESIAN_POINT('',(-37.72857142857,-14.16285714285,23.42));
#5475 = ORIENTED_EDGE('',*,*,#5436,.F.);
#5476 = ORIENTED_EDGE('',*,*,#1672,.F.);
#5477 = SURFACE_OF_LINEAR_EXTRUSION('',#5478,#5482);
#5478 = B_SPLINE_CURVE_WITH_KNOTS('',2,(#5479,#5480,#5481),
  .UNSPECIFIED.,.F.,.F.,(3,3),(0.,1.),.PIECEWISE_BEZIER_KNOTS.);
#5479 = CARTESIAN_POINT('',(-37.2,-13.13428571428,24.42));
#5480 = CARTESIAN_POINT('',(-37.2,-13.74857142857,24.42));
#5481 = CARTESIAN_POINT('',(-37.72857142857,-14.16285714285,24.42));
#5482 = VECTOR('',#5483,1.);
#5483 = DIRECTION('',(0.,0.,1.));
#5484 = ADVANCED_FACE('',(#5485),#5496,.T.);
#5485 = FACE_BOUND('',#5486,.T.);
#5486 = EDGE_LOOP('',(#5487,#5488,#5494,#5495));
#5487 = ORIENTED_EDGE('',*,*,#5345,.T.);
#5488 = ORIENTED_EDGE('',*,*,#5489,.T.);
#5489 = EDGE_CURVE('',#5338,#5463,#5490,.T.);
#5490 = LINE('',#5491,#5492);
#5491 = CARTESIAN_POINT('',(-37.95,-13.13428571428,23.42));
#5492 = VECTOR('',#5493,1.);
#5493 = DIRECTION('',(1.,-2.22044604925E-16,0.));
#5494 = ORIENTED_EDGE('',*,*,#5462,.F.);
#5495 = ORIENTED_EDGE('',*,*,#1664,.F.);
#5496 = PLANE('',#5497);
#5497 = AXIS2_PLACEMENT_3D('',#5498,#5499,#5500);
#5498 = CARTESIAN_POINT('',(-37.95,-13.13428571428,24.42));
#5499 = DIRECTION('',(-2.22044604925E-16,-1.,0.));
#5500 = DIRECTION('',(1.,-2.22044604925E-16,0.));
#5501 = ADVANCED_FACE('',(#5502),#5527,.T.);
#5502 = FACE_BOUND('',#5503,.T.);
#5503 = EDGE_LOOP('',(#5504,#5512,#5520,#5526));
#5504 = ORIENTED_EDGE('',*,*,#5505,.T.);
#5505 = EDGE_CURVE('',#1713,#5506,#5508,.T.);
#5506 = VERTEX_POINT('',#5507);
#5507 = CARTESIAN_POINT('',(-39.13571428571,-11.61285714285,23.42));
#5508 = LINE('',#5509,#5510);
#5509 = CARTESIAN_POINT('',(-39.13571428571,-11.61285714285,24.42));
#5510 = VECTOR('',#5511,1.);
#5511 = DIRECTION('',(-0.,-0.,-1.));
#5512 = ORIENTED_EDGE('',*,*,#5513,.T.);
#5513 = EDGE_CURVE('',#5506,#5514,#5516,.T.);
#5514 = VERTEX_POINT('',#5515);
#5515 = CARTESIAN_POINT('',(-38.55714285714,-11.50571428571,23.42));
#5516 = B_SPLINE_CURVE_WITH_KNOTS('',2,(#5517,#5518,#5519),
  .UNSPECIFIED.,.F.,.F.,(3,3),(0.,1.),.PIECEWISE_BEZIER_KNOTS.);
#5517 = CARTESIAN_POINT('',(-39.13571428571,-11.61285714285,23.42));
#5518 = CARTESIAN_POINT('',(-38.88571428571,-11.50571428571,23.42));
#5519 = CARTESIAN_POINT('',(-38.55714285714,-11.50571428571,23.42));
#5520 = ORIENTED_EDGE('',*,*,#5521,.F.);
#5521 = EDGE_CURVE('',#1715,#5514,#5522,.T.);
#5522 = LINE('',#5523,#5524);
#5523 = CARTESIAN_POINT('',(-38.55714285714,-11.50571428571,24.42));
#5524 = VECTOR('',#5525,1.);
#5525 = DIRECTION('',(-0.,-0.,-1.));
#5526 = ORIENTED_EDGE('',*,*,#1712,.F.);
#5527 = SURFACE_OF_LINEAR_EXTRUSION('',#5528,#5532);
#5528 = B_SPLINE_CURVE_WITH_KNOTS('',2,(#5529,#5530,#5531),
  .UNSPECIFIED.,.F.,.F.,(3,3),(0.,1.),.PIECEWISE_BEZIER_KNOTS.);
#5529 = CARTESIAN_POINT('',(-39.13571428571,-11.61285714285,24.42));
#5530 = CARTESIAN_POINT('',(-38.88571428571,-11.50571428571,24.42));
#5531 = CARTESIAN_POINT('',(-38.55714285714,-11.50571428571,24.42));
#5532 = VECTOR('',#5533,1.);
#5533 = DIRECTION('',(0.,0.,1.));
#5534 = ADVANCED_FACE('',(#5535),#5553,.T.);
#5535 = FACE_BOUND('',#5536,.T.);
#5536 = EDGE_LOOP('',(#5537,#5545,#5551,#5552));
#5537 = ORIENTED_EDGE('',*,*,#5538,.T.);
#5538 = EDGE_CURVE('',#1859,#5539,#5541,.T.);
#5539 = VERTEX_POINT('',#5540);
#5540 = CARTESIAN_POINT('',(-39.81428571428,-12.38428571428,23.42));
#5541 = LINE('',#5542,#5543);
#5542 = CARTESIAN_POINT('',(-39.81428571428,-12.38428571428,24.42));
#5543 = VECTOR('',#5544,1.);
#5544 = DIRECTION('',(-0.,-0.,-1.));
#5545 = ORIENTED_EDGE('',*,*,#5546,.T.);
#5546 = EDGE_CURVE('',#5539,#5506,#5547,.T.);
#5547 = B_SPLINE_CURVE_WITH_KNOTS('',2,(#5548,#5549,#5550),
  .UNSPECIFIED.,.F.,.F.,(3,3),(0.,1.),.PIECEWISE_BEZIER_KNOTS.);
#5548 = CARTESIAN_POINT('',(-39.81428571428,-12.38428571428,23.42));
#5549 = CARTESIAN_POINT('',(-39.55,-11.78428571428,23.42));
#5550 = CARTESIAN_POINT('',(-39.13571428571,-11.61285714285,23.42));
#5551 = ORIENTED_EDGE('',*,*,#5505,.F.);
#5552 = ORIENTED_EDGE('',*,*,#1866,.F.);
#5553 = SURFACE_OF_LINEAR_EXTRUSION('',#5554,#5558);
#5554 = B_SPLINE_CURVE_WITH_KNOTS('',2,(#5555,#5556,#5557),
  .UNSPECIFIED.,.F.,.F.,(3,3),(0.,1.),.PIECEWISE_BEZIER_KNOTS.);
#5555 = CARTESIAN_POINT('',(-39.81428571428,-12.38428571428,24.42));
#5556 = CARTESIAN_POINT('',(-39.55,-11.78428571428,24.42));
#5557 = CARTESIAN_POINT('',(-39.13571428571,-11.61285714285,24.42));
#5558 = VECTOR('',#5559,1.);
#5559 = DIRECTION('',(0.,0.,1.));
#5560 = ADVANCED_FACE('',(#5561),#5579,.T.);
#5561 = FACE_BOUND('',#5562,.T.);
#5562 = EDGE_LOOP('',(#5563,#5571,#5577,#5578));
#5563 = ORIENTED_EDGE('',*,*,#5564,.T.);
#5564 = EDGE_CURVE('',#1851,#5565,#5567,.T.);
#5565 = VERTEX_POINT('',#5566);
#5566 = CARTESIAN_POINT('',(-39.95,-12.79142857142,23.42));
#5567 = LINE('',#5568,#5569);
#5568 = CARTESIAN_POINT('',(-39.95,-12.79142857142,24.42));
#5569 = VECTOR('',#5570,1.);
#5570 = DIRECTION('',(-0.,-0.,-1.));
#5571 = ORIENTED_EDGE('',*,*,#5572,.T.);
#5572 = EDGE_CURVE('',#5565,#5539,#5573,.T.);
#5573 = B_SPLINE_CURVE_WITH_KNOTS('',2,(#5574,#5575,#5576),
  .UNSPECIFIED.,.F.,.F.,(3,3),(0.,1.),.PIECEWISE_BEZIER_KNOTS.);
#5574 = CARTESIAN_POINT('',(-39.95,-12.79142857142,23.42));
#5575 = CARTESIAN_POINT('',(-39.86428571428,-12.49142857142,23.42));
#5576 = CARTESIAN_POINT('',(-39.81428571428,-12.38428571428,23.42));
#5577 = ORIENTED_EDGE('',*,*,#5538,.F.);
#5578 = ORIENTED_EDGE('',*,*,#1858,.F.);
#5579 = SURFACE_OF_LINEAR_EXTRUSION('',#5580,#5584);
#5580 = B_SPLINE_CURVE_WITH_KNOTS('',2,(#5581,#5582,#5583),
  .UNSPECIFIED.,.F.,.F.,(3,3),(0.,1.),.PIECEWISE_BEZIER_KNOTS.);
#5581 = CARTESIAN_POINT('',(-39.95,-12.79142857142,24.42));
#5582 = CARTESIAN_POINT('',(-39.86428571428,-12.49142857142,24.42));
#5583 = CARTESIAN_POINT('',(-39.81428571428,-12.38428571428,24.42));
#5584 = VECTOR('',#5585,1.);
#5585 = DIRECTION('',(0.,0.,1.));
#5586 = ADVANCED_FACE('',(#5587),#5605,.T.);
#5587 = FACE_BOUND('',#5588,.T.);
#5588 = EDGE_LOOP('',(#5589,#5597,#5603,#5604));
#5589 = ORIENTED_EDGE('',*,*,#5590,.T.);
#5590 = EDGE_CURVE('',#1843,#5591,#5593,.T.);
#5591 = VERTEX_POINT('',#5592);
#5592 = CARTESIAN_POINT('',(-40.07857142857,-13.19142857142,23.42));
#5593 = LINE('',#5594,#5595);
#5594 = CARTESIAN_POINT('',(-40.07857142857,-13.19142857142,24.42));
#5595 = VECTOR('',#5596,1.);
#5596 = DIRECTION('',(-0.,-0.,-1.));
#5597 = ORIENTED_EDGE('',*,*,#5598,.T.);
#5598 = EDGE_CURVE('',#5591,#5565,#5599,.T.);
#5599 = B_SPLINE_CURVE_WITH_KNOTS('',2,(#5600,#5601,#5602),
  .UNSPECIFIED.,.F.,.F.,(3,3),(0.,1.),.PIECEWISE_BEZIER_KNOTS.);
#5600 = CARTESIAN_POINT('',(-40.07857142857,-13.19142857142,23.42));
#5601 = CARTESIAN_POINT('',(-40.02857142857,-13.06285714285,23.42));
#5602 = CARTESIAN_POINT('',(-39.95,-12.79142857142,23.42));
#5603 = ORIENTED_EDGE('',*,*,#5564,.F.);
#5604 = ORIENTED_EDGE('',*,*,#1850,.F.);
#5605 = SURFACE_OF_LINEAR_EXTRUSION('',#5606,#5610);
#5606 = B_SPLINE_CURVE_WITH_KNOTS('',2,(#5607,#5608,#5609),
  .UNSPECIFIED.,.F.,.F.,(3,3),(0.,1.),.PIECEWISE_BEZIER_KNOTS.);
#5607 = CARTESIAN_POINT('',(-40.07857142857,-13.19142857142,24.42));
#5608 = CARTESIAN_POINT('',(-40.02857142857,-13.06285714285,24.42));
#5609 = CARTESIAN_POINT('',(-39.95,-12.79142857142,24.42));
#5610 = VECTOR('',#5611,1.);
#5611 = DIRECTION('',(0.,0.,1.));
#5612 = ADVANCED_FACE('',(#5613),#5631,.T.);
#5613 = FACE_BOUND('',#5614,.T.);
#5614 = EDGE_LOOP('',(#5615,#5623,#5629,#5630));
#5615 = ORIENTED_EDGE('',*,*,#5616,.T.);
#5616 = EDGE_CURVE('',#1835,#5617,#5619,.T.);
#5617 = VERTEX_POINT('',#5618);
#5618 = CARTESIAN_POINT('',(-40.73571428571,-13.79857142857,23.42));
#5619 = LINE('',#5620,#5621);
#5620 = CARTESIAN_POINT('',(-40.73571428571,-13.79857142857,24.42));
#5621 = VECTOR('',#5622,1.);
#5622 = DIRECTION('',(-0.,-0.,-1.));
#5623 = ORIENTED_EDGE('',*,*,#5624,.T.);
#5624 = EDGE_CURVE('',#5617,#5591,#5625,.T.);
#5625 = B_SPLINE_CURVE_WITH_KNOTS('',2,(#5626,#5627,#5628),
  .UNSPECIFIED.,.F.,.F.,(3,3),(0.,1.),.PIECEWISE_BEZIER_KNOTS.);
#5626 = CARTESIAN_POINT('',(-40.73571428571,-13.79857142857,23.42));
#5627 = CARTESIAN_POINT('',(-40.3,-13.79857142857,23.42));
#5628 = CARTESIAN_POINT('',(-40.07857142857,-13.19142857142,23.42));
#5629 = ORIENTED_EDGE('',*,*,#5590,.F.);
#5630 = ORIENTED_EDGE('',*,*,#1842,.F.);
#5631 = SURFACE_OF_LINEAR_EXTRUSION('',#5632,#5636);
#5632 = B_SPLINE_CURVE_WITH_KNOTS('',2,(#5633,#5634,#5635),
  .UNSPECIFIED.,.F.,.F.,(3,3),(0.,1.),.PIECEWISE_BEZIER_KNOTS.);
#5633 = CARTESIAN_POINT('',(-40.73571428571,-13.79857142857,24.42));
#5634 = CARTESIAN_POINT('',(-40.3,-13.79857142857,24.42));
#5635 = CARTESIAN_POINT('',(-40.07857142857,-13.19142857142,24.42));
#5636 = VECTOR('',#5637,1.);
#5637 = DIRECTION('',(0.,0.,1.));
#5638 = ADVANCED_FACE('',(#5639),#5657,.T.);
#5639 = FACE_BOUND('',#5640,.T.);
#5640 = EDGE_LOOP('',(#5641,#5649,#5655,#5656));
#5641 = ORIENTED_EDGE('',*,*,#5642,.T.);
#5642 = EDGE_CURVE('',#1827,#5643,#5645,.T.);
#5643 = VERTEX_POINT('',#5644);
#5644 = CARTESIAN_POINT('',(-41.22857142857,-13.62,23.42));
#5645 = LINE('',#5646,#5647);
#5646 = CARTESIAN_POINT('',(-41.22857142857,-13.62,24.42));
#5647 = VECTOR('',#5648,1.);
#5648 = DIRECTION('',(-0.,-0.,-1.));
#5649 = ORIENTED_EDGE('',*,*,#5650,.T.);
#5650 = EDGE_CURVE('',#5643,#5617,#5651,.T.);
#5651 = B_SPLINE_CURVE_WITH_KNOTS('',2,(#5652,#5653,#5654),
  .UNSPECIFIED.,.F.,.F.,(3,3),(0.,1.),.PIECEWISE_BEZIER_KNOTS.);
#5652 = CARTESIAN_POINT('',(-41.22857142857,-13.62,23.42));
#5653 = CARTESIAN_POINT('',(-41.01428571428,-13.79857142857,23.42));
#5654 = CARTESIAN_POINT('',(-40.73571428571,-13.79857142857,23.42));
#5655 = ORIENTED_EDGE('',*,*,#5616,.F.);
#5656 = ORIENTED_EDGE('',*,*,#1834,.F.);
#5657 = SURFACE_OF_LINEAR_EXTRUSION('',#5658,#5662);
#5658 = B_SPLINE_CURVE_WITH_KNOTS('',2,(#5659,#5660,#5661),
  .UNSPECIFIED.,.F.,.F.,(3,3),(0.,1.),.PIECEWISE_BEZIER_KNOTS.);
#5659 = CARTESIAN_POINT('',(-41.22857142857,-13.62,24.42));
#5660 = CARTESIAN_POINT('',(-41.01428571428,-13.79857142857,24.42));
#5661 = CARTESIAN_POINT('',(-40.73571428571,-13.79857142857,24.42));
#5662 = VECTOR('',#5663,1.);
#5663 = DIRECTION('',(0.,0.,1.));
#5664 = ADVANCED_FACE('',(#5665),#5683,.T.);
#5665 = FACE_BOUND('',#5666,.T.);
#5666 = EDGE_LOOP('',(#5667,#5675,#5681,#5682));
#5667 = ORIENTED_EDGE('',*,*,#5668,.T.);
#5668 = EDGE_CURVE('',#1819,#5669,#5671,.T.);
#5669 = VERTEX_POINT('',#5670);
#5670 = CARTESIAN_POINT('',(-41.48571428571,-13.13428571428,23.42));
#5671 = LINE('',#5672,#5673);
#5672 = CARTESIAN_POINT('',(-41.48571428571,-13.13428571428,24.42));
#5673 = VECTOR('',#5674,1.);
#5674 = DIRECTION('',(-0.,-0.,-1.));
#5675 = ORIENTED_EDGE('',*,*,#5676,.T.);
#5676 = EDGE_CURVE('',#5669,#5643,#5677,.T.);
#5677 = B_SPLINE_CURVE_WITH_KNOTS('',2,(#5678,#5679,#5680),
  .UNSPECIFIED.,.F.,.F.,(3,3),(0.,1.),.PIECEWISE_BEZIER_KNOTS.);
#5678 = CARTESIAN_POINT('',(-41.48571428571,-13.13428571428,23.42));
#5679 = CARTESIAN_POINT('',(-41.47142857142,-13.40571428571,23.42));
#5680 = CARTESIAN_POINT('',(-41.22857142857,-13.62,23.42));
#5681 = ORIENTED_EDGE('',*,*,#5642,.F.);
#5682 = ORIENTED_EDGE('',*,*,#1826,.F.);
#5683 = SURFACE_OF_LINEAR_EXTRUSION('',#5684,#5688);
#5684 = B_SPLINE_CURVE_WITH_KNOTS('',2,(#5685,#5686,#5687),
  .UNSPECIFIED.,.F.,.F.,(3,3),(0.,1.),.PIECEWISE_BEZIER_KNOTS.);
#5685 = CARTESIAN_POINT('',(-41.48571428571,-13.13428571428,24.42));
#5686 = CARTESIAN_POINT('',(-41.47142857142,-13.40571428571,24.42));
#5687 = CARTESIAN_POINT('',(-41.22857142857,-13.62,24.42));
#5688 = VECTOR('',#5689,1.);
#5689 = DIRECTION('',(0.,0.,1.));
#5690 = ADVANCED_FACE('',(#5691),#5709,.T.);
#5691 = FACE_BOUND('',#5692,.T.);
#5692 = EDGE_LOOP('',(#5693,#5701,#5707,#5708));
#5693 = ORIENTED_EDGE('',*,*,#5694,.T.);
#5694 = EDGE_CURVE('',#1811,#5695,#5697,.T.);
#5695 = VERTEX_POINT('',#5696);
#5696 = CARTESIAN_POINT('',(-42.22142857142,-13.13428571428,23.42));
#5697 = LINE('',#5698,#5699);
#5698 = CARTESIAN_POINT('',(-42.22142857142,-13.13428571428,24.42));
#5699 = VECTOR('',#5700,1.);
#5700 = DIRECTION('',(-0.,-0.,-1.));
#5701 = ORIENTED_EDGE('',*,*,#5702,.T.);
#5702 = EDGE_CURVE('',#5695,#5669,#5703,.T.);
#5703 = LINE('',#5704,#5705);
#5704 = CARTESIAN_POINT('',(-42.22142857142,-13.13428571428,23.42));
#5705 = VECTOR('',#5706,1.);
#5706 = DIRECTION('',(1.,-2.22044604925E-16,0.));
#5707 = ORIENTED_EDGE('',*,*,#5668,.F.);
#5708 = ORIENTED_EDGE('',*,*,#1818,.F.);
#5709 = PLANE('',#5710);
#5710 = AXIS2_PLACEMENT_3D('',#5711,#5712,#5713);
#5711 = CARTESIAN_POINT('',(-42.22142857142,-13.13428571428,24.42));
#5712 = DIRECTION('',(-2.22044604925E-16,-1.,0.));
#5713 = DIRECTION('',(1.,-2.22044604925E-16,0.));
#5714 = ADVANCED_FACE('',(#5715),#5733,.T.);
#5715 = FACE_BOUND('',#5716,.T.);
#5716 = EDGE_LOOP('',(#5717,#5725,#5731,#5732));
#5717 = ORIENTED_EDGE('',*,*,#5718,.T.);
#5718 = EDGE_CURVE('',#1803,#5719,#5721,.T.);
#5719 = VERTEX_POINT('',#5720);
#5720 = CARTESIAN_POINT('',(-41.81428571428,-14.11285714285,23.42));
#5721 = LINE('',#5722,#5723);
#5722 = CARTESIAN_POINT('',(-41.81428571428,-14.11285714285,24.42));
#5723 = VECTOR('',#5724,1.);
#5724 = DIRECTION('',(-0.,-0.,-1.));
#5725 = ORIENTED_EDGE('',*,*,#5726,.T.);
#5726 = EDGE_CURVE('',#5719,#5695,#5727,.T.);
#5727 = B_SPLINE_CURVE_WITH_KNOTS('',2,(#5728,#5729,#5730),
  .UNSPECIFIED.,.F.,.F.,(3,3),(0.,1.),.PIECEWISE_BEZIER_KNOTS.);
#5728 = CARTESIAN_POINT('',(-41.81428571428,-14.11285714285,23.42));
#5729 = CARTESIAN_POINT('',(-42.22142857142,-13.67714285714,23.42));
#5730 = CARTESIAN_POINT('',(-42.22142857142,-13.13428571428,23.42));
#5731 = ORIENTED_EDGE('',*,*,#5694,.F.);
#5732 = ORIENTED_EDGE('',*,*,#1810,.F.);
#5733 = SURFACE_OF_LINEAR_EXTRUSION('',#5734,#5738);
#5734 = B_SPLINE_CURVE_WITH_KNOTS('',2,(#5735,#5736,#5737),
  .UNSPECIFIED.,.F.,.F.,(3,3),(0.,1.),.PIECEWISE_BEZIER_KNOTS.);
#5735 = CARTESIAN_POINT('',(-41.81428571428,-14.11285714285,24.42));
#5736 = CARTESIAN_POINT('',(-42.22142857142,-13.67714285714,24.42));
#5737 = CARTESIAN_POINT('',(-42.22142857142,-13.13428571428,24.42));
#5738 = VECTOR('',#5739,1.);
#5739 = DIRECTION('',(0.,0.,1.));
#5740 = ADVANCED_FACE('',(#5741),#5759,.T.);
#5741 = FACE_BOUND('',#5742,.T.);
#5742 = EDGE_LOOP('',(#5743,#5751,#5757,#5758));
#5743 = ORIENTED_EDGE('',*,*,#5744,.T.);
#5744 = EDGE_CURVE('',#1795,#5745,#5747,.T.);
#5745 = VERTEX_POINT('',#5746);
#5746 = CARTESIAN_POINT('',(-40.72142857142,-14.59857142857,23.42));
#5747 = LINE('',#5748,#5749);
#5748 = CARTESIAN_POINT('',(-40.72142857142,-14.59857142857,24.42));
#5749 = VECTOR('',#5750,1.);
#5750 = DIRECTION('',(-0.,-0.,-1.));
#5751 = ORIENTED_EDGE('',*,*,#5752,.T.);
#5752 = EDGE_CURVE('',#5745,#5719,#5753,.T.);
#5753 = B_SPLINE_CURVE_WITH_KNOTS('',2,(#5754,#5755,#5756),
  .UNSPECIFIED.,.F.,.F.,(3,3),(0.,1.),.PIECEWISE_BEZIER_KNOTS.);
#5754 = CARTESIAN_POINT('',(-40.72142857142,-14.59857142857,23.42));
#5755 = CARTESIAN_POINT('',(-41.35,-14.59857142857,23.42));
#5756 = CARTESIAN_POINT('',(-41.81428571428,-14.11285714285,23.42));
#5757 = ORIENTED_EDGE('',*,*,#5718,.F.);
#5758 = ORIENTED_EDGE('',*,*,#1802,.F.);
#5759 = SURFACE_OF_LINEAR_EXTRUSION('',#5760,#5764);
#5760 = B_SPLINE_CURVE_WITH_KNOTS('',2,(#5761,#5762,#5763),
  .UNSPECIFIED.,.F.,.F.,(3,3),(0.,1.),.PIECEWISE_BEZIER_KNOTS.);
#5761 = CARTESIAN_POINT('',(-40.72142857142,-14.59857142857,24.42));
#5762 = CARTESIAN_POINT('',(-41.35,-14.59857142857,24.42));
#5763 = CARTESIAN_POINT('',(-41.81428571428,-14.11285714285,24.42));
#5764 = VECTOR('',#5765,1.);
#5765 = DIRECTION('',(0.,0.,1.));
#5766 = ADVANCED_FACE('',(#5767),#5785,.T.);
#5767 = FACE_BOUND('',#5768,.T.);
#5768 = EDGE_LOOP('',(#5769,#5777,#5783,#5784));
#5769 = ORIENTED_EDGE('',*,*,#5770,.T.);
#5770 = EDGE_CURVE('',#1787,#5771,#5773,.T.);
#5771 = VERTEX_POINT('',#5772);
#5772 = CARTESIAN_POINT('',(-40.17142857142,-14.49142857142,23.42));
#5773 = LINE('',#5774,#5775);
#5774 = CARTESIAN_POINT('',(-40.17142857142,-14.49142857142,24.42));
#5775 = VECTOR('',#5776,1.);
#5776 = DIRECTION('',(-0.,-0.,-1.));
#5777 = ORIENTED_EDGE('',*,*,#5778,.T.);
#5778 = EDGE_CURVE('',#5771,#5745,#5779,.T.);
#5779 = B_SPLINE_CURVE_WITH_KNOTS('',2,(#5780,#5781,#5782),
  .UNSPECIFIED.,.F.,.F.,(3,3),(0.,1.),.PIECEWISE_BEZIER_KNOTS.);
#5780 = CARTESIAN_POINT('',(-40.17142857142,-14.49142857142,23.42));
#5781 = CARTESIAN_POINT('',(-40.42142857142,-14.59857142857,23.42));
#5782 = CARTESIAN_POINT('',(-40.72142857142,-14.59857142857,23.42));
#5783 = ORIENTED_EDGE('',*,*,#5744,.F.);
#5784 = ORIENTED_EDGE('',*,*,#1794,.F.);
#5785 = SURFACE_OF_LINEAR_EXTRUSION('',#5786,#5790);
#5786 = B_SPLINE_CURVE_WITH_KNOTS('',2,(#5787,#5788,#5789),
  .UNSPECIFIED.,.F.,.F.,(3,3),(0.,1.),.PIECEWISE_BEZIER_KNOTS.);
#5787 = CARTESIAN_POINT('',(-40.17142857142,-14.49142857142,24.42));
#5788 = CARTESIAN_POINT('',(-40.42142857142,-14.59857142857,24.42));
#5789 = CARTESIAN_POINT('',(-40.72142857142,-14.59857142857,24.42));
#5790 = VECTOR('',#5791,1.);
#5791 = DIRECTION('',(0.,0.,1.));
#5792 = ADVANCED_FACE('',(#5793),#5811,.T.);
#5793 = FACE_BOUND('',#5794,.T.);
#5794 = EDGE_LOOP('',(#5795,#5803,#5809,#5810));
#5795 = ORIENTED_EDGE('',*,*,#5796,.T.);
#5796 = EDGE_CURVE('',#1779,#5797,#5799,.T.);
#5797 = VERTEX_POINT('',#5798);
#5798 = CARTESIAN_POINT('',(-39.44285714285,-13.68428571428,23.42));
#5799 = LINE('',#5800,#5801);
#5800 = CARTESIAN_POINT('',(-39.44285714285,-13.68428571428,24.42));
#5801 = VECTOR('',#5802,1.);
#5802 = DIRECTION('',(-0.,-0.,-1.));
#5803 = ORIENTED_EDGE('',*,*,#5804,.T.);
#5804 = EDGE_CURVE('',#5797,#5771,#5805,.T.);
#5805 = B_SPLINE_CURVE_WITH_KNOTS('',2,(#5806,#5807,#5808),
  .UNSPECIFIED.,.F.,.F.,(3,3),(0.,1.),.PIECEWISE_BEZIER_KNOTS.);
#5806 = CARTESIAN_POINT('',(-39.44285714285,-13.68428571428,23.42));
#5807 = CARTESIAN_POINT('',(-39.75,-14.30571428571,23.42));
#5808 = CARTESIAN_POINT('',(-40.17142857142,-14.49142857142,23.42));
#5809 = ORIENTED_EDGE('',*,*,#5770,.F.);
#5810 = ORIENTED_EDGE('',*,*,#1786,.F.);
#5811 = SURFACE_OF_LINEAR_EXTRUSION('',#5812,#5816);
#5812 = B_SPLINE_CURVE_WITH_KNOTS('',2,(#5813,#5814,#5815),
  .UNSPECIFIED.,.F.,.F.,(3,3),(0.,1.),.PIECEWISE_BEZIER_KNOTS.);
#5813 = CARTESIAN_POINT('',(-39.44285714285,-13.68428571428,24.42));
#5814 = CARTESIAN_POINT('',(-39.75,-14.30571428571,24.42));
#5815 = CARTESIAN_POINT('',(-40.17142857142,-14.49142857142,24.42));
#5816 = VECTOR('',#5817,1.);
#5817 = DIRECTION('',(0.,0.,1.));
#5818 = ADVANCED_FACE('',(#5819),#5837,.T.);
#5819 = FACE_BOUND('',#5820,.T.);
#5820 = EDGE_LOOP('',(#5821,#5829,#5835,#5836));
#5821 = ORIENTED_EDGE('',*,*,#5822,.T.);
#5822 = EDGE_CURVE('',#1771,#5823,#5825,.T.);
#5823 = VERTEX_POINT('',#5824);
#5824 = CARTESIAN_POINT('',(-39.27142857142,-13.20571428571,23.42));
#5825 = LINE('',#5826,#5827);
#5826 = CARTESIAN_POINT('',(-39.27142857142,-13.20571428571,24.42));
#5827 = VECTOR('',#5828,1.);
#5828 = DIRECTION('',(-0.,-0.,-1.));
#5829 = ORIENTED_EDGE('',*,*,#5830,.T.);
#5830 = EDGE_CURVE('',#5823,#5797,#5831,.T.);
#5831 = B_SPLINE_CURVE_WITH_KNOTS('',2,(#5832,#5833,#5834),
  .UNSPECIFIED.,.F.,.F.,(3,3),(0.,1.),.PIECEWISE_BEZIER_KNOTS.);
#5832 = CARTESIAN_POINT('',(-39.27142857142,-13.20571428571,23.42));
#5833 = CARTESIAN_POINT('',(-39.37857142857,-13.54857142857,23.42));
#5834 = CARTESIAN_POINT('',(-39.44285714285,-13.68428571428,23.42));
#5835 = ORIENTED_EDGE('',*,*,#5796,.F.);
#5836 = ORIENTED_EDGE('',*,*,#1778,.F.);
#5837 = SURFACE_OF_LINEAR_EXTRUSION('',#5838,#5842);
#5838 = B_SPLINE_CURVE_WITH_KNOTS('',2,(#5839,#5840,#5841),
  .UNSPECIFIED.,.F.,.F.,(3,3),(0.,1.),.PIECEWISE_BEZIER_KNOTS.);
#5839 = CARTESIAN_POINT('',(-39.27142857142,-13.20571428571,24.42));
#5840 = CARTESIAN_POINT('',(-39.37857142857,-13.54857142857,24.42));
#5841 = CARTESIAN_POINT('',(-39.44285714285,-13.68428571428,24.42));
#5842 = VECTOR('',#5843,1.);
#5843 = DIRECTION('',(0.,0.,1.));
#5844 = ADVANCED_FACE('',(#5845),#5863,.T.);
#5845 = FACE_BOUND('',#5846,.T.);
#5846 = EDGE_LOOP('',(#5847,#5855,#5861,#5862));
#5847 = ORIENTED_EDGE('',*,*,#5848,.T.);
#5848 = EDGE_CURVE('',#1763,#5849,#5851,.T.);
#5849 = VERTEX_POINT('',#5850);
#5850 = CARTESIAN_POINT('',(-39.13571428571,-12.80571428571,23.42));
#5851 = LINE('',#5852,#5853);
#5852 = CARTESIAN_POINT('',(-39.13571428571,-12.80571428571,24.42));
#5853 = VECTOR('',#5854,1.);
#5854 = DIRECTION('',(-0.,-0.,-1.));
#5855 = ORIENTED_EDGE('',*,*,#5856,.T.);
#5856 = EDGE_CURVE('',#5849,#5823,#5857,.T.);
#5857 = B_SPLINE_CURVE_WITH_KNOTS('',2,(#5858,#5859,#5860),
  .UNSPECIFIED.,.F.,.F.,(3,3),(0.,1.),.PIECEWISE_BEZIER_KNOTS.);
#5858 = CARTESIAN_POINT('',(-39.13571428571,-12.80571428571,23.42));
#5859 = CARTESIAN_POINT('',(-39.18571428571,-12.93428571428,23.42));
#5860 = CARTESIAN_POINT('',(-39.27142857142,-13.20571428571,23.42));
#5861 = ORIENTED_EDGE('',*,*,#5822,.F.);
#5862 = ORIENTED_EDGE('',*,*,#1770,.F.);
#5863 = SURFACE_OF_LINEAR_EXTRUSION('',#5864,#5868);
#5864 = B_SPLINE_CURVE_WITH_KNOTS('',2,(#5865,#5866,#5867),
  .UNSPECIFIED.,.F.,.F.,(3,3),(0.,1.),.PIECEWISE_BEZIER_KNOTS.);
#5865 = CARTESIAN_POINT('',(-39.13571428571,-12.80571428571,24.42));
#5866 = CARTESIAN_POINT('',(-39.18571428571,-12.93428571428,24.42));
#5867 = CARTESIAN_POINT('',(-39.27142857142,-13.20571428571,24.42));
#5868 = VECTOR('',#5869,1.);
#5869 = DIRECTION('',(0.,0.,1.));
#5870 = ADVANCED_FACE('',(#5871),#5889,.T.);
#5871 = FACE_BOUND('',#5872,.T.);
#5872 = EDGE_LOOP('',(#5873,#5881,#5887,#5888));
#5873 = ORIENTED_EDGE('',*,*,#5874,.T.);
#5874 = EDGE_CURVE('',#1755,#5875,#5877,.T.);
#5875 = VERTEX_POINT('',#5876);
#5876 = CARTESIAN_POINT('',(-38.54285714285,-12.27,23.42));
#5877 = LINE('',#5878,#5879);
#5878 = CARTESIAN_POINT('',(-38.54285714285,-12.27,24.42));
#5879 = VECTOR('',#5880,1.);
#5880 = DIRECTION('',(-0.,-0.,-1.));
#5881 = ORIENTED_EDGE('',*,*,#5882,.T.);
#5882 = EDGE_CURVE('',#5875,#5849,#5883,.T.);
#5883 = B_SPLINE_CURVE_WITH_KNOTS('',2,(#5884,#5885,#5886),
  .UNSPECIFIED.,.F.,.F.,(3,3),(0.,1.),.PIECEWISE_BEZIER_KNOTS.);
#5884 = CARTESIAN_POINT('',(-38.54285714285,-12.27,23.42));
#5885 = CARTESIAN_POINT('',(-38.91428571428,-12.27,23.42));
#5886 = CARTESIAN_POINT('',(-39.13571428571,-12.80571428571,23.42));
#5887 = ORIENTED_EDGE('',*,*,#5848,.F.);
#5888 = ORIENTED_EDGE('',*,*,#1762,.F.);
#5889 = SURFACE_OF_LINEAR_EXTRUSION('',#5890,#5894);
#5890 = B_SPLINE_CURVE_WITH_KNOTS('',2,(#5891,#5892,#5893),
  .UNSPECIFIED.,.F.,.F.,(3,3),(0.,1.),.PIECEWISE_BEZIER_KNOTS.);
#5891 = CARTESIAN_POINT('',(-38.54285714285,-12.27,24.42));
#5892 = CARTESIAN_POINT('',(-38.91428571428,-12.27,24.42));
#5893 = CARTESIAN_POINT('',(-39.13571428571,-12.80571428571,24.42));
#5894 = VECTOR('',#5895,1.);
#5895 = DIRECTION('',(0.,0.,1.));
#5896 = ADVANCED_FACE('',(#5897),#5915,.T.);
#5897 = FACE_BOUND('',#5898,.T.);
#5898 = EDGE_LOOP('',(#5899,#5907,#5913,#5914));
#5899 = ORIENTED_EDGE('',*,*,#5900,.T.);
#5900 = EDGE_CURVE('',#1747,#5901,#5903,.T.);
#5901 = VERTEX_POINT('',#5902);
#5902 = CARTESIAN_POINT('',(-38.20714285714,-12.37714285714,23.42));
#5903 = LINE('',#5904,#5905);
#5904 = CARTESIAN_POINT('',(-38.20714285714,-12.37714285714,24.42));
#5905 = VECTOR('',#5906,1.);
#5906 = DIRECTION('',(-0.,-0.,-1.));
#5907 = ORIENTED_EDGE('',*,*,#5908,.T.);
#5908 = EDGE_CURVE('',#5901,#5875,#5909,.T.);
#5909 = B_SPLINE_CURVE_WITH_KNOTS('',2,(#5910,#5911,#5912),
  .UNSPECIFIED.,.F.,.F.,(3,3),(0.,1.),.PIECEWISE_BEZIER_KNOTS.);
#5910 = CARTESIAN_POINT('',(-38.20714285714,-12.37714285714,23.42));
#5911 = CARTESIAN_POINT('',(-38.36428571428,-12.27,23.42));
#5912 = CARTESIAN_POINT('',(-38.54285714285,-12.27,23.42));
#5913 = ORIENTED_EDGE('',*,*,#5874,.F.);
#5914 = ORIENTED_EDGE('',*,*,#1754,.F.);
#5915 = SURFACE_OF_LINEAR_EXTRUSION('',#5916,#5920);
#5916 = B_SPLINE_CURVE_WITH_KNOTS('',2,(#5917,#5918,#5919),
  .UNSPECIFIED.,.F.,.F.,(3,3),(0.,1.),.PIECEWISE_BEZIER_KNOTS.);
#5917 = CARTESIAN_POINT('',(-38.20714285714,-12.37714285714,24.42));
#5918 = CARTESIAN_POINT('',(-38.36428571428,-12.27,24.42));
#5919 = CARTESIAN_POINT('',(-38.54285714285,-12.27,24.42));
#5920 = VECTOR('',#5921,1.);
#5921 = DIRECTION('',(0.,0.,1.));
#5922 = ADVANCED_FACE('',(#5923),#5941,.T.);
#5923 = FACE_BOUND('',#5924,.T.);
#5924 = EDGE_LOOP('',(#5925,#5933,#5939,#5940));
#5925 = ORIENTED_EDGE('',*,*,#5926,.T.);
#5926 = EDGE_CURVE('',#1739,#5927,#5929,.T.);
#5927 = VERTEX_POINT('',#5928);
#5928 = CARTESIAN_POINT('',(-37.95,-12.76285714285,23.42));
#5929 = LINE('',#5930,#5931);
#5930 = CARTESIAN_POINT('',(-37.95,-12.76285714285,24.42));
#5931 = VECTOR('',#5932,1.);
#5932 = DIRECTION('',(-0.,-0.,-1.));
#5933 = ORIENTED_EDGE('',*,*,#5934,.T.);
#5934 = EDGE_CURVE('',#5927,#5901,#5935,.T.);
#5935 = B_SPLINE_CURVE_WITH_KNOTS('',2,(#5936,#5937,#5938),
  .UNSPECIFIED.,.F.,.F.,(3,3),(0.,1.),.PIECEWISE_BEZIER_KNOTS.);
#5936 = CARTESIAN_POINT('',(-37.95,-12.76285714285,23.42));
#5937 = CARTESIAN_POINT('',(-37.98571428571,-12.54142857142,23.42));
#5938 = CARTESIAN_POINT('',(-38.20714285714,-12.37714285714,23.42));
#5939 = ORIENTED_EDGE('',*,*,#5900,.F.);
#5940 = ORIENTED_EDGE('',*,*,#1746,.F.);
#5941 = SURFACE_OF_LINEAR_EXTRUSION('',#5942,#5946);
#5942 = B_SPLINE_CURVE_WITH_KNOTS('',2,(#5943,#5944,#5945),
  .UNSPECIFIED.,.F.,.F.,(3,3),(0.,1.),.PIECEWISE_BEZIER_KNOTS.);
#5943 = CARTESIAN_POINT('',(-37.95,-12.76285714285,24.42));
#5944 = CARTESIAN_POINT('',(-37.98571428571,-12.54142857142,24.42));
#5945 = CARTESIAN_POINT('',(-38.20714285714,-12.37714285714,24.42));
#5946 = VECTOR('',#5947,1.);
#5947 = DIRECTION('',(0.,0.,1.));
#5948 = ADVANCED_FACE('',(#5949),#5967,.T.);
#5949 = FACE_BOUND('',#5950,.T.);
#5950 = EDGE_LOOP('',(#5951,#5959,#5965,#5966));
#5951 = ORIENTED_EDGE('',*,*,#5952,.T.);
#5952 = EDGE_CURVE('',#1731,#5953,#5955,.T.);
#5953 = VERTEX_POINT('',#5954);
#5954 = CARTESIAN_POINT('',(-37.2,-12.76285714285,23.42));
#5955 = LINE('',#5956,#5957);
#5956 = CARTESIAN_POINT('',(-37.2,-12.76285714285,24.42));
#5957 = VECTOR('',#5958,1.);
#5958 = DIRECTION('',(-0.,-0.,-1.));
#5959 = ORIENTED_EDGE('',*,*,#5960,.T.);
#5960 = EDGE_CURVE('',#5953,#5927,#5961,.T.);
#5961 = LINE('',#5962,#5963);
#5962 = CARTESIAN_POINT('',(-37.2,-12.76285714285,23.42));
#5963 = VECTOR('',#5964,1.);
#5964 = DIRECTION('',(-1.,2.22044604925E-16,0.));
#5965 = ORIENTED_EDGE('',*,*,#5926,.F.);
#5966 = ORIENTED_EDGE('',*,*,#1738,.F.);
#5967 = PLANE('',#5968);
#5968 = AXIS2_PLACEMENT_3D('',#5969,#5970,#5971);
#5969 = CARTESIAN_POINT('',(-37.2,-12.76285714285,24.42));
#5970 = DIRECTION('',(2.22044604925E-16,1.,0.));
#5971 = DIRECTION('',(-1.,2.22044604925E-16,0.));
#5972 = ADVANCED_FACE('',(#5973),#5991,.T.);
#5973 = FACE_BOUND('',#5974,.T.);
#5974 = EDGE_LOOP('',(#5975,#5983,#5989,#5990));
#5975 = ORIENTED_EDGE('',*,*,#5976,.T.);
#5976 = EDGE_CURVE('',#1723,#5977,#5979,.T.);
#5977 = VERTEX_POINT('',#5978);
#5978 = CARTESIAN_POINT('',(-37.38571428571,-12.17714285714,23.42));
#5979 = LINE('',#5980,#5981);
#5980 = CARTESIAN_POINT('',(-37.38571428571,-12.17714285714,24.42));
#5981 = VECTOR('',#5982,1.);
#5982 = DIRECTION('',(-0.,-0.,-1.));
#5983 = ORIENTED_EDGE('',*,*,#5984,.T.);
#5984 = EDGE_CURVE('',#5977,#5953,#5985,.T.);
#5985 = B_SPLINE_CURVE_WITH_KNOTS('',2,(#5986,#5987,#5988),
  .UNSPECIFIED.,.F.,.F.,(3,3),(0.,1.),.PIECEWISE_BEZIER_KNOTS.);
#5986 = CARTESIAN_POINT('',(-37.38571428571,-12.17714285714,23.42));
#5987 = CARTESIAN_POINT('',(-37.20714285714,-12.49142857142,23.42));
#5988 = CARTESIAN_POINT('',(-37.2,-12.76285714285,23.42));
#5989 = ORIENTED_EDGE('',*,*,#5952,.F.);
#5990 = ORIENTED_EDGE('',*,*,#1730,.F.);
#5991 = SURFACE_OF_LINEAR_EXTRUSION('',#5992,#5996);
#5992 = B_SPLINE_CURVE_WITH_KNOTS('',2,(#5993,#5994,#5995),
  .UNSPECIFIED.,.F.,.F.,(3,3),(0.,1.),.PIECEWISE_BEZIER_KNOTS.);
#5993 = CARTESIAN_POINT('',(-37.38571428571,-12.17714285714,24.42));
#5994 = CARTESIAN_POINT('',(-37.20714285714,-12.49142857142,24.42));
#5995 = CARTESIAN_POINT('',(-37.2,-12.76285714285,24.42));
#5996 = VECTOR('',#5997,1.);
#5997 = DIRECTION('',(0.,0.,1.));
#5998 = ADVANCED_FACE('',(#5999),#6010,.T.);
#5999 = FACE_BOUND('',#6000,.T.);
#6000 = EDGE_LOOP('',(#6001,#6002,#6008,#6009));
#6001 = ORIENTED_EDGE('',*,*,#5521,.T.);
#6002 = ORIENTED_EDGE('',*,*,#6003,.T.);
#6003 = EDGE_CURVE('',#5514,#5977,#6004,.T.);
#6004 = B_SPLINE_CURVE_WITH_KNOTS('',2,(#6005,#6006,#6007),
  .UNSPECIFIED.,.F.,.F.,(3,3),(0.,1.),.PIECEWISE_BEZIER_KNOTS.);
#6005 = CARTESIAN_POINT('',(-38.55714285714,-11.50571428571,23.42));
#6006 = CARTESIAN_POINT('',(-37.77857142857,-11.50571428571,23.42));
#6007 = CARTESIAN_POINT('',(-37.38571428571,-12.17714285714,23.42));
#6008 = ORIENTED_EDGE('',*,*,#5976,.F.);
#6009 = ORIENTED_EDGE('',*,*,#1722,.F.);
#6010 = SURFACE_OF_LINEAR_EXTRUSION('',#6011,#6015);
#6011 = B_SPLINE_CURVE_WITH_KNOTS('',2,(#6012,#6013,#6014),
  .UNSPECIFIED.,.F.,.F.,(3,3),(0.,1.),.PIECEWISE_BEZIER_KNOTS.);
#6012 = CARTESIAN_POINT('',(-38.55714285714,-11.50571428571,24.42));
#6013 = CARTESIAN_POINT('',(-37.77857142857,-11.50571428571,24.42));
#6014 = CARTESIAN_POINT('',(-37.38571428571,-12.17714285714,24.42));
#6015 = VECTOR('',#6016,1.);
#6016 = DIRECTION('',(0.,0.,1.));
#6017 = ADVANCED_FACE('',(#6018),#6043,.T.);
#6018 = FACE_BOUND('',#6019,.T.);
#6019 = EDGE_LOOP('',(#6020,#6028,#6036,#6042));
#6020 = ORIENTED_EDGE('',*,*,#6021,.T.);
#6021 = EDGE_CURVE('',#1875,#6022,#6024,.T.);
#6022 = VERTEX_POINT('',#6023);
#6023 = CARTESIAN_POINT('',(-41.69285714285,-11.72,23.42));
#6024 = LINE('',#6025,#6026);
#6025 = CARTESIAN_POINT('',(-41.69285714285,-11.72,24.42));
#6026 = VECTOR('',#6027,1.);
#6027 = DIRECTION('',(-0.,-0.,-1.));
#6028 = ORIENTED_EDGE('',*,*,#6029,.T.);
#6029 = EDGE_CURVE('',#6022,#6030,#6032,.T.);
#6030 = VERTEX_POINT('',#6031);
#6031 = CARTESIAN_POINT('',(-41.07142857142,-11.44857142857,23.42));
#6032 = B_SPLINE_CURVE_WITH_KNOTS('',2,(#6033,#6034,#6035),
  .UNSPECIFIED.,.F.,.F.,(3,3),(0.,1.),.PIECEWISE_BEZIER_KNOTS.);
#6033 = CARTESIAN_POINT('',(-41.69285714285,-11.72,23.42));
#6034 = CARTESIAN_POINT('',(-41.35714285714,-11.45571428571,23.42));
#6035 = CARTESIAN_POINT('',(-41.07142857142,-11.44857142857,23.42));
#6036 = ORIENTED_EDGE('',*,*,#6037,.F.);
#6037 = EDGE_CURVE('',#1877,#6030,#6038,.T.);
#6038 = LINE('',#6039,#6040);
#6039 = CARTESIAN_POINT('',(-41.07142857142,-11.44857142857,24.42));
#6040 = VECTOR('',#6041,1.);
#6041 = DIRECTION('',(-0.,-0.,-1.));
#6042 = ORIENTED_EDGE('',*,*,#1874,.F.);
#6043 = SURFACE_OF_LINEAR_EXTRUSION('',#6044,#6048);
#6044 = B_SPLINE_CURVE_WITH_KNOTS('',2,(#6045,#6046,#6047),
  .UNSPECIFIED.,.F.,.F.,(3,3),(0.,1.),.PIECEWISE_BEZIER_KNOTS.);
#6045 = CARTESIAN_POINT('',(-41.69285714285,-11.72,24.42));
#6046 = CARTESIAN_POINT('',(-41.35714285714,-11.45571428571,24.42));
#6047 = CARTESIAN_POINT('',(-41.07142857142,-11.44857142857,24.42));
#6048 = VECTOR('',#6049,1.);
#6049 = DIRECTION('',(0.,0.,1.));
#6050 = ADVANCED_FACE('',(#6051),#6069,.T.);
#6051 = FACE_BOUND('',#6052,.T.);
#6052 = EDGE_LOOP('',(#6053,#6061,#6067,#6068));
#6053 = ORIENTED_EDGE('',*,*,#6054,.T.);
#6054 = EDGE_CURVE('',#1909,#6055,#6057,.T.);
#6055 = VERTEX_POINT('',#6056);
#6056 = CARTESIAN_POINT('',(-42.22142857142,-12.76285714285,23.42));
#6057 = LINE('',#6058,#6059);
#6058 = CARTESIAN_POINT('',(-42.22142857142,-12.76285714285,24.42));
#6059 = VECTOR('',#6060,1.);
#6060 = DIRECTION('',(-0.,-0.,-1.));
#6061 = ORIENTED_EDGE('',*,*,#6062,.T.);
#6062 = EDGE_CURVE('',#6055,#6022,#6063,.T.);
#6063 = B_SPLINE_CURVE_WITH_KNOTS('',2,(#6064,#6065,#6066),
  .UNSPECIFIED.,.F.,.F.,(3,3),(0.,1.),.PIECEWISE_BEZIER_KNOTS.);
#6064 = CARTESIAN_POINT('',(-42.22142857142,-12.76285714285,23.42));
#6065 = CARTESIAN_POINT('',(-42.22142857142,-12.14857142857,23.42));
#6066 = CARTESIAN_POINT('',(-41.69285714285,-11.72,23.42));
#6067 = ORIENTED_EDGE('',*,*,#6021,.F.);
#6068 = ORIENTED_EDGE('',*,*,#1916,.F.);
#6069 = SURFACE_OF_LINEAR_EXTRUSION('',#6070,#6074);
#6070 = B_SPLINE_CURVE_WITH_KNOTS('',2,(#6071,#6072,#6073),
  .UNSPECIFIED.,.F.,.F.,(3,3),(0.,1.),.PIECEWISE_BEZIER_KNOTS.);
#6071 = CARTESIAN_POINT('',(-42.22142857142,-12.76285714285,24.42));
#6072 = CARTESIAN_POINT('',(-42.22142857142,-12.14857142857,24.42));
#6073 = CARTESIAN_POINT('',(-41.69285714285,-11.72,24.42));
#6074 = VECTOR('',#6075,1.);
#6075 = DIRECTION('',(0.,0.,1.));
#6076 = ADVANCED_FACE('',(#6077),#6095,.T.);
#6077 = FACE_BOUND('',#6078,.T.);
#6078 = EDGE_LOOP('',(#6079,#6087,#6093,#6094));
#6079 = ORIENTED_EDGE('',*,*,#6080,.T.);
#6080 = EDGE_CURVE('',#1901,#6081,#6083,.T.);
#6081 = VERTEX_POINT('',#6082);
#6082 = CARTESIAN_POINT('',(-41.48571428571,-12.76285714285,23.42));
#6083 = LINE('',#6084,#6085);
#6084 = CARTESIAN_POINT('',(-41.48571428571,-12.76285714285,24.42));
#6085 = VECTOR('',#6086,1.);
#6086 = DIRECTION('',(-0.,-0.,-1.));
#6087 = ORIENTED_EDGE('',*,*,#6088,.T.);
#6088 = EDGE_CURVE('',#6081,#6055,#6089,.T.);
#6089 = LINE('',#6090,#6091);
#6090 = CARTESIAN_POINT('',(-41.48571428571,-12.76285714285,23.42));
#6091 = VECTOR('',#6092,1.);
#6092 = DIRECTION('',(-1.,2.22044604925E-16,0.));
#6093 = ORIENTED_EDGE('',*,*,#6054,.F.);
#6094 = ORIENTED_EDGE('',*,*,#1908,.F.);
#6095 = PLANE('',#6096);
#6096 = AXIS2_PLACEMENT_3D('',#6097,#6098,#6099);
#6097 = CARTESIAN_POINT('',(-41.48571428571,-12.76285714285,24.42));
#6098 = DIRECTION('',(2.22044604925E-16,1.,0.));
#6099 = DIRECTION('',(-1.,2.22044604925E-16,0.));
#6100 = ADVANCED_FACE('',(#6101),#6119,.T.);
#6101 = FACE_BOUND('',#6102,.T.);
#6102 = EDGE_LOOP('',(#6103,#6111,#6117,#6118));
#6103 = ORIENTED_EDGE('',*,*,#6104,.T.);
#6104 = EDGE_CURVE('',#1893,#6105,#6107,.T.);
#6105 = VERTEX_POINT('',#6106);
#6106 = CARTESIAN_POINT('',(-41.45714285714,-12.67714285714,23.42));
#6107 = LINE('',#6108,#6109);
#6108 = CARTESIAN_POINT('',(-41.45714285714,-12.67714285714,24.42));
#6109 = VECTOR('',#6110,1.);
#6110 = DIRECTION('',(-0.,-0.,-1.));
#6111 = ORIENTED_EDGE('',*,*,#6112,.T.);
#6112 = EDGE_CURVE('',#6105,#6081,#6113,.T.);
#6113 = B_SPLINE_CURVE_WITH_KNOTS('',2,(#6114,#6115,#6116),
  .UNSPECIFIED.,.F.,.F.,(3,3),(0.,1.),.PIECEWISE_BEZIER_KNOTS.);
#6114 = CARTESIAN_POINT('',(-41.45714285714,-12.67714285714,23.42));
#6115 = CARTESIAN_POINT('',(-41.48571428571,-12.76285714285,23.42));
#6116 = CARTESIAN_POINT('',(-41.48571428571,-12.76285714285,23.42));
#6117 = ORIENTED_EDGE('',*,*,#6080,.F.);
#6118 = ORIENTED_EDGE('',*,*,#1900,.F.);
#6119 = SURFACE_OF_LINEAR_EXTRUSION('',#6120,#6124);
#6120 = B_SPLINE_CURVE_WITH_KNOTS('',2,(#6121,#6122,#6123),
  .UNSPECIFIED.,.F.,.F.,(3,3),(0.,1.),.PIECEWISE_BEZIER_KNOTS.);
#6121 = CARTESIAN_POINT('',(-41.45714285714,-12.67714285714,24.42));
#6122 = CARTESIAN_POINT('',(-41.48571428571,-12.76285714285,24.42));
#6123 = CARTESIAN_POINT('',(-41.48571428571,-12.76285714285,24.42));
#6124 = VECTOR('',#6125,1.);
#6125 = DIRECTION('',(0.,0.,1.));
#6126 = ADVANCED_FACE('',(#6127),#6145,.T.);
#6127 = FACE_BOUND('',#6128,.T.);
#6128 = EDGE_LOOP('',(#6129,#6137,#6143,#6144));
#6129 = ORIENTED_EDGE('',*,*,#6130,.T.);
#6130 = EDGE_CURVE('',#1885,#6131,#6133,.T.);
#6131 = VERTEX_POINT('',#6132);
#6132 = CARTESIAN_POINT('',(-40.81428571428,-12.17,23.42));
#6133 = LINE('',#6134,#6135);
#6134 = CARTESIAN_POINT('',(-40.81428571428,-12.17,24.42));
#6135 = VECTOR('',#6136,1.);
#6136 = DIRECTION('',(-0.,-0.,-1.));
#6137 = ORIENTED_EDGE('',*,*,#6138,.T.);
#6138 = EDGE_CURVE('',#6131,#6105,#6139,.T.);
#6139 = B_SPLINE_CURVE_WITH_KNOTS('',2,(#6140,#6141,#6142),
  .UNSPECIFIED.,.F.,.F.,(3,3),(0.,1.),.PIECEWISE_BEZIER_KNOTS.);
#6140 = CARTESIAN_POINT('',(-40.81428571428,-12.17,23.42));
#6141 = CARTESIAN_POINT('',(-41.27857142857,-12.21285714285,23.42));
#6142 = CARTESIAN_POINT('',(-41.45714285714,-12.67714285714,23.42));
#6143 = ORIENTED_EDGE('',*,*,#6104,.F.);
#6144 = ORIENTED_EDGE('',*,*,#1892,.F.);
#6145 = SURFACE_OF_LINEAR_EXTRUSION('',#6146,#6150);
#6146 = B_SPLINE_CURVE_WITH_KNOTS('',2,(#6147,#6148,#6149),
  .UNSPECIFIED.,.F.,.F.,(3,3),(0.,1.),.PIECEWISE_BEZIER_KNOTS.);
#6147 = CARTESIAN_POINT('',(-40.81428571428,-12.17,24.42));
#6148 = CARTESIAN_POINT('',(-41.27857142857,-12.21285714285,24.42));
#6149 = CARTESIAN_POINT('',(-41.45714285714,-12.67714285714,24.42));
#6150 = VECTOR('',#6151,1.);
#6151 = DIRECTION('',(0.,0.,1.));
#6152 = ADVANCED_FACE('',(#6153),#6164,.T.);
#6153 = FACE_BOUND('',#6154,.T.);
#6154 = EDGE_LOOP('',(#6155,#6156,#6162,#6163));
#6155 = ORIENTED_EDGE('',*,*,#6037,.T.);
#6156 = ORIENTED_EDGE('',*,*,#6157,.T.);
#6157 = EDGE_CURVE('',#6030,#6131,#6158,.T.);
#6158 = LINE('',#6159,#6160);
#6159 = CARTESIAN_POINT('',(-41.07142857142,-11.44857142857,23.42));
#6160 = VECTOR('',#6161,1.);
#6161 = DIRECTION('',(0.335745526718,-0.941952727736,0.));
#6162 = ORIENTED_EDGE('',*,*,#6130,.F.);
#6163 = ORIENTED_EDGE('',*,*,#1884,.F.);
#6164 = PLANE('',#6165);
#6165 = AXIS2_PLACEMENT_3D('',#6166,#6167,#6168);
#6166 = CARTESIAN_POINT('',(-41.07142857142,-11.44857142857,24.42));
#6167 = DIRECTION('',(-0.941952727736,-0.335745526718,0.));
#6168 = DIRECTION('',(0.335745526718,-0.941952727736,0.));
#6169 = ADVANCED_FACE('',(#6170),#6195,.T.);
#6170 = FACE_BOUND('',#6171,.T.);
#6171 = EDGE_LOOP('',(#6172,#6180,#6188,#6194));
#6172 = ORIENTED_EDGE('',*,*,#6173,.T.);
#6173 = EDGE_CURVE('',#1925,#6174,#6176,.T.);
#6174 = VERTEX_POINT('',#6175);
#6175 = CARTESIAN_POINT('',(-42.02857142857,-10.31809523809,23.42));
#6176 = LINE('',#6177,#6178);
#6177 = CARTESIAN_POINT('',(-42.02857142857,-10.31809523809,24.42));
#6178 = VECTOR('',#6179,1.);
#6179 = DIRECTION('',(-0.,-0.,-1.));
#6180 = ORIENTED_EDGE('',*,*,#6181,.T.);
#6181 = EDGE_CURVE('',#6174,#6182,#6184,.T.);
#6182 = VERTEX_POINT('',#6183);
#6183 = CARTESIAN_POINT('',(-42.23571428571,-9.625238095238,23.42));
#6184 = B_SPLINE_CURVE_WITH_KNOTS('',2,(#6185,#6186,#6187),
  .UNSPECIFIED.,.F.,.F.,(3,3),(0.,1.),.PIECEWISE_BEZIER_KNOTS.);
#6185 = CARTESIAN_POINT('',(-42.02857142857,-10.31809523809,23.42));
#6186 = CARTESIAN_POINT('',(-42.23571428571,-9.95380952381,23.42));
#6187 = CARTESIAN_POINT('',(-42.23571428571,-9.625238095238,23.42));
#6188 = ORIENTED_EDGE('',*,*,#6189,.F.);
#6189 = EDGE_CURVE('',#1927,#6182,#6190,.T.);
#6190 = LINE('',#6191,#6192);
#6191 = CARTESIAN_POINT('',(-42.23571428571,-9.625238095238,24.42));
#6192 = VECTOR('',#6193,1.);
#6193 = DIRECTION('',(-0.,-0.,-1.));
#6194 = ORIENTED_EDGE('',*,*,#1924,.F.);
#6195 = SURFACE_OF_LINEAR_EXTRUSION('',#6196,#6200);
#6196 = B_SPLINE_CURVE_WITH_KNOTS('',2,(#6197,#6198,#6199),
  .UNSPECIFIED.,.F.,.F.,(3,3),(0.,1.),.PIECEWISE_BEZIER_KNOTS.);
#6197 = CARTESIAN_POINT('',(-42.02857142857,-10.31809523809,24.42));
#6198 = CARTESIAN_POINT('',(-42.23571428571,-9.95380952381,24.42));
#6199 = CARTESIAN_POINT('',(-42.23571428571,-9.625238095238,24.42));
#6200 = VECTOR('',#6201,1.);
#6201 = DIRECTION('',(0.,0.,1.));
#6202 = ADVANCED_FACE('',(#6203),#6221,.T.);
#6203 = FACE_BOUND('',#6204,.T.);
#6204 = EDGE_LOOP('',(#6205,#6213,#6219,#6220));
#6205 = ORIENTED_EDGE('',*,*,#6206,.T.);
#6206 = EDGE_CURVE('',#1975,#6207,#6209,.T.);
#6207 = VERTEX_POINT('',#6208);
#6208 = CARTESIAN_POINT('',(-40.82142857142,-11.03238095238,23.42));
#6209 = LINE('',#6210,#6211);
#6210 = CARTESIAN_POINT('',(-40.82142857142,-11.03238095238,24.42));
#6211 = VECTOR('',#6212,1.);
#6212 = DIRECTION('',(-0.,-0.,-1.));
#6213 = ORIENTED_EDGE('',*,*,#6214,.T.);
#6214 = EDGE_CURVE('',#6207,#6174,#6215,.T.);
#6215 = B_SPLINE_CURVE_WITH_KNOTS('',2,(#6216,#6217,#6218),
  .UNSPECIFIED.,.F.,.F.,(3,3),(0.,1.),.PIECEWISE_BEZIER_KNOTS.);
#6216 = CARTESIAN_POINT('',(-40.82142857142,-11.03238095238,23.42));
#6217 = CARTESIAN_POINT('',(-41.62857142857,-11.03238095238,23.42));
#6218 = CARTESIAN_POINT('',(-42.02857142857,-10.31809523809,23.42));
#6219 = ORIENTED_EDGE('',*,*,#6173,.F.);
#6220 = ORIENTED_EDGE('',*,*,#1982,.F.);
#6221 = SURFACE_OF_LINEAR_EXTRUSION('',#6222,#6226);
#6222 = B_SPLINE_CURVE_WITH_KNOTS('',2,(#6223,#6224,#6225),
  .UNSPECIFIED.,.F.,.F.,(3,3),(0.,1.),.PIECEWISE_BEZIER_KNOTS.);
#6223 = CARTESIAN_POINT('',(-40.82142857142,-11.03238095238,24.42));
#6224 = CARTESIAN_POINT('',(-41.62857142857,-11.03238095238,24.42));
#6225 = CARTESIAN_POINT('',(-42.02857142857,-10.31809523809,24.42));
#6226 = VECTOR('',#6227,1.);
#6227 = DIRECTION('',(0.,0.,1.));
#6228 = ADVANCED_FACE('',(#6229),#6247,.T.);
#6229 = FACE_BOUND('',#6230,.T.);
#6230 = EDGE_LOOP('',(#6231,#6239,#6245,#6246));
#6231 = ORIENTED_EDGE('',*,*,#6232,.T.);
#6232 = EDGE_CURVE('',#1967,#6233,#6235,.T.);
#6233 = VERTEX_POINT('',#6234);
#6234 = CARTESIAN_POINT('',(-37.2,-11.03238095238,23.42));
#6235 = LINE('',#6236,#6237);
#6236 = CARTESIAN_POINT('',(-37.2,-11.03238095238,24.42));
#6237 = VECTOR('',#6238,1.);
#6238 = DIRECTION('',(-0.,-0.,-1.));
#6239 = ORIENTED_EDGE('',*,*,#6240,.T.);
#6240 = EDGE_CURVE('',#6233,#6207,#6241,.T.);
#6241 = LINE('',#6242,#6243);
#6242 = CARTESIAN_POINT('',(-37.2,-11.03238095238,23.42));
#6243 = VECTOR('',#6244,1.);
#6244 = DIRECTION('',(-1.,2.22044604925E-16,0.));
#6245 = ORIENTED_EDGE('',*,*,#6206,.F.);
#6246 = ORIENTED_EDGE('',*,*,#1974,.F.);
#6247 = PLANE('',#6248);
#6248 = AXIS2_PLACEMENT_3D('',#6249,#6250,#6251);
#6249 = CARTESIAN_POINT('',(-37.2,-11.03238095238,24.42));
#6250 = DIRECTION('',(2.22044604925E-16,1.,0.));
#6251 = DIRECTION('',(-1.,2.22044604925E-16,0.));
#6252 = ADVANCED_FACE('',(#6253),#6271,.T.);
#6253 = FACE_BOUND('',#6254,.T.);
#6254 = EDGE_LOOP('',(#6255,#6263,#6269,#6270));
#6255 = ORIENTED_EDGE('',*,*,#6256,.T.);
#6256 = EDGE_CURVE('',#1959,#6257,#6259,.T.);
#6257 = VERTEX_POINT('',#6258);
#6258 = CARTESIAN_POINT('',(-37.2,-10.23952380952,23.42));
#6259 = LINE('',#6260,#6261);
#6260 = CARTESIAN_POINT('',(-37.2,-10.23952380952,24.42));
#6261 = VECTOR('',#6262,1.);
#6262 = DIRECTION('',(-0.,-0.,-1.));
#6263 = ORIENTED_EDGE('',*,*,#6264,.T.);
#6264 = EDGE_CURVE('',#6257,#6233,#6265,.T.);
#6265 = LINE('',#6266,#6267);
#6266 = CARTESIAN_POINT('',(-37.2,-10.23952380952,23.42));
#6267 = VECTOR('',#6268,1.);
#6268 = DIRECTION('',(-2.22044604925E-16,-1.,0.));
#6269 = ORIENTED_EDGE('',*,*,#6232,.F.);
#6270 = ORIENTED_EDGE('',*,*,#1966,.F.);
#6271 = PLANE('',#6272);
#6272 = AXIS2_PLACEMENT_3D('',#6273,#6274,#6275);
#6273 = CARTESIAN_POINT('',(-37.2,-10.23952380952,24.42));
#6274 = DIRECTION('',(-1.,2.22044604925E-16,0.));
#6275 = DIRECTION('',(-2.22044604925E-16,-1.,0.));
#6276 = ADVANCED_FACE('',(#6277),#6295,.T.);
#6277 = FACE_BOUND('',#6278,.T.);
#6278 = EDGE_LOOP('',(#6279,#6287,#6293,#6294));
#6279 = ORIENTED_EDGE('',*,*,#6280,.T.);
#6280 = EDGE_CURVE('',#1951,#6281,#6283,.T.);
#6281 = VERTEX_POINT('',#6282);
#6282 = CARTESIAN_POINT('',(-40.82142857142,-10.23952380952,23.42));
#6283 = LINE('',#6284,#6285);
#6284 = CARTESIAN_POINT('',(-40.82142857142,-10.23952380952,24.42));
#6285 = VECTOR('',#6286,1.);
#6286 = DIRECTION('',(-0.,-0.,-1.));
#6287 = ORIENTED_EDGE('',*,*,#6288,.T.);
#6288 = EDGE_CURVE('',#6281,#6257,#6289,.T.);
#6289 = LINE('',#6290,#6291);
#6290 = CARTESIAN_POINT('',(-40.82142857142,-10.23952380952,23.42));
#6291 = VECTOR('',#6292,1.);
#6292 = DIRECTION('',(1.,-2.22044604925E-16,0.));
#6293 = ORIENTED_EDGE('',*,*,#6256,.F.);
#6294 = ORIENTED_EDGE('',*,*,#1958,.F.);
#6295 = PLANE('',#6296);
#6296 = AXIS2_PLACEMENT_3D('',#6297,#6298,#6299);
#6297 = CARTESIAN_POINT('',(-40.82142857142,-10.23952380952,24.42));
#6298 = DIRECTION('',(-2.22044604925E-16,-1.,0.));
#6299 = DIRECTION('',(1.,-2.22044604925E-16,0.));
#6300 = ADVANCED_FACE('',(#6301),#6319,.T.);
#6301 = FACE_BOUND('',#6302,.T.);
#6302 = EDGE_LOOP('',(#6303,#6311,#6317,#6318));
#6303 = ORIENTED_EDGE('',*,*,#6304,.T.);
#6304 = EDGE_CURVE('',#1943,#6305,#6307,.T.);
#6305 = VERTEX_POINT('',#6306);
#6306 = CARTESIAN_POINT('',(-41.27857142857,-10.01095238095,23.42));
#6307 = LINE('',#6308,#6309);
#6308 = CARTESIAN_POINT('',(-41.27857142857,-10.01095238095,24.42));
#6309 = VECTOR('',#6310,1.);
#6310 = DIRECTION('',(-0.,-0.,-1.));
#6311 = ORIENTED_EDGE('',*,*,#6312,.T.);
#6312 = EDGE_CURVE('',#6305,#6281,#6313,.T.);
#6313 = B_SPLINE_CURVE_WITH_KNOTS('',2,(#6314,#6315,#6316),
  .UNSPECIFIED.,.F.,.F.,(3,3),(0.,1.),.PIECEWISE_BEZIER_KNOTS.);
#6314 = CARTESIAN_POINT('',(-41.27857142857,-10.01095238095,23.42));
#6315 = CARTESIAN_POINT('',(-41.09285714285,-10.23238095238,23.42));
#6316 = CARTESIAN_POINT('',(-40.82142857142,-10.23952380952,23.42));
#6317 = ORIENTED_EDGE('',*,*,#6280,.F.);
#6318 = ORIENTED_EDGE('',*,*,#1950,.F.);
#6319 = SURFACE_OF_LINEAR_EXTRUSION('',#6320,#6324);
#6320 = B_SPLINE_CURVE_WITH_KNOTS('',2,(#6321,#6322,#6323),
  .UNSPECIFIED.,.F.,.F.,(3,3),(0.,1.),.PIECEWISE_BEZIER_KNOTS.);
#6321 = CARTESIAN_POINT('',(-41.27857142857,-10.01095238095,24.42));
#6322 = CARTESIAN_POINT('',(-41.09285714285,-10.23238095238,24.42));
#6323 = CARTESIAN_POINT('',(-40.82142857142,-10.23952380952,24.42));
#6324 = VECTOR('',#6325,1.);
#6325 = DIRECTION('',(0.,0.,1.));
#6326 = ADVANCED_FACE('',(#6327),#6345,.T.);
#6327 = FACE_BOUND('',#6328,.T.);
#6328 = EDGE_LOOP('',(#6329,#6337,#6343,#6344));
#6329 = ORIENTED_EDGE('',*,*,#6330,.T.);
#6330 = EDGE_CURVE('',#1935,#6331,#6333,.T.);
#6331 = VERTEX_POINT('',#6332);
#6332 = CARTESIAN_POINT('',(-41.43571428571,-9.625238095238,23.42));
#6333 = LINE('',#6334,#6335);
#6334 = CARTESIAN_POINT('',(-41.43571428571,-9.625238095238,24.42));
#6335 = VECTOR('',#6336,1.);
#6336 = DIRECTION('',(-0.,-0.,-1.));
#6337 = ORIENTED_EDGE('',*,*,#6338,.T.);
#6338 = EDGE_CURVE('',#6331,#6305,#6339,.T.);
#6339 = B_SPLINE_CURVE_WITH_KNOTS('',2,(#6340,#6341,#6342),
  .UNSPECIFIED.,.F.,.F.,(3,3),(0.,1.),.PIECEWISE_BEZIER_KNOTS.);
#6340 = CARTESIAN_POINT('',(-41.43571428571,-9.625238095238,23.42));
#6341 = CARTESIAN_POINT('',(-41.43571428571,-9.810952380952,23.42));
#6342 = CARTESIAN_POINT('',(-41.27857142857,-10.01095238095,23.42));
#6343 = ORIENTED_EDGE('',*,*,#6304,.F.);
#6344 = ORIENTED_EDGE('',*,*,#1942,.F.);
#6345 = SURFACE_OF_LINEAR_EXTRUSION('',#6346,#6350);
#6346 = B_SPLINE_CURVE_WITH_KNOTS('',2,(#6347,#6348,#6349),
  .UNSPECIFIED.,.F.,.F.,(3,3),(0.,1.),.PIECEWISE_BEZIER_KNOTS.);
#6347 = CARTESIAN_POINT('',(-41.43571428571,-9.625238095238,24.42));
#6348 = CARTESIAN_POINT('',(-41.43571428571,-9.810952380952,24.42));
#6349 = CARTESIAN_POINT('',(-41.27857142857,-10.01095238095,24.42));
#6350 = VECTOR('',#6351,1.);
#6351 = DIRECTION('',(0.,0.,1.));
#6352 = ADVANCED_FACE('',(#6353),#6364,.T.);
#6353 = FACE_BOUND('',#6354,.T.);
#6354 = EDGE_LOOP('',(#6355,#6356,#6362,#6363));
#6355 = ORIENTED_EDGE('',*,*,#6189,.T.);
#6356 = ORIENTED_EDGE('',*,*,#6357,.T.);
#6357 = EDGE_CURVE('',#6182,#6331,#6358,.T.);
#6358 = LINE('',#6359,#6360);
#6359 = CARTESIAN_POINT('',(-42.23571428571,-9.625238095238,23.42));
#6360 = VECTOR('',#6361,1.);
#6361 = DIRECTION('',(1.,-2.22044604925E-16,0.));
#6362 = ORIENTED_EDGE('',*,*,#6330,.F.);
#6363 = ORIENTED_EDGE('',*,*,#1934,.F.);
#6364 = PLANE('',#6365);
#6365 = AXIS2_PLACEMENT_3D('',#6366,#6367,#6368);
#6366 = CARTESIAN_POINT('',(-42.23571428571,-9.625238095238,24.42));
#6367 = DIRECTION('',(-2.22044604925E-16,-1.,0.));
#6368 = DIRECTION('',(1.,-2.22044604925E-16,0.));
#6369 = ADVANCED_FACE('',(#6370),#6395,.T.);
#6370 = FACE_BOUND('',#6371,.T.);
#6371 = EDGE_LOOP('',(#6372,#6380,#6388,#6394));
#6372 = ORIENTED_EDGE('',*,*,#6373,.T.);
#6373 = EDGE_CURVE('',#1991,#6374,#6376,.T.);
#6374 = VERTEX_POINT('',#6375);
#6375 = CARTESIAN_POINT('',(-41.95,-8.432380952381,23.42));
#6376 = LINE('',#6377,#6378);
#6377 = CARTESIAN_POINT('',(-41.95,-8.432380952381,24.42));
#6378 = VECTOR('',#6379,1.);
#6379 = DIRECTION('',(-0.,-0.,-1.));
#6380 = ORIENTED_EDGE('',*,*,#6381,.T.);
#6381 = EDGE_CURVE('',#6374,#6382,#6384,.T.);
#6382 = VERTEX_POINT('',#6383);
#6383 = CARTESIAN_POINT('',(-40.82142857142,-7.839523809524,23.42));
#6384 = B_SPLINE_CURVE_WITH_KNOTS('',2,(#6385,#6386,#6387),
  .UNSPECIFIED.,.F.,.F.,(3,3),(0.,1.),.PIECEWISE_BEZIER_KNOTS.);
#6385 = CARTESIAN_POINT('',(-41.95,-8.432380952381,23.42));
#6386 = CARTESIAN_POINT('',(-41.52857142857,-7.846666666667,23.42));
#6387 = CARTESIAN_POINT('',(-40.82142857142,-7.839523809524,23.42));
#6388 = ORIENTED_EDGE('',*,*,#6389,.F.);
#6389 = EDGE_CURVE('',#1993,#6382,#6390,.T.);
#6390 = LINE('',#6391,#6392);
#6391 = CARTESIAN_POINT('',(-40.82142857142,-7.839523809524,24.42));
#6392 = VECTOR('',#6393,1.);
#6393 = DIRECTION('',(-0.,-0.,-1.));
#6394 = ORIENTED_EDGE('',*,*,#1990,.F.);
#6395 = SURFACE_OF_LINEAR_EXTRUSION('',#6396,#6400);
#6396 = B_SPLINE_CURVE_WITH_KNOTS('',2,(#6397,#6398,#6399),
  .UNSPECIFIED.,.F.,.F.,(3,3),(0.,1.),.PIECEWISE_BEZIER_KNOTS.);
#6397 = CARTESIAN_POINT('',(-41.95,-8.432380952381,24.42));
#6398 = CARTESIAN_POINT('',(-41.52857142857,-7.846666666667,24.42));
#6399 = CARTESIAN_POINT('',(-40.82142857142,-7.839523809524,24.42));
#6400 = VECTOR('',#6401,1.);
#6401 = DIRECTION('',(0.,0.,1.));
#6402 = ADVANCED_FACE('',(#6403),#6421,.T.);
#6403 = FACE_BOUND('',#6404,.T.);
#6404 = EDGE_LOOP('',(#6405,#6413,#6419,#6420));
#6405 = ORIENTED_EDGE('',*,*,#6406,.T.);
#6406 = EDGE_CURVE('',#2041,#6407,#6409,.T.);
#6407 = VERTEX_POINT('',#6408);
#6408 = CARTESIAN_POINT('',(-42.23571428571,-9.25380952381,23.42));
#6409 = LINE('',#6410,#6411);
#6410 = CARTESIAN_POINT('',(-42.23571428571,-9.25380952381,24.42));
#6411 = VECTOR('',#6412,1.);
#6412 = DIRECTION('',(-0.,-0.,-1.));
#6413 = ORIENTED_EDGE('',*,*,#6414,.T.);
#6414 = EDGE_CURVE('',#6407,#6374,#6415,.T.);
#6415 = B_SPLINE_CURVE_WITH_KNOTS('',2,(#6416,#6417,#6418),
  .UNSPECIFIED.,.F.,.F.,(3,3),(0.,1.),.PIECEWISE_BEZIER_KNOTS.);
#6416 = CARTESIAN_POINT('',(-42.23571428571,-9.25380952381,23.42));
#6417 = CARTESIAN_POINT('',(-42.23571428571,-8.846666666667,23.42));
#6418 = CARTESIAN_POINT('',(-41.95,-8.432380952381,23.42));
#6419 = ORIENTED_EDGE('',*,*,#6373,.F.);
#6420 = ORIENTED_EDGE('',*,*,#2048,.F.);
#6421 = SURFACE_OF_LINEAR_EXTRUSION('',#6422,#6426);
#6422 = B_SPLINE_CURVE_WITH_KNOTS('',2,(#6423,#6424,#6425),
  .UNSPECIFIED.,.F.,.F.,(3,3),(0.,1.),.PIECEWISE_BEZIER_KNOTS.);
#6423 = CARTESIAN_POINT('',(-42.23571428571,-9.25380952381,24.42));
#6424 = CARTESIAN_POINT('',(-42.23571428571,-8.846666666667,24.42));
#6425 = CARTESIAN_POINT('',(-41.95,-8.432380952381,24.42));
#6426 = VECTOR('',#6427,1.);
#6427 = DIRECTION('',(0.,0.,1.));
#6428 = ADVANCED_FACE('',(#6429),#6447,.T.);
#6429 = FACE_BOUND('',#6430,.T.);
#6430 = EDGE_LOOP('',(#6431,#6439,#6445,#6446));
#6431 = ORIENTED_EDGE('',*,*,#6432,.T.);
#6432 = EDGE_CURVE('',#2033,#6433,#6435,.T.);
#6433 = VERTEX_POINT('',#6434);
#6434 = CARTESIAN_POINT('',(-41.43571428571,-9.25380952381,23.42));
#6435 = LINE('',#6436,#6437);
#6436 = CARTESIAN_POINT('',(-41.43571428571,-9.25380952381,24.42));
#6437 = VECTOR('',#6438,1.);
#6438 = DIRECTION('',(-0.,-0.,-1.));
#6439 = ORIENTED_EDGE('',*,*,#6440,.T.);
#6440 = EDGE_CURVE('',#6433,#6407,#6441,.T.);
#6441 = LINE('',#6442,#6443);
#6442 = CARTESIAN_POINT('',(-41.43571428571,-9.25380952381,23.42));
#6443 = VECTOR('',#6444,1.);
#6444 = DIRECTION('',(-1.,2.22044604925E-16,0.));
#6445 = ORIENTED_EDGE('',*,*,#6406,.F.);
#6446 = ORIENTED_EDGE('',*,*,#2040,.F.);
#6447 = PLANE('',#6448);
#6448 = AXIS2_PLACEMENT_3D('',#6449,#6450,#6451);
#6449 = CARTESIAN_POINT('',(-41.43571428571,-9.25380952381,24.42));
#6450 = DIRECTION('',(2.22044604925E-16,1.,0.));
#6451 = DIRECTION('',(-1.,2.22044604925E-16,0.));
#6452 = ADVANCED_FACE('',(#6453),#6471,.T.);
#6453 = FACE_BOUND('',#6454,.T.);
#6454 = EDGE_LOOP('',(#6455,#6463,#6469,#6470));
#6455 = ORIENTED_EDGE('',*,*,#6456,.T.);
#6456 = EDGE_CURVE('',#2025,#6457,#6459,.T.);
#6457 = VERTEX_POINT('',#6458);
#6458 = CARTESIAN_POINT('',(-41.39285714285,-9.075238095238,23.42));
#6459 = LINE('',#6460,#6461);
#6460 = CARTESIAN_POINT('',(-41.39285714285,-9.075238095238,24.42));
#6461 = VECTOR('',#6462,1.);
#6462 = DIRECTION('',(-0.,-0.,-1.));
#6463 = ORIENTED_EDGE('',*,*,#6464,.T.);
#6464 = EDGE_CURVE('',#6457,#6433,#6465,.T.);
#6465 = B_SPLINE_CURVE_WITH_KNOTS('',2,(#6466,#6467,#6468),
  .UNSPECIFIED.,.F.,.F.,(3,3),(0.,1.),.PIECEWISE_BEZIER_KNOTS.);
#6466 = CARTESIAN_POINT('',(-41.39285714285,-9.075238095238,23.42));
#6467 = CARTESIAN_POINT('',(-41.43571428571,-9.182380952381,23.42));
#6468 = CARTESIAN_POINT('',(-41.43571428571,-9.25380952381,23.42));
#6469 = ORIENTED_EDGE('',*,*,#6432,.F.);
#6470 = ORIENTED_EDGE('',*,*,#2032,.F.);
#6471 = SURFACE_OF_LINEAR_EXTRUSION('',#6472,#6476);
#6472 = B_SPLINE_CURVE_WITH_KNOTS('',2,(#6473,#6474,#6475),
  .UNSPECIFIED.,.F.,.F.,(3,3),(0.,1.),.PIECEWISE_BEZIER_KNOTS.);
#6473 = CARTESIAN_POINT('',(-41.39285714285,-9.075238095238,24.42));
#6474 = CARTESIAN_POINT('',(-41.43571428571,-9.182380952381,24.42));
#6475 = CARTESIAN_POINT('',(-41.43571428571,-9.25380952381,24.42));
#6476 = VECTOR('',#6477,1.);
#6477 = DIRECTION('',(0.,0.,1.));
#6478 = ADVANCED_FACE('',(#6479),#6497,.T.);
#6479 = FACE_BOUND('',#6480,.T.);
#6480 = EDGE_LOOP('',(#6481,#6489,#6495,#6496));
#6481 = ORIENTED_EDGE('',*,*,#6482,.T.);
#6482 = EDGE_CURVE('',#2017,#6483,#6485,.T.);
#6483 = VERTEX_POINT('',#6484);
#6484 = CARTESIAN_POINT('',(-40.82142857142,-8.639523809524,23.42));
#6485 = LINE('',#6486,#6487);
#6486 = CARTESIAN_POINT('',(-40.82142857142,-8.639523809524,24.42));
#6487 = VECTOR('',#6488,1.);
#6488 = DIRECTION('',(-0.,-0.,-1.));
#6489 = ORIENTED_EDGE('',*,*,#6490,.T.);
#6490 = EDGE_CURVE('',#6483,#6457,#6491,.T.);
#6491 = B_SPLINE_CURVE_WITH_KNOTS('',2,(#6492,#6493,#6494),
  .UNSPECIFIED.,.F.,.F.,(3,3),(0.,1.),.PIECEWISE_BEZIER_KNOTS.);
#6492 = CARTESIAN_POINT('',(-40.82142857142,-8.639523809524,23.42));
#6493 = CARTESIAN_POINT('',(-41.22142857142,-8.646666666667,23.42));
#6494 = CARTESIAN_POINT('',(-41.39285714285,-9.075238095238,23.42));
#6495 = ORIENTED_EDGE('',*,*,#6456,.F.);
#6496 = ORIENTED_EDGE('',*,*,#2024,.F.);
#6497 = SURFACE_OF_LINEAR_EXTRUSION('',#6498,#6502);
#6498 = B_SPLINE_CURVE_WITH_KNOTS('',2,(#6499,#6500,#6501),
  .UNSPECIFIED.,.F.,.F.,(3,3),(0.,1.),.PIECEWISE_BEZIER_KNOTS.);
#6499 = CARTESIAN_POINT('',(-40.82142857142,-8.639523809524,24.42));
#6500 = CARTESIAN_POINT('',(-41.22142857142,-8.646666666667,24.42));
#6501 = CARTESIAN_POINT('',(-41.39285714285,-9.075238095238,24.42));
#6502 = VECTOR('',#6503,1.);
#6503 = DIRECTION('',(0.,0.,1.));
#6504 = ADVANCED_FACE('',(#6505),#6523,.T.);
#6505 = FACE_BOUND('',#6506,.T.);
#6506 = EDGE_LOOP('',(#6507,#6515,#6521,#6522));
#6507 = ORIENTED_EDGE('',*,*,#6508,.T.);
#6508 = EDGE_CURVE('',#2009,#6509,#6511,.T.);
#6509 = VERTEX_POINT('',#6510);
#6510 = CARTESIAN_POINT('',(-37.2,-8.639523809524,23.42));
#6511 = LINE('',#6512,#6513);
#6512 = CARTESIAN_POINT('',(-37.2,-8.639523809524,24.42));
#6513 = VECTOR('',#6514,1.);
#6514 = DIRECTION('',(-0.,-0.,-1.));
#6515 = ORIENTED_EDGE('',*,*,#6516,.T.);
#6516 = EDGE_CURVE('',#6509,#6483,#6517,.T.);
#6517 = LINE('',#6518,#6519);
#6518 = CARTESIAN_POINT('',(-37.2,-8.639523809524,23.42));
#6519 = VECTOR('',#6520,1.);
#6520 = DIRECTION('',(-1.,2.22044604925E-16,0.));
#6521 = ORIENTED_EDGE('',*,*,#6482,.F.);
#6522 = ORIENTED_EDGE('',*,*,#2016,.F.);
#6523 = PLANE('',#6524);
#6524 = AXIS2_PLACEMENT_3D('',#6525,#6526,#6527);
#6525 = CARTESIAN_POINT('',(-37.2,-8.639523809524,24.42));
#6526 = DIRECTION('',(2.22044604925E-16,1.,0.));
#6527 = DIRECTION('',(-1.,2.22044604925E-16,0.));
#6528 = ADVANCED_FACE('',(#6529),#6547,.T.);
#6529 = FACE_BOUND('',#6530,.T.);
#6530 = EDGE_LOOP('',(#6531,#6539,#6545,#6546));
#6531 = ORIENTED_EDGE('',*,*,#6532,.T.);
#6532 = EDGE_CURVE('',#2001,#6533,#6535,.T.);
#6533 = VERTEX_POINT('',#6534);
#6534 = CARTESIAN_POINT('',(-37.2,-7.839523809524,23.42));
#6535 = LINE('',#6536,#6537);
#6536 = CARTESIAN_POINT('',(-37.2,-7.839523809524,24.42));
#6537 = VECTOR('',#6538,1.);
#6538 = DIRECTION('',(-0.,-0.,-1.));
#6539 = ORIENTED_EDGE('',*,*,#6540,.T.);
#6540 = EDGE_CURVE('',#6533,#6509,#6541,.T.);
#6541 = LINE('',#6542,#6543);
#6542 = CARTESIAN_POINT('',(-37.2,-7.839523809524,23.42));
#6543 = VECTOR('',#6544,1.);
#6544 = DIRECTION('',(-2.22044604925E-16,-1.,0.));
#6545 = ORIENTED_EDGE('',*,*,#6508,.F.);
#6546 = ORIENTED_EDGE('',*,*,#2008,.F.);
#6547 = PLANE('',#6548);
#6548 = AXIS2_PLACEMENT_3D('',#6549,#6550,#6551);
#6549 = CARTESIAN_POINT('',(-37.2,-7.839523809524,24.42));
#6550 = DIRECTION('',(-1.,2.22044604925E-16,0.));
#6551 = DIRECTION('',(-2.22044604925E-16,-1.,0.));
#6552 = ADVANCED_FACE('',(#6553),#6564,.T.);
#6553 = FACE_BOUND('',#6554,.T.);
#6554 = EDGE_LOOP('',(#6555,#6556,#6562,#6563));
#6555 = ORIENTED_EDGE('',*,*,#6389,.T.);
#6556 = ORIENTED_EDGE('',*,*,#6557,.T.);
#6557 = EDGE_CURVE('',#6382,#6533,#6558,.T.);
#6558 = LINE('',#6559,#6560);
#6559 = CARTESIAN_POINT('',(-40.82142857142,-7.839523809524,23.42));
#6560 = VECTOR('',#6561,1.);
#6561 = DIRECTION('',(1.,-2.22044604925E-16,0.));
#6562 = ORIENTED_EDGE('',*,*,#6532,.F.);
#6563 = ORIENTED_EDGE('',*,*,#2000,.F.);
#6564 = PLANE('',#6565);
#6565 = AXIS2_PLACEMENT_3D('',#6566,#6567,#6568);
#6566 = CARTESIAN_POINT('',(-40.82142857142,-7.839523809524,24.42));
#6567 = DIRECTION('',(-2.22044604925E-16,-1.,0.));
#6568 = DIRECTION('',(1.,-2.22044604925E-16,0.));
#6569 = ADVANCED_FACE('',(#6570),#6595,.T.);
#6570 = FACE_BOUND('',#6571,.T.);
#6571 = EDGE_LOOP('',(#6572,#6580,#6588,#6594));
#6572 = ORIENTED_EDGE('',*,*,#6573,.T.);
#6573 = EDGE_CURVE('',#2057,#6574,#6576,.T.);
#6574 = VERTEX_POINT('',#6575);
#6575 = CARTESIAN_POINT('',(-42.09285714285,-6.38619047619,23.42));
#6576 = LINE('',#6577,#6578);
#6577 = CARTESIAN_POINT('',(-42.09285714285,-6.38619047619,24.42));
#6578 = VECTOR('',#6579,1.);
#6579 = DIRECTION('',(-0.,-0.,-1.));
#6580 = ORIENTED_EDGE('',*,*,#6581,.T.);
#6581 = EDGE_CURVE('',#6574,#6582,#6584,.T.);
#6582 = VERTEX_POINT('',#6583);
#6583 = CARTESIAN_POINT('',(-42.2,-5.693333333333,23.42));
#6584 = B_SPLINE_CURVE_WITH_KNOTS('',2,(#6585,#6586,#6587),
  .UNSPECIFIED.,.F.,.F.,(3,3),(0.,1.),.PIECEWISE_BEZIER_KNOTS.);
#6585 = CARTESIAN_POINT('',(-42.09285714285,-6.38619047619,23.42));
#6586 = CARTESIAN_POINT('',(-42.2,-6.064761904762,23.42));
#6587 = CARTESIAN_POINT('',(-42.2,-5.693333333333,23.42));
#6588 = ORIENTED_EDGE('',*,*,#6589,.F.);
#6589 = EDGE_CURVE('',#2059,#6582,#6590,.T.);
#6590 = LINE('',#6591,#6592);
#6591 = CARTESIAN_POINT('',(-42.2,-5.693333333333,24.42));
#6592 = VECTOR('',#6593,1.);
#6593 = DIRECTION('',(-0.,-0.,-1.));
#6594 = ORIENTED_EDGE('',*,*,#2056,.F.);
#6595 = SURFACE_OF_LINEAR_EXTRUSION('',#6596,#6600);
#6596 = B_SPLINE_CURVE_WITH_KNOTS('',2,(#6597,#6598,#6599),
  .UNSPECIFIED.,.F.,.F.,(3,3),(0.,1.),.PIECEWISE_BEZIER_KNOTS.);
#6597 = CARTESIAN_POINT('',(-42.09285714285,-6.38619047619,24.42));
#6598 = CARTESIAN_POINT('',(-42.2,-6.064761904762,24.42));
#6599 = CARTESIAN_POINT('',(-42.2,-5.693333333333,24.42));
#6600 = VECTOR('',#6601,1.);
#6601 = DIRECTION('',(0.,0.,1.));
#6602 = ADVANCED_FACE('',(#6603),#6621,.T.);
#6603 = FACE_BOUND('',#6604,.T.);
#6604 = EDGE_LOOP('',(#6605,#6613,#6619,#6620));
#6605 = ORIENTED_EDGE('',*,*,#6606,.T.);
#6606 = EDGE_CURVE('',#2139,#6607,#6609,.T.);
#6607 = VERTEX_POINT('',#6608);
#6608 = CARTESIAN_POINT('',(-40.79285714285,-7.321904761905,23.42));
#6609 = LINE('',#6610,#6611);
#6610 = CARTESIAN_POINT('',(-40.79285714285,-7.321904761905,24.42));
#6611 = VECTOR('',#6612,1.);
#6612 = DIRECTION('',(-0.,-0.,-1.));
#6613 = ORIENTED_EDGE('',*,*,#6614,.T.);
#6614 = EDGE_CURVE('',#6607,#6574,#6615,.T.);
#6615 = B_SPLINE_CURVE_WITH_KNOTS('',2,(#6616,#6617,#6618),
  .UNSPECIFIED.,.F.,.F.,(3,3),(0.,1.),.PIECEWISE_BEZIER_KNOTS.);
#6616 = CARTESIAN_POINT('',(-40.79285714285,-7.321904761905,23.42));
#6617 = CARTESIAN_POINT('',(-41.78571428571,-7.321904761905,23.42));
#6618 = CARTESIAN_POINT('',(-42.09285714285,-6.38619047619,23.42));
#6619 = ORIENTED_EDGE('',*,*,#6573,.F.);
#6620 = ORIENTED_EDGE('',*,*,#2146,.F.);
#6621 = SURFACE_OF_LINEAR_EXTRUSION('',#6622,#6626);
#6622 = B_SPLINE_CURVE_WITH_KNOTS('',2,(#6623,#6624,#6625),
  .UNSPECIFIED.,.F.,.F.,(3,3),(0.,1.),.PIECEWISE_BEZIER_KNOTS.);
#6623 = CARTESIAN_POINT('',(-40.79285714285,-7.321904761905,24.42));
#6624 = CARTESIAN_POINT('',(-41.78571428571,-7.321904761905,24.42));
#6625 = CARTESIAN_POINT('',(-42.09285714285,-6.38619047619,24.42));
#6626 = VECTOR('',#6627,1.);
#6627 = DIRECTION('',(0.,0.,1.));
#6628 = ADVANCED_FACE('',(#6629),#6647,.T.);
#6629 = FACE_BOUND('',#6630,.T.);
#6630 = EDGE_LOOP('',(#6631,#6639,#6645,#6646));
#6631 = ORIENTED_EDGE('',*,*,#6632,.T.);
#6632 = EDGE_CURVE('',#2131,#6633,#6635,.T.);
#6633 = VERTEX_POINT('',#6634);
#6634 = CARTESIAN_POINT('',(-38.60714285714,-7.321904761905,23.42));
#6635 = LINE('',#6636,#6637);
#6636 = CARTESIAN_POINT('',(-38.60714285714,-7.321904761905,24.42));
#6637 = VECTOR('',#6638,1.);
#6638 = DIRECTION('',(-0.,-0.,-1.));
#6639 = ORIENTED_EDGE('',*,*,#6640,.T.);
#6640 = EDGE_CURVE('',#6633,#6607,#6641,.T.);
#6641 = LINE('',#6642,#6643);
#6642 = CARTESIAN_POINT('',(-38.60714285714,-7.321904761905,23.42));
#6643 = VECTOR('',#6644,1.);
#6644 = DIRECTION('',(-1.,2.22044604925E-16,0.));
#6645 = ORIENTED_EDGE('',*,*,#6606,.F.);
#6646 = ORIENTED_EDGE('',*,*,#2138,.F.);
#6647 = PLANE('',#6648);
#6648 = AXIS2_PLACEMENT_3D('',#6649,#6650,#6651);
#6649 = CARTESIAN_POINT('',(-38.60714285714,-7.321904761905,24.42));
#6650 = DIRECTION('',(2.22044604925E-16,1.,0.));
#6651 = DIRECTION('',(-1.,2.22044604925E-16,0.));
#6652 = ADVANCED_FACE('',(#6653),#6671,.T.);
#6653 = FACE_BOUND('',#6654,.T.);
#6654 = EDGE_LOOP('',(#6655,#6663,#6669,#6670));
#6655 = ORIENTED_EDGE('',*,*,#6656,.T.);
#6656 = EDGE_CURVE('',#2123,#6657,#6659,.T.);
#6657 = VERTEX_POINT('',#6658);
#6658 = CARTESIAN_POINT('',(-37.8,-7.057619047619,23.42));
#6659 = LINE('',#6660,#6661);
#6660 = CARTESIAN_POINT('',(-37.8,-7.057619047619,24.42));
#6661 = VECTOR('',#6662,1.);
#6662 = DIRECTION('',(-0.,-0.,-1.));
#6663 = ORIENTED_EDGE('',*,*,#6664,.T.);
#6664 = EDGE_CURVE('',#6657,#6633,#6665,.T.);
#6665 = B_SPLINE_CURVE_WITH_KNOTS('',2,(#6666,#6667,#6668),
  .UNSPECIFIED.,.F.,.F.,(3,3),(0.,1.),.PIECEWISE_BEZIER_KNOTS.);
#6666 = CARTESIAN_POINT('',(-37.8,-7.057619047619,23.42));
#6667 = CARTESIAN_POINT('',(-38.15714285714,-7.321904761905,23.42));
#6668 = CARTESIAN_POINT('',(-38.60714285714,-7.321904761905,23.42));
#6669 = ORIENTED_EDGE('',*,*,#6632,.F.);
#6670 = ORIENTED_EDGE('',*,*,#2130,.F.);
#6671 = SURFACE_OF_LINEAR_EXTRUSION('',#6672,#6676);
#6672 = B_SPLINE_CURVE_WITH_KNOTS('',2,(#6673,#6674,#6675),
  .UNSPECIFIED.,.F.,.F.,(3,3),(0.,1.),.PIECEWISE_BEZIER_KNOTS.);
#6673 = CARTESIAN_POINT('',(-37.8,-7.057619047619,24.42));
#6674 = CARTESIAN_POINT('',(-38.15714285714,-7.321904761905,24.42));
#6675 = CARTESIAN_POINT('',(-38.60714285714,-7.321904761905,24.42));
#6676 = VECTOR('',#6677,1.);
#6677 = DIRECTION('',(0.,0.,1.));
#6678 = ADVANCED_FACE('',(#6679),#6697,.T.);
#6679 = FACE_BOUND('',#6680,.T.);
#6680 = EDGE_LOOP('',(#6681,#6689,#6695,#6696));
#6681 = ORIENTED_EDGE('',*,*,#6682,.T.);
#6682 = EDGE_CURVE('',#2115,#6683,#6685,.T.);
#6683 = VERTEX_POINT('',#6684);
#6684 = CARTESIAN_POINT('',(-37.2,-5.693333333333,23.42));
#6685 = LINE('',#6686,#6687);
#6686 = CARTESIAN_POINT('',(-37.2,-5.693333333333,24.42));
#6687 = VECTOR('',#6688,1.);
#6688 = DIRECTION('',(-0.,-0.,-1.));
#6689 = ORIENTED_EDGE('',*,*,#6690,.T.);
#6690 = EDGE_CURVE('',#6683,#6657,#6691,.T.);
#6691 = B_SPLINE_CURVE_WITH_KNOTS('',2,(#6692,#6693,#6694),
  .UNSPECIFIED.,.F.,.F.,(3,3),(0.,1.),.PIECEWISE_BEZIER_KNOTS.);
#6692 = CARTESIAN_POINT('',(-37.2,-5.693333333333,23.42));
#6693 = CARTESIAN_POINT('',(-37.2,-6.607619047619,23.42));
#6694 = CARTESIAN_POINT('',(-37.8,-7.057619047619,23.42));
#6695 = ORIENTED_EDGE('',*,*,#6656,.F.);
#6696 = ORIENTED_EDGE('',*,*,#2122,.F.);
#6697 = SURFACE_OF_LINEAR_EXTRUSION('',#6698,#6702);
#6698 = B_SPLINE_CURVE_WITH_KNOTS('',2,(#6699,#6700,#6701),
  .UNSPECIFIED.,.F.,.F.,(3,3),(0.,1.),.PIECEWISE_BEZIER_KNOTS.);
#6699 = CARTESIAN_POINT('',(-37.2,-5.693333333333,24.42));
#6700 = CARTESIAN_POINT('',(-37.2,-6.607619047619,24.42));
#6701 = CARTESIAN_POINT('',(-37.8,-7.057619047619,24.42));
#6702 = VECTOR('',#6703,1.);
#6703 = DIRECTION('',(0.,0.,1.));
#6704 = ADVANCED_FACE('',(#6705),#6723,.T.);
#6705 = FACE_BOUND('',#6706,.T.);
#6706 = EDGE_LOOP('',(#6707,#6715,#6721,#6722));
#6707 = ORIENTED_EDGE('',*,*,#6708,.T.);
#6708 = EDGE_CURVE('',#2107,#6709,#6711,.T.);
#6709 = VERTEX_POINT('',#6710);
#6710 = CARTESIAN_POINT('',(-37.99285714285,-5.693333333333,23.42));
#6711 = LINE('',#6712,#6713);
#6712 = CARTESIAN_POINT('',(-37.99285714285,-5.693333333333,24.42));
#6713 = VECTOR('',#6714,1.);
#6714 = DIRECTION('',(-0.,-0.,-1.));
#6715 = ORIENTED_EDGE('',*,*,#6716,.T.);
#6716 = EDGE_CURVE('',#6709,#6683,#6717,.T.);
#6717 = LINE('',#6718,#6719);
#6718 = CARTESIAN_POINT('',(-37.99285714285,-5.693333333333,23.42));
#6719 = VECTOR('',#6720,1.);
#6720 = DIRECTION('',(1.,-2.22044604925E-16,0.));
#6721 = ORIENTED_EDGE('',*,*,#6682,.F.);
#6722 = ORIENTED_EDGE('',*,*,#2114,.F.);
#6723 = PLANE('',#6724);
#6724 = AXIS2_PLACEMENT_3D('',#6725,#6726,#6727);
#6725 = CARTESIAN_POINT('',(-37.99285714285,-5.693333333333,24.42));
#6726 = DIRECTION('',(-2.22044604925E-16,-1.,0.));
#6727 = DIRECTION('',(1.,-2.22044604925E-16,0.));
#6728 = ADVANCED_FACE('',(#6729),#6747,.T.);
#6729 = FACE_BOUND('',#6730,.T.);
#6730 = EDGE_LOOP('',(#6731,#6739,#6745,#6746));
#6731 = ORIENTED_EDGE('',*,*,#6732,.T.);
#6732 = EDGE_CURVE('',#2099,#6733,#6735,.T.);
#6733 = VERTEX_POINT('',#6734);
#6734 = CARTESIAN_POINT('',(-38.04285714285,-6.050476190476,23.42));
#6735 = LINE('',#6736,#6737);
#6736 = CARTESIAN_POINT('',(-38.04285714285,-6.050476190476,24.42));
#6737 = VECTOR('',#6738,1.);
#6738 = DIRECTION('',(-0.,-0.,-1.));
#6739 = ORIENTED_EDGE('',*,*,#6740,.T.);
#6740 = EDGE_CURVE('',#6733,#6709,#6741,.T.);
#6741 = B_SPLINE_CURVE_WITH_KNOTS('',2,(#6742,#6743,#6744),
  .UNSPECIFIED.,.F.,.F.,(3,3),(0.,1.),.PIECEWISE_BEZIER_KNOTS.);
#6742 = CARTESIAN_POINT('',(-38.04285714285,-6.050476190476,23.42));
#6743 = CARTESIAN_POINT('',(-37.99285714285,-5.88619047619,23.42));
#6744 = CARTESIAN_POINT('',(-37.99285714285,-5.693333333333,23.42));
#6745 = ORIENTED_EDGE('',*,*,#6708,.F.);
#6746 = ORIENTED_EDGE('',*,*,#2106,.F.);
#6747 = SURFACE_OF_LINEAR_EXTRUSION('',#6748,#6752);
#6748 = B_SPLINE_CURVE_WITH_KNOTS('',2,(#6749,#6750,#6751),
  .UNSPECIFIED.,.F.,.F.,(3,3),(0.,1.),.PIECEWISE_BEZIER_KNOTS.);
#6749 = CARTESIAN_POINT('',(-38.04285714285,-6.050476190476,24.42));
#6750 = CARTESIAN_POINT('',(-37.99285714285,-5.88619047619,24.42));
#6751 = CARTESIAN_POINT('',(-37.99285714285,-5.693333333333,24.42));
#6752 = VECTOR('',#6753,1.);
#6753 = DIRECTION('',(0.,0.,1.));
#6754 = ADVANCED_FACE('',(#6755),#6773,.T.);
#6755 = FACE_BOUND('',#6756,.T.);
#6756 = EDGE_LOOP('',(#6757,#6765,#6771,#6772));
#6757 = ORIENTED_EDGE('',*,*,#6758,.T.);
#6758 = EDGE_CURVE('',#2091,#6759,#6761,.T.);
#6759 = VERTEX_POINT('',#6760);
#6760 = CARTESIAN_POINT('',(-38.60714285714,-6.529047619048,23.42));
#6761 = LINE('',#6762,#6763);
#6762 = CARTESIAN_POINT('',(-38.60714285714,-6.529047619048,24.42));
#6763 = VECTOR('',#6764,1.);
#6764 = DIRECTION('',(-0.,-0.,-1.));
#6765 = ORIENTED_EDGE('',*,*,#6766,.T.);
#6766 = EDGE_CURVE('',#6759,#6733,#6767,.T.);
#6767 = B_SPLINE_CURVE_WITH_KNOTS('',2,(#6768,#6769,#6770),
  .UNSPECIFIED.,.F.,.F.,(3,3),(0.,1.),.PIECEWISE_BEZIER_KNOTS.);
#6768 = CARTESIAN_POINT('',(-38.60714285714,-6.529047619048,23.42));
#6769 = CARTESIAN_POINT('',(-38.17857142857,-6.529047619048,23.42));
#6770 = CARTESIAN_POINT('',(-38.04285714285,-6.050476190476,23.42));
#6771 = ORIENTED_EDGE('',*,*,#6732,.F.);
#6772 = ORIENTED_EDGE('',*,*,#2098,.F.);
#6773 = SURFACE_OF_LINEAR_EXTRUSION('',#6774,#6778);
#6774 = B_SPLINE_CURVE_WITH_KNOTS('',2,(#6775,#6776,#6777),
  .UNSPECIFIED.,.F.,.F.,(3,3),(0.,1.),.PIECEWISE_BEZIER_KNOTS.);
#6775 = CARTESIAN_POINT('',(-38.60714285714,-6.529047619048,24.42));
#6776 = CARTESIAN_POINT('',(-38.17857142857,-6.529047619048,24.42));
#6777 = CARTESIAN_POINT('',(-38.04285714285,-6.050476190476,24.42));
#6778 = VECTOR('',#6779,1.);
#6779 = DIRECTION('',(0.,0.,1.));
#6780 = ADVANCED_FACE('',(#6781),#6799,.T.);
#6781 = FACE_BOUND('',#6782,.T.);
#6782 = EDGE_LOOP('',(#6783,#6791,#6797,#6798));
#6783 = ORIENTED_EDGE('',*,*,#6784,.T.);
#6784 = EDGE_CURVE('',#2083,#6785,#6787,.T.);
#6785 = VERTEX_POINT('',#6786);
#6786 = CARTESIAN_POINT('',(-40.79285714285,-6.529047619048,23.42));
#6787 = LINE('',#6788,#6789);
#6788 = CARTESIAN_POINT('',(-40.79285714285,-6.529047619048,24.42));
#6789 = VECTOR('',#6790,1.);
#6790 = DIRECTION('',(-0.,-0.,-1.));
#6791 = ORIENTED_EDGE('',*,*,#6792,.T.);
#6792 = EDGE_CURVE('',#6785,#6759,#6793,.T.);
#6793 = LINE('',#6794,#6795);
#6794 = CARTESIAN_POINT('',(-40.79285714285,-6.529047619048,23.42));
#6795 = VECTOR('',#6796,1.);
#6796 = DIRECTION('',(1.,-2.22044604925E-16,0.));
#6797 = ORIENTED_EDGE('',*,*,#6758,.F.);
#6798 = ORIENTED_EDGE('',*,*,#2090,.F.);
#6799 = PLANE('',#6800);
#6800 = AXIS2_PLACEMENT_3D('',#6801,#6802,#6803);
#6801 = CARTESIAN_POINT('',(-40.79285714285,-6.529047619048,24.42));
#6802 = DIRECTION('',(-2.22044604925E-16,-1.,0.));
#6803 = DIRECTION('',(1.,-2.22044604925E-16,0.));
#6804 = ADVANCED_FACE('',(#6805),#6823,.T.);
#6805 = FACE_BOUND('',#6806,.T.);
#6806 = EDGE_LOOP('',(#6807,#6815,#6821,#6822));
#6807 = ORIENTED_EDGE('',*,*,#6808,.T.);
#6808 = EDGE_CURVE('',#2075,#6809,#6811,.T.);
#6809 = VERTEX_POINT('',#6810);
#6810 = CARTESIAN_POINT('',(-40.80714285714,-6.529047619048,23.42));
#6811 = LINE('',#6812,#6813);
#6812 = CARTESIAN_POINT('',(-40.80714285714,-6.529047619048,24.42));
#6813 = VECTOR('',#6814,1.);
#6814 = DIRECTION('',(-0.,-0.,-1.));
#6815 = ORIENTED_EDGE('',*,*,#6816,.T.);
#6816 = EDGE_CURVE('',#6809,#6785,#6817,.T.);
#6817 = B_SPLINE_CURVE_WITH_KNOTS('',2,(#6818,#6819,#6820),
  .UNSPECIFIED.,.F.,.F.,(3,3),(0.,1.),.PIECEWISE_BEZIER_KNOTS.);
#6818 = CARTESIAN_POINT('',(-40.80714285714,-6.529047619048,23.42));
#6819 = CARTESIAN_POINT('',(-40.8,-6.529047619048,23.42));
#6820 = CARTESIAN_POINT('',(-40.79285714285,-6.529047619048,23.42));
#6821 = ORIENTED_EDGE('',*,*,#6784,.F.);
#6822 = ORIENTED_EDGE('',*,*,#2082,.F.);
#6823 = SURFACE_OF_LINEAR_EXTRUSION('',#6824,#6828);
#6824 = B_SPLINE_CURVE_WITH_KNOTS('',2,(#6825,#6826,#6827),
  .UNSPECIFIED.,.F.,.F.,(3,3),(0.,1.),.PIECEWISE_BEZIER_KNOTS.);
#6825 = CARTESIAN_POINT('',(-40.80714285714,-6.529047619048,24.42));
#6826 = CARTESIAN_POINT('',(-40.8,-6.529047619048,24.42));
#6827 = CARTESIAN_POINT('',(-40.79285714285,-6.529047619048,24.42));
#6828 = VECTOR('',#6829,1.);
#6829 = DIRECTION('',(0.,0.,1.));
#6830 = ADVANCED_FACE('',(#6831),#6849,.T.);
#6831 = FACE_BOUND('',#6832,.T.);
#6832 = EDGE_LOOP('',(#6833,#6841,#6847,#6848));
#6833 = ORIENTED_EDGE('',*,*,#6834,.T.);
#6834 = EDGE_CURVE('',#2067,#6835,#6837,.T.);
#6835 = VERTEX_POINT('',#6836);
#6836 = CARTESIAN_POINT('',(-41.40714285714,-5.693333333333,23.42));
#6837 = LINE('',#6838,#6839);
#6838 = CARTESIAN_POINT('',(-41.40714285714,-5.693333333333,24.42));
#6839 = VECTOR('',#6840,1.);
#6840 = DIRECTION('',(-0.,-0.,-1.));
#6841 = ORIENTED_EDGE('',*,*,#6842,.T.);
#6842 = EDGE_CURVE('',#6835,#6809,#6843,.T.);
#6843 = B_SPLINE_CURVE_WITH_KNOTS('',2,(#6844,#6845,#6846),
  .UNSPECIFIED.,.F.,.F.,(3,3),(0.,1.),.PIECEWISE_BEZIER_KNOTS.);
#6844 = CARTESIAN_POINT('',(-41.40714285714,-5.693333333333,23.42));
#6845 = CARTESIAN_POINT('',(-41.40714285714,-6.514761904762,23.42));
#6846 = CARTESIAN_POINT('',(-40.80714285714,-6.529047619048,23.42));
#6847 = ORIENTED_EDGE('',*,*,#6808,.F.);
#6848 = ORIENTED_EDGE('',*,*,#2074,.F.);
#6849 = SURFACE_OF_LINEAR_EXTRUSION('',#6850,#6854);
#6850 = B_SPLINE_CURVE_WITH_KNOTS('',2,(#6851,#6852,#6853),
  .UNSPECIFIED.,.F.,.F.,(3,3),(0.,1.),.PIECEWISE_BEZIER_KNOTS.);
#6851 = CARTESIAN_POINT('',(-41.40714285714,-5.693333333333,24.42));
#6852 = CARTESIAN_POINT('',(-41.40714285714,-6.514761904762,24.42));
#6853 = CARTESIAN_POINT('',(-40.80714285714,-6.529047619048,24.42));
#6854 = VECTOR('',#6855,1.);
#6855 = DIRECTION('',(0.,0.,1.));
#6856 = ADVANCED_FACE('',(#6857),#6868,.T.);
#6857 = FACE_BOUND('',#6858,.T.);
#6858 = EDGE_LOOP('',(#6859,#6860,#6866,#6867));
#6859 = ORIENTED_EDGE('',*,*,#6589,.T.);
#6860 = ORIENTED_EDGE('',*,*,#6861,.T.);
#6861 = EDGE_CURVE('',#6582,#6835,#6862,.T.);
#6862 = LINE('',#6863,#6864);
#6863 = CARTESIAN_POINT('',(-42.2,-5.693333333333,23.42));
#6864 = VECTOR('',#6865,1.);
#6865 = DIRECTION('',(1.,-2.22044604925E-16,0.));
#6866 = ORIENTED_EDGE('',*,*,#6834,.F.);
#6867 = ORIENTED_EDGE('',*,*,#2066,.F.);
#6868 = PLANE('',#6869);
#6869 = AXIS2_PLACEMENT_3D('',#6870,#6871,#6872);
#6870 = CARTESIAN_POINT('',(-42.2,-5.693333333333,24.42));
#6871 = DIRECTION('',(-2.22044604925E-16,-1.,0.));
#6872 = DIRECTION('',(1.,-2.22044604925E-16,0.));
#6873 = ADVANCED_FACE('',(#6874),#6899,.T.);
#6874 = FACE_BOUND('',#6875,.T.);
#6875 = EDGE_LOOP('',(#6876,#6884,#6892,#6898));
#6876 = ORIENTED_EDGE('',*,*,#6877,.T.);
#6877 = EDGE_CURVE('',#2155,#6878,#6880,.T.);
#6878 = VERTEX_POINT('',#6879);
#6879 = CARTESIAN_POINT('',(-42.2,-5.321904761905,23.42));
#6880 = LINE('',#6881,#6882);
#6881 = CARTESIAN_POINT('',(-42.2,-5.321904761905,24.42));
#6882 = VECTOR('',#6883,1.);
#6883 = DIRECTION('',(-0.,-0.,-1.));
#6884 = ORIENTED_EDGE('',*,*,#6885,.T.);
#6885 = EDGE_CURVE('',#6878,#6886,#6888,.T.);
#6886 = VERTEX_POINT('',#6887);
#6887 = CARTESIAN_POINT('',(-42.2,-4.521904761905,23.42));
#6888 = LINE('',#6889,#6890);
#6889 = CARTESIAN_POINT('',(-42.2,-5.321904761905,23.42));
#6890 = VECTOR('',#6891,1.);
#6891 = DIRECTION('',(2.22044604925E-16,1.,0.));
#6892 = ORIENTED_EDGE('',*,*,#6893,.F.);
#6893 = EDGE_CURVE('',#2157,#6886,#6894,.T.);
#6894 = LINE('',#6895,#6896);
#6895 = CARTESIAN_POINT('',(-42.2,-4.521904761905,24.42));
#6896 = VECTOR('',#6897,1.);
#6897 = DIRECTION('',(-0.,-0.,-1.));
#6898 = ORIENTED_EDGE('',*,*,#2154,.F.);
#6899 = PLANE('',#6900);
#6900 = AXIS2_PLACEMENT_3D('',#6901,#6902,#6903);
#6901 = CARTESIAN_POINT('',(-42.2,-5.321904761905,24.42));
#6902 = DIRECTION('',(1.,-2.22044604925E-16,0.));
#6903 = DIRECTION('',(2.22044604925E-16,1.,0.));
#6904 = ADVANCED_FACE('',(#6905),#6923,.T.);
#6905 = FACE_BOUND('',#6906,.T.);
#6906 = EDGE_LOOP('',(#6907,#6915,#6921,#6922));
#6907 = ORIENTED_EDGE('',*,*,#6908,.T.);
#6908 = EDGE_CURVE('',#2173,#6909,#6911,.T.);
#6909 = VERTEX_POINT('',#6910);
#6910 = CARTESIAN_POINT('',(-37.2,-5.321904761905,23.42));
#6911 = LINE('',#6912,#6913);
#6912 = CARTESIAN_POINT('',(-37.2,-5.321904761905,24.42));
#6913 = VECTOR('',#6914,1.);
#6914 = DIRECTION('',(-0.,-0.,-1.));
#6915 = ORIENTED_EDGE('',*,*,#6916,.T.);
#6916 = EDGE_CURVE('',#6909,#6878,#6917,.T.);
#6917 = LINE('',#6918,#6919);
#6918 = CARTESIAN_POINT('',(-37.2,-5.321904761905,23.42));
#6919 = VECTOR('',#6920,1.);
#6920 = DIRECTION('',(-1.,2.22044604925E-16,0.));
#6921 = ORIENTED_EDGE('',*,*,#6877,.F.);
#6922 = ORIENTED_EDGE('',*,*,#2180,.F.);
#6923 = PLANE('',#6924);
#6924 = AXIS2_PLACEMENT_3D('',#6925,#6926,#6927);
#6925 = CARTESIAN_POINT('',(-37.2,-5.321904761905,24.42));
#6926 = DIRECTION('',(2.22044604925E-16,1.,0.));
#6927 = DIRECTION('',(-1.,2.22044604925E-16,0.));
#6928 = ADVANCED_FACE('',(#6929),#6947,.T.);
#6929 = FACE_BOUND('',#6930,.T.);
#6930 = EDGE_LOOP('',(#6931,#6939,#6945,#6946));
#6931 = ORIENTED_EDGE('',*,*,#6932,.T.);
#6932 = EDGE_CURVE('',#2165,#6933,#6935,.T.);
#6933 = VERTEX_POINT('',#6934);
#6934 = CARTESIAN_POINT('',(-37.2,-4.521904761905,23.42));
#6935 = LINE('',#6936,#6937);
#6936 = CARTESIAN_POINT('',(-37.2,-4.521904761905,24.42));
#6937 = VECTOR('',#6938,1.);
#6938 = DIRECTION('',(-0.,-0.,-1.));
#6939 = ORIENTED_EDGE('',*,*,#6940,.T.);
#6940 = EDGE_CURVE('',#6933,#6909,#6941,.T.);
#6941 = LINE('',#6942,#6943);
#6942 = CARTESIAN_POINT('',(-37.2,-4.521904761905,23.42));
#6943 = VECTOR('',#6944,1.);
#6944 = DIRECTION('',(-2.22044604925E-16,-1.,0.));
#6945 = ORIENTED_EDGE('',*,*,#6908,.F.);
#6946 = ORIENTED_EDGE('',*,*,#2172,.F.);
#6947 = PLANE('',#6948);
#6948 = AXIS2_PLACEMENT_3D('',#6949,#6950,#6951);
#6949 = CARTESIAN_POINT('',(-37.2,-4.521904761905,24.42));
#6950 = DIRECTION('',(-1.,2.22044604925E-16,0.));
#6951 = DIRECTION('',(-2.22044604925E-16,-1.,0.));
#6952 = ADVANCED_FACE('',(#6953),#6964,.T.);
#6953 = FACE_BOUND('',#6954,.T.);
#6954 = EDGE_LOOP('',(#6955,#6956,#6962,#6963));
#6955 = ORIENTED_EDGE('',*,*,#6893,.T.);
#6956 = ORIENTED_EDGE('',*,*,#6957,.T.);
#6957 = EDGE_CURVE('',#6886,#6933,#6958,.T.);
#6958 = LINE('',#6959,#6960);
#6959 = CARTESIAN_POINT('',(-42.2,-4.521904761905,23.42));
#6960 = VECTOR('',#6961,1.);
#6961 = DIRECTION('',(1.,-2.22044604925E-16,0.));
#6962 = ORIENTED_EDGE('',*,*,#6932,.F.);
#6963 = ORIENTED_EDGE('',*,*,#2164,.F.);
#6964 = PLANE('',#6965);
#6965 = AXIS2_PLACEMENT_3D('',#6966,#6967,#6968);
#6966 = CARTESIAN_POINT('',(-42.2,-4.521904761905,24.42));
#6967 = DIRECTION('',(-2.22044604925E-16,-1.,0.));
#6968 = DIRECTION('',(1.,-2.22044604925E-16,0.));
#6969 = ADVANCED_FACE('',(#6970),#6995,.T.);
#6970 = FACE_BOUND('',#6971,.T.);
#6971 = EDGE_LOOP('',(#6972,#6980,#6988,#6994));
#6972 = ORIENTED_EDGE('',*,*,#6973,.T.);
#6973 = EDGE_CURVE('',#2189,#6974,#6976,.T.);
#6974 = VERTEX_POINT('',#6975);
#6975 = CARTESIAN_POINT('',(-40.47857142857,-3.871428571429,23.42));
#6976 = LINE('',#6977,#6978);
#6977 = CARTESIAN_POINT('',(-40.47857142857,-3.871428571429,24.42));
#6978 = VECTOR('',#6979,1.);
#6979 = DIRECTION('',(-0.,-0.,-1.));
#6980 = ORIENTED_EDGE('',*,*,#6981,.T.);
#6981 = EDGE_CURVE('',#6974,#6982,#6984,.T.);
#6982 = VERTEX_POINT('',#6983);
#6983 = CARTESIAN_POINT('',(-39.28571428571,-3.128571428571,23.42));
#6984 = LINE('',#6985,#6986);
#6985 = CARTESIAN_POINT('',(-40.47857142857,-3.871428571429,23.42));
#6986 = VECTOR('',#6987,1.);
#6987 = DIRECTION('',(0.848853874434,0.528627562522,0.));
#6988 = ORIENTED_EDGE('',*,*,#6989,.F.);
#6989 = EDGE_CURVE('',#2191,#6982,#6990,.T.);
#6990 = LINE('',#6991,#6992);
#6991 = CARTESIAN_POINT('',(-39.28571428571,-3.128571428571,24.42));
#6992 = VECTOR('',#6993,1.);
#6993 = DIRECTION('',(-0.,-0.,-1.));
#6994 = ORIENTED_EDGE('',*,*,#2188,.F.);
#6995 = PLANE('',#6996);
#6996 = AXIS2_PLACEMENT_3D('',#6997,#6998,#6999);
#6997 = CARTESIAN_POINT('',(-40.47857142857,-3.871428571429,24.42));
#6998 = DIRECTION('',(0.528627562522,-0.848853874434,0.));
#6999 = DIRECTION('',(0.848853874434,0.528627562522,0.));
#7000 = ADVANCED_FACE('',(#7001),#7019,.T.);
#7001 = FACE_BOUND('',#7002,.T.);
#7002 = EDGE_LOOP('',(#7003,#7011,#7017,#7018));
#7003 = ORIENTED_EDGE('',*,*,#7004,.T.);
#7004 = EDGE_CURVE('',#2215,#7005,#7007,.T.);
#7005 = VERTEX_POINT('',#7006);
#7006 = CARTESIAN_POINT('',(-40.47857142857,-3.928571428571,23.42));
#7007 = LINE('',#7008,#7009);
#7008 = CARTESIAN_POINT('',(-40.47857142857,-3.928571428571,24.42));
#7009 = VECTOR('',#7010,1.);
#7010 = DIRECTION('',(-0.,-0.,-1.));
#7011 = ORIENTED_EDGE('',*,*,#7012,.T.);
#7012 = EDGE_CURVE('',#7005,#6974,#7013,.T.);
#7013 = LINE('',#7014,#7015);
#7014 = CARTESIAN_POINT('',(-40.47857142857,-3.928571428571,23.42));
#7015 = VECTOR('',#7016,1.);
#7016 = DIRECTION('',(2.22044604925E-16,1.,0.));
#7017 = ORIENTED_EDGE('',*,*,#6973,.F.);
#7018 = ORIENTED_EDGE('',*,*,#2222,.F.);
#7019 = PLANE('',#7020);
#7020 = AXIS2_PLACEMENT_3D('',#7021,#7022,#7023);
#7021 = CARTESIAN_POINT('',(-40.47857142857,-3.928571428571,24.42));
#7022 = DIRECTION('',(1.,-2.22044604925E-16,0.));
#7023 = DIRECTION('',(2.22044604925E-16,1.,0.));
#7024 = ADVANCED_FACE('',(#7025),#7043,.T.);
#7025 = FACE_BOUND('',#7026,.T.);
#7026 = EDGE_LOOP('',(#7027,#7035,#7041,#7042));
#7027 = ORIENTED_EDGE('',*,*,#7028,.T.);
#7028 = EDGE_CURVE('',#2207,#7029,#7031,.T.);
#7029 = VERTEX_POINT('',#7030);
#7030 = CARTESIAN_POINT('',(-37.2,-3.928571428571,23.42));
#7031 = LINE('',#7032,#7033);
#7032 = CARTESIAN_POINT('',(-37.2,-3.928571428571,24.42));
#7033 = VECTOR('',#7034,1.);
#7034 = DIRECTION('',(-0.,-0.,-1.));
#7035 = ORIENTED_EDGE('',*,*,#7036,.T.);
#7036 = EDGE_CURVE('',#7029,#7005,#7037,.T.);
#7037 = LINE('',#7038,#7039);
#7038 = CARTESIAN_POINT('',(-37.2,-3.928571428571,23.42));
#7039 = VECTOR('',#7040,1.);
#7040 = DIRECTION('',(-1.,2.22044604925E-16,0.));
#7041 = ORIENTED_EDGE('',*,*,#7004,.F.);
#7042 = ORIENTED_EDGE('',*,*,#2214,.F.);
#7043 = PLANE('',#7044);
#7044 = AXIS2_PLACEMENT_3D('',#7045,#7046,#7047);
#7045 = CARTESIAN_POINT('',(-37.2,-3.928571428571,24.42));
#7046 = DIRECTION('',(2.22044604925E-16,1.,0.));
#7047 = DIRECTION('',(-1.,2.22044604925E-16,0.));
#7048 = ADVANCED_FACE('',(#7049),#7067,.T.);
#7049 = FACE_BOUND('',#7050,.T.);
#7050 = EDGE_LOOP('',(#7051,#7059,#7065,#7066));
#7051 = ORIENTED_EDGE('',*,*,#7052,.T.);
#7052 = EDGE_CURVE('',#2199,#7053,#7055,.T.);
#7053 = VERTEX_POINT('',#7054);
#7054 = CARTESIAN_POINT('',(-37.2,-3.128571428571,23.42));
#7055 = LINE('',#7056,#7057);
#7056 = CARTESIAN_POINT('',(-37.2,-3.128571428571,24.42));
#7057 = VECTOR('',#7058,1.);
#7058 = DIRECTION('',(-0.,-0.,-1.));
#7059 = ORIENTED_EDGE('',*,*,#7060,.T.);
#7060 = EDGE_CURVE('',#7053,#7029,#7061,.T.);
#7061 = LINE('',#7062,#7063);
#7062 = CARTESIAN_POINT('',(-37.2,-3.128571428571,23.42));
#7063 = VECTOR('',#7064,1.);
#7064 = DIRECTION('',(-2.22044604925E-16,-1.,0.));
#7065 = ORIENTED_EDGE('',*,*,#7028,.F.);
#7066 = ORIENTED_EDGE('',*,*,#2206,.F.);
#7067 = PLANE('',#7068);
#7068 = AXIS2_PLACEMENT_3D('',#7069,#7070,#7071);
#7069 = CARTESIAN_POINT('',(-37.2,-3.128571428571,24.42));
#7070 = DIRECTION('',(-1.,2.22044604925E-16,0.));
#7071 = DIRECTION('',(-2.22044604925E-16,-1.,0.));
#7072 = ADVANCED_FACE('',(#7073),#7084,.T.);
#7073 = FACE_BOUND('',#7074,.T.);
#7074 = EDGE_LOOP('',(#7075,#7076,#7082,#7083));
#7075 = ORIENTED_EDGE('',*,*,#6989,.T.);
#7076 = ORIENTED_EDGE('',*,*,#7077,.T.);
#7077 = EDGE_CURVE('',#6982,#7053,#7078,.T.);
#7078 = LINE('',#7079,#7080);
#7079 = CARTESIAN_POINT('',(-39.28571428571,-3.128571428571,23.42));
#7080 = VECTOR('',#7081,1.);
#7081 = DIRECTION('',(1.,-2.22044604925E-16,0.));
#7082 = ORIENTED_EDGE('',*,*,#7052,.F.);
#7083 = ORIENTED_EDGE('',*,*,#2198,.F.);
#7084 = PLANE('',#7085);
#7085 = AXIS2_PLACEMENT_3D('',#7086,#7087,#7088);
#7086 = CARTESIAN_POINT('',(-39.28571428571,-3.128571428571,24.42));
#7087 = DIRECTION('',(-2.22044604925E-16,-1.,0.));
#7088 = DIRECTION('',(1.,-2.22044604925E-16,0.));
#7089 = ADVANCED_FACE('',(#7090),#7115,.T.);
#7090 = FACE_BOUND('',#7091,.T.);
#7091 = EDGE_LOOP('',(#7092,#7100,#7108,#7114));
#7092 = ORIENTED_EDGE('',*,*,#7093,.T.);
#7093 = EDGE_CURVE('',#2231,#7094,#7096,.T.);
#7094 = VERTEX_POINT('',#7095);
#7095 = CARTESIAN_POINT('',(-42.2,-3.542857142857,23.42));
#7096 = LINE('',#7097,#7098);
#7097 = CARTESIAN_POINT('',(-42.2,-3.542857142857,24.42));
#7098 = VECTOR('',#7099,1.);
#7099 = DIRECTION('',(-0.,-0.,-1.));
#7100 = ORIENTED_EDGE('',*,*,#7101,.T.);
#7101 = EDGE_CURVE('',#7094,#7102,#7104,.T.);
#7102 = VERTEX_POINT('',#7103);
#7103 = CARTESIAN_POINT('',(-37.71428571428,-0.75,23.42));
#7104 = LINE('',#7105,#7106);
#7105 = CARTESIAN_POINT('',(-42.2,-3.542857142857,23.42));
#7106 = VECTOR('',#7107,1.);
#7107 = DIRECTION('',(0.848908352634,0.528540073057,0.));
#7108 = ORIENTED_EDGE('',*,*,#7109,.F.);
#7109 = EDGE_CURVE('',#2233,#7102,#7110,.T.);
#7110 = LINE('',#7111,#7112);
#7111 = CARTESIAN_POINT('',(-37.71428571428,-0.75,24.42));
#7112 = VECTOR('',#7113,1.);
#7113 = DIRECTION('',(-0.,-0.,-1.));
#7114 = ORIENTED_EDGE('',*,*,#2230,.F.);
#7115 = PLANE('',#7116);
#7116 = AXIS2_PLACEMENT_3D('',#7117,#7118,#7119);
#7117 = CARTESIAN_POINT('',(-42.2,-3.542857142857,24.42));
#7118 = DIRECTION('',(0.528540073057,-0.848908352634,0.));
#7119 = DIRECTION('',(0.848908352634,0.528540073057,0.));
#7120 = ADVANCED_FACE('',(#7121),#7139,.T.);
#7121 = FACE_BOUND('',#7122,.T.);
#7122 = EDGE_LOOP('',(#7123,#7131,#7137,#7138));
#7123 = ORIENTED_EDGE('',*,*,#7124,.T.);
#7124 = EDGE_CURVE('',#2265,#7125,#7127,.T.);
#7125 = VERTEX_POINT('',#7126);
#7126 = CARTESIAN_POINT('',(-42.2,-3.928571428571,23.42));
#7127 = LINE('',#7128,#7129);
#7128 = CARTESIAN_POINT('',(-42.2,-3.928571428571,24.42));
#7129 = VECTOR('',#7130,1.);
#7130 = DIRECTION('',(-0.,-0.,-1.));
#7131 = ORIENTED_EDGE('',*,*,#7132,.T.);
#7132 = EDGE_CURVE('',#7125,#7094,#7133,.T.);
#7133 = LINE('',#7134,#7135);
#7134 = CARTESIAN_POINT('',(-42.2,-3.928571428571,23.42));
#7135 = VECTOR('',#7136,1.);
#7136 = DIRECTION('',(2.22044604925E-16,1.,0.));
#7137 = ORIENTED_EDGE('',*,*,#7093,.F.);
#7138 = ORIENTED_EDGE('',*,*,#2272,.F.);
#7139 = PLANE('',#7140);
#7140 = AXIS2_PLACEMENT_3D('',#7141,#7142,#7143);
#7141 = CARTESIAN_POINT('',(-42.2,-3.928571428571,24.42));
#7142 = DIRECTION('',(1.,-2.22044604925E-16,0.));
#7143 = DIRECTION('',(2.22044604925E-16,1.,0.));
#7144 = ADVANCED_FACE('',(#7145),#7163,.T.);
#7145 = FACE_BOUND('',#7146,.T.);
#7146 = EDGE_LOOP('',(#7147,#7155,#7161,#7162));
#7147 = ORIENTED_EDGE('',*,*,#7148,.T.);
#7148 = EDGE_CURVE('',#2257,#7149,#7151,.T.);
#7149 = VERTEX_POINT('',#7150);
#7150 = CARTESIAN_POINT('',(-41.23571428571,-3.928571428571,23.42));
#7151 = LINE('',#7152,#7153);
#7152 = CARTESIAN_POINT('',(-41.23571428571,-3.928571428571,24.42));
#7153 = VECTOR('',#7154,1.);
#7154 = DIRECTION('',(-0.,-0.,-1.));
#7155 = ORIENTED_EDGE('',*,*,#7156,.T.);
#7156 = EDGE_CURVE('',#7149,#7125,#7157,.T.);
#7157 = LINE('',#7158,#7159);
#7158 = CARTESIAN_POINT('',(-41.23571428571,-3.928571428571,23.42));
#7159 = VECTOR('',#7160,1.);
#7160 = DIRECTION('',(-1.,2.22044604925E-16,0.));
#7161 = ORIENTED_EDGE('',*,*,#7124,.F.);
#7162 = ORIENTED_EDGE('',*,*,#2264,.F.);
#7163 = PLANE('',#7164);
#7164 = AXIS2_PLACEMENT_3D('',#7165,#7166,#7167);
#7165 = CARTESIAN_POINT('',(-41.23571428571,-3.928571428571,24.42));
#7166 = DIRECTION('',(2.22044604925E-16,1.,0.));
#7167 = DIRECTION('',(-1.,2.22044604925E-16,0.));
#7168 = ADVANCED_FACE('',(#7169),#7187,.T.);
#7169 = FACE_BOUND('',#7170,.T.);
#7170 = EDGE_LOOP('',(#7171,#7179,#7185,#7186));
#7171 = ORIENTED_EDGE('',*,*,#7172,.T.);
#7172 = EDGE_CURVE('',#2249,#7173,#7175,.T.);
#7173 = VERTEX_POINT('',#7174);
#7174 = CARTESIAN_POINT('',(-37.2,-1.414285714286,23.42));
#7175 = LINE('',#7176,#7177);
#7176 = CARTESIAN_POINT('',(-37.2,-1.414285714286,24.42));
#7177 = VECTOR('',#7178,1.);
#7178 = DIRECTION('',(-0.,-0.,-1.));
#7179 = ORIENTED_EDGE('',*,*,#7180,.T.);
#7180 = EDGE_CURVE('',#7173,#7149,#7181,.T.);
#7181 = LINE('',#7182,#7183);
#7182 = CARTESIAN_POINT('',(-37.2,-1.414285714286,23.42));
#7183 = VECTOR('',#7184,1.);
#7184 = DIRECTION('',(-0.848756985023,-0.528783112793,0.));
#7185 = ORIENTED_EDGE('',*,*,#7148,.F.);
#7186 = ORIENTED_EDGE('',*,*,#2256,.F.);
#7187 = PLANE('',#7188);
#7188 = AXIS2_PLACEMENT_3D('',#7189,#7190,#7191);
#7189 = CARTESIAN_POINT('',(-37.2,-1.414285714286,24.42));
#7190 = DIRECTION('',(-0.528783112793,0.848756985023,0.));
#7191 = DIRECTION('',(-0.848756985023,-0.528783112793,0.));
#7192 = ADVANCED_FACE('',(#7193),#7211,.T.);
#7193 = FACE_BOUND('',#7194,.T.);
#7194 = EDGE_LOOP('',(#7195,#7203,#7209,#7210));
#7195 = ORIENTED_EDGE('',*,*,#7196,.T.);
#7196 = EDGE_CURVE('',#2241,#7197,#7199,.T.);
#7197 = VERTEX_POINT('',#7198);
#7198 = CARTESIAN_POINT('',(-37.2,-0.75,23.42));
#7199 = LINE('',#7200,#7201);
#7200 = CARTESIAN_POINT('',(-37.2,-0.75,24.42));
#7201 = VECTOR('',#7202,1.);
#7202 = DIRECTION('',(-0.,-0.,-1.));
#7203 = ORIENTED_EDGE('',*,*,#7204,.T.);
#7204 = EDGE_CURVE('',#7197,#7173,#7205,.T.);
#7205 = LINE('',#7206,#7207);
#7206 = CARTESIAN_POINT('',(-37.2,-0.75,23.42));
#7207 = VECTOR('',#7208,1.);
#7208 = DIRECTION('',(-2.22044604925E-16,-1.,0.));
#7209 = ORIENTED_EDGE('',*,*,#7172,.F.);
#7210 = ORIENTED_EDGE('',*,*,#2248,.F.);
#7211 = PLANE('',#7212);
#7212 = AXIS2_PLACEMENT_3D('',#7213,#7214,#7215);
#7213 = CARTESIAN_POINT('',(-37.2,-0.75,24.42));
#7214 = DIRECTION('',(-1.,2.22044604925E-16,0.));
#7215 = DIRECTION('',(-2.22044604925E-16,-1.,0.));
#7216 = ADVANCED_FACE('',(#7217),#7228,.T.);
#7217 = FACE_BOUND('',#7218,.T.);
#7218 = EDGE_LOOP('',(#7219,#7220,#7226,#7227));
#7219 = ORIENTED_EDGE('',*,*,#7109,.T.);
#7220 = ORIENTED_EDGE('',*,*,#7221,.T.);
#7221 = EDGE_CURVE('',#7102,#7197,#7222,.T.);
#7222 = LINE('',#7223,#7224);
#7223 = CARTESIAN_POINT('',(-37.71428571428,-0.75,23.42));
#7224 = VECTOR('',#7225,1.);
#7225 = DIRECTION('',(1.,-2.22044604925E-16,0.));
#7226 = ORIENTED_EDGE('',*,*,#7196,.F.);
#7227 = ORIENTED_EDGE('',*,*,#2240,.F.);
#7228 = PLANE('',#7229);
#7229 = AXIS2_PLACEMENT_3D('',#7230,#7231,#7232);
#7230 = CARTESIAN_POINT('',(-37.71428571428,-0.75,24.42));
#7231 = DIRECTION('',(-2.22044604925E-16,-1.,0.));
#7232 = DIRECTION('',(1.,-2.22044604925E-16,0.));
#7233 = ADVANCED_FACE('',(#7234),#7259,.T.);
#7234 = FACE_BOUND('',#7235,.T.);
#7235 = EDGE_LOOP('',(#7236,#7244,#7245,#7253));
#7236 = ORIENTED_EDGE('',*,*,#7237,.T.);
#7237 = EDGE_CURVE('',#7238,#2281,#7240,.T.);
#7238 = VERTEX_POINT('',#7239);
#7239 = CARTESIAN_POINT('',(-33.7,23.92,22.22));
#7240 = LINE('',#7241,#7242);
#7241 = CARTESIAN_POINT('',(-33.7,23.92,22.22));
#7242 = VECTOR('',#7243,1.);
#7243 = DIRECTION('',(0.,0.,1.));
#7244 = ORIENTED_EDGE('',*,*,#2280,.T.);
#7245 = ORIENTED_EDGE('',*,*,#7246,.F.);
#7246 = EDGE_CURVE('',#7247,#2283,#7249,.T.);
#7247 = VERTEX_POINT('',#7248);
#7248 = CARTESIAN_POINT('',(-33.7,-26.5,22.22));
#7249 = LINE('',#7250,#7251);
#7250 = CARTESIAN_POINT('',(-33.7,-26.5,22.22));
#7251 = VECTOR('',#7252,1.);
#7252 = DIRECTION('',(0.,0.,1.));
#7253 = ORIENTED_EDGE('',*,*,#7254,.F.);
#7254 = EDGE_CURVE('',#7238,#7247,#7255,.T.);
#7255 = LINE('',#7256,#7257);
#7256 = CARTESIAN_POINT('',(-33.7,23.92,22.22));
#7257 = VECTOR('',#7258,1.);
#7258 = DIRECTION('',(0.,-1.,0.));
#7259 = PLANE('',#7260);
#7260 = AXIS2_PLACEMENT_3D('',#7261,#7262,#7263);
#7261 = CARTESIAN_POINT('',(-33.7,23.92,22.22));
#7262 = DIRECTION('',(1.,0.,0.));
#7263 = DIRECTION('',(0.,-1.,0.));
#7264 = ADVANCED_FACE('',(#7265),#7283,.T.);
#7265 = FACE_BOUND('',#7266,.T.);
#7266 = EDGE_LOOP('',(#7267,#7275,#7276,#7277));
#7267 = ORIENTED_EDGE('',*,*,#7268,.T.);
#7268 = EDGE_CURVE('',#7269,#2291,#7271,.T.);
#7269 = VERTEX_POINT('',#7270);
#7270 = CARTESIAN_POINT('',(36.5,23.92,22.22));
#7271 = LINE('',#7272,#7273);
#7272 = CARTESIAN_POINT('',(36.5,23.92,22.22));
#7273 = VECTOR('',#7274,1.);
#7274 = DIRECTION('',(0.,0.,1.));
#7275 = ORIENTED_EDGE('',*,*,#2290,.T.);
#7276 = ORIENTED_EDGE('',*,*,#7237,.F.);
#7277 = ORIENTED_EDGE('',*,*,#7278,.F.);
#7278 = EDGE_CURVE('',#7269,#7238,#7279,.T.);
#7279 = LINE('',#7280,#7281);
#7280 = CARTESIAN_POINT('',(36.5,23.92,22.22));
#7281 = VECTOR('',#7282,1.);
#7282 = DIRECTION('',(-1.,0.,0.));
#7283 = PLANE('',#7284);
#7284 = AXIS2_PLACEMENT_3D('',#7285,#7286,#7287);
#7285 = CARTESIAN_POINT('',(36.5,23.92,22.22));
#7286 = DIRECTION('',(0.,-1.,0.));
#7287 = DIRECTION('',(-1.,0.,0.));
#7288 = ADVANCED_FACE('',(#7289),#7307,.T.);
#7289 = FACE_BOUND('',#7290,.T.);
#7290 = EDGE_LOOP('',(#7291,#7292,#7293,#7301));
#7291 = ORIENTED_EDGE('',*,*,#7246,.T.);
#7292 = ORIENTED_EDGE('',*,*,#2306,.T.);
#7293 = ORIENTED_EDGE('',*,*,#7294,.F.);
#7294 = EDGE_CURVE('',#7295,#2299,#7297,.T.);
#7295 = VERTEX_POINT('',#7296);
#7296 = CARTESIAN_POINT('',(36.5,-26.5,22.22));
#7297 = LINE('',#7298,#7299);
#7298 = CARTESIAN_POINT('',(36.5,-26.5,22.22));
#7299 = VECTOR('',#7300,1.);
#7300 = DIRECTION('',(0.,0.,1.));
#7301 = ORIENTED_EDGE('',*,*,#7302,.F.);
#7302 = EDGE_CURVE('',#7247,#7295,#7303,.T.);
#7303 = LINE('',#7304,#7305);
#7304 = CARTESIAN_POINT('',(-33.7,-26.5,22.22));
#7305 = VECTOR('',#7306,1.);
#7306 = DIRECTION('',(1.,0.,0.));
#7307 = PLANE('',#7308);
#7308 = AXIS2_PLACEMENT_3D('',#7309,#7310,#7311);
#7309 = CARTESIAN_POINT('',(-33.7,-26.5,22.22));
#7310 = DIRECTION('',(0.,1.,0.));
#7311 = DIRECTION('',(1.,0.,0.));
#7312 = ADVANCED_FACE('',(#7313),#7324,.T.);
#7313 = FACE_BOUND('',#7314,.T.);
#7314 = EDGE_LOOP('',(#7315,#7316,#7317,#7318));
#7315 = ORIENTED_EDGE('',*,*,#7294,.T.);
#7316 = ORIENTED_EDGE('',*,*,#2298,.T.);
#7317 = ORIENTED_EDGE('',*,*,#7268,.F.);
#7318 = ORIENTED_EDGE('',*,*,#7319,.F.);
#7319 = EDGE_CURVE('',#7295,#7269,#7320,.T.);
#7320 = LINE('',#7321,#7322);
#7321 = CARTESIAN_POINT('',(36.5,-26.5,22.22));
#7322 = VECTOR('',#7323,1.);
#7323 = DIRECTION('',(0.,1.,0.));
#7324 = PLANE('',#7325);
#7325 = AXIS2_PLACEMENT_3D('',#7326,#7327,#7328);
#7326 = CARTESIAN_POINT('',(36.5,-26.5,22.22));
#7327 = DIRECTION('',(-1.,0.,0.));
#7328 = DIRECTION('',(0.,1.,0.));
#7329 = ADVANCED_FACE('',(#7330),#7355,.T.);
#7330 = FACE_BOUND('',#7331,.T.);
#7331 = EDGE_LOOP('',(#7332,#7340,#7348,#7354));
#7332 = ORIENTED_EDGE('',*,*,#7333,.T.);
#7333 = EDGE_CURVE('',#2315,#7334,#7336,.T.);
#7334 = VERTEX_POINT('',#7335);
#7335 = CARTESIAN_POINT('',(-42.2,-1.55,23.42));
#7336 = LINE('',#7337,#7338);
#7337 = CARTESIAN_POINT('',(-42.2,-1.55,24.42));
#7338 = VECTOR('',#7339,1.);
#7339 = DIRECTION('',(-0.,-0.,-1.));
#7340 = ORIENTED_EDGE('',*,*,#7341,.T.);
#7341 = EDGE_CURVE('',#7334,#7342,#7344,.T.);
#7342 = VERTEX_POINT('',#7343);
#7343 = CARTESIAN_POINT('',(-42.2,-0.75,23.42));
#7344 = LINE('',#7345,#7346);
#7345 = CARTESIAN_POINT('',(-42.2,-1.55,23.42));
#7346 = VECTOR('',#7347,1.);
#7347 = DIRECTION('',(2.22044604925E-16,1.,0.));
#7348 = ORIENTED_EDGE('',*,*,#7349,.F.);
#7349 = EDGE_CURVE('',#2317,#7342,#7350,.T.);
#7350 = LINE('',#7351,#7352);
#7351 = CARTESIAN_POINT('',(-42.2,-0.75,24.42));
#7352 = VECTOR('',#7353,1.);
#7353 = DIRECTION('',(-0.,-0.,-1.));
#7354 = ORIENTED_EDGE('',*,*,#2314,.F.);
#7355 = PLANE('',#7356);
#7356 = AXIS2_PLACEMENT_3D('',#7357,#7358,#7359);
#7357 = CARTESIAN_POINT('',(-42.2,-1.55,24.42));
#7358 = DIRECTION('',(1.,-2.22044604925E-16,0.));
#7359 = DIRECTION('',(2.22044604925E-16,1.,0.));
#7360 = ADVANCED_FACE('',(#7361),#7379,.T.);
#7361 = FACE_BOUND('',#7362,.T.);
#7362 = EDGE_LOOP('',(#7363,#7371,#7377,#7378));
#7363 = ORIENTED_EDGE('',*,*,#7364,.T.);
#7364 = EDGE_CURVE('',#2341,#7365,#7367,.T.);
#7365 = VERTEX_POINT('',#7366);
#7366 = CARTESIAN_POINT('',(-39.66428571428,-1.55,23.42));
#7367 = LINE('',#7368,#7369);
#7368 = CARTESIAN_POINT('',(-39.66428571428,-1.55,24.42));
#7369 = VECTOR('',#7370,1.);
#7370 = DIRECTION('',(-0.,-0.,-1.));
#7371 = ORIENTED_EDGE('',*,*,#7372,.T.);
#7372 = EDGE_CURVE('',#7365,#7334,#7373,.T.);
#7373 = LINE('',#7374,#7375);
#7374 = CARTESIAN_POINT('',(-39.66428571428,-1.55,23.42));
#7375 = VECTOR('',#7376,1.);
#7376 = DIRECTION('',(-1.,2.22044604925E-16,0.));
#7377 = ORIENTED_EDGE('',*,*,#7333,.F.);
#7378 = ORIENTED_EDGE('',*,*,#2348,.F.);
#7379 = PLANE('',#7380);
#7380 = AXIS2_PLACEMENT_3D('',#7381,#7382,#7383);
#7381 = CARTESIAN_POINT('',(-39.66428571428,-1.55,24.42));
#7382 = DIRECTION('',(2.22044604925E-16,1.,0.));
#7383 = DIRECTION('',(-1.,2.22044604925E-16,0.));
#7384 = ADVANCED_FACE('',(#7385),#7403,.T.);
#7385 = FACE_BOUND('',#7386,.T.);
#7386 = EDGE_LOOP('',(#7387,#7395,#7401,#7402));
#7387 = ORIENTED_EDGE('',*,*,#7388,.T.);
#7388 = EDGE_CURVE('',#2333,#7389,#7391,.T.);
#7389 = VERTEX_POINT('',#7390);
#7390 = CARTESIAN_POINT('',(-38.47142857142,-0.807142857143,23.42));
#7391 = LINE('',#7392,#7393);
#7392 = CARTESIAN_POINT('',(-38.47142857142,-0.807142857143,24.42));
#7393 = VECTOR('',#7394,1.);
#7394 = DIRECTION('',(-0.,-0.,-1.));
#7395 = ORIENTED_EDGE('',*,*,#7396,.T.);
#7396 = EDGE_CURVE('',#7389,#7365,#7397,.T.);
#7397 = LINE('',#7398,#7399);
#7398 = CARTESIAN_POINT('',(-38.47142857142,-0.807142857143,23.42));
#7399 = VECTOR('',#7400,1.);
#7400 = DIRECTION('',(-0.848853874434,-0.528627562522,0.));
#7401 = ORIENTED_EDGE('',*,*,#7364,.F.);
#7402 = ORIENTED_EDGE('',*,*,#2340,.F.);
#7403 = PLANE('',#7404);
#7404 = AXIS2_PLACEMENT_3D('',#7405,#7406,#7407);
#7405 = CARTESIAN_POINT('',(-38.47142857142,-0.807142857143,24.42));
#7406 = DIRECTION('',(-0.528627562522,0.848853874434,0.));
#7407 = DIRECTION('',(-0.848853874434,-0.528627562522,0.));
#7408 = ADVANCED_FACE('',(#7409),#7427,.T.);
#7409 = FACE_BOUND('',#7410,.T.);
#7410 = EDGE_LOOP('',(#7411,#7419,#7425,#7426));
#7411 = ORIENTED_EDGE('',*,*,#7412,.T.);
#7412 = EDGE_CURVE('',#2325,#7413,#7415,.T.);
#7413 = VERTEX_POINT('',#7414);
#7414 = CARTESIAN_POINT('',(-38.47142857142,-0.75,23.42));
#7415 = LINE('',#7416,#7417);
#7416 = CARTESIAN_POINT('',(-38.47142857142,-0.75,24.42));
#7417 = VECTOR('',#7418,1.);
#7418 = DIRECTION('',(-0.,-0.,-1.));
#7419 = ORIENTED_EDGE('',*,*,#7420,.T.);
#7420 = EDGE_CURVE('',#7413,#7389,#7421,.T.);
#7421 = LINE('',#7422,#7423);
#7422 = CARTESIAN_POINT('',(-38.47142857142,-0.75,23.42));
#7423 = VECTOR('',#7424,1.);
#7424 = DIRECTION('',(-2.22044604925E-16,-1.,0.));
#7425 = ORIENTED_EDGE('',*,*,#7388,.F.);
#7426 = ORIENTED_EDGE('',*,*,#2332,.F.);
#7427 = PLANE('',#7428);
#7428 = AXIS2_PLACEMENT_3D('',#7429,#7430,#7431);
#7429 = CARTESIAN_POINT('',(-38.47142857142,-0.75,24.42));
#7430 = DIRECTION('',(-1.,2.22044604925E-16,0.));
#7431 = DIRECTION('',(-2.22044604925E-16,-1.,0.));
#7432 = ADVANCED_FACE('',(#7433),#7444,.T.);
#7433 = FACE_BOUND('',#7434,.T.);
#7434 = EDGE_LOOP('',(#7435,#7436,#7442,#7443));
#7435 = ORIENTED_EDGE('',*,*,#7349,.T.);
#7436 = ORIENTED_EDGE('',*,*,#7437,.T.);
#7437 = EDGE_CURVE('',#7342,#7413,#7438,.T.);
#7438 = LINE('',#7439,#7440);
#7439 = CARTESIAN_POINT('',(-42.2,-0.75,23.42));
#7440 = VECTOR('',#7441,1.);
#7441 = DIRECTION('',(1.,-2.22044604925E-16,0.));
#7442 = ORIENTED_EDGE('',*,*,#7412,.F.);
#7443 = ORIENTED_EDGE('',*,*,#2324,.F.);
#7444 = PLANE('',#7445);
#7445 = AXIS2_PLACEMENT_3D('',#7446,#7447,#7448);
#7446 = CARTESIAN_POINT('',(-42.2,-0.75,24.42));
#7447 = DIRECTION('',(-2.22044604925E-16,-1.,0.));
#7448 = DIRECTION('',(1.,-2.22044604925E-16,0.));
#7449 = ADVANCED_FACE('',(#7450),#7475,.T.);
#7450 = FACE_BOUND('',#7451,.T.);
#7451 = EDGE_LOOP('',(#7452,#7460,#7468,#7474));
#7452 = ORIENTED_EDGE('',*,*,#7453,.T.);
#7453 = EDGE_CURVE('',#2357,#7454,#7456,.T.);
#7454 = VERTEX_POINT('',#7455);
#7455 = CARTESIAN_POINT('',(-42.2,-0.148095238095,23.42));
#7456 = LINE('',#7457,#7458);
#7457 = CARTESIAN_POINT('',(-42.2,-0.148095238095,24.42));
#7458 = VECTOR('',#7459,1.);
#7459 = DIRECTION('',(-0.,-0.,-1.));
#7460 = ORIENTED_EDGE('',*,*,#7461,.T.);
#7461 = EDGE_CURVE('',#7454,#7462,#7464,.T.);
#7462 = VERTEX_POINT('',#7463);
#7463 = CARTESIAN_POINT('',(-42.2,0.651904761905,23.42));
#7464 = LINE('',#7465,#7466);
#7465 = CARTESIAN_POINT('',(-42.2,-0.148095238095,23.42));
#7466 = VECTOR('',#7467,1.);
#7467 = DIRECTION('',(2.22044604925E-16,1.,0.));
#7468 = ORIENTED_EDGE('',*,*,#7469,.F.);
#7469 = EDGE_CURVE('',#2359,#7462,#7470,.T.);
#7470 = LINE('',#7471,#7472);
#7471 = CARTESIAN_POINT('',(-42.2,0.651904761905,24.42));
#7472 = VECTOR('',#7473,1.);
#7473 = DIRECTION('',(-0.,-0.,-1.));
#7474 = ORIENTED_EDGE('',*,*,#2356,.F.);
#7475 = PLANE('',#7476);
#7476 = AXIS2_PLACEMENT_3D('',#7477,#7478,#7479);
#7477 = CARTESIAN_POINT('',(-42.2,-0.148095238095,24.42));
#7478 = DIRECTION('',(1.,-2.22044604925E-16,0.));
#7479 = DIRECTION('',(2.22044604925E-16,1.,0.));
#7480 = ADVANCED_FACE('',(#7481),#7499,.T.);
#7481 = FACE_BOUND('',#7482,.T.);
#7482 = EDGE_LOOP('',(#7483,#7491,#7497,#7498));
#7483 = ORIENTED_EDGE('',*,*,#7484,.T.);
#7484 = EDGE_CURVE('',#2375,#7485,#7487,.T.);
#7485 = VERTEX_POINT('',#7486);
#7486 = CARTESIAN_POINT('',(-37.2,-0.148095238095,23.42));
#7487 = LINE('',#7488,#7489);
#7488 = CARTESIAN_POINT('',(-37.2,-0.148095238095,24.42));
#7489 = VECTOR('',#7490,1.);
#7490 = DIRECTION('',(-0.,-0.,-1.));
#7491 = ORIENTED_EDGE('',*,*,#7492,.T.);
#7492 = EDGE_CURVE('',#7485,#7454,#7493,.T.);
#7493 = LINE('',#7494,#7495);
#7494 = CARTESIAN_POINT('',(-37.2,-0.148095238095,23.42));
#7495 = VECTOR('',#7496,1.);
#7496 = DIRECTION('',(-1.,2.22044604925E-16,0.));
#7497 = ORIENTED_EDGE('',*,*,#7453,.F.);
#7498 = ORIENTED_EDGE('',*,*,#2382,.F.);
#7499 = PLANE('',#7500);
#7500 = AXIS2_PLACEMENT_3D('',#7501,#7502,#7503);
#7501 = CARTESIAN_POINT('',(-37.2,-0.148095238095,24.42));
#7502 = DIRECTION('',(2.22044604925E-16,1.,0.));
#7503 = DIRECTION('',(-1.,2.22044604925E-16,0.));
#7504 = ADVANCED_FACE('',(#7505),#7523,.T.);
#7505 = FACE_BOUND('',#7506,.T.);
#7506 = EDGE_LOOP('',(#7507,#7515,#7521,#7522));
#7507 = ORIENTED_EDGE('',*,*,#7508,.T.);
#7508 = EDGE_CURVE('',#2367,#7509,#7511,.T.);
#7509 = VERTEX_POINT('',#7510);
#7510 = CARTESIAN_POINT('',(-37.2,0.651904761905,23.42));
#7511 = LINE('',#7512,#7513);
#7512 = CARTESIAN_POINT('',(-37.2,0.651904761905,24.42));
#7513 = VECTOR('',#7514,1.);
#7514 = DIRECTION('',(-0.,-0.,-1.));
#7515 = ORIENTED_EDGE('',*,*,#7516,.T.);
#7516 = EDGE_CURVE('',#7509,#7485,#7517,.T.);
#7517 = LINE('',#7518,#7519);
#7518 = CARTESIAN_POINT('',(-37.2,0.651904761905,23.42));
#7519 = VECTOR('',#7520,1.);
#7520 = DIRECTION('',(-2.22044604925E-16,-1.,0.));
#7521 = ORIENTED_EDGE('',*,*,#7484,.F.);
#7522 = ORIENTED_EDGE('',*,*,#2374,.F.);
#7523 = PLANE('',#7524);
#7524 = AXIS2_PLACEMENT_3D('',#7525,#7526,#7527);
#7525 = CARTESIAN_POINT('',(-37.2,0.651904761905,24.42));
#7526 = DIRECTION('',(-1.,2.22044604925E-16,0.));
#7527 = DIRECTION('',(-2.22044604925E-16,-1.,0.));
#7528 = ADVANCED_FACE('',(#7529),#7540,.T.);
#7529 = FACE_BOUND('',#7530,.T.);
#7530 = EDGE_LOOP('',(#7531,#7532,#7538,#7539));
#7531 = ORIENTED_EDGE('',*,*,#7469,.T.);
#7532 = ORIENTED_EDGE('',*,*,#7533,.T.);
#7533 = EDGE_CURVE('',#7462,#7509,#7534,.T.);
#7534 = LINE('',#7535,#7536);
#7535 = CARTESIAN_POINT('',(-42.2,0.651904761905,23.42));
#7536 = VECTOR('',#7537,1.);
#7537 = DIRECTION('',(1.,-2.22044604925E-16,0.));
#7538 = ORIENTED_EDGE('',*,*,#7508,.F.);
#7539 = ORIENTED_EDGE('',*,*,#2366,.F.);
#7540 = PLANE('',#7541);
#7541 = AXIS2_PLACEMENT_3D('',#7542,#7543,#7544);
#7542 = CARTESIAN_POINT('',(-42.2,0.651904761905,24.42));
#7543 = DIRECTION('',(-2.22044604925E-16,-1.,0.));
#7544 = DIRECTION('',(1.,-2.22044604925E-16,0.));
#7545 = ADVANCED_FACE('',(#7546),#7571,.T.);
#7546 = FACE_BOUND('',#7547,.T.);
#7547 = EDGE_LOOP('',(#7548,#7556,#7564,#7570));
#7548 = ORIENTED_EDGE('',*,*,#7549,.T.);
#7549 = EDGE_CURVE('',#2391,#7550,#7552,.T.);
#7550 = VERTEX_POINT('',#7551);
#7551 = CARTESIAN_POINT('',(-40.09285714285,4.345714285714,23.42));
#7552 = LINE('',#7553,#7554);
#7553 = CARTESIAN_POINT('',(-40.09285714285,4.345714285714,24.42));
#7554 = VECTOR('',#7555,1.);
#7555 = DIRECTION('',(-0.,-0.,-1.));
#7556 = ORIENTED_EDGE('',*,*,#7557,.T.);
#7557 = EDGE_CURVE('',#7550,#7558,#7560,.T.);
#7558 = VERTEX_POINT('',#7559);
#7559 = CARTESIAN_POINT('',(-40.09285714285,4.76,23.42));
#7560 = LINE('',#7561,#7562);
#7561 = CARTESIAN_POINT('',(-40.09285714285,4.345714285714,23.42));
#7562 = VECTOR('',#7563,1.);
#7563 = DIRECTION('',(2.22044604925E-16,1.,0.));
#7564 = ORIENTED_EDGE('',*,*,#7565,.F.);
#7565 = EDGE_CURVE('',#2393,#7558,#7566,.T.);
#7566 = LINE('',#7567,#7568);
#7567 = CARTESIAN_POINT('',(-40.09285714285,4.76,24.42));
#7568 = VECTOR('',#7569,1.);
#7569 = DIRECTION('',(-0.,-0.,-1.));
#7570 = ORIENTED_EDGE('',*,*,#2390,.F.);
#7571 = PLANE('',#7572);
#7572 = AXIS2_PLACEMENT_3D('',#7573,#7574,#7575);
#7573 = CARTESIAN_POINT('',(-40.09285714285,4.345714285714,24.42));
#7574 = DIRECTION('',(1.,-2.22044604925E-16,0.));
#7575 = DIRECTION('',(2.22044604925E-16,1.,0.));
#7576 = ADVANCED_FACE('',(#7577),#7595,.T.);
#7577 = FACE_BOUND('',#7578,.T.);
#7578 = EDGE_LOOP('',(#7579,#7587,#7593,#7594));
#7579 = ORIENTED_EDGE('',*,*,#7580,.T.);
#7580 = EDGE_CURVE('',#2537,#7581,#7583,.T.);
#7581 = VERTEX_POINT('',#7582);
#7582 = CARTESIAN_POINT('',(-40.17142857142,3.952857142857,23.42));
#7583 = LINE('',#7584,#7585);
#7584 = CARTESIAN_POINT('',(-40.17142857142,3.952857142857,24.42));
#7585 = VECTOR('',#7586,1.);
#7586 = DIRECTION('',(-0.,-0.,-1.));
#7587 = ORIENTED_EDGE('',*,*,#7588,.T.);
#7588 = EDGE_CURVE('',#7581,#7550,#7589,.T.);
#7589 = B_SPLINE_CURVE_WITH_KNOTS('',2,(#7590,#7591,#7592),
  .UNSPECIFIED.,.F.,.F.,(3,3),(0.,1.),.PIECEWISE_BEZIER_KNOTS.);
#7590 = CARTESIAN_POINT('',(-40.17142857142,3.952857142857,23.42));
#7591 = CARTESIAN_POINT('',(-40.09285714285,4.11,23.42));
#7592 = CARTESIAN_POINT('',(-40.09285714285,4.345714285714,23.42));
#7593 = ORIENTED_EDGE('',*,*,#7549,.F.);
#7594 = ORIENTED_EDGE('',*,*,#2544,.F.);
#7595 = SURFACE_OF_LINEAR_EXTRUSION('',#7596,#7600);
#7596 = B_SPLINE_CURVE_WITH_KNOTS('',2,(#7597,#7598,#7599),
  .UNSPECIFIED.,.F.,.F.,(3,3),(0.,1.),.PIECEWISE_BEZIER_KNOTS.);
#7597 = CARTESIAN_POINT('',(-40.17142857142,3.952857142857,24.42));
#7598 = CARTESIAN_POINT('',(-40.09285714285,4.11,24.42));
#7599 = CARTESIAN_POINT('',(-40.09285714285,4.345714285714,24.42));
#7600 = VECTOR('',#7601,1.);
#7601 = DIRECTION('',(0.,0.,1.));
#7602 = ADVANCED_FACE('',(#7603),#7621,.T.);
#7603 = FACE_BOUND('',#7604,.T.);
#7604 = EDGE_LOOP('',(#7605,#7613,#7619,#7620));
#7605 = ORIENTED_EDGE('',*,*,#7606,.T.);
#7606 = EDGE_CURVE('',#2529,#7607,#7609,.T.);
#7607 = VERTEX_POINT('',#7608);
#7608 = CARTESIAN_POINT('',(-40.92857142857,3.631428571429,23.42));
#7609 = LINE('',#7610,#7611);
#7610 = CARTESIAN_POINT('',(-40.92857142857,3.631428571429,24.42));
#7611 = VECTOR('',#7612,1.);
#7612 = DIRECTION('',(-0.,-0.,-1.));
#7613 = ORIENTED_EDGE('',*,*,#7614,.T.);
#7614 = EDGE_CURVE('',#7607,#7581,#7615,.T.);
#7615 = B_SPLINE_CURVE_WITH_KNOTS('',2,(#7616,#7617,#7618),
  .UNSPECIFIED.,.F.,.F.,(3,3),(0.,1.),.PIECEWISE_BEZIER_KNOTS.);
#7616 = CARTESIAN_POINT('',(-40.92857142857,3.631428571429,23.42));
#7617 = CARTESIAN_POINT('',(-40.32857142857,3.688571428571,23.42));
#7618 = CARTESIAN_POINT('',(-40.17142857142,3.952857142857,23.42));
#7619 = ORIENTED_EDGE('',*,*,#7580,.F.);
#7620 = ORIENTED_EDGE('',*,*,#2536,.F.);
#7621 = SURFACE_OF_LINEAR_EXTRUSION('',#7622,#7626);
#7622 = B_SPLINE_CURVE_WITH_KNOTS('',2,(#7623,#7624,#7625),
  .UNSPECIFIED.,.F.,.F.,(3,3),(0.,1.),.PIECEWISE_BEZIER_KNOTS.);
#7623 = CARTESIAN_POINT('',(-40.92857142857,3.631428571429,24.42));
#7624 = CARTESIAN_POINT('',(-40.32857142857,3.688571428571,24.42));
#7625 = CARTESIAN_POINT('',(-40.17142857142,3.952857142857,24.42));
#7626 = VECTOR('',#7627,1.);
#7627 = DIRECTION('',(0.,0.,1.));
#7628 = ADVANCED_FACE('',(#7629),#7647,.T.);
#7629 = FACE_BOUND('',#7630,.T.);
#7630 = EDGE_LOOP('',(#7631,#7639,#7645,#7646));
#7631 = ORIENTED_EDGE('',*,*,#7632,.T.);
#7632 = EDGE_CURVE('',#2521,#7633,#7635,.T.);
#7633 = VERTEX_POINT('',#7634);
#7634 = CARTESIAN_POINT('',(-42.2,3.524285714286,23.42));
#7635 = LINE('',#7636,#7637);
#7636 = CARTESIAN_POINT('',(-42.2,3.524285714286,24.42));
#7637 = VECTOR('',#7638,1.);
#7638 = DIRECTION('',(-0.,-0.,-1.));
#7639 = ORIENTED_EDGE('',*,*,#7640,.T.);
#7640 = EDGE_CURVE('',#7633,#7607,#7641,.T.);
#7641 = LINE('',#7642,#7643);
#7642 = CARTESIAN_POINT('',(-42.2,3.524285714286,23.42));
#7643 = VECTOR('',#7644,1.);
#7644 = DIRECTION('',(0.996468111813,8.397203189433E-02,0.));
#7645 = ORIENTED_EDGE('',*,*,#7606,.F.);
#7646 = ORIENTED_EDGE('',*,*,#2528,.F.);
#7647 = PLANE('',#7648);
#7648 = AXIS2_PLACEMENT_3D('',#7649,#7650,#7651);
#7649 = CARTESIAN_POINT('',(-42.2,3.524285714286,24.42));
#7650 = DIRECTION('',(8.397203189433E-02,-0.996468111813,0.));
#7651 = DIRECTION('',(0.996468111813,8.397203189433E-02,0.));
#7652 = ADVANCED_FACE('',(#7653),#7671,.T.);
#7653 = FACE_BOUND('',#7654,.T.);
#7654 = EDGE_LOOP('',(#7655,#7663,#7669,#7670));
#7655 = ORIENTED_EDGE('',*,*,#7656,.T.);
#7656 = EDGE_CURVE('',#2513,#7657,#7659,.T.);
#7657 = VERTEX_POINT('',#7658);
#7658 = CARTESIAN_POINT('',(-42.2,2.781428571429,23.42));
#7659 = LINE('',#7660,#7661);
#7660 = CARTESIAN_POINT('',(-42.2,2.781428571429,24.42));
#7661 = VECTOR('',#7662,1.);
#7662 = DIRECTION('',(-0.,-0.,-1.));
#7663 = ORIENTED_EDGE('',*,*,#7664,.T.);
#7664 = EDGE_CURVE('',#7657,#7633,#7665,.T.);
#7665 = LINE('',#7666,#7667);
#7666 = CARTESIAN_POINT('',(-42.2,2.781428571429,23.42));
#7667 = VECTOR('',#7668,1.);
#7668 = DIRECTION('',(2.22044604925E-16,1.,0.));
#7669 = ORIENTED_EDGE('',*,*,#7632,.F.);
#7670 = ORIENTED_EDGE('',*,*,#2520,.F.);
#7671 = PLANE('',#7672);
#7672 = AXIS2_PLACEMENT_3D('',#7673,#7674,#7675);
#7673 = CARTESIAN_POINT('',(-42.2,2.781428571429,24.42));
#7674 = DIRECTION('',(1.,-2.22044604925E-16,0.));
#7675 = DIRECTION('',(2.22044604925E-16,1.,0.));
#7676 = ADVANCED_FACE('',(#7677),#7695,.T.);
#7677 = FACE_BOUND('',#7678,.T.);
#7678 = EDGE_LOOP('',(#7679,#7687,#7693,#7694));
#7679 = ORIENTED_EDGE('',*,*,#7680,.T.);
#7680 = EDGE_CURVE('',#2505,#7681,#7683,.T.);
#7681 = VERTEX_POINT('',#7682);
#7682 = CARTESIAN_POINT('',(-40.65,2.902857142857,23.42));
#7683 = LINE('',#7684,#7685);
#7684 = CARTESIAN_POINT('',(-40.65,2.902857142857,24.42));
#7685 = VECTOR('',#7686,1.);
#7686 = DIRECTION('',(-0.,-0.,-1.));
#7687 = ORIENTED_EDGE('',*,*,#7688,.T.);
#7688 = EDGE_CURVE('',#7681,#7657,#7689,.T.);
#7689 = LINE('',#7690,#7691);
#7690 = CARTESIAN_POINT('',(-40.65,2.902857142857,23.42));
#7691 = VECTOR('',#7692,1.);
#7692 = DIRECTION('',(-0.996945395907,-7.810171304339E-02,0.));
#7693 = ORIENTED_EDGE('',*,*,#7656,.F.);
#7694 = ORIENTED_EDGE('',*,*,#2512,.F.);
#7695 = PLANE('',#7696);
#7696 = AXIS2_PLACEMENT_3D('',#7697,#7698,#7699);
#7697 = CARTESIAN_POINT('',(-40.65,2.902857142857,24.42));
#7698 = DIRECTION('',(-7.810171304339E-02,0.996945395907,0.));
#7699 = DIRECTION('',(-0.996945395907,-7.810171304339E-02,0.));
#7700 = ADVANCED_FACE('',(#7701),#7719,.T.);
#7701 = FACE_BOUND('',#7702,.T.);
#7702 = EDGE_LOOP('',(#7703,#7711,#7717,#7718));
#7703 = ORIENTED_EDGE('',*,*,#7704,.T.);
#7704 = EDGE_CURVE('',#2497,#7705,#7707,.T.);
#7705 = VERTEX_POINT('',#7706);
#7706 = CARTESIAN_POINT('',(-40.47857142857,2.924285714286,23.42));
#7707 = LINE('',#7708,#7709);
#7708 = CARTESIAN_POINT('',(-40.47857142857,2.924285714286,24.42));
#7709 = VECTOR('',#7710,1.);
#7710 = DIRECTION('',(-0.,-0.,-1.));
#7711 = ORIENTED_EDGE('',*,*,#7712,.T.);
#7712 = EDGE_CURVE('',#7705,#7681,#7713,.T.);
#7713 = B_SPLINE_CURVE_WITH_KNOTS('',2,(#7714,#7715,#7716),
  .UNSPECIFIED.,.F.,.F.,(3,3),(0.,1.),.PIECEWISE_BEZIER_KNOTS.);
#7714 = CARTESIAN_POINT('',(-40.47857142857,2.924285714286,23.42));
#7715 = CARTESIAN_POINT('',(-40.57142857142,2.91,23.42));
#7716 = CARTESIAN_POINT('',(-40.65,2.902857142857,23.42));
#7717 = ORIENTED_EDGE('',*,*,#7680,.F.);
#7718 = ORIENTED_EDGE('',*,*,#2504,.F.);
#7719 = SURFACE_OF_LINEAR_EXTRUSION('',#7720,#7724);
#7720 = B_SPLINE_CURVE_WITH_KNOTS('',2,(#7721,#7722,#7723),
  .UNSPECIFIED.,.F.,.F.,(3,3),(0.,1.),.PIECEWISE_BEZIER_KNOTS.);
#7721 = CARTESIAN_POINT('',(-40.47857142857,2.924285714286,24.42));
#7722 = CARTESIAN_POINT('',(-40.57142857142,2.91,24.42));
#7723 = CARTESIAN_POINT('',(-40.65,2.902857142857,24.42));
#7724 = VECTOR('',#7725,1.);
#7725 = DIRECTION('',(0.,0.,1.));
#7726 = ADVANCED_FACE('',(#7727),#7745,.T.);
#7727 = FACE_BOUND('',#7728,.T.);
#7728 = EDGE_LOOP('',(#7729,#7737,#7743,#7744));
#7729 = ORIENTED_EDGE('',*,*,#7730,.T.);
#7730 = EDGE_CURVE('',#2489,#7731,#7733,.T.);
#7731 = VERTEX_POINT('',#7732);
#7732 = CARTESIAN_POINT('',(-39.71428571428,3.395714285714,23.42));
#7733 = LINE('',#7734,#7735);
#7734 = CARTESIAN_POINT('',(-39.71428571428,3.395714285714,24.42));
#7735 = VECTOR('',#7736,1.);
#7736 = DIRECTION('',(-0.,-0.,-1.));
#7737 = ORIENTED_EDGE('',*,*,#7738,.T.);
#7738 = EDGE_CURVE('',#7731,#7705,#7739,.T.);
#7739 = B_SPLINE_CURVE_WITH_KNOTS('',2,(#7740,#7741,#7742),
  .UNSPECIFIED.,.F.,.F.,(3,3),(0.,1.),.PIECEWISE_BEZIER_KNOTS.);
#7740 = CARTESIAN_POINT('',(-39.71428571428,3.395714285714,23.42));
#7741 = CARTESIAN_POINT('',(-39.92857142857,3.024285714286,23.42));
#7742 = CARTESIAN_POINT('',(-40.47857142857,2.924285714286,23.42));
#7743 = ORIENTED_EDGE('',*,*,#7704,.F.);
#7744 = ORIENTED_EDGE('',*,*,#2496,.F.);
#7745 = SURFACE_OF_LINEAR_EXTRUSION('',#7746,#7750);
#7746 = B_SPLINE_CURVE_WITH_KNOTS('',2,(#7747,#7748,#7749),
  .UNSPECIFIED.,.F.,.F.,(3,3),(0.,1.),.PIECEWISE_BEZIER_KNOTS.);
#7747 = CARTESIAN_POINT('',(-39.71428571428,3.395714285714,24.42));
#7748 = CARTESIAN_POINT('',(-39.92857142857,3.024285714286,24.42));
#7749 = CARTESIAN_POINT('',(-40.47857142857,2.924285714286,24.42));
#7750 = VECTOR('',#7751,1.);
#7751 = DIRECTION('',(0.,0.,1.));
#7752 = ADVANCED_FACE('',(#7753),#7771,.T.);
#7753 = FACE_BOUND('',#7754,.T.);
#7754 = EDGE_LOOP('',(#7755,#7763,#7769,#7770));
#7755 = ORIENTED_EDGE('',*,*,#7756,.T.);
#7756 = EDGE_CURVE('',#2481,#7757,#7759,.T.);
#7757 = VERTEX_POINT('',#7758);
#7758 = CARTESIAN_POINT('',(-38.56428571428,2.91,23.42));
#7759 = LINE('',#7760,#7761);
#7760 = CARTESIAN_POINT('',(-38.56428571428,2.91,24.42));
#7761 = VECTOR('',#7762,1.);
#7762 = DIRECTION('',(-0.,-0.,-1.));
#7763 = ORIENTED_EDGE('',*,*,#7764,.T.);
#7764 = EDGE_CURVE('',#7757,#7731,#7765,.T.);
#7765 = B_SPLINE_CURVE_WITH_KNOTS('',2,(#7766,#7767,#7768),
  .UNSPECIFIED.,.F.,.F.,(3,3),(0.,1.),.PIECEWISE_BEZIER_KNOTS.);
#7766 = CARTESIAN_POINT('',(-38.56428571428,2.91,23.42));
#7767 = CARTESIAN_POINT('',(-39.35714285714,2.917142857143,23.42));
#7768 = CARTESIAN_POINT('',(-39.71428571428,3.395714285714,23.42));
#7769 = ORIENTED_EDGE('',*,*,#7730,.F.);
#7770 = ORIENTED_EDGE('',*,*,#2488,.F.);
#7771 = SURFACE_OF_LINEAR_EXTRUSION('',#7772,#7776);
#7772 = B_SPLINE_CURVE_WITH_KNOTS('',2,(#7773,#7774,#7775),
  .UNSPECIFIED.,.F.,.F.,(3,3),(0.,1.),.PIECEWISE_BEZIER_KNOTS.);
#7773 = CARTESIAN_POINT('',(-38.56428571428,2.91,24.42));
#7774 = CARTESIAN_POINT('',(-39.35714285714,2.917142857143,24.42));
#7775 = CARTESIAN_POINT('',(-39.71428571428,3.395714285714,24.42));
#7776 = VECTOR('',#7777,1.);
#7777 = DIRECTION('',(0.,0.,1.));
#7778 = ADVANCED_FACE('',(#7779),#7797,.T.);
#7779 = FACE_BOUND('',#7780,.T.);
#7780 = EDGE_LOOP('',(#7781,#7789,#7795,#7796));
#7781 = ORIENTED_EDGE('',*,*,#7782,.T.);
#7782 = EDGE_CURVE('',#2473,#7783,#7785,.T.);
#7783 = VERTEX_POINT('',#7784);
#7784 = CARTESIAN_POINT('',(-37.90714285714,3.045714285714,23.42));
#7785 = LINE('',#7786,#7787);
#7786 = CARTESIAN_POINT('',(-37.90714285714,3.045714285714,24.42));
#7787 = VECTOR('',#7788,1.);
#7788 = DIRECTION('',(-0.,-0.,-1.));
#7789 = ORIENTED_EDGE('',*,*,#7790,.T.);
#7790 = EDGE_CURVE('',#7783,#7757,#7791,.T.);
#7791 = B_SPLINE_CURVE_WITH_KNOTS('',2,(#7792,#7793,#7794),
  .UNSPECIFIED.,.F.,.F.,(3,3),(0.,1.),.PIECEWISE_BEZIER_KNOTS.);
#7792 = CARTESIAN_POINT('',(-37.90714285714,3.045714285714,23.42));
#7793 = CARTESIAN_POINT('',(-38.19285714285,2.91,23.42));
#7794 = CARTESIAN_POINT('',(-38.56428571428,2.91,23.42));
#7795 = ORIENTED_EDGE('',*,*,#7756,.F.);
#7796 = ORIENTED_EDGE('',*,*,#2480,.F.);
#7797 = SURFACE_OF_LINEAR_EXTRUSION('',#7798,#7802);
#7798 = B_SPLINE_CURVE_WITH_KNOTS('',2,(#7799,#7800,#7801),
  .UNSPECIFIED.,.F.,.F.,(3,3),(0.,1.),.PIECEWISE_BEZIER_KNOTS.);
#7799 = CARTESIAN_POINT('',(-37.90714285714,3.045714285714,24.42));
#7800 = CARTESIAN_POINT('',(-38.19285714285,2.91,24.42));
#7801 = CARTESIAN_POINT('',(-38.56428571428,2.91,24.42));
#7802 = VECTOR('',#7803,1.);
#7803 = DIRECTION('',(0.,0.,1.));
#7804 = ADVANCED_FACE('',(#7805),#7823,.T.);
#7805 = FACE_BOUND('',#7806,.T.);
#7806 = EDGE_LOOP('',(#7807,#7815,#7821,#7822));
#7807 = ORIENTED_EDGE('',*,*,#7808,.T.);
#7808 = EDGE_CURVE('',#2465,#7809,#7811,.T.);
#7809 = VERTEX_POINT('',#7810);
#7810 = CARTESIAN_POINT('',(-37.2,4.324285714286,23.42));
#7811 = LINE('',#7812,#7813);
#7812 = CARTESIAN_POINT('',(-37.2,4.324285714286,24.42));
#7813 = VECTOR('',#7814,1.);
#7814 = DIRECTION('',(-0.,-0.,-1.));
#7815 = ORIENTED_EDGE('',*,*,#7816,.T.);
#7816 = EDGE_CURVE('',#7809,#7783,#7817,.T.);
#7817 = B_SPLINE_CURVE_WITH_KNOTS('',2,(#7818,#7819,#7820),
  .UNSPECIFIED.,.F.,.F.,(3,3),(0.,1.),.PIECEWISE_BEZIER_KNOTS.);
#7818 = CARTESIAN_POINT('',(-37.2,4.324285714286,23.42));
#7819 = CARTESIAN_POINT('',(-37.22142857142,3.374285714286,23.42));
#7820 = CARTESIAN_POINT('',(-37.90714285714,3.045714285714,23.42));
#7821 = ORIENTED_EDGE('',*,*,#7782,.F.);
#7822 = ORIENTED_EDGE('',*,*,#2472,.F.);
#7823 = SURFACE_OF_LINEAR_EXTRUSION('',#7824,#7828);
#7824 = B_SPLINE_CURVE_WITH_KNOTS('',2,(#7825,#7826,#7827),
  .UNSPECIFIED.,.F.,.F.,(3,3),(0.,1.),.PIECEWISE_BEZIER_KNOTS.);
#7825 = CARTESIAN_POINT('',(-37.2,4.324285714286,24.42));
#7826 = CARTESIAN_POINT('',(-37.22142857142,3.374285714286,24.42));
#7827 = CARTESIAN_POINT('',(-37.90714285714,3.045714285714,24.42));
#7828 = VECTOR('',#7829,1.);
#7829 = DIRECTION('',(0.,0.,1.));
#7830 = ADVANCED_FACE('',(#7831),#7849,.T.);
#7831 = FACE_BOUND('',#7832,.T.);
#7832 = EDGE_LOOP('',(#7833,#7841,#7847,#7848));
#7833 = ORIENTED_EDGE('',*,*,#7834,.T.);
#7834 = EDGE_CURVE('',#2457,#7835,#7837,.T.);
#7835 = VERTEX_POINT('',#7836);
#7836 = CARTESIAN_POINT('',(-37.2,4.76,23.42));
#7837 = LINE('',#7838,#7839);
#7838 = CARTESIAN_POINT('',(-37.2,4.76,24.42));
#7839 = VECTOR('',#7840,1.);
#7840 = DIRECTION('',(-0.,-0.,-1.));
#7841 = ORIENTED_EDGE('',*,*,#7842,.T.);
#7842 = EDGE_CURVE('',#7835,#7809,#7843,.T.);
#7843 = LINE('',#7844,#7845);
#7844 = CARTESIAN_POINT('',(-37.2,4.76,23.42));
#7845 = VECTOR('',#7846,1.);
#7846 = DIRECTION('',(-2.22044604925E-16,-1.,0.));
#7847 = ORIENTED_EDGE('',*,*,#7808,.F.);
#7848 = ORIENTED_EDGE('',*,*,#2464,.F.);
#7849 = PLANE('',#7850);
#7850 = AXIS2_PLACEMENT_3D('',#7851,#7852,#7853);
#7851 = CARTESIAN_POINT('',(-37.2,4.76,24.42));
#7852 = DIRECTION('',(-1.,2.22044604925E-16,0.));
#7853 = DIRECTION('',(-2.22044604925E-16,-1.,0.));
#7854 = ADVANCED_FACE('',(#7855),#7873,.T.);
#7855 = FACE_BOUND('',#7856,.T.);
#7856 = EDGE_LOOP('',(#7857,#7865,#7871,#7872));
#7857 = ORIENTED_EDGE('',*,*,#7858,.T.);
#7858 = EDGE_CURVE('',#2449,#7859,#7861,.T.);
#7859 = VERTEX_POINT('',#7860);
#7860 = CARTESIAN_POINT('',(-37.94285714285,4.76,23.42));
#7861 = LINE('',#7862,#7863);
#7862 = CARTESIAN_POINT('',(-37.94285714285,4.76,24.42));
#7863 = VECTOR('',#7864,1.);
#7864 = DIRECTION('',(-0.,-0.,-1.));
#7865 = ORIENTED_EDGE('',*,*,#7866,.T.);
#7866 = EDGE_CURVE('',#7859,#7835,#7867,.T.);
#7867 = LINE('',#7868,#7869);
#7868 = CARTESIAN_POINT('',(-37.94285714285,4.76,23.42));
#7869 = VECTOR('',#7870,1.);
#7870 = DIRECTION('',(1.,-2.22044604925E-16,0.));
#7871 = ORIENTED_EDGE('',*,*,#7834,.F.);
#7872 = ORIENTED_EDGE('',*,*,#2456,.F.);
#7873 = PLANE('',#7874);
#7874 = AXIS2_PLACEMENT_3D('',#7875,#7876,#7877);
#7875 = CARTESIAN_POINT('',(-37.94285714285,4.76,24.42));
#7876 = DIRECTION('',(-2.22044604925E-16,-1.,0.));
#7877 = DIRECTION('',(1.,-2.22044604925E-16,0.));
#7878 = ADVANCED_FACE('',(#7879),#7897,.T.);
#7879 = FACE_BOUND('',#7880,.T.);
#7880 = EDGE_LOOP('',(#7881,#7889,#7895,#7896));
#7881 = ORIENTED_EDGE('',*,*,#7882,.T.);
#7882 = EDGE_CURVE('',#2441,#7883,#7885,.T.);
#7883 = VERTEX_POINT('',#7884);
#7884 = CARTESIAN_POINT('',(-37.94285714285,4.417142857143,23.42));
#7885 = LINE('',#7886,#7887);
#7886 = CARTESIAN_POINT('',(-37.94285714285,4.417142857143,24.42));
#7887 = VECTOR('',#7888,1.);
#7888 = DIRECTION('',(-0.,-0.,-1.));
#7889 = ORIENTED_EDGE('',*,*,#7890,.T.);
#7890 = EDGE_CURVE('',#7883,#7859,#7891,.T.);
#7891 = LINE('',#7892,#7893);
#7892 = CARTESIAN_POINT('',(-37.94285714285,4.417142857143,23.42));
#7893 = VECTOR('',#7894,1.);
#7894 = DIRECTION('',(2.22044604925E-16,1.,0.));
#7895 = ORIENTED_EDGE('',*,*,#7858,.F.);
#7896 = ORIENTED_EDGE('',*,*,#2448,.F.);
#7897 = PLANE('',#7898);
#7898 = AXIS2_PLACEMENT_3D('',#7899,#7900,#7901);
#7899 = CARTESIAN_POINT('',(-37.94285714285,4.417142857143,24.42));
#7900 = DIRECTION('',(1.,-2.22044604925E-16,0.));
#7901 = DIRECTION('',(2.22044604925E-16,1.,0.));
#7902 = ADVANCED_FACE('',(#7903),#7921,.T.);
#7903 = FACE_BOUND('',#7904,.T.);
#7904 = EDGE_LOOP('',(#7905,#7913,#7919,#7920));
#7905 = ORIENTED_EDGE('',*,*,#7906,.T.);
#7906 = EDGE_CURVE('',#2433,#7907,#7909,.T.);
#7907 = VERTEX_POINT('',#7908);
#7908 = CARTESIAN_POINT('',(-37.95714285714,4.21,23.42));
#7909 = LINE('',#7910,#7911);
#7910 = CARTESIAN_POINT('',(-37.95714285714,4.21,24.42));
#7911 = VECTOR('',#7912,1.);
#7912 = DIRECTION('',(-0.,-0.,-1.));
#7913 = ORIENTED_EDGE('',*,*,#7914,.T.);
#7914 = EDGE_CURVE('',#7907,#7883,#7915,.T.);
#7915 = B_SPLINE_CURVE_WITH_KNOTS('',2,(#7916,#7917,#7918),
  .UNSPECIFIED.,.F.,.F.,(3,3),(0.,1.),.PIECEWISE_BEZIER_KNOTS.);
#7916 = CARTESIAN_POINT('',(-37.95714285714,4.21,23.42));
#7917 = CARTESIAN_POINT('',(-37.94285714285,4.31,23.42));
#7918 = CARTESIAN_POINT('',(-37.94285714285,4.417142857143,23.42));
#7919 = ORIENTED_EDGE('',*,*,#7882,.F.);
#7920 = ORIENTED_EDGE('',*,*,#2440,.F.);
#7921 = SURFACE_OF_LINEAR_EXTRUSION('',#7922,#7926);
#7922 = B_SPLINE_CURVE_WITH_KNOTS('',2,(#7923,#7924,#7925),
  .UNSPECIFIED.,.F.,.F.,(3,3),(0.,1.),.PIECEWISE_BEZIER_KNOTS.);
#7923 = CARTESIAN_POINT('',(-37.95714285714,4.21,24.42));
#7924 = CARTESIAN_POINT('',(-37.94285714285,4.31,24.42));
#7925 = CARTESIAN_POINT('',(-37.94285714285,4.417142857143,24.42));
#7926 = VECTOR('',#7927,1.);
#7927 = DIRECTION('',(0.,0.,1.));
#7928 = ADVANCED_FACE('',(#7929),#7947,.T.);
#7929 = FACE_BOUND('',#7930,.T.);
#7930 = EDGE_LOOP('',(#7931,#7939,#7945,#7946));
#7931 = ORIENTED_EDGE('',*,*,#7932,.T.);
#7932 = EDGE_CURVE('',#2425,#7933,#7935,.T.);
#7933 = VERTEX_POINT('',#7934);
#7934 = CARTESIAN_POINT('',(-38.66428571428,3.667142857143,23.42));
#7935 = LINE('',#7936,#7937);
#7936 = CARTESIAN_POINT('',(-38.66428571428,3.667142857143,24.42));
#7937 = VECTOR('',#7938,1.);
#7938 = DIRECTION('',(-0.,-0.,-1.));
#7939 = ORIENTED_EDGE('',*,*,#7940,.T.);
#7940 = EDGE_CURVE('',#7933,#7907,#7941,.T.);
#7941 = B_SPLINE_CURVE_WITH_KNOTS('',2,(#7942,#7943,#7944),
  .UNSPECIFIED.,.F.,.F.,(3,3),(0.,1.),.PIECEWISE_BEZIER_KNOTS.);
#7942 = CARTESIAN_POINT('',(-38.66428571428,3.667142857143,23.42));
#7943 = CARTESIAN_POINT('',(-38.06428571428,3.667142857143,23.42));
#7944 = CARTESIAN_POINT('',(-37.95714285714,4.21,23.42));
#7945 = ORIENTED_EDGE('',*,*,#7906,.F.);
#7946 = ORIENTED_EDGE('',*,*,#2432,.F.);
#7947 = SURFACE_OF_LINEAR_EXTRUSION('',#7948,#7952);
#7948 = B_SPLINE_CURVE_WITH_KNOTS('',2,(#7949,#7950,#7951),
  .UNSPECIFIED.,.F.,.F.,(3,3),(0.,1.),.PIECEWISE_BEZIER_KNOTS.);
#7949 = CARTESIAN_POINT('',(-38.66428571428,3.667142857143,24.42));
#7950 = CARTESIAN_POINT('',(-38.06428571428,3.667142857143,24.42));
#7951 = CARTESIAN_POINT('',(-37.95714285714,4.21,24.42));
#7952 = VECTOR('',#7953,1.);
#7953 = DIRECTION('',(0.,0.,1.));
#7954 = ADVANCED_FACE('',(#7955),#7973,.T.);
#7955 = FACE_BOUND('',#7956,.T.);
#7956 = EDGE_LOOP('',(#7957,#7965,#7971,#7972));
#7957 = ORIENTED_EDGE('',*,*,#7958,.T.);
#7958 = EDGE_CURVE('',#2417,#7959,#7961,.T.);
#7959 = VERTEX_POINT('',#7960);
#7960 = CARTESIAN_POINT('',(-38.78571428571,3.674285714286,23.42));
#7961 = LINE('',#7962,#7963);
#7962 = CARTESIAN_POINT('',(-38.78571428571,3.674285714286,24.42));
#7963 = VECTOR('',#7964,1.);
#7964 = DIRECTION('',(-0.,-0.,-1.));
#7965 = ORIENTED_EDGE('',*,*,#7966,.T.);
#7966 = EDGE_CURVE('',#7959,#7933,#7967,.T.);
#7967 = B_SPLINE_CURVE_WITH_KNOTS('',2,(#7968,#7969,#7970),
  .UNSPECIFIED.,.F.,.F.,(3,3),(0.,1.),.PIECEWISE_BEZIER_KNOTS.);
#7968 = CARTESIAN_POINT('',(-38.78571428571,3.674285714286,23.42));
#7969 = CARTESIAN_POINT('',(-38.72142857142,3.667142857143,23.42));
#7970 = CARTESIAN_POINT('',(-38.66428571428,3.667142857143,23.42));
#7971 = ORIENTED_EDGE('',*,*,#7932,.F.);
#7972 = ORIENTED_EDGE('',*,*,#2424,.F.);
#7973 = SURFACE_OF_LINEAR_EXTRUSION('',#7974,#7978);
#7974 = B_SPLINE_CURVE_WITH_KNOTS('',2,(#7975,#7976,#7977),
  .UNSPECIFIED.,.F.,.F.,(3,3),(0.,1.),.PIECEWISE_BEZIER_KNOTS.);
#7975 = CARTESIAN_POINT('',(-38.78571428571,3.674285714286,24.42));
#7976 = CARTESIAN_POINT('',(-38.72142857142,3.667142857143,24.42));
#7977 = CARTESIAN_POINT('',(-38.66428571428,3.667142857143,24.42));
#7978 = VECTOR('',#7979,1.);
#7979 = DIRECTION('',(0.,0.,1.));
#7980 = ADVANCED_FACE('',(#7981),#7999,.T.);
#7981 = FACE_BOUND('',#7982,.T.);
#7982 = EDGE_LOOP('',(#7983,#7991,#7997,#7998));
#7983 = ORIENTED_EDGE('',*,*,#7984,.T.);
#7984 = EDGE_CURVE('',#2409,#7985,#7987,.T.);
#7985 = VERTEX_POINT('',#7986);
#7986 = CARTESIAN_POINT('',(-39.37857142857,4.36,23.42));
#7987 = LINE('',#7988,#7989);
#7988 = CARTESIAN_POINT('',(-39.37857142857,4.36,24.42));
#7989 = VECTOR('',#7990,1.);
#7990 = DIRECTION('',(-0.,-0.,-1.));
#7991 = ORIENTED_EDGE('',*,*,#7992,.T.);
#7992 = EDGE_CURVE('',#7985,#7959,#7993,.T.);
#7993 = B_SPLINE_CURVE_WITH_KNOTS('',2,(#7994,#7995,#7996),
  .UNSPECIFIED.,.F.,.F.,(3,3),(0.,1.),.PIECEWISE_BEZIER_KNOTS.);
#7994 = CARTESIAN_POINT('',(-39.37857142857,4.36,23.42));
#7995 = CARTESIAN_POINT('',(-39.37857142857,3.738571428571,23.42));
#7996 = CARTESIAN_POINT('',(-38.78571428571,3.674285714286,23.42));
#7997 = ORIENTED_EDGE('',*,*,#7958,.F.);
#7998 = ORIENTED_EDGE('',*,*,#2416,.F.);
#7999 = SURFACE_OF_LINEAR_EXTRUSION('',#8000,#8004);
#8000 = B_SPLINE_CURVE_WITH_KNOTS('',2,(#8001,#8002,#8003),
  .UNSPECIFIED.,.F.,.F.,(3,3),(0.,1.),.PIECEWISE_BEZIER_KNOTS.);
#8001 = CARTESIAN_POINT('',(-39.37857142857,4.36,24.42));
#8002 = CARTESIAN_POINT('',(-39.37857142857,3.738571428571,24.42));
#8003 = CARTESIAN_POINT('',(-38.78571428571,3.674285714286,24.42));
#8004 = VECTOR('',#8005,1.);
#8005 = DIRECTION('',(0.,0.,1.));
#8006 = ADVANCED_FACE('',(#8007),#8025,.T.);
#8007 = FACE_BOUND('',#8008,.T.);
#8008 = EDGE_LOOP('',(#8009,#8017,#8023,#8024));
#8009 = ORIENTED_EDGE('',*,*,#8010,.T.);
#8010 = EDGE_CURVE('',#2401,#8011,#8013,.T.);
#8011 = VERTEX_POINT('',#8012);
#8012 = CARTESIAN_POINT('',(-39.37857142857,4.76,23.42));
#8013 = LINE('',#8014,#8015);
#8014 = CARTESIAN_POINT('',(-39.37857142857,4.76,24.42));
#8015 = VECTOR('',#8016,1.);
#8016 = DIRECTION('',(-0.,-0.,-1.));
#8017 = ORIENTED_EDGE('',*,*,#8018,.T.);
#8018 = EDGE_CURVE('',#8011,#7985,#8019,.T.);
#8019 = LINE('',#8020,#8021);
#8020 = CARTESIAN_POINT('',(-39.37857142857,4.76,23.42));
#8021 = VECTOR('',#8022,1.);
#8022 = DIRECTION('',(-2.22044604925E-16,-1.,0.));
#8023 = ORIENTED_EDGE('',*,*,#7984,.F.);
#8024 = ORIENTED_EDGE('',*,*,#2408,.F.);
#8025 = PLANE('',#8026);
#8026 = AXIS2_PLACEMENT_3D('',#8027,#8028,#8029);
#8027 = CARTESIAN_POINT('',(-39.37857142857,4.76,24.42));
#8028 = DIRECTION('',(-1.,2.22044604925E-16,0.));
#8029 = DIRECTION('',(-2.22044604925E-16,-1.,0.));
#8030 = ADVANCED_FACE('',(#8031),#8042,.T.);
#8031 = FACE_BOUND('',#8032,.T.);
#8032 = EDGE_LOOP('',(#8033,#8034,#8040,#8041));
#8033 = ORIENTED_EDGE('',*,*,#7565,.T.);
#8034 = ORIENTED_EDGE('',*,*,#8035,.T.);
#8035 = EDGE_CURVE('',#7558,#8011,#8036,.T.);
#8036 = LINE('',#8037,#8038);
#8037 = CARTESIAN_POINT('',(-40.09285714285,4.76,23.42));
#8038 = VECTOR('',#8039,1.);
#8039 = DIRECTION('',(1.,-2.22044604925E-16,0.));
#8040 = ORIENTED_EDGE('',*,*,#8010,.F.);
#8041 = ORIENTED_EDGE('',*,*,#2400,.F.);
#8042 = PLANE('',#8043);
#8043 = AXIS2_PLACEMENT_3D('',#8044,#8045,#8046);
#8044 = CARTESIAN_POINT('',(-40.09285714285,4.76,24.42));
#8045 = DIRECTION('',(-2.22044604925E-16,-1.,0.));
#8046 = DIRECTION('',(1.,-2.22044604925E-16,0.));
#8047 = ADVANCED_FACE('',(#8048),#8073,.T.);
#8048 = FACE_BOUND('',#8049,.T.);
#8049 = EDGE_LOOP('',(#8050,#8058,#8066,#8072));
#8050 = ORIENTED_EDGE('',*,*,#8051,.T.);
#8051 = EDGE_CURVE('',#2553,#8052,#8054,.T.);
#8052 = VERTEX_POINT('',#8053);
#8053 = CARTESIAN_POINT('',(-42.2,5.124285714286,23.42));
#8054 = LINE('',#8055,#8056);
#8055 = CARTESIAN_POINT('',(-42.2,5.124285714286,24.42));
#8056 = VECTOR('',#8057,1.);
#8057 = DIRECTION('',(-0.,-0.,-1.));
#8058 = ORIENTED_EDGE('',*,*,#8059,.T.);
#8059 = EDGE_CURVE('',#8052,#8060,#8062,.T.);
#8060 = VERTEX_POINT('',#8061);
#8061 = CARTESIAN_POINT('',(-42.2,5.924285714286,23.42));
#8062 = LINE('',#8063,#8064);
#8063 = CARTESIAN_POINT('',(-42.2,5.124285714286,23.42));
#8064 = VECTOR('',#8065,1.);
#8065 = DIRECTION('',(2.22044604925E-16,1.,0.));
#8066 = ORIENTED_EDGE('',*,*,#8067,.F.);
#8067 = EDGE_CURVE('',#2555,#8060,#8068,.T.);
#8068 = LINE('',#8069,#8070);
#8069 = CARTESIAN_POINT('',(-42.2,5.924285714286,24.42));
#8070 = VECTOR('',#8071,1.);
#8071 = DIRECTION('',(-0.,-0.,-1.));
#8072 = ORIENTED_EDGE('',*,*,#2552,.F.);
#8073 = PLANE('',#8074);
#8074 = AXIS2_PLACEMENT_3D('',#8075,#8076,#8077);
#8075 = CARTESIAN_POINT('',(-42.2,5.124285714286,24.42));
#8076 = DIRECTION('',(1.,-2.22044604925E-16,0.));
#8077 = DIRECTION('',(2.22044604925E-16,1.,0.));
#8078 = ADVANCED_FACE('',(#8079),#8097,.T.);
#8079 = FACE_BOUND('',#8080,.T.);
#8080 = EDGE_LOOP('',(#8081,#8089,#8095,#8096));
#8081 = ORIENTED_EDGE('',*,*,#8082,.T.);
#8082 = EDGE_CURVE('',#2571,#8083,#8085,.T.);
#8083 = VERTEX_POINT('',#8084);
#8084 = CARTESIAN_POINT('',(-37.2,5.124285714286,23.42));
#8085 = LINE('',#8086,#8087);
#8086 = CARTESIAN_POINT('',(-37.2,5.124285714286,24.42));
#8087 = VECTOR('',#8088,1.);
#8088 = DIRECTION('',(-0.,-0.,-1.));
#8089 = ORIENTED_EDGE('',*,*,#8090,.T.);
#8090 = EDGE_CURVE('',#8083,#8052,#8091,.T.);
#8091 = LINE('',#8092,#8093);
#8092 = CARTESIAN_POINT('',(-37.2,5.124285714286,23.42));
#8093 = VECTOR('',#8094,1.);
#8094 = DIRECTION('',(-1.,2.22044604925E-16,0.));
#8095 = ORIENTED_EDGE('',*,*,#8051,.F.);
#8096 = ORIENTED_EDGE('',*,*,#2578,.F.);
#8097 = PLANE('',#8098);
#8098 = AXIS2_PLACEMENT_3D('',#8099,#8100,#8101);
#8099 = CARTESIAN_POINT('',(-37.2,5.124285714286,24.42));
#8100 = DIRECTION('',(2.22044604925E-16,1.,0.));
#8101 = DIRECTION('',(-1.,2.22044604925E-16,0.));
#8102 = ADVANCED_FACE('',(#8103),#8121,.T.);
#8103 = FACE_BOUND('',#8104,.T.);
#8104 = EDGE_LOOP('',(#8105,#8113,#8119,#8120));
#8105 = ORIENTED_EDGE('',*,*,#8106,.T.);
#8106 = EDGE_CURVE('',#2563,#8107,#8109,.T.);
#8107 = VERTEX_POINT('',#8108);
#8108 = CARTESIAN_POINT('',(-37.2,5.924285714286,23.42));
#8109 = LINE('',#8110,#8111);
#8110 = CARTESIAN_POINT('',(-37.2,5.924285714286,24.42));
#8111 = VECTOR('',#8112,1.);
#8112 = DIRECTION('',(-0.,-0.,-1.));
#8113 = ORIENTED_EDGE('',*,*,#8114,.T.);
#8114 = EDGE_CURVE('',#8107,#8083,#8115,.T.);
#8115 = LINE('',#8116,#8117);
#8116 = CARTESIAN_POINT('',(-37.2,5.924285714286,23.42));
#8117 = VECTOR('',#8118,1.);
#8118 = DIRECTION('',(-2.22044604925E-16,-1.,0.));
#8119 = ORIENTED_EDGE('',*,*,#8082,.F.);
#8120 = ORIENTED_EDGE('',*,*,#2570,.F.);
#8121 = PLANE('',#8122);
#8122 = AXIS2_PLACEMENT_3D('',#8123,#8124,#8125);
#8123 = CARTESIAN_POINT('',(-37.2,5.924285714286,24.42));
#8124 = DIRECTION('',(-1.,2.22044604925E-16,0.));
#8125 = DIRECTION('',(-2.22044604925E-16,-1.,0.));
#8126 = ADVANCED_FACE('',(#8127),#8138,.T.);
#8127 = FACE_BOUND('',#8128,.T.);
#8128 = EDGE_LOOP('',(#8129,#8130,#8136,#8137));
#8129 = ORIENTED_EDGE('',*,*,#8067,.T.);
#8130 = ORIENTED_EDGE('',*,*,#8131,.T.);
#8131 = EDGE_CURVE('',#8060,#8107,#8132,.T.);
#8132 = LINE('',#8133,#8134);
#8133 = CARTESIAN_POINT('',(-42.2,5.924285714286,23.42));
#8134 = VECTOR('',#8135,1.);
#8135 = DIRECTION('',(1.,-2.22044604925E-16,0.));
#8136 = ORIENTED_EDGE('',*,*,#8106,.F.);
#8137 = ORIENTED_EDGE('',*,*,#2562,.F.);
#8138 = PLANE('',#8139);
#8139 = AXIS2_PLACEMENT_3D('',#8140,#8141,#8142);
#8140 = CARTESIAN_POINT('',(-42.2,5.924285714286,24.42));
#8141 = DIRECTION('',(-2.22044604925E-16,-1.,0.));
#8142 = DIRECTION('',(1.,-2.22044604925E-16,0.));
#8143 = ADVANCED_FACE('',(#8144),#8169,.T.);
#8144 = FACE_BOUND('',#8145,.T.);
#8145 = EDGE_LOOP('',(#8146,#8154,#8162,#8168));
#8146 = ORIENTED_EDGE('',*,*,#8147,.T.);
#8147 = EDGE_CURVE('',#2587,#8148,#8150,.T.);
#8148 = VERTEX_POINT('',#8149);
#8149 = CARTESIAN_POINT('',(-42.02142857142,7.201428571429,23.42));
#8150 = LINE('',#8151,#8152);
#8151 = CARTESIAN_POINT('',(-42.02142857142,7.201428571429,24.42));
#8152 = VECTOR('',#8153,1.);
#8153 = DIRECTION('',(-0.,-0.,-1.));
#8154 = ORIENTED_EDGE('',*,*,#8155,.T.);
#8155 = EDGE_CURVE('',#8148,#8156,#8158,.T.);
#8156 = VERTEX_POINT('',#8157);
#8157 = CARTESIAN_POINT('',(-42.23571428571,7.901428571429,23.42));
#8158 = B_SPLINE_CURVE_WITH_KNOTS('',2,(#8159,#8160,#8161),
  .UNSPECIFIED.,.F.,.F.,(3,3),(0.,1.),.PIECEWISE_BEZIER_KNOTS.);
#8159 = CARTESIAN_POINT('',(-42.02142857142,7.201428571429,23.42));
#8160 = CARTESIAN_POINT('',(-42.23571428571,7.572857142857,23.42));
#8161 = CARTESIAN_POINT('',(-42.23571428571,7.901428571429,23.42));
#8162 = ORIENTED_EDGE('',*,*,#8163,.F.);
#8163 = EDGE_CURVE('',#2589,#8156,#8164,.T.);
#8164 = LINE('',#8165,#8166);
#8165 = CARTESIAN_POINT('',(-42.23571428571,7.901428571429,24.42));
#8166 = VECTOR('',#8167,1.);
#8167 = DIRECTION('',(-0.,-0.,-1.));
#8168 = ORIENTED_EDGE('',*,*,#2586,.F.);
#8169 = SURFACE_OF_LINEAR_EXTRUSION('',#8170,#8174);
#8170 = B_SPLINE_CURVE_WITH_KNOTS('',2,(#8171,#8172,#8173),
  .UNSPECIFIED.,.F.,.F.,(3,3),(0.,1.),.PIECEWISE_BEZIER_KNOTS.);
#8171 = CARTESIAN_POINT('',(-42.02142857142,7.201428571429,24.42));
#8172 = CARTESIAN_POINT('',(-42.23571428571,7.572857142857,24.42));
#8173 = CARTESIAN_POINT('',(-42.23571428571,7.901428571429,24.42));
#8174 = VECTOR('',#8175,1.);
#8175 = DIRECTION('',(0.,0.,1.));
#8176 = ADVANCED_FACE('',(#8177),#8195,.T.);
#8177 = FACE_BOUND('',#8178,.T.);
#8178 = EDGE_LOOP('',(#8179,#8187,#8193,#8194));
#8179 = ORIENTED_EDGE('',*,*,#8180,.T.);
#8180 = EDGE_CURVE('',#2669,#8181,#8183,.T.);
#8181 = VERTEX_POINT('',#8182);
#8182 = CARTESIAN_POINT('',(-40.80714285714,6.494285714286,23.42));
#8183 = LINE('',#8184,#8185);
#8184 = CARTESIAN_POINT('',(-40.80714285714,6.494285714286,24.42));
#8185 = VECTOR('',#8186,1.);
#8186 = DIRECTION('',(-0.,-0.,-1.));
#8187 = ORIENTED_EDGE('',*,*,#8188,.T.);
#8188 = EDGE_CURVE('',#8181,#8148,#8189,.T.);
#8189 = B_SPLINE_CURVE_WITH_KNOTS('',2,(#8190,#8191,#8192),
  .UNSPECIFIED.,.F.,.F.,(3,3),(0.,1.),.PIECEWISE_BEZIER_KNOTS.);
#8190 = CARTESIAN_POINT('',(-40.80714285714,6.494285714286,23.42));
#8191 = CARTESIAN_POINT('',(-41.6,6.494285714286,23.42));
#8192 = CARTESIAN_POINT('',(-42.02142857142,7.201428571429,23.42));
#8193 = ORIENTED_EDGE('',*,*,#8147,.F.);
#8194 = ORIENTED_EDGE('',*,*,#2676,.F.);
#8195 = SURFACE_OF_LINEAR_EXTRUSION('',#8196,#8200);
#8196 = B_SPLINE_CURVE_WITH_KNOTS('',2,(#8197,#8198,#8199),
  .UNSPECIFIED.,.F.,.F.,(3,3),(0.,1.),.PIECEWISE_BEZIER_KNOTS.);
#8197 = CARTESIAN_POINT('',(-40.80714285714,6.494285714286,24.42));
#8198 = CARTESIAN_POINT('',(-41.6,6.494285714286,24.42));
#8199 = CARTESIAN_POINT('',(-42.02142857142,7.201428571429,24.42));
#8200 = VECTOR('',#8201,1.);
#8201 = DIRECTION('',(0.,0.,1.));
#8202 = ADVANCED_FACE('',(#8203),#8221,.T.);
#8203 = FACE_BOUND('',#8204,.T.);
#8204 = EDGE_LOOP('',(#8205,#8213,#8219,#8220));
#8205 = ORIENTED_EDGE('',*,*,#8206,.T.);
#8206 = EDGE_CURVE('',#2661,#8207,#8209,.T.);
#8207 = VERTEX_POINT('',#8208);
#8208 = CARTESIAN_POINT('',(-38.45714285714,6.494285714286,23.42));
#8209 = LINE('',#8210,#8211);
#8210 = CARTESIAN_POINT('',(-38.45714285714,6.494285714286,24.42));
#8211 = VECTOR('',#8212,1.);
#8212 = DIRECTION('',(-0.,-0.,-1.));
#8213 = ORIENTED_EDGE('',*,*,#8214,.T.);
#8214 = EDGE_CURVE('',#8207,#8181,#8215,.T.);
#8215 = LINE('',#8216,#8217);
#8216 = CARTESIAN_POINT('',(-38.45714285714,6.494285714286,23.42));
#8217 = VECTOR('',#8218,1.);
#8218 = DIRECTION('',(-1.,2.22044604925E-16,0.));
#8219 = ORIENTED_EDGE('',*,*,#8180,.F.);
#8220 = ORIENTED_EDGE('',*,*,#2668,.F.);
#8221 = PLANE('',#8222);
#8222 = AXIS2_PLACEMENT_3D('',#8223,#8224,#8225);
#8223 = CARTESIAN_POINT('',(-38.45714285714,6.494285714286,24.42));
#8224 = DIRECTION('',(2.22044604925E-16,1.,0.));
#8225 = DIRECTION('',(-1.,2.22044604925E-16,0.));
#8226 = ADVANCED_FACE('',(#8227),#8245,.T.);
#8227 = FACE_BOUND('',#8228,.T.);
#8228 = EDGE_LOOP('',(#8229,#8237,#8243,#8244));
#8229 = ORIENTED_EDGE('',*,*,#8230,.T.);
#8230 = EDGE_CURVE('',#2653,#8231,#8233,.T.);
#8231 = VERTEX_POINT('',#8232);
#8232 = CARTESIAN_POINT('',(-37.78571428571,6.744285714286,23.42));
#8233 = LINE('',#8234,#8235);
#8234 = CARTESIAN_POINT('',(-37.78571428571,6.744285714286,24.42));
#8235 = VECTOR('',#8236,1.);
#8236 = DIRECTION('',(-0.,-0.,-1.));
#8237 = ORIENTED_EDGE('',*,*,#8238,.T.);
#8238 = EDGE_CURVE('',#8231,#8207,#8239,.T.);
#8239 = B_SPLINE_CURVE_WITH_KNOTS('',2,(#8240,#8241,#8242),
  .UNSPECIFIED.,.F.,.F.,(3,3),(0.,1.),.PIECEWISE_BEZIER_KNOTS.);
#8240 = CARTESIAN_POINT('',(-37.78571428571,6.744285714286,23.42));
#8241 = CARTESIAN_POINT('',(-38.14285714285,6.494285714286,23.42));
#8242 = CARTESIAN_POINT('',(-38.45714285714,6.494285714286,23.42));
#8243 = ORIENTED_EDGE('',*,*,#8206,.F.);
#8244 = ORIENTED_EDGE('',*,*,#2660,.F.);
#8245 = SURFACE_OF_LINEAR_EXTRUSION('',#8246,#8250);
#8246 = B_SPLINE_CURVE_WITH_KNOTS('',2,(#8247,#8248,#8249),
  .UNSPECIFIED.,.F.,.F.,(3,3),(0.,1.),.PIECEWISE_BEZIER_KNOTS.);
#8247 = CARTESIAN_POINT('',(-37.78571428571,6.744285714286,24.42));
#8248 = CARTESIAN_POINT('',(-38.14285714285,6.494285714286,24.42));
#8249 = CARTESIAN_POINT('',(-38.45714285714,6.494285714286,24.42));
#8250 = VECTOR('',#8251,1.);
#8251 = DIRECTION('',(0.,0.,1.));
#8252 = ADVANCED_FACE('',(#8253),#8271,.T.);
#8253 = FACE_BOUND('',#8254,.T.);
#8254 = EDGE_LOOP('',(#8255,#8263,#8269,#8270));
#8255 = ORIENTED_EDGE('',*,*,#8256,.T.);
#8256 = EDGE_CURVE('',#2645,#8257,#8259,.T.);
#8257 = VERTEX_POINT('',#8258);
#8258 = CARTESIAN_POINT('',(-37.16428571428,7.901428571429,23.42));
#8259 = LINE('',#8260,#8261);
#8260 = CARTESIAN_POINT('',(-37.16428571428,7.901428571429,24.42));
#8261 = VECTOR('',#8262,1.);
#8262 = DIRECTION('',(-0.,-0.,-1.));
#8263 = ORIENTED_EDGE('',*,*,#8264,.T.);
#8264 = EDGE_CURVE('',#8257,#8231,#8265,.T.);
#8265 = B_SPLINE_CURVE_WITH_KNOTS('',2,(#8266,#8267,#8268),
  .UNSPECIFIED.,.F.,.F.,(3,3),(0.,1.),.PIECEWISE_BEZIER_KNOTS.);
#8266 = CARTESIAN_POINT('',(-37.16428571428,7.901428571429,23.42));
#8267 = CARTESIAN_POINT('',(-37.16428571428,7.18,23.42));
#8268 = CARTESIAN_POINT('',(-37.78571428571,6.744285714286,23.42));
#8269 = ORIENTED_EDGE('',*,*,#8230,.F.);
#8270 = ORIENTED_EDGE('',*,*,#2652,.F.);
#8271 = SURFACE_OF_LINEAR_EXTRUSION('',#8272,#8276);
#8272 = B_SPLINE_CURVE_WITH_KNOTS('',2,(#8273,#8274,#8275),
  .UNSPECIFIED.,.F.,.F.,(3,3),(0.,1.),.PIECEWISE_BEZIER_KNOTS.);
#8273 = CARTESIAN_POINT('',(-37.16428571428,7.901428571429,24.42));
#8274 = CARTESIAN_POINT('',(-37.16428571428,7.18,24.42));
#8275 = CARTESIAN_POINT('',(-37.78571428571,6.744285714286,24.42));
#8276 = VECTOR('',#8277,1.);
#8277 = DIRECTION('',(0.,0.,1.));
#8278 = ADVANCED_FACE('',(#8279),#8297,.T.);
#8279 = FACE_BOUND('',#8280,.T.);
#8280 = EDGE_LOOP('',(#8281,#8289,#8295,#8296));
#8281 = ORIENTED_EDGE('',*,*,#8282,.T.);
#8282 = EDGE_CURVE('',#2637,#8283,#8285,.T.);
#8283 = VERTEX_POINT('',#8284);
#8284 = CARTESIAN_POINT('',(-37.95714285714,7.901428571429,23.42));
#8285 = LINE('',#8286,#8287);
#8286 = CARTESIAN_POINT('',(-37.95714285714,7.901428571429,24.42));
#8287 = VECTOR('',#8288,1.);
#8288 = DIRECTION('',(-0.,-0.,-1.));
#8289 = ORIENTED_EDGE('',*,*,#8290,.T.);
#8290 = EDGE_CURVE('',#8283,#8257,#8291,.T.);
#8291 = LINE('',#8292,#8293);
#8292 = CARTESIAN_POINT('',(-37.95714285714,7.901428571429,23.42));
#8293 = VECTOR('',#8294,1.);
#8294 = DIRECTION('',(1.,-2.22044604925E-16,0.));
#8295 = ORIENTED_EDGE('',*,*,#8256,.F.);
#8296 = ORIENTED_EDGE('',*,*,#2644,.F.);
#8297 = PLANE('',#8298);
#8298 = AXIS2_PLACEMENT_3D('',#8299,#8300,#8301);
#8299 = CARTESIAN_POINT('',(-37.95714285714,7.901428571429,24.42));
#8300 = DIRECTION('',(-2.22044604925E-16,-1.,0.));
#8301 = DIRECTION('',(1.,-2.22044604925E-16,0.));
#8302 = ADVANCED_FACE('',(#8303),#8321,.T.);
#8303 = FACE_BOUND('',#8304,.T.);
#8304 = EDGE_LOOP('',(#8305,#8313,#8319,#8320));
#8305 = ORIENTED_EDGE('',*,*,#8306,.T.);
#8306 = EDGE_CURVE('',#2629,#8307,#8309,.T.);
#8307 = VERTEX_POINT('',#8308);
#8308 = CARTESIAN_POINT('',(-38.15714285714,7.48,23.42));
#8309 = LINE('',#8310,#8311);
#8310 = CARTESIAN_POINT('',(-38.15714285714,7.48,24.42));
#8311 = VECTOR('',#8312,1.);
#8312 = DIRECTION('',(-0.,-0.,-1.));
#8313 = ORIENTED_EDGE('',*,*,#8314,.T.);
#8314 = EDGE_CURVE('',#8307,#8283,#8315,.T.);
#8315 = B_SPLINE_CURVE_WITH_KNOTS('',2,(#8316,#8317,#8318),
  .UNSPECIFIED.,.F.,.F.,(3,3),(0.,1.),.PIECEWISE_BEZIER_KNOTS.);
#8316 = CARTESIAN_POINT('',(-38.15714285714,7.48,23.42));
#8317 = CARTESIAN_POINT('',(-37.96428571428,7.658571428571,23.42));
#8318 = CARTESIAN_POINT('',(-37.95714285714,7.901428571429,23.42));
#8319 = ORIENTED_EDGE('',*,*,#8282,.F.);
#8320 = ORIENTED_EDGE('',*,*,#2636,.F.);
#8321 = SURFACE_OF_LINEAR_EXTRUSION('',#8322,#8326);
#8322 = B_SPLINE_CURVE_WITH_KNOTS('',2,(#8323,#8324,#8325),
  .UNSPECIFIED.,.F.,.F.,(3,3),(0.,1.),.PIECEWISE_BEZIER_KNOTS.);
#8323 = CARTESIAN_POINT('',(-38.15714285714,7.48,24.42));
#8324 = CARTESIAN_POINT('',(-37.96428571428,7.658571428571,24.42));
#8325 = CARTESIAN_POINT('',(-37.95714285714,7.901428571429,24.42));
#8326 = VECTOR('',#8327,1.);
#8327 = DIRECTION('',(0.,0.,1.));
#8328 = ADVANCED_FACE('',(#8329),#8347,.T.);
#8329 = FACE_BOUND('',#8330,.T.);
#8330 = EDGE_LOOP('',(#8331,#8339,#8345,#8346));
#8331 = ORIENTED_EDGE('',*,*,#8332,.T.);
#8332 = EDGE_CURVE('',#2621,#8333,#8335,.T.);
#8333 = VERTEX_POINT('',#8334);
#8334 = CARTESIAN_POINT('',(-38.57142857142,7.294285714286,23.42));
#8335 = LINE('',#8336,#8337);
#8336 = CARTESIAN_POINT('',(-38.57142857142,7.294285714286,24.42));
#8337 = VECTOR('',#8338,1.);
#8338 = DIRECTION('',(-0.,-0.,-1.));
#8339 = ORIENTED_EDGE('',*,*,#8340,.T.);
#8340 = EDGE_CURVE('',#8333,#8307,#8341,.T.);
#8341 = B_SPLINE_CURVE_WITH_KNOTS('',2,(#8342,#8343,#8344),
  .UNSPECIFIED.,.F.,.F.,(3,3),(0.,1.),.PIECEWISE_BEZIER_KNOTS.);
#8342 = CARTESIAN_POINT('',(-38.57142857142,7.294285714286,23.42));
#8343 = CARTESIAN_POINT('',(-38.35714285714,7.294285714286,23.42));
#8344 = CARTESIAN_POINT('',(-38.15714285714,7.48,23.42));
#8345 = ORIENTED_EDGE('',*,*,#8306,.F.);
#8346 = ORIENTED_EDGE('',*,*,#2628,.F.);
#8347 = SURFACE_OF_LINEAR_EXTRUSION('',#8348,#8352);
#8348 = B_SPLINE_CURVE_WITH_KNOTS('',2,(#8349,#8350,#8351),
  .UNSPECIFIED.,.F.,.F.,(3,3),(0.,1.),.PIECEWISE_BEZIER_KNOTS.);
#8349 = CARTESIAN_POINT('',(-38.57142857142,7.294285714286,24.42));
#8350 = CARTESIAN_POINT('',(-38.35714285714,7.294285714286,24.42));
#8351 = CARTESIAN_POINT('',(-38.15714285714,7.48,24.42));
#8352 = VECTOR('',#8353,1.);
#8353 = DIRECTION('',(0.,0.,1.));
#8354 = ADVANCED_FACE('',(#8355),#8373,.T.);
#8355 = FACE_BOUND('',#8356,.T.);
#8356 = EDGE_LOOP('',(#8357,#8365,#8371,#8372));
#8357 = ORIENTED_EDGE('',*,*,#8358,.T.);
#8358 = EDGE_CURVE('',#2613,#8359,#8361,.T.);
#8359 = VERTEX_POINT('',#8360);
#8360 = CARTESIAN_POINT('',(-40.80714285714,7.294285714286,23.42));
#8361 = LINE('',#8362,#8363);
#8362 = CARTESIAN_POINT('',(-40.80714285714,7.294285714286,24.42));
#8363 = VECTOR('',#8364,1.);
#8364 = DIRECTION('',(-0.,-0.,-1.));
#8365 = ORIENTED_EDGE('',*,*,#8366,.T.);
#8366 = EDGE_CURVE('',#8359,#8333,#8367,.T.);
#8367 = LINE('',#8368,#8369);
#8368 = CARTESIAN_POINT('',(-40.80714285714,7.294285714286,23.42));
#8369 = VECTOR('',#8370,1.);
#8370 = DIRECTION('',(1.,-2.22044604925E-16,0.));
#8371 = ORIENTED_EDGE('',*,*,#8332,.F.);
#8372 = ORIENTED_EDGE('',*,*,#2620,.F.);
#8373 = PLANE('',#8374);
#8374 = AXIS2_PLACEMENT_3D('',#8375,#8376,#8377);
#8375 = CARTESIAN_POINT('',(-40.80714285714,7.294285714286,24.42));
#8376 = DIRECTION('',(-2.22044604925E-16,-1.,0.));
#8377 = DIRECTION('',(1.,-2.22044604925E-16,0.));
#8378 = ADVANCED_FACE('',(#8379),#8397,.T.);
#8379 = FACE_BOUND('',#8380,.T.);
#8380 = EDGE_LOOP('',(#8381,#8389,#8395,#8396));
#8381 = ORIENTED_EDGE('',*,*,#8382,.T.);
#8382 = EDGE_CURVE('',#2605,#8383,#8385,.T.);
#8383 = VERTEX_POINT('',#8384);
#8384 = CARTESIAN_POINT('',(-41.26428571428,7.515714285714,23.42));
#8385 = LINE('',#8386,#8387);
#8386 = CARTESIAN_POINT('',(-41.26428571428,7.515714285714,24.42));
#8387 = VECTOR('',#8388,1.);
#8388 = DIRECTION('',(-0.,-0.,-1.));
#8389 = ORIENTED_EDGE('',*,*,#8390,.T.);
#8390 = EDGE_CURVE('',#8383,#8359,#8391,.T.);
#8391 = B_SPLINE_CURVE_WITH_KNOTS('',2,(#8392,#8393,#8394),
  .UNSPECIFIED.,.F.,.F.,(3,3),(0.,1.),.PIECEWISE_BEZIER_KNOTS.);
#8392 = CARTESIAN_POINT('',(-41.26428571428,7.515714285714,23.42));
#8393 = CARTESIAN_POINT('',(-41.07142857142,7.301428571429,23.42));
#8394 = CARTESIAN_POINT('',(-40.80714285714,7.294285714286,23.42));
#8395 = ORIENTED_EDGE('',*,*,#8358,.F.);
#8396 = ORIENTED_EDGE('',*,*,#2612,.F.);
#8397 = SURFACE_OF_LINEAR_EXTRUSION('',#8398,#8402);
#8398 = B_SPLINE_CURVE_WITH_KNOTS('',2,(#8399,#8400,#8401),
  .UNSPECIFIED.,.F.,.F.,(3,3),(0.,1.),.PIECEWISE_BEZIER_KNOTS.);
#8399 = CARTESIAN_POINT('',(-41.26428571428,7.515714285714,24.42));
#8400 = CARTESIAN_POINT('',(-41.07142857142,7.301428571429,24.42));
#8401 = CARTESIAN_POINT('',(-40.80714285714,7.294285714286,24.42));
#8402 = VECTOR('',#8403,1.);
#8403 = DIRECTION('',(0.,0.,1.));
#8404 = ADVANCED_FACE('',(#8405),#8423,.T.);
#8405 = FACE_BOUND('',#8406,.T.);
#8406 = EDGE_LOOP('',(#8407,#8415,#8421,#8422));
#8407 = ORIENTED_EDGE('',*,*,#8408,.T.);
#8408 = EDGE_CURVE('',#2597,#8409,#8411,.T.);
#8409 = VERTEX_POINT('',#8410);
#8410 = CARTESIAN_POINT('',(-41.43571428571,7.901428571429,23.42));
#8411 = LINE('',#8412,#8413);
#8412 = CARTESIAN_POINT('',(-41.43571428571,7.901428571429,24.42));
#8413 = VECTOR('',#8414,1.);
#8414 = DIRECTION('',(-0.,-0.,-1.));
#8415 = ORIENTED_EDGE('',*,*,#8416,.T.);
#8416 = EDGE_CURVE('',#8409,#8383,#8417,.T.);
#8417 = B_SPLINE_CURVE_WITH_KNOTS('',2,(#8418,#8419,#8420),
  .UNSPECIFIED.,.F.,.F.,(3,3),(0.,1.),.PIECEWISE_BEZIER_KNOTS.);
#8418 = CARTESIAN_POINT('',(-41.43571428571,7.901428571429,23.42));
#8419 = CARTESIAN_POINT('',(-41.43571428571,7.715714285714,23.42));
#8420 = CARTESIAN_POINT('',(-41.26428571428,7.515714285714,23.42));
#8421 = ORIENTED_EDGE('',*,*,#8382,.F.);
#8422 = ORIENTED_EDGE('',*,*,#2604,.F.);
#8423 = SURFACE_OF_LINEAR_EXTRUSION('',#8424,#8428);
#8424 = B_SPLINE_CURVE_WITH_KNOTS('',2,(#8425,#8426,#8427),
  .UNSPECIFIED.,.F.,.F.,(3,3),(0.,1.),.PIECEWISE_BEZIER_KNOTS.);
#8425 = CARTESIAN_POINT('',(-41.43571428571,7.901428571429,24.42));
#8426 = CARTESIAN_POINT('',(-41.43571428571,7.715714285714,24.42));
#8427 = CARTESIAN_POINT('',(-41.26428571428,7.515714285714,24.42));
#8428 = VECTOR('',#8429,1.);
#8429 = DIRECTION('',(0.,0.,1.));
#8430 = ADVANCED_FACE('',(#8431),#8442,.T.);
#8431 = FACE_BOUND('',#8432,.T.);
#8432 = EDGE_LOOP('',(#8433,#8434,#8440,#8441));
#8433 = ORIENTED_EDGE('',*,*,#8163,.T.);
#8434 = ORIENTED_EDGE('',*,*,#8435,.T.);
#8435 = EDGE_CURVE('',#8156,#8409,#8436,.T.);
#8436 = LINE('',#8437,#8438);
#8437 = CARTESIAN_POINT('',(-42.23571428571,7.901428571429,23.42));
#8438 = VECTOR('',#8439,1.);
#8439 = DIRECTION('',(1.,-2.22044604925E-16,0.));
#8440 = ORIENTED_EDGE('',*,*,#8408,.F.);
#8441 = ORIENTED_EDGE('',*,*,#2596,.F.);
#8442 = PLANE('',#8443);
#8443 = AXIS2_PLACEMENT_3D('',#8444,#8445,#8446);
#8444 = CARTESIAN_POINT('',(-42.23571428571,7.901428571429,24.42));
#8445 = DIRECTION('',(-2.22044604925E-16,-1.,0.));
#8446 = DIRECTION('',(1.,-2.22044604925E-16,0.));
#8447 = ADVANCED_FACE('',(#8448),#8473,.T.);
#8448 = FACE_BOUND('',#8449,.T.);
#8449 = EDGE_LOOP('',(#8450,#8458,#8466,#8472));
#8450 = ORIENTED_EDGE('',*,*,#8451,.T.);
#8451 = EDGE_CURVE('',#2685,#8452,#8454,.T.);
#8452 = VERTEX_POINT('',#8453);
#8453 = CARTESIAN_POINT('',(-41.94285714285,9.108571428571,23.42));
#8454 = LINE('',#8455,#8456);
#8455 = CARTESIAN_POINT('',(-41.94285714285,9.108571428571,24.42));
#8456 = VECTOR('',#8457,1.);
#8457 = DIRECTION('',(-0.,-0.,-1.));
#8458 = ORIENTED_EDGE('',*,*,#8459,.T.);
#8459 = EDGE_CURVE('',#8452,#8460,#8462,.T.);
#8460 = VERTEX_POINT('',#8461);
#8461 = CARTESIAN_POINT('',(-40.80714285714,9.694285714286,23.42));
#8462 = B_SPLINE_CURVE_WITH_KNOTS('',2,(#8463,#8464,#8465),
  .UNSPECIFIED.,.F.,.F.,(3,3),(0.,1.),.PIECEWISE_BEZIER_KNOTS.);
#8463 = CARTESIAN_POINT('',(-41.94285714285,9.108571428571,23.42));
#8464 = CARTESIAN_POINT('',(-41.51428571428,9.687142857143,23.42));
#8465 = CARTESIAN_POINT('',(-40.80714285714,9.694285714286,23.42));
#8466 = ORIENTED_EDGE('',*,*,#8467,.F.);
#8467 = EDGE_CURVE('',#2687,#8460,#8468,.T.);
#8468 = LINE('',#8469,#8470);
#8469 = CARTESIAN_POINT('',(-40.80714285714,9.694285714286,24.42));
#8470 = VECTOR('',#8471,1.);
#8471 = DIRECTION('',(-0.,-0.,-1.));
#8472 = ORIENTED_EDGE('',*,*,#2684,.F.);
#8473 = SURFACE_OF_LINEAR_EXTRUSION('',#8474,#8478);
#8474 = B_SPLINE_CURVE_WITH_KNOTS('',2,(#8475,#8476,#8477),
  .UNSPECIFIED.,.F.,.F.,(3,3),(0.,1.),.PIECEWISE_BEZIER_KNOTS.);
#8475 = CARTESIAN_POINT('',(-41.94285714285,9.108571428571,24.42));
#8476 = CARTESIAN_POINT('',(-41.51428571428,9.687142857143,24.42));
#8477 = CARTESIAN_POINT('',(-40.80714285714,9.694285714286,24.42));
#8478 = VECTOR('',#8479,1.);
#8479 = DIRECTION('',(0.,0.,1.));
#8480 = ADVANCED_FACE('',(#8481),#8499,.T.);
#8481 = FACE_BOUND('',#8482,.T.);
#8482 = EDGE_LOOP('',(#8483,#8491,#8497,#8498));
#8483 = ORIENTED_EDGE('',*,*,#8484,.T.);
#8484 = EDGE_CURVE('',#2767,#8485,#8487,.T.);
#8485 = VERTEX_POINT('',#8486);
#8486 = CARTESIAN_POINT('',(-42.23571428571,8.294285714286,23.42));
#8487 = LINE('',#8488,#8489);
#8488 = CARTESIAN_POINT('',(-42.23571428571,8.294285714286,24.42));
#8489 = VECTOR('',#8490,1.);
#8490 = DIRECTION('',(-0.,-0.,-1.));
#8491 = ORIENTED_EDGE('',*,*,#8492,.T.);
#8492 = EDGE_CURVE('',#8485,#8452,#8493,.T.);
#8493 = B_SPLINE_CURVE_WITH_KNOTS('',2,(#8494,#8495,#8496),
  .UNSPECIFIED.,.F.,.F.,(3,3),(0.,1.),.PIECEWISE_BEZIER_KNOTS.);
#8494 = CARTESIAN_POINT('',(-42.23571428571,8.294285714286,23.42));
#8495 = CARTESIAN_POINT('',(-42.23571428571,8.701428571429,23.42));
#8496 = CARTESIAN_POINT('',(-41.94285714285,9.108571428571,23.42));
#8497 = ORIENTED_EDGE('',*,*,#8451,.F.);
#8498 = ORIENTED_EDGE('',*,*,#2774,.F.);
#8499 = SURFACE_OF_LINEAR_EXTRUSION('',#8500,#8504);
#8500 = B_SPLINE_CURVE_WITH_KNOTS('',2,(#8501,#8502,#8503),
  .UNSPECIFIED.,.F.,.F.,(3,3),(0.,1.),.PIECEWISE_BEZIER_KNOTS.);
#8501 = CARTESIAN_POINT('',(-42.23571428571,8.294285714286,24.42));
#8502 = CARTESIAN_POINT('',(-42.23571428571,8.701428571429,24.42));
#8503 = CARTESIAN_POINT('',(-41.94285714285,9.108571428571,24.42));
#8504 = VECTOR('',#8505,1.);
#8505 = DIRECTION('',(0.,0.,1.));
#8506 = ADVANCED_FACE('',(#8507),#8525,.T.);
#8507 = FACE_BOUND('',#8508,.T.);
#8508 = EDGE_LOOP('',(#8509,#8517,#8523,#8524));
#8509 = ORIENTED_EDGE('',*,*,#8510,.T.);
#8510 = EDGE_CURVE('',#2759,#8511,#8513,.T.);
#8511 = VERTEX_POINT('',#8512);
#8512 = CARTESIAN_POINT('',(-41.43571428571,8.294285714286,23.42));
#8513 = LINE('',#8514,#8515);
#8514 = CARTESIAN_POINT('',(-41.43571428571,8.294285714286,24.42));
#8515 = VECTOR('',#8516,1.);
#8516 = DIRECTION('',(-0.,-0.,-1.));
#8517 = ORIENTED_EDGE('',*,*,#8518,.T.);
#8518 = EDGE_CURVE('',#8511,#8485,#8519,.T.);
#8519 = LINE('',#8520,#8521);
#8520 = CARTESIAN_POINT('',(-41.43571428571,8.294285714286,23.42));
#8521 = VECTOR('',#8522,1.);
#8522 = DIRECTION('',(-1.,2.22044604925E-16,0.));
#8523 = ORIENTED_EDGE('',*,*,#8484,.F.);
#8524 = ORIENTED_EDGE('',*,*,#2766,.F.);
#8525 = PLANE('',#8526);
#8526 = AXIS2_PLACEMENT_3D('',#8527,#8528,#8529);
#8527 = CARTESIAN_POINT('',(-41.43571428571,8.294285714286,24.42));
#8528 = DIRECTION('',(2.22044604925E-16,1.,0.));
#8529 = DIRECTION('',(-1.,2.22044604925E-16,0.));
#8530 = ADVANCED_FACE('',(#8531),#8549,.T.);
#8531 = FACE_BOUND('',#8532,.T.);
#8532 = EDGE_LOOP('',(#8533,#8541,#8547,#8548));
#8533 = ORIENTED_EDGE('',*,*,#8534,.T.);
#8534 = EDGE_CURVE('',#2751,#8535,#8537,.T.);
#8535 = VERTEX_POINT('',#8536);
#8536 = CARTESIAN_POINT('',(-41.37857142857,8.501428571429,23.42));
#8537 = LINE('',#8538,#8539);
#8538 = CARTESIAN_POINT('',(-41.37857142857,8.501428571429,24.42));
#8539 = VECTOR('',#8540,1.);
#8540 = DIRECTION('',(-0.,-0.,-1.));
#8541 = ORIENTED_EDGE('',*,*,#8542,.T.);
#8542 = EDGE_CURVE('',#8535,#8511,#8543,.T.);
#8543 = B_SPLINE_CURVE_WITH_KNOTS('',2,(#8544,#8545,#8546),
  .UNSPECIFIED.,.F.,.F.,(3,3),(0.,1.),.PIECEWISE_BEZIER_KNOTS.);
#8544 = CARTESIAN_POINT('',(-41.37857142857,8.501428571429,23.42));
#8545 = CARTESIAN_POINT('',(-41.43571428571,8.38,23.42));
#8546 = CARTESIAN_POINT('',(-41.43571428571,8.294285714286,23.42));
#8547 = ORIENTED_EDGE('',*,*,#8510,.F.);
#8548 = ORIENTED_EDGE('',*,*,#2758,.F.);
#8549 = SURFACE_OF_LINEAR_EXTRUSION('',#8550,#8554);
#8550 = B_SPLINE_CURVE_WITH_KNOTS('',2,(#8551,#8552,#8553),
  .UNSPECIFIED.,.F.,.F.,(3,3),(0.,1.),.PIECEWISE_BEZIER_KNOTS.);
#8551 = CARTESIAN_POINT('',(-41.37857142857,8.501428571429,24.42));
#8552 = CARTESIAN_POINT('',(-41.43571428571,8.38,24.42));
#8553 = CARTESIAN_POINT('',(-41.43571428571,8.294285714286,24.42));
#8554 = VECTOR('',#8555,1.);
#8555 = DIRECTION('',(0.,0.,1.));
#8556 = ADVANCED_FACE('',(#8557),#8575,.T.);
#8557 = FACE_BOUND('',#8558,.T.);
#8558 = EDGE_LOOP('',(#8559,#8567,#8573,#8574));
#8559 = ORIENTED_EDGE('',*,*,#8560,.T.);
#8560 = EDGE_CURVE('',#2743,#8561,#8563,.T.);
#8561 = VERTEX_POINT('',#8562);
#8562 = CARTESIAN_POINT('',(-40.80714285714,8.901428571429,23.42));
#8563 = LINE('',#8564,#8565);
#8564 = CARTESIAN_POINT('',(-40.80714285714,8.901428571429,24.42));
#8565 = VECTOR('',#8566,1.);
#8566 = DIRECTION('',(-0.,-0.,-1.));
#8567 = ORIENTED_EDGE('',*,*,#8568,.T.);
#8568 = EDGE_CURVE('',#8561,#8535,#8569,.T.);
#8569 = B_SPLINE_CURVE_WITH_KNOTS('',2,(#8570,#8571,#8572),
  .UNSPECIFIED.,.F.,.F.,(3,3),(0.,1.),.PIECEWISE_BEZIER_KNOTS.);
#8570 = CARTESIAN_POINT('',(-40.80714285714,8.901428571429,23.42));
#8571 = CARTESIAN_POINT('',(-41.19285714285,8.901428571429,23.42));
#8572 = CARTESIAN_POINT('',(-41.37857142857,8.501428571429,23.42));
#8573 = ORIENTED_EDGE('',*,*,#8534,.F.);
#8574 = ORIENTED_EDGE('',*,*,#2750,.F.);
#8575 = SURFACE_OF_LINEAR_EXTRUSION('',#8576,#8580);
#8576 = B_SPLINE_CURVE_WITH_KNOTS('',2,(#8577,#8578,#8579),
  .UNSPECIFIED.,.F.,.F.,(3,3),(0.,1.),.PIECEWISE_BEZIER_KNOTS.);
#8577 = CARTESIAN_POINT('',(-40.80714285714,8.901428571429,24.42));
#8578 = CARTESIAN_POINT('',(-41.19285714285,8.901428571429,24.42));
#8579 = CARTESIAN_POINT('',(-41.37857142857,8.501428571429,24.42));
#8580 = VECTOR('',#8581,1.);
#8581 = DIRECTION('',(0.,0.,1.));
#8582 = ADVANCED_FACE('',(#8583),#8601,.T.);
#8583 = FACE_BOUND('',#8584,.T.);
#8584 = EDGE_LOOP('',(#8585,#8593,#8599,#8600));
#8585 = ORIENTED_EDGE('',*,*,#8586,.T.);
#8586 = EDGE_CURVE('',#2735,#8587,#8589,.T.);
#8587 = VERTEX_POINT('',#8588);
#8588 = CARTESIAN_POINT('',(-38.57142857142,8.901428571429,23.42));
#8589 = LINE('',#8590,#8591);
#8590 = CARTESIAN_POINT('',(-38.57142857142,8.901428571429,24.42));
#8591 = VECTOR('',#8592,1.);
#8592 = DIRECTION('',(-0.,-0.,-1.));
#8593 = ORIENTED_EDGE('',*,*,#8594,.T.);
#8594 = EDGE_CURVE('',#8587,#8561,#8595,.T.);
#8595 = LINE('',#8596,#8597);
#8596 = CARTESIAN_POINT('',(-38.57142857142,8.901428571429,23.42));
#8597 = VECTOR('',#8598,1.);
#8598 = DIRECTION('',(-1.,2.22044604925E-16,0.));
#8599 = ORIENTED_EDGE('',*,*,#8560,.F.);
#8600 = ORIENTED_EDGE('',*,*,#2742,.F.);
#8601 = PLANE('',#8602);
#8602 = AXIS2_PLACEMENT_3D('',#8603,#8604,#8605);
#8603 = CARTESIAN_POINT('',(-38.57142857142,8.901428571429,24.42));
#8604 = DIRECTION('',(2.22044604925E-16,1.,0.));
#8605 = DIRECTION('',(-1.,2.22044604925E-16,0.));
#8606 = ADVANCED_FACE('',(#8607),#8625,.T.);
#8607 = FACE_BOUND('',#8608,.T.);
#8608 = EDGE_LOOP('',(#8609,#8617,#8623,#8624));
#8609 = ORIENTED_EDGE('',*,*,#8610,.T.);
#8610 = EDGE_CURVE('',#2727,#8611,#8613,.T.);
#8611 = VERTEX_POINT('',#8612);
#8612 = CARTESIAN_POINT('',(-38.35714285714,8.844285714286,23.42));
#8613 = LINE('',#8614,#8615);
#8614 = CARTESIAN_POINT('',(-38.35714285714,8.844285714286,24.42));
#8615 = VECTOR('',#8616,1.);
#8616 = DIRECTION('',(-0.,-0.,-1.));
#8617 = ORIENTED_EDGE('',*,*,#8618,.T.);
#8618 = EDGE_CURVE('',#8611,#8587,#8619,.T.);
#8619 = B_SPLINE_CURVE_WITH_KNOTS('',2,(#8620,#8621,#8622),
  .UNSPECIFIED.,.F.,.F.,(3,3),(0.,1.),.PIECEWISE_BEZIER_KNOTS.);
#8620 = CARTESIAN_POINT('',(-38.35714285714,8.844285714286,23.42));
#8621 = CARTESIAN_POINT('',(-38.48571428571,8.901428571429,23.42));
#8622 = CARTESIAN_POINT('',(-38.57142857142,8.901428571429,23.42));
#8623 = ORIENTED_EDGE('',*,*,#8586,.F.);
#8624 = ORIENTED_EDGE('',*,*,#2734,.F.);
#8625 = SURFACE_OF_LINEAR_EXTRUSION('',#8626,#8630);
#8626 = B_SPLINE_CURVE_WITH_KNOTS('',2,(#8627,#8628,#8629),
  .UNSPECIFIED.,.F.,.F.,(3,3),(0.,1.),.PIECEWISE_BEZIER_KNOTS.);
#8627 = CARTESIAN_POINT('',(-38.35714285714,8.844285714286,24.42));
#8628 = CARTESIAN_POINT('',(-38.48571428571,8.901428571429,24.42));
#8629 = CARTESIAN_POINT('',(-38.57142857142,8.901428571429,24.42));
#8630 = VECTOR('',#8631,1.);
#8631 = DIRECTION('',(0.,0.,1.));
#8632 = ADVANCED_FACE('',(#8633),#8651,.T.);
#8633 = FACE_BOUND('',#8634,.T.);
#8634 = EDGE_LOOP('',(#8635,#8643,#8649,#8650));
#8635 = ORIENTED_EDGE('',*,*,#8636,.T.);
#8636 = EDGE_CURVE('',#2719,#8637,#8639,.T.);
#8637 = VERTEX_POINT('',#8638);
#8638 = CARTESIAN_POINT('',(-37.95714285714,8.287142857143,23.42));
#8639 = LINE('',#8640,#8641);
#8640 = CARTESIAN_POINT('',(-37.95714285714,8.287142857143,24.42));
#8641 = VECTOR('',#8642,1.);
#8642 = DIRECTION('',(-0.,-0.,-1.));
#8643 = ORIENTED_EDGE('',*,*,#8644,.T.);
#8644 = EDGE_CURVE('',#8637,#8611,#8645,.T.);
#8645 = B_SPLINE_CURVE_WITH_KNOTS('',2,(#8646,#8647,#8648),
  .UNSPECIFIED.,.F.,.F.,(3,3),(0.,1.),.PIECEWISE_BEZIER_KNOTS.);
#8646 = CARTESIAN_POINT('',(-37.95714285714,8.287142857143,23.42));
#8647 = CARTESIAN_POINT('',(-37.96428571428,8.658571428571,23.42));
#8648 = CARTESIAN_POINT('',(-38.35714285714,8.844285714286,23.42));
#8649 = ORIENTED_EDGE('',*,*,#8610,.F.);
#8650 = ORIENTED_EDGE('',*,*,#2726,.F.);
#8651 = SURFACE_OF_LINEAR_EXTRUSION('',#8652,#8656);
#8652 = B_SPLINE_CURVE_WITH_KNOTS('',2,(#8653,#8654,#8655),
  .UNSPECIFIED.,.F.,.F.,(3,3),(0.,1.),.PIECEWISE_BEZIER_KNOTS.);
#8653 = CARTESIAN_POINT('',(-37.95714285714,8.287142857143,24.42));
#8654 = CARTESIAN_POINT('',(-37.96428571428,8.658571428571,24.42));
#8655 = CARTESIAN_POINT('',(-38.35714285714,8.844285714286,24.42));
#8656 = VECTOR('',#8657,1.);
#8657 = DIRECTION('',(0.,0.,1.));
#8658 = ADVANCED_FACE('',(#8659),#8677,.T.);
#8659 = FACE_BOUND('',#8660,.T.);
#8660 = EDGE_LOOP('',(#8661,#8669,#8675,#8676));
#8661 = ORIENTED_EDGE('',*,*,#8662,.T.);
#8662 = EDGE_CURVE('',#2711,#8663,#8665,.T.);
#8663 = VERTEX_POINT('',#8664);
#8664 = CARTESIAN_POINT('',(-37.16428571428,8.287142857143,23.42));
#8665 = LINE('',#8666,#8667);
#8666 = CARTESIAN_POINT('',(-37.16428571428,8.287142857143,24.42));
#8667 = VECTOR('',#8668,1.);
#8668 = DIRECTION('',(-0.,-0.,-1.));
#8669 = ORIENTED_EDGE('',*,*,#8670,.T.);
#8670 = EDGE_CURVE('',#8663,#8637,#8671,.T.);
#8671 = LINE('',#8672,#8673);
#8672 = CARTESIAN_POINT('',(-37.16428571428,8.287142857143,23.42));
#8673 = VECTOR('',#8674,1.);
#8674 = DIRECTION('',(-1.,2.22044604925E-16,0.));
#8675 = ORIENTED_EDGE('',*,*,#8636,.F.);
#8676 = ORIENTED_EDGE('',*,*,#2718,.F.);
#8677 = PLANE('',#8678);
#8678 = AXIS2_PLACEMENT_3D('',#8679,#8680,#8681);
#8679 = CARTESIAN_POINT('',(-37.16428571428,8.287142857143,24.42));
#8680 = DIRECTION('',(2.22044604925E-16,1.,0.));
#8681 = DIRECTION('',(-1.,2.22044604925E-16,0.));
#8682 = ADVANCED_FACE('',(#8683),#8701,.T.);
#8683 = FACE_BOUND('',#8684,.T.);
#8684 = EDGE_LOOP('',(#8685,#8693,#8699,#8700));
#8685 = ORIENTED_EDGE('',*,*,#8686,.T.);
#8686 = EDGE_CURVE('',#2703,#8687,#8689,.T.);
#8687 = VERTEX_POINT('',#8688);
#8688 = CARTESIAN_POINT('',(-37.68571428571,9.372857142857,23.42));
#8689 = LINE('',#8690,#8691);
#8690 = CARTESIAN_POINT('',(-37.68571428571,9.372857142857,24.42));
#8691 = VECTOR('',#8692,1.);
#8692 = DIRECTION('',(-0.,-0.,-1.));
#8693 = ORIENTED_EDGE('',*,*,#8694,.T.);
#8694 = EDGE_CURVE('',#8687,#8663,#8695,.T.);
#8695 = B_SPLINE_CURVE_WITH_KNOTS('',2,(#8696,#8697,#8698),
  .UNSPECIFIED.,.F.,.F.,(3,3),(0.,1.),.PIECEWISE_BEZIER_KNOTS.);
#8696 = CARTESIAN_POINT('',(-37.68571428571,9.372857142857,23.42));
#8697 = CARTESIAN_POINT('',(-37.17142857142,8.944285714286,23.42));
#8698 = CARTESIAN_POINT('',(-37.16428571428,8.287142857143,23.42));
#8699 = ORIENTED_EDGE('',*,*,#8662,.F.);
#8700 = ORIENTED_EDGE('',*,*,#2710,.F.);
#8701 = SURFACE_OF_LINEAR_EXTRUSION('',#8702,#8706);
#8702 = B_SPLINE_CURVE_WITH_KNOTS('',2,(#8703,#8704,#8705),
  .UNSPECIFIED.,.F.,.F.,(3,3),(0.,1.),.PIECEWISE_BEZIER_KNOTS.);
#8703 = CARTESIAN_POINT('',(-37.68571428571,9.372857142857,24.42));
#8704 = CARTESIAN_POINT('',(-37.17142857142,8.944285714286,24.42));
#8705 = CARTESIAN_POINT('',(-37.16428571428,8.287142857143,24.42));
#8706 = VECTOR('',#8707,1.);
#8707 = DIRECTION('',(0.,0.,1.));
#8708 = ADVANCED_FACE('',(#8709),#8727,.T.);
#8709 = FACE_BOUND('',#8710,.T.);
#8710 = EDGE_LOOP('',(#8711,#8719,#8725,#8726));
#8711 = ORIENTED_EDGE('',*,*,#8712,.T.);
#8712 = EDGE_CURVE('',#2695,#8713,#8715,.T.);
#8713 = VERTEX_POINT('',#8714);
#8714 = CARTESIAN_POINT('',(-38.45714285714,9.694285714286,23.42));
#8715 = LINE('',#8716,#8717);
#8716 = CARTESIAN_POINT('',(-38.45714285714,9.694285714286,24.42));
#8717 = VECTOR('',#8718,1.);
#8718 = DIRECTION('',(-0.,-0.,-1.));
#8719 = ORIENTED_EDGE('',*,*,#8720,.T.);
#8720 = EDGE_CURVE('',#8713,#8687,#8721,.T.);
#8721 = B_SPLINE_CURVE_WITH_KNOTS('',2,(#8722,#8723,#8724),
  .UNSPECIFIED.,.F.,.F.,(3,3),(0.,1.),.PIECEWISE_BEZIER_KNOTS.);
#8722 = CARTESIAN_POINT('',(-38.45714285714,9.694285714286,23.42));
#8723 = CARTESIAN_POINT('',(-38.07857142857,9.694285714286,23.42));
#8724 = CARTESIAN_POINT('',(-37.68571428571,9.372857142857,23.42));
#8725 = ORIENTED_EDGE('',*,*,#8686,.F.);
#8726 = ORIENTED_EDGE('',*,*,#2702,.F.);
#8727 = SURFACE_OF_LINEAR_EXTRUSION('',#8728,#8732);
#8728 = B_SPLINE_CURVE_WITH_KNOTS('',2,(#8729,#8730,#8731),
  .UNSPECIFIED.,.F.,.F.,(3,3),(0.,1.),.PIECEWISE_BEZIER_KNOTS.);
#8729 = CARTESIAN_POINT('',(-38.45714285714,9.694285714286,24.42));
#8730 = CARTESIAN_POINT('',(-38.07857142857,9.694285714286,24.42));
#8731 = CARTESIAN_POINT('',(-37.68571428571,9.372857142857,24.42));
#8732 = VECTOR('',#8733,1.);
#8733 = DIRECTION('',(0.,0.,1.));
#8734 = ADVANCED_FACE('',(#8735),#8746,.T.);
#8735 = FACE_BOUND('',#8736,.T.);
#8736 = EDGE_LOOP('',(#8737,#8738,#8744,#8745));
#8737 = ORIENTED_EDGE('',*,*,#8467,.T.);
#8738 = ORIENTED_EDGE('',*,*,#8739,.T.);
#8739 = EDGE_CURVE('',#8460,#8713,#8740,.T.);
#8740 = LINE('',#8741,#8742);
#8741 = CARTESIAN_POINT('',(-40.80714285714,9.694285714286,23.42));
#8742 = VECTOR('',#8743,1.);
#8743 = DIRECTION('',(1.,-2.22044604925E-16,0.));
#8744 = ORIENTED_EDGE('',*,*,#8712,.F.);
#8745 = ORIENTED_EDGE('',*,*,#2694,.F.);
#8746 = PLANE('',#8747);
#8747 = AXIS2_PLACEMENT_3D('',#8748,#8749,#8750);
#8748 = CARTESIAN_POINT('',(-40.80714285714,9.694285714286,24.42));
#8749 = DIRECTION('',(-2.22044604925E-16,-1.,0.));
#8750 = DIRECTION('',(1.,-2.22044604925E-16,0.));
#8751 = ADVANCED_FACE('',(#8752),#8777,.T.);
#8752 = FACE_BOUND('',#8753,.T.);
#8753 = EDGE_LOOP('',(#8754,#8762,#8770,#8776));
#8754 = ORIENTED_EDGE('',*,*,#8755,.T.);
#8755 = EDGE_CURVE('',#2783,#8756,#8758,.T.);
#8756 = VERTEX_POINT('',#8757);
#8757 = CARTESIAN_POINT('',(-42.02142857142,10.95,23.42));
#8758 = LINE('',#8759,#8760);
#8759 = CARTESIAN_POINT('',(-42.02142857142,10.95,24.42));
#8760 = VECTOR('',#8761,1.);
#8761 = DIRECTION('',(-0.,-0.,-1.));
#8762 = ORIENTED_EDGE('',*,*,#8763,.T.);
#8763 = EDGE_CURVE('',#8756,#8764,#8766,.T.);
#8764 = VERTEX_POINT('',#8765);
#8765 = CARTESIAN_POINT('',(-42.23571428571,11.65,23.42));
#8766 = B_SPLINE_CURVE_WITH_KNOTS('',2,(#8767,#8768,#8769),
  .UNSPECIFIED.,.F.,.F.,(3,3),(0.,1.),.PIECEWISE_BEZIER_KNOTS.);
#8767 = CARTESIAN_POINT('',(-42.02142857142,10.95,23.42));
#8768 = CARTESIAN_POINT('',(-42.23571428571,11.321428571429,23.42));
#8769 = CARTESIAN_POINT('',(-42.23571428571,11.65,23.42));
#8770 = ORIENTED_EDGE('',*,*,#8771,.F.);
#8771 = EDGE_CURVE('',#2785,#8764,#8772,.T.);
#8772 = LINE('',#8773,#8774);
#8773 = CARTESIAN_POINT('',(-42.23571428571,11.65,24.42));
#8774 = VECTOR('',#8775,1.);
#8775 = DIRECTION('',(-0.,-0.,-1.));
#8776 = ORIENTED_EDGE('',*,*,#2782,.F.);
#8777 = SURFACE_OF_LINEAR_EXTRUSION('',#8778,#8782);
#8778 = B_SPLINE_CURVE_WITH_KNOTS('',2,(#8779,#8780,#8781),
  .UNSPECIFIED.,.F.,.F.,(3,3),(0.,1.),.PIECEWISE_BEZIER_KNOTS.);
#8779 = CARTESIAN_POINT('',(-42.02142857142,10.95,24.42));
#8780 = CARTESIAN_POINT('',(-42.23571428571,11.321428571429,24.42));
#8781 = CARTESIAN_POINT('',(-42.23571428571,11.65,24.42));
#8782 = VECTOR('',#8783,1.);
#8783 = DIRECTION('',(0.,0.,1.));
#8784 = ADVANCED_FACE('',(#8785),#8803,.T.);
#8785 = FACE_BOUND('',#8786,.T.);
#8786 = EDGE_LOOP('',(#8787,#8795,#8801,#8802));
#8787 = ORIENTED_EDGE('',*,*,#8788,.T.);
#8788 = EDGE_CURVE('',#2865,#8789,#8791,.T.);
#8789 = VERTEX_POINT('',#8790);
#8790 = CARTESIAN_POINT('',(-40.80714285714,10.242857142857,23.42));
#8791 = LINE('',#8792,#8793);
#8792 = CARTESIAN_POINT('',(-40.80714285714,10.242857142857,24.42));
#8793 = VECTOR('',#8794,1.);
#8794 = DIRECTION('',(-0.,-0.,-1.));
#8795 = ORIENTED_EDGE('',*,*,#8796,.T.);
#8796 = EDGE_CURVE('',#8789,#8756,#8797,.T.);
#8797 = B_SPLINE_CURVE_WITH_KNOTS('',2,(#8798,#8799,#8800),
  .UNSPECIFIED.,.F.,.F.,(3,3),(0.,1.),.PIECEWISE_BEZIER_KNOTS.);
#8798 = CARTESIAN_POINT('',(-40.80714285714,10.242857142857,23.42));
#8799 = CARTESIAN_POINT('',(-41.6,10.242857142857,23.42));
#8800 = CARTESIAN_POINT('',(-42.02142857142,10.95,23.42));
#8801 = ORIENTED_EDGE('',*,*,#8755,.F.);
#8802 = ORIENTED_EDGE('',*,*,#2872,.F.);
#8803 = SURFACE_OF_LINEAR_EXTRUSION('',#8804,#8808);
#8804 = B_SPLINE_CURVE_WITH_KNOTS('',2,(#8805,#8806,#8807),
  .UNSPECIFIED.,.F.,.F.,(3,3),(0.,1.),.PIECEWISE_BEZIER_KNOTS.);
#8805 = CARTESIAN_POINT('',(-40.80714285714,10.242857142857,24.42));
#8806 = CARTESIAN_POINT('',(-41.6,10.242857142857,24.42));
#8807 = CARTESIAN_POINT('',(-42.02142857142,10.95,24.42));
#8808 = VECTOR('',#8809,1.);
#8809 = DIRECTION('',(0.,0.,1.));
#8810 = ADVANCED_FACE('',(#8811),#8829,.T.);
#8811 = FACE_BOUND('',#8812,.T.);
#8812 = EDGE_LOOP('',(#8813,#8821,#8827,#8828));
#8813 = ORIENTED_EDGE('',*,*,#8814,.T.);
#8814 = EDGE_CURVE('',#2857,#8815,#8817,.T.);
#8815 = VERTEX_POINT('',#8816);
#8816 = CARTESIAN_POINT('',(-38.45714285714,10.242857142857,23.42));
#8817 = LINE('',#8818,#8819);
#8818 = CARTESIAN_POINT('',(-38.45714285714,10.242857142857,24.42));
#8819 = VECTOR('',#8820,1.);
#8820 = DIRECTION('',(-0.,-0.,-1.));
#8821 = ORIENTED_EDGE('',*,*,#8822,.T.);
#8822 = EDGE_CURVE('',#8815,#8789,#8823,.T.);
#8823 = LINE('',#8824,#8825);
#8824 = CARTESIAN_POINT('',(-38.45714285714,10.242857142857,23.42));
#8825 = VECTOR('',#8826,1.);
#8826 = DIRECTION('',(-1.,2.22044604925E-16,0.));
#8827 = ORIENTED_EDGE('',*,*,#8788,.F.);
#8828 = ORIENTED_EDGE('',*,*,#2864,.F.);
#8829 = PLANE('',#8830);
#8830 = AXIS2_PLACEMENT_3D('',#8831,#8832,#8833);
#8831 = CARTESIAN_POINT('',(-38.45714285714,10.242857142857,24.42));
#8832 = DIRECTION('',(2.22044604925E-16,1.,0.));
#8833 = DIRECTION('',(-1.,2.22044604925E-16,0.));
#8834 = ADVANCED_FACE('',(#8835),#8853,.T.);
#8835 = FACE_BOUND('',#8836,.T.);
#8836 = EDGE_LOOP('',(#8837,#8845,#8851,#8852));
#8837 = ORIENTED_EDGE('',*,*,#8838,.T.);
#8838 = EDGE_CURVE('',#2849,#8839,#8841,.T.);
#8839 = VERTEX_POINT('',#8840);
#8840 = CARTESIAN_POINT('',(-37.78571428571,10.492857142857,23.42));
#8841 = LINE('',#8842,#8843);
#8842 = CARTESIAN_POINT('',(-37.78571428571,10.492857142857,24.42));
#8843 = VECTOR('',#8844,1.);
#8844 = DIRECTION('',(-0.,-0.,-1.));
#8845 = ORIENTED_EDGE('',*,*,#8846,.T.);
#8846 = EDGE_CURVE('',#8839,#8815,#8847,.T.);
#8847 = B_SPLINE_CURVE_WITH_KNOTS('',2,(#8848,#8849,#8850),
  .UNSPECIFIED.,.F.,.F.,(3,3),(0.,1.),.PIECEWISE_BEZIER_KNOTS.);
#8848 = CARTESIAN_POINT('',(-37.78571428571,10.492857142857,23.42));
#8849 = CARTESIAN_POINT('',(-38.14285714285,10.242857142857,23.42));
#8850 = CARTESIAN_POINT('',(-38.45714285714,10.242857142857,23.42));
#8851 = ORIENTED_EDGE('',*,*,#8814,.F.);
#8852 = ORIENTED_EDGE('',*,*,#2856,.F.);
#8853 = SURFACE_OF_LINEAR_EXTRUSION('',#8854,#8858);
#8854 = B_SPLINE_CURVE_WITH_KNOTS('',2,(#8855,#8856,#8857),
  .UNSPECIFIED.,.F.,.F.,(3,3),(0.,1.),.PIECEWISE_BEZIER_KNOTS.);
#8855 = CARTESIAN_POINT('',(-37.78571428571,10.492857142857,24.42));
#8856 = CARTESIAN_POINT('',(-38.14285714285,10.242857142857,24.42));
#8857 = CARTESIAN_POINT('',(-38.45714285714,10.242857142857,24.42));
#8858 = VECTOR('',#8859,1.);
#8859 = DIRECTION('',(0.,0.,1.));
#8860 = ADVANCED_FACE('',(#8861),#8879,.T.);
#8861 = FACE_BOUND('',#8862,.T.);
#8862 = EDGE_LOOP('',(#8863,#8871,#8877,#8878));
#8863 = ORIENTED_EDGE('',*,*,#8864,.T.);
#8864 = EDGE_CURVE('',#2841,#8865,#8867,.T.);
#8865 = VERTEX_POINT('',#8866);
#8866 = CARTESIAN_POINT('',(-37.16428571428,11.65,23.42));
#8867 = LINE('',#8868,#8869);
#8868 = CARTESIAN_POINT('',(-37.16428571428,11.65,24.42));
#8869 = VECTOR('',#8870,1.);
#8870 = DIRECTION('',(-0.,-0.,-1.));
#8871 = ORIENTED_EDGE('',*,*,#8872,.T.);
#8872 = EDGE_CURVE('',#8865,#8839,#8873,.T.);
#8873 = B_SPLINE_CURVE_WITH_KNOTS('',2,(#8874,#8875,#8876),
  .UNSPECIFIED.,.F.,.F.,(3,3),(0.,1.),.PIECEWISE_BEZIER_KNOTS.);
#8874 = CARTESIAN_POINT('',(-37.16428571428,11.65,23.42));
#8875 = CARTESIAN_POINT('',(-37.16428571428,10.928571428571,23.42));
#8876 = CARTESIAN_POINT('',(-37.78571428571,10.492857142857,23.42));
#8877 = ORIENTED_EDGE('',*,*,#8838,.F.);
#8878 = ORIENTED_EDGE('',*,*,#2848,.F.);
#8879 = SURFACE_OF_LINEAR_EXTRUSION('',#8880,#8884);
#8880 = B_SPLINE_CURVE_WITH_KNOTS('',2,(#8881,#8882,#8883),
  .UNSPECIFIED.,.F.,.F.,(3,3),(0.,1.),.PIECEWISE_BEZIER_KNOTS.);
#8881 = CARTESIAN_POINT('',(-37.16428571428,11.65,24.42));
#8882 = CARTESIAN_POINT('',(-37.16428571428,10.928571428571,24.42));
#8883 = CARTESIAN_POINT('',(-37.78571428571,10.492857142857,24.42));
#8884 = VECTOR('',#8885,1.);
#8885 = DIRECTION('',(0.,0.,1.));
#8886 = ADVANCED_FACE('',(#8887),#8905,.T.);
#8887 = FACE_BOUND('',#8888,.T.);
#8888 = EDGE_LOOP('',(#8889,#8897,#8903,#8904));
#8889 = ORIENTED_EDGE('',*,*,#8890,.T.);
#8890 = EDGE_CURVE('',#2833,#8891,#8893,.T.);
#8891 = VERTEX_POINT('',#8892);
#8892 = CARTESIAN_POINT('',(-37.95714285714,11.65,23.42));
#8893 = LINE('',#8894,#8895);
#8894 = CARTESIAN_POINT('',(-37.95714285714,11.65,24.42));
#8895 = VECTOR('',#8896,1.);
#8896 = DIRECTION('',(-0.,-0.,-1.));
#8897 = ORIENTED_EDGE('',*,*,#8898,.T.);
#8898 = EDGE_CURVE('',#8891,#8865,#8899,.T.);
#8899 = LINE('',#8900,#8901);
#8900 = CARTESIAN_POINT('',(-37.95714285714,11.65,23.42));
#8901 = VECTOR('',#8902,1.);
#8902 = DIRECTION('',(1.,-2.22044604925E-16,0.));
#8903 = ORIENTED_EDGE('',*,*,#8864,.F.);
#8904 = ORIENTED_EDGE('',*,*,#2840,.F.);
#8905 = PLANE('',#8906);
#8906 = AXIS2_PLACEMENT_3D('',#8907,#8908,#8909);
#8907 = CARTESIAN_POINT('',(-37.95714285714,11.65,24.42));
#8908 = DIRECTION('',(-2.22044604925E-16,-1.,0.));
#8909 = DIRECTION('',(1.,-2.22044604925E-16,0.));
#8910 = ADVANCED_FACE('',(#8911),#8929,.T.);
#8911 = FACE_BOUND('',#8912,.T.);
#8912 = EDGE_LOOP('',(#8913,#8921,#8927,#8928));
#8913 = ORIENTED_EDGE('',*,*,#8914,.T.);
#8914 = EDGE_CURVE('',#2825,#8915,#8917,.T.);
#8915 = VERTEX_POINT('',#8916);
#8916 = CARTESIAN_POINT('',(-38.15714285714,11.228571428571,23.42));
#8917 = LINE('',#8918,#8919);
#8918 = CARTESIAN_POINT('',(-38.15714285714,11.228571428571,24.42));
#8919 = VECTOR('',#8920,1.);
#8920 = DIRECTION('',(-0.,-0.,-1.));
#8921 = ORIENTED_EDGE('',*,*,#8922,.T.);
#8922 = EDGE_CURVE('',#8915,#8891,#8923,.T.);
#8923 = B_SPLINE_CURVE_WITH_KNOTS('',2,(#8924,#8925,#8926),
  .UNSPECIFIED.,.F.,.F.,(3,3),(0.,1.),.PIECEWISE_BEZIER_KNOTS.);
#8924 = CARTESIAN_POINT('',(-38.15714285714,11.228571428571,23.42));
#8925 = CARTESIAN_POINT('',(-37.96428571428,11.407142857143,23.42));
#8926 = CARTESIAN_POINT('',(-37.95714285714,11.65,23.42));
#8927 = ORIENTED_EDGE('',*,*,#8890,.F.);
#8928 = ORIENTED_EDGE('',*,*,#2832,.F.);
#8929 = SURFACE_OF_LINEAR_EXTRUSION('',#8930,#8934);
#8930 = B_SPLINE_CURVE_WITH_KNOTS('',2,(#8931,#8932,#8933),
  .UNSPECIFIED.,.F.,.F.,(3,3),(0.,1.),.PIECEWISE_BEZIER_KNOTS.);
#8931 = CARTESIAN_POINT('',(-38.15714285714,11.228571428571,24.42));
#8932 = CARTESIAN_POINT('',(-37.96428571428,11.407142857143,24.42));
#8933 = CARTESIAN_POINT('',(-37.95714285714,11.65,24.42));
#8934 = VECTOR('',#8935,1.);
#8935 = DIRECTION('',(0.,0.,1.));
#8936 = ADVANCED_FACE('',(#8937),#8955,.T.);
#8937 = FACE_BOUND('',#8938,.T.);
#8938 = EDGE_LOOP('',(#8939,#8947,#8953,#8954));
#8939 = ORIENTED_EDGE('',*,*,#8940,.T.);
#8940 = EDGE_CURVE('',#2817,#8941,#8943,.T.);
#8941 = VERTEX_POINT('',#8942);
#8942 = CARTESIAN_POINT('',(-38.57142857142,11.042857142857,23.42));
#8943 = LINE('',#8944,#8945);
#8944 = CARTESIAN_POINT('',(-38.57142857142,11.042857142857,24.42));
#8945 = VECTOR('',#8946,1.);
#8946 = DIRECTION('',(-0.,-0.,-1.));
#8947 = ORIENTED_EDGE('',*,*,#8948,.T.);
#8948 = EDGE_CURVE('',#8941,#8915,#8949,.T.);
#8949 = B_SPLINE_CURVE_WITH_KNOTS('',2,(#8950,#8951,#8952),
  .UNSPECIFIED.,.F.,.F.,(3,3),(0.,1.),.PIECEWISE_BEZIER_KNOTS.);
#8950 = CARTESIAN_POINT('',(-38.57142857142,11.042857142857,23.42));
#8951 = CARTESIAN_POINT('',(-38.35714285714,11.042857142857,23.42));
#8952 = CARTESIAN_POINT('',(-38.15714285714,11.228571428571,23.42));
#8953 = ORIENTED_EDGE('',*,*,#8914,.F.);
#8954 = ORIENTED_EDGE('',*,*,#2824,.F.);
#8955 = SURFACE_OF_LINEAR_EXTRUSION('',#8956,#8960);
#8956 = B_SPLINE_CURVE_WITH_KNOTS('',2,(#8957,#8958,#8959),
  .UNSPECIFIED.,.F.,.F.,(3,3),(0.,1.),.PIECEWISE_BEZIER_KNOTS.);
#8957 = CARTESIAN_POINT('',(-38.57142857142,11.042857142857,24.42));
#8958 = CARTESIAN_POINT('',(-38.35714285714,11.042857142857,24.42));
#8959 = CARTESIAN_POINT('',(-38.15714285714,11.228571428571,24.42));
#8960 = VECTOR('',#8961,1.);
#8961 = DIRECTION('',(0.,0.,1.));
#8962 = ADVANCED_FACE('',(#8963),#8981,.T.);
#8963 = FACE_BOUND('',#8964,.T.);
#8964 = EDGE_LOOP('',(#8965,#8973,#8979,#8980));
#8965 = ORIENTED_EDGE('',*,*,#8966,.T.);
#8966 = EDGE_CURVE('',#2809,#8967,#8969,.T.);
#8967 = VERTEX_POINT('',#8968);
#8968 = CARTESIAN_POINT('',(-40.80714285714,11.042857142857,23.42));
#8969 = LINE('',#8970,#8971);
#8970 = CARTESIAN_POINT('',(-40.80714285714,11.042857142857,24.42));
#8971 = VECTOR('',#8972,1.);
#8972 = DIRECTION('',(-0.,-0.,-1.));
#8973 = ORIENTED_EDGE('',*,*,#8974,.T.);
#8974 = EDGE_CURVE('',#8967,#8941,#8975,.T.);
#8975 = LINE('',#8976,#8977);
#8976 = CARTESIAN_POINT('',(-40.80714285714,11.042857142857,23.42));
#8977 = VECTOR('',#8978,1.);
#8978 = DIRECTION('',(1.,-2.22044604925E-16,0.));
#8979 = ORIENTED_EDGE('',*,*,#8940,.F.);
#8980 = ORIENTED_EDGE('',*,*,#2816,.F.);
#8981 = PLANE('',#8982);
#8982 = AXIS2_PLACEMENT_3D('',#8983,#8984,#8985);
#8983 = CARTESIAN_POINT('',(-40.80714285714,11.042857142857,24.42));
#8984 = DIRECTION('',(-2.22044604925E-16,-1.,0.));
#8985 = DIRECTION('',(1.,-2.22044604925E-16,0.));
#8986 = ADVANCED_FACE('',(#8987),#9005,.T.);
#8987 = FACE_BOUND('',#8988,.T.);
#8988 = EDGE_LOOP('',(#8989,#8997,#9003,#9004));
#8989 = ORIENTED_EDGE('',*,*,#8990,.T.);
#8990 = EDGE_CURVE('',#2801,#8991,#8993,.T.);
#8991 = VERTEX_POINT('',#8992);
#8992 = CARTESIAN_POINT('',(-41.26428571428,11.264285714286,23.42));
#8993 = LINE('',#8994,#8995);
#8994 = CARTESIAN_POINT('',(-41.26428571428,11.264285714286,24.42));
#8995 = VECTOR('',#8996,1.);
#8996 = DIRECTION('',(-0.,-0.,-1.));
#8997 = ORIENTED_EDGE('',*,*,#8998,.T.);
#8998 = EDGE_CURVE('',#8991,#8967,#8999,.T.);
#8999 = B_SPLINE_CURVE_WITH_KNOTS('',2,(#9000,#9001,#9002),
  .UNSPECIFIED.,.F.,.F.,(3,3),(0.,1.),.PIECEWISE_BEZIER_KNOTS.);
#9000 = CARTESIAN_POINT('',(-41.26428571428,11.264285714286,23.42));
#9001 = CARTESIAN_POINT('',(-41.07142857142,11.05,23.42));
#9002 = CARTESIAN_POINT('',(-40.80714285714,11.042857142857,23.42));
#9003 = ORIENTED_EDGE('',*,*,#8966,.F.);
#9004 = ORIENTED_EDGE('',*,*,#2808,.F.);
#9005 = SURFACE_OF_LINEAR_EXTRUSION('',#9006,#9010);
#9006 = B_SPLINE_CURVE_WITH_KNOTS('',2,(#9007,#9008,#9009),
  .UNSPECIFIED.,.F.,.F.,(3,3),(0.,1.),.PIECEWISE_BEZIER_KNOTS.);
#9007 = CARTESIAN_POINT('',(-41.26428571428,11.264285714286,24.42));
#9008 = CARTESIAN_POINT('',(-41.07142857142,11.05,24.42));
#9009 = CARTESIAN_POINT('',(-40.80714285714,11.042857142857,24.42));
#9010 = VECTOR('',#9011,1.);
#9011 = DIRECTION('',(0.,0.,1.));
#9012 = ADVANCED_FACE('',(#9013),#9031,.T.);
#9013 = FACE_BOUND('',#9014,.T.);
#9014 = EDGE_LOOP('',(#9015,#9023,#9029,#9030));
#9015 = ORIENTED_EDGE('',*,*,#9016,.T.);
#9016 = EDGE_CURVE('',#2793,#9017,#9019,.T.);
#9017 = VERTEX_POINT('',#9018);
#9018 = CARTESIAN_POINT('',(-41.43571428571,11.65,23.42));
#9019 = LINE('',#9020,#9021);
#9020 = CARTESIAN_POINT('',(-41.43571428571,11.65,24.42));
#9021 = VECTOR('',#9022,1.);
#9022 = DIRECTION('',(-0.,-0.,-1.));
#9023 = ORIENTED_EDGE('',*,*,#9024,.T.);
#9024 = EDGE_CURVE('',#9017,#8991,#9025,.T.);
#9025 = B_SPLINE_CURVE_WITH_KNOTS('',2,(#9026,#9027,#9028),
  .UNSPECIFIED.,.F.,.F.,(3,3),(0.,1.),.PIECEWISE_BEZIER_KNOTS.);
#9026 = CARTESIAN_POINT('',(-41.43571428571,11.65,23.42));
#9027 = CARTESIAN_POINT('',(-41.43571428571,11.464285714286,23.42));
#9028 = CARTESIAN_POINT('',(-41.26428571428,11.264285714286,23.42));
#9029 = ORIENTED_EDGE('',*,*,#8990,.F.);
#9030 = ORIENTED_EDGE('',*,*,#2800,.F.);
#9031 = SURFACE_OF_LINEAR_EXTRUSION('',#9032,#9036);
#9032 = B_SPLINE_CURVE_WITH_KNOTS('',2,(#9033,#9034,#9035),
  .UNSPECIFIED.,.F.,.F.,(3,3),(0.,1.),.PIECEWISE_BEZIER_KNOTS.);
#9033 = CARTESIAN_POINT('',(-41.43571428571,11.65,24.42));
#9034 = CARTESIAN_POINT('',(-41.43571428571,11.464285714286,24.42));
#9035 = CARTESIAN_POINT('',(-41.26428571428,11.264285714286,24.42));
#9036 = VECTOR('',#9037,1.);
#9037 = DIRECTION('',(0.,0.,1.));
#9038 = ADVANCED_FACE('',(#9039),#9050,.T.);
#9039 = FACE_BOUND('',#9040,.T.);
#9040 = EDGE_LOOP('',(#9041,#9042,#9048,#9049));
#9041 = ORIENTED_EDGE('',*,*,#8771,.T.);
#9042 = ORIENTED_EDGE('',*,*,#9043,.T.);
#9043 = EDGE_CURVE('',#8764,#9017,#9044,.T.);
#9044 = LINE('',#9045,#9046);
#9045 = CARTESIAN_POINT('',(-42.23571428571,11.65,23.42));
#9046 = VECTOR('',#9047,1.);
#9047 = DIRECTION('',(1.,-2.22044604925E-16,0.));
#9048 = ORIENTED_EDGE('',*,*,#9016,.F.);
#9049 = ORIENTED_EDGE('',*,*,#2792,.F.);
#9050 = PLANE('',#9051);
#9051 = AXIS2_PLACEMENT_3D('',#9052,#9053,#9054);
#9052 = CARTESIAN_POINT('',(-42.23571428571,11.65,24.42));
#9053 = DIRECTION('',(-2.22044604925E-16,-1.,0.));
#9054 = DIRECTION('',(1.,-2.22044604925E-16,0.));
#9055 = ADVANCED_FACE('',(#9056),#9081,.T.);
#9056 = FACE_BOUND('',#9057,.T.);
#9057 = EDGE_LOOP('',(#9058,#9066,#9074,#9080));
#9058 = ORIENTED_EDGE('',*,*,#9059,.T.);
#9059 = EDGE_CURVE('',#2881,#9060,#9062,.T.);
#9060 = VERTEX_POINT('',#9061);
#9061 = CARTESIAN_POINT('',(-41.94285714285,12.857142857143,23.42));
#9062 = LINE('',#9063,#9064);
#9063 = CARTESIAN_POINT('',(-41.94285714285,12.857142857143,24.42));
#9064 = VECTOR('',#9065,1.);
#9065 = DIRECTION('',(-0.,-0.,-1.));
#9066 = ORIENTED_EDGE('',*,*,#9067,.T.);
#9067 = EDGE_CURVE('',#9060,#9068,#9070,.T.);
#9068 = VERTEX_POINT('',#9069);
#9069 = CARTESIAN_POINT('',(-40.80714285714,13.442857142857,23.42));
#9070 = B_SPLINE_CURVE_WITH_KNOTS('',2,(#9071,#9072,#9073),
  .UNSPECIFIED.,.F.,.F.,(3,3),(0.,1.),.PIECEWISE_BEZIER_KNOTS.);
#9071 = CARTESIAN_POINT('',(-41.94285714285,12.857142857143,23.42));
#9072 = CARTESIAN_POINT('',(-41.51428571428,13.435714285714,23.42));
#9073 = CARTESIAN_POINT('',(-40.80714285714,13.442857142857,23.42));
#9074 = ORIENTED_EDGE('',*,*,#9075,.F.);
#9075 = EDGE_CURVE('',#2883,#9068,#9076,.T.);
#9076 = LINE('',#9077,#9078);
#9077 = CARTESIAN_POINT('',(-40.80714285714,13.442857142857,24.42));
#9078 = VECTOR('',#9079,1.);
#9079 = DIRECTION('',(-0.,-0.,-1.));
#9080 = ORIENTED_EDGE('',*,*,#2880,.F.);
#9081 = SURFACE_OF_LINEAR_EXTRUSION('',#9082,#9086);
#9082 = B_SPLINE_CURVE_WITH_KNOTS('',2,(#9083,#9084,#9085),
  .UNSPECIFIED.,.F.,.F.,(3,3),(0.,1.),.PIECEWISE_BEZIER_KNOTS.);
#9083 = CARTESIAN_POINT('',(-41.94285714285,12.857142857143,24.42));
#9084 = CARTESIAN_POINT('',(-41.51428571428,13.435714285714,24.42));
#9085 = CARTESIAN_POINT('',(-40.80714285714,13.442857142857,24.42));
#9086 = VECTOR('',#9087,1.);
#9087 = DIRECTION('',(0.,0.,1.));
#9088 = ADVANCED_FACE('',(#9089),#9107,.T.);
#9089 = FACE_BOUND('',#9090,.T.);
#9090 = EDGE_LOOP('',(#9091,#9099,#9105,#9106));
#9091 = ORIENTED_EDGE('',*,*,#9092,.T.);
#9092 = EDGE_CURVE('',#2963,#9093,#9095,.T.);
#9093 = VERTEX_POINT('',#9094);
#9094 = CARTESIAN_POINT('',(-42.23571428571,12.042857142857,23.42));
#9095 = LINE('',#9096,#9097);
#9096 = CARTESIAN_POINT('',(-42.23571428571,12.042857142857,24.42));
#9097 = VECTOR('',#9098,1.);
#9098 = DIRECTION('',(-0.,-0.,-1.));
#9099 = ORIENTED_EDGE('',*,*,#9100,.T.);
#9100 = EDGE_CURVE('',#9093,#9060,#9101,.T.);
#9101 = B_SPLINE_CURVE_WITH_KNOTS('',2,(#9102,#9103,#9104),
  .UNSPECIFIED.,.F.,.F.,(3,3),(0.,1.),.PIECEWISE_BEZIER_KNOTS.);
#9102 = CARTESIAN_POINT('',(-42.23571428571,12.042857142857,23.42));
#9103 = CARTESIAN_POINT('',(-42.23571428571,12.45,23.42));
#9104 = CARTESIAN_POINT('',(-41.94285714285,12.857142857143,23.42));
#9105 = ORIENTED_EDGE('',*,*,#9059,.F.);
#9106 = ORIENTED_EDGE('',*,*,#2970,.F.);
#9107 = SURFACE_OF_LINEAR_EXTRUSION('',#9108,#9112);
#9108 = B_SPLINE_CURVE_WITH_KNOTS('',2,(#9109,#9110,#9111),
  .UNSPECIFIED.,.F.,.F.,(3,3),(0.,1.),.PIECEWISE_BEZIER_KNOTS.);
#9109 = CARTESIAN_POINT('',(-42.23571428571,12.042857142857,24.42));
#9110 = CARTESIAN_POINT('',(-42.23571428571,12.45,24.42));
#9111 = CARTESIAN_POINT('',(-41.94285714285,12.857142857143,24.42));
#9112 = VECTOR('',#9113,1.);
#9113 = DIRECTION('',(0.,0.,1.));
#9114 = ADVANCED_FACE('',(#9115),#9133,.T.);
#9115 = FACE_BOUND('',#9116,.T.);
#9116 = EDGE_LOOP('',(#9117,#9125,#9131,#9132));
#9117 = ORIENTED_EDGE('',*,*,#9118,.T.);
#9118 = EDGE_CURVE('',#2955,#9119,#9121,.T.);
#9119 = VERTEX_POINT('',#9120);
#9120 = CARTESIAN_POINT('',(-41.43571428571,12.042857142857,23.42));
#9121 = LINE('',#9122,#9123);
#9122 = CARTESIAN_POINT('',(-41.43571428571,12.042857142857,24.42));
#9123 = VECTOR('',#9124,1.);
#9124 = DIRECTION('',(-0.,-0.,-1.));
#9125 = ORIENTED_EDGE('',*,*,#9126,.T.);
#9126 = EDGE_CURVE('',#9119,#9093,#9127,.T.);
#9127 = LINE('',#9128,#9129);
#9128 = CARTESIAN_POINT('',(-41.43571428571,12.042857142857,23.42));
#9129 = VECTOR('',#9130,1.);
#9130 = DIRECTION('',(-1.,2.22044604925E-16,0.));
#9131 = ORIENTED_EDGE('',*,*,#9092,.F.);
#9132 = ORIENTED_EDGE('',*,*,#2962,.F.);
#9133 = PLANE('',#9134);
#9134 = AXIS2_PLACEMENT_3D('',#9135,#9136,#9137);
#9135 = CARTESIAN_POINT('',(-41.43571428571,12.042857142857,24.42));
#9136 = DIRECTION('',(2.22044604925E-16,1.,0.));
#9137 = DIRECTION('',(-1.,2.22044604925E-16,0.));
#9138 = ADVANCED_FACE('',(#9139),#9157,.T.);
#9139 = FACE_BOUND('',#9140,.T.);
#9140 = EDGE_LOOP('',(#9141,#9149,#9155,#9156));
#9141 = ORIENTED_EDGE('',*,*,#9142,.T.);
#9142 = EDGE_CURVE('',#2947,#9143,#9145,.T.);
#9143 = VERTEX_POINT('',#9144);
#9144 = CARTESIAN_POINT('',(-41.37857142857,12.25,23.42));
#9145 = LINE('',#9146,#9147);
#9146 = CARTESIAN_POINT('',(-41.37857142857,12.25,24.42));
#9147 = VECTOR('',#9148,1.);
#9148 = DIRECTION('',(-0.,-0.,-1.));
#9149 = ORIENTED_EDGE('',*,*,#9150,.T.);
#9150 = EDGE_CURVE('',#9143,#9119,#9151,.T.);
#9151 = B_SPLINE_CURVE_WITH_KNOTS('',2,(#9152,#9153,#9154),
  .UNSPECIFIED.,.F.,.F.,(3,3),(0.,1.),.PIECEWISE_BEZIER_KNOTS.);
#9152 = CARTESIAN_POINT('',(-41.37857142857,12.25,23.42));
#9153 = CARTESIAN_POINT('',(-41.43571428571,12.128571428571,23.42));
#9154 = CARTESIAN_POINT('',(-41.43571428571,12.042857142857,23.42));
#9155 = ORIENTED_EDGE('',*,*,#9118,.F.);
#9156 = ORIENTED_EDGE('',*,*,#2954,.F.);
#9157 = SURFACE_OF_LINEAR_EXTRUSION('',#9158,#9162);
#9158 = B_SPLINE_CURVE_WITH_KNOTS('',2,(#9159,#9160,#9161),
  .UNSPECIFIED.,.F.,.F.,(3,3),(0.,1.),.PIECEWISE_BEZIER_KNOTS.);
#9159 = CARTESIAN_POINT('',(-41.37857142857,12.25,24.42));
#9160 = CARTESIAN_POINT('',(-41.43571428571,12.128571428571,24.42));
#9161 = CARTESIAN_POINT('',(-41.43571428571,12.042857142857,24.42));
#9162 = VECTOR('',#9163,1.);
#9163 = DIRECTION('',(0.,0.,1.));
#9164 = ADVANCED_FACE('',(#9165),#9183,.T.);
#9165 = FACE_BOUND('',#9166,.T.);
#9166 = EDGE_LOOP('',(#9167,#9175,#9181,#9182));
#9167 = ORIENTED_EDGE('',*,*,#9168,.T.);
#9168 = EDGE_CURVE('',#2939,#9169,#9171,.T.);
#9169 = VERTEX_POINT('',#9170);
#9170 = CARTESIAN_POINT('',(-40.80714285714,12.65,23.42));
#9171 = LINE('',#9172,#9173);
#9172 = CARTESIAN_POINT('',(-40.80714285714,12.65,24.42));
#9173 = VECTOR('',#9174,1.);
#9174 = DIRECTION('',(-0.,-0.,-1.));
#9175 = ORIENTED_EDGE('',*,*,#9176,.T.);
#9176 = EDGE_CURVE('',#9169,#9143,#9177,.T.);
#9177 = B_SPLINE_CURVE_WITH_KNOTS('',2,(#9178,#9179,#9180),
  .UNSPECIFIED.,.F.,.F.,(3,3),(0.,1.),.PIECEWISE_BEZIER_KNOTS.);
#9178 = CARTESIAN_POINT('',(-40.80714285714,12.65,23.42));
#9179 = CARTESIAN_POINT('',(-41.19285714285,12.65,23.42));
#9180 = CARTESIAN_POINT('',(-41.37857142857,12.25,23.42));
#9181 = ORIENTED_EDGE('',*,*,#9142,.F.);
#9182 = ORIENTED_EDGE('',*,*,#2946,.F.);
#9183 = SURFACE_OF_LINEAR_EXTRUSION('',#9184,#9188);
#9184 = B_SPLINE_CURVE_WITH_KNOTS('',2,(#9185,#9186,#9187),
  .UNSPECIFIED.,.F.,.F.,(3,3),(0.,1.),.PIECEWISE_BEZIER_KNOTS.);
#9185 = CARTESIAN_POINT('',(-40.80714285714,12.65,24.42));
#9186 = CARTESIAN_POINT('',(-41.19285714285,12.65,24.42));
#9187 = CARTESIAN_POINT('',(-41.37857142857,12.25,24.42));
#9188 = VECTOR('',#9189,1.);
#9189 = DIRECTION('',(0.,0.,1.));
#9190 = ADVANCED_FACE('',(#9191),#9209,.T.);
#9191 = FACE_BOUND('',#9192,.T.);
#9192 = EDGE_LOOP('',(#9193,#9201,#9207,#9208));
#9193 = ORIENTED_EDGE('',*,*,#9194,.T.);
#9194 = EDGE_CURVE('',#2931,#9195,#9197,.T.);
#9195 = VERTEX_POINT('',#9196);
#9196 = CARTESIAN_POINT('',(-38.57142857142,12.65,23.42));
#9197 = LINE('',#9198,#9199);
#9198 = CARTESIAN_POINT('',(-38.57142857142,12.65,24.42));
#9199 = VECTOR('',#9200,1.);
#9200 = DIRECTION('',(-0.,-0.,-1.));
#9201 = ORIENTED_EDGE('',*,*,#9202,.T.);
#9202 = EDGE_CURVE('',#9195,#9169,#9203,.T.);
#9203 = LINE('',#9204,#9205);
#9204 = CARTESIAN_POINT('',(-38.57142857142,12.65,23.42));
#9205 = VECTOR('',#9206,1.);
#9206 = DIRECTION('',(-1.,2.22044604925E-16,0.));
#9207 = ORIENTED_EDGE('',*,*,#9168,.F.);
#9208 = ORIENTED_EDGE('',*,*,#2938,.F.);
#9209 = PLANE('',#9210);
#9210 = AXIS2_PLACEMENT_3D('',#9211,#9212,#9213);
#9211 = CARTESIAN_POINT('',(-38.57142857142,12.65,24.42));
#9212 = DIRECTION('',(2.22044604925E-16,1.,0.));
#9213 = DIRECTION('',(-1.,2.22044604925E-16,0.));
#9214 = ADVANCED_FACE('',(#9215),#9233,.T.);
#9215 = FACE_BOUND('',#9216,.T.);
#9216 = EDGE_LOOP('',(#9217,#9225,#9231,#9232));
#9217 = ORIENTED_EDGE('',*,*,#9218,.T.);
#9218 = EDGE_CURVE('',#2923,#9219,#9221,.T.);
#9219 = VERTEX_POINT('',#9220);
#9220 = CARTESIAN_POINT('',(-38.35714285714,12.592857142857,23.42));
#9221 = LINE('',#9222,#9223);
#9222 = CARTESIAN_POINT('',(-38.35714285714,12.592857142857,24.42));
#9223 = VECTOR('',#9224,1.);
#9224 = DIRECTION('',(-0.,-0.,-1.));
#9225 = ORIENTED_EDGE('',*,*,#9226,.T.);
#9226 = EDGE_CURVE('',#9219,#9195,#9227,.T.);
#9227 = B_SPLINE_CURVE_WITH_KNOTS('',2,(#9228,#9229,#9230),
  .UNSPECIFIED.,.F.,.F.,(3,3),(0.,1.),.PIECEWISE_BEZIER_KNOTS.);
#9228 = CARTESIAN_POINT('',(-38.35714285714,12.592857142857,23.42));
#9229 = CARTESIAN_POINT('',(-38.48571428571,12.65,23.42));
#9230 = CARTESIAN_POINT('',(-38.57142857142,12.65,23.42));
#9231 = ORIENTED_EDGE('',*,*,#9194,.F.);
#9232 = ORIENTED_EDGE('',*,*,#2930,.F.);
#9233 = SURFACE_OF_LINEAR_EXTRUSION('',#9234,#9238);
#9234 = B_SPLINE_CURVE_WITH_KNOTS('',2,(#9235,#9236,#9237),
  .UNSPECIFIED.,.F.,.F.,(3,3),(0.,1.),.PIECEWISE_BEZIER_KNOTS.);
#9235 = CARTESIAN_POINT('',(-38.35714285714,12.592857142857,24.42));
#9236 = CARTESIAN_POINT('',(-38.48571428571,12.65,24.42));
#9237 = CARTESIAN_POINT('',(-38.57142857142,12.65,24.42));
#9238 = VECTOR('',#9239,1.);
#9239 = DIRECTION('',(0.,0.,1.));
#9240 = ADVANCED_FACE('',(#9241),#9259,.T.);
#9241 = FACE_BOUND('',#9242,.T.);
#9242 = EDGE_LOOP('',(#9243,#9251,#9257,#9258));
#9243 = ORIENTED_EDGE('',*,*,#9244,.T.);
#9244 = EDGE_CURVE('',#2915,#9245,#9247,.T.);
#9245 = VERTEX_POINT('',#9246);
#9246 = CARTESIAN_POINT('',(-37.95714285714,12.035714285714,23.42));
#9247 = LINE('',#9248,#9249);
#9248 = CARTESIAN_POINT('',(-37.95714285714,12.035714285714,24.42));
#9249 = VECTOR('',#9250,1.);
#9250 = DIRECTION('',(-0.,-0.,-1.));
#9251 = ORIENTED_EDGE('',*,*,#9252,.T.);
#9252 = EDGE_CURVE('',#9245,#9219,#9253,.T.);
#9253 = B_SPLINE_CURVE_WITH_KNOTS('',2,(#9254,#9255,#9256),
  .UNSPECIFIED.,.F.,.F.,(3,3),(0.,1.),.PIECEWISE_BEZIER_KNOTS.);
#9254 = CARTESIAN_POINT('',(-37.95714285714,12.035714285714,23.42));
#9255 = CARTESIAN_POINT('',(-37.96428571428,12.407142857143,23.42));
#9256 = CARTESIAN_POINT('',(-38.35714285714,12.592857142857,23.42));
#9257 = ORIENTED_EDGE('',*,*,#9218,.F.);
#9258 = ORIENTED_EDGE('',*,*,#2922,.F.);
#9259 = SURFACE_OF_LINEAR_EXTRUSION('',#9260,#9264);
#9260 = B_SPLINE_CURVE_WITH_KNOTS('',2,(#9261,#9262,#9263),
  .UNSPECIFIED.,.F.,.F.,(3,3),(0.,1.),.PIECEWISE_BEZIER_KNOTS.);
#9261 = CARTESIAN_POINT('',(-37.95714285714,12.035714285714,24.42));
#9262 = CARTESIAN_POINT('',(-37.96428571428,12.407142857143,24.42));
#9263 = CARTESIAN_POINT('',(-38.35714285714,12.592857142857,24.42));
#9264 = VECTOR('',#9265,1.);
#9265 = DIRECTION('',(0.,0.,1.));
#9266 = ADVANCED_FACE('',(#9267),#9285,.T.);
#9267 = FACE_BOUND('',#9268,.T.);
#9268 = EDGE_LOOP('',(#9269,#9277,#9283,#9284));
#9269 = ORIENTED_EDGE('',*,*,#9270,.T.);
#9270 = EDGE_CURVE('',#2907,#9271,#9273,.T.);
#9271 = VERTEX_POINT('',#9272);
#9272 = CARTESIAN_POINT('',(-37.16428571428,12.035714285714,23.42));
#9273 = LINE('',#9274,#9275);
#9274 = CARTESIAN_POINT('',(-37.16428571428,12.035714285714,24.42));
#9275 = VECTOR('',#9276,1.);
#9276 = DIRECTION('',(-0.,-0.,-1.));
#9277 = ORIENTED_EDGE('',*,*,#9278,.T.);
#9278 = EDGE_CURVE('',#9271,#9245,#9279,.T.);
#9279 = LINE('',#9280,#9281);
#9280 = CARTESIAN_POINT('',(-37.16428571428,12.035714285714,23.42));
#9281 = VECTOR('',#9282,1.);
#9282 = DIRECTION('',(-1.,2.22044604925E-16,0.));
#9283 = ORIENTED_EDGE('',*,*,#9244,.F.);
#9284 = ORIENTED_EDGE('',*,*,#2914,.F.);
#9285 = PLANE('',#9286);
#9286 = AXIS2_PLACEMENT_3D('',#9287,#9288,#9289);
#9287 = CARTESIAN_POINT('',(-37.16428571428,12.035714285714,24.42));
#9288 = DIRECTION('',(2.22044604925E-16,1.,0.));
#9289 = DIRECTION('',(-1.,2.22044604925E-16,0.));
#9290 = ADVANCED_FACE('',(#9291),#9309,.T.);
#9291 = FACE_BOUND('',#9292,.T.);
#9292 = EDGE_LOOP('',(#9293,#9301,#9307,#9308));
#9293 = ORIENTED_EDGE('',*,*,#9294,.T.);
#9294 = EDGE_CURVE('',#2899,#9295,#9297,.T.);
#9295 = VERTEX_POINT('',#9296);
#9296 = CARTESIAN_POINT('',(-37.68571428571,13.121428571429,23.42));
#9297 = LINE('',#9298,#9299);
#9298 = CARTESIAN_POINT('',(-37.68571428571,13.121428571429,24.42));
#9299 = VECTOR('',#9300,1.);
#9300 = DIRECTION('',(-0.,-0.,-1.));
#9301 = ORIENTED_EDGE('',*,*,#9302,.T.);
#9302 = EDGE_CURVE('',#9295,#9271,#9303,.T.);
#9303 = B_SPLINE_CURVE_WITH_KNOTS('',2,(#9304,#9305,#9306),
  .UNSPECIFIED.,.F.,.F.,(3,3),(0.,1.),.PIECEWISE_BEZIER_KNOTS.);
#9304 = CARTESIAN_POINT('',(-37.68571428571,13.121428571429,23.42));
#9305 = CARTESIAN_POINT('',(-37.17142857142,12.692857142857,23.42));
#9306 = CARTESIAN_POINT('',(-37.16428571428,12.035714285714,23.42));
#9307 = ORIENTED_EDGE('',*,*,#9270,.F.);
#9308 = ORIENTED_EDGE('',*,*,#2906,.F.);
#9309 = SURFACE_OF_LINEAR_EXTRUSION('',#9310,#9314);
#9310 = B_SPLINE_CURVE_WITH_KNOTS('',2,(#9311,#9312,#9313),
  .UNSPECIFIED.,.F.,.F.,(3,3),(0.,1.),.PIECEWISE_BEZIER_KNOTS.);
#9311 = CARTESIAN_POINT('',(-37.68571428571,13.121428571429,24.42));
#9312 = CARTESIAN_POINT('',(-37.17142857142,12.692857142857,24.42));
#9313 = CARTESIAN_POINT('',(-37.16428571428,12.035714285714,24.42));
#9314 = VECTOR('',#9315,1.);
#9315 = DIRECTION('',(0.,0.,1.));
#9316 = ADVANCED_FACE('',(#9317),#9335,.T.);
#9317 = FACE_BOUND('',#9318,.T.);
#9318 = EDGE_LOOP('',(#9319,#9327,#9333,#9334));
#9319 = ORIENTED_EDGE('',*,*,#9320,.T.);
#9320 = EDGE_CURVE('',#2891,#9321,#9323,.T.);
#9321 = VERTEX_POINT('',#9322);
#9322 = CARTESIAN_POINT('',(-38.45714285714,13.442857142857,23.42));
#9323 = LINE('',#9324,#9325);
#9324 = CARTESIAN_POINT('',(-38.45714285714,13.442857142857,24.42));
#9325 = VECTOR('',#9326,1.);
#9326 = DIRECTION('',(-0.,-0.,-1.));
#9327 = ORIENTED_EDGE('',*,*,#9328,.T.);
#9328 = EDGE_CURVE('',#9321,#9295,#9329,.T.);
#9329 = B_SPLINE_CURVE_WITH_KNOTS('',2,(#9330,#9331,#9332),
  .UNSPECIFIED.,.F.,.F.,(3,3),(0.,1.),.PIECEWISE_BEZIER_KNOTS.);
#9330 = CARTESIAN_POINT('',(-38.45714285714,13.442857142857,23.42));
#9331 = CARTESIAN_POINT('',(-38.07857142857,13.442857142857,23.42));
#9332 = CARTESIAN_POINT('',(-37.68571428571,13.121428571429,23.42));
#9333 = ORIENTED_EDGE('',*,*,#9294,.F.);
#9334 = ORIENTED_EDGE('',*,*,#2898,.F.);
#9335 = SURFACE_OF_LINEAR_EXTRUSION('',#9336,#9340);
#9336 = B_SPLINE_CURVE_WITH_KNOTS('',2,(#9337,#9338,#9339),
  .UNSPECIFIED.,.F.,.F.,(3,3),(0.,1.),.PIECEWISE_BEZIER_KNOTS.);
#9337 = CARTESIAN_POINT('',(-38.45714285714,13.442857142857,24.42));
#9338 = CARTESIAN_POINT('',(-38.07857142857,13.442857142857,24.42));
#9339 = CARTESIAN_POINT('',(-37.68571428571,13.121428571429,24.42));
#9340 = VECTOR('',#9341,1.);
#9341 = DIRECTION('',(0.,0.,1.));
#9342 = ADVANCED_FACE('',(#9343),#9354,.T.);
#9343 = FACE_BOUND('',#9344,.T.);
#9344 = EDGE_LOOP('',(#9345,#9346,#9352,#9353));
#9345 = ORIENTED_EDGE('',*,*,#9075,.T.);
#9346 = ORIENTED_EDGE('',*,*,#9347,.T.);
#9347 = EDGE_CURVE('',#9068,#9321,#9348,.T.);
#9348 = LINE('',#9349,#9350);
#9349 = CARTESIAN_POINT('',(-40.80714285714,13.442857142857,23.42));
#9350 = VECTOR('',#9351,1.);
#9351 = DIRECTION('',(1.,-2.22044604925E-16,0.));
#9352 = ORIENTED_EDGE('',*,*,#9320,.F.);
#9353 = ORIENTED_EDGE('',*,*,#2890,.F.);
#9354 = PLANE('',#9355);
#9355 = AXIS2_PLACEMENT_3D('',#9356,#9357,#9358);
#9356 = CARTESIAN_POINT('',(-40.80714285714,13.442857142857,24.42));
#9357 = DIRECTION('',(-2.22044604925E-16,-1.,0.));
#9358 = DIRECTION('',(1.,-2.22044604925E-16,0.));
#9359 = ADVANCED_FACE('',(#9360),#9385,.T.);
#9360 = FACE_BOUND('',#9361,.T.);
#9361 = EDGE_LOOP('',(#9362,#9370,#9378,#9384));
#9362 = ORIENTED_EDGE('',*,*,#9363,.T.);
#9363 = EDGE_CURVE('',#2979,#9364,#9366,.T.);
#9364 = VERTEX_POINT('',#9365);
#9365 = CARTESIAN_POINT('',(-42.09285714285,14.931904761905,23.42));
#9366 = LINE('',#9367,#9368);
#9367 = CARTESIAN_POINT('',(-42.09285714285,14.931904761905,24.42));
#9368 = VECTOR('',#9369,1.);
#9369 = DIRECTION('',(-0.,-0.,-1.));
#9370 = ORIENTED_EDGE('',*,*,#9371,.T.);
#9371 = EDGE_CURVE('',#9364,#9372,#9374,.T.);
#9372 = VERTEX_POINT('',#9373);
#9373 = CARTESIAN_POINT('',(-42.2,15.624761904762,23.42));
#9374 = B_SPLINE_CURVE_WITH_KNOTS('',2,(#9375,#9376,#9377),
  .UNSPECIFIED.,.F.,.F.,(3,3),(0.,1.),.PIECEWISE_BEZIER_KNOTS.);
#9375 = CARTESIAN_POINT('',(-42.09285714285,14.931904761905,23.42));
#9376 = CARTESIAN_POINT('',(-42.2,15.253333333333,23.42));
#9377 = CARTESIAN_POINT('',(-42.2,15.624761904762,23.42));
#9378 = ORIENTED_EDGE('',*,*,#9379,.F.);
#9379 = EDGE_CURVE('',#2981,#9372,#9380,.T.);
#9380 = LINE('',#9381,#9382);
#9381 = CARTESIAN_POINT('',(-42.2,15.624761904762,24.42));
#9382 = VECTOR('',#9383,1.);
#9383 = DIRECTION('',(-0.,-0.,-1.));
#9384 = ORIENTED_EDGE('',*,*,#2978,.F.);
#9385 = SURFACE_OF_LINEAR_EXTRUSION('',#9386,#9390);
#9386 = B_SPLINE_CURVE_WITH_KNOTS('',2,(#9387,#9388,#9389),
  .UNSPECIFIED.,.F.,.F.,(3,3),(0.,1.),.PIECEWISE_BEZIER_KNOTS.);
#9387 = CARTESIAN_POINT('',(-42.09285714285,14.931904761905,24.42));
#9388 = CARTESIAN_POINT('',(-42.2,15.253333333333,24.42));
#9389 = CARTESIAN_POINT('',(-42.2,15.624761904762,24.42));
#9390 = VECTOR('',#9391,1.);
#9391 = DIRECTION('',(0.,0.,1.));
#9392 = ADVANCED_FACE('',(#9393),#9411,.T.);
#9393 = FACE_BOUND('',#9394,.T.);
#9394 = EDGE_LOOP('',(#9395,#9403,#9409,#9410));
#9395 = ORIENTED_EDGE('',*,*,#9396,.T.);
#9396 = EDGE_CURVE('',#3061,#9397,#9399,.T.);
#9397 = VERTEX_POINT('',#9398);
#9398 = CARTESIAN_POINT('',(-40.79285714285,13.99619047619,23.42));
#9399 = LINE('',#9400,#9401);
#9400 = CARTESIAN_POINT('',(-40.79285714285,13.99619047619,24.42));
#9401 = VECTOR('',#9402,1.);
#9402 = DIRECTION('',(-0.,-0.,-1.));
#9403 = ORIENTED_EDGE('',*,*,#9404,.T.);
#9404 = EDGE_CURVE('',#9397,#9364,#9405,.T.);
#9405 = B_SPLINE_CURVE_WITH_KNOTS('',2,(#9406,#9407,#9408),
  .UNSPECIFIED.,.F.,.F.,(3,3),(0.,1.),.PIECEWISE_BEZIER_KNOTS.);
#9406 = CARTESIAN_POINT('',(-40.79285714285,13.99619047619,23.42));
#9407 = CARTESIAN_POINT('',(-41.78571428571,13.99619047619,23.42));
#9408 = CARTESIAN_POINT('',(-42.09285714285,14.931904761905,23.42));
#9409 = ORIENTED_EDGE('',*,*,#9363,.F.);
#9410 = ORIENTED_EDGE('',*,*,#3068,.F.);
#9411 = SURFACE_OF_LINEAR_EXTRUSION('',#9412,#9416);
#9412 = B_SPLINE_CURVE_WITH_KNOTS('',2,(#9413,#9414,#9415),
  .UNSPECIFIED.,.F.,.F.,(3,3),(0.,1.),.PIECEWISE_BEZIER_KNOTS.);
#9413 = CARTESIAN_POINT('',(-40.79285714285,13.99619047619,24.42));
#9414 = CARTESIAN_POINT('',(-41.78571428571,13.99619047619,24.42));
#9415 = CARTESIAN_POINT('',(-42.09285714285,14.931904761905,24.42));
#9416 = VECTOR('',#9417,1.);
#9417 = DIRECTION('',(0.,0.,1.));
#9418 = ADVANCED_FACE('',(#9419),#9437,.T.);
#9419 = FACE_BOUND('',#9420,.T.);
#9420 = EDGE_LOOP('',(#9421,#9429,#9435,#9436));
#9421 = ORIENTED_EDGE('',*,*,#9422,.T.);
#9422 = EDGE_CURVE('',#3053,#9423,#9425,.T.);
#9423 = VERTEX_POINT('',#9424);
#9424 = CARTESIAN_POINT('',(-38.60714285714,13.99619047619,23.42));
#9425 = LINE('',#9426,#9427);
#9426 = CARTESIAN_POINT('',(-38.60714285714,13.99619047619,24.42));
#9427 = VECTOR('',#9428,1.);
#9428 = DIRECTION('',(-0.,-0.,-1.));
#9429 = ORIENTED_EDGE('',*,*,#9430,.T.);
#9430 = EDGE_CURVE('',#9423,#9397,#9431,.T.);
#9431 = LINE('',#9432,#9433);
#9432 = CARTESIAN_POINT('',(-38.60714285714,13.99619047619,23.42));
#9433 = VECTOR('',#9434,1.);
#9434 = DIRECTION('',(-1.,2.22044604925E-16,0.));
#9435 = ORIENTED_EDGE('',*,*,#9396,.F.);
#9436 = ORIENTED_EDGE('',*,*,#3060,.F.);
#9437 = PLANE('',#9438);
#9438 = AXIS2_PLACEMENT_3D('',#9439,#9440,#9441);
#9439 = CARTESIAN_POINT('',(-38.60714285714,13.99619047619,24.42));
#9440 = DIRECTION('',(2.22044604925E-16,1.,0.));
#9441 = DIRECTION('',(-1.,2.22044604925E-16,0.));
#9442 = ADVANCED_FACE('',(#9443),#9461,.T.);
#9443 = FACE_BOUND('',#9444,.T.);
#9444 = EDGE_LOOP('',(#9445,#9453,#9459,#9460));
#9445 = ORIENTED_EDGE('',*,*,#9446,.T.);
#9446 = EDGE_CURVE('',#3045,#9447,#9449,.T.);
#9447 = VERTEX_POINT('',#9448);
#9448 = CARTESIAN_POINT('',(-37.8,14.260476190476,23.42));
#9449 = LINE('',#9450,#9451);
#9450 = CARTESIAN_POINT('',(-37.8,14.260476190476,24.42));
#9451 = VECTOR('',#9452,1.);
#9452 = DIRECTION('',(-0.,-0.,-1.));
#9453 = ORIENTED_EDGE('',*,*,#9454,.T.);
#9454 = EDGE_CURVE('',#9447,#9423,#9455,.T.);
#9455 = B_SPLINE_CURVE_WITH_KNOTS('',2,(#9456,#9457,#9458),
  .UNSPECIFIED.,.F.,.F.,(3,3),(0.,1.),.PIECEWISE_BEZIER_KNOTS.);
#9456 = CARTESIAN_POINT('',(-37.8,14.260476190476,23.42));
#9457 = CARTESIAN_POINT('',(-38.15714285714,13.99619047619,23.42));
#9458 = CARTESIAN_POINT('',(-38.60714285714,13.99619047619,23.42));
#9459 = ORIENTED_EDGE('',*,*,#9422,.F.);
#9460 = ORIENTED_EDGE('',*,*,#3052,.F.);
#9461 = SURFACE_OF_LINEAR_EXTRUSION('',#9462,#9466);
#9462 = B_SPLINE_CURVE_WITH_KNOTS('',2,(#9463,#9464,#9465),
  .UNSPECIFIED.,.F.,.F.,(3,3),(0.,1.),.PIECEWISE_BEZIER_KNOTS.);
#9463 = CARTESIAN_POINT('',(-37.8,14.260476190476,24.42));
#9464 = CARTESIAN_POINT('',(-38.15714285714,13.99619047619,24.42));
#9465 = CARTESIAN_POINT('',(-38.60714285714,13.99619047619,24.42));
#9466 = VECTOR('',#9467,1.);
#9467 = DIRECTION('',(0.,0.,1.));
#9468 = ADVANCED_FACE('',(#9469),#9487,.T.);
#9469 = FACE_BOUND('',#9470,.T.);
#9470 = EDGE_LOOP('',(#9471,#9479,#9485,#9486));
#9471 = ORIENTED_EDGE('',*,*,#9472,.T.);
#9472 = EDGE_CURVE('',#3037,#9473,#9475,.T.);
#9473 = VERTEX_POINT('',#9474);
#9474 = CARTESIAN_POINT('',(-37.2,15.624761904762,23.42));
#9475 = LINE('',#9476,#9477);
#9476 = CARTESIAN_POINT('',(-37.2,15.624761904762,24.42));
#9477 = VECTOR('',#9478,1.);
#9478 = DIRECTION('',(-0.,-0.,-1.));
#9479 = ORIENTED_EDGE('',*,*,#9480,.T.);
#9480 = EDGE_CURVE('',#9473,#9447,#9481,.T.);
#9481 = B_SPLINE_CURVE_WITH_KNOTS('',2,(#9482,#9483,#9484),
  .UNSPECIFIED.,.F.,.F.,(3,3),(0.,1.),.PIECEWISE_BEZIER_KNOTS.);
#9482 = CARTESIAN_POINT('',(-37.2,15.624761904762,23.42));
#9483 = CARTESIAN_POINT('',(-37.2,14.710476190476,23.42));
#9484 = CARTESIAN_POINT('',(-37.8,14.260476190476,23.42));
#9485 = ORIENTED_EDGE('',*,*,#9446,.F.);
#9486 = ORIENTED_EDGE('',*,*,#3044,.F.);
#9487 = SURFACE_OF_LINEAR_EXTRUSION('',#9488,#9492);
#9488 = B_SPLINE_CURVE_WITH_KNOTS('',2,(#9489,#9490,#9491),
  .UNSPECIFIED.,.F.,.F.,(3,3),(0.,1.),.PIECEWISE_BEZIER_KNOTS.);
#9489 = CARTESIAN_POINT('',(-37.2,15.624761904762,24.42));
#9490 = CARTESIAN_POINT('',(-37.2,14.710476190476,24.42));
#9491 = CARTESIAN_POINT('',(-37.8,14.260476190476,24.42));
#9492 = VECTOR('',#9493,1.);
#9493 = DIRECTION('',(0.,0.,1.));
#9494 = ADVANCED_FACE('',(#9495),#9513,.T.);
#9495 = FACE_BOUND('',#9496,.T.);
#9496 = EDGE_LOOP('',(#9497,#9505,#9511,#9512));
#9497 = ORIENTED_EDGE('',*,*,#9498,.T.);
#9498 = EDGE_CURVE('',#3029,#9499,#9501,.T.);
#9499 = VERTEX_POINT('',#9500);
#9500 = CARTESIAN_POINT('',(-37.99285714285,15.624761904762,23.42));
#9501 = LINE('',#9502,#9503);
#9502 = CARTESIAN_POINT('',(-37.99285714285,15.624761904762,24.42));
#9503 = VECTOR('',#9504,1.);
#9504 = DIRECTION('',(-0.,-0.,-1.));
#9505 = ORIENTED_EDGE('',*,*,#9506,.T.);
#9506 = EDGE_CURVE('',#9499,#9473,#9507,.T.);
#9507 = LINE('',#9508,#9509);
#9508 = CARTESIAN_POINT('',(-37.99285714285,15.624761904762,23.42));
#9509 = VECTOR('',#9510,1.);
#9510 = DIRECTION('',(1.,-2.22044604925E-16,0.));
#9511 = ORIENTED_EDGE('',*,*,#9472,.F.);
#9512 = ORIENTED_EDGE('',*,*,#3036,.F.);
#9513 = PLANE('',#9514);
#9514 = AXIS2_PLACEMENT_3D('',#9515,#9516,#9517);
#9515 = CARTESIAN_POINT('',(-37.99285714285,15.624761904762,24.42));
#9516 = DIRECTION('',(-2.22044604925E-16,-1.,0.));
#9517 = DIRECTION('',(1.,-2.22044604925E-16,0.));
#9518 = ADVANCED_FACE('',(#9519),#9537,.T.);
#9519 = FACE_BOUND('',#9520,.T.);
#9520 = EDGE_LOOP('',(#9521,#9529,#9535,#9536));
#9521 = ORIENTED_EDGE('',*,*,#9522,.T.);
#9522 = EDGE_CURVE('',#3021,#9523,#9525,.T.);
#9523 = VERTEX_POINT('',#9524);
#9524 = CARTESIAN_POINT('',(-38.04285714285,15.267619047619,23.42));
#9525 = LINE('',#9526,#9527);
#9526 = CARTESIAN_POINT('',(-38.04285714285,15.267619047619,24.42));
#9527 = VECTOR('',#9528,1.);
#9528 = DIRECTION('',(-0.,-0.,-1.));
#9529 = ORIENTED_EDGE('',*,*,#9530,.T.);
#9530 = EDGE_CURVE('',#9523,#9499,#9531,.T.);
#9531 = B_SPLINE_CURVE_WITH_KNOTS('',2,(#9532,#9533,#9534),
  .UNSPECIFIED.,.F.,.F.,(3,3),(0.,1.),.PIECEWISE_BEZIER_KNOTS.);
#9532 = CARTESIAN_POINT('',(-38.04285714285,15.267619047619,23.42));
#9533 = CARTESIAN_POINT('',(-37.99285714285,15.431904761905,23.42));
#9534 = CARTESIAN_POINT('',(-37.99285714285,15.624761904762,23.42));
#9535 = ORIENTED_EDGE('',*,*,#9498,.F.);
#9536 = ORIENTED_EDGE('',*,*,#3028,.F.);
#9537 = SURFACE_OF_LINEAR_EXTRUSION('',#9538,#9542);
#9538 = B_SPLINE_CURVE_WITH_KNOTS('',2,(#9539,#9540,#9541),
  .UNSPECIFIED.,.F.,.F.,(3,3),(0.,1.),.PIECEWISE_BEZIER_KNOTS.);
#9539 = CARTESIAN_POINT('',(-38.04285714285,15.267619047619,24.42));
#9540 = CARTESIAN_POINT('',(-37.99285714285,15.431904761905,24.42));
#9541 = CARTESIAN_POINT('',(-37.99285714285,15.624761904762,24.42));
#9542 = VECTOR('',#9543,1.);
#9543 = DIRECTION('',(0.,0.,1.));
#9544 = ADVANCED_FACE('',(#9545),#9563,.T.);
#9545 = FACE_BOUND('',#9546,.T.);
#9546 = EDGE_LOOP('',(#9547,#9555,#9561,#9562));
#9547 = ORIENTED_EDGE('',*,*,#9548,.T.);
#9548 = EDGE_CURVE('',#3013,#9549,#9551,.T.);
#9549 = VERTEX_POINT('',#9550);
#9550 = CARTESIAN_POINT('',(-38.60714285714,14.789047619048,23.42));
#9551 = LINE('',#9552,#9553);
#9552 = CARTESIAN_POINT('',(-38.60714285714,14.789047619048,24.42));
#9553 = VECTOR('',#9554,1.);
#9554 = DIRECTION('',(-0.,-0.,-1.));
#9555 = ORIENTED_EDGE('',*,*,#9556,.T.);
#9556 = EDGE_CURVE('',#9549,#9523,#9557,.T.);
#9557 = B_SPLINE_CURVE_WITH_KNOTS('',2,(#9558,#9559,#9560),
  .UNSPECIFIED.,.F.,.F.,(3,3),(0.,1.),.PIECEWISE_BEZIER_KNOTS.);
#9558 = CARTESIAN_POINT('',(-38.60714285714,14.789047619048,23.42));
#9559 = CARTESIAN_POINT('',(-38.17857142857,14.789047619048,23.42));
#9560 = CARTESIAN_POINT('',(-38.04285714285,15.267619047619,23.42));
#9561 = ORIENTED_EDGE('',*,*,#9522,.F.);
#9562 = ORIENTED_EDGE('',*,*,#3020,.F.);
#9563 = SURFACE_OF_LINEAR_EXTRUSION('',#9564,#9568);
#9564 = B_SPLINE_CURVE_WITH_KNOTS('',2,(#9565,#9566,#9567),
  .UNSPECIFIED.,.F.,.F.,(3,3),(0.,1.),.PIECEWISE_BEZIER_KNOTS.);
#9565 = CARTESIAN_POINT('',(-38.60714285714,14.789047619048,24.42));
#9566 = CARTESIAN_POINT('',(-38.17857142857,14.789047619048,24.42));
#9567 = CARTESIAN_POINT('',(-38.04285714285,15.267619047619,24.42));
#9568 = VECTOR('',#9569,1.);
#9569 = DIRECTION('',(0.,0.,1.));
#9570 = ADVANCED_FACE('',(#9571),#9589,.T.);
#9571 = FACE_BOUND('',#9572,.T.);
#9572 = EDGE_LOOP('',(#9573,#9581,#9587,#9588));
#9573 = ORIENTED_EDGE('',*,*,#9574,.T.);
#9574 = EDGE_CURVE('',#3005,#9575,#9577,.T.);
#9575 = VERTEX_POINT('',#9576);
#9576 = CARTESIAN_POINT('',(-40.79285714285,14.789047619048,23.42));
#9577 = LINE('',#9578,#9579);
#9578 = CARTESIAN_POINT('',(-40.79285714285,14.789047619048,24.42));
#9579 = VECTOR('',#9580,1.);
#9580 = DIRECTION('',(-0.,-0.,-1.));
#9581 = ORIENTED_EDGE('',*,*,#9582,.T.);
#9582 = EDGE_CURVE('',#9575,#9549,#9583,.T.);
#9583 = LINE('',#9584,#9585);
#9584 = CARTESIAN_POINT('',(-40.79285714285,14.789047619048,23.42));
#9585 = VECTOR('',#9586,1.);
#9586 = DIRECTION('',(1.,-2.22044604925E-16,0.));
#9587 = ORIENTED_EDGE('',*,*,#9548,.F.);
#9588 = ORIENTED_EDGE('',*,*,#3012,.F.);
#9589 = PLANE('',#9590);
#9590 = AXIS2_PLACEMENT_3D('',#9591,#9592,#9593);
#9591 = CARTESIAN_POINT('',(-40.79285714285,14.789047619048,24.42));
#9592 = DIRECTION('',(-2.22044604925E-16,-1.,0.));
#9593 = DIRECTION('',(1.,-2.22044604925E-16,0.));
#9594 = ADVANCED_FACE('',(#9595),#9613,.T.);
#9595 = FACE_BOUND('',#9596,.T.);
#9596 = EDGE_LOOP('',(#9597,#9605,#9611,#9612));
#9597 = ORIENTED_EDGE('',*,*,#9598,.T.);
#9598 = EDGE_CURVE('',#2997,#9599,#9601,.T.);
#9599 = VERTEX_POINT('',#9600);
#9600 = CARTESIAN_POINT('',(-40.80714285714,14.789047619048,23.42));
#9601 = LINE('',#9602,#9603);
#9602 = CARTESIAN_POINT('',(-40.80714285714,14.789047619048,24.42));
#9603 = VECTOR('',#9604,1.);
#9604 = DIRECTION('',(-0.,-0.,-1.));
#9605 = ORIENTED_EDGE('',*,*,#9606,.T.);
#9606 = EDGE_CURVE('',#9599,#9575,#9607,.T.);
#9607 = B_SPLINE_CURVE_WITH_KNOTS('',2,(#9608,#9609,#9610),
  .UNSPECIFIED.,.F.,.F.,(3,3),(0.,1.),.PIECEWISE_BEZIER_KNOTS.);
#9608 = CARTESIAN_POINT('',(-40.80714285714,14.789047619048,23.42));
#9609 = CARTESIAN_POINT('',(-40.8,14.789047619048,23.42));
#9610 = CARTESIAN_POINT('',(-40.79285714285,14.789047619048,23.42));
#9611 = ORIENTED_EDGE('',*,*,#9574,.F.);
#9612 = ORIENTED_EDGE('',*,*,#3004,.F.);
#9613 = SURFACE_OF_LINEAR_EXTRUSION('',#9614,#9618);
#9614 = B_SPLINE_CURVE_WITH_KNOTS('',2,(#9615,#9616,#9617),
  .UNSPECIFIED.,.F.,.F.,(3,3),(0.,1.),.PIECEWISE_BEZIER_KNOTS.);
#9615 = CARTESIAN_POINT('',(-40.80714285714,14.789047619048,24.42));
#9616 = CARTESIAN_POINT('',(-40.8,14.789047619048,24.42));
#9617 = CARTESIAN_POINT('',(-40.79285714285,14.789047619048,24.42));
#9618 = VECTOR('',#9619,1.);
#9619 = DIRECTION('',(0.,0.,1.));
#9620 = ADVANCED_FACE('',(#9621),#9639,.T.);
#9621 = FACE_BOUND('',#9622,.T.);
#9622 = EDGE_LOOP('',(#9623,#9631,#9637,#9638));
#9623 = ORIENTED_EDGE('',*,*,#9624,.T.);
#9624 = EDGE_CURVE('',#2989,#9625,#9627,.T.);
#9625 = VERTEX_POINT('',#9626);
#9626 = CARTESIAN_POINT('',(-41.40714285714,15.624761904762,23.42));
#9627 = LINE('',#9628,#9629);
#9628 = CARTESIAN_POINT('',(-41.40714285714,15.624761904762,24.42));
#9629 = VECTOR('',#9630,1.);
#9630 = DIRECTION('',(-0.,-0.,-1.));
#9631 = ORIENTED_EDGE('',*,*,#9632,.T.);
#9632 = EDGE_CURVE('',#9625,#9599,#9633,.T.);
#9633 = B_SPLINE_CURVE_WITH_KNOTS('',2,(#9634,#9635,#9636),
  .UNSPECIFIED.,.F.,.F.,(3,3),(0.,1.),.PIECEWISE_BEZIER_KNOTS.);
#9634 = CARTESIAN_POINT('',(-41.40714285714,15.624761904762,23.42));
#9635 = CARTESIAN_POINT('',(-41.40714285714,14.803333333333,23.42));
#9636 = CARTESIAN_POINT('',(-40.80714285714,14.789047619048,23.42));
#9637 = ORIENTED_EDGE('',*,*,#9598,.F.);
#9638 = ORIENTED_EDGE('',*,*,#2996,.F.);
#9639 = SURFACE_OF_LINEAR_EXTRUSION('',#9640,#9644);
#9640 = B_SPLINE_CURVE_WITH_KNOTS('',2,(#9641,#9642,#9643),
  .UNSPECIFIED.,.F.,.F.,(3,3),(0.,1.),.PIECEWISE_BEZIER_KNOTS.);
#9641 = CARTESIAN_POINT('',(-41.40714285714,15.624761904762,24.42));
#9642 = CARTESIAN_POINT('',(-41.40714285714,14.803333333333,24.42));
#9643 = CARTESIAN_POINT('',(-40.80714285714,14.789047619048,24.42));
#9644 = VECTOR('',#9645,1.);
#9645 = DIRECTION('',(0.,0.,1.));
#9646 = ADVANCED_FACE('',(#9647),#9658,.T.);
#9647 = FACE_BOUND('',#9648,.T.);
#9648 = EDGE_LOOP('',(#9649,#9650,#9656,#9657));
#9649 = ORIENTED_EDGE('',*,*,#9379,.T.);
#9650 = ORIENTED_EDGE('',*,*,#9651,.T.);
#9651 = EDGE_CURVE('',#9372,#9625,#9652,.T.);
#9652 = LINE('',#9653,#9654);
#9653 = CARTESIAN_POINT('',(-42.2,15.624761904762,23.42));
#9654 = VECTOR('',#9655,1.);
#9655 = DIRECTION('',(1.,-2.22044604925E-16,0.));
#9656 = ORIENTED_EDGE('',*,*,#9624,.F.);
#9657 = ORIENTED_EDGE('',*,*,#2988,.F.);
#9658 = PLANE('',#9659);
#9659 = AXIS2_PLACEMENT_3D('',#9660,#9661,#9662);
#9660 = CARTESIAN_POINT('',(-42.2,15.624761904762,24.42));
#9661 = DIRECTION('',(-2.22044604925E-16,-1.,0.));
#9662 = DIRECTION('',(1.,-2.22044604925E-16,0.));
#9663 = ADVANCED_FACE('',(#9664),#9689,.T.);
#9664 = FACE_BOUND('',#9665,.T.);
#9665 = EDGE_LOOP('',(#9666,#9674,#9682,#9688));
#9666 = ORIENTED_EDGE('',*,*,#9667,.T.);
#9667 = EDGE_CURVE('',#3077,#9668,#9670,.T.);
#9668 = VERTEX_POINT('',#9669);
#9669 = CARTESIAN_POINT('',(-42.2,15.99619047619,23.42));
#9670 = LINE('',#9671,#9672);
#9671 = CARTESIAN_POINT('',(-42.2,15.99619047619,24.42));
#9672 = VECTOR('',#9673,1.);
#9673 = DIRECTION('',(-0.,-0.,-1.));
#9674 = ORIENTED_EDGE('',*,*,#9675,.T.);
#9675 = EDGE_CURVE('',#9668,#9676,#9678,.T.);
#9676 = VERTEX_POINT('',#9677);
#9677 = CARTESIAN_POINT('',(-42.2,16.79619047619,23.42));
#9678 = LINE('',#9679,#9680);
#9679 = CARTESIAN_POINT('',(-42.2,15.99619047619,23.42));
#9680 = VECTOR('',#9681,1.);
#9681 = DIRECTION('',(2.22044604925E-16,1.,0.));
#9682 = ORIENTED_EDGE('',*,*,#9683,.F.);
#9683 = EDGE_CURVE('',#3079,#9676,#9684,.T.);
#9684 = LINE('',#9685,#9686);
#9685 = CARTESIAN_POINT('',(-42.2,16.79619047619,24.42));
#9686 = VECTOR('',#9687,1.);
#9687 = DIRECTION('',(-0.,-0.,-1.));
#9688 = ORIENTED_EDGE('',*,*,#3076,.F.);
#9689 = PLANE('',#9690);
#9690 = AXIS2_PLACEMENT_3D('',#9691,#9692,#9693);
#9691 = CARTESIAN_POINT('',(-42.2,15.99619047619,24.42));
#9692 = DIRECTION('',(1.,-2.22044604925E-16,0.));
#9693 = DIRECTION('',(2.22044604925E-16,1.,0.));
#9694 = ADVANCED_FACE('',(#9695),#9713,.T.);
#9695 = FACE_BOUND('',#9696,.T.);
#9696 = EDGE_LOOP('',(#9697,#9705,#9711,#9712));
#9697 = ORIENTED_EDGE('',*,*,#9698,.T.);
#9698 = EDGE_CURVE('',#3095,#9699,#9701,.T.);
#9699 = VERTEX_POINT('',#9700);
#9700 = CARTESIAN_POINT('',(-37.2,15.99619047619,23.42));
#9701 = LINE('',#9702,#9703);
#9702 = CARTESIAN_POINT('',(-37.2,15.99619047619,24.42));
#9703 = VECTOR('',#9704,1.);
#9704 = DIRECTION('',(-0.,-0.,-1.));
#9705 = ORIENTED_EDGE('',*,*,#9706,.T.);
#9706 = EDGE_CURVE('',#9699,#9668,#9707,.T.);
#9707 = LINE('',#9708,#9709);
#9708 = CARTESIAN_POINT('',(-37.2,15.99619047619,23.42));
#9709 = VECTOR('',#9710,1.);
#9710 = DIRECTION('',(-1.,2.22044604925E-16,0.));
#9711 = ORIENTED_EDGE('',*,*,#9667,.F.);
#9712 = ORIENTED_EDGE('',*,*,#3102,.F.);
#9713 = PLANE('',#9714);
#9714 = AXIS2_PLACEMENT_3D('',#9715,#9716,#9717);
#9715 = CARTESIAN_POINT('',(-37.2,15.99619047619,24.42));
#9716 = DIRECTION('',(2.22044604925E-16,1.,0.));
#9717 = DIRECTION('',(-1.,2.22044604925E-16,0.));
#9718 = ADVANCED_FACE('',(#9719),#9737,.T.);
#9719 = FACE_BOUND('',#9720,.T.);
#9720 = EDGE_LOOP('',(#9721,#9729,#9735,#9736));
#9721 = ORIENTED_EDGE('',*,*,#9722,.T.);
#9722 = EDGE_CURVE('',#3087,#9723,#9725,.T.);
#9723 = VERTEX_POINT('',#9724);
#9724 = CARTESIAN_POINT('',(-37.2,16.79619047619,23.42));
#9725 = LINE('',#9726,#9727);
#9726 = CARTESIAN_POINT('',(-37.2,16.79619047619,24.42));
#9727 = VECTOR('',#9728,1.);
#9728 = DIRECTION('',(-0.,-0.,-1.));
#9729 = ORIENTED_EDGE('',*,*,#9730,.T.);
#9730 = EDGE_CURVE('',#9723,#9699,#9731,.T.);
#9731 = LINE('',#9732,#9733);
#9732 = CARTESIAN_POINT('',(-37.2,16.79619047619,23.42));
#9733 = VECTOR('',#9734,1.);
#9734 = DIRECTION('',(-2.22044604925E-16,-1.,0.));
#9735 = ORIENTED_EDGE('',*,*,#9698,.F.);
#9736 = ORIENTED_EDGE('',*,*,#3094,.F.);
#9737 = PLANE('',#9738);
#9738 = AXIS2_PLACEMENT_3D('',#9739,#9740,#9741);
#9739 = CARTESIAN_POINT('',(-37.2,16.79619047619,24.42));
#9740 = DIRECTION('',(-1.,2.22044604925E-16,0.));
#9741 = DIRECTION('',(-2.22044604925E-16,-1.,0.));
#9742 = ADVANCED_FACE('',(#9743),#9754,.T.);
#9743 = FACE_BOUND('',#9744,.T.);
#9744 = EDGE_LOOP('',(#9745,#9746,#9752,#9753));
#9745 = ORIENTED_EDGE('',*,*,#9683,.T.);
#9746 = ORIENTED_EDGE('',*,*,#9747,.T.);
#9747 = EDGE_CURVE('',#9676,#9723,#9748,.T.);
#9748 = LINE('',#9749,#9750);
#9749 = CARTESIAN_POINT('',(-42.2,16.79619047619,23.42));
#9750 = VECTOR('',#9751,1.);
#9751 = DIRECTION('',(1.,-2.22044604925E-16,0.));
#9752 = ORIENTED_EDGE('',*,*,#9722,.F.);
#9753 = ORIENTED_EDGE('',*,*,#3086,.F.);
#9754 = PLANE('',#9755);
#9755 = AXIS2_PLACEMENT_3D('',#9756,#9757,#9758);
#9756 = CARTESIAN_POINT('',(-42.2,16.79619047619,24.42));
#9757 = DIRECTION('',(-2.22044604925E-16,-1.,0.));
#9758 = DIRECTION('',(1.,-2.22044604925E-16,0.));
#9759 = ADVANCED_FACE('',(#9760),#9785,.T.);
#9760 = FACE_BOUND('',#9761,.T.);
#9761 = EDGE_LOOP('',(#9762,#9770,#9778,#9784));
#9762 = ORIENTED_EDGE('',*,*,#9763,.T.);
#9763 = EDGE_CURVE('',#3111,#9764,#9766,.T.);
#9764 = VERTEX_POINT('',#9765);
#9765 = CARTESIAN_POINT('',(-40.47857142857,17.446666666667,23.42));
#9766 = LINE('',#9767,#9768);
#9767 = CARTESIAN_POINT('',(-40.47857142857,17.446666666667,24.42));
#9768 = VECTOR('',#9769,1.);
#9769 = DIRECTION('',(-0.,-0.,-1.));
#9770 = ORIENTED_EDGE('',*,*,#9771,.T.);
#9771 = EDGE_CURVE('',#9764,#9772,#9774,.T.);
#9772 = VERTEX_POINT('',#9773);
#9773 = CARTESIAN_POINT('',(-39.28571428571,18.189523809524,23.42));
#9774 = LINE('',#9775,#9776);
#9775 = CARTESIAN_POINT('',(-40.47857142857,17.446666666667,23.42));
#9776 = VECTOR('',#9777,1.);
#9777 = DIRECTION('',(0.848853874434,0.528627562522,0.));
#9778 = ORIENTED_EDGE('',*,*,#9779,.F.);
#9779 = EDGE_CURVE('',#3113,#9772,#9780,.T.);
#9780 = LINE('',#9781,#9782);
#9781 = CARTESIAN_POINT('',(-39.28571428571,18.189523809524,24.42));
#9782 = VECTOR('',#9783,1.);
#9783 = DIRECTION('',(-0.,-0.,-1.));
#9784 = ORIENTED_EDGE('',*,*,#3110,.F.);
#9785 = PLANE('',#9786);
#9786 = AXIS2_PLACEMENT_3D('',#9787,#9788,#9789);
#9787 = CARTESIAN_POINT('',(-40.47857142857,17.446666666667,24.42));
#9788 = DIRECTION('',(0.528627562522,-0.848853874434,0.));
#9789 = DIRECTION('',(0.848853874434,0.528627562522,0.));
#9790 = ADVANCED_FACE('',(#9791),#9809,.T.);
#9791 = FACE_BOUND('',#9792,.T.);
#9792 = EDGE_LOOP('',(#9793,#9801,#9807,#9808));
#9793 = ORIENTED_EDGE('',*,*,#9794,.T.);
#9794 = EDGE_CURVE('',#3137,#9795,#9797,.T.);
#9795 = VERTEX_POINT('',#9796);
#9796 = CARTESIAN_POINT('',(-40.47857142857,17.389523809524,23.42));
#9797 = LINE('',#9798,#9799);
#9798 = CARTESIAN_POINT('',(-40.47857142857,17.389523809524,24.42));
#9799 = VECTOR('',#9800,1.);
#9800 = DIRECTION('',(-0.,-0.,-1.));
#9801 = ORIENTED_EDGE('',*,*,#9802,.T.);
#9802 = EDGE_CURVE('',#9795,#9764,#9803,.T.);
#9803 = LINE('',#9804,#9805);
#9804 = CARTESIAN_POINT('',(-40.47857142857,17.389523809524,23.42));
#9805 = VECTOR('',#9806,1.);
#9806 = DIRECTION('',(2.22044604925E-16,1.,0.));
#9807 = ORIENTED_EDGE('',*,*,#9763,.F.);
#9808 = ORIENTED_EDGE('',*,*,#3144,.F.);
#9809 = PLANE('',#9810);
#9810 = AXIS2_PLACEMENT_3D('',#9811,#9812,#9813);
#9811 = CARTESIAN_POINT('',(-40.47857142857,17.389523809524,24.42));
#9812 = DIRECTION('',(1.,-2.22044604925E-16,0.));
#9813 = DIRECTION('',(2.22044604925E-16,1.,0.));
#9814 = ADVANCED_FACE('',(#9815),#9833,.T.);
#9815 = FACE_BOUND('',#9816,.T.);
#9816 = EDGE_LOOP('',(#9817,#9825,#9831,#9832));
#9817 = ORIENTED_EDGE('',*,*,#9818,.T.);
#9818 = EDGE_CURVE('',#3129,#9819,#9821,.T.);
#9819 = VERTEX_POINT('',#9820);
#9820 = CARTESIAN_POINT('',(-37.2,17.389523809524,23.42));
#9821 = LINE('',#9822,#9823);
#9822 = CARTESIAN_POINT('',(-37.2,17.389523809524,24.42));
#9823 = VECTOR('',#9824,1.);
#9824 = DIRECTION('',(-0.,-0.,-1.));
#9825 = ORIENTED_EDGE('',*,*,#9826,.T.);
#9826 = EDGE_CURVE('',#9819,#9795,#9827,.T.);
#9827 = LINE('',#9828,#9829);
#9828 = CARTESIAN_POINT('',(-37.2,17.389523809524,23.42));
#9829 = VECTOR('',#9830,1.);
#9830 = DIRECTION('',(-1.,2.22044604925E-16,0.));
#9831 = ORIENTED_EDGE('',*,*,#9794,.F.);
#9832 = ORIENTED_EDGE('',*,*,#3136,.F.);
#9833 = PLANE('',#9834);
#9834 = AXIS2_PLACEMENT_3D('',#9835,#9836,#9837);
#9835 = CARTESIAN_POINT('',(-37.2,17.389523809524,24.42));
#9836 = DIRECTION('',(2.22044604925E-16,1.,0.));
#9837 = DIRECTION('',(-1.,2.22044604925E-16,0.));
#9838 = ADVANCED_FACE('',(#9839),#9857,.T.);
#9839 = FACE_BOUND('',#9840,.T.);
#9840 = EDGE_LOOP('',(#9841,#9849,#9855,#9856));
#9841 = ORIENTED_EDGE('',*,*,#9842,.T.);
#9842 = EDGE_CURVE('',#3121,#9843,#9845,.T.);
#9843 = VERTEX_POINT('',#9844);
#9844 = CARTESIAN_POINT('',(-37.2,18.189523809524,23.42));
#9845 = LINE('',#9846,#9847);
#9846 = CARTESIAN_POINT('',(-37.2,18.189523809524,24.42));
#9847 = VECTOR('',#9848,1.);
#9848 = DIRECTION('',(-0.,-0.,-1.));
#9849 = ORIENTED_EDGE('',*,*,#9850,.T.);
#9850 = EDGE_CURVE('',#9843,#9819,#9851,.T.);
#9851 = LINE('',#9852,#9853);
#9852 = CARTESIAN_POINT('',(-37.2,18.189523809524,23.42));
#9853 = VECTOR('',#9854,1.);
#9854 = DIRECTION('',(-2.22044604925E-16,-1.,0.));
#9855 = ORIENTED_EDGE('',*,*,#9818,.F.);
#9856 = ORIENTED_EDGE('',*,*,#3128,.F.);
#9857 = PLANE('',#9858);
#9858 = AXIS2_PLACEMENT_3D('',#9859,#9860,#9861);
#9859 = CARTESIAN_POINT('',(-37.2,18.189523809524,24.42));
#9860 = DIRECTION('',(-1.,2.22044604925E-16,0.));
#9861 = DIRECTION('',(-2.22044604925E-16,-1.,0.));
#9862 = ADVANCED_FACE('',(#9863),#9874,.T.);
#9863 = FACE_BOUND('',#9864,.T.);
#9864 = EDGE_LOOP('',(#9865,#9866,#9872,#9873));
#9865 = ORIENTED_EDGE('',*,*,#9779,.T.);
#9866 = ORIENTED_EDGE('',*,*,#9867,.T.);
#9867 = EDGE_CURVE('',#9772,#9843,#9868,.T.);
#9868 = LINE('',#9869,#9870);
#9869 = CARTESIAN_POINT('',(-39.28571428571,18.189523809524,23.42));
#9870 = VECTOR('',#9871,1.);
#9871 = DIRECTION('',(1.,-2.22044604925E-16,0.));
#9872 = ORIENTED_EDGE('',*,*,#9842,.F.);
#9873 = ORIENTED_EDGE('',*,*,#3120,.F.);
#9874 = PLANE('',#9875);
#9875 = AXIS2_PLACEMENT_3D('',#9876,#9877,#9878);
#9876 = CARTESIAN_POINT('',(-39.28571428571,18.189523809524,24.42));
#9877 = DIRECTION('',(-2.22044604925E-16,-1.,0.));
#9878 = DIRECTION('',(1.,-2.22044604925E-16,0.));
#9879 = ADVANCED_FACE('',(#9880),#9905,.T.);
#9880 = FACE_BOUND('',#9881,.T.);
#9881 = EDGE_LOOP('',(#9882,#9890,#9898,#9904));
#9882 = ORIENTED_EDGE('',*,*,#9883,.T.);
#9883 = EDGE_CURVE('',#3153,#9884,#9886,.T.);
#9884 = VERTEX_POINT('',#9885);
#9885 = CARTESIAN_POINT('',(-42.2,17.775238095238,23.42));
#9886 = LINE('',#9887,#9888);
#9887 = CARTESIAN_POINT('',(-42.2,17.775238095238,24.42));
#9888 = VECTOR('',#9889,1.);
#9889 = DIRECTION('',(-0.,-0.,-1.));
#9890 = ORIENTED_EDGE('',*,*,#9891,.T.);
#9891 = EDGE_CURVE('',#9884,#9892,#9894,.T.);
#9892 = VERTEX_POINT('',#9893);
#9893 = CARTESIAN_POINT('',(-37.71428571428,20.568095238095,23.42));
#9894 = LINE('',#9895,#9896);
#9895 = CARTESIAN_POINT('',(-42.2,17.775238095238,23.42));
#9896 = VECTOR('',#9897,1.);
#9897 = DIRECTION('',(0.848908352634,0.528540073057,0.));
#9898 = ORIENTED_EDGE('',*,*,#9899,.F.);
#9899 = EDGE_CURVE('',#3155,#9892,#9900,.T.);
#9900 = LINE('',#9901,#9902);
#9901 = CARTESIAN_POINT('',(-37.71428571428,20.568095238095,24.42));
#9902 = VECTOR('',#9903,1.);
#9903 = DIRECTION('',(-0.,-0.,-1.));
#9904 = ORIENTED_EDGE('',*,*,#3152,.F.);
#9905 = PLANE('',#9906);
#9906 = AXIS2_PLACEMENT_3D('',#9907,#9908,#9909);
#9907 = CARTESIAN_POINT('',(-42.2,17.775238095238,24.42));
#9908 = DIRECTION('',(0.528540073057,-0.848908352634,0.));
#9909 = DIRECTION('',(0.848908352634,0.528540073057,0.));
#9910 = ADVANCED_FACE('',(#9911),#9929,.T.);
#9911 = FACE_BOUND('',#9912,.T.);
#9912 = EDGE_LOOP('',(#9913,#9921,#9927,#9928));
#9913 = ORIENTED_EDGE('',*,*,#9914,.T.);
#9914 = EDGE_CURVE('',#3187,#9915,#9917,.T.);
#9915 = VERTEX_POINT('',#9916);
#9916 = CARTESIAN_POINT('',(-42.2,17.389523809524,23.42));
#9917 = LINE('',#9918,#9919);
#9918 = CARTESIAN_POINT('',(-42.2,17.389523809524,24.42));
#9919 = VECTOR('',#9920,1.);
#9920 = DIRECTION('',(-0.,-0.,-1.));
#9921 = ORIENTED_EDGE('',*,*,#9922,.T.);
#9922 = EDGE_CURVE('',#9915,#9884,#9923,.T.);
#9923 = LINE('',#9924,#9925);
#9924 = CARTESIAN_POINT('',(-42.2,17.389523809524,23.42));
#9925 = VECTOR('',#9926,1.);
#9926 = DIRECTION('',(2.22044604925E-16,1.,0.));
#9927 = ORIENTED_EDGE('',*,*,#9883,.F.);
#9928 = ORIENTED_EDGE('',*,*,#3194,.F.);
#9929 = PLANE('',#9930);
#9930 = AXIS2_PLACEMENT_3D('',#9931,#9932,#9933);
#9931 = CARTESIAN_POINT('',(-42.2,17.389523809524,24.42));
#9932 = DIRECTION('',(1.,-2.22044604925E-16,0.));
#9933 = DIRECTION('',(2.22044604925E-16,1.,0.));
#9934 = ADVANCED_FACE('',(#9935),#9953,.T.);
#9935 = FACE_BOUND('',#9936,.T.);
#9936 = EDGE_LOOP('',(#9937,#9945,#9951,#9952));
#9937 = ORIENTED_EDGE('',*,*,#9938,.T.);
#9938 = EDGE_CURVE('',#3179,#9939,#9941,.T.);
#9939 = VERTEX_POINT('',#9940);
#9940 = CARTESIAN_POINT('',(-41.23571428571,17.389523809524,23.42));
#9941 = LINE('',#9942,#9943);
#9942 = CARTESIAN_POINT('',(-41.23571428571,17.389523809524,24.42));
#9943 = VECTOR('',#9944,1.);
#9944 = DIRECTION('',(-0.,-0.,-1.));
#9945 = ORIENTED_EDGE('',*,*,#9946,.T.);
#9946 = EDGE_CURVE('',#9939,#9915,#9947,.T.);
#9947 = LINE('',#9948,#9949);
#9948 = CARTESIAN_POINT('',(-41.23571428571,17.389523809524,23.42));
#9949 = VECTOR('',#9950,1.);
#9950 = DIRECTION('',(-1.,2.22044604925E-16,0.));
#9951 = ORIENTED_EDGE('',*,*,#9914,.F.);
#9952 = ORIENTED_EDGE('',*,*,#3186,.F.);
#9953 = PLANE('',#9954);
#9954 = AXIS2_PLACEMENT_3D('',#9955,#9956,#9957);
#9955 = CARTESIAN_POINT('',(-41.23571428571,17.389523809524,24.42));
#9956 = DIRECTION('',(2.22044604925E-16,1.,0.));
#9957 = DIRECTION('',(-1.,2.22044604925E-16,0.));
#9958 = ADVANCED_FACE('',(#9959),#9977,.T.);
#9959 = FACE_BOUND('',#9960,.T.);
#9960 = EDGE_LOOP('',(#9961,#9969,#9975,#9976));
#9961 = ORIENTED_EDGE('',*,*,#9962,.T.);
#9962 = EDGE_CURVE('',#3171,#9963,#9965,.T.);
#9963 = VERTEX_POINT('',#9964);
#9964 = CARTESIAN_POINT('',(-37.2,19.90380952381,23.42));
#9965 = LINE('',#9966,#9967);
#9966 = CARTESIAN_POINT('',(-37.2,19.90380952381,24.42));
#9967 = VECTOR('',#9968,1.);
#9968 = DIRECTION('',(-0.,-0.,-1.));
#9969 = ORIENTED_EDGE('',*,*,#9970,.T.);
#9970 = EDGE_CURVE('',#9963,#9939,#9971,.T.);
#9971 = LINE('',#9972,#9973);
#9972 = CARTESIAN_POINT('',(-37.2,19.90380952381,23.42));
#9973 = VECTOR('',#9974,1.);
#9974 = DIRECTION('',(-0.848756985023,-0.528783112793,0.));
#9975 = ORIENTED_EDGE('',*,*,#9938,.F.);
#9976 = ORIENTED_EDGE('',*,*,#3178,.F.);
#9977 = PLANE('',#9978);
#9978 = AXIS2_PLACEMENT_3D('',#9979,#9980,#9981);
#9979 = CARTESIAN_POINT('',(-37.2,19.90380952381,24.42));
#9980 = DIRECTION('',(-0.528783112793,0.848756985023,0.));
#9981 = DIRECTION('',(-0.848756985023,-0.528783112793,0.));
#9982 = ADVANCED_FACE('',(#9983),#10001,.T.);
#9983 = FACE_BOUND('',#9984,.T.);
#9984 = EDGE_LOOP('',(#9985,#9993,#9999,#10000));
#9985 = ORIENTED_EDGE('',*,*,#9986,.T.);
#9986 = EDGE_CURVE('',#3163,#9987,#9989,.T.);
#9987 = VERTEX_POINT('',#9988);
#9988 = CARTESIAN_POINT('',(-37.2,20.568095238095,23.42));
#9989 = LINE('',#9990,#9991);
#9990 = CARTESIAN_POINT('',(-37.2,20.568095238095,24.42));
#9991 = VECTOR('',#9992,1.);
#9992 = DIRECTION('',(-0.,-0.,-1.));
#9993 = ORIENTED_EDGE('',*,*,#9994,.T.);
#9994 = EDGE_CURVE('',#9987,#9963,#9995,.T.);
#9995 = LINE('',#9996,#9997);
#9996 = CARTESIAN_POINT('',(-37.2,20.568095238095,23.42));
#9997 = VECTOR('',#9998,1.);
#9998 = DIRECTION('',(-2.22044604925E-16,-1.,0.));
#9999 = ORIENTED_EDGE('',*,*,#9962,.F.);
#10000 = ORIENTED_EDGE('',*,*,#3170,.F.);
#10001 = PLANE('',#10002);
#10002 = AXIS2_PLACEMENT_3D('',#10003,#10004,#10005);
#10003 = CARTESIAN_POINT('',(-37.2,20.568095238095,24.42));
#10004 = DIRECTION('',(-1.,2.22044604925E-16,0.));
#10005 = DIRECTION('',(-2.22044604925E-16,-1.,0.));
#10006 = ADVANCED_FACE('',(#10007),#10018,.T.);
#10007 = FACE_BOUND('',#10008,.T.);
#10008 = EDGE_LOOP('',(#10009,#10010,#10016,#10017));
#10009 = ORIENTED_EDGE('',*,*,#9899,.T.);
#10010 = ORIENTED_EDGE('',*,*,#10011,.T.);
#10011 = EDGE_CURVE('',#9892,#9987,#10012,.T.);
#10012 = LINE('',#10013,#10014);
#10013 = CARTESIAN_POINT('',(-37.71428571428,20.568095238095,23.42));
#10014 = VECTOR('',#10015,1.);
#10015 = DIRECTION('',(1.,-2.22044604925E-16,0.));
#10016 = ORIENTED_EDGE('',*,*,#9986,.F.);
#10017 = ORIENTED_EDGE('',*,*,#3162,.F.);
#10018 = PLANE('',#10019);
#10019 = AXIS2_PLACEMENT_3D('',#10020,#10021,#10022);
#10020 = CARTESIAN_POINT('',(-37.71428571428,20.568095238095,24.42));
#10021 = DIRECTION('',(-2.22044604925E-16,-1.,0.));
#10022 = DIRECTION('',(1.,-2.22044604925E-16,0.));
#10023 = ADVANCED_FACE('',(#10024),#10049,.T.);
#10024 = FACE_BOUND('',#10025,.T.);
#10025 = EDGE_LOOP('',(#10026,#10034,#10042,#10048));
#10026 = ORIENTED_EDGE('',*,*,#10027,.T.);
#10027 = EDGE_CURVE('',#3203,#10028,#10030,.T.);
#10028 = VERTEX_POINT('',#10029);
#10029 = CARTESIAN_POINT('',(-42.2,19.768095238095,23.42));
#10030 = LINE('',#10031,#10032);
#10031 = CARTESIAN_POINT('',(-42.2,19.768095238095,24.42));
#10032 = VECTOR('',#10033,1.);
#10033 = DIRECTION('',(-0.,-0.,-1.));
#10034 = ORIENTED_EDGE('',*,*,#10035,.T.);
#10035 = EDGE_CURVE('',#10028,#10036,#10038,.T.);
#10036 = VERTEX_POINT('',#10037);
#10037 = CARTESIAN_POINT('',(-42.2,20.568095238095,23.42));
#10038 = LINE('',#10039,#10040);
#10039 = CARTESIAN_POINT('',(-42.2,19.768095238095,23.42));
#10040 = VECTOR('',#10041,1.);
#10041 = DIRECTION('',(2.22044604925E-16,1.,0.));
#10042 = ORIENTED_EDGE('',*,*,#10043,.F.);
#10043 = EDGE_CURVE('',#3205,#10036,#10044,.T.);
#10044 = LINE('',#10045,#10046);
#10045 = CARTESIAN_POINT('',(-42.2,20.568095238095,24.42));
#10046 = VECTOR('',#10047,1.);
#10047 = DIRECTION('',(-0.,-0.,-1.));
#10048 = ORIENTED_EDGE('',*,*,#3202,.F.);
#10049 = PLANE('',#10050);
#10050 = AXIS2_PLACEMENT_3D('',#10051,#10052,#10053);
#10051 = CARTESIAN_POINT('',(-42.2,19.768095238095,24.42));
#10052 = DIRECTION('',(1.,-2.22044604925E-16,0.));
#10053 = DIRECTION('',(2.22044604925E-16,1.,0.));
#10054 = ADVANCED_FACE('',(#10055),#10073,.T.);
#10055 = FACE_BOUND('',#10056,.T.);
#10056 = EDGE_LOOP('',(#10057,#10065,#10071,#10072));
#10057 = ORIENTED_EDGE('',*,*,#10058,.T.);
#10058 = EDGE_CURVE('',#3229,#10059,#10061,.T.);
#10059 = VERTEX_POINT('',#10060);
#10060 = CARTESIAN_POINT('',(-39.66428571428,19.768095238095,23.42));
#10061 = LINE('',#10062,#10063);
#10062 = CARTESIAN_POINT('',(-39.66428571428,19.768095238095,24.42));
#10063 = VECTOR('',#10064,1.);
#10064 = DIRECTION('',(-0.,-0.,-1.));
#10065 = ORIENTED_EDGE('',*,*,#10066,.T.);
#10066 = EDGE_CURVE('',#10059,#10028,#10067,.T.);
#10067 = LINE('',#10068,#10069);
#10068 = CARTESIAN_POINT('',(-39.66428571428,19.768095238095,23.42));
#10069 = VECTOR('',#10070,1.);
#10070 = DIRECTION('',(-1.,2.22044604925E-16,0.));
#10071 = ORIENTED_EDGE('',*,*,#10027,.F.);
#10072 = ORIENTED_EDGE('',*,*,#3236,.F.);
#10073 = PLANE('',#10074);
#10074 = AXIS2_PLACEMENT_3D('',#10075,#10076,#10077);
#10075 = CARTESIAN_POINT('',(-39.66428571428,19.768095238095,24.42));
#10076 = DIRECTION('',(2.22044604925E-16,1.,0.));
#10077 = DIRECTION('',(-1.,2.22044604925E-16,0.));
#10078 = ADVANCED_FACE('',(#10079),#10097,.T.);
#10079 = FACE_BOUND('',#10080,.T.);
#10080 = EDGE_LOOP('',(#10081,#10089,#10095,#10096));
#10081 = ORIENTED_EDGE('',*,*,#10082,.T.);
#10082 = EDGE_CURVE('',#3221,#10083,#10085,.T.);
#10083 = VERTEX_POINT('',#10084);
#10084 = CARTESIAN_POINT('',(-38.47142857142,20.510952380952,23.42));
#10085 = LINE('',#10086,#10087);
#10086 = CARTESIAN_POINT('',(-38.47142857142,20.510952380952,24.42));
#10087 = VECTOR('',#10088,1.);
#10088 = DIRECTION('',(-0.,-0.,-1.));
#10089 = ORIENTED_EDGE('',*,*,#10090,.T.);
#10090 = EDGE_CURVE('',#10083,#10059,#10091,.T.);
#10091 = LINE('',#10092,#10093);
#10092 = CARTESIAN_POINT('',(-38.47142857142,20.510952380952,23.42));
#10093 = VECTOR('',#10094,1.);
#10094 = DIRECTION('',(-0.848853874434,-0.528627562522,0.));
#10095 = ORIENTED_EDGE('',*,*,#10058,.F.);
#10096 = ORIENTED_EDGE('',*,*,#3228,.F.);
#10097 = PLANE('',#10098);
#10098 = AXIS2_PLACEMENT_3D('',#10099,#10100,#10101);
#10099 = CARTESIAN_POINT('',(-38.47142857142,20.510952380952,24.42));
#10100 = DIRECTION('',(-0.528627562522,0.848853874434,0.));
#10101 = DIRECTION('',(-0.848853874434,-0.528627562522,0.));
#10102 = ADVANCED_FACE('',(#10103),#10121,.T.);
#10103 = FACE_BOUND('',#10104,.T.);
#10104 = EDGE_LOOP('',(#10105,#10113,#10119,#10120));
#10105 = ORIENTED_EDGE('',*,*,#10106,.T.);
#10106 = EDGE_CURVE('',#3213,#10107,#10109,.T.);
#10107 = VERTEX_POINT('',#10108);
#10108 = CARTESIAN_POINT('',(-38.47142857142,20.568095238095,23.42));
#10109 = LINE('',#10110,#10111);
#10110 = CARTESIAN_POINT('',(-38.47142857142,20.568095238095,24.42));
#10111 = VECTOR('',#10112,1.);
#10112 = DIRECTION('',(-0.,-0.,-1.));
#10113 = ORIENTED_EDGE('',*,*,#10114,.T.);
#10114 = EDGE_CURVE('',#10107,#10083,#10115,.T.);
#10115 = LINE('',#10116,#10117);
#10116 = CARTESIAN_POINT('',(-38.47142857142,20.568095238095,23.42));
#10117 = VECTOR('',#10118,1.);
#10118 = DIRECTION('',(-2.22044604925E-16,-1.,0.));
#10119 = ORIENTED_EDGE('',*,*,#10082,.F.);
#10120 = ORIENTED_EDGE('',*,*,#3220,.F.);
#10121 = PLANE('',#10122);
#10122 = AXIS2_PLACEMENT_3D('',#10123,#10124,#10125);
#10123 = CARTESIAN_POINT('',(-38.47142857142,20.568095238095,24.42));
#10124 = DIRECTION('',(-1.,2.22044604925E-16,0.));
#10125 = DIRECTION('',(-2.22044604925E-16,-1.,0.));
#10126 = ADVANCED_FACE('',(#10127),#10138,.T.);
#10127 = FACE_BOUND('',#10128,.T.);
#10128 = EDGE_LOOP('',(#10129,#10130,#10136,#10137));
#10129 = ORIENTED_EDGE('',*,*,#10043,.T.);
#10130 = ORIENTED_EDGE('',*,*,#10131,.T.);
#10131 = EDGE_CURVE('',#10036,#10107,#10132,.T.);
#10132 = LINE('',#10133,#10134);
#10133 = CARTESIAN_POINT('',(-42.2,20.568095238095,23.42));
#10134 = VECTOR('',#10135,1.);
#10135 = DIRECTION('',(1.,-2.22044604925E-16,0.));
#10136 = ORIENTED_EDGE('',*,*,#10106,.F.);
#10137 = ORIENTED_EDGE('',*,*,#3212,.F.);
#10138 = PLANE('',#10139);
#10139 = AXIS2_PLACEMENT_3D('',#10140,#10141,#10142);
#10140 = CARTESIAN_POINT('',(-42.2,20.568095238095,24.42));
#10141 = DIRECTION('',(-2.22044604925E-16,-1.,0.));
#10142 = DIRECTION('',(1.,-2.22044604925E-16,0.));
#10143 = ADVANCED_FACE('',(#10144),#10169,.T.);
#10144 = FACE_BOUND('',#10145,.T.);
#10145 = EDGE_LOOP('',(#10146,#10154,#10162,#10168));
#10146 = ORIENTED_EDGE('',*,*,#10147,.T.);
#10147 = EDGE_CURVE('',#3245,#10148,#10150,.T.);
#10148 = VERTEX_POINT('',#10149);
#10149 = CARTESIAN_POINT('',(-42.2,21.17,23.42));
#10150 = LINE('',#10151,#10152);
#10151 = CARTESIAN_POINT('',(-42.2,21.17,24.42));
#10152 = VECTOR('',#10153,1.);
#10153 = DIRECTION('',(-0.,-0.,-1.));
#10154 = ORIENTED_EDGE('',*,*,#10155,.T.);
#10155 = EDGE_CURVE('',#10148,#10156,#10158,.T.);
#10156 = VERTEX_POINT('',#10157);
#10157 = CARTESIAN_POINT('',(-42.2,21.97,23.42));
#10158 = LINE('',#10159,#10160);
#10159 = CARTESIAN_POINT('',(-42.2,21.17,23.42));
#10160 = VECTOR('',#10161,1.);
#10161 = DIRECTION('',(2.22044604925E-16,1.,0.));
#10162 = ORIENTED_EDGE('',*,*,#10163,.F.);
#10163 = EDGE_CURVE('',#3247,#10156,#10164,.T.);
#10164 = LINE('',#10165,#10166);
#10165 = CARTESIAN_POINT('',(-42.2,21.97,24.42));
#10166 = VECTOR('',#10167,1.);
#10167 = DIRECTION('',(-0.,-0.,-1.));
#10168 = ORIENTED_EDGE('',*,*,#3244,.F.);
#10169 = PLANE('',#10170);
#10170 = AXIS2_PLACEMENT_3D('',#10171,#10172,#10173);
#10171 = CARTESIAN_POINT('',(-42.2,21.17,24.42));
#10172 = DIRECTION('',(1.,-2.22044604925E-16,0.));
#10173 = DIRECTION('',(2.22044604925E-16,1.,0.));
#10174 = ADVANCED_FACE('',(#10175),#10193,.T.);
#10175 = FACE_BOUND('',#10176,.T.);
#10176 = EDGE_LOOP('',(#10177,#10185,#10191,#10192));
#10177 = ORIENTED_EDGE('',*,*,#10178,.T.);
#10178 = EDGE_CURVE('',#3263,#10179,#10181,.T.);
#10179 = VERTEX_POINT('',#10180);
#10180 = CARTESIAN_POINT('',(-37.2,21.17,23.42));
#10181 = LINE('',#10182,#10183);
#10182 = CARTESIAN_POINT('',(-37.2,21.17,24.42));
#10183 = VECTOR('',#10184,1.);
#10184 = DIRECTION('',(-0.,-0.,-1.));
#10185 = ORIENTED_EDGE('',*,*,#10186,.T.);
#10186 = EDGE_CURVE('',#10179,#10148,#10187,.T.);
#10187 = LINE('',#10188,#10189);
#10188 = CARTESIAN_POINT('',(-37.2,21.17,23.42));
#10189 = VECTOR('',#10190,1.);
#10190 = DIRECTION('',(-1.,2.22044604925E-16,0.));
#10191 = ORIENTED_EDGE('',*,*,#10147,.F.);
#10192 = ORIENTED_EDGE('',*,*,#3270,.F.);
#10193 = PLANE('',#10194);
#10194 = AXIS2_PLACEMENT_3D('',#10195,#10196,#10197);
#10195 = CARTESIAN_POINT('',(-37.2,21.17,24.42));
#10196 = DIRECTION('',(2.22044604925E-16,1.,0.));
#10197 = DIRECTION('',(-1.,2.22044604925E-16,0.));
#10198 = ADVANCED_FACE('',(#10199),#10217,.T.);
#10199 = FACE_BOUND('',#10200,.T.);
#10200 = EDGE_LOOP('',(#10201,#10209,#10215,#10216));
#10201 = ORIENTED_EDGE('',*,*,#10202,.T.);
#10202 = EDGE_CURVE('',#3255,#10203,#10205,.T.);
#10203 = VERTEX_POINT('',#10204);
#10204 = CARTESIAN_POINT('',(-37.2,21.97,23.42));
#10205 = LINE('',#10206,#10207);
#10206 = CARTESIAN_POINT('',(-37.2,21.97,24.42));
#10207 = VECTOR('',#10208,1.);
#10208 = DIRECTION('',(-0.,-0.,-1.));
#10209 = ORIENTED_EDGE('',*,*,#10210,.T.);
#10210 = EDGE_CURVE('',#10203,#10179,#10211,.T.);
#10211 = LINE('',#10212,#10213);
#10212 = CARTESIAN_POINT('',(-37.2,21.97,23.42));
#10213 = VECTOR('',#10214,1.);
#10214 = DIRECTION('',(-2.22044604925E-16,-1.,0.));
#10215 = ORIENTED_EDGE('',*,*,#10178,.F.);
#10216 = ORIENTED_EDGE('',*,*,#3262,.F.);
#10217 = PLANE('',#10218);
#10218 = AXIS2_PLACEMENT_3D('',#10219,#10220,#10221);
#10219 = CARTESIAN_POINT('',(-37.2,21.97,24.42));
#10220 = DIRECTION('',(-1.,2.22044604925E-16,0.));
#10221 = DIRECTION('',(-2.22044604925E-16,-1.,0.));
#10222 = ADVANCED_FACE('',(#10223),#10234,.T.);
#10223 = FACE_BOUND('',#10224,.T.);
#10224 = EDGE_LOOP('',(#10225,#10226,#10232,#10233));
#10225 = ORIENTED_EDGE('',*,*,#10163,.T.);
#10226 = ORIENTED_EDGE('',*,*,#10227,.T.);
#10227 = EDGE_CURVE('',#10156,#10203,#10228,.T.);
#10228 = LINE('',#10229,#10230);
#10229 = CARTESIAN_POINT('',(-42.2,21.97,23.42));
#10230 = VECTOR('',#10231,1.);
#10231 = DIRECTION('',(1.,-2.22044604925E-16,0.));
#10232 = ORIENTED_EDGE('',*,*,#10202,.F.);
#10233 = ORIENTED_EDGE('',*,*,#3254,.F.);
#10234 = PLANE('',#10235);
#10235 = AXIS2_PLACEMENT_3D('',#10236,#10237,#10238);
#10236 = CARTESIAN_POINT('',(-42.2,21.97,24.42));
#10237 = DIRECTION('',(-2.22044604925E-16,-1.,0.));
#10238 = DIRECTION('',(1.,-2.22044604925E-16,0.));
#10239 = ADVANCED_FACE('',(#10240,#10246),#10280,.T.);
#10240 = FACE_BOUND('',#10241,.T.);
#10241 = EDGE_LOOP('',(#10242,#10243,#10244,#10245));
#10242 = ORIENTED_EDGE('',*,*,#3904,.T.);
#10243 = ORIENTED_EDGE('',*,*,#3360,.T.);
#10244 = ORIENTED_EDGE('',*,*,#3284,.F.);
#10245 = ORIENTED_EDGE('',*,*,#3658,.F.);
#10246 = FACE_BOUND('',#10247,.T.);
#10247 = EDGE_LOOP('',(#10248,#10258,#10266,#10274));
#10248 = ORIENTED_EDGE('',*,*,#10249,.F.);
#10249 = EDGE_CURVE('',#10250,#10252,#10254,.T.);
#10250 = VERTEX_POINT('',#10251);
#10251 = CARTESIAN_POINT('',(42.1,-28.4,13.63));
#10252 = VERTEX_POINT('',#10253);
#10253 = CARTESIAN_POINT('',(42.1,-28.4,12.33));
#10254 = LINE('',#10255,#10256);
#10255 = CARTESIAN_POINT('',(42.1,-28.4,13.63));
#10256 = VECTOR('',#10257,1.);
#10257 = DIRECTION('',(0.,0.,-1.));
#10258 = ORIENTED_EDGE('',*,*,#10259,.F.);
#10259 = EDGE_CURVE('',#10260,#10250,#10262,.T.);
#10260 = VERTEX_POINT('',#10261);
#10261 = CARTESIAN_POINT('',(-40.5,-28.4,13.63));
#10262 = LINE('',#10263,#10264);
#10263 = CARTESIAN_POINT('',(-40.5,-28.4,13.63));
#10264 = VECTOR('',#10265,1.);
#10265 = DIRECTION('',(1.,0.,0.));
#10266 = ORIENTED_EDGE('',*,*,#10267,.F.);
#10267 = EDGE_CURVE('',#10268,#10260,#10270,.T.);
#10268 = VERTEX_POINT('',#10269);
#10269 = CARTESIAN_POINT('',(-40.5,-28.4,12.33));
#10270 = LINE('',#10271,#10272);
#10271 = CARTESIAN_POINT('',(-40.5,-28.4,12.33));
#10272 = VECTOR('',#10273,1.);
#10273 = DIRECTION('',(0.,0.,1.));
#10274 = ORIENTED_EDGE('',*,*,#10275,.F.);
#10275 = EDGE_CURVE('',#10252,#10268,#10276,.T.);
#10276 = LINE('',#10277,#10278);
#10277 = CARTESIAN_POINT('',(42.1,-28.4,12.33));
#10278 = VECTOR('',#10279,1.);
#10279 = DIRECTION('',(-1.,0.,0.));
#10280 = PLANE('',#10281);
#10281 = AXIS2_PLACEMENT_3D('',#10282,#10283,#10284);
#10282 = CARTESIAN_POINT('',(-45.8,-28.4,11.4));
#10283 = DIRECTION('',(0.,1.,0.));
#10284 = DIRECTION('',(1.,0.,0.));
#10285 = ADVANCED_FACE('',(#10286),#10311,.F.);
#10286 = FACE_BOUND('',#10287,.F.);
#10287 = EDGE_LOOP('',(#10288,#10296,#10297,#10305));
#10288 = ORIENTED_EDGE('',*,*,#10289,.F.);
#10289 = EDGE_CURVE('',#3313,#10290,#10292,.T.);
#10290 = VERTEX_POINT('',#10291);
#10291 = CARTESIAN_POINT('',(45.6,-25.1,12.33));
#10292 = LINE('',#10293,#10294);
#10293 = CARTESIAN_POINT('',(45.4,-25.1,12.33));
#10294 = VECTOR('',#10295,1.);
#10295 = DIRECTION('',(1.,0.,0.));
#10296 = ORIENTED_EDGE('',*,*,#3310,.F.);
#10297 = ORIENTED_EDGE('',*,*,#10298,.F.);
#10298 = EDGE_CURVE('',#10299,#3311,#10301,.T.);
#10299 = VERTEX_POINT('',#10300);
#10300 = CARTESIAN_POINT('',(45.6,-20.37,12.33));
#10301 = LINE('',#10302,#10303);
#10302 = CARTESIAN_POINT('',(46.,-20.37,12.33));
#10303 = VECTOR('',#10304,1.);
#10304 = DIRECTION('',(-1.,0.,0.));
#10305 = ORIENTED_EDGE('',*,*,#10306,.T.);
#10306 = EDGE_CURVE('',#10299,#10290,#10307,.T.);
#10307 = LINE('',#10308,#10309);
#10308 = CARTESIAN_POINT('',(45.6,-20.37,12.33));
#10309 = VECTOR('',#10310,1.);
#10310 = DIRECTION('',(0.,-1.,0.));
#10311 = PLANE('',#10312);
#10312 = AXIS2_PLACEMENT_3D('',#10313,#10314,#10315);
#10313 = CARTESIAN_POINT('',(45.4,20.3,12.33));
#10314 = DIRECTION('',(0.,0.,-1.));
#10315 = DIRECTION('',(0.,-1.,0.));
#10316 = ADVANCED_FACE('',(#10317),#10335,.F.);
#10317 = FACE_BOUND('',#10318,.F.);
#10318 = EDGE_LOOP('',(#10319,#10320,#10321,#10329));
#10319 = ORIENTED_EDGE('',*,*,#10298,.T.);
#10320 = ORIENTED_EDGE('',*,*,#3320,.T.);
#10321 = ORIENTED_EDGE('',*,*,#10322,.F.);
#10322 = EDGE_CURVE('',#10323,#3321,#10325,.T.);
#10323 = VERTEX_POINT('',#10324);
#10324 = CARTESIAN_POINT('',(45.6,-20.37,13.63));
#10325 = LINE('',#10326,#10327);
#10326 = CARTESIAN_POINT('',(46.,-20.37,13.63));
#10327 = VECTOR('',#10328,1.);
#10328 = DIRECTION('',(-1.,0.,0.));
#10329 = ORIENTED_EDGE('',*,*,#10330,.F.);
#10330 = EDGE_CURVE('',#10299,#10323,#10331,.T.);
#10331 = LINE('',#10332,#10333);
#10332 = CARTESIAN_POINT('',(45.6,-20.37,12.33));
#10333 = VECTOR('',#10334,1.);
#10334 = DIRECTION('',(0.,0.,1.));
#10335 = PLANE('',#10336);
#10336 = AXIS2_PLACEMENT_3D('',#10337,#10338,#10339);
#10337 = CARTESIAN_POINT('',(46.,-20.37,12.33));
#10338 = DIRECTION('',(0.,1.,0.));
#10339 = DIRECTION('',(0.,0.,1.));
#10340 = ADVANCED_FACE('',(#10341),#10359,.F.);
#10341 = FACE_BOUND('',#10342,.F.);
#10342 = EDGE_LOOP('',(#10343,#10344,#10345,#10353));
#10343 = ORIENTED_EDGE('',*,*,#10322,.T.);
#10344 = ORIENTED_EDGE('',*,*,#3328,.F.);
#10345 = ORIENTED_EDGE('',*,*,#10346,.T.);
#10346 = EDGE_CURVE('',#3329,#10347,#10349,.T.);
#10347 = VERTEX_POINT('',#10348);
#10348 = CARTESIAN_POINT('',(45.6,-25.1,13.63));
#10349 = LINE('',#10350,#10351);
#10350 = CARTESIAN_POINT('',(45.4,-25.1,13.63));
#10351 = VECTOR('',#10352,1.);
#10352 = DIRECTION('',(1.,0.,0.));
#10353 = ORIENTED_EDGE('',*,*,#10354,.T.);
#10354 = EDGE_CURVE('',#10347,#10323,#10355,.T.);
#10355 = LINE('',#10356,#10357);
#10356 = CARTESIAN_POINT('',(45.6,-25.1,13.63));
#10357 = VECTOR('',#10358,1.);
#10358 = DIRECTION('',(0.,1.,0.));
#10359 = PLANE('',#10360);
#10360 = AXIS2_PLACEMENT_3D('',#10361,#10362,#10363);
#10361 = CARTESIAN_POINT('',(45.4,-25.1,13.63));
#10362 = DIRECTION('',(0.,0.,1.));
#10363 = DIRECTION('',(0.,1.,0.));
#10364 = ADVANCED_FACE('',(#10365),#10376,.F.);
#10365 = FACE_BOUND('',#10366,.F.);
#10366 = EDGE_LOOP('',(#10367,#10368,#10374,#10375));
#10367 = ORIENTED_EDGE('',*,*,#10289,.T.);
#10368 = ORIENTED_EDGE('',*,*,#10369,.T.);
#10369 = EDGE_CURVE('',#10290,#10347,#10370,.T.);
#10370 = LINE('',#10371,#10372);
#10371 = CARTESIAN_POINT('',(45.6,-25.1,12.33));
#10372 = VECTOR('',#10373,1.);
#10373 = DIRECTION('',(0.,0.,1.));
#10374 = ORIENTED_EDGE('',*,*,#10346,.F.);
#10375 = ORIENTED_EDGE('',*,*,#3336,.F.);
#10376 = PLANE('',#10377);
#10377 = AXIS2_PLACEMENT_3D('',#10378,#10379,#10380);
#10378 = CARTESIAN_POINT('',(45.4,-25.1,12.33));
#10379 = DIRECTION('',(0.,-1.,0.));
#10380 = DIRECTION('',(0.,0.,1.));
#10381 = ADVANCED_FACE('',(#10382),#10400,.T.);
#10382 = FACE_BOUND('',#10383,.T.);
#10383 = EDGE_LOOP('',(#10384,#10385,#10393,#10399));
#10384 = ORIENTED_EDGE('',*,*,#3432,.T.);
#10385 = ORIENTED_EDGE('',*,*,#10386,.T.);
#10386 = EDGE_CURVE('',#3425,#10387,#10389,.T.);
#10387 = VERTEX_POINT('',#10388);
#10388 = CARTESIAN_POINT('',(-44.7,24.5,22.22));
#10389 = LINE('',#10390,#10391);
#10390 = CARTESIAN_POINT('',(44.3,24.5,22.22));
#10391 = VECTOR('',#10392,1.);
#10392 = DIRECTION('',(-1.,0.,0.));
#10393 = ORIENTED_EDGE('',*,*,#10394,.F.);
#10394 = EDGE_CURVE('',#3385,#10387,#10395,.T.);
#10395 = LINE('',#10396,#10397);
#10396 = CARTESIAN_POINT('',(-44.7,24.5,14.62));
#10397 = VECTOR('',#10398,1.);
#10398 = DIRECTION('',(0.,0.,1.));
#10399 = ORIENTED_EDGE('',*,*,#3392,.F.);
#10400 = PLANE('',#10401);
#10401 = AXIS2_PLACEMENT_3D('',#10402,#10403,#10404);
#10402 = CARTESIAN_POINT('',(44.3,24.5,14.62));
#10403 = DIRECTION('',(0.,-1.,0.));
#10404 = DIRECTION('',(-1.,0.,0.));
#10405 = ADVANCED_FACE('',(#10406),#10424,.T.);
#10406 = FACE_BOUND('',#10407,.T.);
#10407 = EDGE_LOOP('',(#10408,#10409,#10417,#10423));
#10408 = ORIENTED_EDGE('',*,*,#10394,.T.);
#10409 = ORIENTED_EDGE('',*,*,#10410,.T.);
#10410 = EDGE_CURVE('',#10387,#10411,#10413,.T.);
#10411 = VERTEX_POINT('',#10412);
#10412 = CARTESIAN_POINT('',(-44.7,-27.3,22.22));
#10413 = LINE('',#10414,#10415);
#10414 = CARTESIAN_POINT('',(-44.7,24.5,22.22));
#10415 = VECTOR('',#10416,1.);
#10416 = DIRECTION('',(0.,-1.,0.));
#10417 = ORIENTED_EDGE('',*,*,#10418,.F.);
#10418 = EDGE_CURVE('',#3377,#10411,#10419,.T.);
#10419 = LINE('',#10420,#10421);
#10420 = CARTESIAN_POINT('',(-44.7,-27.3,14.62));
#10421 = VECTOR('',#10422,1.);
#10422 = DIRECTION('',(0.,0.,1.));
#10423 = ORIENTED_EDGE('',*,*,#3384,.F.);
#10424 = PLANE('',#10425);
#10425 = AXIS2_PLACEMENT_3D('',#10426,#10427,#10428);
#10426 = CARTESIAN_POINT('',(-44.7,24.5,14.62));
#10427 = DIRECTION('',(1.,0.,0.));
#10428 = DIRECTION('',(0.,-1.,0.));
#10429 = ADVANCED_FACE('',(#10430,#10441),#10452,.T.);
#10430 = FACE_BOUND('',#10431,.T.);
#10431 = EDGE_LOOP('',(#10432,#10433,#10439,#10440));
#10432 = ORIENTED_EDGE('',*,*,#10418,.T.);
#10433 = ORIENTED_EDGE('',*,*,#10434,.T.);
#10434 = EDGE_CURVE('',#10411,#3417,#10435,.T.);
#10435 = LINE('',#10436,#10437);
#10436 = CARTESIAN_POINT('',(-44.7,-27.3,22.22));
#10437 = VECTOR('',#10438,1.);
#10438 = DIRECTION('',(1.,0.,0.));
#10439 = ORIENTED_EDGE('',*,*,#3416,.F.);
#10440 = ORIENTED_EDGE('',*,*,#3376,.F.);
#10441 = FACE_BOUND('',#10442,.T.);
#10442 = EDGE_LOOP('',(#10443));
#10443 = ORIENTED_EDGE('',*,*,#10444,.T.);
#10444 = EDGE_CURVE('',#10445,#10445,#10447,.T.);
#10445 = VERTEX_POINT('',#10446);
#10446 = CARTESIAN_POINT('',(6.89027,-27.3,17.15784));
#10447 = CIRCLE('',#10448,0.5);
#10448 = AXIS2_PLACEMENT_3D('',#10449,#10450,#10451);
#10449 = CARTESIAN_POINT('',(6.39027,-27.3,17.15784));
#10450 = DIRECTION('',(0.,-1.,2.22044604925E-16));
#10451 = DIRECTION('',(1.,0.,0.));
#10452 = PLANE('',#10453);
#10453 = AXIS2_PLACEMENT_3D('',#10454,#10455,#10456);
#10454 = CARTESIAN_POINT('',(-44.7,-27.3,14.62));
#10455 = DIRECTION('',(0.,1.,0.));
#10456 = DIRECTION('',(1.,0.,0.));
#10457 = ADVANCED_FACE('',(#10458,#10464,#10475,#10486,#10492,#10503),
  #10514,.F.);
#10458 = FACE_BOUND('',#10459,.F.);
#10459 = EDGE_LOOP('',(#10460,#10461,#10462,#10463));
#10460 = ORIENTED_EDGE('',*,*,#10386,.T.);
#10461 = ORIENTED_EDGE('',*,*,#10410,.T.);
#10462 = ORIENTED_EDGE('',*,*,#10434,.T.);
#10463 = ORIENTED_EDGE('',*,*,#3424,.T.);
#10464 = FACE_BOUND('',#10465,.F.);
#10465 = EDGE_LOOP('',(#10466));
#10466 = ORIENTED_EDGE('',*,*,#10467,.T.);
#10467 = EDGE_CURVE('',#10468,#10468,#10470,.T.);
#10468 = VERTEX_POINT('',#10469);
#10469 = CARTESIAN_POINT('',(-35.28,-23.35,22.22));
#10470 = CIRCLE('',#10471,1.4);
#10471 = AXIS2_PLACEMENT_3D('',#10472,#10473,#10474);
#10472 = CARTESIAN_POINT('',(-36.68,-23.35,22.22));
#10473 = DIRECTION('',(0.,0.,-1.));
#10474 = DIRECTION('',(1.,0.,0.));
#10475 = FACE_BOUND('',#10476,.F.);
#10476 = EDGE_LOOP('',(#10477));
#10477 = ORIENTED_EDGE('',*,*,#10478,.T.);
#10478 = EDGE_CURVE('',#10479,#10479,#10481,.T.);
#10479 = VERTEX_POINT('',#10480);
#10480 = CARTESIAN_POINT('',(40.8,-23.35,22.22));
#10481 = CIRCLE('',#10482,1.4);
#10482 = AXIS2_PLACEMENT_3D('',#10483,#10484,#10485);
#10483 = CARTESIAN_POINT('',(39.4,-23.35,22.22));
#10484 = DIRECTION('',(0.,0.,-1.));
#10485 = DIRECTION('',(1.,0.,0.));
#10486 = FACE_BOUND('',#10487,.F.);
#10487 = EDGE_LOOP('',(#10488,#10489,#10490,#10491));
#10488 = ORIENTED_EDGE('',*,*,#7254,.F.);
#10489 = ORIENTED_EDGE('',*,*,#7278,.F.);
#10490 = ORIENTED_EDGE('',*,*,#7319,.F.);
#10491 = ORIENTED_EDGE('',*,*,#7302,.F.);
#10492 = FACE_BOUND('',#10493,.F.);
#10493 = EDGE_LOOP('',(#10494));
#10494 = ORIENTED_EDGE('',*,*,#10495,.T.);
#10495 = EDGE_CURVE('',#10496,#10496,#10498,.T.);
#10496 = VERTEX_POINT('',#10497);
#10497 = CARTESIAN_POINT('',(-35.28,20.65,22.22));
#10498 = CIRCLE('',#10499,1.4);
#10499 = AXIS2_PLACEMENT_3D('',#10500,#10501,#10502);
#10500 = CARTESIAN_POINT('',(-36.68,20.65,22.22));
#10501 = DIRECTION('',(0.,0.,-1.));
#10502 = DIRECTION('',(1.,0.,0.));
#10503 = FACE_BOUND('',#10504,.F.);
#10504 = EDGE_LOOP('',(#10505));
#10505 = ORIENTED_EDGE('',*,*,#10506,.T.);
#10506 = EDGE_CURVE('',#10507,#10507,#10509,.T.);
#10507 = VERTEX_POINT('',#10508);
#10508 = CARTESIAN_POINT('',(40.8,20.65,22.22));
#10509 = CIRCLE('',#10510,1.4);
#10510 = AXIS2_PLACEMENT_3D('',#10511,#10512,#10513);
#10511 = CARTESIAN_POINT('',(39.4,20.65,22.22));
#10512 = DIRECTION('',(0.,0.,-1.));
#10513 = DIRECTION('',(1.,0.,0.));
#10514 = PLANE('',#10515);
#10515 = AXIS2_PLACEMENT_3D('',#10516,#10517,#10518);
#10516 = CARTESIAN_POINT('',(0.511045611967,-1.351115614177,22.22));
#10517 = DIRECTION('',(0.,0.,1.));
#10518 = DIRECTION('',(1.,0.,0.));
#10519 = ADVANCED_FACE('',(#10520),#10531,.F.);
#10520 = FACE_BOUND('',#10521,.F.);
#10521 = EDGE_LOOP('',(#10522,#10523,#10529,#10530));
#10522 = ORIENTED_EDGE('',*,*,#3466,.F.);
#10523 = ORIENTED_EDGE('',*,*,#10524,.T.);
#10524 = EDGE_CURVE('',#3467,#10445,#10525,.T.);
#10525 = LINE('',#10526,#10527);
#10526 = CARTESIAN_POINT('',(6.89027,-29.8,17.15784));
#10527 = VECTOR('',#10528,1.);
#10528 = DIRECTION('',(0.,1.,-2.22044604925E-16));
#10529 = ORIENTED_EDGE('',*,*,#10444,.T.);
#10530 = ORIENTED_EDGE('',*,*,#10524,.F.);
#10531 = CYLINDRICAL_SURFACE('',#10532,0.5);
#10532 = AXIS2_PLACEMENT_3D('',#10533,#10534,#10535);
#10533 = CARTESIAN_POINT('',(6.39027,-29.8,17.15784));
#10534 = DIRECTION('',(0.,-1.,2.22044604925E-16));
#10535 = DIRECTION('',(1.,0.,0.));
#10536 = ADVANCED_FACE('',(#10537),#10571,.F.);
#10537 = FACE_BOUND('',#10538,.F.);
#10538 = EDGE_LOOP('',(#10539,#10547,#10548,#10556,#10564));
#10539 = ORIENTED_EDGE('',*,*,#10540,.F.);
#10540 = EDGE_CURVE('',#3480,#10541,#10543,.T.);
#10541 = VERTEX_POINT('',#10542);
#10542 = CARTESIAN_POINT('',(21.102553000165,-28.99982814804,
    12.718275999995));
#10543 = LINE('',#10544,#10545);
#10544 = CARTESIAN_POINT('',(21.102553,-29.8,12.718276));
#10545 = VECTOR('',#10546,1.);
#10546 = DIRECTION('',(0.,1.,-2.22044604925E-16));
#10547 = ORIENTED_EDGE('',*,*,#3477,.F.);
#10548 = ORIENTED_EDGE('',*,*,#10549,.T.);
#10549 = EDGE_CURVE('',#3478,#10550,#10552,.T.);
#10550 = VERTEX_POINT('',#10551);
#10551 = CARTESIAN_POINT('',(21.102553,-29.,13.180635));
#10552 = LINE('',#10553,#10554);
#10553 = CARTESIAN_POINT('',(21.102553,-29.8,13.180635));
#10554 = VECTOR('',#10555,1.);
#10555 = DIRECTION('',(0.,1.,-2.22044604925E-16));
#10556 = ORIENTED_EDGE('',*,*,#10557,.F.);
#10557 = EDGE_CURVE('',#10558,#10550,#10560,.T.);
#10558 = VERTEX_POINT('',#10559);
#10559 = CARTESIAN_POINT('',(21.102553,-29.,12.73));
#10560 = LINE('',#10561,#10562);
#10561 = CARTESIAN_POINT('',(21.102553,-29.,13.0803175));
#10562 = VECTOR('',#10563,1.);
#10563 = DIRECTION('',(0.,0.,1.));
#10564 = ORIENTED_EDGE('',*,*,#10565,.F.);
#10565 = EDGE_CURVE('',#10541,#10558,#10566,.T.);
#10566 = CIRCLE('',#10567,0.4);
#10567 = AXIS2_PLACEMENT_3D('',#10568,#10569,#10570);
#10568 = CARTESIAN_POINT('',(21.102553,-28.6,12.73));
#10569 = DIRECTION('',(-1.,0.,0.));
#10570 = DIRECTION('',(0.,0.,-1.));
#10571 = PLANE('',#10572);
#10572 = AXIS2_PLACEMENT_3D('',#10573,#10574,#10575);
#10573 = CARTESIAN_POINT('',(21.102553,-29.8,13.180635));
#10574 = DIRECTION('',(-1.,0.,0.));
#10575 = DIRECTION('',(0.,-2.22044604925E-16,-1.));
#10576 = ADVANCED_FACE('',(#10577),#10648,.F.);
#10577 = FACE_BOUND('',#10578,.F.);
#10578 = EDGE_LOOP('',(#10579,#10588,#10589,#10590,#10598,#10607,#10615)
  );
#10579 = ORIENTED_EDGE('',*,*,#10580,.T.);
#10580 = EDGE_CURVE('',#10581,#10550,#10583,.T.);
#10581 = VERTEX_POINT('',#10582);
#10582 = CARTESIAN_POINT('',(21.104963418555,-29.,13.23));
#10583 = CIRCLE('',#10584,0.506699);
#10584 = AXIS2_PLACEMENT_3D('',#10585,#10586,#10587);
#10585 = CARTESIAN_POINT('',(21.609252,-29.,13.180635));
#10586 = DIRECTION('',(0.,-1.,2.22044604925E-16));
#10587 = DIRECTION('',(1.,0.,0.));
#10588 = ORIENTED_EDGE('',*,*,#10549,.F.);
#10589 = ORIENTED_EDGE('',*,*,#3487,.F.);
#10590 = ORIENTED_EDGE('',*,*,#10591,.T.);
#10591 = EDGE_CURVE('',#3488,#10592,#10594,.T.);
#10592 = VERTEX_POINT('',#10593);
#10593 = CARTESIAN_POINT('',(21.609252,-28.5,13.687334));
#10594 = LINE('',#10595,#10596);
#10595 = CARTESIAN_POINT('',(21.609252,-29.8,13.687334));
#10596 = VECTOR('',#10597,1.);
#10597 = DIRECTION('',(0.,1.,-2.22044604925E-16));
#10598 = ORIENTED_EDGE('',*,*,#10599,.T.);
#10599 = EDGE_CURVE('',#10592,#10600,#10602,.T.);
#10600 = VERTEX_POINT('',#10601);
#10601 = CARTESIAN_POINT('',(21.375126022424,-28.5,13.63));
#10602 = CIRCLE('',#10603,0.506699);
#10603 = AXIS2_PLACEMENT_3D('',#10604,#10605,#10606);
#10604 = CARTESIAN_POINT('',(21.609252,-28.5,13.180635));
#10605 = DIRECTION('',(0.,-1.,2.22044604925E-16));
#10606 = DIRECTION('',(1.,0.,0.));
#10607 = ORIENTED_EDGE('',*,*,#10608,.T.);
#10608 = EDGE_CURVE('',#10600,#10609,#10611,.T.);
#10609 = VERTEX_POINT('',#10610);
#10610 = CARTESIAN_POINT('',(21.375126022424,-28.6,13.63));
#10611 = LINE('',#10612,#10613);
#10612 = CARTESIAN_POINT('',(21.375126022424,-29.8,13.63));
#10613 = VECTOR('',#10614,1.);
#10614 = DIRECTION('',(0.,-1.,2.22044604925E-16));
#10615 = ORIENTED_EDGE('',*,*,#10616,.T.);
#10616 = EDGE_CURVE('',#10609,#10581,#10617,.T.);
#10617 = B_SPLINE_CURVE_WITH_KNOTS('',8,(#10618,#10619,#10620,#10621,
    #10622,#10623,#10624,#10625,#10626,#10627,#10628,#10629,#10630,
    #10631,#10632,#10633,#10634,#10635,#10636,#10637,#10638,#10639,
    #10640,#10641,#10642,#10643,#10644,#10645,#10646,#10647),
  .UNSPECIFIED.,.F.,.F.,(9,7,7,7,9),(0.,0.142583136497,0.424572882738,
    0.479242339745,1.),.UNSPECIFIED.);
#10618 = CARTESIAN_POINT('',(21.375126022424,-28.6,13.63));
#10619 = CARTESIAN_POINT('',(21.375126022424,-28.61290429709,13.63));
#10620 = CARTESIAN_POINT('',(21.374212919002,-28.6258096254,
    13.629524231847));
#10621 = CARTESIAN_POINT('',(21.372386071961,-28.63862255205,
    13.62857252526));
#10622 = CARTESIAN_POINT('',(21.369702518356,-28.6512727521,
    13.627160977037));
#10623 = CARTESIAN_POINT('',(21.366259089865,-28.66371034046,
    13.625314055485));
#10624 = CARTESIAN_POINT('',(21.362166736566,-28.67590186656,
    13.623059376544));
#10625 = CARTESIAN_POINT('',(21.35752973205,-28.68782675238,
    13.620424271281));
#10626 = CARTESIAN_POINT('',(21.342381177265,-28.72251483402,
    13.611517885693));
#10627 = CARTESIAN_POINT('',(21.330567535517,-28.74445334906,
    13.604216089164));
#10628 = CARTESIAN_POINT('',(21.317665796849,-28.76538828712,
    13.595680027432));
#10629 = CARTESIAN_POINT('',(21.30415455318,-28.78536900622,
    13.586007058241));
#10630 = CARTESIAN_POINT('',(21.290362008494,-28.80441883147,
    13.575275846838));
#10631 = CARTESIAN_POINT('',(21.2765134944,-28.82255577553,
    13.563548166665));
#10632 = CARTESIAN_POINT('',(21.262771224023,-28.83980281401,
    13.550857014982));
#10633 = CARTESIAN_POINT('',(21.246624235247,-28.85935259915,
    13.534554291212));
#10634 = CARTESIAN_POINT('',(21.244011439491,-28.86249315351,
    13.531871792804));
#10635 = CARTESIAN_POINT('',(21.24140897184,-28.86559949403,
    13.529154454257));
#10636 = CARTESIAN_POINT('',(21.238817841718,-28.86867148571,
    13.52640256673));
#10637 = CARTESIAN_POINT('',(21.236239023354,-28.87170897369,
    13.523616423026));
#10638 = CARTESIAN_POINT('',(21.233673455783,-28.87471178337,
    13.520796317594));
#10639 = CARTESIAN_POINT('',(21.231122042843,-28.87767972032,
    13.517942546529));
#10640 = CARTESIAN_POINT('',(21.204425099575,-28.90854963388,
    13.487553767509));
#10641 = CARTESIAN_POINT('',(21.181619369062,-28.93331338951,
    13.457014605043));
#10642 = CARTESIAN_POINT('',(21.160926813764,-28.95471535881,
    13.42369428081));
#10643 = CARTESIAN_POINT('',(21.14289400045,-28.97241176576,
    13.387904538056));
#10644 = CARTESIAN_POINT('',(21.128000591726,-28.98605641533,
    13.350063714933));
#10645 = CARTESIAN_POINT('',(21.116605522322,-28.99532640331,
    13.310698653229));
#10646 = CARTESIAN_POINT('',(21.108922525283,-29.,13.270444288779));
#10647 = CARTESIAN_POINT('',(21.104963418555,-29.,13.23));
#10648 = CYLINDRICAL_SURFACE('',#10649,0.506699);
#10649 = AXIS2_PLACEMENT_3D('',#10650,#10651,#10652);
#10650 = CARTESIAN_POINT('',(21.609252,-29.8,13.180635));
#10651 = DIRECTION('',(0.,-1.,2.22044604925E-16));
#10652 = DIRECTION('',(1.,0.,0.));
#10653 = ADVANCED_FACE('',(#10654),#10718,.F.);
#10654 = FACE_BOUND('',#10655,.F.);
#10655 = EDGE_LOOP('',(#10656,#10666,#10675,#10681,#10682,#10683));
#10656 = ORIENTED_EDGE('',*,*,#10657,.F.);
#10657 = EDGE_CURVE('',#10658,#10660,#10662,.T.);
#10658 = VERTEX_POINT('',#10659);
#10659 = CARTESIAN_POINT('',(21.28369766594,-28.5,12.33));
#10660 = VERTEX_POINT('',#10661);
#10661 = CARTESIAN_POINT('',(21.28369766594,-28.6,12.33));
#10662 = LINE('',#10663,#10664);
#10663 = CARTESIAN_POINT('',(21.28369766594,-29.8,12.33));
#10664 = VECTOR('',#10665,1.);
#10665 = DIRECTION('',(0.,-1.,2.22044604925E-16));
#10666 = ORIENTED_EDGE('',*,*,#10667,.T.);
#10667 = EDGE_CURVE('',#10658,#10668,#10670,.T.);
#10668 = VERTEX_POINT('',#10669);
#10669 = CARTESIAN_POINT('',(21.609252,-28.5,12.211577));
#10670 = CIRCLE('',#10671,0.506699);
#10671 = AXIS2_PLACEMENT_3D('',#10672,#10673,#10674);
#10672 = CARTESIAN_POINT('',(21.609252,-28.5,12.718276));
#10673 = DIRECTION('',(0.,-1.,2.22044604925E-16));
#10674 = DIRECTION('',(1.,0.,0.));
#10675 = ORIENTED_EDGE('',*,*,#10676,.F.);
#10676 = EDGE_CURVE('',#3531,#10668,#10677,.T.);
#10677 = LINE('',#10678,#10679);
#10678 = CARTESIAN_POINT('',(21.609252,-29.8,12.211577));
#10679 = VECTOR('',#10680,1.);
#10680 = DIRECTION('',(0.,1.,-2.22044604925E-16));
#10681 = ORIENTED_EDGE('',*,*,#3538,.F.);
#10682 = ORIENTED_EDGE('',*,*,#10540,.T.);
#10683 = ORIENTED_EDGE('',*,*,#10684,.F.);
#10684 = EDGE_CURVE('',#10660,#10541,#10685,.T.);
#10685 = B_SPLINE_CURVE_WITH_KNOTS('',7,(#10686,#10687,#10688,#10689,
    #10690,#10691,#10692,#10693,#10694,#10695,#10696,#10697,#10698,
    #10699,#10700,#10701,#10702,#10703,#10704,#10705,#10706,#10707,
    #10708,#10709,#10710,#10711,#10712,#10713,#10714,#10715,#10716,
    #10717),.UNSPECIFIED.,.F.,.F.,(8,6,6,6,6,8),(0.,0.189616044673,
    0.545114572718,0.986758230102,0.989115785759,1.),.UNSPECIFIED.);
#10686 = CARTESIAN_POINT('',(21.28369766594,-28.6,12.33));
#10687 = CARTESIAN_POINT('',(21.28369766594,-28.61901534341,12.33));
#10688 = CARTESIAN_POINT('',(21.282440324008,-28.63803475361,
    12.331054639795));
#10689 = CARTESIAN_POINT('',(21.279922064143,-28.65687116684,
    12.333164614991));
#10690 = CARTESIAN_POINT('',(21.276253863173,-28.67538156684,
    12.336286267945));
#10691 = CARTESIAN_POINT('',(21.27160774471,-28.69346231678,
    12.340355087121));
#10692 = CARTESIAN_POINT('',(21.266172058921,-28.71104315646,
    12.345301643988));
#10693 = CARTESIAN_POINT('',(21.248760598262,-28.76002085727,
    12.361855865639));
#10694 = CARTESIAN_POINT('',(21.235236078489,-28.79001589311,
    12.375494025638));
#10695 = CARTESIAN_POINT('',(21.220593340486,-28.81802334075,
    12.391610697372));
#10696 = CARTESIAN_POINT('',(21.205670392773,-28.84400389631,
    12.409947203967));
#10697 = CARTESIAN_POINT('',(21.191018381449,-28.86789105666,
    12.430273208662));
#10698 = CARTESIAN_POINT('',(21.177054487755,-28.88964456856,
    12.452409229202));
#10699 = CARTESIAN_POINT('',(21.147997668768,-28.93350351944,
    12.505851515474));
#10700 = CARTESIAN_POINT('',(21.133486281862,-28.95436503442,
    12.538016503158));
#10701 = CARTESIAN_POINT('',(21.12123390437,-28.9715938907,
    12.572371222508));
#10702 = CARTESIAN_POINT('',(21.111731071771,-28.98493296662,
    12.608494432276));
#10703 = CARTESIAN_POINT('',(21.105347040877,-28.9941642761,
    12.645872253777));
#10704 = CARTESIAN_POINT('',(21.102286368516,-28.99915869292,
    12.683916492348));
#10705 = CARTESIAN_POINT('',(21.102568222008,-28.99992416637,
    12.722208818747));
#10706 = CARTESIAN_POINT('',(21.102569813797,-28.99992811026,
    12.722412144585));
#10707 = CARTESIAN_POINT('',(21.102571500793,-28.99993193352,
    12.722615471745));
#10708 = CARTESIAN_POINT('',(21.102573283001,-28.99993563617,
    12.722818800136));
#10709 = CARTESIAN_POINT('',(21.102575160421,-28.99993921819,
    12.723022129665));
#10710 = CARTESIAN_POINT('',(21.102577133056,-28.9999426796,
    12.723225460241));
#10711 = CARTESIAN_POINT('',(21.102588747645,-28.99996144391,
    12.724367519957));
#10712 = CARTESIAN_POINT('',(21.102600323875,-28.99997429653,
    12.725306268495));
#10713 = CARTESIAN_POINT('',(21.102613929828,-28.99998457832,
    12.726245028341));
#10714 = CARTESIAN_POINT('',(21.102629565665,-28.99999228938,
    12.727183790455));
#10715 = CARTESIAN_POINT('',(21.102647231481,-28.99999742987,
    12.728122545795));
#10716 = CARTESIAN_POINT('',(21.102666927304,-29.,12.729061285323));
#10717 = CARTESIAN_POINT('',(21.102688653098,-29.,12.73));
#10718 = CYLINDRICAL_SURFACE('',#10719,0.506699);
#10719 = AXIS2_PLACEMENT_3D('',#10720,#10721,#10722);
#10720 = CARTESIAN_POINT('',(21.609252,-29.8,12.718276));
#10721 = DIRECTION('',(0.,-1.,2.22044604925E-16));
#10722 = DIRECTION('',(1.,0.,0.));
#10723 = ADVANCED_FACE('',(#10724),#10742,.F.);
#10724 = FACE_BOUND('',#10725,.F.);
#10725 = EDGE_LOOP('',(#10726,#10734,#10740,#10741));
#10726 = ORIENTED_EDGE('',*,*,#10727,.T.);
#10727 = EDGE_CURVE('',#3497,#10728,#10730,.T.);
#10728 = VERTEX_POINT('',#10729);
#10729 = CARTESIAN_POINT('',(32.955333,-28.5,13.687334));
#10730 = LINE('',#10731,#10732);
#10731 = CARTESIAN_POINT('',(32.955333,-29.8,13.687334));
#10732 = VECTOR('',#10733,1.);
#10733 = DIRECTION('',(0.,1.,-2.22044604925E-16));
#10734 = ORIENTED_EDGE('',*,*,#10735,.T.);
#10735 = EDGE_CURVE('',#10728,#10592,#10736,.T.);
#10736 = LINE('',#10737,#10738);
#10737 = CARTESIAN_POINT('',(32.955333,-28.5,13.687334));
#10738 = VECTOR('',#10739,1.);
#10739 = DIRECTION('',(-1.,0.,0.));
#10740 = ORIENTED_EDGE('',*,*,#10591,.F.);
#10741 = ORIENTED_EDGE('',*,*,#3496,.F.);
#10742 = PLANE('',#10743);
#10743 = AXIS2_PLACEMENT_3D('',#10744,#10745,#10746);
#10744 = CARTESIAN_POINT('',(32.955333,-29.8,13.687334));
#10745 = DIRECTION('',(0.,2.22044604925E-16,1.));
#10746 = DIRECTION('',(-1.,0.,0.));
#10747 = ADVANCED_FACE('',(#10748),#10766,.F.);
#10748 = FACE_BOUND('',#10749,.F.);
#10749 = EDGE_LOOP('',(#10750,#10751,#10759,#10765));
#10750 = ORIENTED_EDGE('',*,*,#10676,.T.);
#10751 = ORIENTED_EDGE('',*,*,#10752,.T.);
#10752 = EDGE_CURVE('',#10668,#10753,#10755,.T.);
#10753 = VERTEX_POINT('',#10754);
#10754 = CARTESIAN_POINT('',(32.955333,-28.5,12.211577));
#10755 = LINE('',#10756,#10757);
#10756 = CARTESIAN_POINT('',(21.609252,-28.5,12.211577));
#10757 = VECTOR('',#10758,1.);
#10758 = DIRECTION('',(1.,0.,0.));
#10759 = ORIENTED_EDGE('',*,*,#10760,.F.);
#10760 = EDGE_CURVE('',#3522,#10753,#10761,.T.);
#10761 = LINE('',#10762,#10763);
#10762 = CARTESIAN_POINT('',(32.955333,-29.8,12.211577));
#10763 = VECTOR('',#10764,1.);
#10764 = DIRECTION('',(0.,1.,-2.22044604925E-16));
#10765 = ORIENTED_EDGE('',*,*,#3530,.F.);
#10766 = PLANE('',#10767);
#10767 = AXIS2_PLACEMENT_3D('',#10768,#10769,#10770);
#10768 = CARTESIAN_POINT('',(21.609252,-29.8,12.211577));
#10769 = DIRECTION('',(0.,-2.22044604925E-16,-1.));
#10770 = DIRECTION('',(1.,0.,0.));
#10771 = ADVANCED_FACE('',(#10772),#10843,.F.);
#10772 = FACE_BOUND('',#10773,.F.);
#10773 = EDGE_LOOP('',(#10774,#10784,#10791,#10792,#10793,#10801,#10810)
  );
#10774 = ORIENTED_EDGE('',*,*,#10775,.F.);
#10775 = EDGE_CURVE('',#10776,#10778,#10780,.T.);
#10776 = VERTEX_POINT('',#10777);
#10777 = CARTESIAN_POINT('',(33.189458977576,-28.5,13.63));
#10778 = VERTEX_POINT('',#10779);
#10779 = CARTESIAN_POINT('',(33.189458977576,-28.6,13.63));
#10780 = LINE('',#10781,#10782);
#10781 = CARTESIAN_POINT('',(33.189458977576,-29.8,13.63));
#10782 = VECTOR('',#10783,1.);
#10783 = DIRECTION('',(0.,-1.,2.22044604925E-16));
#10784 = ORIENTED_EDGE('',*,*,#10785,.T.);
#10785 = EDGE_CURVE('',#10776,#10728,#10786,.T.);
#10786 = CIRCLE('',#10787,0.506699);
#10787 = AXIS2_PLACEMENT_3D('',#10788,#10789,#10790);
#10788 = CARTESIAN_POINT('',(32.955333,-28.5,13.180635));
#10789 = DIRECTION('',(0.,-1.,2.22044604925E-16));
#10790 = DIRECTION('',(1.,0.,0.));
#10791 = ORIENTED_EDGE('',*,*,#10727,.F.);
#10792 = ORIENTED_EDGE('',*,*,#3504,.F.);
#10793 = ORIENTED_EDGE('',*,*,#10794,.T.);
#10794 = EDGE_CURVE('',#3505,#10795,#10797,.T.);
#10795 = VERTEX_POINT('',#10796);
#10796 = CARTESIAN_POINT('',(33.462032,-29.,13.180635));
#10797 = LINE('',#10798,#10799);
#10798 = CARTESIAN_POINT('',(33.462032,-29.8,13.180635));
#10799 = VECTOR('',#10800,1.);
#10800 = DIRECTION('',(0.,1.,-2.22044604925E-16));
#10801 = ORIENTED_EDGE('',*,*,#10802,.T.);
#10802 = EDGE_CURVE('',#10795,#10803,#10805,.T.);
#10803 = VERTEX_POINT('',#10804);
#10804 = CARTESIAN_POINT('',(33.459621581445,-29.,13.23));
#10805 = CIRCLE('',#10806,0.506699);
#10806 = AXIS2_PLACEMENT_3D('',#10807,#10808,#10809);
#10807 = CARTESIAN_POINT('',(32.955333,-29.,13.180635));
#10808 = DIRECTION('',(0.,-1.,2.22044604925E-16));
#10809 = DIRECTION('',(1.,0.,0.));
#10810 = ORIENTED_EDGE('',*,*,#10811,.F.);
#10811 = EDGE_CURVE('',#10778,#10803,#10812,.T.);
#10812 = B_SPLINE_CURVE_WITH_KNOTS('',8,(#10813,#10814,#10815,#10816,
    #10817,#10818,#10819,#10820,#10821,#10822,#10823,#10824,#10825,
    #10826,#10827,#10828,#10829,#10830,#10831,#10832,#10833,#10834,
    #10835,#10836,#10837,#10838,#10839,#10840,#10841,#10842),
  .UNSPECIFIED.,.F.,.F.,(9,7,7,7,9),(0.,0.142583136497,0.424572882738,
    0.479242339745,1.),.UNSPECIFIED.);
#10813 = CARTESIAN_POINT('',(33.189458977576,-28.6,13.63));
#10814 = CARTESIAN_POINT('',(33.189458977576,-28.61290429709,13.63));
#10815 = CARTESIAN_POINT('',(33.190372080998,-28.6258096254,
    13.629524231847));
#10816 = CARTESIAN_POINT('',(33.192198928039,-28.63862255205,
    13.62857252526));
#10817 = CARTESIAN_POINT('',(33.194882481644,-28.6512727521,
    13.627160977037));
#10818 = CARTESIAN_POINT('',(33.198325910135,-28.66371034046,
    13.625314055485));
#10819 = CARTESIAN_POINT('',(33.202418263434,-28.67590186656,
    13.623059376544));
#10820 = CARTESIAN_POINT('',(33.20705526795,-28.68782675238,
    13.620424271281));
#10821 = CARTESIAN_POINT('',(33.222203822735,-28.72251483402,
    13.611517885693));
#10822 = CARTESIAN_POINT('',(33.234017464483,-28.74445334906,
    13.604216089164));
#10823 = CARTESIAN_POINT('',(33.246919203151,-28.76538828712,
    13.595680027432));
#10824 = CARTESIAN_POINT('',(33.26043044682,-28.78536900622,
    13.586007058241));
#10825 = CARTESIAN_POINT('',(33.274222991506,-28.80441883147,
    13.575275846838));
#10826 = CARTESIAN_POINT('',(33.2880715056,-28.82255577553,
    13.563548166665));
#10827 = CARTESIAN_POINT('',(33.301813775977,-28.83980281401,
    13.550857014982));
#10828 = CARTESIAN_POINT('',(33.317960764753,-28.85935259915,
    13.534554291212));
#10829 = CARTESIAN_POINT('',(33.320573560509,-28.86249315351,
    13.531871792804));
#10830 = CARTESIAN_POINT('',(33.32317602816,-28.86559949403,
    13.529154454257));
#10831 = CARTESIAN_POINT('',(33.325767158282,-28.86867148571,
    13.52640256673));
#10832 = CARTESIAN_POINT('',(33.328345976646,-28.87170897369,
    13.523616423026));
#10833 = CARTESIAN_POINT('',(33.330911544217,-28.87471178337,
    13.520796317594));
#10834 = CARTESIAN_POINT('',(33.333462957157,-28.87767972032,
    13.517942546529));
#10835 = CARTESIAN_POINT('',(33.360159900426,-28.90854963388,
    13.487553767509));
#10836 = CARTESIAN_POINT('',(33.382965630938,-28.93331338951,
    13.457014605043));
#10837 = CARTESIAN_POINT('',(33.403658186235,-28.95471535881,
    13.423694280811));
#10838 = CARTESIAN_POINT('',(33.421690999551,-28.97241176576,
    13.387904538056));
#10839 = CARTESIAN_POINT('',(33.436584408274,-28.98605641533,
    13.350063714933));
#10840 = CARTESIAN_POINT('',(33.447979477678,-28.99532640331,
    13.310698653229));
#10841 = CARTESIAN_POINT('',(33.455662474717,-29.,13.270444288779));
#10842 = CARTESIAN_POINT('',(33.459621581445,-29.,13.23));
#10843 = CYLINDRICAL_SURFACE('',#10844,0.506699);
#10844 = AXIS2_PLACEMENT_3D('',#10845,#10846,#10847);
#10845 = CARTESIAN_POINT('',(32.955333,-29.8,13.180635));
#10846 = DIRECTION('',(0.,-1.,2.22044604925E-16));
#10847 = DIRECTION('',(1.,0.,0.));
#10848 = ADVANCED_FACE('',(#10849),#10901,.F.);
#10849 = FACE_BOUND('',#10850,.F.);
#10850 = EDGE_LOOP('',(#10851,#10859,#10860,#10861,#10870,#10878));
#10851 = ORIENTED_EDGE('',*,*,#10852,.F.);
#10852 = EDGE_CURVE('',#3514,#10853,#10855,.T.);
#10853 = VERTEX_POINT('',#10854);
#10854 = CARTESIAN_POINT('',(33.462032,-28.99982814786,12.718276));
#10855 = LINE('',#10856,#10857);
#10856 = CARTESIAN_POINT('',(33.462032,-29.8,12.718276));
#10857 = VECTOR('',#10858,1.);
#10858 = DIRECTION('',(0.,1.,-2.22044604925E-16));
#10859 = ORIENTED_EDGE('',*,*,#3521,.F.);
#10860 = ORIENTED_EDGE('',*,*,#10760,.T.);
#10861 = ORIENTED_EDGE('',*,*,#10862,.T.);
#10862 = EDGE_CURVE('',#10753,#10863,#10865,.T.);
#10863 = VERTEX_POINT('',#10864);
#10864 = CARTESIAN_POINT('',(33.28088733406,-28.5,12.33));
#10865 = CIRCLE('',#10866,0.506699);
#10866 = AXIS2_PLACEMENT_3D('',#10867,#10868,#10869);
#10867 = CARTESIAN_POINT('',(32.955333,-28.5,12.718276));
#10868 = DIRECTION('',(0.,-1.,2.22044604925E-16));
#10869 = DIRECTION('',(1.,0.,0.));
#10870 = ORIENTED_EDGE('',*,*,#10871,.T.);
#10871 = EDGE_CURVE('',#10863,#10872,#10874,.T.);
#10872 = VERTEX_POINT('',#10873);
#10873 = CARTESIAN_POINT('',(33.28088733406,-28.6,12.33));
#10874 = LINE('',#10875,#10876);
#10875 = CARTESIAN_POINT('',(33.28088733406,-29.8,12.33));
#10876 = VECTOR('',#10877,1.);
#10877 = DIRECTION('',(0.,-1.,2.22044604925E-16));
#10878 = ORIENTED_EDGE('',*,*,#10879,.T.);
#10879 = EDGE_CURVE('',#10872,#10853,#10880,.T.);
#10880 = B_SPLINE_CURVE_WITH_KNOTS('',7,(#10881,#10882,#10883,#10884,
    #10885,#10886,#10887,#10888,#10889,#10890,#10891,#10892,#10893,
    #10894,#10895,#10896,#10897,#10898,#10899,#10900),.UNSPECIFIED.,.F.,
  .F.,(8,6,6,8),(0.,0.193370529,0.555908090343,1.),.UNSPECIFIED.);
#10881 = CARTESIAN_POINT('',(33.28088733406,-28.6,12.33));
#10882 = CARTESIAN_POINT('',(33.28088733406,-28.61901534341,12.33));
#10883 = CARTESIAN_POINT('',(33.282144675992,-28.63803475361,
    12.331054639795));
#10884 = CARTESIAN_POINT('',(33.284662935857,-28.65687116684,
    12.333164614991));
#10885 = CARTESIAN_POINT('',(33.288331136827,-28.67538156684,
    12.336286267945));
#10886 = CARTESIAN_POINT('',(33.29297725529,-28.69346231678,
    12.340355087121));
#10887 = CARTESIAN_POINT('',(33.298412941079,-28.71104315646,
    12.345301643988));
#10888 = CARTESIAN_POINT('',(33.315824401738,-28.76002085727,
    12.361855865639));
#10889 = CARTESIAN_POINT('',(33.329348921511,-28.79001589311,
    12.375494025638));
#10890 = CARTESIAN_POINT('',(33.343991659514,-28.81802334075,
    12.391610697372));
#10891 = CARTESIAN_POINT('',(33.358914607227,-28.84400389631,
    12.409947203967));
#10892 = CARTESIAN_POINT('',(33.373566618551,-28.86789105666,
    12.430273208662));
#10893 = CARTESIAN_POINT('',(33.387530512245,-28.88964456856,
    12.452409229202));
#10894 = CARTESIAN_POINT('',(33.416362272502,-28.93316381123,
    12.505437579831));
#10895 = CARTESIAN_POINT('',(33.43069244251,-28.95378072168,
    12.537117245117));
#10896 = CARTESIAN_POINT('',(33.442835448186,-28.97086857456,
    12.570930562772));
#10897 = CARTESIAN_POINT('',(33.452318917846,-28.98418189366,
    12.606474859513));
#10898 = CARTESIAN_POINT('',(33.458785381645,-28.99351064313,
    12.643260235955));
#10899 = CARTESIAN_POINT('',(33.462032,-28.99872707317,12.680725619982)
  );
#10900 = CARTESIAN_POINT('',(33.462032,-28.99982814786,12.718276));
#10901 = CYLINDRICAL_SURFACE('',#10902,0.506699);
#10902 = AXIS2_PLACEMENT_3D('',#10903,#10904,#10905);
#10903 = CARTESIAN_POINT('',(32.955333,-29.8,12.718276));
#10904 = DIRECTION('',(0.,-1.,2.22044604925E-16));
#10905 = DIRECTION('',(1.,0.,0.));
#10906 = ADVANCED_FACE('',(#10907),#10927,.F.);
#10907 = FACE_BOUND('',#10908,.F.);
#10908 = EDGE_LOOP('',(#10909,#10917,#10918,#10919,#10920));
#10909 = ORIENTED_EDGE('',*,*,#10910,.F.);
#10910 = EDGE_CURVE('',#10795,#10911,#10913,.T.);
#10911 = VERTEX_POINT('',#10912);
#10912 = CARTESIAN_POINT('',(33.462032,-29.,12.73));
#10913 = LINE('',#10914,#10915);
#10914 = CARTESIAN_POINT('',(33.462032,-29.,12.849138));
#10915 = VECTOR('',#10916,1.);
#10916 = DIRECTION('',(0.,0.,-1.));
#10917 = ORIENTED_EDGE('',*,*,#10794,.F.);
#10918 = ORIENTED_EDGE('',*,*,#3513,.F.);
#10919 = ORIENTED_EDGE('',*,*,#10852,.T.);
#10920 = ORIENTED_EDGE('',*,*,#10921,.T.);
#10921 = EDGE_CURVE('',#10853,#10911,#10922,.T.);
#10922 = CIRCLE('',#10923,0.4);
#10923 = AXIS2_PLACEMENT_3D('',#10924,#10925,#10926);
#10924 = CARTESIAN_POINT('',(33.462032,-28.6,12.73));
#10925 = DIRECTION('',(-1.,0.,0.));
#10926 = DIRECTION('',(0.,0.,-1.));
#10927 = PLANE('',#10928);
#10928 = AXIS2_PLACEMENT_3D('',#10929,#10930,#10931);
#10929 = CARTESIAN_POINT('',(33.462032,-29.8,12.718276));
#10930 = DIRECTION('',(1.,0.,0.));
#10931 = DIRECTION('',(0.,2.22044604925E-16,1.));
#10932 = ADVANCED_FACE('',(#10933),#10938,.F.);
#10933 = FACE_BOUND('',#10934,.F.);
#10934 = EDGE_LOOP('',(#10935,#10936,#10937));
#10935 = ORIENTED_EDGE('',*,*,#4241,.F.);
#10936 = ORIENTED_EDGE('',*,*,#3615,.T.);
#10937 = ORIENTED_EDGE('',*,*,#4260,.F.);
#10938 = PLANE('',#10939);
#10939 = AXIS2_PLACEMENT_3D('',#10940,#10941,#10942);
#10940 = CARTESIAN_POINT('',(-45.7,-29.8,22.92));
#10941 = DIRECTION('',(0.57735026919,0.57735026919,-0.57735026919));
#10942 = DIRECTION('',(-0.707106781187,0.,-0.707106781187));
#10943 = ADVANCED_FACE('',(#10944),#10971,.F.);
#10944 = FACE_BOUND('',#10945,.F.);
#10945 = EDGE_LOOP('',(#10946,#10955,#10963,#10970));
#10946 = ORIENTED_EDGE('',*,*,#10947,.T.);
#10947 = EDGE_CURVE('',#3682,#10948,#10950,.T.);
#10948 = VERTEX_POINT('',#10949);
#10949 = CARTESIAN_POINT('',(46.,-9.2,13.23));
#10950 = ELLIPSE('',#10951,0.565685424949,0.4);
#10951 = AXIS2_PLACEMENT_3D('',#10952,#10953,#10954);
#10952 = CARTESIAN_POINT('',(45.6,-9.2,13.23));
#10953 = DIRECTION('',(0.,0.707106781187,0.707106781187));
#10954 = DIRECTION('',(0.,0.707106781187,-0.707106781187));
#10955 = ORIENTED_EDGE('',*,*,#10956,.T.);
#10956 = EDGE_CURVE('',#10948,#10957,#10959,.T.);
#10957 = VERTEX_POINT('',#10958);
#10958 = CARTESIAN_POINT('',(46.,19.9,13.23));
#10959 = LINE('',#10960,#10961);
#10960 = CARTESIAN_POINT('',(46.,-9.6,13.23));
#10961 = VECTOR('',#10962,1.);
#10962 = DIRECTION('',(0.,1.,0.));
#10963 = ORIENTED_EDGE('',*,*,#10964,.F.);
#10964 = EDGE_CURVE('',#3673,#10957,#10965,.T.);
#10965 = ELLIPSE('',#10966,0.565685424949,0.4);
#10966 = AXIS2_PLACEMENT_3D('',#10967,#10968,#10969);
#10967 = CARTESIAN_POINT('',(45.6,19.9,13.23));
#10968 = DIRECTION('',(0.,0.707106781187,-0.707106781187));
#10969 = DIRECTION('',(0.,0.707106781187,0.707106781187));
#10970 = ORIENTED_EDGE('',*,*,#3689,.F.);
#10971 = CYLINDRICAL_SURFACE('',#10972,0.4);
#10972 = AXIS2_PLACEMENT_3D('',#10973,#10974,#10975);
#10973 = CARTESIAN_POINT('',(45.6,-9.6,13.23));
#10974 = DIRECTION('',(0.,1.,0.));
#10975 = DIRECTION('',(0.,0.,1.));
#10976 = ADVANCED_FACE('',(#10977),#10996,.F.);
#10977 = FACE_BOUND('',#10978,.T.);
#10978 = EDGE_LOOP('',(#10979,#10980,#10988,#10995));
#10979 = ORIENTED_EDGE('',*,*,#10947,.T.);
#10980 = ORIENTED_EDGE('',*,*,#10981,.T.);
#10981 = EDGE_CURVE('',#10948,#10982,#10984,.T.);
#10982 = VERTEX_POINT('',#10983);
#10983 = CARTESIAN_POINT('',(46.,-9.2,12.73));
#10984 = LINE('',#10985,#10986);
#10985 = CARTESIAN_POINT('',(46.,-9.2,13.63));
#10986 = VECTOR('',#10987,1.);
#10987 = DIRECTION('',(0.,0.,-1.));
#10988 = ORIENTED_EDGE('',*,*,#10989,.F.);
#10989 = EDGE_CURVE('',#3706,#10982,#10990,.T.);
#10990 = ELLIPSE('',#10991,0.565685424949,0.4);
#10991 = AXIS2_PLACEMENT_3D('',#10992,#10993,#10994);
#10992 = CARTESIAN_POINT('',(45.6,-9.2,12.73));
#10993 = DIRECTION('',(0.,-0.707106781187,0.707106781187));
#10994 = DIRECTION('',(0.,-0.707106781187,-0.707106781187));
#10995 = ORIENTED_EDGE('',*,*,#3713,.F.);
#10996 = CYLINDRICAL_SURFACE('',#10997,0.4);
#10997 = AXIS2_PLACEMENT_3D('',#10998,#10999,#11000);
#10998 = CARTESIAN_POINT('',(45.6,-9.2,13.63));
#10999 = DIRECTION('',(0.,0.,-1.));
#11000 = DIRECTION('',(0.,-1.,0.));
#11001 = ADVANCED_FACE('',(#11002),#11021,.F.);
#11002 = FACE_BOUND('',#11003,.F.);
#11003 = EDGE_LOOP('',(#11004,#11013,#11019,#11020));
#11004 = ORIENTED_EDGE('',*,*,#11005,.T.);
#11005 = EDGE_CURVE('',#3730,#11006,#11008,.T.);
#11006 = VERTEX_POINT('',#11007);
#11007 = CARTESIAN_POINT('',(46.,19.9,12.73));
#11008 = ELLIPSE('',#11009,0.565685424949,0.4);
#11009 = AXIS2_PLACEMENT_3D('',#11010,#11011,#11012);
#11010 = CARTESIAN_POINT('',(45.6,19.9,12.73));
#11011 = DIRECTION('',(-0.,-0.707106781187,-0.707106781187));
#11012 = DIRECTION('',(0.,-0.707106781187,0.707106781187));
#11013 = ORIENTED_EDGE('',*,*,#11014,.T.);
#11014 = EDGE_CURVE('',#11006,#10982,#11015,.T.);
#11015 = LINE('',#11016,#11017);
#11016 = CARTESIAN_POINT('',(46.,20.3,12.73));
#11017 = VECTOR('',#11018,1.);
#11018 = DIRECTION('',(0.,-1.,0.));
#11019 = ORIENTED_EDGE('',*,*,#10989,.F.);
#11020 = ORIENTED_EDGE('',*,*,#3737,.F.);
#11021 = CYLINDRICAL_SURFACE('',#11022,0.4);
#11022 = AXIS2_PLACEMENT_3D('',#11023,#11024,#11025);
#11023 = CARTESIAN_POINT('',(45.6,20.3,12.73));
#11024 = DIRECTION('',(0.,-1.,0.));
#11025 = DIRECTION('',(0.,0.,-1.));
#11026 = ADVANCED_FACE('',(#11027),#11038,.F.);
#11027 = FACE_BOUND('',#11028,.F.);
#11028 = EDGE_LOOP('',(#11029,#11030,#11036,#11037));
#11029 = ORIENTED_EDGE('',*,*,#10964,.T.);
#11030 = ORIENTED_EDGE('',*,*,#11031,.T.);
#11031 = EDGE_CURVE('',#10957,#11006,#11032,.T.);
#11032 = LINE('',#11033,#11034);
#11033 = CARTESIAN_POINT('',(46.,19.9,13.63));
#11034 = VECTOR('',#11035,1.);
#11035 = DIRECTION('',(0.,0.,-1.));
#11036 = ORIENTED_EDGE('',*,*,#11005,.F.);
#11037 = ORIENTED_EDGE('',*,*,#3752,.F.);
#11038 = CYLINDRICAL_SURFACE('',#11039,0.4);
#11039 = AXIS2_PLACEMENT_3D('',#11040,#11041,#11042);
#11040 = CARTESIAN_POINT('',(45.6,19.9,13.63));
#11041 = DIRECTION('',(0.,0.,-1.));
#11042 = DIRECTION('',(0.,1.,0.));
#11043 = ADVANCED_FACE('',(#11044),#11069,.F.);
#11044 = FACE_BOUND('',#11045,.F.);
#11045 = EDGE_LOOP('',(#11046,#11054,#11062,#11068));
#11046 = ORIENTED_EDGE('',*,*,#11047,.T.);
#11047 = EDGE_CURVE('',#3914,#11048,#11050,.T.);
#11048 = VERTEX_POINT('',#11049);
#11049 = CARTESIAN_POINT('',(-46.,-23.1,13.63));
#11050 = LINE('',#11051,#11052);
#11051 = CARTESIAN_POINT('',(-45.8,-23.1,13.63));
#11052 = VECTOR('',#11053,1.);
#11053 = DIRECTION('',(-1.,-0.,-0.));
#11054 = ORIENTED_EDGE('',*,*,#11055,.T.);
#11055 = EDGE_CURVE('',#11048,#11056,#11058,.T.);
#11056 = VERTEX_POINT('',#11057);
#11057 = CARTESIAN_POINT('',(-46.,-23.1,12.33));
#11058 = LINE('',#11059,#11060);
#11059 = CARTESIAN_POINT('',(-46.,-23.1,13.63));
#11060 = VECTOR('',#11061,1.);
#11061 = DIRECTION('',(0.,0.,-1.));
#11062 = ORIENTED_EDGE('',*,*,#11063,.F.);
#11063 = EDGE_CURVE('',#3916,#11056,#11064,.T.);
#11064 = LINE('',#11065,#11066);
#11065 = CARTESIAN_POINT('',(-45.8,-23.1,12.33));
#11066 = VECTOR('',#11067,1.);
#11067 = DIRECTION('',(-1.,-0.,-0.));
#11068 = ORIENTED_EDGE('',*,*,#3913,.F.);
#11069 = PLANE('',#11070);
#11070 = AXIS2_PLACEMENT_3D('',#11071,#11072,#11073);
#11071 = CARTESIAN_POINT('',(-45.8,-23.1,13.63));
#11072 = DIRECTION('',(0.,-1.,0.));
#11073 = DIRECTION('',(0.,0.,-1.));
#11074 = ADVANCED_FACE('',(#11075),#11093,.F.);
#11075 = FACE_BOUND('',#11076,.F.);
#11076 = EDGE_LOOP('',(#11077,#11078,#11086,#11092));
#11077 = ORIENTED_EDGE('',*,*,#11063,.T.);
#11078 = ORIENTED_EDGE('',*,*,#11079,.T.);
#11079 = EDGE_CURVE('',#11056,#11080,#11082,.T.);
#11080 = VERTEX_POINT('',#11081);
#11081 = CARTESIAN_POINT('',(-46.,20.3,12.33));
#11082 = LINE('',#11083,#11084);
#11083 = CARTESIAN_POINT('',(-46.,-23.1,12.33));
#11084 = VECTOR('',#11085,1.);
#11085 = DIRECTION('',(0.,1.,0.));
#11086 = ORIENTED_EDGE('',*,*,#11087,.F.);
#11087 = EDGE_CURVE('',#3932,#11080,#11088,.T.);
#11088 = LINE('',#11089,#11090);
#11089 = CARTESIAN_POINT('',(-45.8,20.3,12.33));
#11090 = VECTOR('',#11091,1.);
#11091 = DIRECTION('',(-1.,-0.,-0.));
#11092 = ORIENTED_EDGE('',*,*,#3939,.F.);
#11093 = PLANE('',#11094);
#11094 = AXIS2_PLACEMENT_3D('',#11095,#11096,#11097);
#11095 = CARTESIAN_POINT('',(-45.8,-23.1,12.33));
#11096 = DIRECTION('',(0.,0.,-1.));
#11097 = DIRECTION('',(0.,1.,0.));
#11098 = ADVANCED_FACE('',(#11099),#11117,.F.);
#11099 = FACE_BOUND('',#11100,.F.);
#11100 = EDGE_LOOP('',(#11101,#11102,#11110,#11116));
#11101 = ORIENTED_EDGE('',*,*,#11087,.T.);
#11102 = ORIENTED_EDGE('',*,*,#11103,.T.);
#11103 = EDGE_CURVE('',#11080,#11104,#11106,.T.);
#11104 = VERTEX_POINT('',#11105);
#11105 = CARTESIAN_POINT('',(-46.,20.3,13.63));
#11106 = LINE('',#11107,#11108);
#11107 = CARTESIAN_POINT('',(-46.,20.3,12.33));
#11108 = VECTOR('',#11109,1.);
#11109 = DIRECTION('',(0.,0.,1.));
#11110 = ORIENTED_EDGE('',*,*,#11111,.F.);
#11111 = EDGE_CURVE('',#3924,#11104,#11112,.T.);
#11112 = LINE('',#11113,#11114);
#11113 = CARTESIAN_POINT('',(-45.8,20.3,13.63));
#11114 = VECTOR('',#11115,1.);
#11115 = DIRECTION('',(-1.,-0.,-0.));
#11116 = ORIENTED_EDGE('',*,*,#3931,.F.);
#11117 = PLANE('',#11118);
#11118 = AXIS2_PLACEMENT_3D('',#11119,#11120,#11121);
#11119 = CARTESIAN_POINT('',(-45.8,20.3,12.33));
#11120 = DIRECTION('',(0.,1.,0.));
#11121 = DIRECTION('',(0.,0.,1.));
#11122 = ADVANCED_FACE('',(#11123),#11134,.F.);
#11123 = FACE_BOUND('',#11124,.F.);
#11124 = EDGE_LOOP('',(#11125,#11126,#11132,#11133));
#11125 = ORIENTED_EDGE('',*,*,#11111,.T.);
#11126 = ORIENTED_EDGE('',*,*,#11127,.T.);
#11127 = EDGE_CURVE('',#11104,#11048,#11128,.T.);
#11128 = LINE('',#11129,#11130);
#11129 = CARTESIAN_POINT('',(-46.,20.3,13.63));
#11130 = VECTOR('',#11131,1.);
#11131 = DIRECTION('',(0.,-1.,0.));
#11132 = ORIENTED_EDGE('',*,*,#11047,.F.);
#11133 = ORIENTED_EDGE('',*,*,#3923,.F.);
#11134 = PLANE('',#11135);
#11135 = AXIS2_PLACEMENT_3D('',#11136,#11137,#11138);
#11136 = CARTESIAN_POINT('',(-45.8,20.3,13.63));
#11137 = DIRECTION('',(0.,0.,1.));
#11138 = DIRECTION('',(0.,-1.,0.));
#11139 = ADVANCED_FACE('',(#11140),#11167,.F.);
#11140 = FACE_BOUND('',#11141,.F.);
#11141 = EDGE_LOOP('',(#11142,#11151,#11159,#11166));
#11142 = ORIENTED_EDGE('',*,*,#11143,.T.);
#11143 = EDGE_CURVE('',#3963,#11144,#11146,.T.);
#11144 = VERTEX_POINT('',#11145);
#11145 = CARTESIAN_POINT('',(24.57,26.2,13.23));
#11146 = ELLIPSE('',#11147,0.565685424949,0.4);
#11147 = AXIS2_PLACEMENT_3D('',#11148,#11149,#11150);
#11148 = CARTESIAN_POINT('',(24.57,25.8,13.23));
#11149 = DIRECTION('',(-0.707106781187,1.570092458684E-16,0.707106781187
    ));
#11150 = DIRECTION('',(-0.707106781187,-1.570092458684E-16,
    -0.707106781187));
#11151 = ORIENTED_EDGE('',*,*,#11152,.T.);
#11152 = EDGE_CURVE('',#11144,#11153,#11155,.T.);
#11153 = VERTEX_POINT('',#11154);
#11154 = CARTESIAN_POINT('',(-13.98480292068,26.2,13.23));
#11155 = LINE('',#11156,#11157);
#11156 = CARTESIAN_POINT('',(24.97,26.2,13.23));
#11157 = VECTOR('',#11158,1.);
#11158 = DIRECTION('',(-1.,0.,0.));
#11159 = ORIENTED_EDGE('',*,*,#11160,.F.);
#11160 = EDGE_CURVE('',#3954,#11153,#11161,.T.);
#11161 = ELLIPSE('',#11162,0.565685424949,0.4);
#11162 = AXIS2_PLACEMENT_3D('',#11163,#11164,#11165);
#11163 = CARTESIAN_POINT('',(-13.98480292068,25.8,13.23));
#11164 = DIRECTION('',(-0.707106781187,-1.570092458684E-16,
    -0.707106781187));
#11165 = DIRECTION('',(-0.707106781187,1.570092458684E-16,0.707106781187
    ));
#11166 = ORIENTED_EDGE('',*,*,#3970,.F.);
#11167 = CYLINDRICAL_SURFACE('',#11168,0.4);
#11168 = AXIS2_PLACEMENT_3D('',#11169,#11170,#11171);
#11169 = CARTESIAN_POINT('',(24.97,25.8,13.23));
#11170 = DIRECTION('',(-1.,0.,0.));
#11171 = DIRECTION('',(0.,2.2E-16,1.));
#11172 = ADVANCED_FACE('',(#11173),#11192,.F.);
#11173 = FACE_BOUND('',#11174,.T.);
#11174 = EDGE_LOOP('',(#11175,#11176,#11184,#11191));
#11175 = ORIENTED_EDGE('',*,*,#11143,.T.);
#11176 = ORIENTED_EDGE('',*,*,#11177,.T.);
#11177 = EDGE_CURVE('',#11144,#11178,#11180,.T.);
#11178 = VERTEX_POINT('',#11179);
#11179 = CARTESIAN_POINT('',(24.57,26.2,12.73));
#11180 = LINE('',#11181,#11182);
#11181 = CARTESIAN_POINT('',(24.57,26.2,13.63));
#11182 = VECTOR('',#11183,1.);
#11183 = DIRECTION('',(0.,-2.22044604925E-16,-1.));
#11184 = ORIENTED_EDGE('',*,*,#11185,.T.);
#11185 = EDGE_CURVE('',#11178,#3987,#11186,.T.);
#11186 = ELLIPSE('',#11187,0.565685424949,0.4);
#11187 = AXIS2_PLACEMENT_3D('',#11188,#11189,#11190);
#11188 = CARTESIAN_POINT('',(24.57,25.8,12.73));
#11189 = DIRECTION('',(-0.707106781187,-1.570092458684E-16,
    -0.707106781187));
#11190 = DIRECTION('',(0.707106781187,-1.570092458684E-16,
    -0.707106781187));
#11191 = ORIENTED_EDGE('',*,*,#3994,.F.);
#11192 = CYLINDRICAL_SURFACE('',#11193,0.4);
#11193 = AXIS2_PLACEMENT_3D('',#11194,#11195,#11196);
#11194 = CARTESIAN_POINT('',(24.57,25.8,13.63));
#11195 = DIRECTION('',(0.,-2.22044604925E-16,-1.));
#11196 = DIRECTION('',(1.,0.,0.));
#11197 = ADVANCED_FACE('',(#11198),#11217,.F.);
#11198 = FACE_BOUND('',#11199,.T.);
#11199 = EDGE_LOOP('',(#11200,#11209,#11210,#11211));
#11200 = ORIENTED_EDGE('',*,*,#11201,.T.);
#11201 = EDGE_CURVE('',#11202,#4011,#11204,.T.);
#11202 = VERTEX_POINT('',#11203);
#11203 = CARTESIAN_POINT('',(-13.98480292068,26.2,12.73));
#11204 = ELLIPSE('',#11205,0.565685424949,0.4);
#11205 = AXIS2_PLACEMENT_3D('',#11206,#11207,#11208);
#11206 = CARTESIAN_POINT('',(-13.98480292068,25.8,12.73));
#11207 = DIRECTION('',(-0.707106781187,1.570092458684E-16,0.707106781187
    ));
#11208 = DIRECTION('',(0.707106781187,1.570092458684E-16,0.707106781187)
  );
#11209 = ORIENTED_EDGE('',*,*,#4018,.T.);
#11210 = ORIENTED_EDGE('',*,*,#11185,.F.);
#11211 = ORIENTED_EDGE('',*,*,#11212,.F.);
#11212 = EDGE_CURVE('',#11202,#11178,#11213,.T.);
#11213 = LINE('',#11214,#11215);
#11214 = CARTESIAN_POINT('',(-14.38480292068,26.2,12.73));
#11215 = VECTOR('',#11216,1.);
#11216 = DIRECTION('',(1.,0.,0.));
#11217 = CYLINDRICAL_SURFACE('',#11218,0.4);
#11218 = AXIS2_PLACEMENT_3D('',#11219,#11220,#11221);
#11219 = CARTESIAN_POINT('',(-14.38480292068,25.8,12.73));
#11220 = DIRECTION('',(1.,0.,0.));
#11221 = DIRECTION('',(0.,1.,0.));
#11222 = ADVANCED_FACE('',(#11223),#11234,.F.);
#11223 = FACE_BOUND('',#11224,.T.);
#11224 = EDGE_LOOP('',(#11225,#11226,#11232,#11233));
#11225 = ORIENTED_EDGE('',*,*,#11201,.F.);
#11226 = ORIENTED_EDGE('',*,*,#11227,.T.);
#11227 = EDGE_CURVE('',#11202,#11153,#11228,.T.);
#11228 = LINE('',#11229,#11230);
#11229 = CARTESIAN_POINT('',(-13.98480292068,26.2,12.33));
#11230 = VECTOR('',#11231,1.);
#11231 = DIRECTION('',(0.,2.22044604925E-16,1.));
#11232 = ORIENTED_EDGE('',*,*,#11160,.F.);
#11233 = ORIENTED_EDGE('',*,*,#4035,.F.);
#11234 = CYLINDRICAL_SURFACE('',#11235,0.4);
#11235 = AXIS2_PLACEMENT_3D('',#11236,#11237,#11238);
#11236 = CARTESIAN_POINT('',(-13.98480292068,25.8,12.33));
#11237 = DIRECTION('',(0.,2.22044604925E-16,1.));
#11238 = DIRECTION('',(-1.,0.,0.));
#11239 = ADVANCED_FACE('',(#11240),#11267,.F.);
#11240 = FACE_BOUND('',#11241,.F.);
#11241 = EDGE_LOOP('',(#11242,#11251,#11259,#11266));
#11242 = ORIENTED_EDGE('',*,*,#11243,.T.);
#11243 = EDGE_CURVE('',#4059,#11244,#11246,.T.);
#11244 = VERTEX_POINT('',#11245);
#11245 = CARTESIAN_POINT('',(-27.71519707931,26.2,13.23));
#11246 = ELLIPSE('',#11247,0.565685424949,0.4);
#11247 = AXIS2_PLACEMENT_3D('',#11248,#11249,#11250);
#11248 = CARTESIAN_POINT('',(-27.71519707931,25.8,13.23));
#11249 = DIRECTION('',(-0.707106781187,1.570092458684E-16,0.707106781187
    ));
#11250 = DIRECTION('',(-0.707106781187,-1.570092458684E-16,
    -0.707106781187));
#11251 = ORIENTED_EDGE('',*,*,#11252,.T.);
#11252 = EDGE_CURVE('',#11244,#11253,#11255,.T.);
#11253 = VERTEX_POINT('',#11254);
#11254 = CARTESIAN_POINT('',(-40.1,26.2,13.23));
#11255 = LINE('',#11256,#11257);
#11256 = CARTESIAN_POINT('',(-27.31519707931,26.2,13.23));
#11257 = VECTOR('',#11258,1.);
#11258 = DIRECTION('',(-1.,0.,0.));
#11259 = ORIENTED_EDGE('',*,*,#11260,.F.);
#11260 = EDGE_CURVE('',#4050,#11253,#11261,.T.);
#11261 = ELLIPSE('',#11262,0.565685424949,0.4);
#11262 = AXIS2_PLACEMENT_3D('',#11263,#11264,#11265);
#11263 = CARTESIAN_POINT('',(-40.1,25.8,13.23));
#11264 = DIRECTION('',(-0.707106781187,0.,-0.707106781187));
#11265 = DIRECTION('',(-0.707106781187,0.,0.707106781187));
#11266 = ORIENTED_EDGE('',*,*,#4066,.F.);
#11267 = CYLINDRICAL_SURFACE('',#11268,0.4);
#11268 = AXIS2_PLACEMENT_3D('',#11269,#11270,#11271);
#11269 = CARTESIAN_POINT('',(-27.31519707931,25.8,13.23));
#11270 = DIRECTION('',(-1.,0.,0.));
#11271 = DIRECTION('',(0.,2.2E-16,1.));
#11272 = ADVANCED_FACE('',(#11273),#11292,.F.);
#11273 = FACE_BOUND('',#11274,.T.);
#11274 = EDGE_LOOP('',(#11275,#11276,#11284,#11291));
#11275 = ORIENTED_EDGE('',*,*,#11243,.T.);
#11276 = ORIENTED_EDGE('',*,*,#11277,.T.);
#11277 = EDGE_CURVE('',#11244,#11278,#11280,.T.);
#11278 = VERTEX_POINT('',#11279);
#11279 = CARTESIAN_POINT('',(-27.71519707931,26.2,12.73));
#11280 = LINE('',#11281,#11282);
#11281 = CARTESIAN_POINT('',(-27.71519707931,26.2,13.63));
#11282 = VECTOR('',#11283,1.);
#11283 = DIRECTION('',(0.,-2.22044604925E-16,-1.));
#11284 = ORIENTED_EDGE('',*,*,#11285,.F.);
#11285 = EDGE_CURVE('',#4083,#11278,#11286,.T.);
#11286 = ELLIPSE('',#11287,0.565685424949,0.4);
#11287 = AXIS2_PLACEMENT_3D('',#11288,#11289,#11290);
#11288 = CARTESIAN_POINT('',(-27.71519707931,25.8,12.73));
#11289 = DIRECTION('',(0.707106781187,1.570092458684E-16,0.707106781187)
  );
#11290 = DIRECTION('',(0.707106781187,-1.570092458684E-16,
    -0.707106781187));
#11291 = ORIENTED_EDGE('',*,*,#4090,.F.);
#11292 = CYLINDRICAL_SURFACE('',#11293,0.4);
#11293 = AXIS2_PLACEMENT_3D('',#11294,#11295,#11296);
#11294 = CARTESIAN_POINT('',(-27.71519707931,25.8,13.63));
#11295 = DIRECTION('',(0.,-2.22044604925E-16,-1.));
#11296 = DIRECTION('',(1.,0.,0.));
#11297 = ADVANCED_FACE('',(#11298),#11317,.F.);
#11298 = FACE_BOUND('',#11299,.F.);
#11299 = EDGE_LOOP('',(#11300,#11309,#11315,#11316));
#11300 = ORIENTED_EDGE('',*,*,#11301,.T.);
#11301 = EDGE_CURVE('',#4107,#11302,#11304,.T.);
#11302 = VERTEX_POINT('',#11303);
#11303 = CARTESIAN_POINT('',(-40.1,26.2,12.73));
#11304 = ELLIPSE('',#11305,0.565685424949,0.4);
#11305 = AXIS2_PLACEMENT_3D('',#11306,#11307,#11308);
#11306 = CARTESIAN_POINT('',(-40.1,25.8,12.73));
#11307 = DIRECTION('',(0.707106781187,0.,-0.707106781187));
#11308 = DIRECTION('',(0.707106781187,0.,0.707106781187));
#11309 = ORIENTED_EDGE('',*,*,#11310,.T.);
#11310 = EDGE_CURVE('',#11302,#11278,#11311,.T.);
#11311 = LINE('',#11312,#11313);
#11312 = CARTESIAN_POINT('',(-40.5,26.2,12.73));
#11313 = VECTOR('',#11314,1.);
#11314 = DIRECTION('',(1.,0.,0.));
#11315 = ORIENTED_EDGE('',*,*,#11285,.F.);
#11316 = ORIENTED_EDGE('',*,*,#4114,.F.);
#11317 = CYLINDRICAL_SURFACE('',#11318,0.4);
#11318 = AXIS2_PLACEMENT_3D('',#11319,#11320,#11321);
#11319 = CARTESIAN_POINT('',(-40.5,25.8,12.73));
#11320 = DIRECTION('',(1.,0.,0.));
#11321 = DIRECTION('',(0.,-2.2E-16,-1.));
#11322 = ADVANCED_FACE('',(#11323),#11334,.F.);
#11323 = FACE_BOUND('',#11324,.F.);
#11324 = EDGE_LOOP('',(#11325,#11326,#11332,#11333));
#11325 = ORIENTED_EDGE('',*,*,#11260,.T.);
#11326 = ORIENTED_EDGE('',*,*,#11327,.T.);
#11327 = EDGE_CURVE('',#11253,#11302,#11328,.T.);
#11328 = LINE('',#11329,#11330);
#11329 = CARTESIAN_POINT('',(-40.1,26.2,13.63));
#11330 = VECTOR('',#11331,1.);
#11331 = DIRECTION('',(0.,0.,-1.));
#11332 = ORIENTED_EDGE('',*,*,#11301,.F.);
#11333 = ORIENTED_EDGE('',*,*,#4129,.F.);
#11334 = CYLINDRICAL_SURFACE('',#11335,0.4);
#11335 = AXIS2_PLACEMENT_3D('',#11336,#11337,#11338);
#11336 = CARTESIAN_POINT('',(-40.1,25.8,13.63));
#11337 = DIRECTION('',(0.,0.,-1.));
#11338 = DIRECTION('',(-1.,-0.,-0.));
#11339 = ADVANCED_FACE('',(#11340),#11367,.F.);
#11340 = FACE_BOUND('',#11341,.F.);
#11341 = EDGE_LOOP('',(#11342,#11351,#11359,#11366));
#11342 = ORIENTED_EDGE('',*,*,#11343,.T.);
#11343 = EDGE_CURVE('',#4155,#11344,#11346,.T.);
#11344 = VERTEX_POINT('',#11345);
#11345 = CARTESIAN_POINT('',(33.61,26.2,12.73));
#11346 = ELLIPSE('',#11347,0.565685424949,0.4);
#11347 = AXIS2_PLACEMENT_3D('',#11348,#11349,#11350);
#11348 = CARTESIAN_POINT('',(33.61,25.8,12.73));
#11349 = DIRECTION('',(0.707106781187,-1.570092458684E-16,
    -0.707106781187));
#11350 = DIRECTION('',(0.707106781187,1.570092458684E-16,0.707106781187)
  );
#11351 = ORIENTED_EDGE('',*,*,#11352,.T.);
#11352 = EDGE_CURVE('',#11344,#11353,#11355,.T.);
#11353 = VERTEX_POINT('',#11354);
#11354 = CARTESIAN_POINT('',(39.7,26.2,12.73));
#11355 = LINE('',#11356,#11357);
#11356 = CARTESIAN_POINT('',(33.21,26.2,12.73));
#11357 = VECTOR('',#11358,1.);
#11358 = DIRECTION('',(1.,0.,0.));
#11359 = ORIENTED_EDGE('',*,*,#11360,.F.);
#11360 = EDGE_CURVE('',#4146,#11353,#11361,.T.);
#11361 = ELLIPSE('',#11362,0.565685424949,0.4);
#11362 = AXIS2_PLACEMENT_3D('',#11363,#11364,#11365);
#11363 = CARTESIAN_POINT('',(39.7,25.8,12.73));
#11364 = DIRECTION('',(0.707106781187,-0.,0.707106781187));
#11365 = DIRECTION('',(0.707106781187,0.,-0.707106781187));
#11366 = ORIENTED_EDGE('',*,*,#4162,.F.);
#11367 = CYLINDRICAL_SURFACE('',#11368,0.4);
#11368 = AXIS2_PLACEMENT_3D('',#11369,#11370,#11371);
#11369 = CARTESIAN_POINT('',(33.21,25.8,12.73));
#11370 = DIRECTION('',(1.,0.,0.));
#11371 = DIRECTION('',(0.,-2.2E-16,-1.));
#11372 = ADVANCED_FACE('',(#11373),#11392,.F.);
#11373 = FACE_BOUND('',#11374,.T.);
#11374 = EDGE_LOOP('',(#11375,#11376,#11384,#11391));
#11375 = ORIENTED_EDGE('',*,*,#11343,.T.);
#11376 = ORIENTED_EDGE('',*,*,#11377,.T.);
#11377 = EDGE_CURVE('',#11344,#11378,#11380,.T.);
#11378 = VERTEX_POINT('',#11379);
#11379 = CARTESIAN_POINT('',(33.61,26.2,13.23));
#11380 = LINE('',#11381,#11382);
#11381 = CARTESIAN_POINT('',(33.61,26.2,12.33));
#11382 = VECTOR('',#11383,1.);
#11383 = DIRECTION('',(0.,2.22044604925E-16,1.));
#11384 = ORIENTED_EDGE('',*,*,#11385,.F.);
#11385 = EDGE_CURVE('',#4179,#11378,#11386,.T.);
#11386 = ELLIPSE('',#11387,0.565685424949,0.4);
#11387 = AXIS2_PLACEMENT_3D('',#11388,#11389,#11390);
#11388 = CARTESIAN_POINT('',(33.61,25.8,13.23));
#11389 = DIRECTION('',(-0.707106781187,-1.570092458684E-16,
    -0.707106781187));
#11390 = DIRECTION('',(-0.707106781187,1.570092458684E-16,0.707106781187
    ));
#11391 = ORIENTED_EDGE('',*,*,#4186,.F.);
#11392 = CYLINDRICAL_SURFACE('',#11393,0.4);
#11393 = AXIS2_PLACEMENT_3D('',#11394,#11395,#11396);
#11394 = CARTESIAN_POINT('',(33.61,25.8,12.33));
#11395 = DIRECTION('',(0.,2.22044604925E-16,1.));
#11396 = DIRECTION('',(-1.,0.,0.));
#11397 = ADVANCED_FACE('',(#11398),#11417,.F.);
#11398 = FACE_BOUND('',#11399,.F.);
#11399 = EDGE_LOOP('',(#11400,#11409,#11415,#11416));
#11400 = ORIENTED_EDGE('',*,*,#11401,.T.);
#11401 = EDGE_CURVE('',#4203,#11402,#11404,.T.);
#11402 = VERTEX_POINT('',#11403);
#11403 = CARTESIAN_POINT('',(39.7,26.2,13.23));
#11404 = ELLIPSE('',#11405,0.565685424949,0.4);
#11405 = AXIS2_PLACEMENT_3D('',#11406,#11407,#11408);
#11406 = CARTESIAN_POINT('',(39.7,25.8,13.23));
#11407 = DIRECTION('',(-0.707106781187,0.,0.707106781187));
#11408 = DIRECTION('',(-0.707106781187,0.,-0.707106781187));
#11409 = ORIENTED_EDGE('',*,*,#11410,.T.);
#11410 = EDGE_CURVE('',#11402,#11378,#11411,.T.);
#11411 = LINE('',#11412,#11413);
#11412 = CARTESIAN_POINT('',(40.1,26.2,13.23));
#11413 = VECTOR('',#11414,1.);
#11414 = DIRECTION('',(-1.,0.,0.));
#11415 = ORIENTED_EDGE('',*,*,#11385,.F.);
#11416 = ORIENTED_EDGE('',*,*,#4210,.F.);
#11417 = CYLINDRICAL_SURFACE('',#11418,0.4);
#11418 = AXIS2_PLACEMENT_3D('',#11419,#11420,#11421);
#11419 = CARTESIAN_POINT('',(40.1,25.8,13.23));
#11420 = DIRECTION('',(-1.,0.,0.));
#11421 = DIRECTION('',(0.,2.2E-16,1.));
#11422 = ADVANCED_FACE('',(#11423),#11434,.F.);
#11423 = FACE_BOUND('',#11424,.F.);
#11424 = EDGE_LOOP('',(#11425,#11426,#11432,#11433));
#11425 = ORIENTED_EDGE('',*,*,#11360,.T.);
#11426 = ORIENTED_EDGE('',*,*,#11427,.T.);
#11427 = EDGE_CURVE('',#11353,#11402,#11428,.T.);
#11428 = LINE('',#11429,#11430);
#11429 = CARTESIAN_POINT('',(39.7,26.2,12.33));
#11430 = VECTOR('',#11431,1.);
#11431 = DIRECTION('',(0.,0.,1.));
#11432 = ORIENTED_EDGE('',*,*,#11401,.F.);
#11433 = ORIENTED_EDGE('',*,*,#4225,.F.);
#11434 = CYLINDRICAL_SURFACE('',#11435,0.4);
#11435 = AXIS2_PLACEMENT_3D('',#11436,#11437,#11438);
#11436 = CARTESIAN_POINT('',(39.7,25.8,12.33));
#11437 = DIRECTION('',(0.,0.,1.));
#11438 = DIRECTION('',(1.,0.,0.));
#11439 = ADVANCED_FACE('',(#11440),#11447,.T.);
#11440 = FACE_BOUND('',#11441,.T.);
#11441 = EDGE_LOOP('',(#11442,#11443,#11444,#11445,#11446));
#11442 = ORIENTED_EDGE('',*,*,#4379,.F.);
#11443 = ORIENTED_EDGE('',*,*,#4283,.F.);
#11444 = ORIENTED_EDGE('',*,*,#4314,.F.);
#11445 = ORIENTED_EDGE('',*,*,#4338,.F.);
#11446 = ORIENTED_EDGE('',*,*,#4362,.F.);
#11447 = PLANE('',#11448);
#11448 = AXIS2_PLACEMENT_3D('',#11449,#11450,#11451);
#11449 = CARTESIAN_POINT('',(-39.21662928859,-23.33639764064,23.42));
#11450 = DIRECTION('',(0.,0.,1.));
#11451 = DIRECTION('',(-2.22044604925E-16,-1.,0.));
#11452 = ADVANCED_FACE('',(#11453),#11461,.T.);
#11453 = FACE_BOUND('',#11454,.T.);
#11454 = EDGE_LOOP('',(#11455,#11456,#11457,#11458,#11459,#11460));
#11455 = ORIENTED_EDGE('',*,*,#4523,.F.);
#11456 = ORIENTED_EDGE('',*,*,#4403,.F.);
#11457 = ORIENTED_EDGE('',*,*,#4434,.F.);
#11458 = ORIENTED_EDGE('',*,*,#4458,.F.);
#11459 = ORIENTED_EDGE('',*,*,#4482,.F.);
#11460 = ORIENTED_EDGE('',*,*,#4506,.F.);
#11461 = PLANE('',#11462);
#11462 = AXIS2_PLACEMENT_3D('',#11463,#11464,#11465);
#11463 = CARTESIAN_POINT('',(-39.21662928859,-23.33639764064,23.42));
#11464 = DIRECTION('',(0.,0.,1.));
#11465 = DIRECTION('',(-2.22044604925E-16,-1.,0.));
#11466 = ADVANCED_FACE('',(#11467),#11489,.T.);
#11467 = FACE_BOUND('',#11468,.T.);
#11468 = EDGE_LOOP('',(#11469,#11470,#11471,#11472,#11473,#11474,#11475,
    #11476,#11477,#11478,#11479,#11480,#11481,#11482,#11483,#11484,
    #11485,#11486,#11487,#11488));
#11469 = ORIENTED_EDGE('',*,*,#5025,.F.);
#11470 = ORIENTED_EDGE('',*,*,#4547,.F.);
#11471 = ORIENTED_EDGE('',*,*,#4578,.F.);
#11472 = ORIENTED_EDGE('',*,*,#4604,.F.);
#11473 = ORIENTED_EDGE('',*,*,#4630,.F.);
#11474 = ORIENTED_EDGE('',*,*,#4654,.F.);
#11475 = ORIENTED_EDGE('',*,*,#4678,.F.);
#11476 = ORIENTED_EDGE('',*,*,#4702,.F.);
#11477 = ORIENTED_EDGE('',*,*,#4728,.F.);
#11478 = ORIENTED_EDGE('',*,*,#4754,.F.);
#11479 = ORIENTED_EDGE('',*,*,#4780,.F.);
#11480 = ORIENTED_EDGE('',*,*,#4806,.F.);
#11481 = ORIENTED_EDGE('',*,*,#4832,.F.);
#11482 = ORIENTED_EDGE('',*,*,#4856,.F.);
#11483 = ORIENTED_EDGE('',*,*,#4880,.F.);
#11484 = ORIENTED_EDGE('',*,*,#4904,.F.);
#11485 = ORIENTED_EDGE('',*,*,#4930,.F.);
#11486 = ORIENTED_EDGE('',*,*,#4956,.F.);
#11487 = ORIENTED_EDGE('',*,*,#4982,.F.);
#11488 = ORIENTED_EDGE('',*,*,#5008,.F.);
#11489 = PLANE('',#11490);
#11490 = AXIS2_PLACEMENT_3D('',#11491,#11492,#11493);
#11491 = CARTESIAN_POINT('',(-39.60719016499,-19.81256201889,23.42));
#11492 = DIRECTION('',(0.,0.,1.));
#11493 = DIRECTION('',(-2.22044604925E-16,-1.,0.));
#11494 = ADVANCED_FACE('',(#11495),#11501,.T.);
#11495 = FACE_BOUND('',#11496,.T.);
#11496 = EDGE_LOOP('',(#11497,#11498,#11499,#11500));
#11497 = ORIENTED_EDGE('',*,*,#5121,.F.);
#11498 = ORIENTED_EDGE('',*,*,#5049,.F.);
#11499 = ORIENTED_EDGE('',*,*,#5080,.F.);
#11500 = ORIENTED_EDGE('',*,*,#5104,.F.);
#11501 = PLANE('',#11502);
#11502 = AXIS2_PLACEMENT_3D('',#11503,#11504,#11505);
#11503 = CARTESIAN_POINT('',(-39.60719016499,-19.81256201889,23.42));
#11504 = DIRECTION('',(0.,0.,1.));
#11505 = DIRECTION('',(-2.22044604925E-16,-1.,0.));
#11506 = ADVANCED_FACE('',(#11507),#11517,.T.);
#11507 = FACE_BOUND('',#11508,.T.);
#11508 = EDGE_LOOP('',(#11509,#11510,#11511,#11512,#11513,#11514,#11515,
    #11516));
#11509 = ORIENTED_EDGE('',*,*,#5313,.F.);
#11510 = ORIENTED_EDGE('',*,*,#5145,.F.);
#11511 = ORIENTED_EDGE('',*,*,#5176,.F.);
#11512 = ORIENTED_EDGE('',*,*,#5200,.F.);
#11513 = ORIENTED_EDGE('',*,*,#5224,.F.);
#11514 = ORIENTED_EDGE('',*,*,#5248,.F.);
#11515 = ORIENTED_EDGE('',*,*,#5272,.F.);
#11516 = ORIENTED_EDGE('',*,*,#5296,.F.);
#11517 = PLANE('',#11518);
#11518 = AXIS2_PLACEMENT_3D('',#11519,#11520,#11521);
#11519 = CARTESIAN_POINT('',(-39.10199533476,-16.42114865716,23.42));
#11520 = DIRECTION('',(0.,0.,1.));
#11521 = DIRECTION('',(-2.22044604925E-16,-1.,0.));
#11522 = ADVANCED_FACE('',(#11523),#11532,.T.);
#11523 = FACE_BOUND('',#11524,.T.);
#11524 = EDGE_LOOP('',(#11525,#11526,#11527,#11528,#11529,#11530,#11531)
  );
#11525 = ORIENTED_EDGE('',*,*,#5489,.F.);
#11526 = ORIENTED_EDGE('',*,*,#5337,.F.);
#11527 = ORIENTED_EDGE('',*,*,#5368,.F.);
#11528 = ORIENTED_EDGE('',*,*,#5394,.F.);
#11529 = ORIENTED_EDGE('',*,*,#5420,.F.);
#11530 = ORIENTED_EDGE('',*,*,#5444,.F.);
#11531 = ORIENTED_EDGE('',*,*,#5470,.F.);
#11532 = PLANE('',#11533);
#11533 = AXIS2_PLACEMENT_3D('',#11534,#11535,#11536);
#11534 = CARTESIAN_POINT('',(-39.73233177416,-12.99912736521,23.42));
#11535 = DIRECTION('',(0.,0.,1.));
#11536 = DIRECTION('',(-2.22044604925E-16,-1.,0.));
#11537 = ADVANCED_FACE('',(#11538),#11560,.T.);
#11538 = FACE_BOUND('',#11539,.T.);
#11539 = EDGE_LOOP('',(#11540,#11541,#11542,#11543,#11544,#11545,#11546,
    #11547,#11548,#11549,#11550,#11551,#11552,#11553,#11554,#11555,
    #11556,#11557,#11558,#11559));
#11540 = ORIENTED_EDGE('',*,*,#6003,.F.);
#11541 = ORIENTED_EDGE('',*,*,#5513,.F.);
#11542 = ORIENTED_EDGE('',*,*,#5546,.F.);
#11543 = ORIENTED_EDGE('',*,*,#5572,.F.);
#11544 = ORIENTED_EDGE('',*,*,#5598,.F.);
#11545 = ORIENTED_EDGE('',*,*,#5624,.F.);
#11546 = ORIENTED_EDGE('',*,*,#5650,.F.);
#11547 = ORIENTED_EDGE('',*,*,#5676,.F.);
#11548 = ORIENTED_EDGE('',*,*,#5702,.F.);
#11549 = ORIENTED_EDGE('',*,*,#5726,.F.);
#11550 = ORIENTED_EDGE('',*,*,#5752,.F.);
#11551 = ORIENTED_EDGE('',*,*,#5778,.F.);
#11552 = ORIENTED_EDGE('',*,*,#5804,.F.);
#11553 = ORIENTED_EDGE('',*,*,#5830,.F.);
#11554 = ORIENTED_EDGE('',*,*,#5856,.F.);
#11555 = ORIENTED_EDGE('',*,*,#5882,.F.);
#11556 = ORIENTED_EDGE('',*,*,#5908,.F.);
#11557 = ORIENTED_EDGE('',*,*,#5934,.F.);
#11558 = ORIENTED_EDGE('',*,*,#5960,.F.);
#11559 = ORIENTED_EDGE('',*,*,#5984,.F.);
#11560 = PLANE('',#11561);
#11561 = AXIS2_PLACEMENT_3D('',#11562,#11563,#11564);
#11562 = CARTESIAN_POINT('',(-39.73233177416,-12.99912736521,23.42));
#11563 = DIRECTION('',(0.,0.,1.));
#11564 = DIRECTION('',(-2.22044604925E-16,-1.,0.));
#11565 = ADVANCED_FACE('',(#11566),#11574,.T.);
#11566 = FACE_BOUND('',#11567,.T.);
#11567 = EDGE_LOOP('',(#11568,#11569,#11570,#11571,#11572,#11573));
#11568 = ORIENTED_EDGE('',*,*,#6157,.F.);
#11569 = ORIENTED_EDGE('',*,*,#6029,.F.);
#11570 = ORIENTED_EDGE('',*,*,#6062,.F.);
#11571 = ORIENTED_EDGE('',*,*,#6088,.F.);
#11572 = ORIENTED_EDGE('',*,*,#6112,.F.);
#11573 = ORIENTED_EDGE('',*,*,#6138,.F.);
#11574 = PLANE('',#11575);
#11575 = AXIS2_PLACEMENT_3D('',#11576,#11577,#11578);
#11576 = CARTESIAN_POINT('',(-39.73233177416,-12.99912736521,23.42));
#11577 = DIRECTION('',(0.,0.,1.));
#11578 = DIRECTION('',(-2.22044604925E-16,-1.,0.));
#11579 = ADVANCED_FACE('',(#11580),#11590,.T.);
#11580 = FACE_BOUND('',#11581,.T.);
#11581 = EDGE_LOOP('',(#11582,#11583,#11584,#11585,#11586,#11587,#11588,
    #11589));
#11582 = ORIENTED_EDGE('',*,*,#6357,.F.);
#11583 = ORIENTED_EDGE('',*,*,#6181,.F.);
#11584 = ORIENTED_EDGE('',*,*,#6214,.F.);
#11585 = ORIENTED_EDGE('',*,*,#6240,.F.);
#11586 = ORIENTED_EDGE('',*,*,#6264,.F.);
#11587 = ORIENTED_EDGE('',*,*,#6288,.F.);
#11588 = ORIENTED_EDGE('',*,*,#6312,.F.);
#11589 = ORIENTED_EDGE('',*,*,#6338,.F.);
#11590 = PLANE('',#11591);
#11591 = AXIS2_PLACEMENT_3D('',#11592,#11593,#11594);
#11592 = CARTESIAN_POINT('',(-39.74452534744,-9.437712300819,23.42));
#11593 = DIRECTION('',(0.,0.,1.));
#11594 = DIRECTION('',(-2.22044604925E-16,-1.,0.));
#11595 = ADVANCED_FACE('',(#11596),#11606,.T.);
#11596 = FACE_BOUND('',#11597,.T.);
#11597 = EDGE_LOOP('',(#11598,#11599,#11600,#11601,#11602,#11603,#11604,
    #11605));
#11598 = ORIENTED_EDGE('',*,*,#6557,.F.);
#11599 = ORIENTED_EDGE('',*,*,#6381,.F.);
#11600 = ORIENTED_EDGE('',*,*,#6414,.F.);
#11601 = ORIENTED_EDGE('',*,*,#6440,.F.);
#11602 = ORIENTED_EDGE('',*,*,#6464,.F.);
#11603 = ORIENTED_EDGE('',*,*,#6490,.F.);
#11604 = ORIENTED_EDGE('',*,*,#6516,.F.);
#11605 = ORIENTED_EDGE('',*,*,#6540,.F.);
#11606 = PLANE('',#11607);
#11607 = AXIS2_PLACEMENT_3D('',#11608,#11609,#11610);
#11608 = CARTESIAN_POINT('',(-39.74452534744,-9.437712300819,23.42));
#11609 = DIRECTION('',(0.,0.,1.));
#11610 = DIRECTION('',(-2.22044604925E-16,-1.,0.));
#11611 = ADVANCED_FACE('',(#11612),#11626,.T.);
#11612 = FACE_BOUND('',#11613,.T.);
#11613 = EDGE_LOOP('',(#11614,#11615,#11616,#11617,#11618,#11619,#11620,
    #11621,#11622,#11623,#11624,#11625));
#11614 = ORIENTED_EDGE('',*,*,#6861,.F.);
#11615 = ORIENTED_EDGE('',*,*,#6581,.F.);
#11616 = ORIENTED_EDGE('',*,*,#6614,.F.);
#11617 = ORIENTED_EDGE('',*,*,#6640,.F.);
#11618 = ORIENTED_EDGE('',*,*,#6664,.F.);
#11619 = ORIENTED_EDGE('',*,*,#6690,.F.);
#11620 = ORIENTED_EDGE('',*,*,#6716,.F.);
#11621 = ORIENTED_EDGE('',*,*,#6740,.F.);
#11622 = ORIENTED_EDGE('',*,*,#6766,.F.);
#11623 = ORIENTED_EDGE('',*,*,#6792,.F.);
#11624 = ORIENTED_EDGE('',*,*,#6816,.F.);
#11625 = ORIENTED_EDGE('',*,*,#6842,.F.);
#11626 = PLANE('',#11627);
#11627 = AXIS2_PLACEMENT_3D('',#11628,#11629,#11630);
#11628 = CARTESIAN_POINT('',(-39.70120693882,-5.792051452685,23.42));
#11629 = DIRECTION('',(0.,0.,1.));
#11630 = DIRECTION('',(-2.22044604925E-16,-1.,0.));
#11631 = ADVANCED_FACE('',(#11632),#11638,.T.);
#11632 = FACE_BOUND('',#11633,.T.);
#11633 = EDGE_LOOP('',(#11634,#11635,#11636,#11637));
#11634 = ORIENTED_EDGE('',*,*,#6957,.F.);
#11635 = ORIENTED_EDGE('',*,*,#6885,.F.);
#11636 = ORIENTED_EDGE('',*,*,#6916,.F.);
#11637 = ORIENTED_EDGE('',*,*,#6940,.F.);
#11638 = PLANE('',#11639);
#11639 = AXIS2_PLACEMENT_3D('',#11640,#11641,#11642);
#11640 = CARTESIAN_POINT('',(-39.70120693882,-5.792051452685,23.42));
#11641 = DIRECTION('',(0.,0.,1.));
#11642 = DIRECTION('',(-2.22044604925E-16,-1.,0.));
#11643 = ADVANCED_FACE('',(#11644),#11651,.T.);
#11644 = FACE_BOUND('',#11645,.T.);
#11645 = EDGE_LOOP('',(#11646,#11647,#11648,#11649,#11650));
#11646 = ORIENTED_EDGE('',*,*,#7077,.F.);
#11647 = ORIENTED_EDGE('',*,*,#6981,.F.);
#11648 = ORIENTED_EDGE('',*,*,#7012,.F.);
#11649 = ORIENTED_EDGE('',*,*,#7036,.F.);
#11650 = ORIENTED_EDGE('',*,*,#7060,.F.);
#11651 = PLANE('',#11652);
#11652 = AXIS2_PLACEMENT_3D('',#11653,#11654,#11655);
#11653 = CARTESIAN_POINT('',(-39.63515641237,-2.336101838088,23.42));
#11654 = DIRECTION('',(0.,0.,1.));
#11655 = DIRECTION('',(-2.22044604925E-16,-1.,0.));
#11656 = ADVANCED_FACE('',(#11657),#11665,.T.);
#11657 = FACE_BOUND('',#11658,.T.);
#11658 = EDGE_LOOP('',(#11659,#11660,#11661,#11662,#11663,#11664));
#11659 = ORIENTED_EDGE('',*,*,#7221,.F.);
#11660 = ORIENTED_EDGE('',*,*,#7101,.F.);
#11661 = ORIENTED_EDGE('',*,*,#7132,.F.);
#11662 = ORIENTED_EDGE('',*,*,#7156,.F.);
#11663 = ORIENTED_EDGE('',*,*,#7180,.F.);
#11664 = ORIENTED_EDGE('',*,*,#7204,.F.);
#11665 = PLANE('',#11666);
#11666 = AXIS2_PLACEMENT_3D('',#11667,#11668,#11669);
#11667 = CARTESIAN_POINT('',(-39.63515641237,-2.336101838088,23.42));
#11668 = DIRECTION('',(0.,0.,1.));
#11669 = DIRECTION('',(-2.22044604925E-16,-1.,0.));
#11670 = ADVANCED_FACE('',(#11671),#11678,.T.);
#11671 = FACE_BOUND('',#11672,.T.);
#11672 = EDGE_LOOP('',(#11673,#11674,#11675,#11676,#11677));
#11673 = ORIENTED_EDGE('',*,*,#7437,.F.);
#11674 = ORIENTED_EDGE('',*,*,#7341,.F.);
#11675 = ORIENTED_EDGE('',*,*,#7372,.F.);
#11676 = ORIENTED_EDGE('',*,*,#7396,.F.);
#11677 = ORIENTED_EDGE('',*,*,#7420,.F.);
#11678 = PLANE('',#11679);
#11679 = AXIS2_PLACEMENT_3D('',#11680,#11681,#11682);
#11680 = CARTESIAN_POINT('',(-39.63515641237,-2.336101838088,23.42));
#11681 = DIRECTION('',(0.,0.,1.));
#11682 = DIRECTION('',(-2.22044604925E-16,-1.,0.));
#11683 = ADVANCED_FACE('',(#11684),#11690,.T.);
#11684 = FACE_BOUND('',#11685,.T.);
#11685 = EDGE_LOOP('',(#11686,#11687,#11688,#11689));
#11686 = ORIENTED_EDGE('',*,*,#7533,.F.);
#11687 = ORIENTED_EDGE('',*,*,#7461,.F.);
#11688 = ORIENTED_EDGE('',*,*,#7492,.F.);
#11689 = ORIENTED_EDGE('',*,*,#7516,.F.);
#11690 = PLANE('',#11691);
#11691 = AXIS2_PLACEMENT_3D('',#11692,#11693,#11694);
#11692 = CARTESIAN_POINT('',(-39.7,0.251904761905,23.42));
#11693 = DIRECTION('',(0.,0.,1.));
#11694 = DIRECTION('',(-2.22044604925E-16,-1.,0.));
#11695 = ADVANCED_FACE('',(#11696),#11718,.T.);
#11696 = FACE_BOUND('',#11697,.T.);
#11697 = EDGE_LOOP('',(#11698,#11699,#11700,#11701,#11702,#11703,#11704,
    #11705,#11706,#11707,#11708,#11709,#11710,#11711,#11712,#11713,
    #11714,#11715,#11716,#11717));
#11698 = ORIENTED_EDGE('',*,*,#8035,.F.);
#11699 = ORIENTED_EDGE('',*,*,#7557,.F.);
#11700 = ORIENTED_EDGE('',*,*,#7588,.F.);
#11701 = ORIENTED_EDGE('',*,*,#7614,.F.);
#11702 = ORIENTED_EDGE('',*,*,#7640,.F.);
#11703 = ORIENTED_EDGE('',*,*,#7664,.F.);
#11704 = ORIENTED_EDGE('',*,*,#7688,.F.);
#11705 = ORIENTED_EDGE('',*,*,#7712,.F.);
#11706 = ORIENTED_EDGE('',*,*,#7738,.F.);
#11707 = ORIENTED_EDGE('',*,*,#7764,.F.);
#11708 = ORIENTED_EDGE('',*,*,#7790,.F.);
#11709 = ORIENTED_EDGE('',*,*,#7816,.F.);
#11710 = ORIENTED_EDGE('',*,*,#7842,.F.);
#11711 = ORIENTED_EDGE('',*,*,#7866,.F.);
#11712 = ORIENTED_EDGE('',*,*,#7890,.F.);
#11713 = ORIENTED_EDGE('',*,*,#7914,.F.);
#11714 = ORIENTED_EDGE('',*,*,#7940,.F.);
#11715 = ORIENTED_EDGE('',*,*,#7966,.F.);
#11716 = ORIENTED_EDGE('',*,*,#7992,.F.);
#11717 = ORIENTED_EDGE('',*,*,#8018,.F.);
#11718 = PLANE('',#11719);
#11719 = AXIS2_PLACEMENT_3D('',#11720,#11721,#11722);
#11720 = CARTESIAN_POINT('',(-39.60719016499,4.492199885871,23.42));
#11721 = DIRECTION('',(0.,0.,1.));
#11722 = DIRECTION('',(-2.22044604925E-16,-1.,0.));
#11723 = ADVANCED_FACE('',(#11724),#11730,.T.);
#11724 = FACE_BOUND('',#11725,.T.);
#11725 = EDGE_LOOP('',(#11726,#11727,#11728,#11729));
#11726 = ORIENTED_EDGE('',*,*,#8131,.F.);
#11727 = ORIENTED_EDGE('',*,*,#8059,.F.);
#11728 = ORIENTED_EDGE('',*,*,#8090,.F.);
#11729 = ORIENTED_EDGE('',*,*,#8114,.F.);
#11730 = PLANE('',#11731);
#11731 = AXIS2_PLACEMENT_3D('',#11732,#11733,#11734);
#11732 = CARTESIAN_POINT('',(-39.60719016499,4.492199885871,23.42));
#11733 = DIRECTION('',(0.,0.,1.));
#11734 = DIRECTION('',(-2.22044604925E-16,-1.,0.));
#11735 = ADVANCED_FACE('',(#11736),#11750,.T.);
#11736 = FACE_BOUND('',#11737,.T.);
#11737 = EDGE_LOOP('',(#11738,#11739,#11740,#11741,#11742,#11743,#11744,
    #11745,#11746,#11747,#11748,#11749));
#11738 = ORIENTED_EDGE('',*,*,#8435,.F.);
#11739 = ORIENTED_EDGE('',*,*,#8155,.F.);
#11740 = ORIENTED_EDGE('',*,*,#8188,.F.);
#11741 = ORIENTED_EDGE('',*,*,#8214,.F.);
#11742 = ORIENTED_EDGE('',*,*,#8238,.F.);
#11743 = ORIENTED_EDGE('',*,*,#8264,.F.);
#11744 = ORIENTED_EDGE('',*,*,#8290,.F.);
#11745 = ORIENTED_EDGE('',*,*,#8314,.F.);
#11746 = ORIENTED_EDGE('',*,*,#8340,.F.);
#11747 = ORIENTED_EDGE('',*,*,#8366,.F.);
#11748 = ORIENTED_EDGE('',*,*,#8390,.F.);
#11749 = ORIENTED_EDGE('',*,*,#8416,.F.);
#11750 = PLANE('',#11751);
#11751 = AXIS2_PLACEMENT_3D('',#11752,#11753,#11754);
#11752 = CARTESIAN_POINT('',(-39.69446767145,8.095809582697,23.42));
#11753 = DIRECTION('',(0.,0.,1.));
#11754 = DIRECTION('',(-2.22044604925E-16,-1.,0.));
#11755 = ADVANCED_FACE('',(#11756),#11770,.T.);
#11756 = FACE_BOUND('',#11757,.T.);
#11757 = EDGE_LOOP('',(#11758,#11759,#11760,#11761,#11762,#11763,#11764,
    #11765,#11766,#11767,#11768,#11769));
#11758 = ORIENTED_EDGE('',*,*,#8739,.F.);
#11759 = ORIENTED_EDGE('',*,*,#8459,.F.);
#11760 = ORIENTED_EDGE('',*,*,#8492,.F.);
#11761 = ORIENTED_EDGE('',*,*,#8518,.F.);
#11762 = ORIENTED_EDGE('',*,*,#8542,.F.);
#11763 = ORIENTED_EDGE('',*,*,#8568,.F.);
#11764 = ORIENTED_EDGE('',*,*,#8594,.F.);
#11765 = ORIENTED_EDGE('',*,*,#8618,.F.);
#11766 = ORIENTED_EDGE('',*,*,#8644,.F.);
#11767 = ORIENTED_EDGE('',*,*,#8670,.F.);
#11768 = ORIENTED_EDGE('',*,*,#8694,.F.);
#11769 = ORIENTED_EDGE('',*,*,#8720,.F.);
#11770 = PLANE('',#11771);
#11771 = AXIS2_PLACEMENT_3D('',#11772,#11773,#11774);
#11772 = CARTESIAN_POINT('',(-39.69446767145,8.095809582697,23.42));
#11773 = DIRECTION('',(0.,0.,1.));
#11774 = DIRECTION('',(-2.22044604925E-16,-1.,0.));
#11775 = ADVANCED_FACE('',(#11776),#11790,.T.);
#11776 = FACE_BOUND('',#11777,.T.);
#11777 = EDGE_LOOP('',(#11778,#11779,#11780,#11781,#11782,#11783,#11784,
    #11785,#11786,#11787,#11788,#11789));
#11778 = ORIENTED_EDGE('',*,*,#9043,.F.);
#11779 = ORIENTED_EDGE('',*,*,#8763,.F.);
#11780 = ORIENTED_EDGE('',*,*,#8796,.F.);
#11781 = ORIENTED_EDGE('',*,*,#8822,.F.);
#11782 = ORIENTED_EDGE('',*,*,#8846,.F.);
#11783 = ORIENTED_EDGE('',*,*,#8872,.F.);
#11784 = ORIENTED_EDGE('',*,*,#8898,.F.);
#11785 = ORIENTED_EDGE('',*,*,#8922,.F.);
#11786 = ORIENTED_EDGE('',*,*,#8948,.F.);
#11787 = ORIENTED_EDGE('',*,*,#8974,.F.);
#11788 = ORIENTED_EDGE('',*,*,#8998,.F.);
#11789 = ORIENTED_EDGE('',*,*,#9024,.F.);
#11790 = PLANE('',#11791);
#11791 = AXIS2_PLACEMENT_3D('',#11792,#11793,#11794);
#11792 = CARTESIAN_POINT('',(-39.69446767145,11.844381011269,23.42));
#11793 = DIRECTION('',(0.,0.,1.));
#11794 = DIRECTION('',(-2.22044604925E-16,-1.,0.));
#11795 = ADVANCED_FACE('',(#11796),#11810,.T.);
#11796 = FACE_BOUND('',#11797,.T.);
#11797 = EDGE_LOOP('',(#11798,#11799,#11800,#11801,#11802,#11803,#11804,
    #11805,#11806,#11807,#11808,#11809));
#11798 = ORIENTED_EDGE('',*,*,#9347,.F.);
#11799 = ORIENTED_EDGE('',*,*,#9067,.F.);
#11800 = ORIENTED_EDGE('',*,*,#9100,.F.);
#11801 = ORIENTED_EDGE('',*,*,#9126,.F.);
#11802 = ORIENTED_EDGE('',*,*,#9150,.F.);
#11803 = ORIENTED_EDGE('',*,*,#9176,.F.);
#11804 = ORIENTED_EDGE('',*,*,#9202,.F.);
#11805 = ORIENTED_EDGE('',*,*,#9226,.F.);
#11806 = ORIENTED_EDGE('',*,*,#9252,.F.);
#11807 = ORIENTED_EDGE('',*,*,#9278,.F.);
#11808 = ORIENTED_EDGE('',*,*,#9302,.F.);
#11809 = ORIENTED_EDGE('',*,*,#9328,.F.);
#11810 = PLANE('',#11811);
#11811 = AXIS2_PLACEMENT_3D('',#11812,#11813,#11814);
#11812 = CARTESIAN_POINT('',(-39.69446767145,11.844381011269,23.42));
#11813 = DIRECTION('',(0.,0.,1.));
#11814 = DIRECTION('',(-2.22044604925E-16,-1.,0.));
#11815 = ADVANCED_FACE('',(#11816),#11830,.T.);
#11816 = FACE_BOUND('',#11817,.T.);
#11817 = EDGE_LOOP('',(#11818,#11819,#11820,#11821,#11822,#11823,#11824,
    #11825,#11826,#11827,#11828,#11829));
#11818 = ORIENTED_EDGE('',*,*,#9651,.F.);
#11819 = ORIENTED_EDGE('',*,*,#9371,.F.);
#11820 = ORIENTED_EDGE('',*,*,#9404,.F.);
#11821 = ORIENTED_EDGE('',*,*,#9430,.F.);
#11822 = ORIENTED_EDGE('',*,*,#9454,.F.);
#11823 = ORIENTED_EDGE('',*,*,#9480,.F.);
#11824 = ORIENTED_EDGE('',*,*,#9506,.F.);
#11825 = ORIENTED_EDGE('',*,*,#9530,.F.);
#11826 = ORIENTED_EDGE('',*,*,#9556,.F.);
#11827 = ORIENTED_EDGE('',*,*,#9582,.F.);
#11828 = ORIENTED_EDGE('',*,*,#9606,.F.);
#11829 = ORIENTED_EDGE('',*,*,#9632,.F.);
#11830 = PLANE('',#11831);
#11831 = AXIS2_PLACEMENT_3D('',#11832,#11833,#11834);
#11832 = CARTESIAN_POINT('',(-39.70120693882,15.52604378541,23.42));
#11833 = DIRECTION('',(0.,0.,1.));
#11834 = DIRECTION('',(-2.22044604925E-16,-1.,0.));
#11835 = ADVANCED_FACE('',(#11836),#11842,.T.);
#11836 = FACE_BOUND('',#11837,.T.);
#11837 = EDGE_LOOP('',(#11838,#11839,#11840,#11841));
#11838 = ORIENTED_EDGE('',*,*,#9747,.F.);
#11839 = ORIENTED_EDGE('',*,*,#9675,.F.);
#11840 = ORIENTED_EDGE('',*,*,#9706,.F.);
#11841 = ORIENTED_EDGE('',*,*,#9730,.F.);
#11842 = PLANE('',#11843);
#11843 = AXIS2_PLACEMENT_3D('',#11844,#11845,#11846);
#11844 = CARTESIAN_POINT('',(-39.70120693882,15.52604378541,23.42));
#11845 = DIRECTION('',(0.,0.,1.));
#11846 = DIRECTION('',(-2.22044604925E-16,-1.,0.));
#11847 = ADVANCED_FACE('',(#11848),#11855,.T.);
#11848 = FACE_BOUND('',#11849,.T.);
#11849 = EDGE_LOOP('',(#11850,#11851,#11852,#11853,#11854));
#11850 = ORIENTED_EDGE('',*,*,#9867,.F.);
#11851 = ORIENTED_EDGE('',*,*,#9771,.F.);
#11852 = ORIENTED_EDGE('',*,*,#9802,.F.);
#11853 = ORIENTED_EDGE('',*,*,#9826,.F.);
#11854 = ORIENTED_EDGE('',*,*,#9850,.F.);
#11855 = PLANE('',#11856);
#11856 = AXIS2_PLACEMENT_3D('',#11857,#11858,#11859);
#11857 = CARTESIAN_POINT('',(-39.63515641237,18.981993400007,23.42));
#11858 = DIRECTION('',(0.,0.,1.));
#11859 = DIRECTION('',(-2.22044604925E-16,-1.,0.));
#11860 = ADVANCED_FACE('',(#11861),#11869,.T.);
#11861 = FACE_BOUND('',#11862,.T.);
#11862 = EDGE_LOOP('',(#11863,#11864,#11865,#11866,#11867,#11868));
#11863 = ORIENTED_EDGE('',*,*,#10011,.F.);
#11864 = ORIENTED_EDGE('',*,*,#9891,.F.);
#11865 = ORIENTED_EDGE('',*,*,#9922,.F.);
#11866 = ORIENTED_EDGE('',*,*,#9946,.F.);
#11867 = ORIENTED_EDGE('',*,*,#9970,.F.);
#11868 = ORIENTED_EDGE('',*,*,#9994,.F.);
#11869 = PLANE('',#11870);
#11870 = AXIS2_PLACEMENT_3D('',#11871,#11872,#11873);
#11871 = CARTESIAN_POINT('',(-39.63515641237,18.981993400007,23.42));
#11872 = DIRECTION('',(0.,0.,1.));
#11873 = DIRECTION('',(-2.22044604925E-16,-1.,0.));
#11874 = ADVANCED_FACE('',(#11875),#11882,.T.);
#11875 = FACE_BOUND('',#11876,.T.);
#11876 = EDGE_LOOP('',(#11877,#11878,#11879,#11880,#11881));
#11877 = ORIENTED_EDGE('',*,*,#10131,.F.);
#11878 = ORIENTED_EDGE('',*,*,#10035,.F.);
#11879 = ORIENTED_EDGE('',*,*,#10066,.F.);
#11880 = ORIENTED_EDGE('',*,*,#10090,.F.);
#11881 = ORIENTED_EDGE('',*,*,#10114,.F.);
#11882 = PLANE('',#11883);
#11883 = AXIS2_PLACEMENT_3D('',#11884,#11885,#11886);
#11884 = CARTESIAN_POINT('',(-39.63515641237,18.981993400007,23.42));
#11885 = DIRECTION('',(0.,0.,1.));
#11886 = DIRECTION('',(-2.22044604925E-16,-1.,0.));
#11887 = ADVANCED_FACE('',(#11888),#11894,.T.);
#11888 = FACE_BOUND('',#11889,.T.);
#11889 = EDGE_LOOP('',(#11890,#11891,#11892,#11893));
#11890 = ORIENTED_EDGE('',*,*,#10227,.F.);
#11891 = ORIENTED_EDGE('',*,*,#10155,.F.);
#11892 = ORIENTED_EDGE('',*,*,#10186,.F.);
#11893 = ORIENTED_EDGE('',*,*,#10210,.F.);
#11894 = PLANE('',#11895);
#11895 = AXIS2_PLACEMENT_3D('',#11896,#11897,#11898);
#11896 = CARTESIAN_POINT('',(-39.7,21.57,23.42));
#11897 = DIRECTION('',(0.,0.,1.));
#11898 = DIRECTION('',(-2.22044604925E-16,-1.,0.));
#11899 = ADVANCED_FACE('',(#11900),#11925,.F.);
#11900 = FACE_BOUND('',#11901,.F.);
#11901 = EDGE_LOOP('',(#11902,#11910,#11918,#11924));
#11902 = ORIENTED_EDGE('',*,*,#11903,.T.);
#11903 = EDGE_CURVE('',#10250,#11904,#11906,.T.);
#11904 = VERTEX_POINT('',#11905);
#11905 = CARTESIAN_POINT('',(42.1,-28.6,13.63));
#11906 = LINE('',#11907,#11908);
#11907 = CARTESIAN_POINT('',(42.1,-28.4,13.63));
#11908 = VECTOR('',#11909,1.);
#11909 = DIRECTION('',(0.,-1.,2.2E-16));
#11910 = ORIENTED_EDGE('',*,*,#11911,.T.);
#11911 = EDGE_CURVE('',#11904,#11912,#11914,.T.);
#11912 = VERTEX_POINT('',#11913);
#11913 = CARTESIAN_POINT('',(42.1,-28.6,12.33));
#11914 = LINE('',#11915,#11916);
#11915 = CARTESIAN_POINT('',(42.1,-28.6,13.63));
#11916 = VECTOR('',#11917,1.);
#11917 = DIRECTION('',(0.,0.,-1.));
#11918 = ORIENTED_EDGE('',*,*,#11919,.F.);
#11919 = EDGE_CURVE('',#10252,#11912,#11920,.T.);
#11920 = LINE('',#11921,#11922);
#11921 = CARTESIAN_POINT('',(42.1,-28.4,12.33));
#11922 = VECTOR('',#11923,1.);
#11923 = DIRECTION('',(0.,-1.,2.2E-16));
#11924 = ORIENTED_EDGE('',*,*,#10249,.F.);
#11925 = PLANE('',#11926);
#11926 = AXIS2_PLACEMENT_3D('',#11927,#11928,#11929);
#11927 = CARTESIAN_POINT('',(42.1,-28.4,13.63));
#11928 = DIRECTION('',(1.,0.,0.));
#11929 = DIRECTION('',(0.,-2.2E-16,-1.));
#11930 = ADVANCED_FACE('',(#11931),#11963,.F.);
#11931 = FACE_BOUND('',#11932,.F.);
#11932 = EDGE_LOOP('',(#11933,#11941,#11942,#11943,#11949,#11950,#11956,
    #11957));
#11933 = ORIENTED_EDGE('',*,*,#11934,.F.);
#11934 = EDGE_CURVE('',#10268,#11935,#11937,.T.);
#11935 = VERTEX_POINT('',#11936);
#11936 = CARTESIAN_POINT('',(-40.5,-28.6,12.33));
#11937 = LINE('',#11938,#11939);
#11938 = CARTESIAN_POINT('',(-40.5,-28.4,12.33));
#11939 = VECTOR('',#11940,1.);
#11940 = DIRECTION('',(0.,-1.,2.2E-16));
#11941 = ORIENTED_EDGE('',*,*,#10275,.F.);
#11942 = ORIENTED_EDGE('',*,*,#11919,.T.);
#11943 = ORIENTED_EDGE('',*,*,#11944,.T.);
#11944 = EDGE_CURVE('',#11912,#10872,#11945,.T.);
#11945 = LINE('',#11946,#11947);
#11946 = CARTESIAN_POINT('',(42.1,-28.6,12.33));
#11947 = VECTOR('',#11948,1.);
#11948 = DIRECTION('',(-1.,0.,0.));
#11949 = ORIENTED_EDGE('',*,*,#10871,.F.);
#11950 = ORIENTED_EDGE('',*,*,#11951,.F.);
#11951 = EDGE_CURVE('',#10658,#10863,#11952,.T.);
#11952 = LINE('',#11953,#11954);
#11953 = CARTESIAN_POINT('',(34.69114625,-28.5,12.33));
#11954 = VECTOR('',#11955,1.);
#11955 = DIRECTION('',(1.,0.,0.));
#11956 = ORIENTED_EDGE('',*,*,#10657,.T.);
#11957 = ORIENTED_EDGE('',*,*,#11958,.T.);
#11958 = EDGE_CURVE('',#10660,#11935,#11959,.T.);
#11959 = LINE('',#11960,#11961);
#11960 = CARTESIAN_POINT('',(21.28369766594,-28.6,12.33));
#11961 = VECTOR('',#11962,1.);
#11962 = DIRECTION('',(-1.,0.,0.));
#11963 = PLANE('',#11964);
#11964 = AXIS2_PLACEMENT_3D('',#11965,#11966,#11967);
#11965 = CARTESIAN_POINT('',(42.1,-28.4,12.33));
#11966 = DIRECTION('',(-0.,-2.2E-16,-1.));
#11967 = DIRECTION('',(-1.,0.,0.));
#11968 = ADVANCED_FACE('',(#11969),#11987,.F.);
#11969 = FACE_BOUND('',#11970,.F.);
#11970 = EDGE_LOOP('',(#11971,#11972,#11980,#11986));
#11971 = ORIENTED_EDGE('',*,*,#11934,.T.);
#11972 = ORIENTED_EDGE('',*,*,#11973,.T.);
#11973 = EDGE_CURVE('',#11935,#11974,#11976,.T.);
#11974 = VERTEX_POINT('',#11975);
#11975 = CARTESIAN_POINT('',(-40.5,-28.6,13.63));
#11976 = LINE('',#11977,#11978);
#11977 = CARTESIAN_POINT('',(-40.5,-28.6,12.33));
#11978 = VECTOR('',#11979,1.);
#11979 = DIRECTION('',(0.,0.,1.));
#11980 = ORIENTED_EDGE('',*,*,#11981,.F.);
#11981 = EDGE_CURVE('',#10260,#11974,#11982,.T.);
#11982 = LINE('',#11983,#11984);
#11983 = CARTESIAN_POINT('',(-40.5,-28.4,13.63));
#11984 = VECTOR('',#11985,1.);
#11985 = DIRECTION('',(0.,-1.,2.2E-16));
#11986 = ORIENTED_EDGE('',*,*,#10267,.F.);
#11987 = PLANE('',#11988);
#11988 = AXIS2_PLACEMENT_3D('',#11989,#11990,#11991);
#11989 = CARTESIAN_POINT('',(-40.5,-28.4,12.33));
#11990 = DIRECTION('',(-1.,0.,0.));
#11991 = DIRECTION('',(0.,2.2E-16,1.));
#11992 = ADVANCED_FACE('',(#11993),#12018,.F.);
#11993 = FACE_BOUND('',#11994,.F.);
#11994 = EDGE_LOOP('',(#11995,#11996,#11997,#11998,#12004,#12005,#12011,
    #12012));
#11995 = ORIENTED_EDGE('',*,*,#11903,.F.);
#11996 = ORIENTED_EDGE('',*,*,#10259,.F.);
#11997 = ORIENTED_EDGE('',*,*,#11981,.T.);
#11998 = ORIENTED_EDGE('',*,*,#11999,.T.);
#11999 = EDGE_CURVE('',#11974,#10609,#12000,.T.);
#12000 = LINE('',#12001,#12002);
#12001 = CARTESIAN_POINT('',(-40.5,-28.6,13.63));
#12002 = VECTOR('',#12003,1.);
#12003 = DIRECTION('',(1.,0.,0.));
#12004 = ORIENTED_EDGE('',*,*,#10608,.F.);
#12005 = ORIENTED_EDGE('',*,*,#12006,.F.);
#12006 = EDGE_CURVE('',#10776,#10600,#12007,.T.);
#12007 = LINE('',#12008,#12009);
#12008 = CARTESIAN_POINT('',(-6.60885375,-28.5,13.63));
#12009 = VECTOR('',#12010,1.);
#12010 = DIRECTION('',(-1.,0.,0.));
#12011 = ORIENTED_EDGE('',*,*,#10775,.T.);
#12012 = ORIENTED_EDGE('',*,*,#12013,.T.);
#12013 = EDGE_CURVE('',#10778,#11904,#12014,.T.);
#12014 = LINE('',#12015,#12016);
#12015 = CARTESIAN_POINT('',(33.189458977574,-28.6,13.63));
#12016 = VECTOR('',#12017,1.);
#12017 = DIRECTION('',(1.,0.,0.));
#12018 = PLANE('',#12019);
#12019 = AXIS2_PLACEMENT_3D('',#12020,#12021,#12022);
#12020 = CARTESIAN_POINT('',(-40.5,-28.4,13.63));
#12021 = DIRECTION('',(0.,2.2E-16,1.));
#12022 = DIRECTION('',(1.,0.,0.));
#12023 = ADVANCED_FACE('',(#12024),#12051,.F.);
#12024 = FACE_BOUND('',#12025,.F.);
#12025 = EDGE_LOOP('',(#12026,#12035,#12043,#12050));
#12026 = ORIENTED_EDGE('',*,*,#12027,.T.);
#12027 = EDGE_CURVE('',#10299,#12028,#12030,.T.);
#12028 = VERTEX_POINT('',#12029);
#12029 = CARTESIAN_POINT('',(46.,-20.77,12.73));
#12030 = ELLIPSE('',#12031,0.565685424949,0.4);
#12031 = AXIS2_PLACEMENT_3D('',#12032,#12033,#12034);
#12032 = CARTESIAN_POINT('',(45.6,-20.77,12.73));
#12033 = DIRECTION('',(-0.,-0.707106781187,-0.707106781187));
#12034 = DIRECTION('',(0.,-0.707106781187,0.707106781187));
#12035 = ORIENTED_EDGE('',*,*,#12036,.T.);
#12036 = EDGE_CURVE('',#12028,#12037,#12039,.T.);
#12037 = VERTEX_POINT('',#12038);
#12038 = CARTESIAN_POINT('',(46.,-24.7,12.73));
#12039 = LINE('',#12040,#12041);
#12040 = CARTESIAN_POINT('',(46.,-20.37,12.73));
#12041 = VECTOR('',#12042,1.);
#12042 = DIRECTION('',(0.,-1.,0.));
#12043 = ORIENTED_EDGE('',*,*,#12044,.F.);
#12044 = EDGE_CURVE('',#10290,#12037,#12045,.T.);
#12045 = ELLIPSE('',#12046,0.565685424949,0.4);
#12046 = AXIS2_PLACEMENT_3D('',#12047,#12048,#12049);
#12047 = CARTESIAN_POINT('',(45.6,-24.7,12.73));
#12048 = DIRECTION('',(0.,-0.707106781187,0.707106781187));
#12049 = DIRECTION('',(0.,-0.707106781187,-0.707106781187));
#12050 = ORIENTED_EDGE('',*,*,#10306,.F.);
#12051 = CYLINDRICAL_SURFACE('',#12052,0.4);
#12052 = AXIS2_PLACEMENT_3D('',#12053,#12054,#12055);
#12053 = CARTESIAN_POINT('',(45.6,-20.37,12.73));
#12054 = DIRECTION('',(0.,-1.,0.));
#12055 = DIRECTION('',(0.,0.,-1.));
#12056 = ADVANCED_FACE('',(#12057),#12076,.F.);
#12057 = FACE_BOUND('',#12058,.T.);
#12058 = EDGE_LOOP('',(#12059,#12060,#12068,#12075));
#12059 = ORIENTED_EDGE('',*,*,#12027,.T.);
#12060 = ORIENTED_EDGE('',*,*,#12061,.T.);
#12061 = EDGE_CURVE('',#12028,#12062,#12064,.T.);
#12062 = VERTEX_POINT('',#12063);
#12063 = CARTESIAN_POINT('',(46.,-20.77,13.23));
#12064 = LINE('',#12065,#12066);
#12065 = CARTESIAN_POINT('',(46.,-20.77,12.33));
#12066 = VECTOR('',#12067,1.);
#12067 = DIRECTION('',(0.,0.,1.));
#12068 = ORIENTED_EDGE('',*,*,#12069,.F.);
#12069 = EDGE_CURVE('',#10323,#12062,#12070,.T.);
#12070 = ELLIPSE('',#12071,0.565685424949,0.4);
#12071 = AXIS2_PLACEMENT_3D('',#12072,#12073,#12074);
#12072 = CARTESIAN_POINT('',(45.6,-20.77,13.23));
#12073 = DIRECTION('',(0.,0.707106781187,-0.707106781187));
#12074 = DIRECTION('',(0.,0.707106781187,0.707106781187));
#12075 = ORIENTED_EDGE('',*,*,#10330,.F.);
#12076 = CYLINDRICAL_SURFACE('',#12077,0.4);
#12077 = AXIS2_PLACEMENT_3D('',#12078,#12079,#12080);
#12078 = CARTESIAN_POINT('',(45.6,-20.77,12.33));
#12079 = DIRECTION('',(0.,0.,1.));
#12080 = DIRECTION('',(0.,1.,0.));
#12081 = ADVANCED_FACE('',(#12082),#12101,.F.);
#12082 = FACE_BOUND('',#12083,.F.);
#12083 = EDGE_LOOP('',(#12084,#12093,#12099,#12100));
#12084 = ORIENTED_EDGE('',*,*,#12085,.T.);
#12085 = EDGE_CURVE('',#10347,#12086,#12088,.T.);
#12086 = VERTEX_POINT('',#12087);
#12087 = CARTESIAN_POINT('',(46.,-24.7,13.23));
#12088 = ELLIPSE('',#12089,0.565685424949,0.4);
#12089 = AXIS2_PLACEMENT_3D('',#12090,#12091,#12092);
#12090 = CARTESIAN_POINT('',(45.6,-24.7,13.23));
#12091 = DIRECTION('',(0.,0.707106781187,0.707106781187));
#12092 = DIRECTION('',(0.,0.707106781187,-0.707106781187));
#12093 = ORIENTED_EDGE('',*,*,#12094,.T.);
#12094 = EDGE_CURVE('',#12086,#12062,#12095,.T.);
#12095 = LINE('',#12096,#12097);
#12096 = CARTESIAN_POINT('',(46.,-25.1,13.23));
#12097 = VECTOR('',#12098,1.);
#12098 = DIRECTION('',(0.,1.,0.));
#12099 = ORIENTED_EDGE('',*,*,#12069,.F.);
#12100 = ORIENTED_EDGE('',*,*,#10354,.F.);
#12101 = CYLINDRICAL_SURFACE('',#12102,0.4);
#12102 = AXIS2_PLACEMENT_3D('',#12103,#12104,#12105);
#12103 = CARTESIAN_POINT('',(45.6,-25.1,13.23));
#12104 = DIRECTION('',(0.,1.,0.));
#12105 = DIRECTION('',(0.,0.,1.));
#12106 = ADVANCED_FACE('',(#12107),#12118,.F.);
#12107 = FACE_BOUND('',#12108,.F.);
#12108 = EDGE_LOOP('',(#12109,#12110,#12116,#12117));
#12109 = ORIENTED_EDGE('',*,*,#12044,.T.);
#12110 = ORIENTED_EDGE('',*,*,#12111,.T.);
#12111 = EDGE_CURVE('',#12037,#12086,#12112,.T.);
#12112 = LINE('',#12113,#12114);
#12113 = CARTESIAN_POINT('',(46.,-24.7,12.33));
#12114 = VECTOR('',#12115,1.);
#12115 = DIRECTION('',(0.,0.,1.));
#12116 = ORIENTED_EDGE('',*,*,#12085,.F.);
#12117 = ORIENTED_EDGE('',*,*,#10369,.F.);
#12118 = CYLINDRICAL_SURFACE('',#12119,0.4);
#12119 = AXIS2_PLACEMENT_3D('',#12120,#12121,#12122);
#12120 = CARTESIAN_POINT('',(45.6,-24.7,12.33));
#12121 = DIRECTION('',(0.,0.,1.));
#12122 = DIRECTION('',(0.,-1.,0.));
#12123 = ADVANCED_FACE('',(#12124),#12143,.T.);
#12124 = FACE_BOUND('',#12125,.F.);
#12125 = EDGE_LOOP('',(#12126,#12134,#12141,#12142));
#12126 = ORIENTED_EDGE('',*,*,#12127,.T.);
#12127 = EDGE_CURVE('',#10468,#12128,#12130,.T.);
#12128 = VERTEX_POINT('',#12129);
#12129 = CARTESIAN_POINT('',(-35.28,-23.35,14.42));
#12130 = LINE('',#12131,#12132);
#12131 = CARTESIAN_POINT('',(-35.28,-23.35,22.22));
#12132 = VECTOR('',#12133,1.);
#12133 = DIRECTION('',(0.,0.,-1.));
#12134 = ORIENTED_EDGE('',*,*,#12135,.T.);
#12135 = EDGE_CURVE('',#12128,#12128,#12136,.T.);
#12136 = CIRCLE('',#12137,1.4);
#12137 = AXIS2_PLACEMENT_3D('',#12138,#12139,#12140);
#12138 = CARTESIAN_POINT('',(-36.68,-23.35,14.42));
#12139 = DIRECTION('',(0.,0.,-1.));
#12140 = DIRECTION('',(1.,0.,0.));
#12141 = ORIENTED_EDGE('',*,*,#12127,.F.);
#12142 = ORIENTED_EDGE('',*,*,#10467,.F.);
#12143 = CYLINDRICAL_SURFACE('',#12144,1.4);
#12144 = AXIS2_PLACEMENT_3D('',#12145,#12146,#12147);
#12145 = CARTESIAN_POINT('',(-36.68,-23.35,22.22));
#12146 = DIRECTION('',(0.,0.,1.));
#12147 = DIRECTION('',(1.,0.,0.));
#12148 = ADVANCED_FACE('',(#12149),#12168,.T.);
#12149 = FACE_BOUND('',#12150,.F.);
#12150 = EDGE_LOOP('',(#12151,#12159,#12166,#12167));
#12151 = ORIENTED_EDGE('',*,*,#12152,.T.);
#12152 = EDGE_CURVE('',#10479,#12153,#12155,.T.);
#12153 = VERTEX_POINT('',#12154);
#12154 = CARTESIAN_POINT('',(40.8,-23.35,14.42));
#12155 = LINE('',#12156,#12157);
#12156 = CARTESIAN_POINT('',(40.8,-23.35,22.22));
#12157 = VECTOR('',#12158,1.);
#12158 = DIRECTION('',(0.,0.,-1.));
#12159 = ORIENTED_EDGE('',*,*,#12160,.T.);
#12160 = EDGE_CURVE('',#12153,#12153,#12161,.T.);
#12161 = CIRCLE('',#12162,1.4);
#12162 = AXIS2_PLACEMENT_3D('',#12163,#12164,#12165);
#12163 = CARTESIAN_POINT('',(39.4,-23.35,14.42));
#12164 = DIRECTION('',(0.,0.,-1.));
#12165 = DIRECTION('',(1.,0.,0.));
#12166 = ORIENTED_EDGE('',*,*,#12152,.F.);
#12167 = ORIENTED_EDGE('',*,*,#10478,.F.);
#12168 = CYLINDRICAL_SURFACE('',#12169,1.4);
#12169 = AXIS2_PLACEMENT_3D('',#12170,#12171,#12172);
#12170 = CARTESIAN_POINT('',(39.4,-23.35,22.22));
#12171 = DIRECTION('',(0.,0.,1.));
#12172 = DIRECTION('',(1.,0.,0.));
#12173 = ADVANCED_FACE('',(#12174),#12193,.T.);
#12174 = FACE_BOUND('',#12175,.F.);
#12175 = EDGE_LOOP('',(#12176,#12184,#12191,#12192));
#12176 = ORIENTED_EDGE('',*,*,#12177,.T.);
#12177 = EDGE_CURVE('',#10496,#12178,#12180,.T.);
#12178 = VERTEX_POINT('',#12179);
#12179 = CARTESIAN_POINT('',(-35.28,20.65,14.42));
#12180 = LINE('',#12181,#12182);
#12181 = CARTESIAN_POINT('',(-35.28,20.65,22.22));
#12182 = VECTOR('',#12183,1.);
#12183 = DIRECTION('',(0.,0.,-1.));
#12184 = ORIENTED_EDGE('',*,*,#12185,.T.);
#12185 = EDGE_CURVE('',#12178,#12178,#12186,.T.);
#12186 = CIRCLE('',#12187,1.4);
#12187 = AXIS2_PLACEMENT_3D('',#12188,#12189,#12190);
#12188 = CARTESIAN_POINT('',(-36.68,20.65,14.42));
#12189 = DIRECTION('',(0.,0.,-1.));
#12190 = DIRECTION('',(1.,0.,0.));
#12191 = ORIENTED_EDGE('',*,*,#12177,.F.);
#12192 = ORIENTED_EDGE('',*,*,#10495,.F.);
#12193 = CYLINDRICAL_SURFACE('',#12194,1.4);
#12194 = AXIS2_PLACEMENT_3D('',#12195,#12196,#12197);
#12195 = CARTESIAN_POINT('',(-36.68,20.65,22.22));
#12196 = DIRECTION('',(0.,0.,1.));
#12197 = DIRECTION('',(1.,0.,0.));
#12198 = ADVANCED_FACE('',(#12199),#12218,.T.);
#12199 = FACE_BOUND('',#12200,.F.);
#12200 = EDGE_LOOP('',(#12201,#12209,#12216,#12217));
#12201 = ORIENTED_EDGE('',*,*,#12202,.T.);
#12202 = EDGE_CURVE('',#10507,#12203,#12205,.T.);
#12203 = VERTEX_POINT('',#12204);
#12204 = CARTESIAN_POINT('',(40.8,20.65,14.42));
#12205 = LINE('',#12206,#12207);
#12206 = CARTESIAN_POINT('',(40.8,20.65,22.22));
#12207 = VECTOR('',#12208,1.);
#12208 = DIRECTION('',(0.,0.,-1.));
#12209 = ORIENTED_EDGE('',*,*,#12210,.T.);
#12210 = EDGE_CURVE('',#12203,#12203,#12211,.T.);
#12211 = CIRCLE('',#12212,1.4);
#12212 = AXIS2_PLACEMENT_3D('',#12213,#12214,#12215);
#12213 = CARTESIAN_POINT('',(39.4,20.65,14.42));
#12214 = DIRECTION('',(0.,0.,-1.));
#12215 = DIRECTION('',(1.,0.,0.));
#12216 = ORIENTED_EDGE('',*,*,#12202,.F.);
#12217 = ORIENTED_EDGE('',*,*,#10506,.F.);
#12218 = CYLINDRICAL_SURFACE('',#12219,1.4);
#12219 = AXIS2_PLACEMENT_3D('',#12220,#12221,#12222);
#12220 = CARTESIAN_POINT('',(39.4,20.65,22.22));
#12221 = DIRECTION('',(0.,0.,1.));
#12222 = DIRECTION('',(1.,0.,0.));
#12223 = ADVANCED_FACE('',(#12224),#12244,.F.);
#12224 = FACE_BOUND('',#12225,.F.);
#12225 = EDGE_LOOP('',(#12226,#12227,#12228,#12236,#12243));
#12226 = ORIENTED_EDGE('',*,*,#10684,.T.);
#12227 = ORIENTED_EDGE('',*,*,#10565,.T.);
#12228 = ORIENTED_EDGE('',*,*,#12229,.T.);
#12229 = EDGE_CURVE('',#10558,#12230,#12232,.T.);
#12230 = VERTEX_POINT('',#12231);
#12231 = CARTESIAN_POINT('',(-40.1,-29.,12.73));
#12232 = LINE('',#12233,#12234);
#12233 = CARTESIAN_POINT('',(21.28369766594,-29.,12.73));
#12234 = VECTOR('',#12235,1.);
#12235 = DIRECTION('',(-1.,0.,0.));
#12236 = ORIENTED_EDGE('',*,*,#12237,.F.);
#12237 = EDGE_CURVE('',#11935,#12230,#12238,.T.);
#12238 = ELLIPSE('',#12239,0.565685424949,0.4);
#12239 = AXIS2_PLACEMENT_3D('',#12240,#12241,#12242);
#12240 = CARTESIAN_POINT('',(-40.1,-28.6,12.73));
#12241 = DIRECTION('',(-0.707106781187,0.,0.707106781187));
#12242 = DIRECTION('',(-0.707106781187,0.,-0.707106781187));
#12243 = ORIENTED_EDGE('',*,*,#11958,.F.);
#12244 = CYLINDRICAL_SURFACE('',#12245,0.4);
#12245 = AXIS2_PLACEMENT_3D('',#12246,#12247,#12248);
#12246 = CARTESIAN_POINT('',(21.28369766594,-28.6,12.73));
#12247 = DIRECTION('',(-1.,0.,0.));
#12248 = DIRECTION('',(-0.,-2.2E-16,-1.));
#12249 = ADVANCED_FACE('',(#12250),#12269,.T.);
#12250 = FACE_BOUND('',#12251,.T.);
#12251 = EDGE_LOOP('',(#12252,#12253,#12254,#12262,#12268));
#12252 = ORIENTED_EDGE('',*,*,#10557,.F.);
#12253 = ORIENTED_EDGE('',*,*,#12229,.T.);
#12254 = ORIENTED_EDGE('',*,*,#12255,.T.);
#12255 = EDGE_CURVE('',#12230,#12256,#12258,.T.);
#12256 = VERTEX_POINT('',#12257);
#12257 = CARTESIAN_POINT('',(-40.1,-29.,13.23));
#12258 = LINE('',#12259,#12260);
#12259 = CARTESIAN_POINT('',(-40.1,-29.,12.33));
#12260 = VECTOR('',#12261,1.);
#12261 = DIRECTION('',(0.,0.,1.));
#12262 = ORIENTED_EDGE('',*,*,#12263,.T.);
#12263 = EDGE_CURVE('',#12256,#10581,#12264,.T.);
#12264 = LINE('',#12265,#12266);
#12265 = CARTESIAN_POINT('',(-40.5,-29.,13.23));
#12266 = VECTOR('',#12267,1.);
#12267 = DIRECTION('',(1.,0.,0.));
#12268 = ORIENTED_EDGE('',*,*,#10580,.T.);
#12269 = PLANE('',#12270);
#12270 = AXIS2_PLACEMENT_3D('',#12271,#12272,#12273);
#12271 = CARTESIAN_POINT('',(0.8,-29.,12.98));
#12272 = DIRECTION('',(0.,1.,0.));
#12273 = DIRECTION('',(0.,0.,1.));
#12274 = ADVANCED_FACE('',(#12275),#12287,.F.);
#12275 = FACE_BOUND('',#12276,.F.);
#12276 = EDGE_LOOP('',(#12277,#12284,#12285,#12286));
#12277 = ORIENTED_EDGE('',*,*,#12278,.T.);
#12278 = EDGE_CURVE('',#11974,#12256,#12279,.T.);
#12279 = ELLIPSE('',#12280,0.565685424949,0.4);
#12280 = AXIS2_PLACEMENT_3D('',#12281,#12282,#12283);
#12281 = CARTESIAN_POINT('',(-40.1,-28.6,13.23));
#12282 = DIRECTION('',(0.707106781187,-0.,0.707106781187));
#12283 = DIRECTION('',(0.707106781187,0.,-0.707106781187));
#12284 = ORIENTED_EDGE('',*,*,#12263,.T.);
#12285 = ORIENTED_EDGE('',*,*,#10616,.F.);
#12286 = ORIENTED_EDGE('',*,*,#11999,.F.);
#12287 = CYLINDRICAL_SURFACE('',#12288,0.4);
#12288 = AXIS2_PLACEMENT_3D('',#12289,#12290,#12291);
#12289 = CARTESIAN_POINT('',(-40.5,-28.6,13.23));
#12290 = DIRECTION('',(1.,0.,0.));
#12291 = DIRECTION('',(0.,2.2E-16,1.));
#12292 = ADVANCED_FACE('',(#12293),#12299,.F.);
#12293 = FACE_BOUND('',#12294,.F.);
#12294 = EDGE_LOOP('',(#12295,#12296,#12297,#12298));
#12295 = ORIENTED_EDGE('',*,*,#12006,.T.);
#12296 = ORIENTED_EDGE('',*,*,#10599,.F.);
#12297 = ORIENTED_EDGE('',*,*,#10735,.F.);
#12298 = ORIENTED_EDGE('',*,*,#10785,.F.);
#12299 = PLANE('',#12300);
#12300 = AXIS2_PLACEMENT_3D('',#12301,#12302,#12303);
#12301 = CARTESIAN_POINT('',(27.2822925,-28.5,12.9494555));
#12302 = DIRECTION('',(0.,1.,0.));
#12303 = DIRECTION('',(0.,0.,1.));
#12304 = ADVANCED_FACE('',(#12305),#12311,.F.);
#12305 = FACE_BOUND('',#12306,.F.);
#12306 = EDGE_LOOP('',(#12307,#12308,#12309,#12310));
#12307 = ORIENTED_EDGE('',*,*,#10667,.F.);
#12308 = ORIENTED_EDGE('',*,*,#11951,.T.);
#12309 = ORIENTED_EDGE('',*,*,#10862,.F.);
#12310 = ORIENTED_EDGE('',*,*,#10752,.F.);
#12311 = PLANE('',#12312);
#12312 = AXIS2_PLACEMENT_3D('',#12313,#12314,#12315);
#12313 = CARTESIAN_POINT('',(27.2822925,-28.5,12.9494555));
#12314 = DIRECTION('',(0.,1.,0.));
#12315 = DIRECTION('',(0.,0.,1.));
#12316 = ADVANCED_FACE('',(#12317),#12336,.F.);
#12317 = FACE_BOUND('',#12318,.F.);
#12318 = EDGE_LOOP('',(#12319,#12320,#12328,#12335));
#12319 = ORIENTED_EDGE('',*,*,#10811,.T.);
#12320 = ORIENTED_EDGE('',*,*,#12321,.T.);
#12321 = EDGE_CURVE('',#10803,#12322,#12324,.T.);
#12322 = VERTEX_POINT('',#12323);
#12323 = CARTESIAN_POINT('',(41.7,-29.,13.23));
#12324 = LINE('',#12325,#12326);
#12325 = CARTESIAN_POINT('',(33.189458977574,-29.,13.23));
#12326 = VECTOR('',#12327,1.);
#12327 = DIRECTION('',(1.,0.,0.));
#12328 = ORIENTED_EDGE('',*,*,#12329,.F.);
#12329 = EDGE_CURVE('',#11904,#12322,#12330,.T.);
#12330 = ELLIPSE('',#12331,0.565685424949,0.4);
#12331 = AXIS2_PLACEMENT_3D('',#12332,#12333,#12334);
#12332 = CARTESIAN_POINT('',(41.7,-28.6,13.23));
#12333 = DIRECTION('',(0.707106781187,0.,-0.707106781187));
#12334 = DIRECTION('',(0.707106781187,0.,0.707106781187));
#12335 = ORIENTED_EDGE('',*,*,#12013,.F.);
#12336 = CYLINDRICAL_SURFACE('',#12337,0.4);
#12337 = AXIS2_PLACEMENT_3D('',#12338,#12339,#12340);
#12338 = CARTESIAN_POINT('',(33.189458977574,-28.6,13.23));
#12339 = DIRECTION('',(1.,0.,0.));
#12340 = DIRECTION('',(0.,2.2E-16,1.));
#12341 = ADVANCED_FACE('',(#12342),#12361,.T.);
#12342 = FACE_BOUND('',#12343,.T.);
#12343 = EDGE_LOOP('',(#12344,#12345,#12346,#12354,#12360));
#12344 = ORIENTED_EDGE('',*,*,#10802,.T.);
#12345 = ORIENTED_EDGE('',*,*,#12321,.T.);
#12346 = ORIENTED_EDGE('',*,*,#12347,.T.);
#12347 = EDGE_CURVE('',#12322,#12348,#12350,.T.);
#12348 = VERTEX_POINT('',#12349);
#12349 = CARTESIAN_POINT('',(41.7,-29.,12.73));
#12350 = LINE('',#12351,#12352);
#12351 = CARTESIAN_POINT('',(41.7,-29.,13.63));
#12352 = VECTOR('',#12353,1.);
#12353 = DIRECTION('',(0.,0.,-1.));
#12354 = ORIENTED_EDGE('',*,*,#12355,.T.);
#12355 = EDGE_CURVE('',#12348,#10911,#12356,.T.);
#12356 = LINE('',#12357,#12358);
#12357 = CARTESIAN_POINT('',(42.1,-29.,12.73));
#12358 = VECTOR('',#12359,1.);
#12359 = DIRECTION('',(-1.,0.,0.));
#12360 = ORIENTED_EDGE('',*,*,#10910,.F.);
#12361 = PLANE('',#12362);
#12362 = AXIS2_PLACEMENT_3D('',#12363,#12364,#12365);
#12363 = CARTESIAN_POINT('',(0.8,-29.,12.98));
#12364 = DIRECTION('',(0.,1.,0.));
#12365 = DIRECTION('',(0.,0.,1.));
#12366 = ADVANCED_FACE('',(#12367),#12380,.F.);
#12367 = FACE_BOUND('',#12368,.F.);
#12368 = EDGE_LOOP('',(#12369,#12370,#12371,#12378,#12379));
#12369 = ORIENTED_EDGE('',*,*,#10879,.F.);
#12370 = ORIENTED_EDGE('',*,*,#11944,.F.);
#12371 = ORIENTED_EDGE('',*,*,#12372,.T.);
#12372 = EDGE_CURVE('',#11912,#12348,#12373,.T.);
#12373 = ELLIPSE('',#12374,0.565685424949,0.4);
#12374 = AXIS2_PLACEMENT_3D('',#12375,#12376,#12377);
#12375 = CARTESIAN_POINT('',(41.7,-28.6,12.73));
#12376 = DIRECTION('',(-0.707106781187,0.,-0.707106781187));
#12377 = DIRECTION('',(-0.707106781187,0.,0.707106781187));
#12378 = ORIENTED_EDGE('',*,*,#12355,.T.);
#12379 = ORIENTED_EDGE('',*,*,#10921,.F.);
#12380 = CYLINDRICAL_SURFACE('',#12381,0.4);
#12381 = AXIS2_PLACEMENT_3D('',#12382,#12383,#12384);
#12382 = CARTESIAN_POINT('',(42.1,-28.6,12.73));
#12383 = DIRECTION('',(-1.,0.,0.));
#12384 = DIRECTION('',(-0.,-2.2E-16,-1.));
#12385 = ADVANCED_FACE('',(#12386),#12392,.F.);
#12386 = FACE_BOUND('',#12387,.F.);
#12387 = EDGE_LOOP('',(#12388,#12389,#12390,#12391));
#12388 = ORIENTED_EDGE('',*,*,#10956,.F.);
#12389 = ORIENTED_EDGE('',*,*,#10981,.T.);
#12390 = ORIENTED_EDGE('',*,*,#11014,.F.);
#12391 = ORIENTED_EDGE('',*,*,#11031,.F.);
#12392 = PLANE('',#12393);
#12393 = AXIS2_PLACEMENT_3D('',#12394,#12395,#12396);
#12394 = CARTESIAN_POINT('',(46.,-2.4,12.98));
#12395 = DIRECTION('',(1.,0.,0.));
#12396 = DIRECTION('',(0.,0.,1.));
#12397 = ADVANCED_FACE('',(#12398),#12425,.F.);
#12398 = FACE_BOUND('',#12399,.F.);
#12399 = EDGE_LOOP('',(#12400,#12409,#12417,#12424));
#12400 = ORIENTED_EDGE('',*,*,#12401,.T.);
#12401 = EDGE_CURVE('',#11048,#12402,#12404,.T.);
#12402 = VERTEX_POINT('',#12403);
#12403 = CARTESIAN_POINT('',(-46.4,-22.7,13.23));
#12404 = ELLIPSE('',#12405,0.565685424949,0.4);
#12405 = AXIS2_PLACEMENT_3D('',#12406,#12407,#12408);
#12406 = CARTESIAN_POINT('',(-46.,-22.7,13.23));
#12407 = DIRECTION('',(-0.,-0.707106781187,-0.707106781187));
#12408 = DIRECTION('',(0.,-0.707106781187,0.707106781187));
#12409 = ORIENTED_EDGE('',*,*,#12410,.T.);
#12410 = EDGE_CURVE('',#12402,#12411,#12413,.T.);
#12411 = VERTEX_POINT('',#12412);
#12412 = CARTESIAN_POINT('',(-46.4,-22.7,12.73));
#12413 = LINE('',#12414,#12415);
#12414 = CARTESIAN_POINT('',(-46.4,-22.7,13.63));
#12415 = VECTOR('',#12416,1.);
#12416 = DIRECTION('',(0.,0.,-1.));
#12417 = ORIENTED_EDGE('',*,*,#12418,.F.);
#12418 = EDGE_CURVE('',#11056,#12411,#12419,.T.);
#12419 = ELLIPSE('',#12420,0.565685424949,0.4);
#12420 = AXIS2_PLACEMENT_3D('',#12421,#12422,#12423);
#12421 = CARTESIAN_POINT('',(-46.,-22.7,12.73));
#12422 = DIRECTION('',(0.,0.707106781187,-0.707106781187));
#12423 = DIRECTION('',(0.,0.707106781187,0.707106781187));
#12424 = ORIENTED_EDGE('',*,*,#11055,.F.);
#12425 = CYLINDRICAL_SURFACE('',#12426,0.4);
#12426 = AXIS2_PLACEMENT_3D('',#12427,#12428,#12429);
#12427 = CARTESIAN_POINT('',(-46.,-22.7,13.63));
#12428 = DIRECTION('',(0.,0.,-1.));
#12429 = DIRECTION('',(0.,-1.,0.));
#12430 = ADVANCED_FACE('',(#12431),#12450,.F.);
#12431 = FACE_BOUND('',#12432,.F.);
#12432 = EDGE_LOOP('',(#12433,#12434,#12442,#12449));
#12433 = ORIENTED_EDGE('',*,*,#12418,.T.);
#12434 = ORIENTED_EDGE('',*,*,#12435,.T.);
#12435 = EDGE_CURVE('',#12411,#12436,#12438,.T.);
#12436 = VERTEX_POINT('',#12437);
#12437 = CARTESIAN_POINT('',(-46.4,19.9,12.73));
#12438 = LINE('',#12439,#12440);
#12439 = CARTESIAN_POINT('',(-46.4,-23.1,12.73));
#12440 = VECTOR('',#12441,1.);
#12441 = DIRECTION('',(0.,1.,0.));
#12442 = ORIENTED_EDGE('',*,*,#12443,.F.);
#12443 = EDGE_CURVE('',#11080,#12436,#12444,.T.);
#12444 = ELLIPSE('',#12445,0.565685424949,0.4);
#12445 = AXIS2_PLACEMENT_3D('',#12446,#12447,#12448);
#12446 = CARTESIAN_POINT('',(-46.,19.9,12.73));
#12447 = DIRECTION('',(0.,0.707106781187,0.707106781187));
#12448 = DIRECTION('',(0.,0.707106781187,-0.707106781187));
#12449 = ORIENTED_EDGE('',*,*,#11079,.F.);
#12450 = CYLINDRICAL_SURFACE('',#12451,0.4);
#12451 = AXIS2_PLACEMENT_3D('',#12452,#12453,#12454);
#12452 = CARTESIAN_POINT('',(-46.,-23.1,12.73));
#12453 = DIRECTION('',(0.,1.,0.));
#12454 = DIRECTION('',(0.,0.,-1.));
#12455 = ADVANCED_FACE('',(#12456),#12475,.F.);
#12456 = FACE_BOUND('',#12457,.F.);
#12457 = EDGE_LOOP('',(#12458,#12459,#12467,#12474));
#12458 = ORIENTED_EDGE('',*,*,#12443,.T.);
#12459 = ORIENTED_EDGE('',*,*,#12460,.T.);
#12460 = EDGE_CURVE('',#12436,#12461,#12463,.T.);
#12461 = VERTEX_POINT('',#12462);
#12462 = CARTESIAN_POINT('',(-46.4,19.9,13.23));
#12463 = LINE('',#12464,#12465);
#12464 = CARTESIAN_POINT('',(-46.4,19.9,12.33));
#12465 = VECTOR('',#12466,1.);
#12466 = DIRECTION('',(0.,0.,1.));
#12467 = ORIENTED_EDGE('',*,*,#12468,.F.);
#12468 = EDGE_CURVE('',#11104,#12461,#12469,.T.);
#12469 = ELLIPSE('',#12470,0.565685424949,0.4);
#12470 = AXIS2_PLACEMENT_3D('',#12471,#12472,#12473);
#12471 = CARTESIAN_POINT('',(-46.,19.9,13.23));
#12472 = DIRECTION('',(0.,-0.707106781187,0.707106781187));
#12473 = DIRECTION('',(0.,-0.707106781187,-0.707106781187));
#12474 = ORIENTED_EDGE('',*,*,#11103,.F.);
#12475 = CYLINDRICAL_SURFACE('',#12476,0.4);
#12476 = AXIS2_PLACEMENT_3D('',#12477,#12478,#12479);
#12477 = CARTESIAN_POINT('',(-46.,19.9,12.33));
#12478 = DIRECTION('',(0.,0.,1.));
#12479 = DIRECTION('',(0.,1.,0.));
#12480 = ADVANCED_FACE('',(#12481),#12492,.F.);
#12481 = FACE_BOUND('',#12482,.F.);
#12482 = EDGE_LOOP('',(#12483,#12484,#12490,#12491));
#12483 = ORIENTED_EDGE('',*,*,#12468,.T.);
#12484 = ORIENTED_EDGE('',*,*,#12485,.T.);
#12485 = EDGE_CURVE('',#12461,#12402,#12486,.T.);
#12486 = LINE('',#12487,#12488);
#12487 = CARTESIAN_POINT('',(-46.4,20.3,13.23));
#12488 = VECTOR('',#12489,1.);
#12489 = DIRECTION('',(0.,-1.,0.));
#12490 = ORIENTED_EDGE('',*,*,#12401,.F.);
#12491 = ORIENTED_EDGE('',*,*,#11127,.F.);
#12492 = CYLINDRICAL_SURFACE('',#12493,0.4);
#12493 = AXIS2_PLACEMENT_3D('',#12494,#12495,#12496);
#12494 = CARTESIAN_POINT('',(-46.,20.3,13.23));
#12495 = DIRECTION('',(0.,-1.,0.));
#12496 = DIRECTION('',(0.,0.,1.));
#12497 = ADVANCED_FACE('',(#12498),#12504,.F.);
#12498 = FACE_BOUND('',#12499,.F.);
#12499 = EDGE_LOOP('',(#12500,#12501,#12502,#12503));
#12500 = ORIENTED_EDGE('',*,*,#11212,.F.);
#12501 = ORIENTED_EDGE('',*,*,#11227,.T.);
#12502 = ORIENTED_EDGE('',*,*,#11152,.F.);
#12503 = ORIENTED_EDGE('',*,*,#11177,.T.);
#12504 = PLANE('',#12505);
#12505 = AXIS2_PLACEMENT_3D('',#12506,#12507,#12508);
#12506 = CARTESIAN_POINT('',(-0.2,26.2,12.98));
#12507 = DIRECTION('',(0.,1.,0.));
#12508 = DIRECTION('',(0.,0.,1.));
#12509 = ADVANCED_FACE('',(#12510),#12516,.F.);
#12510 = FACE_BOUND('',#12511,.F.);
#12511 = EDGE_LOOP('',(#12512,#12513,#12514,#12515));
#12512 = ORIENTED_EDGE('',*,*,#11252,.F.);
#12513 = ORIENTED_EDGE('',*,*,#11277,.T.);
#12514 = ORIENTED_EDGE('',*,*,#11310,.F.);
#12515 = ORIENTED_EDGE('',*,*,#11327,.F.);
#12516 = PLANE('',#12517);
#12517 = AXIS2_PLACEMENT_3D('',#12518,#12519,#12520);
#12518 = CARTESIAN_POINT('',(-0.2,26.2,12.98));
#12519 = DIRECTION('',(0.,1.,0.));
#12520 = DIRECTION('',(0.,0.,1.));
#12521 = ADVANCED_FACE('',(#12522),#12528,.F.);
#12522 = FACE_BOUND('',#12523,.F.);
#12523 = EDGE_LOOP('',(#12524,#12525,#12526,#12527));
#12524 = ORIENTED_EDGE('',*,*,#11410,.F.);
#12525 = ORIENTED_EDGE('',*,*,#11427,.F.);
#12526 = ORIENTED_EDGE('',*,*,#11352,.F.);
#12527 = ORIENTED_EDGE('',*,*,#11377,.T.);
#12528 = PLANE('',#12529);
#12529 = AXIS2_PLACEMENT_3D('',#12530,#12531,#12532);
#12530 = CARTESIAN_POINT('',(-0.2,26.2,12.98));
#12531 = DIRECTION('',(0.,1.,0.));
#12532 = DIRECTION('',(0.,0.,1.));
#12533 = ADVANCED_FACE('',(#12534),#12540,.F.);
#12534 = FACE_BOUND('',#12535,.F.);
#12535 = EDGE_LOOP('',(#12536,#12537,#12538,#12539));
#12536 = ORIENTED_EDGE('',*,*,#12329,.T.);
#12537 = ORIENTED_EDGE('',*,*,#12347,.T.);
#12538 = ORIENTED_EDGE('',*,*,#12372,.F.);
#12539 = ORIENTED_EDGE('',*,*,#11911,.F.);
#12540 = CYLINDRICAL_SURFACE('',#12541,0.4);
#12541 = AXIS2_PLACEMENT_3D('',#12542,#12543,#12544);
#12542 = CARTESIAN_POINT('',(41.7,-28.6,13.63));
#12543 = DIRECTION('',(0.,0.,-1.));
#12544 = DIRECTION('',(1.,0.,0.));
#12545 = ADVANCED_FACE('',(#12546),#12552,.F.);
#12546 = FACE_BOUND('',#12547,.F.);
#12547 = EDGE_LOOP('',(#12548,#12549,#12550,#12551));
#12548 = ORIENTED_EDGE('',*,*,#12237,.T.);
#12549 = ORIENTED_EDGE('',*,*,#12255,.T.);
#12550 = ORIENTED_EDGE('',*,*,#12278,.F.);
#12551 = ORIENTED_EDGE('',*,*,#11973,.F.);
#12552 = CYLINDRICAL_SURFACE('',#12553,0.4);
#12553 = AXIS2_PLACEMENT_3D('',#12554,#12555,#12556);
#12554 = CARTESIAN_POINT('',(-40.1,-28.6,12.33));
#12555 = DIRECTION('',(0.,0.,1.));
#12556 = DIRECTION('',(-1.,0.,0.));
#12557 = ADVANCED_FACE('',(#12558),#12564,.F.);
#12558 = FACE_BOUND('',#12559,.F.);
#12559 = EDGE_LOOP('',(#12560,#12561,#12562,#12563));
#12560 = ORIENTED_EDGE('',*,*,#12036,.F.);
#12561 = ORIENTED_EDGE('',*,*,#12061,.T.);
#12562 = ORIENTED_EDGE('',*,*,#12094,.F.);
#12563 = ORIENTED_EDGE('',*,*,#12111,.F.);
#12564 = PLANE('',#12565);
#12565 = AXIS2_PLACEMENT_3D('',#12566,#12567,#12568);
#12566 = CARTESIAN_POINT('',(46.,-2.4,12.98));
#12567 = DIRECTION('',(1.,0.,0.));
#12568 = DIRECTION('',(0.,0.,1.));
#12569 = ADVANCED_FACE('',(#12570),#12590,.T.);
#12570 = FACE_BOUND('',#12571,.T.);
#12571 = EDGE_LOOP('',(#12572,#12581,#12582,#12583));
#12572 = ORIENTED_EDGE('',*,*,#12573,.F.);
#12573 = EDGE_CURVE('',#12128,#12574,#12576,.T.);
#12574 = VERTEX_POINT('',#12575);
#12575 = CARTESIAN_POINT('',(-35.48,-23.35,14.22));
#12576 = CIRCLE('',#12577,0.2);
#12577 = AXIS2_PLACEMENT_3D('',#12578,#12579,#12580);
#12578 = CARTESIAN_POINT('',(-35.48,-23.35,14.42));
#12579 = DIRECTION('',(-0.,1.,0.));
#12580 = DIRECTION('',(1.,0.,0.));
#12581 = ORIENTED_EDGE('',*,*,#12135,.T.);
#12582 = ORIENTED_EDGE('',*,*,#12573,.T.);
#12583 = ORIENTED_EDGE('',*,*,#12584,.F.);
#12584 = EDGE_CURVE('',#12574,#12574,#12585,.T.);
#12585 = CIRCLE('',#12586,1.2);
#12586 = AXIS2_PLACEMENT_3D('',#12587,#12588,#12589);
#12587 = CARTESIAN_POINT('',(-36.68,-23.35,14.22));
#12588 = DIRECTION('',(0.,0.,-1.));
#12589 = DIRECTION('',(1.,0.,0.));
#12590 = TOROIDAL_SURFACE('',#12591,1.2,0.2);
#12591 = AXIS2_PLACEMENT_3D('',#12592,#12593,#12594);
#12592 = CARTESIAN_POINT('',(-36.68,-23.35,14.42));
#12593 = DIRECTION('',(-0.,-0.,-1.));
#12594 = DIRECTION('',(1.,0.,0.));
#12595 = ADVANCED_FACE('',(#12596),#12616,.T.);
#12596 = FACE_BOUND('',#12597,.T.);
#12597 = EDGE_LOOP('',(#12598,#12607,#12608,#12609));
#12598 = ORIENTED_EDGE('',*,*,#12599,.F.);
#12599 = EDGE_CURVE('',#12153,#12600,#12602,.T.);
#12600 = VERTEX_POINT('',#12601);
#12601 = CARTESIAN_POINT('',(40.6,-23.35,14.22));
#12602 = CIRCLE('',#12603,0.2);
#12603 = AXIS2_PLACEMENT_3D('',#12604,#12605,#12606);
#12604 = CARTESIAN_POINT('',(40.6,-23.35,14.42));
#12605 = DIRECTION('',(-0.,1.,0.));
#12606 = DIRECTION('',(1.,0.,0.));
#12607 = ORIENTED_EDGE('',*,*,#12160,.T.);
#12608 = ORIENTED_EDGE('',*,*,#12599,.T.);
#12609 = ORIENTED_EDGE('',*,*,#12610,.F.);
#12610 = EDGE_CURVE('',#12600,#12600,#12611,.T.);
#12611 = CIRCLE('',#12612,1.2);
#12612 = AXIS2_PLACEMENT_3D('',#12613,#12614,#12615);
#12613 = CARTESIAN_POINT('',(39.4,-23.35,14.22));
#12614 = DIRECTION('',(0.,0.,-1.));
#12615 = DIRECTION('',(1.,0.,0.));
#12616 = TOROIDAL_SURFACE('',#12617,1.2,0.2);
#12617 = AXIS2_PLACEMENT_3D('',#12618,#12619,#12620);
#12618 = CARTESIAN_POINT('',(39.4,-23.35,14.42));
#12619 = DIRECTION('',(-0.,-0.,-1.));
#12620 = DIRECTION('',(1.,0.,0.));
#12621 = ADVANCED_FACE('',(#12622),#12642,.T.);
#12622 = FACE_BOUND('',#12623,.T.);
#12623 = EDGE_LOOP('',(#12624,#12633,#12634,#12635));
#12624 = ORIENTED_EDGE('',*,*,#12625,.F.);
#12625 = EDGE_CURVE('',#12178,#12626,#12628,.T.);
#12626 = VERTEX_POINT('',#12627);
#12627 = CARTESIAN_POINT('',(-35.48,20.65,14.22));
#12628 = CIRCLE('',#12629,0.2);
#12629 = AXIS2_PLACEMENT_3D('',#12630,#12631,#12632);
#12630 = CARTESIAN_POINT('',(-35.48,20.65,14.42));
#12631 = DIRECTION('',(-0.,1.,0.));
#12632 = DIRECTION('',(1.,0.,0.));
#12633 = ORIENTED_EDGE('',*,*,#12185,.T.);
#12634 = ORIENTED_EDGE('',*,*,#12625,.T.);
#12635 = ORIENTED_EDGE('',*,*,#12636,.F.);
#12636 = EDGE_CURVE('',#12626,#12626,#12637,.T.);
#12637 = CIRCLE('',#12638,1.2);
#12638 = AXIS2_PLACEMENT_3D('',#12639,#12640,#12641);
#12639 = CARTESIAN_POINT('',(-36.68,20.65,14.22));
#12640 = DIRECTION('',(0.,0.,-1.));
#12641 = DIRECTION('',(1.,0.,0.));
#12642 = TOROIDAL_SURFACE('',#12643,1.2,0.2);
#12643 = AXIS2_PLACEMENT_3D('',#12644,#12645,#12646);
#12644 = CARTESIAN_POINT('',(-36.68,20.65,14.42));
#12645 = DIRECTION('',(-0.,-0.,-1.));
#12646 = DIRECTION('',(1.,0.,0.));
#12647 = ADVANCED_FACE('',(#12648),#12668,.T.);
#12648 = FACE_BOUND('',#12649,.T.);
#12649 = EDGE_LOOP('',(#12650,#12659,#12660,#12661));
#12650 = ORIENTED_EDGE('',*,*,#12651,.F.);
#12651 = EDGE_CURVE('',#12203,#12652,#12654,.T.);
#12652 = VERTEX_POINT('',#12653);
#12653 = CARTESIAN_POINT('',(40.6,20.65,14.22));
#12654 = CIRCLE('',#12655,0.2);
#12655 = AXIS2_PLACEMENT_3D('',#12656,#12657,#12658);
#12656 = CARTESIAN_POINT('',(40.6,20.65,14.42));
#12657 = DIRECTION('',(-0.,1.,0.));
#12658 = DIRECTION('',(1.,0.,0.));
#12659 = ORIENTED_EDGE('',*,*,#12210,.T.);
#12660 = ORIENTED_EDGE('',*,*,#12651,.T.);
#12661 = ORIENTED_EDGE('',*,*,#12662,.F.);
#12662 = EDGE_CURVE('',#12652,#12652,#12663,.T.);
#12663 = CIRCLE('',#12664,1.2);
#12664 = AXIS2_PLACEMENT_3D('',#12665,#12666,#12667);
#12665 = CARTESIAN_POINT('',(39.4,20.65,14.22));
#12666 = DIRECTION('',(0.,0.,-1.));
#12667 = DIRECTION('',(1.,0.,0.));
#12668 = TOROIDAL_SURFACE('',#12669,1.2,0.2);
#12669 = AXIS2_PLACEMENT_3D('',#12670,#12671,#12672);
#12670 = CARTESIAN_POINT('',(39.4,20.65,14.42));
#12671 = DIRECTION('',(-0.,-0.,-1.));
#12672 = DIRECTION('',(1.,0.,0.));
#12673 = ADVANCED_FACE('',(#12674),#12680,.T.);
#12674 = FACE_BOUND('',#12675,.T.);
#12675 = EDGE_LOOP('',(#12676,#12677,#12678,#12679));
#12676 = ORIENTED_EDGE('',*,*,#12435,.T.);
#12677 = ORIENTED_EDGE('',*,*,#12460,.T.);
#12678 = ORIENTED_EDGE('',*,*,#12485,.T.);
#12679 = ORIENTED_EDGE('',*,*,#12410,.T.);
#12680 = PLANE('',#12681);
#12681 = AXIS2_PLACEMENT_3D('',#12682,#12683,#12684);
#12682 = CARTESIAN_POINT('',(-46.4,-1.4,12.98));
#12683 = DIRECTION('',(1.,0.,0.));
#12684 = DIRECTION('',(0.,0.,1.));
#12685 = ADVANCED_FACE('',(#12686),#12689,.F.);
#12686 = FACE_BOUND('',#12687,.F.);
#12687 = EDGE_LOOP('',(#12688));
#12688 = ORIENTED_EDGE('',*,*,#12584,.F.);
#12689 = PLANE('',#12690);
#12690 = AXIS2_PLACEMENT_3D('',#12691,#12692,#12693);
#12691 = CARTESIAN_POINT('',(1.36,-1.35,14.22));
#12692 = DIRECTION('',(0.,0.,1.));
#12693 = DIRECTION('',(1.,0.,0.));
#12694 = ADVANCED_FACE('',(#12695),#12698,.F.);
#12695 = FACE_BOUND('',#12696,.F.);
#12696 = EDGE_LOOP('',(#12697));
#12697 = ORIENTED_EDGE('',*,*,#12610,.F.);
#12698 = PLANE('',#12699);
#12699 = AXIS2_PLACEMENT_3D('',#12700,#12701,#12702);
#12700 = CARTESIAN_POINT('',(1.36,-1.35,14.22));
#12701 = DIRECTION('',(0.,0.,1.));
#12702 = DIRECTION('',(1.,0.,0.));
#12703 = ADVANCED_FACE('',(#12704),#12707,.F.);
#12704 = FACE_BOUND('',#12705,.F.);
#12705 = EDGE_LOOP('',(#12706));
#12706 = ORIENTED_EDGE('',*,*,#12636,.F.);
#12707 = PLANE('',#12708);
#12708 = AXIS2_PLACEMENT_3D('',#12709,#12710,#12711);
#12709 = CARTESIAN_POINT('',(1.36,-1.35,14.22));
#12710 = DIRECTION('',(0.,0.,1.));
#12711 = DIRECTION('',(1.,0.,0.));
#12712 = ADVANCED_FACE('',(#12713),#12716,.F.);
#12713 = FACE_BOUND('',#12714,.F.);
#12714 = EDGE_LOOP('',(#12715));
#12715 = ORIENTED_EDGE('',*,*,#12662,.F.);
#12716 = PLANE('',#12717);
#12717 = AXIS2_PLACEMENT_3D('',#12718,#12719,#12720);
#12718 = CARTESIAN_POINT('',(1.36,-1.35,14.22));
#12719 = DIRECTION('',(0.,0.,1.));
#12720 = DIRECTION('',(1.,0.,0.));
#12721 = ( GEOMETRIC_REPRESENTATION_CONTEXT(3) 
GLOBAL_UNCERTAINTY_ASSIGNED_CONTEXT((#12725)) 
GLOBAL_UNIT_ASSIGNED_CONTEXT((#12722,#12723,#12724)) 
REPRESENTATION_CONTEXT('Context #1',
  '3D Context with UNIT and UNCERTAINTY') );
#12722 = ( LENGTH_UNIT() NAMED_UNIT(*) SI_UNIT(.MILLI.,.METRE.) );
#12723 = ( NAMED_UNIT(*) PLANE_ANGLE_UNIT() SI_UNIT($,.RADIAN.) );
#12724 = ( NAMED_UNIT(*) SI_UNIT($,.STERADIAN.) SOLID_ANGLE_UNIT() );
#12725 = UNCERTAINTY_MEASURE_WITH_UNIT(LENGTH_MEASURE(5.E-06),#12722,
  'distance_accuracy_value','confusion accuracy');
#12726 = PRODUCT_RELATED_PRODUCT_CATEGORY('part',$,(#7));
#12727 = MECHANICAL_DESIGN_GEOMETRIC_PRESENTATION_REPRESENTATION('',(
    #12728),#12721);
#12728 = STYLED_ITEM('color',(#12729),#15);
#12729 = PRESENTATION_STYLE_ASSIGNMENT((#12730,#12738));
#12730 = SURFACE_STYLE_USAGE(.BOTH.,#12731);
#12731 = SURFACE_SIDE_STYLE('',(#12732,#12736));
#12732 = SURFACE_STYLE_FILL_AREA(#12733);
#12733 = FILL_AREA_STYLE('',(#12734));
#12734 = FILL_AREA_STYLE_COLOUR('',#12735);
#12735 = COLOUR_RGB('',0.964705886078,0.54901964059,9.803921802644E-02);
#12736 = SURFACE_STYLE_RENDERING_WITH_PROPERTIES(.NORMAL_SHADING.,#12735
  ,(#12737));
#12737 = SURFACE_STYLE_TRANSPARENT(0.699999988079);
#12738 = CURVE_STYLE('',#12739,POSITIVE_LENGTH_MEASURE(0.1),#12740);
#12739 = DRAUGHTING_PRE_DEFINED_CURVE_FONT('continuous');
#12740 = COLOUR_RGB('',9.803921802644E-02,9.803921802644E-02,
  9.803921802644E-02);
ENDSEC;
END-ISO-10303-21;
