ISO-10303-21;
HEADER;
FILE_DESCRIPTION(('FreeCAD Model'),'2;1');
FILE_NAME('Open CASCADE Shape Model','2026-05-14T03:34:56',(''),(''),
  'Open CASCADE STEP processor 7.8','FreeCAD','Unknown');
FILE_SCHEMA(('AUTOMOTIVE_DESIGN { 1 0 10303 214 1 1 1 1 }'));
ENDSEC;
DATA;
#1 = APPLICATION_PROTOCOL_DEFINITION('international standard',
  'automotive_design',2000,#2);
#2 = APPLICATION_CONTEXT(
  'core data for automotive mechanical design processes');
#3 = SHAPE_DEFINITION_REPRESENTATION(#4,#10);
#4 = PRODUCT_DEFINITION_SHAPE('','',#5);
#5 = PRODUCT_DEFINITION('design','',#6,#9);
#6 = PRODUCT_DEFINITION_FORMATION('','',#7);
#7 = PRODUCT('Bottom','Bottom','',(#8));
#8 = PRODUCT_CONTEXT('',#2,'mechanical');
#9 = PRODUCT_DEFINITION_CONTEXT('part definition',#2,'design');
#10 = ADVANCED_BREP_SHAPE_REPRESENTATION('',(#11,#15),#4964);
#11 = AXIS2_PLACEMENT_3D('',#12,#13,#14);
#12 = CARTESIAN_POINT('',(0.,0.,0.));
#13 = DIRECTION('',(0.,0.,1.));
#14 = DIRECTION('',(1.,0.,-0.));
#15 = MANIFOLD_SOLID_BREP('',#16);
#16 = CLOSED_SHELL('',(#17,#116,#149,#182,#368,#400,#458,#482,#499,#530,
    #554,#578,#595,#612,#670,#726,#815,#839,#886,#918,#942,#967,#992,
    #1048,#1072,#1119,#1143,#1224,#1248,#1313,#1354,#1401,#1522,#1547,
    #1600,#1730,#1747,#1758,#1791,#1816,#1841,#1858,#1876,#1907,#1931,
    #1955,#1972,#1990,#2039,#2087,#2104,#2144,#2175,#2192,#2234,#2258,
    #2310,#2326,#2350,#2367,#2379,#2390,#2414,#2438,#2455,#2471,#2504,
    #2528,#2563,#2594,#2650,#2685,#2709,#2770,#2787,#2803,#2821,#2845,
    #2878,#2902,#2924,#2941,#2959,#2985,#3010,#3063,#3074,#3105,#3129,
    #3153,#3170,#3205,#3229,#3255,#3290,#3307,#3324,#3336,#3369,#3394,
    #3419,#3436,#3448,#3460,#3485,#3536,#3547,#3565,#3577,#3643,#3655,
    #3679,#3695,#3707,#3732,#3757,#3774,#3786,#3811,#3823,#3835,#3860,
    #3885,#3909,#3927,#3939,#3950,#3981,#4005,#4029,#4046,#4079,#4104,
    #4129,#4146,#4171,#4196,#4208,#4239,#4263,#4287,#4304,#4335,#4359,
    #4383,#4400,#4420,#4440,#4473,#4498,#4523,#4540,#4552,#4572,#4592,
    #4625,#4650,#4675,#4692,#4725,#4750,#4775,#4792,#4817,#4842,#4854,
    #4879,#4904,#4916,#4928,#4937,#4946,#4955));
#17 = ADVANCED_FACE('',(#18,#77),#111,.T.);
#18 = FACE_BOUND('',#19,.T.);
#19 = EDGE_LOOP('',(#20,#30,#38,#46,#54,#62,#71));
#20 = ORIENTED_EDGE('',*,*,#21,.T.);
#21 = EDGE_CURVE('',#22,#24,#26,.T.);
#22 = VERTEX_POINT('',#23);
#23 = CARTESIAN_POINT('',(-45.5,25.5,11.37));
#24 = VERTEX_POINT('',#25);
#25 = CARTESIAN_POINT('',(-45.5,25.5,14.34));
#26 = LINE('',#27,#28);
#27 = CARTESIAN_POINT('',(-45.5,25.5,11.37));
#28 = VECTOR('',#29,1.);
#29 = DIRECTION('',(0.,0.,1.));
#30 = ORIENTED_EDGE('',*,*,#31,.F.);
#31 = EDGE_CURVE('',#32,#24,#34,.T.);
#32 = VERTEX_POINT('',#33);
#33 = CARTESIAN_POINT('',(-25.4,25.5,14.34));
#34 = LINE('',#35,#36);
#35 = CARTESIAN_POINT('',(-25.4,25.5,14.34));
#36 = VECTOR('',#37,1.);
#37 = DIRECTION('',(-1.,0.,0.));
#38 = ORIENTED_EDGE('',*,*,#39,.T.);
#39 = EDGE_CURVE('',#32,#40,#42,.T.);
#40 = VERTEX_POINT('',#41);
#41 = CARTESIAN_POINT('',(-25.4,25.5,12.43));
#42 = LINE('',#43,#44);
#43 = CARTESIAN_POINT('',(-25.4,25.5,13.54));
#44 = VECTOR('',#45,1.);
#45 = DIRECTION('',(9.E-17,-2.2E-16,-1.));
#46 = ORIENTED_EDGE('',*,*,#47,.T.);
#47 = EDGE_CURVE('',#40,#48,#50,.T.);
#48 = VERTEX_POINT('',#49);
#49 = CARTESIAN_POINT('',(-25.4,25.5,12.37));
#50 = LINE('',#51,#52);
#51 = CARTESIAN_POINT('',(-25.4,25.5,13.54));
#52 = VECTOR('',#53,1.);
#53 = DIRECTION('',(0.,0.,-1.));
#54 = ORIENTED_EDGE('',*,*,#55,.T.);
#55 = EDGE_CURVE('',#48,#56,#58,.T.);
#56 = VERTEX_POINT('',#57);
#57 = CARTESIAN_POINT('',(-25.39860389569,25.5,12.37));
#58 = LINE('',#59,#60);
#59 = CARTESIAN_POINT('',(-39.7,25.5,12.37));
#60 = VECTOR('',#61,1.);
#61 = DIRECTION('',(1.,0.,0.));
#62 = ORIENTED_EDGE('',*,*,#63,.T.);
#63 = EDGE_CURVE('',#56,#64,#66,.T.);
#64 = VERTEX_POINT('',#65);
#65 = CARTESIAN_POINT('',(-24.84518705103,25.5,11.37));
#66 = CIRCLE('',#67,1.29);
#67 = AXIS2_PLACEMENT_3D('',#68,#69,#70);
#68 = CARTESIAN_POINT('',(-24.11,25.5,12.43));
#69 = DIRECTION('',(0.,-1.,2.2E-16));
#70 = DIRECTION('',(1.,0.,0.));
#71 = ORIENTED_EDGE('',*,*,#72,.T.);
#72 = EDGE_CURVE('',#64,#22,#73,.T.);
#73 = LINE('',#74,#75);
#74 = CARTESIAN_POINT('',(45.3,25.5,11.37));
#75 = VECTOR('',#76,1.);
#76 = DIRECTION('',(-1.,0.,0.));
#77 = FACE_BOUND('',#78,.T.);
#78 = EDGE_LOOP('',(#79,#89,#97,#105));
#79 = ORIENTED_EDGE('',*,*,#80,.T.);
#80 = EDGE_CURVE('',#81,#83,#85,.T.);
#81 = VERTEX_POINT('',#82);
#82 = CARTESIAN_POINT('',(-39.7,25.5,12.37));
#83 = VERTEX_POINT('',#84);
#84 = CARTESIAN_POINT('',(-28.1,25.5,12.37));
#85 = LINE('',#86,#87);
#86 = CARTESIAN_POINT('',(-39.7,25.5,12.37));
#87 = VECTOR('',#88,1.);
#88 = DIRECTION('',(1.,0.,0.));
#89 = ORIENTED_EDGE('',*,*,#90,.T.);
#90 = EDGE_CURVE('',#83,#91,#93,.T.);
#91 = VERTEX_POINT('',#92);
#92 = CARTESIAN_POINT('',(-28.1,25.5,13.54));
#93 = LINE('',#94,#95);
#94 = CARTESIAN_POINT('',(-28.1,25.5,12.37));
#95 = VECTOR('',#96,1.);
#96 = DIRECTION('',(0.,0.,1.));
#97 = ORIENTED_EDGE('',*,*,#98,.T.);
#98 = EDGE_CURVE('',#91,#99,#101,.T.);
#99 = VERTEX_POINT('',#100);
#100 = CARTESIAN_POINT('',(-39.7,25.5,13.54));
#101 = LINE('',#102,#103);
#102 = CARTESIAN_POINT('',(39.3,25.5,13.54));
#103 = VECTOR('',#104,1.);
#104 = DIRECTION('',(-1.,0.,0.));
#105 = ORIENTED_EDGE('',*,*,#106,.T.);
#106 = EDGE_CURVE('',#99,#81,#107,.T.);
#107 = LINE('',#108,#109);
#108 = CARTESIAN_POINT('',(-39.7,25.5,13.54));
#109 = VECTOR('',#110,1.);
#110 = DIRECTION('',(0.,0.,-1.));
#111 = PLANE('',#112);
#112 = AXIS2_PLACEMENT_3D('',#113,#114,#115);
#113 = CARTESIAN_POINT('',(-35.2851434744,25.5,12.931309779688));
#114 = DIRECTION('',(0.,1.,0.));
#115 = DIRECTION('',(0.,0.,1.));
#116 = ADVANCED_FACE('',(#117),#144,.T.);
#117 = FACE_BOUND('',#118,.T.);
#118 = EDGE_LOOP('',(#119,#120,#129,#137));
#119 = ORIENTED_EDGE('',*,*,#21,.F.);
#120 = ORIENTED_EDGE('',*,*,#121,.T.);
#121 = EDGE_CURVE('',#22,#122,#124,.T.);
#122 = VERTEX_POINT('',#123);
#123 = CARTESIAN_POINT('',(-45.7,25.3,11.37));
#124 = CIRCLE('',#125,0.2);
#125 = AXIS2_PLACEMENT_3D('',#126,#127,#128);
#126 = CARTESIAN_POINT('',(-45.5,25.3,11.37));
#127 = DIRECTION('',(-0.,0.,1.));
#128 = DIRECTION('',(0.,-1.,0.));
#129 = ORIENTED_EDGE('',*,*,#130,.T.);
#130 = EDGE_CURVE('',#122,#131,#133,.T.);
#131 = VERTEX_POINT('',#132);
#132 = CARTESIAN_POINT('',(-45.7,25.3,14.34));
#133 = LINE('',#134,#135);
#134 = CARTESIAN_POINT('',(-45.7,25.3,11.37));
#135 = VECTOR('',#136,1.);
#136 = DIRECTION('',(0.,0.,1.));
#137 = ORIENTED_EDGE('',*,*,#138,.F.);
#138 = EDGE_CURVE('',#24,#131,#139,.T.);
#139 = CIRCLE('',#140,0.2);
#140 = AXIS2_PLACEMENT_3D('',#141,#142,#143);
#141 = CARTESIAN_POINT('',(-45.5,25.3,14.34));
#142 = DIRECTION('',(0.,0.,1.));
#143 = DIRECTION('',(-2.22044604925E-14,1.,0.));
#144 = CYLINDRICAL_SURFACE('',#145,0.2);
#145 = AXIS2_PLACEMENT_3D('',#146,#147,#148);
#146 = CARTESIAN_POINT('',(-45.5,25.3,11.37));
#147 = DIRECTION('',(0.,0.,1.));
#148 = DIRECTION('',(0.,1.,0.));
#149 = ADVANCED_FACE('',(#150),#177,.T.);
#150 = FACE_BOUND('',#151,.F.);
#151 = EDGE_LOOP('',(#152,#161,#169,#176));
#152 = ORIENTED_EDGE('',*,*,#153,.T.);
#153 = EDGE_CURVE('',#32,#154,#156,.T.);
#154 = VERTEX_POINT('',#155);
#155 = CARTESIAN_POINT('',(-25.4,25.3,14.54));
#156 = CIRCLE('',#157,0.2);
#157 = AXIS2_PLACEMENT_3D('',#158,#159,#160);
#158 = CARTESIAN_POINT('',(-25.4,25.3,14.34));
#159 = DIRECTION('',(1.,-0.,0.));
#160 = DIRECTION('',(0.,0.,-1.));
#161 = ORIENTED_EDGE('',*,*,#162,.T.);
#162 = EDGE_CURVE('',#154,#163,#165,.T.);
#163 = VERTEX_POINT('',#164);
#164 = CARTESIAN_POINT('',(-45.5,25.3,14.54));
#165 = LINE('',#166,#167);
#166 = CARTESIAN_POINT('',(-25.4,25.3,14.54));
#167 = VECTOR('',#168,1.);
#168 = DIRECTION('',(-1.,0.,0.));
#169 = ORIENTED_EDGE('',*,*,#170,.F.);
#170 = EDGE_CURVE('',#24,#163,#171,.T.);
#171 = CIRCLE('',#172,0.2);
#172 = AXIS2_PLACEMENT_3D('',#173,#174,#175);
#173 = CARTESIAN_POINT('',(-45.5,25.3,14.34));
#174 = DIRECTION('',(1.,0.,0.));
#175 = DIRECTION('',(0.,1.,0.));
#176 = ORIENTED_EDGE('',*,*,#31,.F.);
#177 = CYLINDRICAL_SURFACE('',#178,0.2);
#178 = AXIS2_PLACEMENT_3D('',#179,#180,#181);
#179 = CARTESIAN_POINT('',(-25.4,25.3,14.34));
#180 = DIRECTION('',(-1.,0.,0.));
#181 = DIRECTION('',(0.,1.,0.));
#182 = ADVANCED_FACE('',(#183),#363,.T.);
#183 = FACE_BOUND('',#184,.T.);
#184 = EDGE_LOOP('',(#185,#195,#203,#211,#219,#227,#235,#243,#251,#259,
    #267,#275,#283,#291,#300,#308,#316,#324,#332,#340,#349,#355,#356,
    #357));
#185 = ORIENTED_EDGE('',*,*,#186,.T.);
#186 = EDGE_CURVE('',#187,#189,#191,.T.);
#187 = VERTEX_POINT('',#188);
#188 = CARTESIAN_POINT('',(-24.84518705102,27.,11.37));
#189 = VERTEX_POINT('',#190);
#190 = CARTESIAN_POINT('',(-45.7,27.,11.37));
#191 = LINE('',#192,#193);
#192 = CARTESIAN_POINT('',(46.8,27.,11.37));
#193 = VECTOR('',#194,1.);
#194 = DIRECTION('',(-1.,0.,0.));
#195 = ORIENTED_EDGE('',*,*,#196,.T.);
#196 = EDGE_CURVE('',#189,#197,#199,.T.);
#197 = VERTEX_POINT('',#198);
#198 = CARTESIAN_POINT('',(-47.2,25.5,11.37));
#199 = LINE('',#200,#201);
#200 = CARTESIAN_POINT('',(-48.55398899937,24.146011000623,11.37));
#201 = VECTOR('',#202,1.);
#202 = DIRECTION('',(-0.707106781187,-0.707106781187,0.));
#203 = ORIENTED_EDGE('',*,*,#204,.T.);
#204 = EDGE_CURVE('',#197,#205,#207,.T.);
#205 = VERTEX_POINT('',#206);
#206 = CARTESIAN_POINT('',(-47.2,6.099999999693,11.37));
#207 = LINE('',#208,#209);
#208 = CARTESIAN_POINT('',(-47.2,27.,11.37));
#209 = VECTOR('',#210,1.);
#210 = DIRECTION('',(0.,-1.,0.));
#211 = ORIENTED_EDGE('',*,*,#212,.T.);
#212 = EDGE_CURVE('',#205,#213,#215,.T.);
#213 = VERTEX_POINT('',#214);
#214 = CARTESIAN_POINT('',(-46.2,6.099999999693,11.37));
#215 = LINE('',#216,#217);
#216 = CARTESIAN_POINT('',(-47.2,6.099999999693,11.37));
#217 = VECTOR('',#218,1.);
#218 = DIRECTION('',(1.,-1.1E-16,1.1E-16));
#219 = ORIENTED_EDGE('',*,*,#220,.F.);
#220 = EDGE_CURVE('',#221,#213,#223,.T.);
#221 = VERTEX_POINT('',#222);
#222 = CARTESIAN_POINT('',(-46.2,-8.900000000307,11.37));
#223 = LINE('',#224,#225);
#224 = CARTESIAN_POINT('',(-46.2,-8.900000000307,11.37));
#225 = VECTOR('',#226,1.);
#226 = DIRECTION('',(-0.,1.,-1.2E-16));
#227 = ORIENTED_EDGE('',*,*,#228,.F.);
#228 = EDGE_CURVE('',#229,#221,#231,.T.);
#229 = VERTEX_POINT('',#230);
#230 = CARTESIAN_POINT('',(-47.2,-8.900000000307,11.37));
#231 = LINE('',#232,#233);
#232 = CARTESIAN_POINT('',(-47.2,-8.900000000307,11.37));
#233 = VECTOR('',#234,1.);
#234 = DIRECTION('',(1.,-1.1E-16,1.1E-16));
#235 = ORIENTED_EDGE('',*,*,#236,.T.);
#236 = EDGE_CURVE('',#229,#237,#239,.T.);
#237 = VERTEX_POINT('',#238);
#238 = CARTESIAN_POINT('',(-47.2,-28.3,11.37));
#239 = LINE('',#240,#241);
#240 = CARTESIAN_POINT('',(-47.2,27.,11.37));
#241 = VECTOR('',#242,1.);
#242 = DIRECTION('',(0.,-1.,0.));
#243 = ORIENTED_EDGE('',*,*,#244,.T.);
#244 = EDGE_CURVE('',#237,#245,#247,.T.);
#245 = VERTEX_POINT('',#246);
#246 = CARTESIAN_POINT('',(-45.7,-29.8,11.37));
#247 = LINE('',#248,#249);
#248 = CARTESIAN_POINT('',(-42.51797477426,-32.98202522573,11.37));
#249 = VECTOR('',#250,1.);
#250 = DIRECTION('',(0.707106781187,-0.707106781187,0.));
#251 = ORIENTED_EDGE('',*,*,#252,.T.);
#252 = EDGE_CURVE('',#245,#253,#255,.T.);
#253 = VERTEX_POINT('',#254);
#254 = CARTESIAN_POINT('',(45.3,-29.8,11.37));
#255 = LINE('',#256,#257);
#256 = CARTESIAN_POINT('',(-47.2,-29.8,11.37));
#257 = VECTOR('',#258,1.);
#258 = DIRECTION('',(1.,0.,0.));
#259 = ORIENTED_EDGE('',*,*,#260,.T.);
#260 = EDGE_CURVE('',#253,#261,#263,.T.);
#261 = VERTEX_POINT('',#262);
#262 = CARTESIAN_POINT('',(46.8,-28.3,11.37));
#263 = LINE('',#264,#265);
#264 = CARTESIAN_POINT('',(34.646011000623,-40.45398899937,11.37));
#265 = VECTOR('',#266,1.);
#266 = DIRECTION('',(0.707106781187,0.707106781187,0.));
#267 = ORIENTED_EDGE('',*,*,#268,.T.);
#268 = EDGE_CURVE('',#261,#269,#271,.T.);
#269 = VERTEX_POINT('',#270);
#270 = CARTESIAN_POINT('',(46.8,-17.02666393889,11.37));
#271 = LINE('',#272,#273);
#272 = CARTESIAN_POINT('',(46.8,-29.8,11.37));
#273 = VECTOR('',#274,1.);
#274 = DIRECTION('',(0.,1.,0.));
#275 = ORIENTED_EDGE('',*,*,#276,.T.);
#276 = EDGE_CURVE('',#269,#277,#279,.T.);
#277 = VERTEX_POINT('',#278);
#278 = CARTESIAN_POINT('',(45.3,-17.02666393889,11.37));
#279 = LINE('',#280,#281);
#280 = CARTESIAN_POINT('',(44.3,-17.02666393889,11.37));
#281 = VECTOR('',#282,1.);
#282 = DIRECTION('',(-1.,4.4E-16,-2.2E-16));
#283 = ORIENTED_EDGE('',*,*,#284,.F.);
#284 = EDGE_CURVE('',#285,#277,#287,.T.);
#285 = VERTEX_POINT('',#286);
#286 = CARTESIAN_POINT('',(45.3,-28.1,11.37));
#287 = LINE('',#288,#289);
#288 = CARTESIAN_POINT('',(45.3,-28.3,11.37));
#289 = VECTOR('',#290,1.);
#290 = DIRECTION('',(0.,1.,0.));
#291 = ORIENTED_EDGE('',*,*,#292,.F.);
#292 = EDGE_CURVE('',#293,#285,#295,.T.);
#293 = VERTEX_POINT('',#294);
#294 = CARTESIAN_POINT('',(45.1,-28.3,11.37));
#295 = CIRCLE('',#296,0.2);
#296 = AXIS2_PLACEMENT_3D('',#297,#298,#299);
#297 = CARTESIAN_POINT('',(45.1,-28.1,11.37));
#298 = DIRECTION('',(-0.,0.,1.));
#299 = DIRECTION('',(0.,-1.,0.));
#300 = ORIENTED_EDGE('',*,*,#301,.F.);
#301 = EDGE_CURVE('',#302,#293,#304,.T.);
#302 = VERTEX_POINT('',#303);
#303 = CARTESIAN_POINT('',(33.84,-28.3,11.37));
#304 = LINE('',#305,#306);
#305 = CARTESIAN_POINT('',(-45.7,-28.3,11.37));
#306 = VECTOR('',#307,1.);
#307 = DIRECTION('',(1.,0.,0.));
#308 = ORIENTED_EDGE('',*,*,#309,.F.);
#309 = EDGE_CURVE('',#310,#302,#312,.T.);
#310 = VERTEX_POINT('',#311);
#311 = CARTESIAN_POINT('',(33.84,-27.3,11.37));
#312 = LINE('',#313,#314);
#313 = CARTESIAN_POINT('',(33.84,-27.3,11.37));
#314 = VECTOR('',#315,1.);
#315 = DIRECTION('',(0.,-1.,2.2E-16));
#316 = ORIENTED_EDGE('',*,*,#317,.T.);
#317 = EDGE_CURVE('',#310,#318,#320,.T.);
#318 = VERTEX_POINT('',#319);
#319 = CARTESIAN_POINT('',(20.64,-27.3,11.37));
#320 = LINE('',#321,#322);
#321 = CARTESIAN_POINT('',(33.84,-27.3,11.37));
#322 = VECTOR('',#323,1.);
#323 = DIRECTION('',(-1.,0.,0.));
#324 = ORIENTED_EDGE('',*,*,#325,.T.);
#325 = EDGE_CURVE('',#318,#326,#328,.T.);
#326 = VERTEX_POINT('',#327);
#327 = CARTESIAN_POINT('',(20.64,-28.3,11.37));
#328 = LINE('',#329,#330);
#329 = CARTESIAN_POINT('',(20.64,-27.3,11.37));
#330 = VECTOR('',#331,1.);
#331 = DIRECTION('',(0.,-1.,2.2E-16));
#332 = ORIENTED_EDGE('',*,*,#333,.F.);
#333 = EDGE_CURVE('',#334,#326,#336,.T.);
#334 = VERTEX_POINT('',#335);
#335 = CARTESIAN_POINT('',(-45.5,-28.3,11.37));
#336 = LINE('',#337,#338);
#337 = CARTESIAN_POINT('',(-45.7,-28.3,11.37));
#338 = VECTOR('',#339,1.);
#339 = DIRECTION('',(1.,0.,0.));
#340 = ORIENTED_EDGE('',*,*,#341,.F.);
#341 = EDGE_CURVE('',#342,#334,#344,.T.);
#342 = VERTEX_POINT('',#343);
#343 = CARTESIAN_POINT('',(-45.7,-28.1,11.37));
#344 = CIRCLE('',#345,0.2);
#345 = AXIS2_PLACEMENT_3D('',#346,#347,#348);
#346 = CARTESIAN_POINT('',(-45.5,-28.1,11.37));
#347 = DIRECTION('',(-0.,0.,1.));
#348 = DIRECTION('',(0.,-1.,0.));
#349 = ORIENTED_EDGE('',*,*,#350,.F.);
#350 = EDGE_CURVE('',#122,#342,#351,.T.);
#351 = LINE('',#352,#353);
#352 = CARTESIAN_POINT('',(-45.7,25.5,11.37));
#353 = VECTOR('',#354,1.);
#354 = DIRECTION('',(0.,-1.,0.));
#355 = ORIENTED_EDGE('',*,*,#121,.F.);
#356 = ORIENTED_EDGE('',*,*,#72,.F.);
#357 = ORIENTED_EDGE('',*,*,#358,.F.);
#358 = EDGE_CURVE('',#187,#64,#359,.T.);
#359 = LINE('',#360,#361);
#360 = CARTESIAN_POINT('',(-24.84518705102,24.5,11.37));
#361 = VECTOR('',#362,1.);
#362 = DIRECTION('',(0.,-1.,2.2E-16));
#363 = PLANE('',#364);
#364 = AXIS2_PLACEMENT_3D('',#365,#366,#367);
#365 = CARTESIAN_POINT('',(-15.14392754727,-13.47202845023,11.37));
#366 = DIRECTION('',(0.,0.,1.));
#367 = DIRECTION('',(1.,0.,0.));
#368 = ADVANCED_FACE('',(#369),#395,.T.);
#369 = FACE_BOUND('',#370,.T.);
#370 = EDGE_LOOP('',(#371,#379,#387,#393,#394));
#371 = ORIENTED_EDGE('',*,*,#372,.F.);
#372 = EDGE_CURVE('',#373,#154,#375,.T.);
#373 = VERTEX_POINT('',#374);
#374 = CARTESIAN_POINT('',(-25.4,24.5,14.54));
#375 = LINE('',#376,#377);
#376 = CARTESIAN_POINT('',(-25.4,24.5,14.54));
#377 = VECTOR('',#378,1.);
#378 = DIRECTION('',(0.,1.,-2.2E-16));
#379 = ORIENTED_EDGE('',*,*,#380,.F.);
#380 = EDGE_CURVE('',#381,#373,#383,.T.);
#381 = VERTEX_POINT('',#382);
#382 = CARTESIAN_POINT('',(-25.4,24.5,12.43));
#383 = LINE('',#384,#385);
#384 = CARTESIAN_POINT('',(-25.4,24.5,12.43));
#385 = VECTOR('',#386,1.);
#386 = DIRECTION('',(0.,0.,1.));
#387 = ORIENTED_EDGE('',*,*,#388,.T.);
#388 = EDGE_CURVE('',#381,#40,#389,.T.);
#389 = LINE('',#390,#391);
#390 = CARTESIAN_POINT('',(-25.4,24.5,12.43));
#391 = VECTOR('',#392,1.);
#392 = DIRECTION('',(0.,1.,-2.2E-16));
#393 = ORIENTED_EDGE('',*,*,#39,.F.);
#394 = ORIENTED_EDGE('',*,*,#153,.T.);
#395 = PLANE('',#396);
#396 = AXIS2_PLACEMENT_3D('',#397,#398,#399);
#397 = CARTESIAN_POINT('',(-25.4,24.5,12.43));
#398 = DIRECTION('',(1.,0.,0.));
#399 = DIRECTION('',(0.,2.2E-16,1.));
#400 = ADVANCED_FACE('',(#401),#453,.F.);
#401 = FACE_BOUND('',#402,.F.);
#402 = EDGE_LOOP('',(#403,#412,#413,#421,#430,#436,#437,#438,#447));
#403 = ORIENTED_EDGE('',*,*,#404,.F.);
#404 = EDGE_CURVE('',#381,#405,#407,.T.);
#405 = VERTEX_POINT('',#406);
#406 = CARTESIAN_POINT('',(-24.11,24.5,11.14));
#407 = CIRCLE('',#408,1.29);
#408 = AXIS2_PLACEMENT_3D('',#409,#410,#411);
#409 = CARTESIAN_POINT('',(-24.11,24.5,12.43));
#410 = DIRECTION('',(0.,-1.,0.));
#411 = DIRECTION('',(1.,0.,0.));
#412 = ORIENTED_EDGE('',*,*,#388,.T.);
#413 = ORIENTED_EDGE('',*,*,#414,.T.);
#414 = EDGE_CURVE('',#40,#415,#417,.T.);
#415 = VERTEX_POINT('',#416);
#416 = CARTESIAN_POINT('',(-25.4,26.1,12.43));
#417 = LINE('',#418,#419);
#418 = CARTESIAN_POINT('',(-25.4,24.5,12.43));
#419 = VECTOR('',#420,1.);
#420 = DIRECTION('',(0.,1.,-2.2E-16));
#421 = ORIENTED_EDGE('',*,*,#422,.T.);
#422 = EDGE_CURVE('',#415,#423,#425,.T.);
#423 = VERTEX_POINT('',#424);
#424 = CARTESIAN_POINT('',(-25.39860389569,26.1,12.37));
#425 = CIRCLE('',#426,1.29);
#426 = AXIS2_PLACEMENT_3D('',#427,#428,#429);
#427 = CARTESIAN_POINT('',(-24.11,26.1,12.43));
#428 = DIRECTION('',(0.,-1.,2.2E-16));
#429 = DIRECTION('',(1.,0.,0.));
#430 = ORIENTED_EDGE('',*,*,#431,.T.);
#431 = EDGE_CURVE('',#423,#56,#432,.T.);
#432 = LINE('',#433,#434);
#433 = CARTESIAN_POINT('',(-25.39860389569,24.5,12.37));
#434 = VECTOR('',#435,1.);
#435 = DIRECTION('',(0.,-1.,2.2E-16));
#436 = ORIENTED_EDGE('',*,*,#63,.T.);
#437 = ORIENTED_EDGE('',*,*,#358,.F.);
#438 = ORIENTED_EDGE('',*,*,#439,.T.);
#439 = EDGE_CURVE('',#187,#440,#442,.T.);
#440 = VERTEX_POINT('',#441);
#441 = CARTESIAN_POINT('',(-24.11,27.,11.14));
#442 = CIRCLE('',#443,1.29);
#443 = AXIS2_PLACEMENT_3D('',#444,#445,#446);
#444 = CARTESIAN_POINT('',(-24.11,27.,12.43));
#445 = DIRECTION('',(0.,-1.,0.));
#446 = DIRECTION('',(1.,0.,0.));
#447 = ORIENTED_EDGE('',*,*,#448,.F.);
#448 = EDGE_CURVE('',#405,#440,#449,.T.);
#449 = LINE('',#450,#451);
#450 = CARTESIAN_POINT('',(-24.11,24.5,11.14));
#451 = VECTOR('',#452,1.);
#452 = DIRECTION('',(0.,1.,-2.2E-16));
#453 = CYLINDRICAL_SURFACE('',#454,1.29);
#454 = AXIS2_PLACEMENT_3D('',#455,#456,#457);
#455 = CARTESIAN_POINT('',(-24.11,24.5,12.43));
#456 = DIRECTION('',(0.,-1.,2.2E-16));
#457 = DIRECTION('',(1.,0.,0.));
#458 = ADVANCED_FACE('',(#459),#477,.F.);
#459 = FACE_BOUND('',#460,.F.);
#460 = EDGE_LOOP('',(#461,#462,#463,#471));
#461 = ORIENTED_EDGE('',*,*,#414,.F.);
#462 = ORIENTED_EDGE('',*,*,#47,.T.);
#463 = ORIENTED_EDGE('',*,*,#464,.F.);
#464 = EDGE_CURVE('',#465,#48,#467,.T.);
#465 = VERTEX_POINT('',#466);
#466 = CARTESIAN_POINT('',(-25.4,26.1,12.37));
#467 = LINE('',#468,#469);
#468 = CARTESIAN_POINT('',(-25.4,26.1,12.37));
#469 = VECTOR('',#470,1.);
#470 = DIRECTION('',(-9.E-17,-1.,2.2E-16));
#471 = ORIENTED_EDGE('',*,*,#472,.F.);
#472 = EDGE_CURVE('',#415,#465,#473,.T.);
#473 = LINE('',#474,#475);
#474 = CARTESIAN_POINT('',(-25.4,26.1,13.54));
#475 = VECTOR('',#476,1.);
#476 = DIRECTION('',(0.,0.,-1.));
#477 = PLANE('',#478);
#478 = AXIS2_PLACEMENT_3D('',#479,#480,#481);
#479 = CARTESIAN_POINT('',(-25.4,26.1,13.54));
#480 = DIRECTION('',(1.,-9.E-17,9.E-17));
#481 = DIRECTION('',(9.E-17,-2.2E-16,-1.));
#482 = ADVANCED_FACE('',(#483),#494,.T.);
#483 = FACE_BOUND('',#484,.T.);
#484 = EDGE_LOOP('',(#485,#486,#487,#493));
#485 = ORIENTED_EDGE('',*,*,#55,.F.);
#486 = ORIENTED_EDGE('',*,*,#464,.F.);
#487 = ORIENTED_EDGE('',*,*,#488,.T.);
#488 = EDGE_CURVE('',#465,#423,#489,.T.);
#489 = LINE('',#490,#491);
#490 = CARTESIAN_POINT('',(-39.7,26.1,12.37));
#491 = VECTOR('',#492,1.);
#492 = DIRECTION('',(1.,0.,0.));
#493 = ORIENTED_EDGE('',*,*,#431,.T.);
#494 = PLANE('',#495);
#495 = AXIS2_PLACEMENT_3D('',#496,#497,#498);
#496 = CARTESIAN_POINT('',(-39.7,25.5,12.37));
#497 = DIRECTION('',(0.,-2.2E-16,-1.));
#498 = DIRECTION('',(1.,0.,0.));
#499 = ADVANCED_FACE('',(#500),#525,.T.);
#500 = FACE_BOUND('',#501,.T.);
#501 = EDGE_LOOP('',(#502,#510,#511,#519));
#502 = ORIENTED_EDGE('',*,*,#503,.T.);
#503 = EDGE_CURVE('',#504,#83,#506,.T.);
#504 = VERTEX_POINT('',#505);
#505 = CARTESIAN_POINT('',(-28.1,25.7,12.37));
#506 = LINE('',#507,#508);
#507 = CARTESIAN_POINT('',(-28.1,26.1,12.37));
#508 = VECTOR('',#509,1.);
#509 = DIRECTION('',(-9.E-17,-1.,2.2E-16));
#510 = ORIENTED_EDGE('',*,*,#80,.F.);
#511 = ORIENTED_EDGE('',*,*,#512,.T.);
#512 = EDGE_CURVE('',#81,#513,#515,.T.);
#513 = VERTEX_POINT('',#514);
#514 = CARTESIAN_POINT('',(-39.7,25.7,12.37));
#515 = LINE('',#516,#517);
#516 = CARTESIAN_POINT('',(-39.7,25.5,12.37));
#517 = VECTOR('',#518,1.);
#518 = DIRECTION('',(0.,1.,-2.2E-16));
#519 = ORIENTED_EDGE('',*,*,#520,.T.);
#520 = EDGE_CURVE('',#513,#504,#521,.T.);
#521 = LINE('',#522,#523);
#522 = CARTESIAN_POINT('',(-39.7,25.7,12.37));
#523 = VECTOR('',#524,1.);
#524 = DIRECTION('',(1.,0.,0.));
#525 = PLANE('',#526);
#526 = AXIS2_PLACEMENT_3D('',#527,#528,#529);
#527 = CARTESIAN_POINT('',(-39.7,25.5,12.37));
#528 = DIRECTION('',(0.,-2.2E-16,-1.));
#529 = DIRECTION('',(1.,0.,0.));
#530 = ADVANCED_FACE('',(#531),#549,.F.);
#531 = FACE_BOUND('',#532,.F.);
#532 = EDGE_LOOP('',(#533,#534,#535,#543));
#533 = ORIENTED_EDGE('',*,*,#503,.T.);
#534 = ORIENTED_EDGE('',*,*,#90,.T.);
#535 = ORIENTED_EDGE('',*,*,#536,.F.);
#536 = EDGE_CURVE('',#537,#91,#539,.T.);
#537 = VERTEX_POINT('',#538);
#538 = CARTESIAN_POINT('',(-28.1,25.7,13.54));
#539 = LINE('',#540,#541);
#540 = CARTESIAN_POINT('',(-28.1,26.1,13.54));
#541 = VECTOR('',#542,1.);
#542 = DIRECTION('',(-9.E-17,-1.,2.2E-16));
#543 = ORIENTED_EDGE('',*,*,#544,.F.);
#544 = EDGE_CURVE('',#504,#537,#545,.T.);
#545 = LINE('',#546,#547);
#546 = CARTESIAN_POINT('',(-28.1,25.7,12.37));
#547 = VECTOR('',#548,1.);
#548 = DIRECTION('',(0.,0.,1.));
#549 = PLANE('',#550);
#550 = AXIS2_PLACEMENT_3D('',#551,#552,#553);
#551 = CARTESIAN_POINT('',(-28.1,26.1,12.37));
#552 = DIRECTION('',(-1.,9.E-17,-9.E-17));
#553 = DIRECTION('',(-9.E-17,2.2E-16,1.));
#554 = ADVANCED_FACE('',(#555),#573,.T.);
#555 = FACE_BOUND('',#556,.T.);
#556 = EDGE_LOOP('',(#557,#565,#566,#567));
#557 = ORIENTED_EDGE('',*,*,#558,.F.);
#558 = EDGE_CURVE('',#99,#559,#561,.T.);
#559 = VERTEX_POINT('',#560);
#560 = CARTESIAN_POINT('',(-39.7,25.7,13.54));
#561 = LINE('',#562,#563);
#562 = CARTESIAN_POINT('',(-39.7,25.5,13.54));
#563 = VECTOR('',#564,1.);
#564 = DIRECTION('',(0.,1.,-2.2E-16));
#565 = ORIENTED_EDGE('',*,*,#98,.F.);
#566 = ORIENTED_EDGE('',*,*,#536,.F.);
#567 = ORIENTED_EDGE('',*,*,#568,.T.);
#568 = EDGE_CURVE('',#537,#559,#569,.T.);
#569 = LINE('',#570,#571);
#570 = CARTESIAN_POINT('',(-28.1,25.7,13.54));
#571 = VECTOR('',#572,1.);
#572 = DIRECTION('',(-1.,0.,0.));
#573 = PLANE('',#574);
#574 = AXIS2_PLACEMENT_3D('',#575,#576,#577);
#575 = CARTESIAN_POINT('',(39.3,25.5,13.54));
#576 = DIRECTION('',(0.,2.2E-16,1.));
#577 = DIRECTION('',(-1.,0.,0.));
#578 = ADVANCED_FACE('',(#579),#590,.T.);
#579 = FACE_BOUND('',#580,.T.);
#580 = EDGE_LOOP('',(#581,#582,#588,#589));
#581 = ORIENTED_EDGE('',*,*,#558,.T.);
#582 = ORIENTED_EDGE('',*,*,#583,.T.);
#583 = EDGE_CURVE('',#559,#513,#584,.T.);
#584 = LINE('',#585,#586);
#585 = CARTESIAN_POINT('',(-39.7,25.7,13.54));
#586 = VECTOR('',#587,1.);
#587 = DIRECTION('',(0.,0.,-1.));
#588 = ORIENTED_EDGE('',*,*,#512,.F.);
#589 = ORIENTED_EDGE('',*,*,#106,.F.);
#590 = PLANE('',#591);
#591 = AXIS2_PLACEMENT_3D('',#592,#593,#594);
#592 = CARTESIAN_POINT('',(-39.7,25.5,13.54));
#593 = DIRECTION('',(-1.,0.,0.));
#594 = DIRECTION('',(0.,-2.2E-16,-1.));
#595 = ADVANCED_FACE('',(#596),#607,.T.);
#596 = FACE_BOUND('',#597,.T.);
#597 = EDGE_LOOP('',(#598,#599,#600));
#598 = ORIENTED_EDGE('',*,*,#170,.F.);
#599 = ORIENTED_EDGE('',*,*,#138,.T.);
#600 = ORIENTED_EDGE('',*,*,#601,.T.);
#601 = EDGE_CURVE('',#131,#163,#602,.T.);
#602 = CIRCLE('',#603,0.2);
#603 = AXIS2_PLACEMENT_3D('',#604,#605,#606);
#604 = CARTESIAN_POINT('',(-45.5,25.3,14.34));
#605 = DIRECTION('',(-1.437166698017E-14,1.,0.));
#606 = DIRECTION('',(-1.,-1.437166698017E-14,0.));
#607 = SPHERICAL_SURFACE('',#608,0.2);
#608 = AXIS2_PLACEMENT_3D('',#609,#610,#611);
#609 = CARTESIAN_POINT('',(-45.5,25.3,14.34));
#610 = DIRECTION('',(0.,0.,1.));
#611 = DIRECTION('',(-2.22044604925E-14,1.,0.));
#612 = ADVANCED_FACE('',(#613,#631),#665,.F.);
#613 = FACE_BOUND('',#614,.F.);
#614 = EDGE_LOOP('',(#615,#616,#624,#630));
#615 = ORIENTED_EDGE('',*,*,#130,.T.);
#616 = ORIENTED_EDGE('',*,*,#617,.T.);
#617 = EDGE_CURVE('',#131,#618,#620,.T.);
#618 = VERTEX_POINT('',#619);
#619 = CARTESIAN_POINT('',(-45.7,-28.1,14.34));
#620 = LINE('',#621,#622);
#621 = CARTESIAN_POINT('',(-45.7,25.3,14.34));
#622 = VECTOR('',#623,1.);
#623 = DIRECTION('',(0.,-1.,0.));
#624 = ORIENTED_EDGE('',*,*,#625,.F.);
#625 = EDGE_CURVE('',#342,#618,#626,.T.);
#626 = LINE('',#627,#628);
#627 = CARTESIAN_POINT('',(-45.7,-28.1,11.37));
#628 = VECTOR('',#629,1.);
#629 = DIRECTION('',(0.,0.,1.));
#630 = ORIENTED_EDGE('',*,*,#350,.F.);
#631 = FACE_BOUND('',#632,.F.);
#632 = EDGE_LOOP('',(#633,#643,#651,#659));
#633 = ORIENTED_EDGE('',*,*,#634,.F.);
#634 = EDGE_CURVE('',#635,#637,#639,.T.);
#635 = VERTEX_POINT('',#636);
#636 = CARTESIAN_POINT('',(-45.7,19.5,12.37));
#637 = VERTEX_POINT('',#638);
#638 = CARTESIAN_POINT('',(-45.7,19.5,13.54));
#639 = LINE('',#640,#641);
#640 = CARTESIAN_POINT('',(-45.7,19.5,12.37));
#641 = VECTOR('',#642,1.);
#642 = DIRECTION('',(0.,0.,1.));
#643 = ORIENTED_EDGE('',*,*,#644,.F.);
#644 = EDGE_CURVE('',#645,#635,#647,.T.);
#645 = VERTEX_POINT('',#646);
#646 = CARTESIAN_POINT('',(-45.7,-22.3,12.37));
#647 = LINE('',#648,#649);
#648 = CARTESIAN_POINT('',(-45.7,-22.3,12.37));
#649 = VECTOR('',#650,1.);
#650 = DIRECTION('',(0.,1.,0.));
#651 = ORIENTED_EDGE('',*,*,#652,.F.);
#652 = EDGE_CURVE('',#653,#645,#655,.T.);
#653 = VERTEX_POINT('',#654);
#654 = CARTESIAN_POINT('',(-45.7,-22.3,13.54));
#655 = LINE('',#656,#657);
#656 = CARTESIAN_POINT('',(-45.7,-22.3,13.54));
#657 = VECTOR('',#658,1.);
#658 = DIRECTION('',(0.,0.,-1.));
#659 = ORIENTED_EDGE('',*,*,#660,.F.);
#660 = EDGE_CURVE('',#637,#653,#661,.T.);
#661 = LINE('',#662,#663);
#662 = CARTESIAN_POINT('',(-45.7,19.5,13.54));
#663 = VECTOR('',#664,1.);
#664 = DIRECTION('',(0.,-1.,0.));
#665 = PLANE('',#666);
#666 = AXIS2_PLACEMENT_3D('',#667,#668,#669);
#667 = CARTESIAN_POINT('',(-45.7,25.5,11.37));
#668 = DIRECTION('',(1.,0.,0.));
#669 = DIRECTION('',(0.,-1.,0.));
#670 = ADVANCED_FACE('',(#671),#721,.T.);
#671 = FACE_BOUND('',#672,.T.);
#672 = EDGE_LOOP('',(#673,#683,#691,#699,#705,#706,#707,#715));
#673 = ORIENTED_EDGE('',*,*,#674,.F.);
#674 = EDGE_CURVE('',#675,#677,#679,.T.);
#675 = VERTEX_POINT('',#676);
#676 = CARTESIAN_POINT('',(20.64,-27.3,14.54));
#677 = VERTEX_POINT('',#678);
#678 = CARTESIAN_POINT('',(20.64,-28.1,14.54));
#679 = LINE('',#680,#681);
#680 = CARTESIAN_POINT('',(20.64,-27.3,14.54));
#681 = VECTOR('',#682,1.);
#682 = DIRECTION('',(0.,-1.,2.2E-16));
#683 = ORIENTED_EDGE('',*,*,#684,.F.);
#684 = EDGE_CURVE('',#685,#675,#687,.T.);
#685 = VERTEX_POINT('',#686);
#686 = CARTESIAN_POINT('',(-44.7,-27.3,14.54));
#687 = LINE('',#688,#689);
#688 = CARTESIAN_POINT('',(-44.7,-27.3,14.54));
#689 = VECTOR('',#690,1.);
#690 = DIRECTION('',(1.,0.,0.));
#691 = ORIENTED_EDGE('',*,*,#692,.F.);
#692 = EDGE_CURVE('',#693,#685,#695,.T.);
#693 = VERTEX_POINT('',#694);
#694 = CARTESIAN_POINT('',(-44.7,24.5,14.54));
#695 = LINE('',#696,#697);
#696 = CARTESIAN_POINT('',(-44.7,24.5,14.54));
#697 = VECTOR('',#698,1.);
#698 = DIRECTION('',(0.,-1.,0.));
#699 = ORIENTED_EDGE('',*,*,#700,.F.);
#700 = EDGE_CURVE('',#373,#693,#701,.T.);
#701 = LINE('',#702,#703);
#702 = CARTESIAN_POINT('',(44.3,24.5,14.54));
#703 = VECTOR('',#704,1.);
#704 = DIRECTION('',(-1.,0.,0.));
#705 = ORIENTED_EDGE('',*,*,#372,.T.);
#706 = ORIENTED_EDGE('',*,*,#162,.T.);
#707 = ORIENTED_EDGE('',*,*,#708,.T.);
#708 = EDGE_CURVE('',#163,#709,#711,.T.);
#709 = VERTEX_POINT('',#710);
#710 = CARTESIAN_POINT('',(-45.5,-28.1,14.54));
#711 = LINE('',#712,#713);
#712 = CARTESIAN_POINT('',(-45.5,25.3,14.54));
#713 = VECTOR('',#714,1.);
#714 = DIRECTION('',(0.,-1.,0.));
#715 = ORIENTED_EDGE('',*,*,#716,.T.);
#716 = EDGE_CURVE('',#709,#677,#717,.T.);
#717 = LINE('',#718,#719);
#718 = CARTESIAN_POINT('',(-45.5,-28.1,14.54));
#719 = VECTOR('',#720,1.);
#720 = DIRECTION('',(1.,0.,0.));
#721 = PLANE('',#722);
#722 = AXIS2_PLACEMENT_3D('',#723,#724,#725);
#723 = CARTESIAN_POINT('',(-0.2,-1.4,14.54));
#724 = DIRECTION('',(0.,0.,1.));
#725 = DIRECTION('',(1.,0.,0.));
#726 = ADVANCED_FACE('',(#727),#810,.T.);
#727 = FACE_BOUND('',#728,.T.);
#728 = EDGE_LOOP('',(#729,#739,#747,#755,#761,#762,#763,#771,#780,#788,
    #796,#804));
#729 = ORIENTED_EDGE('',*,*,#730,.F.);
#730 = EDGE_CURVE('',#731,#733,#735,.T.);
#731 = VERTEX_POINT('',#732);
#732 = CARTESIAN_POINT('',(45.3,27.,11.37));
#733 = VERTEX_POINT('',#734);
#734 = CARTESIAN_POINT('',(31.21,27.,11.37));
#735 = LINE('',#736,#737);
#736 = CARTESIAN_POINT('',(46.8,27.,11.37));
#737 = VECTOR('',#738,1.);
#738 = DIRECTION('',(-1.,0.,0.));
#739 = ORIENTED_EDGE('',*,*,#740,.T.);
#740 = EDGE_CURVE('',#731,#741,#743,.T.);
#741 = VERTEX_POINT('',#742);
#742 = CARTESIAN_POINT('',(45.3,27.,5.04));
#743 = LINE('',#744,#745);
#744 = CARTESIAN_POINT('',(45.3,27.,11.37));
#745 = VECTOR('',#746,1.);
#746 = DIRECTION('',(0.,0.,-1.));
#747 = ORIENTED_EDGE('',*,*,#748,.F.);
#748 = EDGE_CURVE('',#749,#741,#751,.T.);
#749 = VERTEX_POINT('',#750);
#750 = CARTESIAN_POINT('',(-45.7,27.,5.04));
#751 = LINE('',#752,#753);
#752 = CARTESIAN_POINT('',(-47.2,27.,5.04));
#753 = VECTOR('',#754,1.);
#754 = DIRECTION('',(1.,0.,0.));
#755 = ORIENTED_EDGE('',*,*,#756,.T.);
#756 = EDGE_CURVE('',#749,#189,#757,.T.);
#757 = LINE('',#758,#759);
#758 = CARTESIAN_POINT('',(-45.7,27.,3.54));
#759 = VECTOR('',#760,1.);
#760 = DIRECTION('',(0.,0.,1.));
#761 = ORIENTED_EDGE('',*,*,#186,.F.);
#762 = ORIENTED_EDGE('',*,*,#439,.T.);
#763 = ORIENTED_EDGE('',*,*,#764,.T.);
#764 = EDGE_CURVE('',#440,#765,#767,.T.);
#765 = VERTEX_POINT('',#766);
#766 = CARTESIAN_POINT('',(-17.59,27.,11.14));
#767 = LINE('',#768,#769);
#768 = CARTESIAN_POINT('',(-24.11,27.,11.14));
#769 = VECTOR('',#770,1.);
#770 = DIRECTION('',(1.,0.,0.));
#771 = ORIENTED_EDGE('',*,*,#772,.T.);
#772 = EDGE_CURVE('',#765,#773,#775,.T.);
#773 = VERTEX_POINT('',#774);
#774 = CARTESIAN_POINT('',(-16.85481294897,27.,11.37));
#775 = CIRCLE('',#776,1.29);
#776 = AXIS2_PLACEMENT_3D('',#777,#778,#779);
#777 = CARTESIAN_POINT('',(-17.59,27.,12.43));
#778 = DIRECTION('',(0.,-1.,0.));
#779 = DIRECTION('',(1.,0.,0.));
#780 = ORIENTED_EDGE('',*,*,#781,.F.);
#781 = EDGE_CURVE('',#782,#773,#784,.T.);
#782 = VERTEX_POINT('',#783);
#783 = CARTESIAN_POINT('',(26.97,27.,11.37));
#784 = LINE('',#785,#786);
#785 = CARTESIAN_POINT('',(46.8,27.,11.37));
#786 = VECTOR('',#787,1.);
#787 = DIRECTION('',(-1.,0.,0.));
#788 = ORIENTED_EDGE('',*,*,#789,.T.);
#789 = EDGE_CURVE('',#782,#790,#792,.T.);
#790 = VERTEX_POINT('',#791);
#791 = CARTESIAN_POINT('',(26.97,27.,11.24));
#792 = LINE('',#793,#794);
#793 = CARTESIAN_POINT('',(26.97,27.,14.54));
#794 = VECTOR('',#795,1.);
#795 = DIRECTION('',(0.,0.,-1.));
#796 = ORIENTED_EDGE('',*,*,#797,.T.);
#797 = EDGE_CURVE('',#790,#798,#800,.T.);
#798 = VERTEX_POINT('',#799);
#799 = CARTESIAN_POINT('',(31.21,27.,11.24));
#800 = LINE('',#801,#802);
#801 = CARTESIAN_POINT('',(26.97,27.,11.24));
#802 = VECTOR('',#803,1.);
#803 = DIRECTION('',(1.,0.,0.));
#804 = ORIENTED_EDGE('',*,*,#805,.F.);
#805 = EDGE_CURVE('',#733,#798,#806,.T.);
#806 = LINE('',#807,#808);
#807 = CARTESIAN_POINT('',(31.21,27.,14.54));
#808 = VECTOR('',#809,1.);
#809 = DIRECTION('',(0.,0.,-1.));
#810 = PLANE('',#811);
#811 = AXIS2_PLACEMENT_3D('',#812,#813,#814);
#812 = CARTESIAN_POINT('',(-0.2,27.,7.455));
#813 = DIRECTION('',(0.,1.,0.));
#814 = DIRECTION('',(0.,0.,1.));
#815 = ADVANCED_FACE('',(#816),#834,.T.);
#816 = FACE_BOUND('',#817,.F.);
#817 = EDGE_LOOP('',(#818,#819,#820,#828));
#818 = ORIENTED_EDGE('',*,*,#756,.T.);
#819 = ORIENTED_EDGE('',*,*,#196,.T.);
#820 = ORIENTED_EDGE('',*,*,#821,.F.);
#821 = EDGE_CURVE('',#822,#197,#824,.T.);
#822 = VERTEX_POINT('',#823);
#823 = CARTESIAN_POINT('',(-47.2,25.5,5.04));
#824 = LINE('',#825,#826);
#825 = CARTESIAN_POINT('',(-47.2,25.5,3.54));
#826 = VECTOR('',#827,1.);
#827 = DIRECTION('',(0.,0.,1.));
#828 = ORIENTED_EDGE('',*,*,#829,.T.);
#829 = EDGE_CURVE('',#822,#749,#830,.T.);
#830 = LINE('',#831,#832);
#831 = CARTESIAN_POINT('',(-46.45,26.25,5.04));
#832 = VECTOR('',#833,1.);
#833 = DIRECTION('',(0.707106781187,0.707106781187,2.211407089341E-15));
#834 = PLANE('',#835);
#835 = AXIS2_PLACEMENT_3D('',#836,#837,#838);
#836 = CARTESIAN_POINT('',(-46.45,26.25,3.54));
#837 = DIRECTION('',(-0.707106781187,0.707106781187,0.));
#838 = DIRECTION('',(-0.,-0.,-1.));
#839 = ADVANCED_FACE('',(#840),#881,.T.);
#840 = FACE_BOUND('',#841,.T.);
#841 = EDGE_LOOP('',(#842,#843,#844,#852,#858,#859,#867,#875));
#842 = ORIENTED_EDGE('',*,*,#204,.F.);
#843 = ORIENTED_EDGE('',*,*,#821,.F.);
#844 = ORIENTED_EDGE('',*,*,#845,.F.);
#845 = EDGE_CURVE('',#846,#822,#848,.T.);
#846 = VERTEX_POINT('',#847);
#847 = CARTESIAN_POINT('',(-47.2,-28.3,5.04));
#848 = LINE('',#849,#850);
#849 = CARTESIAN_POINT('',(-47.2,-29.8,5.04));
#850 = VECTOR('',#851,1.);
#851 = DIRECTION('',(0.,1.,0.));
#852 = ORIENTED_EDGE('',*,*,#853,.T.);
#853 = EDGE_CURVE('',#846,#237,#854,.T.);
#854 = LINE('',#855,#856);
#855 = CARTESIAN_POINT('',(-47.2,-28.3,3.54));
#856 = VECTOR('',#857,1.);
#857 = DIRECTION('',(0.,0.,1.));
#858 = ORIENTED_EDGE('',*,*,#236,.F.);
#859 = ORIENTED_EDGE('',*,*,#860,.F.);
#860 = EDGE_CURVE('',#861,#229,#863,.T.);
#861 = VERTEX_POINT('',#862);
#862 = CARTESIAN_POINT('',(-47.2,-8.900000000307,9.92));
#863 = LINE('',#864,#865);
#864 = CARTESIAN_POINT('',(-47.2,-8.900000000307,10.87));
#865 = VECTOR('',#866,1.);
#866 = DIRECTION('',(-2.2E-16,-2.2E-16,1.));
#867 = ORIENTED_EDGE('',*,*,#868,.F.);
#868 = EDGE_CURVE('',#869,#861,#871,.T.);
#869 = VERTEX_POINT('',#870);
#870 = CARTESIAN_POINT('',(-47.2,6.099999999693,9.92));
#871 = LINE('',#872,#873);
#872 = CARTESIAN_POINT('',(-47.2,6.099999999693,9.92));
#873 = VECTOR('',#874,1.);
#874 = DIRECTION('',(-4.4E-16,-1.,-2.2E-16));
#875 = ORIENTED_EDGE('',*,*,#876,.F.);
#876 = EDGE_CURVE('',#205,#869,#877,.T.);
#877 = LINE('',#878,#879);
#878 = CARTESIAN_POINT('',(-47.2,6.099999999693,9.4125));
#879 = VECTOR('',#880,1.);
#880 = DIRECTION('',(0.,2.2E-16,-1.));
#881 = PLANE('',#882);
#882 = AXIS2_PLACEMENT_3D('',#883,#884,#885);
#883 = CARTESIAN_POINT('',(-47.2,-1.4,7.455));
#884 = DIRECTION('',(-1.,-0.,-0.));
#885 = DIRECTION('',(0.,0.,-1.));
#886 = ADVANCED_FACE('',(#887),#913,.F.);
#887 = FACE_BOUND('',#888,.F.);
#888 = EDGE_LOOP('',(#889,#899,#905,#906,#907));
#889 = ORIENTED_EDGE('',*,*,#890,.F.);
#890 = EDGE_CURVE('',#891,#893,#895,.T.);
#891 = VERTEX_POINT('',#892);
#892 = CARTESIAN_POINT('',(-46.25,6.099999999693,10.87));
#893 = VERTEX_POINT('',#894);
#894 = CARTESIAN_POINT('',(-46.2,6.099999999693,10.87));
#895 = LINE('',#896,#897);
#896 = CARTESIAN_POINT('',(-47.2,6.099999999693,10.87));
#897 = VECTOR('',#898,1.);
#898 = DIRECTION('',(1.,-1.1E-16,1.1E-16));
#899 = ORIENTED_EDGE('',*,*,#900,.F.);
#900 = EDGE_CURVE('',#869,#891,#901,.T.);
#901 = LINE('',#902,#903);
#902 = CARTESIAN_POINT('',(-46.6,6.099999999693,10.52));
#903 = VECTOR('',#904,1.);
#904 = DIRECTION('',(0.707106781187,-2.4E-16,0.707106781187));
#905 = ORIENTED_EDGE('',*,*,#876,.F.);
#906 = ORIENTED_EDGE('',*,*,#212,.T.);
#907 = ORIENTED_EDGE('',*,*,#908,.T.);
#908 = EDGE_CURVE('',#213,#893,#909,.T.);
#909 = LINE('',#910,#911);
#910 = CARTESIAN_POINT('',(-46.2,6.099999999693,11.37));
#911 = VECTOR('',#912,1.);
#912 = DIRECTION('',(0.,0.,-1.));
#913 = PLANE('',#914);
#914 = AXIS2_PLACEMENT_3D('',#915,#916,#917);
#915 = CARTESIAN_POINT('',(-47.2,6.099999999693,11.37));
#916 = DIRECTION('',(1.1E-16,1.,2.2E-16));
#917 = DIRECTION('',(2.2E-16,2.2E-16,-1.));
#918 = ADVANCED_FACE('',(#919),#937,.F.);
#919 = FACE_BOUND('',#920,.T.);
#920 = EDGE_LOOP('',(#921,#922,#930,#936));
#921 = ORIENTED_EDGE('',*,*,#908,.T.);
#922 = ORIENTED_EDGE('',*,*,#923,.T.);
#923 = EDGE_CURVE('',#893,#924,#926,.T.);
#924 = VERTEX_POINT('',#925);
#925 = CARTESIAN_POINT('',(-46.2,-8.900000000307,10.87));
#926 = LINE('',#927,#928);
#927 = CARTESIAN_POINT('',(-46.2,6.099999999693,10.87));
#928 = VECTOR('',#929,1.);
#929 = DIRECTION('',(0.,-1.,0.));
#930 = ORIENTED_EDGE('',*,*,#931,.T.);
#931 = EDGE_CURVE('',#924,#221,#932,.T.);
#932 = LINE('',#933,#934);
#933 = CARTESIAN_POINT('',(-46.2,-8.900000000307,10.87));
#934 = VECTOR('',#935,1.);
#935 = DIRECTION('',(0.,0.,1.));
#936 = ORIENTED_EDGE('',*,*,#220,.T.);
#937 = PLANE('',#938);
#938 = AXIS2_PLACEMENT_3D('',#939,#940,#941);
#939 = CARTESIAN_POINT('',(-46.2,-1.400000000307,11.12));
#940 = DIRECTION('',(1.,-4.4E-16,2.2E-16));
#941 = DIRECTION('',(4.4E-16,1.,0.));
#942 = ADVANCED_FACE('',(#943),#962,.F.);
#943 = FACE_BOUND('',#944,.F.);
#944 = EDGE_LOOP('',(#945,#953,#954,#955,#956));
#945 = ORIENTED_EDGE('',*,*,#946,.T.);
#946 = EDGE_CURVE('',#947,#924,#949,.T.);
#947 = VERTEX_POINT('',#948);
#948 = CARTESIAN_POINT('',(-46.25,-8.900000000307,10.87));
#949 = LINE('',#950,#951);
#950 = CARTESIAN_POINT('',(-47.2,-8.900000000307,10.87));
#951 = VECTOR('',#952,1.);
#952 = DIRECTION('',(1.,-1.1E-16,1.1E-16));
#953 = ORIENTED_EDGE('',*,*,#931,.T.);
#954 = ORIENTED_EDGE('',*,*,#228,.F.);
#955 = ORIENTED_EDGE('',*,*,#860,.F.);
#956 = ORIENTED_EDGE('',*,*,#957,.T.);
#957 = EDGE_CURVE('',#861,#947,#958,.T.);
#958 = LINE('',#959,#960);
#959 = CARTESIAN_POINT('',(-46.725,-8.900000000307,10.395));
#960 = VECTOR('',#961,1.);
#961 = DIRECTION('',(0.707106781187,-2.4E-16,0.707106781187));
#962 = PLANE('',#963);
#963 = AXIS2_PLACEMENT_3D('',#964,#965,#966);
#964 = CARTESIAN_POINT('',(-47.2,-8.900000000307,10.87));
#965 = DIRECTION('',(-1.1E-16,-1.,-2.2E-16));
#966 = DIRECTION('',(-2.2E-16,-2.2E-16,1.));
#967 = ADVANCED_FACE('',(#968),#987,.T.);
#968 = FACE_BOUND('',#969,.T.);
#969 = EDGE_LOOP('',(#970,#971,#972,#980));
#970 = ORIENTED_EDGE('',*,*,#625,.F.);
#971 = ORIENTED_EDGE('',*,*,#341,.T.);
#972 = ORIENTED_EDGE('',*,*,#973,.T.);
#973 = EDGE_CURVE('',#334,#974,#976,.T.);
#974 = VERTEX_POINT('',#975);
#975 = CARTESIAN_POINT('',(-45.5,-28.3,14.34));
#976 = LINE('',#977,#978);
#977 = CARTESIAN_POINT('',(-45.5,-28.3,11.37));
#978 = VECTOR('',#979,1.);
#979 = DIRECTION('',(0.,0.,1.));
#980 = ORIENTED_EDGE('',*,*,#981,.F.);
#981 = EDGE_CURVE('',#618,#974,#982,.T.);
#982 = CIRCLE('',#983,0.2);
#983 = AXIS2_PLACEMENT_3D('',#984,#985,#986);
#984 = CARTESIAN_POINT('',(-45.5,-28.1,14.34));
#985 = DIRECTION('',(0.,0.,1.));
#986 = DIRECTION('',(-1.,-4.440892098501E-15,0.));
#987 = CYLINDRICAL_SURFACE('',#988,0.2);
#988 = AXIS2_PLACEMENT_3D('',#989,#990,#991);
#989 = CARTESIAN_POINT('',(-45.5,-28.1,11.37));
#990 = DIRECTION('',(0.,0.,1.));
#991 = DIRECTION('',(-1.,0.,0.));
#992 = ADVANCED_FACE('',(#993),#1043,.F.);
#993 = FACE_BOUND('',#994,.F.);
#994 = EDGE_LOOP('',(#995,#996,#1004,#1012,#1020,#1028,#1036,#1042));
#995 = ORIENTED_EDGE('',*,*,#973,.T.);
#996 = ORIENTED_EDGE('',*,*,#997,.T.);
#997 = EDGE_CURVE('',#974,#998,#1000,.T.);
#998 = VERTEX_POINT('',#999);
#999 = CARTESIAN_POINT('',(20.64,-28.3,14.34));
#1000 = LINE('',#1001,#1002);
#1001 = CARTESIAN_POINT('',(-45.5,-28.3,14.34));
#1002 = VECTOR('',#1003,1.);
#1003 = DIRECTION('',(1.,0.,0.));
#1004 = ORIENTED_EDGE('',*,*,#1005,.F.);
#1005 = EDGE_CURVE('',#1006,#998,#1008,.T.);
#1006 = VERTEX_POINT('',#1007);
#1007 = CARTESIAN_POINT('',(20.64,-28.3,13.54));
#1008 = LINE('',#1009,#1010);
#1009 = CARTESIAN_POINT('',(20.64,-28.3,11.37));
#1010 = VECTOR('',#1011,1.);
#1011 = DIRECTION('',(0.,0.,1.));
#1012 = ORIENTED_EDGE('',*,*,#1013,.T.);
#1013 = EDGE_CURVE('',#1006,#1014,#1016,.T.);
#1014 = VERTEX_POINT('',#1015);
#1015 = CARTESIAN_POINT('',(-39.7,-28.3,13.54));
#1016 = LINE('',#1017,#1018);
#1017 = CARTESIAN_POINT('',(41.3,-28.3,13.54));
#1018 = VECTOR('',#1019,1.);
#1019 = DIRECTION('',(-1.,0.,0.));
#1020 = ORIENTED_EDGE('',*,*,#1021,.T.);
#1021 = EDGE_CURVE('',#1014,#1022,#1024,.T.);
#1022 = VERTEX_POINT('',#1023);
#1023 = CARTESIAN_POINT('',(-39.7,-28.3,12.37));
#1024 = LINE('',#1025,#1026);
#1025 = CARTESIAN_POINT('',(-39.7,-28.3,13.54));
#1026 = VECTOR('',#1027,1.);
#1027 = DIRECTION('',(0.,0.,-1.));
#1028 = ORIENTED_EDGE('',*,*,#1029,.T.);
#1029 = EDGE_CURVE('',#1022,#1030,#1032,.T.);
#1030 = VERTEX_POINT('',#1031);
#1031 = CARTESIAN_POINT('',(20.64,-28.3,12.37));
#1032 = LINE('',#1033,#1034);
#1033 = CARTESIAN_POINT('',(-39.7,-28.3,12.37));
#1034 = VECTOR('',#1035,1.);
#1035 = DIRECTION('',(1.,0.,0.));
#1036 = ORIENTED_EDGE('',*,*,#1037,.F.);
#1037 = EDGE_CURVE('',#326,#1030,#1038,.T.);
#1038 = LINE('',#1039,#1040);
#1039 = CARTESIAN_POINT('',(20.64,-28.3,11.37));
#1040 = VECTOR('',#1041,1.);
#1041 = DIRECTION('',(0.,0.,1.));
#1042 = ORIENTED_EDGE('',*,*,#333,.F.);
#1043 = PLANE('',#1044);
#1044 = AXIS2_PLACEMENT_3D('',#1045,#1046,#1047);
#1045 = CARTESIAN_POINT('',(-45.7,-28.3,11.37));
#1046 = DIRECTION('',(0.,1.,0.));
#1047 = DIRECTION('',(1.,0.,0.));
#1048 = ADVANCED_FACE('',(#1049),#1067,.T.);
#1049 = FACE_BOUND('',#1050,.F.);
#1050 = EDGE_LOOP('',(#1051,#1052,#1053,#1061));
#1051 = ORIENTED_EDGE('',*,*,#853,.T.);
#1052 = ORIENTED_EDGE('',*,*,#244,.T.);
#1053 = ORIENTED_EDGE('',*,*,#1054,.F.);
#1054 = EDGE_CURVE('',#1055,#245,#1057,.T.);
#1055 = VERTEX_POINT('',#1056);
#1056 = CARTESIAN_POINT('',(-45.7,-29.8,5.04));
#1057 = LINE('',#1058,#1059);
#1058 = CARTESIAN_POINT('',(-45.7,-29.8,3.54));
#1059 = VECTOR('',#1060,1.);
#1060 = DIRECTION('',(0.,0.,1.));
#1061 = ORIENTED_EDGE('',*,*,#1062,.F.);
#1062 = EDGE_CURVE('',#846,#1055,#1063,.T.);
#1063 = LINE('',#1064,#1065);
#1064 = CARTESIAN_POINT('',(-46.45,-29.05,5.04));
#1065 = VECTOR('',#1066,1.);
#1066 = DIRECTION('',(0.707106781187,-0.707106781187,9.614813431918E-17)
  );
#1067 = PLANE('',#1068);
#1068 = AXIS2_PLACEMENT_3D('',#1069,#1070,#1071);
#1069 = CARTESIAN_POINT('',(-46.45,-29.05,3.54));
#1070 = DIRECTION('',(-0.707106781187,-0.707106781187,0.));
#1071 = DIRECTION('',(-0.,-0.,-1.));
#1072 = ADVANCED_FACE('',(#1073),#1114,.F.);
#1073 = FACE_BOUND('',#1074,.F.);
#1074 = EDGE_LOOP('',(#1075,#1076,#1083,#1084,#1090,#1091,#1092,#1100,
    #1108));
#1075 = ORIENTED_EDGE('',*,*,#1005,.T.);
#1076 = ORIENTED_EDGE('',*,*,#1077,.T.);
#1077 = EDGE_CURVE('',#998,#677,#1078,.T.);
#1078 = CIRCLE('',#1079,0.2);
#1079 = AXIS2_PLACEMENT_3D('',#1080,#1081,#1082);
#1080 = CARTESIAN_POINT('',(20.64,-28.1,14.34));
#1081 = DIRECTION('',(-1.,0.,0.));
#1082 = DIRECTION('',(0.,0.,1.));
#1083 = ORIENTED_EDGE('',*,*,#674,.F.);
#1084 = ORIENTED_EDGE('',*,*,#1085,.F.);
#1085 = EDGE_CURVE('',#318,#675,#1086,.T.);
#1086 = LINE('',#1087,#1088);
#1087 = CARTESIAN_POINT('',(20.64,-27.3,11.37));
#1088 = VECTOR('',#1089,1.);
#1089 = DIRECTION('',(0.,0.,1.));
#1090 = ORIENTED_EDGE('',*,*,#325,.T.);
#1091 = ORIENTED_EDGE('',*,*,#1037,.T.);
#1092 = ORIENTED_EDGE('',*,*,#1093,.T.);
#1093 = EDGE_CURVE('',#1030,#1094,#1096,.T.);
#1094 = VERTEX_POINT('',#1095);
#1095 = CARTESIAN_POINT('',(20.64,-28.5,12.37));
#1096 = LINE('',#1097,#1098);
#1097 = CARTESIAN_POINT('',(20.64,-27.8,12.37));
#1098 = VECTOR('',#1099,1.);
#1099 = DIRECTION('',(0.,-1.,2.2E-16));
#1100 = ORIENTED_EDGE('',*,*,#1101,.T.);
#1101 = EDGE_CURVE('',#1094,#1102,#1104,.T.);
#1102 = VERTEX_POINT('',#1103);
#1103 = CARTESIAN_POINT('',(20.64,-28.5,13.54));
#1104 = LINE('',#1105,#1106);
#1105 = CARTESIAN_POINT('',(20.64,-28.5,12.37));
#1106 = VECTOR('',#1107,1.);
#1107 = DIRECTION('',(0.,0.,1.));
#1108 = ORIENTED_EDGE('',*,*,#1109,.T.);
#1109 = EDGE_CURVE('',#1102,#1006,#1110,.T.);
#1110 = LINE('',#1111,#1112);
#1111 = CARTESIAN_POINT('',(20.64,-27.8,13.54));
#1112 = VECTOR('',#1113,1.);
#1113 = DIRECTION('',(0.,1.,-2.2E-16));
#1114 = PLANE('',#1115);
#1115 = AXIS2_PLACEMENT_3D('',#1116,#1117,#1118);
#1116 = CARTESIAN_POINT('',(20.64,-27.3,11.37));
#1117 = DIRECTION('',(-1.,0.,0.));
#1118 = DIRECTION('',(0.,2.2E-16,1.));
#1119 = ADVANCED_FACE('',(#1120),#1138,.T.);
#1120 = FACE_BOUND('',#1121,.T.);
#1121 = EDGE_LOOP('',(#1122,#1123,#1124,#1132));
#1122 = ORIENTED_EDGE('',*,*,#252,.F.);
#1123 = ORIENTED_EDGE('',*,*,#1054,.F.);
#1124 = ORIENTED_EDGE('',*,*,#1125,.F.);
#1125 = EDGE_CURVE('',#1126,#1055,#1128,.T.);
#1126 = VERTEX_POINT('',#1127);
#1127 = CARTESIAN_POINT('',(45.3,-29.8,5.04));
#1128 = LINE('',#1129,#1130);
#1129 = CARTESIAN_POINT('',(46.8,-29.8,5.04));
#1130 = VECTOR('',#1131,1.);
#1131 = DIRECTION('',(-1.,0.,0.));
#1132 = ORIENTED_EDGE('',*,*,#1133,.F.);
#1133 = EDGE_CURVE('',#253,#1126,#1134,.T.);
#1134 = LINE('',#1135,#1136);
#1135 = CARTESIAN_POINT('',(45.3,-29.8,11.37));
#1136 = VECTOR('',#1137,1.);
#1137 = DIRECTION('',(0.,0.,-1.));
#1138 = PLANE('',#1139);
#1139 = AXIS2_PLACEMENT_3D('',#1140,#1141,#1142);
#1140 = CARTESIAN_POINT('',(-0.2,-29.8,7.455));
#1141 = DIRECTION('',(-0.,-1.,-0.));
#1142 = DIRECTION('',(0.,0.,-1.));
#1143 = ADVANCED_FACE('',(#1144),#1219,.T.);
#1144 = FACE_BOUND('',#1145,.T.);
#1145 = EDGE_LOOP('',(#1146,#1156,#1162,#1163,#1164,#1165,#1173,#1181,
    #1189,#1197,#1205,#1213));
#1146 = ORIENTED_EDGE('',*,*,#1147,.F.);
#1147 = EDGE_CURVE('',#1148,#1150,#1152,.T.);
#1148 = VERTEX_POINT('',#1149);
#1149 = CARTESIAN_POINT('',(-44.7,-27.3,5.54));
#1150 = VERTEX_POINT('',#1151);
#1151 = CARTESIAN_POINT('',(-32.7,-27.3,5.54));
#1152 = LINE('',#1153,#1154);
#1153 = CARTESIAN_POINT('',(-44.7,-27.3,5.54));
#1154 = VECTOR('',#1155,1.);
#1155 = DIRECTION('',(1.,0.,0.));
#1156 = ORIENTED_EDGE('',*,*,#1157,.T.);
#1157 = EDGE_CURVE('',#1148,#685,#1158,.T.);
#1158 = LINE('',#1159,#1160);
#1159 = CARTESIAN_POINT('',(-44.7,-27.3,11.37));
#1160 = VECTOR('',#1161,1.);
#1161 = DIRECTION('',(0.,0.,1.));
#1162 = ORIENTED_EDGE('',*,*,#684,.T.);
#1163 = ORIENTED_EDGE('',*,*,#1085,.F.);
#1164 = ORIENTED_EDGE('',*,*,#317,.F.);
#1165 = ORIENTED_EDGE('',*,*,#1166,.F.);
#1166 = EDGE_CURVE('',#1167,#310,#1169,.T.);
#1167 = VERTEX_POINT('',#1168);
#1168 = CARTESIAN_POINT('',(33.84,-27.3,14.54));
#1169 = LINE('',#1170,#1171);
#1170 = CARTESIAN_POINT('',(33.84,-27.3,14.54));
#1171 = VECTOR('',#1172,1.);
#1172 = DIRECTION('',(0.,0.,-1.));
#1173 = ORIENTED_EDGE('',*,*,#1174,.T.);
#1174 = EDGE_CURVE('',#1167,#1175,#1177,.T.);
#1175 = VERTEX_POINT('',#1176);
#1176 = CARTESIAN_POINT('',(44.3,-27.3,14.54));
#1177 = LINE('',#1178,#1179);
#1178 = CARTESIAN_POINT('',(-44.7,-27.3,14.54));
#1179 = VECTOR('',#1180,1.);
#1180 = DIRECTION('',(1.,0.,0.));
#1181 = ORIENTED_EDGE('',*,*,#1182,.F.);
#1182 = EDGE_CURVE('',#1183,#1175,#1185,.T.);
#1183 = VERTEX_POINT('',#1184);
#1184 = CARTESIAN_POINT('',(44.3,-27.3,5.54));
#1185 = LINE('',#1186,#1187);
#1186 = CARTESIAN_POINT('',(44.3,-27.3,11.37));
#1187 = VECTOR('',#1188,1.);
#1188 = DIRECTION('',(0.,0.,1.));
#1189 = ORIENTED_EDGE('',*,*,#1190,.F.);
#1190 = EDGE_CURVE('',#1191,#1183,#1193,.T.);
#1191 = VERTEX_POINT('',#1192);
#1192 = CARTESIAN_POINT('',(35.3,-27.3,5.54));
#1193 = LINE('',#1194,#1195);
#1194 = CARTESIAN_POINT('',(-44.7,-27.3,5.54));
#1195 = VECTOR('',#1196,1.);
#1196 = DIRECTION('',(1.,0.,0.));
#1197 = ORIENTED_EDGE('',*,*,#1198,.T.);
#1198 = EDGE_CURVE('',#1191,#1199,#1201,.T.);
#1199 = VERTEX_POINT('',#1200);
#1200 = CARTESIAN_POINT('',(35.3,-27.3,4.54));
#1201 = LINE('',#1202,#1203);
#1202 = CARTESIAN_POINT('',(35.3,-27.3,5.54));
#1203 = VECTOR('',#1204,1.);
#1204 = DIRECTION('',(-0.,-0.,-1.));
#1205 = ORIENTED_EDGE('',*,*,#1206,.F.);
#1206 = EDGE_CURVE('',#1207,#1199,#1209,.T.);
#1207 = VERTEX_POINT('',#1208);
#1208 = CARTESIAN_POINT('',(-32.7,-27.3,4.54));
#1209 = LINE('',#1210,#1211);
#1210 = CARTESIAN_POINT('',(-32.7,-27.3,4.54));
#1211 = VECTOR('',#1212,1.);
#1212 = DIRECTION('',(1.,0.,0.));
#1213 = ORIENTED_EDGE('',*,*,#1214,.F.);
#1214 = EDGE_CURVE('',#1150,#1207,#1215,.T.);
#1215 = LINE('',#1216,#1217);
#1216 = CARTESIAN_POINT('',(-32.7,-27.3,5.54));
#1217 = VECTOR('',#1218,1.);
#1218 = DIRECTION('',(-0.,-0.,-1.));
#1219 = PLANE('',#1220);
#1220 = AXIS2_PLACEMENT_3D('',#1221,#1222,#1223);
#1221 = CARTESIAN_POINT('',(0.666054614858,-27.3,9.543949789566));
#1222 = DIRECTION('',(0.,1.,0.));
#1223 = DIRECTION('',(0.,0.,1.));
#1224 = ADVANCED_FACE('',(#1225),#1243,.T.);
#1225 = FACE_BOUND('',#1226,.T.);
#1226 = EDGE_LOOP('',(#1227,#1228,#1229,#1237));
#1227 = ORIENTED_EDGE('',*,*,#260,.F.);
#1228 = ORIENTED_EDGE('',*,*,#1133,.T.);
#1229 = ORIENTED_EDGE('',*,*,#1230,.T.);
#1230 = EDGE_CURVE('',#1126,#1231,#1233,.T.);
#1231 = VERTEX_POINT('',#1232);
#1232 = CARTESIAN_POINT('',(46.8,-28.3,5.04));
#1233 = LINE('',#1234,#1235);
#1234 = CARTESIAN_POINT('',(46.05,-29.05,5.04));
#1235 = VECTOR('',#1236,1.);
#1236 = DIRECTION('',(0.707106781187,0.707106781187,-3.845925372767E-16)
  );
#1237 = ORIENTED_EDGE('',*,*,#1238,.F.);
#1238 = EDGE_CURVE('',#261,#1231,#1239,.T.);
#1239 = LINE('',#1240,#1241);
#1240 = CARTESIAN_POINT('',(46.8,-28.3,11.37));
#1241 = VECTOR('',#1242,1.);
#1242 = DIRECTION('',(0.,0.,-1.));
#1243 = PLANE('',#1244);
#1244 = AXIS2_PLACEMENT_3D('',#1245,#1246,#1247);
#1245 = CARTESIAN_POINT('',(46.05,-29.05,11.37));
#1246 = DIRECTION('',(0.707106781187,-0.707106781187,2.014497498424E-15)
  );
#1247 = DIRECTION('',(1.424464841819E-15,-1.424464841819E-15,-1.));
#1248 = ADVANCED_FACE('',(#1249),#1308,.F.);
#1249 = FACE_BOUND('',#1250,.F.);
#1250 = EDGE_LOOP('',(#1251,#1261,#1269,#1277,#1285,#1291,#1292,#1293,
    #1301));
#1251 = ORIENTED_EDGE('',*,*,#1252,.T.);
#1252 = EDGE_CURVE('',#1253,#1255,#1257,.T.);
#1253 = VERTEX_POINT('',#1254);
#1254 = CARTESIAN_POINT('',(33.84,-28.3,14.34));
#1255 = VERTEX_POINT('',#1256);
#1256 = CARTESIAN_POINT('',(33.84,-28.3,13.54));
#1257 = LINE('',#1258,#1259);
#1258 = CARTESIAN_POINT('',(33.84,-28.3,12.955));
#1259 = VECTOR('',#1260,1.);
#1260 = DIRECTION('',(0.,0.,-1.));
#1261 = ORIENTED_EDGE('',*,*,#1262,.T.);
#1262 = EDGE_CURVE('',#1255,#1263,#1265,.T.);
#1263 = VERTEX_POINT('',#1264);
#1264 = CARTESIAN_POINT('',(33.84,-28.5,13.54));
#1265 = LINE('',#1266,#1267);
#1266 = CARTESIAN_POINT('',(33.84,-27.8,13.54));
#1267 = VECTOR('',#1268,1.);
#1268 = DIRECTION('',(0.,-1.,2.2E-16));
#1269 = ORIENTED_EDGE('',*,*,#1270,.T.);
#1270 = EDGE_CURVE('',#1263,#1271,#1273,.T.);
#1271 = VERTEX_POINT('',#1272);
#1272 = CARTESIAN_POINT('',(33.84,-28.5,12.37));
#1273 = LINE('',#1274,#1275);
#1274 = CARTESIAN_POINT('',(33.84,-28.5,13.54));
#1275 = VECTOR('',#1276,1.);
#1276 = DIRECTION('',(0.,0.,-1.));
#1277 = ORIENTED_EDGE('',*,*,#1278,.T.);
#1278 = EDGE_CURVE('',#1271,#1279,#1281,.T.);
#1279 = VERTEX_POINT('',#1280);
#1280 = CARTESIAN_POINT('',(33.84,-28.3,12.37));
#1281 = LINE('',#1282,#1283);
#1282 = CARTESIAN_POINT('',(33.84,-27.8,12.37));
#1283 = VECTOR('',#1284,1.);
#1284 = DIRECTION('',(0.,1.,-2.2E-16));
#1285 = ORIENTED_EDGE('',*,*,#1286,.T.);
#1286 = EDGE_CURVE('',#1279,#302,#1287,.T.);
#1287 = LINE('',#1288,#1289);
#1288 = CARTESIAN_POINT('',(33.84,-28.3,12.955));
#1289 = VECTOR('',#1290,1.);
#1290 = DIRECTION('',(0.,0.,-1.));
#1291 = ORIENTED_EDGE('',*,*,#309,.F.);
#1292 = ORIENTED_EDGE('',*,*,#1166,.F.);
#1293 = ORIENTED_EDGE('',*,*,#1294,.T.);
#1294 = EDGE_CURVE('',#1167,#1295,#1297,.T.);
#1295 = VERTEX_POINT('',#1296);
#1296 = CARTESIAN_POINT('',(33.84,-28.1,14.54));
#1297 = LINE('',#1298,#1299);
#1298 = CARTESIAN_POINT('',(33.84,-27.3,14.54));
#1299 = VECTOR('',#1300,1.);
#1300 = DIRECTION('',(0.,-1.,2.2E-16));
#1301 = ORIENTED_EDGE('',*,*,#1302,.F.);
#1302 = EDGE_CURVE('',#1253,#1295,#1303,.T.);
#1303 = CIRCLE('',#1304,0.2);
#1304 = AXIS2_PLACEMENT_3D('',#1305,#1306,#1307);
#1305 = CARTESIAN_POINT('',(33.84,-28.1,14.34));
#1306 = DIRECTION('',(-1.,0.,0.));
#1307 = DIRECTION('',(0.,0.,1.));
#1308 = PLANE('',#1309);
#1309 = AXIS2_PLACEMENT_3D('',#1310,#1311,#1312);
#1310 = CARTESIAN_POINT('',(33.84,-27.3,14.54));
#1311 = DIRECTION('',(1.,0.,0.));
#1312 = DIRECTION('',(0.,-2.2E-16,-1.));
#1313 = ADVANCED_FACE('',(#1314),#1349,.T.);
#1314 = FACE_BOUND('',#1315,.T.);
#1315 = EDGE_LOOP('',(#1316,#1317,#1318,#1326,#1334,#1342));
#1316 = ORIENTED_EDGE('',*,*,#268,.F.);
#1317 = ORIENTED_EDGE('',*,*,#1238,.T.);
#1318 = ORIENTED_EDGE('',*,*,#1319,.F.);
#1319 = EDGE_CURVE('',#1320,#1231,#1322,.T.);
#1320 = VERTEX_POINT('',#1321);
#1321 = CARTESIAN_POINT('',(46.8,25.5,5.04));
#1322 = LINE('',#1323,#1324);
#1323 = CARTESIAN_POINT('',(46.8,27.,5.04));
#1324 = VECTOR('',#1325,1.);
#1325 = DIRECTION('',(0.,-1.,0.));
#1326 = ORIENTED_EDGE('',*,*,#1327,.F.);
#1327 = EDGE_CURVE('',#1328,#1320,#1330,.T.);
#1328 = VERTEX_POINT('',#1329);
#1329 = CARTESIAN_POINT('',(46.8,25.5,11.37));
#1330 = LINE('',#1331,#1332);
#1331 = CARTESIAN_POINT('',(46.8,25.5,11.37));
#1332 = VECTOR('',#1333,1.);
#1333 = DIRECTION('',(0.,0.,-1.));
#1334 = ORIENTED_EDGE('',*,*,#1335,.F.);
#1335 = EDGE_CURVE('',#1336,#1328,#1338,.T.);
#1336 = VERTEX_POINT('',#1337);
#1337 = CARTESIAN_POINT('',(46.8,-12.9533360611,11.37));
#1338 = LINE('',#1339,#1340);
#1339 = CARTESIAN_POINT('',(46.8,-29.8,11.37));
#1340 = VECTOR('',#1341,1.);
#1341 = DIRECTION('',(0.,1.,0.));
#1342 = ORIENTED_EDGE('',*,*,#1343,.T.);
#1343 = EDGE_CURVE('',#1336,#269,#1344,.T.);
#1344 = CIRCLE('',#1345,3.39);
#1345 = AXIS2_PLACEMENT_3D('',#1346,#1347,#1348);
#1346 = CARTESIAN_POINT('',(46.8,-14.99,14.08));
#1347 = DIRECTION('',(-1.,0.,0.));
#1348 = DIRECTION('',(0.,-1.,0.));
#1349 = PLANE('',#1350);
#1350 = AXIS2_PLACEMENT_3D('',#1351,#1352,#1353);
#1351 = CARTESIAN_POINT('',(46.8,-1.4,7.455));
#1352 = DIRECTION('',(1.,0.,1.76E-15));
#1353 = DIRECTION('',(-1.76E-15,0.,1.));
#1354 = ADVANCED_FACE('',(#1355),#1396,.F.);
#1355 = FACE_BOUND('',#1356,.F.);
#1356 = EDGE_LOOP('',(#1357,#1365,#1366,#1367,#1375,#1383,#1389,#1390));
#1357 = ORIENTED_EDGE('',*,*,#1358,.F.);
#1358 = EDGE_CURVE('',#293,#1359,#1361,.T.);
#1359 = VERTEX_POINT('',#1360);
#1360 = CARTESIAN_POINT('',(45.1,-28.3,14.34));
#1361 = LINE('',#1362,#1363);
#1362 = CARTESIAN_POINT('',(45.1,-28.3,11.37));
#1363 = VECTOR('',#1364,1.);
#1364 = DIRECTION('',(0.,0.,1.));
#1365 = ORIENTED_EDGE('',*,*,#301,.F.);
#1366 = ORIENTED_EDGE('',*,*,#1286,.F.);
#1367 = ORIENTED_EDGE('',*,*,#1368,.T.);
#1368 = EDGE_CURVE('',#1279,#1369,#1371,.T.);
#1369 = VERTEX_POINT('',#1370);
#1370 = CARTESIAN_POINT('',(41.3,-28.3,12.37));
#1371 = LINE('',#1372,#1373);
#1372 = CARTESIAN_POINT('',(-39.7,-28.3,12.37));
#1373 = VECTOR('',#1374,1.);
#1374 = DIRECTION('',(1.,0.,0.));
#1375 = ORIENTED_EDGE('',*,*,#1376,.T.);
#1376 = EDGE_CURVE('',#1369,#1377,#1379,.T.);
#1377 = VERTEX_POINT('',#1378);
#1378 = CARTESIAN_POINT('',(41.3,-28.3,13.54));
#1379 = LINE('',#1380,#1381);
#1380 = CARTESIAN_POINT('',(41.3,-28.3,12.37));
#1381 = VECTOR('',#1382,1.);
#1382 = DIRECTION('',(0.,0.,1.));
#1383 = ORIENTED_EDGE('',*,*,#1384,.T.);
#1384 = EDGE_CURVE('',#1377,#1255,#1385,.T.);
#1385 = LINE('',#1386,#1387);
#1386 = CARTESIAN_POINT('',(41.3,-28.3,13.54));
#1387 = VECTOR('',#1388,1.);
#1388 = DIRECTION('',(-1.,0.,0.));
#1389 = ORIENTED_EDGE('',*,*,#1252,.F.);
#1390 = ORIENTED_EDGE('',*,*,#1391,.T.);
#1391 = EDGE_CURVE('',#1253,#1359,#1392,.T.);
#1392 = LINE('',#1393,#1394);
#1393 = CARTESIAN_POINT('',(33.84,-28.3,14.34));
#1394 = VECTOR('',#1395,1.);
#1395 = DIRECTION('',(1.,0.,0.));
#1396 = PLANE('',#1397);
#1397 = AXIS2_PLACEMENT_3D('',#1398,#1399,#1400);
#1398 = CARTESIAN_POINT('',(-45.7,-28.3,11.37));
#1399 = DIRECTION('',(0.,1.,0.));
#1400 = DIRECTION('',(1.,0.,0.));
#1401 = ADVANCED_FACE('',(#1402),#1517,.F.);
#1402 = FACE_BOUND('',#1403,.F.);
#1403 = EDGE_LOOP('',(#1404,#1414,#1423,#1431,#1444,#1453,#1462,#1471,
    #1477,#1478,#1479,#1488,#1497,#1506));
#1404 = ORIENTED_EDGE('',*,*,#1405,.F.);
#1405 = EDGE_CURVE('',#1406,#1408,#1410,.T.);
#1406 = VERTEX_POINT('',#1407);
#1407 = CARTESIAN_POINT('',(44.3,-18.34864556034,14.54));
#1408 = VERTEX_POINT('',#1409);
#1409 = CARTESIAN_POINT('',(45.1,-18.34864556034,14.54));
#1410 = LINE('',#1411,#1412);
#1411 = CARTESIAN_POINT('',(44.3,-18.34864556034,14.54));
#1412 = VECTOR('',#1413,1.);
#1413 = DIRECTION('',(1.,-1.1E-16,1.1E-16));
#1414 = ORIENTED_EDGE('',*,*,#1415,.F.);
#1415 = EDGE_CURVE('',#1416,#1406,#1418,.T.);
#1416 = VERTEX_POINT('',#1417);
#1417 = CARTESIAN_POINT('',(44.3,-11.63135443965,14.54));
#1418 = CIRCLE('',#1419,3.39);
#1419 = AXIS2_PLACEMENT_3D('',#1420,#1421,#1422);
#1420 = CARTESIAN_POINT('',(44.3,-14.99,14.08));
#1421 = DIRECTION('',(-1.,0.,0.));
#1422 = DIRECTION('',(0.,-1.,0.));
#1423 = ORIENTED_EDGE('',*,*,#1424,.T.);
#1424 = EDGE_CURVE('',#1416,#1425,#1427,.T.);
#1425 = VERTEX_POINT('',#1426);
#1426 = CARTESIAN_POINT('',(45.1,-11.63135443965,14.54));
#1427 = LINE('',#1428,#1429);
#1428 = CARTESIAN_POINT('',(44.3,-11.63135443965,14.54));
#1429 = VECTOR('',#1430,1.);
#1430 = DIRECTION('',(1.,-1.1E-16,1.1E-16));
#1431 = ORIENTED_EDGE('',*,*,#1432,.F.);
#1432 = EDGE_CURVE('',#1433,#1425,#1435,.T.);
#1433 = VERTEX_POINT('',#1434);
#1434 = CARTESIAN_POINT('',(45.3,-11.60998520713,14.34));
#1435 = B_SPLINE_CURVE_WITH_KNOTS('',7,(#1436,#1437,#1438,#1439,#1440,
    #1441,#1442,#1443),.UNSPECIFIED.,.F.,.F.,(8,8),(0.,1.),
  .PIECEWISE_BEZIER_KNOTS.);
#1436 = CARTESIAN_POINT('',(45.3,-11.60998520713,14.34));
#1437 = CARTESIAN_POINT('',(45.3,-11.6134676057,14.385271379561));
#1438 = CARTESIAN_POINT('',(45.288045935111,-11.61766249932,
    14.430560391234));
#1439 = CARTESIAN_POINT('',(45.264110926718,-11.62226903176,
    14.471861252543));
#1440 = CARTESIAN_POINT('',(45.230061799325,-11.62660846596,
    14.50532610206));
#1441 = CARTESIAN_POINT('',(45.18901689536,-11.62977244123,
    14.528453881594));
#1442 = CARTESIAN_POINT('',(45.144490405168,-11.63135443965,14.54));
#1443 = CARTESIAN_POINT('',(45.1,-11.63135443965,14.54));
#1444 = ORIENTED_EDGE('',*,*,#1445,.T.);
#1445 = EDGE_CURVE('',#1433,#1446,#1448,.T.);
#1446 = VERTEX_POINT('',#1447);
#1447 = CARTESIAN_POINT('',(45.3,-11.6432851929,13.54));
#1448 = CIRCLE('',#1449,3.39);
#1449 = AXIS2_PLACEMENT_3D('',#1450,#1451,#1452);
#1450 = CARTESIAN_POINT('',(45.3,-14.99,14.08));
#1451 = DIRECTION('',(-1.,4.4E-16,-2.2E-16));
#1452 = DIRECTION('',(-4.4E-16,-1.,-2.2E-16));
#1453 = ORIENTED_EDGE('',*,*,#1454,.T.);
#1454 = EDGE_CURVE('',#1446,#1455,#1457,.T.);
#1455 = VERTEX_POINT('',#1456);
#1456 = CARTESIAN_POINT('',(45.3,-12.06288537976,12.37));
#1457 = CIRCLE('',#1458,3.39);
#1458 = AXIS2_PLACEMENT_3D('',#1459,#1460,#1461);
#1459 = CARTESIAN_POINT('',(45.3,-14.99,14.08));
#1460 = DIRECTION('',(-1.,4.4E-16,-2.2E-16));
#1461 = DIRECTION('',(-4.4E-16,-1.,-2.2E-16));
#1462 = ORIENTED_EDGE('',*,*,#1463,.T.);
#1463 = EDGE_CURVE('',#1455,#1464,#1466,.T.);
#1464 = VERTEX_POINT('',#1465);
#1465 = CARTESIAN_POINT('',(45.3,-12.9533360611,11.37));
#1466 = CIRCLE('',#1467,3.39);
#1467 = AXIS2_PLACEMENT_3D('',#1468,#1469,#1470);
#1468 = CARTESIAN_POINT('',(45.3,-14.99,14.08));
#1469 = DIRECTION('',(-1.,4.4E-16,-2.2E-16));
#1470 = DIRECTION('',(-4.4E-16,-1.,-2.2E-16));
#1471 = ORIENTED_EDGE('',*,*,#1472,.F.);
#1472 = EDGE_CURVE('',#1336,#1464,#1473,.T.);
#1473 = LINE('',#1474,#1475);
#1474 = CARTESIAN_POINT('',(44.3,-12.9533360611,11.37));
#1475 = VECTOR('',#1476,1.);
#1476 = DIRECTION('',(-1.,4.4E-16,-2.2E-16));
#1477 = ORIENTED_EDGE('',*,*,#1343,.T.);
#1478 = ORIENTED_EDGE('',*,*,#276,.T.);
#1479 = ORIENTED_EDGE('',*,*,#1480,.T.);
#1480 = EDGE_CURVE('',#277,#1481,#1483,.T.);
#1481 = VERTEX_POINT('',#1482);
#1482 = CARTESIAN_POINT('',(45.3,-17.91711462023,12.37));
#1483 = CIRCLE('',#1484,3.39);
#1484 = AXIS2_PLACEMENT_3D('',#1485,#1486,#1487);
#1485 = CARTESIAN_POINT('',(45.3,-14.99,14.08));
#1486 = DIRECTION('',(-1.,4.4E-16,-2.2E-16));
#1487 = DIRECTION('',(-4.4E-16,-1.,-2.2E-16));
#1488 = ORIENTED_EDGE('',*,*,#1489,.T.);
#1489 = EDGE_CURVE('',#1481,#1490,#1492,.T.);
#1490 = VERTEX_POINT('',#1491);
#1491 = CARTESIAN_POINT('',(45.3,-18.33671480709,13.54));
#1492 = CIRCLE('',#1493,3.39);
#1493 = AXIS2_PLACEMENT_3D('',#1494,#1495,#1496);
#1494 = CARTESIAN_POINT('',(45.3,-14.99,14.08));
#1495 = DIRECTION('',(-1.,4.4E-16,-2.2E-16));
#1496 = DIRECTION('',(-4.4E-16,-1.,-2.2E-16));
#1497 = ORIENTED_EDGE('',*,*,#1498,.T.);
#1498 = EDGE_CURVE('',#1490,#1499,#1501,.T.);
#1499 = VERTEX_POINT('',#1500);
#1500 = CARTESIAN_POINT('',(45.3,-18.37001479286,14.34));
#1501 = CIRCLE('',#1502,3.39);
#1502 = AXIS2_PLACEMENT_3D('',#1503,#1504,#1505);
#1503 = CARTESIAN_POINT('',(45.3,-14.99,14.08));
#1504 = DIRECTION('',(-1.,4.4E-16,-2.2E-16));
#1505 = DIRECTION('',(-4.4E-16,-1.,-2.2E-16));
#1506 = ORIENTED_EDGE('',*,*,#1507,.T.);
#1507 = EDGE_CURVE('',#1499,#1408,#1508,.T.);
#1508 = B_SPLINE_CURVE_WITH_KNOTS('',7,(#1509,#1510,#1511,#1512,#1513,
    #1514,#1515,#1516),.UNSPECIFIED.,.F.,.F.,(8,8),(0.,1.),
  .PIECEWISE_BEZIER_KNOTS.);
#1509 = CARTESIAN_POINT('',(45.3,-18.37001479286,14.34));
#1510 = CARTESIAN_POINT('',(45.3,-18.36653239429,14.385271379561));
#1511 = CARTESIAN_POINT('',(45.288045935111,-18.36233750067,
    14.430560391234));
#1512 = CARTESIAN_POINT('',(45.264110926718,-18.35773096823,
    14.471861252543));
#1513 = CARTESIAN_POINT('',(45.230061799325,-18.35339153403,
    14.50532610206));
#1514 = CARTESIAN_POINT('',(45.18901689536,-18.35022755876,
    14.528453881594));
#1515 = CARTESIAN_POINT('',(45.144490405168,-18.34864556034,14.54));
#1516 = CARTESIAN_POINT('',(45.1,-18.34864556034,14.54));
#1517 = CYLINDRICAL_SURFACE('',#1518,3.39);
#1518 = AXIS2_PLACEMENT_3D('',#1519,#1520,#1521);
#1519 = CARTESIAN_POINT('',(44.3,-14.99,14.08));
#1520 = DIRECTION('',(-1.,4.4E-16,-2.2E-16));
#1521 = DIRECTION('',(-4.4E-16,-1.,-2.2E-16));
#1522 = ADVANCED_FACE('',(#1523),#1542,.T.);
#1523 = FACE_BOUND('',#1524,.T.);
#1524 = EDGE_LOOP('',(#1525,#1526,#1527,#1535));
#1525 = ORIENTED_EDGE('',*,*,#1358,.F.);
#1526 = ORIENTED_EDGE('',*,*,#292,.T.);
#1527 = ORIENTED_EDGE('',*,*,#1528,.T.);
#1528 = EDGE_CURVE('',#285,#1529,#1531,.T.);
#1529 = VERTEX_POINT('',#1530);
#1530 = CARTESIAN_POINT('',(45.3,-28.1,14.34));
#1531 = LINE('',#1532,#1533);
#1532 = CARTESIAN_POINT('',(45.3,-28.1,11.37));
#1533 = VECTOR('',#1534,1.);
#1534 = DIRECTION('',(0.,0.,1.));
#1535 = ORIENTED_EDGE('',*,*,#1536,.F.);
#1536 = EDGE_CURVE('',#1359,#1529,#1537,.T.);
#1537 = CIRCLE('',#1538,0.2);
#1538 = AXIS2_PLACEMENT_3D('',#1539,#1540,#1541);
#1539 = CARTESIAN_POINT('',(45.1,-28.1,14.34));
#1540 = DIRECTION('',(-0.,0.,1.));
#1541 = DIRECTION('',(0.,-1.,0.));
#1542 = CYLINDRICAL_SURFACE('',#1543,0.2);
#1543 = AXIS2_PLACEMENT_3D('',#1544,#1545,#1546);
#1544 = CARTESIAN_POINT('',(45.1,-28.1,11.37));
#1545 = DIRECTION('',(0.,0.,1.));
#1546 = DIRECTION('',(0.,-1.,0.));
#1547 = ADVANCED_FACE('',(#1548,#1561),#1595,.T.);
#1548 = FACE_BOUND('',#1549,.T.);
#1549 = EDGE_LOOP('',(#1550,#1551,#1557,#1558,#1559,#1560));
#1550 = ORIENTED_EDGE('',*,*,#1498,.T.);
#1551 = ORIENTED_EDGE('',*,*,#1552,.F.);
#1552 = EDGE_CURVE('',#1529,#1499,#1553,.T.);
#1553 = LINE('',#1554,#1555);
#1554 = CARTESIAN_POINT('',(45.3,-28.1,14.34));
#1555 = VECTOR('',#1556,1.);
#1556 = DIRECTION('',(0.,1.,0.));
#1557 = ORIENTED_EDGE('',*,*,#1528,.F.);
#1558 = ORIENTED_EDGE('',*,*,#284,.T.);
#1559 = ORIENTED_EDGE('',*,*,#1480,.T.);
#1560 = ORIENTED_EDGE('',*,*,#1489,.T.);
#1561 = FACE_BOUND('',#1562,.T.);
#1562 = EDGE_LOOP('',(#1563,#1573,#1581,#1589));
#1563 = ORIENTED_EDGE('',*,*,#1564,.F.);
#1564 = EDGE_CURVE('',#1565,#1567,#1569,.T.);
#1565 = VERTEX_POINT('',#1566);
#1566 = CARTESIAN_POINT('',(45.3,-24.3,12.37));
#1567 = VERTEX_POINT('',#1568);
#1568 = CARTESIAN_POINT('',(45.3,-21.03671480709,12.37));
#1569 = LINE('',#1570,#1571);
#1570 = CARTESIAN_POINT('',(45.3,-24.3,12.37));
#1571 = VECTOR('',#1572,1.);
#1572 = DIRECTION('',(0.,1.,0.));
#1573 = ORIENTED_EDGE('',*,*,#1574,.F.);
#1574 = EDGE_CURVE('',#1575,#1565,#1577,.T.);
#1575 = VERTEX_POINT('',#1576);
#1576 = CARTESIAN_POINT('',(45.3,-24.3,13.54));
#1577 = LINE('',#1578,#1579);
#1578 = CARTESIAN_POINT('',(45.3,-24.3,13.54));
#1579 = VECTOR('',#1580,1.);
#1580 = DIRECTION('',(0.,0.,-1.));
#1581 = ORIENTED_EDGE('',*,*,#1582,.F.);
#1582 = EDGE_CURVE('',#1583,#1575,#1585,.T.);
#1583 = VERTEX_POINT('',#1584);
#1584 = CARTESIAN_POINT('',(45.3,-21.03671480709,13.54));
#1585 = LINE('',#1586,#1587);
#1586 = CARTESIAN_POINT('',(45.3,19.5,13.54));
#1587 = VECTOR('',#1588,1.);
#1588 = DIRECTION('',(0.,-1.,0.));
#1589 = ORIENTED_EDGE('',*,*,#1590,.T.);
#1590 = EDGE_CURVE('',#1583,#1567,#1591,.T.);
#1591 = LINE('',#1592,#1593);
#1592 = CARTESIAN_POINT('',(45.3,-21.03671480709,13.54));
#1593 = VECTOR('',#1594,1.);
#1594 = DIRECTION('',(0.,0.,-1.));
#1595 = PLANE('',#1596);
#1596 = AXIS2_PLACEMENT_3D('',#1597,#1598,#1599);
#1597 = CARTESIAN_POINT('',(45.3,-22.83383378069,12.86374417158));
#1598 = DIRECTION('',(1.,0.,0.));
#1599 = DIRECTION('',(0.,0.,1.));
#1600 = ADVANCED_FACE('',(#1601),#1725,.T.);
#1601 = FACE_BOUND('',#1602,.T.);
#1602 = EDGE_LOOP('',(#1603,#1613,#1621,#1629,#1637,#1645,#1653,#1661,
    #1669,#1678,#1684,#1685,#1686,#1687,#1695,#1703,#1711,#1719));
#1603 = ORIENTED_EDGE('',*,*,#1604,.F.);
#1604 = EDGE_CURVE('',#1605,#1607,#1609,.T.);
#1605 = VERTEX_POINT('',#1606);
#1606 = CARTESIAN_POINT('',(44.3,24.5,5.54));
#1607 = VERTEX_POINT('',#1608);
#1608 = CARTESIAN_POINT('',(35.3,24.5,5.54));
#1609 = LINE('',#1610,#1611);
#1610 = CARTESIAN_POINT('',(44.3,24.5,5.54));
#1611 = VECTOR('',#1612,1.);
#1612 = DIRECTION('',(-1.,0.,0.));
#1613 = ORIENTED_EDGE('',*,*,#1614,.T.);
#1614 = EDGE_CURVE('',#1605,#1615,#1617,.T.);
#1615 = VERTEX_POINT('',#1616);
#1616 = CARTESIAN_POINT('',(44.3,24.5,14.54));
#1617 = LINE('',#1618,#1619);
#1618 = CARTESIAN_POINT('',(44.3,24.5,11.37));
#1619 = VECTOR('',#1620,1.);
#1620 = DIRECTION('',(0.,0.,1.));
#1621 = ORIENTED_EDGE('',*,*,#1622,.T.);
#1622 = EDGE_CURVE('',#1615,#1623,#1625,.T.);
#1623 = VERTEX_POINT('',#1624);
#1624 = CARTESIAN_POINT('',(31.21,24.5,14.54));
#1625 = LINE('',#1626,#1627);
#1626 = CARTESIAN_POINT('',(44.3,24.5,14.54));
#1627 = VECTOR('',#1628,1.);
#1628 = DIRECTION('',(-1.,0.,0.));
#1629 = ORIENTED_EDGE('',*,*,#1630,.T.);
#1630 = EDGE_CURVE('',#1623,#1631,#1633,.T.);
#1631 = VERTEX_POINT('',#1632);
#1632 = CARTESIAN_POINT('',(31.21,24.5,11.24));
#1633 = LINE('',#1634,#1635);
#1634 = CARTESIAN_POINT('',(31.21,24.5,14.54));
#1635 = VECTOR('',#1636,1.);
#1636 = DIRECTION('',(0.,0.,-1.));
#1637 = ORIENTED_EDGE('',*,*,#1638,.F.);
#1638 = EDGE_CURVE('',#1639,#1631,#1641,.T.);
#1639 = VERTEX_POINT('',#1640);
#1640 = CARTESIAN_POINT('',(26.97,24.5,11.24));
#1641 = LINE('',#1642,#1643);
#1642 = CARTESIAN_POINT('',(26.97,24.5,11.24));
#1643 = VECTOR('',#1644,1.);
#1644 = DIRECTION('',(1.,0.,0.));
#1645 = ORIENTED_EDGE('',*,*,#1646,.F.);
#1646 = EDGE_CURVE('',#1647,#1639,#1649,.T.);
#1647 = VERTEX_POINT('',#1648);
#1648 = CARTESIAN_POINT('',(26.97,24.5,14.54));
#1649 = LINE('',#1650,#1651);
#1650 = CARTESIAN_POINT('',(26.97,24.5,14.54));
#1651 = VECTOR('',#1652,1.);
#1652 = DIRECTION('',(0.,0.,-1.));
#1653 = ORIENTED_EDGE('',*,*,#1654,.T.);
#1654 = EDGE_CURVE('',#1647,#1655,#1657,.T.);
#1655 = VERTEX_POINT('',#1656);
#1656 = CARTESIAN_POINT('',(-16.3,24.5,14.54));
#1657 = LINE('',#1658,#1659);
#1658 = CARTESIAN_POINT('',(44.3,24.5,14.54));
#1659 = VECTOR('',#1660,1.);
#1660 = DIRECTION('',(-1.,0.,0.));
#1661 = ORIENTED_EDGE('',*,*,#1662,.T.);
#1662 = EDGE_CURVE('',#1655,#1663,#1665,.T.);
#1663 = VERTEX_POINT('',#1664);
#1664 = CARTESIAN_POINT('',(-16.3,24.5,12.43));
#1665 = LINE('',#1666,#1667);
#1666 = CARTESIAN_POINT('',(-16.3,24.5,14.54));
#1667 = VECTOR('',#1668,1.);
#1668 = DIRECTION('',(0.,0.,-1.));
#1669 = ORIENTED_EDGE('',*,*,#1670,.F.);
#1670 = EDGE_CURVE('',#1671,#1663,#1673,.T.);
#1671 = VERTEX_POINT('',#1672);
#1672 = CARTESIAN_POINT('',(-17.59,24.5,11.14));
#1673 = CIRCLE('',#1674,1.29);
#1674 = AXIS2_PLACEMENT_3D('',#1675,#1676,#1677);
#1675 = CARTESIAN_POINT('',(-17.59,24.5,12.43));
#1676 = DIRECTION('',(0.,-1.,0.));
#1677 = DIRECTION('',(1.,0.,0.));
#1678 = ORIENTED_EDGE('',*,*,#1679,.F.);
#1679 = EDGE_CURVE('',#405,#1671,#1680,.T.);
#1680 = LINE('',#1681,#1682);
#1681 = CARTESIAN_POINT('',(-24.11,24.5,11.14));
#1682 = VECTOR('',#1683,1.);
#1683 = DIRECTION('',(1.,0.,0.));
#1684 = ORIENTED_EDGE('',*,*,#404,.F.);
#1685 = ORIENTED_EDGE('',*,*,#380,.T.);
#1686 = ORIENTED_EDGE('',*,*,#700,.T.);
#1687 = ORIENTED_EDGE('',*,*,#1688,.F.);
#1688 = EDGE_CURVE('',#1689,#693,#1691,.T.);
#1689 = VERTEX_POINT('',#1690);
#1690 = CARTESIAN_POINT('',(-44.7,24.5,5.54));
#1691 = LINE('',#1692,#1693);
#1692 = CARTESIAN_POINT('',(-44.7,24.5,5.54));
#1693 = VECTOR('',#1694,1.);
#1694 = DIRECTION('',(0.,0.,1.));
#1695 = ORIENTED_EDGE('',*,*,#1696,.F.);
#1696 = EDGE_CURVE('',#1697,#1689,#1699,.T.);
#1697 = VERTEX_POINT('',#1698);
#1698 = CARTESIAN_POINT('',(-32.7,24.5,5.54));
#1699 = LINE('',#1700,#1701);
#1700 = CARTESIAN_POINT('',(44.3,24.5,5.54));
#1701 = VECTOR('',#1702,1.);
#1702 = DIRECTION('',(-1.,0.,0.));
#1703 = ORIENTED_EDGE('',*,*,#1704,.T.);
#1704 = EDGE_CURVE('',#1697,#1705,#1707,.T.);
#1705 = VERTEX_POINT('',#1706);
#1706 = CARTESIAN_POINT('',(-32.7,24.5,4.54));
#1707 = LINE('',#1708,#1709);
#1708 = CARTESIAN_POINT('',(-32.7,24.5,5.54));
#1709 = VECTOR('',#1710,1.);
#1710 = DIRECTION('',(-0.,-0.,-1.));
#1711 = ORIENTED_EDGE('',*,*,#1712,.F.);
#1712 = EDGE_CURVE('',#1713,#1705,#1715,.T.);
#1713 = VERTEX_POINT('',#1714);
#1714 = CARTESIAN_POINT('',(35.3,24.5,4.54));
#1715 = LINE('',#1716,#1717);
#1716 = CARTESIAN_POINT('',(35.3,24.5,4.54));
#1717 = VECTOR('',#1718,1.);
#1718 = DIRECTION('',(-1.,0.,0.));
#1719 = ORIENTED_EDGE('',*,*,#1720,.F.);
#1720 = EDGE_CURVE('',#1607,#1713,#1721,.T.);
#1721 = LINE('',#1722,#1723);
#1722 = CARTESIAN_POINT('',(35.3,24.5,5.54));
#1723 = VECTOR('',#1724,1.);
#1724 = DIRECTION('',(-0.,-0.,-1.));
#1725 = PLANE('',#1726);
#1726 = AXIS2_PLACEMENT_3D('',#1727,#1728,#1729);
#1727 = CARTESIAN_POINT('',(0.179142479279,24.5,9.630664735648));
#1728 = DIRECTION('',(-0.,-1.,-0.));
#1729 = DIRECTION('',(0.,0.,-1.));
#1730 = ADVANCED_FACE('',(#1731),#1742,.F.);
#1731 = FACE_BOUND('',#1732,.F.);
#1732 = EDGE_LOOP('',(#1733,#1734,#1735,#1741));
#1733 = ORIENTED_EDGE('',*,*,#448,.T.);
#1734 = ORIENTED_EDGE('',*,*,#764,.T.);
#1735 = ORIENTED_EDGE('',*,*,#1736,.F.);
#1736 = EDGE_CURVE('',#1671,#765,#1737,.T.);
#1737 = LINE('',#1738,#1739);
#1738 = CARTESIAN_POINT('',(-17.59,24.5,11.14));
#1739 = VECTOR('',#1740,1.);
#1740 = DIRECTION('',(0.,1.,-2.2E-16));
#1741 = ORIENTED_EDGE('',*,*,#1679,.F.);
#1742 = PLANE('',#1743);
#1743 = AXIS2_PLACEMENT_3D('',#1744,#1745,#1746);
#1744 = CARTESIAN_POINT('',(-24.11,24.5,11.14));
#1745 = DIRECTION('',(0.,-2.2E-16,-1.));
#1746 = DIRECTION('',(1.,0.,0.));
#1747 = ADVANCED_FACE('',(#1748),#1753,.T.);
#1748 = FACE_BOUND('',#1749,.T.);
#1749 = EDGE_LOOP('',(#1750,#1751,#1752));
#1750 = ORIENTED_EDGE('',*,*,#472,.F.);
#1751 = ORIENTED_EDGE('',*,*,#422,.T.);
#1752 = ORIENTED_EDGE('',*,*,#488,.F.);
#1753 = PLANE('',#1754);
#1754 = AXIS2_PLACEMENT_3D('',#1755,#1756,#1757);
#1755 = CARTESIAN_POINT('',(-0.2,26.1,12.955));
#1756 = DIRECTION('',(0.,1.,0.));
#1757 = DIRECTION('',(0.,0.,1.));
#1758 = ADVANCED_FACE('',(#1759),#1786,.T.);
#1759 = FACE_BOUND('',#1760,.T.);
#1760 = EDGE_LOOP('',(#1761,#1770,#1778,#1785));
#1761 = ORIENTED_EDGE('',*,*,#1762,.T.);
#1762 = EDGE_CURVE('',#513,#1763,#1765,.T.);
#1763 = VERTEX_POINT('',#1764);
#1764 = CARTESIAN_POINT('',(-39.3,26.1,12.77));
#1765 = ELLIPSE('',#1766,0.565685424949,0.4);
#1766 = AXIS2_PLACEMENT_3D('',#1767,#1768,#1769);
#1767 = CARTESIAN_POINT('',(-39.3,25.7,12.77));
#1768 = DIRECTION('',(0.707106781187,0.,-0.707106781187));
#1769 = DIRECTION('',(-0.707106781187,0.,-0.707106781187));
#1770 = ORIENTED_EDGE('',*,*,#1771,.T.);
#1771 = EDGE_CURVE('',#1763,#1772,#1774,.T.);
#1772 = VERTEX_POINT('',#1773);
#1773 = CARTESIAN_POINT('',(-28.5,26.1,12.77));
#1774 = LINE('',#1775,#1776);
#1775 = CARTESIAN_POINT('',(-39.7,26.1,12.77));
#1776 = VECTOR('',#1777,1.);
#1777 = DIRECTION('',(1.,0.,0.));
#1778 = ORIENTED_EDGE('',*,*,#1779,.F.);
#1779 = EDGE_CURVE('',#504,#1772,#1780,.T.);
#1780 = ELLIPSE('',#1781,0.565685424949,0.4);
#1781 = AXIS2_PLACEMENT_3D('',#1782,#1783,#1784);
#1782 = CARTESIAN_POINT('',(-28.5,25.7,12.77));
#1783 = DIRECTION('',(0.707106781187,0.,0.707106781187));
#1784 = DIRECTION('',(-0.707106781187,0.,0.707106781187));
#1785 = ORIENTED_EDGE('',*,*,#520,.F.);
#1786 = CYLINDRICAL_SURFACE('',#1787,0.4);
#1787 = AXIS2_PLACEMENT_3D('',#1788,#1789,#1790);
#1788 = CARTESIAN_POINT('',(-39.7,25.7,12.77));
#1789 = DIRECTION('',(1.,0.,0.));
#1790 = DIRECTION('',(0.,-2.2E-16,-1.));
#1791 = ADVANCED_FACE('',(#1792),#1811,.T.);
#1792 = FACE_BOUND('',#1793,.T.);
#1793 = EDGE_LOOP('',(#1794,#1795,#1803,#1810));
#1794 = ORIENTED_EDGE('',*,*,#1779,.T.);
#1795 = ORIENTED_EDGE('',*,*,#1796,.T.);
#1796 = EDGE_CURVE('',#1772,#1797,#1799,.T.);
#1797 = VERTEX_POINT('',#1798);
#1798 = CARTESIAN_POINT('',(-28.5,26.1,13.14));
#1799 = LINE('',#1800,#1801);
#1800 = CARTESIAN_POINT('',(-28.5,26.1,12.37));
#1801 = VECTOR('',#1802,1.);
#1802 = DIRECTION('',(0.,0.,1.));
#1803 = ORIENTED_EDGE('',*,*,#1804,.F.);
#1804 = EDGE_CURVE('',#537,#1797,#1805,.T.);
#1805 = ELLIPSE('',#1806,0.565685424949,0.4);
#1806 = AXIS2_PLACEMENT_3D('',#1807,#1808,#1809);
#1807 = CARTESIAN_POINT('',(-28.5,25.7,13.14));
#1808 = DIRECTION('',(-0.707106781187,0.,0.707106781187));
#1809 = DIRECTION('',(0.707106781187,0.,0.707106781187));
#1810 = ORIENTED_EDGE('',*,*,#544,.F.);
#1811 = CYLINDRICAL_SURFACE('',#1812,0.4);
#1812 = AXIS2_PLACEMENT_3D('',#1813,#1814,#1815);
#1813 = CARTESIAN_POINT('',(-28.5,25.7,12.37));
#1814 = DIRECTION('',(0.,0.,1.));
#1815 = DIRECTION('',(1.,-9.E-17,0.));
#1816 = ADVANCED_FACE('',(#1817),#1836,.T.);
#1817 = FACE_BOUND('',#1818,.T.);
#1818 = EDGE_LOOP('',(#1819,#1820,#1828,#1835));
#1819 = ORIENTED_EDGE('',*,*,#1804,.T.);
#1820 = ORIENTED_EDGE('',*,*,#1821,.T.);
#1821 = EDGE_CURVE('',#1797,#1822,#1824,.T.);
#1822 = VERTEX_POINT('',#1823);
#1823 = CARTESIAN_POINT('',(-39.3,26.1,13.14));
#1824 = LINE('',#1825,#1826);
#1825 = CARTESIAN_POINT('',(-28.1,26.1,13.14));
#1826 = VECTOR('',#1827,1.);
#1827 = DIRECTION('',(-1.,0.,0.));
#1828 = ORIENTED_EDGE('',*,*,#1829,.F.);
#1829 = EDGE_CURVE('',#559,#1822,#1830,.T.);
#1830 = ELLIPSE('',#1831,0.565685424949,0.4);
#1831 = AXIS2_PLACEMENT_3D('',#1832,#1833,#1834);
#1832 = CARTESIAN_POINT('',(-39.3,25.7,13.14));
#1833 = DIRECTION('',(-0.707106781187,-0.,-0.707106781187));
#1834 = DIRECTION('',(0.707106781187,0.,-0.707106781187));
#1835 = ORIENTED_EDGE('',*,*,#568,.F.);
#1836 = CYLINDRICAL_SURFACE('',#1837,0.4);
#1837 = AXIS2_PLACEMENT_3D('',#1838,#1839,#1840);
#1838 = CARTESIAN_POINT('',(-28.1,25.7,13.14));
#1839 = DIRECTION('',(-1.,0.,0.));
#1840 = DIRECTION('',(0.,2.2E-16,1.));
#1841 = ADVANCED_FACE('',(#1842),#1853,.T.);
#1842 = FACE_BOUND('',#1843,.T.);
#1843 = EDGE_LOOP('',(#1844,#1845,#1851,#1852));
#1844 = ORIENTED_EDGE('',*,*,#1829,.T.);
#1845 = ORIENTED_EDGE('',*,*,#1846,.T.);
#1846 = EDGE_CURVE('',#1822,#1763,#1847,.T.);
#1847 = LINE('',#1848,#1849);
#1848 = CARTESIAN_POINT('',(-39.3,26.1,13.54));
#1849 = VECTOR('',#1850,1.);
#1850 = DIRECTION('',(0.,0.,-1.));
#1851 = ORIENTED_EDGE('',*,*,#1762,.F.);
#1852 = ORIENTED_EDGE('',*,*,#583,.F.);
#1853 = CYLINDRICAL_SURFACE('',#1854,0.4);
#1854 = AXIS2_PLACEMENT_3D('',#1855,#1856,#1857);
#1855 = CARTESIAN_POINT('',(-39.3,25.7,13.54));
#1856 = DIRECTION('',(0.,0.,-1.));
#1857 = DIRECTION('',(-1.,-0.,-0.));
#1858 = ADVANCED_FACE('',(#1859),#1871,.T.);
#1859 = FACE_BOUND('',#1860,.F.);
#1860 = EDGE_LOOP('',(#1861,#1862,#1863,#1870));
#1861 = ORIENTED_EDGE('',*,*,#601,.T.);
#1862 = ORIENTED_EDGE('',*,*,#708,.T.);
#1863 = ORIENTED_EDGE('',*,*,#1864,.F.);
#1864 = EDGE_CURVE('',#618,#709,#1865,.T.);
#1865 = CIRCLE('',#1866,0.2);
#1866 = AXIS2_PLACEMENT_3D('',#1867,#1868,#1869);
#1867 = CARTESIAN_POINT('',(-45.5,-28.1,14.34));
#1868 = DIRECTION('',(0.,1.,-0.));
#1869 = DIRECTION('',(-1.,0.,0.));
#1870 = ORIENTED_EDGE('',*,*,#617,.F.);
#1871 = CYLINDRICAL_SURFACE('',#1872,0.2);
#1872 = AXIS2_PLACEMENT_3D('',#1873,#1874,#1875);
#1873 = CARTESIAN_POINT('',(-45.5,25.3,14.34));
#1874 = DIRECTION('',(0.,-1.,0.));
#1875 = DIRECTION('',(-1.,0.,0.));
#1876 = ADVANCED_FACE('',(#1877),#1902,.T.);
#1877 = FACE_BOUND('',#1878,.T.);
#1878 = EDGE_LOOP('',(#1879,#1887,#1895,#1901));
#1879 = ORIENTED_EDGE('',*,*,#1880,.T.);
#1880 = EDGE_CURVE('',#635,#1881,#1883,.T.);
#1881 = VERTEX_POINT('',#1882);
#1882 = CARTESIAN_POINT('',(-45.9,19.5,12.37));
#1883 = LINE('',#1884,#1885);
#1884 = CARTESIAN_POINT('',(-45.7,19.5,12.37));
#1885 = VECTOR('',#1886,1.);
#1886 = DIRECTION('',(-1.,0.,0.));
#1887 = ORIENTED_EDGE('',*,*,#1888,.T.);
#1888 = EDGE_CURVE('',#1881,#1889,#1891,.T.);
#1889 = VERTEX_POINT('',#1890);
#1890 = CARTESIAN_POINT('',(-45.9,19.5,13.54));
#1891 = LINE('',#1892,#1893);
#1892 = CARTESIAN_POINT('',(-45.9,19.5,12.37));
#1893 = VECTOR('',#1894,1.);
#1894 = DIRECTION('',(0.,0.,1.));
#1895 = ORIENTED_EDGE('',*,*,#1896,.F.);
#1896 = EDGE_CURVE('',#637,#1889,#1897,.T.);
#1897 = LINE('',#1898,#1899);
#1898 = CARTESIAN_POINT('',(-45.7,19.5,13.54));
#1899 = VECTOR('',#1900,1.);
#1900 = DIRECTION('',(-1.,0.,0.));
#1901 = ORIENTED_EDGE('',*,*,#634,.F.);
#1902 = PLANE('',#1903);
#1903 = AXIS2_PLACEMENT_3D('',#1904,#1905,#1906);
#1904 = CARTESIAN_POINT('',(-45.7,19.5,12.37));
#1905 = DIRECTION('',(0.,1.,0.));
#1906 = DIRECTION('',(0.,0.,1.));
#1907 = ADVANCED_FACE('',(#1908),#1926,.T.);
#1908 = FACE_BOUND('',#1909,.T.);
#1909 = EDGE_LOOP('',(#1910,#1911,#1919,#1925));
#1910 = ORIENTED_EDGE('',*,*,#1896,.T.);
#1911 = ORIENTED_EDGE('',*,*,#1912,.T.);
#1912 = EDGE_CURVE('',#1889,#1913,#1915,.T.);
#1913 = VERTEX_POINT('',#1914);
#1914 = CARTESIAN_POINT('',(-45.9,-22.3,13.54));
#1915 = LINE('',#1916,#1917);
#1916 = CARTESIAN_POINT('',(-45.9,19.5,13.54));
#1917 = VECTOR('',#1918,1.);
#1918 = DIRECTION('',(0.,-1.,0.));
#1919 = ORIENTED_EDGE('',*,*,#1920,.F.);
#1920 = EDGE_CURVE('',#653,#1913,#1921,.T.);
#1921 = LINE('',#1922,#1923);
#1922 = CARTESIAN_POINT('',(-45.7,-22.3,13.54));
#1923 = VECTOR('',#1924,1.);
#1924 = DIRECTION('',(-1.,0.,0.));
#1925 = ORIENTED_EDGE('',*,*,#660,.F.);
#1926 = PLANE('',#1927);
#1927 = AXIS2_PLACEMENT_3D('',#1928,#1929,#1930);
#1928 = CARTESIAN_POINT('',(-45.7,19.5,13.54));
#1929 = DIRECTION('',(0.,0.,1.));
#1930 = DIRECTION('',(0.,-1.,0.));
#1931 = ADVANCED_FACE('',(#1932),#1950,.T.);
#1932 = FACE_BOUND('',#1933,.T.);
#1933 = EDGE_LOOP('',(#1934,#1935,#1943,#1949));
#1934 = ORIENTED_EDGE('',*,*,#1920,.T.);
#1935 = ORIENTED_EDGE('',*,*,#1936,.T.);
#1936 = EDGE_CURVE('',#1913,#1937,#1939,.T.);
#1937 = VERTEX_POINT('',#1938);
#1938 = CARTESIAN_POINT('',(-45.9,-22.3,12.37));
#1939 = LINE('',#1940,#1941);
#1940 = CARTESIAN_POINT('',(-45.9,-22.3,13.54));
#1941 = VECTOR('',#1942,1.);
#1942 = DIRECTION('',(0.,0.,-1.));
#1943 = ORIENTED_EDGE('',*,*,#1944,.F.);
#1944 = EDGE_CURVE('',#645,#1937,#1945,.T.);
#1945 = LINE('',#1946,#1947);
#1946 = CARTESIAN_POINT('',(-45.7,-22.3,12.37));
#1947 = VECTOR('',#1948,1.);
#1948 = DIRECTION('',(-1.,0.,0.));
#1949 = ORIENTED_EDGE('',*,*,#652,.F.);
#1950 = PLANE('',#1951);
#1951 = AXIS2_PLACEMENT_3D('',#1952,#1953,#1954);
#1952 = CARTESIAN_POINT('',(-45.7,-22.3,13.54));
#1953 = DIRECTION('',(-0.,-1.,-0.));
#1954 = DIRECTION('',(0.,0.,-1.));
#1955 = ADVANCED_FACE('',(#1956),#1967,.T.);
#1956 = FACE_BOUND('',#1957,.T.);
#1957 = EDGE_LOOP('',(#1958,#1959,#1965,#1966));
#1958 = ORIENTED_EDGE('',*,*,#1944,.T.);
#1959 = ORIENTED_EDGE('',*,*,#1960,.T.);
#1960 = EDGE_CURVE('',#1937,#1881,#1961,.T.);
#1961 = LINE('',#1962,#1963);
#1962 = CARTESIAN_POINT('',(-45.9,-22.3,12.37));
#1963 = VECTOR('',#1964,1.);
#1964 = DIRECTION('',(0.,1.,0.));
#1965 = ORIENTED_EDGE('',*,*,#1880,.F.);
#1966 = ORIENTED_EDGE('',*,*,#644,.F.);
#1967 = PLANE('',#1968);
#1968 = AXIS2_PLACEMENT_3D('',#1969,#1970,#1971);
#1969 = CARTESIAN_POINT('',(-45.7,-22.3,12.37));
#1970 = DIRECTION('',(0.,0.,-1.));
#1971 = DIRECTION('',(0.,1.,0.));
#1972 = ADVANCED_FACE('',(#1973),#1985,.T.);
#1973 = FACE_BOUND('',#1974,.F.);
#1974 = EDGE_LOOP('',(#1975,#1982,#1983,#1984));
#1975 = ORIENTED_EDGE('',*,*,#1976,.T.);
#1976 = EDGE_CURVE('',#974,#709,#1977,.T.);
#1977 = CIRCLE('',#1978,0.2);
#1978 = AXIS2_PLACEMENT_3D('',#1979,#1980,#1981);
#1979 = CARTESIAN_POINT('',(-45.5,-28.1,14.34));
#1980 = DIRECTION('',(-1.,3.391901413833E-15,0.));
#1981 = DIRECTION('',(-3.391901413833E-15,-1.,0.));
#1982 = ORIENTED_EDGE('',*,*,#716,.T.);
#1983 = ORIENTED_EDGE('',*,*,#1077,.F.);
#1984 = ORIENTED_EDGE('',*,*,#997,.F.);
#1985 = CYLINDRICAL_SURFACE('',#1986,0.2);
#1986 = AXIS2_PLACEMENT_3D('',#1987,#1988,#1989);
#1987 = CARTESIAN_POINT('',(-45.5,-28.1,14.34));
#1988 = DIRECTION('',(1.,0.,0.));
#1989 = DIRECTION('',(0.,-1.,0.));
#1990 = ADVANCED_FACE('',(#1991),#2034,.T.);
#1991 = FACE_BOUND('',#1992,.T.);
#1992 = EDGE_LOOP('',(#1993,#1994,#1995,#1996,#2004,#2012,#2020,#2028));
#1993 = ORIENTED_EDGE('',*,*,#1688,.T.);
#1994 = ORIENTED_EDGE('',*,*,#692,.T.);
#1995 = ORIENTED_EDGE('',*,*,#1157,.F.);
#1996 = ORIENTED_EDGE('',*,*,#1997,.F.);
#1997 = EDGE_CURVE('',#1998,#1148,#2000,.T.);
#1998 = VERTEX_POINT('',#1999);
#1999 = CARTESIAN_POINT('',(-44.7,-19.3,5.54));
#2000 = LINE('',#2001,#2002);
#2001 = CARTESIAN_POINT('',(-44.7,24.5,5.54));
#2002 = VECTOR('',#2003,1.);
#2003 = DIRECTION('',(0.,-1.,0.));
#2004 = ORIENTED_EDGE('',*,*,#2005,.T.);
#2005 = EDGE_CURVE('',#1998,#2006,#2008,.T.);
#2006 = VERTEX_POINT('',#2007);
#2007 = CARTESIAN_POINT('',(-44.7,-19.3,4.54));
#2008 = LINE('',#2009,#2010);
#2009 = CARTESIAN_POINT('',(-44.7,-19.3,5.54));
#2010 = VECTOR('',#2011,1.);
#2011 = DIRECTION('',(-0.,-0.,-1.));
#2012 = ORIENTED_EDGE('',*,*,#2013,.F.);
#2013 = EDGE_CURVE('',#2014,#2006,#2016,.T.);
#2014 = VERTEX_POINT('',#2015);
#2015 = CARTESIAN_POINT('',(-44.7,16.5,4.54));
#2016 = LINE('',#2017,#2018);
#2017 = CARTESIAN_POINT('',(-44.7,16.5,4.54));
#2018 = VECTOR('',#2019,1.);
#2019 = DIRECTION('',(0.,-1.,0.));
#2020 = ORIENTED_EDGE('',*,*,#2021,.F.);
#2021 = EDGE_CURVE('',#2022,#2014,#2024,.T.);
#2022 = VERTEX_POINT('',#2023);
#2023 = CARTESIAN_POINT('',(-44.7,16.5,5.54));
#2024 = LINE('',#2025,#2026);
#2025 = CARTESIAN_POINT('',(-44.7,16.5,5.54));
#2026 = VECTOR('',#2027,1.);
#2027 = DIRECTION('',(-0.,-0.,-1.));
#2028 = ORIENTED_EDGE('',*,*,#2029,.F.);
#2029 = EDGE_CURVE('',#1689,#2022,#2030,.T.);
#2030 = LINE('',#2031,#2032);
#2031 = CARTESIAN_POINT('',(-44.7,24.5,5.54));
#2032 = VECTOR('',#2033,1.);
#2033 = DIRECTION('',(0.,-1.,0.));
#2034 = PLANE('',#2035);
#2035 = AXIS2_PLACEMENT_3D('',#2036,#2037,#2038);
#2036 = CARTESIAN_POINT('',(-44.7,-1.4,9.669449838188));
#2037 = DIRECTION('',(1.,0.,0.));
#2038 = DIRECTION('',(0.,0.,1.));
#2039 = ADVANCED_FACE('',(#2040),#2082,.T.);
#2040 = FACE_BOUND('',#2041,.T.);
#2041 = EDGE_LOOP('',(#2042,#2043,#2049,#2050,#2058,#2066,#2075,#2081));
#2042 = ORIENTED_EDGE('',*,*,#1335,.T.);
#2043 = ORIENTED_EDGE('',*,*,#2044,.F.);
#2044 = EDGE_CURVE('',#731,#1328,#2045,.T.);
#2045 = LINE('',#2046,#2047);
#2046 = CARTESIAN_POINT('',(49.097870334046,23.202129665954,11.37));
#2047 = VECTOR('',#2048,1.);
#2048 = DIRECTION('',(0.707106781187,-0.707106781187,0.));
#2049 = ORIENTED_EDGE('',*,*,#730,.T.);
#2050 = ORIENTED_EDGE('',*,*,#2051,.T.);
#2051 = EDGE_CURVE('',#733,#2052,#2054,.T.);
#2052 = VERTEX_POINT('',#2053);
#2053 = CARTESIAN_POINT('',(31.21,25.5,11.37));
#2054 = LINE('',#2055,#2056);
#2055 = CARTESIAN_POINT('',(31.21,11.55,11.37));
#2056 = VECTOR('',#2057,1.);
#2057 = DIRECTION('',(0.,-1.,0.));
#2058 = ORIENTED_EDGE('',*,*,#2059,.F.);
#2059 = EDGE_CURVE('',#2060,#2052,#2062,.T.);
#2060 = VERTEX_POINT('',#2061);
#2061 = CARTESIAN_POINT('',(45.1,25.5,11.37));
#2062 = LINE('',#2063,#2064);
#2063 = CARTESIAN_POINT('',(45.3,25.5,11.37));
#2064 = VECTOR('',#2065,1.);
#2065 = DIRECTION('',(-1.,0.,0.));
#2066 = ORIENTED_EDGE('',*,*,#2067,.F.);
#2067 = EDGE_CURVE('',#2068,#2060,#2070,.T.);
#2068 = VERTEX_POINT('',#2069);
#2069 = CARTESIAN_POINT('',(45.3,25.3,11.37));
#2070 = CIRCLE('',#2071,0.2);
#2071 = AXIS2_PLACEMENT_3D('',#2072,#2073,#2074);
#2072 = CARTESIAN_POINT('',(45.1,25.3,11.37));
#2073 = DIRECTION('',(-0.,0.,1.));
#2074 = DIRECTION('',(0.,-1.,0.));
#2075 = ORIENTED_EDGE('',*,*,#2076,.F.);
#2076 = EDGE_CURVE('',#1464,#2068,#2077,.T.);
#2077 = LINE('',#2078,#2079);
#2078 = CARTESIAN_POINT('',(45.3,-28.3,11.37));
#2079 = VECTOR('',#2080,1.);
#2080 = DIRECTION('',(0.,1.,0.));
#2081 = ORIENTED_EDGE('',*,*,#1472,.F.);
#2082 = PLANE('',#2083);
#2083 = AXIS2_PLACEMENT_3D('',#2084,#2085,#2086);
#2084 = CARTESIAN_POINT('',(43.881166935347,11.889685599164,11.37));
#2085 = DIRECTION('',(0.,0.,1.));
#2086 = DIRECTION('',(1.,0.,0.));
#2087 = ADVANCED_FACE('',(#2088),#2099,.T.);
#2088 = FACE_BOUND('',#2089,.F.);
#2089 = EDGE_LOOP('',(#2090,#2091,#2092,#2098));
#2090 = ORIENTED_EDGE('',*,*,#2044,.F.);
#2091 = ORIENTED_EDGE('',*,*,#740,.T.);
#2092 = ORIENTED_EDGE('',*,*,#2093,.T.);
#2093 = EDGE_CURVE('',#741,#1320,#2094,.T.);
#2094 = LINE('',#2095,#2096);
#2095 = CARTESIAN_POINT('',(46.05,26.25,5.04));
#2096 = VECTOR('',#2097,1.);
#2097 = DIRECTION('',(0.707106781187,-0.707106781187,0.));
#2098 = ORIENTED_EDGE('',*,*,#1327,.F.);
#2099 = PLANE('',#2100);
#2100 = AXIS2_PLACEMENT_3D('',#2101,#2102,#2103);
#2101 = CARTESIAN_POINT('',(46.05,26.25,11.37));
#2102 = DIRECTION('',(0.707106781187,0.707106781187,1.007248749212E-15)
  );
#2103 = DIRECTION('',(-7.122324209094E-16,-7.122324209094E-16,1.));
#2104 = ADVANCED_FACE('',(#2105),#2139,.T.);
#2105 = FACE_BOUND('',#2106,.T.);
#2106 = EDGE_LOOP('',(#2107,#2115,#2116,#2117,#2123,#2124,#2132));
#2107 = ORIENTED_EDGE('',*,*,#2108,.T.);
#2108 = EDGE_CURVE('',#2109,#2052,#2111,.T.);
#2109 = VERTEX_POINT('',#2110);
#2110 = CARTESIAN_POINT('',(31.21,25.5,14.34));
#2111 = LINE('',#2112,#2113);
#2112 = CARTESIAN_POINT('',(31.21,25.5,12.955));
#2113 = VECTOR('',#2114,1.);
#2114 = DIRECTION('',(0.,0.,-1.));
#2115 = ORIENTED_EDGE('',*,*,#2051,.F.);
#2116 = ORIENTED_EDGE('',*,*,#805,.T.);
#2117 = ORIENTED_EDGE('',*,*,#2118,.F.);
#2118 = EDGE_CURVE('',#1631,#798,#2119,.T.);
#2119 = LINE('',#2120,#2121);
#2120 = CARTESIAN_POINT('',(31.21,24.5,11.24));
#2121 = VECTOR('',#2122,1.);
#2122 = DIRECTION('',(0.,1.,-2.2E-16));
#2123 = ORIENTED_EDGE('',*,*,#1630,.F.);
#2124 = ORIENTED_EDGE('',*,*,#2125,.T.);
#2125 = EDGE_CURVE('',#1623,#2126,#2128,.T.);
#2126 = VERTEX_POINT('',#2127);
#2127 = CARTESIAN_POINT('',(31.21,25.3,14.54));
#2128 = LINE('',#2129,#2130);
#2129 = CARTESIAN_POINT('',(31.21,24.5,14.54));
#2130 = VECTOR('',#2131,1.);
#2131 = DIRECTION('',(0.,1.,-2.2E-16));
#2132 = ORIENTED_EDGE('',*,*,#2133,.F.);
#2133 = EDGE_CURVE('',#2109,#2126,#2134,.T.);
#2134 = CIRCLE('',#2135,0.2);
#2135 = AXIS2_PLACEMENT_3D('',#2136,#2137,#2138);
#2136 = CARTESIAN_POINT('',(31.21,25.3,14.34));
#2137 = DIRECTION('',(1.,-0.,0.));
#2138 = DIRECTION('',(0.,0.,-1.));
#2139 = PLANE('',#2140);
#2140 = AXIS2_PLACEMENT_3D('',#2141,#2142,#2143);
#2141 = CARTESIAN_POINT('',(31.21,24.5,14.54));
#2142 = DIRECTION('',(-1.,0.,0.));
#2143 = DIRECTION('',(0.,-2.2E-16,-1.));
#2144 = ADVANCED_FACE('',(#2145),#2170,.F.);
#2145 = FACE_BOUND('',#2146,.T.);
#2146 = EDGE_LOOP('',(#2147,#2155,#2156,#2164));
#2147 = ORIENTED_EDGE('',*,*,#2148,.T.);
#2148 = EDGE_CURVE('',#2149,#749,#2151,.T.);
#2149 = VERTEX_POINT('',#2150);
#2150 = CARTESIAN_POINT('',(-45.7,25.5,3.54));
#2151 = LINE('',#2152,#2153);
#2152 = CARTESIAN_POINT('',(-45.7,25.875,3.915));
#2153 = VECTOR('',#2154,1.);
#2154 = DIRECTION('',(2.115258955022E-15,0.707106781187,0.707106781187)
  );
#2155 = ORIENTED_EDGE('',*,*,#748,.T.);
#2156 = ORIENTED_EDGE('',*,*,#2157,.F.);
#2157 = EDGE_CURVE('',#2158,#741,#2160,.T.);
#2158 = VERTEX_POINT('',#2159);
#2159 = CARTESIAN_POINT('',(45.3,25.5,3.54));
#2160 = LINE('',#2161,#2162);
#2161 = CARTESIAN_POINT('',(45.3,25.875,3.915));
#2162 = VECTOR('',#2163,1.);
#2163 = DIRECTION('',(9.614813431918E-17,0.707106781187,0.707106781187)
  );
#2164 = ORIENTED_EDGE('',*,*,#2165,.F.);
#2165 = EDGE_CURVE('',#2149,#2158,#2166,.T.);
#2166 = LINE('',#2167,#2168);
#2167 = CARTESIAN_POINT('',(-47.2,25.5,3.54));
#2168 = VECTOR('',#2169,1.);
#2169 = DIRECTION('',(1.,0.,0.));
#2170 = PLANE('',#2171);
#2171 = AXIS2_PLACEMENT_3D('',#2172,#2173,#2174);
#2172 = CARTESIAN_POINT('',(-47.2,26.25,4.29));
#2173 = DIRECTION('',(0.,-0.707106781187,0.707106781187));
#2174 = DIRECTION('',(-1.,-0.,-0.));
#2175 = ADVANCED_FACE('',(#2176),#2187,.F.);
#2176 = FACE_BOUND('',#2177,.F.);
#2177 = EDGE_LOOP('',(#2178,#2184,#2185,#2186));
#2178 = ORIENTED_EDGE('',*,*,#2179,.T.);
#2179 = EDGE_CURVE('',#1639,#790,#2180,.T.);
#2180 = LINE('',#2181,#2182);
#2181 = CARTESIAN_POINT('',(26.97,24.5,11.24));
#2182 = VECTOR('',#2183,1.);
#2183 = DIRECTION('',(0.,1.,-2.2E-16));
#2184 = ORIENTED_EDGE('',*,*,#797,.T.);
#2185 = ORIENTED_EDGE('',*,*,#2118,.F.);
#2186 = ORIENTED_EDGE('',*,*,#1638,.F.);
#2187 = PLANE('',#2188);
#2188 = AXIS2_PLACEMENT_3D('',#2189,#2190,#2191);
#2189 = CARTESIAN_POINT('',(26.97,24.5,11.24));
#2190 = DIRECTION('',(0.,-2.2E-16,-1.));
#2191 = DIRECTION('',(1.,0.,0.));
#2192 = ADVANCED_FACE('',(#2193),#2229,.F.);
#2193 = FACE_BOUND('',#2194,.F.);
#2194 = EDGE_LOOP('',(#2195,#2205,#2211,#2212,#2213,#2214,#2222));
#2195 = ORIENTED_EDGE('',*,*,#2196,.T.);
#2196 = EDGE_CURVE('',#2197,#2199,#2201,.T.);
#2197 = VERTEX_POINT('',#2198);
#2198 = CARTESIAN_POINT('',(26.97,25.5,14.34));
#2199 = VERTEX_POINT('',#2200);
#2200 = CARTESIAN_POINT('',(26.97,25.5,11.37));
#2201 = LINE('',#2202,#2203);
#2202 = CARTESIAN_POINT('',(26.97,25.5,12.955));
#2203 = VECTOR('',#2204,1.);
#2204 = DIRECTION('',(0.,0.,-1.));
#2205 = ORIENTED_EDGE('',*,*,#2206,.F.);
#2206 = EDGE_CURVE('',#782,#2199,#2207,.T.);
#2207 = LINE('',#2208,#2209);
#2208 = CARTESIAN_POINT('',(26.97,11.55,11.37));
#2209 = VECTOR('',#2210,1.);
#2210 = DIRECTION('',(0.,-1.,0.));
#2211 = ORIENTED_EDGE('',*,*,#789,.T.);
#2212 = ORIENTED_EDGE('',*,*,#2179,.F.);
#2213 = ORIENTED_EDGE('',*,*,#1646,.F.);
#2214 = ORIENTED_EDGE('',*,*,#2215,.T.);
#2215 = EDGE_CURVE('',#1647,#2216,#2218,.T.);
#2216 = VERTEX_POINT('',#2217);
#2217 = CARTESIAN_POINT('',(26.97,25.3,14.54));
#2218 = LINE('',#2219,#2220);
#2219 = CARTESIAN_POINT('',(26.97,24.5,14.54));
#2220 = VECTOR('',#2221,1.);
#2221 = DIRECTION('',(0.,1.,-2.2E-16));
#2222 = ORIENTED_EDGE('',*,*,#2223,.F.);
#2223 = EDGE_CURVE('',#2197,#2216,#2224,.T.);
#2224 = CIRCLE('',#2225,0.2);
#2225 = AXIS2_PLACEMENT_3D('',#2226,#2227,#2228);
#2226 = CARTESIAN_POINT('',(26.97,25.3,14.34));
#2227 = DIRECTION('',(1.,-0.,0.));
#2228 = DIRECTION('',(0.,0.,-1.));
#2229 = PLANE('',#2230);
#2230 = AXIS2_PLACEMENT_3D('',#2231,#2232,#2233);
#2231 = CARTESIAN_POINT('',(26.97,24.5,14.54));
#2232 = DIRECTION('',(-1.,0.,0.));
#2233 = DIRECTION('',(0.,-2.2E-16,-1.));
#2234 = ADVANCED_FACE('',(#2235),#2253,.T.);
#2235 = FACE_BOUND('',#2236,.T.);
#2236 = EDGE_LOOP('',(#2237,#2238,#2246,#2252));
#2237 = ORIENTED_EDGE('',*,*,#781,.T.);
#2238 = ORIENTED_EDGE('',*,*,#2239,.T.);
#2239 = EDGE_CURVE('',#773,#2240,#2242,.T.);
#2240 = VERTEX_POINT('',#2241);
#2241 = CARTESIAN_POINT('',(-16.85481294897,25.5,11.37));
#2242 = LINE('',#2243,#2244);
#2243 = CARTESIAN_POINT('',(-16.85481294897,24.5,11.37));
#2244 = VECTOR('',#2245,1.);
#2245 = DIRECTION('',(0.,-1.,2.2E-16));
#2246 = ORIENTED_EDGE('',*,*,#2247,.F.);
#2247 = EDGE_CURVE('',#2199,#2240,#2248,.T.);
#2248 = LINE('',#2249,#2250);
#2249 = CARTESIAN_POINT('',(45.3,25.5,11.37));
#2250 = VECTOR('',#2251,1.);
#2251 = DIRECTION('',(-1.,0.,0.));
#2252 = ORIENTED_EDGE('',*,*,#2206,.F.);
#2253 = PLANE('',#2254);
#2254 = AXIS2_PLACEMENT_3D('',#2255,#2256,#2257);
#2255 = CARTESIAN_POINT('',(-0.2,-1.4,11.37));
#2256 = DIRECTION('',(0.,0.,1.));
#2257 = DIRECTION('',(1.,0.,0.));
#2258 = ADVANCED_FACE('',(#2259),#2305,.F.);
#2259 = FACE_BOUND('',#2260,.F.);
#2260 = EDGE_LOOP('',(#2261,#2262,#2263,#2264,#2265,#2274,#2282,#2291,
    #2299));
#2261 = ORIENTED_EDGE('',*,*,#1670,.F.);
#2262 = ORIENTED_EDGE('',*,*,#1736,.T.);
#2263 = ORIENTED_EDGE('',*,*,#772,.T.);
#2264 = ORIENTED_EDGE('',*,*,#2239,.T.);
#2265 = ORIENTED_EDGE('',*,*,#2266,.T.);
#2266 = EDGE_CURVE('',#2240,#2267,#2269,.T.);
#2267 = VERTEX_POINT('',#2268);
#2268 = CARTESIAN_POINT('',(-16.3013961043,25.5,12.37));
#2269 = CIRCLE('',#2270,1.29);
#2270 = AXIS2_PLACEMENT_3D('',#2271,#2272,#2273);
#2271 = CARTESIAN_POINT('',(-17.59,25.5,12.43));
#2272 = DIRECTION('',(0.,-1.,2.2E-16));
#2273 = DIRECTION('',(1.,0.,0.));
#2274 = ORIENTED_EDGE('',*,*,#2275,.F.);
#2275 = EDGE_CURVE('',#2276,#2267,#2278,.T.);
#2276 = VERTEX_POINT('',#2277);
#2277 = CARTESIAN_POINT('',(-16.3013961043,26.1,12.37));
#2278 = LINE('',#2279,#2280);
#2279 = CARTESIAN_POINT('',(-16.3013961043,24.5,12.37));
#2280 = VECTOR('',#2281,1.);
#2281 = DIRECTION('',(0.,-1.,2.2E-16));
#2282 = ORIENTED_EDGE('',*,*,#2283,.T.);
#2283 = EDGE_CURVE('',#2276,#2284,#2286,.T.);
#2284 = VERTEX_POINT('',#2285);
#2285 = CARTESIAN_POINT('',(-16.3,26.1,12.43));
#2286 = CIRCLE('',#2287,1.29);
#2287 = AXIS2_PLACEMENT_3D('',#2288,#2289,#2290);
#2288 = CARTESIAN_POINT('',(-17.59,26.1,12.43));
#2289 = DIRECTION('',(0.,-1.,2.2E-16));
#2290 = DIRECTION('',(1.,0.,0.));
#2291 = ORIENTED_EDGE('',*,*,#2292,.F.);
#2292 = EDGE_CURVE('',#2293,#2284,#2295,.T.);
#2293 = VERTEX_POINT('',#2294);
#2294 = CARTESIAN_POINT('',(-16.3,25.5,12.43));
#2295 = LINE('',#2296,#2297);
#2296 = CARTESIAN_POINT('',(-16.3,24.5,12.43));
#2297 = VECTOR('',#2298,1.);
#2298 = DIRECTION('',(0.,1.,-2.2E-16));
#2299 = ORIENTED_EDGE('',*,*,#2300,.F.);
#2300 = EDGE_CURVE('',#1663,#2293,#2301,.T.);
#2301 = LINE('',#2302,#2303);
#2302 = CARTESIAN_POINT('',(-16.3,24.5,12.43));
#2303 = VECTOR('',#2304,1.);
#2304 = DIRECTION('',(0.,1.,-2.2E-16));
#2305 = CYLINDRICAL_SURFACE('',#2306,1.29);
#2306 = AXIS2_PLACEMENT_3D('',#2307,#2308,#2309);
#2307 = CARTESIAN_POINT('',(-17.59,24.5,12.43));
#2308 = DIRECTION('',(0.,-1.,2.2E-16));
#2309 = DIRECTION('',(1.,0.,0.));
#2310 = ADVANCED_FACE('',(#2311),#2321,.F.);
#2311 = FACE_BOUND('',#2312,.F.);
#2312 = EDGE_LOOP('',(#2313,#2319,#2320));
#2313 = ORIENTED_EDGE('',*,*,#2314,.F.);
#2314 = EDGE_CURVE('',#2149,#822,#2315,.T.);
#2315 = LINE('',#2316,#2317);
#2316 = CARTESIAN_POINT('',(-46.075,25.5,3.915));
#2317 = VECTOR('',#2318,1.);
#2318 = DIRECTION('',(-0.707106781187,9.614813431918E-17,0.707106781187)
  );
#2319 = ORIENTED_EDGE('',*,*,#2148,.T.);
#2320 = ORIENTED_EDGE('',*,*,#829,.F.);
#2321 = PLANE('',#2322);
#2322 = AXIS2_PLACEMENT_3D('',#2323,#2324,#2325);
#2323 = CARTESIAN_POINT('',(-45.7,25.5,3.54));
#2324 = DIRECTION('',(0.57735026919,-0.57735026919,0.57735026919));
#2325 = DIRECTION('',(0.707106781187,0.707106781187,-1.942890293094E-15)
  );
#2326 = ADVANCED_FACE('',(#2327),#2345,.F.);
#2327 = FACE_BOUND('',#2328,.T.);
#2328 = EDGE_LOOP('',(#2329,#2337,#2338,#2339));
#2329 = ORIENTED_EDGE('',*,*,#2330,.T.);
#2330 = EDGE_CURVE('',#2331,#846,#2333,.T.);
#2331 = VERTEX_POINT('',#2332);
#2332 = CARTESIAN_POINT('',(-45.7,-28.3,3.54));
#2333 = LINE('',#2334,#2335);
#2334 = CARTESIAN_POINT('',(-46.075,-28.3,3.915));
#2335 = VECTOR('',#2336,1.);
#2336 = DIRECTION('',(-0.707106781187,-1.922962686384E-16,0.707106781187
    ));
#2337 = ORIENTED_EDGE('',*,*,#845,.T.);
#2338 = ORIENTED_EDGE('',*,*,#2314,.F.);
#2339 = ORIENTED_EDGE('',*,*,#2340,.F.);
#2340 = EDGE_CURVE('',#2331,#2149,#2341,.T.);
#2341 = LINE('',#2342,#2343);
#2342 = CARTESIAN_POINT('',(-45.7,-29.8,3.54));
#2343 = VECTOR('',#2344,1.);
#2344 = DIRECTION('',(0.,1.,0.));
#2345 = PLANE('',#2346);
#2346 = AXIS2_PLACEMENT_3D('',#2347,#2348,#2349);
#2347 = CARTESIAN_POINT('',(-46.45,-29.8,4.29));
#2348 = DIRECTION('',(0.707106781187,0.,0.707106781187));
#2349 = DIRECTION('',(-0.,-1.,-0.));
#2350 = ADVANCED_FACE('',(#2351),#2362,.F.);
#2351 = FACE_BOUND('',#2352,.T.);
#2352 = EDGE_LOOP('',(#2353,#2354,#2355,#2356));
#2353 = ORIENTED_EDGE('',*,*,#900,.F.);
#2354 = ORIENTED_EDGE('',*,*,#868,.T.);
#2355 = ORIENTED_EDGE('',*,*,#957,.T.);
#2356 = ORIENTED_EDGE('',*,*,#2357,.F.);
#2357 = EDGE_CURVE('',#891,#947,#2358,.T.);
#2358 = LINE('',#2359,#2360);
#2359 = CARTESIAN_POINT('',(-46.25,6.099999999693,10.87));
#2360 = VECTOR('',#2361,1.);
#2361 = DIRECTION('',(-4.4E-16,-1.,-2.2E-16));
#2362 = PLANE('',#2363);
#2363 = AXIS2_PLACEMENT_3D('',#2364,#2365,#2366);
#2364 = CARTESIAN_POINT('',(-46.725,6.099999999693,10.395));
#2365 = DIRECTION('',(0.707106781187,1.8E-16,-0.707106781187));
#2366 = DIRECTION('',(2.027207793864E-16,1.,4.572792206136E-16));
#2367 = ADVANCED_FACE('',(#2368),#2374,.F.);
#2368 = FACE_BOUND('',#2369,.F.);
#2369 = EDGE_LOOP('',(#2370,#2371,#2372,#2373));
#2370 = ORIENTED_EDGE('',*,*,#890,.T.);
#2371 = ORIENTED_EDGE('',*,*,#923,.T.);
#2372 = ORIENTED_EDGE('',*,*,#946,.F.);
#2373 = ORIENTED_EDGE('',*,*,#2357,.F.);
#2374 = PLANE('',#2375);
#2375 = AXIS2_PLACEMENT_3D('',#2376,#2377,#2378);
#2376 = CARTESIAN_POINT('',(-47.2,6.099999999693,10.87));
#2377 = DIRECTION('',(1.1E-16,2.2E-16,-1.));
#2378 = DIRECTION('',(-4.4E-16,-1.,-2.2E-16));
#2379 = ADVANCED_FACE('',(#2380),#2385,.T.);
#2380 = FACE_BOUND('',#2381,.T.);
#2381 = EDGE_LOOP('',(#2382,#2383,#2384));
#2382 = ORIENTED_EDGE('',*,*,#1864,.F.);
#2383 = ORIENTED_EDGE('',*,*,#981,.T.);
#2384 = ORIENTED_EDGE('',*,*,#1976,.T.);
#2385 = SPHERICAL_SURFACE('',#2386,0.2);
#2386 = AXIS2_PLACEMENT_3D('',#2387,#2388,#2389);
#2387 = CARTESIAN_POINT('',(-45.5,-28.1,14.34));
#2388 = DIRECTION('',(0.,0.,1.));
#2389 = DIRECTION('',(-1.,-4.440892098501E-15,0.));
#2390 = ADVANCED_FACE('',(#2391),#2409,.F.);
#2391 = FACE_BOUND('',#2392,.F.);
#2392 = EDGE_LOOP('',(#2393,#2401,#2402,#2403));
#2393 = ORIENTED_EDGE('',*,*,#2394,.F.);
#2394 = EDGE_CURVE('',#1014,#2395,#2397,.T.);
#2395 = VERTEX_POINT('',#2396);
#2396 = CARTESIAN_POINT('',(-39.7,-28.5,13.54));
#2397 = LINE('',#2398,#2399);
#2398 = CARTESIAN_POINT('',(-39.7,-28.3,13.54));
#2399 = VECTOR('',#2400,1.);
#2400 = DIRECTION('',(0.,-1.,2.2E-16));
#2401 = ORIENTED_EDGE('',*,*,#1013,.F.);
#2402 = ORIENTED_EDGE('',*,*,#1109,.F.);
#2403 = ORIENTED_EDGE('',*,*,#2404,.T.);
#2404 = EDGE_CURVE('',#1102,#2395,#2405,.T.);
#2405 = LINE('',#2406,#2407);
#2406 = CARTESIAN_POINT('',(20.64,-28.5,13.54));
#2407 = VECTOR('',#2408,1.);
#2408 = DIRECTION('',(-1.,0.,0.));
#2409 = PLANE('',#2410);
#2410 = AXIS2_PLACEMENT_3D('',#2411,#2412,#2413);
#2411 = CARTESIAN_POINT('',(41.3,-28.3,13.54));
#2412 = DIRECTION('',(-0.,-2.2E-16,-1.));
#2413 = DIRECTION('',(-1.,0.,0.));
#2414 = ADVANCED_FACE('',(#2415),#2433,.F.);
#2415 = FACE_BOUND('',#2416,.F.);
#2416 = EDGE_LOOP('',(#2417,#2418,#2419,#2427));
#2417 = ORIENTED_EDGE('',*,*,#1093,.F.);
#2418 = ORIENTED_EDGE('',*,*,#1029,.F.);
#2419 = ORIENTED_EDGE('',*,*,#2420,.T.);
#2420 = EDGE_CURVE('',#1022,#2421,#2423,.T.);
#2421 = VERTEX_POINT('',#2422);
#2422 = CARTESIAN_POINT('',(-39.7,-28.5,12.37));
#2423 = LINE('',#2424,#2425);
#2424 = CARTESIAN_POINT('',(-39.7,-28.3,12.37));
#2425 = VECTOR('',#2426,1.);
#2426 = DIRECTION('',(0.,-1.,2.2E-16));
#2427 = ORIENTED_EDGE('',*,*,#2428,.T.);
#2428 = EDGE_CURVE('',#2421,#1094,#2429,.T.);
#2429 = LINE('',#2430,#2431);
#2430 = CARTESIAN_POINT('',(-39.7,-28.5,12.37));
#2431 = VECTOR('',#2432,1.);
#2432 = DIRECTION('',(1.,0.,0.));
#2433 = PLANE('',#2434);
#2434 = AXIS2_PLACEMENT_3D('',#2435,#2436,#2437);
#2435 = CARTESIAN_POINT('',(-39.7,-28.3,12.37));
#2436 = DIRECTION('',(0.,2.2E-16,1.));
#2437 = DIRECTION('',(1.,0.,0.));
#2438 = ADVANCED_FACE('',(#2439),#2450,.F.);
#2439 = FACE_BOUND('',#2440,.F.);
#2440 = EDGE_LOOP('',(#2441,#2442,#2448,#2449));
#2441 = ORIENTED_EDGE('',*,*,#2394,.T.);
#2442 = ORIENTED_EDGE('',*,*,#2443,.T.);
#2443 = EDGE_CURVE('',#2395,#2421,#2444,.T.);
#2444 = LINE('',#2445,#2446);
#2445 = CARTESIAN_POINT('',(-39.7,-28.5,13.54));
#2446 = VECTOR('',#2447,1.);
#2447 = DIRECTION('',(0.,0.,-1.));
#2448 = ORIENTED_EDGE('',*,*,#2420,.F.);
#2449 = ORIENTED_EDGE('',*,*,#1021,.F.);
#2450 = PLANE('',#2451);
#2451 = AXIS2_PLACEMENT_3D('',#2452,#2453,#2454);
#2452 = CARTESIAN_POINT('',(-39.7,-28.3,13.54));
#2453 = DIRECTION('',(1.,0.,0.));
#2454 = DIRECTION('',(0.,-2.2E-16,-1.));
#2455 = ADVANCED_FACE('',(#2456),#2466,.T.);
#2456 = FACE_BOUND('',#2457,.T.);
#2457 = EDGE_LOOP('',(#2458,#2459,#2465));
#2458 = ORIENTED_EDGE('',*,*,#2330,.F.);
#2459 = ORIENTED_EDGE('',*,*,#2460,.T.);
#2460 = EDGE_CURVE('',#2331,#1055,#2461,.T.);
#2461 = LINE('',#2462,#2463);
#2462 = CARTESIAN_POINT('',(-45.7,-28.675,3.915));
#2463 = VECTOR('',#2464,1.);
#2464 = DIRECTION('',(-9.614813431918E-17,-0.707106781187,0.707106781187
    ));
#2465 = ORIENTED_EDGE('',*,*,#1062,.F.);
#2466 = PLANE('',#2467);
#2467 = AXIS2_PLACEMENT_3D('',#2468,#2469,#2470);
#2468 = CARTESIAN_POINT('',(-45.7,-28.3,3.54));
#2469 = DIRECTION('',(-0.57735026919,-0.57735026919,-0.57735026919));
#2470 = DIRECTION('',(0.707106781187,-0.707106781187,5.551115123126E-17)
  );
#2471 = ADVANCED_FACE('',(#2472),#2499,.T.);
#2472 = FACE_BOUND('',#2473,.F.);
#2473 = EDGE_LOOP('',(#2474,#2483,#2491,#2498));
#2474 = ORIENTED_EDGE('',*,*,#2475,.T.);
#2475 = EDGE_CURVE('',#1094,#2476,#2478,.T.);
#2476 = VERTEX_POINT('',#2477);
#2477 = CARTESIAN_POINT('',(20.24,-28.9,12.77));
#2478 = ELLIPSE('',#2479,0.565685424949,0.4);
#2479 = AXIS2_PLACEMENT_3D('',#2480,#2481,#2482);
#2480 = CARTESIAN_POINT('',(20.24,-28.5,12.77));
#2481 = DIRECTION('',(-0.707106781187,0.,-0.707106781187));
#2482 = DIRECTION('',(-0.707106781187,0.,0.707106781187));
#2483 = ORIENTED_EDGE('',*,*,#2484,.T.);
#2484 = EDGE_CURVE('',#2476,#2485,#2487,.T.);
#2485 = VERTEX_POINT('',#2486);
#2486 = CARTESIAN_POINT('',(20.24,-28.9,13.14));
#2487 = LINE('',#2488,#2489);
#2488 = CARTESIAN_POINT('',(20.24,-28.9,12.37));
#2489 = VECTOR('',#2490,1.);
#2490 = DIRECTION('',(0.,0.,1.));
#2491 = ORIENTED_EDGE('',*,*,#2492,.F.);
#2492 = EDGE_CURVE('',#1102,#2485,#2493,.T.);
#2493 = ELLIPSE('',#2494,0.565685424949,0.4);
#2494 = AXIS2_PLACEMENT_3D('',#2495,#2496,#2497);
#2495 = CARTESIAN_POINT('',(20.24,-28.5,13.14));
#2496 = DIRECTION('',(0.707106781187,0.,-0.707106781187));
#2497 = DIRECTION('',(0.707106781187,0.,0.707106781187));
#2498 = ORIENTED_EDGE('',*,*,#1101,.F.);
#2499 = CYLINDRICAL_SURFACE('',#2500,0.4);
#2500 = AXIS2_PLACEMENT_3D('',#2501,#2502,#2503);
#2501 = CARTESIAN_POINT('',(20.24,-28.5,12.37));
#2502 = DIRECTION('',(0.,0.,1.));
#2503 = DIRECTION('',(1.,0.,0.));
#2504 = ADVANCED_FACE('',(#2505),#2523,.F.);
#2505 = FACE_BOUND('',#2506,.T.);
#2506 = EDGE_LOOP('',(#2507,#2515,#2516,#2517));
#2507 = ORIENTED_EDGE('',*,*,#2508,.T.);
#2508 = EDGE_CURVE('',#2509,#1126,#2511,.T.);
#2509 = VERTEX_POINT('',#2510);
#2510 = CARTESIAN_POINT('',(45.3,-28.3,3.54));
#2511 = LINE('',#2512,#2513);
#2512 = CARTESIAN_POINT('',(45.3,-28.675,3.915));
#2513 = VECTOR('',#2514,1.);
#2514 = DIRECTION('',(2.115258955022E-15,-0.707106781187,0.707106781187)
  );
#2515 = ORIENTED_EDGE('',*,*,#1125,.T.);
#2516 = ORIENTED_EDGE('',*,*,#2460,.F.);
#2517 = ORIENTED_EDGE('',*,*,#2518,.F.);
#2518 = EDGE_CURVE('',#2509,#2331,#2519,.T.);
#2519 = LINE('',#2520,#2521);
#2520 = CARTESIAN_POINT('',(46.8,-28.3,3.54));
#2521 = VECTOR('',#2522,1.);
#2522 = DIRECTION('',(-1.,0.,0.));
#2523 = PLANE('',#2524);
#2524 = AXIS2_PLACEMENT_3D('',#2525,#2526,#2527);
#2525 = CARTESIAN_POINT('',(46.8,-29.05,4.29));
#2526 = DIRECTION('',(0.,0.707106781187,0.707106781187));
#2527 = DIRECTION('',(1.,0.,0.));
#2528 = ADVANCED_FACE('',(#2529,#2547),#2558,.T.);
#2529 = FACE_BOUND('',#2530,.T.);
#2530 = EDGE_LOOP('',(#2531,#2539,#2540,#2541));
#2531 = ORIENTED_EDGE('',*,*,#2532,.F.);
#2532 = EDGE_CURVE('',#1998,#2533,#2535,.T.);
#2533 = VERTEX_POINT('',#2534);
#2534 = CARTESIAN_POINT('',(-32.7,-19.3,5.54));
#2535 = LINE('',#2536,#2537);
#2536 = CARTESIAN_POINT('',(-44.7,-19.3,5.54));
#2537 = VECTOR('',#2538,1.);
#2538 = DIRECTION('',(1.,0.,0.));
#2539 = ORIENTED_EDGE('',*,*,#1997,.T.);
#2540 = ORIENTED_EDGE('',*,*,#1147,.T.);
#2541 = ORIENTED_EDGE('',*,*,#2542,.T.);
#2542 = EDGE_CURVE('',#1150,#2533,#2543,.T.);
#2543 = LINE('',#2544,#2545);
#2544 = CARTESIAN_POINT('',(-32.7,-27.3,5.54));
#2545 = VECTOR('',#2546,1.);
#2546 = DIRECTION('',(0.,1.,0.));
#2547 = FACE_BOUND('',#2548,.T.);
#2548 = EDGE_LOOP('',(#2549));
#2549 = ORIENTED_EDGE('',*,*,#2550,.F.);
#2550 = EDGE_CURVE('',#2551,#2551,#2553,.T.);
#2551 = VERTEX_POINT('',#2552);
#2552 = CARTESIAN_POINT('',(-34.18,-23.35,5.54));
#2553 = CIRCLE('',#2554,2.5);
#2554 = AXIS2_PLACEMENT_3D('',#2555,#2556,#2557);
#2555 = CARTESIAN_POINT('',(-36.68,-23.35,5.54));
#2556 = DIRECTION('',(0.,0.,1.));
#2557 = DIRECTION('',(1.,0.,0.));
#2558 = PLANE('',#2559);
#2559 = AXIS2_PLACEMENT_3D('',#2560,#2561,#2562);
#2560 = CARTESIAN_POINT('',(-0.2,-1.4,5.54));
#2561 = DIRECTION('',(0.,0.,1.));
#2562 = DIRECTION('',(1.,0.,0.));
#2563 = ADVANCED_FACE('',(#2564),#2589,.T.);
#2564 = FACE_BOUND('',#2565,.T.);
#2565 = EDGE_LOOP('',(#2566,#2567,#2573,#2574,#2575,#2583));
#2566 = ORIENTED_EDGE('',*,*,#1405,.F.);
#2567 = ORIENTED_EDGE('',*,*,#2568,.F.);
#2568 = EDGE_CURVE('',#1175,#1406,#2569,.T.);
#2569 = LINE('',#2570,#2571);
#2570 = CARTESIAN_POINT('',(44.3,-27.3,14.54));
#2571 = VECTOR('',#2572,1.);
#2572 = DIRECTION('',(0.,1.,0.));
#2573 = ORIENTED_EDGE('',*,*,#1174,.F.);
#2574 = ORIENTED_EDGE('',*,*,#1294,.T.);
#2575 = ORIENTED_EDGE('',*,*,#2576,.T.);
#2576 = EDGE_CURVE('',#1295,#2577,#2579,.T.);
#2577 = VERTEX_POINT('',#2578);
#2578 = CARTESIAN_POINT('',(45.1,-28.1,14.54));
#2579 = LINE('',#2580,#2581);
#2580 = CARTESIAN_POINT('',(33.84,-28.1,14.54));
#2581 = VECTOR('',#2582,1.);
#2582 = DIRECTION('',(1.,0.,0.));
#2583 = ORIENTED_EDGE('',*,*,#2584,.T.);
#2584 = EDGE_CURVE('',#2577,#1408,#2585,.T.);
#2585 = LINE('',#2586,#2587);
#2586 = CARTESIAN_POINT('',(45.1,-28.1,14.54));
#2587 = VECTOR('',#2588,1.);
#2588 = DIRECTION('',(0.,1.,0.));
#2589 = PLANE('',#2590);
#2590 = AXIS2_PLACEMENT_3D('',#2591,#2592,#2593);
#2591 = CARTESIAN_POINT('',(-0.2,-1.4,14.54));
#2592 = DIRECTION('',(0.,0.,1.));
#2593 = DIRECTION('',(1.,0.,0.));
#2594 = ADVANCED_FACE('',(#2595),#2645,.T.);
#2595 = FACE_BOUND('',#2596,.T.);
#2596 = EDGE_LOOP('',(#2597,#2605,#2606,#2607,#2608,#2614,#2615,#2623,
    #2631,#2639));
#2597 = ORIENTED_EDGE('',*,*,#2598,.F.);
#2598 = EDGE_CURVE('',#1183,#2599,#2601,.T.);
#2599 = VERTEX_POINT('',#2600);
#2600 = CARTESIAN_POINT('',(44.3,-19.30000000024,5.54));
#2601 = LINE('',#2602,#2603);
#2602 = CARTESIAN_POINT('',(44.3,-27.3,5.54));
#2603 = VECTOR('',#2604,1.);
#2604 = DIRECTION('',(0.,1.,0.));
#2605 = ORIENTED_EDGE('',*,*,#1182,.T.);
#2606 = ORIENTED_EDGE('',*,*,#2568,.T.);
#2607 = ORIENTED_EDGE('',*,*,#1415,.F.);
#2608 = ORIENTED_EDGE('',*,*,#2609,.T.);
#2609 = EDGE_CURVE('',#1416,#1615,#2610,.T.);
#2610 = LINE('',#2611,#2612);
#2611 = CARTESIAN_POINT('',(44.3,-27.3,14.54));
#2612 = VECTOR('',#2613,1.);
#2613 = DIRECTION('',(0.,1.,0.));
#2614 = ORIENTED_EDGE('',*,*,#1614,.F.);
#2615 = ORIENTED_EDGE('',*,*,#2616,.F.);
#2616 = EDGE_CURVE('',#2617,#1605,#2619,.T.);
#2617 = VERTEX_POINT('',#2618);
#2618 = CARTESIAN_POINT('',(44.3,16.5,5.54));
#2619 = LINE('',#2620,#2621);
#2620 = CARTESIAN_POINT('',(44.3,-27.3,5.54));
#2621 = VECTOR('',#2622,1.);
#2622 = DIRECTION('',(0.,1.,0.));
#2623 = ORIENTED_EDGE('',*,*,#2624,.T.);
#2624 = EDGE_CURVE('',#2617,#2625,#2627,.T.);
#2625 = VERTEX_POINT('',#2626);
#2626 = CARTESIAN_POINT('',(44.3,16.5,4.54));
#2627 = LINE('',#2628,#2629);
#2628 = CARTESIAN_POINT('',(44.3,16.5,5.54));
#2629 = VECTOR('',#2630,1.);
#2630 = DIRECTION('',(-0.,-0.,-1.));
#2631 = ORIENTED_EDGE('',*,*,#2632,.F.);
#2632 = EDGE_CURVE('',#2633,#2625,#2635,.T.);
#2633 = VERTEX_POINT('',#2634);
#2634 = CARTESIAN_POINT('',(44.3,-19.30000000024,4.54));
#2635 = LINE('',#2636,#2637);
#2636 = CARTESIAN_POINT('',(44.3,-19.30000000024,4.54));
#2637 = VECTOR('',#2638,1.);
#2638 = DIRECTION('',(0.,1.,0.));
#2639 = ORIENTED_EDGE('',*,*,#2640,.F.);
#2640 = EDGE_CURVE('',#2599,#2633,#2641,.T.);
#2641 = LINE('',#2642,#2643);
#2642 = CARTESIAN_POINT('',(44.3,-19.30000000024,5.54));
#2643 = VECTOR('',#2644,1.);
#2644 = DIRECTION('',(-0.,-0.,-1.));
#2645 = PLANE('',#2646);
#2646 = AXIS2_PLACEMENT_3D('',#2647,#2648,#2649);
#2647 = CARTESIAN_POINT('',(44.3,-1.85085321246,9.641539251989));
#2648 = DIRECTION('',(-1.,0.,6.7E-16));
#2649 = DIRECTION('',(-6.7E-16,0.,-1.));
#2650 = ADVANCED_FACE('',(#2651,#2669),#2680,.T.);
#2651 = FACE_BOUND('',#2652,.T.);
#2652 = EDGE_LOOP('',(#2653,#2654,#2662,#2668));
#2653 = ORIENTED_EDGE('',*,*,#2598,.T.);
#2654 = ORIENTED_EDGE('',*,*,#2655,.F.);
#2655 = EDGE_CURVE('',#2656,#2599,#2658,.T.);
#2656 = VERTEX_POINT('',#2657);
#2657 = CARTESIAN_POINT('',(35.3,-19.30000000024,5.54));
#2658 = LINE('',#2659,#2660);
#2659 = CARTESIAN_POINT('',(35.3,-19.30000000024,5.54));
#2660 = VECTOR('',#2661,1.);
#2661 = DIRECTION('',(1.,0.,0.));
#2662 = ORIENTED_EDGE('',*,*,#2663,.F.);
#2663 = EDGE_CURVE('',#1191,#2656,#2664,.T.);
#2664 = LINE('',#2665,#2666);
#2665 = CARTESIAN_POINT('',(35.3,-27.3,5.54));
#2666 = VECTOR('',#2667,1.);
#2667 = DIRECTION('',(0.,1.,0.));
#2668 = ORIENTED_EDGE('',*,*,#1190,.T.);
#2669 = FACE_BOUND('',#2670,.T.);
#2670 = EDGE_LOOP('',(#2671));
#2671 = ORIENTED_EDGE('',*,*,#2672,.F.);
#2672 = EDGE_CURVE('',#2673,#2673,#2675,.T.);
#2673 = VERTEX_POINT('',#2674);
#2674 = CARTESIAN_POINT('',(41.9,-23.35,5.54));
#2675 = CIRCLE('',#2676,2.5);
#2676 = AXIS2_PLACEMENT_3D('',#2677,#2678,#2679);
#2677 = CARTESIAN_POINT('',(39.4,-23.35,5.54));
#2678 = DIRECTION('',(0.,0.,1.));
#2679 = DIRECTION('',(1.,0.,0.));
#2680 = PLANE('',#2681);
#2681 = AXIS2_PLACEMENT_3D('',#2682,#2683,#2684);
#2682 = CARTESIAN_POINT('',(-0.2,-1.4,5.54));
#2683 = DIRECTION('',(0.,0.,1.));
#2684 = DIRECTION('',(1.,0.,0.));
#2685 = ADVANCED_FACE('',(#2686),#2704,.F.);
#2686 = FACE_BOUND('',#2687,.F.);
#2687 = EDGE_LOOP('',(#2688,#2689,#2697,#2703));
#2688 = ORIENTED_EDGE('',*,*,#1198,.T.);
#2689 = ORIENTED_EDGE('',*,*,#2690,.T.);
#2690 = EDGE_CURVE('',#1199,#2691,#2693,.T.);
#2691 = VERTEX_POINT('',#2692);
#2692 = CARTESIAN_POINT('',(35.3,-19.30000000024,4.54));
#2693 = LINE('',#2694,#2695);
#2694 = CARTESIAN_POINT('',(35.3,-27.3,4.54));
#2695 = VECTOR('',#2696,1.);
#2696 = DIRECTION('',(0.,1.,0.));
#2697 = ORIENTED_EDGE('',*,*,#2698,.F.);
#2698 = EDGE_CURVE('',#2656,#2691,#2699,.T.);
#2699 = LINE('',#2700,#2701);
#2700 = CARTESIAN_POINT('',(35.3,-19.30000000024,5.54));
#2701 = VECTOR('',#2702,1.);
#2702 = DIRECTION('',(-0.,-0.,-1.));
#2703 = ORIENTED_EDGE('',*,*,#2663,.F.);
#2704 = PLANE('',#2705);
#2705 = AXIS2_PLACEMENT_3D('',#2706,#2707,#2708);
#2706 = CARTESIAN_POINT('',(35.3,-27.3,5.54));
#2707 = DIRECTION('',(1.,0.,0.));
#2708 = DIRECTION('',(0.,1.,0.));
#2709 = ADVANCED_FACE('',(#2710),#2765,.T.);
#2710 = FACE_BOUND('',#2711,.T.);
#2711 = EDGE_LOOP('',(#2712,#2713,#2714,#2720,#2721,#2729,#2735,#2736,
    #2744,#2750,#2751,#2759));
#2712 = ORIENTED_EDGE('',*,*,#1206,.T.);
#2713 = ORIENTED_EDGE('',*,*,#2690,.T.);
#2714 = ORIENTED_EDGE('',*,*,#2715,.T.);
#2715 = EDGE_CURVE('',#2691,#2633,#2716,.T.);
#2716 = LINE('',#2717,#2718);
#2717 = CARTESIAN_POINT('',(35.3,-19.30000000024,4.54));
#2718 = VECTOR('',#2719,1.);
#2719 = DIRECTION('',(1.,0.,0.));
#2720 = ORIENTED_EDGE('',*,*,#2632,.T.);
#2721 = ORIENTED_EDGE('',*,*,#2722,.T.);
#2722 = EDGE_CURVE('',#2625,#2723,#2725,.T.);
#2723 = VERTEX_POINT('',#2724);
#2724 = CARTESIAN_POINT('',(35.3,16.5,4.54));
#2725 = LINE('',#2726,#2727);
#2726 = CARTESIAN_POINT('',(44.3,16.5,4.54));
#2727 = VECTOR('',#2728,1.);
#2728 = DIRECTION('',(-1.,0.,0.));
#2729 = ORIENTED_EDGE('',*,*,#2730,.F.);
#2730 = EDGE_CURVE('',#1713,#2723,#2731,.T.);
#2731 = LINE('',#2732,#2733);
#2732 = CARTESIAN_POINT('',(35.3,24.5,4.54));
#2733 = VECTOR('',#2734,1.);
#2734 = DIRECTION('',(0.,-1.,0.));
#2735 = ORIENTED_EDGE('',*,*,#1712,.T.);
#2736 = ORIENTED_EDGE('',*,*,#2737,.T.);
#2737 = EDGE_CURVE('',#1705,#2738,#2740,.T.);
#2738 = VERTEX_POINT('',#2739);
#2739 = CARTESIAN_POINT('',(-32.7,16.5,4.54));
#2740 = LINE('',#2741,#2742);
#2741 = CARTESIAN_POINT('',(-32.7,24.5,4.54));
#2742 = VECTOR('',#2743,1.);
#2743 = DIRECTION('',(0.,-1.,0.));
#2744 = ORIENTED_EDGE('',*,*,#2745,.T.);
#2745 = EDGE_CURVE('',#2738,#2014,#2746,.T.);
#2746 = LINE('',#2747,#2748);
#2747 = CARTESIAN_POINT('',(-32.7,16.5,4.54));
#2748 = VECTOR('',#2749,1.);
#2749 = DIRECTION('',(-1.,0.,0.));
#2750 = ORIENTED_EDGE('',*,*,#2013,.T.);
#2751 = ORIENTED_EDGE('',*,*,#2752,.T.);
#2752 = EDGE_CURVE('',#2006,#2753,#2755,.T.);
#2753 = VERTEX_POINT('',#2754);
#2754 = CARTESIAN_POINT('',(-32.7,-19.3,4.54));
#2755 = LINE('',#2756,#2757);
#2756 = CARTESIAN_POINT('',(-44.7,-19.3,4.54));
#2757 = VECTOR('',#2758,1.);
#2758 = DIRECTION('',(1.,0.,0.));
#2759 = ORIENTED_EDGE('',*,*,#2760,.F.);
#2760 = EDGE_CURVE('',#1207,#2753,#2761,.T.);
#2761 = LINE('',#2762,#2763);
#2762 = CARTESIAN_POINT('',(-32.7,-27.3,4.54));
#2763 = VECTOR('',#2764,1.);
#2764 = DIRECTION('',(0.,1.,0.));
#2765 = PLANE('',#2766);
#2766 = AXIS2_PLACEMENT_3D('',#2767,#2768,#2769);
#2767 = CARTESIAN_POINT('',(-2.95454545377E-02,-1.400000000008,4.54));
#2768 = DIRECTION('',(0.,0.,1.));
#2769 = DIRECTION('',(1.,0.,0.));
#2770 = ADVANCED_FACE('',(#2771),#2782,.T.);
#2771 = FACE_BOUND('',#2772,.T.);
#2772 = EDGE_LOOP('',(#2773,#2774,#2775,#2781));
#2773 = ORIENTED_EDGE('',*,*,#1214,.T.);
#2774 = ORIENTED_EDGE('',*,*,#2760,.T.);
#2775 = ORIENTED_EDGE('',*,*,#2776,.F.);
#2776 = EDGE_CURVE('',#2533,#2753,#2777,.T.);
#2777 = LINE('',#2778,#2779);
#2778 = CARTESIAN_POINT('',(-32.7,-19.3,5.54));
#2779 = VECTOR('',#2780,1.);
#2780 = DIRECTION('',(-0.,-0.,-1.));
#2781 = ORIENTED_EDGE('',*,*,#2542,.F.);
#2782 = PLANE('',#2783);
#2783 = AXIS2_PLACEMENT_3D('',#2784,#2785,#2786);
#2784 = CARTESIAN_POINT('',(-32.7,-27.3,5.54));
#2785 = DIRECTION('',(1.,0.,0.));
#2786 = DIRECTION('',(0.,1.,0.));
#2787 = ADVANCED_FACE('',(#2788),#2798,.T.);
#2788 = FACE_BOUND('',#2789,.T.);
#2789 = EDGE_LOOP('',(#2790,#2791,#2797));
#2790 = ORIENTED_EDGE('',*,*,#2508,.F.);
#2791 = ORIENTED_EDGE('',*,*,#2792,.T.);
#2792 = EDGE_CURVE('',#2509,#1231,#2793,.T.);
#2793 = LINE('',#2794,#2795);
#2794 = CARTESIAN_POINT('',(45.675,-28.3,3.915));
#2795 = VECTOR('',#2796,1.);
#2796 = DIRECTION('',(0.707106781187,-2.499851492299E-15,0.707106781187)
  );
#2797 = ORIENTED_EDGE('',*,*,#1230,.F.);
#2798 = PLANE('',#2799);
#2799 = AXIS2_PLACEMENT_3D('',#2800,#2801,#2802);
#2800 = CARTESIAN_POINT('',(45.3,-28.3,3.54));
#2801 = DIRECTION('',(0.57735026919,-0.57735026919,-0.57735026919));
#2802 = DIRECTION('',(0.707106781187,0.707106781187,-9.71445146547E-16)
  );
#2803 = ADVANCED_FACE('',(#2804),#2816,.T.);
#2804 = FACE_BOUND('',#2805,.F.);
#2805 = EDGE_LOOP('',(#2806,#2807,#2808,#2815));
#2806 = ORIENTED_EDGE('',*,*,#1302,.T.);
#2807 = ORIENTED_EDGE('',*,*,#2576,.T.);
#2808 = ORIENTED_EDGE('',*,*,#2809,.F.);
#2809 = EDGE_CURVE('',#1359,#2577,#2810,.T.);
#2810 = CIRCLE('',#2811,0.2);
#2811 = AXIS2_PLACEMENT_3D('',#2812,#2813,#2814);
#2812 = CARTESIAN_POINT('',(45.1,-28.1,14.34));
#2813 = DIRECTION('',(-1.,0.,0.));
#2814 = DIRECTION('',(0.,-1.,0.));
#2815 = ORIENTED_EDGE('',*,*,#1391,.F.);
#2816 = CYLINDRICAL_SURFACE('',#2817,0.2);
#2817 = AXIS2_PLACEMENT_3D('',#2818,#2819,#2820);
#2818 = CARTESIAN_POINT('',(33.84,-28.1,14.34));
#2819 = DIRECTION('',(1.,0.,0.));
#2820 = DIRECTION('',(0.,-1.,0.));
#2821 = ADVANCED_FACE('',(#2822),#2840,.F.);
#2822 = FACE_BOUND('',#2823,.F.);
#2823 = EDGE_LOOP('',(#2824,#2825,#2826,#2834));
#2824 = ORIENTED_EDGE('',*,*,#1262,.F.);
#2825 = ORIENTED_EDGE('',*,*,#1384,.F.);
#2826 = ORIENTED_EDGE('',*,*,#2827,.T.);
#2827 = EDGE_CURVE('',#1377,#2828,#2830,.T.);
#2828 = VERTEX_POINT('',#2829);
#2829 = CARTESIAN_POINT('',(41.3,-28.5,13.54));
#2830 = LINE('',#2831,#2832);
#2831 = CARTESIAN_POINT('',(41.3,-28.3,13.54));
#2832 = VECTOR('',#2833,1.);
#2833 = DIRECTION('',(0.,-1.,2.2E-16));
#2834 = ORIENTED_EDGE('',*,*,#2835,.T.);
#2835 = EDGE_CURVE('',#2828,#1263,#2836,.T.);
#2836 = LINE('',#2837,#2838);
#2837 = CARTESIAN_POINT('',(41.3,-28.5,13.54));
#2838 = VECTOR('',#2839,1.);
#2839 = DIRECTION('',(-1.,0.,0.));
#2840 = PLANE('',#2841);
#2841 = AXIS2_PLACEMENT_3D('',#2842,#2843,#2844);
#2842 = CARTESIAN_POINT('',(41.3,-28.3,13.54));
#2843 = DIRECTION('',(-0.,-2.2E-16,-1.));
#2844 = DIRECTION('',(-1.,0.,0.));
#2845 = ADVANCED_FACE('',(#2846),#2873,.T.);
#2846 = FACE_BOUND('',#2847,.F.);
#2847 = EDGE_LOOP('',(#2848,#2857,#2865,#2872));
#2848 = ORIENTED_EDGE('',*,*,#2849,.T.);
#2849 = EDGE_CURVE('',#1263,#2850,#2852,.T.);
#2850 = VERTEX_POINT('',#2851);
#2851 = CARTESIAN_POINT('',(34.24,-28.9,13.14));
#2852 = ELLIPSE('',#2853,0.565685424949,0.4);
#2853 = AXIS2_PLACEMENT_3D('',#2854,#2855,#2856);
#2854 = CARTESIAN_POINT('',(34.24,-28.5,13.14));
#2855 = DIRECTION('',(0.707106781187,-0.,0.707106781187));
#2856 = DIRECTION('',(0.707106781187,0.,-0.707106781187));
#2857 = ORIENTED_EDGE('',*,*,#2858,.T.);
#2858 = EDGE_CURVE('',#2850,#2859,#2861,.T.);
#2859 = VERTEX_POINT('',#2860);
#2860 = CARTESIAN_POINT('',(34.24,-28.9,12.77));
#2861 = LINE('',#2862,#2863);
#2862 = CARTESIAN_POINT('',(34.24,-28.9,13.54));
#2863 = VECTOR('',#2864,1.);
#2864 = DIRECTION('',(0.,0.,-1.));
#2865 = ORIENTED_EDGE('',*,*,#2866,.F.);
#2866 = EDGE_CURVE('',#1271,#2859,#2867,.T.);
#2867 = ELLIPSE('',#2868,0.565685424949,0.4);
#2868 = AXIS2_PLACEMENT_3D('',#2869,#2870,#2871);
#2869 = CARTESIAN_POINT('',(34.24,-28.5,12.77));
#2870 = DIRECTION('',(-0.707106781187,0.,0.707106781187));
#2871 = DIRECTION('',(-0.707106781187,0.,-0.707106781187));
#2872 = ORIENTED_EDGE('',*,*,#1270,.F.);
#2873 = CYLINDRICAL_SURFACE('',#2874,0.4);
#2874 = AXIS2_PLACEMENT_3D('',#2875,#2876,#2877);
#2875 = CARTESIAN_POINT('',(34.24,-28.5,13.54));
#2876 = DIRECTION('',(0.,0.,-1.));
#2877 = DIRECTION('',(-1.,-0.,-0.));
#2878 = ADVANCED_FACE('',(#2879),#2897,.F.);
#2879 = FACE_BOUND('',#2880,.F.);
#2880 = EDGE_LOOP('',(#2881,#2889,#2890,#2891));
#2881 = ORIENTED_EDGE('',*,*,#2882,.F.);
#2882 = EDGE_CURVE('',#1369,#2883,#2885,.T.);
#2883 = VERTEX_POINT('',#2884);
#2884 = CARTESIAN_POINT('',(41.3,-28.5,12.37));
#2885 = LINE('',#2886,#2887);
#2886 = CARTESIAN_POINT('',(41.3,-28.3,12.37));
#2887 = VECTOR('',#2888,1.);
#2888 = DIRECTION('',(0.,-1.,2.2E-16));
#2889 = ORIENTED_EDGE('',*,*,#1368,.F.);
#2890 = ORIENTED_EDGE('',*,*,#1278,.F.);
#2891 = ORIENTED_EDGE('',*,*,#2892,.T.);
#2892 = EDGE_CURVE('',#1271,#2883,#2893,.T.);
#2893 = LINE('',#2894,#2895);
#2894 = CARTESIAN_POINT('',(33.84,-28.5,12.37));
#2895 = VECTOR('',#2896,1.);
#2896 = DIRECTION('',(1.,0.,0.));
#2897 = PLANE('',#2898);
#2898 = AXIS2_PLACEMENT_3D('',#2899,#2900,#2901);
#2899 = CARTESIAN_POINT('',(-39.7,-28.3,12.37));
#2900 = DIRECTION('',(0.,2.2E-16,1.));
#2901 = DIRECTION('',(1.,0.,0.));
#2902 = ADVANCED_FACE('',(#2903),#2919,.F.);
#2903 = FACE_BOUND('',#2904,.T.);
#2904 = EDGE_LOOP('',(#2905,#2911,#2912,#2913));
#2905 = ORIENTED_EDGE('',*,*,#2906,.T.);
#2906 = EDGE_CURVE('',#2158,#1320,#2907,.T.);
#2907 = LINE('',#2908,#2909);
#2908 = CARTESIAN_POINT('',(45.675,25.5,3.915));
#2909 = VECTOR('',#2910,1.);
#2910 = DIRECTION('',(0.707106781187,9.614813431918E-17,0.707106781187)
  );
#2911 = ORIENTED_EDGE('',*,*,#1319,.T.);
#2912 = ORIENTED_EDGE('',*,*,#2792,.F.);
#2913 = ORIENTED_EDGE('',*,*,#2914,.F.);
#2914 = EDGE_CURVE('',#2158,#2509,#2915,.T.);
#2915 = LINE('',#2916,#2917);
#2916 = CARTESIAN_POINT('',(45.3,27.,3.54));
#2917 = VECTOR('',#2918,1.);
#2918 = DIRECTION('',(0.,-1.,0.));
#2919 = PLANE('',#2920);
#2920 = AXIS2_PLACEMENT_3D('',#2921,#2922,#2923);
#2921 = CARTESIAN_POINT('',(46.05,27.,4.29));
#2922 = DIRECTION('',(-0.707106781187,0.,0.707106781187));
#2923 = DIRECTION('',(0.,1.,0.));
#2924 = ADVANCED_FACE('',(#2925),#2936,.F.);
#2925 = FACE_BOUND('',#2926,.F.);
#2926 = EDGE_LOOP('',(#2927,#2928,#2934,#2935));
#2927 = ORIENTED_EDGE('',*,*,#2882,.T.);
#2928 = ORIENTED_EDGE('',*,*,#2929,.T.);
#2929 = EDGE_CURVE('',#2883,#2828,#2930,.T.);
#2930 = LINE('',#2931,#2932);
#2931 = CARTESIAN_POINT('',(41.3,-28.5,12.37));
#2932 = VECTOR('',#2933,1.);
#2933 = DIRECTION('',(0.,0.,1.));
#2934 = ORIENTED_EDGE('',*,*,#2827,.F.);
#2935 = ORIENTED_EDGE('',*,*,#1376,.F.);
#2936 = PLANE('',#2937);
#2937 = AXIS2_PLACEMENT_3D('',#2938,#2939,#2940);
#2938 = CARTESIAN_POINT('',(41.3,-28.3,12.37));
#2939 = DIRECTION('',(-1.,0.,0.));
#2940 = DIRECTION('',(0.,2.2E-16,1.));
#2941 = ADVANCED_FACE('',(#2942),#2954,.T.);
#2942 = FACE_BOUND('',#2943,.F.);
#2943 = EDGE_LOOP('',(#2944,#2951,#2952,#2953));
#2944 = ORIENTED_EDGE('',*,*,#2945,.T.);
#2945 = EDGE_CURVE('',#1529,#2577,#2946,.T.);
#2946 = CIRCLE('',#2947,0.2);
#2947 = AXIS2_PLACEMENT_3D('',#2948,#2949,#2950);
#2948 = CARTESIAN_POINT('',(45.1,-28.1,14.34));
#2949 = DIRECTION('',(-6.123233995737E-17,-1.,0.));
#2950 = DIRECTION('',(1.,-6.123233995737E-17,0.));
#2951 = ORIENTED_EDGE('',*,*,#2584,.T.);
#2952 = ORIENTED_EDGE('',*,*,#1507,.F.);
#2953 = ORIENTED_EDGE('',*,*,#1552,.F.);
#2954 = CYLINDRICAL_SURFACE('',#2955,0.2);
#2955 = AXIS2_PLACEMENT_3D('',#2956,#2957,#2958);
#2956 = CARTESIAN_POINT('',(45.1,-28.1,14.34));
#2957 = DIRECTION('',(0.,1.,0.));
#2958 = DIRECTION('',(1.,0.,0.));
#2959 = ADVANCED_FACE('',(#2960),#2980,.T.);
#2960 = FACE_BOUND('',#2961,.T.);
#2961 = EDGE_LOOP('',(#2962,#2963,#2971,#2977,#2978,#2979));
#2962 = ORIENTED_EDGE('',*,*,#1424,.T.);
#2963 = ORIENTED_EDGE('',*,*,#2964,.T.);
#2964 = EDGE_CURVE('',#1425,#2965,#2967,.T.);
#2965 = VERTEX_POINT('',#2966);
#2966 = CARTESIAN_POINT('',(45.1,25.3,14.54));
#2967 = LINE('',#2968,#2969);
#2968 = CARTESIAN_POINT('',(45.1,-11.63135443965,14.54));
#2969 = VECTOR('',#2970,1.);
#2970 = DIRECTION('',(0.,1.,0.));
#2971 = ORIENTED_EDGE('',*,*,#2972,.T.);
#2972 = EDGE_CURVE('',#2965,#2126,#2973,.T.);
#2973 = LINE('',#2974,#2975);
#2974 = CARTESIAN_POINT('',(45.1,25.3,14.54));
#2975 = VECTOR('',#2976,1.);
#2976 = DIRECTION('',(-1.,0.,0.));
#2977 = ORIENTED_EDGE('',*,*,#2125,.F.);
#2978 = ORIENTED_EDGE('',*,*,#1622,.F.);
#2979 = ORIENTED_EDGE('',*,*,#2609,.F.);
#2980 = PLANE('',#2981);
#2981 = AXIS2_PLACEMENT_3D('',#2982,#2983,#2984);
#2982 = CARTESIAN_POINT('',(-0.2,-1.4,14.54));
#2983 = DIRECTION('',(0.,0.,1.));
#2984 = DIRECTION('',(1.,0.,0.));
#2985 = ADVANCED_FACE('',(#2986),#3005,.T.);
#2986 = FACE_BOUND('',#2987,.F.);
#2987 = EDGE_LOOP('',(#2988,#2989,#2990,#2999));
#2988 = ORIENTED_EDGE('',*,*,#1432,.T.);
#2989 = ORIENTED_EDGE('',*,*,#2964,.T.);
#2990 = ORIENTED_EDGE('',*,*,#2991,.F.);
#2991 = EDGE_CURVE('',#2992,#2965,#2994,.T.);
#2992 = VERTEX_POINT('',#2993);
#2993 = CARTESIAN_POINT('',(45.3,25.3,14.34));
#2994 = CIRCLE('',#2995,0.2);
#2995 = AXIS2_PLACEMENT_3D('',#2996,#2997,#2998);
#2996 = CARTESIAN_POINT('',(45.1,25.3,14.34));
#2997 = DIRECTION('',(0.,-1.,0.));
#2998 = DIRECTION('',(1.,0.,0.));
#2999 = ORIENTED_EDGE('',*,*,#3000,.F.);
#3000 = EDGE_CURVE('',#1433,#2992,#3001,.T.);
#3001 = LINE('',#3002,#3003);
#3002 = CARTESIAN_POINT('',(45.3,-11.63135443965,14.34));
#3003 = VECTOR('',#3004,1.);
#3004 = DIRECTION('',(0.,1.,0.));
#3005 = CYLINDRICAL_SURFACE('',#3006,0.2);
#3006 = AXIS2_PLACEMENT_3D('',#3007,#3008,#3009);
#3007 = CARTESIAN_POINT('',(45.1,-11.63135443965,14.34));
#3008 = DIRECTION('',(0.,1.,0.));
#3009 = DIRECTION('',(1.,0.,0.));
#3010 = ADVANCED_FACE('',(#3011,#3024),#3058,.T.);
#3011 = FACE_BOUND('',#3012,.T.);
#3012 = EDGE_LOOP('',(#3013,#3019,#3020,#3021,#3022,#3023));
#3013 = ORIENTED_EDGE('',*,*,#3014,.T.);
#3014 = EDGE_CURVE('',#2068,#2992,#3015,.T.);
#3015 = LINE('',#3016,#3017);
#3016 = CARTESIAN_POINT('',(45.3,25.3,11.37));
#3017 = VECTOR('',#3018,1.);
#3018 = DIRECTION('',(0.,0.,1.));
#3019 = ORIENTED_EDGE('',*,*,#3000,.F.);
#3020 = ORIENTED_EDGE('',*,*,#1445,.T.);
#3021 = ORIENTED_EDGE('',*,*,#1454,.T.);
#3022 = ORIENTED_EDGE('',*,*,#1463,.T.);
#3023 = ORIENTED_EDGE('',*,*,#2076,.T.);
#3024 = FACE_BOUND('',#3025,.T.);
#3025 = EDGE_LOOP('',(#3026,#3036,#3044,#3052));
#3026 = ORIENTED_EDGE('',*,*,#3027,.F.);
#3027 = EDGE_CURVE('',#3028,#3030,#3032,.T.);
#3028 = VERTEX_POINT('',#3029);
#3029 = CARTESIAN_POINT('',(45.3,19.5,13.54));
#3030 = VERTEX_POINT('',#3031);
#3031 = CARTESIAN_POINT('',(45.3,-8.943285192909,13.54));
#3032 = LINE('',#3033,#3034);
#3033 = CARTESIAN_POINT('',(45.3,19.5,13.54));
#3034 = VECTOR('',#3035,1.);
#3035 = DIRECTION('',(0.,-1.,0.));
#3036 = ORIENTED_EDGE('',*,*,#3037,.F.);
#3037 = EDGE_CURVE('',#3038,#3028,#3040,.T.);
#3038 = VERTEX_POINT('',#3039);
#3039 = CARTESIAN_POINT('',(45.3,19.5,12.37));
#3040 = LINE('',#3041,#3042);
#3041 = CARTESIAN_POINT('',(45.3,19.5,12.37));
#3042 = VECTOR('',#3043,1.);
#3043 = DIRECTION('',(0.,0.,1.));
#3044 = ORIENTED_EDGE('',*,*,#3045,.F.);
#3045 = EDGE_CURVE('',#3046,#3038,#3048,.T.);
#3046 = VERTEX_POINT('',#3047);
#3047 = CARTESIAN_POINT('',(45.3,-8.943285192909,12.37));
#3048 = LINE('',#3049,#3050);
#3049 = CARTESIAN_POINT('',(45.3,-24.3,12.37));
#3050 = VECTOR('',#3051,1.);
#3051 = DIRECTION('',(0.,1.,0.));
#3052 = ORIENTED_EDGE('',*,*,#3053,.T.);
#3053 = EDGE_CURVE('',#3046,#3030,#3054,.T.);
#3054 = LINE('',#3055,#3056);
#3055 = CARTESIAN_POINT('',(45.3,-8.943285192909,11.37));
#3056 = VECTOR('',#3057,1.);
#3057 = DIRECTION('',(0.,0.,1.));
#3058 = PLANE('',#3059);
#3059 = AXIS2_PLACEMENT_3D('',#3060,#3061,#3062);
#3060 = CARTESIAN_POINT('',(45.3,6.412415282772,12.924273965912));
#3061 = DIRECTION('',(1.,0.,0.));
#3062 = DIRECTION('',(0.,0.,1.));
#3063 = ADVANCED_FACE('',(#3064),#3069,.T.);
#3064 = FACE_BOUND('',#3065,.T.);
#3065 = EDGE_LOOP('',(#3066,#3067,#3068));
#3066 = ORIENTED_EDGE('',*,*,#2809,.F.);
#3067 = ORIENTED_EDGE('',*,*,#1536,.T.);
#3068 = ORIENTED_EDGE('',*,*,#2945,.T.);
#3069 = SPHERICAL_SURFACE('',#3070,0.2);
#3070 = AXIS2_PLACEMENT_3D('',#3071,#3072,#3073);
#3071 = CARTESIAN_POINT('',(45.1,-28.1,14.34));
#3072 = DIRECTION('',(0.,0.,1.));
#3073 = DIRECTION('',(0.,-1.,0.));
#3074 = ADVANCED_FACE('',(#3075),#3100,.F.);
#3075 = FACE_BOUND('',#3076,.F.);
#3076 = EDGE_LOOP('',(#3077,#3085,#3086,#3094));
#3077 = ORIENTED_EDGE('',*,*,#3078,.F.);
#3078 = EDGE_CURVE('',#1567,#3079,#3081,.T.);
#3079 = VERTEX_POINT('',#3080);
#3080 = CARTESIAN_POINT('',(45.5,-21.03671480709,12.37));
#3081 = LINE('',#3082,#3083);
#3082 = CARTESIAN_POINT('',(45.6,-21.03671480709,12.37));
#3083 = VECTOR('',#3084,1.);
#3084 = DIRECTION('',(1.,0.,0.));
#3085 = ORIENTED_EDGE('',*,*,#1564,.F.);
#3086 = ORIENTED_EDGE('',*,*,#3087,.T.);
#3087 = EDGE_CURVE('',#1565,#3088,#3090,.T.);
#3088 = VERTEX_POINT('',#3089);
#3089 = CARTESIAN_POINT('',(45.5,-24.3,12.37));
#3090 = LINE('',#3091,#3092);
#3091 = CARTESIAN_POINT('',(45.3,-24.3,12.37));
#3092 = VECTOR('',#3093,1.);
#3093 = DIRECTION('',(1.,0.,0.));
#3094 = ORIENTED_EDGE('',*,*,#3095,.T.);
#3095 = EDGE_CURVE('',#3088,#3079,#3096,.T.);
#3096 = LINE('',#3097,#3098);
#3097 = CARTESIAN_POINT('',(45.5,-24.3,12.37));
#3098 = VECTOR('',#3099,1.);
#3099 = DIRECTION('',(0.,1.,0.));
#3100 = PLANE('',#3101);
#3101 = AXIS2_PLACEMENT_3D('',#3102,#3103,#3104);
#3102 = CARTESIAN_POINT('',(45.3,-24.3,12.37));
#3103 = DIRECTION('',(0.,0.,1.));
#3104 = DIRECTION('',(0.,1.,0.));
#3105 = ADVANCED_FACE('',(#3106),#3124,.F.);
#3106 = FACE_BOUND('',#3107,.F.);
#3107 = EDGE_LOOP('',(#3108,#3116,#3122,#3123));
#3108 = ORIENTED_EDGE('',*,*,#3109,.T.);
#3109 = EDGE_CURVE('',#1575,#3110,#3112,.T.);
#3110 = VERTEX_POINT('',#3111);
#3111 = CARTESIAN_POINT('',(45.5,-24.3,13.54));
#3112 = LINE('',#3113,#3114);
#3113 = CARTESIAN_POINT('',(45.3,-24.3,13.54));
#3114 = VECTOR('',#3115,1.);
#3115 = DIRECTION('',(1.,0.,0.));
#3116 = ORIENTED_EDGE('',*,*,#3117,.T.);
#3117 = EDGE_CURVE('',#3110,#3088,#3118,.T.);
#3118 = LINE('',#3119,#3120);
#3119 = CARTESIAN_POINT('',(45.5,-24.3,13.54));
#3120 = VECTOR('',#3121,1.);
#3121 = DIRECTION('',(0.,0.,-1.));
#3122 = ORIENTED_EDGE('',*,*,#3087,.F.);
#3123 = ORIENTED_EDGE('',*,*,#1574,.F.);
#3124 = PLANE('',#3125);
#3125 = AXIS2_PLACEMENT_3D('',#3126,#3127,#3128);
#3126 = CARTESIAN_POINT('',(45.3,-24.3,13.54));
#3127 = DIRECTION('',(0.,1.,0.));
#3128 = DIRECTION('',(0.,0.,-1.));
#3129 = ADVANCED_FACE('',(#3130),#3148,.F.);
#3130 = FACE_BOUND('',#3131,.F.);
#3131 = EDGE_LOOP('',(#3132,#3133,#3134,#3142));
#3132 = ORIENTED_EDGE('',*,*,#3109,.F.);
#3133 = ORIENTED_EDGE('',*,*,#1582,.F.);
#3134 = ORIENTED_EDGE('',*,*,#3135,.F.);
#3135 = EDGE_CURVE('',#3136,#1583,#3138,.T.);
#3136 = VERTEX_POINT('',#3137);
#3137 = CARTESIAN_POINT('',(45.5,-21.03671480709,13.54));
#3138 = LINE('',#3139,#3140);
#3139 = CARTESIAN_POINT('',(45.9,-21.03671480709,13.54));
#3140 = VECTOR('',#3141,1.);
#3141 = DIRECTION('',(-1.,-0.,-0.));
#3142 = ORIENTED_EDGE('',*,*,#3143,.T.);
#3143 = EDGE_CURVE('',#3136,#3110,#3144,.T.);
#3144 = LINE('',#3145,#3146);
#3145 = CARTESIAN_POINT('',(45.5,-21.03671480709,13.54));
#3146 = VECTOR('',#3147,1.);
#3147 = DIRECTION('',(0.,-1.,0.));
#3148 = PLANE('',#3149);
#3149 = AXIS2_PLACEMENT_3D('',#3150,#3151,#3152);
#3150 = CARTESIAN_POINT('',(45.3,19.5,13.54));
#3151 = DIRECTION('',(0.,0.,-1.));
#3152 = DIRECTION('',(0.,-1.,0.));
#3153 = ADVANCED_FACE('',(#3154),#3165,.F.);
#3154 = FACE_BOUND('',#3155,.F.);
#3155 = EDGE_LOOP('',(#3156,#3157,#3163,#3164));
#3156 = ORIENTED_EDGE('',*,*,#3078,.T.);
#3157 = ORIENTED_EDGE('',*,*,#3158,.F.);
#3158 = EDGE_CURVE('',#3136,#3079,#3159,.T.);
#3159 = LINE('',#3160,#3161);
#3160 = CARTESIAN_POINT('',(45.5,-21.03671480709,13.54));
#3161 = VECTOR('',#3162,1.);
#3162 = DIRECTION('',(0.,0.,-1.));
#3163 = ORIENTED_EDGE('',*,*,#3135,.T.);
#3164 = ORIENTED_EDGE('',*,*,#1590,.T.);
#3165 = PLANE('',#3166);
#3166 = AXIS2_PLACEMENT_3D('',#3167,#3168,#3169);
#3167 = CARTESIAN_POINT('',(45.9,-21.03671480709,13.54));
#3168 = DIRECTION('',(0.,-1.,0.));
#3169 = DIRECTION('',(0.,0.,-1.));
#3170 = ADVANCED_FACE('',(#3171,#3189),#3200,.T.);
#3171 = FACE_BOUND('',#3172,.T.);
#3172 = EDGE_LOOP('',(#3173,#3174,#3175,#3183));
#3173 = ORIENTED_EDGE('',*,*,#2616,.T.);
#3174 = ORIENTED_EDGE('',*,*,#1604,.T.);
#3175 = ORIENTED_EDGE('',*,*,#3176,.T.);
#3176 = EDGE_CURVE('',#1607,#3177,#3179,.T.);
#3177 = VERTEX_POINT('',#3178);
#3178 = CARTESIAN_POINT('',(35.3,16.5,5.54));
#3179 = LINE('',#3180,#3181);
#3180 = CARTESIAN_POINT('',(35.3,24.5,5.54));
#3181 = VECTOR('',#3182,1.);
#3182 = DIRECTION('',(0.,-1.,0.));
#3183 = ORIENTED_EDGE('',*,*,#3184,.F.);
#3184 = EDGE_CURVE('',#2617,#3177,#3185,.T.);
#3185 = LINE('',#3186,#3187);
#3186 = CARTESIAN_POINT('',(44.3,16.5,5.54));
#3187 = VECTOR('',#3188,1.);
#3188 = DIRECTION('',(-1.,0.,0.));
#3189 = FACE_BOUND('',#3190,.T.);
#3190 = EDGE_LOOP('',(#3191));
#3191 = ORIENTED_EDGE('',*,*,#3192,.F.);
#3192 = EDGE_CURVE('',#3193,#3193,#3195,.T.);
#3193 = VERTEX_POINT('',#3194);
#3194 = CARTESIAN_POINT('',(41.9,20.65,5.54));
#3195 = CIRCLE('',#3196,2.5);
#3196 = AXIS2_PLACEMENT_3D('',#3197,#3198,#3199);
#3197 = CARTESIAN_POINT('',(39.4,20.65,5.54));
#3198 = DIRECTION('',(0.,0.,1.));
#3199 = DIRECTION('',(1.,0.,0.));
#3200 = PLANE('',#3201);
#3201 = AXIS2_PLACEMENT_3D('',#3202,#3203,#3204);
#3202 = CARTESIAN_POINT('',(-0.2,-1.4,5.54));
#3203 = DIRECTION('',(0.,0.,1.));
#3204 = DIRECTION('',(1.,0.,0.));
#3205 = ADVANCED_FACE('',(#3206),#3224,.T.);
#3206 = FACE_BOUND('',#3207,.T.);
#3207 = EDGE_LOOP('',(#3208,#3209,#3217,#3223));
#3208 = ORIENTED_EDGE('',*,*,#2215,.T.);
#3209 = ORIENTED_EDGE('',*,*,#3210,.T.);
#3210 = EDGE_CURVE('',#2216,#3211,#3213,.T.);
#3211 = VERTEX_POINT('',#3212);
#3212 = CARTESIAN_POINT('',(-16.3,25.3,14.54));
#3213 = LINE('',#3214,#3215);
#3214 = CARTESIAN_POINT('',(26.97,25.3,14.54));
#3215 = VECTOR('',#3216,1.);
#3216 = DIRECTION('',(-1.,0.,0.));
#3217 = ORIENTED_EDGE('',*,*,#3218,.F.);
#3218 = EDGE_CURVE('',#1655,#3211,#3219,.T.);
#3219 = LINE('',#3220,#3221);
#3220 = CARTESIAN_POINT('',(-16.3,24.5,14.54));
#3221 = VECTOR('',#3222,1.);
#3222 = DIRECTION('',(0.,1.,-2.2E-16));
#3223 = ORIENTED_EDGE('',*,*,#1654,.F.);
#3224 = PLANE('',#3225);
#3225 = AXIS2_PLACEMENT_3D('',#3226,#3227,#3228);
#3226 = CARTESIAN_POINT('',(-0.2,-1.4,14.54));
#3227 = DIRECTION('',(0.,0.,1.));
#3228 = DIRECTION('',(1.,0.,0.));
#3229 = ADVANCED_FACE('',(#3230),#3250,.T.);
#3230 = FACE_BOUND('',#3231,.T.);
#3231 = EDGE_LOOP('',(#3232,#3240,#3241,#3242,#3243));
#3232 = ORIENTED_EDGE('',*,*,#3233,.T.);
#3233 = EDGE_CURVE('',#3234,#2293,#3236,.T.);
#3234 = VERTEX_POINT('',#3235);
#3235 = CARTESIAN_POINT('',(-16.3,25.5,14.34));
#3236 = LINE('',#3237,#3238);
#3237 = CARTESIAN_POINT('',(-16.3,25.5,12.955));
#3238 = VECTOR('',#3239,1.);
#3239 = DIRECTION('',(0.,0.,-1.));
#3240 = ORIENTED_EDGE('',*,*,#2300,.F.);
#3241 = ORIENTED_EDGE('',*,*,#1662,.F.);
#3242 = ORIENTED_EDGE('',*,*,#3218,.T.);
#3243 = ORIENTED_EDGE('',*,*,#3244,.F.);
#3244 = EDGE_CURVE('',#3234,#3211,#3245,.T.);
#3245 = CIRCLE('',#3246,0.2);
#3246 = AXIS2_PLACEMENT_3D('',#3247,#3248,#3249);
#3247 = CARTESIAN_POINT('',(-16.3,25.3,14.34));
#3248 = DIRECTION('',(1.,-0.,0.));
#3249 = DIRECTION('',(0.,0.,-1.));
#3250 = PLANE('',#3251);
#3251 = AXIS2_PLACEMENT_3D('',#3252,#3253,#3254);
#3252 = CARTESIAN_POINT('',(-16.3,24.5,14.54));
#3253 = DIRECTION('',(-1.,0.,0.));
#3254 = DIRECTION('',(0.,-2.2E-16,-1.));
#3255 = ADVANCED_FACE('',(#3256,#3274),#3285,.T.);
#3256 = FACE_BOUND('',#3257,.T.);
#3257 = EDGE_LOOP('',(#3258,#3266,#3267,#3268));
#3258 = ORIENTED_EDGE('',*,*,#3259,.F.);
#3259 = EDGE_CURVE('',#1697,#3260,#3262,.T.);
#3260 = VERTEX_POINT('',#3261);
#3261 = CARTESIAN_POINT('',(-32.7,16.5,5.54));
#3262 = LINE('',#3263,#3264);
#3263 = CARTESIAN_POINT('',(-32.7,24.5,5.54));
#3264 = VECTOR('',#3265,1.);
#3265 = DIRECTION('',(0.,-1.,0.));
#3266 = ORIENTED_EDGE('',*,*,#1696,.T.);
#3267 = ORIENTED_EDGE('',*,*,#2029,.T.);
#3268 = ORIENTED_EDGE('',*,*,#3269,.F.);
#3269 = EDGE_CURVE('',#3260,#2022,#3270,.T.);
#3270 = LINE('',#3271,#3272);
#3271 = CARTESIAN_POINT('',(-32.7,16.5,5.54));
#3272 = VECTOR('',#3273,1.);
#3273 = DIRECTION('',(-1.,0.,0.));
#3274 = FACE_BOUND('',#3275,.T.);
#3275 = EDGE_LOOP('',(#3276));
#3276 = ORIENTED_EDGE('',*,*,#3277,.F.);
#3277 = EDGE_CURVE('',#3278,#3278,#3280,.T.);
#3278 = VERTEX_POINT('',#3279);
#3279 = CARTESIAN_POINT('',(-34.18,20.65,5.54));
#3280 = CIRCLE('',#3281,2.5);
#3281 = AXIS2_PLACEMENT_3D('',#3282,#3283,#3284);
#3282 = CARTESIAN_POINT('',(-36.68,20.65,5.54));
#3283 = DIRECTION('',(0.,0.,1.));
#3284 = DIRECTION('',(1.,0.,0.));
#3285 = PLANE('',#3286);
#3286 = AXIS2_PLACEMENT_3D('',#3287,#3288,#3289);
#3287 = CARTESIAN_POINT('',(-0.2,-1.4,5.54));
#3288 = DIRECTION('',(0.,0.,1.));
#3289 = DIRECTION('',(1.,0.,0.));
#3290 = ADVANCED_FACE('',(#3291),#3302,.F.);
#3291 = FACE_BOUND('',#3292,.F.);
#3292 = EDGE_LOOP('',(#3293,#3294,#3295,#3301));
#3293 = ORIENTED_EDGE('',*,*,#1704,.T.);
#3294 = ORIENTED_EDGE('',*,*,#2737,.T.);
#3295 = ORIENTED_EDGE('',*,*,#3296,.F.);
#3296 = EDGE_CURVE('',#3260,#2738,#3297,.T.);
#3297 = LINE('',#3298,#3299);
#3298 = CARTESIAN_POINT('',(-32.7,16.5,5.54));
#3299 = VECTOR('',#3300,1.);
#3300 = DIRECTION('',(-0.,-0.,-1.));
#3301 = ORIENTED_EDGE('',*,*,#3259,.F.);
#3302 = PLANE('',#3303);
#3303 = AXIS2_PLACEMENT_3D('',#3304,#3305,#3306);
#3304 = CARTESIAN_POINT('',(-32.7,24.5,5.54));
#3305 = DIRECTION('',(-1.,0.,0.));
#3306 = DIRECTION('',(0.,-1.,0.));
#3307 = ADVANCED_FACE('',(#3308),#3319,.T.);
#3308 = FACE_BOUND('',#3309,.T.);
#3309 = EDGE_LOOP('',(#3310,#3311,#3312,#3318));
#3310 = ORIENTED_EDGE('',*,*,#1720,.T.);
#3311 = ORIENTED_EDGE('',*,*,#2730,.T.);
#3312 = ORIENTED_EDGE('',*,*,#3313,.F.);
#3313 = EDGE_CURVE('',#3177,#2723,#3314,.T.);
#3314 = LINE('',#3315,#3316);
#3315 = CARTESIAN_POINT('',(35.3,16.5,5.54));
#3316 = VECTOR('',#3317,1.);
#3317 = DIRECTION('',(-0.,-0.,-1.));
#3318 = ORIENTED_EDGE('',*,*,#3176,.F.);
#3319 = PLANE('',#3320);
#3320 = AXIS2_PLACEMENT_3D('',#3321,#3322,#3323);
#3321 = CARTESIAN_POINT('',(35.3,24.5,5.54));
#3322 = DIRECTION('',(-1.,0.,0.));
#3323 = DIRECTION('',(0.,-1.,0.));
#3324 = ADVANCED_FACE('',(#3325),#3331,.T.);
#3325 = FACE_BOUND('',#3326,.T.);
#3326 = EDGE_LOOP('',(#3327,#3328,#3329,#3330));
#3327 = ORIENTED_EDGE('',*,*,#1796,.F.);
#3328 = ORIENTED_EDGE('',*,*,#1771,.F.);
#3329 = ORIENTED_EDGE('',*,*,#1846,.F.);
#3330 = ORIENTED_EDGE('',*,*,#1821,.F.);
#3331 = PLANE('',#3332);
#3332 = AXIS2_PLACEMENT_3D('',#3333,#3334,#3335);
#3333 = CARTESIAN_POINT('',(-0.2,26.1,12.955));
#3334 = DIRECTION('',(0.,1.,0.));
#3335 = DIRECTION('',(0.,0.,1.));
#3336 = ADVANCED_FACE('',(#3337),#3364,.T.);
#3337 = FACE_BOUND('',#3338,.T.);
#3338 = EDGE_LOOP('',(#3339,#3348,#3356,#3363));
#3339 = ORIENTED_EDGE('',*,*,#3340,.T.);
#3340 = EDGE_CURVE('',#1881,#3341,#3343,.T.);
#3341 = VERTEX_POINT('',#3342);
#3342 = CARTESIAN_POINT('',(-46.3,19.1,12.77));
#3343 = ELLIPSE('',#3344,0.565685424949,0.4);
#3344 = AXIS2_PLACEMENT_3D('',#3345,#3346,#3347);
#3345 = CARTESIAN_POINT('',(-45.9,19.1,12.77));
#3346 = DIRECTION('',(-0.,0.707106781187,0.707106781187));
#3347 = DIRECTION('',(0.,-0.707106781187,0.707106781187));
#3348 = ORIENTED_EDGE('',*,*,#3349,.T.);
#3349 = EDGE_CURVE('',#3341,#3350,#3352,.T.);
#3350 = VERTEX_POINT('',#3351);
#3351 = CARTESIAN_POINT('',(-46.3,19.1,13.14));
#3352 = LINE('',#3353,#3354);
#3353 = CARTESIAN_POINT('',(-46.3,19.1,12.37));
#3354 = VECTOR('',#3355,1.);
#3355 = DIRECTION('',(0.,0.,1.));
#3356 = ORIENTED_EDGE('',*,*,#3357,.F.);
#3357 = EDGE_CURVE('',#1889,#3350,#3358,.T.);
#3358 = ELLIPSE('',#3359,0.565685424949,0.4);
#3359 = AXIS2_PLACEMENT_3D('',#3360,#3361,#3362);
#3360 = CARTESIAN_POINT('',(-45.9,19.1,13.14));
#3361 = DIRECTION('',(0.,-0.707106781187,0.707106781187));
#3362 = DIRECTION('',(0.,0.707106781187,0.707106781187));
#3363 = ORIENTED_EDGE('',*,*,#1888,.F.);
#3364 = CYLINDRICAL_SURFACE('',#3365,0.4);
#3365 = AXIS2_PLACEMENT_3D('',#3366,#3367,#3368);
#3366 = CARTESIAN_POINT('',(-45.9,19.1,12.37));
#3367 = DIRECTION('',(0.,0.,1.));
#3368 = DIRECTION('',(0.,1.,0.));
#3369 = ADVANCED_FACE('',(#3370),#3389,.T.);
#3370 = FACE_BOUND('',#3371,.T.);
#3371 = EDGE_LOOP('',(#3372,#3373,#3381,#3388));
#3372 = ORIENTED_EDGE('',*,*,#3357,.T.);
#3373 = ORIENTED_EDGE('',*,*,#3374,.T.);
#3374 = EDGE_CURVE('',#3350,#3375,#3377,.T.);
#3375 = VERTEX_POINT('',#3376);
#3376 = CARTESIAN_POINT('',(-46.3,-21.9,13.14));
#3377 = LINE('',#3378,#3379);
#3378 = CARTESIAN_POINT('',(-46.3,19.5,13.14));
#3379 = VECTOR('',#3380,1.);
#3380 = DIRECTION('',(0.,-1.,0.));
#3381 = ORIENTED_EDGE('',*,*,#3382,.F.);
#3382 = EDGE_CURVE('',#1913,#3375,#3383,.T.);
#3383 = ELLIPSE('',#3384,0.565685424949,0.4);
#3384 = AXIS2_PLACEMENT_3D('',#3385,#3386,#3387);
#3385 = CARTESIAN_POINT('',(-45.9,-21.9,13.14));
#3386 = DIRECTION('',(0.,-0.707106781187,-0.707106781187));
#3387 = DIRECTION('',(0.,0.707106781187,-0.707106781187));
#3388 = ORIENTED_EDGE('',*,*,#1912,.F.);
#3389 = CYLINDRICAL_SURFACE('',#3390,0.4);
#3390 = AXIS2_PLACEMENT_3D('',#3391,#3392,#3393);
#3391 = CARTESIAN_POINT('',(-45.9,19.5,13.14));
#3392 = DIRECTION('',(0.,-1.,0.));
#3393 = DIRECTION('',(0.,0.,1.));
#3394 = ADVANCED_FACE('',(#3395),#3414,.T.);
#3395 = FACE_BOUND('',#3396,.T.);
#3396 = EDGE_LOOP('',(#3397,#3398,#3406,#3413));
#3397 = ORIENTED_EDGE('',*,*,#3382,.T.);
#3398 = ORIENTED_EDGE('',*,*,#3399,.T.);
#3399 = EDGE_CURVE('',#3375,#3400,#3402,.T.);
#3400 = VERTEX_POINT('',#3401);
#3401 = CARTESIAN_POINT('',(-46.3,-21.9,12.77));
#3402 = LINE('',#3403,#3404);
#3403 = CARTESIAN_POINT('',(-46.3,-21.9,13.54));
#3404 = VECTOR('',#3405,1.);
#3405 = DIRECTION('',(0.,0.,-1.));
#3406 = ORIENTED_EDGE('',*,*,#3407,.F.);
#3407 = EDGE_CURVE('',#1937,#3400,#3408,.T.);
#3408 = ELLIPSE('',#3409,0.565685424949,0.4);
#3409 = AXIS2_PLACEMENT_3D('',#3410,#3411,#3412);
#3410 = CARTESIAN_POINT('',(-45.9,-21.9,12.77));
#3411 = DIRECTION('',(0.,0.707106781187,-0.707106781187));
#3412 = DIRECTION('',(0.,-0.707106781187,-0.707106781187));
#3413 = ORIENTED_EDGE('',*,*,#1936,.F.);
#3414 = CYLINDRICAL_SURFACE('',#3415,0.4);
#3415 = AXIS2_PLACEMENT_3D('',#3416,#3417,#3418);
#3416 = CARTESIAN_POINT('',(-45.9,-21.9,13.54));
#3417 = DIRECTION('',(0.,0.,-1.));
#3418 = DIRECTION('',(0.,-1.,0.));
#3419 = ADVANCED_FACE('',(#3420),#3431,.T.);
#3420 = FACE_BOUND('',#3421,.T.);
#3421 = EDGE_LOOP('',(#3422,#3423,#3429,#3430));
#3422 = ORIENTED_EDGE('',*,*,#3407,.T.);
#3423 = ORIENTED_EDGE('',*,*,#3424,.T.);
#3424 = EDGE_CURVE('',#3400,#3341,#3425,.T.);
#3425 = LINE('',#3426,#3427);
#3426 = CARTESIAN_POINT('',(-46.3,-22.3,12.77));
#3427 = VECTOR('',#3428,1.);
#3428 = DIRECTION('',(0.,1.,0.));
#3429 = ORIENTED_EDGE('',*,*,#3340,.F.);
#3430 = ORIENTED_EDGE('',*,*,#1960,.F.);
#3431 = CYLINDRICAL_SURFACE('',#3432,0.4);
#3432 = AXIS2_PLACEMENT_3D('',#3433,#3434,#3435);
#3433 = CARTESIAN_POINT('',(-45.9,-22.3,12.77));
#3434 = DIRECTION('',(0.,1.,0.));
#3435 = DIRECTION('',(0.,0.,-1.));
#3436 = ADVANCED_FACE('',(#3437),#3443,.F.);
#3437 = FACE_BOUND('',#3438,.F.);
#3438 = EDGE_LOOP('',(#3439,#3440,#3441,#3442));
#3439 = ORIENTED_EDGE('',*,*,#2005,.T.);
#3440 = ORIENTED_EDGE('',*,*,#2752,.T.);
#3441 = ORIENTED_EDGE('',*,*,#2776,.F.);
#3442 = ORIENTED_EDGE('',*,*,#2532,.F.);
#3443 = PLANE('',#3444);
#3444 = AXIS2_PLACEMENT_3D('',#3445,#3446,#3447);
#3445 = CARTESIAN_POINT('',(-44.7,-19.3,5.54));
#3446 = DIRECTION('',(0.,-1.,0.));
#3447 = DIRECTION('',(1.,0.,0.));
#3448 = ADVANCED_FACE('',(#3449),#3455,.F.);
#3449 = FACE_BOUND('',#3450,.F.);
#3450 = EDGE_LOOP('',(#3451,#3452,#3453,#3454));
#3451 = ORIENTED_EDGE('',*,*,#3296,.T.);
#3452 = ORIENTED_EDGE('',*,*,#2745,.T.);
#3453 = ORIENTED_EDGE('',*,*,#2021,.F.);
#3454 = ORIENTED_EDGE('',*,*,#3269,.F.);
#3455 = PLANE('',#3456);
#3456 = AXIS2_PLACEMENT_3D('',#3457,#3458,#3459);
#3457 = CARTESIAN_POINT('',(-32.7,16.5,5.54));
#3458 = DIRECTION('',(0.,1.,0.));
#3459 = DIRECTION('',(-1.,0.,0.));
#3460 = ADVANCED_FACE('',(#3461),#3480,.T.);
#3461 = FACE_BOUND('',#3462,.T.);
#3462 = EDGE_LOOP('',(#3463,#3464,#3465,#3473));
#3463 = ORIENTED_EDGE('',*,*,#3014,.F.);
#3464 = ORIENTED_EDGE('',*,*,#2067,.T.);
#3465 = ORIENTED_EDGE('',*,*,#3466,.T.);
#3466 = EDGE_CURVE('',#2060,#3467,#3469,.T.);
#3467 = VERTEX_POINT('',#3468);
#3468 = CARTESIAN_POINT('',(45.1,25.5,14.34));
#3469 = LINE('',#3470,#3471);
#3470 = CARTESIAN_POINT('',(45.1,25.5,11.37));
#3471 = VECTOR('',#3472,1.);
#3472 = DIRECTION('',(0.,0.,1.));
#3473 = ORIENTED_EDGE('',*,*,#3474,.F.);
#3474 = EDGE_CURVE('',#2992,#3467,#3475,.T.);
#3475 = CIRCLE('',#3476,0.2);
#3476 = AXIS2_PLACEMENT_3D('',#3477,#3478,#3479);
#3477 = CARTESIAN_POINT('',(45.1,25.3,14.34));
#3478 = DIRECTION('',(0.,0.,1.));
#3479 = DIRECTION('',(1.,0.,0.));
#3480 = CYLINDRICAL_SURFACE('',#3481,0.2);
#3481 = AXIS2_PLACEMENT_3D('',#3482,#3483,#3484);
#3482 = CARTESIAN_POINT('',(45.1,25.3,11.37));
#3483 = DIRECTION('',(0.,0.,1.));
#3484 = DIRECTION('',(1.,0.,0.));
#3485 = ADVANCED_FACE('',(#3486,#3497),#3531,.T.);
#3486 = FACE_BOUND('',#3487,.T.);
#3487 = EDGE_LOOP('',(#3488,#3489,#3495,#3496));
#3488 = ORIENTED_EDGE('',*,*,#2108,.F.);
#3489 = ORIENTED_EDGE('',*,*,#3490,.F.);
#3490 = EDGE_CURVE('',#3467,#2109,#3491,.T.);
#3491 = LINE('',#3492,#3493);
#3492 = CARTESIAN_POINT('',(45.1,25.5,14.34));
#3493 = VECTOR('',#3494,1.);
#3494 = DIRECTION('',(-1.,0.,0.));
#3495 = ORIENTED_EDGE('',*,*,#3466,.F.);
#3496 = ORIENTED_EDGE('',*,*,#2059,.T.);
#3497 = FACE_BOUND('',#3498,.T.);
#3498 = EDGE_LOOP('',(#3499,#3509,#3517,#3525));
#3499 = ORIENTED_EDGE('',*,*,#3500,.T.);
#3500 = EDGE_CURVE('',#3501,#3503,#3505,.T.);
#3501 = VERTEX_POINT('',#3502);
#3502 = CARTESIAN_POINT('',(33.91,25.5,12.37));
#3503 = VERTEX_POINT('',#3504);
#3504 = CARTESIAN_POINT('',(39.3,25.5,12.37));
#3505 = LINE('',#3506,#3507);
#3506 = CARTESIAN_POINT('',(-39.7,25.5,12.37));
#3507 = VECTOR('',#3508,1.);
#3508 = DIRECTION('',(1.,0.,0.));
#3509 = ORIENTED_EDGE('',*,*,#3510,.T.);
#3510 = EDGE_CURVE('',#3503,#3511,#3513,.T.);
#3511 = VERTEX_POINT('',#3512);
#3512 = CARTESIAN_POINT('',(39.3,25.5,13.54));
#3513 = LINE('',#3514,#3515);
#3514 = CARTESIAN_POINT('',(39.3,25.5,12.37));
#3515 = VECTOR('',#3516,1.);
#3516 = DIRECTION('',(0.,0.,1.));
#3517 = ORIENTED_EDGE('',*,*,#3518,.T.);
#3518 = EDGE_CURVE('',#3511,#3519,#3521,.T.);
#3519 = VERTEX_POINT('',#3520);
#3520 = CARTESIAN_POINT('',(33.91,25.5,13.54));
#3521 = LINE('',#3522,#3523);
#3522 = CARTESIAN_POINT('',(39.3,25.5,13.54));
#3523 = VECTOR('',#3524,1.);
#3524 = DIRECTION('',(-1.,0.,0.));
#3525 = ORIENTED_EDGE('',*,*,#3526,.T.);
#3526 = EDGE_CURVE('',#3519,#3501,#3527,.T.);
#3527 = LINE('',#3528,#3529);
#3528 = CARTESIAN_POINT('',(33.91,25.5,13.54));
#3529 = VECTOR('',#3530,1.);
#3530 = DIRECTION('',(0.,0.,-1.));
#3531 = PLANE('',#3532);
#3532 = AXIS2_PLACEMENT_3D('',#3533,#3534,#3535);
#3533 = CARTESIAN_POINT('',(38.155,25.5,12.955));
#3534 = DIRECTION('',(0.,1.,0.));
#3535 = DIRECTION('',(0.,0.,1.));
#3536 = ADVANCED_FACE('',(#3537),#3542,.F.);
#3537 = FACE_BOUND('',#3538,.F.);
#3538 = EDGE_LOOP('',(#3539,#3540,#3541));
#3539 = ORIENTED_EDGE('',*,*,#2157,.F.);
#3540 = ORIENTED_EDGE('',*,*,#2906,.T.);
#3541 = ORIENTED_EDGE('',*,*,#2093,.F.);
#3542 = PLANE('',#3543);
#3543 = AXIS2_PLACEMENT_3D('',#3544,#3545,#3546);
#3544 = CARTESIAN_POINT('',(45.3,25.5,3.54));
#3545 = DIRECTION('',(-0.57735026919,-0.57735026919,0.57735026919));
#3546 = DIRECTION('',(0.707106781187,-0.707106781187,0.));
#3547 = ADVANCED_FACE('',(#3548),#3560,.T.);
#3548 = FACE_BOUND('',#3549,.F.);
#3549 = EDGE_LOOP('',(#3550,#3557,#3558,#3559));
#3550 = ORIENTED_EDGE('',*,*,#3551,.T.);
#3551 = EDGE_CURVE('',#3467,#2965,#3552,.T.);
#3552 = CIRCLE('',#3553,0.2);
#3553 = AXIS2_PLACEMENT_3D('',#3554,#3555,#3556);
#3554 = CARTESIAN_POINT('',(45.1,25.3,14.34));
#3555 = DIRECTION('',(1.,-6.123233995737E-17,0.));
#3556 = DIRECTION('',(6.123233995737E-17,1.,0.));
#3557 = ORIENTED_EDGE('',*,*,#2972,.T.);
#3558 = ORIENTED_EDGE('',*,*,#2133,.F.);
#3559 = ORIENTED_EDGE('',*,*,#3490,.F.);
#3560 = CYLINDRICAL_SURFACE('',#3561,0.2);
#3561 = AXIS2_PLACEMENT_3D('',#3562,#3563,#3564);
#3562 = CARTESIAN_POINT('',(45.1,25.3,14.34));
#3563 = DIRECTION('',(-1.,0.,0.));
#3564 = DIRECTION('',(0.,1.,0.));
#3565 = ADVANCED_FACE('',(#3566),#3572,.F.);
#3566 = FACE_BOUND('',#3567,.F.);
#3567 = EDGE_LOOP('',(#3568,#3569,#3570,#3571));
#3568 = ORIENTED_EDGE('',*,*,#2340,.F.);
#3569 = ORIENTED_EDGE('',*,*,#2518,.F.);
#3570 = ORIENTED_EDGE('',*,*,#2914,.F.);
#3571 = ORIENTED_EDGE('',*,*,#2165,.F.);
#3572 = PLANE('',#3573);
#3573 = AXIS2_PLACEMENT_3D('',#3574,#3575,#3576);
#3574 = CARTESIAN_POINT('',(-0.2,-1.4,3.54));
#3575 = DIRECTION('',(0.,0.,1.));
#3576 = DIRECTION('',(1.,0.,0.));
#3577 = ADVANCED_FACE('',(#3578,#3604),#3638,.T.);
#3578 = FACE_BOUND('',#3579,.T.);
#3579 = EDGE_LOOP('',(#3580,#3581,#3587,#3588,#3589,#3590,#3598));
#3580 = ORIENTED_EDGE('',*,*,#3233,.F.);
#3581 = ORIENTED_EDGE('',*,*,#3582,.F.);
#3582 = EDGE_CURVE('',#2197,#3234,#3583,.T.);
#3583 = LINE('',#3584,#3585);
#3584 = CARTESIAN_POINT('',(26.97,25.5,14.34));
#3585 = VECTOR('',#3586,1.);
#3586 = DIRECTION('',(-1.,0.,0.));
#3587 = ORIENTED_EDGE('',*,*,#2196,.T.);
#3588 = ORIENTED_EDGE('',*,*,#2247,.T.);
#3589 = ORIENTED_EDGE('',*,*,#2266,.T.);
#3590 = ORIENTED_EDGE('',*,*,#3591,.T.);
#3591 = EDGE_CURVE('',#2267,#3592,#3594,.T.);
#3592 = VERTEX_POINT('',#3593);
#3593 = CARTESIAN_POINT('',(-16.3,25.5,12.37));
#3594 = LINE('',#3595,#3596);
#3595 = CARTESIAN_POINT('',(-39.7,25.5,12.37));
#3596 = VECTOR('',#3597,1.);
#3597 = DIRECTION('',(1.,0.,0.));
#3598 = ORIENTED_EDGE('',*,*,#3599,.T.);
#3599 = EDGE_CURVE('',#3592,#2293,#3600,.T.);
#3600 = LINE('',#3601,#3602);
#3601 = CARTESIAN_POINT('',(-16.3,25.5,12.37));
#3602 = VECTOR('',#3603,1.);
#3603 = DIRECTION('',(0.,0.,1.));
#3604 = FACE_BOUND('',#3605,.T.);
#3605 = EDGE_LOOP('',(#3606,#3616,#3624,#3632));
#3606 = ORIENTED_EDGE('',*,*,#3607,.T.);
#3607 = EDGE_CURVE('',#3608,#3610,#3612,.T.);
#3608 = VERTEX_POINT('',#3609);
#3609 = CARTESIAN_POINT('',(-13.6,25.5,12.37));
#3610 = VERTEX_POINT('',#3611);
#3611 = CARTESIAN_POINT('',(24.27,25.5,12.37));
#3612 = LINE('',#3613,#3614);
#3613 = CARTESIAN_POINT('',(-39.7,25.5,12.37));
#3614 = VECTOR('',#3615,1.);
#3615 = DIRECTION('',(1.,0.,0.));
#3616 = ORIENTED_EDGE('',*,*,#3617,.T.);
#3617 = EDGE_CURVE('',#3610,#3618,#3620,.T.);
#3618 = VERTEX_POINT('',#3619);
#3619 = CARTESIAN_POINT('',(24.27,25.5,13.54));
#3620 = LINE('',#3621,#3622);
#3621 = CARTESIAN_POINT('',(24.27,25.5,12.37));
#3622 = VECTOR('',#3623,1.);
#3623 = DIRECTION('',(0.,0.,1.));
#3624 = ORIENTED_EDGE('',*,*,#3625,.T.);
#3625 = EDGE_CURVE('',#3618,#3626,#3628,.T.);
#3626 = VERTEX_POINT('',#3627);
#3627 = CARTESIAN_POINT('',(-13.6,25.5,13.54));
#3628 = LINE('',#3629,#3630);
#3629 = CARTESIAN_POINT('',(39.3,25.5,13.54));
#3630 = VECTOR('',#3631,1.);
#3631 = DIRECTION('',(-1.,0.,0.));
#3632 = ORIENTED_EDGE('',*,*,#3633,.T.);
#3633 = EDGE_CURVE('',#3626,#3608,#3634,.T.);
#3634 = LINE('',#3635,#3636);
#3635 = CARTESIAN_POINT('',(-13.6,25.5,13.54));
#3636 = VECTOR('',#3637,1.);
#3637 = DIRECTION('',(0.,0.,-1.));
#3638 = PLANE('',#3639);
#3639 = AXIS2_PLACEMENT_3D('',#3640,#3641,#3642);
#3640 = CARTESIAN_POINT('',(5.160711121214,25.5,12.94303650324));
#3641 = DIRECTION('',(0.,1.,0.));
#3642 = DIRECTION('',(0.,0.,1.));
#3643 = ADVANCED_FACE('',(#3644),#3650,.T.);
#3644 = FACE_BOUND('',#3645,.F.);
#3645 = EDGE_LOOP('',(#3646,#3647,#3648,#3649));
#3646 = ORIENTED_EDGE('',*,*,#2223,.T.);
#3647 = ORIENTED_EDGE('',*,*,#3210,.T.);
#3648 = ORIENTED_EDGE('',*,*,#3244,.F.);
#3649 = ORIENTED_EDGE('',*,*,#3582,.F.);
#3650 = CYLINDRICAL_SURFACE('',#3651,0.2);
#3651 = AXIS2_PLACEMENT_3D('',#3652,#3653,#3654);
#3652 = CARTESIAN_POINT('',(26.97,25.3,14.34));
#3653 = DIRECTION('',(-1.,0.,0.));
#3654 = DIRECTION('',(0.,1.,0.));
#3655 = ADVANCED_FACE('',(#3656),#3674,.F.);
#3656 = FACE_BOUND('',#3657,.F.);
#3657 = EDGE_LOOP('',(#3658,#3666,#3672,#3673));
#3658 = ORIENTED_EDGE('',*,*,#3659,.F.);
#3659 = EDGE_CURVE('',#3660,#2284,#3662,.T.);
#3660 = VERTEX_POINT('',#3661);
#3661 = CARTESIAN_POINT('',(-16.3,26.1,12.37));
#3662 = LINE('',#3663,#3664);
#3663 = CARTESIAN_POINT('',(-16.3,26.1,12.37));
#3664 = VECTOR('',#3665,1.);
#3665 = DIRECTION('',(0.,0.,1.));
#3666 = ORIENTED_EDGE('',*,*,#3667,.T.);
#3667 = EDGE_CURVE('',#3660,#3592,#3668,.T.);
#3668 = LINE('',#3669,#3670);
#3669 = CARTESIAN_POINT('',(-16.3,26.1,12.37));
#3670 = VECTOR('',#3671,1.);
#3671 = DIRECTION('',(-9.E-17,-1.,2.2E-16));
#3672 = ORIENTED_EDGE('',*,*,#3599,.T.);
#3673 = ORIENTED_EDGE('',*,*,#2292,.T.);
#3674 = PLANE('',#3675);
#3675 = AXIS2_PLACEMENT_3D('',#3676,#3677,#3678);
#3676 = CARTESIAN_POINT('',(-16.3,26.1,12.37));
#3677 = DIRECTION('',(-1.,9.E-17,-9.E-17));
#3678 = DIRECTION('',(-9.E-17,2.2E-16,1.));
#3679 = ADVANCED_FACE('',(#3680),#3690,.T.);
#3680 = FACE_BOUND('',#3681,.T.);
#3681 = EDGE_LOOP('',(#3682,#3683,#3689));
#3682 = ORIENTED_EDGE('',*,*,#3659,.F.);
#3683 = ORIENTED_EDGE('',*,*,#3684,.F.);
#3684 = EDGE_CURVE('',#2276,#3660,#3685,.T.);
#3685 = LINE('',#3686,#3687);
#3686 = CARTESIAN_POINT('',(-39.7,26.1,12.37));
#3687 = VECTOR('',#3688,1.);
#3688 = DIRECTION('',(1.,0.,0.));
#3689 = ORIENTED_EDGE('',*,*,#2283,.T.);
#3690 = PLANE('',#3691);
#3691 = AXIS2_PLACEMENT_3D('',#3692,#3693,#3694);
#3692 = CARTESIAN_POINT('',(-0.2,26.1,12.955));
#3693 = DIRECTION('',(0.,1.,0.));
#3694 = DIRECTION('',(0.,0.,1.));
#3695 = ADVANCED_FACE('',(#3696),#3702,.T.);
#3696 = FACE_BOUND('',#3697,.T.);
#3697 = EDGE_LOOP('',(#3698,#3699,#3700,#3701));
#3698 = ORIENTED_EDGE('',*,*,#3591,.F.);
#3699 = ORIENTED_EDGE('',*,*,#2275,.F.);
#3700 = ORIENTED_EDGE('',*,*,#3684,.T.);
#3701 = ORIENTED_EDGE('',*,*,#3667,.T.);
#3702 = PLANE('',#3703);
#3703 = AXIS2_PLACEMENT_3D('',#3704,#3705,#3706);
#3704 = CARTESIAN_POINT('',(-39.7,25.5,12.37));
#3705 = DIRECTION('',(0.,-2.2E-16,-1.));
#3706 = DIRECTION('',(1.,0.,0.));
#3707 = ADVANCED_FACE('',(#3708),#3727,.T.);
#3708 = FACE_BOUND('',#3709,.F.);
#3709 = EDGE_LOOP('',(#3710,#3711,#3719,#3726));
#3710 = ORIENTED_EDGE('',*,*,#2492,.T.);
#3711 = ORIENTED_EDGE('',*,*,#3712,.T.);
#3712 = EDGE_CURVE('',#2485,#3713,#3715,.T.);
#3713 = VERTEX_POINT('',#3714);
#3714 = CARTESIAN_POINT('',(-39.3,-28.9,13.14));
#3715 = LINE('',#3716,#3717);
#3716 = CARTESIAN_POINT('',(20.64,-28.9,13.14));
#3717 = VECTOR('',#3718,1.);
#3718 = DIRECTION('',(-1.,0.,0.));
#3719 = ORIENTED_EDGE('',*,*,#3720,.T.);
#3720 = EDGE_CURVE('',#3713,#2395,#3721,.T.);
#3721 = ELLIPSE('',#3722,0.565685424949,0.4);
#3722 = AXIS2_PLACEMENT_3D('',#3723,#3724,#3725);
#3723 = CARTESIAN_POINT('',(-39.3,-28.5,13.14));
#3724 = DIRECTION('',(-0.707106781187,-0.,-0.707106781187));
#3725 = DIRECTION('',(0.707106781187,0.,-0.707106781187));
#3726 = ORIENTED_EDGE('',*,*,#2404,.F.);
#3727 = CYLINDRICAL_SURFACE('',#3728,0.4);
#3728 = AXIS2_PLACEMENT_3D('',#3729,#3730,#3731);
#3729 = CARTESIAN_POINT('',(20.64,-28.5,13.14));
#3730 = DIRECTION('',(-1.,0.,0.));
#3731 = DIRECTION('',(0.,2.2E-16,1.));
#3732 = ADVANCED_FACE('',(#3733),#3752,.T.);
#3733 = FACE_BOUND('',#3734,.T.);
#3734 = EDGE_LOOP('',(#3735,#3744,#3745,#3746));
#3735 = ORIENTED_EDGE('',*,*,#3736,.T.);
#3736 = EDGE_CURVE('',#3737,#2421,#3739,.T.);
#3737 = VERTEX_POINT('',#3738);
#3738 = CARTESIAN_POINT('',(-39.3,-28.9,12.77));
#3739 = ELLIPSE('',#3740,0.565685424949,0.4);
#3740 = AXIS2_PLACEMENT_3D('',#3741,#3742,#3743);
#3741 = CARTESIAN_POINT('',(-39.3,-28.5,12.77));
#3742 = DIRECTION('',(0.707106781187,0.,-0.707106781187));
#3743 = DIRECTION('',(-0.707106781187,0.,-0.707106781187));
#3744 = ORIENTED_EDGE('',*,*,#2428,.T.);
#3745 = ORIENTED_EDGE('',*,*,#2475,.T.);
#3746 = ORIENTED_EDGE('',*,*,#3747,.F.);
#3747 = EDGE_CURVE('',#3737,#2476,#3748,.T.);
#3748 = LINE('',#3749,#3750);
#3749 = CARTESIAN_POINT('',(-39.7,-28.9,12.77));
#3750 = VECTOR('',#3751,1.);
#3751 = DIRECTION('',(1.,0.,0.));
#3752 = CYLINDRICAL_SURFACE('',#3753,0.4);
#3753 = AXIS2_PLACEMENT_3D('',#3754,#3755,#3756);
#3754 = CARTESIAN_POINT('',(-39.7,-28.5,12.77));
#3755 = DIRECTION('',(1.,0.,0.));
#3756 = DIRECTION('',(0.,-1.,0.));
#3757 = ADVANCED_FACE('',(#3758),#3769,.T.);
#3758 = FACE_BOUND('',#3759,.T.);
#3759 = EDGE_LOOP('',(#3760,#3761,#3762,#3763));
#3760 = ORIENTED_EDGE('',*,*,#3720,.T.);
#3761 = ORIENTED_EDGE('',*,*,#2443,.T.);
#3762 = ORIENTED_EDGE('',*,*,#3736,.F.);
#3763 = ORIENTED_EDGE('',*,*,#3764,.F.);
#3764 = EDGE_CURVE('',#3713,#3737,#3765,.T.);
#3765 = LINE('',#3766,#3767);
#3766 = CARTESIAN_POINT('',(-39.3,-28.9,13.54));
#3767 = VECTOR('',#3768,1.);
#3768 = DIRECTION('',(0.,0.,-1.));
#3769 = CYLINDRICAL_SURFACE('',#3770,0.4);
#3770 = AXIS2_PLACEMENT_3D('',#3771,#3772,#3773);
#3771 = CARTESIAN_POINT('',(-39.3,-28.5,13.54));
#3772 = DIRECTION('',(0.,0.,-1.));
#3773 = DIRECTION('',(0.,-1.,0.));
#3774 = ADVANCED_FACE('',(#3775),#3781,.F.);
#3775 = FACE_BOUND('',#3776,.F.);
#3776 = EDGE_LOOP('',(#3777,#3778,#3779,#3780));
#3777 = ORIENTED_EDGE('',*,*,#3764,.F.);
#3778 = ORIENTED_EDGE('',*,*,#3712,.F.);
#3779 = ORIENTED_EDGE('',*,*,#2484,.F.);
#3780 = ORIENTED_EDGE('',*,*,#3747,.F.);
#3781 = PLANE('',#3782);
#3782 = AXIS2_PLACEMENT_3D('',#3783,#3784,#3785);
#3783 = CARTESIAN_POINT('',(0.8,-28.9,12.955));
#3784 = DIRECTION('',(0.,1.,0.));
#3785 = DIRECTION('',(0.,0.,1.));
#3786 = ADVANCED_FACE('',(#3787),#3806,.T.);
#3787 = FACE_BOUND('',#3788,.F.);
#3788 = EDGE_LOOP('',(#3789,#3797,#3804,#3805));
#3789 = ORIENTED_EDGE('',*,*,#3790,.T.);
#3790 = EDGE_CURVE('',#2551,#3791,#3793,.T.);
#3791 = VERTEX_POINT('',#3792);
#3792 = CARTESIAN_POINT('',(-34.18,-23.35,14.54));
#3793 = LINE('',#3794,#3795);
#3794 = CARTESIAN_POINT('',(-34.18,-23.35,5.54));
#3795 = VECTOR('',#3796,1.);
#3796 = DIRECTION('',(0.,0.,1.));
#3797 = ORIENTED_EDGE('',*,*,#3798,.T.);
#3798 = EDGE_CURVE('',#3791,#3791,#3799,.T.);
#3799 = CIRCLE('',#3800,2.5);
#3800 = AXIS2_PLACEMENT_3D('',#3801,#3802,#3803);
#3801 = CARTESIAN_POINT('',(-36.68,-23.35,14.54));
#3802 = DIRECTION('',(0.,0.,1.));
#3803 = DIRECTION('',(1.,0.,0.));
#3804 = ORIENTED_EDGE('',*,*,#3790,.F.);
#3805 = ORIENTED_EDGE('',*,*,#2550,.F.);
#3806 = CYLINDRICAL_SURFACE('',#3807,2.5);
#3807 = AXIS2_PLACEMENT_3D('',#3808,#3809,#3810);
#3808 = CARTESIAN_POINT('',(-36.68,-23.35,5.54));
#3809 = DIRECTION('',(-0.,-0.,-1.));
#3810 = DIRECTION('',(1.,0.,0.));
#3811 = ADVANCED_FACE('',(#3812),#3818,.F.);
#3812 = FACE_BOUND('',#3813,.F.);
#3813 = EDGE_LOOP('',(#3814,#3815,#3816,#3817));
#3814 = ORIENTED_EDGE('',*,*,#2624,.T.);
#3815 = ORIENTED_EDGE('',*,*,#2722,.T.);
#3816 = ORIENTED_EDGE('',*,*,#3313,.F.);
#3817 = ORIENTED_EDGE('',*,*,#3184,.F.);
#3818 = PLANE('',#3819);
#3819 = AXIS2_PLACEMENT_3D('',#3820,#3821,#3822);
#3820 = CARTESIAN_POINT('',(44.3,16.5,5.54));
#3821 = DIRECTION('',(0.,1.,0.));
#3822 = DIRECTION('',(-1.,0.,0.));
#3823 = ADVANCED_FACE('',(#3824),#3830,.F.);
#3824 = FACE_BOUND('',#3825,.F.);
#3825 = EDGE_LOOP('',(#3826,#3827,#3828,#3829));
#3826 = ORIENTED_EDGE('',*,*,#2698,.T.);
#3827 = ORIENTED_EDGE('',*,*,#2715,.T.);
#3828 = ORIENTED_EDGE('',*,*,#2640,.F.);
#3829 = ORIENTED_EDGE('',*,*,#2655,.F.);
#3830 = PLANE('',#3831);
#3831 = AXIS2_PLACEMENT_3D('',#3832,#3833,#3834);
#3832 = CARTESIAN_POINT('',(35.3,-19.30000000024,5.54));
#3833 = DIRECTION('',(0.,-1.,0.));
#3834 = DIRECTION('',(1.,0.,0.));
#3835 = ADVANCED_FACE('',(#3836),#3855,.T.);
#3836 = FACE_BOUND('',#3837,.F.);
#3837 = EDGE_LOOP('',(#3838,#3846,#3853,#3854));
#3838 = ORIENTED_EDGE('',*,*,#3839,.T.);
#3839 = EDGE_CURVE('',#2673,#3840,#3842,.T.);
#3840 = VERTEX_POINT('',#3841);
#3841 = CARTESIAN_POINT('',(41.9,-23.35,14.54));
#3842 = LINE('',#3843,#3844);
#3843 = CARTESIAN_POINT('',(41.9,-23.35,5.54));
#3844 = VECTOR('',#3845,1.);
#3845 = DIRECTION('',(0.,0.,1.));
#3846 = ORIENTED_EDGE('',*,*,#3847,.T.);
#3847 = EDGE_CURVE('',#3840,#3840,#3848,.T.);
#3848 = CIRCLE('',#3849,2.5);
#3849 = AXIS2_PLACEMENT_3D('',#3850,#3851,#3852);
#3850 = CARTESIAN_POINT('',(39.4,-23.35,14.54));
#3851 = DIRECTION('',(0.,0.,1.));
#3852 = DIRECTION('',(1.,0.,0.));
#3853 = ORIENTED_EDGE('',*,*,#3839,.F.);
#3854 = ORIENTED_EDGE('',*,*,#2672,.F.);
#3855 = CYLINDRICAL_SURFACE('',#3856,2.5);
#3856 = AXIS2_PLACEMENT_3D('',#3857,#3858,#3859);
#3857 = CARTESIAN_POINT('',(39.4,-23.35,5.54));
#3858 = DIRECTION('',(-0.,-0.,-1.));
#3859 = DIRECTION('',(1.,0.,0.));
#3860 = ADVANCED_FACE('',(#3861),#3880,.T.);
#3861 = FACE_BOUND('',#3862,.F.);
#3862 = EDGE_LOOP('',(#3863,#3872,#3878,#3879));
#3863 = ORIENTED_EDGE('',*,*,#3864,.T.);
#3864 = EDGE_CURVE('',#2828,#3865,#3867,.T.);
#3865 = VERTEX_POINT('',#3866);
#3866 = CARTESIAN_POINT('',(40.9,-28.9,13.14));
#3867 = ELLIPSE('',#3868,0.565685424949,0.4);
#3868 = AXIS2_PLACEMENT_3D('',#3869,#3870,#3871);
#3869 = CARTESIAN_POINT('',(40.9,-28.5,13.14));
#3870 = DIRECTION('',(0.707106781187,0.,-0.707106781187));
#3871 = DIRECTION('',(0.707106781187,0.,0.707106781187));
#3872 = ORIENTED_EDGE('',*,*,#3873,.T.);
#3873 = EDGE_CURVE('',#3865,#2850,#3874,.T.);
#3874 = LINE('',#3875,#3876);
#3875 = CARTESIAN_POINT('',(41.3,-28.9,13.14));
#3876 = VECTOR('',#3877,1.);
#3877 = DIRECTION('',(-1.,0.,0.));
#3878 = ORIENTED_EDGE('',*,*,#2849,.F.);
#3879 = ORIENTED_EDGE('',*,*,#2835,.F.);
#3880 = CYLINDRICAL_SURFACE('',#3881,0.4);
#3881 = AXIS2_PLACEMENT_3D('',#3882,#3883,#3884);
#3882 = CARTESIAN_POINT('',(41.3,-28.5,13.14));
#3883 = DIRECTION('',(-1.,0.,0.));
#3884 = DIRECTION('',(0.,2.2E-16,1.));
#3885 = ADVANCED_FACE('',(#3886),#3904,.F.);
#3886 = FACE_BOUND('',#3887,.F.);
#3887 = EDGE_LOOP('',(#3888,#3889,#3890,#3898));
#3888 = ORIENTED_EDGE('',*,*,#2858,.F.);
#3889 = ORIENTED_EDGE('',*,*,#3873,.F.);
#3890 = ORIENTED_EDGE('',*,*,#3891,.F.);
#3891 = EDGE_CURVE('',#3892,#3865,#3894,.T.);
#3892 = VERTEX_POINT('',#3893);
#3893 = CARTESIAN_POINT('',(40.9,-28.9,12.77));
#3894 = LINE('',#3895,#3896);
#3895 = CARTESIAN_POINT('',(40.9,-28.9,12.37));
#3896 = VECTOR('',#3897,1.);
#3897 = DIRECTION('',(0.,0.,1.));
#3898 = ORIENTED_EDGE('',*,*,#3899,.F.);
#3899 = EDGE_CURVE('',#2859,#3892,#3900,.T.);
#3900 = LINE('',#3901,#3902);
#3901 = CARTESIAN_POINT('',(33.84,-28.9,12.77));
#3902 = VECTOR('',#3903,1.);
#3903 = DIRECTION('',(1.,0.,0.));
#3904 = PLANE('',#3905);
#3905 = AXIS2_PLACEMENT_3D('',#3906,#3907,#3908);
#3906 = CARTESIAN_POINT('',(0.8,-28.9,12.955));
#3907 = DIRECTION('',(0.,1.,0.));
#3908 = DIRECTION('',(0.,0.,1.));
#3909 = ADVANCED_FACE('',(#3910),#3922,.T.);
#3910 = FACE_BOUND('',#3911,.F.);
#3911 = EDGE_LOOP('',(#3912,#3913,#3914,#3921));
#3912 = ORIENTED_EDGE('',*,*,#2866,.T.);
#3913 = ORIENTED_EDGE('',*,*,#3899,.T.);
#3914 = ORIENTED_EDGE('',*,*,#3915,.F.);
#3915 = EDGE_CURVE('',#2883,#3892,#3916,.T.);
#3916 = ELLIPSE('',#3917,0.565685424949,0.4);
#3917 = AXIS2_PLACEMENT_3D('',#3918,#3919,#3920);
#3918 = CARTESIAN_POINT('',(40.9,-28.5,12.77));
#3919 = DIRECTION('',(-0.707106781187,0.,-0.707106781187));
#3920 = DIRECTION('',(-0.707106781187,0.,0.707106781187));
#3921 = ORIENTED_EDGE('',*,*,#2892,.F.);
#3922 = CYLINDRICAL_SURFACE('',#3923,0.4);
#3923 = AXIS2_PLACEMENT_3D('',#3924,#3925,#3926);
#3924 = CARTESIAN_POINT('',(33.84,-28.5,12.77));
#3925 = DIRECTION('',(1.,0.,0.));
#3926 = DIRECTION('',(0.,-2.2E-16,-1.));
#3927 = ADVANCED_FACE('',(#3928),#3934,.T.);
#3928 = FACE_BOUND('',#3929,.F.);
#3929 = EDGE_LOOP('',(#3930,#3931,#3932,#3933));
#3930 = ORIENTED_EDGE('',*,*,#3915,.T.);
#3931 = ORIENTED_EDGE('',*,*,#3891,.T.);
#3932 = ORIENTED_EDGE('',*,*,#3864,.F.);
#3933 = ORIENTED_EDGE('',*,*,#2929,.F.);
#3934 = CYLINDRICAL_SURFACE('',#3935,0.4);
#3935 = AXIS2_PLACEMENT_3D('',#3936,#3937,#3938);
#3936 = CARTESIAN_POINT('',(40.9,-28.5,12.37));
#3937 = DIRECTION('',(0.,0.,1.));
#3938 = DIRECTION('',(1.,0.,0.));
#3939 = ADVANCED_FACE('',(#3940),#3945,.T.);
#3940 = FACE_BOUND('',#3941,.T.);
#3941 = EDGE_LOOP('',(#3942,#3943,#3944));
#3942 = ORIENTED_EDGE('',*,*,#2991,.F.);
#3943 = ORIENTED_EDGE('',*,*,#3474,.T.);
#3944 = ORIENTED_EDGE('',*,*,#3551,.T.);
#3945 = SPHERICAL_SURFACE('',#3946,0.2);
#3946 = AXIS2_PLACEMENT_3D('',#3947,#3948,#3949);
#3947 = CARTESIAN_POINT('',(45.1,25.3,14.34));
#3948 = DIRECTION('',(0.,0.,1.));
#3949 = DIRECTION('',(1.,0.,0.));
#3950 = ADVANCED_FACE('',(#3951),#3976,.F.);
#3951 = FACE_BOUND('',#3952,.F.);
#3952 = EDGE_LOOP('',(#3953,#3961,#3962,#3970));
#3953 = ORIENTED_EDGE('',*,*,#3954,.T.);
#3954 = EDGE_CURVE('',#3955,#3030,#3957,.T.);
#3955 = VERTEX_POINT('',#3956);
#3956 = CARTESIAN_POINT('',(45.5,-8.943285192909,13.54));
#3957 = LINE('',#3958,#3959);
#3958 = CARTESIAN_POINT('',(45.9,-8.943285192909,13.54));
#3959 = VECTOR('',#3960,1.);
#3960 = DIRECTION('',(-1.,-0.,-0.));
#3961 = ORIENTED_EDGE('',*,*,#3027,.F.);
#3962 = ORIENTED_EDGE('',*,*,#3963,.T.);
#3963 = EDGE_CURVE('',#3028,#3964,#3966,.T.);
#3964 = VERTEX_POINT('',#3965);
#3965 = CARTESIAN_POINT('',(45.5,19.5,13.54));
#3966 = LINE('',#3967,#3968);
#3967 = CARTESIAN_POINT('',(45.3,19.5,13.54));
#3968 = VECTOR('',#3969,1.);
#3969 = DIRECTION('',(1.,0.,0.));
#3970 = ORIENTED_EDGE('',*,*,#3971,.T.);
#3971 = EDGE_CURVE('',#3964,#3955,#3972,.T.);
#3972 = LINE('',#3973,#3974);
#3973 = CARTESIAN_POINT('',(45.5,19.5,13.54));
#3974 = VECTOR('',#3975,1.);
#3975 = DIRECTION('',(0.,-1.,0.));
#3976 = PLANE('',#3977);
#3977 = AXIS2_PLACEMENT_3D('',#3978,#3979,#3980);
#3978 = CARTESIAN_POINT('',(45.3,19.5,13.54));
#3979 = DIRECTION('',(0.,0.,-1.));
#3980 = DIRECTION('',(0.,-1.,0.));
#3981 = ADVANCED_FACE('',(#3982),#4000,.F.);
#3982 = FACE_BOUND('',#3983,.F.);
#3983 = EDGE_LOOP('',(#3984,#3992,#3998,#3999));
#3984 = ORIENTED_EDGE('',*,*,#3985,.T.);
#3985 = EDGE_CURVE('',#3038,#3986,#3988,.T.);
#3986 = VERTEX_POINT('',#3987);
#3987 = CARTESIAN_POINT('',(45.5,19.5,12.37));
#3988 = LINE('',#3989,#3990);
#3989 = CARTESIAN_POINT('',(45.3,19.5,12.37));
#3990 = VECTOR('',#3991,1.);
#3991 = DIRECTION('',(1.,0.,0.));
#3992 = ORIENTED_EDGE('',*,*,#3993,.T.);
#3993 = EDGE_CURVE('',#3986,#3964,#3994,.T.);
#3994 = LINE('',#3995,#3996);
#3995 = CARTESIAN_POINT('',(45.5,19.5,12.37));
#3996 = VECTOR('',#3997,1.);
#3997 = DIRECTION('',(0.,0.,1.));
#3998 = ORIENTED_EDGE('',*,*,#3963,.F.);
#3999 = ORIENTED_EDGE('',*,*,#3037,.F.);
#4000 = PLANE('',#4001);
#4001 = AXIS2_PLACEMENT_3D('',#4002,#4003,#4004);
#4002 = CARTESIAN_POINT('',(45.3,19.5,12.37));
#4003 = DIRECTION('',(0.,-1.,0.));
#4004 = DIRECTION('',(0.,0.,1.));
#4005 = ADVANCED_FACE('',(#4006),#4024,.F.);
#4006 = FACE_BOUND('',#4007,.F.);
#4007 = EDGE_LOOP('',(#4008,#4009,#4010,#4018));
#4008 = ORIENTED_EDGE('',*,*,#3985,.F.);
#4009 = ORIENTED_EDGE('',*,*,#3045,.F.);
#4010 = ORIENTED_EDGE('',*,*,#4011,.F.);
#4011 = EDGE_CURVE('',#4012,#3046,#4014,.T.);
#4012 = VERTEX_POINT('',#4013);
#4013 = CARTESIAN_POINT('',(45.5,-8.943285192909,12.37));
#4014 = LINE('',#4015,#4016);
#4015 = CARTESIAN_POINT('',(45.6,-8.943285192909,12.37));
#4016 = VECTOR('',#4017,1.);
#4017 = DIRECTION('',(-1.,0.,0.));
#4018 = ORIENTED_EDGE('',*,*,#4019,.T.);
#4019 = EDGE_CURVE('',#4012,#3986,#4020,.T.);
#4020 = LINE('',#4021,#4022);
#4021 = CARTESIAN_POINT('',(45.5,-8.943285192909,12.37));
#4022 = VECTOR('',#4023,1.);
#4023 = DIRECTION('',(0.,1.,0.));
#4024 = PLANE('',#4025);
#4025 = AXIS2_PLACEMENT_3D('',#4026,#4027,#4028);
#4026 = CARTESIAN_POINT('',(45.3,-24.3,12.37));
#4027 = DIRECTION('',(0.,0.,1.));
#4028 = DIRECTION('',(0.,1.,0.));
#4029 = ADVANCED_FACE('',(#4030),#4041,.F.);
#4030 = FACE_BOUND('',#4031,.F.);
#4031 = EDGE_LOOP('',(#4032,#4033,#4039,#4040));
#4032 = ORIENTED_EDGE('',*,*,#3954,.F.);
#4033 = ORIENTED_EDGE('',*,*,#4034,.F.);
#4034 = EDGE_CURVE('',#4012,#3955,#4035,.T.);
#4035 = LINE('',#4036,#4037);
#4036 = CARTESIAN_POINT('',(45.5,-8.943285192909,12.37));
#4037 = VECTOR('',#4038,1.);
#4038 = DIRECTION('',(0.,0.,1.));
#4039 = ORIENTED_EDGE('',*,*,#4011,.T.);
#4040 = ORIENTED_EDGE('',*,*,#3053,.T.);
#4041 = PLANE('',#4042);
#4042 = AXIS2_PLACEMENT_3D('',#4043,#4044,#4045);
#4043 = CARTESIAN_POINT('',(45.9,-8.943285192909,11.37));
#4044 = DIRECTION('',(0.,1.,0.));
#4045 = DIRECTION('',(0.,0.,1.));
#4046 = ADVANCED_FACE('',(#4047),#4074,.T.);
#4047 = FACE_BOUND('',#4048,.F.);
#4048 = EDGE_LOOP('',(#4049,#4058,#4066,#4073));
#4049 = ORIENTED_EDGE('',*,*,#4050,.T.);
#4050 = EDGE_CURVE('',#3088,#4051,#4053,.T.);
#4051 = VERTEX_POINT('',#4052);
#4052 = CARTESIAN_POINT('',(45.9,-23.9,12.77));
#4053 = ELLIPSE('',#4054,0.565685424949,0.4);
#4054 = AXIS2_PLACEMENT_3D('',#4055,#4056,#4057);
#4055 = CARTESIAN_POINT('',(45.5,-23.9,12.77));
#4056 = DIRECTION('',(0.,-0.707106781187,0.707106781187));
#4057 = DIRECTION('',(0.,-0.707106781187,-0.707106781187));
#4058 = ORIENTED_EDGE('',*,*,#4059,.T.);
#4059 = EDGE_CURVE('',#4051,#4060,#4062,.T.);
#4060 = VERTEX_POINT('',#4061);
#4061 = CARTESIAN_POINT('',(45.9,-21.43671480709,12.77));
#4062 = LINE('',#4063,#4064);
#4063 = CARTESIAN_POINT('',(45.9,-24.3,12.77));
#4064 = VECTOR('',#4065,1.);
#4065 = DIRECTION('',(0.,1.,0.));
#4066 = ORIENTED_EDGE('',*,*,#4067,.F.);
#4067 = EDGE_CURVE('',#3079,#4060,#4068,.T.);
#4068 = ELLIPSE('',#4069,0.565685424949,0.4);
#4069 = AXIS2_PLACEMENT_3D('',#4070,#4071,#4072);
#4070 = CARTESIAN_POINT('',(45.5,-21.43671480709,12.77));
#4071 = DIRECTION('',(0.,-0.707106781187,-0.707106781187));
#4072 = DIRECTION('',(0.,0.707106781187,-0.707106781187));
#4073 = ORIENTED_EDGE('',*,*,#3095,.F.);
#4074 = CYLINDRICAL_SURFACE('',#4075,0.4);
#4075 = AXIS2_PLACEMENT_3D('',#4076,#4077,#4078);
#4076 = CARTESIAN_POINT('',(45.5,-24.3,12.77));
#4077 = DIRECTION('',(0.,1.,0.));
#4078 = DIRECTION('',(0.,0.,-1.));
#4079 = ADVANCED_FACE('',(#4080),#4099,.T.);
#4080 = FACE_BOUND('',#4081,.F.);
#4081 = EDGE_LOOP('',(#4082,#4091,#4097,#4098));
#4082 = ORIENTED_EDGE('',*,*,#4083,.T.);
#4083 = EDGE_CURVE('',#3110,#4084,#4086,.T.);
#4084 = VERTEX_POINT('',#4085);
#4085 = CARTESIAN_POINT('',(45.9,-23.9,13.14));
#4086 = ELLIPSE('',#4087,0.565685424949,0.4);
#4087 = AXIS2_PLACEMENT_3D('',#4088,#4089,#4090);
#4088 = CARTESIAN_POINT('',(45.5,-23.9,13.14));
#4089 = DIRECTION('',(0.,0.707106781187,0.707106781187));
#4090 = DIRECTION('',(0.,0.707106781187,-0.707106781187));
#4091 = ORIENTED_EDGE('',*,*,#4092,.T.);
#4092 = EDGE_CURVE('',#4084,#4051,#4093,.T.);
#4093 = LINE('',#4094,#4095);
#4094 = CARTESIAN_POINT('',(45.9,-23.9,13.54));
#4095 = VECTOR('',#4096,1.);
#4096 = DIRECTION('',(0.,0.,-1.));
#4097 = ORIENTED_EDGE('',*,*,#4050,.F.);
#4098 = ORIENTED_EDGE('',*,*,#3117,.F.);
#4099 = CYLINDRICAL_SURFACE('',#4100,0.4);
#4100 = AXIS2_PLACEMENT_3D('',#4101,#4102,#4103);
#4101 = CARTESIAN_POINT('',(45.5,-23.9,13.54));
#4102 = DIRECTION('',(0.,0.,-1.));
#4103 = DIRECTION('',(0.,-1.,0.));
#4104 = ADVANCED_FACE('',(#4105),#4124,.T.);
#4105 = FACE_BOUND('',#4106,.F.);
#4106 = EDGE_LOOP('',(#4107,#4116,#4122,#4123));
#4107 = ORIENTED_EDGE('',*,*,#4108,.T.);
#4108 = EDGE_CURVE('',#3136,#4109,#4111,.T.);
#4109 = VERTEX_POINT('',#4110);
#4110 = CARTESIAN_POINT('',(45.9,-21.43671480709,13.14));
#4111 = ELLIPSE('',#4112,0.565685424949,0.4);
#4112 = AXIS2_PLACEMENT_3D('',#4113,#4114,#4115);
#4113 = CARTESIAN_POINT('',(45.5,-21.43671480709,13.14));
#4114 = DIRECTION('',(0.,0.707106781187,-0.707106781187));
#4115 = DIRECTION('',(0.,-0.707106781187,-0.707106781187));
#4116 = ORIENTED_EDGE('',*,*,#4117,.T.);
#4117 = EDGE_CURVE('',#4109,#4084,#4118,.T.);
#4118 = LINE('',#4119,#4120);
#4119 = CARTESIAN_POINT('',(45.9,-21.03671480709,13.14));
#4120 = VECTOR('',#4121,1.);
#4121 = DIRECTION('',(0.,-1.,0.));
#4122 = ORIENTED_EDGE('',*,*,#4083,.F.);
#4123 = ORIENTED_EDGE('',*,*,#3143,.F.);
#4124 = CYLINDRICAL_SURFACE('',#4125,0.4);
#4125 = AXIS2_PLACEMENT_3D('',#4126,#4127,#4128);
#4126 = CARTESIAN_POINT('',(45.5,-21.03671480709,13.14));
#4127 = DIRECTION('',(0.,-1.,0.));
#4128 = DIRECTION('',(0.,0.,1.));
#4129 = ADVANCED_FACE('',(#4130),#4141,.T.);
#4130 = FACE_BOUND('',#4131,.T.);
#4131 = EDGE_LOOP('',(#4132,#4133,#4139,#4140));
#4132 = ORIENTED_EDGE('',*,*,#4108,.T.);
#4133 = ORIENTED_EDGE('',*,*,#4134,.T.);
#4134 = EDGE_CURVE('',#4109,#4060,#4135,.T.);
#4135 = LINE('',#4136,#4137);
#4136 = CARTESIAN_POINT('',(45.9,-21.43671480709,13.54));
#4137 = VECTOR('',#4138,1.);
#4138 = DIRECTION('',(0.,0.,-1.));
#4139 = ORIENTED_EDGE('',*,*,#4067,.F.);
#4140 = ORIENTED_EDGE('',*,*,#3158,.F.);
#4141 = CYLINDRICAL_SURFACE('',#4142,0.4);
#4142 = AXIS2_PLACEMENT_3D('',#4143,#4144,#4145);
#4143 = CARTESIAN_POINT('',(45.5,-21.43671480709,13.54));
#4144 = DIRECTION('',(0.,0.,-1.));
#4145 = DIRECTION('',(0.,1.,0.));
#4146 = ADVANCED_FACE('',(#4147),#4166,.T.);
#4147 = FACE_BOUND('',#4148,.F.);
#4148 = EDGE_LOOP('',(#4149,#4157,#4164,#4165));
#4149 = ORIENTED_EDGE('',*,*,#4150,.T.);
#4150 = EDGE_CURVE('',#3193,#4151,#4153,.T.);
#4151 = VERTEX_POINT('',#4152);
#4152 = CARTESIAN_POINT('',(41.9,20.65,14.54));
#4153 = LINE('',#4154,#4155);
#4154 = CARTESIAN_POINT('',(41.9,20.65,5.54));
#4155 = VECTOR('',#4156,1.);
#4156 = DIRECTION('',(0.,0.,1.));
#4157 = ORIENTED_EDGE('',*,*,#4158,.T.);
#4158 = EDGE_CURVE('',#4151,#4151,#4159,.T.);
#4159 = CIRCLE('',#4160,2.5);
#4160 = AXIS2_PLACEMENT_3D('',#4161,#4162,#4163);
#4161 = CARTESIAN_POINT('',(39.4,20.65,14.54));
#4162 = DIRECTION('',(0.,0.,1.));
#4163 = DIRECTION('',(1.,0.,0.));
#4164 = ORIENTED_EDGE('',*,*,#4150,.F.);
#4165 = ORIENTED_EDGE('',*,*,#3192,.F.);
#4166 = CYLINDRICAL_SURFACE('',#4167,2.5);
#4167 = AXIS2_PLACEMENT_3D('',#4168,#4169,#4170);
#4168 = CARTESIAN_POINT('',(39.4,20.65,5.54));
#4169 = DIRECTION('',(-0.,-0.,-1.));
#4170 = DIRECTION('',(1.,0.,0.));
#4171 = ADVANCED_FACE('',(#4172),#4191,.T.);
#4172 = FACE_BOUND('',#4173,.F.);
#4173 = EDGE_LOOP('',(#4174,#4182,#4189,#4190));
#4174 = ORIENTED_EDGE('',*,*,#4175,.T.);
#4175 = EDGE_CURVE('',#3278,#4176,#4178,.T.);
#4176 = VERTEX_POINT('',#4177);
#4177 = CARTESIAN_POINT('',(-34.18,20.65,14.54));
#4178 = LINE('',#4179,#4180);
#4179 = CARTESIAN_POINT('',(-34.18,20.65,5.54));
#4180 = VECTOR('',#4181,1.);
#4181 = DIRECTION('',(0.,0.,1.));
#4182 = ORIENTED_EDGE('',*,*,#4183,.T.);
#4183 = EDGE_CURVE('',#4176,#4176,#4184,.T.);
#4184 = CIRCLE('',#4185,2.5);
#4185 = AXIS2_PLACEMENT_3D('',#4186,#4187,#4188);
#4186 = CARTESIAN_POINT('',(-36.68,20.65,14.54));
#4187 = DIRECTION('',(0.,0.,1.));
#4188 = DIRECTION('',(1.,0.,0.));
#4189 = ORIENTED_EDGE('',*,*,#4175,.F.);
#4190 = ORIENTED_EDGE('',*,*,#3277,.F.);
#4191 = CYLINDRICAL_SURFACE('',#4192,2.5);
#4192 = AXIS2_PLACEMENT_3D('',#4193,#4194,#4195);
#4193 = CARTESIAN_POINT('',(-36.68,20.65,5.54));
#4194 = DIRECTION('',(-0.,-0.,-1.));
#4195 = DIRECTION('',(1.,0.,0.));
#4196 = ADVANCED_FACE('',(#4197),#4203,.F.);
#4197 = FACE_BOUND('',#4198,.F.);
#4198 = EDGE_LOOP('',(#4199,#4200,#4201,#4202));
#4199 = ORIENTED_EDGE('',*,*,#3349,.T.);
#4200 = ORIENTED_EDGE('',*,*,#3374,.T.);
#4201 = ORIENTED_EDGE('',*,*,#3399,.T.);
#4202 = ORIENTED_EDGE('',*,*,#3424,.T.);
#4203 = PLANE('',#4204);
#4204 = AXIS2_PLACEMENT_3D('',#4205,#4206,#4207);
#4205 = CARTESIAN_POINT('',(-46.3,-1.4,12.955));
#4206 = DIRECTION('',(1.,0.,0.));
#4207 = DIRECTION('',(0.,0.,1.));
#4208 = ADVANCED_FACE('',(#4209),#4234,.T.);
#4209 = FACE_BOUND('',#4210,.T.);
#4210 = EDGE_LOOP('',(#4211,#4219,#4220,#4228));
#4211 = ORIENTED_EDGE('',*,*,#4212,.F.);
#4212 = EDGE_CURVE('',#3503,#4213,#4215,.T.);
#4213 = VERTEX_POINT('',#4214);
#4214 = CARTESIAN_POINT('',(39.3,25.7,12.37));
#4215 = LINE('',#4216,#4217);
#4216 = CARTESIAN_POINT('',(39.3,25.5,12.37));
#4217 = VECTOR('',#4218,1.);
#4218 = DIRECTION('',(0.,1.,-2.2E-16));
#4219 = ORIENTED_EDGE('',*,*,#3500,.F.);
#4220 = ORIENTED_EDGE('',*,*,#4221,.F.);
#4221 = EDGE_CURVE('',#4222,#3501,#4224,.T.);
#4222 = VERTEX_POINT('',#4223);
#4223 = CARTESIAN_POINT('',(33.91,25.7,12.37));
#4224 = LINE('',#4225,#4226);
#4225 = CARTESIAN_POINT('',(33.91,26.1,12.37));
#4226 = VECTOR('',#4227,1.);
#4227 = DIRECTION('',(-9.E-17,-1.,2.2E-16));
#4228 = ORIENTED_EDGE('',*,*,#4229,.T.);
#4229 = EDGE_CURVE('',#4222,#4213,#4230,.T.);
#4230 = LINE('',#4231,#4232);
#4231 = CARTESIAN_POINT('',(33.91,25.7,12.37));
#4232 = VECTOR('',#4233,1.);
#4233 = DIRECTION('',(1.,0.,0.));
#4234 = PLANE('',#4235);
#4235 = AXIS2_PLACEMENT_3D('',#4236,#4237,#4238);
#4236 = CARTESIAN_POINT('',(-39.7,25.5,12.37));
#4237 = DIRECTION('',(0.,-2.2E-16,-1.));
#4238 = DIRECTION('',(1.,0.,0.));
#4239 = ADVANCED_FACE('',(#4240),#4258,.T.);
#4240 = FACE_BOUND('',#4241,.T.);
#4241 = EDGE_LOOP('',(#4242,#4243,#4251,#4257));
#4242 = ORIENTED_EDGE('',*,*,#4212,.T.);
#4243 = ORIENTED_EDGE('',*,*,#4244,.T.);
#4244 = EDGE_CURVE('',#4213,#4245,#4247,.T.);
#4245 = VERTEX_POINT('',#4246);
#4246 = CARTESIAN_POINT('',(39.3,25.7,13.54));
#4247 = LINE('',#4248,#4249);
#4248 = CARTESIAN_POINT('',(39.3,25.7,12.37));
#4249 = VECTOR('',#4250,1.);
#4250 = DIRECTION('',(0.,0.,1.));
#4251 = ORIENTED_EDGE('',*,*,#4252,.F.);
#4252 = EDGE_CURVE('',#3511,#4245,#4253,.T.);
#4253 = LINE('',#4254,#4255);
#4254 = CARTESIAN_POINT('',(39.3,25.5,13.54));
#4255 = VECTOR('',#4256,1.);
#4256 = DIRECTION('',(0.,1.,-2.2E-16));
#4257 = ORIENTED_EDGE('',*,*,#3510,.F.);
#4258 = PLANE('',#4259);
#4259 = AXIS2_PLACEMENT_3D('',#4260,#4261,#4262);
#4260 = CARTESIAN_POINT('',(39.3,25.5,12.37));
#4261 = DIRECTION('',(1.,0.,0.));
#4262 = DIRECTION('',(0.,2.2E-16,1.));
#4263 = ADVANCED_FACE('',(#4264),#4282,.T.);
#4264 = FACE_BOUND('',#4265,.T.);
#4265 = EDGE_LOOP('',(#4266,#4274,#4275,#4276));
#4266 = ORIENTED_EDGE('',*,*,#4267,.T.);
#4267 = EDGE_CURVE('',#4268,#3519,#4270,.T.);
#4268 = VERTEX_POINT('',#4269);
#4269 = CARTESIAN_POINT('',(33.91,25.7,13.54));
#4270 = LINE('',#4271,#4272);
#4271 = CARTESIAN_POINT('',(33.91,26.1,13.54));
#4272 = VECTOR('',#4273,1.);
#4273 = DIRECTION('',(-9.E-17,-1.,2.2E-16));
#4274 = ORIENTED_EDGE('',*,*,#3518,.F.);
#4275 = ORIENTED_EDGE('',*,*,#4252,.T.);
#4276 = ORIENTED_EDGE('',*,*,#4277,.T.);
#4277 = EDGE_CURVE('',#4245,#4268,#4278,.T.);
#4278 = LINE('',#4279,#4280);
#4279 = CARTESIAN_POINT('',(39.3,25.7,13.54));
#4280 = VECTOR('',#4281,1.);
#4281 = DIRECTION('',(-1.,0.,0.));
#4282 = PLANE('',#4283);
#4283 = AXIS2_PLACEMENT_3D('',#4284,#4285,#4286);
#4284 = CARTESIAN_POINT('',(39.3,25.5,13.54));
#4285 = DIRECTION('',(0.,2.2E-16,1.));
#4286 = DIRECTION('',(-1.,0.,0.));
#4287 = ADVANCED_FACE('',(#4288),#4299,.F.);
#4288 = FACE_BOUND('',#4289,.F.);
#4289 = EDGE_LOOP('',(#4290,#4291,#4292,#4293));
#4290 = ORIENTED_EDGE('',*,*,#4267,.T.);
#4291 = ORIENTED_EDGE('',*,*,#3526,.T.);
#4292 = ORIENTED_EDGE('',*,*,#4221,.F.);
#4293 = ORIENTED_EDGE('',*,*,#4294,.F.);
#4294 = EDGE_CURVE('',#4268,#4222,#4295,.T.);
#4295 = LINE('',#4296,#4297);
#4296 = CARTESIAN_POINT('',(33.91,25.7,13.54));
#4297 = VECTOR('',#4298,1.);
#4298 = DIRECTION('',(0.,0.,-1.));
#4299 = PLANE('',#4300);
#4300 = AXIS2_PLACEMENT_3D('',#4301,#4302,#4303);
#4301 = CARTESIAN_POINT('',(33.91,26.1,13.54));
#4302 = DIRECTION('',(1.,-9.E-17,9.E-17));
#4303 = DIRECTION('',(9.E-17,-2.2E-16,-1.));
#4304 = ADVANCED_FACE('',(#4305),#4330,.T.);
#4305 = FACE_BOUND('',#4306,.T.);
#4306 = EDGE_LOOP('',(#4307,#4315,#4316,#4324));
#4307 = ORIENTED_EDGE('',*,*,#4308,.T.);
#4308 = EDGE_CURVE('',#4309,#3610,#4311,.T.);
#4309 = VERTEX_POINT('',#4310);
#4310 = CARTESIAN_POINT('',(24.27,25.7,12.37));
#4311 = LINE('',#4312,#4313);
#4312 = CARTESIAN_POINT('',(24.27,26.1,12.37));
#4313 = VECTOR('',#4314,1.);
#4314 = DIRECTION('',(-9.E-17,-1.,2.2E-16));
#4315 = ORIENTED_EDGE('',*,*,#3607,.F.);
#4316 = ORIENTED_EDGE('',*,*,#4317,.F.);
#4317 = EDGE_CURVE('',#4318,#3608,#4320,.T.);
#4318 = VERTEX_POINT('',#4319);
#4319 = CARTESIAN_POINT('',(-13.6,25.7,12.37));
#4320 = LINE('',#4321,#4322);
#4321 = CARTESIAN_POINT('',(-13.6,26.1,12.37));
#4322 = VECTOR('',#4323,1.);
#4323 = DIRECTION('',(-9.E-17,-1.,2.2E-16));
#4324 = ORIENTED_EDGE('',*,*,#4325,.T.);
#4325 = EDGE_CURVE('',#4318,#4309,#4326,.T.);
#4326 = LINE('',#4327,#4328);
#4327 = CARTESIAN_POINT('',(-13.6,25.7,12.37));
#4328 = VECTOR('',#4329,1.);
#4329 = DIRECTION('',(1.,0.,0.));
#4330 = PLANE('',#4331);
#4331 = AXIS2_PLACEMENT_3D('',#4332,#4333,#4334);
#4332 = CARTESIAN_POINT('',(-39.7,25.5,12.37));
#4333 = DIRECTION('',(0.,-2.2E-16,-1.));
#4334 = DIRECTION('',(1.,0.,0.));
#4335 = ADVANCED_FACE('',(#4336),#4354,.F.);
#4336 = FACE_BOUND('',#4337,.F.);
#4337 = EDGE_LOOP('',(#4338,#4339,#4340,#4348));
#4338 = ORIENTED_EDGE('',*,*,#4308,.T.);
#4339 = ORIENTED_EDGE('',*,*,#3617,.T.);
#4340 = ORIENTED_EDGE('',*,*,#4341,.F.);
#4341 = EDGE_CURVE('',#4342,#3618,#4344,.T.);
#4342 = VERTEX_POINT('',#4343);
#4343 = CARTESIAN_POINT('',(24.27,25.7,13.54));
#4344 = LINE('',#4345,#4346);
#4345 = CARTESIAN_POINT('',(24.27,26.1,13.54));
#4346 = VECTOR('',#4347,1.);
#4347 = DIRECTION('',(-9.E-17,-1.,2.2E-16));
#4348 = ORIENTED_EDGE('',*,*,#4349,.F.);
#4349 = EDGE_CURVE('',#4309,#4342,#4350,.T.);
#4350 = LINE('',#4351,#4352);
#4351 = CARTESIAN_POINT('',(24.27,25.7,12.37));
#4352 = VECTOR('',#4353,1.);
#4353 = DIRECTION('',(0.,0.,1.));
#4354 = PLANE('',#4355);
#4355 = AXIS2_PLACEMENT_3D('',#4356,#4357,#4358);
#4356 = CARTESIAN_POINT('',(24.27,26.1,12.37));
#4357 = DIRECTION('',(-1.,9.E-17,-9.E-17));
#4358 = DIRECTION('',(-9.E-17,2.2E-16,1.));
#4359 = ADVANCED_FACE('',(#4360),#4378,.T.);
#4360 = FACE_BOUND('',#4361,.T.);
#4361 = EDGE_LOOP('',(#4362,#4370,#4371,#4372));
#4362 = ORIENTED_EDGE('',*,*,#4363,.T.);
#4363 = EDGE_CURVE('',#4364,#3626,#4366,.T.);
#4364 = VERTEX_POINT('',#4365);
#4365 = CARTESIAN_POINT('',(-13.6,25.7,13.54));
#4366 = LINE('',#4367,#4368);
#4367 = CARTESIAN_POINT('',(-13.6,26.1,13.54));
#4368 = VECTOR('',#4369,1.);
#4369 = DIRECTION('',(-9.E-17,-1.,2.2E-16));
#4370 = ORIENTED_EDGE('',*,*,#3625,.F.);
#4371 = ORIENTED_EDGE('',*,*,#4341,.F.);
#4372 = ORIENTED_EDGE('',*,*,#4373,.T.);
#4373 = EDGE_CURVE('',#4342,#4364,#4374,.T.);
#4374 = LINE('',#4375,#4376);
#4375 = CARTESIAN_POINT('',(24.27,25.7,13.54));
#4376 = VECTOR('',#4377,1.);
#4377 = DIRECTION('',(-1.,0.,0.));
#4378 = PLANE('',#4379);
#4379 = AXIS2_PLACEMENT_3D('',#4380,#4381,#4382);
#4380 = CARTESIAN_POINT('',(39.3,25.5,13.54));
#4381 = DIRECTION('',(0.,2.2E-16,1.));
#4382 = DIRECTION('',(-1.,0.,0.));
#4383 = ADVANCED_FACE('',(#4384),#4395,.F.);
#4384 = FACE_BOUND('',#4385,.F.);
#4385 = EDGE_LOOP('',(#4386,#4387,#4388,#4389));
#4386 = ORIENTED_EDGE('',*,*,#4363,.T.);
#4387 = ORIENTED_EDGE('',*,*,#3633,.T.);
#4388 = ORIENTED_EDGE('',*,*,#4317,.F.);
#4389 = ORIENTED_EDGE('',*,*,#4390,.F.);
#4390 = EDGE_CURVE('',#4364,#4318,#4391,.T.);
#4391 = LINE('',#4392,#4393);
#4392 = CARTESIAN_POINT('',(-13.6,25.7,13.54));
#4393 = VECTOR('',#4394,1.);
#4394 = DIRECTION('',(0.,0.,-1.));
#4395 = PLANE('',#4396);
#4396 = AXIS2_PLACEMENT_3D('',#4397,#4398,#4399);
#4397 = CARTESIAN_POINT('',(-13.6,26.1,13.54));
#4398 = DIRECTION('',(1.,-9.E-17,9.E-17));
#4399 = DIRECTION('',(9.E-17,-2.2E-16,-1.));
#4400 = ADVANCED_FACE('',(#4401,#4404),#4415,.T.);
#4401 = FACE_BOUND('',#4402,.T.);
#4402 = EDGE_LOOP('',(#4403));
#4403 = ORIENTED_EDGE('',*,*,#3798,.T.);
#4404 = FACE_BOUND('',#4405,.T.);
#4405 = EDGE_LOOP('',(#4406));
#4406 = ORIENTED_EDGE('',*,*,#4407,.F.);
#4407 = EDGE_CURVE('',#4408,#4408,#4410,.T.);
#4408 = VERTEX_POINT('',#4409);
#4409 = CARTESIAN_POINT('',(-35.18,-23.35,14.54));
#4410 = CIRCLE('',#4411,1.5);
#4411 = AXIS2_PLACEMENT_3D('',#4412,#4413,#4414);
#4412 = CARTESIAN_POINT('',(-36.68,-23.35,14.54));
#4413 = DIRECTION('',(0.,0.,1.));
#4414 = DIRECTION('',(1.,0.,0.));
#4415 = PLANE('',#4416);
#4416 = AXIS2_PLACEMENT_3D('',#4417,#4418,#4419);
#4417 = CARTESIAN_POINT('',(1.36,-1.35,14.54));
#4418 = DIRECTION('',(0.,0.,1.));
#4419 = DIRECTION('',(1.,0.,0.));
#4420 = ADVANCED_FACE('',(#4421,#4424),#4435,.T.);
#4421 = FACE_BOUND('',#4422,.T.);
#4422 = EDGE_LOOP('',(#4423));
#4423 = ORIENTED_EDGE('',*,*,#3847,.T.);
#4424 = FACE_BOUND('',#4425,.T.);
#4425 = EDGE_LOOP('',(#4426));
#4426 = ORIENTED_EDGE('',*,*,#4427,.F.);
#4427 = EDGE_CURVE('',#4428,#4428,#4430,.T.);
#4428 = VERTEX_POINT('',#4429);
#4429 = CARTESIAN_POINT('',(40.9,-23.35,14.54));
#4430 = CIRCLE('',#4431,1.5);
#4431 = AXIS2_PLACEMENT_3D('',#4432,#4433,#4434);
#4432 = CARTESIAN_POINT('',(39.4,-23.35,14.54));
#4433 = DIRECTION('',(0.,0.,1.));
#4434 = DIRECTION('',(1.,0.,0.));
#4435 = PLANE('',#4436);
#4436 = AXIS2_PLACEMENT_3D('',#4437,#4438,#4439);
#4437 = CARTESIAN_POINT('',(1.36,-1.35,14.54));
#4438 = DIRECTION('',(0.,0.,1.));
#4439 = DIRECTION('',(1.,0.,0.));
#4440 = ADVANCED_FACE('',(#4441),#4468,.T.);
#4441 = FACE_BOUND('',#4442,.F.);
#4442 = EDGE_LOOP('',(#4443,#4452,#4460,#4467));
#4443 = ORIENTED_EDGE('',*,*,#4444,.T.);
#4444 = EDGE_CURVE('',#3964,#4445,#4447,.T.);
#4445 = VERTEX_POINT('',#4446);
#4446 = CARTESIAN_POINT('',(45.9,19.1,13.14));
#4447 = ELLIPSE('',#4448,0.565685424949,0.4);
#4448 = AXIS2_PLACEMENT_3D('',#4449,#4450,#4451);
#4449 = CARTESIAN_POINT('',(45.5,19.1,13.14));
#4450 = DIRECTION('',(0.,0.707106781187,-0.707106781187));
#4451 = DIRECTION('',(0.,0.707106781187,0.707106781187));
#4452 = ORIENTED_EDGE('',*,*,#4453,.T.);
#4453 = EDGE_CURVE('',#4445,#4454,#4456,.T.);
#4454 = VERTEX_POINT('',#4455);
#4455 = CARTESIAN_POINT('',(45.9,-8.543285192909,13.14));
#4456 = LINE('',#4457,#4458);
#4457 = CARTESIAN_POINT('',(45.9,19.5,13.14));
#4458 = VECTOR('',#4459,1.);
#4459 = DIRECTION('',(0.,-1.,0.));
#4460 = ORIENTED_EDGE('',*,*,#4461,.F.);
#4461 = EDGE_CURVE('',#3955,#4454,#4462,.T.);
#4462 = ELLIPSE('',#4463,0.565685424949,0.4);
#4463 = AXIS2_PLACEMENT_3D('',#4464,#4465,#4466);
#4464 = CARTESIAN_POINT('',(45.5,-8.543285192909,13.14));
#4465 = DIRECTION('',(-0.,0.707106781187,0.707106781187));
#4466 = DIRECTION('',(0.,-0.707106781187,0.707106781187));
#4467 = ORIENTED_EDGE('',*,*,#3971,.F.);
#4468 = CYLINDRICAL_SURFACE('',#4469,0.4);
#4469 = AXIS2_PLACEMENT_3D('',#4470,#4471,#4472);
#4470 = CARTESIAN_POINT('',(45.5,19.5,13.14));
#4471 = DIRECTION('',(0.,-1.,0.));
#4472 = DIRECTION('',(0.,0.,1.));
#4473 = ADVANCED_FACE('',(#4474),#4493,.T.);
#4474 = FACE_BOUND('',#4475,.F.);
#4475 = EDGE_LOOP('',(#4476,#4485,#4491,#4492));
#4476 = ORIENTED_EDGE('',*,*,#4477,.T.);
#4477 = EDGE_CURVE('',#3986,#4478,#4480,.T.);
#4478 = VERTEX_POINT('',#4479);
#4479 = CARTESIAN_POINT('',(45.9,19.1,12.77));
#4480 = ELLIPSE('',#4481,0.565685424949,0.4);
#4481 = AXIS2_PLACEMENT_3D('',#4482,#4483,#4484);
#4482 = CARTESIAN_POINT('',(45.5,19.1,12.77));
#4483 = DIRECTION('',(-0.,-0.707106781187,-0.707106781187));
#4484 = DIRECTION('',(0.,-0.707106781187,0.707106781187));
#4485 = ORIENTED_EDGE('',*,*,#4486,.T.);
#4486 = EDGE_CURVE('',#4478,#4445,#4487,.T.);
#4487 = LINE('',#4488,#4489);
#4488 = CARTESIAN_POINT('',(45.9,19.1,12.37));
#4489 = VECTOR('',#4490,1.);
#4490 = DIRECTION('',(0.,0.,1.));
#4491 = ORIENTED_EDGE('',*,*,#4444,.F.);
#4492 = ORIENTED_EDGE('',*,*,#3993,.F.);
#4493 = CYLINDRICAL_SURFACE('',#4494,0.4);
#4494 = AXIS2_PLACEMENT_3D('',#4495,#4496,#4497);
#4495 = CARTESIAN_POINT('',(45.5,19.1,12.37));
#4496 = DIRECTION('',(0.,0.,1.));
#4497 = DIRECTION('',(0.,1.,0.));
#4498 = ADVANCED_FACE('',(#4499),#4518,.T.);
#4499 = FACE_BOUND('',#4500,.F.);
#4500 = EDGE_LOOP('',(#4501,#4510,#4516,#4517));
#4501 = ORIENTED_EDGE('',*,*,#4502,.T.);
#4502 = EDGE_CURVE('',#4012,#4503,#4505,.T.);
#4503 = VERTEX_POINT('',#4504);
#4504 = CARTESIAN_POINT('',(45.9,-8.543285192909,12.77));
#4505 = ELLIPSE('',#4506,0.565685424949,0.4);
#4506 = AXIS2_PLACEMENT_3D('',#4507,#4508,#4509);
#4507 = CARTESIAN_POINT('',(45.5,-8.543285192909,12.77));
#4508 = DIRECTION('',(0.,-0.707106781187,0.707106781187));
#4509 = DIRECTION('',(0.,0.707106781187,0.707106781187));
#4510 = ORIENTED_EDGE('',*,*,#4511,.T.);
#4511 = EDGE_CURVE('',#4503,#4478,#4512,.T.);
#4512 = LINE('',#4513,#4514);
#4513 = CARTESIAN_POINT('',(45.9,-8.943285192909,12.77));
#4514 = VECTOR('',#4515,1.);
#4515 = DIRECTION('',(0.,1.,0.));
#4516 = ORIENTED_EDGE('',*,*,#4477,.F.);
#4517 = ORIENTED_EDGE('',*,*,#4019,.F.);
#4518 = CYLINDRICAL_SURFACE('',#4519,0.4);
#4519 = AXIS2_PLACEMENT_3D('',#4520,#4521,#4522);
#4520 = CARTESIAN_POINT('',(45.5,-8.943285192909,12.77));
#4521 = DIRECTION('',(0.,1.,0.));
#4522 = DIRECTION('',(0.,0.,-1.));
#4523 = ADVANCED_FACE('',(#4524),#4535,.T.);
#4524 = FACE_BOUND('',#4525,.T.);
#4525 = EDGE_LOOP('',(#4526,#4527,#4533,#4534));
#4526 = ORIENTED_EDGE('',*,*,#4502,.T.);
#4527 = ORIENTED_EDGE('',*,*,#4528,.T.);
#4528 = EDGE_CURVE('',#4503,#4454,#4529,.T.);
#4529 = LINE('',#4530,#4531);
#4530 = CARTESIAN_POINT('',(45.9,-8.543285192909,12.37));
#4531 = VECTOR('',#4532,1.);
#4532 = DIRECTION('',(0.,0.,1.));
#4533 = ORIENTED_EDGE('',*,*,#4461,.F.);
#4534 = ORIENTED_EDGE('',*,*,#4034,.F.);
#4535 = CYLINDRICAL_SURFACE('',#4536,0.4);
#4536 = AXIS2_PLACEMENT_3D('',#4537,#4538,#4539);
#4537 = CARTESIAN_POINT('',(45.5,-8.543285192909,12.37));
#4538 = DIRECTION('',(0.,0.,1.));
#4539 = DIRECTION('',(0.,-1.,0.));
#4540 = ADVANCED_FACE('',(#4541),#4547,.T.);
#4541 = FACE_BOUND('',#4542,.T.);
#4542 = EDGE_LOOP('',(#4543,#4544,#4545,#4546));
#4543 = ORIENTED_EDGE('',*,*,#4092,.T.);
#4544 = ORIENTED_EDGE('',*,*,#4059,.T.);
#4545 = ORIENTED_EDGE('',*,*,#4134,.F.);
#4546 = ORIENTED_EDGE('',*,*,#4117,.T.);
#4547 = PLANE('',#4548);
#4548 = AXIS2_PLACEMENT_3D('',#4549,#4550,#4551);
#4549 = CARTESIAN_POINT('',(45.9,-2.4,12.955));
#4550 = DIRECTION('',(1.,0.,0.));
#4551 = DIRECTION('',(0.,0.,1.));
#4552 = ADVANCED_FACE('',(#4553,#4556),#4567,.T.);
#4553 = FACE_BOUND('',#4554,.T.);
#4554 = EDGE_LOOP('',(#4555));
#4555 = ORIENTED_EDGE('',*,*,#4158,.T.);
#4556 = FACE_BOUND('',#4557,.T.);
#4557 = EDGE_LOOP('',(#4558));
#4558 = ORIENTED_EDGE('',*,*,#4559,.F.);
#4559 = EDGE_CURVE('',#4560,#4560,#4562,.T.);
#4560 = VERTEX_POINT('',#4561);
#4561 = CARTESIAN_POINT('',(40.9,20.65,14.54));
#4562 = CIRCLE('',#4563,1.5);
#4563 = AXIS2_PLACEMENT_3D('',#4564,#4565,#4566);
#4564 = CARTESIAN_POINT('',(39.4,20.65,14.54));
#4565 = DIRECTION('',(0.,0.,1.));
#4566 = DIRECTION('',(1.,0.,0.));
#4567 = PLANE('',#4568);
#4568 = AXIS2_PLACEMENT_3D('',#4569,#4570,#4571);
#4569 = CARTESIAN_POINT('',(1.36,-1.35,14.54));
#4570 = DIRECTION('',(0.,0.,1.));
#4571 = DIRECTION('',(1.,0.,0.));
#4572 = ADVANCED_FACE('',(#4573,#4576),#4587,.T.);
#4573 = FACE_BOUND('',#4574,.T.);
#4574 = EDGE_LOOP('',(#4575));
#4575 = ORIENTED_EDGE('',*,*,#4183,.T.);
#4576 = FACE_BOUND('',#4577,.T.);
#4577 = EDGE_LOOP('',(#4578));
#4578 = ORIENTED_EDGE('',*,*,#4579,.F.);
#4579 = EDGE_CURVE('',#4580,#4580,#4582,.T.);
#4580 = VERTEX_POINT('',#4581);
#4581 = CARTESIAN_POINT('',(-35.18,20.65,14.54));
#4582 = CIRCLE('',#4583,1.5);
#4583 = AXIS2_PLACEMENT_3D('',#4584,#4585,#4586);
#4584 = CARTESIAN_POINT('',(-36.68,20.65,14.54));
#4585 = DIRECTION('',(0.,0.,1.));
#4586 = DIRECTION('',(1.,0.,0.));
#4587 = PLANE('',#4588);
#4588 = AXIS2_PLACEMENT_3D('',#4589,#4590,#4591);
#4589 = CARTESIAN_POINT('',(1.36,-1.35,14.54));
#4590 = DIRECTION('',(0.,0.,1.));
#4591 = DIRECTION('',(1.,0.,0.));
#4592 = ADVANCED_FACE('',(#4593),#4620,.T.);
#4593 = FACE_BOUND('',#4594,.T.);
#4594 = EDGE_LOOP('',(#4595,#4604,#4612,#4619));
#4595 = ORIENTED_EDGE('',*,*,#4596,.T.);
#4596 = EDGE_CURVE('',#4222,#4597,#4599,.T.);
#4597 = VERTEX_POINT('',#4598);
#4598 = CARTESIAN_POINT('',(34.31,26.1,12.77));
#4599 = ELLIPSE('',#4600,0.565685424949,0.4);
#4600 = AXIS2_PLACEMENT_3D('',#4601,#4602,#4603);
#4601 = CARTESIAN_POINT('',(34.31,25.7,12.77));
#4602 = DIRECTION('',(0.707106781187,0.,-0.707106781187));
#4603 = DIRECTION('',(-0.707106781187,0.,-0.707106781187));
#4604 = ORIENTED_EDGE('',*,*,#4605,.T.);
#4605 = EDGE_CURVE('',#4597,#4606,#4608,.T.);
#4606 = VERTEX_POINT('',#4607);
#4607 = CARTESIAN_POINT('',(38.9,26.1,12.77));
#4608 = LINE('',#4609,#4610);
#4609 = CARTESIAN_POINT('',(33.91,26.1,12.77));
#4610 = VECTOR('',#4611,1.);
#4611 = DIRECTION('',(1.,0.,0.));
#4612 = ORIENTED_EDGE('',*,*,#4613,.F.);
#4613 = EDGE_CURVE('',#4213,#4606,#4614,.T.);
#4614 = ELLIPSE('',#4615,0.565685424949,0.4);
#4615 = AXIS2_PLACEMENT_3D('',#4616,#4617,#4618);
#4616 = CARTESIAN_POINT('',(38.9,25.7,12.77));
#4617 = DIRECTION('',(0.707106781187,0.,0.707106781187));
#4618 = DIRECTION('',(-0.707106781187,0.,0.707106781187));
#4619 = ORIENTED_EDGE('',*,*,#4229,.F.);
#4620 = CYLINDRICAL_SURFACE('',#4621,0.4);
#4621 = AXIS2_PLACEMENT_3D('',#4622,#4623,#4624);
#4622 = CARTESIAN_POINT('',(33.91,25.7,12.77));
#4623 = DIRECTION('',(1.,0.,0.));
#4624 = DIRECTION('',(0.,-2.2E-16,-1.));
#4625 = ADVANCED_FACE('',(#4626),#4645,.T.);
#4626 = FACE_BOUND('',#4627,.T.);
#4627 = EDGE_LOOP('',(#4628,#4629,#4637,#4644));
#4628 = ORIENTED_EDGE('',*,*,#4613,.T.);
#4629 = ORIENTED_EDGE('',*,*,#4630,.T.);
#4630 = EDGE_CURVE('',#4606,#4631,#4633,.T.);
#4631 = VERTEX_POINT('',#4632);
#4632 = CARTESIAN_POINT('',(38.9,26.1,13.14));
#4633 = LINE('',#4634,#4635);
#4634 = CARTESIAN_POINT('',(38.9,26.1,12.37));
#4635 = VECTOR('',#4636,1.);
#4636 = DIRECTION('',(0.,0.,1.));
#4637 = ORIENTED_EDGE('',*,*,#4638,.F.);
#4638 = EDGE_CURVE('',#4245,#4631,#4639,.T.);
#4639 = ELLIPSE('',#4640,0.565685424949,0.4);
#4640 = AXIS2_PLACEMENT_3D('',#4641,#4642,#4643);
#4641 = CARTESIAN_POINT('',(38.9,25.7,13.14));
#4642 = DIRECTION('',(-0.707106781187,0.,0.707106781187));
#4643 = DIRECTION('',(0.707106781187,0.,0.707106781187));
#4644 = ORIENTED_EDGE('',*,*,#4244,.F.);
#4645 = CYLINDRICAL_SURFACE('',#4646,0.4);
#4646 = AXIS2_PLACEMENT_3D('',#4647,#4648,#4649);
#4647 = CARTESIAN_POINT('',(38.9,25.7,12.37));
#4648 = DIRECTION('',(0.,0.,1.));
#4649 = DIRECTION('',(1.,0.,0.));
#4650 = ADVANCED_FACE('',(#4651),#4670,.T.);
#4651 = FACE_BOUND('',#4652,.T.);
#4652 = EDGE_LOOP('',(#4653,#4654,#4662,#4669));
#4653 = ORIENTED_EDGE('',*,*,#4638,.T.);
#4654 = ORIENTED_EDGE('',*,*,#4655,.T.);
#4655 = EDGE_CURVE('',#4631,#4656,#4658,.T.);
#4656 = VERTEX_POINT('',#4657);
#4657 = CARTESIAN_POINT('',(34.31,26.1,13.14));
#4658 = LINE('',#4659,#4660);
#4659 = CARTESIAN_POINT('',(39.3,26.1,13.14));
#4660 = VECTOR('',#4661,1.);
#4661 = DIRECTION('',(-1.,0.,0.));
#4662 = ORIENTED_EDGE('',*,*,#4663,.F.);
#4663 = EDGE_CURVE('',#4268,#4656,#4664,.T.);
#4664 = ELLIPSE('',#4665,0.565685424949,0.4);
#4665 = AXIS2_PLACEMENT_3D('',#4666,#4667,#4668);
#4666 = CARTESIAN_POINT('',(34.31,25.7,13.14));
#4667 = DIRECTION('',(-0.707106781187,-0.,-0.707106781187));
#4668 = DIRECTION('',(0.707106781187,0.,-0.707106781187));
#4669 = ORIENTED_EDGE('',*,*,#4277,.F.);
#4670 = CYLINDRICAL_SURFACE('',#4671,0.4);
#4671 = AXIS2_PLACEMENT_3D('',#4672,#4673,#4674);
#4672 = CARTESIAN_POINT('',(39.3,25.7,13.14));
#4673 = DIRECTION('',(-1.,0.,0.));
#4674 = DIRECTION('',(0.,2.2E-16,1.));
#4675 = ADVANCED_FACE('',(#4676),#4687,.T.);
#4676 = FACE_BOUND('',#4677,.T.);
#4677 = EDGE_LOOP('',(#4678,#4679,#4685,#4686));
#4678 = ORIENTED_EDGE('',*,*,#4663,.T.);
#4679 = ORIENTED_EDGE('',*,*,#4680,.T.);
#4680 = EDGE_CURVE('',#4656,#4597,#4681,.T.);
#4681 = LINE('',#4682,#4683);
#4682 = CARTESIAN_POINT('',(34.31,26.1,13.54));
#4683 = VECTOR('',#4684,1.);
#4684 = DIRECTION('',(0.,0.,-1.));
#4685 = ORIENTED_EDGE('',*,*,#4596,.F.);
#4686 = ORIENTED_EDGE('',*,*,#4294,.F.);
#4687 = CYLINDRICAL_SURFACE('',#4688,0.4);
#4688 = AXIS2_PLACEMENT_3D('',#4689,#4690,#4691);
#4689 = CARTESIAN_POINT('',(34.31,25.7,13.54));
#4690 = DIRECTION('',(0.,0.,-1.));
#4691 = DIRECTION('',(-1.,9.E-17,0.));
#4692 = ADVANCED_FACE('',(#4693),#4720,.T.);
#4693 = FACE_BOUND('',#4694,.T.);
#4694 = EDGE_LOOP('',(#4695,#4704,#4712,#4719));
#4695 = ORIENTED_EDGE('',*,*,#4696,.T.);
#4696 = EDGE_CURVE('',#4318,#4697,#4699,.T.);
#4697 = VERTEX_POINT('',#4698);
#4698 = CARTESIAN_POINT('',(-13.2,26.1,12.77));
#4699 = ELLIPSE('',#4700,0.565685424949,0.4);
#4700 = AXIS2_PLACEMENT_3D('',#4701,#4702,#4703);
#4701 = CARTESIAN_POINT('',(-13.2,25.7,12.77));
#4702 = DIRECTION('',(0.707106781187,0.,-0.707106781187));
#4703 = DIRECTION('',(-0.707106781187,0.,-0.707106781187));
#4704 = ORIENTED_EDGE('',*,*,#4705,.T.);
#4705 = EDGE_CURVE('',#4697,#4706,#4708,.T.);
#4706 = VERTEX_POINT('',#4707);
#4707 = CARTESIAN_POINT('',(23.87,26.1,12.77));
#4708 = LINE('',#4709,#4710);
#4709 = CARTESIAN_POINT('',(-13.6,26.1,12.77));
#4710 = VECTOR('',#4711,1.);
#4711 = DIRECTION('',(1.,0.,0.));
#4712 = ORIENTED_EDGE('',*,*,#4713,.F.);
#4713 = EDGE_CURVE('',#4309,#4706,#4714,.T.);
#4714 = ELLIPSE('',#4715,0.565685424949,0.4);
#4715 = AXIS2_PLACEMENT_3D('',#4716,#4717,#4718);
#4716 = CARTESIAN_POINT('',(23.87,25.7,12.77));
#4717 = DIRECTION('',(0.707106781187,0.,0.707106781187));
#4718 = DIRECTION('',(-0.707106781187,0.,0.707106781187));
#4719 = ORIENTED_EDGE('',*,*,#4325,.F.);
#4720 = CYLINDRICAL_SURFACE('',#4721,0.4);
#4721 = AXIS2_PLACEMENT_3D('',#4722,#4723,#4724);
#4722 = CARTESIAN_POINT('',(-13.6,25.7,12.77));
#4723 = DIRECTION('',(1.,0.,0.));
#4724 = DIRECTION('',(0.,-2.2E-16,-1.));
#4725 = ADVANCED_FACE('',(#4726),#4745,.T.);
#4726 = FACE_BOUND('',#4727,.T.);
#4727 = EDGE_LOOP('',(#4728,#4729,#4737,#4744));
#4728 = ORIENTED_EDGE('',*,*,#4713,.T.);
#4729 = ORIENTED_EDGE('',*,*,#4730,.T.);
#4730 = EDGE_CURVE('',#4706,#4731,#4733,.T.);
#4731 = VERTEX_POINT('',#4732);
#4732 = CARTESIAN_POINT('',(23.87,26.1,13.14));
#4733 = LINE('',#4734,#4735);
#4734 = CARTESIAN_POINT('',(23.87,26.1,12.37));
#4735 = VECTOR('',#4736,1.);
#4736 = DIRECTION('',(0.,0.,1.));
#4737 = ORIENTED_EDGE('',*,*,#4738,.F.);
#4738 = EDGE_CURVE('',#4342,#4731,#4739,.T.);
#4739 = ELLIPSE('',#4740,0.565685424949,0.4);
#4740 = AXIS2_PLACEMENT_3D('',#4741,#4742,#4743);
#4741 = CARTESIAN_POINT('',(23.87,25.7,13.14));
#4742 = DIRECTION('',(-0.707106781187,0.,0.707106781187));
#4743 = DIRECTION('',(0.707106781187,0.,0.707106781187));
#4744 = ORIENTED_EDGE('',*,*,#4349,.F.);
#4745 = CYLINDRICAL_SURFACE('',#4746,0.4);
#4746 = AXIS2_PLACEMENT_3D('',#4747,#4748,#4749);
#4747 = CARTESIAN_POINT('',(23.87,25.7,12.37));
#4748 = DIRECTION('',(0.,0.,1.));
#4749 = DIRECTION('',(1.,-9.E-17,0.));
#4750 = ADVANCED_FACE('',(#4751),#4770,.T.);
#4751 = FACE_BOUND('',#4752,.T.);
#4752 = EDGE_LOOP('',(#4753,#4754,#4762,#4769));
#4753 = ORIENTED_EDGE('',*,*,#4738,.T.);
#4754 = ORIENTED_EDGE('',*,*,#4755,.T.);
#4755 = EDGE_CURVE('',#4731,#4756,#4758,.T.);
#4756 = VERTEX_POINT('',#4757);
#4757 = CARTESIAN_POINT('',(-13.2,26.1,13.14));
#4758 = LINE('',#4759,#4760);
#4759 = CARTESIAN_POINT('',(24.27,26.1,13.14));
#4760 = VECTOR('',#4761,1.);
#4761 = DIRECTION('',(-1.,0.,0.));
#4762 = ORIENTED_EDGE('',*,*,#4763,.F.);
#4763 = EDGE_CURVE('',#4364,#4756,#4764,.T.);
#4764 = ELLIPSE('',#4765,0.565685424949,0.4);
#4765 = AXIS2_PLACEMENT_3D('',#4766,#4767,#4768);
#4766 = CARTESIAN_POINT('',(-13.2,25.7,13.14));
#4767 = DIRECTION('',(-0.707106781187,-0.,-0.707106781187));
#4768 = DIRECTION('',(0.707106781187,0.,-0.707106781187));
#4769 = ORIENTED_EDGE('',*,*,#4373,.F.);
#4770 = CYLINDRICAL_SURFACE('',#4771,0.4);
#4771 = AXIS2_PLACEMENT_3D('',#4772,#4773,#4774);
#4772 = CARTESIAN_POINT('',(24.27,25.7,13.14));
#4773 = DIRECTION('',(-1.,0.,0.));
#4774 = DIRECTION('',(0.,2.2E-16,1.));
#4775 = ADVANCED_FACE('',(#4776),#4787,.T.);
#4776 = FACE_BOUND('',#4777,.T.);
#4777 = EDGE_LOOP('',(#4778,#4779,#4785,#4786));
#4778 = ORIENTED_EDGE('',*,*,#4763,.T.);
#4779 = ORIENTED_EDGE('',*,*,#4780,.T.);
#4780 = EDGE_CURVE('',#4756,#4697,#4781,.T.);
#4781 = LINE('',#4782,#4783);
#4782 = CARTESIAN_POINT('',(-13.2,26.1,13.54));
#4783 = VECTOR('',#4784,1.);
#4784 = DIRECTION('',(0.,0.,-1.));
#4785 = ORIENTED_EDGE('',*,*,#4696,.F.);
#4786 = ORIENTED_EDGE('',*,*,#4390,.F.);
#4787 = CYLINDRICAL_SURFACE('',#4788,0.4);
#4788 = AXIS2_PLACEMENT_3D('',#4789,#4790,#4791);
#4789 = CARTESIAN_POINT('',(-13.2,25.7,13.54));
#4790 = DIRECTION('',(0.,0.,-1.));
#4791 = DIRECTION('',(-1.,9.E-17,0.));
#4792 = ADVANCED_FACE('',(#4793),#4812,.F.);
#4793 = FACE_BOUND('',#4794,.F.);
#4794 = EDGE_LOOP('',(#4795,#4803,#4810,#4811));
#4795 = ORIENTED_EDGE('',*,*,#4796,.T.);
#4796 = EDGE_CURVE('',#4408,#4797,#4799,.T.);
#4797 = VERTEX_POINT('',#4798);
#4798 = CARTESIAN_POINT('',(-35.18,-23.35,13.54));
#4799 = LINE('',#4800,#4801);
#4800 = CARTESIAN_POINT('',(-35.18,-23.35,14.54));
#4801 = VECTOR('',#4802,1.);
#4802 = DIRECTION('',(-0.,-0.,-1.));
#4803 = ORIENTED_EDGE('',*,*,#4804,.T.);
#4804 = EDGE_CURVE('',#4797,#4797,#4805,.T.);
#4805 = CIRCLE('',#4806,1.5);
#4806 = AXIS2_PLACEMENT_3D('',#4807,#4808,#4809);
#4807 = CARTESIAN_POINT('',(-36.68,-23.35,13.54));
#4808 = DIRECTION('',(0.,0.,1.));
#4809 = DIRECTION('',(1.,0.,0.));
#4810 = ORIENTED_EDGE('',*,*,#4796,.F.);
#4811 = ORIENTED_EDGE('',*,*,#4407,.F.);
#4812 = CYLINDRICAL_SURFACE('',#4813,1.5);
#4813 = AXIS2_PLACEMENT_3D('',#4814,#4815,#4816);
#4814 = CARTESIAN_POINT('',(-36.68,-23.35,14.54));
#4815 = DIRECTION('',(0.,0.,1.));
#4816 = DIRECTION('',(1.,0.,0.));
#4817 = ADVANCED_FACE('',(#4818),#4837,.F.);
#4818 = FACE_BOUND('',#4819,.F.);
#4819 = EDGE_LOOP('',(#4820,#4828,#4835,#4836));
#4820 = ORIENTED_EDGE('',*,*,#4821,.T.);
#4821 = EDGE_CURVE('',#4428,#4822,#4824,.T.);
#4822 = VERTEX_POINT('',#4823);
#4823 = CARTESIAN_POINT('',(40.9,-23.35,13.54));
#4824 = LINE('',#4825,#4826);
#4825 = CARTESIAN_POINT('',(40.9,-23.35,14.54));
#4826 = VECTOR('',#4827,1.);
#4827 = DIRECTION('',(-0.,-0.,-1.));
#4828 = ORIENTED_EDGE('',*,*,#4829,.T.);
#4829 = EDGE_CURVE('',#4822,#4822,#4830,.T.);
#4830 = CIRCLE('',#4831,1.5);
#4831 = AXIS2_PLACEMENT_3D('',#4832,#4833,#4834);
#4832 = CARTESIAN_POINT('',(39.4,-23.35,13.54));
#4833 = DIRECTION('',(0.,0.,1.));
#4834 = DIRECTION('',(1.,0.,0.));
#4835 = ORIENTED_EDGE('',*,*,#4821,.F.);
#4836 = ORIENTED_EDGE('',*,*,#4427,.F.);
#4837 = CYLINDRICAL_SURFACE('',#4838,1.5);
#4838 = AXIS2_PLACEMENT_3D('',#4839,#4840,#4841);
#4839 = CARTESIAN_POINT('',(39.4,-23.35,14.54));
#4840 = DIRECTION('',(0.,0.,1.));
#4841 = DIRECTION('',(1.,0.,0.));
#4842 = ADVANCED_FACE('',(#4843),#4849,.T.);
#4843 = FACE_BOUND('',#4844,.T.);
#4844 = EDGE_LOOP('',(#4845,#4846,#4847,#4848));
#4845 = ORIENTED_EDGE('',*,*,#4528,.F.);
#4846 = ORIENTED_EDGE('',*,*,#4511,.T.);
#4847 = ORIENTED_EDGE('',*,*,#4486,.T.);
#4848 = ORIENTED_EDGE('',*,*,#4453,.T.);
#4849 = PLANE('',#4850);
#4850 = AXIS2_PLACEMENT_3D('',#4851,#4852,#4853);
#4851 = CARTESIAN_POINT('',(45.9,-2.4,12.955));
#4852 = DIRECTION('',(1.,0.,0.));
#4853 = DIRECTION('',(0.,0.,1.));
#4854 = ADVANCED_FACE('',(#4855),#4874,.F.);
#4855 = FACE_BOUND('',#4856,.F.);
#4856 = EDGE_LOOP('',(#4857,#4865,#4872,#4873));
#4857 = ORIENTED_EDGE('',*,*,#4858,.T.);
#4858 = EDGE_CURVE('',#4560,#4859,#4861,.T.);
#4859 = VERTEX_POINT('',#4860);
#4860 = CARTESIAN_POINT('',(40.9,20.65,13.54));
#4861 = LINE('',#4862,#4863);
#4862 = CARTESIAN_POINT('',(40.9,20.65,14.54));
#4863 = VECTOR('',#4864,1.);
#4864 = DIRECTION('',(-0.,-0.,-1.));
#4865 = ORIENTED_EDGE('',*,*,#4866,.T.);
#4866 = EDGE_CURVE('',#4859,#4859,#4867,.T.);
#4867 = CIRCLE('',#4868,1.5);
#4868 = AXIS2_PLACEMENT_3D('',#4869,#4870,#4871);
#4869 = CARTESIAN_POINT('',(39.4,20.65,13.54));
#4870 = DIRECTION('',(0.,0.,1.));
#4871 = DIRECTION('',(1.,0.,0.));
#4872 = ORIENTED_EDGE('',*,*,#4858,.F.);
#4873 = ORIENTED_EDGE('',*,*,#4559,.F.);
#4874 = CYLINDRICAL_SURFACE('',#4875,1.5);
#4875 = AXIS2_PLACEMENT_3D('',#4876,#4877,#4878);
#4876 = CARTESIAN_POINT('',(39.4,20.65,14.54));
#4877 = DIRECTION('',(0.,0.,1.));
#4878 = DIRECTION('',(1.,0.,0.));
#4879 = ADVANCED_FACE('',(#4880),#4899,.F.);
#4880 = FACE_BOUND('',#4881,.F.);
#4881 = EDGE_LOOP('',(#4882,#4890,#4897,#4898));
#4882 = ORIENTED_EDGE('',*,*,#4883,.T.);
#4883 = EDGE_CURVE('',#4580,#4884,#4886,.T.);
#4884 = VERTEX_POINT('',#4885);
#4885 = CARTESIAN_POINT('',(-35.18,20.65,13.54));
#4886 = LINE('',#4887,#4888);
#4887 = CARTESIAN_POINT('',(-35.18,20.65,14.54));
#4888 = VECTOR('',#4889,1.);
#4889 = DIRECTION('',(-0.,-0.,-1.));
#4890 = ORIENTED_EDGE('',*,*,#4891,.T.);
#4891 = EDGE_CURVE('',#4884,#4884,#4892,.T.);
#4892 = CIRCLE('',#4893,1.5);
#4893 = AXIS2_PLACEMENT_3D('',#4894,#4895,#4896);
#4894 = CARTESIAN_POINT('',(-36.68,20.65,13.54));
#4895 = DIRECTION('',(0.,0.,1.));
#4896 = DIRECTION('',(1.,0.,0.));
#4897 = ORIENTED_EDGE('',*,*,#4883,.F.);
#4898 = ORIENTED_EDGE('',*,*,#4579,.F.);
#4899 = CYLINDRICAL_SURFACE('',#4900,1.5);
#4900 = AXIS2_PLACEMENT_3D('',#4901,#4902,#4903);
#4901 = CARTESIAN_POINT('',(-36.68,20.65,14.54));
#4902 = DIRECTION('',(0.,0.,1.));
#4903 = DIRECTION('',(1.,0.,0.));
#4904 = ADVANCED_FACE('',(#4905),#4911,.T.);
#4905 = FACE_BOUND('',#4906,.T.);
#4906 = EDGE_LOOP('',(#4907,#4908,#4909,#4910));
#4907 = ORIENTED_EDGE('',*,*,#4630,.F.);
#4908 = ORIENTED_EDGE('',*,*,#4605,.F.);
#4909 = ORIENTED_EDGE('',*,*,#4680,.F.);
#4910 = ORIENTED_EDGE('',*,*,#4655,.F.);
#4911 = PLANE('',#4912);
#4912 = AXIS2_PLACEMENT_3D('',#4913,#4914,#4915);
#4913 = CARTESIAN_POINT('',(-0.2,26.1,12.955));
#4914 = DIRECTION('',(0.,1.,0.));
#4915 = DIRECTION('',(0.,0.,1.));
#4916 = ADVANCED_FACE('',(#4917),#4923,.T.);
#4917 = FACE_BOUND('',#4918,.T.);
#4918 = EDGE_LOOP('',(#4919,#4920,#4921,#4922));
#4919 = ORIENTED_EDGE('',*,*,#4730,.F.);
#4920 = ORIENTED_EDGE('',*,*,#4705,.F.);
#4921 = ORIENTED_EDGE('',*,*,#4780,.F.);
#4922 = ORIENTED_EDGE('',*,*,#4755,.F.);
#4923 = PLANE('',#4924);
#4924 = AXIS2_PLACEMENT_3D('',#4925,#4926,#4927);
#4925 = CARTESIAN_POINT('',(-0.2,26.1,12.955));
#4926 = DIRECTION('',(0.,1.,0.));
#4927 = DIRECTION('',(0.,0.,1.));
#4928 = ADVANCED_FACE('',(#4929),#4932,.T.);
#4929 = FACE_BOUND('',#4930,.T.);
#4930 = EDGE_LOOP('',(#4931));
#4931 = ORIENTED_EDGE('',*,*,#4804,.T.);
#4932 = PLANE('',#4933);
#4933 = AXIS2_PLACEMENT_3D('',#4934,#4935,#4936);
#4934 = CARTESIAN_POINT('',(1.36,-1.35,13.54));
#4935 = DIRECTION('',(0.,0.,1.));
#4936 = DIRECTION('',(1.,0.,0.));
#4937 = ADVANCED_FACE('',(#4938),#4941,.T.);
#4938 = FACE_BOUND('',#4939,.T.);
#4939 = EDGE_LOOP('',(#4940));
#4940 = ORIENTED_EDGE('',*,*,#4829,.T.);
#4941 = PLANE('',#4942);
#4942 = AXIS2_PLACEMENT_3D('',#4943,#4944,#4945);
#4943 = CARTESIAN_POINT('',(1.36,-1.35,13.54));
#4944 = DIRECTION('',(0.,0.,1.));
#4945 = DIRECTION('',(1.,0.,0.));
#4946 = ADVANCED_FACE('',(#4947),#4950,.T.);
#4947 = FACE_BOUND('',#4948,.T.);
#4948 = EDGE_LOOP('',(#4949));
#4949 = ORIENTED_EDGE('',*,*,#4866,.T.);
#4950 = PLANE('',#4951);
#4951 = AXIS2_PLACEMENT_3D('',#4952,#4953,#4954);
#4952 = CARTESIAN_POINT('',(1.36,-1.35,13.54));
#4953 = DIRECTION('',(0.,0.,1.));
#4954 = DIRECTION('',(1.,0.,0.));
#4955 = ADVANCED_FACE('',(#4956),#4959,.T.);
#4956 = FACE_BOUND('',#4957,.T.);
#4957 = EDGE_LOOP('',(#4958));
#4958 = ORIENTED_EDGE('',*,*,#4891,.T.);
#4959 = PLANE('',#4960);
#4960 = AXIS2_PLACEMENT_3D('',#4961,#4962,#4963);
#4961 = CARTESIAN_POINT('',(1.36,-1.35,13.54));
#4962 = DIRECTION('',(0.,0.,1.));
#4963 = DIRECTION('',(1.,0.,0.));
#4964 = ( GEOMETRIC_REPRESENTATION_CONTEXT(3) 
GLOBAL_UNCERTAINTY_ASSIGNED_CONTEXT((#4968)) 
GLOBAL_UNIT_ASSIGNED_CONTEXT((#4965,#4966,#4967)) REPRESENTATION_CONTEXT
('Context #1','3D Context with UNIT and UNCERTAINTY') );
#4965 = ( LENGTH_UNIT() NAMED_UNIT(*) SI_UNIT(.MILLI.,.METRE.) );
#4966 = ( NAMED_UNIT(*) PLANE_ANGLE_UNIT() SI_UNIT($,.RADIAN.) );
#4967 = ( NAMED_UNIT(*) SI_UNIT($,.STERADIAN.) SOLID_ANGLE_UNIT() );
#4968 = UNCERTAINTY_MEASURE_WITH_UNIT(LENGTH_MEASURE(2.E-05),#4965,
  'distance_accuracy_value','confusion accuracy');
#4969 = PRODUCT_RELATED_PRODUCT_CATEGORY('part',$,(#7));
#4970 = MECHANICAL_DESIGN_GEOMETRIC_PRESENTATION_REPRESENTATION('',(
    #4971),#4964);
#4971 = STYLED_ITEM('color',(#4972),#15);
#4972 = PRESENTATION_STYLE_ASSIGNMENT((#4973,#4981));
#4973 = SURFACE_STYLE_USAGE(.BOTH.,#4974);
#4974 = SURFACE_SIDE_STYLE('',(#4975,#4979));
#4975 = SURFACE_STYLE_FILL_AREA(#4976);
#4976 = FILL_AREA_STYLE('',(#4977));
#4977 = FILL_AREA_STYLE_COLOUR('',#4978);
#4978 = COLOUR_RGB('',0.964705886078,0.54901964059,9.803921802644E-02);
#4979 = SURFACE_STYLE_RENDERING_WITH_PROPERTIES(.NORMAL_SHADING.,#4978,(
    #4980));
#4980 = SURFACE_STYLE_TRANSPARENT(0.699999988079);
#4981 = CURVE_STYLE('',#4982,POSITIVE_LENGTH_MEASURE(0.1),#4983);
#4982 = DRAUGHTING_PRE_DEFINED_CURVE_FONT('continuous');
#4983 = COLOUR_RGB('',9.803921802644E-02,9.803921802644E-02,
  9.803921802644E-02);
ENDSEC;
END-ISO-10303-21;
