ISO-10303-21;
HEADER;
FILE_DESCRIPTION(('FreeCAD Model'),'2;1');
FILE_NAME('Open CASCADE Shape Model','2026-05-14T03:35:10',(''),(''),
  'Open CASCADE STEP processor 7.8','FreeCAD','Unknown');
FILE_SCHEMA(('AUTOMOTIVE_DESIGN { 1 0 10303 214 1 1 1 1 }'));
ENDSEC;
DATA;
#1 = APPLICATION_PROTOCOL_DEFINITION('international standard',
  'automotive_design',2000,#2);
#2 = APPLICATION_CONTEXT(
  'core data for automotive mechanical design processes');
#3 = SHAPE_DEFINITION_REPRESENTATION(#4,#10);
#4 = PRODUCT_DEFINITION_SHAPE('','',#5);
#5 = PRODUCT_DEFINITION('design','',#6,#9);
#6 = PRODUCT_DEFINITION_FORMATION('','',#7);
#7 = PRODUCT('Text','Text','',(#8));
#8 = PRODUCT_CONTEXT('',#2,'mechanical');
#9 = PRODUCT_DEFINITION_CONTEXT('part definition',#2,'design');
#10 = SHAPE_REPRESENTATION('',(#11,#15,#165,#381,#564,#747,#1177,#1327,
    #1757,#2187,#2617,#3047,#3747,#3897,#4047,#4263,#4446,#4629,#5059,
    #5209,#5499,#5789,#6503,#6727,#6984,#7266,#7966,#8116,#8332),#8515);
#11 = AXIS2_PLACEMENT_3D('',#12,#13,#14);
#12 = CARTESIAN_POINT('',(0.,0.,0.));
#13 = DIRECTION('',(0.,0.,1.));
#14 = DIRECTION('',(1.,0.,-0.));
#15 = MANIFOLD_SOLID_BREP('',#16);
#16 = CLOSED_SHELL('',(#17,#57,#88,#119,#141,#153));
#17 = ADVANCED_FACE('',(#18),#52,.T.);
#18 = FACE_BOUND('',#19,.T.);
#19 = EDGE_LOOP('',(#20,#30,#38,#46));
#20 = ORIENTED_EDGE('',*,*,#21,.T.);
#21 = EDGE_CURVE('',#22,#24,#26,.T.);
#22 = VERTEX_POINT('',#23);
#23 = CARTESIAN_POINT('',(-42.2,21.97,23.42));
#24 = VERTEX_POINT('',#25);
#25 = CARTESIAN_POINT('',(-42.2,21.97,24.42));
#26 = LINE('',#27,#28);
#27 = CARTESIAN_POINT('',(-42.2,21.97,23.42));
#28 = VECTOR('',#29,1.);
#29 = DIRECTION('',(0.,0.,1.));
#30 = ORIENTED_EDGE('',*,*,#31,.T.);
#31 = EDGE_CURVE('',#24,#32,#34,.T.);
#32 = VERTEX_POINT('',#33);
#33 = CARTESIAN_POINT('',(-37.2,21.97,24.42));
#34 = LINE('',#35,#36);
#35 = CARTESIAN_POINT('',(-42.2,21.97,24.42));
#36 = VECTOR('',#37,1.);
#37 = DIRECTION('',(1.,0.,0.));
#38 = ORIENTED_EDGE('',*,*,#39,.F.);
#39 = EDGE_CURVE('',#40,#32,#42,.T.);
#40 = VERTEX_POINT('',#41);
#41 = CARTESIAN_POINT('',(-37.2,21.97,23.42));
#42 = LINE('',#43,#44);
#43 = CARTESIAN_POINT('',(-37.2,21.97,23.42));
#44 = VECTOR('',#45,1.);
#45 = DIRECTION('',(0.,0.,1.));
#46 = ORIENTED_EDGE('',*,*,#47,.F.);
#47 = EDGE_CURVE('',#22,#40,#48,.T.);
#48 = LINE('',#49,#50);
#49 = CARTESIAN_POINT('',(-42.2,21.97,23.42));
#50 = VECTOR('',#51,1.);
#51 = DIRECTION('',(1.,0.,0.));
#52 = PLANE('',#53);
#53 = AXIS2_PLACEMENT_3D('',#54,#55,#56);
#54 = CARTESIAN_POINT('',(-42.2,21.97,23.42));
#55 = DIRECTION('',(2.2E-16,1.,0.));
#56 = DIRECTION('',(1.,-2.2E-16,0.));
#57 = ADVANCED_FACE('',(#58),#83,.T.);
#58 = FACE_BOUND('',#59,.T.);
#59 = EDGE_LOOP('',(#60,#70,#76,#77));
#60 = ORIENTED_EDGE('',*,*,#61,.T.);
#61 = EDGE_CURVE('',#62,#64,#66,.T.);
#62 = VERTEX_POINT('',#63);
#63 = CARTESIAN_POINT('',(-42.2,21.17,23.42));
#64 = VERTEX_POINT('',#65);
#65 = CARTESIAN_POINT('',(-42.2,21.17,24.42));
#66 = LINE('',#67,#68);
#67 = CARTESIAN_POINT('',(-42.2,21.17,23.42));
#68 = VECTOR('',#69,1.);
#69 = DIRECTION('',(0.,0.,1.));
#70 = ORIENTED_EDGE('',*,*,#71,.T.);
#71 = EDGE_CURVE('',#64,#24,#72,.T.);
#72 = LINE('',#73,#74);
#73 = CARTESIAN_POINT('',(-42.2,21.17,24.42));
#74 = VECTOR('',#75,1.);
#75 = DIRECTION('',(0.,1.,0.));
#76 = ORIENTED_EDGE('',*,*,#21,.F.);
#77 = ORIENTED_EDGE('',*,*,#78,.F.);
#78 = EDGE_CURVE('',#62,#22,#79,.T.);
#79 = LINE('',#80,#81);
#80 = CARTESIAN_POINT('',(-42.2,21.17,23.42));
#81 = VECTOR('',#82,1.);
#82 = DIRECTION('',(0.,1.,0.));
#83 = PLANE('',#84);
#84 = AXIS2_PLACEMENT_3D('',#85,#86,#87);
#85 = CARTESIAN_POINT('',(-42.2,21.17,23.42));
#86 = DIRECTION('',(-1.,2.2E-16,0.));
#87 = DIRECTION('',(2.2E-16,1.,0.));
#88 = ADVANCED_FACE('',(#89),#114,.T.);
#89 = FACE_BOUND('',#90,.T.);
#90 = EDGE_LOOP('',(#91,#101,#107,#108));
#91 = ORIENTED_EDGE('',*,*,#92,.T.);
#92 = EDGE_CURVE('',#93,#95,#97,.T.);
#93 = VERTEX_POINT('',#94);
#94 = CARTESIAN_POINT('',(-37.2,21.17,23.42));
#95 = VERTEX_POINT('',#96);
#96 = CARTESIAN_POINT('',(-37.2,21.17,24.42));
#97 = LINE('',#98,#99);
#98 = CARTESIAN_POINT('',(-37.2,21.17,23.42));
#99 = VECTOR('',#100,1.);
#100 = DIRECTION('',(0.,0.,1.));
#101 = ORIENTED_EDGE('',*,*,#102,.T.);
#102 = EDGE_CURVE('',#95,#64,#103,.T.);
#103 = LINE('',#104,#105);
#104 = CARTESIAN_POINT('',(-37.2,21.17,24.42));
#105 = VECTOR('',#106,1.);
#106 = DIRECTION('',(-1.,0.,0.));
#107 = ORIENTED_EDGE('',*,*,#61,.F.);
#108 = ORIENTED_EDGE('',*,*,#109,.F.);
#109 = EDGE_CURVE('',#93,#62,#110,.T.);
#110 = LINE('',#111,#112);
#111 = CARTESIAN_POINT('',(-37.2,21.17,23.42));
#112 = VECTOR('',#113,1.);
#113 = DIRECTION('',(-1.,0.,0.));
#114 = PLANE('',#115);
#115 = AXIS2_PLACEMENT_3D('',#116,#117,#118);
#116 = CARTESIAN_POINT('',(-37.2,21.17,23.42));
#117 = DIRECTION('',(-2.2E-16,-1.,0.));
#118 = DIRECTION('',(-1.,2.2E-16,0.));
#119 = ADVANCED_FACE('',(#120),#136,.T.);
#120 = FACE_BOUND('',#121,.T.);
#121 = EDGE_LOOP('',(#122,#123,#129,#130));
#122 = ORIENTED_EDGE('',*,*,#39,.T.);
#123 = ORIENTED_EDGE('',*,*,#124,.T.);
#124 = EDGE_CURVE('',#32,#95,#125,.T.);
#125 = LINE('',#126,#127);
#126 = CARTESIAN_POINT('',(-37.2,21.97,24.42));
#127 = VECTOR('',#128,1.);
#128 = DIRECTION('',(0.,-1.,0.));
#129 = ORIENTED_EDGE('',*,*,#92,.F.);
#130 = ORIENTED_EDGE('',*,*,#131,.F.);
#131 = EDGE_CURVE('',#40,#93,#132,.T.);
#132 = LINE('',#133,#134);
#133 = CARTESIAN_POINT('',(-37.2,21.97,23.42));
#134 = VECTOR('',#135,1.);
#135 = DIRECTION('',(0.,-1.,0.));
#136 = PLANE('',#137);
#137 = AXIS2_PLACEMENT_3D('',#138,#139,#140);
#138 = CARTESIAN_POINT('',(-37.2,21.97,23.42));
#139 = DIRECTION('',(1.,-2.2E-16,0.));
#140 = DIRECTION('',(-2.2E-16,-1.,0.));
#141 = ADVANCED_FACE('',(#142),#148,.F.);
#142 = FACE_BOUND('',#143,.F.);
#143 = EDGE_LOOP('',(#144,#145,#146,#147));
#144 = ORIENTED_EDGE('',*,*,#47,.F.);
#145 = ORIENTED_EDGE('',*,*,#78,.F.);
#146 = ORIENTED_EDGE('',*,*,#109,.F.);
#147 = ORIENTED_EDGE('',*,*,#131,.F.);
#148 = PLANE('',#149);
#149 = AXIS2_PLACEMENT_3D('',#150,#151,#152);
#150 = CARTESIAN_POINT('',(-39.7,21.57,23.42));
#151 = DIRECTION('',(0.,0.,1.));
#152 = DIRECTION('',(0.,-1.,0.));
#153 = ADVANCED_FACE('',(#154),#160,.T.);
#154 = FACE_BOUND('',#155,.T.);
#155 = EDGE_LOOP('',(#156,#157,#158,#159));
#156 = ORIENTED_EDGE('',*,*,#31,.F.);
#157 = ORIENTED_EDGE('',*,*,#71,.F.);
#158 = ORIENTED_EDGE('',*,*,#102,.F.);
#159 = ORIENTED_EDGE('',*,*,#124,.F.);
#160 = PLANE('',#161);
#161 = AXIS2_PLACEMENT_3D('',#162,#163,#164);
#162 = CARTESIAN_POINT('',(-39.7,21.57,24.42));
#163 = DIRECTION('',(0.,0.,1.));
#164 = DIRECTION('',(0.,-1.,0.));
#165 = MANIFOLD_SOLID_BREP('',#166);
#166 = CLOSED_SHELL('',(#167,#207,#238,#269,#300,#331,#353,#367));
#167 = ADVANCED_FACE('',(#168),#202,.T.);
#168 = FACE_BOUND('',#169,.T.);
#169 = EDGE_LOOP('',(#170,#180,#188,#196));
#170 = ORIENTED_EDGE('',*,*,#171,.T.);
#171 = EDGE_CURVE('',#172,#174,#176,.T.);
#172 = VERTEX_POINT('',#173);
#173 = CARTESIAN_POINT('',(-37.71428571428,20.568095238095,23.42));
#174 = VERTEX_POINT('',#175);
#175 = CARTESIAN_POINT('',(-37.71428571428,20.568095238095,24.42));
#176 = LINE('',#177,#178);
#177 = CARTESIAN_POINT('',(-37.71428571428,20.568095238095,23.42));
#178 = VECTOR('',#179,1.);
#179 = DIRECTION('',(0.,0.,1.));
#180 = ORIENTED_EDGE('',*,*,#181,.T.);
#181 = EDGE_CURVE('',#174,#182,#184,.T.);
#182 = VERTEX_POINT('',#183);
#183 = CARTESIAN_POINT('',(-37.2,20.568095238095,24.42));
#184 = LINE('',#185,#186);
#185 = CARTESIAN_POINT('',(-37.71428571428,20.568095238095,24.42));
#186 = VECTOR('',#187,1.);
#187 = DIRECTION('',(1.,0.,0.));
#188 = ORIENTED_EDGE('',*,*,#189,.F.);
#189 = EDGE_CURVE('',#190,#182,#192,.T.);
#190 = VERTEX_POINT('',#191);
#191 = CARTESIAN_POINT('',(-37.2,20.568095238095,23.42));
#192 = LINE('',#193,#194);
#193 = CARTESIAN_POINT('',(-37.2,20.568095238095,23.42));
#194 = VECTOR('',#195,1.);
#195 = DIRECTION('',(0.,0.,1.));
#196 = ORIENTED_EDGE('',*,*,#197,.F.);
#197 = EDGE_CURVE('',#172,#190,#198,.T.);
#198 = LINE('',#199,#200);
#199 = CARTESIAN_POINT('',(-37.71428571428,20.568095238095,23.42));
#200 = VECTOR('',#201,1.);
#201 = DIRECTION('',(1.,0.,0.));
#202 = PLANE('',#203);
#203 = AXIS2_PLACEMENT_3D('',#204,#205,#206);
#204 = CARTESIAN_POINT('',(-37.71428571428,20.568095238095,23.42));
#205 = DIRECTION('',(2.2E-16,1.,0.));
#206 = DIRECTION('',(1.,-2.2E-16,0.));
#207 = ADVANCED_FACE('',(#208),#233,.T.);
#208 = FACE_BOUND('',#209,.T.);
#209 = EDGE_LOOP('',(#210,#220,#226,#227));
#210 = ORIENTED_EDGE('',*,*,#211,.T.);
#211 = EDGE_CURVE('',#212,#214,#216,.T.);
#212 = VERTEX_POINT('',#213);
#213 = CARTESIAN_POINT('',(-42.2,17.775238095238,23.42));
#214 = VERTEX_POINT('',#215);
#215 = CARTESIAN_POINT('',(-42.2,17.775238095238,24.42));
#216 = LINE('',#217,#218);
#217 = CARTESIAN_POINT('',(-42.2,17.775238095238,23.42));
#218 = VECTOR('',#219,1.);
#219 = DIRECTION('',(0.,0.,1.));
#220 = ORIENTED_EDGE('',*,*,#221,.T.);
#221 = EDGE_CURVE('',#214,#174,#222,.T.);
#222 = LINE('',#223,#224);
#223 = CARTESIAN_POINT('',(-42.2,17.775238095238,24.42));
#224 = VECTOR('',#225,1.);
#225 = DIRECTION('',(0.848908352634,0.528540073057,0.));
#226 = ORIENTED_EDGE('',*,*,#171,.F.);
#227 = ORIENTED_EDGE('',*,*,#228,.F.);
#228 = EDGE_CURVE('',#212,#172,#229,.T.);
#229 = LINE('',#230,#231);
#230 = CARTESIAN_POINT('',(-42.2,17.775238095238,23.42));
#231 = VECTOR('',#232,1.);
#232 = DIRECTION('',(0.848908352634,0.528540073057,0.));
#233 = PLANE('',#234);
#234 = AXIS2_PLACEMENT_3D('',#235,#236,#237);
#235 = CARTESIAN_POINT('',(-42.2,17.775238095238,23.42));
#236 = DIRECTION('',(-0.528540073057,0.848908352634,0.));
#237 = DIRECTION('',(0.848908352634,0.528540073057,0.));
#238 = ADVANCED_FACE('',(#239),#264,.T.);
#239 = FACE_BOUND('',#240,.T.);
#240 = EDGE_LOOP('',(#241,#251,#257,#258));
#241 = ORIENTED_EDGE('',*,*,#242,.T.);
#242 = EDGE_CURVE('',#243,#245,#247,.T.);
#243 = VERTEX_POINT('',#244);
#244 = CARTESIAN_POINT('',(-42.2,17.389523809524,23.42));
#245 = VERTEX_POINT('',#246);
#246 = CARTESIAN_POINT('',(-42.2,17.389523809524,24.42));
#247 = LINE('',#248,#249);
#248 = CARTESIAN_POINT('',(-42.2,17.389523809524,23.42));
#249 = VECTOR('',#250,1.);
#250 = DIRECTION('',(0.,0.,1.));
#251 = ORIENTED_EDGE('',*,*,#252,.T.);
#252 = EDGE_CURVE('',#245,#214,#253,.T.);
#253 = LINE('',#254,#255);
#254 = CARTESIAN_POINT('',(-42.2,17.389523809524,24.42));
#255 = VECTOR('',#256,1.);
#256 = DIRECTION('',(0.,1.,0.));
#257 = ORIENTED_EDGE('',*,*,#211,.F.);
#258 = ORIENTED_EDGE('',*,*,#259,.F.);
#259 = EDGE_CURVE('',#243,#212,#260,.T.);
#260 = LINE('',#261,#262);
#261 = CARTESIAN_POINT('',(-42.2,17.389523809524,23.42));
#262 = VECTOR('',#263,1.);
#263 = DIRECTION('',(0.,1.,0.));
#264 = PLANE('',#265);
#265 = AXIS2_PLACEMENT_3D('',#266,#267,#268);
#266 = CARTESIAN_POINT('',(-42.2,17.389523809524,23.42));
#267 = DIRECTION('',(-1.,2.2E-16,0.));
#268 = DIRECTION('',(2.2E-16,1.,0.));
#269 = ADVANCED_FACE('',(#270),#295,.T.);
#270 = FACE_BOUND('',#271,.T.);
#271 = EDGE_LOOP('',(#272,#282,#288,#289));
#272 = ORIENTED_EDGE('',*,*,#273,.T.);
#273 = EDGE_CURVE('',#274,#276,#278,.T.);
#274 = VERTEX_POINT('',#275);
#275 = CARTESIAN_POINT('',(-41.23571428571,17.389523809524,23.42));
#276 = VERTEX_POINT('',#277);
#277 = CARTESIAN_POINT('',(-41.23571428571,17.389523809524,24.42));
#278 = LINE('',#279,#280);
#279 = CARTESIAN_POINT('',(-41.23571428571,17.389523809524,23.42));
#280 = VECTOR('',#281,1.);
#281 = DIRECTION('',(0.,0.,1.));
#282 = ORIENTED_EDGE('',*,*,#283,.T.);
#283 = EDGE_CURVE('',#276,#245,#284,.T.);
#284 = LINE('',#285,#286);
#285 = CARTESIAN_POINT('',(-41.23571428571,17.389523809524,24.42));
#286 = VECTOR('',#287,1.);
#287 = DIRECTION('',(-1.,0.,0.));
#288 = ORIENTED_EDGE('',*,*,#242,.F.);
#289 = ORIENTED_EDGE('',*,*,#290,.F.);
#290 = EDGE_CURVE('',#274,#243,#291,.T.);
#291 = LINE('',#292,#293);
#292 = CARTESIAN_POINT('',(-41.23571428571,17.389523809524,23.42));
#293 = VECTOR('',#294,1.);
#294 = DIRECTION('',(-1.,0.,0.));
#295 = PLANE('',#296);
#296 = AXIS2_PLACEMENT_3D('',#297,#298,#299);
#297 = CARTESIAN_POINT('',(-41.23571428571,17.389523809524,23.42));
#298 = DIRECTION('',(-2.2E-16,-1.,0.));
#299 = DIRECTION('',(-1.,2.2E-16,0.));
#300 = ADVANCED_FACE('',(#301),#326,.T.);
#301 = FACE_BOUND('',#302,.T.);
#302 = EDGE_LOOP('',(#303,#313,#319,#320));
#303 = ORIENTED_EDGE('',*,*,#304,.T.);
#304 = EDGE_CURVE('',#305,#307,#309,.T.);
#305 = VERTEX_POINT('',#306);
#306 = CARTESIAN_POINT('',(-37.2,19.90380952381,23.42));
#307 = VERTEX_POINT('',#308);
#308 = CARTESIAN_POINT('',(-37.2,19.90380952381,24.42));
#309 = LINE('',#310,#311);
#310 = CARTESIAN_POINT('',(-37.2,19.90380952381,23.42));
#311 = VECTOR('',#312,1.);
#312 = DIRECTION('',(0.,0.,1.));
#313 = ORIENTED_EDGE('',*,*,#314,.T.);
#314 = EDGE_CURVE('',#307,#276,#315,.T.);
#315 = LINE('',#316,#317);
#316 = CARTESIAN_POINT('',(-37.2,19.90380952381,24.42));
#317 = VECTOR('',#318,1.);
#318 = DIRECTION('',(-0.848756985023,-0.528783112793,0.));
#319 = ORIENTED_EDGE('',*,*,#273,.F.);
#320 = ORIENTED_EDGE('',*,*,#321,.F.);
#321 = EDGE_CURVE('',#305,#274,#322,.T.);
#322 = LINE('',#323,#324);
#323 = CARTESIAN_POINT('',(-37.2,19.90380952381,23.42));
#324 = VECTOR('',#325,1.);
#325 = DIRECTION('',(-0.848756985023,-0.528783112793,0.));
#326 = PLANE('',#327);
#327 = AXIS2_PLACEMENT_3D('',#328,#329,#330);
#328 = CARTESIAN_POINT('',(-37.2,19.90380952381,23.42));
#329 = DIRECTION('',(0.528783112793,-0.848756985023,0.));
#330 = DIRECTION('',(-0.848756985023,-0.528783112793,0.));
#331 = ADVANCED_FACE('',(#332),#348,.T.);
#332 = FACE_BOUND('',#333,.T.);
#333 = EDGE_LOOP('',(#334,#335,#341,#342));
#334 = ORIENTED_EDGE('',*,*,#189,.T.);
#335 = ORIENTED_EDGE('',*,*,#336,.T.);
#336 = EDGE_CURVE('',#182,#307,#337,.T.);
#337 = LINE('',#338,#339);
#338 = CARTESIAN_POINT('',(-37.2,20.568095238095,24.42));
#339 = VECTOR('',#340,1.);
#340 = DIRECTION('',(0.,-1.,0.));
#341 = ORIENTED_EDGE('',*,*,#304,.F.);
#342 = ORIENTED_EDGE('',*,*,#343,.F.);
#343 = EDGE_CURVE('',#190,#305,#344,.T.);
#344 = LINE('',#345,#346);
#345 = CARTESIAN_POINT('',(-37.2,20.568095238095,23.42));
#346 = VECTOR('',#347,1.);
#347 = DIRECTION('',(0.,-1.,0.));
#348 = PLANE('',#349);
#349 = AXIS2_PLACEMENT_3D('',#350,#351,#352);
#350 = CARTESIAN_POINT('',(-37.2,20.568095238095,23.42));
#351 = DIRECTION('',(1.,-2.2E-16,0.));
#352 = DIRECTION('',(-2.2E-16,-1.,0.));
#353 = ADVANCED_FACE('',(#354),#362,.F.);
#354 = FACE_BOUND('',#355,.F.);
#355 = EDGE_LOOP('',(#356,#357,#358,#359,#360,#361));
#356 = ORIENTED_EDGE('',*,*,#197,.F.);
#357 = ORIENTED_EDGE('',*,*,#228,.F.);
#358 = ORIENTED_EDGE('',*,*,#259,.F.);
#359 = ORIENTED_EDGE('',*,*,#290,.F.);
#360 = ORIENTED_EDGE('',*,*,#321,.F.);
#361 = ORIENTED_EDGE('',*,*,#343,.F.);
#362 = PLANE('',#363);
#363 = AXIS2_PLACEMENT_3D('',#364,#365,#366);
#364 = CARTESIAN_POINT('',(-39.63515641237,18.981993400007,23.42));
#365 = DIRECTION('',(0.,0.,1.));
#366 = DIRECTION('',(0.,-1.,0.));
#367 = ADVANCED_FACE('',(#368),#376,.T.);
#368 = FACE_BOUND('',#369,.T.);
#369 = EDGE_LOOP('',(#370,#371,#372,#373,#374,#375));
#370 = ORIENTED_EDGE('',*,*,#181,.F.);
#371 = ORIENTED_EDGE('',*,*,#221,.F.);
#372 = ORIENTED_EDGE('',*,*,#252,.F.);
#373 = ORIENTED_EDGE('',*,*,#283,.F.);
#374 = ORIENTED_EDGE('',*,*,#314,.F.);
#375 = ORIENTED_EDGE('',*,*,#336,.F.);
#376 = PLANE('',#377);
#377 = AXIS2_PLACEMENT_3D('',#378,#379,#380);
#378 = CARTESIAN_POINT('',(-39.63515641237,18.981993400007,24.42));
#379 = DIRECTION('',(0.,0.,1.));
#380 = DIRECTION('',(0.,-1.,0.));
#381 = MANIFOLD_SOLID_BREP('',#382);
#382 = CLOSED_SHELL('',(#383,#423,#454,#485,#516,#538,#551));
#383 = ADVANCED_FACE('',(#384),#418,.T.);
#384 = FACE_BOUND('',#385,.T.);
#385 = EDGE_LOOP('',(#386,#396,#404,#412));
#386 = ORIENTED_EDGE('',*,*,#387,.T.);
#387 = EDGE_CURVE('',#388,#390,#392,.T.);
#388 = VERTEX_POINT('',#389);
#389 = CARTESIAN_POINT('',(-42.2,20.568095238095,23.42));
#390 = VERTEX_POINT('',#391);
#391 = CARTESIAN_POINT('',(-42.2,20.568095238095,24.42));
#392 = LINE('',#393,#394);
#393 = CARTESIAN_POINT('',(-42.2,20.568095238095,23.42));
#394 = VECTOR('',#395,1.);
#395 = DIRECTION('',(0.,0.,1.));
#396 = ORIENTED_EDGE('',*,*,#397,.T.);
#397 = EDGE_CURVE('',#390,#398,#400,.T.);
#398 = VERTEX_POINT('',#399);
#399 = CARTESIAN_POINT('',(-38.47142857142,20.568095238095,24.42));
#400 = LINE('',#401,#402);
#401 = CARTESIAN_POINT('',(-42.2,20.568095238095,24.42));
#402 = VECTOR('',#403,1.);
#403 = DIRECTION('',(1.,0.,0.));
#404 = ORIENTED_EDGE('',*,*,#405,.F.);
#405 = EDGE_CURVE('',#406,#398,#408,.T.);
#406 = VERTEX_POINT('',#407);
#407 = CARTESIAN_POINT('',(-38.47142857142,20.568095238095,23.42));
#408 = LINE('',#409,#410);
#409 = CARTESIAN_POINT('',(-38.47142857142,20.568095238095,23.42));
#410 = VECTOR('',#411,1.);
#411 = DIRECTION('',(0.,0.,1.));
#412 = ORIENTED_EDGE('',*,*,#413,.F.);
#413 = EDGE_CURVE('',#388,#406,#414,.T.);
#414 = LINE('',#415,#416);
#415 = CARTESIAN_POINT('',(-42.2,20.568095238095,23.42));
#416 = VECTOR('',#417,1.);
#417 = DIRECTION('',(1.,0.,0.));
#418 = PLANE('',#419);
#419 = AXIS2_PLACEMENT_3D('',#420,#421,#422);
#420 = CARTESIAN_POINT('',(-42.2,20.568095238095,23.42));
#421 = DIRECTION('',(2.2E-16,1.,0.));
#422 = DIRECTION('',(1.,-2.2E-16,0.));
#423 = ADVANCED_FACE('',(#424),#449,.T.);
#424 = FACE_BOUND('',#425,.T.);
#425 = EDGE_LOOP('',(#426,#436,#442,#443));
#426 = ORIENTED_EDGE('',*,*,#427,.T.);
#427 = EDGE_CURVE('',#428,#430,#432,.T.);
#428 = VERTEX_POINT('',#429);
#429 = CARTESIAN_POINT('',(-42.2,19.768095238095,23.42));
#430 = VERTEX_POINT('',#431);
#431 = CARTESIAN_POINT('',(-42.2,19.768095238095,24.42));
#432 = LINE('',#433,#434);
#433 = CARTESIAN_POINT('',(-42.2,19.768095238095,23.42));
#434 = VECTOR('',#435,1.);
#435 = DIRECTION('',(0.,0.,1.));
#436 = ORIENTED_EDGE('',*,*,#437,.T.);
#437 = EDGE_CURVE('',#430,#390,#438,.T.);
#438 = LINE('',#439,#440);
#439 = CARTESIAN_POINT('',(-42.2,19.768095238095,24.42));
#440 = VECTOR('',#441,1.);
#441 = DIRECTION('',(0.,1.,0.));
#442 = ORIENTED_EDGE('',*,*,#387,.F.);
#443 = ORIENTED_EDGE('',*,*,#444,.F.);
#444 = EDGE_CURVE('',#428,#388,#445,.T.);
#445 = LINE('',#446,#447);
#446 = CARTESIAN_POINT('',(-42.2,19.768095238095,23.42));
#447 = VECTOR('',#448,1.);
#448 = DIRECTION('',(0.,1.,0.));
#449 = PLANE('',#450);
#450 = AXIS2_PLACEMENT_3D('',#451,#452,#453);
#451 = CARTESIAN_POINT('',(-42.2,19.768095238095,23.42));
#452 = DIRECTION('',(-1.,2.2E-16,0.));
#453 = DIRECTION('',(2.2E-16,1.,0.));
#454 = ADVANCED_FACE('',(#455),#480,.T.);
#455 = FACE_BOUND('',#456,.T.);
#456 = EDGE_LOOP('',(#457,#467,#473,#474));
#457 = ORIENTED_EDGE('',*,*,#458,.T.);
#458 = EDGE_CURVE('',#459,#461,#463,.T.);
#459 = VERTEX_POINT('',#460);
#460 = CARTESIAN_POINT('',(-39.66428571428,19.768095238095,23.42));
#461 = VERTEX_POINT('',#462);
#462 = CARTESIAN_POINT('',(-39.66428571428,19.768095238095,24.42));
#463 = LINE('',#464,#465);
#464 = CARTESIAN_POINT('',(-39.66428571428,19.768095238095,23.42));
#465 = VECTOR('',#466,1.);
#466 = DIRECTION('',(0.,0.,1.));
#467 = ORIENTED_EDGE('',*,*,#468,.T.);
#468 = EDGE_CURVE('',#461,#430,#469,.T.);
#469 = LINE('',#470,#471);
#470 = CARTESIAN_POINT('',(-39.66428571428,19.768095238095,24.42));
#471 = VECTOR('',#472,1.);
#472 = DIRECTION('',(-1.,0.,0.));
#473 = ORIENTED_EDGE('',*,*,#427,.F.);
#474 = ORIENTED_EDGE('',*,*,#475,.F.);
#475 = EDGE_CURVE('',#459,#428,#476,.T.);
#476 = LINE('',#477,#478);
#477 = CARTESIAN_POINT('',(-39.66428571428,19.768095238095,23.42));
#478 = VECTOR('',#479,1.);
#479 = DIRECTION('',(-1.,0.,0.));
#480 = PLANE('',#481);
#481 = AXIS2_PLACEMENT_3D('',#482,#483,#484);
#482 = CARTESIAN_POINT('',(-39.66428571428,19.768095238095,23.42));
#483 = DIRECTION('',(-2.2E-16,-1.,0.));
#484 = DIRECTION('',(-1.,2.2E-16,0.));
#485 = ADVANCED_FACE('',(#486),#511,.T.);
#486 = FACE_BOUND('',#487,.T.);
#487 = EDGE_LOOP('',(#488,#498,#504,#505));
#488 = ORIENTED_EDGE('',*,*,#489,.T.);
#489 = EDGE_CURVE('',#490,#492,#494,.T.);
#490 = VERTEX_POINT('',#491);
#491 = CARTESIAN_POINT('',(-38.47142857142,20.510952380952,23.42));
#492 = VERTEX_POINT('',#493);
#493 = CARTESIAN_POINT('',(-38.47142857142,20.510952380952,24.42));
#494 = LINE('',#495,#496);
#495 = CARTESIAN_POINT('',(-38.47142857142,20.510952380952,23.42));
#496 = VECTOR('',#497,1.);
#497 = DIRECTION('',(0.,0.,1.));
#498 = ORIENTED_EDGE('',*,*,#499,.T.);
#499 = EDGE_CURVE('',#492,#461,#500,.T.);
#500 = LINE('',#501,#502);
#501 = CARTESIAN_POINT('',(-38.47142857142,20.510952380952,24.42));
#502 = VECTOR('',#503,1.);
#503 = DIRECTION('',(-0.848853874434,-0.528627562522,0.));
#504 = ORIENTED_EDGE('',*,*,#458,.F.);
#505 = ORIENTED_EDGE('',*,*,#506,.F.);
#506 = EDGE_CURVE('',#490,#459,#507,.T.);
#507 = LINE('',#508,#509);
#508 = CARTESIAN_POINT('',(-38.47142857142,20.510952380952,23.42));
#509 = VECTOR('',#510,1.);
#510 = DIRECTION('',(-0.848853874434,-0.528627562522,0.));
#511 = PLANE('',#512);
#512 = AXIS2_PLACEMENT_3D('',#513,#514,#515);
#513 = CARTESIAN_POINT('',(-38.47142857142,20.510952380952,23.42));
#514 = DIRECTION('',(0.528627562522,-0.848853874434,0.));
#515 = DIRECTION('',(-0.848853874434,-0.528627562522,0.));
#516 = ADVANCED_FACE('',(#517),#533,.T.);
#517 = FACE_BOUND('',#518,.T.);
#518 = EDGE_LOOP('',(#519,#520,#526,#527));
#519 = ORIENTED_EDGE('',*,*,#405,.T.);
#520 = ORIENTED_EDGE('',*,*,#521,.T.);
#521 = EDGE_CURVE('',#398,#492,#522,.T.);
#522 = LINE('',#523,#524);
#523 = CARTESIAN_POINT('',(-38.47142857142,20.568095238095,24.42));
#524 = VECTOR('',#525,1.);
#525 = DIRECTION('',(0.,-1.,0.));
#526 = ORIENTED_EDGE('',*,*,#489,.F.);
#527 = ORIENTED_EDGE('',*,*,#528,.F.);
#528 = EDGE_CURVE('',#406,#490,#529,.T.);
#529 = LINE('',#530,#531);
#530 = CARTESIAN_POINT('',(-38.47142857142,20.568095238095,23.42));
#531 = VECTOR('',#532,1.);
#532 = DIRECTION('',(0.,-1.,0.));
#533 = PLANE('',#534);
#534 = AXIS2_PLACEMENT_3D('',#535,#536,#537);
#535 = CARTESIAN_POINT('',(-38.47142857142,20.568095238095,23.42));
#536 = DIRECTION('',(1.,-2.2E-16,0.));
#537 = DIRECTION('',(-2.2E-16,-1.,0.));
#538 = ADVANCED_FACE('',(#539),#546,.F.);
#539 = FACE_BOUND('',#540,.F.);
#540 = EDGE_LOOP('',(#541,#542,#543,#544,#545));
#541 = ORIENTED_EDGE('',*,*,#413,.F.);
#542 = ORIENTED_EDGE('',*,*,#444,.F.);
#543 = ORIENTED_EDGE('',*,*,#475,.F.);
#544 = ORIENTED_EDGE('',*,*,#506,.F.);
#545 = ORIENTED_EDGE('',*,*,#528,.F.);
#546 = PLANE('',#547);
#547 = AXIS2_PLACEMENT_3D('',#548,#549,#550);
#548 = CARTESIAN_POINT('',(-39.63515641237,18.981993400007,23.42));
#549 = DIRECTION('',(0.,0.,1.));
#550 = DIRECTION('',(0.,-1.,0.));
#551 = ADVANCED_FACE('',(#552),#559,.T.);
#552 = FACE_BOUND('',#553,.T.);
#553 = EDGE_LOOP('',(#554,#555,#556,#557,#558));
#554 = ORIENTED_EDGE('',*,*,#397,.F.);
#555 = ORIENTED_EDGE('',*,*,#437,.F.);
#556 = ORIENTED_EDGE('',*,*,#468,.F.);
#557 = ORIENTED_EDGE('',*,*,#499,.F.);
#558 = ORIENTED_EDGE('',*,*,#521,.F.);
#559 = PLANE('',#560);
#560 = AXIS2_PLACEMENT_3D('',#561,#562,#563);
#561 = CARTESIAN_POINT('',(-39.63515641237,18.981993400007,24.42));
#562 = DIRECTION('',(0.,0.,1.));
#563 = DIRECTION('',(0.,-1.,0.));
#564 = MANIFOLD_SOLID_BREP('',#565);
#565 = CLOSED_SHELL('',(#566,#606,#637,#668,#699,#721,#734));
#566 = ADVANCED_FACE('',(#567),#601,.T.);
#567 = FACE_BOUND('',#568,.T.);
#568 = EDGE_LOOP('',(#569,#579,#587,#595));
#569 = ORIENTED_EDGE('',*,*,#570,.T.);
#570 = EDGE_CURVE('',#571,#573,#575,.T.);
#571 = VERTEX_POINT('',#572);
#572 = CARTESIAN_POINT('',(-39.28571428571,18.189523809524,23.42));
#573 = VERTEX_POINT('',#574);
#574 = CARTESIAN_POINT('',(-39.28571428571,18.189523809524,24.42));
#575 = LINE('',#576,#577);
#576 = CARTESIAN_POINT('',(-39.28571428571,18.189523809524,23.42));
#577 = VECTOR('',#578,1.);
#578 = DIRECTION('',(0.,0.,1.));
#579 = ORIENTED_EDGE('',*,*,#580,.T.);
#580 = EDGE_CURVE('',#573,#581,#583,.T.);
#581 = VERTEX_POINT('',#582);
#582 = CARTESIAN_POINT('',(-37.2,18.189523809524,24.42));
#583 = LINE('',#584,#585);
#584 = CARTESIAN_POINT('',(-39.28571428571,18.189523809524,24.42));
#585 = VECTOR('',#586,1.);
#586 = DIRECTION('',(1.,0.,0.));
#587 = ORIENTED_EDGE('',*,*,#588,.F.);
#588 = EDGE_CURVE('',#589,#581,#591,.T.);
#589 = VERTEX_POINT('',#590);
#590 = CARTESIAN_POINT('',(-37.2,18.189523809524,23.42));
#591 = LINE('',#592,#593);
#592 = CARTESIAN_POINT('',(-37.2,18.189523809524,23.42));
#593 = VECTOR('',#594,1.);
#594 = DIRECTION('',(0.,0.,1.));
#595 = ORIENTED_EDGE('',*,*,#596,.F.);
#596 = EDGE_CURVE('',#571,#589,#597,.T.);
#597 = LINE('',#598,#599);
#598 = CARTESIAN_POINT('',(-39.28571428571,18.189523809524,23.42));
#599 = VECTOR('',#600,1.);
#600 = DIRECTION('',(1.,0.,0.));
#601 = PLANE('',#602);
#602 = AXIS2_PLACEMENT_3D('',#603,#604,#605);
#603 = CARTESIAN_POINT('',(-39.28571428571,18.189523809524,23.42));
#604 = DIRECTION('',(2.2E-16,1.,0.));
#605 = DIRECTION('',(1.,-2.2E-16,0.));
#606 = ADVANCED_FACE('',(#607),#632,.T.);
#607 = FACE_BOUND('',#608,.T.);
#608 = EDGE_LOOP('',(#609,#619,#625,#626));
#609 = ORIENTED_EDGE('',*,*,#610,.T.);
#610 = EDGE_CURVE('',#611,#613,#615,.T.);
#611 = VERTEX_POINT('',#612);
#612 = CARTESIAN_POINT('',(-40.47857142857,17.446666666667,23.42));
#613 = VERTEX_POINT('',#614);
#614 = CARTESIAN_POINT('',(-40.47857142857,17.446666666667,24.42));
#615 = LINE('',#616,#617);
#616 = CARTESIAN_POINT('',(-40.47857142857,17.446666666667,23.42));
#617 = VECTOR('',#618,1.);
#618 = DIRECTION('',(0.,0.,1.));
#619 = ORIENTED_EDGE('',*,*,#620,.T.);
#620 = EDGE_CURVE('',#613,#573,#621,.T.);
#621 = LINE('',#622,#623);
#622 = CARTESIAN_POINT('',(-40.47857142857,17.446666666667,24.42));
#623 = VECTOR('',#624,1.);
#624 = DIRECTION('',(0.848853874434,0.528627562522,0.));
#625 = ORIENTED_EDGE('',*,*,#570,.F.);
#626 = ORIENTED_EDGE('',*,*,#627,.F.);
#627 = EDGE_CURVE('',#611,#571,#628,.T.);
#628 = LINE('',#629,#630);
#629 = CARTESIAN_POINT('',(-40.47857142857,17.446666666667,23.42));
#630 = VECTOR('',#631,1.);
#631 = DIRECTION('',(0.848853874434,0.528627562522,0.));
#632 = PLANE('',#633);
#633 = AXIS2_PLACEMENT_3D('',#634,#635,#636);
#634 = CARTESIAN_POINT('',(-40.47857142857,17.446666666667,23.42));
#635 = DIRECTION('',(-0.528627562522,0.848853874434,0.));
#636 = DIRECTION('',(0.848853874434,0.528627562522,0.));
#637 = ADVANCED_FACE('',(#638),#663,.T.);
#638 = FACE_BOUND('',#639,.T.);
#639 = EDGE_LOOP('',(#640,#650,#656,#657));
#640 = ORIENTED_EDGE('',*,*,#641,.T.);
#641 = EDGE_CURVE('',#642,#644,#646,.T.);
#642 = VERTEX_POINT('',#643);
#643 = CARTESIAN_POINT('',(-40.47857142857,17.389523809524,23.42));
#644 = VERTEX_POINT('',#645);
#645 = CARTESIAN_POINT('',(-40.47857142857,17.389523809524,24.42));
#646 = LINE('',#647,#648);
#647 = CARTESIAN_POINT('',(-40.47857142857,17.389523809524,23.42));
#648 = VECTOR('',#649,1.);
#649 = DIRECTION('',(0.,0.,1.));
#650 = ORIENTED_EDGE('',*,*,#651,.T.);
#651 = EDGE_CURVE('',#644,#613,#652,.T.);
#652 = LINE('',#653,#654);
#653 = CARTESIAN_POINT('',(-40.47857142857,17.389523809524,24.42));
#654 = VECTOR('',#655,1.);
#655 = DIRECTION('',(0.,1.,0.));
#656 = ORIENTED_EDGE('',*,*,#610,.F.);
#657 = ORIENTED_EDGE('',*,*,#658,.F.);
#658 = EDGE_CURVE('',#642,#611,#659,.T.);
#659 = LINE('',#660,#661);
#660 = CARTESIAN_POINT('',(-40.47857142857,17.389523809524,23.42));
#661 = VECTOR('',#662,1.);
#662 = DIRECTION('',(0.,1.,0.));
#663 = PLANE('',#664);
#664 = AXIS2_PLACEMENT_3D('',#665,#666,#667);
#665 = CARTESIAN_POINT('',(-40.47857142857,17.389523809524,23.42));
#666 = DIRECTION('',(-1.,2.2E-16,0.));
#667 = DIRECTION('',(2.2E-16,1.,0.));
#668 = ADVANCED_FACE('',(#669),#694,.T.);
#669 = FACE_BOUND('',#670,.T.);
#670 = EDGE_LOOP('',(#671,#681,#687,#688));
#671 = ORIENTED_EDGE('',*,*,#672,.T.);
#672 = EDGE_CURVE('',#673,#675,#677,.T.);
#673 = VERTEX_POINT('',#674);
#674 = CARTESIAN_POINT('',(-37.2,17.389523809524,23.42));
#675 = VERTEX_POINT('',#676);
#676 = CARTESIAN_POINT('',(-37.2,17.389523809524,24.42));
#677 = LINE('',#678,#679);
#678 = CARTESIAN_POINT('',(-37.2,17.389523809524,23.42));
#679 = VECTOR('',#680,1.);
#680 = DIRECTION('',(0.,0.,1.));
#681 = ORIENTED_EDGE('',*,*,#682,.T.);
#682 = EDGE_CURVE('',#675,#644,#683,.T.);
#683 = LINE('',#684,#685);
#684 = CARTESIAN_POINT('',(-37.2,17.389523809524,24.42));
#685 = VECTOR('',#686,1.);
#686 = DIRECTION('',(-1.,0.,0.));
#687 = ORIENTED_EDGE('',*,*,#641,.F.);
#688 = ORIENTED_EDGE('',*,*,#689,.F.);
#689 = EDGE_CURVE('',#673,#642,#690,.T.);
#690 = LINE('',#691,#692);
#691 = CARTESIAN_POINT('',(-37.2,17.389523809524,23.42));
#692 = VECTOR('',#693,1.);
#693 = DIRECTION('',(-1.,0.,0.));
#694 = PLANE('',#695);
#695 = AXIS2_PLACEMENT_3D('',#696,#697,#698);
#696 = CARTESIAN_POINT('',(-37.2,17.389523809524,23.42));
#697 = DIRECTION('',(-2.2E-16,-1.,0.));
#698 = DIRECTION('',(-1.,2.2E-16,0.));
#699 = ADVANCED_FACE('',(#700),#716,.T.);
#700 = FACE_BOUND('',#701,.T.);
#701 = EDGE_LOOP('',(#702,#703,#709,#710));
#702 = ORIENTED_EDGE('',*,*,#588,.T.);
#703 = ORIENTED_EDGE('',*,*,#704,.T.);
#704 = EDGE_CURVE('',#581,#675,#705,.T.);
#705 = LINE('',#706,#707);
#706 = CARTESIAN_POINT('',(-37.2,18.189523809524,24.42));
#707 = VECTOR('',#708,1.);
#708 = DIRECTION('',(0.,-1.,0.));
#709 = ORIENTED_EDGE('',*,*,#672,.F.);
#710 = ORIENTED_EDGE('',*,*,#711,.F.);
#711 = EDGE_CURVE('',#589,#673,#712,.T.);
#712 = LINE('',#713,#714);
#713 = CARTESIAN_POINT('',(-37.2,18.189523809524,23.42));
#714 = VECTOR('',#715,1.);
#715 = DIRECTION('',(0.,-1.,0.));
#716 = PLANE('',#717);
#717 = AXIS2_PLACEMENT_3D('',#718,#719,#720);
#718 = CARTESIAN_POINT('',(-37.2,18.189523809524,23.42));
#719 = DIRECTION('',(1.,-2.2E-16,0.));
#720 = DIRECTION('',(-2.2E-16,-1.,0.));
#721 = ADVANCED_FACE('',(#722),#729,.F.);
#722 = FACE_BOUND('',#723,.F.);
#723 = EDGE_LOOP('',(#724,#725,#726,#727,#728));
#724 = ORIENTED_EDGE('',*,*,#596,.F.);
#725 = ORIENTED_EDGE('',*,*,#627,.F.);
#726 = ORIENTED_EDGE('',*,*,#658,.F.);
#727 = ORIENTED_EDGE('',*,*,#689,.F.);
#728 = ORIENTED_EDGE('',*,*,#711,.F.);
#729 = PLANE('',#730);
#730 = AXIS2_PLACEMENT_3D('',#731,#732,#733);
#731 = CARTESIAN_POINT('',(-39.63515641237,18.981993400007,23.42));
#732 = DIRECTION('',(0.,0.,1.));
#733 = DIRECTION('',(0.,-1.,0.));
#734 = ADVANCED_FACE('',(#735),#742,.T.);
#735 = FACE_BOUND('',#736,.T.);
#736 = EDGE_LOOP('',(#737,#738,#739,#740,#741));
#737 = ORIENTED_EDGE('',*,*,#580,.F.);
#738 = ORIENTED_EDGE('',*,*,#620,.F.);
#739 = ORIENTED_EDGE('',*,*,#651,.F.);
#740 = ORIENTED_EDGE('',*,*,#682,.F.);
#741 = ORIENTED_EDGE('',*,*,#704,.F.);
#742 = PLANE('',#743);
#743 = AXIS2_PLACEMENT_3D('',#744,#745,#746);
#744 = CARTESIAN_POINT('',(-39.63515641237,18.981993400007,24.42));
#745 = DIRECTION('',(0.,0.,1.));
#746 = DIRECTION('',(0.,-1.,0.));
#747 = MANIFOLD_SOLID_BREP('',#748);
#748 = CLOSED_SHELL('',(#749,#789,#822,#855,#886,#919,#952,#983,#1016,
    #1049,#1080,#1113,#1137,#1157));
#749 = ADVANCED_FACE('',(#750),#784,.T.);
#750 = FACE_BOUND('',#751,.T.);
#751 = EDGE_LOOP('',(#752,#762,#770,#778));
#752 = ORIENTED_EDGE('',*,*,#753,.T.);
#753 = EDGE_CURVE('',#754,#756,#758,.T.);
#754 = VERTEX_POINT('',#755);
#755 = CARTESIAN_POINT('',(-42.2,15.624761904762,23.42));
#756 = VERTEX_POINT('',#757);
#757 = CARTESIAN_POINT('',(-42.2,15.624761904762,24.42));
#758 = LINE('',#759,#760);
#759 = CARTESIAN_POINT('',(-42.2,15.624761904762,23.42));
#760 = VECTOR('',#761,1.);
#761 = DIRECTION('',(0.,0.,1.));
#762 = ORIENTED_EDGE('',*,*,#763,.T.);
#763 = EDGE_CURVE('',#756,#764,#766,.T.);
#764 = VERTEX_POINT('',#765);
#765 = CARTESIAN_POINT('',(-41.40714285714,15.624761904762,24.42));
#766 = LINE('',#767,#768);
#767 = CARTESIAN_POINT('',(-42.2,15.624761904762,24.42));
#768 = VECTOR('',#769,1.);
#769 = DIRECTION('',(1.,0.,0.));
#770 = ORIENTED_EDGE('',*,*,#771,.F.);
#771 = EDGE_CURVE('',#772,#764,#774,.T.);
#772 = VERTEX_POINT('',#773);
#773 = CARTESIAN_POINT('',(-41.40714285714,15.624761904762,23.42));
#774 = LINE('',#775,#776);
#775 = CARTESIAN_POINT('',(-41.40714285714,15.624761904762,23.42));
#776 = VECTOR('',#777,1.);
#777 = DIRECTION('',(0.,0.,1.));
#778 = ORIENTED_EDGE('',*,*,#779,.F.);
#779 = EDGE_CURVE('',#754,#772,#780,.T.);
#780 = LINE('',#781,#782);
#781 = CARTESIAN_POINT('',(-42.2,15.624761904762,23.42));
#782 = VECTOR('',#783,1.);
#783 = DIRECTION('',(1.,0.,0.));
#784 = PLANE('',#785);
#785 = AXIS2_PLACEMENT_3D('',#786,#787,#788);
#786 = CARTESIAN_POINT('',(-42.2,15.624761904762,23.42));
#787 = DIRECTION('',(2.2E-16,1.,0.));
#788 = DIRECTION('',(1.,-2.2E-16,0.));
#789 = ADVANCED_FACE('',(#790),#815,.T.);
#790 = FACE_BOUND('',#791,.T.);
#791 = EDGE_LOOP('',(#792,#802,#808,#809));
#792 = ORIENTED_EDGE('',*,*,#793,.T.);
#793 = EDGE_CURVE('',#794,#796,#798,.T.);
#794 = VERTEX_POINT('',#795);
#795 = CARTESIAN_POINT('',(-42.09285714285,14.931904761905,23.42));
#796 = VERTEX_POINT('',#797);
#797 = CARTESIAN_POINT('',(-42.09285714285,14.931904761905,24.42));
#798 = LINE('',#799,#800);
#799 = CARTESIAN_POINT('',(-42.09285714285,14.931904761905,23.42));
#800 = VECTOR('',#801,1.);
#801 = DIRECTION('',(0.,0.,1.));
#802 = ORIENTED_EDGE('',*,*,#803,.T.);
#803 = EDGE_CURVE('',#796,#756,#804,.T.);
#804 = B_SPLINE_CURVE_WITH_KNOTS('',2,(#805,#806,#807),.UNSPECIFIED.,.F.
  ,.F.,(3,3),(0.,1.),.PIECEWISE_BEZIER_KNOTS.);
#805 = CARTESIAN_POINT('',(-42.09285714285,14.931904761905,24.42));
#806 = CARTESIAN_POINT('',(-42.2,15.253333333333,24.42));
#807 = CARTESIAN_POINT('',(-42.2,15.624761904762,24.42));
#808 = ORIENTED_EDGE('',*,*,#753,.F.);
#809 = ORIENTED_EDGE('',*,*,#810,.F.);
#810 = EDGE_CURVE('',#794,#754,#811,.T.);
#811 = B_SPLINE_CURVE_WITH_KNOTS('',2,(#812,#813,#814),.UNSPECIFIED.,.F.
  ,.F.,(3,3),(0.,1.),.PIECEWISE_BEZIER_KNOTS.);
#812 = CARTESIAN_POINT('',(-42.09285714285,14.931904761905,23.42));
#813 = CARTESIAN_POINT('',(-42.2,15.253333333333,23.42));
#814 = CARTESIAN_POINT('',(-42.2,15.624761904762,23.42));
#815 = SURFACE_OF_LINEAR_EXTRUSION('',#816,#820);
#816 = B_SPLINE_CURVE_WITH_KNOTS('',2,(#817,#818,#819),.UNSPECIFIED.,.F.
  ,.F.,(3,3),(0.,1.),.PIECEWISE_BEZIER_KNOTS.);
#817 = CARTESIAN_POINT('',(-42.09285714285,14.931904761905,23.42));
#818 = CARTESIAN_POINT('',(-42.2,15.253333333333,23.42));
#819 = CARTESIAN_POINT('',(-42.2,15.624761904762,23.42));
#820 = VECTOR('',#821,1.);
#821 = DIRECTION('',(-0.,-0.,-1.));
#822 = ADVANCED_FACE('',(#823),#848,.T.);
#823 = FACE_BOUND('',#824,.T.);
#824 = EDGE_LOOP('',(#825,#835,#841,#842));
#825 = ORIENTED_EDGE('',*,*,#826,.T.);
#826 = EDGE_CURVE('',#827,#829,#831,.T.);
#827 = VERTEX_POINT('',#828);
#828 = CARTESIAN_POINT('',(-40.79285714285,13.99619047619,23.42));
#829 = VERTEX_POINT('',#830);
#830 = CARTESIAN_POINT('',(-40.79285714285,13.99619047619,24.42));
#831 = LINE('',#832,#833);
#832 = CARTESIAN_POINT('',(-40.79285714285,13.99619047619,23.42));
#833 = VECTOR('',#834,1.);
#834 = DIRECTION('',(0.,0.,1.));
#835 = ORIENTED_EDGE('',*,*,#836,.T.);
#836 = EDGE_CURVE('',#829,#796,#837,.T.);
#837 = B_SPLINE_CURVE_WITH_KNOTS('',2,(#838,#839,#840),.UNSPECIFIED.,.F.
  ,.F.,(3,3),(0.,1.),.PIECEWISE_BEZIER_KNOTS.);
#838 = CARTESIAN_POINT('',(-40.79285714285,13.99619047619,24.42));
#839 = CARTESIAN_POINT('',(-41.78571428571,13.99619047619,24.42));
#840 = CARTESIAN_POINT('',(-42.09285714285,14.931904761905,24.42));
#841 = ORIENTED_EDGE('',*,*,#793,.F.);
#842 = ORIENTED_EDGE('',*,*,#843,.F.);
#843 = EDGE_CURVE('',#827,#794,#844,.T.);
#844 = B_SPLINE_CURVE_WITH_KNOTS('',2,(#845,#846,#847),.UNSPECIFIED.,.F.
  ,.F.,(3,3),(0.,1.),.PIECEWISE_BEZIER_KNOTS.);
#845 = CARTESIAN_POINT('',(-40.79285714285,13.99619047619,23.42));
#846 = CARTESIAN_POINT('',(-41.78571428571,13.99619047619,23.42));
#847 = CARTESIAN_POINT('',(-42.09285714285,14.931904761905,23.42));
#848 = SURFACE_OF_LINEAR_EXTRUSION('',#849,#853);
#849 = B_SPLINE_CURVE_WITH_KNOTS('',2,(#850,#851,#852),.UNSPECIFIED.,.F.
  ,.F.,(3,3),(0.,1.),.PIECEWISE_BEZIER_KNOTS.);
#850 = CARTESIAN_POINT('',(-40.79285714285,13.99619047619,23.42));
#851 = CARTESIAN_POINT('',(-41.78571428571,13.99619047619,23.42));
#852 = CARTESIAN_POINT('',(-42.09285714285,14.931904761905,23.42));
#853 = VECTOR('',#854,1.);
#854 = DIRECTION('',(-0.,-0.,-1.));
#855 = ADVANCED_FACE('',(#856),#881,.T.);
#856 = FACE_BOUND('',#857,.T.);
#857 = EDGE_LOOP('',(#858,#868,#874,#875));
#858 = ORIENTED_EDGE('',*,*,#859,.T.);
#859 = EDGE_CURVE('',#860,#862,#864,.T.);
#860 = VERTEX_POINT('',#861);
#861 = CARTESIAN_POINT('',(-38.60714285714,13.99619047619,23.42));
#862 = VERTEX_POINT('',#863);
#863 = CARTESIAN_POINT('',(-38.60714285714,13.99619047619,24.42));
#864 = LINE('',#865,#866);
#865 = CARTESIAN_POINT('',(-38.60714285714,13.99619047619,23.42));
#866 = VECTOR('',#867,1.);
#867 = DIRECTION('',(0.,0.,1.));
#868 = ORIENTED_EDGE('',*,*,#869,.T.);
#869 = EDGE_CURVE('',#862,#829,#870,.T.);
#870 = LINE('',#871,#872);
#871 = CARTESIAN_POINT('',(-38.60714285714,13.99619047619,24.42));
#872 = VECTOR('',#873,1.);
#873 = DIRECTION('',(-1.,0.,0.));
#874 = ORIENTED_EDGE('',*,*,#826,.F.);
#875 = ORIENTED_EDGE('',*,*,#876,.F.);
#876 = EDGE_CURVE('',#860,#827,#877,.T.);
#877 = LINE('',#878,#879);
#878 = CARTESIAN_POINT('',(-38.60714285714,13.99619047619,23.42));
#879 = VECTOR('',#880,1.);
#880 = DIRECTION('',(-1.,0.,0.));
#881 = PLANE('',#882);
#882 = AXIS2_PLACEMENT_3D('',#883,#884,#885);
#883 = CARTESIAN_POINT('',(-38.60714285714,13.99619047619,23.42));
#884 = DIRECTION('',(-2.2E-16,-1.,0.));
#885 = DIRECTION('',(-1.,2.2E-16,0.));
#886 = ADVANCED_FACE('',(#887),#912,.T.);
#887 = FACE_BOUND('',#888,.T.);
#888 = EDGE_LOOP('',(#889,#899,#905,#906));
#889 = ORIENTED_EDGE('',*,*,#890,.T.);
#890 = EDGE_CURVE('',#891,#893,#895,.T.);
#891 = VERTEX_POINT('',#892);
#892 = CARTESIAN_POINT('',(-37.8,14.260476190476,23.42));
#893 = VERTEX_POINT('',#894);
#894 = CARTESIAN_POINT('',(-37.8,14.260476190476,24.42));
#895 = LINE('',#896,#897);
#896 = CARTESIAN_POINT('',(-37.8,14.260476190476,23.42));
#897 = VECTOR('',#898,1.);
#898 = DIRECTION('',(0.,0.,1.));
#899 = ORIENTED_EDGE('',*,*,#900,.T.);
#900 = EDGE_CURVE('',#893,#862,#901,.T.);
#901 = B_SPLINE_CURVE_WITH_KNOTS('',2,(#902,#903,#904),.UNSPECIFIED.,.F.
  ,.F.,(3,3),(0.,1.),.PIECEWISE_BEZIER_KNOTS.);
#902 = CARTESIAN_POINT('',(-37.8,14.260476190476,24.42));
#903 = CARTESIAN_POINT('',(-38.15714285714,13.99619047619,24.42));
#904 = CARTESIAN_POINT('',(-38.60714285714,13.99619047619,24.42));
#905 = ORIENTED_EDGE('',*,*,#859,.F.);
#906 = ORIENTED_EDGE('',*,*,#907,.F.);
#907 = EDGE_CURVE('',#891,#860,#908,.T.);
#908 = B_SPLINE_CURVE_WITH_KNOTS('',2,(#909,#910,#911),.UNSPECIFIED.,.F.
  ,.F.,(3,3),(0.,1.),.PIECEWISE_BEZIER_KNOTS.);
#909 = CARTESIAN_POINT('',(-37.8,14.260476190476,23.42));
#910 = CARTESIAN_POINT('',(-38.15714285714,13.99619047619,23.42));
#911 = CARTESIAN_POINT('',(-38.60714285714,13.99619047619,23.42));
#912 = SURFACE_OF_LINEAR_EXTRUSION('',#913,#917);
#913 = B_SPLINE_CURVE_WITH_KNOTS('',2,(#914,#915,#916),.UNSPECIFIED.,.F.
  ,.F.,(3,3),(0.,1.),.PIECEWISE_BEZIER_KNOTS.);
#914 = CARTESIAN_POINT('',(-37.8,14.260476190476,23.42));
#915 = CARTESIAN_POINT('',(-38.15714285714,13.99619047619,23.42));
#916 = CARTESIAN_POINT('',(-38.60714285714,13.99619047619,23.42));
#917 = VECTOR('',#918,1.);
#918 = DIRECTION('',(-0.,-0.,-1.));
#919 = ADVANCED_FACE('',(#920),#945,.T.);
#920 = FACE_BOUND('',#921,.T.);
#921 = EDGE_LOOP('',(#922,#932,#938,#939));
#922 = ORIENTED_EDGE('',*,*,#923,.T.);
#923 = EDGE_CURVE('',#924,#926,#928,.T.);
#924 = VERTEX_POINT('',#925);
#925 = CARTESIAN_POINT('',(-37.2,15.624761904762,23.42));
#926 = VERTEX_POINT('',#927);
#927 = CARTESIAN_POINT('',(-37.2,15.624761904762,24.42));
#928 = LINE('',#929,#930);
#929 = CARTESIAN_POINT('',(-37.2,15.624761904762,23.42));
#930 = VECTOR('',#931,1.);
#931 = DIRECTION('',(0.,0.,1.));
#932 = ORIENTED_EDGE('',*,*,#933,.T.);
#933 = EDGE_CURVE('',#926,#893,#934,.T.);
#934 = B_SPLINE_CURVE_WITH_KNOTS('',2,(#935,#936,#937),.UNSPECIFIED.,.F.
  ,.F.,(3,3),(0.,1.),.PIECEWISE_BEZIER_KNOTS.);
#935 = CARTESIAN_POINT('',(-37.2,15.624761904762,24.42));
#936 = CARTESIAN_POINT('',(-37.2,14.710476190476,24.42));
#937 = CARTESIAN_POINT('',(-37.8,14.260476190476,24.42));
#938 = ORIENTED_EDGE('',*,*,#890,.F.);
#939 = ORIENTED_EDGE('',*,*,#940,.F.);
#940 = EDGE_CURVE('',#924,#891,#941,.T.);
#941 = B_SPLINE_CURVE_WITH_KNOTS('',2,(#942,#943,#944),.UNSPECIFIED.,.F.
  ,.F.,(3,3),(0.,1.),.PIECEWISE_BEZIER_KNOTS.);
#942 = CARTESIAN_POINT('',(-37.2,15.624761904762,23.42));
#943 = CARTESIAN_POINT('',(-37.2,14.710476190476,23.42));
#944 = CARTESIAN_POINT('',(-37.8,14.260476190476,23.42));
#945 = SURFACE_OF_LINEAR_EXTRUSION('',#946,#950);
#946 = B_SPLINE_CURVE_WITH_KNOTS('',2,(#947,#948,#949),.UNSPECIFIED.,.F.
  ,.F.,(3,3),(0.,1.),.PIECEWISE_BEZIER_KNOTS.);
#947 = CARTESIAN_POINT('',(-37.2,15.624761904762,23.42));
#948 = CARTESIAN_POINT('',(-37.2,14.710476190476,23.42));
#949 = CARTESIAN_POINT('',(-37.8,14.260476190476,23.42));
#950 = VECTOR('',#951,1.);
#951 = DIRECTION('',(-0.,-0.,-1.));
#952 = ADVANCED_FACE('',(#953),#978,.T.);
#953 = FACE_BOUND('',#954,.T.);
#954 = EDGE_LOOP('',(#955,#965,#971,#972));
#955 = ORIENTED_EDGE('',*,*,#956,.T.);
#956 = EDGE_CURVE('',#957,#959,#961,.T.);
#957 = VERTEX_POINT('',#958);
#958 = CARTESIAN_POINT('',(-37.99285714285,15.624761904762,23.42));
#959 = VERTEX_POINT('',#960);
#960 = CARTESIAN_POINT('',(-37.99285714285,15.624761904762,24.42));
#961 = LINE('',#962,#963);
#962 = CARTESIAN_POINT('',(-37.99285714285,15.624761904762,23.42));
#963 = VECTOR('',#964,1.);
#964 = DIRECTION('',(0.,0.,1.));
#965 = ORIENTED_EDGE('',*,*,#966,.T.);
#966 = EDGE_CURVE('',#959,#926,#967,.T.);
#967 = LINE('',#968,#969);
#968 = CARTESIAN_POINT('',(-37.99285714285,15.624761904762,24.42));
#969 = VECTOR('',#970,1.);
#970 = DIRECTION('',(1.,0.,0.));
#971 = ORIENTED_EDGE('',*,*,#923,.F.);
#972 = ORIENTED_EDGE('',*,*,#973,.F.);
#973 = EDGE_CURVE('',#957,#924,#974,.T.);
#974 = LINE('',#975,#976);
#975 = CARTESIAN_POINT('',(-37.99285714285,15.624761904762,23.42));
#976 = VECTOR('',#977,1.);
#977 = DIRECTION('',(1.,0.,0.));
#978 = PLANE('',#979);
#979 = AXIS2_PLACEMENT_3D('',#980,#981,#982);
#980 = CARTESIAN_POINT('',(-37.99285714285,15.624761904762,23.42));
#981 = DIRECTION('',(2.2E-16,1.,0.));
#982 = DIRECTION('',(1.,-2.2E-16,0.));
#983 = ADVANCED_FACE('',(#984),#1009,.T.);
#984 = FACE_BOUND('',#985,.T.);
#985 = EDGE_LOOP('',(#986,#996,#1002,#1003));
#986 = ORIENTED_EDGE('',*,*,#987,.T.);
#987 = EDGE_CURVE('',#988,#990,#992,.T.);
#988 = VERTEX_POINT('',#989);
#989 = CARTESIAN_POINT('',(-38.04285714285,15.267619047619,23.42));
#990 = VERTEX_POINT('',#991);
#991 = CARTESIAN_POINT('',(-38.04285714285,15.267619047619,24.42));
#992 = LINE('',#993,#994);
#993 = CARTESIAN_POINT('',(-38.04285714285,15.267619047619,23.42));
#994 = VECTOR('',#995,1.);
#995 = DIRECTION('',(0.,0.,1.));
#996 = ORIENTED_EDGE('',*,*,#997,.T.);
#997 = EDGE_CURVE('',#990,#959,#998,.T.);
#998 = B_SPLINE_CURVE_WITH_KNOTS('',2,(#999,#1000,#1001),.UNSPECIFIED.,
  .F.,.F.,(3,3),(0.,1.),.PIECEWISE_BEZIER_KNOTS.);
#999 = CARTESIAN_POINT('',(-38.04285714285,15.267619047619,24.42));
#1000 = CARTESIAN_POINT('',(-37.99285714285,15.431904761905,24.42));
#1001 = CARTESIAN_POINT('',(-37.99285714285,15.624761904762,24.42));
#1002 = ORIENTED_EDGE('',*,*,#956,.F.);
#1003 = ORIENTED_EDGE('',*,*,#1004,.F.);
#1004 = EDGE_CURVE('',#988,#957,#1005,.T.);
#1005 = B_SPLINE_CURVE_WITH_KNOTS('',2,(#1006,#1007,#1008),
  .UNSPECIFIED.,.F.,.F.,(3,3),(0.,1.),.PIECEWISE_BEZIER_KNOTS.);
#1006 = CARTESIAN_POINT('',(-38.04285714285,15.267619047619,23.42));
#1007 = CARTESIAN_POINT('',(-37.99285714285,15.431904761905,23.42));
#1008 = CARTESIAN_POINT('',(-37.99285714285,15.624761904762,23.42));
#1009 = SURFACE_OF_LINEAR_EXTRUSION('',#1010,#1014);
#1010 = B_SPLINE_CURVE_WITH_KNOTS('',2,(#1011,#1012,#1013),
  .UNSPECIFIED.,.F.,.F.,(3,3),(0.,1.),.PIECEWISE_BEZIER_KNOTS.);
#1011 = CARTESIAN_POINT('',(-38.04285714285,15.267619047619,23.42));
#1012 = CARTESIAN_POINT('',(-37.99285714285,15.431904761905,23.42));
#1013 = CARTESIAN_POINT('',(-37.99285714285,15.624761904762,23.42));
#1014 = VECTOR('',#1015,1.);
#1015 = DIRECTION('',(-0.,-0.,-1.));
#1016 = ADVANCED_FACE('',(#1017),#1042,.T.);
#1017 = FACE_BOUND('',#1018,.T.);
#1018 = EDGE_LOOP('',(#1019,#1029,#1035,#1036));
#1019 = ORIENTED_EDGE('',*,*,#1020,.T.);
#1020 = EDGE_CURVE('',#1021,#1023,#1025,.T.);
#1021 = VERTEX_POINT('',#1022);
#1022 = CARTESIAN_POINT('',(-38.60714285714,14.789047619048,23.42));
#1023 = VERTEX_POINT('',#1024);
#1024 = CARTESIAN_POINT('',(-38.60714285714,14.789047619048,24.42));
#1025 = LINE('',#1026,#1027);
#1026 = CARTESIAN_POINT('',(-38.60714285714,14.789047619048,23.42));
#1027 = VECTOR('',#1028,1.);
#1028 = DIRECTION('',(0.,0.,1.));
#1029 = ORIENTED_EDGE('',*,*,#1030,.T.);
#1030 = EDGE_CURVE('',#1023,#990,#1031,.T.);
#1031 = B_SPLINE_CURVE_WITH_KNOTS('',2,(#1032,#1033,#1034),
  .UNSPECIFIED.,.F.,.F.,(3,3),(0.,1.),.PIECEWISE_BEZIER_KNOTS.);
#1032 = CARTESIAN_POINT('',(-38.60714285714,14.789047619048,24.42));
#1033 = CARTESIAN_POINT('',(-38.17857142857,14.789047619048,24.42));
#1034 = CARTESIAN_POINT('',(-38.04285714285,15.267619047619,24.42));
#1035 = ORIENTED_EDGE('',*,*,#987,.F.);
#1036 = ORIENTED_EDGE('',*,*,#1037,.F.);
#1037 = EDGE_CURVE('',#1021,#988,#1038,.T.);
#1038 = B_SPLINE_CURVE_WITH_KNOTS('',2,(#1039,#1040,#1041),
  .UNSPECIFIED.,.F.,.F.,(3,3),(0.,1.),.PIECEWISE_BEZIER_KNOTS.);
#1039 = CARTESIAN_POINT('',(-38.60714285714,14.789047619048,23.42));
#1040 = CARTESIAN_POINT('',(-38.17857142857,14.789047619048,23.42));
#1041 = CARTESIAN_POINT('',(-38.04285714285,15.267619047619,23.42));
#1042 = SURFACE_OF_LINEAR_EXTRUSION('',#1043,#1047);
#1043 = B_SPLINE_CURVE_WITH_KNOTS('',2,(#1044,#1045,#1046),
  .UNSPECIFIED.,.F.,.F.,(3,3),(0.,1.),.PIECEWISE_BEZIER_KNOTS.);
#1044 = CARTESIAN_POINT('',(-38.60714285714,14.789047619048,23.42));
#1045 = CARTESIAN_POINT('',(-38.17857142857,14.789047619048,23.42));
#1046 = CARTESIAN_POINT('',(-38.04285714285,15.267619047619,23.42));
#1047 = VECTOR('',#1048,1.);
#1048 = DIRECTION('',(-0.,-0.,-1.));
#1049 = ADVANCED_FACE('',(#1050),#1075,.T.);
#1050 = FACE_BOUND('',#1051,.T.);
#1051 = EDGE_LOOP('',(#1052,#1062,#1068,#1069));
#1052 = ORIENTED_EDGE('',*,*,#1053,.T.);
#1053 = EDGE_CURVE('',#1054,#1056,#1058,.T.);
#1054 = VERTEX_POINT('',#1055);
#1055 = CARTESIAN_POINT('',(-40.79285714285,14.789047619048,23.42));
#1056 = VERTEX_POINT('',#1057);
#1057 = CARTESIAN_POINT('',(-40.79285714285,14.789047619048,24.42));
#1058 = LINE('',#1059,#1060);
#1059 = CARTESIAN_POINT('',(-40.79285714285,14.789047619048,23.42));
#1060 = VECTOR('',#1061,1.);
#1061 = DIRECTION('',(0.,0.,1.));
#1062 = ORIENTED_EDGE('',*,*,#1063,.T.);
#1063 = EDGE_CURVE('',#1056,#1023,#1064,.T.);
#1064 = LINE('',#1065,#1066);
#1065 = CARTESIAN_POINT('',(-40.79285714285,14.789047619048,24.42));
#1066 = VECTOR('',#1067,1.);
#1067 = DIRECTION('',(1.,0.,0.));
#1068 = ORIENTED_EDGE('',*,*,#1020,.F.);
#1069 = ORIENTED_EDGE('',*,*,#1070,.F.);
#1070 = EDGE_CURVE('',#1054,#1021,#1071,.T.);
#1071 = LINE('',#1072,#1073);
#1072 = CARTESIAN_POINT('',(-40.79285714285,14.789047619048,23.42));
#1073 = VECTOR('',#1074,1.);
#1074 = DIRECTION('',(1.,0.,0.));
#1075 = PLANE('',#1076);
#1076 = AXIS2_PLACEMENT_3D('',#1077,#1078,#1079);
#1077 = CARTESIAN_POINT('',(-40.79285714285,14.789047619048,23.42));
#1078 = DIRECTION('',(2.2E-16,1.,0.));
#1079 = DIRECTION('',(1.,-2.2E-16,0.));
#1080 = ADVANCED_FACE('',(#1081),#1106,.T.);
#1081 = FACE_BOUND('',#1082,.T.);
#1082 = EDGE_LOOP('',(#1083,#1093,#1099,#1100));
#1083 = ORIENTED_EDGE('',*,*,#1084,.T.);
#1084 = EDGE_CURVE('',#1085,#1087,#1089,.T.);
#1085 = VERTEX_POINT('',#1086);
#1086 = CARTESIAN_POINT('',(-40.80714285714,14.789047619048,23.42));
#1087 = VERTEX_POINT('',#1088);
#1088 = CARTESIAN_POINT('',(-40.80714285714,14.789047619048,24.42));
#1089 = LINE('',#1090,#1091);
#1090 = CARTESIAN_POINT('',(-40.80714285714,14.789047619048,23.42));
#1091 = VECTOR('',#1092,1.);
#1092 = DIRECTION('',(0.,0.,1.));
#1093 = ORIENTED_EDGE('',*,*,#1094,.T.);
#1094 = EDGE_CURVE('',#1087,#1056,#1095,.T.);
#1095 = B_SPLINE_CURVE_WITH_KNOTS('',2,(#1096,#1097,#1098),
  .UNSPECIFIED.,.F.,.F.,(3,3),(0.,1.),.PIECEWISE_BEZIER_KNOTS.);
#1096 = CARTESIAN_POINT('',(-40.80714285714,14.789047619048,24.42));
#1097 = CARTESIAN_POINT('',(-40.8,14.789047619048,24.42));
#1098 = CARTESIAN_POINT('',(-40.79285714285,14.789047619048,24.42));
#1099 = ORIENTED_EDGE('',*,*,#1053,.F.);
#1100 = ORIENTED_EDGE('',*,*,#1101,.F.);
#1101 = EDGE_CURVE('',#1085,#1054,#1102,.T.);
#1102 = B_SPLINE_CURVE_WITH_KNOTS('',2,(#1103,#1104,#1105),
  .UNSPECIFIED.,.F.,.F.,(3,3),(0.,1.),.PIECEWISE_BEZIER_KNOTS.);
#1103 = CARTESIAN_POINT('',(-40.80714285714,14.789047619048,23.42));
#1104 = CARTESIAN_POINT('',(-40.8,14.789047619048,23.42));
#1105 = CARTESIAN_POINT('',(-40.79285714285,14.789047619048,23.42));
#1106 = SURFACE_OF_LINEAR_EXTRUSION('',#1107,#1111);
#1107 = B_SPLINE_CURVE_WITH_KNOTS('',2,(#1108,#1109,#1110),
  .UNSPECIFIED.,.F.,.F.,(3,3),(0.,1.),.PIECEWISE_BEZIER_KNOTS.);
#1108 = CARTESIAN_POINT('',(-40.80714285714,14.789047619048,23.42));
#1109 = CARTESIAN_POINT('',(-40.8,14.789047619048,23.42));
#1110 = CARTESIAN_POINT('',(-40.79285714285,14.789047619048,23.42));
#1111 = VECTOR('',#1112,1.);
#1112 = DIRECTION('',(-0.,-0.,-1.));
#1113 = ADVANCED_FACE('',(#1114),#1130,.T.);
#1114 = FACE_BOUND('',#1115,.T.);
#1115 = EDGE_LOOP('',(#1116,#1117,#1123,#1124));
#1116 = ORIENTED_EDGE('',*,*,#771,.T.);
#1117 = ORIENTED_EDGE('',*,*,#1118,.T.);
#1118 = EDGE_CURVE('',#764,#1087,#1119,.T.);
#1119 = B_SPLINE_CURVE_WITH_KNOTS('',2,(#1120,#1121,#1122),
  .UNSPECIFIED.,.F.,.F.,(3,3),(0.,1.),.PIECEWISE_BEZIER_KNOTS.);
#1120 = CARTESIAN_POINT('',(-41.40714285714,15.624761904762,24.42));
#1121 = CARTESIAN_POINT('',(-41.40714285714,14.803333333333,24.42));
#1122 = CARTESIAN_POINT('',(-40.80714285714,14.789047619048,24.42));
#1123 = ORIENTED_EDGE('',*,*,#1084,.F.);
#1124 = ORIENTED_EDGE('',*,*,#1125,.F.);
#1125 = EDGE_CURVE('',#772,#1085,#1126,.T.);
#1126 = B_SPLINE_CURVE_WITH_KNOTS('',2,(#1127,#1128,#1129),
  .UNSPECIFIED.,.F.,.F.,(3,3),(0.,1.),.PIECEWISE_BEZIER_KNOTS.);
#1127 = CARTESIAN_POINT('',(-41.40714285714,15.624761904762,23.42));
#1128 = CARTESIAN_POINT('',(-41.40714285714,14.803333333333,23.42));
#1129 = CARTESIAN_POINT('',(-40.80714285714,14.789047619048,23.42));
#1130 = SURFACE_OF_LINEAR_EXTRUSION('',#1131,#1135);
#1131 = B_SPLINE_CURVE_WITH_KNOTS('',2,(#1132,#1133,#1134),
  .UNSPECIFIED.,.F.,.F.,(3,3),(0.,1.),.PIECEWISE_BEZIER_KNOTS.);
#1132 = CARTESIAN_POINT('',(-41.40714285714,15.624761904762,23.42));
#1133 = CARTESIAN_POINT('',(-41.40714285714,14.803333333333,23.42));
#1134 = CARTESIAN_POINT('',(-40.80714285714,14.789047619048,23.42));
#1135 = VECTOR('',#1136,1.);
#1136 = DIRECTION('',(-0.,-0.,-1.));
#1137 = ADVANCED_FACE('',(#1138),#1152,.F.);
#1138 = FACE_BOUND('',#1139,.F.);
#1139 = EDGE_LOOP('',(#1140,#1141,#1142,#1143,#1144,#1145,#1146,#1147,
    #1148,#1149,#1150,#1151));
#1140 = ORIENTED_EDGE('',*,*,#779,.F.);
#1141 = ORIENTED_EDGE('',*,*,#810,.F.);
#1142 = ORIENTED_EDGE('',*,*,#843,.F.);
#1143 = ORIENTED_EDGE('',*,*,#876,.F.);
#1144 = ORIENTED_EDGE('',*,*,#907,.F.);
#1145 = ORIENTED_EDGE('',*,*,#940,.F.);
#1146 = ORIENTED_EDGE('',*,*,#973,.F.);
#1147 = ORIENTED_EDGE('',*,*,#1004,.F.);
#1148 = ORIENTED_EDGE('',*,*,#1037,.F.);
#1149 = ORIENTED_EDGE('',*,*,#1070,.F.);
#1150 = ORIENTED_EDGE('',*,*,#1101,.F.);
#1151 = ORIENTED_EDGE('',*,*,#1125,.F.);
#1152 = PLANE('',#1153);
#1153 = AXIS2_PLACEMENT_3D('',#1154,#1155,#1156);
#1154 = CARTESIAN_POINT('',(-39.70120693882,15.52604378541,23.42));
#1155 = DIRECTION('',(0.,0.,1.));
#1156 = DIRECTION('',(0.,-1.,0.));
#1157 = ADVANCED_FACE('',(#1158),#1172,.T.);
#1158 = FACE_BOUND('',#1159,.T.);
#1159 = EDGE_LOOP('',(#1160,#1161,#1162,#1163,#1164,#1165,#1166,#1167,
    #1168,#1169,#1170,#1171));
#1160 = ORIENTED_EDGE('',*,*,#763,.F.);
#1161 = ORIENTED_EDGE('',*,*,#803,.F.);
#1162 = ORIENTED_EDGE('',*,*,#836,.F.);
#1163 = ORIENTED_EDGE('',*,*,#869,.F.);
#1164 = ORIENTED_EDGE('',*,*,#900,.F.);
#1165 = ORIENTED_EDGE('',*,*,#933,.F.);
#1166 = ORIENTED_EDGE('',*,*,#966,.F.);
#1167 = ORIENTED_EDGE('',*,*,#997,.F.);
#1168 = ORIENTED_EDGE('',*,*,#1030,.F.);
#1169 = ORIENTED_EDGE('',*,*,#1063,.F.);
#1170 = ORIENTED_EDGE('',*,*,#1094,.F.);
#1171 = ORIENTED_EDGE('',*,*,#1118,.F.);
#1172 = PLANE('',#1173);
#1173 = AXIS2_PLACEMENT_3D('',#1174,#1175,#1176);
#1174 = CARTESIAN_POINT('',(-39.70120693882,15.52604378541,24.42));
#1175 = DIRECTION('',(0.,0.,1.));
#1176 = DIRECTION('',(0.,-1.,0.));
#1177 = MANIFOLD_SOLID_BREP('',#1178);
#1178 = CLOSED_SHELL('',(#1179,#1219,#1250,#1281,#1303,#1315));
#1179 = ADVANCED_FACE('',(#1180),#1214,.T.);
#1180 = FACE_BOUND('',#1181,.T.);
#1181 = EDGE_LOOP('',(#1182,#1192,#1200,#1208));
#1182 = ORIENTED_EDGE('',*,*,#1183,.T.);
#1183 = EDGE_CURVE('',#1184,#1186,#1188,.T.);
#1184 = VERTEX_POINT('',#1185);
#1185 = CARTESIAN_POINT('',(-42.2,16.79619047619,23.42));
#1186 = VERTEX_POINT('',#1187);
#1187 = CARTESIAN_POINT('',(-42.2,16.79619047619,24.42));
#1188 = LINE('',#1189,#1190);
#1189 = CARTESIAN_POINT('',(-42.2,16.79619047619,23.42));
#1190 = VECTOR('',#1191,1.);
#1191 = DIRECTION('',(0.,0.,1.));
#1192 = ORIENTED_EDGE('',*,*,#1193,.T.);
#1193 = EDGE_CURVE('',#1186,#1194,#1196,.T.);
#1194 = VERTEX_POINT('',#1195);
#1195 = CARTESIAN_POINT('',(-37.2,16.79619047619,24.42));
#1196 = LINE('',#1197,#1198);
#1197 = CARTESIAN_POINT('',(-42.2,16.79619047619,24.42));
#1198 = VECTOR('',#1199,1.);
#1199 = DIRECTION('',(1.,0.,0.));
#1200 = ORIENTED_EDGE('',*,*,#1201,.F.);
#1201 = EDGE_CURVE('',#1202,#1194,#1204,.T.);
#1202 = VERTEX_POINT('',#1203);
#1203 = CARTESIAN_POINT('',(-37.2,16.79619047619,23.42));
#1204 = LINE('',#1205,#1206);
#1205 = CARTESIAN_POINT('',(-37.2,16.79619047619,23.42));
#1206 = VECTOR('',#1207,1.);
#1207 = DIRECTION('',(0.,0.,1.));
#1208 = ORIENTED_EDGE('',*,*,#1209,.F.);
#1209 = EDGE_CURVE('',#1184,#1202,#1210,.T.);
#1210 = LINE('',#1211,#1212);
#1211 = CARTESIAN_POINT('',(-42.2,16.79619047619,23.42));
#1212 = VECTOR('',#1213,1.);
#1213 = DIRECTION('',(1.,0.,0.));
#1214 = PLANE('',#1215);
#1215 = AXIS2_PLACEMENT_3D('',#1216,#1217,#1218);
#1216 = CARTESIAN_POINT('',(-42.2,16.79619047619,23.42));
#1217 = DIRECTION('',(2.2E-16,1.,0.));
#1218 = DIRECTION('',(1.,-2.2E-16,0.));
#1219 = ADVANCED_FACE('',(#1220),#1245,.T.);
#1220 = FACE_BOUND('',#1221,.T.);
#1221 = EDGE_LOOP('',(#1222,#1232,#1238,#1239));
#1222 = ORIENTED_EDGE('',*,*,#1223,.T.);
#1223 = EDGE_CURVE('',#1224,#1226,#1228,.T.);
#1224 = VERTEX_POINT('',#1225);
#1225 = CARTESIAN_POINT('',(-42.2,15.99619047619,23.42));
#1226 = VERTEX_POINT('',#1227);
#1227 = CARTESIAN_POINT('',(-42.2,15.99619047619,24.42));
#1228 = LINE('',#1229,#1230);
#1229 = CARTESIAN_POINT('',(-42.2,15.99619047619,23.42));
#1230 = VECTOR('',#1231,1.);
#1231 = DIRECTION('',(0.,0.,1.));
#1232 = ORIENTED_EDGE('',*,*,#1233,.T.);
#1233 = EDGE_CURVE('',#1226,#1186,#1234,.T.);
#1234 = LINE('',#1235,#1236);
#1235 = CARTESIAN_POINT('',(-42.2,15.99619047619,24.42));
#1236 = VECTOR('',#1237,1.);
#1237 = DIRECTION('',(0.,1.,0.));
#1238 = ORIENTED_EDGE('',*,*,#1183,.F.);
#1239 = ORIENTED_EDGE('',*,*,#1240,.F.);
#1240 = EDGE_CURVE('',#1224,#1184,#1241,.T.);
#1241 = LINE('',#1242,#1243);
#1242 = CARTESIAN_POINT('',(-42.2,15.99619047619,23.42));
#1243 = VECTOR('',#1244,1.);
#1244 = DIRECTION('',(0.,1.,0.));
#1245 = PLANE('',#1246);
#1246 = AXIS2_PLACEMENT_3D('',#1247,#1248,#1249);
#1247 = CARTESIAN_POINT('',(-42.2,15.99619047619,23.42));
#1248 = DIRECTION('',(-1.,2.2E-16,0.));
#1249 = DIRECTION('',(2.2E-16,1.,0.));
#1250 = ADVANCED_FACE('',(#1251),#1276,.T.);
#1251 = FACE_BOUND('',#1252,.T.);
#1252 = EDGE_LOOP('',(#1253,#1263,#1269,#1270));
#1253 = ORIENTED_EDGE('',*,*,#1254,.T.);
#1254 = EDGE_CURVE('',#1255,#1257,#1259,.T.);
#1255 = VERTEX_POINT('',#1256);
#1256 = CARTESIAN_POINT('',(-37.2,15.99619047619,23.42));
#1257 = VERTEX_POINT('',#1258);
#1258 = CARTESIAN_POINT('',(-37.2,15.99619047619,24.42));
#1259 = LINE('',#1260,#1261);
#1260 = CARTESIAN_POINT('',(-37.2,15.99619047619,23.42));
#1261 = VECTOR('',#1262,1.);
#1262 = DIRECTION('',(0.,0.,1.));
#1263 = ORIENTED_EDGE('',*,*,#1264,.T.);
#1264 = EDGE_CURVE('',#1257,#1226,#1265,.T.);
#1265 = LINE('',#1266,#1267);
#1266 = CARTESIAN_POINT('',(-37.2,15.99619047619,24.42));
#1267 = VECTOR('',#1268,1.);
#1268 = DIRECTION('',(-1.,0.,0.));
#1269 = ORIENTED_EDGE('',*,*,#1223,.F.);
#1270 = ORIENTED_EDGE('',*,*,#1271,.F.);
#1271 = EDGE_CURVE('',#1255,#1224,#1272,.T.);
#1272 = LINE('',#1273,#1274);
#1273 = CARTESIAN_POINT('',(-37.2,15.99619047619,23.42));
#1274 = VECTOR('',#1275,1.);
#1275 = DIRECTION('',(-1.,0.,0.));
#1276 = PLANE('',#1277);
#1277 = AXIS2_PLACEMENT_3D('',#1278,#1279,#1280);
#1278 = CARTESIAN_POINT('',(-37.2,15.99619047619,23.42));
#1279 = DIRECTION('',(-2.2E-16,-1.,0.));
#1280 = DIRECTION('',(-1.,2.2E-16,0.));
#1281 = ADVANCED_FACE('',(#1282),#1298,.T.);
#1282 = FACE_BOUND('',#1283,.T.);
#1283 = EDGE_LOOP('',(#1284,#1285,#1291,#1292));
#1284 = ORIENTED_EDGE('',*,*,#1201,.T.);
#1285 = ORIENTED_EDGE('',*,*,#1286,.T.);
#1286 = EDGE_CURVE('',#1194,#1257,#1287,.T.);
#1287 = LINE('',#1288,#1289);
#1288 = CARTESIAN_POINT('',(-37.2,16.79619047619,24.42));
#1289 = VECTOR('',#1290,1.);
#1290 = DIRECTION('',(0.,-1.,0.));
#1291 = ORIENTED_EDGE('',*,*,#1254,.F.);
#1292 = ORIENTED_EDGE('',*,*,#1293,.F.);
#1293 = EDGE_CURVE('',#1202,#1255,#1294,.T.);
#1294 = LINE('',#1295,#1296);
#1295 = CARTESIAN_POINT('',(-37.2,16.79619047619,23.42));
#1296 = VECTOR('',#1297,1.);
#1297 = DIRECTION('',(0.,-1.,0.));
#1298 = PLANE('',#1299);
#1299 = AXIS2_PLACEMENT_3D('',#1300,#1301,#1302);
#1300 = CARTESIAN_POINT('',(-37.2,16.79619047619,23.42));
#1301 = DIRECTION('',(1.,-2.2E-16,0.));
#1302 = DIRECTION('',(-2.2E-16,-1.,0.));
#1303 = ADVANCED_FACE('',(#1304),#1310,.F.);
#1304 = FACE_BOUND('',#1305,.F.);
#1305 = EDGE_LOOP('',(#1306,#1307,#1308,#1309));
#1306 = ORIENTED_EDGE('',*,*,#1209,.F.);
#1307 = ORIENTED_EDGE('',*,*,#1240,.F.);
#1308 = ORIENTED_EDGE('',*,*,#1271,.F.);
#1309 = ORIENTED_EDGE('',*,*,#1293,.F.);
#1310 = PLANE('',#1311);
#1311 = AXIS2_PLACEMENT_3D('',#1312,#1313,#1314);
#1312 = CARTESIAN_POINT('',(-39.70120693882,15.52604378541,23.42));
#1313 = DIRECTION('',(0.,0.,1.));
#1314 = DIRECTION('',(0.,-1.,0.));
#1315 = ADVANCED_FACE('',(#1316),#1322,.T.);
#1316 = FACE_BOUND('',#1317,.T.);
#1317 = EDGE_LOOP('',(#1318,#1319,#1320,#1321));
#1318 = ORIENTED_EDGE('',*,*,#1193,.F.);
#1319 = ORIENTED_EDGE('',*,*,#1233,.F.);
#1320 = ORIENTED_EDGE('',*,*,#1264,.F.);
#1321 = ORIENTED_EDGE('',*,*,#1286,.F.);
#1322 = PLANE('',#1323);
#1323 = AXIS2_PLACEMENT_3D('',#1324,#1325,#1326);
#1324 = CARTESIAN_POINT('',(-39.70120693882,15.52604378541,24.42));
#1325 = DIRECTION('',(0.,0.,1.));
#1326 = DIRECTION('',(0.,-1.,0.));
#1327 = MANIFOLD_SOLID_BREP('',#1328);
#1328 = CLOSED_SHELL('',(#1329,#1369,#1402,#1435,#1466,#1499,#1532,#1563
    ,#1596,#1629,#1660,#1693,#1717,#1737));
#1329 = ADVANCED_FACE('',(#1330),#1364,.T.);
#1330 = FACE_BOUND('',#1331,.T.);
#1331 = EDGE_LOOP('',(#1332,#1342,#1350,#1358));
#1332 = ORIENTED_EDGE('',*,*,#1333,.T.);
#1333 = EDGE_CURVE('',#1334,#1336,#1338,.T.);
#1334 = VERTEX_POINT('',#1335);
#1335 = CARTESIAN_POINT('',(-40.80714285714,13.442857142857,23.42));
#1336 = VERTEX_POINT('',#1337);
#1337 = CARTESIAN_POINT('',(-40.80714285714,13.442857142857,24.42));
#1338 = LINE('',#1339,#1340);
#1339 = CARTESIAN_POINT('',(-40.80714285714,13.442857142857,23.42));
#1340 = VECTOR('',#1341,1.);
#1341 = DIRECTION('',(0.,0.,1.));
#1342 = ORIENTED_EDGE('',*,*,#1343,.T.);
#1343 = EDGE_CURVE('',#1336,#1344,#1346,.T.);
#1344 = VERTEX_POINT('',#1345);
#1345 = CARTESIAN_POINT('',(-38.45714285714,13.442857142857,24.42));
#1346 = LINE('',#1347,#1348);
#1347 = CARTESIAN_POINT('',(-40.80714285714,13.442857142857,24.42));
#1348 = VECTOR('',#1349,1.);
#1349 = DIRECTION('',(1.,0.,0.));
#1350 = ORIENTED_EDGE('',*,*,#1351,.F.);
#1351 = EDGE_CURVE('',#1352,#1344,#1354,.T.);
#1352 = VERTEX_POINT('',#1353);
#1353 = CARTESIAN_POINT('',(-38.45714285714,13.442857142857,23.42));
#1354 = LINE('',#1355,#1356);
#1355 = CARTESIAN_POINT('',(-38.45714285714,13.442857142857,23.42));
#1356 = VECTOR('',#1357,1.);
#1357 = DIRECTION('',(0.,0.,1.));
#1358 = ORIENTED_EDGE('',*,*,#1359,.F.);
#1359 = EDGE_CURVE('',#1334,#1352,#1360,.T.);
#1360 = LINE('',#1361,#1362);
#1361 = CARTESIAN_POINT('',(-40.80714285714,13.442857142857,23.42));
#1362 = VECTOR('',#1363,1.);
#1363 = DIRECTION('',(1.,0.,0.));
#1364 = PLANE('',#1365);
#1365 = AXIS2_PLACEMENT_3D('',#1366,#1367,#1368);
#1366 = CARTESIAN_POINT('',(-40.80714285714,13.442857142857,23.42));
#1367 = DIRECTION('',(2.2E-16,1.,0.));
#1368 = DIRECTION('',(1.,-2.2E-16,0.));
#1369 = ADVANCED_FACE('',(#1370),#1395,.T.);
#1370 = FACE_BOUND('',#1371,.T.);
#1371 = EDGE_LOOP('',(#1372,#1382,#1388,#1389));
#1372 = ORIENTED_EDGE('',*,*,#1373,.T.);
#1373 = EDGE_CURVE('',#1374,#1376,#1378,.T.);
#1374 = VERTEX_POINT('',#1375);
#1375 = CARTESIAN_POINT('',(-41.94285714285,12.857142857143,23.42));
#1376 = VERTEX_POINT('',#1377);
#1377 = CARTESIAN_POINT('',(-41.94285714285,12.857142857143,24.42));
#1378 = LINE('',#1379,#1380);
#1379 = CARTESIAN_POINT('',(-41.94285714285,12.857142857143,23.42));
#1380 = VECTOR('',#1381,1.);
#1381 = DIRECTION('',(0.,0.,1.));
#1382 = ORIENTED_EDGE('',*,*,#1383,.T.);
#1383 = EDGE_CURVE('',#1376,#1336,#1384,.T.);
#1384 = B_SPLINE_CURVE_WITH_KNOTS('',2,(#1385,#1386,#1387),
  .UNSPECIFIED.,.F.,.F.,(3,3),(0.,1.),.PIECEWISE_BEZIER_KNOTS.);
#1385 = CARTESIAN_POINT('',(-41.94285714285,12.857142857143,24.42));
#1386 = CARTESIAN_POINT('',(-41.51428571428,13.435714285714,24.42));
#1387 = CARTESIAN_POINT('',(-40.80714285714,13.442857142857,24.42));
#1388 = ORIENTED_EDGE('',*,*,#1333,.F.);
#1389 = ORIENTED_EDGE('',*,*,#1390,.F.);
#1390 = EDGE_CURVE('',#1374,#1334,#1391,.T.);
#1391 = B_SPLINE_CURVE_WITH_KNOTS('',2,(#1392,#1393,#1394),
  .UNSPECIFIED.,.F.,.F.,(3,3),(0.,1.),.PIECEWISE_BEZIER_KNOTS.);
#1392 = CARTESIAN_POINT('',(-41.94285714285,12.857142857143,23.42));
#1393 = CARTESIAN_POINT('',(-41.51428571428,13.435714285714,23.42));
#1394 = CARTESIAN_POINT('',(-40.80714285714,13.442857142857,23.42));
#1395 = SURFACE_OF_LINEAR_EXTRUSION('',#1396,#1400);
#1396 = B_SPLINE_CURVE_WITH_KNOTS('',2,(#1397,#1398,#1399),
  .UNSPECIFIED.,.F.,.F.,(3,3),(0.,1.),.PIECEWISE_BEZIER_KNOTS.);
#1397 = CARTESIAN_POINT('',(-41.94285714285,12.857142857143,23.42));
#1398 = CARTESIAN_POINT('',(-41.51428571428,13.435714285714,23.42));
#1399 = CARTESIAN_POINT('',(-40.80714285714,13.442857142857,23.42));
#1400 = VECTOR('',#1401,1.);
#1401 = DIRECTION('',(-0.,-0.,-1.));
#1402 = ADVANCED_FACE('',(#1403),#1428,.T.);
#1403 = FACE_BOUND('',#1404,.T.);
#1404 = EDGE_LOOP('',(#1405,#1415,#1421,#1422));
#1405 = ORIENTED_EDGE('',*,*,#1406,.T.);
#1406 = EDGE_CURVE('',#1407,#1409,#1411,.T.);
#1407 = VERTEX_POINT('',#1408);
#1408 = CARTESIAN_POINT('',(-42.23571428571,12.042857142857,23.42));
#1409 = VERTEX_POINT('',#1410);
#1410 = CARTESIAN_POINT('',(-42.23571428571,12.042857142857,24.42));
#1411 = LINE('',#1412,#1413);
#1412 = CARTESIAN_POINT('',(-42.23571428571,12.042857142857,23.42));
#1413 = VECTOR('',#1414,1.);
#1414 = DIRECTION('',(0.,0.,1.));
#1415 = ORIENTED_EDGE('',*,*,#1416,.T.);
#1416 = EDGE_CURVE('',#1409,#1376,#1417,.T.);
#1417 = B_SPLINE_CURVE_WITH_KNOTS('',2,(#1418,#1419,#1420),
  .UNSPECIFIED.,.F.,.F.,(3,3),(0.,1.),.PIECEWISE_BEZIER_KNOTS.);
#1418 = CARTESIAN_POINT('',(-42.23571428571,12.042857142857,24.42));
#1419 = CARTESIAN_POINT('',(-42.23571428571,12.45,24.42));
#1420 = CARTESIAN_POINT('',(-41.94285714285,12.857142857143,24.42));
#1421 = ORIENTED_EDGE('',*,*,#1373,.F.);
#1422 = ORIENTED_EDGE('',*,*,#1423,.F.);
#1423 = EDGE_CURVE('',#1407,#1374,#1424,.T.);
#1424 = B_SPLINE_CURVE_WITH_KNOTS('',2,(#1425,#1426,#1427),
  .UNSPECIFIED.,.F.,.F.,(3,3),(0.,1.),.PIECEWISE_BEZIER_KNOTS.);
#1425 = CARTESIAN_POINT('',(-42.23571428571,12.042857142857,23.42));
#1426 = CARTESIAN_POINT('',(-42.23571428571,12.45,23.42));
#1427 = CARTESIAN_POINT('',(-41.94285714285,12.857142857143,23.42));
#1428 = SURFACE_OF_LINEAR_EXTRUSION('',#1429,#1433);
#1429 = B_SPLINE_CURVE_WITH_KNOTS('',2,(#1430,#1431,#1432),
  .UNSPECIFIED.,.F.,.F.,(3,3),(0.,1.),.PIECEWISE_BEZIER_KNOTS.);
#1430 = CARTESIAN_POINT('',(-42.23571428571,12.042857142857,23.42));
#1431 = CARTESIAN_POINT('',(-42.23571428571,12.45,23.42));
#1432 = CARTESIAN_POINT('',(-41.94285714285,12.857142857143,23.42));
#1433 = VECTOR('',#1434,1.);
#1434 = DIRECTION('',(-0.,-0.,-1.));
#1435 = ADVANCED_FACE('',(#1436),#1461,.T.);
#1436 = FACE_BOUND('',#1437,.T.);
#1437 = EDGE_LOOP('',(#1438,#1448,#1454,#1455));
#1438 = ORIENTED_EDGE('',*,*,#1439,.T.);
#1439 = EDGE_CURVE('',#1440,#1442,#1444,.T.);
#1440 = VERTEX_POINT('',#1441);
#1441 = CARTESIAN_POINT('',(-41.43571428571,12.042857142857,23.42));
#1442 = VERTEX_POINT('',#1443);
#1443 = CARTESIAN_POINT('',(-41.43571428571,12.042857142857,24.42));
#1444 = LINE('',#1445,#1446);
#1445 = CARTESIAN_POINT('',(-41.43571428571,12.042857142857,23.42));
#1446 = VECTOR('',#1447,1.);
#1447 = DIRECTION('',(0.,0.,1.));
#1448 = ORIENTED_EDGE('',*,*,#1449,.T.);
#1449 = EDGE_CURVE('',#1442,#1409,#1450,.T.);
#1450 = LINE('',#1451,#1452);
#1451 = CARTESIAN_POINT('',(-41.43571428571,12.042857142857,24.42));
#1452 = VECTOR('',#1453,1.);
#1453 = DIRECTION('',(-1.,0.,0.));
#1454 = ORIENTED_EDGE('',*,*,#1406,.F.);
#1455 = ORIENTED_EDGE('',*,*,#1456,.F.);
#1456 = EDGE_CURVE('',#1440,#1407,#1457,.T.);
#1457 = LINE('',#1458,#1459);
#1458 = CARTESIAN_POINT('',(-41.43571428571,12.042857142857,23.42));
#1459 = VECTOR('',#1460,1.);
#1460 = DIRECTION('',(-1.,0.,0.));
#1461 = PLANE('',#1462);
#1462 = AXIS2_PLACEMENT_3D('',#1463,#1464,#1465);
#1463 = CARTESIAN_POINT('',(-41.43571428571,12.042857142857,23.42));
#1464 = DIRECTION('',(-2.2E-16,-1.,0.));
#1465 = DIRECTION('',(-1.,2.2E-16,0.));
#1466 = ADVANCED_FACE('',(#1467),#1492,.T.);
#1467 = FACE_BOUND('',#1468,.T.);
#1468 = EDGE_LOOP('',(#1469,#1479,#1485,#1486));
#1469 = ORIENTED_EDGE('',*,*,#1470,.T.);
#1470 = EDGE_CURVE('',#1471,#1473,#1475,.T.);
#1471 = VERTEX_POINT('',#1472);
#1472 = CARTESIAN_POINT('',(-41.37857142857,12.25,23.42));
#1473 = VERTEX_POINT('',#1474);
#1474 = CARTESIAN_POINT('',(-41.37857142857,12.25,24.42));
#1475 = LINE('',#1476,#1477);
#1476 = CARTESIAN_POINT('',(-41.37857142857,12.25,23.42));
#1477 = VECTOR('',#1478,1.);
#1478 = DIRECTION('',(0.,0.,1.));
#1479 = ORIENTED_EDGE('',*,*,#1480,.T.);
#1480 = EDGE_CURVE('',#1473,#1442,#1481,.T.);
#1481 = B_SPLINE_CURVE_WITH_KNOTS('',2,(#1482,#1483,#1484),
  .UNSPECIFIED.,.F.,.F.,(3,3),(0.,1.),.PIECEWISE_BEZIER_KNOTS.);
#1482 = CARTESIAN_POINT('',(-41.37857142857,12.25,24.42));
#1483 = CARTESIAN_POINT('',(-41.43571428571,12.128571428571,24.42));
#1484 = CARTESIAN_POINT('',(-41.43571428571,12.042857142857,24.42));
#1485 = ORIENTED_EDGE('',*,*,#1439,.F.);
#1486 = ORIENTED_EDGE('',*,*,#1487,.F.);
#1487 = EDGE_CURVE('',#1471,#1440,#1488,.T.);
#1488 = B_SPLINE_CURVE_WITH_KNOTS('',2,(#1489,#1490,#1491),
  .UNSPECIFIED.,.F.,.F.,(3,3),(0.,1.),.PIECEWISE_BEZIER_KNOTS.);
#1489 = CARTESIAN_POINT('',(-41.37857142857,12.25,23.42));
#1490 = CARTESIAN_POINT('',(-41.43571428571,12.128571428571,23.42));
#1491 = CARTESIAN_POINT('',(-41.43571428571,12.042857142857,23.42));
#1492 = SURFACE_OF_LINEAR_EXTRUSION('',#1493,#1497);
#1493 = B_SPLINE_CURVE_WITH_KNOTS('',2,(#1494,#1495,#1496),
  .UNSPECIFIED.,.F.,.F.,(3,3),(0.,1.),.PIECEWISE_BEZIER_KNOTS.);
#1494 = CARTESIAN_POINT('',(-41.37857142857,12.25,23.42));
#1495 = CARTESIAN_POINT('',(-41.43571428571,12.128571428571,23.42));
#1496 = CARTESIAN_POINT('',(-41.43571428571,12.042857142857,23.42));
#1497 = VECTOR('',#1498,1.);
#1498 = DIRECTION('',(-0.,-0.,-1.));
#1499 = ADVANCED_FACE('',(#1500),#1525,.T.);
#1500 = FACE_BOUND('',#1501,.T.);
#1501 = EDGE_LOOP('',(#1502,#1512,#1518,#1519));
#1502 = ORIENTED_EDGE('',*,*,#1503,.T.);
#1503 = EDGE_CURVE('',#1504,#1506,#1508,.T.);
#1504 = VERTEX_POINT('',#1505);
#1505 = CARTESIAN_POINT('',(-40.80714285714,12.65,23.42));
#1506 = VERTEX_POINT('',#1507);
#1507 = CARTESIAN_POINT('',(-40.80714285714,12.65,24.42));
#1508 = LINE('',#1509,#1510);
#1509 = CARTESIAN_POINT('',(-40.80714285714,12.65,23.42));
#1510 = VECTOR('',#1511,1.);
#1511 = DIRECTION('',(0.,0.,1.));
#1512 = ORIENTED_EDGE('',*,*,#1513,.T.);
#1513 = EDGE_CURVE('',#1506,#1473,#1514,.T.);
#1514 = B_SPLINE_CURVE_WITH_KNOTS('',2,(#1515,#1516,#1517),
  .UNSPECIFIED.,.F.,.F.,(3,3),(0.,1.),.PIECEWISE_BEZIER_KNOTS.);
#1515 = CARTESIAN_POINT('',(-40.80714285714,12.65,24.42));
#1516 = CARTESIAN_POINT('',(-41.19285714285,12.65,24.42));
#1517 = CARTESIAN_POINT('',(-41.37857142857,12.25,24.42));
#1518 = ORIENTED_EDGE('',*,*,#1470,.F.);
#1519 = ORIENTED_EDGE('',*,*,#1520,.F.);
#1520 = EDGE_CURVE('',#1504,#1471,#1521,.T.);
#1521 = B_SPLINE_CURVE_WITH_KNOTS('',2,(#1522,#1523,#1524),
  .UNSPECIFIED.,.F.,.F.,(3,3),(0.,1.),.PIECEWISE_BEZIER_KNOTS.);
#1522 = CARTESIAN_POINT('',(-40.80714285714,12.65,23.42));
#1523 = CARTESIAN_POINT('',(-41.19285714285,12.65,23.42));
#1524 = CARTESIAN_POINT('',(-41.37857142857,12.25,23.42));
#1525 = SURFACE_OF_LINEAR_EXTRUSION('',#1526,#1530);
#1526 = B_SPLINE_CURVE_WITH_KNOTS('',2,(#1527,#1528,#1529),
  .UNSPECIFIED.,.F.,.F.,(3,3),(0.,1.),.PIECEWISE_BEZIER_KNOTS.);
#1527 = CARTESIAN_POINT('',(-40.80714285714,12.65,23.42));
#1528 = CARTESIAN_POINT('',(-41.19285714285,12.65,23.42));
#1529 = CARTESIAN_POINT('',(-41.37857142857,12.25,23.42));
#1530 = VECTOR('',#1531,1.);
#1531 = DIRECTION('',(-0.,-0.,-1.));
#1532 = ADVANCED_FACE('',(#1533),#1558,.T.);
#1533 = FACE_BOUND('',#1534,.T.);
#1534 = EDGE_LOOP('',(#1535,#1545,#1551,#1552));
#1535 = ORIENTED_EDGE('',*,*,#1536,.T.);
#1536 = EDGE_CURVE('',#1537,#1539,#1541,.T.);
#1537 = VERTEX_POINT('',#1538);
#1538 = CARTESIAN_POINT('',(-38.57142857142,12.65,23.42));
#1539 = VERTEX_POINT('',#1540);
#1540 = CARTESIAN_POINT('',(-38.57142857142,12.65,24.42));
#1541 = LINE('',#1542,#1543);
#1542 = CARTESIAN_POINT('',(-38.57142857142,12.65,23.42));
#1543 = VECTOR('',#1544,1.);
#1544 = DIRECTION('',(0.,0.,1.));
#1545 = ORIENTED_EDGE('',*,*,#1546,.T.);
#1546 = EDGE_CURVE('',#1539,#1506,#1547,.T.);
#1547 = LINE('',#1548,#1549);
#1548 = CARTESIAN_POINT('',(-38.57142857142,12.65,24.42));
#1549 = VECTOR('',#1550,1.);
#1550 = DIRECTION('',(-1.,0.,0.));
#1551 = ORIENTED_EDGE('',*,*,#1503,.F.);
#1552 = ORIENTED_EDGE('',*,*,#1553,.F.);
#1553 = EDGE_CURVE('',#1537,#1504,#1554,.T.);
#1554 = LINE('',#1555,#1556);
#1555 = CARTESIAN_POINT('',(-38.57142857142,12.65,23.42));
#1556 = VECTOR('',#1557,1.);
#1557 = DIRECTION('',(-1.,0.,0.));
#1558 = PLANE('',#1559);
#1559 = AXIS2_PLACEMENT_3D('',#1560,#1561,#1562);
#1560 = CARTESIAN_POINT('',(-38.57142857142,12.65,23.42));
#1561 = DIRECTION('',(-2.2E-16,-1.,0.));
#1562 = DIRECTION('',(-1.,2.2E-16,0.));
#1563 = ADVANCED_FACE('',(#1564),#1589,.T.);
#1564 = FACE_BOUND('',#1565,.T.);
#1565 = EDGE_LOOP('',(#1566,#1576,#1582,#1583));
#1566 = ORIENTED_EDGE('',*,*,#1567,.T.);
#1567 = EDGE_CURVE('',#1568,#1570,#1572,.T.);
#1568 = VERTEX_POINT('',#1569);
#1569 = CARTESIAN_POINT('',(-38.35714285714,12.592857142857,23.42));
#1570 = VERTEX_POINT('',#1571);
#1571 = CARTESIAN_POINT('',(-38.35714285714,12.592857142857,24.42));
#1572 = LINE('',#1573,#1574);
#1573 = CARTESIAN_POINT('',(-38.35714285714,12.592857142857,23.42));
#1574 = VECTOR('',#1575,1.);
#1575 = DIRECTION('',(0.,0.,1.));
#1576 = ORIENTED_EDGE('',*,*,#1577,.T.);
#1577 = EDGE_CURVE('',#1570,#1539,#1578,.T.);
#1578 = B_SPLINE_CURVE_WITH_KNOTS('',2,(#1579,#1580,#1581),
  .UNSPECIFIED.,.F.,.F.,(3,3),(0.,1.),.PIECEWISE_BEZIER_KNOTS.);
#1579 = CARTESIAN_POINT('',(-38.35714285714,12.592857142857,24.42));
#1580 = CARTESIAN_POINT('',(-38.48571428571,12.65,24.42));
#1581 = CARTESIAN_POINT('',(-38.57142857142,12.65,24.42));
#1582 = ORIENTED_EDGE('',*,*,#1536,.F.);
#1583 = ORIENTED_EDGE('',*,*,#1584,.F.);
#1584 = EDGE_CURVE('',#1568,#1537,#1585,.T.);
#1585 = B_SPLINE_CURVE_WITH_KNOTS('',2,(#1586,#1587,#1588),
  .UNSPECIFIED.,.F.,.F.,(3,3),(0.,1.),.PIECEWISE_BEZIER_KNOTS.);
#1586 = CARTESIAN_POINT('',(-38.35714285714,12.592857142857,23.42));
#1587 = CARTESIAN_POINT('',(-38.48571428571,12.65,23.42));
#1588 = CARTESIAN_POINT('',(-38.57142857142,12.65,23.42));
#1589 = SURFACE_OF_LINEAR_EXTRUSION('',#1590,#1594);
#1590 = B_SPLINE_CURVE_WITH_KNOTS('',2,(#1591,#1592,#1593),
  .UNSPECIFIED.,.F.,.F.,(3,3),(0.,1.),.PIECEWISE_BEZIER_KNOTS.);
#1591 = CARTESIAN_POINT('',(-38.35714285714,12.592857142857,23.42));
#1592 = CARTESIAN_POINT('',(-38.48571428571,12.65,23.42));
#1593 = CARTESIAN_POINT('',(-38.57142857142,12.65,23.42));
#1594 = VECTOR('',#1595,1.);
#1595 = DIRECTION('',(-0.,-0.,-1.));
#1596 = ADVANCED_FACE('',(#1597),#1622,.T.);
#1597 = FACE_BOUND('',#1598,.T.);
#1598 = EDGE_LOOP('',(#1599,#1609,#1615,#1616));
#1599 = ORIENTED_EDGE('',*,*,#1600,.T.);
#1600 = EDGE_CURVE('',#1601,#1603,#1605,.T.);
#1601 = VERTEX_POINT('',#1602);
#1602 = CARTESIAN_POINT('',(-37.95714285714,12.035714285714,23.42));
#1603 = VERTEX_POINT('',#1604);
#1604 = CARTESIAN_POINT('',(-37.95714285714,12.035714285714,24.42));
#1605 = LINE('',#1606,#1607);
#1606 = CARTESIAN_POINT('',(-37.95714285714,12.035714285714,23.42));
#1607 = VECTOR('',#1608,1.);
#1608 = DIRECTION('',(0.,0.,1.));
#1609 = ORIENTED_EDGE('',*,*,#1610,.T.);
#1610 = EDGE_CURVE('',#1603,#1570,#1611,.T.);
#1611 = B_SPLINE_CURVE_WITH_KNOTS('',2,(#1612,#1613,#1614),
  .UNSPECIFIED.,.F.,.F.,(3,3),(0.,1.),.PIECEWISE_BEZIER_KNOTS.);
#1612 = CARTESIAN_POINT('',(-37.95714285714,12.035714285714,24.42));
#1613 = CARTESIAN_POINT('',(-37.96428571428,12.407142857143,24.42));
#1614 = CARTESIAN_POINT('',(-38.35714285714,12.592857142857,24.42));
#1615 = ORIENTED_EDGE('',*,*,#1567,.F.);
#1616 = ORIENTED_EDGE('',*,*,#1617,.F.);
#1617 = EDGE_CURVE('',#1601,#1568,#1618,.T.);
#1618 = B_SPLINE_CURVE_WITH_KNOTS('',2,(#1619,#1620,#1621),
  .UNSPECIFIED.,.F.,.F.,(3,3),(0.,1.),.PIECEWISE_BEZIER_KNOTS.);
#1619 = CARTESIAN_POINT('',(-37.95714285714,12.035714285714,23.42));
#1620 = CARTESIAN_POINT('',(-37.96428571428,12.407142857143,23.42));
#1621 = CARTESIAN_POINT('',(-38.35714285714,12.592857142857,23.42));
#1622 = SURFACE_OF_LINEAR_EXTRUSION('',#1623,#1627);
#1623 = B_SPLINE_CURVE_WITH_KNOTS('',2,(#1624,#1625,#1626),
  .UNSPECIFIED.,.F.,.F.,(3,3),(0.,1.),.PIECEWISE_BEZIER_KNOTS.);
#1624 = CARTESIAN_POINT('',(-37.95714285714,12.035714285714,23.42));
#1625 = CARTESIAN_POINT('',(-37.96428571428,12.407142857143,23.42));
#1626 = CARTESIAN_POINT('',(-38.35714285714,12.592857142857,23.42));
#1627 = VECTOR('',#1628,1.);
#1628 = DIRECTION('',(-0.,-0.,-1.));
#1629 = ADVANCED_FACE('',(#1630),#1655,.T.);
#1630 = FACE_BOUND('',#1631,.T.);
#1631 = EDGE_LOOP('',(#1632,#1642,#1648,#1649));
#1632 = ORIENTED_EDGE('',*,*,#1633,.T.);
#1633 = EDGE_CURVE('',#1634,#1636,#1638,.T.);
#1634 = VERTEX_POINT('',#1635);
#1635 = CARTESIAN_POINT('',(-37.16428571428,12.035714285714,23.42));
#1636 = VERTEX_POINT('',#1637);
#1637 = CARTESIAN_POINT('',(-37.16428571428,12.035714285714,24.42));
#1638 = LINE('',#1639,#1640);
#1639 = CARTESIAN_POINT('',(-37.16428571428,12.035714285714,23.42));
#1640 = VECTOR('',#1641,1.);
#1641 = DIRECTION('',(0.,0.,1.));
#1642 = ORIENTED_EDGE('',*,*,#1643,.T.);
#1643 = EDGE_CURVE('',#1636,#1603,#1644,.T.);
#1644 = LINE('',#1645,#1646);
#1645 = CARTESIAN_POINT('',(-37.16428571428,12.035714285714,24.42));
#1646 = VECTOR('',#1647,1.);
#1647 = DIRECTION('',(-1.,0.,0.));
#1648 = ORIENTED_EDGE('',*,*,#1600,.F.);
#1649 = ORIENTED_EDGE('',*,*,#1650,.F.);
#1650 = EDGE_CURVE('',#1634,#1601,#1651,.T.);
#1651 = LINE('',#1652,#1653);
#1652 = CARTESIAN_POINT('',(-37.16428571428,12.035714285714,23.42));
#1653 = VECTOR('',#1654,1.);
#1654 = DIRECTION('',(-1.,0.,0.));
#1655 = PLANE('',#1656);
#1656 = AXIS2_PLACEMENT_3D('',#1657,#1658,#1659);
#1657 = CARTESIAN_POINT('',(-37.16428571428,12.035714285714,23.42));
#1658 = DIRECTION('',(-2.2E-16,-1.,0.));
#1659 = DIRECTION('',(-1.,2.2E-16,0.));
#1660 = ADVANCED_FACE('',(#1661),#1686,.T.);
#1661 = FACE_BOUND('',#1662,.T.);
#1662 = EDGE_LOOP('',(#1663,#1673,#1679,#1680));
#1663 = ORIENTED_EDGE('',*,*,#1664,.T.);
#1664 = EDGE_CURVE('',#1665,#1667,#1669,.T.);
#1665 = VERTEX_POINT('',#1666);
#1666 = CARTESIAN_POINT('',(-37.68571428571,13.121428571429,23.42));
#1667 = VERTEX_POINT('',#1668);
#1668 = CARTESIAN_POINT('',(-37.68571428571,13.121428571429,24.42));
#1669 = LINE('',#1670,#1671);
#1670 = CARTESIAN_POINT('',(-37.68571428571,13.121428571429,23.42));
#1671 = VECTOR('',#1672,1.);
#1672 = DIRECTION('',(0.,0.,1.));
#1673 = ORIENTED_EDGE('',*,*,#1674,.T.);
#1674 = EDGE_CURVE('',#1667,#1636,#1675,.T.);
#1675 = B_SPLINE_CURVE_WITH_KNOTS('',2,(#1676,#1677,#1678),
  .UNSPECIFIED.,.F.,.F.,(3,3),(0.,1.),.PIECEWISE_BEZIER_KNOTS.);
#1676 = CARTESIAN_POINT('',(-37.68571428571,13.121428571429,24.42));
#1677 = CARTESIAN_POINT('',(-37.17142857142,12.692857142857,24.42));
#1678 = CARTESIAN_POINT('',(-37.16428571428,12.035714285714,24.42));
#1679 = ORIENTED_EDGE('',*,*,#1633,.F.);
#1680 = ORIENTED_EDGE('',*,*,#1681,.F.);
#1681 = EDGE_CURVE('',#1665,#1634,#1682,.T.);
#1682 = B_SPLINE_CURVE_WITH_KNOTS('',2,(#1683,#1684,#1685),
  .UNSPECIFIED.,.F.,.F.,(3,3),(0.,1.),.PIECEWISE_BEZIER_KNOTS.);
#1683 = CARTESIAN_POINT('',(-37.68571428571,13.121428571429,23.42));
#1684 = CARTESIAN_POINT('',(-37.17142857142,12.692857142857,23.42));
#1685 = CARTESIAN_POINT('',(-37.16428571428,12.035714285714,23.42));
#1686 = SURFACE_OF_LINEAR_EXTRUSION('',#1687,#1691);
#1687 = B_SPLINE_CURVE_WITH_KNOTS('',2,(#1688,#1689,#1690),
  .UNSPECIFIED.,.F.,.F.,(3,3),(0.,1.),.PIECEWISE_BEZIER_KNOTS.);
#1688 = CARTESIAN_POINT('',(-37.68571428571,13.121428571429,23.42));
#1689 = CARTESIAN_POINT('',(-37.17142857142,12.692857142857,23.42));
#1690 = CARTESIAN_POINT('',(-37.16428571428,12.035714285714,23.42));
#1691 = VECTOR('',#1692,1.);
#1692 = DIRECTION('',(-0.,-0.,-1.));
#1693 = ADVANCED_FACE('',(#1694),#1710,.T.);
#1694 = FACE_BOUND('',#1695,.T.);
#1695 = EDGE_LOOP('',(#1696,#1697,#1703,#1704));
#1696 = ORIENTED_EDGE('',*,*,#1351,.T.);
#1697 = ORIENTED_EDGE('',*,*,#1698,.T.);
#1698 = EDGE_CURVE('',#1344,#1667,#1699,.T.);
#1699 = B_SPLINE_CURVE_WITH_KNOTS('',2,(#1700,#1701,#1702),
  .UNSPECIFIED.,.F.,.F.,(3,3),(0.,1.),.PIECEWISE_BEZIER_KNOTS.);
#1700 = CARTESIAN_POINT('',(-38.45714285714,13.442857142857,24.42));
#1701 = CARTESIAN_POINT('',(-38.07857142857,13.442857142857,24.42));
#1702 = CARTESIAN_POINT('',(-37.68571428571,13.121428571429,24.42));
#1703 = ORIENTED_EDGE('',*,*,#1664,.F.);
#1704 = ORIENTED_EDGE('',*,*,#1705,.F.);
#1705 = EDGE_CURVE('',#1352,#1665,#1706,.T.);
#1706 = B_SPLINE_CURVE_WITH_KNOTS('',2,(#1707,#1708,#1709),
  .UNSPECIFIED.,.F.,.F.,(3,3),(0.,1.),.PIECEWISE_BEZIER_KNOTS.);
#1707 = CARTESIAN_POINT('',(-38.45714285714,13.442857142857,23.42));
#1708 = CARTESIAN_POINT('',(-38.07857142857,13.442857142857,23.42));
#1709 = CARTESIAN_POINT('',(-37.68571428571,13.121428571429,23.42));
#1710 = SURFACE_OF_LINEAR_EXTRUSION('',#1711,#1715);
#1711 = B_SPLINE_CURVE_WITH_KNOTS('',2,(#1712,#1713,#1714),
  .UNSPECIFIED.,.F.,.F.,(3,3),(0.,1.),.PIECEWISE_BEZIER_KNOTS.);
#1712 = CARTESIAN_POINT('',(-38.45714285714,13.442857142857,23.42));
#1713 = CARTESIAN_POINT('',(-38.07857142857,13.442857142857,23.42));
#1714 = CARTESIAN_POINT('',(-37.68571428571,13.121428571429,23.42));
#1715 = VECTOR('',#1716,1.);
#1716 = DIRECTION('',(-0.,-0.,-1.));
#1717 = ADVANCED_FACE('',(#1718),#1732,.F.);
#1718 = FACE_BOUND('',#1719,.F.);
#1719 = EDGE_LOOP('',(#1720,#1721,#1722,#1723,#1724,#1725,#1726,#1727,
    #1728,#1729,#1730,#1731));
#1720 = ORIENTED_EDGE('',*,*,#1359,.F.);
#1721 = ORIENTED_EDGE('',*,*,#1390,.F.);
#1722 = ORIENTED_EDGE('',*,*,#1423,.F.);
#1723 = ORIENTED_EDGE('',*,*,#1456,.F.);
#1724 = ORIENTED_EDGE('',*,*,#1487,.F.);
#1725 = ORIENTED_EDGE('',*,*,#1520,.F.);
#1726 = ORIENTED_EDGE('',*,*,#1553,.F.);
#1727 = ORIENTED_EDGE('',*,*,#1584,.F.);
#1728 = ORIENTED_EDGE('',*,*,#1617,.F.);
#1729 = ORIENTED_EDGE('',*,*,#1650,.F.);
#1730 = ORIENTED_EDGE('',*,*,#1681,.F.);
#1731 = ORIENTED_EDGE('',*,*,#1705,.F.);
#1732 = PLANE('',#1733);
#1733 = AXIS2_PLACEMENT_3D('',#1734,#1735,#1736);
#1734 = CARTESIAN_POINT('',(-39.69446767145,11.844381011269,23.42));
#1735 = DIRECTION('',(0.,0.,1.));
#1736 = DIRECTION('',(0.,-1.,0.));
#1737 = ADVANCED_FACE('',(#1738),#1752,.T.);
#1738 = FACE_BOUND('',#1739,.T.);
#1739 = EDGE_LOOP('',(#1740,#1741,#1742,#1743,#1744,#1745,#1746,#1747,
    #1748,#1749,#1750,#1751));
#1740 = ORIENTED_EDGE('',*,*,#1343,.F.);
#1741 = ORIENTED_EDGE('',*,*,#1383,.F.);
#1742 = ORIENTED_EDGE('',*,*,#1416,.F.);
#1743 = ORIENTED_EDGE('',*,*,#1449,.F.);
#1744 = ORIENTED_EDGE('',*,*,#1480,.F.);
#1745 = ORIENTED_EDGE('',*,*,#1513,.F.);
#1746 = ORIENTED_EDGE('',*,*,#1546,.F.);
#1747 = ORIENTED_EDGE('',*,*,#1577,.F.);
#1748 = ORIENTED_EDGE('',*,*,#1610,.F.);
#1749 = ORIENTED_EDGE('',*,*,#1643,.F.);
#1750 = ORIENTED_EDGE('',*,*,#1674,.F.);
#1751 = ORIENTED_EDGE('',*,*,#1698,.F.);
#1752 = PLANE('',#1753);
#1753 = AXIS2_PLACEMENT_3D('',#1754,#1755,#1756);
#1754 = CARTESIAN_POINT('',(-39.69446767145,11.844381011269,24.42));
#1755 = DIRECTION('',(0.,0.,1.));
#1756 = DIRECTION('',(0.,-1.,0.));
#1757 = MANIFOLD_SOLID_BREP('',#1758);
#1758 = CLOSED_SHELL('',(#1759,#1799,#1832,#1865,#1896,#1929,#1962,#1993
    ,#2026,#2059,#2090,#2123,#2147,#2167));
#1759 = ADVANCED_FACE('',(#1760),#1794,.T.);
#1760 = FACE_BOUND('',#1761,.T.);
#1761 = EDGE_LOOP('',(#1762,#1772,#1780,#1788));
#1762 = ORIENTED_EDGE('',*,*,#1763,.T.);
#1763 = EDGE_CURVE('',#1764,#1766,#1768,.T.);
#1764 = VERTEX_POINT('',#1765);
#1765 = CARTESIAN_POINT('',(-42.23571428571,11.65,23.42));
#1766 = VERTEX_POINT('',#1767);
#1767 = CARTESIAN_POINT('',(-42.23571428571,11.65,24.42));
#1768 = LINE('',#1769,#1770);
#1769 = CARTESIAN_POINT('',(-42.23571428571,11.65,23.42));
#1770 = VECTOR('',#1771,1.);
#1771 = DIRECTION('',(0.,0.,1.));
#1772 = ORIENTED_EDGE('',*,*,#1773,.T.);
#1773 = EDGE_CURVE('',#1766,#1774,#1776,.T.);
#1774 = VERTEX_POINT('',#1775);
#1775 = CARTESIAN_POINT('',(-41.43571428571,11.65,24.42));
#1776 = LINE('',#1777,#1778);
#1777 = CARTESIAN_POINT('',(-42.23571428571,11.65,24.42));
#1778 = VECTOR('',#1779,1.);
#1779 = DIRECTION('',(1.,0.,0.));
#1780 = ORIENTED_EDGE('',*,*,#1781,.F.);
#1781 = EDGE_CURVE('',#1782,#1774,#1784,.T.);
#1782 = VERTEX_POINT('',#1783);
#1783 = CARTESIAN_POINT('',(-41.43571428571,11.65,23.42));
#1784 = LINE('',#1785,#1786);
#1785 = CARTESIAN_POINT('',(-41.43571428571,11.65,23.42));
#1786 = VECTOR('',#1787,1.);
#1787 = DIRECTION('',(0.,0.,1.));
#1788 = ORIENTED_EDGE('',*,*,#1789,.F.);
#1789 = EDGE_CURVE('',#1764,#1782,#1790,.T.);
#1790 = LINE('',#1791,#1792);
#1791 = CARTESIAN_POINT('',(-42.23571428571,11.65,23.42));
#1792 = VECTOR('',#1793,1.);
#1793 = DIRECTION('',(1.,0.,0.));
#1794 = PLANE('',#1795);
#1795 = AXIS2_PLACEMENT_3D('',#1796,#1797,#1798);
#1796 = CARTESIAN_POINT('',(-42.23571428571,11.65,23.42));
#1797 = DIRECTION('',(2.2E-16,1.,0.));
#1798 = DIRECTION('',(1.,-2.2E-16,0.));
#1799 = ADVANCED_FACE('',(#1800),#1825,.T.);
#1800 = FACE_BOUND('',#1801,.T.);
#1801 = EDGE_LOOP('',(#1802,#1812,#1818,#1819));
#1802 = ORIENTED_EDGE('',*,*,#1803,.T.);
#1803 = EDGE_CURVE('',#1804,#1806,#1808,.T.);
#1804 = VERTEX_POINT('',#1805);
#1805 = CARTESIAN_POINT('',(-42.02142857142,10.95,23.42));
#1806 = VERTEX_POINT('',#1807);
#1807 = CARTESIAN_POINT('',(-42.02142857142,10.95,24.42));
#1808 = LINE('',#1809,#1810);
#1809 = CARTESIAN_POINT('',(-42.02142857142,10.95,23.42));
#1810 = VECTOR('',#1811,1.);
#1811 = DIRECTION('',(0.,0.,1.));
#1812 = ORIENTED_EDGE('',*,*,#1813,.T.);
#1813 = EDGE_CURVE('',#1806,#1766,#1814,.T.);
#1814 = B_SPLINE_CURVE_WITH_KNOTS('',2,(#1815,#1816,#1817),
  .UNSPECIFIED.,.F.,.F.,(3,3),(0.,1.),.PIECEWISE_BEZIER_KNOTS.);
#1815 = CARTESIAN_POINT('',(-42.02142857142,10.95,24.42));
#1816 = CARTESIAN_POINT('',(-42.23571428571,11.321428571429,24.42));
#1817 = CARTESIAN_POINT('',(-42.23571428571,11.65,24.42));
#1818 = ORIENTED_EDGE('',*,*,#1763,.F.);
#1819 = ORIENTED_EDGE('',*,*,#1820,.F.);
#1820 = EDGE_CURVE('',#1804,#1764,#1821,.T.);
#1821 = B_SPLINE_CURVE_WITH_KNOTS('',2,(#1822,#1823,#1824),
  .UNSPECIFIED.,.F.,.F.,(3,3),(0.,1.),.PIECEWISE_BEZIER_KNOTS.);
#1822 = CARTESIAN_POINT('',(-42.02142857142,10.95,23.42));
#1823 = CARTESIAN_POINT('',(-42.23571428571,11.321428571429,23.42));
#1824 = CARTESIAN_POINT('',(-42.23571428571,11.65,23.42));
#1825 = SURFACE_OF_LINEAR_EXTRUSION('',#1826,#1830);
#1826 = B_SPLINE_CURVE_WITH_KNOTS('',2,(#1827,#1828,#1829),
  .UNSPECIFIED.,.F.,.F.,(3,3),(0.,1.),.PIECEWISE_BEZIER_KNOTS.);
#1827 = CARTESIAN_POINT('',(-42.02142857142,10.95,23.42));
#1828 = CARTESIAN_POINT('',(-42.23571428571,11.321428571429,23.42));
#1829 = CARTESIAN_POINT('',(-42.23571428571,11.65,23.42));
#1830 = VECTOR('',#1831,1.);
#1831 = DIRECTION('',(-0.,-0.,-1.));
#1832 = ADVANCED_FACE('',(#1833),#1858,.T.);
#1833 = FACE_BOUND('',#1834,.T.);
#1834 = EDGE_LOOP('',(#1835,#1845,#1851,#1852));
#1835 = ORIENTED_EDGE('',*,*,#1836,.T.);
#1836 = EDGE_CURVE('',#1837,#1839,#1841,.T.);
#1837 = VERTEX_POINT('',#1838);
#1838 = CARTESIAN_POINT('',(-40.80714285714,10.242857142857,23.42));
#1839 = VERTEX_POINT('',#1840);
#1840 = CARTESIAN_POINT('',(-40.80714285714,10.242857142857,24.42));
#1841 = LINE('',#1842,#1843);
#1842 = CARTESIAN_POINT('',(-40.80714285714,10.242857142857,23.42));
#1843 = VECTOR('',#1844,1.);
#1844 = DIRECTION('',(0.,0.,1.));
#1845 = ORIENTED_EDGE('',*,*,#1846,.T.);
#1846 = EDGE_CURVE('',#1839,#1806,#1847,.T.);
#1847 = B_SPLINE_CURVE_WITH_KNOTS('',2,(#1848,#1849,#1850),
  .UNSPECIFIED.,.F.,.F.,(3,3),(0.,1.),.PIECEWISE_BEZIER_KNOTS.);
#1848 = CARTESIAN_POINT('',(-40.80714285714,10.242857142857,24.42));
#1849 = CARTESIAN_POINT('',(-41.6,10.242857142857,24.42));
#1850 = CARTESIAN_POINT('',(-42.02142857142,10.95,24.42));
#1851 = ORIENTED_EDGE('',*,*,#1803,.F.);
#1852 = ORIENTED_EDGE('',*,*,#1853,.F.);
#1853 = EDGE_CURVE('',#1837,#1804,#1854,.T.);
#1854 = B_SPLINE_CURVE_WITH_KNOTS('',2,(#1855,#1856,#1857),
  .UNSPECIFIED.,.F.,.F.,(3,3),(0.,1.),.PIECEWISE_BEZIER_KNOTS.);
#1855 = CARTESIAN_POINT('',(-40.80714285714,10.242857142857,23.42));
#1856 = CARTESIAN_POINT('',(-41.6,10.242857142857,23.42));
#1857 = CARTESIAN_POINT('',(-42.02142857142,10.95,23.42));
#1858 = SURFACE_OF_LINEAR_EXTRUSION('',#1859,#1863);
#1859 = B_SPLINE_CURVE_WITH_KNOTS('',2,(#1860,#1861,#1862),
  .UNSPECIFIED.,.F.,.F.,(3,3),(0.,1.),.PIECEWISE_BEZIER_KNOTS.);
#1860 = CARTESIAN_POINT('',(-40.80714285714,10.242857142857,23.42));
#1861 = CARTESIAN_POINT('',(-41.6,10.242857142857,23.42));
#1862 = CARTESIAN_POINT('',(-42.02142857142,10.95,23.42));
#1863 = VECTOR('',#1864,1.);
#1864 = DIRECTION('',(-0.,-0.,-1.));
#1865 = ADVANCED_FACE('',(#1866),#1891,.T.);
#1866 = FACE_BOUND('',#1867,.T.);
#1867 = EDGE_LOOP('',(#1868,#1878,#1884,#1885));
#1868 = ORIENTED_EDGE('',*,*,#1869,.T.);
#1869 = EDGE_CURVE('',#1870,#1872,#1874,.T.);
#1870 = VERTEX_POINT('',#1871);
#1871 = CARTESIAN_POINT('',(-38.45714285714,10.242857142857,23.42));
#1872 = VERTEX_POINT('',#1873);
#1873 = CARTESIAN_POINT('',(-38.45714285714,10.242857142857,24.42));
#1874 = LINE('',#1875,#1876);
#1875 = CARTESIAN_POINT('',(-38.45714285714,10.242857142857,23.42));
#1876 = VECTOR('',#1877,1.);
#1877 = DIRECTION('',(0.,0.,1.));
#1878 = ORIENTED_EDGE('',*,*,#1879,.T.);
#1879 = EDGE_CURVE('',#1872,#1839,#1880,.T.);
#1880 = LINE('',#1881,#1882);
#1881 = CARTESIAN_POINT('',(-38.45714285714,10.242857142857,24.42));
#1882 = VECTOR('',#1883,1.);
#1883 = DIRECTION('',(-1.,0.,0.));
#1884 = ORIENTED_EDGE('',*,*,#1836,.F.);
#1885 = ORIENTED_EDGE('',*,*,#1886,.F.);
#1886 = EDGE_CURVE('',#1870,#1837,#1887,.T.);
#1887 = LINE('',#1888,#1889);
#1888 = CARTESIAN_POINT('',(-38.45714285714,10.242857142857,23.42));
#1889 = VECTOR('',#1890,1.);
#1890 = DIRECTION('',(-1.,0.,0.));
#1891 = PLANE('',#1892);
#1892 = AXIS2_PLACEMENT_3D('',#1893,#1894,#1895);
#1893 = CARTESIAN_POINT('',(-38.45714285714,10.242857142857,23.42));
#1894 = DIRECTION('',(-2.2E-16,-1.,0.));
#1895 = DIRECTION('',(-1.,2.2E-16,0.));
#1896 = ADVANCED_FACE('',(#1897),#1922,.T.);
#1897 = FACE_BOUND('',#1898,.T.);
#1898 = EDGE_LOOP('',(#1899,#1909,#1915,#1916));
#1899 = ORIENTED_EDGE('',*,*,#1900,.T.);
#1900 = EDGE_CURVE('',#1901,#1903,#1905,.T.);
#1901 = VERTEX_POINT('',#1902);
#1902 = CARTESIAN_POINT('',(-37.78571428571,10.492857142857,23.42));
#1903 = VERTEX_POINT('',#1904);
#1904 = CARTESIAN_POINT('',(-37.78571428571,10.492857142857,24.42));
#1905 = LINE('',#1906,#1907);
#1906 = CARTESIAN_POINT('',(-37.78571428571,10.492857142857,23.42));
#1907 = VECTOR('',#1908,1.);
#1908 = DIRECTION('',(0.,0.,1.));
#1909 = ORIENTED_EDGE('',*,*,#1910,.T.);
#1910 = EDGE_CURVE('',#1903,#1872,#1911,.T.);
#1911 = B_SPLINE_CURVE_WITH_KNOTS('',2,(#1912,#1913,#1914),
  .UNSPECIFIED.,.F.,.F.,(3,3),(0.,1.),.PIECEWISE_BEZIER_KNOTS.);
#1912 = CARTESIAN_POINT('',(-37.78571428571,10.492857142857,24.42));
#1913 = CARTESIAN_POINT('',(-38.14285714285,10.242857142857,24.42));
#1914 = CARTESIAN_POINT('',(-38.45714285714,10.242857142857,24.42));
#1915 = ORIENTED_EDGE('',*,*,#1869,.F.);
#1916 = ORIENTED_EDGE('',*,*,#1917,.F.);
#1917 = EDGE_CURVE('',#1901,#1870,#1918,.T.);
#1918 = B_SPLINE_CURVE_WITH_KNOTS('',2,(#1919,#1920,#1921),
  .UNSPECIFIED.,.F.,.F.,(3,3),(0.,1.),.PIECEWISE_BEZIER_KNOTS.);
#1919 = CARTESIAN_POINT('',(-37.78571428571,10.492857142857,23.42));
#1920 = CARTESIAN_POINT('',(-38.14285714285,10.242857142857,23.42));
#1921 = CARTESIAN_POINT('',(-38.45714285714,10.242857142857,23.42));
#1922 = SURFACE_OF_LINEAR_EXTRUSION('',#1923,#1927);
#1923 = B_SPLINE_CURVE_WITH_KNOTS('',2,(#1924,#1925,#1926),
  .UNSPECIFIED.,.F.,.F.,(3,3),(0.,1.),.PIECEWISE_BEZIER_KNOTS.);
#1924 = CARTESIAN_POINT('',(-37.78571428571,10.492857142857,23.42));
#1925 = CARTESIAN_POINT('',(-38.14285714285,10.242857142857,23.42));
#1926 = CARTESIAN_POINT('',(-38.45714285714,10.242857142857,23.42));
#1927 = VECTOR('',#1928,1.);
#1928 = DIRECTION('',(-0.,-0.,-1.));
#1929 = ADVANCED_FACE('',(#1930),#1955,.T.);
#1930 = FACE_BOUND('',#1931,.T.);
#1931 = EDGE_LOOP('',(#1932,#1942,#1948,#1949));
#1932 = ORIENTED_EDGE('',*,*,#1933,.T.);
#1933 = EDGE_CURVE('',#1934,#1936,#1938,.T.);
#1934 = VERTEX_POINT('',#1935);
#1935 = CARTESIAN_POINT('',(-37.16428571428,11.65,23.42));
#1936 = VERTEX_POINT('',#1937);
#1937 = CARTESIAN_POINT('',(-37.16428571428,11.65,24.42));
#1938 = LINE('',#1939,#1940);
#1939 = CARTESIAN_POINT('',(-37.16428571428,11.65,23.42));
#1940 = VECTOR('',#1941,1.);
#1941 = DIRECTION('',(0.,0.,1.));
#1942 = ORIENTED_EDGE('',*,*,#1943,.T.);
#1943 = EDGE_CURVE('',#1936,#1903,#1944,.T.);
#1944 = B_SPLINE_CURVE_WITH_KNOTS('',2,(#1945,#1946,#1947),
  .UNSPECIFIED.,.F.,.F.,(3,3),(0.,1.),.PIECEWISE_BEZIER_KNOTS.);
#1945 = CARTESIAN_POINT('',(-37.16428571428,11.65,24.42));
#1946 = CARTESIAN_POINT('',(-37.16428571428,10.928571428571,24.42));
#1947 = CARTESIAN_POINT('',(-37.78571428571,10.492857142857,24.42));
#1948 = ORIENTED_EDGE('',*,*,#1900,.F.);
#1949 = ORIENTED_EDGE('',*,*,#1950,.F.);
#1950 = EDGE_CURVE('',#1934,#1901,#1951,.T.);
#1951 = B_SPLINE_CURVE_WITH_KNOTS('',2,(#1952,#1953,#1954),
  .UNSPECIFIED.,.F.,.F.,(3,3),(0.,1.),.PIECEWISE_BEZIER_KNOTS.);
#1952 = CARTESIAN_POINT('',(-37.16428571428,11.65,23.42));
#1953 = CARTESIAN_POINT('',(-37.16428571428,10.928571428571,23.42));
#1954 = CARTESIAN_POINT('',(-37.78571428571,10.492857142857,23.42));
#1955 = SURFACE_OF_LINEAR_EXTRUSION('',#1956,#1960);
#1956 = B_SPLINE_CURVE_WITH_KNOTS('',2,(#1957,#1958,#1959),
  .UNSPECIFIED.,.F.,.F.,(3,3),(0.,1.),.PIECEWISE_BEZIER_KNOTS.);
#1957 = CARTESIAN_POINT('',(-37.16428571428,11.65,23.42));
#1958 = CARTESIAN_POINT('',(-37.16428571428,10.928571428571,23.42));
#1959 = CARTESIAN_POINT('',(-37.78571428571,10.492857142857,23.42));
#1960 = VECTOR('',#1961,1.);
#1961 = DIRECTION('',(-0.,-0.,-1.));
#1962 = ADVANCED_FACE('',(#1963),#1988,.T.);
#1963 = FACE_BOUND('',#1964,.T.);
#1964 = EDGE_LOOP('',(#1965,#1975,#1981,#1982));
#1965 = ORIENTED_EDGE('',*,*,#1966,.T.);
#1966 = EDGE_CURVE('',#1967,#1969,#1971,.T.);
#1967 = VERTEX_POINT('',#1968);
#1968 = CARTESIAN_POINT('',(-37.95714285714,11.65,23.42));
#1969 = VERTEX_POINT('',#1970);
#1970 = CARTESIAN_POINT('',(-37.95714285714,11.65,24.42));
#1971 = LINE('',#1972,#1973);
#1972 = CARTESIAN_POINT('',(-37.95714285714,11.65,23.42));
#1973 = VECTOR('',#1974,1.);
#1974 = DIRECTION('',(0.,0.,1.));
#1975 = ORIENTED_EDGE('',*,*,#1976,.T.);
#1976 = EDGE_CURVE('',#1969,#1936,#1977,.T.);
#1977 = LINE('',#1978,#1979);
#1978 = CARTESIAN_POINT('',(-37.95714285714,11.65,24.42));
#1979 = VECTOR('',#1980,1.);
#1980 = DIRECTION('',(1.,0.,0.));
#1981 = ORIENTED_EDGE('',*,*,#1933,.F.);
#1982 = ORIENTED_EDGE('',*,*,#1983,.F.);
#1983 = EDGE_CURVE('',#1967,#1934,#1984,.T.);
#1984 = LINE('',#1985,#1986);
#1985 = CARTESIAN_POINT('',(-37.95714285714,11.65,23.42));
#1986 = VECTOR('',#1987,1.);
#1987 = DIRECTION('',(1.,0.,0.));
#1988 = PLANE('',#1989);
#1989 = AXIS2_PLACEMENT_3D('',#1990,#1991,#1992);
#1990 = CARTESIAN_POINT('',(-37.95714285714,11.65,23.42));
#1991 = DIRECTION('',(2.2E-16,1.,0.));
#1992 = DIRECTION('',(1.,-2.2E-16,0.));
#1993 = ADVANCED_FACE('',(#1994),#2019,.T.);
#1994 = FACE_BOUND('',#1995,.T.);
#1995 = EDGE_LOOP('',(#1996,#2006,#2012,#2013));
#1996 = ORIENTED_EDGE('',*,*,#1997,.T.);
#1997 = EDGE_CURVE('',#1998,#2000,#2002,.T.);
#1998 = VERTEX_POINT('',#1999);
#1999 = CARTESIAN_POINT('',(-38.15714285714,11.228571428571,23.42));
#2000 = VERTEX_POINT('',#2001);
#2001 = CARTESIAN_POINT('',(-38.15714285714,11.228571428571,24.42));
#2002 = LINE('',#2003,#2004);
#2003 = CARTESIAN_POINT('',(-38.15714285714,11.228571428571,23.42));
#2004 = VECTOR('',#2005,1.);
#2005 = DIRECTION('',(0.,0.,1.));
#2006 = ORIENTED_EDGE('',*,*,#2007,.T.);
#2007 = EDGE_CURVE('',#2000,#1969,#2008,.T.);
#2008 = B_SPLINE_CURVE_WITH_KNOTS('',2,(#2009,#2010,#2011),
  .UNSPECIFIED.,.F.,.F.,(3,3),(0.,1.),.PIECEWISE_BEZIER_KNOTS.);
#2009 = CARTESIAN_POINT('',(-38.15714285714,11.228571428571,24.42));
#2010 = CARTESIAN_POINT('',(-37.96428571428,11.407142857143,24.42));
#2011 = CARTESIAN_POINT('',(-37.95714285714,11.65,24.42));
#2012 = ORIENTED_EDGE('',*,*,#1966,.F.);
#2013 = ORIENTED_EDGE('',*,*,#2014,.F.);
#2014 = EDGE_CURVE('',#1998,#1967,#2015,.T.);
#2015 = B_SPLINE_CURVE_WITH_KNOTS('',2,(#2016,#2017,#2018),
  .UNSPECIFIED.,.F.,.F.,(3,3),(0.,1.),.PIECEWISE_BEZIER_KNOTS.);
#2016 = CARTESIAN_POINT('',(-38.15714285714,11.228571428571,23.42));
#2017 = CARTESIAN_POINT('',(-37.96428571428,11.407142857143,23.42));
#2018 = CARTESIAN_POINT('',(-37.95714285714,11.65,23.42));
#2019 = SURFACE_OF_LINEAR_EXTRUSION('',#2020,#2024);
#2020 = B_SPLINE_CURVE_WITH_KNOTS('',2,(#2021,#2022,#2023),
  .UNSPECIFIED.,.F.,.F.,(3,3),(0.,1.),.PIECEWISE_BEZIER_KNOTS.);
#2021 = CARTESIAN_POINT('',(-38.15714285714,11.228571428571,23.42));
#2022 = CARTESIAN_POINT('',(-37.96428571428,11.407142857143,23.42));
#2023 = CARTESIAN_POINT('',(-37.95714285714,11.65,23.42));
#2024 = VECTOR('',#2025,1.);
#2025 = DIRECTION('',(-0.,-0.,-1.));
#2026 = ADVANCED_FACE('',(#2027),#2052,.T.);
#2027 = FACE_BOUND('',#2028,.T.);
#2028 = EDGE_LOOP('',(#2029,#2039,#2045,#2046));
#2029 = ORIENTED_EDGE('',*,*,#2030,.T.);
#2030 = EDGE_CURVE('',#2031,#2033,#2035,.T.);
#2031 = VERTEX_POINT('',#2032);
#2032 = CARTESIAN_POINT('',(-38.57142857142,11.042857142857,23.42));
#2033 = VERTEX_POINT('',#2034);
#2034 = CARTESIAN_POINT('',(-38.57142857142,11.042857142857,24.42));
#2035 = LINE('',#2036,#2037);
#2036 = CARTESIAN_POINT('',(-38.57142857142,11.042857142857,23.42));
#2037 = VECTOR('',#2038,1.);
#2038 = DIRECTION('',(0.,0.,1.));
#2039 = ORIENTED_EDGE('',*,*,#2040,.T.);
#2040 = EDGE_CURVE('',#2033,#2000,#2041,.T.);
#2041 = B_SPLINE_CURVE_WITH_KNOTS('',2,(#2042,#2043,#2044),
  .UNSPECIFIED.,.F.,.F.,(3,3),(0.,1.),.PIECEWISE_BEZIER_KNOTS.);
#2042 = CARTESIAN_POINT('',(-38.57142857142,11.042857142857,24.42));
#2043 = CARTESIAN_POINT('',(-38.35714285714,11.042857142857,24.42));
#2044 = CARTESIAN_POINT('',(-38.15714285714,11.228571428571,24.42));
#2045 = ORIENTED_EDGE('',*,*,#1997,.F.);
#2046 = ORIENTED_EDGE('',*,*,#2047,.F.);
#2047 = EDGE_CURVE('',#2031,#1998,#2048,.T.);
#2048 = B_SPLINE_CURVE_WITH_KNOTS('',2,(#2049,#2050,#2051),
  .UNSPECIFIED.,.F.,.F.,(3,3),(0.,1.),.PIECEWISE_BEZIER_KNOTS.);
#2049 = CARTESIAN_POINT('',(-38.57142857142,11.042857142857,23.42));
#2050 = CARTESIAN_POINT('',(-38.35714285714,11.042857142857,23.42));
#2051 = CARTESIAN_POINT('',(-38.15714285714,11.228571428571,23.42));
#2052 = SURFACE_OF_LINEAR_EXTRUSION('',#2053,#2057);
#2053 = B_SPLINE_CURVE_WITH_KNOTS('',2,(#2054,#2055,#2056),
  .UNSPECIFIED.,.F.,.F.,(3,3),(0.,1.),.PIECEWISE_BEZIER_KNOTS.);
#2054 = CARTESIAN_POINT('',(-38.57142857142,11.042857142857,23.42));
#2055 = CARTESIAN_POINT('',(-38.35714285714,11.042857142857,23.42));
#2056 = CARTESIAN_POINT('',(-38.15714285714,11.228571428571,23.42));
#2057 = VECTOR('',#2058,1.);
#2058 = DIRECTION('',(-0.,-0.,-1.));
#2059 = ADVANCED_FACE('',(#2060),#2085,.T.);
#2060 = FACE_BOUND('',#2061,.T.);
#2061 = EDGE_LOOP('',(#2062,#2072,#2078,#2079));
#2062 = ORIENTED_EDGE('',*,*,#2063,.T.);
#2063 = EDGE_CURVE('',#2064,#2066,#2068,.T.);
#2064 = VERTEX_POINT('',#2065);
#2065 = CARTESIAN_POINT('',(-40.80714285714,11.042857142857,23.42));
#2066 = VERTEX_POINT('',#2067);
#2067 = CARTESIAN_POINT('',(-40.80714285714,11.042857142857,24.42));
#2068 = LINE('',#2069,#2070);
#2069 = CARTESIAN_POINT('',(-40.80714285714,11.042857142857,23.42));
#2070 = VECTOR('',#2071,1.);
#2071 = DIRECTION('',(0.,0.,1.));
#2072 = ORIENTED_EDGE('',*,*,#2073,.T.);
#2073 = EDGE_CURVE('',#2066,#2033,#2074,.T.);
#2074 = LINE('',#2075,#2076);
#2075 = CARTESIAN_POINT('',(-40.80714285714,11.042857142857,24.42));
#2076 = VECTOR('',#2077,1.);
#2077 = DIRECTION('',(1.,0.,0.));
#2078 = ORIENTED_EDGE('',*,*,#2030,.F.);
#2079 = ORIENTED_EDGE('',*,*,#2080,.F.);
#2080 = EDGE_CURVE('',#2064,#2031,#2081,.T.);
#2081 = LINE('',#2082,#2083);
#2082 = CARTESIAN_POINT('',(-40.80714285714,11.042857142857,23.42));
#2083 = VECTOR('',#2084,1.);
#2084 = DIRECTION('',(1.,0.,0.));
#2085 = PLANE('',#2086);
#2086 = AXIS2_PLACEMENT_3D('',#2087,#2088,#2089);
#2087 = CARTESIAN_POINT('',(-40.80714285714,11.042857142857,23.42));
#2088 = DIRECTION('',(2.2E-16,1.,0.));
#2089 = DIRECTION('',(1.,-2.2E-16,0.));
#2090 = ADVANCED_FACE('',(#2091),#2116,.T.);
#2091 = FACE_BOUND('',#2092,.T.);
#2092 = EDGE_LOOP('',(#2093,#2103,#2109,#2110));
#2093 = ORIENTED_EDGE('',*,*,#2094,.T.);
#2094 = EDGE_CURVE('',#2095,#2097,#2099,.T.);
#2095 = VERTEX_POINT('',#2096);
#2096 = CARTESIAN_POINT('',(-41.26428571428,11.264285714286,23.42));
#2097 = VERTEX_POINT('',#2098);
#2098 = CARTESIAN_POINT('',(-41.26428571428,11.264285714286,24.42));
#2099 = LINE('',#2100,#2101);
#2100 = CARTESIAN_POINT('',(-41.26428571428,11.264285714286,23.42));
#2101 = VECTOR('',#2102,1.);
#2102 = DIRECTION('',(0.,0.,1.));
#2103 = ORIENTED_EDGE('',*,*,#2104,.T.);
#2104 = EDGE_CURVE('',#2097,#2066,#2105,.T.);
#2105 = B_SPLINE_CURVE_WITH_KNOTS('',2,(#2106,#2107,#2108),
  .UNSPECIFIED.,.F.,.F.,(3,3),(0.,1.),.PIECEWISE_BEZIER_KNOTS.);
#2106 = CARTESIAN_POINT('',(-41.26428571428,11.264285714286,24.42));
#2107 = CARTESIAN_POINT('',(-41.07142857142,11.05,24.42));
#2108 = CARTESIAN_POINT('',(-40.80714285714,11.042857142857,24.42));
#2109 = ORIENTED_EDGE('',*,*,#2063,.F.);
#2110 = ORIENTED_EDGE('',*,*,#2111,.F.);
#2111 = EDGE_CURVE('',#2095,#2064,#2112,.T.);
#2112 = B_SPLINE_CURVE_WITH_KNOTS('',2,(#2113,#2114,#2115),
  .UNSPECIFIED.,.F.,.F.,(3,3),(0.,1.),.PIECEWISE_BEZIER_KNOTS.);
#2113 = CARTESIAN_POINT('',(-41.26428571428,11.264285714286,23.42));
#2114 = CARTESIAN_POINT('',(-41.07142857142,11.05,23.42));
#2115 = CARTESIAN_POINT('',(-40.80714285714,11.042857142857,23.42));
#2116 = SURFACE_OF_LINEAR_EXTRUSION('',#2117,#2121);
#2117 = B_SPLINE_CURVE_WITH_KNOTS('',2,(#2118,#2119,#2120),
  .UNSPECIFIED.,.F.,.F.,(3,3),(0.,1.),.PIECEWISE_BEZIER_KNOTS.);
#2118 = CARTESIAN_POINT('',(-41.26428571428,11.264285714286,23.42));
#2119 = CARTESIAN_POINT('',(-41.07142857142,11.05,23.42));
#2120 = CARTESIAN_POINT('',(-40.80714285714,11.042857142857,23.42));
#2121 = VECTOR('',#2122,1.);
#2122 = DIRECTION('',(-0.,-0.,-1.));
#2123 = ADVANCED_FACE('',(#2124),#2140,.T.);
#2124 = FACE_BOUND('',#2125,.T.);
#2125 = EDGE_LOOP('',(#2126,#2127,#2133,#2134));
#2126 = ORIENTED_EDGE('',*,*,#1781,.T.);
#2127 = ORIENTED_EDGE('',*,*,#2128,.T.);
#2128 = EDGE_CURVE('',#1774,#2097,#2129,.T.);
#2129 = B_SPLINE_CURVE_WITH_KNOTS('',2,(#2130,#2131,#2132),
  .UNSPECIFIED.,.F.,.F.,(3,3),(0.,1.),.PIECEWISE_BEZIER_KNOTS.);
#2130 = CARTESIAN_POINT('',(-41.43571428571,11.65,24.42));
#2131 = CARTESIAN_POINT('',(-41.43571428571,11.464285714286,24.42));
#2132 = CARTESIAN_POINT('',(-41.26428571428,11.264285714286,24.42));
#2133 = ORIENTED_EDGE('',*,*,#2094,.F.);
#2134 = ORIENTED_EDGE('',*,*,#2135,.F.);
#2135 = EDGE_CURVE('',#1782,#2095,#2136,.T.);
#2136 = B_SPLINE_CURVE_WITH_KNOTS('',2,(#2137,#2138,#2139),
  .UNSPECIFIED.,.F.,.F.,(3,3),(0.,1.),.PIECEWISE_BEZIER_KNOTS.);
#2137 = CARTESIAN_POINT('',(-41.43571428571,11.65,23.42));
#2138 = CARTESIAN_POINT('',(-41.43571428571,11.464285714286,23.42));
#2139 = CARTESIAN_POINT('',(-41.26428571428,11.264285714286,23.42));
#2140 = SURFACE_OF_LINEAR_EXTRUSION('',#2141,#2145);
#2141 = B_SPLINE_CURVE_WITH_KNOTS('',2,(#2142,#2143,#2144),
  .UNSPECIFIED.,.F.,.F.,(3,3),(0.,1.),.PIECEWISE_BEZIER_KNOTS.);
#2142 = CARTESIAN_POINT('',(-41.43571428571,11.65,23.42));
#2143 = CARTESIAN_POINT('',(-41.43571428571,11.464285714286,23.42));
#2144 = CARTESIAN_POINT('',(-41.26428571428,11.264285714286,23.42));
#2145 = VECTOR('',#2146,1.);
#2146 = DIRECTION('',(-0.,-0.,-1.));
#2147 = ADVANCED_FACE('',(#2148),#2162,.F.);
#2148 = FACE_BOUND('',#2149,.F.);
#2149 = EDGE_LOOP('',(#2150,#2151,#2152,#2153,#2154,#2155,#2156,#2157,
    #2158,#2159,#2160,#2161));
#2150 = ORIENTED_EDGE('',*,*,#1789,.F.);
#2151 = ORIENTED_EDGE('',*,*,#1820,.F.);
#2152 = ORIENTED_EDGE('',*,*,#1853,.F.);
#2153 = ORIENTED_EDGE('',*,*,#1886,.F.);
#2154 = ORIENTED_EDGE('',*,*,#1917,.F.);
#2155 = ORIENTED_EDGE('',*,*,#1950,.F.);
#2156 = ORIENTED_EDGE('',*,*,#1983,.F.);
#2157 = ORIENTED_EDGE('',*,*,#2014,.F.);
#2158 = ORIENTED_EDGE('',*,*,#2047,.F.);
#2159 = ORIENTED_EDGE('',*,*,#2080,.F.);
#2160 = ORIENTED_EDGE('',*,*,#2111,.F.);
#2161 = ORIENTED_EDGE('',*,*,#2135,.F.);
#2162 = PLANE('',#2163);
#2163 = AXIS2_PLACEMENT_3D('',#2164,#2165,#2166);
#2164 = CARTESIAN_POINT('',(-39.69446767145,11.844381011269,23.42));
#2165 = DIRECTION('',(0.,0.,1.));
#2166 = DIRECTION('',(0.,-1.,0.));
#2167 = ADVANCED_FACE('',(#2168),#2182,.T.);
#2168 = FACE_BOUND('',#2169,.T.);
#2169 = EDGE_LOOP('',(#2170,#2171,#2172,#2173,#2174,#2175,#2176,#2177,
    #2178,#2179,#2180,#2181));
#2170 = ORIENTED_EDGE('',*,*,#1773,.F.);
#2171 = ORIENTED_EDGE('',*,*,#1813,.F.);
#2172 = ORIENTED_EDGE('',*,*,#1846,.F.);
#2173 = ORIENTED_EDGE('',*,*,#1879,.F.);
#2174 = ORIENTED_EDGE('',*,*,#1910,.F.);
#2175 = ORIENTED_EDGE('',*,*,#1943,.F.);
#2176 = ORIENTED_EDGE('',*,*,#1976,.F.);
#2177 = ORIENTED_EDGE('',*,*,#2007,.F.);
#2178 = ORIENTED_EDGE('',*,*,#2040,.F.);
#2179 = ORIENTED_EDGE('',*,*,#2073,.F.);
#2180 = ORIENTED_EDGE('',*,*,#2104,.F.);
#2181 = ORIENTED_EDGE('',*,*,#2128,.F.);
#2182 = PLANE('',#2183);
#2183 = AXIS2_PLACEMENT_3D('',#2184,#2185,#2186);
#2184 = CARTESIAN_POINT('',(-39.69446767145,11.844381011269,24.42));
#2185 = DIRECTION('',(0.,0.,1.));
#2186 = DIRECTION('',(0.,-1.,0.));
#2187 = MANIFOLD_SOLID_BREP('',#2188);
#2188 = CLOSED_SHELL('',(#2189,#2229,#2262,#2295,#2326,#2359,#2392,#2423
    ,#2456,#2489,#2520,#2553,#2577,#2597));
#2189 = ADVANCED_FACE('',(#2190),#2224,.T.);
#2190 = FACE_BOUND('',#2191,.T.);
#2191 = EDGE_LOOP('',(#2192,#2202,#2210,#2218));
#2192 = ORIENTED_EDGE('',*,*,#2193,.T.);
#2193 = EDGE_CURVE('',#2194,#2196,#2198,.T.);
#2194 = VERTEX_POINT('',#2195);
#2195 = CARTESIAN_POINT('',(-40.80714285714,9.694285714286,23.42));
#2196 = VERTEX_POINT('',#2197);
#2197 = CARTESIAN_POINT('',(-40.80714285714,9.694285714286,24.42));
#2198 = LINE('',#2199,#2200);
#2199 = CARTESIAN_POINT('',(-40.80714285714,9.694285714286,23.42));
#2200 = VECTOR('',#2201,1.);
#2201 = DIRECTION('',(0.,0.,1.));
#2202 = ORIENTED_EDGE('',*,*,#2203,.T.);
#2203 = EDGE_CURVE('',#2196,#2204,#2206,.T.);
#2204 = VERTEX_POINT('',#2205);
#2205 = CARTESIAN_POINT('',(-38.45714285714,9.694285714286,24.42));
#2206 = LINE('',#2207,#2208);
#2207 = CARTESIAN_POINT('',(-40.80714285714,9.694285714286,24.42));
#2208 = VECTOR('',#2209,1.);
#2209 = DIRECTION('',(1.,0.,0.));
#2210 = ORIENTED_EDGE('',*,*,#2211,.F.);
#2211 = EDGE_CURVE('',#2212,#2204,#2214,.T.);
#2212 = VERTEX_POINT('',#2213);
#2213 = CARTESIAN_POINT('',(-38.45714285714,9.694285714286,23.42));
#2214 = LINE('',#2215,#2216);
#2215 = CARTESIAN_POINT('',(-38.45714285714,9.694285714286,23.42));
#2216 = VECTOR('',#2217,1.);
#2217 = DIRECTION('',(0.,0.,1.));
#2218 = ORIENTED_EDGE('',*,*,#2219,.F.);
#2219 = EDGE_CURVE('',#2194,#2212,#2220,.T.);
#2220 = LINE('',#2221,#2222);
#2221 = CARTESIAN_POINT('',(-40.80714285714,9.694285714286,23.42));
#2222 = VECTOR('',#2223,1.);
#2223 = DIRECTION('',(1.,0.,0.));
#2224 = PLANE('',#2225);
#2225 = AXIS2_PLACEMENT_3D('',#2226,#2227,#2228);
#2226 = CARTESIAN_POINT('',(-40.80714285714,9.694285714286,23.42));
#2227 = DIRECTION('',(2.2E-16,1.,0.));
#2228 = DIRECTION('',(1.,-2.2E-16,0.));
#2229 = ADVANCED_FACE('',(#2230),#2255,.T.);
#2230 = FACE_BOUND('',#2231,.T.);
#2231 = EDGE_LOOP('',(#2232,#2242,#2248,#2249));
#2232 = ORIENTED_EDGE('',*,*,#2233,.T.);
#2233 = EDGE_CURVE('',#2234,#2236,#2238,.T.);
#2234 = VERTEX_POINT('',#2235);
#2235 = CARTESIAN_POINT('',(-41.94285714285,9.108571428571,23.42));
#2236 = VERTEX_POINT('',#2237);
#2237 = CARTESIAN_POINT('',(-41.94285714285,9.108571428571,24.42));
#2238 = LINE('',#2239,#2240);
#2239 = CARTESIAN_POINT('',(-41.94285714285,9.108571428571,23.42));
#2240 = VECTOR('',#2241,1.);
#2241 = DIRECTION('',(0.,0.,1.));
#2242 = ORIENTED_EDGE('',*,*,#2243,.T.);
#2243 = EDGE_CURVE('',#2236,#2196,#2244,.T.);
#2244 = B_SPLINE_CURVE_WITH_KNOTS('',2,(#2245,#2246,#2247),
  .UNSPECIFIED.,.F.,.F.,(3,3),(0.,1.),.PIECEWISE_BEZIER_KNOTS.);
#2245 = CARTESIAN_POINT('',(-41.94285714285,9.108571428571,24.42));
#2246 = CARTESIAN_POINT('',(-41.51428571428,9.687142857143,24.42));
#2247 = CARTESIAN_POINT('',(-40.80714285714,9.694285714286,24.42));
#2248 = ORIENTED_EDGE('',*,*,#2193,.F.);
#2249 = ORIENTED_EDGE('',*,*,#2250,.F.);
#2250 = EDGE_CURVE('',#2234,#2194,#2251,.T.);
#2251 = B_SPLINE_CURVE_WITH_KNOTS('',2,(#2252,#2253,#2254),
  .UNSPECIFIED.,.F.,.F.,(3,3),(0.,1.),.PIECEWISE_BEZIER_KNOTS.);
#2252 = CARTESIAN_POINT('',(-41.94285714285,9.108571428571,23.42));
#2253 = CARTESIAN_POINT('',(-41.51428571428,9.687142857143,23.42));
#2254 = CARTESIAN_POINT('',(-40.80714285714,9.694285714286,23.42));
#2255 = SURFACE_OF_LINEAR_EXTRUSION('',#2256,#2260);
#2256 = B_SPLINE_CURVE_WITH_KNOTS('',2,(#2257,#2258,#2259),
  .UNSPECIFIED.,.F.,.F.,(3,3),(0.,1.),.PIECEWISE_BEZIER_KNOTS.);
#2257 = CARTESIAN_POINT('',(-41.94285714285,9.108571428571,23.42));
#2258 = CARTESIAN_POINT('',(-41.51428571428,9.687142857143,23.42));
#2259 = CARTESIAN_POINT('',(-40.80714285714,9.694285714286,23.42));
#2260 = VECTOR('',#2261,1.);
#2261 = DIRECTION('',(-0.,-0.,-1.));
#2262 = ADVANCED_FACE('',(#2263),#2288,.T.);
#2263 = FACE_BOUND('',#2264,.T.);
#2264 = EDGE_LOOP('',(#2265,#2275,#2281,#2282));
#2265 = ORIENTED_EDGE('',*,*,#2266,.T.);
#2266 = EDGE_CURVE('',#2267,#2269,#2271,.T.);
#2267 = VERTEX_POINT('',#2268);
#2268 = CARTESIAN_POINT('',(-42.23571428571,8.294285714286,23.42));
#2269 = VERTEX_POINT('',#2270);
#2270 = CARTESIAN_POINT('',(-42.23571428571,8.294285714286,24.42));
#2271 = LINE('',#2272,#2273);
#2272 = CARTESIAN_POINT('',(-42.23571428571,8.294285714286,23.42));
#2273 = VECTOR('',#2274,1.);
#2274 = DIRECTION('',(0.,0.,1.));
#2275 = ORIENTED_EDGE('',*,*,#2276,.T.);
#2276 = EDGE_CURVE('',#2269,#2236,#2277,.T.);
#2277 = B_SPLINE_CURVE_WITH_KNOTS('',2,(#2278,#2279,#2280),
  .UNSPECIFIED.,.F.,.F.,(3,3),(0.,1.),.PIECEWISE_BEZIER_KNOTS.);
#2278 = CARTESIAN_POINT('',(-42.23571428571,8.294285714286,24.42));
#2279 = CARTESIAN_POINT('',(-42.23571428571,8.701428571429,24.42));
#2280 = CARTESIAN_POINT('',(-41.94285714285,9.108571428571,24.42));
#2281 = ORIENTED_EDGE('',*,*,#2233,.F.);
#2282 = ORIENTED_EDGE('',*,*,#2283,.F.);
#2283 = EDGE_CURVE('',#2267,#2234,#2284,.T.);
#2284 = B_SPLINE_CURVE_WITH_KNOTS('',2,(#2285,#2286,#2287),
  .UNSPECIFIED.,.F.,.F.,(3,3),(0.,1.),.PIECEWISE_BEZIER_KNOTS.);
#2285 = CARTESIAN_POINT('',(-42.23571428571,8.294285714286,23.42));
#2286 = CARTESIAN_POINT('',(-42.23571428571,8.701428571429,23.42));
#2287 = CARTESIAN_POINT('',(-41.94285714285,9.108571428571,23.42));
#2288 = SURFACE_OF_LINEAR_EXTRUSION('',#2289,#2293);
#2289 = B_SPLINE_CURVE_WITH_KNOTS('',2,(#2290,#2291,#2292),
  .UNSPECIFIED.,.F.,.F.,(3,3),(0.,1.),.PIECEWISE_BEZIER_KNOTS.);
#2290 = CARTESIAN_POINT('',(-42.23571428571,8.294285714286,23.42));
#2291 = CARTESIAN_POINT('',(-42.23571428571,8.701428571429,23.42));
#2292 = CARTESIAN_POINT('',(-41.94285714285,9.108571428571,23.42));
#2293 = VECTOR('',#2294,1.);
#2294 = DIRECTION('',(-0.,-0.,-1.));
#2295 = ADVANCED_FACE('',(#2296),#2321,.T.);
#2296 = FACE_BOUND('',#2297,.T.);
#2297 = EDGE_LOOP('',(#2298,#2308,#2314,#2315));
#2298 = ORIENTED_EDGE('',*,*,#2299,.T.);
#2299 = EDGE_CURVE('',#2300,#2302,#2304,.T.);
#2300 = VERTEX_POINT('',#2301);
#2301 = CARTESIAN_POINT('',(-41.43571428571,8.294285714286,23.42));
#2302 = VERTEX_POINT('',#2303);
#2303 = CARTESIAN_POINT('',(-41.43571428571,8.294285714286,24.42));
#2304 = LINE('',#2305,#2306);
#2305 = CARTESIAN_POINT('',(-41.43571428571,8.294285714286,23.42));
#2306 = VECTOR('',#2307,1.);
#2307 = DIRECTION('',(0.,0.,1.));
#2308 = ORIENTED_EDGE('',*,*,#2309,.T.);
#2309 = EDGE_CURVE('',#2302,#2269,#2310,.T.);
#2310 = LINE('',#2311,#2312);
#2311 = CARTESIAN_POINT('',(-41.43571428571,8.294285714286,24.42));
#2312 = VECTOR('',#2313,1.);
#2313 = DIRECTION('',(-1.,0.,0.));
#2314 = ORIENTED_EDGE('',*,*,#2266,.F.);
#2315 = ORIENTED_EDGE('',*,*,#2316,.F.);
#2316 = EDGE_CURVE('',#2300,#2267,#2317,.T.);
#2317 = LINE('',#2318,#2319);
#2318 = CARTESIAN_POINT('',(-41.43571428571,8.294285714286,23.42));
#2319 = VECTOR('',#2320,1.);
#2320 = DIRECTION('',(-1.,0.,0.));
#2321 = PLANE('',#2322);
#2322 = AXIS2_PLACEMENT_3D('',#2323,#2324,#2325);
#2323 = CARTESIAN_POINT('',(-41.43571428571,8.294285714286,23.42));
#2324 = DIRECTION('',(-2.2E-16,-1.,0.));
#2325 = DIRECTION('',(-1.,2.2E-16,0.));
#2326 = ADVANCED_FACE('',(#2327),#2352,.T.);
#2327 = FACE_BOUND('',#2328,.T.);
#2328 = EDGE_LOOP('',(#2329,#2339,#2345,#2346));
#2329 = ORIENTED_EDGE('',*,*,#2330,.T.);
#2330 = EDGE_CURVE('',#2331,#2333,#2335,.T.);
#2331 = VERTEX_POINT('',#2332);
#2332 = CARTESIAN_POINT('',(-41.37857142857,8.501428571429,23.42));
#2333 = VERTEX_POINT('',#2334);
#2334 = CARTESIAN_POINT('',(-41.37857142857,8.501428571429,24.42));
#2335 = LINE('',#2336,#2337);
#2336 = CARTESIAN_POINT('',(-41.37857142857,8.501428571429,23.42));
#2337 = VECTOR('',#2338,1.);
#2338 = DIRECTION('',(0.,0.,1.));
#2339 = ORIENTED_EDGE('',*,*,#2340,.T.);
#2340 = EDGE_CURVE('',#2333,#2302,#2341,.T.);
#2341 = B_SPLINE_CURVE_WITH_KNOTS('',2,(#2342,#2343,#2344),
  .UNSPECIFIED.,.F.,.F.,(3,3),(0.,1.),.PIECEWISE_BEZIER_KNOTS.);
#2342 = CARTESIAN_POINT('',(-41.37857142857,8.501428571429,24.42));
#2343 = CARTESIAN_POINT('',(-41.43571428571,8.38,24.42));
#2344 = CARTESIAN_POINT('',(-41.43571428571,8.294285714286,24.42));
#2345 = ORIENTED_EDGE('',*,*,#2299,.F.);
#2346 = ORIENTED_EDGE('',*,*,#2347,.F.);
#2347 = EDGE_CURVE('',#2331,#2300,#2348,.T.);
#2348 = B_SPLINE_CURVE_WITH_KNOTS('',2,(#2349,#2350,#2351),
  .UNSPECIFIED.,.F.,.F.,(3,3),(0.,1.),.PIECEWISE_BEZIER_KNOTS.);
#2349 = CARTESIAN_POINT('',(-41.37857142857,8.501428571429,23.42));
#2350 = CARTESIAN_POINT('',(-41.43571428571,8.38,23.42));
#2351 = CARTESIAN_POINT('',(-41.43571428571,8.294285714286,23.42));
#2352 = SURFACE_OF_LINEAR_EXTRUSION('',#2353,#2357);
#2353 = B_SPLINE_CURVE_WITH_KNOTS('',2,(#2354,#2355,#2356),
  .UNSPECIFIED.,.F.,.F.,(3,3),(0.,1.),.PIECEWISE_BEZIER_KNOTS.);
#2354 = CARTESIAN_POINT('',(-41.37857142857,8.501428571429,23.42));
#2355 = CARTESIAN_POINT('',(-41.43571428571,8.38,23.42));
#2356 = CARTESIAN_POINT('',(-41.43571428571,8.294285714286,23.42));
#2357 = VECTOR('',#2358,1.);
#2358 = DIRECTION('',(-0.,-0.,-1.));
#2359 = ADVANCED_FACE('',(#2360),#2385,.T.);
#2360 = FACE_BOUND('',#2361,.T.);
#2361 = EDGE_LOOP('',(#2362,#2372,#2378,#2379));
#2362 = ORIENTED_EDGE('',*,*,#2363,.T.);
#2363 = EDGE_CURVE('',#2364,#2366,#2368,.T.);
#2364 = VERTEX_POINT('',#2365);
#2365 = CARTESIAN_POINT('',(-40.80714285714,8.901428571429,23.42));
#2366 = VERTEX_POINT('',#2367);
#2367 = CARTESIAN_POINT('',(-40.80714285714,8.901428571429,24.42));
#2368 = LINE('',#2369,#2370);
#2369 = CARTESIAN_POINT('',(-40.80714285714,8.901428571429,23.42));
#2370 = VECTOR('',#2371,1.);
#2371 = DIRECTION('',(0.,0.,1.));
#2372 = ORIENTED_EDGE('',*,*,#2373,.T.);
#2373 = EDGE_CURVE('',#2366,#2333,#2374,.T.);
#2374 = B_SPLINE_CURVE_WITH_KNOTS('',2,(#2375,#2376,#2377),
  .UNSPECIFIED.,.F.,.F.,(3,3),(0.,1.),.PIECEWISE_BEZIER_KNOTS.);
#2375 = CARTESIAN_POINT('',(-40.80714285714,8.901428571429,24.42));
#2376 = CARTESIAN_POINT('',(-41.19285714285,8.901428571429,24.42));
#2377 = CARTESIAN_POINT('',(-41.37857142857,8.501428571429,24.42));
#2378 = ORIENTED_EDGE('',*,*,#2330,.F.);
#2379 = ORIENTED_EDGE('',*,*,#2380,.F.);
#2380 = EDGE_CURVE('',#2364,#2331,#2381,.T.);
#2381 = B_SPLINE_CURVE_WITH_KNOTS('',2,(#2382,#2383,#2384),
  .UNSPECIFIED.,.F.,.F.,(3,3),(0.,1.),.PIECEWISE_BEZIER_KNOTS.);
#2382 = CARTESIAN_POINT('',(-40.80714285714,8.901428571429,23.42));
#2383 = CARTESIAN_POINT('',(-41.19285714285,8.901428571429,23.42));
#2384 = CARTESIAN_POINT('',(-41.37857142857,8.501428571429,23.42));
#2385 = SURFACE_OF_LINEAR_EXTRUSION('',#2386,#2390);
#2386 = B_SPLINE_CURVE_WITH_KNOTS('',2,(#2387,#2388,#2389),
  .UNSPECIFIED.,.F.,.F.,(3,3),(0.,1.),.PIECEWISE_BEZIER_KNOTS.);
#2387 = CARTESIAN_POINT('',(-40.80714285714,8.901428571429,23.42));
#2388 = CARTESIAN_POINT('',(-41.19285714285,8.901428571429,23.42));
#2389 = CARTESIAN_POINT('',(-41.37857142857,8.501428571429,23.42));
#2390 = VECTOR('',#2391,1.);
#2391 = DIRECTION('',(-0.,-0.,-1.));
#2392 = ADVANCED_FACE('',(#2393),#2418,.T.);
#2393 = FACE_BOUND('',#2394,.T.);
#2394 = EDGE_LOOP('',(#2395,#2405,#2411,#2412));
#2395 = ORIENTED_EDGE('',*,*,#2396,.T.);
#2396 = EDGE_CURVE('',#2397,#2399,#2401,.T.);
#2397 = VERTEX_POINT('',#2398);
#2398 = CARTESIAN_POINT('',(-38.57142857142,8.901428571429,23.42));
#2399 = VERTEX_POINT('',#2400);
#2400 = CARTESIAN_POINT('',(-38.57142857142,8.901428571429,24.42));
#2401 = LINE('',#2402,#2403);
#2402 = CARTESIAN_POINT('',(-38.57142857142,8.901428571429,23.42));
#2403 = VECTOR('',#2404,1.);
#2404 = DIRECTION('',(0.,0.,1.));
#2405 = ORIENTED_EDGE('',*,*,#2406,.T.);
#2406 = EDGE_CURVE('',#2399,#2366,#2407,.T.);
#2407 = LINE('',#2408,#2409);
#2408 = CARTESIAN_POINT('',(-38.57142857142,8.901428571429,24.42));
#2409 = VECTOR('',#2410,1.);
#2410 = DIRECTION('',(-1.,0.,0.));
#2411 = ORIENTED_EDGE('',*,*,#2363,.F.);
#2412 = ORIENTED_EDGE('',*,*,#2413,.F.);
#2413 = EDGE_CURVE('',#2397,#2364,#2414,.T.);
#2414 = LINE('',#2415,#2416);
#2415 = CARTESIAN_POINT('',(-38.57142857142,8.901428571429,23.42));
#2416 = VECTOR('',#2417,1.);
#2417 = DIRECTION('',(-1.,0.,0.));
#2418 = PLANE('',#2419);
#2419 = AXIS2_PLACEMENT_3D('',#2420,#2421,#2422);
#2420 = CARTESIAN_POINT('',(-38.57142857142,8.901428571429,23.42));
#2421 = DIRECTION('',(-2.2E-16,-1.,0.));
#2422 = DIRECTION('',(-1.,2.2E-16,0.));
#2423 = ADVANCED_FACE('',(#2424),#2449,.T.);
#2424 = FACE_BOUND('',#2425,.T.);
#2425 = EDGE_LOOP('',(#2426,#2436,#2442,#2443));
#2426 = ORIENTED_EDGE('',*,*,#2427,.T.);
#2427 = EDGE_CURVE('',#2428,#2430,#2432,.T.);
#2428 = VERTEX_POINT('',#2429);
#2429 = CARTESIAN_POINT('',(-38.35714285714,8.844285714286,23.42));
#2430 = VERTEX_POINT('',#2431);
#2431 = CARTESIAN_POINT('',(-38.35714285714,8.844285714286,24.42));
#2432 = LINE('',#2433,#2434);
#2433 = CARTESIAN_POINT('',(-38.35714285714,8.844285714286,23.42));
#2434 = VECTOR('',#2435,1.);
#2435 = DIRECTION('',(0.,0.,1.));
#2436 = ORIENTED_EDGE('',*,*,#2437,.T.);
#2437 = EDGE_CURVE('',#2430,#2399,#2438,.T.);
#2438 = B_SPLINE_CURVE_WITH_KNOTS('',2,(#2439,#2440,#2441),
  .UNSPECIFIED.,.F.,.F.,(3,3),(0.,1.),.PIECEWISE_BEZIER_KNOTS.);
#2439 = CARTESIAN_POINT('',(-38.35714285714,8.844285714286,24.42));
#2440 = CARTESIAN_POINT('',(-38.48571428571,8.901428571429,24.42));
#2441 = CARTESIAN_POINT('',(-38.57142857142,8.901428571429,24.42));
#2442 = ORIENTED_EDGE('',*,*,#2396,.F.);
#2443 = ORIENTED_EDGE('',*,*,#2444,.F.);
#2444 = EDGE_CURVE('',#2428,#2397,#2445,.T.);
#2445 = B_SPLINE_CURVE_WITH_KNOTS('',2,(#2446,#2447,#2448),
  .UNSPECIFIED.,.F.,.F.,(3,3),(0.,1.),.PIECEWISE_BEZIER_KNOTS.);
#2446 = CARTESIAN_POINT('',(-38.35714285714,8.844285714286,23.42));
#2447 = CARTESIAN_POINT('',(-38.48571428571,8.901428571429,23.42));
#2448 = CARTESIAN_POINT('',(-38.57142857142,8.901428571429,23.42));
#2449 = SURFACE_OF_LINEAR_EXTRUSION('',#2450,#2454);
#2450 = B_SPLINE_CURVE_WITH_KNOTS('',2,(#2451,#2452,#2453),
  .UNSPECIFIED.,.F.,.F.,(3,3),(0.,1.),.PIECEWISE_BEZIER_KNOTS.);
#2451 = CARTESIAN_POINT('',(-38.35714285714,8.844285714286,23.42));
#2452 = CARTESIAN_POINT('',(-38.48571428571,8.901428571429,23.42));
#2453 = CARTESIAN_POINT('',(-38.57142857142,8.901428571429,23.42));
#2454 = VECTOR('',#2455,1.);
#2455 = DIRECTION('',(-0.,-0.,-1.));
#2456 = ADVANCED_FACE('',(#2457),#2482,.T.);
#2457 = FACE_BOUND('',#2458,.T.);
#2458 = EDGE_LOOP('',(#2459,#2469,#2475,#2476));
#2459 = ORIENTED_EDGE('',*,*,#2460,.T.);
#2460 = EDGE_CURVE('',#2461,#2463,#2465,.T.);
#2461 = VERTEX_POINT('',#2462);
#2462 = CARTESIAN_POINT('',(-37.95714285714,8.287142857143,23.42));
#2463 = VERTEX_POINT('',#2464);
#2464 = CARTESIAN_POINT('',(-37.95714285714,8.287142857143,24.42));
#2465 = LINE('',#2466,#2467);
#2466 = CARTESIAN_POINT('',(-37.95714285714,8.287142857143,23.42));
#2467 = VECTOR('',#2468,1.);
#2468 = DIRECTION('',(0.,0.,1.));
#2469 = ORIENTED_EDGE('',*,*,#2470,.T.);
#2470 = EDGE_CURVE('',#2463,#2430,#2471,.T.);
#2471 = B_SPLINE_CURVE_WITH_KNOTS('',2,(#2472,#2473,#2474),
  .UNSPECIFIED.,.F.,.F.,(3,3),(0.,1.),.PIECEWISE_BEZIER_KNOTS.);
#2472 = CARTESIAN_POINT('',(-37.95714285714,8.287142857143,24.42));
#2473 = CARTESIAN_POINT('',(-37.96428571428,8.658571428571,24.42));
#2474 = CARTESIAN_POINT('',(-38.35714285714,8.844285714286,24.42));
#2475 = ORIENTED_EDGE('',*,*,#2427,.F.);
#2476 = ORIENTED_EDGE('',*,*,#2477,.F.);
#2477 = EDGE_CURVE('',#2461,#2428,#2478,.T.);
#2478 = B_SPLINE_CURVE_WITH_KNOTS('',2,(#2479,#2480,#2481),
  .UNSPECIFIED.,.F.,.F.,(3,3),(0.,1.),.PIECEWISE_BEZIER_KNOTS.);
#2479 = CARTESIAN_POINT('',(-37.95714285714,8.287142857143,23.42));
#2480 = CARTESIAN_POINT('',(-37.96428571428,8.658571428571,23.42));
#2481 = CARTESIAN_POINT('',(-38.35714285714,8.844285714286,23.42));
#2482 = SURFACE_OF_LINEAR_EXTRUSION('',#2483,#2487);
#2483 = B_SPLINE_CURVE_WITH_KNOTS('',2,(#2484,#2485,#2486),
  .UNSPECIFIED.,.F.,.F.,(3,3),(0.,1.),.PIECEWISE_BEZIER_KNOTS.);
#2484 = CARTESIAN_POINT('',(-37.95714285714,8.287142857143,23.42));
#2485 = CARTESIAN_POINT('',(-37.96428571428,8.658571428571,23.42));
#2486 = CARTESIAN_POINT('',(-38.35714285714,8.844285714286,23.42));
#2487 = VECTOR('',#2488,1.);
#2488 = DIRECTION('',(-0.,-0.,-1.));
#2489 = ADVANCED_FACE('',(#2490),#2515,.T.);
#2490 = FACE_BOUND('',#2491,.T.);
#2491 = EDGE_LOOP('',(#2492,#2502,#2508,#2509));
#2492 = ORIENTED_EDGE('',*,*,#2493,.T.);
#2493 = EDGE_CURVE('',#2494,#2496,#2498,.T.);
#2494 = VERTEX_POINT('',#2495);
#2495 = CARTESIAN_POINT('',(-37.16428571428,8.287142857143,23.42));
#2496 = VERTEX_POINT('',#2497);
#2497 = CARTESIAN_POINT('',(-37.16428571428,8.287142857143,24.42));
#2498 = LINE('',#2499,#2500);
#2499 = CARTESIAN_POINT('',(-37.16428571428,8.287142857143,23.42));
#2500 = VECTOR('',#2501,1.);
#2501 = DIRECTION('',(0.,0.,1.));
#2502 = ORIENTED_EDGE('',*,*,#2503,.T.);
#2503 = EDGE_CURVE('',#2496,#2463,#2504,.T.);
#2504 = LINE('',#2505,#2506);
#2505 = CARTESIAN_POINT('',(-37.16428571428,8.287142857143,24.42));
#2506 = VECTOR('',#2507,1.);
#2507 = DIRECTION('',(-1.,0.,0.));
#2508 = ORIENTED_EDGE('',*,*,#2460,.F.);
#2509 = ORIENTED_EDGE('',*,*,#2510,.F.);
#2510 = EDGE_CURVE('',#2494,#2461,#2511,.T.);
#2511 = LINE('',#2512,#2513);
#2512 = CARTESIAN_POINT('',(-37.16428571428,8.287142857143,23.42));
#2513 = VECTOR('',#2514,1.);
#2514 = DIRECTION('',(-1.,0.,0.));
#2515 = PLANE('',#2516);
#2516 = AXIS2_PLACEMENT_3D('',#2517,#2518,#2519);
#2517 = CARTESIAN_POINT('',(-37.16428571428,8.287142857143,23.42));
#2518 = DIRECTION('',(-2.2E-16,-1.,0.));
#2519 = DIRECTION('',(-1.,2.2E-16,0.));
#2520 = ADVANCED_FACE('',(#2521),#2546,.T.);
#2521 = FACE_BOUND('',#2522,.T.);
#2522 = EDGE_LOOP('',(#2523,#2533,#2539,#2540));
#2523 = ORIENTED_EDGE('',*,*,#2524,.T.);
#2524 = EDGE_CURVE('',#2525,#2527,#2529,.T.);
#2525 = VERTEX_POINT('',#2526);
#2526 = CARTESIAN_POINT('',(-37.68571428571,9.372857142857,23.42));
#2527 = VERTEX_POINT('',#2528);
#2528 = CARTESIAN_POINT('',(-37.68571428571,9.372857142857,24.42));
#2529 = LINE('',#2530,#2531);
#2530 = CARTESIAN_POINT('',(-37.68571428571,9.372857142857,23.42));
#2531 = VECTOR('',#2532,1.);
#2532 = DIRECTION('',(0.,0.,1.));
#2533 = ORIENTED_EDGE('',*,*,#2534,.T.);
#2534 = EDGE_CURVE('',#2527,#2496,#2535,.T.);
#2535 = B_SPLINE_CURVE_WITH_KNOTS('',2,(#2536,#2537,#2538),
  .UNSPECIFIED.,.F.,.F.,(3,3),(0.,1.),.PIECEWISE_BEZIER_KNOTS.);
#2536 = CARTESIAN_POINT('',(-37.68571428571,9.372857142857,24.42));
#2537 = CARTESIAN_POINT('',(-37.17142857142,8.944285714286,24.42));
#2538 = CARTESIAN_POINT('',(-37.16428571428,8.287142857143,24.42));
#2539 = ORIENTED_EDGE('',*,*,#2493,.F.);
#2540 = ORIENTED_EDGE('',*,*,#2541,.F.);
#2541 = EDGE_CURVE('',#2525,#2494,#2542,.T.);
#2542 = B_SPLINE_CURVE_WITH_KNOTS('',2,(#2543,#2544,#2545),
  .UNSPECIFIED.,.F.,.F.,(3,3),(0.,1.),.PIECEWISE_BEZIER_KNOTS.);
#2543 = CARTESIAN_POINT('',(-37.68571428571,9.372857142857,23.42));
#2544 = CARTESIAN_POINT('',(-37.17142857142,8.944285714286,23.42));
#2545 = CARTESIAN_POINT('',(-37.16428571428,8.287142857143,23.42));
#2546 = SURFACE_OF_LINEAR_EXTRUSION('',#2547,#2551);
#2547 = B_SPLINE_CURVE_WITH_KNOTS('',2,(#2548,#2549,#2550),
  .UNSPECIFIED.,.F.,.F.,(3,3),(0.,1.),.PIECEWISE_BEZIER_KNOTS.);
#2548 = CARTESIAN_POINT('',(-37.68571428571,9.372857142857,23.42));
#2549 = CARTESIAN_POINT('',(-37.17142857142,8.944285714286,23.42));
#2550 = CARTESIAN_POINT('',(-37.16428571428,8.287142857143,23.42));
#2551 = VECTOR('',#2552,1.);
#2552 = DIRECTION('',(-0.,-0.,-1.));
#2553 = ADVANCED_FACE('',(#2554),#2570,.T.);
#2554 = FACE_BOUND('',#2555,.T.);
#2555 = EDGE_LOOP('',(#2556,#2557,#2563,#2564));
#2556 = ORIENTED_EDGE('',*,*,#2211,.T.);
#2557 = ORIENTED_EDGE('',*,*,#2558,.T.);
#2558 = EDGE_CURVE('',#2204,#2527,#2559,.T.);
#2559 = B_SPLINE_CURVE_WITH_KNOTS('',2,(#2560,#2561,#2562),
  .UNSPECIFIED.,.F.,.F.,(3,3),(0.,1.),.PIECEWISE_BEZIER_KNOTS.);
#2560 = CARTESIAN_POINT('',(-38.45714285714,9.694285714286,24.42));
#2561 = CARTESIAN_POINT('',(-38.07857142857,9.694285714286,24.42));
#2562 = CARTESIAN_POINT('',(-37.68571428571,9.372857142857,24.42));
#2563 = ORIENTED_EDGE('',*,*,#2524,.F.);
#2564 = ORIENTED_EDGE('',*,*,#2565,.F.);
#2565 = EDGE_CURVE('',#2212,#2525,#2566,.T.);
#2566 = B_SPLINE_CURVE_WITH_KNOTS('',2,(#2567,#2568,#2569),
  .UNSPECIFIED.,.F.,.F.,(3,3),(0.,1.),.PIECEWISE_BEZIER_KNOTS.);
#2567 = CARTESIAN_POINT('',(-38.45714285714,9.694285714286,23.42));
#2568 = CARTESIAN_POINT('',(-38.07857142857,9.694285714286,23.42));
#2569 = CARTESIAN_POINT('',(-37.68571428571,9.372857142857,23.42));
#2570 = SURFACE_OF_LINEAR_EXTRUSION('',#2571,#2575);
#2571 = B_SPLINE_CURVE_WITH_KNOTS('',2,(#2572,#2573,#2574),
  .UNSPECIFIED.,.F.,.F.,(3,3),(0.,1.),.PIECEWISE_BEZIER_KNOTS.);
#2572 = CARTESIAN_POINT('',(-38.45714285714,9.694285714286,23.42));
#2573 = CARTESIAN_POINT('',(-38.07857142857,9.694285714286,23.42));
#2574 = CARTESIAN_POINT('',(-37.68571428571,9.372857142857,23.42));
#2575 = VECTOR('',#2576,1.);
#2576 = DIRECTION('',(-0.,-0.,-1.));
#2577 = ADVANCED_FACE('',(#2578),#2592,.F.);
#2578 = FACE_BOUND('',#2579,.F.);
#2579 = EDGE_LOOP('',(#2580,#2581,#2582,#2583,#2584,#2585,#2586,#2587,
    #2588,#2589,#2590,#2591));
#2580 = ORIENTED_EDGE('',*,*,#2219,.F.);
#2581 = ORIENTED_EDGE('',*,*,#2250,.F.);
#2582 = ORIENTED_EDGE('',*,*,#2283,.F.);
#2583 = ORIENTED_EDGE('',*,*,#2316,.F.);
#2584 = ORIENTED_EDGE('',*,*,#2347,.F.);
#2585 = ORIENTED_EDGE('',*,*,#2380,.F.);
#2586 = ORIENTED_EDGE('',*,*,#2413,.F.);
#2587 = ORIENTED_EDGE('',*,*,#2444,.F.);
#2588 = ORIENTED_EDGE('',*,*,#2477,.F.);
#2589 = ORIENTED_EDGE('',*,*,#2510,.F.);
#2590 = ORIENTED_EDGE('',*,*,#2541,.F.);
#2591 = ORIENTED_EDGE('',*,*,#2565,.F.);
#2592 = PLANE('',#2593);
#2593 = AXIS2_PLACEMENT_3D('',#2594,#2595,#2596);
#2594 = CARTESIAN_POINT('',(-39.69446767145,8.095809582697,23.42));
#2595 = DIRECTION('',(0.,0.,1.));
#2596 = DIRECTION('',(0.,-1.,0.));
#2597 = ADVANCED_FACE('',(#2598),#2612,.T.);
#2598 = FACE_BOUND('',#2599,.T.);
#2599 = EDGE_LOOP('',(#2600,#2601,#2602,#2603,#2604,#2605,#2606,#2607,
    #2608,#2609,#2610,#2611));
#2600 = ORIENTED_EDGE('',*,*,#2203,.F.);
#2601 = ORIENTED_EDGE('',*,*,#2243,.F.);
#2602 = ORIENTED_EDGE('',*,*,#2276,.F.);
#2603 = ORIENTED_EDGE('',*,*,#2309,.F.);
#2604 = ORIENTED_EDGE('',*,*,#2340,.F.);
#2605 = ORIENTED_EDGE('',*,*,#2373,.F.);
#2606 = ORIENTED_EDGE('',*,*,#2406,.F.);
#2607 = ORIENTED_EDGE('',*,*,#2437,.F.);
#2608 = ORIENTED_EDGE('',*,*,#2470,.F.);
#2609 = ORIENTED_EDGE('',*,*,#2503,.F.);
#2610 = ORIENTED_EDGE('',*,*,#2534,.F.);
#2611 = ORIENTED_EDGE('',*,*,#2558,.F.);
#2612 = PLANE('',#2613);
#2613 = AXIS2_PLACEMENT_3D('',#2614,#2615,#2616);
#2614 = CARTESIAN_POINT('',(-39.69446767145,8.095809582697,24.42));
#2615 = DIRECTION('',(0.,0.,1.));
#2616 = DIRECTION('',(0.,-1.,0.));
#2617 = MANIFOLD_SOLID_BREP('',#2618);
#2618 = CLOSED_SHELL('',(#2619,#2659,#2692,#2725,#2756,#2789,#2822,#2853
    ,#2886,#2919,#2950,#2983,#3007,#3027));
#2619 = ADVANCED_FACE('',(#2620),#2654,.T.);
#2620 = FACE_BOUND('',#2621,.T.);
#2621 = EDGE_LOOP('',(#2622,#2632,#2640,#2648));
#2622 = ORIENTED_EDGE('',*,*,#2623,.T.);
#2623 = EDGE_CURVE('',#2624,#2626,#2628,.T.);
#2624 = VERTEX_POINT('',#2625);
#2625 = CARTESIAN_POINT('',(-42.23571428571,7.901428571429,23.42));
#2626 = VERTEX_POINT('',#2627);
#2627 = CARTESIAN_POINT('',(-42.23571428571,7.901428571429,24.42));
#2628 = LINE('',#2629,#2630);
#2629 = CARTESIAN_POINT('',(-42.23571428571,7.901428571429,23.42));
#2630 = VECTOR('',#2631,1.);
#2631 = DIRECTION('',(0.,0.,1.));
#2632 = ORIENTED_EDGE('',*,*,#2633,.T.);
#2633 = EDGE_CURVE('',#2626,#2634,#2636,.T.);
#2634 = VERTEX_POINT('',#2635);
#2635 = CARTESIAN_POINT('',(-41.43571428571,7.901428571429,24.42));
#2636 = LINE('',#2637,#2638);
#2637 = CARTESIAN_POINT('',(-42.23571428571,7.901428571429,24.42));
#2638 = VECTOR('',#2639,1.);
#2639 = DIRECTION('',(1.,0.,0.));
#2640 = ORIENTED_EDGE('',*,*,#2641,.F.);
#2641 = EDGE_CURVE('',#2642,#2634,#2644,.T.);
#2642 = VERTEX_POINT('',#2643);
#2643 = CARTESIAN_POINT('',(-41.43571428571,7.901428571429,23.42));
#2644 = LINE('',#2645,#2646);
#2645 = CARTESIAN_POINT('',(-41.43571428571,7.901428571429,23.42));
#2646 = VECTOR('',#2647,1.);
#2647 = DIRECTION('',(0.,0.,1.));
#2648 = ORIENTED_EDGE('',*,*,#2649,.F.);
#2649 = EDGE_CURVE('',#2624,#2642,#2650,.T.);
#2650 = LINE('',#2651,#2652);
#2651 = CARTESIAN_POINT('',(-42.23571428571,7.901428571429,23.42));
#2652 = VECTOR('',#2653,1.);
#2653 = DIRECTION('',(1.,0.,0.));
#2654 = PLANE('',#2655);
#2655 = AXIS2_PLACEMENT_3D('',#2656,#2657,#2658);
#2656 = CARTESIAN_POINT('',(-42.23571428571,7.901428571429,23.42));
#2657 = DIRECTION('',(2.2E-16,1.,0.));
#2658 = DIRECTION('',(1.,-2.2E-16,0.));
#2659 = ADVANCED_FACE('',(#2660),#2685,.T.);
#2660 = FACE_BOUND('',#2661,.T.);
#2661 = EDGE_LOOP('',(#2662,#2672,#2678,#2679));
#2662 = ORIENTED_EDGE('',*,*,#2663,.T.);
#2663 = EDGE_CURVE('',#2664,#2666,#2668,.T.);
#2664 = VERTEX_POINT('',#2665);
#2665 = CARTESIAN_POINT('',(-42.02142857142,7.201428571429,23.42));
#2666 = VERTEX_POINT('',#2667);
#2667 = CARTESIAN_POINT('',(-42.02142857142,7.201428571429,24.42));
#2668 = LINE('',#2669,#2670);
#2669 = CARTESIAN_POINT('',(-42.02142857142,7.201428571429,23.42));
#2670 = VECTOR('',#2671,1.);
#2671 = DIRECTION('',(0.,0.,1.));
#2672 = ORIENTED_EDGE('',*,*,#2673,.T.);
#2673 = EDGE_CURVE('',#2666,#2626,#2674,.T.);
#2674 = B_SPLINE_CURVE_WITH_KNOTS('',2,(#2675,#2676,#2677),
  .UNSPECIFIED.,.F.,.F.,(3,3),(0.,1.),.PIECEWISE_BEZIER_KNOTS.);
#2675 = CARTESIAN_POINT('',(-42.02142857142,7.201428571429,24.42));
#2676 = CARTESIAN_POINT('',(-42.23571428571,7.572857142857,24.42));
#2677 = CARTESIAN_POINT('',(-42.23571428571,7.901428571429,24.42));
#2678 = ORIENTED_EDGE('',*,*,#2623,.F.);
#2679 = ORIENTED_EDGE('',*,*,#2680,.F.);
#2680 = EDGE_CURVE('',#2664,#2624,#2681,.T.);
#2681 = B_SPLINE_CURVE_WITH_KNOTS('',2,(#2682,#2683,#2684),
  .UNSPECIFIED.,.F.,.F.,(3,3),(0.,1.),.PIECEWISE_BEZIER_KNOTS.);
#2682 = CARTESIAN_POINT('',(-42.02142857142,7.201428571429,23.42));
#2683 = CARTESIAN_POINT('',(-42.23571428571,7.572857142857,23.42));
#2684 = CARTESIAN_POINT('',(-42.23571428571,7.901428571429,23.42));
#2685 = SURFACE_OF_LINEAR_EXTRUSION('',#2686,#2690);
#2686 = B_SPLINE_CURVE_WITH_KNOTS('',2,(#2687,#2688,#2689),
  .UNSPECIFIED.,.F.,.F.,(3,3),(0.,1.),.PIECEWISE_BEZIER_KNOTS.);
#2687 = CARTESIAN_POINT('',(-42.02142857142,7.201428571429,23.42));
#2688 = CARTESIAN_POINT('',(-42.23571428571,7.572857142857,23.42));
#2689 = CARTESIAN_POINT('',(-42.23571428571,7.901428571429,23.42));
#2690 = VECTOR('',#2691,1.);
#2691 = DIRECTION('',(-0.,-0.,-1.));
#2692 = ADVANCED_FACE('',(#2693),#2718,.T.);
#2693 = FACE_BOUND('',#2694,.T.);
#2694 = EDGE_LOOP('',(#2695,#2705,#2711,#2712));
#2695 = ORIENTED_EDGE('',*,*,#2696,.T.);
#2696 = EDGE_CURVE('',#2697,#2699,#2701,.T.);
#2697 = VERTEX_POINT('',#2698);
#2698 = CARTESIAN_POINT('',(-40.80714285714,6.494285714286,23.42));
#2699 = VERTEX_POINT('',#2700);
#2700 = CARTESIAN_POINT('',(-40.80714285714,6.494285714286,24.42));
#2701 = LINE('',#2702,#2703);
#2702 = CARTESIAN_POINT('',(-40.80714285714,6.494285714286,23.42));
#2703 = VECTOR('',#2704,1.);
#2704 = DIRECTION('',(0.,0.,1.));
#2705 = ORIENTED_EDGE('',*,*,#2706,.T.);
#2706 = EDGE_CURVE('',#2699,#2666,#2707,.T.);
#2707 = B_SPLINE_CURVE_WITH_KNOTS('',2,(#2708,#2709,#2710),
  .UNSPECIFIED.,.F.,.F.,(3,3),(0.,1.),.PIECEWISE_BEZIER_KNOTS.);
#2708 = CARTESIAN_POINT('',(-40.80714285714,6.494285714286,24.42));
#2709 = CARTESIAN_POINT('',(-41.6,6.494285714286,24.42));
#2710 = CARTESIAN_POINT('',(-42.02142857142,7.201428571429,24.42));
#2711 = ORIENTED_EDGE('',*,*,#2663,.F.);
#2712 = ORIENTED_EDGE('',*,*,#2713,.F.);
#2713 = EDGE_CURVE('',#2697,#2664,#2714,.T.);
#2714 = B_SPLINE_CURVE_WITH_KNOTS('',2,(#2715,#2716,#2717),
  .UNSPECIFIED.,.F.,.F.,(3,3),(0.,1.),.PIECEWISE_BEZIER_KNOTS.);
#2715 = CARTESIAN_POINT('',(-40.80714285714,6.494285714286,23.42));
#2716 = CARTESIAN_POINT('',(-41.6,6.494285714286,23.42));
#2717 = CARTESIAN_POINT('',(-42.02142857142,7.201428571429,23.42));
#2718 = SURFACE_OF_LINEAR_EXTRUSION('',#2719,#2723);
#2719 = B_SPLINE_CURVE_WITH_KNOTS('',2,(#2720,#2721,#2722),
  .UNSPECIFIED.,.F.,.F.,(3,3),(0.,1.),.PIECEWISE_BEZIER_KNOTS.);
#2720 = CARTESIAN_POINT('',(-40.80714285714,6.494285714286,23.42));
#2721 = CARTESIAN_POINT('',(-41.6,6.494285714286,23.42));
#2722 = CARTESIAN_POINT('',(-42.02142857142,7.201428571429,23.42));
#2723 = VECTOR('',#2724,1.);
#2724 = DIRECTION('',(-0.,-0.,-1.));
#2725 = ADVANCED_FACE('',(#2726),#2751,.T.);
#2726 = FACE_BOUND('',#2727,.T.);
#2727 = EDGE_LOOP('',(#2728,#2738,#2744,#2745));
#2728 = ORIENTED_EDGE('',*,*,#2729,.T.);
#2729 = EDGE_CURVE('',#2730,#2732,#2734,.T.);
#2730 = VERTEX_POINT('',#2731);
#2731 = CARTESIAN_POINT('',(-38.45714285714,6.494285714286,23.42));
#2732 = VERTEX_POINT('',#2733);
#2733 = CARTESIAN_POINT('',(-38.45714285714,6.494285714286,24.42));
#2734 = LINE('',#2735,#2736);
#2735 = CARTESIAN_POINT('',(-38.45714285714,6.494285714286,23.42));
#2736 = VECTOR('',#2737,1.);
#2737 = DIRECTION('',(0.,0.,1.));
#2738 = ORIENTED_EDGE('',*,*,#2739,.T.);
#2739 = EDGE_CURVE('',#2732,#2699,#2740,.T.);
#2740 = LINE('',#2741,#2742);
#2741 = CARTESIAN_POINT('',(-38.45714285714,6.494285714286,24.42));
#2742 = VECTOR('',#2743,1.);
#2743 = DIRECTION('',(-1.,0.,0.));
#2744 = ORIENTED_EDGE('',*,*,#2696,.F.);
#2745 = ORIENTED_EDGE('',*,*,#2746,.F.);
#2746 = EDGE_CURVE('',#2730,#2697,#2747,.T.);
#2747 = LINE('',#2748,#2749);
#2748 = CARTESIAN_POINT('',(-38.45714285714,6.494285714286,23.42));
#2749 = VECTOR('',#2750,1.);
#2750 = DIRECTION('',(-1.,0.,0.));
#2751 = PLANE('',#2752);
#2752 = AXIS2_PLACEMENT_3D('',#2753,#2754,#2755);
#2753 = CARTESIAN_POINT('',(-38.45714285714,6.494285714286,23.42));
#2754 = DIRECTION('',(-2.2E-16,-1.,0.));
#2755 = DIRECTION('',(-1.,2.2E-16,0.));
#2756 = ADVANCED_FACE('',(#2757),#2782,.T.);
#2757 = FACE_BOUND('',#2758,.T.);
#2758 = EDGE_LOOP('',(#2759,#2769,#2775,#2776));
#2759 = ORIENTED_EDGE('',*,*,#2760,.T.);
#2760 = EDGE_CURVE('',#2761,#2763,#2765,.T.);
#2761 = VERTEX_POINT('',#2762);
#2762 = CARTESIAN_POINT('',(-37.78571428571,6.744285714286,23.42));
#2763 = VERTEX_POINT('',#2764);
#2764 = CARTESIAN_POINT('',(-37.78571428571,6.744285714286,24.42));
#2765 = LINE('',#2766,#2767);
#2766 = CARTESIAN_POINT('',(-37.78571428571,6.744285714286,23.42));
#2767 = VECTOR('',#2768,1.);
#2768 = DIRECTION('',(0.,0.,1.));
#2769 = ORIENTED_EDGE('',*,*,#2770,.T.);
#2770 = EDGE_CURVE('',#2763,#2732,#2771,.T.);
#2771 = B_SPLINE_CURVE_WITH_KNOTS('',2,(#2772,#2773,#2774),
  .UNSPECIFIED.,.F.,.F.,(3,3),(0.,1.),.PIECEWISE_BEZIER_KNOTS.);
#2772 = CARTESIAN_POINT('',(-37.78571428571,6.744285714286,24.42));
#2773 = CARTESIAN_POINT('',(-38.14285714285,6.494285714286,24.42));
#2774 = CARTESIAN_POINT('',(-38.45714285714,6.494285714286,24.42));
#2775 = ORIENTED_EDGE('',*,*,#2729,.F.);
#2776 = ORIENTED_EDGE('',*,*,#2777,.F.);
#2777 = EDGE_CURVE('',#2761,#2730,#2778,.T.);
#2778 = B_SPLINE_CURVE_WITH_KNOTS('',2,(#2779,#2780,#2781),
  .UNSPECIFIED.,.F.,.F.,(3,3),(0.,1.),.PIECEWISE_BEZIER_KNOTS.);
#2779 = CARTESIAN_POINT('',(-37.78571428571,6.744285714286,23.42));
#2780 = CARTESIAN_POINT('',(-38.14285714285,6.494285714286,23.42));
#2781 = CARTESIAN_POINT('',(-38.45714285714,6.494285714286,23.42));
#2782 = SURFACE_OF_LINEAR_EXTRUSION('',#2783,#2787);
#2783 = B_SPLINE_CURVE_WITH_KNOTS('',2,(#2784,#2785,#2786),
  .UNSPECIFIED.,.F.,.F.,(3,3),(0.,1.),.PIECEWISE_BEZIER_KNOTS.);
#2784 = CARTESIAN_POINT('',(-37.78571428571,6.744285714286,23.42));
#2785 = CARTESIAN_POINT('',(-38.14285714285,6.494285714286,23.42));
#2786 = CARTESIAN_POINT('',(-38.45714285714,6.494285714286,23.42));
#2787 = VECTOR('',#2788,1.);
#2788 = DIRECTION('',(-0.,-0.,-1.));
#2789 = ADVANCED_FACE('',(#2790),#2815,.T.);
#2790 = FACE_BOUND('',#2791,.T.);
#2791 = EDGE_LOOP('',(#2792,#2802,#2808,#2809));
#2792 = ORIENTED_EDGE('',*,*,#2793,.T.);
#2793 = EDGE_CURVE('',#2794,#2796,#2798,.T.);
#2794 = VERTEX_POINT('',#2795);
#2795 = CARTESIAN_POINT('',(-37.16428571428,7.901428571429,23.42));
#2796 = VERTEX_POINT('',#2797);
#2797 = CARTESIAN_POINT('',(-37.16428571428,7.901428571429,24.42));
#2798 = LINE('',#2799,#2800);
#2799 = CARTESIAN_POINT('',(-37.16428571428,7.901428571429,23.42));
#2800 = VECTOR('',#2801,1.);
#2801 = DIRECTION('',(0.,0.,1.));
#2802 = ORIENTED_EDGE('',*,*,#2803,.T.);
#2803 = EDGE_CURVE('',#2796,#2763,#2804,.T.);
#2804 = B_SPLINE_CURVE_WITH_KNOTS('',2,(#2805,#2806,#2807),
  .UNSPECIFIED.,.F.,.F.,(3,3),(0.,1.),.PIECEWISE_BEZIER_KNOTS.);
#2805 = CARTESIAN_POINT('',(-37.16428571428,7.901428571429,24.42));
#2806 = CARTESIAN_POINT('',(-37.16428571428,7.18,24.42));
#2807 = CARTESIAN_POINT('',(-37.78571428571,6.744285714286,24.42));
#2808 = ORIENTED_EDGE('',*,*,#2760,.F.);
#2809 = ORIENTED_EDGE('',*,*,#2810,.F.);
#2810 = EDGE_CURVE('',#2794,#2761,#2811,.T.);
#2811 = B_SPLINE_CURVE_WITH_KNOTS('',2,(#2812,#2813,#2814),
  .UNSPECIFIED.,.F.,.F.,(3,3),(0.,1.),.PIECEWISE_BEZIER_KNOTS.);
#2812 = CARTESIAN_POINT('',(-37.16428571428,7.901428571429,23.42));
#2813 = CARTESIAN_POINT('',(-37.16428571428,7.18,23.42));
#2814 = CARTESIAN_POINT('',(-37.78571428571,6.744285714286,23.42));
#2815 = SURFACE_OF_LINEAR_EXTRUSION('',#2816,#2820);
#2816 = B_SPLINE_CURVE_WITH_KNOTS('',2,(#2817,#2818,#2819),
  .UNSPECIFIED.,.F.,.F.,(3,3),(0.,1.),.PIECEWISE_BEZIER_KNOTS.);
#2817 = CARTESIAN_POINT('',(-37.16428571428,7.901428571429,23.42));
#2818 = CARTESIAN_POINT('',(-37.16428571428,7.18,23.42));
#2819 = CARTESIAN_POINT('',(-37.78571428571,6.744285714286,23.42));
#2820 = VECTOR('',#2821,1.);
#2821 = DIRECTION('',(-0.,-0.,-1.));
#2822 = ADVANCED_FACE('',(#2823),#2848,.T.);
#2823 = FACE_BOUND('',#2824,.T.);
#2824 = EDGE_LOOP('',(#2825,#2835,#2841,#2842));
#2825 = ORIENTED_EDGE('',*,*,#2826,.T.);
#2826 = EDGE_CURVE('',#2827,#2829,#2831,.T.);
#2827 = VERTEX_POINT('',#2828);
#2828 = CARTESIAN_POINT('',(-37.95714285714,7.901428571429,23.42));
#2829 = VERTEX_POINT('',#2830);
#2830 = CARTESIAN_POINT('',(-37.95714285714,7.901428571429,24.42));
#2831 = LINE('',#2832,#2833);
#2832 = CARTESIAN_POINT('',(-37.95714285714,7.901428571429,23.42));
#2833 = VECTOR('',#2834,1.);
#2834 = DIRECTION('',(0.,0.,1.));
#2835 = ORIENTED_EDGE('',*,*,#2836,.T.);
#2836 = EDGE_CURVE('',#2829,#2796,#2837,.T.);
#2837 = LINE('',#2838,#2839);
#2838 = CARTESIAN_POINT('',(-37.95714285714,7.901428571429,24.42));
#2839 = VECTOR('',#2840,1.);
#2840 = DIRECTION('',(1.,0.,0.));
#2841 = ORIENTED_EDGE('',*,*,#2793,.F.);
#2842 = ORIENTED_EDGE('',*,*,#2843,.F.);
#2843 = EDGE_CURVE('',#2827,#2794,#2844,.T.);
#2844 = LINE('',#2845,#2846);
#2845 = CARTESIAN_POINT('',(-37.95714285714,7.901428571429,23.42));
#2846 = VECTOR('',#2847,1.);
#2847 = DIRECTION('',(1.,0.,0.));
#2848 = PLANE('',#2849);
#2849 = AXIS2_PLACEMENT_3D('',#2850,#2851,#2852);
#2850 = CARTESIAN_POINT('',(-37.95714285714,7.901428571429,23.42));
#2851 = DIRECTION('',(2.2E-16,1.,0.));
#2852 = DIRECTION('',(1.,-2.2E-16,0.));
#2853 = ADVANCED_FACE('',(#2854),#2879,.T.);
#2854 = FACE_BOUND('',#2855,.T.);
#2855 = EDGE_LOOP('',(#2856,#2866,#2872,#2873));
#2856 = ORIENTED_EDGE('',*,*,#2857,.T.);
#2857 = EDGE_CURVE('',#2858,#2860,#2862,.T.);
#2858 = VERTEX_POINT('',#2859);
#2859 = CARTESIAN_POINT('',(-38.15714285714,7.48,23.42));
#2860 = VERTEX_POINT('',#2861);
#2861 = CARTESIAN_POINT('',(-38.15714285714,7.48,24.42));
#2862 = LINE('',#2863,#2864);
#2863 = CARTESIAN_POINT('',(-38.15714285714,7.48,23.42));
#2864 = VECTOR('',#2865,1.);
#2865 = DIRECTION('',(0.,0.,1.));
#2866 = ORIENTED_EDGE('',*,*,#2867,.T.);
#2867 = EDGE_CURVE('',#2860,#2829,#2868,.T.);
#2868 = B_SPLINE_CURVE_WITH_KNOTS('',2,(#2869,#2870,#2871),
  .UNSPECIFIED.,.F.,.F.,(3,3),(0.,1.),.PIECEWISE_BEZIER_KNOTS.);
#2869 = CARTESIAN_POINT('',(-38.15714285714,7.48,24.42));
#2870 = CARTESIAN_POINT('',(-37.96428571428,7.658571428571,24.42));
#2871 = CARTESIAN_POINT('',(-37.95714285714,7.901428571429,24.42));
#2872 = ORIENTED_EDGE('',*,*,#2826,.F.);
#2873 = ORIENTED_EDGE('',*,*,#2874,.F.);
#2874 = EDGE_CURVE('',#2858,#2827,#2875,.T.);
#2875 = B_SPLINE_CURVE_WITH_KNOTS('',2,(#2876,#2877,#2878),
  .UNSPECIFIED.,.F.,.F.,(3,3),(0.,1.),.PIECEWISE_BEZIER_KNOTS.);
#2876 = CARTESIAN_POINT('',(-38.15714285714,7.48,23.42));
#2877 = CARTESIAN_POINT('',(-37.96428571428,7.658571428571,23.42));
#2878 = CARTESIAN_POINT('',(-37.95714285714,7.901428571429,23.42));
#2879 = SURFACE_OF_LINEAR_EXTRUSION('',#2880,#2884);
#2880 = B_SPLINE_CURVE_WITH_KNOTS('',2,(#2881,#2882,#2883),
  .UNSPECIFIED.,.F.,.F.,(3,3),(0.,1.),.PIECEWISE_BEZIER_KNOTS.);
#2881 = CARTESIAN_POINT('',(-38.15714285714,7.48,23.42));
#2882 = CARTESIAN_POINT('',(-37.96428571428,7.658571428571,23.42));
#2883 = CARTESIAN_POINT('',(-37.95714285714,7.901428571429,23.42));
#2884 = VECTOR('',#2885,1.);
#2885 = DIRECTION('',(-0.,-0.,-1.));
#2886 = ADVANCED_FACE('',(#2887),#2912,.T.);
#2887 = FACE_BOUND('',#2888,.T.);
#2888 = EDGE_LOOP('',(#2889,#2899,#2905,#2906));
#2889 = ORIENTED_EDGE('',*,*,#2890,.T.);
#2890 = EDGE_CURVE('',#2891,#2893,#2895,.T.);
#2891 = VERTEX_POINT('',#2892);
#2892 = CARTESIAN_POINT('',(-38.57142857142,7.294285714286,23.42));
#2893 = VERTEX_POINT('',#2894);
#2894 = CARTESIAN_POINT('',(-38.57142857142,7.294285714286,24.42));
#2895 = LINE('',#2896,#2897);
#2896 = CARTESIAN_POINT('',(-38.57142857142,7.294285714286,23.42));
#2897 = VECTOR('',#2898,1.);
#2898 = DIRECTION('',(0.,0.,1.));
#2899 = ORIENTED_EDGE('',*,*,#2900,.T.);
#2900 = EDGE_CURVE('',#2893,#2860,#2901,.T.);
#2901 = B_SPLINE_CURVE_WITH_KNOTS('',2,(#2902,#2903,#2904),
  .UNSPECIFIED.,.F.,.F.,(3,3),(0.,1.),.PIECEWISE_BEZIER_KNOTS.);
#2902 = CARTESIAN_POINT('',(-38.57142857142,7.294285714286,24.42));
#2903 = CARTESIAN_POINT('',(-38.35714285714,7.294285714286,24.42));
#2904 = CARTESIAN_POINT('',(-38.15714285714,7.48,24.42));
#2905 = ORIENTED_EDGE('',*,*,#2857,.F.);
#2906 = ORIENTED_EDGE('',*,*,#2907,.F.);
#2907 = EDGE_CURVE('',#2891,#2858,#2908,.T.);
#2908 = B_SPLINE_CURVE_WITH_KNOTS('',2,(#2909,#2910,#2911),
  .UNSPECIFIED.,.F.,.F.,(3,3),(0.,1.),.PIECEWISE_BEZIER_KNOTS.);
#2909 = CARTESIAN_POINT('',(-38.57142857142,7.294285714286,23.42));
#2910 = CARTESIAN_POINT('',(-38.35714285714,7.294285714286,23.42));
#2911 = CARTESIAN_POINT('',(-38.15714285714,7.48,23.42));
#2912 = SURFACE_OF_LINEAR_EXTRUSION('',#2913,#2917);
#2913 = B_SPLINE_CURVE_WITH_KNOTS('',2,(#2914,#2915,#2916),
  .UNSPECIFIED.,.F.,.F.,(3,3),(0.,1.),.PIECEWISE_BEZIER_KNOTS.);
#2914 = CARTESIAN_POINT('',(-38.57142857142,7.294285714286,23.42));
#2915 = CARTESIAN_POINT('',(-38.35714285714,7.294285714286,23.42));
#2916 = CARTESIAN_POINT('',(-38.15714285714,7.48,23.42));
#2917 = VECTOR('',#2918,1.);
#2918 = DIRECTION('',(-0.,-0.,-1.));
#2919 = ADVANCED_FACE('',(#2920),#2945,.T.);
#2920 = FACE_BOUND('',#2921,.T.);
#2921 = EDGE_LOOP('',(#2922,#2932,#2938,#2939));
#2922 = ORIENTED_EDGE('',*,*,#2923,.T.);
#2923 = EDGE_CURVE('',#2924,#2926,#2928,.T.);
#2924 = VERTEX_POINT('',#2925);
#2925 = CARTESIAN_POINT('',(-40.80714285714,7.294285714286,23.42));
#2926 = VERTEX_POINT('',#2927);
#2927 = CARTESIAN_POINT('',(-40.80714285714,7.294285714286,24.42));
#2928 = LINE('',#2929,#2930);
#2929 = CARTESIAN_POINT('',(-40.80714285714,7.294285714286,23.42));
#2930 = VECTOR('',#2931,1.);
#2931 = DIRECTION('',(0.,0.,1.));
#2932 = ORIENTED_EDGE('',*,*,#2933,.T.);
#2933 = EDGE_CURVE('',#2926,#2893,#2934,.T.);
#2934 = LINE('',#2935,#2936);
#2935 = CARTESIAN_POINT('',(-40.80714285714,7.294285714286,24.42));
#2936 = VECTOR('',#2937,1.);
#2937 = DIRECTION('',(1.,0.,0.));
#2938 = ORIENTED_EDGE('',*,*,#2890,.F.);
#2939 = ORIENTED_EDGE('',*,*,#2940,.F.);
#2940 = EDGE_CURVE('',#2924,#2891,#2941,.T.);
#2941 = LINE('',#2942,#2943);
#2942 = CARTESIAN_POINT('',(-40.80714285714,7.294285714286,23.42));
#2943 = VECTOR('',#2944,1.);
#2944 = DIRECTION('',(1.,0.,0.));
#2945 = PLANE('',#2946);
#2946 = AXIS2_PLACEMENT_3D('',#2947,#2948,#2949);
#2947 = CARTESIAN_POINT('',(-40.80714285714,7.294285714286,23.42));
#2948 = DIRECTION('',(2.2E-16,1.,0.));
#2949 = DIRECTION('',(1.,-2.2E-16,0.));
#2950 = ADVANCED_FACE('',(#2951),#2976,.T.);
#2951 = FACE_BOUND('',#2952,.T.);
#2952 = EDGE_LOOP('',(#2953,#2963,#2969,#2970));
#2953 = ORIENTED_EDGE('',*,*,#2954,.T.);
#2954 = EDGE_CURVE('',#2955,#2957,#2959,.T.);
#2955 = VERTEX_POINT('',#2956);
#2956 = CARTESIAN_POINT('',(-41.26428571428,7.515714285714,23.42));
#2957 = VERTEX_POINT('',#2958);
#2958 = CARTESIAN_POINT('',(-41.26428571428,7.515714285714,24.42));
#2959 = LINE('',#2960,#2961);
#2960 = CARTESIAN_POINT('',(-41.26428571428,7.515714285714,23.42));
#2961 = VECTOR('',#2962,1.);
#2962 = DIRECTION('',(0.,0.,1.));
#2963 = ORIENTED_EDGE('',*,*,#2964,.T.);
#2964 = EDGE_CURVE('',#2957,#2926,#2965,.T.);
#2965 = B_SPLINE_CURVE_WITH_KNOTS('',2,(#2966,#2967,#2968),
  .UNSPECIFIED.,.F.,.F.,(3,3),(0.,1.),.PIECEWISE_BEZIER_KNOTS.);
#2966 = CARTESIAN_POINT('',(-41.26428571428,7.515714285714,24.42));
#2967 = CARTESIAN_POINT('',(-41.07142857142,7.301428571429,24.42));
#2968 = CARTESIAN_POINT('',(-40.80714285714,7.294285714286,24.42));
#2969 = ORIENTED_EDGE('',*,*,#2923,.F.);
#2970 = ORIENTED_EDGE('',*,*,#2971,.F.);
#2971 = EDGE_CURVE('',#2955,#2924,#2972,.T.);
#2972 = B_SPLINE_CURVE_WITH_KNOTS('',2,(#2973,#2974,#2975),
  .UNSPECIFIED.,.F.,.F.,(3,3),(0.,1.),.PIECEWISE_BEZIER_KNOTS.);
#2973 = CARTESIAN_POINT('',(-41.26428571428,7.515714285714,23.42));
#2974 = CARTESIAN_POINT('',(-41.07142857142,7.301428571429,23.42));
#2975 = CARTESIAN_POINT('',(-40.80714285714,7.294285714286,23.42));
#2976 = SURFACE_OF_LINEAR_EXTRUSION('',#2977,#2981);
#2977 = B_SPLINE_CURVE_WITH_KNOTS('',2,(#2978,#2979,#2980),
  .UNSPECIFIED.,.F.,.F.,(3,3),(0.,1.),.PIECEWISE_BEZIER_KNOTS.);
#2978 = CARTESIAN_POINT('',(-41.26428571428,7.515714285714,23.42));
#2979 = CARTESIAN_POINT('',(-41.07142857142,7.301428571429,23.42));
#2980 = CARTESIAN_POINT('',(-40.80714285714,7.294285714286,23.42));
#2981 = VECTOR('',#2982,1.);
#2982 = DIRECTION('',(-0.,-0.,-1.));
#2983 = ADVANCED_FACE('',(#2984),#3000,.T.);
#2984 = FACE_BOUND('',#2985,.T.);
#2985 = EDGE_LOOP('',(#2986,#2987,#2993,#2994));
#2986 = ORIENTED_EDGE('',*,*,#2641,.T.);
#2987 = ORIENTED_EDGE('',*,*,#2988,.T.);
#2988 = EDGE_CURVE('',#2634,#2957,#2989,.T.);
#2989 = B_SPLINE_CURVE_WITH_KNOTS('',2,(#2990,#2991,#2992),
  .UNSPECIFIED.,.F.,.F.,(3,3),(0.,1.),.PIECEWISE_BEZIER_KNOTS.);
#2990 = CARTESIAN_POINT('',(-41.43571428571,7.901428571429,24.42));
#2991 = CARTESIAN_POINT('',(-41.43571428571,7.715714285714,24.42));
#2992 = CARTESIAN_POINT('',(-41.26428571428,7.515714285714,24.42));
#2993 = ORIENTED_EDGE('',*,*,#2954,.F.);
#2994 = ORIENTED_EDGE('',*,*,#2995,.F.);
#2995 = EDGE_CURVE('',#2642,#2955,#2996,.T.);
#2996 = B_SPLINE_CURVE_WITH_KNOTS('',2,(#2997,#2998,#2999),
  .UNSPECIFIED.,.F.,.F.,(3,3),(0.,1.),.PIECEWISE_BEZIER_KNOTS.);
#2997 = CARTESIAN_POINT('',(-41.43571428571,7.901428571429,23.42));
#2998 = CARTESIAN_POINT('',(-41.43571428571,7.715714285714,23.42));
#2999 = CARTESIAN_POINT('',(-41.26428571428,7.515714285714,23.42));
#3000 = SURFACE_OF_LINEAR_EXTRUSION('',#3001,#3005);
#3001 = B_SPLINE_CURVE_WITH_KNOTS('',2,(#3002,#3003,#3004),
  .UNSPECIFIED.,.F.,.F.,(3,3),(0.,1.),.PIECEWISE_BEZIER_KNOTS.);
#3002 = CARTESIAN_POINT('',(-41.43571428571,7.901428571429,23.42));
#3003 = CARTESIAN_POINT('',(-41.43571428571,7.715714285714,23.42));
#3004 = CARTESIAN_POINT('',(-41.26428571428,7.515714285714,23.42));
#3005 = VECTOR('',#3006,1.);
#3006 = DIRECTION('',(-0.,-0.,-1.));
#3007 = ADVANCED_FACE('',(#3008),#3022,.F.);
#3008 = FACE_BOUND('',#3009,.F.);
#3009 = EDGE_LOOP('',(#3010,#3011,#3012,#3013,#3014,#3015,#3016,#3017,
    #3018,#3019,#3020,#3021));
#3010 = ORIENTED_EDGE('',*,*,#2649,.F.);
#3011 = ORIENTED_EDGE('',*,*,#2680,.F.);
#3012 = ORIENTED_EDGE('',*,*,#2713,.F.);
#3013 = ORIENTED_EDGE('',*,*,#2746,.F.);
#3014 = ORIENTED_EDGE('',*,*,#2777,.F.);
#3015 = ORIENTED_EDGE('',*,*,#2810,.F.);
#3016 = ORIENTED_EDGE('',*,*,#2843,.F.);
#3017 = ORIENTED_EDGE('',*,*,#2874,.F.);
#3018 = ORIENTED_EDGE('',*,*,#2907,.F.);
#3019 = ORIENTED_EDGE('',*,*,#2940,.F.);
#3020 = ORIENTED_EDGE('',*,*,#2971,.F.);
#3021 = ORIENTED_EDGE('',*,*,#2995,.F.);
#3022 = PLANE('',#3023);
#3023 = AXIS2_PLACEMENT_3D('',#3024,#3025,#3026);
#3024 = CARTESIAN_POINT('',(-39.69446767145,8.095809582697,23.42));
#3025 = DIRECTION('',(0.,0.,1.));
#3026 = DIRECTION('',(0.,-1.,0.));
#3027 = ADVANCED_FACE('',(#3028),#3042,.T.);
#3028 = FACE_BOUND('',#3029,.T.);
#3029 = EDGE_LOOP('',(#3030,#3031,#3032,#3033,#3034,#3035,#3036,#3037,
    #3038,#3039,#3040,#3041));
#3030 = ORIENTED_EDGE('',*,*,#2633,.F.);
#3031 = ORIENTED_EDGE('',*,*,#2673,.F.);
#3032 = ORIENTED_EDGE('',*,*,#2706,.F.);
#3033 = ORIENTED_EDGE('',*,*,#2739,.F.);
#3034 = ORIENTED_EDGE('',*,*,#2770,.F.);
#3035 = ORIENTED_EDGE('',*,*,#2803,.F.);
#3036 = ORIENTED_EDGE('',*,*,#2836,.F.);
#3037 = ORIENTED_EDGE('',*,*,#2867,.F.);
#3038 = ORIENTED_EDGE('',*,*,#2900,.F.);
#3039 = ORIENTED_EDGE('',*,*,#2933,.F.);
#3040 = ORIENTED_EDGE('',*,*,#2964,.F.);
#3041 = ORIENTED_EDGE('',*,*,#2988,.F.);
#3042 = PLANE('',#3043);
#3043 = AXIS2_PLACEMENT_3D('',#3044,#3045,#3046);
#3044 = CARTESIAN_POINT('',(-39.69446767145,8.095809582697,24.42));
#3045 = DIRECTION('',(0.,0.,1.));
#3046 = DIRECTION('',(0.,-1.,0.));
#3047 = MANIFOLD_SOLID_BREP('',#3048);
#3048 = CLOSED_SHELL('',(#3049,#3089,#3120,#3153,#3186,#3217,#3248,#3279
    ,#3312,#3345,#3378,#3411,#3444,#3475,#3506,#3537,#3570,#3603,#3636,
    #3669,#3691,#3719));
#3049 = ADVANCED_FACE('',(#3050),#3084,.T.);
#3050 = FACE_BOUND('',#3051,.T.);
#3051 = EDGE_LOOP('',(#3052,#3062,#3070,#3078));
#3052 = ORIENTED_EDGE('',*,*,#3053,.T.);
#3053 = EDGE_CURVE('',#3054,#3056,#3058,.T.);
#3054 = VERTEX_POINT('',#3055);
#3055 = CARTESIAN_POINT('',(-40.09285714285,4.76,23.42));
#3056 = VERTEX_POINT('',#3057);
#3057 = CARTESIAN_POINT('',(-40.09285714285,4.76,24.42));
#3058 = LINE('',#3059,#3060);
#3059 = CARTESIAN_POINT('',(-40.09285714285,4.76,23.42));
#3060 = VECTOR('',#3061,1.);
#3061 = DIRECTION('',(0.,0.,1.));
#3062 = ORIENTED_EDGE('',*,*,#3063,.T.);
#3063 = EDGE_CURVE('',#3056,#3064,#3066,.T.);
#3064 = VERTEX_POINT('',#3065);
#3065 = CARTESIAN_POINT('',(-39.37857142857,4.76,24.42));
#3066 = LINE('',#3067,#3068);
#3067 = CARTESIAN_POINT('',(-40.09285714285,4.76,24.42));
#3068 = VECTOR('',#3069,1.);
#3069 = DIRECTION('',(1.,0.,0.));
#3070 = ORIENTED_EDGE('',*,*,#3071,.F.);
#3071 = EDGE_CURVE('',#3072,#3064,#3074,.T.);
#3072 = VERTEX_POINT('',#3073);
#3073 = CARTESIAN_POINT('',(-39.37857142857,4.76,23.42));
#3074 = LINE('',#3075,#3076);
#3075 = CARTESIAN_POINT('',(-39.37857142857,4.76,23.42));
#3076 = VECTOR('',#3077,1.);
#3077 = DIRECTION('',(0.,0.,1.));
#3078 = ORIENTED_EDGE('',*,*,#3079,.F.);
#3079 = EDGE_CURVE('',#3054,#3072,#3080,.T.);
#3080 = LINE('',#3081,#3082);
#3081 = CARTESIAN_POINT('',(-40.09285714285,4.76,23.42));
#3082 = VECTOR('',#3083,1.);
#3083 = DIRECTION('',(1.,0.,0.));
#3084 = PLANE('',#3085);
#3085 = AXIS2_PLACEMENT_3D('',#3086,#3087,#3088);
#3086 = CARTESIAN_POINT('',(-40.09285714285,4.76,23.42));
#3087 = DIRECTION('',(2.2E-16,1.,0.));
#3088 = DIRECTION('',(1.,-2.2E-16,0.));
#3089 = ADVANCED_FACE('',(#3090),#3115,.T.);
#3090 = FACE_BOUND('',#3091,.T.);
#3091 = EDGE_LOOP('',(#3092,#3102,#3108,#3109));
#3092 = ORIENTED_EDGE('',*,*,#3093,.T.);
#3093 = EDGE_CURVE('',#3094,#3096,#3098,.T.);
#3094 = VERTEX_POINT('',#3095);
#3095 = CARTESIAN_POINT('',(-40.09285714285,4.345714285714,23.42));
#3096 = VERTEX_POINT('',#3097);
#3097 = CARTESIAN_POINT('',(-40.09285714285,4.345714285714,24.42));
#3098 = LINE('',#3099,#3100);
#3099 = CARTESIAN_POINT('',(-40.09285714285,4.345714285714,23.42));
#3100 = VECTOR('',#3101,1.);
#3101 = DIRECTION('',(0.,0.,1.));
#3102 = ORIENTED_EDGE('',*,*,#3103,.T.);
#3103 = EDGE_CURVE('',#3096,#3056,#3104,.T.);
#3104 = LINE('',#3105,#3106);
#3105 = CARTESIAN_POINT('',(-40.09285714285,4.345714285714,24.42));
#3106 = VECTOR('',#3107,1.);
#3107 = DIRECTION('',(0.,1.,0.));
#3108 = ORIENTED_EDGE('',*,*,#3053,.F.);
#3109 = ORIENTED_EDGE('',*,*,#3110,.F.);
#3110 = EDGE_CURVE('',#3094,#3054,#3111,.T.);
#3111 = LINE('',#3112,#3113);
#3112 = CARTESIAN_POINT('',(-40.09285714285,4.345714285714,23.42));
#3113 = VECTOR('',#3114,1.);
#3114 = DIRECTION('',(0.,1.,0.));
#3115 = PLANE('',#3116);
#3116 = AXIS2_PLACEMENT_3D('',#3117,#3118,#3119);
#3117 = CARTESIAN_POINT('',(-40.09285714285,4.345714285714,23.42));
#3118 = DIRECTION('',(-1.,2.2E-16,0.));
#3119 = DIRECTION('',(2.2E-16,1.,0.));
#3120 = ADVANCED_FACE('',(#3121),#3146,.T.);
#3121 = FACE_BOUND('',#3122,.T.);
#3122 = EDGE_LOOP('',(#3123,#3133,#3139,#3140));
#3123 = ORIENTED_EDGE('',*,*,#3124,.T.);
#3124 = EDGE_CURVE('',#3125,#3127,#3129,.T.);
#3125 = VERTEX_POINT('',#3126);
#3126 = CARTESIAN_POINT('',(-40.17142857142,3.952857142857,23.42));
#3127 = VERTEX_POINT('',#3128);
#3128 = CARTESIAN_POINT('',(-40.17142857142,3.952857142857,24.42));
#3129 = LINE('',#3130,#3131);
#3130 = CARTESIAN_POINT('',(-40.17142857142,3.952857142857,23.42));
#3131 = VECTOR('',#3132,1.);
#3132 = DIRECTION('',(0.,0.,1.));
#3133 = ORIENTED_EDGE('',*,*,#3134,.T.);
#3134 = EDGE_CURVE('',#3127,#3096,#3135,.T.);
#3135 = B_SPLINE_CURVE_WITH_KNOTS('',2,(#3136,#3137,#3138),
  .UNSPECIFIED.,.F.,.F.,(3,3),(0.,1.),.PIECEWISE_BEZIER_KNOTS.);
#3136 = CARTESIAN_POINT('',(-40.17142857142,3.952857142857,24.42));
#3137 = CARTESIAN_POINT('',(-40.09285714285,4.11,24.42));
#3138 = CARTESIAN_POINT('',(-40.09285714285,4.345714285714,24.42));
#3139 = ORIENTED_EDGE('',*,*,#3093,.F.);
#3140 = ORIENTED_EDGE('',*,*,#3141,.F.);
#3141 = EDGE_CURVE('',#3125,#3094,#3142,.T.);
#3142 = B_SPLINE_CURVE_WITH_KNOTS('',2,(#3143,#3144,#3145),
  .UNSPECIFIED.,.F.,.F.,(3,3),(0.,1.),.PIECEWISE_BEZIER_KNOTS.);
#3143 = CARTESIAN_POINT('',(-40.17142857142,3.952857142857,23.42));
#3144 = CARTESIAN_POINT('',(-40.09285714285,4.11,23.42));
#3145 = CARTESIAN_POINT('',(-40.09285714285,4.345714285714,23.42));
#3146 = SURFACE_OF_LINEAR_EXTRUSION('',#3147,#3151);
#3147 = B_SPLINE_CURVE_WITH_KNOTS('',2,(#3148,#3149,#3150),
  .UNSPECIFIED.,.F.,.F.,(3,3),(0.,1.),.PIECEWISE_BEZIER_KNOTS.);
#3148 = CARTESIAN_POINT('',(-40.17142857142,3.952857142857,23.42));
#3149 = CARTESIAN_POINT('',(-40.09285714285,4.11,23.42));
#3150 = CARTESIAN_POINT('',(-40.09285714285,4.345714285714,23.42));
#3151 = VECTOR('',#3152,1.);
#3152 = DIRECTION('',(-0.,-0.,-1.));
#3153 = ADVANCED_FACE('',(#3154),#3179,.T.);
#3154 = FACE_BOUND('',#3155,.T.);
#3155 = EDGE_LOOP('',(#3156,#3166,#3172,#3173));
#3156 = ORIENTED_EDGE('',*,*,#3157,.T.);
#3157 = EDGE_CURVE('',#3158,#3160,#3162,.T.);
#3158 = VERTEX_POINT('',#3159);
#3159 = CARTESIAN_POINT('',(-40.92857142857,3.631428571429,23.42));
#3160 = VERTEX_POINT('',#3161);
#3161 = CARTESIAN_POINT('',(-40.92857142857,3.631428571429,24.42));
#3162 = LINE('',#3163,#3164);
#3163 = CARTESIAN_POINT('',(-40.92857142857,3.631428571429,23.42));
#3164 = VECTOR('',#3165,1.);
#3165 = DIRECTION('',(0.,0.,1.));
#3166 = ORIENTED_EDGE('',*,*,#3167,.T.);
#3167 = EDGE_CURVE('',#3160,#3127,#3168,.T.);
#3168 = B_SPLINE_CURVE_WITH_KNOTS('',2,(#3169,#3170,#3171),
  .UNSPECIFIED.,.F.,.F.,(3,3),(0.,1.),.PIECEWISE_BEZIER_KNOTS.);
#3169 = CARTESIAN_POINT('',(-40.92857142857,3.631428571429,24.42));
#3170 = CARTESIAN_POINT('',(-40.32857142857,3.688571428571,24.42));
#3171 = CARTESIAN_POINT('',(-40.17142857142,3.952857142857,24.42));
#3172 = ORIENTED_EDGE('',*,*,#3124,.F.);
#3173 = ORIENTED_EDGE('',*,*,#3174,.F.);
#3174 = EDGE_CURVE('',#3158,#3125,#3175,.T.);
#3175 = B_SPLINE_CURVE_WITH_KNOTS('',2,(#3176,#3177,#3178),
  .UNSPECIFIED.,.F.,.F.,(3,3),(0.,1.),.PIECEWISE_BEZIER_KNOTS.);
#3176 = CARTESIAN_POINT('',(-40.92857142857,3.631428571429,23.42));
#3177 = CARTESIAN_POINT('',(-40.32857142857,3.688571428571,23.42));
#3178 = CARTESIAN_POINT('',(-40.17142857142,3.952857142857,23.42));
#3179 = SURFACE_OF_LINEAR_EXTRUSION('',#3180,#3184);
#3180 = B_SPLINE_CURVE_WITH_KNOTS('',2,(#3181,#3182,#3183),
  .UNSPECIFIED.,.F.,.F.,(3,3),(0.,1.),.PIECEWISE_BEZIER_KNOTS.);
#3181 = CARTESIAN_POINT('',(-40.92857142857,3.631428571429,23.42));
#3182 = CARTESIAN_POINT('',(-40.32857142857,3.688571428571,23.42));
#3183 = CARTESIAN_POINT('',(-40.17142857142,3.952857142857,23.42));
#3184 = VECTOR('',#3185,1.);
#3185 = DIRECTION('',(-0.,-0.,-1.));
#3186 = ADVANCED_FACE('',(#3187),#3212,.T.);
#3187 = FACE_BOUND('',#3188,.T.);
#3188 = EDGE_LOOP('',(#3189,#3199,#3205,#3206));
#3189 = ORIENTED_EDGE('',*,*,#3190,.T.);
#3190 = EDGE_CURVE('',#3191,#3193,#3195,.T.);
#3191 = VERTEX_POINT('',#3192);
#3192 = CARTESIAN_POINT('',(-42.2,3.524285714286,23.42));
#3193 = VERTEX_POINT('',#3194);
#3194 = CARTESIAN_POINT('',(-42.2,3.524285714286,24.42));
#3195 = LINE('',#3196,#3197);
#3196 = CARTESIAN_POINT('',(-42.2,3.524285714286,23.42));
#3197 = VECTOR('',#3198,1.);
#3198 = DIRECTION('',(0.,0.,1.));
#3199 = ORIENTED_EDGE('',*,*,#3200,.T.);
#3200 = EDGE_CURVE('',#3193,#3160,#3201,.T.);
#3201 = LINE('',#3202,#3203);
#3202 = CARTESIAN_POINT('',(-42.2,3.524285714286,24.42));
#3203 = VECTOR('',#3204,1.);
#3204 = DIRECTION('',(0.996468111813,8.397203189433E-02,0.));
#3205 = ORIENTED_EDGE('',*,*,#3157,.F.);
#3206 = ORIENTED_EDGE('',*,*,#3207,.F.);
#3207 = EDGE_CURVE('',#3191,#3158,#3208,.T.);
#3208 = LINE('',#3209,#3210);
#3209 = CARTESIAN_POINT('',(-42.2,3.524285714286,23.42));
#3210 = VECTOR('',#3211,1.);
#3211 = DIRECTION('',(0.996468111813,8.397203189433E-02,0.));
#3212 = PLANE('',#3213);
#3213 = AXIS2_PLACEMENT_3D('',#3214,#3215,#3216);
#3214 = CARTESIAN_POINT('',(-42.2,3.524285714286,23.42));
#3215 = DIRECTION('',(-8.397203189433E-02,0.996468111813,0.));
#3216 = DIRECTION('',(0.996468111813,8.397203189433E-02,0.));
#3217 = ADVANCED_FACE('',(#3218),#3243,.T.);
#3218 = FACE_BOUND('',#3219,.T.);
#3219 = EDGE_LOOP('',(#3220,#3230,#3236,#3237));
#3220 = ORIENTED_EDGE('',*,*,#3221,.T.);
#3221 = EDGE_CURVE('',#3222,#3224,#3226,.T.);
#3222 = VERTEX_POINT('',#3223);
#3223 = CARTESIAN_POINT('',(-42.2,2.781428571429,23.42));
#3224 = VERTEX_POINT('',#3225);
#3225 = CARTESIAN_POINT('',(-42.2,2.781428571429,24.42));
#3226 = LINE('',#3227,#3228);
#3227 = CARTESIAN_POINT('',(-42.2,2.781428571429,23.42));
#3228 = VECTOR('',#3229,1.);
#3229 = DIRECTION('',(0.,0.,1.));
#3230 = ORIENTED_EDGE('',*,*,#3231,.T.);
#3231 = EDGE_CURVE('',#3224,#3193,#3232,.T.);
#3232 = LINE('',#3233,#3234);
#3233 = CARTESIAN_POINT('',(-42.2,2.781428571429,24.42));
#3234 = VECTOR('',#3235,1.);
#3235 = DIRECTION('',(0.,1.,0.));
#3236 = ORIENTED_EDGE('',*,*,#3190,.F.);
#3237 = ORIENTED_EDGE('',*,*,#3238,.F.);
#3238 = EDGE_CURVE('',#3222,#3191,#3239,.T.);
#3239 = LINE('',#3240,#3241);
#3240 = CARTESIAN_POINT('',(-42.2,2.781428571429,23.42));
#3241 = VECTOR('',#3242,1.);
#3242 = DIRECTION('',(0.,1.,0.));
#3243 = PLANE('',#3244);
#3244 = AXIS2_PLACEMENT_3D('',#3245,#3246,#3247);
#3245 = CARTESIAN_POINT('',(-42.2,2.781428571429,23.42));
#3246 = DIRECTION('',(-1.,2.2E-16,0.));
#3247 = DIRECTION('',(2.2E-16,1.,0.));
#3248 = ADVANCED_FACE('',(#3249),#3274,.T.);
#3249 = FACE_BOUND('',#3250,.T.);
#3250 = EDGE_LOOP('',(#3251,#3261,#3267,#3268));
#3251 = ORIENTED_EDGE('',*,*,#3252,.T.);
#3252 = EDGE_CURVE('',#3253,#3255,#3257,.T.);
#3253 = VERTEX_POINT('',#3254);
#3254 = CARTESIAN_POINT('',(-40.65,2.902857142857,23.42));
#3255 = VERTEX_POINT('',#3256);
#3256 = CARTESIAN_POINT('',(-40.65,2.902857142857,24.42));
#3257 = LINE('',#3258,#3259);
#3258 = CARTESIAN_POINT('',(-40.65,2.902857142857,23.42));
#3259 = VECTOR('',#3260,1.);
#3260 = DIRECTION('',(0.,0.,1.));
#3261 = ORIENTED_EDGE('',*,*,#3262,.T.);
#3262 = EDGE_CURVE('',#3255,#3224,#3263,.T.);
#3263 = LINE('',#3264,#3265);
#3264 = CARTESIAN_POINT('',(-40.65,2.902857142857,24.42));
#3265 = VECTOR('',#3266,1.);
#3266 = DIRECTION('',(-0.996945395907,-7.810171304339E-02,0.));
#3267 = ORIENTED_EDGE('',*,*,#3221,.F.);
#3268 = ORIENTED_EDGE('',*,*,#3269,.F.);
#3269 = EDGE_CURVE('',#3253,#3222,#3270,.T.);
#3270 = LINE('',#3271,#3272);
#3271 = CARTESIAN_POINT('',(-40.65,2.902857142857,23.42));
#3272 = VECTOR('',#3273,1.);
#3273 = DIRECTION('',(-0.996945395907,-7.810171304339E-02,0.));
#3274 = PLANE('',#3275);
#3275 = AXIS2_PLACEMENT_3D('',#3276,#3277,#3278);
#3276 = CARTESIAN_POINT('',(-40.65,2.902857142857,23.42));
#3277 = DIRECTION('',(7.810171304339E-02,-0.996945395907,0.));
#3278 = DIRECTION('',(-0.996945395907,-7.810171304339E-02,0.));
#3279 = ADVANCED_FACE('',(#3280),#3305,.T.);
#3280 = FACE_BOUND('',#3281,.T.);
#3281 = EDGE_LOOP('',(#3282,#3292,#3298,#3299));
#3282 = ORIENTED_EDGE('',*,*,#3283,.T.);
#3283 = EDGE_CURVE('',#3284,#3286,#3288,.T.);
#3284 = VERTEX_POINT('',#3285);
#3285 = CARTESIAN_POINT('',(-40.47857142857,2.924285714286,23.42));
#3286 = VERTEX_POINT('',#3287);
#3287 = CARTESIAN_POINT('',(-40.47857142857,2.924285714286,24.42));
#3288 = LINE('',#3289,#3290);
#3289 = CARTESIAN_POINT('',(-40.47857142857,2.924285714286,23.42));
#3290 = VECTOR('',#3291,1.);
#3291 = DIRECTION('',(0.,0.,1.));
#3292 = ORIENTED_EDGE('',*,*,#3293,.T.);
#3293 = EDGE_CURVE('',#3286,#3255,#3294,.T.);
#3294 = B_SPLINE_CURVE_WITH_KNOTS('',2,(#3295,#3296,#3297),
  .UNSPECIFIED.,.F.,.F.,(3,3),(0.,1.),.PIECEWISE_BEZIER_KNOTS.);
#3295 = CARTESIAN_POINT('',(-40.47857142857,2.924285714286,24.42));
#3296 = CARTESIAN_POINT('',(-40.57142857142,2.91,24.42));
#3297 = CARTESIAN_POINT('',(-40.65,2.902857142857,24.42));
#3298 = ORIENTED_EDGE('',*,*,#3252,.F.);
#3299 = ORIENTED_EDGE('',*,*,#3300,.F.);
#3300 = EDGE_CURVE('',#3284,#3253,#3301,.T.);
#3301 = B_SPLINE_CURVE_WITH_KNOTS('',2,(#3302,#3303,#3304),
  .UNSPECIFIED.,.F.,.F.,(3,3),(0.,1.),.PIECEWISE_BEZIER_KNOTS.);
#3302 = CARTESIAN_POINT('',(-40.47857142857,2.924285714286,23.42));
#3303 = CARTESIAN_POINT('',(-40.57142857142,2.91,23.42));
#3304 = CARTESIAN_POINT('',(-40.65,2.902857142857,23.42));
#3305 = SURFACE_OF_LINEAR_EXTRUSION('',#3306,#3310);
#3306 = B_SPLINE_CURVE_WITH_KNOTS('',2,(#3307,#3308,#3309),
  .UNSPECIFIED.,.F.,.F.,(3,3),(0.,1.),.PIECEWISE_BEZIER_KNOTS.);
#3307 = CARTESIAN_POINT('',(-40.47857142857,2.924285714286,23.42));
#3308 = CARTESIAN_POINT('',(-40.57142857142,2.91,23.42));
#3309 = CARTESIAN_POINT('',(-40.65,2.902857142857,23.42));
#3310 = VECTOR('',#3311,1.);
#3311 = DIRECTION('',(-0.,-0.,-1.));
#3312 = ADVANCED_FACE('',(#3313),#3338,.T.);
#3313 = FACE_BOUND('',#3314,.T.);
#3314 = EDGE_LOOP('',(#3315,#3325,#3331,#3332));
#3315 = ORIENTED_EDGE('',*,*,#3316,.T.);
#3316 = EDGE_CURVE('',#3317,#3319,#3321,.T.);
#3317 = VERTEX_POINT('',#3318);
#3318 = CARTESIAN_POINT('',(-39.71428571428,3.395714285714,23.42));
#3319 = VERTEX_POINT('',#3320);
#3320 = CARTESIAN_POINT('',(-39.71428571428,3.395714285714,24.42));
#3321 = LINE('',#3322,#3323);
#3322 = CARTESIAN_POINT('',(-39.71428571428,3.395714285714,23.42));
#3323 = VECTOR('',#3324,1.);
#3324 = DIRECTION('',(0.,0.,1.));
#3325 = ORIENTED_EDGE('',*,*,#3326,.T.);
#3326 = EDGE_CURVE('',#3319,#3286,#3327,.T.);
#3327 = B_SPLINE_CURVE_WITH_KNOTS('',2,(#3328,#3329,#3330),
  .UNSPECIFIED.,.F.,.F.,(3,3),(0.,1.),.PIECEWISE_BEZIER_KNOTS.);
#3328 = CARTESIAN_POINT('',(-39.71428571428,3.395714285714,24.42));
#3329 = CARTESIAN_POINT('',(-39.92857142857,3.024285714286,24.42));
#3330 = CARTESIAN_POINT('',(-40.47857142857,2.924285714286,24.42));
#3331 = ORIENTED_EDGE('',*,*,#3283,.F.);
#3332 = ORIENTED_EDGE('',*,*,#3333,.F.);
#3333 = EDGE_CURVE('',#3317,#3284,#3334,.T.);
#3334 = B_SPLINE_CURVE_WITH_KNOTS('',2,(#3335,#3336,#3337),
  .UNSPECIFIED.,.F.,.F.,(3,3),(0.,1.),.PIECEWISE_BEZIER_KNOTS.);
#3335 = CARTESIAN_POINT('',(-39.71428571428,3.395714285714,23.42));
#3336 = CARTESIAN_POINT('',(-39.92857142857,3.024285714286,23.42));
#3337 = CARTESIAN_POINT('',(-40.47857142857,2.924285714286,23.42));
#3338 = SURFACE_OF_LINEAR_EXTRUSION('',#3339,#3343);
#3339 = B_SPLINE_CURVE_WITH_KNOTS('',2,(#3340,#3341,#3342),
  .UNSPECIFIED.,.F.,.F.,(3,3),(0.,1.),.PIECEWISE_BEZIER_KNOTS.);
#3340 = CARTESIAN_POINT('',(-39.71428571428,3.395714285714,23.42));
#3341 = CARTESIAN_POINT('',(-39.92857142857,3.024285714286,23.42));
#3342 = CARTESIAN_POINT('',(-40.47857142857,2.924285714286,23.42));
#3343 = VECTOR('',#3344,1.);
#3344 = DIRECTION('',(-0.,-0.,-1.));
#3345 = ADVANCED_FACE('',(#3346),#3371,.T.);
#3346 = FACE_BOUND('',#3347,.T.);
#3347 = EDGE_LOOP('',(#3348,#3358,#3364,#3365));
#3348 = ORIENTED_EDGE('',*,*,#3349,.T.);
#3349 = EDGE_CURVE('',#3350,#3352,#3354,.T.);
#3350 = VERTEX_POINT('',#3351);
#3351 = CARTESIAN_POINT('',(-38.56428571428,2.91,23.42));
#3352 = VERTEX_POINT('',#3353);
#3353 = CARTESIAN_POINT('',(-38.56428571428,2.91,24.42));
#3354 = LINE('',#3355,#3356);
#3355 = CARTESIAN_POINT('',(-38.56428571428,2.91,23.42));
#3356 = VECTOR('',#3357,1.);
#3357 = DIRECTION('',(0.,0.,1.));
#3358 = ORIENTED_EDGE('',*,*,#3359,.T.);
#3359 = EDGE_CURVE('',#3352,#3319,#3360,.T.);
#3360 = B_SPLINE_CURVE_WITH_KNOTS('',2,(#3361,#3362,#3363),
  .UNSPECIFIED.,.F.,.F.,(3,3),(0.,1.),.PIECEWISE_BEZIER_KNOTS.);
#3361 = CARTESIAN_POINT('',(-38.56428571428,2.91,24.42));
#3362 = CARTESIAN_POINT('',(-39.35714285714,2.917142857143,24.42));
#3363 = CARTESIAN_POINT('',(-39.71428571428,3.395714285714,24.42));
#3364 = ORIENTED_EDGE('',*,*,#3316,.F.);
#3365 = ORIENTED_EDGE('',*,*,#3366,.F.);
#3366 = EDGE_CURVE('',#3350,#3317,#3367,.T.);
#3367 = B_SPLINE_CURVE_WITH_KNOTS('',2,(#3368,#3369,#3370),
  .UNSPECIFIED.,.F.,.F.,(3,3),(0.,1.),.PIECEWISE_BEZIER_KNOTS.);
#3368 = CARTESIAN_POINT('',(-38.56428571428,2.91,23.42));
#3369 = CARTESIAN_POINT('',(-39.35714285714,2.917142857143,23.42));
#3370 = CARTESIAN_POINT('',(-39.71428571428,3.395714285714,23.42));
#3371 = SURFACE_OF_LINEAR_EXTRUSION('',#3372,#3376);
#3372 = B_SPLINE_CURVE_WITH_KNOTS('',2,(#3373,#3374,#3375),
  .UNSPECIFIED.,.F.,.F.,(3,3),(0.,1.),.PIECEWISE_BEZIER_KNOTS.);
#3373 = CARTESIAN_POINT('',(-38.56428571428,2.91,23.42));
#3374 = CARTESIAN_POINT('',(-39.35714285714,2.917142857143,23.42));
#3375 = CARTESIAN_POINT('',(-39.71428571428,3.395714285714,23.42));
#3376 = VECTOR('',#3377,1.);
#3377 = DIRECTION('',(-0.,-0.,-1.));
#3378 = ADVANCED_FACE('',(#3379),#3404,.T.);
#3379 = FACE_BOUND('',#3380,.T.);
#3380 = EDGE_LOOP('',(#3381,#3391,#3397,#3398));
#3381 = ORIENTED_EDGE('',*,*,#3382,.T.);
#3382 = EDGE_CURVE('',#3383,#3385,#3387,.T.);
#3383 = VERTEX_POINT('',#3384);
#3384 = CARTESIAN_POINT('',(-37.90714285714,3.045714285714,23.42));
#3385 = VERTEX_POINT('',#3386);
#3386 = CARTESIAN_POINT('',(-37.90714285714,3.045714285714,24.42));
#3387 = LINE('',#3388,#3389);
#3388 = CARTESIAN_POINT('',(-37.90714285714,3.045714285714,23.42));
#3389 = VECTOR('',#3390,1.);
#3390 = DIRECTION('',(0.,0.,1.));
#3391 = ORIENTED_EDGE('',*,*,#3392,.T.);
#3392 = EDGE_CURVE('',#3385,#3352,#3393,.T.);
#3393 = B_SPLINE_CURVE_WITH_KNOTS('',2,(#3394,#3395,#3396),
  .UNSPECIFIED.,.F.,.F.,(3,3),(0.,1.),.PIECEWISE_BEZIER_KNOTS.);
#3394 = CARTESIAN_POINT('',(-37.90714285714,3.045714285714,24.42));
#3395 = CARTESIAN_POINT('',(-38.19285714285,2.91,24.42));
#3396 = CARTESIAN_POINT('',(-38.56428571428,2.91,24.42));
#3397 = ORIENTED_EDGE('',*,*,#3349,.F.);
#3398 = ORIENTED_EDGE('',*,*,#3399,.F.);
#3399 = EDGE_CURVE('',#3383,#3350,#3400,.T.);
#3400 = B_SPLINE_CURVE_WITH_KNOTS('',2,(#3401,#3402,#3403),
  .UNSPECIFIED.,.F.,.F.,(3,3),(0.,1.),.PIECEWISE_BEZIER_KNOTS.);
#3401 = CARTESIAN_POINT('',(-37.90714285714,3.045714285714,23.42));
#3402 = CARTESIAN_POINT('',(-38.19285714285,2.91,23.42));
#3403 = CARTESIAN_POINT('',(-38.56428571428,2.91,23.42));
#3404 = SURFACE_OF_LINEAR_EXTRUSION('',#3405,#3409);
#3405 = B_SPLINE_CURVE_WITH_KNOTS('',2,(#3406,#3407,#3408),
  .UNSPECIFIED.,.F.,.F.,(3,3),(0.,1.),.PIECEWISE_BEZIER_KNOTS.);
#3406 = CARTESIAN_POINT('',(-37.90714285714,3.045714285714,23.42));
#3407 = CARTESIAN_POINT('',(-38.19285714285,2.91,23.42));
#3408 = CARTESIAN_POINT('',(-38.56428571428,2.91,23.42));
#3409 = VECTOR('',#3410,1.);
#3410 = DIRECTION('',(-0.,-0.,-1.));
#3411 = ADVANCED_FACE('',(#3412),#3437,.T.);
#3412 = FACE_BOUND('',#3413,.T.);
#3413 = EDGE_LOOP('',(#3414,#3424,#3430,#3431));
#3414 = ORIENTED_EDGE('',*,*,#3415,.T.);
#3415 = EDGE_CURVE('',#3416,#3418,#3420,.T.);
#3416 = VERTEX_POINT('',#3417);
#3417 = CARTESIAN_POINT('',(-37.2,4.324285714286,23.42));
#3418 = VERTEX_POINT('',#3419);
#3419 = CARTESIAN_POINT('',(-37.2,4.324285714286,24.42));
#3420 = LINE('',#3421,#3422);
#3421 = CARTESIAN_POINT('',(-37.2,4.324285714286,23.42));
#3422 = VECTOR('',#3423,1.);
#3423 = DIRECTION('',(0.,0.,1.));
#3424 = ORIENTED_EDGE('',*,*,#3425,.T.);
#3425 = EDGE_CURVE('',#3418,#3385,#3426,.T.);
#3426 = B_SPLINE_CURVE_WITH_KNOTS('',2,(#3427,#3428,#3429),
  .UNSPECIFIED.,.F.,.F.,(3,3),(0.,1.),.PIECEWISE_BEZIER_KNOTS.);
#3427 = CARTESIAN_POINT('',(-37.2,4.324285714286,24.42));
#3428 = CARTESIAN_POINT('',(-37.22142857142,3.374285714286,24.42));
#3429 = CARTESIAN_POINT('',(-37.90714285714,3.045714285714,24.42));
#3430 = ORIENTED_EDGE('',*,*,#3382,.F.);
#3431 = ORIENTED_EDGE('',*,*,#3432,.F.);
#3432 = EDGE_CURVE('',#3416,#3383,#3433,.T.);
#3433 = B_SPLINE_CURVE_WITH_KNOTS('',2,(#3434,#3435,#3436),
  .UNSPECIFIED.,.F.,.F.,(3,3),(0.,1.),.PIECEWISE_BEZIER_KNOTS.);
#3434 = CARTESIAN_POINT('',(-37.2,4.324285714286,23.42));
#3435 = CARTESIAN_POINT('',(-37.22142857142,3.374285714286,23.42));
#3436 = CARTESIAN_POINT('',(-37.90714285714,3.045714285714,23.42));
#3437 = SURFACE_OF_LINEAR_EXTRUSION('',#3438,#3442);
#3438 = B_SPLINE_CURVE_WITH_KNOTS('',2,(#3439,#3440,#3441),
  .UNSPECIFIED.,.F.,.F.,(3,3),(0.,1.),.PIECEWISE_BEZIER_KNOTS.);
#3439 = CARTESIAN_POINT('',(-37.2,4.324285714286,23.42));
#3440 = CARTESIAN_POINT('',(-37.22142857142,3.374285714286,23.42));
#3441 = CARTESIAN_POINT('',(-37.90714285714,3.045714285714,23.42));
#3442 = VECTOR('',#3443,1.);
#3443 = DIRECTION('',(-0.,-0.,-1.));
#3444 = ADVANCED_FACE('',(#3445),#3470,.T.);
#3445 = FACE_BOUND('',#3446,.T.);
#3446 = EDGE_LOOP('',(#3447,#3457,#3463,#3464));
#3447 = ORIENTED_EDGE('',*,*,#3448,.T.);
#3448 = EDGE_CURVE('',#3449,#3451,#3453,.T.);
#3449 = VERTEX_POINT('',#3450);
#3450 = CARTESIAN_POINT('',(-37.2,4.76,23.42));
#3451 = VERTEX_POINT('',#3452);
#3452 = CARTESIAN_POINT('',(-37.2,4.76,24.42));
#3453 = LINE('',#3454,#3455);
#3454 = CARTESIAN_POINT('',(-37.2,4.76,23.42));
#3455 = VECTOR('',#3456,1.);
#3456 = DIRECTION('',(0.,0.,1.));
#3457 = ORIENTED_EDGE('',*,*,#3458,.T.);
#3458 = EDGE_CURVE('',#3451,#3418,#3459,.T.);
#3459 = LINE('',#3460,#3461);
#3460 = CARTESIAN_POINT('',(-37.2,4.76,24.42));
#3461 = VECTOR('',#3462,1.);
#3462 = DIRECTION('',(0.,-1.,0.));
#3463 = ORIENTED_EDGE('',*,*,#3415,.F.);
#3464 = ORIENTED_EDGE('',*,*,#3465,.F.);
#3465 = EDGE_CURVE('',#3449,#3416,#3466,.T.);
#3466 = LINE('',#3467,#3468);
#3467 = CARTESIAN_POINT('',(-37.2,4.76,23.42));
#3468 = VECTOR('',#3469,1.);
#3469 = DIRECTION('',(0.,-1.,0.));
#3470 = PLANE('',#3471);
#3471 = AXIS2_PLACEMENT_3D('',#3472,#3473,#3474);
#3472 = CARTESIAN_POINT('',(-37.2,4.76,23.42));
#3473 = DIRECTION('',(1.,-2.2E-16,0.));
#3474 = DIRECTION('',(-2.2E-16,-1.,0.));
#3475 = ADVANCED_FACE('',(#3476),#3501,.T.);
#3476 = FACE_BOUND('',#3477,.T.);
#3477 = EDGE_LOOP('',(#3478,#3488,#3494,#3495));
#3478 = ORIENTED_EDGE('',*,*,#3479,.T.);
#3479 = EDGE_CURVE('',#3480,#3482,#3484,.T.);
#3480 = VERTEX_POINT('',#3481);
#3481 = CARTESIAN_POINT('',(-37.94285714285,4.76,23.42));
#3482 = VERTEX_POINT('',#3483);
#3483 = CARTESIAN_POINT('',(-37.94285714285,4.76,24.42));
#3484 = LINE('',#3485,#3486);
#3485 = CARTESIAN_POINT('',(-37.94285714285,4.76,23.42));
#3486 = VECTOR('',#3487,1.);
#3487 = DIRECTION('',(0.,0.,1.));
#3488 = ORIENTED_EDGE('',*,*,#3489,.T.);
#3489 = EDGE_CURVE('',#3482,#3451,#3490,.T.);
#3490 = LINE('',#3491,#3492);
#3491 = CARTESIAN_POINT('',(-37.94285714285,4.76,24.42));
#3492 = VECTOR('',#3493,1.);
#3493 = DIRECTION('',(1.,0.,0.));
#3494 = ORIENTED_EDGE('',*,*,#3448,.F.);
#3495 = ORIENTED_EDGE('',*,*,#3496,.F.);
#3496 = EDGE_CURVE('',#3480,#3449,#3497,.T.);
#3497 = LINE('',#3498,#3499);
#3498 = CARTESIAN_POINT('',(-37.94285714285,4.76,23.42));
#3499 = VECTOR('',#3500,1.);
#3500 = DIRECTION('',(1.,0.,0.));
#3501 = PLANE('',#3502);
#3502 = AXIS2_PLACEMENT_3D('',#3503,#3504,#3505);
#3503 = CARTESIAN_POINT('',(-37.94285714285,4.76,23.42));
#3504 = DIRECTION('',(2.2E-16,1.,0.));
#3505 = DIRECTION('',(1.,-2.2E-16,0.));
#3506 = ADVANCED_FACE('',(#3507),#3532,.T.);
#3507 = FACE_BOUND('',#3508,.T.);
#3508 = EDGE_LOOP('',(#3509,#3519,#3525,#3526));
#3509 = ORIENTED_EDGE('',*,*,#3510,.T.);
#3510 = EDGE_CURVE('',#3511,#3513,#3515,.T.);
#3511 = VERTEX_POINT('',#3512);
#3512 = CARTESIAN_POINT('',(-37.94285714285,4.417142857143,23.42));
#3513 = VERTEX_POINT('',#3514);
#3514 = CARTESIAN_POINT('',(-37.94285714285,4.417142857143,24.42));
#3515 = LINE('',#3516,#3517);
#3516 = CARTESIAN_POINT('',(-37.94285714285,4.417142857143,23.42));
#3517 = VECTOR('',#3518,1.);
#3518 = DIRECTION('',(0.,0.,1.));
#3519 = ORIENTED_EDGE('',*,*,#3520,.T.);
#3520 = EDGE_CURVE('',#3513,#3482,#3521,.T.);
#3521 = LINE('',#3522,#3523);
#3522 = CARTESIAN_POINT('',(-37.94285714285,4.417142857143,24.42));
#3523 = VECTOR('',#3524,1.);
#3524 = DIRECTION('',(0.,1.,0.));
#3525 = ORIENTED_EDGE('',*,*,#3479,.F.);
#3526 = ORIENTED_EDGE('',*,*,#3527,.F.);
#3527 = EDGE_CURVE('',#3511,#3480,#3528,.T.);
#3528 = LINE('',#3529,#3530);
#3529 = CARTESIAN_POINT('',(-37.94285714285,4.417142857143,23.42));
#3530 = VECTOR('',#3531,1.);
#3531 = DIRECTION('',(0.,1.,0.));
#3532 = PLANE('',#3533);
#3533 = AXIS2_PLACEMENT_3D('',#3534,#3535,#3536);
#3534 = CARTESIAN_POINT('',(-37.94285714285,4.417142857143,23.42));
#3535 = DIRECTION('',(-1.,2.2E-16,0.));
#3536 = DIRECTION('',(2.2E-16,1.,0.));
#3537 = ADVANCED_FACE('',(#3538),#3563,.T.);
#3538 = FACE_BOUND('',#3539,.T.);
#3539 = EDGE_LOOP('',(#3540,#3550,#3556,#3557));
#3540 = ORIENTED_EDGE('',*,*,#3541,.T.);
#3541 = EDGE_CURVE('',#3542,#3544,#3546,.T.);
#3542 = VERTEX_POINT('',#3543);
#3543 = CARTESIAN_POINT('',(-37.95714285714,4.21,23.42));
#3544 = VERTEX_POINT('',#3545);
#3545 = CARTESIAN_POINT('',(-37.95714285714,4.21,24.42));
#3546 = LINE('',#3547,#3548);
#3547 = CARTESIAN_POINT('',(-37.95714285714,4.21,23.42));
#3548 = VECTOR('',#3549,1.);
#3549 = DIRECTION('',(0.,0.,1.));
#3550 = ORIENTED_EDGE('',*,*,#3551,.T.);
#3551 = EDGE_CURVE('',#3544,#3513,#3552,.T.);
#3552 = B_SPLINE_CURVE_WITH_KNOTS('',2,(#3553,#3554,#3555),
  .UNSPECIFIED.,.F.,.F.,(3,3),(0.,1.),.PIECEWISE_BEZIER_KNOTS.);
#3553 = CARTESIAN_POINT('',(-37.95714285714,4.21,24.42));
#3554 = CARTESIAN_POINT('',(-37.94285714285,4.31,24.42));
#3555 = CARTESIAN_POINT('',(-37.94285714285,4.417142857143,24.42));
#3556 = ORIENTED_EDGE('',*,*,#3510,.F.);
#3557 = ORIENTED_EDGE('',*,*,#3558,.F.);
#3558 = EDGE_CURVE('',#3542,#3511,#3559,.T.);
#3559 = B_SPLINE_CURVE_WITH_KNOTS('',2,(#3560,#3561,#3562),
  .UNSPECIFIED.,.F.,.F.,(3,3),(0.,1.),.PIECEWISE_BEZIER_KNOTS.);
#3560 = CARTESIAN_POINT('',(-37.95714285714,4.21,23.42));
#3561 = CARTESIAN_POINT('',(-37.94285714285,4.31,23.42));
#3562 = CARTESIAN_POINT('',(-37.94285714285,4.417142857143,23.42));
#3563 = SURFACE_OF_LINEAR_EXTRUSION('',#3564,#3568);
#3564 = B_SPLINE_CURVE_WITH_KNOTS('',2,(#3565,#3566,#3567),
  .UNSPECIFIED.,.F.,.F.,(3,3),(0.,1.),.PIECEWISE_BEZIER_KNOTS.);
#3565 = CARTESIAN_POINT('',(-37.95714285714,4.21,23.42));
#3566 = CARTESIAN_POINT('',(-37.94285714285,4.31,23.42));
#3567 = CARTESIAN_POINT('',(-37.94285714285,4.417142857143,23.42));
#3568 = VECTOR('',#3569,1.);
#3569 = DIRECTION('',(-0.,-0.,-1.));
#3570 = ADVANCED_FACE('',(#3571),#3596,.T.);
#3571 = FACE_BOUND('',#3572,.T.);
#3572 = EDGE_LOOP('',(#3573,#3583,#3589,#3590));
#3573 = ORIENTED_EDGE('',*,*,#3574,.T.);
#3574 = EDGE_CURVE('',#3575,#3577,#3579,.T.);
#3575 = VERTEX_POINT('',#3576);
#3576 = CARTESIAN_POINT('',(-38.66428571428,3.667142857143,23.42));
#3577 = VERTEX_POINT('',#3578);
#3578 = CARTESIAN_POINT('',(-38.66428571428,3.667142857143,24.42));
#3579 = LINE('',#3580,#3581);
#3580 = CARTESIAN_POINT('',(-38.66428571428,3.667142857143,23.42));
#3581 = VECTOR('',#3582,1.);
#3582 = DIRECTION('',(0.,0.,1.));
#3583 = ORIENTED_EDGE('',*,*,#3584,.T.);
#3584 = EDGE_CURVE('',#3577,#3544,#3585,.T.);
#3585 = B_SPLINE_CURVE_WITH_KNOTS('',2,(#3586,#3587,#3588),
  .UNSPECIFIED.,.F.,.F.,(3,3),(0.,1.),.PIECEWISE_BEZIER_KNOTS.);
#3586 = CARTESIAN_POINT('',(-38.66428571428,3.667142857143,24.42));
#3587 = CARTESIAN_POINT('',(-38.06428571428,3.667142857143,24.42));
#3588 = CARTESIAN_POINT('',(-37.95714285714,4.21,24.42));
#3589 = ORIENTED_EDGE('',*,*,#3541,.F.);
#3590 = ORIENTED_EDGE('',*,*,#3591,.F.);
#3591 = EDGE_CURVE('',#3575,#3542,#3592,.T.);
#3592 = B_SPLINE_CURVE_WITH_KNOTS('',2,(#3593,#3594,#3595),
  .UNSPECIFIED.,.F.,.F.,(3,3),(0.,1.),.PIECEWISE_BEZIER_KNOTS.);
#3593 = CARTESIAN_POINT('',(-38.66428571428,3.667142857143,23.42));
#3594 = CARTESIAN_POINT('',(-38.06428571428,3.667142857143,23.42));
#3595 = CARTESIAN_POINT('',(-37.95714285714,4.21,23.42));
#3596 = SURFACE_OF_LINEAR_EXTRUSION('',#3597,#3601);
#3597 = B_SPLINE_CURVE_WITH_KNOTS('',2,(#3598,#3599,#3600),
  .UNSPECIFIED.,.F.,.F.,(3,3),(0.,1.),.PIECEWISE_BEZIER_KNOTS.);
#3598 = CARTESIAN_POINT('',(-38.66428571428,3.667142857143,23.42));
#3599 = CARTESIAN_POINT('',(-38.06428571428,3.667142857143,23.42));
#3600 = CARTESIAN_POINT('',(-37.95714285714,4.21,23.42));
#3601 = VECTOR('',#3602,1.);
#3602 = DIRECTION('',(-0.,-0.,-1.));
#3603 = ADVANCED_FACE('',(#3604),#3629,.T.);
#3604 = FACE_BOUND('',#3605,.T.);
#3605 = EDGE_LOOP('',(#3606,#3616,#3622,#3623));
#3606 = ORIENTED_EDGE('',*,*,#3607,.T.);
#3607 = EDGE_CURVE('',#3608,#3610,#3612,.T.);
#3608 = VERTEX_POINT('',#3609);
#3609 = CARTESIAN_POINT('',(-38.78571428571,3.674285714286,23.42));
#3610 = VERTEX_POINT('',#3611);
#3611 = CARTESIAN_POINT('',(-38.78571428571,3.674285714286,24.42));
#3612 = LINE('',#3613,#3614);
#3613 = CARTESIAN_POINT('',(-38.78571428571,3.674285714286,23.42));
#3614 = VECTOR('',#3615,1.);
#3615 = DIRECTION('',(0.,0.,1.));
#3616 = ORIENTED_EDGE('',*,*,#3617,.T.);
#3617 = EDGE_CURVE('',#3610,#3577,#3618,.T.);
#3618 = B_SPLINE_CURVE_WITH_KNOTS('',2,(#3619,#3620,#3621),
  .UNSPECIFIED.,.F.,.F.,(3,3),(0.,1.),.PIECEWISE_BEZIER_KNOTS.);
#3619 = CARTESIAN_POINT('',(-38.78571428571,3.674285714286,24.42));
#3620 = CARTESIAN_POINT('',(-38.72142857142,3.667142857143,24.42));
#3621 = CARTESIAN_POINT('',(-38.66428571428,3.667142857143,24.42));
#3622 = ORIENTED_EDGE('',*,*,#3574,.F.);
#3623 = ORIENTED_EDGE('',*,*,#3624,.F.);
#3624 = EDGE_CURVE('',#3608,#3575,#3625,.T.);
#3625 = B_SPLINE_CURVE_WITH_KNOTS('',2,(#3626,#3627,#3628),
  .UNSPECIFIED.,.F.,.F.,(3,3),(0.,1.),.PIECEWISE_BEZIER_KNOTS.);
#3626 = CARTESIAN_POINT('',(-38.78571428571,3.674285714286,23.42));
#3627 = CARTESIAN_POINT('',(-38.72142857142,3.667142857143,23.42));
#3628 = CARTESIAN_POINT('',(-38.66428571428,3.667142857143,23.42));
#3629 = SURFACE_OF_LINEAR_EXTRUSION('',#3630,#3634);
#3630 = B_SPLINE_CURVE_WITH_KNOTS('',2,(#3631,#3632,#3633),
  .UNSPECIFIED.,.F.,.F.,(3,3),(0.,1.),.PIECEWISE_BEZIER_KNOTS.);
#3631 = CARTESIAN_POINT('',(-38.78571428571,3.674285714286,23.42));
#3632 = CARTESIAN_POINT('',(-38.72142857142,3.667142857143,23.42));
#3633 = CARTESIAN_POINT('',(-38.66428571428,3.667142857143,23.42));
#3634 = VECTOR('',#3635,1.);
#3635 = DIRECTION('',(-0.,-0.,-1.));
#3636 = ADVANCED_FACE('',(#3637),#3662,.T.);
#3637 = FACE_BOUND('',#3638,.T.);
#3638 = EDGE_LOOP('',(#3639,#3649,#3655,#3656));
#3639 = ORIENTED_EDGE('',*,*,#3640,.T.);
#3640 = EDGE_CURVE('',#3641,#3643,#3645,.T.);
#3641 = VERTEX_POINT('',#3642);
#3642 = CARTESIAN_POINT('',(-39.37857142857,4.36,23.42));
#3643 = VERTEX_POINT('',#3644);
#3644 = CARTESIAN_POINT('',(-39.37857142857,4.36,24.42));
#3645 = LINE('',#3646,#3647);
#3646 = CARTESIAN_POINT('',(-39.37857142857,4.36,23.42));
#3647 = VECTOR('',#3648,1.);
#3648 = DIRECTION('',(0.,0.,1.));
#3649 = ORIENTED_EDGE('',*,*,#3650,.T.);
#3650 = EDGE_CURVE('',#3643,#3610,#3651,.T.);
#3651 = B_SPLINE_CURVE_WITH_KNOTS('',2,(#3652,#3653,#3654),
  .UNSPECIFIED.,.F.,.F.,(3,3),(0.,1.),.PIECEWISE_BEZIER_KNOTS.);
#3652 = CARTESIAN_POINT('',(-39.37857142857,4.36,24.42));
#3653 = CARTESIAN_POINT('',(-39.37857142857,3.738571428571,24.42));
#3654 = CARTESIAN_POINT('',(-38.78571428571,3.674285714286,24.42));
#3655 = ORIENTED_EDGE('',*,*,#3607,.F.);
#3656 = ORIENTED_EDGE('',*,*,#3657,.F.);
#3657 = EDGE_CURVE('',#3641,#3608,#3658,.T.);
#3658 = B_SPLINE_CURVE_WITH_KNOTS('',2,(#3659,#3660,#3661),
  .UNSPECIFIED.,.F.,.F.,(3,3),(0.,1.),.PIECEWISE_BEZIER_KNOTS.);
#3659 = CARTESIAN_POINT('',(-39.37857142857,4.36,23.42));
#3660 = CARTESIAN_POINT('',(-39.37857142857,3.738571428571,23.42));
#3661 = CARTESIAN_POINT('',(-38.78571428571,3.674285714286,23.42));
#3662 = SURFACE_OF_LINEAR_EXTRUSION('',#3663,#3667);
#3663 = B_SPLINE_CURVE_WITH_KNOTS('',2,(#3664,#3665,#3666),
  .UNSPECIFIED.,.F.,.F.,(3,3),(0.,1.),.PIECEWISE_BEZIER_KNOTS.);
#3664 = CARTESIAN_POINT('',(-39.37857142857,4.36,23.42));
#3665 = CARTESIAN_POINT('',(-39.37857142857,3.738571428571,23.42));
#3666 = CARTESIAN_POINT('',(-38.78571428571,3.674285714286,23.42));
#3667 = VECTOR('',#3668,1.);
#3668 = DIRECTION('',(-0.,-0.,-1.));
#3669 = ADVANCED_FACE('',(#3670),#3686,.T.);
#3670 = FACE_BOUND('',#3671,.T.);
#3671 = EDGE_LOOP('',(#3672,#3673,#3679,#3680));
#3672 = ORIENTED_EDGE('',*,*,#3071,.T.);
#3673 = ORIENTED_EDGE('',*,*,#3674,.T.);
#3674 = EDGE_CURVE('',#3064,#3643,#3675,.T.);
#3675 = LINE('',#3676,#3677);
#3676 = CARTESIAN_POINT('',(-39.37857142857,4.76,24.42));
#3677 = VECTOR('',#3678,1.);
#3678 = DIRECTION('',(0.,-1.,0.));
#3679 = ORIENTED_EDGE('',*,*,#3640,.F.);
#3680 = ORIENTED_EDGE('',*,*,#3681,.F.);
#3681 = EDGE_CURVE('',#3072,#3641,#3682,.T.);
#3682 = LINE('',#3683,#3684);
#3683 = CARTESIAN_POINT('',(-39.37857142857,4.76,23.42));
#3684 = VECTOR('',#3685,1.);
#3685 = DIRECTION('',(0.,-1.,0.));
#3686 = PLANE('',#3687);
#3687 = AXIS2_PLACEMENT_3D('',#3688,#3689,#3690);
#3688 = CARTESIAN_POINT('',(-39.37857142857,4.76,23.42));
#3689 = DIRECTION('',(1.,-2.2E-16,0.));
#3690 = DIRECTION('',(-2.2E-16,-1.,0.));
#3691 = ADVANCED_FACE('',(#3692),#3714,.F.);
#3692 = FACE_BOUND('',#3693,.F.);
#3693 = EDGE_LOOP('',(#3694,#3695,#3696,#3697,#3698,#3699,#3700,#3701,
    #3702,#3703,#3704,#3705,#3706,#3707,#3708,#3709,#3710,#3711,#3712,
    #3713));
#3694 = ORIENTED_EDGE('',*,*,#3079,.F.);
#3695 = ORIENTED_EDGE('',*,*,#3110,.F.);
#3696 = ORIENTED_EDGE('',*,*,#3141,.F.);
#3697 = ORIENTED_EDGE('',*,*,#3174,.F.);
#3698 = ORIENTED_EDGE('',*,*,#3207,.F.);
#3699 = ORIENTED_EDGE('',*,*,#3238,.F.);
#3700 = ORIENTED_EDGE('',*,*,#3269,.F.);
#3701 = ORIENTED_EDGE('',*,*,#3300,.F.);
#3702 = ORIENTED_EDGE('',*,*,#3333,.F.);
#3703 = ORIENTED_EDGE('',*,*,#3366,.F.);
#3704 = ORIENTED_EDGE('',*,*,#3399,.F.);
#3705 = ORIENTED_EDGE('',*,*,#3432,.F.);
#3706 = ORIENTED_EDGE('',*,*,#3465,.F.);
#3707 = ORIENTED_EDGE('',*,*,#3496,.F.);
#3708 = ORIENTED_EDGE('',*,*,#3527,.F.);
#3709 = ORIENTED_EDGE('',*,*,#3558,.F.);
#3710 = ORIENTED_EDGE('',*,*,#3591,.F.);
#3711 = ORIENTED_EDGE('',*,*,#3624,.F.);
#3712 = ORIENTED_EDGE('',*,*,#3657,.F.);
#3713 = ORIENTED_EDGE('',*,*,#3681,.F.);
#3714 = PLANE('',#3715);
#3715 = AXIS2_PLACEMENT_3D('',#3716,#3717,#3718);
#3716 = CARTESIAN_POINT('',(-39.60719016499,4.492199885871,23.42));
#3717 = DIRECTION('',(0.,0.,1.));
#3718 = DIRECTION('',(0.,-1.,0.));
#3719 = ADVANCED_FACE('',(#3720),#3742,.T.);
#3720 = FACE_BOUND('',#3721,.T.);
#3721 = EDGE_LOOP('',(#3722,#3723,#3724,#3725,#3726,#3727,#3728,#3729,
    #3730,#3731,#3732,#3733,#3734,#3735,#3736,#3737,#3738,#3739,#3740,
    #3741));
#3722 = ORIENTED_EDGE('',*,*,#3063,.F.);
#3723 = ORIENTED_EDGE('',*,*,#3103,.F.);
#3724 = ORIENTED_EDGE('',*,*,#3134,.F.);
#3725 = ORIENTED_EDGE('',*,*,#3167,.F.);
#3726 = ORIENTED_EDGE('',*,*,#3200,.F.);
#3727 = ORIENTED_EDGE('',*,*,#3231,.F.);
#3728 = ORIENTED_EDGE('',*,*,#3262,.F.);
#3729 = ORIENTED_EDGE('',*,*,#3293,.F.);
#3730 = ORIENTED_EDGE('',*,*,#3326,.F.);
#3731 = ORIENTED_EDGE('',*,*,#3359,.F.);
#3732 = ORIENTED_EDGE('',*,*,#3392,.F.);
#3733 = ORIENTED_EDGE('',*,*,#3425,.F.);
#3734 = ORIENTED_EDGE('',*,*,#3458,.F.);
#3735 = ORIENTED_EDGE('',*,*,#3489,.F.);
#3736 = ORIENTED_EDGE('',*,*,#3520,.F.);
#3737 = ORIENTED_EDGE('',*,*,#3551,.F.);
#3738 = ORIENTED_EDGE('',*,*,#3584,.F.);
#3739 = ORIENTED_EDGE('',*,*,#3617,.F.);
#3740 = ORIENTED_EDGE('',*,*,#3650,.F.);
#3741 = ORIENTED_EDGE('',*,*,#3674,.F.);
#3742 = PLANE('',#3743);
#3743 = AXIS2_PLACEMENT_3D('',#3744,#3745,#3746);
#3744 = CARTESIAN_POINT('',(-39.60719016499,4.492199885871,24.42));
#3745 = DIRECTION('',(0.,0.,1.));
#3746 = DIRECTION('',(0.,-1.,0.));
#3747 = MANIFOLD_SOLID_BREP('',#3748);
#3748 = CLOSED_SHELL('',(#3749,#3789,#3820,#3851,#3873,#3885));
#3749 = ADVANCED_FACE('',(#3750),#3784,.T.);
#3750 = FACE_BOUND('',#3751,.T.);
#3751 = EDGE_LOOP('',(#3752,#3762,#3770,#3778));
#3752 = ORIENTED_EDGE('',*,*,#3753,.T.);
#3753 = EDGE_CURVE('',#3754,#3756,#3758,.T.);
#3754 = VERTEX_POINT('',#3755);
#3755 = CARTESIAN_POINT('',(-42.2,5.924285714286,23.42));
#3756 = VERTEX_POINT('',#3757);
#3757 = CARTESIAN_POINT('',(-42.2,5.924285714286,24.42));
#3758 = LINE('',#3759,#3760);
#3759 = CARTESIAN_POINT('',(-42.2,5.924285714286,23.42));
#3760 = VECTOR('',#3761,1.);
#3761 = DIRECTION('',(0.,0.,1.));
#3762 = ORIENTED_EDGE('',*,*,#3763,.T.);
#3763 = EDGE_CURVE('',#3756,#3764,#3766,.T.);
#3764 = VERTEX_POINT('',#3765);
#3765 = CARTESIAN_POINT('',(-37.2,5.924285714286,24.42));
#3766 = LINE('',#3767,#3768);
#3767 = CARTESIAN_POINT('',(-42.2,5.924285714286,24.42));
#3768 = VECTOR('',#3769,1.);
#3769 = DIRECTION('',(1.,0.,0.));
#3770 = ORIENTED_EDGE('',*,*,#3771,.F.);
#3771 = EDGE_CURVE('',#3772,#3764,#3774,.T.);
#3772 = VERTEX_POINT('',#3773);
#3773 = CARTESIAN_POINT('',(-37.2,5.924285714286,23.42));
#3774 = LINE('',#3775,#3776);
#3775 = CARTESIAN_POINT('',(-37.2,5.924285714286,23.42));
#3776 = VECTOR('',#3777,1.);
#3777 = DIRECTION('',(0.,0.,1.));
#3778 = ORIENTED_EDGE('',*,*,#3779,.F.);
#3779 = EDGE_CURVE('',#3754,#3772,#3780,.T.);
#3780 = LINE('',#3781,#3782);
#3781 = CARTESIAN_POINT('',(-42.2,5.924285714286,23.42));
#3782 = VECTOR('',#3783,1.);
#3783 = DIRECTION('',(1.,0.,0.));
#3784 = PLANE('',#3785);
#3785 = AXIS2_PLACEMENT_3D('',#3786,#3787,#3788);
#3786 = CARTESIAN_POINT('',(-42.2,5.924285714286,23.42));
#3787 = DIRECTION('',(2.2E-16,1.,0.));
#3788 = DIRECTION('',(1.,-2.2E-16,0.));
#3789 = ADVANCED_FACE('',(#3790),#3815,.T.);
#3790 = FACE_BOUND('',#3791,.T.);
#3791 = EDGE_LOOP('',(#3792,#3802,#3808,#3809));
#3792 = ORIENTED_EDGE('',*,*,#3793,.T.);
#3793 = EDGE_CURVE('',#3794,#3796,#3798,.T.);
#3794 = VERTEX_POINT('',#3795);
#3795 = CARTESIAN_POINT('',(-42.2,5.124285714286,23.42));
#3796 = VERTEX_POINT('',#3797);
#3797 = CARTESIAN_POINT('',(-42.2,5.124285714286,24.42));
#3798 = LINE('',#3799,#3800);
#3799 = CARTESIAN_POINT('',(-42.2,5.124285714286,23.42));
#3800 = VECTOR('',#3801,1.);
#3801 = DIRECTION('',(0.,0.,1.));
#3802 = ORIENTED_EDGE('',*,*,#3803,.T.);
#3803 = EDGE_CURVE('',#3796,#3756,#3804,.T.);
#3804 = LINE('',#3805,#3806);
#3805 = CARTESIAN_POINT('',(-42.2,5.124285714286,24.42));
#3806 = VECTOR('',#3807,1.);
#3807 = DIRECTION('',(0.,1.,0.));
#3808 = ORIENTED_EDGE('',*,*,#3753,.F.);
#3809 = ORIENTED_EDGE('',*,*,#3810,.F.);
#3810 = EDGE_CURVE('',#3794,#3754,#3811,.T.);
#3811 = LINE('',#3812,#3813);
#3812 = CARTESIAN_POINT('',(-42.2,5.124285714286,23.42));
#3813 = VECTOR('',#3814,1.);
#3814 = DIRECTION('',(0.,1.,0.));
#3815 = PLANE('',#3816);
#3816 = AXIS2_PLACEMENT_3D('',#3817,#3818,#3819);
#3817 = CARTESIAN_POINT('',(-42.2,5.124285714286,23.42));
#3818 = DIRECTION('',(-1.,2.2E-16,0.));
#3819 = DIRECTION('',(2.2E-16,1.,0.));
#3820 = ADVANCED_FACE('',(#3821),#3846,.T.);
#3821 = FACE_BOUND('',#3822,.T.);
#3822 = EDGE_LOOP('',(#3823,#3833,#3839,#3840));
#3823 = ORIENTED_EDGE('',*,*,#3824,.T.);
#3824 = EDGE_CURVE('',#3825,#3827,#3829,.T.);
#3825 = VERTEX_POINT('',#3826);
#3826 = CARTESIAN_POINT('',(-37.2,5.124285714286,23.42));
#3827 = VERTEX_POINT('',#3828);
#3828 = CARTESIAN_POINT('',(-37.2,5.124285714286,24.42));
#3829 = LINE('',#3830,#3831);
#3830 = CARTESIAN_POINT('',(-37.2,5.124285714286,23.42));
#3831 = VECTOR('',#3832,1.);
#3832 = DIRECTION('',(0.,0.,1.));
#3833 = ORIENTED_EDGE('',*,*,#3834,.T.);
#3834 = EDGE_CURVE('',#3827,#3796,#3835,.T.);
#3835 = LINE('',#3836,#3837);
#3836 = CARTESIAN_POINT('',(-37.2,5.124285714286,24.42));
#3837 = VECTOR('',#3838,1.);
#3838 = DIRECTION('',(-1.,0.,0.));
#3839 = ORIENTED_EDGE('',*,*,#3793,.F.);
#3840 = ORIENTED_EDGE('',*,*,#3841,.F.);
#3841 = EDGE_CURVE('',#3825,#3794,#3842,.T.);
#3842 = LINE('',#3843,#3844);
#3843 = CARTESIAN_POINT('',(-37.2,5.124285714286,23.42));
#3844 = VECTOR('',#3845,1.);
#3845 = DIRECTION('',(-1.,0.,0.));
#3846 = PLANE('',#3847);
#3847 = AXIS2_PLACEMENT_3D('',#3848,#3849,#3850);
#3848 = CARTESIAN_POINT('',(-37.2,5.124285714286,23.42));
#3849 = DIRECTION('',(-2.2E-16,-1.,0.));
#3850 = DIRECTION('',(-1.,2.2E-16,0.));
#3851 = ADVANCED_FACE('',(#3852),#3868,.T.);
#3852 = FACE_BOUND('',#3853,.T.);
#3853 = EDGE_LOOP('',(#3854,#3855,#3861,#3862));
#3854 = ORIENTED_EDGE('',*,*,#3771,.T.);
#3855 = ORIENTED_EDGE('',*,*,#3856,.T.);
#3856 = EDGE_CURVE('',#3764,#3827,#3857,.T.);
#3857 = LINE('',#3858,#3859);
#3858 = CARTESIAN_POINT('',(-37.2,5.924285714286,24.42));
#3859 = VECTOR('',#3860,1.);
#3860 = DIRECTION('',(0.,-1.,0.));
#3861 = ORIENTED_EDGE('',*,*,#3824,.F.);
#3862 = ORIENTED_EDGE('',*,*,#3863,.F.);
#3863 = EDGE_CURVE('',#3772,#3825,#3864,.T.);
#3864 = LINE('',#3865,#3866);
#3865 = CARTESIAN_POINT('',(-37.2,5.924285714286,23.42));
#3866 = VECTOR('',#3867,1.);
#3867 = DIRECTION('',(0.,-1.,0.));
#3868 = PLANE('',#3869);
#3869 = AXIS2_PLACEMENT_3D('',#3870,#3871,#3872);
#3870 = CARTESIAN_POINT('',(-37.2,5.924285714286,23.42));
#3871 = DIRECTION('',(1.,-2.2E-16,0.));
#3872 = DIRECTION('',(-2.2E-16,-1.,0.));
#3873 = ADVANCED_FACE('',(#3874),#3880,.F.);
#3874 = FACE_BOUND('',#3875,.F.);
#3875 = EDGE_LOOP('',(#3876,#3877,#3878,#3879));
#3876 = ORIENTED_EDGE('',*,*,#3779,.F.);
#3877 = ORIENTED_EDGE('',*,*,#3810,.F.);
#3878 = ORIENTED_EDGE('',*,*,#3841,.F.);
#3879 = ORIENTED_EDGE('',*,*,#3863,.F.);
#3880 = PLANE('',#3881);
#3881 = AXIS2_PLACEMENT_3D('',#3882,#3883,#3884);
#3882 = CARTESIAN_POINT('',(-39.60719016499,4.492199885871,23.42));
#3883 = DIRECTION('',(0.,0.,1.));
#3884 = DIRECTION('',(0.,-1.,0.));
#3885 = ADVANCED_FACE('',(#3886),#3892,.T.);
#3886 = FACE_BOUND('',#3887,.T.);
#3887 = EDGE_LOOP('',(#3888,#3889,#3890,#3891));
#3888 = ORIENTED_EDGE('',*,*,#3763,.F.);
#3889 = ORIENTED_EDGE('',*,*,#3803,.F.);
#3890 = ORIENTED_EDGE('',*,*,#3834,.F.);
#3891 = ORIENTED_EDGE('',*,*,#3856,.F.);
#3892 = PLANE('',#3893);
#3893 = AXIS2_PLACEMENT_3D('',#3894,#3895,#3896);
#3894 = CARTESIAN_POINT('',(-39.60719016499,4.492199885871,24.42));
#3895 = DIRECTION('',(0.,0.,1.));
#3896 = DIRECTION('',(0.,-1.,0.));
#3897 = MANIFOLD_SOLID_BREP('',#3898);
#3898 = CLOSED_SHELL('',(#3899,#3939,#3970,#4001,#4023,#4035));
#3899 = ADVANCED_FACE('',(#3900),#3934,.T.);
#3900 = FACE_BOUND('',#3901,.T.);
#3901 = EDGE_LOOP('',(#3902,#3912,#3920,#3928));
#3902 = ORIENTED_EDGE('',*,*,#3903,.T.);
#3903 = EDGE_CURVE('',#3904,#3906,#3908,.T.);
#3904 = VERTEX_POINT('',#3905);
#3905 = CARTESIAN_POINT('',(-42.2,0.651904761905,23.42));
#3906 = VERTEX_POINT('',#3907);
#3907 = CARTESIAN_POINT('',(-42.2,0.651904761905,24.42));
#3908 = LINE('',#3909,#3910);
#3909 = CARTESIAN_POINT('',(-42.2,0.651904761905,23.42));
#3910 = VECTOR('',#3911,1.);
#3911 = DIRECTION('',(0.,0.,1.));
#3912 = ORIENTED_EDGE('',*,*,#3913,.T.);
#3913 = EDGE_CURVE('',#3906,#3914,#3916,.T.);
#3914 = VERTEX_POINT('',#3915);
#3915 = CARTESIAN_POINT('',(-37.2,0.651904761905,24.42));
#3916 = LINE('',#3917,#3918);
#3917 = CARTESIAN_POINT('',(-42.2,0.651904761905,24.42));
#3918 = VECTOR('',#3919,1.);
#3919 = DIRECTION('',(1.,0.,0.));
#3920 = ORIENTED_EDGE('',*,*,#3921,.F.);
#3921 = EDGE_CURVE('',#3922,#3914,#3924,.T.);
#3922 = VERTEX_POINT('',#3923);
#3923 = CARTESIAN_POINT('',(-37.2,0.651904761905,23.42));
#3924 = LINE('',#3925,#3926);
#3925 = CARTESIAN_POINT('',(-37.2,0.651904761905,23.42));
#3926 = VECTOR('',#3927,1.);
#3927 = DIRECTION('',(0.,0.,1.));
#3928 = ORIENTED_EDGE('',*,*,#3929,.F.);
#3929 = EDGE_CURVE('',#3904,#3922,#3930,.T.);
#3930 = LINE('',#3931,#3932);
#3931 = CARTESIAN_POINT('',(-42.2,0.651904761905,23.42));
#3932 = VECTOR('',#3933,1.);
#3933 = DIRECTION('',(1.,0.,0.));
#3934 = PLANE('',#3935);
#3935 = AXIS2_PLACEMENT_3D('',#3936,#3937,#3938);
#3936 = CARTESIAN_POINT('',(-42.2,0.651904761905,23.42));
#3937 = DIRECTION('',(2.2E-16,1.,0.));
#3938 = DIRECTION('',(1.,-2.2E-16,0.));
#3939 = ADVANCED_FACE('',(#3940),#3965,.T.);
#3940 = FACE_BOUND('',#3941,.T.);
#3941 = EDGE_LOOP('',(#3942,#3952,#3958,#3959));
#3942 = ORIENTED_EDGE('',*,*,#3943,.T.);
#3943 = EDGE_CURVE('',#3944,#3946,#3948,.T.);
#3944 = VERTEX_POINT('',#3945);
#3945 = CARTESIAN_POINT('',(-42.2,-0.148095238095,23.42));
#3946 = VERTEX_POINT('',#3947);
#3947 = CARTESIAN_POINT('',(-42.2,-0.148095238095,24.42));
#3948 = LINE('',#3949,#3950);
#3949 = CARTESIAN_POINT('',(-42.2,-0.148095238095,23.42));
#3950 = VECTOR('',#3951,1.);
#3951 = DIRECTION('',(0.,0.,1.));
#3952 = ORIENTED_EDGE('',*,*,#3953,.T.);
#3953 = EDGE_CURVE('',#3946,#3906,#3954,.T.);
#3954 = LINE('',#3955,#3956);
#3955 = CARTESIAN_POINT('',(-42.2,-0.148095238095,24.42));
#3956 = VECTOR('',#3957,1.);
#3957 = DIRECTION('',(0.,1.,0.));
#3958 = ORIENTED_EDGE('',*,*,#3903,.F.);
#3959 = ORIENTED_EDGE('',*,*,#3960,.F.);
#3960 = EDGE_CURVE('',#3944,#3904,#3961,.T.);
#3961 = LINE('',#3962,#3963);
#3962 = CARTESIAN_POINT('',(-42.2,-0.148095238095,23.42));
#3963 = VECTOR('',#3964,1.);
#3964 = DIRECTION('',(0.,1.,0.));
#3965 = PLANE('',#3966);
#3966 = AXIS2_PLACEMENT_3D('',#3967,#3968,#3969);
#3967 = CARTESIAN_POINT('',(-42.2,-0.148095238095,23.42));
#3968 = DIRECTION('',(-1.,2.2E-16,0.));
#3969 = DIRECTION('',(2.2E-16,1.,0.));
#3970 = ADVANCED_FACE('',(#3971),#3996,.T.);
#3971 = FACE_BOUND('',#3972,.T.);
#3972 = EDGE_LOOP('',(#3973,#3983,#3989,#3990));
#3973 = ORIENTED_EDGE('',*,*,#3974,.T.);
#3974 = EDGE_CURVE('',#3975,#3977,#3979,.T.);
#3975 = VERTEX_POINT('',#3976);
#3976 = CARTESIAN_POINT('',(-37.2,-0.148095238095,23.42));
#3977 = VERTEX_POINT('',#3978);
#3978 = CARTESIAN_POINT('',(-37.2,-0.148095238095,24.42));
#3979 = LINE('',#3980,#3981);
#3980 = CARTESIAN_POINT('',(-37.2,-0.148095238095,23.42));
#3981 = VECTOR('',#3982,1.);
#3982 = DIRECTION('',(0.,0.,1.));
#3983 = ORIENTED_EDGE('',*,*,#3984,.T.);
#3984 = EDGE_CURVE('',#3977,#3946,#3985,.T.);
#3985 = LINE('',#3986,#3987);
#3986 = CARTESIAN_POINT('',(-37.2,-0.148095238095,24.42));
#3987 = VECTOR('',#3988,1.);
#3988 = DIRECTION('',(-1.,0.,0.));
#3989 = ORIENTED_EDGE('',*,*,#3943,.F.);
#3990 = ORIENTED_EDGE('',*,*,#3991,.F.);
#3991 = EDGE_CURVE('',#3975,#3944,#3992,.T.);
#3992 = LINE('',#3993,#3994);
#3993 = CARTESIAN_POINT('',(-37.2,-0.148095238095,23.42));
#3994 = VECTOR('',#3995,1.);
#3995 = DIRECTION('',(-1.,0.,0.));
#3996 = PLANE('',#3997);
#3997 = AXIS2_PLACEMENT_3D('',#3998,#3999,#4000);
#3998 = CARTESIAN_POINT('',(-37.2,-0.148095238095,23.42));
#3999 = DIRECTION('',(-2.2E-16,-1.,0.));
#4000 = DIRECTION('',(-1.,2.2E-16,0.));
#4001 = ADVANCED_FACE('',(#4002),#4018,.T.);
#4002 = FACE_BOUND('',#4003,.T.);
#4003 = EDGE_LOOP('',(#4004,#4005,#4011,#4012));
#4004 = ORIENTED_EDGE('',*,*,#3921,.T.);
#4005 = ORIENTED_EDGE('',*,*,#4006,.T.);
#4006 = EDGE_CURVE('',#3914,#3977,#4007,.T.);
#4007 = LINE('',#4008,#4009);
#4008 = CARTESIAN_POINT('',(-37.2,0.651904761905,24.42));
#4009 = VECTOR('',#4010,1.);
#4010 = DIRECTION('',(0.,-1.,0.));
#4011 = ORIENTED_EDGE('',*,*,#3974,.F.);
#4012 = ORIENTED_EDGE('',*,*,#4013,.F.);
#4013 = EDGE_CURVE('',#3922,#3975,#4014,.T.);
#4014 = LINE('',#4015,#4016);
#4015 = CARTESIAN_POINT('',(-37.2,0.651904761905,23.42));
#4016 = VECTOR('',#4017,1.);
#4017 = DIRECTION('',(0.,-1.,0.));
#4018 = PLANE('',#4019);
#4019 = AXIS2_PLACEMENT_3D('',#4020,#4021,#4022);
#4020 = CARTESIAN_POINT('',(-37.2,0.651904761905,23.42));
#4021 = DIRECTION('',(1.,-2.2E-16,0.));
#4022 = DIRECTION('',(-2.2E-16,-1.,0.));
#4023 = ADVANCED_FACE('',(#4024),#4030,.F.);
#4024 = FACE_BOUND('',#4025,.F.);
#4025 = EDGE_LOOP('',(#4026,#4027,#4028,#4029));
#4026 = ORIENTED_EDGE('',*,*,#3929,.F.);
#4027 = ORIENTED_EDGE('',*,*,#3960,.F.);
#4028 = ORIENTED_EDGE('',*,*,#3991,.F.);
#4029 = ORIENTED_EDGE('',*,*,#4013,.F.);
#4030 = PLANE('',#4031);
#4031 = AXIS2_PLACEMENT_3D('',#4032,#4033,#4034);
#4032 = CARTESIAN_POINT('',(-39.7,0.251904761905,23.42));
#4033 = DIRECTION('',(0.,0.,1.));
#4034 = DIRECTION('',(0.,-1.,0.));
#4035 = ADVANCED_FACE('',(#4036),#4042,.T.);
#4036 = FACE_BOUND('',#4037,.T.);
#4037 = EDGE_LOOP('',(#4038,#4039,#4040,#4041));
#4038 = ORIENTED_EDGE('',*,*,#3913,.F.);
#4039 = ORIENTED_EDGE('',*,*,#3953,.F.);
#4040 = ORIENTED_EDGE('',*,*,#3984,.F.);
#4041 = ORIENTED_EDGE('',*,*,#4006,.F.);
#4042 = PLANE('',#4043);
#4043 = AXIS2_PLACEMENT_3D('',#4044,#4045,#4046);
#4044 = CARTESIAN_POINT('',(-39.7,0.251904761905,24.42));
#4045 = DIRECTION('',(0.,0.,1.));
#4046 = DIRECTION('',(0.,-1.,0.));
#4047 = MANIFOLD_SOLID_BREP('',#4048);
#4048 = CLOSED_SHELL('',(#4049,#4089,#4120,#4151,#4182,#4213,#4235,#4249
    ));
#4049 = ADVANCED_FACE('',(#4050),#4084,.T.);
#4050 = FACE_BOUND('',#4051,.T.);
#4051 = EDGE_LOOP('',(#4052,#4062,#4070,#4078));
#4052 = ORIENTED_EDGE('',*,*,#4053,.T.);
#4053 = EDGE_CURVE('',#4054,#4056,#4058,.T.);
#4054 = VERTEX_POINT('',#4055);
#4055 = CARTESIAN_POINT('',(-37.71428571428,-0.75,23.42));
#4056 = VERTEX_POINT('',#4057);
#4057 = CARTESIAN_POINT('',(-37.71428571428,-0.75,24.42));
#4058 = LINE('',#4059,#4060);
#4059 = CARTESIAN_POINT('',(-37.71428571428,-0.75,23.42));
#4060 = VECTOR('',#4061,1.);
#4061 = DIRECTION('',(0.,0.,1.));
#4062 = ORIENTED_EDGE('',*,*,#4063,.T.);
#4063 = EDGE_CURVE('',#4056,#4064,#4066,.T.);
#4064 = VERTEX_POINT('',#4065);
#4065 = CARTESIAN_POINT('',(-37.2,-0.75,24.42));
#4066 = LINE('',#4067,#4068);
#4067 = CARTESIAN_POINT('',(-37.71428571428,-0.75,24.42));
#4068 = VECTOR('',#4069,1.);
#4069 = DIRECTION('',(1.,0.,0.));
#4070 = ORIENTED_EDGE('',*,*,#4071,.F.);
#4071 = EDGE_CURVE('',#4072,#4064,#4074,.T.);
#4072 = VERTEX_POINT('',#4073);
#4073 = CARTESIAN_POINT('',(-37.2,-0.75,23.42));
#4074 = LINE('',#4075,#4076);
#4075 = CARTESIAN_POINT('',(-37.2,-0.75,23.42));
#4076 = VECTOR('',#4077,1.);
#4077 = DIRECTION('',(0.,0.,1.));
#4078 = ORIENTED_EDGE('',*,*,#4079,.F.);
#4079 = EDGE_CURVE('',#4054,#4072,#4080,.T.);
#4080 = LINE('',#4081,#4082);
#4081 = CARTESIAN_POINT('',(-37.71428571428,-0.75,23.42));
#4082 = VECTOR('',#4083,1.);
#4083 = DIRECTION('',(1.,0.,0.));
#4084 = PLANE('',#4085);
#4085 = AXIS2_PLACEMENT_3D('',#4086,#4087,#4088);
#4086 = CARTESIAN_POINT('',(-37.71428571428,-0.75,23.42));
#4087 = DIRECTION('',(2.2E-16,1.,0.));
#4088 = DIRECTION('',(1.,-2.2E-16,0.));
#4089 = ADVANCED_FACE('',(#4090),#4115,.T.);
#4090 = FACE_BOUND('',#4091,.T.);
#4091 = EDGE_LOOP('',(#4092,#4102,#4108,#4109));
#4092 = ORIENTED_EDGE('',*,*,#4093,.T.);
#4093 = EDGE_CURVE('',#4094,#4096,#4098,.T.);
#4094 = VERTEX_POINT('',#4095);
#4095 = CARTESIAN_POINT('',(-42.2,-3.542857142857,23.42));
#4096 = VERTEX_POINT('',#4097);
#4097 = CARTESIAN_POINT('',(-42.2,-3.542857142857,24.42));
#4098 = LINE('',#4099,#4100);
#4099 = CARTESIAN_POINT('',(-42.2,-3.542857142857,23.42));
#4100 = VECTOR('',#4101,1.);
#4101 = DIRECTION('',(0.,0.,1.));
#4102 = ORIENTED_EDGE('',*,*,#4103,.T.);
#4103 = EDGE_CURVE('',#4096,#4056,#4104,.T.);
#4104 = LINE('',#4105,#4106);
#4105 = CARTESIAN_POINT('',(-42.2,-3.542857142857,24.42));
#4106 = VECTOR('',#4107,1.);
#4107 = DIRECTION('',(0.848908352634,0.528540073057,0.));
#4108 = ORIENTED_EDGE('',*,*,#4053,.F.);
#4109 = ORIENTED_EDGE('',*,*,#4110,.F.);
#4110 = EDGE_CURVE('',#4094,#4054,#4111,.T.);
#4111 = LINE('',#4112,#4113);
#4112 = CARTESIAN_POINT('',(-42.2,-3.542857142857,23.42));
#4113 = VECTOR('',#4114,1.);
#4114 = DIRECTION('',(0.848908352634,0.528540073057,0.));
#4115 = PLANE('',#4116);
#4116 = AXIS2_PLACEMENT_3D('',#4117,#4118,#4119);
#4117 = CARTESIAN_POINT('',(-42.2,-3.542857142857,23.42));
#4118 = DIRECTION('',(-0.528540073057,0.848908352634,0.));
#4119 = DIRECTION('',(0.848908352634,0.528540073057,0.));
#4120 = ADVANCED_FACE('',(#4121),#4146,.T.);
#4121 = FACE_BOUND('',#4122,.T.);
#4122 = EDGE_LOOP('',(#4123,#4133,#4139,#4140));
#4123 = ORIENTED_EDGE('',*,*,#4124,.T.);
#4124 = EDGE_CURVE('',#4125,#4127,#4129,.T.);
#4125 = VERTEX_POINT('',#4126);
#4126 = CARTESIAN_POINT('',(-42.2,-3.928571428571,23.42));
#4127 = VERTEX_POINT('',#4128);
#4128 = CARTESIAN_POINT('',(-42.2,-3.928571428571,24.42));
#4129 = LINE('',#4130,#4131);
#4130 = CARTESIAN_POINT('',(-42.2,-3.928571428571,23.42));
#4131 = VECTOR('',#4132,1.);
#4132 = DIRECTION('',(0.,0.,1.));
#4133 = ORIENTED_EDGE('',*,*,#4134,.T.);
#4134 = EDGE_CURVE('',#4127,#4096,#4135,.T.);
#4135 = LINE('',#4136,#4137);
#4136 = CARTESIAN_POINT('',(-42.2,-3.928571428571,24.42));
#4137 = VECTOR('',#4138,1.);
#4138 = DIRECTION('',(0.,1.,0.));
#4139 = ORIENTED_EDGE('',*,*,#4093,.F.);
#4140 = ORIENTED_EDGE('',*,*,#4141,.F.);
#4141 = EDGE_CURVE('',#4125,#4094,#4142,.T.);
#4142 = LINE('',#4143,#4144);
#4143 = CARTESIAN_POINT('',(-42.2,-3.928571428571,23.42));
#4144 = VECTOR('',#4145,1.);
#4145 = DIRECTION('',(0.,1.,0.));
#4146 = PLANE('',#4147);
#4147 = AXIS2_PLACEMENT_3D('',#4148,#4149,#4150);
#4148 = CARTESIAN_POINT('',(-42.2,-3.928571428571,23.42));
#4149 = DIRECTION('',(-1.,2.2E-16,0.));
#4150 = DIRECTION('',(2.2E-16,1.,0.));
#4151 = ADVANCED_FACE('',(#4152),#4177,.T.);
#4152 = FACE_BOUND('',#4153,.T.);
#4153 = EDGE_LOOP('',(#4154,#4164,#4170,#4171));
#4154 = ORIENTED_EDGE('',*,*,#4155,.T.);
#4155 = EDGE_CURVE('',#4156,#4158,#4160,.T.);
#4156 = VERTEX_POINT('',#4157);
#4157 = CARTESIAN_POINT('',(-41.23571428571,-3.928571428571,23.42));
#4158 = VERTEX_POINT('',#4159);
#4159 = CARTESIAN_POINT('',(-41.23571428571,-3.928571428571,24.42));
#4160 = LINE('',#4161,#4162);
#4161 = CARTESIAN_POINT('',(-41.23571428571,-3.928571428571,23.42));
#4162 = VECTOR('',#4163,1.);
#4163 = DIRECTION('',(0.,0.,1.));
#4164 = ORIENTED_EDGE('',*,*,#4165,.T.);
#4165 = EDGE_CURVE('',#4158,#4127,#4166,.T.);
#4166 = LINE('',#4167,#4168);
#4167 = CARTESIAN_POINT('',(-41.23571428571,-3.928571428571,24.42));
#4168 = VECTOR('',#4169,1.);
#4169 = DIRECTION('',(-1.,0.,0.));
#4170 = ORIENTED_EDGE('',*,*,#4124,.F.);
#4171 = ORIENTED_EDGE('',*,*,#4172,.F.);
#4172 = EDGE_CURVE('',#4156,#4125,#4173,.T.);
#4173 = LINE('',#4174,#4175);
#4174 = CARTESIAN_POINT('',(-41.23571428571,-3.928571428571,23.42));
#4175 = VECTOR('',#4176,1.);
#4176 = DIRECTION('',(-1.,0.,0.));
#4177 = PLANE('',#4178);
#4178 = AXIS2_PLACEMENT_3D('',#4179,#4180,#4181);
#4179 = CARTESIAN_POINT('',(-41.23571428571,-3.928571428571,23.42));
#4180 = DIRECTION('',(-2.2E-16,-1.,0.));
#4181 = DIRECTION('',(-1.,2.2E-16,0.));
#4182 = ADVANCED_FACE('',(#4183),#4208,.T.);
#4183 = FACE_BOUND('',#4184,.T.);
#4184 = EDGE_LOOP('',(#4185,#4195,#4201,#4202));
#4185 = ORIENTED_EDGE('',*,*,#4186,.T.);
#4186 = EDGE_CURVE('',#4187,#4189,#4191,.T.);
#4187 = VERTEX_POINT('',#4188);
#4188 = CARTESIAN_POINT('',(-37.2,-1.414285714286,23.42));
#4189 = VERTEX_POINT('',#4190);
#4190 = CARTESIAN_POINT('',(-37.2,-1.414285714286,24.42));
#4191 = LINE('',#4192,#4193);
#4192 = CARTESIAN_POINT('',(-37.2,-1.414285714286,23.42));
#4193 = VECTOR('',#4194,1.);
#4194 = DIRECTION('',(0.,0.,1.));
#4195 = ORIENTED_EDGE('',*,*,#4196,.T.);
#4196 = EDGE_CURVE('',#4189,#4158,#4197,.T.);
#4197 = LINE('',#4198,#4199);
#4198 = CARTESIAN_POINT('',(-37.2,-1.414285714286,24.42));
#4199 = VECTOR('',#4200,1.);
#4200 = DIRECTION('',(-0.848756985023,-0.528783112793,0.));
#4201 = ORIENTED_EDGE('',*,*,#4155,.F.);
#4202 = ORIENTED_EDGE('',*,*,#4203,.F.);
#4203 = EDGE_CURVE('',#4187,#4156,#4204,.T.);
#4204 = LINE('',#4205,#4206);
#4205 = CARTESIAN_POINT('',(-37.2,-1.414285714286,23.42));
#4206 = VECTOR('',#4207,1.);
#4207 = DIRECTION('',(-0.848756985023,-0.528783112793,0.));
#4208 = PLANE('',#4209);
#4209 = AXIS2_PLACEMENT_3D('',#4210,#4211,#4212);
#4210 = CARTESIAN_POINT('',(-37.2,-1.414285714286,23.42));
#4211 = DIRECTION('',(0.528783112793,-0.848756985023,0.));
#4212 = DIRECTION('',(-0.848756985023,-0.528783112793,0.));
#4213 = ADVANCED_FACE('',(#4214),#4230,.T.);
#4214 = FACE_BOUND('',#4215,.T.);
#4215 = EDGE_LOOP('',(#4216,#4217,#4223,#4224));
#4216 = ORIENTED_EDGE('',*,*,#4071,.T.);
#4217 = ORIENTED_EDGE('',*,*,#4218,.T.);
#4218 = EDGE_CURVE('',#4064,#4189,#4219,.T.);
#4219 = LINE('',#4220,#4221);
#4220 = CARTESIAN_POINT('',(-37.2,-0.75,24.42));
#4221 = VECTOR('',#4222,1.);
#4222 = DIRECTION('',(0.,-1.,0.));
#4223 = ORIENTED_EDGE('',*,*,#4186,.F.);
#4224 = ORIENTED_EDGE('',*,*,#4225,.F.);
#4225 = EDGE_CURVE('',#4072,#4187,#4226,.T.);
#4226 = LINE('',#4227,#4228);
#4227 = CARTESIAN_POINT('',(-37.2,-0.75,23.42));
#4228 = VECTOR('',#4229,1.);
#4229 = DIRECTION('',(0.,-1.,0.));
#4230 = PLANE('',#4231);
#4231 = AXIS2_PLACEMENT_3D('',#4232,#4233,#4234);
#4232 = CARTESIAN_POINT('',(-37.2,-0.75,23.42));
#4233 = DIRECTION('',(1.,-2.2E-16,0.));
#4234 = DIRECTION('',(-2.2E-16,-1.,0.));
#4235 = ADVANCED_FACE('',(#4236),#4244,.F.);
#4236 = FACE_BOUND('',#4237,.F.);
#4237 = EDGE_LOOP('',(#4238,#4239,#4240,#4241,#4242,#4243));
#4238 = ORIENTED_EDGE('',*,*,#4079,.F.);
#4239 = ORIENTED_EDGE('',*,*,#4110,.F.);
#4240 = ORIENTED_EDGE('',*,*,#4141,.F.);
#4241 = ORIENTED_EDGE('',*,*,#4172,.F.);
#4242 = ORIENTED_EDGE('',*,*,#4203,.F.);
#4243 = ORIENTED_EDGE('',*,*,#4225,.F.);
#4244 = PLANE('',#4245);
#4245 = AXIS2_PLACEMENT_3D('',#4246,#4247,#4248);
#4246 = CARTESIAN_POINT('',(-39.63515641237,-2.336101838088,23.42));
#4247 = DIRECTION('',(0.,0.,1.));
#4248 = DIRECTION('',(0.,-1.,0.));
#4249 = ADVANCED_FACE('',(#4250),#4258,.T.);
#4250 = FACE_BOUND('',#4251,.T.);
#4251 = EDGE_LOOP('',(#4252,#4253,#4254,#4255,#4256,#4257));
#4252 = ORIENTED_EDGE('',*,*,#4063,.F.);
#4253 = ORIENTED_EDGE('',*,*,#4103,.F.);
#4254 = ORIENTED_EDGE('',*,*,#4134,.F.);
#4255 = ORIENTED_EDGE('',*,*,#4165,.F.);
#4256 = ORIENTED_EDGE('',*,*,#4196,.F.);
#4257 = ORIENTED_EDGE('',*,*,#4218,.F.);
#4258 = PLANE('',#4259);
#4259 = AXIS2_PLACEMENT_3D('',#4260,#4261,#4262);
#4260 = CARTESIAN_POINT('',(-39.63515641237,-2.336101838088,24.42));
#4261 = DIRECTION('',(0.,0.,1.));
#4262 = DIRECTION('',(0.,-1.,0.));
#4263 = MANIFOLD_SOLID_BREP('',#4264);
#4264 = CLOSED_SHELL('',(#4265,#4305,#4336,#4367,#4398,#4420,#4433));
#4265 = ADVANCED_FACE('',(#4266),#4300,.T.);
#4266 = FACE_BOUND('',#4267,.T.);
#4267 = EDGE_LOOP('',(#4268,#4278,#4286,#4294));
#4268 = ORIENTED_EDGE('',*,*,#4269,.T.);
#4269 = EDGE_CURVE('',#4270,#4272,#4274,.T.);
#4270 = VERTEX_POINT('',#4271);
#4271 = CARTESIAN_POINT('',(-42.2,-0.75,23.42));
#4272 = VERTEX_POINT('',#4273);
#4273 = CARTESIAN_POINT('',(-42.2,-0.75,24.42));
#4274 = LINE('',#4275,#4276);
#4275 = CARTESIAN_POINT('',(-42.2,-0.75,23.42));
#4276 = VECTOR('',#4277,1.);
#4277 = DIRECTION('',(0.,0.,1.));
#4278 = ORIENTED_EDGE('',*,*,#4279,.T.);
#4279 = EDGE_CURVE('',#4272,#4280,#4282,.T.);
#4280 = VERTEX_POINT('',#4281);
#4281 = CARTESIAN_POINT('',(-38.47142857142,-0.75,24.42));
#4282 = LINE('',#4283,#4284);
#4283 = CARTESIAN_POINT('',(-42.2,-0.75,24.42));
#4284 = VECTOR('',#4285,1.);
#4285 = DIRECTION('',(1.,0.,0.));
#4286 = ORIENTED_EDGE('',*,*,#4287,.F.);
#4287 = EDGE_CURVE('',#4288,#4280,#4290,.T.);
#4288 = VERTEX_POINT('',#4289);
#4289 = CARTESIAN_POINT('',(-38.47142857142,-0.75,23.42));
#4290 = LINE('',#4291,#4292);
#4291 = CARTESIAN_POINT('',(-38.47142857142,-0.75,23.42));
#4292 = VECTOR('',#4293,1.);
#4293 = DIRECTION('',(0.,0.,1.));
#4294 = ORIENTED_EDGE('',*,*,#4295,.F.);
#4295 = EDGE_CURVE('',#4270,#4288,#4296,.T.);
#4296 = LINE('',#4297,#4298);
#4297 = CARTESIAN_POINT('',(-42.2,-0.75,23.42));
#4298 = VECTOR('',#4299,1.);
#4299 = DIRECTION('',(1.,0.,0.));
#4300 = PLANE('',#4301);
#4301 = AXIS2_PLACEMENT_3D('',#4302,#4303,#4304);
#4302 = CARTESIAN_POINT('',(-42.2,-0.75,23.42));
#4303 = DIRECTION('',(2.2E-16,1.,0.));
#4304 = DIRECTION('',(1.,-2.2E-16,0.));
#4305 = ADVANCED_FACE('',(#4306),#4331,.T.);
#4306 = FACE_BOUND('',#4307,.T.);
#4307 = EDGE_LOOP('',(#4308,#4318,#4324,#4325));
#4308 = ORIENTED_EDGE('',*,*,#4309,.T.);
#4309 = EDGE_CURVE('',#4310,#4312,#4314,.T.);
#4310 = VERTEX_POINT('',#4311);
#4311 = CARTESIAN_POINT('',(-42.2,-1.55,23.42));
#4312 = VERTEX_POINT('',#4313);
#4313 = CARTESIAN_POINT('',(-42.2,-1.55,24.42));
#4314 = LINE('',#4315,#4316);
#4315 = CARTESIAN_POINT('',(-42.2,-1.55,23.42));
#4316 = VECTOR('',#4317,1.);
#4317 = DIRECTION('',(0.,0.,1.));
#4318 = ORIENTED_EDGE('',*,*,#4319,.T.);
#4319 = EDGE_CURVE('',#4312,#4272,#4320,.T.);
#4320 = LINE('',#4321,#4322);
#4321 = CARTESIAN_POINT('',(-42.2,-1.55,24.42));
#4322 = VECTOR('',#4323,1.);
#4323 = DIRECTION('',(0.,1.,0.));
#4324 = ORIENTED_EDGE('',*,*,#4269,.F.);
#4325 = ORIENTED_EDGE('',*,*,#4326,.F.);
#4326 = EDGE_CURVE('',#4310,#4270,#4327,.T.);
#4327 = LINE('',#4328,#4329);
#4328 = CARTESIAN_POINT('',(-42.2,-1.55,23.42));
#4329 = VECTOR('',#4330,1.);
#4330 = DIRECTION('',(0.,1.,0.));
#4331 = PLANE('',#4332);
#4332 = AXIS2_PLACEMENT_3D('',#4333,#4334,#4335);
#4333 = CARTESIAN_POINT('',(-42.2,-1.55,23.42));
#4334 = DIRECTION('',(-1.,2.2E-16,0.));
#4335 = DIRECTION('',(2.2E-16,1.,0.));
#4336 = ADVANCED_FACE('',(#4337),#4362,.T.);
#4337 = FACE_BOUND('',#4338,.T.);
#4338 = EDGE_LOOP('',(#4339,#4349,#4355,#4356));
#4339 = ORIENTED_EDGE('',*,*,#4340,.T.);
#4340 = EDGE_CURVE('',#4341,#4343,#4345,.T.);
#4341 = VERTEX_POINT('',#4342);
#4342 = CARTESIAN_POINT('',(-39.66428571428,-1.55,23.42));
#4343 = VERTEX_POINT('',#4344);
#4344 = CARTESIAN_POINT('',(-39.66428571428,-1.55,24.42));
#4345 = LINE('',#4346,#4347);
#4346 = CARTESIAN_POINT('',(-39.66428571428,-1.55,23.42));
#4347 = VECTOR('',#4348,1.);
#4348 = DIRECTION('',(0.,0.,1.));
#4349 = ORIENTED_EDGE('',*,*,#4350,.T.);
#4350 = EDGE_CURVE('',#4343,#4312,#4351,.T.);
#4351 = LINE('',#4352,#4353);
#4352 = CARTESIAN_POINT('',(-39.66428571428,-1.55,24.42));
#4353 = VECTOR('',#4354,1.);
#4354 = DIRECTION('',(-1.,0.,0.));
#4355 = ORIENTED_EDGE('',*,*,#4309,.F.);
#4356 = ORIENTED_EDGE('',*,*,#4357,.F.);
#4357 = EDGE_CURVE('',#4341,#4310,#4358,.T.);
#4358 = LINE('',#4359,#4360);
#4359 = CARTESIAN_POINT('',(-39.66428571428,-1.55,23.42));
#4360 = VECTOR('',#4361,1.);
#4361 = DIRECTION('',(-1.,0.,0.));
#4362 = PLANE('',#4363);
#4363 = AXIS2_PLACEMENT_3D('',#4364,#4365,#4366);
#4364 = CARTESIAN_POINT('',(-39.66428571428,-1.55,23.42));
#4365 = DIRECTION('',(-2.2E-16,-1.,0.));
#4366 = DIRECTION('',(-1.,2.2E-16,0.));
#4367 = ADVANCED_FACE('',(#4368),#4393,.T.);
#4368 = FACE_BOUND('',#4369,.T.);
#4369 = EDGE_LOOP('',(#4370,#4380,#4386,#4387));
#4370 = ORIENTED_EDGE('',*,*,#4371,.T.);
#4371 = EDGE_CURVE('',#4372,#4374,#4376,.T.);
#4372 = VERTEX_POINT('',#4373);
#4373 = CARTESIAN_POINT('',(-38.47142857142,-0.807142857143,23.42));
#4374 = VERTEX_POINT('',#4375);
#4375 = CARTESIAN_POINT('',(-38.47142857142,-0.807142857143,24.42));
#4376 = LINE('',#4377,#4378);
#4377 = CARTESIAN_POINT('',(-38.47142857142,-0.807142857143,23.42));
#4378 = VECTOR('',#4379,1.);
#4379 = DIRECTION('',(0.,0.,1.));
#4380 = ORIENTED_EDGE('',*,*,#4381,.T.);
#4381 = EDGE_CURVE('',#4374,#4343,#4382,.T.);
#4382 = LINE('',#4383,#4384);
#4383 = CARTESIAN_POINT('',(-38.47142857142,-0.807142857143,24.42));
#4384 = VECTOR('',#4385,1.);
#4385 = DIRECTION('',(-0.848853874434,-0.528627562522,0.));
#4386 = ORIENTED_EDGE('',*,*,#4340,.F.);
#4387 = ORIENTED_EDGE('',*,*,#4388,.F.);
#4388 = EDGE_CURVE('',#4372,#4341,#4389,.T.);
#4389 = LINE('',#4390,#4391);
#4390 = CARTESIAN_POINT('',(-38.47142857142,-0.807142857143,23.42));
#4391 = VECTOR('',#4392,1.);
#4392 = DIRECTION('',(-0.848853874434,-0.528627562522,0.));
#4393 = PLANE('',#4394);
#4394 = AXIS2_PLACEMENT_3D('',#4395,#4396,#4397);
#4395 = CARTESIAN_POINT('',(-38.47142857142,-0.807142857143,23.42));
#4396 = DIRECTION('',(0.528627562522,-0.848853874434,0.));
#4397 = DIRECTION('',(-0.848853874434,-0.528627562522,0.));
#4398 = ADVANCED_FACE('',(#4399),#4415,.T.);
#4399 = FACE_BOUND('',#4400,.T.);
#4400 = EDGE_LOOP('',(#4401,#4402,#4408,#4409));
#4401 = ORIENTED_EDGE('',*,*,#4287,.T.);
#4402 = ORIENTED_EDGE('',*,*,#4403,.T.);
#4403 = EDGE_CURVE('',#4280,#4374,#4404,.T.);
#4404 = LINE('',#4405,#4406);
#4405 = CARTESIAN_POINT('',(-38.47142857142,-0.75,24.42));
#4406 = VECTOR('',#4407,1.);
#4407 = DIRECTION('',(0.,-1.,0.));
#4408 = ORIENTED_EDGE('',*,*,#4371,.F.);
#4409 = ORIENTED_EDGE('',*,*,#4410,.F.);
#4410 = EDGE_CURVE('',#4288,#4372,#4411,.T.);
#4411 = LINE('',#4412,#4413);
#4412 = CARTESIAN_POINT('',(-38.47142857142,-0.75,23.42));
#4413 = VECTOR('',#4414,1.);
#4414 = DIRECTION('',(0.,-1.,0.));
#4415 = PLANE('',#4416);
#4416 = AXIS2_PLACEMENT_3D('',#4417,#4418,#4419);
#4417 = CARTESIAN_POINT('',(-38.47142857142,-0.75,23.42));
#4418 = DIRECTION('',(1.,-2.2E-16,0.));
#4419 = DIRECTION('',(-2.2E-16,-1.,0.));
#4420 = ADVANCED_FACE('',(#4421),#4428,.F.);
#4421 = FACE_BOUND('',#4422,.F.);
#4422 = EDGE_LOOP('',(#4423,#4424,#4425,#4426,#4427));
#4423 = ORIENTED_EDGE('',*,*,#4295,.F.);
#4424 = ORIENTED_EDGE('',*,*,#4326,.F.);
#4425 = ORIENTED_EDGE('',*,*,#4357,.F.);
#4426 = ORIENTED_EDGE('',*,*,#4388,.F.);
#4427 = ORIENTED_EDGE('',*,*,#4410,.F.);
#4428 = PLANE('',#4429);
#4429 = AXIS2_PLACEMENT_3D('',#4430,#4431,#4432);
#4430 = CARTESIAN_POINT('',(-39.63515641237,-2.336101838088,23.42));
#4431 = DIRECTION('',(0.,0.,1.));
#4432 = DIRECTION('',(0.,-1.,0.));
#4433 = ADVANCED_FACE('',(#4434),#4441,.T.);
#4434 = FACE_BOUND('',#4435,.T.);
#4435 = EDGE_LOOP('',(#4436,#4437,#4438,#4439,#4440));
#4436 = ORIENTED_EDGE('',*,*,#4279,.F.);
#4437 = ORIENTED_EDGE('',*,*,#4319,.F.);
#4438 = ORIENTED_EDGE('',*,*,#4350,.F.);
#4439 = ORIENTED_EDGE('',*,*,#4381,.F.);
#4440 = ORIENTED_EDGE('',*,*,#4403,.F.);
#4441 = PLANE('',#4442);
#4442 = AXIS2_PLACEMENT_3D('',#4443,#4444,#4445);
#4443 = CARTESIAN_POINT('',(-39.63515641237,-2.336101838088,24.42));
#4444 = DIRECTION('',(0.,0.,1.));
#4445 = DIRECTION('',(0.,-1.,0.));
#4446 = MANIFOLD_SOLID_BREP('',#4447);
#4447 = CLOSED_SHELL('',(#4448,#4488,#4519,#4550,#4581,#4603,#4616));
#4448 = ADVANCED_FACE('',(#4449),#4483,.T.);
#4449 = FACE_BOUND('',#4450,.T.);
#4450 = EDGE_LOOP('',(#4451,#4461,#4469,#4477));
#4451 = ORIENTED_EDGE('',*,*,#4452,.T.);
#4452 = EDGE_CURVE('',#4453,#4455,#4457,.T.);
#4453 = VERTEX_POINT('',#4454);
#4454 = CARTESIAN_POINT('',(-39.28571428571,-3.128571428571,23.42));
#4455 = VERTEX_POINT('',#4456);
#4456 = CARTESIAN_POINT('',(-39.28571428571,-3.128571428571,24.42));
#4457 = LINE('',#4458,#4459);
#4458 = CARTESIAN_POINT('',(-39.28571428571,-3.128571428571,23.42));
#4459 = VECTOR('',#4460,1.);
#4460 = DIRECTION('',(0.,0.,1.));
#4461 = ORIENTED_EDGE('',*,*,#4462,.T.);
#4462 = EDGE_CURVE('',#4455,#4463,#4465,.T.);
#4463 = VERTEX_POINT('',#4464);
#4464 = CARTESIAN_POINT('',(-37.2,-3.128571428571,24.42));
#4465 = LINE('',#4466,#4467);
#4466 = CARTESIAN_POINT('',(-39.28571428571,-3.128571428571,24.42));
#4467 = VECTOR('',#4468,1.);
#4468 = DIRECTION('',(1.,0.,0.));
#4469 = ORIENTED_EDGE('',*,*,#4470,.F.);
#4470 = EDGE_CURVE('',#4471,#4463,#4473,.T.);
#4471 = VERTEX_POINT('',#4472);
#4472 = CARTESIAN_POINT('',(-37.2,-3.128571428571,23.42));
#4473 = LINE('',#4474,#4475);
#4474 = CARTESIAN_POINT('',(-37.2,-3.128571428571,23.42));
#4475 = VECTOR('',#4476,1.);
#4476 = DIRECTION('',(0.,0.,1.));
#4477 = ORIENTED_EDGE('',*,*,#4478,.F.);
#4478 = EDGE_CURVE('',#4453,#4471,#4479,.T.);
#4479 = LINE('',#4480,#4481);
#4480 = CARTESIAN_POINT('',(-39.28571428571,-3.128571428571,23.42));
#4481 = VECTOR('',#4482,1.);
#4482 = DIRECTION('',(1.,0.,0.));
#4483 = PLANE('',#4484);
#4484 = AXIS2_PLACEMENT_3D('',#4485,#4486,#4487);
#4485 = CARTESIAN_POINT('',(-39.28571428571,-3.128571428571,23.42));
#4486 = DIRECTION('',(2.2E-16,1.,0.));
#4487 = DIRECTION('',(1.,-2.2E-16,0.));
#4488 = ADVANCED_FACE('',(#4489),#4514,.T.);
#4489 = FACE_BOUND('',#4490,.T.);
#4490 = EDGE_LOOP('',(#4491,#4501,#4507,#4508));
#4491 = ORIENTED_EDGE('',*,*,#4492,.T.);
#4492 = EDGE_CURVE('',#4493,#4495,#4497,.T.);
#4493 = VERTEX_POINT('',#4494);
#4494 = CARTESIAN_POINT('',(-40.47857142857,-3.871428571429,23.42));
#4495 = VERTEX_POINT('',#4496);
#4496 = CARTESIAN_POINT('',(-40.47857142857,-3.871428571429,24.42));
#4497 = LINE('',#4498,#4499);
#4498 = CARTESIAN_POINT('',(-40.47857142857,-3.871428571429,23.42));
#4499 = VECTOR('',#4500,1.);
#4500 = DIRECTION('',(0.,0.,1.));
#4501 = ORIENTED_EDGE('',*,*,#4502,.T.);
#4502 = EDGE_CURVE('',#4495,#4455,#4503,.T.);
#4503 = LINE('',#4504,#4505);
#4504 = CARTESIAN_POINT('',(-40.47857142857,-3.871428571429,24.42));
#4505 = VECTOR('',#4506,1.);
#4506 = DIRECTION('',(0.848853874434,0.528627562522,0.));
#4507 = ORIENTED_EDGE('',*,*,#4452,.F.);
#4508 = ORIENTED_EDGE('',*,*,#4509,.F.);
#4509 = EDGE_CURVE('',#4493,#4453,#4510,.T.);
#4510 = LINE('',#4511,#4512);
#4511 = CARTESIAN_POINT('',(-40.47857142857,-3.871428571429,23.42));
#4512 = VECTOR('',#4513,1.);
#4513 = DIRECTION('',(0.848853874434,0.528627562522,0.));
#4514 = PLANE('',#4515);
#4515 = AXIS2_PLACEMENT_3D('',#4516,#4517,#4518);
#4516 = CARTESIAN_POINT('',(-40.47857142857,-3.871428571429,23.42));
#4517 = DIRECTION('',(-0.528627562522,0.848853874434,0.));
#4518 = DIRECTION('',(0.848853874434,0.528627562522,0.));
#4519 = ADVANCED_FACE('',(#4520),#4545,.T.);
#4520 = FACE_BOUND('',#4521,.T.);
#4521 = EDGE_LOOP('',(#4522,#4532,#4538,#4539));
#4522 = ORIENTED_EDGE('',*,*,#4523,.T.);
#4523 = EDGE_CURVE('',#4524,#4526,#4528,.T.);
#4524 = VERTEX_POINT('',#4525);
#4525 = CARTESIAN_POINT('',(-40.47857142857,-3.928571428571,23.42));
#4526 = VERTEX_POINT('',#4527);
#4527 = CARTESIAN_POINT('',(-40.47857142857,-3.928571428571,24.42));
#4528 = LINE('',#4529,#4530);
#4529 = CARTESIAN_POINT('',(-40.47857142857,-3.928571428571,23.42));
#4530 = VECTOR('',#4531,1.);
#4531 = DIRECTION('',(0.,0.,1.));
#4532 = ORIENTED_EDGE('',*,*,#4533,.T.);
#4533 = EDGE_CURVE('',#4526,#4495,#4534,.T.);
#4534 = LINE('',#4535,#4536);
#4535 = CARTESIAN_POINT('',(-40.47857142857,-3.928571428571,24.42));
#4536 = VECTOR('',#4537,1.);
#4537 = DIRECTION('',(0.,1.,0.));
#4538 = ORIENTED_EDGE('',*,*,#4492,.F.);
#4539 = ORIENTED_EDGE('',*,*,#4540,.F.);
#4540 = EDGE_CURVE('',#4524,#4493,#4541,.T.);
#4541 = LINE('',#4542,#4543);
#4542 = CARTESIAN_POINT('',(-40.47857142857,-3.928571428571,23.42));
#4543 = VECTOR('',#4544,1.);
#4544 = DIRECTION('',(0.,1.,0.));
#4545 = PLANE('',#4546);
#4546 = AXIS2_PLACEMENT_3D('',#4547,#4548,#4549);
#4547 = CARTESIAN_POINT('',(-40.47857142857,-3.928571428571,23.42));
#4548 = DIRECTION('',(-1.,2.2E-16,0.));
#4549 = DIRECTION('',(2.2E-16,1.,0.));
#4550 = ADVANCED_FACE('',(#4551),#4576,.T.);
#4551 = FACE_BOUND('',#4552,.T.);
#4552 = EDGE_LOOP('',(#4553,#4563,#4569,#4570));
#4553 = ORIENTED_EDGE('',*,*,#4554,.T.);
#4554 = EDGE_CURVE('',#4555,#4557,#4559,.T.);
#4555 = VERTEX_POINT('',#4556);
#4556 = CARTESIAN_POINT('',(-37.2,-3.928571428571,23.42));
#4557 = VERTEX_POINT('',#4558);
#4558 = CARTESIAN_POINT('',(-37.2,-3.928571428571,24.42));
#4559 = LINE('',#4560,#4561);
#4560 = CARTESIAN_POINT('',(-37.2,-3.928571428571,23.42));
#4561 = VECTOR('',#4562,1.);
#4562 = DIRECTION('',(0.,0.,1.));
#4563 = ORIENTED_EDGE('',*,*,#4564,.T.);
#4564 = EDGE_CURVE('',#4557,#4526,#4565,.T.);
#4565 = LINE('',#4566,#4567);
#4566 = CARTESIAN_POINT('',(-37.2,-3.928571428571,24.42));
#4567 = VECTOR('',#4568,1.);
#4568 = DIRECTION('',(-1.,0.,0.));
#4569 = ORIENTED_EDGE('',*,*,#4523,.F.);
#4570 = ORIENTED_EDGE('',*,*,#4571,.F.);
#4571 = EDGE_CURVE('',#4555,#4524,#4572,.T.);
#4572 = LINE('',#4573,#4574);
#4573 = CARTESIAN_POINT('',(-37.2,-3.928571428571,23.42));
#4574 = VECTOR('',#4575,1.);
#4575 = DIRECTION('',(-1.,0.,0.));
#4576 = PLANE('',#4577);
#4577 = AXIS2_PLACEMENT_3D('',#4578,#4579,#4580);
#4578 = CARTESIAN_POINT('',(-37.2,-3.928571428571,23.42));
#4579 = DIRECTION('',(-2.2E-16,-1.,0.));
#4580 = DIRECTION('',(-1.,2.2E-16,0.));
#4581 = ADVANCED_FACE('',(#4582),#4598,.T.);
#4582 = FACE_BOUND('',#4583,.T.);
#4583 = EDGE_LOOP('',(#4584,#4585,#4591,#4592));
#4584 = ORIENTED_EDGE('',*,*,#4470,.T.);
#4585 = ORIENTED_EDGE('',*,*,#4586,.T.);
#4586 = EDGE_CURVE('',#4463,#4557,#4587,.T.);
#4587 = LINE('',#4588,#4589);
#4588 = CARTESIAN_POINT('',(-37.2,-3.128571428571,24.42));
#4589 = VECTOR('',#4590,1.);
#4590 = DIRECTION('',(0.,-1.,0.));
#4591 = ORIENTED_EDGE('',*,*,#4554,.F.);
#4592 = ORIENTED_EDGE('',*,*,#4593,.F.);
#4593 = EDGE_CURVE('',#4471,#4555,#4594,.T.);
#4594 = LINE('',#4595,#4596);
#4595 = CARTESIAN_POINT('',(-37.2,-3.128571428571,23.42));
#4596 = VECTOR('',#4597,1.);
#4597 = DIRECTION('',(0.,-1.,0.));
#4598 = PLANE('',#4599);
#4599 = AXIS2_PLACEMENT_3D('',#4600,#4601,#4602);
#4600 = CARTESIAN_POINT('',(-37.2,-3.128571428571,23.42));
#4601 = DIRECTION('',(1.,-2.2E-16,0.));
#4602 = DIRECTION('',(-2.2E-16,-1.,0.));
#4603 = ADVANCED_FACE('',(#4604),#4611,.F.);
#4604 = FACE_BOUND('',#4605,.F.);
#4605 = EDGE_LOOP('',(#4606,#4607,#4608,#4609,#4610));
#4606 = ORIENTED_EDGE('',*,*,#4478,.F.);
#4607 = ORIENTED_EDGE('',*,*,#4509,.F.);
#4608 = ORIENTED_EDGE('',*,*,#4540,.F.);
#4609 = ORIENTED_EDGE('',*,*,#4571,.F.);
#4610 = ORIENTED_EDGE('',*,*,#4593,.F.);
#4611 = PLANE('',#4612);
#4612 = AXIS2_PLACEMENT_3D('',#4613,#4614,#4615);
#4613 = CARTESIAN_POINT('',(-39.63515641237,-2.336101838088,23.42));
#4614 = DIRECTION('',(0.,0.,1.));
#4615 = DIRECTION('',(0.,-1.,0.));
#4616 = ADVANCED_FACE('',(#4617),#4624,.T.);
#4617 = FACE_BOUND('',#4618,.T.);
#4618 = EDGE_LOOP('',(#4619,#4620,#4621,#4622,#4623));
#4619 = ORIENTED_EDGE('',*,*,#4462,.F.);
#4620 = ORIENTED_EDGE('',*,*,#4502,.F.);
#4621 = ORIENTED_EDGE('',*,*,#4533,.F.);
#4622 = ORIENTED_EDGE('',*,*,#4564,.F.);
#4623 = ORIENTED_EDGE('',*,*,#4586,.F.);
#4624 = PLANE('',#4625);
#4625 = AXIS2_PLACEMENT_3D('',#4626,#4627,#4628);
#4626 = CARTESIAN_POINT('',(-39.63515641237,-2.336101838088,24.42));
#4627 = DIRECTION('',(0.,0.,1.));
#4628 = DIRECTION('',(0.,-1.,0.));
#4629 = MANIFOLD_SOLID_BREP('',#4630);
#4630 = CLOSED_SHELL('',(#4631,#4671,#4704,#4737,#4768,#4801,#4834,#4865
    ,#4898,#4931,#4962,#4995,#5019,#5039));
#4631 = ADVANCED_FACE('',(#4632),#4666,.T.);
#4632 = FACE_BOUND('',#4633,.T.);
#4633 = EDGE_LOOP('',(#4634,#4644,#4652,#4660));
#4634 = ORIENTED_EDGE('',*,*,#4635,.T.);
#4635 = EDGE_CURVE('',#4636,#4638,#4640,.T.);
#4636 = VERTEX_POINT('',#4637);
#4637 = CARTESIAN_POINT('',(-42.2,-5.693333333333,23.42));
#4638 = VERTEX_POINT('',#4639);
#4639 = CARTESIAN_POINT('',(-42.2,-5.693333333333,24.42));
#4640 = LINE('',#4641,#4642);
#4641 = CARTESIAN_POINT('',(-42.2,-5.693333333333,23.42));
#4642 = VECTOR('',#4643,1.);
#4643 = DIRECTION('',(0.,0.,1.));
#4644 = ORIENTED_EDGE('',*,*,#4645,.T.);
#4645 = EDGE_CURVE('',#4638,#4646,#4648,.T.);
#4646 = VERTEX_POINT('',#4647);
#4647 = CARTESIAN_POINT('',(-41.40714285714,-5.693333333333,24.42));
#4648 = LINE('',#4649,#4650);
#4649 = CARTESIAN_POINT('',(-42.2,-5.693333333333,24.42));
#4650 = VECTOR('',#4651,1.);
#4651 = DIRECTION('',(1.,0.,0.));
#4652 = ORIENTED_EDGE('',*,*,#4653,.F.);
#4653 = EDGE_CURVE('',#4654,#4646,#4656,.T.);
#4654 = VERTEX_POINT('',#4655);
#4655 = CARTESIAN_POINT('',(-41.40714285714,-5.693333333333,23.42));
#4656 = LINE('',#4657,#4658);
#4657 = CARTESIAN_POINT('',(-41.40714285714,-5.693333333333,23.42));
#4658 = VECTOR('',#4659,1.);
#4659 = DIRECTION('',(0.,0.,1.));
#4660 = ORIENTED_EDGE('',*,*,#4661,.F.);
#4661 = EDGE_CURVE('',#4636,#4654,#4662,.T.);
#4662 = LINE('',#4663,#4664);
#4663 = CARTESIAN_POINT('',(-42.2,-5.693333333333,23.42));
#4664 = VECTOR('',#4665,1.);
#4665 = DIRECTION('',(1.,0.,0.));
#4666 = PLANE('',#4667);
#4667 = AXIS2_PLACEMENT_3D('',#4668,#4669,#4670);
#4668 = CARTESIAN_POINT('',(-42.2,-5.693333333333,23.42));
#4669 = DIRECTION('',(2.2E-16,1.,0.));
#4670 = DIRECTION('',(1.,-2.2E-16,0.));
#4671 = ADVANCED_FACE('',(#4672),#4697,.T.);
#4672 = FACE_BOUND('',#4673,.T.);
#4673 = EDGE_LOOP('',(#4674,#4684,#4690,#4691));
#4674 = ORIENTED_EDGE('',*,*,#4675,.T.);
#4675 = EDGE_CURVE('',#4676,#4678,#4680,.T.);
#4676 = VERTEX_POINT('',#4677);
#4677 = CARTESIAN_POINT('',(-42.09285714285,-6.38619047619,23.42));
#4678 = VERTEX_POINT('',#4679);
#4679 = CARTESIAN_POINT('',(-42.09285714285,-6.38619047619,24.42));
#4680 = LINE('',#4681,#4682);
#4681 = CARTESIAN_POINT('',(-42.09285714285,-6.38619047619,23.42));
#4682 = VECTOR('',#4683,1.);
#4683 = DIRECTION('',(0.,0.,1.));
#4684 = ORIENTED_EDGE('',*,*,#4685,.T.);
#4685 = EDGE_CURVE('',#4678,#4638,#4686,.T.);
#4686 = B_SPLINE_CURVE_WITH_KNOTS('',2,(#4687,#4688,#4689),
  .UNSPECIFIED.,.F.,.F.,(3,3),(0.,1.),.PIECEWISE_BEZIER_KNOTS.);
#4687 = CARTESIAN_POINT('',(-42.09285714285,-6.38619047619,24.42));
#4688 = CARTESIAN_POINT('',(-42.2,-6.064761904762,24.42));
#4689 = CARTESIAN_POINT('',(-42.2,-5.693333333333,24.42));
#4690 = ORIENTED_EDGE('',*,*,#4635,.F.);
#4691 = ORIENTED_EDGE('',*,*,#4692,.F.);
#4692 = EDGE_CURVE('',#4676,#4636,#4693,.T.);
#4693 = B_SPLINE_CURVE_WITH_KNOTS('',2,(#4694,#4695,#4696),
  .UNSPECIFIED.,.F.,.F.,(3,3),(0.,1.),.PIECEWISE_BEZIER_KNOTS.);
#4694 = CARTESIAN_POINT('',(-42.09285714285,-6.38619047619,23.42));
#4695 = CARTESIAN_POINT('',(-42.2,-6.064761904762,23.42));
#4696 = CARTESIAN_POINT('',(-42.2,-5.693333333333,23.42));
#4697 = SURFACE_OF_LINEAR_EXTRUSION('',#4698,#4702);
#4698 = B_SPLINE_CURVE_WITH_KNOTS('',2,(#4699,#4700,#4701),
  .UNSPECIFIED.,.F.,.F.,(3,3),(0.,1.),.PIECEWISE_BEZIER_KNOTS.);
#4699 = CARTESIAN_POINT('',(-42.09285714285,-6.38619047619,23.42));
#4700 = CARTESIAN_POINT('',(-42.2,-6.064761904762,23.42));
#4701 = CARTESIAN_POINT('',(-42.2,-5.693333333333,23.42));
#4702 = VECTOR('',#4703,1.);
#4703 = DIRECTION('',(-0.,-0.,-1.));
#4704 = ADVANCED_FACE('',(#4705),#4730,.T.);
#4705 = FACE_BOUND('',#4706,.T.);
#4706 = EDGE_LOOP('',(#4707,#4717,#4723,#4724));
#4707 = ORIENTED_EDGE('',*,*,#4708,.T.);
#4708 = EDGE_CURVE('',#4709,#4711,#4713,.T.);
#4709 = VERTEX_POINT('',#4710);
#4710 = CARTESIAN_POINT('',(-40.79285714285,-7.321904761905,23.42));
#4711 = VERTEX_POINT('',#4712);
#4712 = CARTESIAN_POINT('',(-40.79285714285,-7.321904761905,24.42));
#4713 = LINE('',#4714,#4715);
#4714 = CARTESIAN_POINT('',(-40.79285714285,-7.321904761905,23.42));
#4715 = VECTOR('',#4716,1.);
#4716 = DIRECTION('',(0.,0.,1.));
#4717 = ORIENTED_EDGE('',*,*,#4718,.T.);
#4718 = EDGE_CURVE('',#4711,#4678,#4719,.T.);
#4719 = B_SPLINE_CURVE_WITH_KNOTS('',2,(#4720,#4721,#4722),
  .UNSPECIFIED.,.F.,.F.,(3,3),(0.,1.),.PIECEWISE_BEZIER_KNOTS.);
#4720 = CARTESIAN_POINT('',(-40.79285714285,-7.321904761905,24.42));
#4721 = CARTESIAN_POINT('',(-41.78571428571,-7.321904761905,24.42));
#4722 = CARTESIAN_POINT('',(-42.09285714285,-6.38619047619,24.42));
#4723 = ORIENTED_EDGE('',*,*,#4675,.F.);
#4724 = ORIENTED_EDGE('',*,*,#4725,.F.);
#4725 = EDGE_CURVE('',#4709,#4676,#4726,.T.);
#4726 = B_SPLINE_CURVE_WITH_KNOTS('',2,(#4727,#4728,#4729),
  .UNSPECIFIED.,.F.,.F.,(3,3),(0.,1.),.PIECEWISE_BEZIER_KNOTS.);
#4727 = CARTESIAN_POINT('',(-40.79285714285,-7.321904761905,23.42));
#4728 = CARTESIAN_POINT('',(-41.78571428571,-7.321904761905,23.42));
#4729 = CARTESIAN_POINT('',(-42.09285714285,-6.38619047619,23.42));
#4730 = SURFACE_OF_LINEAR_EXTRUSION('',#4731,#4735);
#4731 = B_SPLINE_CURVE_WITH_KNOTS('',2,(#4732,#4733,#4734),
  .UNSPECIFIED.,.F.,.F.,(3,3),(0.,1.),.PIECEWISE_BEZIER_KNOTS.);
#4732 = CARTESIAN_POINT('',(-40.79285714285,-7.321904761905,23.42));
#4733 = CARTESIAN_POINT('',(-41.78571428571,-7.321904761905,23.42));
#4734 = CARTESIAN_POINT('',(-42.09285714285,-6.38619047619,23.42));
#4735 = VECTOR('',#4736,1.);
#4736 = DIRECTION('',(-0.,-0.,-1.));
#4737 = ADVANCED_FACE('',(#4738),#4763,.T.);
#4738 = FACE_BOUND('',#4739,.T.);
#4739 = EDGE_LOOP('',(#4740,#4750,#4756,#4757));
#4740 = ORIENTED_EDGE('',*,*,#4741,.T.);
#4741 = EDGE_CURVE('',#4742,#4744,#4746,.T.);
#4742 = VERTEX_POINT('',#4743);
#4743 = CARTESIAN_POINT('',(-38.60714285714,-7.321904761905,23.42));
#4744 = VERTEX_POINT('',#4745);
#4745 = CARTESIAN_POINT('',(-38.60714285714,-7.321904761905,24.42));
#4746 = LINE('',#4747,#4748);
#4747 = CARTESIAN_POINT('',(-38.60714285714,-7.321904761905,23.42));
#4748 = VECTOR('',#4749,1.);
#4749 = DIRECTION('',(0.,0.,1.));
#4750 = ORIENTED_EDGE('',*,*,#4751,.T.);
#4751 = EDGE_CURVE('',#4744,#4711,#4752,.T.);
#4752 = LINE('',#4753,#4754);
#4753 = CARTESIAN_POINT('',(-38.60714285714,-7.321904761905,24.42));
#4754 = VECTOR('',#4755,1.);
#4755 = DIRECTION('',(-1.,0.,0.));
#4756 = ORIENTED_EDGE('',*,*,#4708,.F.);
#4757 = ORIENTED_EDGE('',*,*,#4758,.F.);
#4758 = EDGE_CURVE('',#4742,#4709,#4759,.T.);
#4759 = LINE('',#4760,#4761);
#4760 = CARTESIAN_POINT('',(-38.60714285714,-7.321904761905,23.42));
#4761 = VECTOR('',#4762,1.);
#4762 = DIRECTION('',(-1.,0.,0.));
#4763 = PLANE('',#4764);
#4764 = AXIS2_PLACEMENT_3D('',#4765,#4766,#4767);
#4765 = CARTESIAN_POINT('',(-38.60714285714,-7.321904761905,23.42));
#4766 = DIRECTION('',(-2.2E-16,-1.,0.));
#4767 = DIRECTION('',(-1.,2.2E-16,0.));
#4768 = ADVANCED_FACE('',(#4769),#4794,.T.);
#4769 = FACE_BOUND('',#4770,.T.);
#4770 = EDGE_LOOP('',(#4771,#4781,#4787,#4788));
#4771 = ORIENTED_EDGE('',*,*,#4772,.T.);
#4772 = EDGE_CURVE('',#4773,#4775,#4777,.T.);
#4773 = VERTEX_POINT('',#4774);
#4774 = CARTESIAN_POINT('',(-37.8,-7.057619047619,23.42));
#4775 = VERTEX_POINT('',#4776);
#4776 = CARTESIAN_POINT('',(-37.8,-7.057619047619,24.42));
#4777 = LINE('',#4778,#4779);
#4778 = CARTESIAN_POINT('',(-37.8,-7.057619047619,23.42));
#4779 = VECTOR('',#4780,1.);
#4780 = DIRECTION('',(0.,0.,1.));
#4781 = ORIENTED_EDGE('',*,*,#4782,.T.);
#4782 = EDGE_CURVE('',#4775,#4744,#4783,.T.);
#4783 = B_SPLINE_CURVE_WITH_KNOTS('',2,(#4784,#4785,#4786),
  .UNSPECIFIED.,.F.,.F.,(3,3),(0.,1.),.PIECEWISE_BEZIER_KNOTS.);
#4784 = CARTESIAN_POINT('',(-37.8,-7.057619047619,24.42));
#4785 = CARTESIAN_POINT('',(-38.15714285714,-7.321904761905,24.42));
#4786 = CARTESIAN_POINT('',(-38.60714285714,-7.321904761905,24.42));
#4787 = ORIENTED_EDGE('',*,*,#4741,.F.);
#4788 = ORIENTED_EDGE('',*,*,#4789,.F.);
#4789 = EDGE_CURVE('',#4773,#4742,#4790,.T.);
#4790 = B_SPLINE_CURVE_WITH_KNOTS('',2,(#4791,#4792,#4793),
  .UNSPECIFIED.,.F.,.F.,(3,3),(0.,1.),.PIECEWISE_BEZIER_KNOTS.);
#4791 = CARTESIAN_POINT('',(-37.8,-7.057619047619,23.42));
#4792 = CARTESIAN_POINT('',(-38.15714285714,-7.321904761905,23.42));
#4793 = CARTESIAN_POINT('',(-38.60714285714,-7.321904761905,23.42));
#4794 = SURFACE_OF_LINEAR_EXTRUSION('',#4795,#4799);
#4795 = B_SPLINE_CURVE_WITH_KNOTS('',2,(#4796,#4797,#4798),
  .UNSPECIFIED.,.F.,.F.,(3,3),(0.,1.),.PIECEWISE_BEZIER_KNOTS.);
#4796 = CARTESIAN_POINT('',(-37.8,-7.057619047619,23.42));
#4797 = CARTESIAN_POINT('',(-38.15714285714,-7.321904761905,23.42));
#4798 = CARTESIAN_POINT('',(-38.60714285714,-7.321904761905,23.42));
#4799 = VECTOR('',#4800,1.);
#4800 = DIRECTION('',(-0.,-0.,-1.));
#4801 = ADVANCED_FACE('',(#4802),#4827,.T.);
#4802 = FACE_BOUND('',#4803,.T.);
#4803 = EDGE_LOOP('',(#4804,#4814,#4820,#4821));
#4804 = ORIENTED_EDGE('',*,*,#4805,.T.);
#4805 = EDGE_CURVE('',#4806,#4808,#4810,.T.);
#4806 = VERTEX_POINT('',#4807);
#4807 = CARTESIAN_POINT('',(-37.2,-5.693333333333,23.42));
#4808 = VERTEX_POINT('',#4809);
#4809 = CARTESIAN_POINT('',(-37.2,-5.693333333333,24.42));
#4810 = LINE('',#4811,#4812);
#4811 = CARTESIAN_POINT('',(-37.2,-5.693333333333,23.42));
#4812 = VECTOR('',#4813,1.);
#4813 = DIRECTION('',(0.,0.,1.));
#4814 = ORIENTED_EDGE('',*,*,#4815,.T.);
#4815 = EDGE_CURVE('',#4808,#4775,#4816,.T.);
#4816 = B_SPLINE_CURVE_WITH_KNOTS('',2,(#4817,#4818,#4819),
  .UNSPECIFIED.,.F.,.F.,(3,3),(0.,1.),.PIECEWISE_BEZIER_KNOTS.);
#4817 = CARTESIAN_POINT('',(-37.2,-5.693333333333,24.42));
#4818 = CARTESIAN_POINT('',(-37.2,-6.607619047619,24.42));
#4819 = CARTESIAN_POINT('',(-37.8,-7.057619047619,24.42));
#4820 = ORIENTED_EDGE('',*,*,#4772,.F.);
#4821 = ORIENTED_EDGE('',*,*,#4822,.F.);
#4822 = EDGE_CURVE('',#4806,#4773,#4823,.T.);
#4823 = B_SPLINE_CURVE_WITH_KNOTS('',2,(#4824,#4825,#4826),
  .UNSPECIFIED.,.F.,.F.,(3,3),(0.,1.),.PIECEWISE_BEZIER_KNOTS.);
#4824 = CARTESIAN_POINT('',(-37.2,-5.693333333333,23.42));
#4825 = CARTESIAN_POINT('',(-37.2,-6.607619047619,23.42));
#4826 = CARTESIAN_POINT('',(-37.8,-7.057619047619,23.42));
#4827 = SURFACE_OF_LINEAR_EXTRUSION('',#4828,#4832);
#4828 = B_SPLINE_CURVE_WITH_KNOTS('',2,(#4829,#4830,#4831),
  .UNSPECIFIED.,.F.,.F.,(3,3),(0.,1.),.PIECEWISE_BEZIER_KNOTS.);
#4829 = CARTESIAN_POINT('',(-37.2,-5.693333333333,23.42));
#4830 = CARTESIAN_POINT('',(-37.2,-6.607619047619,23.42));
#4831 = CARTESIAN_POINT('',(-37.8,-7.057619047619,23.42));
#4832 = VECTOR('',#4833,1.);
#4833 = DIRECTION('',(-0.,-0.,-1.));
#4834 = ADVANCED_FACE('',(#4835),#4860,.T.);
#4835 = FACE_BOUND('',#4836,.T.);
#4836 = EDGE_LOOP('',(#4837,#4847,#4853,#4854));
#4837 = ORIENTED_EDGE('',*,*,#4838,.T.);
#4838 = EDGE_CURVE('',#4839,#4841,#4843,.T.);
#4839 = VERTEX_POINT('',#4840);
#4840 = CARTESIAN_POINT('',(-37.99285714285,-5.693333333333,23.42));
#4841 = VERTEX_POINT('',#4842);
#4842 = CARTESIAN_POINT('',(-37.99285714285,-5.693333333333,24.42));
#4843 = LINE('',#4844,#4845);
#4844 = CARTESIAN_POINT('',(-37.99285714285,-5.693333333333,23.42));
#4845 = VECTOR('',#4846,1.);
#4846 = DIRECTION('',(0.,0.,1.));
#4847 = ORIENTED_EDGE('',*,*,#4848,.T.);
#4848 = EDGE_CURVE('',#4841,#4808,#4849,.T.);
#4849 = LINE('',#4850,#4851);
#4850 = CARTESIAN_POINT('',(-37.99285714285,-5.693333333333,24.42));
#4851 = VECTOR('',#4852,1.);
#4852 = DIRECTION('',(1.,0.,0.));
#4853 = ORIENTED_EDGE('',*,*,#4805,.F.);
#4854 = ORIENTED_EDGE('',*,*,#4855,.F.);
#4855 = EDGE_CURVE('',#4839,#4806,#4856,.T.);
#4856 = LINE('',#4857,#4858);
#4857 = CARTESIAN_POINT('',(-37.99285714285,-5.693333333333,23.42));
#4858 = VECTOR('',#4859,1.);
#4859 = DIRECTION('',(1.,0.,0.));
#4860 = PLANE('',#4861);
#4861 = AXIS2_PLACEMENT_3D('',#4862,#4863,#4864);
#4862 = CARTESIAN_POINT('',(-37.99285714285,-5.693333333333,23.42));
#4863 = DIRECTION('',(2.2E-16,1.,0.));
#4864 = DIRECTION('',(1.,-2.2E-16,0.));
#4865 = ADVANCED_FACE('',(#4866),#4891,.T.);
#4866 = FACE_BOUND('',#4867,.T.);
#4867 = EDGE_LOOP('',(#4868,#4878,#4884,#4885));
#4868 = ORIENTED_EDGE('',*,*,#4869,.T.);
#4869 = EDGE_CURVE('',#4870,#4872,#4874,.T.);
#4870 = VERTEX_POINT('',#4871);
#4871 = CARTESIAN_POINT('',(-38.04285714285,-6.050476190476,23.42));
#4872 = VERTEX_POINT('',#4873);
#4873 = CARTESIAN_POINT('',(-38.04285714285,-6.050476190476,24.42));
#4874 = LINE('',#4875,#4876);
#4875 = CARTESIAN_POINT('',(-38.04285714285,-6.050476190476,23.42));
#4876 = VECTOR('',#4877,1.);
#4877 = DIRECTION('',(0.,0.,1.));
#4878 = ORIENTED_EDGE('',*,*,#4879,.T.);
#4879 = EDGE_CURVE('',#4872,#4841,#4880,.T.);
#4880 = B_SPLINE_CURVE_WITH_KNOTS('',2,(#4881,#4882,#4883),
  .UNSPECIFIED.,.F.,.F.,(3,3),(0.,1.),.PIECEWISE_BEZIER_KNOTS.);
#4881 = CARTESIAN_POINT('',(-38.04285714285,-6.050476190476,24.42));
#4882 = CARTESIAN_POINT('',(-37.99285714285,-5.88619047619,24.42));
#4883 = CARTESIAN_POINT('',(-37.99285714285,-5.693333333333,24.42));
#4884 = ORIENTED_EDGE('',*,*,#4838,.F.);
#4885 = ORIENTED_EDGE('',*,*,#4886,.F.);
#4886 = EDGE_CURVE('',#4870,#4839,#4887,.T.);
#4887 = B_SPLINE_CURVE_WITH_KNOTS('',2,(#4888,#4889,#4890),
  .UNSPECIFIED.,.F.,.F.,(3,3),(0.,1.),.PIECEWISE_BEZIER_KNOTS.);
#4888 = CARTESIAN_POINT('',(-38.04285714285,-6.050476190476,23.42));
#4889 = CARTESIAN_POINT('',(-37.99285714285,-5.88619047619,23.42));
#4890 = CARTESIAN_POINT('',(-37.99285714285,-5.693333333333,23.42));
#4891 = SURFACE_OF_LINEAR_EXTRUSION('',#4892,#4896);
#4892 = B_SPLINE_CURVE_WITH_KNOTS('',2,(#4893,#4894,#4895),
  .UNSPECIFIED.,.F.,.F.,(3,3),(0.,1.),.PIECEWISE_BEZIER_KNOTS.);
#4893 = CARTESIAN_POINT('',(-38.04285714285,-6.050476190476,23.42));
#4894 = CARTESIAN_POINT('',(-37.99285714285,-5.88619047619,23.42));
#4895 = CARTESIAN_POINT('',(-37.99285714285,-5.693333333333,23.42));
#4896 = VECTOR('',#4897,1.);
#4897 = DIRECTION('',(-0.,-0.,-1.));
#4898 = ADVANCED_FACE('',(#4899),#4924,.T.);
#4899 = FACE_BOUND('',#4900,.T.);
#4900 = EDGE_LOOP('',(#4901,#4911,#4917,#4918));
#4901 = ORIENTED_EDGE('',*,*,#4902,.T.);
#4902 = EDGE_CURVE('',#4903,#4905,#4907,.T.);
#4903 = VERTEX_POINT('',#4904);
#4904 = CARTESIAN_POINT('',(-38.60714285714,-6.529047619048,23.42));
#4905 = VERTEX_POINT('',#4906);
#4906 = CARTESIAN_POINT('',(-38.60714285714,-6.529047619048,24.42));
#4907 = LINE('',#4908,#4909);
#4908 = CARTESIAN_POINT('',(-38.60714285714,-6.529047619048,23.42));
#4909 = VECTOR('',#4910,1.);
#4910 = DIRECTION('',(0.,0.,1.));
#4911 = ORIENTED_EDGE('',*,*,#4912,.T.);
#4912 = EDGE_CURVE('',#4905,#4872,#4913,.T.);
#4913 = B_SPLINE_CURVE_WITH_KNOTS('',2,(#4914,#4915,#4916),
  .UNSPECIFIED.,.F.,.F.,(3,3),(0.,1.),.PIECEWISE_BEZIER_KNOTS.);
#4914 = CARTESIAN_POINT('',(-38.60714285714,-6.529047619048,24.42));
#4915 = CARTESIAN_POINT('',(-38.17857142857,-6.529047619048,24.42));
#4916 = CARTESIAN_POINT('',(-38.04285714285,-6.050476190476,24.42));
#4917 = ORIENTED_EDGE('',*,*,#4869,.F.);
#4918 = ORIENTED_EDGE('',*,*,#4919,.F.);
#4919 = EDGE_CURVE('',#4903,#4870,#4920,.T.);
#4920 = B_SPLINE_CURVE_WITH_KNOTS('',2,(#4921,#4922,#4923),
  .UNSPECIFIED.,.F.,.F.,(3,3),(0.,1.),.PIECEWISE_BEZIER_KNOTS.);
#4921 = CARTESIAN_POINT('',(-38.60714285714,-6.529047619048,23.42));
#4922 = CARTESIAN_POINT('',(-38.17857142857,-6.529047619048,23.42));
#4923 = CARTESIAN_POINT('',(-38.04285714285,-6.050476190476,23.42));
#4924 = SURFACE_OF_LINEAR_EXTRUSION('',#4925,#4929);
#4925 = B_SPLINE_CURVE_WITH_KNOTS('',2,(#4926,#4927,#4928),
  .UNSPECIFIED.,.F.,.F.,(3,3),(0.,1.),.PIECEWISE_BEZIER_KNOTS.);
#4926 = CARTESIAN_POINT('',(-38.60714285714,-6.529047619048,23.42));
#4927 = CARTESIAN_POINT('',(-38.17857142857,-6.529047619048,23.42));
#4928 = CARTESIAN_POINT('',(-38.04285714285,-6.050476190476,23.42));
#4929 = VECTOR('',#4930,1.);
#4930 = DIRECTION('',(-0.,-0.,-1.));
#4931 = ADVANCED_FACE('',(#4932),#4957,.T.);
#4932 = FACE_BOUND('',#4933,.T.);
#4933 = EDGE_LOOP('',(#4934,#4944,#4950,#4951));
#4934 = ORIENTED_EDGE('',*,*,#4935,.T.);
#4935 = EDGE_CURVE('',#4936,#4938,#4940,.T.);
#4936 = VERTEX_POINT('',#4937);
#4937 = CARTESIAN_POINT('',(-40.79285714285,-6.529047619048,23.42));
#4938 = VERTEX_POINT('',#4939);
#4939 = CARTESIAN_POINT('',(-40.79285714285,-6.529047619048,24.42));
#4940 = LINE('',#4941,#4942);
#4941 = CARTESIAN_POINT('',(-40.79285714285,-6.529047619048,23.42));
#4942 = VECTOR('',#4943,1.);
#4943 = DIRECTION('',(0.,0.,1.));
#4944 = ORIENTED_EDGE('',*,*,#4945,.T.);
#4945 = EDGE_CURVE('',#4938,#4905,#4946,.T.);
#4946 = LINE('',#4947,#4948);
#4947 = CARTESIAN_POINT('',(-40.79285714285,-6.529047619048,24.42));
#4948 = VECTOR('',#4949,1.);
#4949 = DIRECTION('',(1.,0.,0.));
#4950 = ORIENTED_EDGE('',*,*,#4902,.F.);
#4951 = ORIENTED_EDGE('',*,*,#4952,.F.);
#4952 = EDGE_CURVE('',#4936,#4903,#4953,.T.);
#4953 = LINE('',#4954,#4955);
#4954 = CARTESIAN_POINT('',(-40.79285714285,-6.529047619048,23.42));
#4955 = VECTOR('',#4956,1.);
#4956 = DIRECTION('',(1.,0.,0.));
#4957 = PLANE('',#4958);
#4958 = AXIS2_PLACEMENT_3D('',#4959,#4960,#4961);
#4959 = CARTESIAN_POINT('',(-40.79285714285,-6.529047619048,23.42));
#4960 = DIRECTION('',(2.2E-16,1.,0.));
#4961 = DIRECTION('',(1.,-2.2E-16,0.));
#4962 = ADVANCED_FACE('',(#4963),#4988,.T.);
#4963 = FACE_BOUND('',#4964,.T.);
#4964 = EDGE_LOOP('',(#4965,#4975,#4981,#4982));
#4965 = ORIENTED_EDGE('',*,*,#4966,.T.);
#4966 = EDGE_CURVE('',#4967,#4969,#4971,.T.);
#4967 = VERTEX_POINT('',#4968);
#4968 = CARTESIAN_POINT('',(-40.80714285714,-6.529047619048,23.42));
#4969 = VERTEX_POINT('',#4970);
#4970 = CARTESIAN_POINT('',(-40.80714285714,-6.529047619048,24.42));
#4971 = LINE('',#4972,#4973);
#4972 = CARTESIAN_POINT('',(-40.80714285714,-6.529047619048,23.42));
#4973 = VECTOR('',#4974,1.);
#4974 = DIRECTION('',(0.,0.,1.));
#4975 = ORIENTED_EDGE('',*,*,#4976,.T.);
#4976 = EDGE_CURVE('',#4969,#4938,#4977,.T.);
#4977 = B_SPLINE_CURVE_WITH_KNOTS('',2,(#4978,#4979,#4980),
  .UNSPECIFIED.,.F.,.F.,(3,3),(0.,1.),.PIECEWISE_BEZIER_KNOTS.);
#4978 = CARTESIAN_POINT('',(-40.80714285714,-6.529047619048,24.42));
#4979 = CARTESIAN_POINT('',(-40.8,-6.529047619048,24.42));
#4980 = CARTESIAN_POINT('',(-40.79285714285,-6.529047619048,24.42));
#4981 = ORIENTED_EDGE('',*,*,#4935,.F.);
#4982 = ORIENTED_EDGE('',*,*,#4983,.F.);
#4983 = EDGE_CURVE('',#4967,#4936,#4984,.T.);
#4984 = B_SPLINE_CURVE_WITH_KNOTS('',2,(#4985,#4986,#4987),
  .UNSPECIFIED.,.F.,.F.,(3,3),(0.,1.),.PIECEWISE_BEZIER_KNOTS.);
#4985 = CARTESIAN_POINT('',(-40.80714285714,-6.529047619048,23.42));
#4986 = CARTESIAN_POINT('',(-40.8,-6.529047619048,23.42));
#4987 = CARTESIAN_POINT('',(-40.79285714285,-6.529047619048,23.42));
#4988 = SURFACE_OF_LINEAR_EXTRUSION('',#4989,#4993);
#4989 = B_SPLINE_CURVE_WITH_KNOTS('',2,(#4990,#4991,#4992),
  .UNSPECIFIED.,.F.,.F.,(3,3),(0.,1.),.PIECEWISE_BEZIER_KNOTS.);
#4990 = CARTESIAN_POINT('',(-40.80714285714,-6.529047619048,23.42));
#4991 = CARTESIAN_POINT('',(-40.8,-6.529047619048,23.42));
#4992 = CARTESIAN_POINT('',(-40.79285714285,-6.529047619048,23.42));
#4993 = VECTOR('',#4994,1.);
#4994 = DIRECTION('',(-0.,-0.,-1.));
#4995 = ADVANCED_FACE('',(#4996),#5012,.T.);
#4996 = FACE_BOUND('',#4997,.T.);
#4997 = EDGE_LOOP('',(#4998,#4999,#5005,#5006));
#4998 = ORIENTED_EDGE('',*,*,#4653,.T.);
#4999 = ORIENTED_EDGE('',*,*,#5000,.T.);
#5000 = EDGE_CURVE('',#4646,#4969,#5001,.T.);
#5001 = B_SPLINE_CURVE_WITH_KNOTS('',2,(#5002,#5003,#5004),
  .UNSPECIFIED.,.F.,.F.,(3,3),(0.,1.),.PIECEWISE_BEZIER_KNOTS.);
#5002 = CARTESIAN_POINT('',(-41.40714285714,-5.693333333333,24.42));
#5003 = CARTESIAN_POINT('',(-41.40714285714,-6.514761904762,24.42));
#5004 = CARTESIAN_POINT('',(-40.80714285714,-6.529047619048,24.42));
#5005 = ORIENTED_EDGE('',*,*,#4966,.F.);
#5006 = ORIENTED_EDGE('',*,*,#5007,.F.);
#5007 = EDGE_CURVE('',#4654,#4967,#5008,.T.);
#5008 = B_SPLINE_CURVE_WITH_KNOTS('',2,(#5009,#5010,#5011),
  .UNSPECIFIED.,.F.,.F.,(3,3),(0.,1.),.PIECEWISE_BEZIER_KNOTS.);
#5009 = CARTESIAN_POINT('',(-41.40714285714,-5.693333333333,23.42));
#5010 = CARTESIAN_POINT('',(-41.40714285714,-6.514761904762,23.42));
#5011 = CARTESIAN_POINT('',(-40.80714285714,-6.529047619048,23.42));
#5012 = SURFACE_OF_LINEAR_EXTRUSION('',#5013,#5017);
#5013 = B_SPLINE_CURVE_WITH_KNOTS('',2,(#5014,#5015,#5016),
  .UNSPECIFIED.,.F.,.F.,(3,3),(0.,1.),.PIECEWISE_BEZIER_KNOTS.);
#5014 = CARTESIAN_POINT('',(-41.40714285714,-5.693333333333,23.42));
#5015 = CARTESIAN_POINT('',(-41.40714285714,-6.514761904762,23.42));
#5016 = CARTESIAN_POINT('',(-40.80714285714,-6.529047619048,23.42));
#5017 = VECTOR('',#5018,1.);
#5018 = DIRECTION('',(-0.,-0.,-1.));
#5019 = ADVANCED_FACE('',(#5020),#5034,.F.);
#5020 = FACE_BOUND('',#5021,.F.);
#5021 = EDGE_LOOP('',(#5022,#5023,#5024,#5025,#5026,#5027,#5028,#5029,
    #5030,#5031,#5032,#5033));
#5022 = ORIENTED_EDGE('',*,*,#4661,.F.);
#5023 = ORIENTED_EDGE('',*,*,#4692,.F.);
#5024 = ORIENTED_EDGE('',*,*,#4725,.F.);
#5025 = ORIENTED_EDGE('',*,*,#4758,.F.);
#5026 = ORIENTED_EDGE('',*,*,#4789,.F.);
#5027 = ORIENTED_EDGE('',*,*,#4822,.F.);
#5028 = ORIENTED_EDGE('',*,*,#4855,.F.);
#5029 = ORIENTED_EDGE('',*,*,#4886,.F.);
#5030 = ORIENTED_EDGE('',*,*,#4919,.F.);
#5031 = ORIENTED_EDGE('',*,*,#4952,.F.);
#5032 = ORIENTED_EDGE('',*,*,#4983,.F.);
#5033 = ORIENTED_EDGE('',*,*,#5007,.F.);
#5034 = PLANE('',#5035);
#5035 = AXIS2_PLACEMENT_3D('',#5036,#5037,#5038);
#5036 = CARTESIAN_POINT('',(-39.70120693882,-5.792051452685,23.42));
#5037 = DIRECTION('',(0.,0.,1.));
#5038 = DIRECTION('',(0.,-1.,0.));
#5039 = ADVANCED_FACE('',(#5040),#5054,.T.);
#5040 = FACE_BOUND('',#5041,.T.);
#5041 = EDGE_LOOP('',(#5042,#5043,#5044,#5045,#5046,#5047,#5048,#5049,
    #5050,#5051,#5052,#5053));
#5042 = ORIENTED_EDGE('',*,*,#4645,.F.);
#5043 = ORIENTED_EDGE('',*,*,#4685,.F.);
#5044 = ORIENTED_EDGE('',*,*,#4718,.F.);
#5045 = ORIENTED_EDGE('',*,*,#4751,.F.);
#5046 = ORIENTED_EDGE('',*,*,#4782,.F.);
#5047 = ORIENTED_EDGE('',*,*,#4815,.F.);
#5048 = ORIENTED_EDGE('',*,*,#4848,.F.);
#5049 = ORIENTED_EDGE('',*,*,#4879,.F.);
#5050 = ORIENTED_EDGE('',*,*,#4912,.F.);
#5051 = ORIENTED_EDGE('',*,*,#4945,.F.);
#5052 = ORIENTED_EDGE('',*,*,#4976,.F.);
#5053 = ORIENTED_EDGE('',*,*,#5000,.F.);
#5054 = PLANE('',#5055);
#5055 = AXIS2_PLACEMENT_3D('',#5056,#5057,#5058);
#5056 = CARTESIAN_POINT('',(-39.70120693882,-5.792051452685,24.42));
#5057 = DIRECTION('',(0.,0.,1.));
#5058 = DIRECTION('',(0.,-1.,0.));
#5059 = MANIFOLD_SOLID_BREP('',#5060);
#5060 = CLOSED_SHELL('',(#5061,#5101,#5132,#5163,#5185,#5197));
#5061 = ADVANCED_FACE('',(#5062),#5096,.T.);
#5062 = FACE_BOUND('',#5063,.T.);
#5063 = EDGE_LOOP('',(#5064,#5074,#5082,#5090));
#5064 = ORIENTED_EDGE('',*,*,#5065,.T.);
#5065 = EDGE_CURVE('',#5066,#5068,#5070,.T.);
#5066 = VERTEX_POINT('',#5067);
#5067 = CARTESIAN_POINT('',(-42.2,-4.521904761905,23.42));
#5068 = VERTEX_POINT('',#5069);
#5069 = CARTESIAN_POINT('',(-42.2,-4.521904761905,24.42));
#5070 = LINE('',#5071,#5072);
#5071 = CARTESIAN_POINT('',(-42.2,-4.521904761905,23.42));
#5072 = VECTOR('',#5073,1.);
#5073 = DIRECTION('',(0.,0.,1.));
#5074 = ORIENTED_EDGE('',*,*,#5075,.T.);
#5075 = EDGE_CURVE('',#5068,#5076,#5078,.T.);
#5076 = VERTEX_POINT('',#5077);
#5077 = CARTESIAN_POINT('',(-37.2,-4.521904761905,24.42));
#5078 = LINE('',#5079,#5080);
#5079 = CARTESIAN_POINT('',(-42.2,-4.521904761905,24.42));
#5080 = VECTOR('',#5081,1.);
#5081 = DIRECTION('',(1.,0.,0.));
#5082 = ORIENTED_EDGE('',*,*,#5083,.F.);
#5083 = EDGE_CURVE('',#5084,#5076,#5086,.T.);
#5084 = VERTEX_POINT('',#5085);
#5085 = CARTESIAN_POINT('',(-37.2,-4.521904761905,23.42));
#5086 = LINE('',#5087,#5088);
#5087 = CARTESIAN_POINT('',(-37.2,-4.521904761905,23.42));
#5088 = VECTOR('',#5089,1.);
#5089 = DIRECTION('',(0.,0.,1.));
#5090 = ORIENTED_EDGE('',*,*,#5091,.F.);
#5091 = EDGE_CURVE('',#5066,#5084,#5092,.T.);
#5092 = LINE('',#5093,#5094);
#5093 = CARTESIAN_POINT('',(-42.2,-4.521904761905,23.42));
#5094 = VECTOR('',#5095,1.);
#5095 = DIRECTION('',(1.,0.,0.));
#5096 = PLANE('',#5097);
#5097 = AXIS2_PLACEMENT_3D('',#5098,#5099,#5100);
#5098 = CARTESIAN_POINT('',(-42.2,-4.521904761905,23.42));
#5099 = DIRECTION('',(2.2E-16,1.,0.));
#5100 = DIRECTION('',(1.,-2.2E-16,0.));
#5101 = ADVANCED_FACE('',(#5102),#5127,.T.);
#5102 = FACE_BOUND('',#5103,.T.);
#5103 = EDGE_LOOP('',(#5104,#5114,#5120,#5121));
#5104 = ORIENTED_EDGE('',*,*,#5105,.T.);
#5105 = EDGE_CURVE('',#5106,#5108,#5110,.T.);
#5106 = VERTEX_POINT('',#5107);
#5107 = CARTESIAN_POINT('',(-42.2,-5.321904761905,23.42));
#5108 = VERTEX_POINT('',#5109);
#5109 = CARTESIAN_POINT('',(-42.2,-5.321904761905,24.42));
#5110 = LINE('',#5111,#5112);
#5111 = CARTESIAN_POINT('',(-42.2,-5.321904761905,23.42));
#5112 = VECTOR('',#5113,1.);
#5113 = DIRECTION('',(0.,0.,1.));
#5114 = ORIENTED_EDGE('',*,*,#5115,.T.);
#5115 = EDGE_CURVE('',#5108,#5068,#5116,.T.);
#5116 = LINE('',#5117,#5118);
#5117 = CARTESIAN_POINT('',(-42.2,-5.321904761905,24.42));
#5118 = VECTOR('',#5119,1.);
#5119 = DIRECTION('',(0.,1.,0.));
#5120 = ORIENTED_EDGE('',*,*,#5065,.F.);
#5121 = ORIENTED_EDGE('',*,*,#5122,.F.);
#5122 = EDGE_CURVE('',#5106,#5066,#5123,.T.);
#5123 = LINE('',#5124,#5125);
#5124 = CARTESIAN_POINT('',(-42.2,-5.321904761905,23.42));
#5125 = VECTOR('',#5126,1.);
#5126 = DIRECTION('',(0.,1.,0.));
#5127 = PLANE('',#5128);
#5128 = AXIS2_PLACEMENT_3D('',#5129,#5130,#5131);
#5129 = CARTESIAN_POINT('',(-42.2,-5.321904761905,23.42));
#5130 = DIRECTION('',(-1.,2.2E-16,0.));
#5131 = DIRECTION('',(2.2E-16,1.,0.));
#5132 = ADVANCED_FACE('',(#5133),#5158,.T.);
#5133 = FACE_BOUND('',#5134,.T.);
#5134 = EDGE_LOOP('',(#5135,#5145,#5151,#5152));
#5135 = ORIENTED_EDGE('',*,*,#5136,.T.);
#5136 = EDGE_CURVE('',#5137,#5139,#5141,.T.);
#5137 = VERTEX_POINT('',#5138);
#5138 = CARTESIAN_POINT('',(-37.2,-5.321904761905,23.42));
#5139 = VERTEX_POINT('',#5140);
#5140 = CARTESIAN_POINT('',(-37.2,-5.321904761905,24.42));
#5141 = LINE('',#5142,#5143);
#5142 = CARTESIAN_POINT('',(-37.2,-5.321904761905,23.42));
#5143 = VECTOR('',#5144,1.);
#5144 = DIRECTION('',(0.,0.,1.));
#5145 = ORIENTED_EDGE('',*,*,#5146,.T.);
#5146 = EDGE_CURVE('',#5139,#5108,#5147,.T.);
#5147 = LINE('',#5148,#5149);
#5148 = CARTESIAN_POINT('',(-37.2,-5.321904761905,24.42));
#5149 = VECTOR('',#5150,1.);
#5150 = DIRECTION('',(-1.,0.,0.));
#5151 = ORIENTED_EDGE('',*,*,#5105,.F.);
#5152 = ORIENTED_EDGE('',*,*,#5153,.F.);
#5153 = EDGE_CURVE('',#5137,#5106,#5154,.T.);
#5154 = LINE('',#5155,#5156);
#5155 = CARTESIAN_POINT('',(-37.2,-5.321904761905,23.42));
#5156 = VECTOR('',#5157,1.);
#5157 = DIRECTION('',(-1.,0.,0.));
#5158 = PLANE('',#5159);
#5159 = AXIS2_PLACEMENT_3D('',#5160,#5161,#5162);
#5160 = CARTESIAN_POINT('',(-37.2,-5.321904761905,23.42));
#5161 = DIRECTION('',(-2.2E-16,-1.,0.));
#5162 = DIRECTION('',(-1.,2.2E-16,0.));
#5163 = ADVANCED_FACE('',(#5164),#5180,.T.);
#5164 = FACE_BOUND('',#5165,.T.);
#5165 = EDGE_LOOP('',(#5166,#5167,#5173,#5174));
#5166 = ORIENTED_EDGE('',*,*,#5083,.T.);
#5167 = ORIENTED_EDGE('',*,*,#5168,.T.);
#5168 = EDGE_CURVE('',#5076,#5139,#5169,.T.);
#5169 = LINE('',#5170,#5171);
#5170 = CARTESIAN_POINT('',(-37.2,-4.521904761905,24.42));
#5171 = VECTOR('',#5172,1.);
#5172 = DIRECTION('',(0.,-1.,0.));
#5173 = ORIENTED_EDGE('',*,*,#5136,.F.);
#5174 = ORIENTED_EDGE('',*,*,#5175,.F.);
#5175 = EDGE_CURVE('',#5084,#5137,#5176,.T.);
#5176 = LINE('',#5177,#5178);
#5177 = CARTESIAN_POINT('',(-37.2,-4.521904761905,23.42));
#5178 = VECTOR('',#5179,1.);
#5179 = DIRECTION('',(0.,-1.,0.));
#5180 = PLANE('',#5181);
#5181 = AXIS2_PLACEMENT_3D('',#5182,#5183,#5184);
#5182 = CARTESIAN_POINT('',(-37.2,-4.521904761905,23.42));
#5183 = DIRECTION('',(1.,-2.2E-16,0.));
#5184 = DIRECTION('',(-2.2E-16,-1.,0.));
#5185 = ADVANCED_FACE('',(#5186),#5192,.F.);
#5186 = FACE_BOUND('',#5187,.F.);
#5187 = EDGE_LOOP('',(#5188,#5189,#5190,#5191));
#5188 = ORIENTED_EDGE('',*,*,#5091,.F.);
#5189 = ORIENTED_EDGE('',*,*,#5122,.F.);
#5190 = ORIENTED_EDGE('',*,*,#5153,.F.);
#5191 = ORIENTED_EDGE('',*,*,#5175,.F.);
#5192 = PLANE('',#5193);
#5193 = AXIS2_PLACEMENT_3D('',#5194,#5195,#5196);
#5194 = CARTESIAN_POINT('',(-39.70120693882,-5.792051452685,23.42));
#5195 = DIRECTION('',(0.,0.,1.));
#5196 = DIRECTION('',(0.,-1.,0.));
#5197 = ADVANCED_FACE('',(#5198),#5204,.T.);
#5198 = FACE_BOUND('',#5199,.T.);
#5199 = EDGE_LOOP('',(#5200,#5201,#5202,#5203));
#5200 = ORIENTED_EDGE('',*,*,#5075,.F.);
#5201 = ORIENTED_EDGE('',*,*,#5115,.F.);
#5202 = ORIENTED_EDGE('',*,*,#5146,.F.);
#5203 = ORIENTED_EDGE('',*,*,#5168,.F.);
#5204 = PLANE('',#5205);
#5205 = AXIS2_PLACEMENT_3D('',#5206,#5207,#5208);
#5206 = CARTESIAN_POINT('',(-39.70120693882,-5.792051452685,24.42));
#5207 = DIRECTION('',(0.,0.,1.));
#5208 = DIRECTION('',(0.,-1.,0.));
#5209 = MANIFOLD_SOLID_BREP('',#5210);
#5210 = CLOSED_SHELL('',(#5211,#5251,#5284,#5317,#5348,#5381,#5414,#5445
    ,#5467,#5483));
#5211 = ADVANCED_FACE('',(#5212),#5246,.T.);
#5212 = FACE_BOUND('',#5213,.T.);
#5213 = EDGE_LOOP('',(#5214,#5224,#5232,#5240));
#5214 = ORIENTED_EDGE('',*,*,#5215,.T.);
#5215 = EDGE_CURVE('',#5216,#5218,#5220,.T.);
#5216 = VERTEX_POINT('',#5217);
#5217 = CARTESIAN_POINT('',(-40.82142857142,-7.839523809524,23.42));
#5218 = VERTEX_POINT('',#5219);
#5219 = CARTESIAN_POINT('',(-40.82142857142,-7.839523809524,24.42));
#5220 = LINE('',#5221,#5222);
#5221 = CARTESIAN_POINT('',(-40.82142857142,-7.839523809524,23.42));
#5222 = VECTOR('',#5223,1.);
#5223 = DIRECTION('',(0.,0.,1.));
#5224 = ORIENTED_EDGE('',*,*,#5225,.T.);
#5225 = EDGE_CURVE('',#5218,#5226,#5228,.T.);
#5226 = VERTEX_POINT('',#5227);
#5227 = CARTESIAN_POINT('',(-37.2,-7.839523809524,24.42));
#5228 = LINE('',#5229,#5230);
#5229 = CARTESIAN_POINT('',(-40.82142857142,-7.839523809524,24.42));
#5230 = VECTOR('',#5231,1.);
#5231 = DIRECTION('',(1.,0.,0.));
#5232 = ORIENTED_EDGE('',*,*,#5233,.F.);
#5233 = EDGE_CURVE('',#5234,#5226,#5236,.T.);
#5234 = VERTEX_POINT('',#5235);
#5235 = CARTESIAN_POINT('',(-37.2,-7.839523809524,23.42));
#5236 = LINE('',#5237,#5238);
#5237 = CARTESIAN_POINT('',(-37.2,-7.839523809524,23.42));
#5238 = VECTOR('',#5239,1.);
#5239 = DIRECTION('',(0.,0.,1.));
#5240 = ORIENTED_EDGE('',*,*,#5241,.F.);
#5241 = EDGE_CURVE('',#5216,#5234,#5242,.T.);
#5242 = LINE('',#5243,#5244);
#5243 = CARTESIAN_POINT('',(-40.82142857142,-7.839523809524,23.42));
#5244 = VECTOR('',#5245,1.);
#5245 = DIRECTION('',(1.,0.,0.));
#5246 = PLANE('',#5247);
#5247 = AXIS2_PLACEMENT_3D('',#5248,#5249,#5250);
#5248 = CARTESIAN_POINT('',(-40.82142857142,-7.839523809524,23.42));
#5249 = DIRECTION('',(2.2E-16,1.,0.));
#5250 = DIRECTION('',(1.,-2.2E-16,0.));
#5251 = ADVANCED_FACE('',(#5252),#5277,.T.);
#5252 = FACE_BOUND('',#5253,.T.);
#5253 = EDGE_LOOP('',(#5254,#5264,#5270,#5271));
#5254 = ORIENTED_EDGE('',*,*,#5255,.T.);
#5255 = EDGE_CURVE('',#5256,#5258,#5260,.T.);
#5256 = VERTEX_POINT('',#5257);
#5257 = CARTESIAN_POINT('',(-41.95,-8.432380952381,23.42));
#5258 = VERTEX_POINT('',#5259);
#5259 = CARTESIAN_POINT('',(-41.95,-8.432380952381,24.42));
#5260 = LINE('',#5261,#5262);
#5261 = CARTESIAN_POINT('',(-41.95,-8.432380952381,23.42));
#5262 = VECTOR('',#5263,1.);
#5263 = DIRECTION('',(0.,0.,1.));
#5264 = ORIENTED_EDGE('',*,*,#5265,.T.);
#5265 = EDGE_CURVE('',#5258,#5218,#5266,.T.);
#5266 = B_SPLINE_CURVE_WITH_KNOTS('',2,(#5267,#5268,#5269),
  .UNSPECIFIED.,.F.,.F.,(3,3),(0.,1.),.PIECEWISE_BEZIER_KNOTS.);
#5267 = CARTESIAN_POINT('',(-41.95,-8.432380952381,24.42));
#5268 = CARTESIAN_POINT('',(-41.52857142857,-7.846666666667,24.42));
#5269 = CARTESIAN_POINT('',(-40.82142857142,-7.839523809524,24.42));
#5270 = ORIENTED_EDGE('',*,*,#5215,.F.);
#5271 = ORIENTED_EDGE('',*,*,#5272,.F.);
#5272 = EDGE_CURVE('',#5256,#5216,#5273,.T.);
#5273 = B_SPLINE_CURVE_WITH_KNOTS('',2,(#5274,#5275,#5276),
  .UNSPECIFIED.,.F.,.F.,(3,3),(0.,1.),.PIECEWISE_BEZIER_KNOTS.);
#5274 = CARTESIAN_POINT('',(-41.95,-8.432380952381,23.42));
#5275 = CARTESIAN_POINT('',(-41.52857142857,-7.846666666667,23.42));
#5276 = CARTESIAN_POINT('',(-40.82142857142,-7.839523809524,23.42));
#5277 = SURFACE_OF_LINEAR_EXTRUSION('',#5278,#5282);
#5278 = B_SPLINE_CURVE_WITH_KNOTS('',2,(#5279,#5280,#5281),
  .UNSPECIFIED.,.F.,.F.,(3,3),(0.,1.),.PIECEWISE_BEZIER_KNOTS.);
#5279 = CARTESIAN_POINT('',(-41.95,-8.432380952381,23.42));
#5280 = CARTESIAN_POINT('',(-41.52857142857,-7.846666666667,23.42));
#5281 = CARTESIAN_POINT('',(-40.82142857142,-7.839523809524,23.42));
#5282 = VECTOR('',#5283,1.);
#5283 = DIRECTION('',(-0.,-0.,-1.));
#5284 = ADVANCED_FACE('',(#5285),#5310,.T.);
#5285 = FACE_BOUND('',#5286,.T.);
#5286 = EDGE_LOOP('',(#5287,#5297,#5303,#5304));
#5287 = ORIENTED_EDGE('',*,*,#5288,.T.);
#5288 = EDGE_CURVE('',#5289,#5291,#5293,.T.);
#5289 = VERTEX_POINT('',#5290);
#5290 = CARTESIAN_POINT('',(-42.23571428571,-9.25380952381,23.42));
#5291 = VERTEX_POINT('',#5292);
#5292 = CARTESIAN_POINT('',(-42.23571428571,-9.25380952381,24.42));
#5293 = LINE('',#5294,#5295);
#5294 = CARTESIAN_POINT('',(-42.23571428571,-9.25380952381,23.42));
#5295 = VECTOR('',#5296,1.);
#5296 = DIRECTION('',(0.,0.,1.));
#5297 = ORIENTED_EDGE('',*,*,#5298,.T.);
#5298 = EDGE_CURVE('',#5291,#5258,#5299,.T.);
#5299 = B_SPLINE_CURVE_WITH_KNOTS('',2,(#5300,#5301,#5302),
  .UNSPECIFIED.,.F.,.F.,(3,3),(0.,1.),.PIECEWISE_BEZIER_KNOTS.);
#5300 = CARTESIAN_POINT('',(-42.23571428571,-9.25380952381,24.42));
#5301 = CARTESIAN_POINT('',(-42.23571428571,-8.846666666667,24.42));
#5302 = CARTESIAN_POINT('',(-41.95,-8.432380952381,24.42));
#5303 = ORIENTED_EDGE('',*,*,#5255,.F.);
#5304 = ORIENTED_EDGE('',*,*,#5305,.F.);
#5305 = EDGE_CURVE('',#5289,#5256,#5306,.T.);
#5306 = B_SPLINE_CURVE_WITH_KNOTS('',2,(#5307,#5308,#5309),
  .UNSPECIFIED.,.F.,.F.,(3,3),(0.,1.),.PIECEWISE_BEZIER_KNOTS.);
#5307 = CARTESIAN_POINT('',(-42.23571428571,-9.25380952381,23.42));
#5308 = CARTESIAN_POINT('',(-42.23571428571,-8.846666666667,23.42));
#5309 = CARTESIAN_POINT('',(-41.95,-8.432380952381,23.42));
#5310 = SURFACE_OF_LINEAR_EXTRUSION('',#5311,#5315);
#5311 = B_SPLINE_CURVE_WITH_KNOTS('',2,(#5312,#5313,#5314),
  .UNSPECIFIED.,.F.,.F.,(3,3),(0.,1.),.PIECEWISE_BEZIER_KNOTS.);
#5312 = CARTESIAN_POINT('',(-42.23571428571,-9.25380952381,23.42));
#5313 = CARTESIAN_POINT('',(-42.23571428571,-8.846666666667,23.42));
#5314 = CARTESIAN_POINT('',(-41.95,-8.432380952381,23.42));
#5315 = VECTOR('',#5316,1.);
#5316 = DIRECTION('',(-0.,-0.,-1.));
#5317 = ADVANCED_FACE('',(#5318),#5343,.T.);
#5318 = FACE_BOUND('',#5319,.T.);
#5319 = EDGE_LOOP('',(#5320,#5330,#5336,#5337));
#5320 = ORIENTED_EDGE('',*,*,#5321,.T.);
#5321 = EDGE_CURVE('',#5322,#5324,#5326,.T.);
#5322 = VERTEX_POINT('',#5323);
#5323 = CARTESIAN_POINT('',(-41.43571428571,-9.25380952381,23.42));
#5324 = VERTEX_POINT('',#5325);
#5325 = CARTESIAN_POINT('',(-41.43571428571,-9.25380952381,24.42));
#5326 = LINE('',#5327,#5328);
#5327 = CARTESIAN_POINT('',(-41.43571428571,-9.25380952381,23.42));
#5328 = VECTOR('',#5329,1.);
#5329 = DIRECTION('',(0.,0.,1.));
#5330 = ORIENTED_EDGE('',*,*,#5331,.T.);
#5331 = EDGE_CURVE('',#5324,#5291,#5332,.T.);
#5332 = LINE('',#5333,#5334);
#5333 = CARTESIAN_POINT('',(-41.43571428571,-9.25380952381,24.42));
#5334 = VECTOR('',#5335,1.);
#5335 = DIRECTION('',(-1.,0.,0.));
#5336 = ORIENTED_EDGE('',*,*,#5288,.F.);
#5337 = ORIENTED_EDGE('',*,*,#5338,.F.);
#5338 = EDGE_CURVE('',#5322,#5289,#5339,.T.);
#5339 = LINE('',#5340,#5341);
#5340 = CARTESIAN_POINT('',(-41.43571428571,-9.25380952381,23.42));
#5341 = VECTOR('',#5342,1.);
#5342 = DIRECTION('',(-1.,0.,0.));
#5343 = PLANE('',#5344);
#5344 = AXIS2_PLACEMENT_3D('',#5345,#5346,#5347);
#5345 = CARTESIAN_POINT('',(-41.43571428571,-9.25380952381,23.42));
#5346 = DIRECTION('',(-2.2E-16,-1.,0.));
#5347 = DIRECTION('',(-1.,2.2E-16,0.));
#5348 = ADVANCED_FACE('',(#5349),#5374,.T.);
#5349 = FACE_BOUND('',#5350,.T.);
#5350 = EDGE_LOOP('',(#5351,#5361,#5367,#5368));
#5351 = ORIENTED_EDGE('',*,*,#5352,.T.);
#5352 = EDGE_CURVE('',#5353,#5355,#5357,.T.);
#5353 = VERTEX_POINT('',#5354);
#5354 = CARTESIAN_POINT('',(-41.39285714285,-9.075238095238,23.42));
#5355 = VERTEX_POINT('',#5356);
#5356 = CARTESIAN_POINT('',(-41.39285714285,-9.075238095238,24.42));
#5357 = LINE('',#5358,#5359);
#5358 = CARTESIAN_POINT('',(-41.39285714285,-9.075238095238,23.42));
#5359 = VECTOR('',#5360,1.);
#5360 = DIRECTION('',(0.,0.,1.));
#5361 = ORIENTED_EDGE('',*,*,#5362,.T.);
#5362 = EDGE_CURVE('',#5355,#5324,#5363,.T.);
#5363 = B_SPLINE_CURVE_WITH_KNOTS('',2,(#5364,#5365,#5366),
  .UNSPECIFIED.,.F.,.F.,(3,3),(0.,1.),.PIECEWISE_BEZIER_KNOTS.);
#5364 = CARTESIAN_POINT('',(-41.39285714285,-9.075238095238,24.42));
#5365 = CARTESIAN_POINT('',(-41.43571428571,-9.182380952381,24.42));
#5366 = CARTESIAN_POINT('',(-41.43571428571,-9.25380952381,24.42));
#5367 = ORIENTED_EDGE('',*,*,#5321,.F.);
#5368 = ORIENTED_EDGE('',*,*,#5369,.F.);
#5369 = EDGE_CURVE('',#5353,#5322,#5370,.T.);
#5370 = B_SPLINE_CURVE_WITH_KNOTS('',2,(#5371,#5372,#5373),
  .UNSPECIFIED.,.F.,.F.,(3,3),(0.,1.),.PIECEWISE_BEZIER_KNOTS.);
#5371 = CARTESIAN_POINT('',(-41.39285714285,-9.075238095238,23.42));
#5372 = CARTESIAN_POINT('',(-41.43571428571,-9.182380952381,23.42));
#5373 = CARTESIAN_POINT('',(-41.43571428571,-9.25380952381,23.42));
#5374 = SURFACE_OF_LINEAR_EXTRUSION('',#5375,#5379);
#5375 = B_SPLINE_CURVE_WITH_KNOTS('',2,(#5376,#5377,#5378),
  .UNSPECIFIED.,.F.,.F.,(3,3),(0.,1.),.PIECEWISE_BEZIER_KNOTS.);
#5376 = CARTESIAN_POINT('',(-41.39285714285,-9.075238095238,23.42));
#5377 = CARTESIAN_POINT('',(-41.43571428571,-9.182380952381,23.42));
#5378 = CARTESIAN_POINT('',(-41.43571428571,-9.25380952381,23.42));
#5379 = VECTOR('',#5380,1.);
#5380 = DIRECTION('',(-0.,-0.,-1.));
#5381 = ADVANCED_FACE('',(#5382),#5407,.T.);
#5382 = FACE_BOUND('',#5383,.T.);
#5383 = EDGE_LOOP('',(#5384,#5394,#5400,#5401));
#5384 = ORIENTED_EDGE('',*,*,#5385,.T.);
#5385 = EDGE_CURVE('',#5386,#5388,#5390,.T.);
#5386 = VERTEX_POINT('',#5387);
#5387 = CARTESIAN_POINT('',(-40.82142857142,-8.639523809524,23.42));
#5388 = VERTEX_POINT('',#5389);
#5389 = CARTESIAN_POINT('',(-40.82142857142,-8.639523809524,24.42));
#5390 = LINE('',#5391,#5392);
#5391 = CARTESIAN_POINT('',(-40.82142857142,-8.639523809524,23.42));
#5392 = VECTOR('',#5393,1.);
#5393 = DIRECTION('',(0.,0.,1.));
#5394 = ORIENTED_EDGE('',*,*,#5395,.T.);
#5395 = EDGE_CURVE('',#5388,#5355,#5396,.T.);
#5396 = B_SPLINE_CURVE_WITH_KNOTS('',2,(#5397,#5398,#5399),
  .UNSPECIFIED.,.F.,.F.,(3,3),(0.,1.),.PIECEWISE_BEZIER_KNOTS.);
#5397 = CARTESIAN_POINT('',(-40.82142857142,-8.639523809524,24.42));
#5398 = CARTESIAN_POINT('',(-41.22142857142,-8.646666666667,24.42));
#5399 = CARTESIAN_POINT('',(-41.39285714285,-9.075238095238,24.42));
#5400 = ORIENTED_EDGE('',*,*,#5352,.F.);
#5401 = ORIENTED_EDGE('',*,*,#5402,.F.);
#5402 = EDGE_CURVE('',#5386,#5353,#5403,.T.);
#5403 = B_SPLINE_CURVE_WITH_KNOTS('',2,(#5404,#5405,#5406),
  .UNSPECIFIED.,.F.,.F.,(3,3),(0.,1.),.PIECEWISE_BEZIER_KNOTS.);
#5404 = CARTESIAN_POINT('',(-40.82142857142,-8.639523809524,23.42));
#5405 = CARTESIAN_POINT('',(-41.22142857142,-8.646666666667,23.42));
#5406 = CARTESIAN_POINT('',(-41.39285714285,-9.075238095238,23.42));
#5407 = SURFACE_OF_LINEAR_EXTRUSION('',#5408,#5412);
#5408 = B_SPLINE_CURVE_WITH_KNOTS('',2,(#5409,#5410,#5411),
  .UNSPECIFIED.,.F.,.F.,(3,3),(0.,1.),.PIECEWISE_BEZIER_KNOTS.);
#5409 = CARTESIAN_POINT('',(-40.82142857142,-8.639523809524,23.42));
#5410 = CARTESIAN_POINT('',(-41.22142857142,-8.646666666667,23.42));
#5411 = CARTESIAN_POINT('',(-41.39285714285,-9.075238095238,23.42));
#5412 = VECTOR('',#5413,1.);
#5413 = DIRECTION('',(-0.,-0.,-1.));
#5414 = ADVANCED_FACE('',(#5415),#5440,.T.);
#5415 = FACE_BOUND('',#5416,.T.);
#5416 = EDGE_LOOP('',(#5417,#5427,#5433,#5434));
#5417 = ORIENTED_EDGE('',*,*,#5418,.T.);
#5418 = EDGE_CURVE('',#5419,#5421,#5423,.T.);
#5419 = VERTEX_POINT('',#5420);
#5420 = CARTESIAN_POINT('',(-37.2,-8.639523809524,23.42));
#5421 = VERTEX_POINT('',#5422);
#5422 = CARTESIAN_POINT('',(-37.2,-8.639523809524,24.42));
#5423 = LINE('',#5424,#5425);
#5424 = CARTESIAN_POINT('',(-37.2,-8.639523809524,23.42));
#5425 = VECTOR('',#5426,1.);
#5426 = DIRECTION('',(0.,0.,1.));
#5427 = ORIENTED_EDGE('',*,*,#5428,.T.);
#5428 = EDGE_CURVE('',#5421,#5388,#5429,.T.);
#5429 = LINE('',#5430,#5431);
#5430 = CARTESIAN_POINT('',(-37.2,-8.639523809524,24.42));
#5431 = VECTOR('',#5432,1.);
#5432 = DIRECTION('',(-1.,0.,0.));
#5433 = ORIENTED_EDGE('',*,*,#5385,.F.);
#5434 = ORIENTED_EDGE('',*,*,#5435,.F.);
#5435 = EDGE_CURVE('',#5419,#5386,#5436,.T.);
#5436 = LINE('',#5437,#5438);
#5437 = CARTESIAN_POINT('',(-37.2,-8.639523809524,23.42));
#5438 = VECTOR('',#5439,1.);
#5439 = DIRECTION('',(-1.,0.,0.));
#5440 = PLANE('',#5441);
#5441 = AXIS2_PLACEMENT_3D('',#5442,#5443,#5444);
#5442 = CARTESIAN_POINT('',(-37.2,-8.639523809524,23.42));
#5443 = DIRECTION('',(-2.2E-16,-1.,0.));
#5444 = DIRECTION('',(-1.,2.2E-16,0.));
#5445 = ADVANCED_FACE('',(#5446),#5462,.T.);
#5446 = FACE_BOUND('',#5447,.T.);
#5447 = EDGE_LOOP('',(#5448,#5449,#5455,#5456));
#5448 = ORIENTED_EDGE('',*,*,#5233,.T.);
#5449 = ORIENTED_EDGE('',*,*,#5450,.T.);
#5450 = EDGE_CURVE('',#5226,#5421,#5451,.T.);
#5451 = LINE('',#5452,#5453);
#5452 = CARTESIAN_POINT('',(-37.2,-7.839523809524,24.42));
#5453 = VECTOR('',#5454,1.);
#5454 = DIRECTION('',(0.,-1.,0.));
#5455 = ORIENTED_EDGE('',*,*,#5418,.F.);
#5456 = ORIENTED_EDGE('',*,*,#5457,.F.);
#5457 = EDGE_CURVE('',#5234,#5419,#5458,.T.);
#5458 = LINE('',#5459,#5460);
#5459 = CARTESIAN_POINT('',(-37.2,-7.839523809524,23.42));
#5460 = VECTOR('',#5461,1.);
#5461 = DIRECTION('',(0.,-1.,0.));
#5462 = PLANE('',#5463);
#5463 = AXIS2_PLACEMENT_3D('',#5464,#5465,#5466);
#5464 = CARTESIAN_POINT('',(-37.2,-7.839523809524,23.42));
#5465 = DIRECTION('',(1.,-2.2E-16,0.));
#5466 = DIRECTION('',(-2.2E-16,-1.,0.));
#5467 = ADVANCED_FACE('',(#5468),#5478,.F.);
#5468 = FACE_BOUND('',#5469,.F.);
#5469 = EDGE_LOOP('',(#5470,#5471,#5472,#5473,#5474,#5475,#5476,#5477));
#5470 = ORIENTED_EDGE('',*,*,#5241,.F.);
#5471 = ORIENTED_EDGE('',*,*,#5272,.F.);
#5472 = ORIENTED_EDGE('',*,*,#5305,.F.);
#5473 = ORIENTED_EDGE('',*,*,#5338,.F.);
#5474 = ORIENTED_EDGE('',*,*,#5369,.F.);
#5475 = ORIENTED_EDGE('',*,*,#5402,.F.);
#5476 = ORIENTED_EDGE('',*,*,#5435,.F.);
#5477 = ORIENTED_EDGE('',*,*,#5457,.F.);
#5478 = PLANE('',#5479);
#5479 = AXIS2_PLACEMENT_3D('',#5480,#5481,#5482);
#5480 = CARTESIAN_POINT('',(-39.74452534744,-9.437712300819,23.42));
#5481 = DIRECTION('',(0.,0.,1.));
#5482 = DIRECTION('',(0.,-1.,0.));
#5483 = ADVANCED_FACE('',(#5484),#5494,.T.);
#5484 = FACE_BOUND('',#5485,.T.);
#5485 = EDGE_LOOP('',(#5486,#5487,#5488,#5489,#5490,#5491,#5492,#5493));
#5486 = ORIENTED_EDGE('',*,*,#5225,.F.);
#5487 = ORIENTED_EDGE('',*,*,#5265,.F.);
#5488 = ORIENTED_EDGE('',*,*,#5298,.F.);
#5489 = ORIENTED_EDGE('',*,*,#5331,.F.);
#5490 = ORIENTED_EDGE('',*,*,#5362,.F.);
#5491 = ORIENTED_EDGE('',*,*,#5395,.F.);
#5492 = ORIENTED_EDGE('',*,*,#5428,.F.);
#5493 = ORIENTED_EDGE('',*,*,#5450,.F.);
#5494 = PLANE('',#5495);
#5495 = AXIS2_PLACEMENT_3D('',#5496,#5497,#5498);
#5496 = CARTESIAN_POINT('',(-39.74452534744,-9.437712300819,24.42));
#5497 = DIRECTION('',(0.,0.,1.));
#5498 = DIRECTION('',(0.,-1.,0.));
#5499 = MANIFOLD_SOLID_BREP('',#5500);
#5500 = CLOSED_SHELL('',(#5501,#5541,#5574,#5607,#5638,#5669,#5700,#5733
    ,#5757,#5773));
#5501 = ADVANCED_FACE('',(#5502),#5536,.T.);
#5502 = FACE_BOUND('',#5503,.T.);
#5503 = EDGE_LOOP('',(#5504,#5514,#5522,#5530));
#5504 = ORIENTED_EDGE('',*,*,#5505,.T.);
#5505 = EDGE_CURVE('',#5506,#5508,#5510,.T.);
#5506 = VERTEX_POINT('',#5507);
#5507 = CARTESIAN_POINT('',(-42.23571428571,-9.625238095238,23.42));
#5508 = VERTEX_POINT('',#5509);
#5509 = CARTESIAN_POINT('',(-42.23571428571,-9.625238095238,24.42));
#5510 = LINE('',#5511,#5512);
#5511 = CARTESIAN_POINT('',(-42.23571428571,-9.625238095238,23.42));
#5512 = VECTOR('',#5513,1.);
#5513 = DIRECTION('',(0.,0.,1.));
#5514 = ORIENTED_EDGE('',*,*,#5515,.T.);
#5515 = EDGE_CURVE('',#5508,#5516,#5518,.T.);
#5516 = VERTEX_POINT('',#5517);
#5517 = CARTESIAN_POINT('',(-41.43571428571,-9.625238095238,24.42));
#5518 = LINE('',#5519,#5520);
#5519 = CARTESIAN_POINT('',(-42.23571428571,-9.625238095238,24.42));
#5520 = VECTOR('',#5521,1.);
#5521 = DIRECTION('',(1.,0.,0.));
#5522 = ORIENTED_EDGE('',*,*,#5523,.F.);
#5523 = EDGE_CURVE('',#5524,#5516,#5526,.T.);
#5524 = VERTEX_POINT('',#5525);
#5525 = CARTESIAN_POINT('',(-41.43571428571,-9.625238095238,23.42));
#5526 = LINE('',#5527,#5528);
#5527 = CARTESIAN_POINT('',(-41.43571428571,-9.625238095238,23.42));
#5528 = VECTOR('',#5529,1.);
#5529 = DIRECTION('',(0.,0.,1.));
#5530 = ORIENTED_EDGE('',*,*,#5531,.F.);
#5531 = EDGE_CURVE('',#5506,#5524,#5532,.T.);
#5532 = LINE('',#5533,#5534);
#5533 = CARTESIAN_POINT('',(-42.23571428571,-9.625238095238,23.42));
#5534 = VECTOR('',#5535,1.);
#5535 = DIRECTION('',(1.,0.,0.));
#5536 = PLANE('',#5537);
#5537 = AXIS2_PLACEMENT_3D('',#5538,#5539,#5540);
#5538 = CARTESIAN_POINT('',(-42.23571428571,-9.625238095238,23.42));
#5539 = DIRECTION('',(2.2E-16,1.,0.));
#5540 = DIRECTION('',(1.,-2.2E-16,0.));
#5541 = ADVANCED_FACE('',(#5542),#5567,.T.);
#5542 = FACE_BOUND('',#5543,.T.);
#5543 = EDGE_LOOP('',(#5544,#5554,#5560,#5561));
#5544 = ORIENTED_EDGE('',*,*,#5545,.T.);
#5545 = EDGE_CURVE('',#5546,#5548,#5550,.T.);
#5546 = VERTEX_POINT('',#5547);
#5547 = CARTESIAN_POINT('',(-42.02857142857,-10.31809523809,23.42));
#5548 = VERTEX_POINT('',#5549);
#5549 = CARTESIAN_POINT('',(-42.02857142857,-10.31809523809,24.42));
#5550 = LINE('',#5551,#5552);
#5551 = CARTESIAN_POINT('',(-42.02857142857,-10.31809523809,23.42));
#5552 = VECTOR('',#5553,1.);
#5553 = DIRECTION('',(0.,0.,1.));
#5554 = ORIENTED_EDGE('',*,*,#5555,.T.);
#5555 = EDGE_CURVE('',#5548,#5508,#5556,.T.);
#5556 = B_SPLINE_CURVE_WITH_KNOTS('',2,(#5557,#5558,#5559),
  .UNSPECIFIED.,.F.,.F.,(3,3),(0.,1.),.PIECEWISE_BEZIER_KNOTS.);
#5557 = CARTESIAN_POINT('',(-42.02857142857,-10.31809523809,24.42));
#5558 = CARTESIAN_POINT('',(-42.23571428571,-9.95380952381,24.42));
#5559 = CARTESIAN_POINT('',(-42.23571428571,-9.625238095238,24.42));
#5560 = ORIENTED_EDGE('',*,*,#5505,.F.);
#5561 = ORIENTED_EDGE('',*,*,#5562,.F.);
#5562 = EDGE_CURVE('',#5546,#5506,#5563,.T.);
#5563 = B_SPLINE_CURVE_WITH_KNOTS('',2,(#5564,#5565,#5566),
  .UNSPECIFIED.,.F.,.F.,(3,3),(0.,1.),.PIECEWISE_BEZIER_KNOTS.);
#5564 = CARTESIAN_POINT('',(-42.02857142857,-10.31809523809,23.42));
#5565 = CARTESIAN_POINT('',(-42.23571428571,-9.95380952381,23.42));
#5566 = CARTESIAN_POINT('',(-42.23571428571,-9.625238095238,23.42));
#5567 = SURFACE_OF_LINEAR_EXTRUSION('',#5568,#5572);
#5568 = B_SPLINE_CURVE_WITH_KNOTS('',2,(#5569,#5570,#5571),
  .UNSPECIFIED.,.F.,.F.,(3,3),(0.,1.),.PIECEWISE_BEZIER_KNOTS.);
#5569 = CARTESIAN_POINT('',(-42.02857142857,-10.31809523809,23.42));
#5570 = CARTESIAN_POINT('',(-42.23571428571,-9.95380952381,23.42));
#5571 = CARTESIAN_POINT('',(-42.23571428571,-9.625238095238,23.42));
#5572 = VECTOR('',#5573,1.);
#5573 = DIRECTION('',(-0.,-0.,-1.));
#5574 = ADVANCED_FACE('',(#5575),#5600,.T.);
#5575 = FACE_BOUND('',#5576,.T.);
#5576 = EDGE_LOOP('',(#5577,#5587,#5593,#5594));
#5577 = ORIENTED_EDGE('',*,*,#5578,.T.);
#5578 = EDGE_CURVE('',#5579,#5581,#5583,.T.);
#5579 = VERTEX_POINT('',#5580);
#5580 = CARTESIAN_POINT('',(-40.82142857142,-11.03238095238,23.42));
#5581 = VERTEX_POINT('',#5582);
#5582 = CARTESIAN_POINT('',(-40.82142857142,-11.03238095238,24.42));
#5583 = LINE('',#5584,#5585);
#5584 = CARTESIAN_POINT('',(-40.82142857142,-11.03238095238,23.42));
#5585 = VECTOR('',#5586,1.);
#5586 = DIRECTION('',(0.,0.,1.));
#5587 = ORIENTED_EDGE('',*,*,#5588,.T.);
#5588 = EDGE_CURVE('',#5581,#5548,#5589,.T.);
#5589 = B_SPLINE_CURVE_WITH_KNOTS('',2,(#5590,#5591,#5592),
  .UNSPECIFIED.,.F.,.F.,(3,3),(0.,1.),.PIECEWISE_BEZIER_KNOTS.);
#5590 = CARTESIAN_POINT('',(-40.82142857142,-11.03238095238,24.42));
#5591 = CARTESIAN_POINT('',(-41.62857142857,-11.03238095238,24.42));
#5592 = CARTESIAN_POINT('',(-42.02857142857,-10.31809523809,24.42));
#5593 = ORIENTED_EDGE('',*,*,#5545,.F.);
#5594 = ORIENTED_EDGE('',*,*,#5595,.F.);
#5595 = EDGE_CURVE('',#5579,#5546,#5596,.T.);
#5596 = B_SPLINE_CURVE_WITH_KNOTS('',2,(#5597,#5598,#5599),
  .UNSPECIFIED.,.F.,.F.,(3,3),(0.,1.),.PIECEWISE_BEZIER_KNOTS.);
#5597 = CARTESIAN_POINT('',(-40.82142857142,-11.03238095238,23.42));
#5598 = CARTESIAN_POINT('',(-41.62857142857,-11.03238095238,23.42));
#5599 = CARTESIAN_POINT('',(-42.02857142857,-10.31809523809,23.42));
#5600 = SURFACE_OF_LINEAR_EXTRUSION('',#5601,#5605);
#5601 = B_SPLINE_CURVE_WITH_KNOTS('',2,(#5602,#5603,#5604),
  .UNSPECIFIED.,.F.,.F.,(3,3),(0.,1.),.PIECEWISE_BEZIER_KNOTS.);
#5602 = CARTESIAN_POINT('',(-40.82142857142,-11.03238095238,23.42));
#5603 = CARTESIAN_POINT('',(-41.62857142857,-11.03238095238,23.42));
#5604 = CARTESIAN_POINT('',(-42.02857142857,-10.31809523809,23.42));
#5605 = VECTOR('',#5606,1.);
#5606 = DIRECTION('',(-0.,-0.,-1.));
#5607 = ADVANCED_FACE('',(#5608),#5633,.T.);
#5608 = FACE_BOUND('',#5609,.T.);
#5609 = EDGE_LOOP('',(#5610,#5620,#5626,#5627));
#5610 = ORIENTED_EDGE('',*,*,#5611,.T.);
#5611 = EDGE_CURVE('',#5612,#5614,#5616,.T.);
#5612 = VERTEX_POINT('',#5613);
#5613 = CARTESIAN_POINT('',(-37.2,-11.03238095238,23.42));
#5614 = VERTEX_POINT('',#5615);
#5615 = CARTESIAN_POINT('',(-37.2,-11.03238095238,24.42));
#5616 = LINE('',#5617,#5618);
#5617 = CARTESIAN_POINT('',(-37.2,-11.03238095238,23.42));
#5618 = VECTOR('',#5619,1.);
#5619 = DIRECTION('',(0.,0.,1.));
#5620 = ORIENTED_EDGE('',*,*,#5621,.T.);
#5621 = EDGE_CURVE('',#5614,#5581,#5622,.T.);
#5622 = LINE('',#5623,#5624);
#5623 = CARTESIAN_POINT('',(-37.2,-11.03238095238,24.42));
#5624 = VECTOR('',#5625,1.);
#5625 = DIRECTION('',(-1.,0.,0.));
#5626 = ORIENTED_EDGE('',*,*,#5578,.F.);
#5627 = ORIENTED_EDGE('',*,*,#5628,.F.);
#5628 = EDGE_CURVE('',#5612,#5579,#5629,.T.);
#5629 = LINE('',#5630,#5631);
#5630 = CARTESIAN_POINT('',(-37.2,-11.03238095238,23.42));
#5631 = VECTOR('',#5632,1.);
#5632 = DIRECTION('',(-1.,0.,0.));
#5633 = PLANE('',#5634);
#5634 = AXIS2_PLACEMENT_3D('',#5635,#5636,#5637);
#5635 = CARTESIAN_POINT('',(-37.2,-11.03238095238,23.42));
#5636 = DIRECTION('',(-2.2E-16,-1.,0.));
#5637 = DIRECTION('',(-1.,2.2E-16,0.));
#5638 = ADVANCED_FACE('',(#5639),#5664,.T.);
#5639 = FACE_BOUND('',#5640,.T.);
#5640 = EDGE_LOOP('',(#5641,#5651,#5657,#5658));
#5641 = ORIENTED_EDGE('',*,*,#5642,.T.);
#5642 = EDGE_CURVE('',#5643,#5645,#5647,.T.);
#5643 = VERTEX_POINT('',#5644);
#5644 = CARTESIAN_POINT('',(-37.2,-10.23952380952,23.42));
#5645 = VERTEX_POINT('',#5646);
#5646 = CARTESIAN_POINT('',(-37.2,-10.23952380952,24.42));
#5647 = LINE('',#5648,#5649);
#5648 = CARTESIAN_POINT('',(-37.2,-10.23952380952,23.42));
#5649 = VECTOR('',#5650,1.);
#5650 = DIRECTION('',(0.,0.,1.));
#5651 = ORIENTED_EDGE('',*,*,#5652,.T.);
#5652 = EDGE_CURVE('',#5645,#5614,#5653,.T.);
#5653 = LINE('',#5654,#5655);
#5654 = CARTESIAN_POINT('',(-37.2,-10.23952380952,24.42));
#5655 = VECTOR('',#5656,1.);
#5656 = DIRECTION('',(0.,-1.,0.));
#5657 = ORIENTED_EDGE('',*,*,#5611,.F.);
#5658 = ORIENTED_EDGE('',*,*,#5659,.F.);
#5659 = EDGE_CURVE('',#5643,#5612,#5660,.T.);
#5660 = LINE('',#5661,#5662);
#5661 = CARTESIAN_POINT('',(-37.2,-10.23952380952,23.42));
#5662 = VECTOR('',#5663,1.);
#5663 = DIRECTION('',(0.,-1.,0.));
#5664 = PLANE('',#5665);
#5665 = AXIS2_PLACEMENT_3D('',#5666,#5667,#5668);
#5666 = CARTESIAN_POINT('',(-37.2,-10.23952380952,23.42));
#5667 = DIRECTION('',(1.,-2.2E-16,0.));
#5668 = DIRECTION('',(-2.2E-16,-1.,0.));
#5669 = ADVANCED_FACE('',(#5670),#5695,.T.);
#5670 = FACE_BOUND('',#5671,.T.);
#5671 = EDGE_LOOP('',(#5672,#5682,#5688,#5689));
#5672 = ORIENTED_EDGE('',*,*,#5673,.T.);
#5673 = EDGE_CURVE('',#5674,#5676,#5678,.T.);
#5674 = VERTEX_POINT('',#5675);
#5675 = CARTESIAN_POINT('',(-40.82142857142,-10.23952380952,23.42));
#5676 = VERTEX_POINT('',#5677);
#5677 = CARTESIAN_POINT('',(-40.82142857142,-10.23952380952,24.42));
#5678 = LINE('',#5679,#5680);
#5679 = CARTESIAN_POINT('',(-40.82142857142,-10.23952380952,23.42));
#5680 = VECTOR('',#5681,1.);
#5681 = DIRECTION('',(0.,0.,1.));
#5682 = ORIENTED_EDGE('',*,*,#5683,.T.);
#5683 = EDGE_CURVE('',#5676,#5645,#5684,.T.);
#5684 = LINE('',#5685,#5686);
#5685 = CARTESIAN_POINT('',(-40.82142857142,-10.23952380952,24.42));
#5686 = VECTOR('',#5687,1.);
#5687 = DIRECTION('',(1.,0.,0.));
#5688 = ORIENTED_EDGE('',*,*,#5642,.F.);
#5689 = ORIENTED_EDGE('',*,*,#5690,.F.);
#5690 = EDGE_CURVE('',#5674,#5643,#5691,.T.);
#5691 = LINE('',#5692,#5693);
#5692 = CARTESIAN_POINT('',(-40.82142857142,-10.23952380952,23.42));
#5693 = VECTOR('',#5694,1.);
#5694 = DIRECTION('',(1.,0.,0.));
#5695 = PLANE('',#5696);
#5696 = AXIS2_PLACEMENT_3D('',#5697,#5698,#5699);
#5697 = CARTESIAN_POINT('',(-40.82142857142,-10.23952380952,23.42));
#5698 = DIRECTION('',(2.2E-16,1.,0.));
#5699 = DIRECTION('',(1.,-2.2E-16,0.));
#5700 = ADVANCED_FACE('',(#5701),#5726,.T.);
#5701 = FACE_BOUND('',#5702,.T.);
#5702 = EDGE_LOOP('',(#5703,#5713,#5719,#5720));
#5703 = ORIENTED_EDGE('',*,*,#5704,.T.);
#5704 = EDGE_CURVE('',#5705,#5707,#5709,.T.);
#5705 = VERTEX_POINT('',#5706);
#5706 = CARTESIAN_POINT('',(-41.27857142857,-10.01095238095,23.42));
#5707 = VERTEX_POINT('',#5708);
#5708 = CARTESIAN_POINT('',(-41.27857142857,-10.01095238095,24.42));
#5709 = LINE('',#5710,#5711);
#5710 = CARTESIAN_POINT('',(-41.27857142857,-10.01095238095,23.42));
#5711 = VECTOR('',#5712,1.);
#5712 = DIRECTION('',(0.,0.,1.));
#5713 = ORIENTED_EDGE('',*,*,#5714,.T.);
#5714 = EDGE_CURVE('',#5707,#5676,#5715,.T.);
#5715 = B_SPLINE_CURVE_WITH_KNOTS('',2,(#5716,#5717,#5718),
  .UNSPECIFIED.,.F.,.F.,(3,3),(0.,1.),.PIECEWISE_BEZIER_KNOTS.);
#5716 = CARTESIAN_POINT('',(-41.27857142857,-10.01095238095,24.42));
#5717 = CARTESIAN_POINT('',(-41.09285714285,-10.23238095238,24.42));
#5718 = CARTESIAN_POINT('',(-40.82142857142,-10.23952380952,24.42));
#5719 = ORIENTED_EDGE('',*,*,#5673,.F.);
#5720 = ORIENTED_EDGE('',*,*,#5721,.F.);
#5721 = EDGE_CURVE('',#5705,#5674,#5722,.T.);
#5722 = B_SPLINE_CURVE_WITH_KNOTS('',2,(#5723,#5724,#5725),
  .UNSPECIFIED.,.F.,.F.,(3,3),(0.,1.),.PIECEWISE_BEZIER_KNOTS.);
#5723 = CARTESIAN_POINT('',(-41.27857142857,-10.01095238095,23.42));
#5724 = CARTESIAN_POINT('',(-41.09285714285,-10.23238095238,23.42));
#5725 = CARTESIAN_POINT('',(-40.82142857142,-10.23952380952,23.42));
#5726 = SURFACE_OF_LINEAR_EXTRUSION('',#5727,#5731);
#5727 = B_SPLINE_CURVE_WITH_KNOTS('',2,(#5728,#5729,#5730),
  .UNSPECIFIED.,.F.,.F.,(3,3),(0.,1.),.PIECEWISE_BEZIER_KNOTS.);
#5728 = CARTESIAN_POINT('',(-41.27857142857,-10.01095238095,23.42));
#5729 = CARTESIAN_POINT('',(-41.09285714285,-10.23238095238,23.42));
#5730 = CARTESIAN_POINT('',(-40.82142857142,-10.23952380952,23.42));
#5731 = VECTOR('',#5732,1.);
#5732 = DIRECTION('',(-0.,-0.,-1.));
#5733 = ADVANCED_FACE('',(#5734),#5750,.T.);
#5734 = FACE_BOUND('',#5735,.T.);
#5735 = EDGE_LOOP('',(#5736,#5737,#5743,#5744));
#5736 = ORIENTED_EDGE('',*,*,#5523,.T.);
#5737 = ORIENTED_EDGE('',*,*,#5738,.T.);
#5738 = EDGE_CURVE('',#5516,#5707,#5739,.T.);
#5739 = B_SPLINE_CURVE_WITH_KNOTS('',2,(#5740,#5741,#5742),
  .UNSPECIFIED.,.F.,.F.,(3,3),(0.,1.),.PIECEWISE_BEZIER_KNOTS.);
#5740 = CARTESIAN_POINT('',(-41.43571428571,-9.625238095238,24.42));
#5741 = CARTESIAN_POINT('',(-41.43571428571,-9.810952380952,24.42));
#5742 = CARTESIAN_POINT('',(-41.27857142857,-10.01095238095,24.42));
#5743 = ORIENTED_EDGE('',*,*,#5704,.F.);
#5744 = ORIENTED_EDGE('',*,*,#5745,.F.);
#5745 = EDGE_CURVE('',#5524,#5705,#5746,.T.);
#5746 = B_SPLINE_CURVE_WITH_KNOTS('',2,(#5747,#5748,#5749),
  .UNSPECIFIED.,.F.,.F.,(3,3),(0.,1.),.PIECEWISE_BEZIER_KNOTS.);
#5747 = CARTESIAN_POINT('',(-41.43571428571,-9.625238095238,23.42));
#5748 = CARTESIAN_POINT('',(-41.43571428571,-9.810952380952,23.42));
#5749 = CARTESIAN_POINT('',(-41.27857142857,-10.01095238095,23.42));
#5750 = SURFACE_OF_LINEAR_EXTRUSION('',#5751,#5755);
#5751 = B_SPLINE_CURVE_WITH_KNOTS('',2,(#5752,#5753,#5754),
  .UNSPECIFIED.,.F.,.F.,(3,3),(0.,1.),.PIECEWISE_BEZIER_KNOTS.);
#5752 = CARTESIAN_POINT('',(-41.43571428571,-9.625238095238,23.42));
#5753 = CARTESIAN_POINT('',(-41.43571428571,-9.810952380952,23.42));
#5754 = CARTESIAN_POINT('',(-41.27857142857,-10.01095238095,23.42));
#5755 = VECTOR('',#5756,1.);
#5756 = DIRECTION('',(-0.,-0.,-1.));
#5757 = ADVANCED_FACE('',(#5758),#5768,.F.);
#5758 = FACE_BOUND('',#5759,.F.);
#5759 = EDGE_LOOP('',(#5760,#5761,#5762,#5763,#5764,#5765,#5766,#5767));
#5760 = ORIENTED_EDGE('',*,*,#5531,.F.);
#5761 = ORIENTED_EDGE('',*,*,#5562,.F.);
#5762 = ORIENTED_EDGE('',*,*,#5595,.F.);
#5763 = ORIENTED_EDGE('',*,*,#5628,.F.);
#5764 = ORIENTED_EDGE('',*,*,#5659,.F.);
#5765 = ORIENTED_EDGE('',*,*,#5690,.F.);
#5766 = ORIENTED_EDGE('',*,*,#5721,.F.);
#5767 = ORIENTED_EDGE('',*,*,#5745,.F.);
#5768 = PLANE('',#5769);
#5769 = AXIS2_PLACEMENT_3D('',#5770,#5771,#5772);
#5770 = CARTESIAN_POINT('',(-39.74452534744,-9.437712300819,23.42));
#5771 = DIRECTION('',(0.,0.,1.));
#5772 = DIRECTION('',(0.,-1.,0.));
#5773 = ADVANCED_FACE('',(#5774),#5784,.T.);
#5774 = FACE_BOUND('',#5775,.T.);
#5775 = EDGE_LOOP('',(#5776,#5777,#5778,#5779,#5780,#5781,#5782,#5783));
#5776 = ORIENTED_EDGE('',*,*,#5515,.F.);
#5777 = ORIENTED_EDGE('',*,*,#5555,.F.);
#5778 = ORIENTED_EDGE('',*,*,#5588,.F.);
#5779 = ORIENTED_EDGE('',*,*,#5621,.F.);
#5780 = ORIENTED_EDGE('',*,*,#5652,.F.);
#5781 = ORIENTED_EDGE('',*,*,#5683,.F.);
#5782 = ORIENTED_EDGE('',*,*,#5714,.F.);
#5783 = ORIENTED_EDGE('',*,*,#5738,.F.);
#5784 = PLANE('',#5785);
#5785 = AXIS2_PLACEMENT_3D('',#5786,#5787,#5788);
#5786 = CARTESIAN_POINT('',(-39.74452534744,-9.437712300819,24.42));
#5787 = DIRECTION('',(0.,0.,1.));
#5788 = DIRECTION('',(0.,-1.,0.));
#5789 = MANIFOLD_SOLID_BREP('',#5790);
#5790 = CLOSED_SHELL('',(#5791,#5833,#5866,#5899,#5932,#5965,#5998,#6031
    ,#6064,#6095,#6128,#6161,#6194,#6227,#6260,#6293,#6326,#6359,#6392,
    #6423,#6447,#6475));
#5791 = ADVANCED_FACE('',(#5792),#5826,.T.);
#5792 = FACE_BOUND('',#5793,.T.);
#5793 = EDGE_LOOP('',(#5794,#5804,#5812,#5820));
#5794 = ORIENTED_EDGE('',*,*,#5795,.T.);
#5795 = EDGE_CURVE('',#5796,#5798,#5800,.T.);
#5796 = VERTEX_POINT('',#5797);
#5797 = CARTESIAN_POINT('',(-38.55714285714,-11.50571428571,23.42));
#5798 = VERTEX_POINT('',#5799);
#5799 = CARTESIAN_POINT('',(-38.55714285714,-11.50571428571,24.42));
#5800 = LINE('',#5801,#5802);
#5801 = CARTESIAN_POINT('',(-38.55714285714,-11.50571428571,23.42));
#5802 = VECTOR('',#5803,1.);
#5803 = DIRECTION('',(0.,0.,1.));
#5804 = ORIENTED_EDGE('',*,*,#5805,.T.);
#5805 = EDGE_CURVE('',#5798,#5806,#5808,.T.);
#5806 = VERTEX_POINT('',#5807);
#5807 = CARTESIAN_POINT('',(-37.38571428571,-12.17714285714,24.42));
#5808 = B_SPLINE_CURVE_WITH_KNOTS('',2,(#5809,#5810,#5811),
  .UNSPECIFIED.,.F.,.F.,(3,3),(0.,1.),.PIECEWISE_BEZIER_KNOTS.);
#5809 = CARTESIAN_POINT('',(-38.55714285714,-11.50571428571,24.42));
#5810 = CARTESIAN_POINT('',(-37.77857142857,-11.50571428571,24.42));
#5811 = CARTESIAN_POINT('',(-37.38571428571,-12.17714285714,24.42));
#5812 = ORIENTED_EDGE('',*,*,#5813,.F.);
#5813 = EDGE_CURVE('',#5814,#5806,#5816,.T.);
#5814 = VERTEX_POINT('',#5815);
#5815 = CARTESIAN_POINT('',(-37.38571428571,-12.17714285714,23.42));
#5816 = LINE('',#5817,#5818);
#5817 = CARTESIAN_POINT('',(-37.38571428571,-12.17714285714,23.42));
#5818 = VECTOR('',#5819,1.);
#5819 = DIRECTION('',(0.,0.,1.));
#5820 = ORIENTED_EDGE('',*,*,#5821,.F.);
#5821 = EDGE_CURVE('',#5796,#5814,#5822,.T.);
#5822 = B_SPLINE_CURVE_WITH_KNOTS('',2,(#5823,#5824,#5825),
  .UNSPECIFIED.,.F.,.F.,(3,3),(0.,1.),.PIECEWISE_BEZIER_KNOTS.);
#5823 = CARTESIAN_POINT('',(-38.55714285714,-11.50571428571,23.42));
#5824 = CARTESIAN_POINT('',(-37.77857142857,-11.50571428571,23.42));
#5825 = CARTESIAN_POINT('',(-37.38571428571,-12.17714285714,23.42));
#5826 = SURFACE_OF_LINEAR_EXTRUSION('',#5827,#5831);
#5827 = B_SPLINE_CURVE_WITH_KNOTS('',2,(#5828,#5829,#5830),
  .UNSPECIFIED.,.F.,.F.,(3,3),(0.,1.),.PIECEWISE_BEZIER_KNOTS.);
#5828 = CARTESIAN_POINT('',(-38.55714285714,-11.50571428571,23.42));
#5829 = CARTESIAN_POINT('',(-37.77857142857,-11.50571428571,23.42));
#5830 = CARTESIAN_POINT('',(-37.38571428571,-12.17714285714,23.42));
#5831 = VECTOR('',#5832,1.);
#5832 = DIRECTION('',(-0.,-0.,-1.));
#5833 = ADVANCED_FACE('',(#5834),#5859,.T.);
#5834 = FACE_BOUND('',#5835,.T.);
#5835 = EDGE_LOOP('',(#5836,#5846,#5852,#5853));
#5836 = ORIENTED_EDGE('',*,*,#5837,.T.);
#5837 = EDGE_CURVE('',#5838,#5840,#5842,.T.);
#5838 = VERTEX_POINT('',#5839);
#5839 = CARTESIAN_POINT('',(-39.13571428571,-11.61285714285,23.42));
#5840 = VERTEX_POINT('',#5841);
#5841 = CARTESIAN_POINT('',(-39.13571428571,-11.61285714285,24.42));
#5842 = LINE('',#5843,#5844);
#5843 = CARTESIAN_POINT('',(-39.13571428571,-11.61285714285,23.42));
#5844 = VECTOR('',#5845,1.);
#5845 = DIRECTION('',(0.,0.,1.));
#5846 = ORIENTED_EDGE('',*,*,#5847,.T.);
#5847 = EDGE_CURVE('',#5840,#5798,#5848,.T.);
#5848 = B_SPLINE_CURVE_WITH_KNOTS('',2,(#5849,#5850,#5851),
  .UNSPECIFIED.,.F.,.F.,(3,3),(0.,1.),.PIECEWISE_BEZIER_KNOTS.);
#5849 = CARTESIAN_POINT('',(-39.13571428571,-11.61285714285,24.42));
#5850 = CARTESIAN_POINT('',(-38.88571428571,-11.50571428571,24.42));
#5851 = CARTESIAN_POINT('',(-38.55714285714,-11.50571428571,24.42));
#5852 = ORIENTED_EDGE('',*,*,#5795,.F.);
#5853 = ORIENTED_EDGE('',*,*,#5854,.F.);
#5854 = EDGE_CURVE('',#5838,#5796,#5855,.T.);
#5855 = B_SPLINE_CURVE_WITH_KNOTS('',2,(#5856,#5857,#5858),
  .UNSPECIFIED.,.F.,.F.,(3,3),(0.,1.),.PIECEWISE_BEZIER_KNOTS.);
#5856 = CARTESIAN_POINT('',(-39.13571428571,-11.61285714285,23.42));
#5857 = CARTESIAN_POINT('',(-38.88571428571,-11.50571428571,23.42));
#5858 = CARTESIAN_POINT('',(-38.55714285714,-11.50571428571,23.42));
#5859 = SURFACE_OF_LINEAR_EXTRUSION('',#5860,#5864);
#5860 = B_SPLINE_CURVE_WITH_KNOTS('',2,(#5861,#5862,#5863),
  .UNSPECIFIED.,.F.,.F.,(3,3),(0.,1.),.PIECEWISE_BEZIER_KNOTS.);
#5861 = CARTESIAN_POINT('',(-39.13571428571,-11.61285714285,23.42));
#5862 = CARTESIAN_POINT('',(-38.88571428571,-11.50571428571,23.42));
#5863 = CARTESIAN_POINT('',(-38.55714285714,-11.50571428571,23.42));
#5864 = VECTOR('',#5865,1.);
#5865 = DIRECTION('',(-0.,-0.,-1.));
#5866 = ADVANCED_FACE('',(#5867),#5892,.T.);
#5867 = FACE_BOUND('',#5868,.T.);
#5868 = EDGE_LOOP('',(#5869,#5879,#5885,#5886));
#5869 = ORIENTED_EDGE('',*,*,#5870,.T.);
#5870 = EDGE_CURVE('',#5871,#5873,#5875,.T.);
#5871 = VERTEX_POINT('',#5872);
#5872 = CARTESIAN_POINT('',(-39.81428571428,-12.38428571428,23.42));
#5873 = VERTEX_POINT('',#5874);
#5874 = CARTESIAN_POINT('',(-39.81428571428,-12.38428571428,24.42));
#5875 = LINE('',#5876,#5877);
#5876 = CARTESIAN_POINT('',(-39.81428571428,-12.38428571428,23.42));
#5877 = VECTOR('',#5878,1.);
#5878 = DIRECTION('',(0.,0.,1.));
#5879 = ORIENTED_EDGE('',*,*,#5880,.T.);
#5880 = EDGE_CURVE('',#5873,#5840,#5881,.T.);
#5881 = B_SPLINE_CURVE_WITH_KNOTS('',2,(#5882,#5883,#5884),
  .UNSPECIFIED.,.F.,.F.,(3,3),(0.,1.),.PIECEWISE_BEZIER_KNOTS.);
#5882 = CARTESIAN_POINT('',(-39.81428571428,-12.38428571428,24.42));
#5883 = CARTESIAN_POINT('',(-39.55,-11.78428571428,24.42));
#5884 = CARTESIAN_POINT('',(-39.13571428571,-11.61285714285,24.42));
#5885 = ORIENTED_EDGE('',*,*,#5837,.F.);
#5886 = ORIENTED_EDGE('',*,*,#5887,.F.);
#5887 = EDGE_CURVE('',#5871,#5838,#5888,.T.);
#5888 = B_SPLINE_CURVE_WITH_KNOTS('',2,(#5889,#5890,#5891),
  .UNSPECIFIED.,.F.,.F.,(3,3),(0.,1.),.PIECEWISE_BEZIER_KNOTS.);
#5889 = CARTESIAN_POINT('',(-39.81428571428,-12.38428571428,23.42));
#5890 = CARTESIAN_POINT('',(-39.55,-11.78428571428,23.42));
#5891 = CARTESIAN_POINT('',(-39.13571428571,-11.61285714285,23.42));
#5892 = SURFACE_OF_LINEAR_EXTRUSION('',#5893,#5897);
#5893 = B_SPLINE_CURVE_WITH_KNOTS('',2,(#5894,#5895,#5896),
  .UNSPECIFIED.,.F.,.F.,(3,3),(0.,1.),.PIECEWISE_BEZIER_KNOTS.);
#5894 = CARTESIAN_POINT('',(-39.81428571428,-12.38428571428,23.42));
#5895 = CARTESIAN_POINT('',(-39.55,-11.78428571428,23.42));
#5896 = CARTESIAN_POINT('',(-39.13571428571,-11.61285714285,23.42));
#5897 = VECTOR('',#5898,1.);
#5898 = DIRECTION('',(-0.,-0.,-1.));
#5899 = ADVANCED_FACE('',(#5900),#5925,.T.);
#5900 = FACE_BOUND('',#5901,.T.);
#5901 = EDGE_LOOP('',(#5902,#5912,#5918,#5919));
#5902 = ORIENTED_EDGE('',*,*,#5903,.T.);
#5903 = EDGE_CURVE('',#5904,#5906,#5908,.T.);
#5904 = VERTEX_POINT('',#5905);
#5905 = CARTESIAN_POINT('',(-39.95,-12.79142857142,23.42));
#5906 = VERTEX_POINT('',#5907);
#5907 = CARTESIAN_POINT('',(-39.95,-12.79142857142,24.42));
#5908 = LINE('',#5909,#5910);
#5909 = CARTESIAN_POINT('',(-39.95,-12.79142857142,23.42));
#5910 = VECTOR('',#5911,1.);
#5911 = DIRECTION('',(0.,0.,1.));
#5912 = ORIENTED_EDGE('',*,*,#5913,.T.);
#5913 = EDGE_CURVE('',#5906,#5873,#5914,.T.);
#5914 = B_SPLINE_CURVE_WITH_KNOTS('',2,(#5915,#5916,#5917),
  .UNSPECIFIED.,.F.,.F.,(3,3),(0.,1.),.PIECEWISE_BEZIER_KNOTS.);
#5915 = CARTESIAN_POINT('',(-39.95,-12.79142857142,24.42));
#5916 = CARTESIAN_POINT('',(-39.86428571428,-12.49142857142,24.42));
#5917 = CARTESIAN_POINT('',(-39.81428571428,-12.38428571428,24.42));
#5918 = ORIENTED_EDGE('',*,*,#5870,.F.);
#5919 = ORIENTED_EDGE('',*,*,#5920,.F.);
#5920 = EDGE_CURVE('',#5904,#5871,#5921,.T.);
#5921 = B_SPLINE_CURVE_WITH_KNOTS('',2,(#5922,#5923,#5924),
  .UNSPECIFIED.,.F.,.F.,(3,3),(0.,1.),.PIECEWISE_BEZIER_KNOTS.);
#5922 = CARTESIAN_POINT('',(-39.95,-12.79142857142,23.42));
#5923 = CARTESIAN_POINT('',(-39.86428571428,-12.49142857142,23.42));
#5924 = CARTESIAN_POINT('',(-39.81428571428,-12.38428571428,23.42));
#5925 = SURFACE_OF_LINEAR_EXTRUSION('',#5926,#5930);
#5926 = B_SPLINE_CURVE_WITH_KNOTS('',2,(#5927,#5928,#5929),
  .UNSPECIFIED.,.F.,.F.,(3,3),(0.,1.),.PIECEWISE_BEZIER_KNOTS.);
#5927 = CARTESIAN_POINT('',(-39.95,-12.79142857142,23.42));
#5928 = CARTESIAN_POINT('',(-39.86428571428,-12.49142857142,23.42));
#5929 = CARTESIAN_POINT('',(-39.81428571428,-12.38428571428,23.42));
#5930 = VECTOR('',#5931,1.);
#5931 = DIRECTION('',(-0.,-0.,-1.));
#5932 = ADVANCED_FACE('',(#5933),#5958,.T.);
#5933 = FACE_BOUND('',#5934,.T.);
#5934 = EDGE_LOOP('',(#5935,#5945,#5951,#5952));
#5935 = ORIENTED_EDGE('',*,*,#5936,.T.);
#5936 = EDGE_CURVE('',#5937,#5939,#5941,.T.);
#5937 = VERTEX_POINT('',#5938);
#5938 = CARTESIAN_POINT('',(-40.07857142857,-13.19142857142,23.42));
#5939 = VERTEX_POINT('',#5940);
#5940 = CARTESIAN_POINT('',(-40.07857142857,-13.19142857142,24.42));
#5941 = LINE('',#5942,#5943);
#5942 = CARTESIAN_POINT('',(-40.07857142857,-13.19142857142,23.42));
#5943 = VECTOR('',#5944,1.);
#5944 = DIRECTION('',(0.,0.,1.));
#5945 = ORIENTED_EDGE('',*,*,#5946,.T.);
#5946 = EDGE_CURVE('',#5939,#5906,#5947,.T.);
#5947 = B_SPLINE_CURVE_WITH_KNOTS('',2,(#5948,#5949,#5950),
  .UNSPECIFIED.,.F.,.F.,(3,3),(0.,1.),.PIECEWISE_BEZIER_KNOTS.);
#5948 = CARTESIAN_POINT('',(-40.07857142857,-13.19142857142,24.42));
#5949 = CARTESIAN_POINT('',(-40.02857142857,-13.06285714285,24.42));
#5950 = CARTESIAN_POINT('',(-39.95,-12.79142857142,24.42));
#5951 = ORIENTED_EDGE('',*,*,#5903,.F.);
#5952 = ORIENTED_EDGE('',*,*,#5953,.F.);
#5953 = EDGE_CURVE('',#5937,#5904,#5954,.T.);
#5954 = B_SPLINE_CURVE_WITH_KNOTS('',2,(#5955,#5956,#5957),
  .UNSPECIFIED.,.F.,.F.,(3,3),(0.,1.),.PIECEWISE_BEZIER_KNOTS.);
#5955 = CARTESIAN_POINT('',(-40.07857142857,-13.19142857142,23.42));
#5956 = CARTESIAN_POINT('',(-40.02857142857,-13.06285714285,23.42));
#5957 = CARTESIAN_POINT('',(-39.95,-12.79142857142,23.42));
#5958 = SURFACE_OF_LINEAR_EXTRUSION('',#5959,#5963);
#5959 = B_SPLINE_CURVE_WITH_KNOTS('',2,(#5960,#5961,#5962),
  .UNSPECIFIED.,.F.,.F.,(3,3),(0.,1.),.PIECEWISE_BEZIER_KNOTS.);
#5960 = CARTESIAN_POINT('',(-40.07857142857,-13.19142857142,23.42));
#5961 = CARTESIAN_POINT('',(-40.02857142857,-13.06285714285,23.42));
#5962 = CARTESIAN_POINT('',(-39.95,-12.79142857142,23.42));
#5963 = VECTOR('',#5964,1.);
#5964 = DIRECTION('',(-0.,-0.,-1.));
#5965 = ADVANCED_FACE('',(#5966),#5991,.T.);
#5966 = FACE_BOUND('',#5967,.T.);
#5967 = EDGE_LOOP('',(#5968,#5978,#5984,#5985));
#5968 = ORIENTED_EDGE('',*,*,#5969,.T.);
#5969 = EDGE_CURVE('',#5970,#5972,#5974,.T.);
#5970 = VERTEX_POINT('',#5971);
#5971 = CARTESIAN_POINT('',(-40.73571428571,-13.79857142857,23.42));
#5972 = VERTEX_POINT('',#5973);
#5973 = CARTESIAN_POINT('',(-40.73571428571,-13.79857142857,24.42));
#5974 = LINE('',#5975,#5976);
#5975 = CARTESIAN_POINT('',(-40.73571428571,-13.79857142857,23.42));
#5976 = VECTOR('',#5977,1.);
#5977 = DIRECTION('',(0.,0.,1.));
#5978 = ORIENTED_EDGE('',*,*,#5979,.T.);
#5979 = EDGE_CURVE('',#5972,#5939,#5980,.T.);
#5980 = B_SPLINE_CURVE_WITH_KNOTS('',2,(#5981,#5982,#5983),
  .UNSPECIFIED.,.F.,.F.,(3,3),(0.,1.),.PIECEWISE_BEZIER_KNOTS.);
#5981 = CARTESIAN_POINT('',(-40.73571428571,-13.79857142857,24.42));
#5982 = CARTESIAN_POINT('',(-40.3,-13.79857142857,24.42));
#5983 = CARTESIAN_POINT('',(-40.07857142857,-13.19142857142,24.42));
#5984 = ORIENTED_EDGE('',*,*,#5936,.F.);
#5985 = ORIENTED_EDGE('',*,*,#5986,.F.);
#5986 = EDGE_CURVE('',#5970,#5937,#5987,.T.);
#5987 = B_SPLINE_CURVE_WITH_KNOTS('',2,(#5988,#5989,#5990),
  .UNSPECIFIED.,.F.,.F.,(3,3),(0.,1.),.PIECEWISE_BEZIER_KNOTS.);
#5988 = CARTESIAN_POINT('',(-40.73571428571,-13.79857142857,23.42));
#5989 = CARTESIAN_POINT('',(-40.3,-13.79857142857,23.42));
#5990 = CARTESIAN_POINT('',(-40.07857142857,-13.19142857142,23.42));
#5991 = SURFACE_OF_LINEAR_EXTRUSION('',#5992,#5996);
#5992 = B_SPLINE_CURVE_WITH_KNOTS('',2,(#5993,#5994,#5995),
  .UNSPECIFIED.,.F.,.F.,(3,3),(0.,1.),.PIECEWISE_BEZIER_KNOTS.);
#5993 = CARTESIAN_POINT('',(-40.73571428571,-13.79857142857,23.42));
#5994 = CARTESIAN_POINT('',(-40.3,-13.79857142857,23.42));
#5995 = CARTESIAN_POINT('',(-40.07857142857,-13.19142857142,23.42));
#5996 = VECTOR('',#5997,1.);
#5997 = DIRECTION('',(-0.,-0.,-1.));
#5998 = ADVANCED_FACE('',(#5999),#6024,.T.);
#5999 = FACE_BOUND('',#6000,.T.);
#6000 = EDGE_LOOP('',(#6001,#6011,#6017,#6018));
#6001 = ORIENTED_EDGE('',*,*,#6002,.T.);
#6002 = EDGE_CURVE('',#6003,#6005,#6007,.T.);
#6003 = VERTEX_POINT('',#6004);
#6004 = CARTESIAN_POINT('',(-41.22857142857,-13.62,23.42));
#6005 = VERTEX_POINT('',#6006);
#6006 = CARTESIAN_POINT('',(-41.22857142857,-13.62,24.42));
#6007 = LINE('',#6008,#6009);
#6008 = CARTESIAN_POINT('',(-41.22857142857,-13.62,23.42));
#6009 = VECTOR('',#6010,1.);
#6010 = DIRECTION('',(0.,0.,1.));
#6011 = ORIENTED_EDGE('',*,*,#6012,.T.);
#6012 = EDGE_CURVE('',#6005,#5972,#6013,.T.);
#6013 = B_SPLINE_CURVE_WITH_KNOTS('',2,(#6014,#6015,#6016),
  .UNSPECIFIED.,.F.,.F.,(3,3),(0.,1.),.PIECEWISE_BEZIER_KNOTS.);
#6014 = CARTESIAN_POINT('',(-41.22857142857,-13.62,24.42));
#6015 = CARTESIAN_POINT('',(-41.01428571428,-13.79857142857,24.42));
#6016 = CARTESIAN_POINT('',(-40.73571428571,-13.79857142857,24.42));
#6017 = ORIENTED_EDGE('',*,*,#5969,.F.);
#6018 = ORIENTED_EDGE('',*,*,#6019,.F.);
#6019 = EDGE_CURVE('',#6003,#5970,#6020,.T.);
#6020 = B_SPLINE_CURVE_WITH_KNOTS('',2,(#6021,#6022,#6023),
  .UNSPECIFIED.,.F.,.F.,(3,3),(0.,1.),.PIECEWISE_BEZIER_KNOTS.);
#6021 = CARTESIAN_POINT('',(-41.22857142857,-13.62,23.42));
#6022 = CARTESIAN_POINT('',(-41.01428571428,-13.79857142857,23.42));
#6023 = CARTESIAN_POINT('',(-40.73571428571,-13.79857142857,23.42));
#6024 = SURFACE_OF_LINEAR_EXTRUSION('',#6025,#6029);
#6025 = B_SPLINE_CURVE_WITH_KNOTS('',2,(#6026,#6027,#6028),
  .UNSPECIFIED.,.F.,.F.,(3,3),(0.,1.),.PIECEWISE_BEZIER_KNOTS.);
#6026 = CARTESIAN_POINT('',(-41.22857142857,-13.62,23.42));
#6027 = CARTESIAN_POINT('',(-41.01428571428,-13.79857142857,23.42));
#6028 = CARTESIAN_POINT('',(-40.73571428571,-13.79857142857,23.42));
#6029 = VECTOR('',#6030,1.);
#6030 = DIRECTION('',(-0.,-0.,-1.));
#6031 = ADVANCED_FACE('',(#6032),#6057,.T.);
#6032 = FACE_BOUND('',#6033,.T.);
#6033 = EDGE_LOOP('',(#6034,#6044,#6050,#6051));
#6034 = ORIENTED_EDGE('',*,*,#6035,.T.);
#6035 = EDGE_CURVE('',#6036,#6038,#6040,.T.);
#6036 = VERTEX_POINT('',#6037);
#6037 = CARTESIAN_POINT('',(-41.48571428571,-13.13428571428,23.42));
#6038 = VERTEX_POINT('',#6039);
#6039 = CARTESIAN_POINT('',(-41.48571428571,-13.13428571428,24.42));
#6040 = LINE('',#6041,#6042);
#6041 = CARTESIAN_POINT('',(-41.48571428571,-13.13428571428,23.42));
#6042 = VECTOR('',#6043,1.);
#6043 = DIRECTION('',(0.,0.,1.));
#6044 = ORIENTED_EDGE('',*,*,#6045,.T.);
#6045 = EDGE_CURVE('',#6038,#6005,#6046,.T.);
#6046 = B_SPLINE_CURVE_WITH_KNOTS('',2,(#6047,#6048,#6049),
  .UNSPECIFIED.,.F.,.F.,(3,3),(0.,1.),.PIECEWISE_BEZIER_KNOTS.);
#6047 = CARTESIAN_POINT('',(-41.48571428571,-13.13428571428,24.42));
#6048 = CARTESIAN_POINT('',(-41.47142857142,-13.40571428571,24.42));
#6049 = CARTESIAN_POINT('',(-41.22857142857,-13.62,24.42));
#6050 = ORIENTED_EDGE('',*,*,#6002,.F.);
#6051 = ORIENTED_EDGE('',*,*,#6052,.F.);
#6052 = EDGE_CURVE('',#6036,#6003,#6053,.T.);
#6053 = B_SPLINE_CURVE_WITH_KNOTS('',2,(#6054,#6055,#6056),
  .UNSPECIFIED.,.F.,.F.,(3,3),(0.,1.),.PIECEWISE_BEZIER_KNOTS.);
#6054 = CARTESIAN_POINT('',(-41.48571428571,-13.13428571428,23.42));
#6055 = CARTESIAN_POINT('',(-41.47142857142,-13.40571428571,23.42));
#6056 = CARTESIAN_POINT('',(-41.22857142857,-13.62,23.42));
#6057 = SURFACE_OF_LINEAR_EXTRUSION('',#6058,#6062);
#6058 = B_SPLINE_CURVE_WITH_KNOTS('',2,(#6059,#6060,#6061),
  .UNSPECIFIED.,.F.,.F.,(3,3),(0.,1.),.PIECEWISE_BEZIER_KNOTS.);
#6059 = CARTESIAN_POINT('',(-41.48571428571,-13.13428571428,23.42));
#6060 = CARTESIAN_POINT('',(-41.47142857142,-13.40571428571,23.42));
#6061 = CARTESIAN_POINT('',(-41.22857142857,-13.62,23.42));
#6062 = VECTOR('',#6063,1.);
#6063 = DIRECTION('',(-0.,-0.,-1.));
#6064 = ADVANCED_FACE('',(#6065),#6090,.T.);
#6065 = FACE_BOUND('',#6066,.T.);
#6066 = EDGE_LOOP('',(#6067,#6077,#6083,#6084));
#6067 = ORIENTED_EDGE('',*,*,#6068,.T.);
#6068 = EDGE_CURVE('',#6069,#6071,#6073,.T.);
#6069 = VERTEX_POINT('',#6070);
#6070 = CARTESIAN_POINT('',(-42.22142857142,-13.13428571428,23.42));
#6071 = VERTEX_POINT('',#6072);
#6072 = CARTESIAN_POINT('',(-42.22142857142,-13.13428571428,24.42));
#6073 = LINE('',#6074,#6075);
#6074 = CARTESIAN_POINT('',(-42.22142857142,-13.13428571428,23.42));
#6075 = VECTOR('',#6076,1.);
#6076 = DIRECTION('',(0.,0.,1.));
#6077 = ORIENTED_EDGE('',*,*,#6078,.T.);
#6078 = EDGE_CURVE('',#6071,#6038,#6079,.T.);
#6079 = LINE('',#6080,#6081);
#6080 = CARTESIAN_POINT('',(-42.22142857142,-13.13428571428,24.42));
#6081 = VECTOR('',#6082,1.);
#6082 = DIRECTION('',(1.,0.,0.));
#6083 = ORIENTED_EDGE('',*,*,#6035,.F.);
#6084 = ORIENTED_EDGE('',*,*,#6085,.F.);
#6085 = EDGE_CURVE('',#6069,#6036,#6086,.T.);
#6086 = LINE('',#6087,#6088);
#6087 = CARTESIAN_POINT('',(-42.22142857142,-13.13428571428,23.42));
#6088 = VECTOR('',#6089,1.);
#6089 = DIRECTION('',(1.,0.,0.));
#6090 = PLANE('',#6091);
#6091 = AXIS2_PLACEMENT_3D('',#6092,#6093,#6094);
#6092 = CARTESIAN_POINT('',(-42.22142857142,-13.13428571428,23.42));
#6093 = DIRECTION('',(2.2E-16,1.,0.));
#6094 = DIRECTION('',(1.,-2.2E-16,0.));
#6095 = ADVANCED_FACE('',(#6096),#6121,.T.);
#6096 = FACE_BOUND('',#6097,.T.);
#6097 = EDGE_LOOP('',(#6098,#6108,#6114,#6115));
#6098 = ORIENTED_EDGE('',*,*,#6099,.T.);
#6099 = EDGE_CURVE('',#6100,#6102,#6104,.T.);
#6100 = VERTEX_POINT('',#6101);
#6101 = CARTESIAN_POINT('',(-41.81428571428,-14.11285714285,23.42));
#6102 = VERTEX_POINT('',#6103);
#6103 = CARTESIAN_POINT('',(-41.81428571428,-14.11285714285,24.42));
#6104 = LINE('',#6105,#6106);
#6105 = CARTESIAN_POINT('',(-41.81428571428,-14.11285714285,23.42));
#6106 = VECTOR('',#6107,1.);
#6107 = DIRECTION('',(0.,0.,1.));
#6108 = ORIENTED_EDGE('',*,*,#6109,.T.);
#6109 = EDGE_CURVE('',#6102,#6071,#6110,.T.);
#6110 = B_SPLINE_CURVE_WITH_KNOTS('',2,(#6111,#6112,#6113),
  .UNSPECIFIED.,.F.,.F.,(3,3),(0.,1.),.PIECEWISE_BEZIER_KNOTS.);
#6111 = CARTESIAN_POINT('',(-41.81428571428,-14.11285714285,24.42));
#6112 = CARTESIAN_POINT('',(-42.22142857142,-13.67714285714,24.42));
#6113 = CARTESIAN_POINT('',(-42.22142857142,-13.13428571428,24.42));
#6114 = ORIENTED_EDGE('',*,*,#6068,.F.);
#6115 = ORIENTED_EDGE('',*,*,#6116,.F.);
#6116 = EDGE_CURVE('',#6100,#6069,#6117,.T.);
#6117 = B_SPLINE_CURVE_WITH_KNOTS('',2,(#6118,#6119,#6120),
  .UNSPECIFIED.,.F.,.F.,(3,3),(0.,1.),.PIECEWISE_BEZIER_KNOTS.);
#6118 = CARTESIAN_POINT('',(-41.81428571428,-14.11285714285,23.42));
#6119 = CARTESIAN_POINT('',(-42.22142857142,-13.67714285714,23.42));
#6120 = CARTESIAN_POINT('',(-42.22142857142,-13.13428571428,23.42));
#6121 = SURFACE_OF_LINEAR_EXTRUSION('',#6122,#6126);
#6122 = B_SPLINE_CURVE_WITH_KNOTS('',2,(#6123,#6124,#6125),
  .UNSPECIFIED.,.F.,.F.,(3,3),(0.,1.),.PIECEWISE_BEZIER_KNOTS.);
#6123 = CARTESIAN_POINT('',(-41.81428571428,-14.11285714285,23.42));
#6124 = CARTESIAN_POINT('',(-42.22142857142,-13.67714285714,23.42));
#6125 = CARTESIAN_POINT('',(-42.22142857142,-13.13428571428,23.42));
#6126 = VECTOR('',#6127,1.);
#6127 = DIRECTION('',(-0.,-0.,-1.));
#6128 = ADVANCED_FACE('',(#6129),#6154,.T.);
#6129 = FACE_BOUND('',#6130,.T.);
#6130 = EDGE_LOOP('',(#6131,#6141,#6147,#6148));
#6131 = ORIENTED_EDGE('',*,*,#6132,.T.);
#6132 = EDGE_CURVE('',#6133,#6135,#6137,.T.);
#6133 = VERTEX_POINT('',#6134);
#6134 = CARTESIAN_POINT('',(-40.72142857142,-14.59857142857,23.42));
#6135 = VERTEX_POINT('',#6136);
#6136 = CARTESIAN_POINT('',(-40.72142857142,-14.59857142857,24.42));
#6137 = LINE('',#6138,#6139);
#6138 = CARTESIAN_POINT('',(-40.72142857142,-14.59857142857,23.42));
#6139 = VECTOR('',#6140,1.);
#6140 = DIRECTION('',(0.,0.,1.));
#6141 = ORIENTED_EDGE('',*,*,#6142,.T.);
#6142 = EDGE_CURVE('',#6135,#6102,#6143,.T.);
#6143 = B_SPLINE_CURVE_WITH_KNOTS('',2,(#6144,#6145,#6146),
  .UNSPECIFIED.,.F.,.F.,(3,3),(0.,1.),.PIECEWISE_BEZIER_KNOTS.);
#6144 = CARTESIAN_POINT('',(-40.72142857142,-14.59857142857,24.42));
#6145 = CARTESIAN_POINT('',(-41.35,-14.59857142857,24.42));
#6146 = CARTESIAN_POINT('',(-41.81428571428,-14.11285714285,24.42));
#6147 = ORIENTED_EDGE('',*,*,#6099,.F.);
#6148 = ORIENTED_EDGE('',*,*,#6149,.F.);
#6149 = EDGE_CURVE('',#6133,#6100,#6150,.T.);
#6150 = B_SPLINE_CURVE_WITH_KNOTS('',2,(#6151,#6152,#6153),
  .UNSPECIFIED.,.F.,.F.,(3,3),(0.,1.),.PIECEWISE_BEZIER_KNOTS.);
#6151 = CARTESIAN_POINT('',(-40.72142857142,-14.59857142857,23.42));
#6152 = CARTESIAN_POINT('',(-41.35,-14.59857142857,23.42));
#6153 = CARTESIAN_POINT('',(-41.81428571428,-14.11285714285,23.42));
#6154 = SURFACE_OF_LINEAR_EXTRUSION('',#6155,#6159);
#6155 = B_SPLINE_CURVE_WITH_KNOTS('',2,(#6156,#6157,#6158),
  .UNSPECIFIED.,.F.,.F.,(3,3),(0.,1.),.PIECEWISE_BEZIER_KNOTS.);
#6156 = CARTESIAN_POINT('',(-40.72142857142,-14.59857142857,23.42));
#6157 = CARTESIAN_POINT('',(-41.35,-14.59857142857,23.42));
#6158 = CARTESIAN_POINT('',(-41.81428571428,-14.11285714285,23.42));
#6159 = VECTOR('',#6160,1.);
#6160 = DIRECTION('',(-0.,-0.,-1.));
#6161 = ADVANCED_FACE('',(#6162),#6187,.T.);
#6162 = FACE_BOUND('',#6163,.T.);
#6163 = EDGE_LOOP('',(#6164,#6174,#6180,#6181));
#6164 = ORIENTED_EDGE('',*,*,#6165,.T.);
#6165 = EDGE_CURVE('',#6166,#6168,#6170,.T.);
#6166 = VERTEX_POINT('',#6167);
#6167 = CARTESIAN_POINT('',(-40.17142857142,-14.49142857142,23.42));
#6168 = VERTEX_POINT('',#6169);
#6169 = CARTESIAN_POINT('',(-40.17142857142,-14.49142857142,24.42));
#6170 = LINE('',#6171,#6172);
#6171 = CARTESIAN_POINT('',(-40.17142857142,-14.49142857142,23.42));
#6172 = VECTOR('',#6173,1.);
#6173 = DIRECTION('',(0.,0.,1.));
#6174 = ORIENTED_EDGE('',*,*,#6175,.T.);
#6175 = EDGE_CURVE('',#6168,#6135,#6176,.T.);
#6176 = B_SPLINE_CURVE_WITH_KNOTS('',2,(#6177,#6178,#6179),
  .UNSPECIFIED.,.F.,.F.,(3,3),(0.,1.),.PIECEWISE_BEZIER_KNOTS.);
#6177 = CARTESIAN_POINT('',(-40.17142857142,-14.49142857142,24.42));
#6178 = CARTESIAN_POINT('',(-40.42142857142,-14.59857142857,24.42));
#6179 = CARTESIAN_POINT('',(-40.72142857142,-14.59857142857,24.42));
#6180 = ORIENTED_EDGE('',*,*,#6132,.F.);
#6181 = ORIENTED_EDGE('',*,*,#6182,.F.);
#6182 = EDGE_CURVE('',#6166,#6133,#6183,.T.);
#6183 = B_SPLINE_CURVE_WITH_KNOTS('',2,(#6184,#6185,#6186),
  .UNSPECIFIED.,.F.,.F.,(3,3),(0.,1.),.PIECEWISE_BEZIER_KNOTS.);
#6184 = CARTESIAN_POINT('',(-40.17142857142,-14.49142857142,23.42));
#6185 = CARTESIAN_POINT('',(-40.42142857142,-14.59857142857,23.42));
#6186 = CARTESIAN_POINT('',(-40.72142857142,-14.59857142857,23.42));
#6187 = SURFACE_OF_LINEAR_EXTRUSION('',#6188,#6192);
#6188 = B_SPLINE_CURVE_WITH_KNOTS('',2,(#6189,#6190,#6191),
  .UNSPECIFIED.,.F.,.F.,(3,3),(0.,1.),.PIECEWISE_BEZIER_KNOTS.);
#6189 = CARTESIAN_POINT('',(-40.17142857142,-14.49142857142,23.42));
#6190 = CARTESIAN_POINT('',(-40.42142857142,-14.59857142857,23.42));
#6191 = CARTESIAN_POINT('',(-40.72142857142,-14.59857142857,23.42));
#6192 = VECTOR('',#6193,1.);
#6193 = DIRECTION('',(-0.,-0.,-1.));
#6194 = ADVANCED_FACE('',(#6195),#6220,.T.);
#6195 = FACE_BOUND('',#6196,.T.);
#6196 = EDGE_LOOP('',(#6197,#6207,#6213,#6214));
#6197 = ORIENTED_EDGE('',*,*,#6198,.T.);
#6198 = EDGE_CURVE('',#6199,#6201,#6203,.T.);
#6199 = VERTEX_POINT('',#6200);
#6200 = CARTESIAN_POINT('',(-39.44285714285,-13.68428571428,23.42));
#6201 = VERTEX_POINT('',#6202);
#6202 = CARTESIAN_POINT('',(-39.44285714285,-13.68428571428,24.42));
#6203 = LINE('',#6204,#6205);
#6204 = CARTESIAN_POINT('',(-39.44285714285,-13.68428571428,23.42));
#6205 = VECTOR('',#6206,1.);
#6206 = DIRECTION('',(0.,0.,1.));
#6207 = ORIENTED_EDGE('',*,*,#6208,.T.);
#6208 = EDGE_CURVE('',#6201,#6168,#6209,.T.);
#6209 = B_SPLINE_CURVE_WITH_KNOTS('',2,(#6210,#6211,#6212),
  .UNSPECIFIED.,.F.,.F.,(3,3),(0.,1.),.PIECEWISE_BEZIER_KNOTS.);
#6210 = CARTESIAN_POINT('',(-39.44285714285,-13.68428571428,24.42));
#6211 = CARTESIAN_POINT('',(-39.75,-14.30571428571,24.42));
#6212 = CARTESIAN_POINT('',(-40.17142857142,-14.49142857142,24.42));
#6213 = ORIENTED_EDGE('',*,*,#6165,.F.);
#6214 = ORIENTED_EDGE('',*,*,#6215,.F.);
#6215 = EDGE_CURVE('',#6199,#6166,#6216,.T.);
#6216 = B_SPLINE_CURVE_WITH_KNOTS('',2,(#6217,#6218,#6219),
  .UNSPECIFIED.,.F.,.F.,(3,3),(0.,1.),.PIECEWISE_BEZIER_KNOTS.);
#6217 = CARTESIAN_POINT('',(-39.44285714285,-13.68428571428,23.42));
#6218 = CARTESIAN_POINT('',(-39.75,-14.30571428571,23.42));
#6219 = CARTESIAN_POINT('',(-40.17142857142,-14.49142857142,23.42));
#6220 = SURFACE_OF_LINEAR_EXTRUSION('',#6221,#6225);
#6221 = B_SPLINE_CURVE_WITH_KNOTS('',2,(#6222,#6223,#6224),
  .UNSPECIFIED.,.F.,.F.,(3,3),(0.,1.),.PIECEWISE_BEZIER_KNOTS.);
#6222 = CARTESIAN_POINT('',(-39.44285714285,-13.68428571428,23.42));
#6223 = CARTESIAN_POINT('',(-39.75,-14.30571428571,23.42));
#6224 = CARTESIAN_POINT('',(-40.17142857142,-14.49142857142,23.42));
#6225 = VECTOR('',#6226,1.);
#6226 = DIRECTION('',(-0.,-0.,-1.));
#6227 = ADVANCED_FACE('',(#6228),#6253,.T.);
#6228 = FACE_BOUND('',#6229,.T.);
#6229 = EDGE_LOOP('',(#6230,#6240,#6246,#6247));
#6230 = ORIENTED_EDGE('',*,*,#6231,.T.);
#6231 = EDGE_CURVE('',#6232,#6234,#6236,.T.);
#6232 = VERTEX_POINT('',#6233);
#6233 = CARTESIAN_POINT('',(-39.27142857142,-13.20571428571,23.42));
#6234 = VERTEX_POINT('',#6235);
#6235 = CARTESIAN_POINT('',(-39.27142857142,-13.20571428571,24.42));
#6236 = LINE('',#6237,#6238);
#6237 = CARTESIAN_POINT('',(-39.27142857142,-13.20571428571,23.42));
#6238 = VECTOR('',#6239,1.);
#6239 = DIRECTION('',(0.,0.,1.));
#6240 = ORIENTED_EDGE('',*,*,#6241,.T.);
#6241 = EDGE_CURVE('',#6234,#6201,#6242,.T.);
#6242 = B_SPLINE_CURVE_WITH_KNOTS('',2,(#6243,#6244,#6245),
  .UNSPECIFIED.,.F.,.F.,(3,3),(0.,1.),.PIECEWISE_BEZIER_KNOTS.);
#6243 = CARTESIAN_POINT('',(-39.27142857142,-13.20571428571,24.42));
#6244 = CARTESIAN_POINT('',(-39.37857142857,-13.54857142857,24.42));
#6245 = CARTESIAN_POINT('',(-39.44285714285,-13.68428571428,24.42));
#6246 = ORIENTED_EDGE('',*,*,#6198,.F.);
#6247 = ORIENTED_EDGE('',*,*,#6248,.F.);
#6248 = EDGE_CURVE('',#6232,#6199,#6249,.T.);
#6249 = B_SPLINE_CURVE_WITH_KNOTS('',2,(#6250,#6251,#6252),
  .UNSPECIFIED.,.F.,.F.,(3,3),(0.,1.),.PIECEWISE_BEZIER_KNOTS.);
#6250 = CARTESIAN_POINT('',(-39.27142857142,-13.20571428571,23.42));
#6251 = CARTESIAN_POINT('',(-39.37857142857,-13.54857142857,23.42));
#6252 = CARTESIAN_POINT('',(-39.44285714285,-13.68428571428,23.42));
#6253 = SURFACE_OF_LINEAR_EXTRUSION('',#6254,#6258);
#6254 = B_SPLINE_CURVE_WITH_KNOTS('',2,(#6255,#6256,#6257),
  .UNSPECIFIED.,.F.,.F.,(3,3),(0.,1.),.PIECEWISE_BEZIER_KNOTS.);
#6255 = CARTESIAN_POINT('',(-39.27142857142,-13.20571428571,23.42));
#6256 = CARTESIAN_POINT('',(-39.37857142857,-13.54857142857,23.42));
#6257 = CARTESIAN_POINT('',(-39.44285714285,-13.68428571428,23.42));
#6258 = VECTOR('',#6259,1.);
#6259 = DIRECTION('',(-0.,-0.,-1.));
#6260 = ADVANCED_FACE('',(#6261),#6286,.T.);
#6261 = FACE_BOUND('',#6262,.T.);
#6262 = EDGE_LOOP('',(#6263,#6273,#6279,#6280));
#6263 = ORIENTED_EDGE('',*,*,#6264,.T.);
#6264 = EDGE_CURVE('',#6265,#6267,#6269,.T.);
#6265 = VERTEX_POINT('',#6266);
#6266 = CARTESIAN_POINT('',(-39.13571428571,-12.80571428571,23.42));
#6267 = VERTEX_POINT('',#6268);
#6268 = CARTESIAN_POINT('',(-39.13571428571,-12.80571428571,24.42));
#6269 = LINE('',#6270,#6271);
#6270 = CARTESIAN_POINT('',(-39.13571428571,-12.80571428571,23.42));
#6271 = VECTOR('',#6272,1.);
#6272 = DIRECTION('',(0.,0.,1.));
#6273 = ORIENTED_EDGE('',*,*,#6274,.T.);
#6274 = EDGE_CURVE('',#6267,#6234,#6275,.T.);
#6275 = B_SPLINE_CURVE_WITH_KNOTS('',2,(#6276,#6277,#6278),
  .UNSPECIFIED.,.F.,.F.,(3,3),(0.,1.),.PIECEWISE_BEZIER_KNOTS.);
#6276 = CARTESIAN_POINT('',(-39.13571428571,-12.80571428571,24.42));
#6277 = CARTESIAN_POINT('',(-39.18571428571,-12.93428571428,24.42));
#6278 = CARTESIAN_POINT('',(-39.27142857142,-13.20571428571,24.42));
#6279 = ORIENTED_EDGE('',*,*,#6231,.F.);
#6280 = ORIENTED_EDGE('',*,*,#6281,.F.);
#6281 = EDGE_CURVE('',#6265,#6232,#6282,.T.);
#6282 = B_SPLINE_CURVE_WITH_KNOTS('',2,(#6283,#6284,#6285),
  .UNSPECIFIED.,.F.,.F.,(3,3),(0.,1.),.PIECEWISE_BEZIER_KNOTS.);
#6283 = CARTESIAN_POINT('',(-39.13571428571,-12.80571428571,23.42));
#6284 = CARTESIAN_POINT('',(-39.18571428571,-12.93428571428,23.42));
#6285 = CARTESIAN_POINT('',(-39.27142857142,-13.20571428571,23.42));
#6286 = SURFACE_OF_LINEAR_EXTRUSION('',#6287,#6291);
#6287 = B_SPLINE_CURVE_WITH_KNOTS('',2,(#6288,#6289,#6290),
  .UNSPECIFIED.,.F.,.F.,(3,3),(0.,1.),.PIECEWISE_BEZIER_KNOTS.);
#6288 = CARTESIAN_POINT('',(-39.13571428571,-12.80571428571,23.42));
#6289 = CARTESIAN_POINT('',(-39.18571428571,-12.93428571428,23.42));
#6290 = CARTESIAN_POINT('',(-39.27142857142,-13.20571428571,23.42));
#6291 = VECTOR('',#6292,1.);
#6292 = DIRECTION('',(-0.,-0.,-1.));
#6293 = ADVANCED_FACE('',(#6294),#6319,.T.);
#6294 = FACE_BOUND('',#6295,.T.);
#6295 = EDGE_LOOP('',(#6296,#6306,#6312,#6313));
#6296 = ORIENTED_EDGE('',*,*,#6297,.T.);
#6297 = EDGE_CURVE('',#6298,#6300,#6302,.T.);
#6298 = VERTEX_POINT('',#6299);
#6299 = CARTESIAN_POINT('',(-38.54285714285,-12.27,23.42));
#6300 = VERTEX_POINT('',#6301);
#6301 = CARTESIAN_POINT('',(-38.54285714285,-12.27,24.42));
#6302 = LINE('',#6303,#6304);
#6303 = CARTESIAN_POINT('',(-38.54285714285,-12.27,23.42));
#6304 = VECTOR('',#6305,1.);
#6305 = DIRECTION('',(0.,0.,1.));
#6306 = ORIENTED_EDGE('',*,*,#6307,.T.);
#6307 = EDGE_CURVE('',#6300,#6267,#6308,.T.);
#6308 = B_SPLINE_CURVE_WITH_KNOTS('',2,(#6309,#6310,#6311),
  .UNSPECIFIED.,.F.,.F.,(3,3),(0.,1.),.PIECEWISE_BEZIER_KNOTS.);
#6309 = CARTESIAN_POINT('',(-38.54285714285,-12.27,24.42));
#6310 = CARTESIAN_POINT('',(-38.91428571428,-12.27,24.42));
#6311 = CARTESIAN_POINT('',(-39.13571428571,-12.80571428571,24.42));
#6312 = ORIENTED_EDGE('',*,*,#6264,.F.);
#6313 = ORIENTED_EDGE('',*,*,#6314,.F.);
#6314 = EDGE_CURVE('',#6298,#6265,#6315,.T.);
#6315 = B_SPLINE_CURVE_WITH_KNOTS('',2,(#6316,#6317,#6318),
  .UNSPECIFIED.,.F.,.F.,(3,3),(0.,1.),.PIECEWISE_BEZIER_KNOTS.);
#6316 = CARTESIAN_POINT('',(-38.54285714285,-12.27,23.42));
#6317 = CARTESIAN_POINT('',(-38.91428571428,-12.27,23.42));
#6318 = CARTESIAN_POINT('',(-39.13571428571,-12.80571428571,23.42));
#6319 = SURFACE_OF_LINEAR_EXTRUSION('',#6320,#6324);
#6320 = B_SPLINE_CURVE_WITH_KNOTS('',2,(#6321,#6322,#6323),
  .UNSPECIFIED.,.F.,.F.,(3,3),(0.,1.),.PIECEWISE_BEZIER_KNOTS.);
#6321 = CARTESIAN_POINT('',(-38.54285714285,-12.27,23.42));
#6322 = CARTESIAN_POINT('',(-38.91428571428,-12.27,23.42));
#6323 = CARTESIAN_POINT('',(-39.13571428571,-12.80571428571,23.42));
#6324 = VECTOR('',#6325,1.);
#6325 = DIRECTION('',(-0.,-0.,-1.));
#6326 = ADVANCED_FACE('',(#6327),#6352,.T.);
#6327 = FACE_BOUND('',#6328,.T.);
#6328 = EDGE_LOOP('',(#6329,#6339,#6345,#6346));
#6329 = ORIENTED_EDGE('',*,*,#6330,.T.);
#6330 = EDGE_CURVE('',#6331,#6333,#6335,.T.);
#6331 = VERTEX_POINT('',#6332);
#6332 = CARTESIAN_POINT('',(-38.20714285714,-12.37714285714,23.42));
#6333 = VERTEX_POINT('',#6334);
#6334 = CARTESIAN_POINT('',(-38.20714285714,-12.37714285714,24.42));
#6335 = LINE('',#6336,#6337);
#6336 = CARTESIAN_POINT('',(-38.20714285714,-12.37714285714,23.42));
#6337 = VECTOR('',#6338,1.);
#6338 = DIRECTION('',(0.,0.,1.));
#6339 = ORIENTED_EDGE('',*,*,#6340,.T.);
#6340 = EDGE_CURVE('',#6333,#6300,#6341,.T.);
#6341 = B_SPLINE_CURVE_WITH_KNOTS('',2,(#6342,#6343,#6344),
  .UNSPECIFIED.,.F.,.F.,(3,3),(0.,1.),.PIECEWISE_BEZIER_KNOTS.);
#6342 = CARTESIAN_POINT('',(-38.20714285714,-12.37714285714,24.42));
#6343 = CARTESIAN_POINT('',(-38.36428571428,-12.27,24.42));
#6344 = CARTESIAN_POINT('',(-38.54285714285,-12.27,24.42));
#6345 = ORIENTED_EDGE('',*,*,#6297,.F.);
#6346 = ORIENTED_EDGE('',*,*,#6347,.F.);
#6347 = EDGE_CURVE('',#6331,#6298,#6348,.T.);
#6348 = B_SPLINE_CURVE_WITH_KNOTS('',2,(#6349,#6350,#6351),
  .UNSPECIFIED.,.F.,.F.,(3,3),(0.,1.),.PIECEWISE_BEZIER_KNOTS.);
#6349 = CARTESIAN_POINT('',(-38.20714285714,-12.37714285714,23.42));
#6350 = CARTESIAN_POINT('',(-38.36428571428,-12.27,23.42));
#6351 = CARTESIAN_POINT('',(-38.54285714285,-12.27,23.42));
#6352 = SURFACE_OF_LINEAR_EXTRUSION('',#6353,#6357);
#6353 = B_SPLINE_CURVE_WITH_KNOTS('',2,(#6354,#6355,#6356),
  .UNSPECIFIED.,.F.,.F.,(3,3),(0.,1.),.PIECEWISE_BEZIER_KNOTS.);
#6354 = CARTESIAN_POINT('',(-38.20714285714,-12.37714285714,23.42));
#6355 = CARTESIAN_POINT('',(-38.36428571428,-12.27,23.42));
#6356 = CARTESIAN_POINT('',(-38.54285714285,-12.27,23.42));
#6357 = VECTOR('',#6358,1.);
#6358 = DIRECTION('',(-0.,-0.,-1.));
#6359 = ADVANCED_FACE('',(#6360),#6385,.T.);
#6360 = FACE_BOUND('',#6361,.T.);
#6361 = EDGE_LOOP('',(#6362,#6372,#6378,#6379));
#6362 = ORIENTED_EDGE('',*,*,#6363,.T.);
#6363 = EDGE_CURVE('',#6364,#6366,#6368,.T.);
#6364 = VERTEX_POINT('',#6365);
#6365 = CARTESIAN_POINT('',(-37.95,-12.76285714285,23.42));
#6366 = VERTEX_POINT('',#6367);
#6367 = CARTESIAN_POINT('',(-37.95,-12.76285714285,24.42));
#6368 = LINE('',#6369,#6370);
#6369 = CARTESIAN_POINT('',(-37.95,-12.76285714285,23.42));
#6370 = VECTOR('',#6371,1.);
#6371 = DIRECTION('',(0.,0.,1.));
#6372 = ORIENTED_EDGE('',*,*,#6373,.T.);
#6373 = EDGE_CURVE('',#6366,#6333,#6374,.T.);
#6374 = B_SPLINE_CURVE_WITH_KNOTS('',2,(#6375,#6376,#6377),
  .UNSPECIFIED.,.F.,.F.,(3,3),(0.,1.),.PIECEWISE_BEZIER_KNOTS.);
#6375 = CARTESIAN_POINT('',(-37.95,-12.76285714285,24.42));
#6376 = CARTESIAN_POINT('',(-37.98571428571,-12.54142857142,24.42));
#6377 = CARTESIAN_POINT('',(-38.20714285714,-12.37714285714,24.42));
#6378 = ORIENTED_EDGE('',*,*,#6330,.F.);
#6379 = ORIENTED_EDGE('',*,*,#6380,.F.);
#6380 = EDGE_CURVE('',#6364,#6331,#6381,.T.);
#6381 = B_SPLINE_CURVE_WITH_KNOTS('',2,(#6382,#6383,#6384),
  .UNSPECIFIED.,.F.,.F.,(3,3),(0.,1.),.PIECEWISE_BEZIER_KNOTS.);
#6382 = CARTESIAN_POINT('',(-37.95,-12.76285714285,23.42));
#6383 = CARTESIAN_POINT('',(-37.98571428571,-12.54142857142,23.42));
#6384 = CARTESIAN_POINT('',(-38.20714285714,-12.37714285714,23.42));
#6385 = SURFACE_OF_LINEAR_EXTRUSION('',#6386,#6390);
#6386 = B_SPLINE_CURVE_WITH_KNOTS('',2,(#6387,#6388,#6389),
  .UNSPECIFIED.,.F.,.F.,(3,3),(0.,1.),.PIECEWISE_BEZIER_KNOTS.);
#6387 = CARTESIAN_POINT('',(-37.95,-12.76285714285,23.42));
#6388 = CARTESIAN_POINT('',(-37.98571428571,-12.54142857142,23.42));
#6389 = CARTESIAN_POINT('',(-38.20714285714,-12.37714285714,23.42));
#6390 = VECTOR('',#6391,1.);
#6391 = DIRECTION('',(-0.,-0.,-1.));
#6392 = ADVANCED_FACE('',(#6393),#6418,.T.);
#6393 = FACE_BOUND('',#6394,.T.);
#6394 = EDGE_LOOP('',(#6395,#6405,#6411,#6412));
#6395 = ORIENTED_EDGE('',*,*,#6396,.T.);
#6396 = EDGE_CURVE('',#6397,#6399,#6401,.T.);
#6397 = VERTEX_POINT('',#6398);
#6398 = CARTESIAN_POINT('',(-37.2,-12.76285714285,23.42));
#6399 = VERTEX_POINT('',#6400);
#6400 = CARTESIAN_POINT('',(-37.2,-12.76285714285,24.42));
#6401 = LINE('',#6402,#6403);
#6402 = CARTESIAN_POINT('',(-37.2,-12.76285714285,23.42));
#6403 = VECTOR('',#6404,1.);
#6404 = DIRECTION('',(0.,0.,1.));
#6405 = ORIENTED_EDGE('',*,*,#6406,.T.);
#6406 = EDGE_CURVE('',#6399,#6366,#6407,.T.);
#6407 = LINE('',#6408,#6409);
#6408 = CARTESIAN_POINT('',(-37.2,-12.76285714285,24.42));
#6409 = VECTOR('',#6410,1.);
#6410 = DIRECTION('',(-1.,0.,0.));
#6411 = ORIENTED_EDGE('',*,*,#6363,.F.);
#6412 = ORIENTED_EDGE('',*,*,#6413,.F.);
#6413 = EDGE_CURVE('',#6397,#6364,#6414,.T.);
#6414 = LINE('',#6415,#6416);
#6415 = CARTESIAN_POINT('',(-37.2,-12.76285714285,23.42));
#6416 = VECTOR('',#6417,1.);
#6417 = DIRECTION('',(-1.,0.,0.));
#6418 = PLANE('',#6419);
#6419 = AXIS2_PLACEMENT_3D('',#6420,#6421,#6422);
#6420 = CARTESIAN_POINT('',(-37.2,-12.76285714285,23.42));
#6421 = DIRECTION('',(-2.2E-16,-1.,0.));
#6422 = DIRECTION('',(-1.,2.2E-16,0.));
#6423 = ADVANCED_FACE('',(#6424),#6440,.T.);
#6424 = FACE_BOUND('',#6425,.T.);
#6425 = EDGE_LOOP('',(#6426,#6427,#6433,#6434));
#6426 = ORIENTED_EDGE('',*,*,#5813,.T.);
#6427 = ORIENTED_EDGE('',*,*,#6428,.T.);
#6428 = EDGE_CURVE('',#5806,#6399,#6429,.T.);
#6429 = B_SPLINE_CURVE_WITH_KNOTS('',2,(#6430,#6431,#6432),
  .UNSPECIFIED.,.F.,.F.,(3,3),(0.,1.),.PIECEWISE_BEZIER_KNOTS.);
#6430 = CARTESIAN_POINT('',(-37.38571428571,-12.17714285714,24.42));
#6431 = CARTESIAN_POINT('',(-37.20714285714,-12.49142857142,24.42));
#6432 = CARTESIAN_POINT('',(-37.2,-12.76285714285,24.42));
#6433 = ORIENTED_EDGE('',*,*,#6396,.F.);
#6434 = ORIENTED_EDGE('',*,*,#6435,.F.);
#6435 = EDGE_CURVE('',#5814,#6397,#6436,.T.);
#6436 = B_SPLINE_CURVE_WITH_KNOTS('',2,(#6437,#6438,#6439),
  .UNSPECIFIED.,.F.,.F.,(3,3),(0.,1.),.PIECEWISE_BEZIER_KNOTS.);
#6437 = CARTESIAN_POINT('',(-37.38571428571,-12.17714285714,23.42));
#6438 = CARTESIAN_POINT('',(-37.20714285714,-12.49142857142,23.42));
#6439 = CARTESIAN_POINT('',(-37.2,-12.76285714285,23.42));
#6440 = SURFACE_OF_LINEAR_EXTRUSION('',#6441,#6445);
#6441 = B_SPLINE_CURVE_WITH_KNOTS('',2,(#6442,#6443,#6444),
  .UNSPECIFIED.,.F.,.F.,(3,3),(0.,1.),.PIECEWISE_BEZIER_KNOTS.);
#6442 = CARTESIAN_POINT('',(-37.38571428571,-12.17714285714,23.42));
#6443 = CARTESIAN_POINT('',(-37.20714285714,-12.49142857142,23.42));
#6444 = CARTESIAN_POINT('',(-37.2,-12.76285714285,23.42));
#6445 = VECTOR('',#6446,1.);
#6446 = DIRECTION('',(-0.,-0.,-1.));
#6447 = ADVANCED_FACE('',(#6448),#6470,.F.);
#6448 = FACE_BOUND('',#6449,.F.);
#6449 = EDGE_LOOP('',(#6450,#6451,#6452,#6453,#6454,#6455,#6456,#6457,
    #6458,#6459,#6460,#6461,#6462,#6463,#6464,#6465,#6466,#6467,#6468,
    #6469));
#6450 = ORIENTED_EDGE('',*,*,#5821,.F.);
#6451 = ORIENTED_EDGE('',*,*,#5854,.F.);
#6452 = ORIENTED_EDGE('',*,*,#5887,.F.);
#6453 = ORIENTED_EDGE('',*,*,#5920,.F.);
#6454 = ORIENTED_EDGE('',*,*,#5953,.F.);
#6455 = ORIENTED_EDGE('',*,*,#5986,.F.);
#6456 = ORIENTED_EDGE('',*,*,#6019,.F.);
#6457 = ORIENTED_EDGE('',*,*,#6052,.F.);
#6458 = ORIENTED_EDGE('',*,*,#6085,.F.);
#6459 = ORIENTED_EDGE('',*,*,#6116,.F.);
#6460 = ORIENTED_EDGE('',*,*,#6149,.F.);
#6461 = ORIENTED_EDGE('',*,*,#6182,.F.);
#6462 = ORIENTED_EDGE('',*,*,#6215,.F.);
#6463 = ORIENTED_EDGE('',*,*,#6248,.F.);
#6464 = ORIENTED_EDGE('',*,*,#6281,.F.);
#6465 = ORIENTED_EDGE('',*,*,#6314,.F.);
#6466 = ORIENTED_EDGE('',*,*,#6347,.F.);
#6467 = ORIENTED_EDGE('',*,*,#6380,.F.);
#6468 = ORIENTED_EDGE('',*,*,#6413,.F.);
#6469 = ORIENTED_EDGE('',*,*,#6435,.F.);
#6470 = PLANE('',#6471);
#6471 = AXIS2_PLACEMENT_3D('',#6472,#6473,#6474);
#6472 = CARTESIAN_POINT('',(-39.73233177416,-12.99912736521,23.42));
#6473 = DIRECTION('',(0.,0.,1.));
#6474 = DIRECTION('',(0.,-1.,0.));
#6475 = ADVANCED_FACE('',(#6476),#6498,.T.);
#6476 = FACE_BOUND('',#6477,.T.);
#6477 = EDGE_LOOP('',(#6478,#6479,#6480,#6481,#6482,#6483,#6484,#6485,
    #6486,#6487,#6488,#6489,#6490,#6491,#6492,#6493,#6494,#6495,#6496,
    #6497));
#6478 = ORIENTED_EDGE('',*,*,#5805,.F.);
#6479 = ORIENTED_EDGE('',*,*,#5847,.F.);
#6480 = ORIENTED_EDGE('',*,*,#5880,.F.);
#6481 = ORIENTED_EDGE('',*,*,#5913,.F.);
#6482 = ORIENTED_EDGE('',*,*,#5946,.F.);
#6483 = ORIENTED_EDGE('',*,*,#5979,.F.);
#6484 = ORIENTED_EDGE('',*,*,#6012,.F.);
#6485 = ORIENTED_EDGE('',*,*,#6045,.F.);
#6486 = ORIENTED_EDGE('',*,*,#6078,.F.);
#6487 = ORIENTED_EDGE('',*,*,#6109,.F.);
#6488 = ORIENTED_EDGE('',*,*,#6142,.F.);
#6489 = ORIENTED_EDGE('',*,*,#6175,.F.);
#6490 = ORIENTED_EDGE('',*,*,#6208,.F.);
#6491 = ORIENTED_EDGE('',*,*,#6241,.F.);
#6492 = ORIENTED_EDGE('',*,*,#6274,.F.);
#6493 = ORIENTED_EDGE('',*,*,#6307,.F.);
#6494 = ORIENTED_EDGE('',*,*,#6340,.F.);
#6495 = ORIENTED_EDGE('',*,*,#6373,.F.);
#6496 = ORIENTED_EDGE('',*,*,#6406,.F.);
#6497 = ORIENTED_EDGE('',*,*,#6428,.F.);
#6498 = PLANE('',#6499);
#6499 = AXIS2_PLACEMENT_3D('',#6500,#6501,#6502);
#6500 = CARTESIAN_POINT('',(-39.73233177416,-12.99912736521,24.42));
#6501 = DIRECTION('',(0.,0.,1.));
#6502 = DIRECTION('',(0.,-1.,0.));
#6503 = MANIFOLD_SOLID_BREP('',#6504);
#6504 = CLOSED_SHELL('',(#6505,#6545,#6578,#6611,#6642,#6675,#6699,#6713
    ));
#6505 = ADVANCED_FACE('',(#6506),#6540,.T.);
#6506 = FACE_BOUND('',#6507,.T.);
#6507 = EDGE_LOOP('',(#6508,#6518,#6526,#6534));
#6508 = ORIENTED_EDGE('',*,*,#6509,.T.);
#6509 = EDGE_CURVE('',#6510,#6512,#6514,.T.);
#6510 = VERTEX_POINT('',#6511);
#6511 = CARTESIAN_POINT('',(-41.07142857142,-11.44857142857,23.42));
#6512 = VERTEX_POINT('',#6513);
#6513 = CARTESIAN_POINT('',(-41.07142857142,-11.44857142857,24.42));
#6514 = LINE('',#6515,#6516);
#6515 = CARTESIAN_POINT('',(-41.07142857142,-11.44857142857,23.42));
#6516 = VECTOR('',#6517,1.);
#6517 = DIRECTION('',(0.,0.,1.));
#6518 = ORIENTED_EDGE('',*,*,#6519,.T.);
#6519 = EDGE_CURVE('',#6512,#6520,#6522,.T.);
#6520 = VERTEX_POINT('',#6521);
#6521 = CARTESIAN_POINT('',(-40.81428571428,-12.17,24.42));
#6522 = LINE('',#6523,#6524);
#6523 = CARTESIAN_POINT('',(-41.07142857142,-11.44857142857,24.42));
#6524 = VECTOR('',#6525,1.);
#6525 = DIRECTION('',(0.335745526718,-0.941952727736,0.));
#6526 = ORIENTED_EDGE('',*,*,#6527,.F.);
#6527 = EDGE_CURVE('',#6528,#6520,#6530,.T.);
#6528 = VERTEX_POINT('',#6529);
#6529 = CARTESIAN_POINT('',(-40.81428571428,-12.17,23.42));
#6530 = LINE('',#6531,#6532);
#6531 = CARTESIAN_POINT('',(-40.81428571428,-12.17,23.42));
#6532 = VECTOR('',#6533,1.);
#6533 = DIRECTION('',(0.,0.,1.));
#6534 = ORIENTED_EDGE('',*,*,#6535,.F.);
#6535 = EDGE_CURVE('',#6510,#6528,#6536,.T.);
#6536 = LINE('',#6537,#6538);
#6537 = CARTESIAN_POINT('',(-41.07142857142,-11.44857142857,23.42));
#6538 = VECTOR('',#6539,1.);
#6539 = DIRECTION('',(0.335745526718,-0.941952727736,0.));
#6540 = PLANE('',#6541);
#6541 = AXIS2_PLACEMENT_3D('',#6542,#6543,#6544);
#6542 = CARTESIAN_POINT('',(-41.07142857142,-11.44857142857,23.42));
#6543 = DIRECTION('',(0.941952727736,0.335745526718,0.));
#6544 = DIRECTION('',(0.335745526718,-0.941952727736,0.));
#6545 = ADVANCED_FACE('',(#6546),#6571,.T.);
#6546 = FACE_BOUND('',#6547,.T.);
#6547 = EDGE_LOOP('',(#6548,#6558,#6564,#6565));
#6548 = ORIENTED_EDGE('',*,*,#6549,.T.);
#6549 = EDGE_CURVE('',#6550,#6552,#6554,.T.);
#6550 = VERTEX_POINT('',#6551);
#6551 = CARTESIAN_POINT('',(-41.69285714285,-11.72,23.42));
#6552 = VERTEX_POINT('',#6553);
#6553 = CARTESIAN_POINT('',(-41.69285714285,-11.72,24.42));
#6554 = LINE('',#6555,#6556);
#6555 = CARTESIAN_POINT('',(-41.69285714285,-11.72,23.42));
#6556 = VECTOR('',#6557,1.);
#6557 = DIRECTION('',(0.,0.,1.));
#6558 = ORIENTED_EDGE('',*,*,#6559,.T.);
#6559 = EDGE_CURVE('',#6552,#6512,#6560,.T.);
#6560 = B_SPLINE_CURVE_WITH_KNOTS('',2,(#6561,#6562,#6563),
  .UNSPECIFIED.,.F.,.F.,(3,3),(0.,1.),.PIECEWISE_BEZIER_KNOTS.);
#6561 = CARTESIAN_POINT('',(-41.69285714285,-11.72,24.42));
#6562 = CARTESIAN_POINT('',(-41.35714285714,-11.45571428571,24.42));
#6563 = CARTESIAN_POINT('',(-41.07142857142,-11.44857142857,24.42));
#6564 = ORIENTED_EDGE('',*,*,#6509,.F.);
#6565 = ORIENTED_EDGE('',*,*,#6566,.F.);
#6566 = EDGE_CURVE('',#6550,#6510,#6567,.T.);
#6567 = B_SPLINE_CURVE_WITH_KNOTS('',2,(#6568,#6569,#6570),
  .UNSPECIFIED.,.F.,.F.,(3,3),(0.,1.),.PIECEWISE_BEZIER_KNOTS.);
#6568 = CARTESIAN_POINT('',(-41.69285714285,-11.72,23.42));
#6569 = CARTESIAN_POINT('',(-41.35714285714,-11.45571428571,23.42));
#6570 = CARTESIAN_POINT('',(-41.07142857142,-11.44857142857,23.42));
#6571 = SURFACE_OF_LINEAR_EXTRUSION('',#6572,#6576);
#6572 = B_SPLINE_CURVE_WITH_KNOTS('',2,(#6573,#6574,#6575),
  .UNSPECIFIED.,.F.,.F.,(3,3),(0.,1.),.PIECEWISE_BEZIER_KNOTS.);
#6573 = CARTESIAN_POINT('',(-41.69285714285,-11.72,23.42));
#6574 = CARTESIAN_POINT('',(-41.35714285714,-11.45571428571,23.42));
#6575 = CARTESIAN_POINT('',(-41.07142857142,-11.44857142857,23.42));
#6576 = VECTOR('',#6577,1.);
#6577 = DIRECTION('',(-0.,-0.,-1.));
#6578 = ADVANCED_FACE('',(#6579),#6604,.T.);
#6579 = FACE_BOUND('',#6580,.T.);
#6580 = EDGE_LOOP('',(#6581,#6591,#6597,#6598));
#6581 = ORIENTED_EDGE('',*,*,#6582,.T.);
#6582 = EDGE_CURVE('',#6583,#6585,#6587,.T.);
#6583 = VERTEX_POINT('',#6584);
#6584 = CARTESIAN_POINT('',(-42.22142857142,-12.76285714285,23.42));
#6585 = VERTEX_POINT('',#6586);
#6586 = CARTESIAN_POINT('',(-42.22142857142,-12.76285714285,24.42));
#6587 = LINE('',#6588,#6589);
#6588 = CARTESIAN_POINT('',(-42.22142857142,-12.76285714285,23.42));
#6589 = VECTOR('',#6590,1.);
#6590 = DIRECTION('',(0.,0.,1.));
#6591 = ORIENTED_EDGE('',*,*,#6592,.T.);
#6592 = EDGE_CURVE('',#6585,#6552,#6593,.T.);
#6593 = B_SPLINE_CURVE_WITH_KNOTS('',2,(#6594,#6595,#6596),
  .UNSPECIFIED.,.F.,.F.,(3,3),(0.,1.),.PIECEWISE_BEZIER_KNOTS.);
#6594 = CARTESIAN_POINT('',(-42.22142857142,-12.76285714285,24.42));
#6595 = CARTESIAN_POINT('',(-42.22142857142,-12.14857142857,24.42));
#6596 = CARTESIAN_POINT('',(-41.69285714285,-11.72,24.42));
#6597 = ORIENTED_EDGE('',*,*,#6549,.F.);
#6598 = ORIENTED_EDGE('',*,*,#6599,.F.);
#6599 = EDGE_CURVE('',#6583,#6550,#6600,.T.);
#6600 = B_SPLINE_CURVE_WITH_KNOTS('',2,(#6601,#6602,#6603),
  .UNSPECIFIED.,.F.,.F.,(3,3),(0.,1.),.PIECEWISE_BEZIER_KNOTS.);
#6601 = CARTESIAN_POINT('',(-42.22142857142,-12.76285714285,23.42));
#6602 = CARTESIAN_POINT('',(-42.22142857142,-12.14857142857,23.42));
#6603 = CARTESIAN_POINT('',(-41.69285714285,-11.72,23.42));
#6604 = SURFACE_OF_LINEAR_EXTRUSION('',#6605,#6609);
#6605 = B_SPLINE_CURVE_WITH_KNOTS('',2,(#6606,#6607,#6608),
  .UNSPECIFIED.,.F.,.F.,(3,3),(0.,1.),.PIECEWISE_BEZIER_KNOTS.);
#6606 = CARTESIAN_POINT('',(-42.22142857142,-12.76285714285,23.42));
#6607 = CARTESIAN_POINT('',(-42.22142857142,-12.14857142857,23.42));
#6608 = CARTESIAN_POINT('',(-41.69285714285,-11.72,23.42));
#6609 = VECTOR('',#6610,1.);
#6610 = DIRECTION('',(-0.,-0.,-1.));
#6611 = ADVANCED_FACE('',(#6612),#6637,.T.);
#6612 = FACE_BOUND('',#6613,.T.);
#6613 = EDGE_LOOP('',(#6614,#6624,#6630,#6631));
#6614 = ORIENTED_EDGE('',*,*,#6615,.T.);
#6615 = EDGE_CURVE('',#6616,#6618,#6620,.T.);
#6616 = VERTEX_POINT('',#6617);
#6617 = CARTESIAN_POINT('',(-41.48571428571,-12.76285714285,23.42));
#6618 = VERTEX_POINT('',#6619);
#6619 = CARTESIAN_POINT('',(-41.48571428571,-12.76285714285,24.42));
#6620 = LINE('',#6621,#6622);
#6621 = CARTESIAN_POINT('',(-41.48571428571,-12.76285714285,23.42));
#6622 = VECTOR('',#6623,1.);
#6623 = DIRECTION('',(0.,0.,1.));
#6624 = ORIENTED_EDGE('',*,*,#6625,.T.);
#6625 = EDGE_CURVE('',#6618,#6585,#6626,.T.);
#6626 = LINE('',#6627,#6628);
#6627 = CARTESIAN_POINT('',(-41.48571428571,-12.76285714285,24.42));
#6628 = VECTOR('',#6629,1.);
#6629 = DIRECTION('',(-1.,0.,0.));
#6630 = ORIENTED_EDGE('',*,*,#6582,.F.);
#6631 = ORIENTED_EDGE('',*,*,#6632,.F.);
#6632 = EDGE_CURVE('',#6616,#6583,#6633,.T.);
#6633 = LINE('',#6634,#6635);
#6634 = CARTESIAN_POINT('',(-41.48571428571,-12.76285714285,23.42));
#6635 = VECTOR('',#6636,1.);
#6636 = DIRECTION('',(-1.,0.,0.));
#6637 = PLANE('',#6638);
#6638 = AXIS2_PLACEMENT_3D('',#6639,#6640,#6641);
#6639 = CARTESIAN_POINT('',(-41.48571428571,-12.76285714285,23.42));
#6640 = DIRECTION('',(-2.2E-16,-1.,0.));
#6641 = DIRECTION('',(-1.,2.2E-16,0.));
#6642 = ADVANCED_FACE('',(#6643),#6668,.T.);
#6643 = FACE_BOUND('',#6644,.T.);
#6644 = EDGE_LOOP('',(#6645,#6655,#6661,#6662));
#6645 = ORIENTED_EDGE('',*,*,#6646,.T.);
#6646 = EDGE_CURVE('',#6647,#6649,#6651,.T.);
#6647 = VERTEX_POINT('',#6648);
#6648 = CARTESIAN_POINT('',(-41.45714285714,-12.67714285714,23.42));
#6649 = VERTEX_POINT('',#6650);
#6650 = CARTESIAN_POINT('',(-41.45714285714,-12.67714285714,24.42));
#6651 = LINE('',#6652,#6653);
#6652 = CARTESIAN_POINT('',(-41.45714285714,-12.67714285714,23.42));
#6653 = VECTOR('',#6654,1.);
#6654 = DIRECTION('',(0.,0.,1.));
#6655 = ORIENTED_EDGE('',*,*,#6656,.T.);
#6656 = EDGE_CURVE('',#6649,#6618,#6657,.T.);
#6657 = B_SPLINE_CURVE_WITH_KNOTS('',2,(#6658,#6659,#6660),
  .UNSPECIFIED.,.F.,.F.,(3,3),(0.,1.),.PIECEWISE_BEZIER_KNOTS.);
#6658 = CARTESIAN_POINT('',(-41.45714285714,-12.67714285714,24.42));
#6659 = CARTESIAN_POINT('',(-41.48571428571,-12.76285714285,24.42));
#6660 = CARTESIAN_POINT('',(-41.48571428571,-12.76285714285,24.42));
#6661 = ORIENTED_EDGE('',*,*,#6615,.F.);
#6662 = ORIENTED_EDGE('',*,*,#6663,.F.);
#6663 = EDGE_CURVE('',#6647,#6616,#6664,.T.);
#6664 = B_SPLINE_CURVE_WITH_KNOTS('',2,(#6665,#6666,#6667),
  .UNSPECIFIED.,.F.,.F.,(3,3),(0.,1.),.PIECEWISE_BEZIER_KNOTS.);
#6665 = CARTESIAN_POINT('',(-41.45714285714,-12.67714285714,23.42));
#6666 = CARTESIAN_POINT('',(-41.48571428571,-12.76285714285,23.42));
#6667 = CARTESIAN_POINT('',(-41.48571428571,-12.76285714285,23.42));
#6668 = SURFACE_OF_LINEAR_EXTRUSION('',#6669,#6673);
#6669 = B_SPLINE_CURVE_WITH_KNOTS('',2,(#6670,#6671,#6672),
  .UNSPECIFIED.,.F.,.F.,(3,3),(0.,1.),.PIECEWISE_BEZIER_KNOTS.);
#6670 = CARTESIAN_POINT('',(-41.45714285714,-12.67714285714,23.42));
#6671 = CARTESIAN_POINT('',(-41.48571428571,-12.76285714285,23.42));
#6672 = CARTESIAN_POINT('',(-41.48571428571,-12.76285714285,23.42));
#6673 = VECTOR('',#6674,1.);
#6674 = DIRECTION('',(-0.,-0.,-1.));
#6675 = ADVANCED_FACE('',(#6676),#6692,.T.);
#6676 = FACE_BOUND('',#6677,.T.);
#6677 = EDGE_LOOP('',(#6678,#6679,#6685,#6686));
#6678 = ORIENTED_EDGE('',*,*,#6527,.T.);
#6679 = ORIENTED_EDGE('',*,*,#6680,.T.);
#6680 = EDGE_CURVE('',#6520,#6649,#6681,.T.);
#6681 = B_SPLINE_CURVE_WITH_KNOTS('',2,(#6682,#6683,#6684),
  .UNSPECIFIED.,.F.,.F.,(3,3),(0.,1.),.PIECEWISE_BEZIER_KNOTS.);
#6682 = CARTESIAN_POINT('',(-40.81428571428,-12.17,24.42));
#6683 = CARTESIAN_POINT('',(-41.27857142857,-12.21285714285,24.42));
#6684 = CARTESIAN_POINT('',(-41.45714285714,-12.67714285714,24.42));
#6685 = ORIENTED_EDGE('',*,*,#6646,.F.);
#6686 = ORIENTED_EDGE('',*,*,#6687,.F.);
#6687 = EDGE_CURVE('',#6528,#6647,#6688,.T.);
#6688 = B_SPLINE_CURVE_WITH_KNOTS('',2,(#6689,#6690,#6691),
  .UNSPECIFIED.,.F.,.F.,(3,3),(0.,1.),.PIECEWISE_BEZIER_KNOTS.);
#6689 = CARTESIAN_POINT('',(-40.81428571428,-12.17,23.42));
#6690 = CARTESIAN_POINT('',(-41.27857142857,-12.21285714285,23.42));
#6691 = CARTESIAN_POINT('',(-41.45714285714,-12.67714285714,23.42));
#6692 = SURFACE_OF_LINEAR_EXTRUSION('',#6693,#6697);
#6693 = B_SPLINE_CURVE_WITH_KNOTS('',2,(#6694,#6695,#6696),
  .UNSPECIFIED.,.F.,.F.,(3,3),(0.,1.),.PIECEWISE_BEZIER_KNOTS.);
#6694 = CARTESIAN_POINT('',(-40.81428571428,-12.17,23.42));
#6695 = CARTESIAN_POINT('',(-41.27857142857,-12.21285714285,23.42));
#6696 = CARTESIAN_POINT('',(-41.45714285714,-12.67714285714,23.42));
#6697 = VECTOR('',#6698,1.);
#6698 = DIRECTION('',(-0.,-0.,-1.));
#6699 = ADVANCED_FACE('',(#6700),#6708,.F.);
#6700 = FACE_BOUND('',#6701,.F.);
#6701 = EDGE_LOOP('',(#6702,#6703,#6704,#6705,#6706,#6707));
#6702 = ORIENTED_EDGE('',*,*,#6535,.F.);
#6703 = ORIENTED_EDGE('',*,*,#6566,.F.);
#6704 = ORIENTED_EDGE('',*,*,#6599,.F.);
#6705 = ORIENTED_EDGE('',*,*,#6632,.F.);
#6706 = ORIENTED_EDGE('',*,*,#6663,.F.);
#6707 = ORIENTED_EDGE('',*,*,#6687,.F.);
#6708 = PLANE('',#6709);
#6709 = AXIS2_PLACEMENT_3D('',#6710,#6711,#6712);
#6710 = CARTESIAN_POINT('',(-39.73233177416,-12.99912736521,23.42));
#6711 = DIRECTION('',(0.,0.,1.));
#6712 = DIRECTION('',(0.,-1.,0.));
#6713 = ADVANCED_FACE('',(#6714),#6722,.T.);
#6714 = FACE_BOUND('',#6715,.T.);
#6715 = EDGE_LOOP('',(#6716,#6717,#6718,#6719,#6720,#6721));
#6716 = ORIENTED_EDGE('',*,*,#6519,.F.);
#6717 = ORIENTED_EDGE('',*,*,#6559,.F.);
#6718 = ORIENTED_EDGE('',*,*,#6592,.F.);
#6719 = ORIENTED_EDGE('',*,*,#6625,.F.);
#6720 = ORIENTED_EDGE('',*,*,#6656,.F.);
#6721 = ORIENTED_EDGE('',*,*,#6680,.F.);
#6722 = PLANE('',#6723);
#6723 = AXIS2_PLACEMENT_3D('',#6724,#6725,#6726);
#6724 = CARTESIAN_POINT('',(-39.73233177416,-12.99912736521,24.42));
#6725 = DIRECTION('',(0.,0.,1.));
#6726 = DIRECTION('',(0.,-1.,0.));
#6727 = MANIFOLD_SOLID_BREP('',#6728);
#6728 = CLOSED_SHELL('',(#6729,#6769,#6800,#6833,#6866,#6897,#6930,#6954
    ,#6969));
#6729 = ADVANCED_FACE('',(#6730),#6764,.T.);
#6730 = FACE_BOUND('',#6731,.T.);
#6731 = EDGE_LOOP('',(#6732,#6742,#6750,#6758));
#6732 = ORIENTED_EDGE('',*,*,#6733,.T.);
#6733 = EDGE_CURVE('',#6734,#6736,#6738,.T.);
#6734 = VERTEX_POINT('',#6735);
#6735 = CARTESIAN_POINT('',(-37.95,-13.13428571428,23.42));
#6736 = VERTEX_POINT('',#6737);
#6737 = CARTESIAN_POINT('',(-37.95,-13.13428571428,24.42));
#6738 = LINE('',#6739,#6740);
#6739 = CARTESIAN_POINT('',(-37.95,-13.13428571428,23.42));
#6740 = VECTOR('',#6741,1.);
#6741 = DIRECTION('',(0.,0.,1.));
#6742 = ORIENTED_EDGE('',*,*,#6743,.T.);
#6743 = EDGE_CURVE('',#6736,#6744,#6746,.T.);
#6744 = VERTEX_POINT('',#6745);
#6745 = CARTESIAN_POINT('',(-37.2,-13.13428571428,24.42));
#6746 = LINE('',#6747,#6748);
#6747 = CARTESIAN_POINT('',(-37.95,-13.13428571428,24.42));
#6748 = VECTOR('',#6749,1.);
#6749 = DIRECTION('',(1.,0.,0.));
#6750 = ORIENTED_EDGE('',*,*,#6751,.F.);
#6751 = EDGE_CURVE('',#6752,#6744,#6754,.T.);
#6752 = VERTEX_POINT('',#6753);
#6753 = CARTESIAN_POINT('',(-37.2,-13.13428571428,23.42));
#6754 = LINE('',#6755,#6756);
#6755 = CARTESIAN_POINT('',(-37.2,-13.13428571428,23.42));
#6756 = VECTOR('',#6757,1.);
#6757 = DIRECTION('',(0.,0.,1.));
#6758 = ORIENTED_EDGE('',*,*,#6759,.F.);
#6759 = EDGE_CURVE('',#6734,#6752,#6760,.T.);
#6760 = LINE('',#6761,#6762);
#6761 = CARTESIAN_POINT('',(-37.95,-13.13428571428,23.42));
#6762 = VECTOR('',#6763,1.);
#6763 = DIRECTION('',(1.,0.,0.));
#6764 = PLANE('',#6765);
#6765 = AXIS2_PLACEMENT_3D('',#6766,#6767,#6768);
#6766 = CARTESIAN_POINT('',(-37.95,-13.13428571428,23.42));
#6767 = DIRECTION('',(2.2E-16,1.,0.));
#6768 = DIRECTION('',(1.,-2.2E-16,0.));
#6769 = ADVANCED_FACE('',(#6770),#6795,.T.);
#6770 = FACE_BOUND('',#6771,.T.);
#6771 = EDGE_LOOP('',(#6772,#6782,#6788,#6789));
#6772 = ORIENTED_EDGE('',*,*,#6773,.T.);
#6773 = EDGE_CURVE('',#6774,#6776,#6778,.T.);
#6774 = VERTEX_POINT('',#6775);
#6775 = CARTESIAN_POINT('',(-37.97857142857,-13.25571428571,23.42));
#6776 = VERTEX_POINT('',#6777);
#6777 = CARTESIAN_POINT('',(-37.97857142857,-13.25571428571,24.42));
#6778 = LINE('',#6779,#6780);
#6779 = CARTESIAN_POINT('',(-37.97857142857,-13.25571428571,23.42));
#6780 = VECTOR('',#6781,1.);
#6781 = DIRECTION('',(0.,0.,1.));
#6782 = ORIENTED_EDGE('',*,*,#6783,.T.);
#6783 = EDGE_CURVE('',#6776,#6736,#6784,.T.);
#6784 = LINE('',#6785,#6786);
#6785 = CARTESIAN_POINT('',(-37.97857142857,-13.25571428571,24.42));
#6786 = VECTOR('',#6787,1.);
#6787 = DIRECTION('',(0.229039333726,0.973417168334,0.));
#6788 = ORIENTED_EDGE('',*,*,#6733,.F.);
#6789 = ORIENTED_EDGE('',*,*,#6790,.F.);
#6790 = EDGE_CURVE('',#6774,#6734,#6791,.T.);
#6791 = LINE('',#6792,#6793);
#6792 = CARTESIAN_POINT('',(-37.97857142857,-13.25571428571,23.42));
#6793 = VECTOR('',#6794,1.);
#6794 = DIRECTION('',(0.229039333726,0.973417168334,0.));
#6795 = PLANE('',#6796);
#6796 = AXIS2_PLACEMENT_3D('',#6797,#6798,#6799);
#6797 = CARTESIAN_POINT('',(-37.97857142857,-13.25571428571,23.42));
#6798 = DIRECTION('',(-0.973417168334,0.229039333726,0.));
#6799 = DIRECTION('',(0.229039333726,0.973417168334,0.));
#6800 = ADVANCED_FACE('',(#6801),#6826,.T.);
#6801 = FACE_BOUND('',#6802,.T.);
#6802 = EDGE_LOOP('',(#6803,#6813,#6819,#6820));
#6803 = ORIENTED_EDGE('',*,*,#6804,.T.);
#6804 = EDGE_CURVE('',#6805,#6807,#6809,.T.);
#6805 = VERTEX_POINT('',#6806);
#6806 = CARTESIAN_POINT('',(-38.14285714285,-13.50214285714,23.42));
#6807 = VERTEX_POINT('',#6808);
#6808 = CARTESIAN_POINT('',(-38.14285714285,-13.50214285714,24.42));
#6809 = LINE('',#6810,#6811);
#6810 = CARTESIAN_POINT('',(-38.14285714285,-13.50214285714,23.42));
#6811 = VECTOR('',#6812,1.);
#6812 = DIRECTION('',(0.,0.,1.));
#6813 = ORIENTED_EDGE('',*,*,#6814,.T.);
#6814 = EDGE_CURVE('',#6807,#6776,#6815,.T.);
#6815 = B_SPLINE_CURVE_WITH_KNOTS('',2,(#6816,#6817,#6818),
  .UNSPECIFIED.,.F.,.F.,(3,3),(0.,1.),.PIECEWISE_BEZIER_KNOTS.);
#6816 = CARTESIAN_POINT('',(-38.14285714285,-13.50214285714,24.42));
#6817 = CARTESIAN_POINT('',(-38.00714285714,-13.37,24.42));
#6818 = CARTESIAN_POINT('',(-37.97857142857,-13.25571428571,24.42));
#6819 = ORIENTED_EDGE('',*,*,#6773,.F.);
#6820 = ORIENTED_EDGE('',*,*,#6821,.F.);
#6821 = EDGE_CURVE('',#6805,#6774,#6822,.T.);
#6822 = B_SPLINE_CURVE_WITH_KNOTS('',2,(#6823,#6824,#6825),
  .UNSPECIFIED.,.F.,.F.,(3,3),(0.,1.),.PIECEWISE_BEZIER_KNOTS.);
#6823 = CARTESIAN_POINT('',(-38.14285714285,-13.50214285714,23.42));
#6824 = CARTESIAN_POINT('',(-38.00714285714,-13.37,23.42));
#6825 = CARTESIAN_POINT('',(-37.97857142857,-13.25571428571,23.42));
#6826 = SURFACE_OF_LINEAR_EXTRUSION('',#6827,#6831);
#6827 = B_SPLINE_CURVE_WITH_KNOTS('',2,(#6828,#6829,#6830),
  .UNSPECIFIED.,.F.,.F.,(3,3),(0.,1.),.PIECEWISE_BEZIER_KNOTS.);
#6828 = CARTESIAN_POINT('',(-38.14285714285,-13.50214285714,23.42));
#6829 = CARTESIAN_POINT('',(-38.00714285714,-13.37,23.42));
#6830 = CARTESIAN_POINT('',(-37.97857142857,-13.25571428571,23.42));
#6831 = VECTOR('',#6832,1.);
#6832 = DIRECTION('',(-0.,-0.,-1.));
#6833 = ADVANCED_FACE('',(#6834),#6859,.T.);
#6834 = FACE_BOUND('',#6835,.T.);
#6835 = EDGE_LOOP('',(#6836,#6846,#6852,#6853));
#6836 = ORIENTED_EDGE('',*,*,#6837,.T.);
#6837 = EDGE_CURVE('',#6838,#6840,#6842,.T.);
#6838 = VERTEX_POINT('',#6839);
#6839 = CARTESIAN_POINT('',(-38.49285714285,-13.66285714285,23.42));
#6840 = VERTEX_POINT('',#6841);
#6841 = CARTESIAN_POINT('',(-38.49285714285,-13.66285714285,24.42));
#6842 = LINE('',#6843,#6844);
#6843 = CARTESIAN_POINT('',(-38.49285714285,-13.66285714285,23.42));
#6844 = VECTOR('',#6845,1.);
#6845 = DIRECTION('',(0.,0.,1.));
#6846 = ORIENTED_EDGE('',*,*,#6847,.T.);
#6847 = EDGE_CURVE('',#6840,#6807,#6848,.T.);
#6848 = B_SPLINE_CURVE_WITH_KNOTS('',2,(#6849,#6850,#6851),
  .UNSPECIFIED.,.F.,.F.,(3,3),(0.,1.),.PIECEWISE_BEZIER_KNOTS.);
#6849 = CARTESIAN_POINT('',(-38.49285714285,-13.66285714285,24.42));
#6850 = CARTESIAN_POINT('',(-38.27857142857,-13.63428571428,24.42));
#6851 = CARTESIAN_POINT('',(-38.14285714285,-13.50214285714,24.42));
#6852 = ORIENTED_EDGE('',*,*,#6804,.F.);
#6853 = ORIENTED_EDGE('',*,*,#6854,.F.);
#6854 = EDGE_CURVE('',#6838,#6805,#6855,.T.);
#6855 = B_SPLINE_CURVE_WITH_KNOTS('',2,(#6856,#6857,#6858),
  .UNSPECIFIED.,.F.,.F.,(3,3),(0.,1.),.PIECEWISE_BEZIER_KNOTS.);
#6856 = CARTESIAN_POINT('',(-38.49285714285,-13.66285714285,23.42));
#6857 = CARTESIAN_POINT('',(-38.27857142857,-13.63428571428,23.42));
#6858 = CARTESIAN_POINT('',(-38.14285714285,-13.50214285714,23.42));
#6859 = SURFACE_OF_LINEAR_EXTRUSION('',#6860,#6864);
#6860 = B_SPLINE_CURVE_WITH_KNOTS('',2,(#6861,#6862,#6863),
  .UNSPECIFIED.,.F.,.F.,(3,3),(0.,1.),.PIECEWISE_BEZIER_KNOTS.);
#6861 = CARTESIAN_POINT('',(-38.49285714285,-13.66285714285,23.42));
#6862 = CARTESIAN_POINT('',(-38.27857142857,-13.63428571428,23.42));
#6863 = CARTESIAN_POINT('',(-38.14285714285,-13.50214285714,23.42));
#6864 = VECTOR('',#6865,1.);
#6865 = DIRECTION('',(-0.,-0.,-1.));
#6866 = ADVANCED_FACE('',(#6867),#6892,.T.);
#6867 = FACE_BOUND('',#6868,.T.);
#6868 = EDGE_LOOP('',(#6869,#6879,#6885,#6886));
#6869 = ORIENTED_EDGE('',*,*,#6870,.T.);
#6870 = EDGE_CURVE('',#6871,#6873,#6875,.T.);
#6871 = VERTEX_POINT('',#6872);
#6872 = CARTESIAN_POINT('',(-38.25,-14.39857142857,23.42));
#6873 = VERTEX_POINT('',#6874);
#6874 = CARTESIAN_POINT('',(-38.25,-14.39857142857,24.42));
#6875 = LINE('',#6876,#6877);
#6876 = CARTESIAN_POINT('',(-38.25,-14.39857142857,23.42));
#6877 = VECTOR('',#6878,1.);
#6878 = DIRECTION('',(0.,0.,1.));
#6879 = ORIENTED_EDGE('',*,*,#6880,.T.);
#6880 = EDGE_CURVE('',#6873,#6840,#6881,.T.);
#6881 = LINE('',#6882,#6883);
#6882 = CARTESIAN_POINT('',(-38.25,-14.39857142857,24.42));
#6883 = VECTOR('',#6884,1.);
#6884 = DIRECTION('',(-0.313460593315,0.94960120916,0.));
#6885 = ORIENTED_EDGE('',*,*,#6837,.F.);
#6886 = ORIENTED_EDGE('',*,*,#6887,.F.);
#6887 = EDGE_CURVE('',#6871,#6838,#6888,.T.);
#6888 = LINE('',#6889,#6890);
#6889 = CARTESIAN_POINT('',(-38.25,-14.39857142857,23.42));
#6890 = VECTOR('',#6891,1.);
#6891 = DIRECTION('',(-0.313460593315,0.94960120916,0.));
#6892 = PLANE('',#6893);
#6893 = AXIS2_PLACEMENT_3D('',#6894,#6895,#6896);
#6894 = CARTESIAN_POINT('',(-38.25,-14.39857142857,23.42));
#6895 = DIRECTION('',(-0.94960120916,-0.313460593315,0.));
#6896 = DIRECTION('',(-0.313460593315,0.94960120916,0.));
#6897 = ADVANCED_FACE('',(#6898),#6923,.T.);
#6898 = FACE_BOUND('',#6899,.T.);
#6899 = EDGE_LOOP('',(#6900,#6910,#6916,#6917));
#6900 = ORIENTED_EDGE('',*,*,#6901,.T.);
#6901 = EDGE_CURVE('',#6902,#6904,#6906,.T.);
#6902 = VERTEX_POINT('',#6903);
#6903 = CARTESIAN_POINT('',(-37.72857142857,-14.16285714285,23.42));
#6904 = VERTEX_POINT('',#6905);
#6905 = CARTESIAN_POINT('',(-37.72857142857,-14.16285714285,24.42));
#6906 = LINE('',#6907,#6908);
#6907 = CARTESIAN_POINT('',(-37.72857142857,-14.16285714285,23.42));
#6908 = VECTOR('',#6909,1.);
#6909 = DIRECTION('',(0.,0.,1.));
#6910 = ORIENTED_EDGE('',*,*,#6911,.T.);
#6911 = EDGE_CURVE('',#6904,#6873,#6912,.T.);
#6912 = B_SPLINE_CURVE_WITH_KNOTS('',2,(#6913,#6914,#6915),
  .UNSPECIFIED.,.F.,.F.,(3,3),(0.,1.),.PIECEWISE_BEZIER_KNOTS.);
#6913 = CARTESIAN_POINT('',(-37.72857142857,-14.16285714285,24.42));
#6914 = CARTESIAN_POINT('',(-38.01428571428,-14.38428571428,24.42));
#6915 = CARTESIAN_POINT('',(-38.25,-14.39857142857,24.42));
#6916 = ORIENTED_EDGE('',*,*,#6870,.F.);
#6917 = ORIENTED_EDGE('',*,*,#6918,.F.);
#6918 = EDGE_CURVE('',#6902,#6871,#6919,.T.);
#6919 = B_SPLINE_CURVE_WITH_KNOTS('',2,(#6920,#6921,#6922),
  .UNSPECIFIED.,.F.,.F.,(3,3),(0.,1.),.PIECEWISE_BEZIER_KNOTS.);
#6920 = CARTESIAN_POINT('',(-37.72857142857,-14.16285714285,23.42));
#6921 = CARTESIAN_POINT('',(-38.01428571428,-14.38428571428,23.42));
#6922 = CARTESIAN_POINT('',(-38.25,-14.39857142857,23.42));
#6923 = SURFACE_OF_LINEAR_EXTRUSION('',#6924,#6928);
#6924 = B_SPLINE_CURVE_WITH_KNOTS('',2,(#6925,#6926,#6927),
  .UNSPECIFIED.,.F.,.F.,(3,3),(0.,1.),.PIECEWISE_BEZIER_KNOTS.);
#6925 = CARTESIAN_POINT('',(-37.72857142857,-14.16285714285,23.42));
#6926 = CARTESIAN_POINT('',(-38.01428571428,-14.38428571428,23.42));
#6927 = CARTESIAN_POINT('',(-38.25,-14.39857142857,23.42));
#6928 = VECTOR('',#6929,1.);
#6929 = DIRECTION('',(-0.,-0.,-1.));
#6930 = ADVANCED_FACE('',(#6931),#6947,.T.);
#6931 = FACE_BOUND('',#6932,.T.);
#6932 = EDGE_LOOP('',(#6933,#6934,#6940,#6941));
#6933 = ORIENTED_EDGE('',*,*,#6751,.T.);
#6934 = ORIENTED_EDGE('',*,*,#6935,.T.);
#6935 = EDGE_CURVE('',#6744,#6904,#6936,.T.);
#6936 = B_SPLINE_CURVE_WITH_KNOTS('',2,(#6937,#6938,#6939),
  .UNSPECIFIED.,.F.,.F.,(3,3),(0.,1.),.PIECEWISE_BEZIER_KNOTS.);
#6937 = CARTESIAN_POINT('',(-37.2,-13.13428571428,24.42));
#6938 = CARTESIAN_POINT('',(-37.2,-13.74857142857,24.42));
#6939 = CARTESIAN_POINT('',(-37.72857142857,-14.16285714285,24.42));
#6940 = ORIENTED_EDGE('',*,*,#6901,.F.);
#6941 = ORIENTED_EDGE('',*,*,#6942,.F.);
#6942 = EDGE_CURVE('',#6752,#6902,#6943,.T.);
#6943 = B_SPLINE_CURVE_WITH_KNOTS('',2,(#6944,#6945,#6946),
  .UNSPECIFIED.,.F.,.F.,(3,3),(0.,1.),.PIECEWISE_BEZIER_KNOTS.);
#6944 = CARTESIAN_POINT('',(-37.2,-13.13428571428,23.42));
#6945 = CARTESIAN_POINT('',(-37.2,-13.74857142857,23.42));
#6946 = CARTESIAN_POINT('',(-37.72857142857,-14.16285714285,23.42));
#6947 = SURFACE_OF_LINEAR_EXTRUSION('',#6948,#6952);
#6948 = B_SPLINE_CURVE_WITH_KNOTS('',2,(#6949,#6950,#6951),
  .UNSPECIFIED.,.F.,.F.,(3,3),(0.,1.),.PIECEWISE_BEZIER_KNOTS.);
#6949 = CARTESIAN_POINT('',(-37.2,-13.13428571428,23.42));
#6950 = CARTESIAN_POINT('',(-37.2,-13.74857142857,23.42));
#6951 = CARTESIAN_POINT('',(-37.72857142857,-14.16285714285,23.42));
#6952 = VECTOR('',#6953,1.);
#6953 = DIRECTION('',(-0.,-0.,-1.));
#6954 = ADVANCED_FACE('',(#6955),#6964,.F.);
#6955 = FACE_BOUND('',#6956,.F.);
#6956 = EDGE_LOOP('',(#6957,#6958,#6959,#6960,#6961,#6962,#6963));
#6957 = ORIENTED_EDGE('',*,*,#6759,.F.);
#6958 = ORIENTED_EDGE('',*,*,#6790,.F.);
#6959 = ORIENTED_EDGE('',*,*,#6821,.F.);
#6960 = ORIENTED_EDGE('',*,*,#6854,.F.);
#6961 = ORIENTED_EDGE('',*,*,#6887,.F.);
#6962 = ORIENTED_EDGE('',*,*,#6918,.F.);
#6963 = ORIENTED_EDGE('',*,*,#6942,.F.);
#6964 = PLANE('',#6965);
#6965 = AXIS2_PLACEMENT_3D('',#6966,#6967,#6968);
#6966 = CARTESIAN_POINT('',(-39.73233177416,-12.99912736521,23.42));
#6967 = DIRECTION('',(0.,0.,1.));
#6968 = DIRECTION('',(0.,-1.,0.));
#6969 = ADVANCED_FACE('',(#6970),#6979,.T.);
#6970 = FACE_BOUND('',#6971,.T.);
#6971 = EDGE_LOOP('',(#6972,#6973,#6974,#6975,#6976,#6977,#6978));
#6972 = ORIENTED_EDGE('',*,*,#6743,.F.);
#6973 = ORIENTED_EDGE('',*,*,#6783,.F.);
#6974 = ORIENTED_EDGE('',*,*,#6814,.F.);
#6975 = ORIENTED_EDGE('',*,*,#6847,.F.);
#6976 = ORIENTED_EDGE('',*,*,#6880,.F.);
#6977 = ORIENTED_EDGE('',*,*,#6911,.F.);
#6978 = ORIENTED_EDGE('',*,*,#6935,.F.);
#6979 = PLANE('',#6980);
#6980 = AXIS2_PLACEMENT_3D('',#6981,#6982,#6983);
#6981 = CARTESIAN_POINT('',(-39.73233177416,-12.99912736521,24.42));
#6982 = DIRECTION('',(0.,0.,1.));
#6983 = DIRECTION('',(0.,-1.,0.));
#6984 = MANIFOLD_SOLID_BREP('',#6985);
#6985 = CLOSED_SHELL('',(#6986,#7026,#7057,#7088,#7119,#7150,#7181,#7212
    ,#7234,#7250));
#6986 = ADVANCED_FACE('',(#6987),#7021,.T.);
#6987 = FACE_BOUND('',#6988,.T.);
#6988 = EDGE_LOOP('',(#6989,#6999,#7007,#7015));
#6989 = ORIENTED_EDGE('',*,*,#6990,.T.);
#6990 = EDGE_CURVE('',#6991,#6993,#6995,.T.);
#6991 = VERTEX_POINT('',#6992);
#6992 = CARTESIAN_POINT('',(-37.97857142857,-14.87285714285,23.42));
#6993 = VERTEX_POINT('',#6994);
#6994 = CARTESIAN_POINT('',(-37.97857142857,-14.87285714285,24.42));
#6995 = LINE('',#6996,#6997);
#6996 = CARTESIAN_POINT('',(-37.97857142857,-14.87285714285,23.42));
#6997 = VECTOR('',#6998,1.);
#6998 = DIRECTION('',(0.,0.,1.));
#6999 = ORIENTED_EDGE('',*,*,#7000,.T.);
#7000 = EDGE_CURVE('',#6993,#7001,#7003,.T.);
#7001 = VERTEX_POINT('',#7002);
#7002 = CARTESIAN_POINT('',(-37.2,-14.87285714285,24.42));
#7003 = LINE('',#7004,#7005);
#7004 = CARTESIAN_POINT('',(-37.97857142857,-14.87285714285,24.42));
#7005 = VECTOR('',#7006,1.);
#7006 = DIRECTION('',(1.,0.,0.));
#7007 = ORIENTED_EDGE('',*,*,#7008,.F.);
#7008 = EDGE_CURVE('',#7009,#7001,#7011,.T.);
#7009 = VERTEX_POINT('',#7010);
#7010 = CARTESIAN_POINT('',(-37.2,-14.87285714285,23.42));
#7011 = LINE('',#7012,#7013);
#7012 = CARTESIAN_POINT('',(-37.2,-14.87285714285,23.42));
#7013 = VECTOR('',#7014,1.);
#7014 = DIRECTION('',(0.,0.,1.));
#7015 = ORIENTED_EDGE('',*,*,#7016,.F.);
#7016 = EDGE_CURVE('',#6991,#7009,#7017,.T.);
#7017 = LINE('',#7018,#7019);
#7018 = CARTESIAN_POINT('',(-37.97857142857,-14.87285714285,23.42));
#7019 = VECTOR('',#7020,1.);
#7020 = DIRECTION('',(1.,0.,0.));
#7021 = PLANE('',#7022);
#7022 = AXIS2_PLACEMENT_3D('',#7023,#7024,#7025);
#7023 = CARTESIAN_POINT('',(-37.97857142857,-14.87285714285,23.42));
#7024 = DIRECTION('',(2.2E-16,1.,0.));
#7025 = DIRECTION('',(1.,-2.2E-16,0.));
#7026 = ADVANCED_FACE('',(#7027),#7052,.T.);
#7027 = FACE_BOUND('',#7028,.T.);
#7028 = EDGE_LOOP('',(#7029,#7039,#7045,#7046));
#7029 = ORIENTED_EDGE('',*,*,#7030,.T.);
#7030 = EDGE_CURVE('',#7031,#7033,#7035,.T.);
#7031 = VERTEX_POINT('',#7032);
#7032 = CARTESIAN_POINT('',(-37.97857142857,-16.02285714285,23.42));
#7033 = VERTEX_POINT('',#7034);
#7034 = CARTESIAN_POINT('',(-37.97857142857,-16.02285714285,24.42));
#7035 = LINE('',#7036,#7037);
#7036 = CARTESIAN_POINT('',(-37.97857142857,-16.02285714285,23.42));
#7037 = VECTOR('',#7038,1.);
#7038 = DIRECTION('',(0.,0.,1.));
#7039 = ORIENTED_EDGE('',*,*,#7040,.T.);
#7040 = EDGE_CURVE('',#7033,#6993,#7041,.T.);
#7041 = LINE('',#7042,#7043);
#7042 = CARTESIAN_POINT('',(-37.97857142857,-16.02285714285,24.42));
#7043 = VECTOR('',#7044,1.);
#7044 = DIRECTION('',(0.,1.,0.));
#7045 = ORIENTED_EDGE('',*,*,#6990,.F.);
#7046 = ORIENTED_EDGE('',*,*,#7047,.F.);
#7047 = EDGE_CURVE('',#7031,#6991,#7048,.T.);
#7048 = LINE('',#7049,#7050);
#7049 = CARTESIAN_POINT('',(-37.97857142857,-16.02285714285,23.42));
#7050 = VECTOR('',#7051,1.);
#7051 = DIRECTION('',(0.,1.,0.));
#7052 = PLANE('',#7053);
#7053 = AXIS2_PLACEMENT_3D('',#7054,#7055,#7056);
#7054 = CARTESIAN_POINT('',(-37.97857142857,-16.02285714285,23.42));
#7055 = DIRECTION('',(-1.,2.2E-16,0.));
#7056 = DIRECTION('',(2.2E-16,1.,0.));
#7057 = ADVANCED_FACE('',(#7058),#7083,.T.);
#7058 = FACE_BOUND('',#7059,.T.);
#7059 = EDGE_LOOP('',(#7060,#7070,#7076,#7077));
#7060 = ORIENTED_EDGE('',*,*,#7061,.T.);
#7061 = EDGE_CURVE('',#7062,#7064,#7066,.T.);
#7062 = VERTEX_POINT('',#7063);
#7063 = CARTESIAN_POINT('',(-42.2,-16.02285714285,23.42));
#7064 = VERTEX_POINT('',#7065);
#7065 = CARTESIAN_POINT('',(-42.2,-16.02285714285,24.42));
#7066 = LINE('',#7067,#7068);
#7067 = CARTESIAN_POINT('',(-42.2,-16.02285714285,23.42));
#7068 = VECTOR('',#7069,1.);
#7069 = DIRECTION('',(0.,0.,1.));
#7070 = ORIENTED_EDGE('',*,*,#7071,.T.);
#7071 = EDGE_CURVE('',#7064,#7033,#7072,.T.);
#7072 = LINE('',#7073,#7074);
#7073 = CARTESIAN_POINT('',(-42.2,-16.02285714285,24.42));
#7074 = VECTOR('',#7075,1.);
#7075 = DIRECTION('',(1.,0.,0.));
#7076 = ORIENTED_EDGE('',*,*,#7030,.F.);
#7077 = ORIENTED_EDGE('',*,*,#7078,.F.);
#7078 = EDGE_CURVE('',#7062,#7031,#7079,.T.);
#7079 = LINE('',#7080,#7081);
#7080 = CARTESIAN_POINT('',(-42.2,-16.02285714285,23.42));
#7081 = VECTOR('',#7082,1.);
#7082 = DIRECTION('',(1.,0.,0.));
#7083 = PLANE('',#7084);
#7084 = AXIS2_PLACEMENT_3D('',#7085,#7086,#7087);
#7085 = CARTESIAN_POINT('',(-42.2,-16.02285714285,23.42));
#7086 = DIRECTION('',(2.2E-16,1.,0.));
#7087 = DIRECTION('',(1.,-2.2E-16,0.));
#7088 = ADVANCED_FACE('',(#7089),#7114,.T.);
#7089 = FACE_BOUND('',#7090,.T.);
#7090 = EDGE_LOOP('',(#7091,#7101,#7107,#7108));
#7091 = ORIENTED_EDGE('',*,*,#7092,.T.);
#7092 = EDGE_CURVE('',#7093,#7095,#7097,.T.);
#7093 = VERTEX_POINT('',#7094);
#7094 = CARTESIAN_POINT('',(-42.2,-16.82285714285,23.42));
#7095 = VERTEX_POINT('',#7096);
#7096 = CARTESIAN_POINT('',(-42.2,-16.82285714285,24.42));
#7097 = LINE('',#7098,#7099);
#7098 = CARTESIAN_POINT('',(-42.2,-16.82285714285,23.42));
#7099 = VECTOR('',#7100,1.);
#7100 = DIRECTION('',(0.,0.,1.));
#7101 = ORIENTED_EDGE('',*,*,#7102,.T.);
#7102 = EDGE_CURVE('',#7095,#7064,#7103,.T.);
#7103 = LINE('',#7104,#7105);
#7104 = CARTESIAN_POINT('',(-42.2,-16.82285714285,24.42));
#7105 = VECTOR('',#7106,1.);
#7106 = DIRECTION('',(0.,1.,0.));
#7107 = ORIENTED_EDGE('',*,*,#7061,.F.);
#7108 = ORIENTED_EDGE('',*,*,#7109,.F.);
#7109 = EDGE_CURVE('',#7093,#7062,#7110,.T.);
#7110 = LINE('',#7111,#7112);
#7111 = CARTESIAN_POINT('',(-42.2,-16.82285714285,23.42));
#7112 = VECTOR('',#7113,1.);
#7113 = DIRECTION('',(0.,1.,0.));
#7114 = PLANE('',#7115);
#7115 = AXIS2_PLACEMENT_3D('',#7116,#7117,#7118);
#7116 = CARTESIAN_POINT('',(-42.2,-16.82285714285,23.42));
#7117 = DIRECTION('',(-1.,2.2E-16,0.));
#7118 = DIRECTION('',(2.2E-16,1.,0.));
#7119 = ADVANCED_FACE('',(#7120),#7145,.T.);
#7120 = FACE_BOUND('',#7121,.T.);
#7121 = EDGE_LOOP('',(#7122,#7132,#7138,#7139));
#7122 = ORIENTED_EDGE('',*,*,#7123,.T.);
#7123 = EDGE_CURVE('',#7124,#7126,#7128,.T.);
#7124 = VERTEX_POINT('',#7125);
#7125 = CARTESIAN_POINT('',(-37.97857142857,-16.82285714285,23.42));
#7126 = VERTEX_POINT('',#7127);
#7127 = CARTESIAN_POINT('',(-37.97857142857,-16.82285714285,24.42));
#7128 = LINE('',#7129,#7130);
#7129 = CARTESIAN_POINT('',(-37.97857142857,-16.82285714285,23.42));
#7130 = VECTOR('',#7131,1.);
#7131 = DIRECTION('',(0.,0.,1.));
#7132 = ORIENTED_EDGE('',*,*,#7133,.T.);
#7133 = EDGE_CURVE('',#7126,#7095,#7134,.T.);
#7134 = LINE('',#7135,#7136);
#7135 = CARTESIAN_POINT('',(-37.97857142857,-16.82285714285,24.42));
#7136 = VECTOR('',#7137,1.);
#7137 = DIRECTION('',(-1.,0.,0.));
#7138 = ORIENTED_EDGE('',*,*,#7092,.F.);
#7139 = ORIENTED_EDGE('',*,*,#7140,.F.);
#7140 = EDGE_CURVE('',#7124,#7093,#7141,.T.);
#7141 = LINE('',#7142,#7143);
#7142 = CARTESIAN_POINT('',(-37.97857142857,-16.82285714285,23.42));
#7143 = VECTOR('',#7144,1.);
#7144 = DIRECTION('',(-1.,0.,0.));
#7145 = PLANE('',#7146);
#7146 = AXIS2_PLACEMENT_3D('',#7147,#7148,#7149);
#7147 = CARTESIAN_POINT('',(-37.97857142857,-16.82285714285,23.42));
#7148 = DIRECTION('',(-2.2E-16,-1.,0.));
#7149 = DIRECTION('',(-1.,2.2E-16,0.));
#7150 = ADVANCED_FACE('',(#7151),#7176,.T.);
#7151 = FACE_BOUND('',#7152,.T.);
#7152 = EDGE_LOOP('',(#7153,#7163,#7169,#7170));
#7153 = ORIENTED_EDGE('',*,*,#7154,.T.);
#7154 = EDGE_CURVE('',#7155,#7157,#7159,.T.);
#7155 = VERTEX_POINT('',#7156);
#7156 = CARTESIAN_POINT('',(-37.97857142857,-17.96571428571,23.42));
#7157 = VERTEX_POINT('',#7158);
#7158 = CARTESIAN_POINT('',(-37.97857142857,-17.96571428571,24.42));
#7159 = LINE('',#7160,#7161);
#7160 = CARTESIAN_POINT('',(-37.97857142857,-17.96571428571,23.42));
#7161 = VECTOR('',#7162,1.);
#7162 = DIRECTION('',(0.,0.,1.));
#7163 = ORIENTED_EDGE('',*,*,#7164,.T.);
#7164 = EDGE_CURVE('',#7157,#7126,#7165,.T.);
#7165 = LINE('',#7166,#7167);
#7166 = CARTESIAN_POINT('',(-37.97857142857,-17.96571428571,24.42));
#7167 = VECTOR('',#7168,1.);
#7168 = DIRECTION('',(0.,1.,0.));
#7169 = ORIENTED_EDGE('',*,*,#7123,.F.);
#7170 = ORIENTED_EDGE('',*,*,#7171,.F.);
#7171 = EDGE_CURVE('',#7155,#7124,#7172,.T.);
#7172 = LINE('',#7173,#7174);
#7173 = CARTESIAN_POINT('',(-37.97857142857,-17.96571428571,23.42));
#7174 = VECTOR('',#7175,1.);
#7175 = DIRECTION('',(0.,1.,0.));
#7176 = PLANE('',#7177);
#7177 = AXIS2_PLACEMENT_3D('',#7178,#7179,#7180);
#7178 = CARTESIAN_POINT('',(-37.97857142857,-17.96571428571,23.42));
#7179 = DIRECTION('',(-1.,2.2E-16,0.));
#7180 = DIRECTION('',(2.2E-16,1.,0.));
#7181 = ADVANCED_FACE('',(#7182),#7207,.T.);
#7182 = FACE_BOUND('',#7183,.T.);
#7183 = EDGE_LOOP('',(#7184,#7194,#7200,#7201));
#7184 = ORIENTED_EDGE('',*,*,#7185,.T.);
#7185 = EDGE_CURVE('',#7186,#7188,#7190,.T.);
#7186 = VERTEX_POINT('',#7187);
#7187 = CARTESIAN_POINT('',(-37.2,-17.96571428571,23.42));
#7188 = VERTEX_POINT('',#7189);
#7189 = CARTESIAN_POINT('',(-37.2,-17.96571428571,24.42));
#7190 = LINE('',#7191,#7192);
#7191 = CARTESIAN_POINT('',(-37.2,-17.96571428571,23.42));
#7192 = VECTOR('',#7193,1.);
#7193 = DIRECTION('',(0.,0.,1.));
#7194 = ORIENTED_EDGE('',*,*,#7195,.T.);
#7195 = EDGE_CURVE('',#7188,#7157,#7196,.T.);
#7196 = LINE('',#7197,#7198);
#7197 = CARTESIAN_POINT('',(-37.2,-17.96571428571,24.42));
#7198 = VECTOR('',#7199,1.);
#7199 = DIRECTION('',(-1.,0.,0.));
#7200 = ORIENTED_EDGE('',*,*,#7154,.F.);
#7201 = ORIENTED_EDGE('',*,*,#7202,.F.);
#7202 = EDGE_CURVE('',#7186,#7155,#7203,.T.);
#7203 = LINE('',#7204,#7205);
#7204 = CARTESIAN_POINT('',(-37.2,-17.96571428571,23.42));
#7205 = VECTOR('',#7206,1.);
#7206 = DIRECTION('',(-1.,0.,0.));
#7207 = PLANE('',#7208);
#7208 = AXIS2_PLACEMENT_3D('',#7209,#7210,#7211);
#7209 = CARTESIAN_POINT('',(-37.2,-17.96571428571,23.42));
#7210 = DIRECTION('',(-2.2E-16,-1.,0.));
#7211 = DIRECTION('',(-1.,2.2E-16,0.));
#7212 = ADVANCED_FACE('',(#7213),#7229,.T.);
#7213 = FACE_BOUND('',#7214,.T.);
#7214 = EDGE_LOOP('',(#7215,#7216,#7222,#7223));
#7215 = ORIENTED_EDGE('',*,*,#7008,.T.);
#7216 = ORIENTED_EDGE('',*,*,#7217,.T.);
#7217 = EDGE_CURVE('',#7001,#7188,#7218,.T.);
#7218 = LINE('',#7219,#7220);
#7219 = CARTESIAN_POINT('',(-37.2,-14.87285714285,24.42));
#7220 = VECTOR('',#7221,1.);
#7221 = DIRECTION('',(0.,-1.,0.));
#7222 = ORIENTED_EDGE('',*,*,#7185,.F.);
#7223 = ORIENTED_EDGE('',*,*,#7224,.F.);
#7224 = EDGE_CURVE('',#7009,#7186,#7225,.T.);
#7225 = LINE('',#7226,#7227);
#7226 = CARTESIAN_POINT('',(-37.2,-14.87285714285,23.42));
#7227 = VECTOR('',#7228,1.);
#7228 = DIRECTION('',(0.,-1.,0.));
#7229 = PLANE('',#7230);
#7230 = AXIS2_PLACEMENT_3D('',#7231,#7232,#7233);
#7231 = CARTESIAN_POINT('',(-37.2,-14.87285714285,23.42));
#7232 = DIRECTION('',(1.,-2.2E-16,0.));
#7233 = DIRECTION('',(-2.2E-16,-1.,0.));
#7234 = ADVANCED_FACE('',(#7235),#7245,.F.);
#7235 = FACE_BOUND('',#7236,.F.);
#7236 = EDGE_LOOP('',(#7237,#7238,#7239,#7240,#7241,#7242,#7243,#7244));
#7237 = ORIENTED_EDGE('',*,*,#7016,.F.);
#7238 = ORIENTED_EDGE('',*,*,#7047,.F.);
#7239 = ORIENTED_EDGE('',*,*,#7078,.F.);
#7240 = ORIENTED_EDGE('',*,*,#7109,.F.);
#7241 = ORIENTED_EDGE('',*,*,#7140,.F.);
#7242 = ORIENTED_EDGE('',*,*,#7171,.F.);
#7243 = ORIENTED_EDGE('',*,*,#7202,.F.);
#7244 = ORIENTED_EDGE('',*,*,#7224,.F.);
#7245 = PLANE('',#7246);
#7246 = AXIS2_PLACEMENT_3D('',#7247,#7248,#7249);
#7247 = CARTESIAN_POINT('',(-39.10199533476,-16.42114865716,23.42));
#7248 = DIRECTION('',(0.,0.,1.));
#7249 = DIRECTION('',(0.,-1.,0.));
#7250 = ADVANCED_FACE('',(#7251),#7261,.T.);
#7251 = FACE_BOUND('',#7252,.T.);
#7252 = EDGE_LOOP('',(#7253,#7254,#7255,#7256,#7257,#7258,#7259,#7260));
#7253 = ORIENTED_EDGE('',*,*,#7000,.F.);
#7254 = ORIENTED_EDGE('',*,*,#7040,.F.);
#7255 = ORIENTED_EDGE('',*,*,#7071,.F.);
#7256 = ORIENTED_EDGE('',*,*,#7102,.F.);
#7257 = ORIENTED_EDGE('',*,*,#7133,.F.);
#7258 = ORIENTED_EDGE('',*,*,#7164,.F.);
#7259 = ORIENTED_EDGE('',*,*,#7195,.F.);
#7260 = ORIENTED_EDGE('',*,*,#7217,.F.);
#7261 = PLANE('',#7262);
#7262 = AXIS2_PLACEMENT_3D('',#7263,#7264,#7265);
#7263 = CARTESIAN_POINT('',(-39.10199533476,-16.42114865716,24.42));
#7264 = DIRECTION('',(0.,0.,1.));
#7265 = DIRECTION('',(0.,-1.,0.));
#7266 = MANIFOLD_SOLID_BREP('',#7267);
#7267 = CLOSED_SHELL('',(#7268,#7308,#7339,#7372,#7405,#7436,#7467,#7498
    ,#7531,#7564,#7597,#7630,#7663,#7694,#7725,#7756,#7789,#7822,#7855,
    #7888,#7910,#7938));
#7268 = ADVANCED_FACE('',(#7269),#7303,.T.);
#7269 = FACE_BOUND('',#7270,.T.);
#7270 = EDGE_LOOP('',(#7271,#7281,#7289,#7297));
#7271 = ORIENTED_EDGE('',*,*,#7272,.T.);
#7272 = EDGE_CURVE('',#7273,#7275,#7277,.T.);
#7273 = VERTEX_POINT('',#7274);
#7274 = CARTESIAN_POINT('',(-40.09285714285,-19.54476190476,23.42));
#7275 = VERTEX_POINT('',#7276);
#7276 = CARTESIAN_POINT('',(-40.09285714285,-19.54476190476,24.42));
#7277 = LINE('',#7278,#7279);
#7278 = CARTESIAN_POINT('',(-40.09285714285,-19.54476190476,23.42));
#7279 = VECTOR('',#7280,1.);
#7280 = DIRECTION('',(0.,0.,1.));
#7281 = ORIENTED_EDGE('',*,*,#7282,.T.);
#7282 = EDGE_CURVE('',#7275,#7283,#7285,.T.);
#7283 = VERTEX_POINT('',#7284);
#7284 = CARTESIAN_POINT('',(-39.37857142857,-19.54476190476,24.42));
#7285 = LINE('',#7286,#7287);
#7286 = CARTESIAN_POINT('',(-40.09285714285,-19.54476190476,24.42));
#7287 = VECTOR('',#7288,1.);
#7288 = DIRECTION('',(1.,0.,0.));
#7289 = ORIENTED_EDGE('',*,*,#7290,.F.);
#7290 = EDGE_CURVE('',#7291,#7283,#7293,.T.);
#7291 = VERTEX_POINT('',#7292);
#7292 = CARTESIAN_POINT('',(-39.37857142857,-19.54476190476,23.42));
#7293 = LINE('',#7294,#7295);
#7294 = CARTESIAN_POINT('',(-39.37857142857,-19.54476190476,23.42));
#7295 = VECTOR('',#7296,1.);
#7296 = DIRECTION('',(0.,0.,1.));
#7297 = ORIENTED_EDGE('',*,*,#7298,.F.);
#7298 = EDGE_CURVE('',#7273,#7291,#7299,.T.);
#7299 = LINE('',#7300,#7301);
#7300 = CARTESIAN_POINT('',(-40.09285714285,-19.54476190476,23.42));
#7301 = VECTOR('',#7302,1.);
#7302 = DIRECTION('',(1.,0.,0.));
#7303 = PLANE('',#7304);
#7304 = AXIS2_PLACEMENT_3D('',#7305,#7306,#7307);
#7305 = CARTESIAN_POINT('',(-40.09285714285,-19.54476190476,23.42));
#7306 = DIRECTION('',(2.2E-16,1.,0.));
#7307 = DIRECTION('',(1.,-2.2E-16,0.));
#7308 = ADVANCED_FACE('',(#7309),#7334,.T.);
#7309 = FACE_BOUND('',#7310,.T.);
#7310 = EDGE_LOOP('',(#7311,#7321,#7327,#7328));
#7311 = ORIENTED_EDGE('',*,*,#7312,.T.);
#7312 = EDGE_CURVE('',#7313,#7315,#7317,.T.);
#7313 = VERTEX_POINT('',#7314);
#7314 = CARTESIAN_POINT('',(-40.09285714285,-19.95904761904,23.42));
#7315 = VERTEX_POINT('',#7316);
#7316 = CARTESIAN_POINT('',(-40.09285714285,-19.95904761904,24.42));
#7317 = LINE('',#7318,#7319);
#7318 = CARTESIAN_POINT('',(-40.09285714285,-19.95904761904,23.42));
#7319 = VECTOR('',#7320,1.);
#7320 = DIRECTION('',(0.,0.,1.));
#7321 = ORIENTED_EDGE('',*,*,#7322,.T.);
#7322 = EDGE_CURVE('',#7315,#7275,#7323,.T.);
#7323 = LINE('',#7324,#7325);
#7324 = CARTESIAN_POINT('',(-40.09285714285,-19.95904761904,24.42));
#7325 = VECTOR('',#7326,1.);
#7326 = DIRECTION('',(0.,1.,0.));
#7327 = ORIENTED_EDGE('',*,*,#7272,.F.);
#7328 = ORIENTED_EDGE('',*,*,#7329,.F.);
#7329 = EDGE_CURVE('',#7313,#7273,#7330,.T.);
#7330 = LINE('',#7331,#7332);
#7331 = CARTESIAN_POINT('',(-40.09285714285,-19.95904761904,23.42));
#7332 = VECTOR('',#7333,1.);
#7333 = DIRECTION('',(0.,1.,0.));
#7334 = PLANE('',#7335);
#7335 = AXIS2_PLACEMENT_3D('',#7336,#7337,#7338);
#7336 = CARTESIAN_POINT('',(-40.09285714285,-19.95904761904,23.42));
#7337 = DIRECTION('',(-1.,2.2E-16,0.));
#7338 = DIRECTION('',(2.2E-16,1.,0.));
#7339 = ADVANCED_FACE('',(#7340),#7365,.T.);
#7340 = FACE_BOUND('',#7341,.T.);
#7341 = EDGE_LOOP('',(#7342,#7352,#7358,#7359));
#7342 = ORIENTED_EDGE('',*,*,#7343,.T.);
#7343 = EDGE_CURVE('',#7344,#7346,#7348,.T.);
#7344 = VERTEX_POINT('',#7345);
#7345 = CARTESIAN_POINT('',(-40.17142857142,-20.3519047619,23.42));
#7346 = VERTEX_POINT('',#7347);
#7347 = CARTESIAN_POINT('',(-40.17142857142,-20.3519047619,24.42));
#7348 = LINE('',#7349,#7350);
#7349 = CARTESIAN_POINT('',(-40.17142857142,-20.3519047619,23.42));
#7350 = VECTOR('',#7351,1.);
#7351 = DIRECTION('',(0.,0.,1.));
#7352 = ORIENTED_EDGE('',*,*,#7353,.T.);
#7353 = EDGE_CURVE('',#7346,#7315,#7354,.T.);
#7354 = B_SPLINE_CURVE_WITH_KNOTS('',2,(#7355,#7356,#7357),
  .UNSPECIFIED.,.F.,.F.,(3,3),(0.,1.),.PIECEWISE_BEZIER_KNOTS.);
#7355 = CARTESIAN_POINT('',(-40.17142857142,-20.3519047619,24.42));
#7356 = CARTESIAN_POINT('',(-40.09285714285,-20.19476190476,24.42));
#7357 = CARTESIAN_POINT('',(-40.09285714285,-19.95904761904,24.42));
#7358 = ORIENTED_EDGE('',*,*,#7312,.F.);
#7359 = ORIENTED_EDGE('',*,*,#7360,.F.);
#7360 = EDGE_CURVE('',#7344,#7313,#7361,.T.);
#7361 = B_SPLINE_CURVE_WITH_KNOTS('',2,(#7362,#7363,#7364),
  .UNSPECIFIED.,.F.,.F.,(3,3),(0.,1.),.PIECEWISE_BEZIER_KNOTS.);
#7362 = CARTESIAN_POINT('',(-40.17142857142,-20.3519047619,23.42));
#7363 = CARTESIAN_POINT('',(-40.09285714285,-20.19476190476,23.42));
#7364 = CARTESIAN_POINT('',(-40.09285714285,-19.95904761904,23.42));
#7365 = SURFACE_OF_LINEAR_EXTRUSION('',#7366,#7370);
#7366 = B_SPLINE_CURVE_WITH_KNOTS('',2,(#7367,#7368,#7369),
  .UNSPECIFIED.,.F.,.F.,(3,3),(0.,1.),.PIECEWISE_BEZIER_KNOTS.);
#7367 = CARTESIAN_POINT('',(-40.17142857142,-20.3519047619,23.42));
#7368 = CARTESIAN_POINT('',(-40.09285714285,-20.19476190476,23.42));
#7369 = CARTESIAN_POINT('',(-40.09285714285,-19.95904761904,23.42));
#7370 = VECTOR('',#7371,1.);
#7371 = DIRECTION('',(-0.,-0.,-1.));
#7372 = ADVANCED_FACE('',(#7373),#7398,.T.);
#7373 = FACE_BOUND('',#7374,.T.);
#7374 = EDGE_LOOP('',(#7375,#7385,#7391,#7392));
#7375 = ORIENTED_EDGE('',*,*,#7376,.T.);
#7376 = EDGE_CURVE('',#7377,#7379,#7381,.T.);
#7377 = VERTEX_POINT('',#7378);
#7378 = CARTESIAN_POINT('',(-40.92857142857,-20.67333333333,23.42));
#7379 = VERTEX_POINT('',#7380);
#7380 = CARTESIAN_POINT('',(-40.92857142857,-20.67333333333,24.42));
#7381 = LINE('',#7382,#7383);
#7382 = CARTESIAN_POINT('',(-40.92857142857,-20.67333333333,23.42));
#7383 = VECTOR('',#7384,1.);
#7384 = DIRECTION('',(0.,0.,1.));
#7385 = ORIENTED_EDGE('',*,*,#7386,.T.);
#7386 = EDGE_CURVE('',#7379,#7346,#7387,.T.);
#7387 = B_SPLINE_CURVE_WITH_KNOTS('',2,(#7388,#7389,#7390),
  .UNSPECIFIED.,.F.,.F.,(3,3),(0.,1.),.PIECEWISE_BEZIER_KNOTS.);
#7388 = CARTESIAN_POINT('',(-40.92857142857,-20.67333333333,24.42));
#7389 = CARTESIAN_POINT('',(-40.32857142857,-20.61619047619,24.42));
#7390 = CARTESIAN_POINT('',(-40.17142857142,-20.3519047619,24.42));
#7391 = ORIENTED_EDGE('',*,*,#7343,.F.);
#7392 = ORIENTED_EDGE('',*,*,#7393,.F.);
#7393 = EDGE_CURVE('',#7377,#7344,#7394,.T.);
#7394 = B_SPLINE_CURVE_WITH_KNOTS('',2,(#7395,#7396,#7397),
  .UNSPECIFIED.,.F.,.F.,(3,3),(0.,1.),.PIECEWISE_BEZIER_KNOTS.);
#7395 = CARTESIAN_POINT('',(-40.92857142857,-20.67333333333,23.42));
#7396 = CARTESIAN_POINT('',(-40.32857142857,-20.61619047619,23.42));
#7397 = CARTESIAN_POINT('',(-40.17142857142,-20.3519047619,23.42));
#7398 = SURFACE_OF_LINEAR_EXTRUSION('',#7399,#7403);
#7399 = B_SPLINE_CURVE_WITH_KNOTS('',2,(#7400,#7401,#7402),
  .UNSPECIFIED.,.F.,.F.,(3,3),(0.,1.),.PIECEWISE_BEZIER_KNOTS.);
#7400 = CARTESIAN_POINT('',(-40.92857142857,-20.67333333333,23.42));
#7401 = CARTESIAN_POINT('',(-40.32857142857,-20.61619047619,23.42));
#7402 = CARTESIAN_POINT('',(-40.17142857142,-20.3519047619,23.42));
#7403 = VECTOR('',#7404,1.);
#7404 = DIRECTION('',(-0.,-0.,-1.));
#7405 = ADVANCED_FACE('',(#7406),#7431,.T.);
#7406 = FACE_BOUND('',#7407,.T.);
#7407 = EDGE_LOOP('',(#7408,#7418,#7424,#7425));
#7408 = ORIENTED_EDGE('',*,*,#7409,.T.);
#7409 = EDGE_CURVE('',#7410,#7412,#7414,.T.);
#7410 = VERTEX_POINT('',#7411);
#7411 = CARTESIAN_POINT('',(-42.2,-20.78047619047,23.42));
#7412 = VERTEX_POINT('',#7413);
#7413 = CARTESIAN_POINT('',(-42.2,-20.78047619047,24.42));
#7414 = LINE('',#7415,#7416);
#7415 = CARTESIAN_POINT('',(-42.2,-20.78047619047,23.42));
#7416 = VECTOR('',#7417,1.);
#7417 = DIRECTION('',(0.,0.,1.));
#7418 = ORIENTED_EDGE('',*,*,#7419,.T.);
#7419 = EDGE_CURVE('',#7412,#7379,#7420,.T.);
#7420 = LINE('',#7421,#7422);
#7421 = CARTESIAN_POINT('',(-42.2,-20.78047619047,24.42));
#7422 = VECTOR('',#7423,1.);
#7423 = DIRECTION('',(0.996468111813,8.397203189433E-02,0.));
#7424 = ORIENTED_EDGE('',*,*,#7376,.F.);
#7425 = ORIENTED_EDGE('',*,*,#7426,.F.);
#7426 = EDGE_CURVE('',#7410,#7377,#7427,.T.);
#7427 = LINE('',#7428,#7429);
#7428 = CARTESIAN_POINT('',(-42.2,-20.78047619047,23.42));
#7429 = VECTOR('',#7430,1.);
#7430 = DIRECTION('',(0.996468111813,8.397203189433E-02,0.));
#7431 = PLANE('',#7432);
#7432 = AXIS2_PLACEMENT_3D('',#7433,#7434,#7435);
#7433 = CARTESIAN_POINT('',(-42.2,-20.78047619047,23.42));
#7434 = DIRECTION('',(-8.397203189433E-02,0.996468111813,0.));
#7435 = DIRECTION('',(0.996468111813,8.397203189433E-02,0.));
#7436 = ADVANCED_FACE('',(#7437),#7462,.T.);
#7437 = FACE_BOUND('',#7438,.T.);
#7438 = EDGE_LOOP('',(#7439,#7449,#7455,#7456));
#7439 = ORIENTED_EDGE('',*,*,#7440,.T.);
#7440 = EDGE_CURVE('',#7441,#7443,#7445,.T.);
#7441 = VERTEX_POINT('',#7442);
#7442 = CARTESIAN_POINT('',(-42.2,-21.52333333333,23.42));
#7443 = VERTEX_POINT('',#7444);
#7444 = CARTESIAN_POINT('',(-42.2,-21.52333333333,24.42));
#7445 = LINE('',#7446,#7447);
#7446 = CARTESIAN_POINT('',(-42.2,-21.52333333333,23.42));
#7447 = VECTOR('',#7448,1.);
#7448 = DIRECTION('',(0.,0.,1.));
#7449 = ORIENTED_EDGE('',*,*,#7450,.T.);
#7450 = EDGE_CURVE('',#7443,#7412,#7451,.T.);
#7451 = LINE('',#7452,#7453);
#7452 = CARTESIAN_POINT('',(-42.2,-21.52333333333,24.42));
#7453 = VECTOR('',#7454,1.);
#7454 = DIRECTION('',(0.,1.,0.));
#7455 = ORIENTED_EDGE('',*,*,#7409,.F.);
#7456 = ORIENTED_EDGE('',*,*,#7457,.F.);
#7457 = EDGE_CURVE('',#7441,#7410,#7458,.T.);
#7458 = LINE('',#7459,#7460);
#7459 = CARTESIAN_POINT('',(-42.2,-21.52333333333,23.42));
#7460 = VECTOR('',#7461,1.);
#7461 = DIRECTION('',(0.,1.,0.));
#7462 = PLANE('',#7463);
#7463 = AXIS2_PLACEMENT_3D('',#7464,#7465,#7466);
#7464 = CARTESIAN_POINT('',(-42.2,-21.52333333333,23.42));
#7465 = DIRECTION('',(-1.,2.2E-16,0.));
#7466 = DIRECTION('',(2.2E-16,1.,0.));
#7467 = ADVANCED_FACE('',(#7468),#7493,.T.);
#7468 = FACE_BOUND('',#7469,.T.);
#7469 = EDGE_LOOP('',(#7470,#7480,#7486,#7487));
#7470 = ORIENTED_EDGE('',*,*,#7471,.T.);
#7471 = EDGE_CURVE('',#7472,#7474,#7476,.T.);
#7472 = VERTEX_POINT('',#7473);
#7473 = CARTESIAN_POINT('',(-40.65,-21.4019047619,23.42));
#7474 = VERTEX_POINT('',#7475);
#7475 = CARTESIAN_POINT('',(-40.65,-21.4019047619,24.42));
#7476 = LINE('',#7477,#7478);
#7477 = CARTESIAN_POINT('',(-40.65,-21.4019047619,23.42));
#7478 = VECTOR('',#7479,1.);
#7479 = DIRECTION('',(0.,0.,1.));
#7480 = ORIENTED_EDGE('',*,*,#7481,.T.);
#7481 = EDGE_CURVE('',#7474,#7443,#7482,.T.);
#7482 = LINE('',#7483,#7484);
#7483 = CARTESIAN_POINT('',(-40.65,-21.4019047619,24.42));
#7484 = VECTOR('',#7485,1.);
#7485 = DIRECTION('',(-0.996945395907,-7.810171304339E-02,0.));
#7486 = ORIENTED_EDGE('',*,*,#7440,.F.);
#7487 = ORIENTED_EDGE('',*,*,#7488,.F.);
#7488 = EDGE_CURVE('',#7472,#7441,#7489,.T.);
#7489 = LINE('',#7490,#7491);
#7490 = CARTESIAN_POINT('',(-40.65,-21.4019047619,23.42));
#7491 = VECTOR('',#7492,1.);
#7492 = DIRECTION('',(-0.996945395907,-7.810171304339E-02,0.));
#7493 = PLANE('',#7494);
#7494 = AXIS2_PLACEMENT_3D('',#7495,#7496,#7497);
#7495 = CARTESIAN_POINT('',(-40.65,-21.4019047619,23.42));
#7496 = DIRECTION('',(7.810171304339E-02,-0.996945395907,0.));
#7497 = DIRECTION('',(-0.996945395907,-7.810171304339E-02,0.));
#7498 = ADVANCED_FACE('',(#7499),#7524,.T.);
#7499 = FACE_BOUND('',#7500,.T.);
#7500 = EDGE_LOOP('',(#7501,#7511,#7517,#7518));
#7501 = ORIENTED_EDGE('',*,*,#7502,.T.);
#7502 = EDGE_CURVE('',#7503,#7505,#7507,.T.);
#7503 = VERTEX_POINT('',#7504);
#7504 = CARTESIAN_POINT('',(-40.47857142857,-21.38047619047,23.42));
#7505 = VERTEX_POINT('',#7506);
#7506 = CARTESIAN_POINT('',(-40.47857142857,-21.38047619047,24.42));
#7507 = LINE('',#7508,#7509);
#7508 = CARTESIAN_POINT('',(-40.47857142857,-21.38047619047,23.42));
#7509 = VECTOR('',#7510,1.);
#7510 = DIRECTION('',(0.,0.,1.));
#7511 = ORIENTED_EDGE('',*,*,#7512,.T.);
#7512 = EDGE_CURVE('',#7505,#7474,#7513,.T.);
#7513 = B_SPLINE_CURVE_WITH_KNOTS('',2,(#7514,#7515,#7516),
  .UNSPECIFIED.,.F.,.F.,(3,3),(0.,1.),.PIECEWISE_BEZIER_KNOTS.);
#7514 = CARTESIAN_POINT('',(-40.47857142857,-21.38047619047,24.42));
#7515 = CARTESIAN_POINT('',(-40.57142857142,-21.39476190476,24.42));
#7516 = CARTESIAN_POINT('',(-40.65,-21.4019047619,24.42));
#7517 = ORIENTED_EDGE('',*,*,#7471,.F.);
#7518 = ORIENTED_EDGE('',*,*,#7519,.F.);
#7519 = EDGE_CURVE('',#7503,#7472,#7520,.T.);
#7520 = B_SPLINE_CURVE_WITH_KNOTS('',2,(#7521,#7522,#7523),
  .UNSPECIFIED.,.F.,.F.,(3,3),(0.,1.),.PIECEWISE_BEZIER_KNOTS.);
#7521 = CARTESIAN_POINT('',(-40.47857142857,-21.38047619047,23.42));
#7522 = CARTESIAN_POINT('',(-40.57142857142,-21.39476190476,23.42));
#7523 = CARTESIAN_POINT('',(-40.65,-21.4019047619,23.42));
#7524 = SURFACE_OF_LINEAR_EXTRUSION('',#7525,#7529);
#7525 = B_SPLINE_CURVE_WITH_KNOTS('',2,(#7526,#7527,#7528),
  .UNSPECIFIED.,.F.,.F.,(3,3),(0.,1.),.PIECEWISE_BEZIER_KNOTS.);
#7526 = CARTESIAN_POINT('',(-40.47857142857,-21.38047619047,23.42));
#7527 = CARTESIAN_POINT('',(-40.57142857142,-21.39476190476,23.42));
#7528 = CARTESIAN_POINT('',(-40.65,-21.4019047619,23.42));
#7529 = VECTOR('',#7530,1.);
#7530 = DIRECTION('',(-0.,-0.,-1.));
#7531 = ADVANCED_FACE('',(#7532),#7557,.T.);
#7532 = FACE_BOUND('',#7533,.T.);
#7533 = EDGE_LOOP('',(#7534,#7544,#7550,#7551));
#7534 = ORIENTED_EDGE('',*,*,#7535,.T.);
#7535 = EDGE_CURVE('',#7536,#7538,#7540,.T.);
#7536 = VERTEX_POINT('',#7537);
#7537 = CARTESIAN_POINT('',(-39.71428571428,-20.90904761904,23.42));
#7538 = VERTEX_POINT('',#7539);
#7539 = CARTESIAN_POINT('',(-39.71428571428,-20.90904761904,24.42));
#7540 = LINE('',#7541,#7542);
#7541 = CARTESIAN_POINT('',(-39.71428571428,-20.90904761904,23.42));
#7542 = VECTOR('',#7543,1.);
#7543 = DIRECTION('',(0.,0.,1.));
#7544 = ORIENTED_EDGE('',*,*,#7545,.T.);
#7545 = EDGE_CURVE('',#7538,#7505,#7546,.T.);
#7546 = B_SPLINE_CURVE_WITH_KNOTS('',2,(#7547,#7548,#7549),
  .UNSPECIFIED.,.F.,.F.,(3,3),(0.,1.),.PIECEWISE_BEZIER_KNOTS.);
#7547 = CARTESIAN_POINT('',(-39.71428571428,-20.90904761904,24.42));
#7548 = CARTESIAN_POINT('',(-39.92857142857,-21.28047619047,24.42));
#7549 = CARTESIAN_POINT('',(-40.47857142857,-21.38047619047,24.42));
#7550 = ORIENTED_EDGE('',*,*,#7502,.F.);
#7551 = ORIENTED_EDGE('',*,*,#7552,.F.);
#7552 = EDGE_CURVE('',#7536,#7503,#7553,.T.);
#7553 = B_SPLINE_CURVE_WITH_KNOTS('',2,(#7554,#7555,#7556),
  .UNSPECIFIED.,.F.,.F.,(3,3),(0.,1.),.PIECEWISE_BEZIER_KNOTS.);
#7554 = CARTESIAN_POINT('',(-39.71428571428,-20.90904761904,23.42));
#7555 = CARTESIAN_POINT('',(-39.92857142857,-21.28047619047,23.42));
#7556 = CARTESIAN_POINT('',(-40.47857142857,-21.38047619047,23.42));
#7557 = SURFACE_OF_LINEAR_EXTRUSION('',#7558,#7562);
#7558 = B_SPLINE_CURVE_WITH_KNOTS('',2,(#7559,#7560,#7561),
  .UNSPECIFIED.,.F.,.F.,(3,3),(0.,1.),.PIECEWISE_BEZIER_KNOTS.);
#7559 = CARTESIAN_POINT('',(-39.71428571428,-20.90904761904,23.42));
#7560 = CARTESIAN_POINT('',(-39.92857142857,-21.28047619047,23.42));
#7561 = CARTESIAN_POINT('',(-40.47857142857,-21.38047619047,23.42));
#7562 = VECTOR('',#7563,1.);
#7563 = DIRECTION('',(-0.,-0.,-1.));
#7564 = ADVANCED_FACE('',(#7565),#7590,.T.);
#7565 = FACE_BOUND('',#7566,.T.);
#7566 = EDGE_LOOP('',(#7567,#7577,#7583,#7584));
#7567 = ORIENTED_EDGE('',*,*,#7568,.T.);
#7568 = EDGE_CURVE('',#7569,#7571,#7573,.T.);
#7569 = VERTEX_POINT('',#7570);
#7570 = CARTESIAN_POINT('',(-38.56428571428,-21.39476190476,23.42));
#7571 = VERTEX_POINT('',#7572);
#7572 = CARTESIAN_POINT('',(-38.56428571428,-21.39476190476,24.42));
#7573 = LINE('',#7574,#7575);
#7574 = CARTESIAN_POINT('',(-38.56428571428,-21.39476190476,23.42));
#7575 = VECTOR('',#7576,1.);
#7576 = DIRECTION('',(0.,0.,1.));
#7577 = ORIENTED_EDGE('',*,*,#7578,.T.);
#7578 = EDGE_CURVE('',#7571,#7538,#7579,.T.);
#7579 = B_SPLINE_CURVE_WITH_KNOTS('',2,(#7580,#7581,#7582),
  .UNSPECIFIED.,.F.,.F.,(3,3),(0.,1.),.PIECEWISE_BEZIER_KNOTS.);
#7580 = CARTESIAN_POINT('',(-38.56428571428,-21.39476190476,24.42));
#7581 = CARTESIAN_POINT('',(-39.35714285714,-21.38761904761,24.42));
#7582 = CARTESIAN_POINT('',(-39.71428571428,-20.90904761904,24.42));
#7583 = ORIENTED_EDGE('',*,*,#7535,.F.);
#7584 = ORIENTED_EDGE('',*,*,#7585,.F.);
#7585 = EDGE_CURVE('',#7569,#7536,#7586,.T.);
#7586 = B_SPLINE_CURVE_WITH_KNOTS('',2,(#7587,#7588,#7589),
  .UNSPECIFIED.,.F.,.F.,(3,3),(0.,1.),.PIECEWISE_BEZIER_KNOTS.);
#7587 = CARTESIAN_POINT('',(-38.56428571428,-21.39476190476,23.42));
#7588 = CARTESIAN_POINT('',(-39.35714285714,-21.38761904761,23.42));
#7589 = CARTESIAN_POINT('',(-39.71428571428,-20.90904761904,23.42));
#7590 = SURFACE_OF_LINEAR_EXTRUSION('',#7591,#7595);
#7591 = B_SPLINE_CURVE_WITH_KNOTS('',2,(#7592,#7593,#7594),
  .UNSPECIFIED.,.F.,.F.,(3,3),(0.,1.),.PIECEWISE_BEZIER_KNOTS.);
#7592 = CARTESIAN_POINT('',(-38.56428571428,-21.39476190476,23.42));
#7593 = CARTESIAN_POINT('',(-39.35714285714,-21.38761904761,23.42));
#7594 = CARTESIAN_POINT('',(-39.71428571428,-20.90904761904,23.42));
#7595 = VECTOR('',#7596,1.);
#7596 = DIRECTION('',(-0.,-0.,-1.));
#7597 = ADVANCED_FACE('',(#7598),#7623,.T.);
#7598 = FACE_BOUND('',#7599,.T.);
#7599 = EDGE_LOOP('',(#7600,#7610,#7616,#7617));
#7600 = ORIENTED_EDGE('',*,*,#7601,.T.);
#7601 = EDGE_CURVE('',#7602,#7604,#7606,.T.);
#7602 = VERTEX_POINT('',#7603);
#7603 = CARTESIAN_POINT('',(-37.90714285714,-21.25904761904,23.42));
#7604 = VERTEX_POINT('',#7605);
#7605 = CARTESIAN_POINT('',(-37.90714285714,-21.25904761904,24.42));
#7606 = LINE('',#7607,#7608);
#7607 = CARTESIAN_POINT('',(-37.90714285714,-21.25904761904,23.42));
#7608 = VECTOR('',#7609,1.);
#7609 = DIRECTION('',(0.,0.,1.));
#7610 = ORIENTED_EDGE('',*,*,#7611,.T.);
#7611 = EDGE_CURVE('',#7604,#7571,#7612,.T.);
#7612 = B_SPLINE_CURVE_WITH_KNOTS('',2,(#7613,#7614,#7615),
  .UNSPECIFIED.,.F.,.F.,(3,3),(0.,1.),.PIECEWISE_BEZIER_KNOTS.);
#7613 = CARTESIAN_POINT('',(-37.90714285714,-21.25904761904,24.42));
#7614 = CARTESIAN_POINT('',(-38.19285714285,-21.39476190476,24.42));
#7615 = CARTESIAN_POINT('',(-38.56428571428,-21.39476190476,24.42));
#7616 = ORIENTED_EDGE('',*,*,#7568,.F.);
#7617 = ORIENTED_EDGE('',*,*,#7618,.F.);
#7618 = EDGE_CURVE('',#7602,#7569,#7619,.T.);
#7619 = B_SPLINE_CURVE_WITH_KNOTS('',2,(#7620,#7621,#7622),
  .UNSPECIFIED.,.F.,.F.,(3,3),(0.,1.),.PIECEWISE_BEZIER_KNOTS.);
#7620 = CARTESIAN_POINT('',(-37.90714285714,-21.25904761904,23.42));
#7621 = CARTESIAN_POINT('',(-38.19285714285,-21.39476190476,23.42));
#7622 = CARTESIAN_POINT('',(-38.56428571428,-21.39476190476,23.42));
#7623 = SURFACE_OF_LINEAR_EXTRUSION('',#7624,#7628);
#7624 = B_SPLINE_CURVE_WITH_KNOTS('',2,(#7625,#7626,#7627),
  .UNSPECIFIED.,.F.,.F.,(3,3),(0.,1.),.PIECEWISE_BEZIER_KNOTS.);
#7625 = CARTESIAN_POINT('',(-37.90714285714,-21.25904761904,23.42));
#7626 = CARTESIAN_POINT('',(-38.19285714285,-21.39476190476,23.42));
#7627 = CARTESIAN_POINT('',(-38.56428571428,-21.39476190476,23.42));
#7628 = VECTOR('',#7629,1.);
#7629 = DIRECTION('',(-0.,-0.,-1.));
#7630 = ADVANCED_FACE('',(#7631),#7656,.T.);
#7631 = FACE_BOUND('',#7632,.T.);
#7632 = EDGE_LOOP('',(#7633,#7643,#7649,#7650));
#7633 = ORIENTED_EDGE('',*,*,#7634,.T.);
#7634 = EDGE_CURVE('',#7635,#7637,#7639,.T.);
#7635 = VERTEX_POINT('',#7636);
#7636 = CARTESIAN_POINT('',(-37.2,-19.98047619047,23.42));
#7637 = VERTEX_POINT('',#7638);
#7638 = CARTESIAN_POINT('',(-37.2,-19.98047619047,24.42));
#7639 = LINE('',#7640,#7641);
#7640 = CARTESIAN_POINT('',(-37.2,-19.98047619047,23.42));
#7641 = VECTOR('',#7642,1.);
#7642 = DIRECTION('',(0.,0.,1.));
#7643 = ORIENTED_EDGE('',*,*,#7644,.T.);
#7644 = EDGE_CURVE('',#7637,#7604,#7645,.T.);
#7645 = B_SPLINE_CURVE_WITH_KNOTS('',2,(#7646,#7647,#7648),
  .UNSPECIFIED.,.F.,.F.,(3,3),(0.,1.),.PIECEWISE_BEZIER_KNOTS.);
#7646 = CARTESIAN_POINT('',(-37.2,-19.98047619047,24.42));
#7647 = CARTESIAN_POINT('',(-37.22142857142,-20.93047619047,24.42));
#7648 = CARTESIAN_POINT('',(-37.90714285714,-21.25904761904,24.42));
#7649 = ORIENTED_EDGE('',*,*,#7601,.F.);
#7650 = ORIENTED_EDGE('',*,*,#7651,.F.);
#7651 = EDGE_CURVE('',#7635,#7602,#7652,.T.);
#7652 = B_SPLINE_CURVE_WITH_KNOTS('',2,(#7653,#7654,#7655),
  .UNSPECIFIED.,.F.,.F.,(3,3),(0.,1.),.PIECEWISE_BEZIER_KNOTS.);
#7653 = CARTESIAN_POINT('',(-37.2,-19.98047619047,23.42));
#7654 = CARTESIAN_POINT('',(-37.22142857142,-20.93047619047,23.42));
#7655 = CARTESIAN_POINT('',(-37.90714285714,-21.25904761904,23.42));
#7656 = SURFACE_OF_LINEAR_EXTRUSION('',#7657,#7661);
#7657 = B_SPLINE_CURVE_WITH_KNOTS('',2,(#7658,#7659,#7660),
  .UNSPECIFIED.,.F.,.F.,(3,3),(0.,1.),.PIECEWISE_BEZIER_KNOTS.);
#7658 = CARTESIAN_POINT('',(-37.2,-19.98047619047,23.42));
#7659 = CARTESIAN_POINT('',(-37.22142857142,-20.93047619047,23.42));
#7660 = CARTESIAN_POINT('',(-37.90714285714,-21.25904761904,23.42));
#7661 = VECTOR('',#7662,1.);
#7662 = DIRECTION('',(-0.,-0.,-1.));
#7663 = ADVANCED_FACE('',(#7664),#7689,.T.);
#7664 = FACE_BOUND('',#7665,.T.);
#7665 = EDGE_LOOP('',(#7666,#7676,#7682,#7683));
#7666 = ORIENTED_EDGE('',*,*,#7667,.T.);
#7667 = EDGE_CURVE('',#7668,#7670,#7672,.T.);
#7668 = VERTEX_POINT('',#7669);
#7669 = CARTESIAN_POINT('',(-37.2,-19.54476190476,23.42));
#7670 = VERTEX_POINT('',#7671);
#7671 = CARTESIAN_POINT('',(-37.2,-19.54476190476,24.42));
#7672 = LINE('',#7673,#7674);
#7673 = CARTESIAN_POINT('',(-37.2,-19.54476190476,23.42));
#7674 = VECTOR('',#7675,1.);
#7675 = DIRECTION('',(0.,0.,1.));
#7676 = ORIENTED_EDGE('',*,*,#7677,.T.);
#7677 = EDGE_CURVE('',#7670,#7637,#7678,.T.);
#7678 = LINE('',#7679,#7680);
#7679 = CARTESIAN_POINT('',(-37.2,-19.54476190476,24.42));
#7680 = VECTOR('',#7681,1.);
#7681 = DIRECTION('',(0.,-1.,0.));
#7682 = ORIENTED_EDGE('',*,*,#7634,.F.);
#7683 = ORIENTED_EDGE('',*,*,#7684,.F.);
#7684 = EDGE_CURVE('',#7668,#7635,#7685,.T.);
#7685 = LINE('',#7686,#7687);
#7686 = CARTESIAN_POINT('',(-37.2,-19.54476190476,23.42));
#7687 = VECTOR('',#7688,1.);
#7688 = DIRECTION('',(0.,-1.,0.));
#7689 = PLANE('',#7690);
#7690 = AXIS2_PLACEMENT_3D('',#7691,#7692,#7693);
#7691 = CARTESIAN_POINT('',(-37.2,-19.54476190476,23.42));
#7692 = DIRECTION('',(1.,-2.2E-16,0.));
#7693 = DIRECTION('',(-2.2E-16,-1.,0.));
#7694 = ADVANCED_FACE('',(#7695),#7720,.T.);
#7695 = FACE_BOUND('',#7696,.T.);
#7696 = EDGE_LOOP('',(#7697,#7707,#7713,#7714));
#7697 = ORIENTED_EDGE('',*,*,#7698,.T.);
#7698 = EDGE_CURVE('',#7699,#7701,#7703,.T.);
#7699 = VERTEX_POINT('',#7700);
#7700 = CARTESIAN_POINT('',(-37.94285714285,-19.54476190476,23.42));
#7701 = VERTEX_POINT('',#7702);
#7702 = CARTESIAN_POINT('',(-37.94285714285,-19.54476190476,24.42));
#7703 = LINE('',#7704,#7705);
#7704 = CARTESIAN_POINT('',(-37.94285714285,-19.54476190476,23.42));
#7705 = VECTOR('',#7706,1.);
#7706 = DIRECTION('',(0.,0.,1.));
#7707 = ORIENTED_EDGE('',*,*,#7708,.T.);
#7708 = EDGE_CURVE('',#7701,#7670,#7709,.T.);
#7709 = LINE('',#7710,#7711);
#7710 = CARTESIAN_POINT('',(-37.94285714285,-19.54476190476,24.42));
#7711 = VECTOR('',#7712,1.);
#7712 = DIRECTION('',(1.,0.,0.));
#7713 = ORIENTED_EDGE('',*,*,#7667,.F.);
#7714 = ORIENTED_EDGE('',*,*,#7715,.F.);
#7715 = EDGE_CURVE('',#7699,#7668,#7716,.T.);
#7716 = LINE('',#7717,#7718);
#7717 = CARTESIAN_POINT('',(-37.94285714285,-19.54476190476,23.42));
#7718 = VECTOR('',#7719,1.);
#7719 = DIRECTION('',(1.,0.,0.));
#7720 = PLANE('',#7721);
#7721 = AXIS2_PLACEMENT_3D('',#7722,#7723,#7724);
#7722 = CARTESIAN_POINT('',(-37.94285714285,-19.54476190476,23.42));
#7723 = DIRECTION('',(2.2E-16,1.,0.));
#7724 = DIRECTION('',(1.,-2.2E-16,0.));
#7725 = ADVANCED_FACE('',(#7726),#7751,.T.);
#7726 = FACE_BOUND('',#7727,.T.);
#7727 = EDGE_LOOP('',(#7728,#7738,#7744,#7745));
#7728 = ORIENTED_EDGE('',*,*,#7729,.T.);
#7729 = EDGE_CURVE('',#7730,#7732,#7734,.T.);
#7730 = VERTEX_POINT('',#7731);
#7731 = CARTESIAN_POINT('',(-37.94285714285,-19.88761904761,23.42));
#7732 = VERTEX_POINT('',#7733);
#7733 = CARTESIAN_POINT('',(-37.94285714285,-19.88761904761,24.42));
#7734 = LINE('',#7735,#7736);
#7735 = CARTESIAN_POINT('',(-37.94285714285,-19.88761904761,23.42));
#7736 = VECTOR('',#7737,1.);
#7737 = DIRECTION('',(0.,0.,1.));
#7738 = ORIENTED_EDGE('',*,*,#7739,.T.);
#7739 = EDGE_CURVE('',#7732,#7701,#7740,.T.);
#7740 = LINE('',#7741,#7742);
#7741 = CARTESIAN_POINT('',(-37.94285714285,-19.88761904761,24.42));
#7742 = VECTOR('',#7743,1.);
#7743 = DIRECTION('',(0.,1.,0.));
#7744 = ORIENTED_EDGE('',*,*,#7698,.F.);
#7745 = ORIENTED_EDGE('',*,*,#7746,.F.);
#7746 = EDGE_CURVE('',#7730,#7699,#7747,.T.);
#7747 = LINE('',#7748,#7749);
#7748 = CARTESIAN_POINT('',(-37.94285714285,-19.88761904761,23.42));
#7749 = VECTOR('',#7750,1.);
#7750 = DIRECTION('',(0.,1.,0.));
#7751 = PLANE('',#7752);
#7752 = AXIS2_PLACEMENT_3D('',#7753,#7754,#7755);
#7753 = CARTESIAN_POINT('',(-37.94285714285,-19.88761904761,23.42));
#7754 = DIRECTION('',(-1.,2.2E-16,0.));
#7755 = DIRECTION('',(2.2E-16,1.,0.));
#7756 = ADVANCED_FACE('',(#7757),#7782,.T.);
#7757 = FACE_BOUND('',#7758,.T.);
#7758 = EDGE_LOOP('',(#7759,#7769,#7775,#7776));
#7759 = ORIENTED_EDGE('',*,*,#7760,.T.);
#7760 = EDGE_CURVE('',#7761,#7763,#7765,.T.);
#7761 = VERTEX_POINT('',#7762);
#7762 = CARTESIAN_POINT('',(-37.95714285714,-20.09476190476,23.42));
#7763 = VERTEX_POINT('',#7764);
#7764 = CARTESIAN_POINT('',(-37.95714285714,-20.09476190476,24.42));
#7765 = LINE('',#7766,#7767);
#7766 = CARTESIAN_POINT('',(-37.95714285714,-20.09476190476,23.42));
#7767 = VECTOR('',#7768,1.);
#7768 = DIRECTION('',(0.,0.,1.));
#7769 = ORIENTED_EDGE('',*,*,#7770,.T.);
#7770 = EDGE_CURVE('',#7763,#7732,#7771,.T.);
#7771 = B_SPLINE_CURVE_WITH_KNOTS('',2,(#7772,#7773,#7774),
  .UNSPECIFIED.,.F.,.F.,(3,3),(0.,1.),.PIECEWISE_BEZIER_KNOTS.);
#7772 = CARTESIAN_POINT('',(-37.95714285714,-20.09476190476,24.42));
#7773 = CARTESIAN_POINT('',(-37.94285714285,-19.99476190476,24.42));
#7774 = CARTESIAN_POINT('',(-37.94285714285,-19.88761904761,24.42));
#7775 = ORIENTED_EDGE('',*,*,#7729,.F.);
#7776 = ORIENTED_EDGE('',*,*,#7777,.F.);
#7777 = EDGE_CURVE('',#7761,#7730,#7778,.T.);
#7778 = B_SPLINE_CURVE_WITH_KNOTS('',2,(#7779,#7780,#7781),
  .UNSPECIFIED.,.F.,.F.,(3,3),(0.,1.),.PIECEWISE_BEZIER_KNOTS.);
#7779 = CARTESIAN_POINT('',(-37.95714285714,-20.09476190476,23.42));
#7780 = CARTESIAN_POINT('',(-37.94285714285,-19.99476190476,23.42));
#7781 = CARTESIAN_POINT('',(-37.94285714285,-19.88761904761,23.42));
#7782 = SURFACE_OF_LINEAR_EXTRUSION('',#7783,#7787);
#7783 = B_SPLINE_CURVE_WITH_KNOTS('',2,(#7784,#7785,#7786),
  .UNSPECIFIED.,.F.,.F.,(3,3),(0.,1.),.PIECEWISE_BEZIER_KNOTS.);
#7784 = CARTESIAN_POINT('',(-37.95714285714,-20.09476190476,23.42));
#7785 = CARTESIAN_POINT('',(-37.94285714285,-19.99476190476,23.42));
#7786 = CARTESIAN_POINT('',(-37.94285714285,-19.88761904761,23.42));
#7787 = VECTOR('',#7788,1.);
#7788 = DIRECTION('',(-0.,-0.,-1.));
#7789 = ADVANCED_FACE('',(#7790),#7815,.T.);
#7790 = FACE_BOUND('',#7791,.T.);
#7791 = EDGE_LOOP('',(#7792,#7802,#7808,#7809));
#7792 = ORIENTED_EDGE('',*,*,#7793,.T.);
#7793 = EDGE_CURVE('',#7794,#7796,#7798,.T.);
#7794 = VERTEX_POINT('',#7795);
#7795 = CARTESIAN_POINT('',(-38.66428571428,-20.63761904761,23.42));
#7796 = VERTEX_POINT('',#7797);
#7797 = CARTESIAN_POINT('',(-38.66428571428,-20.63761904761,24.42));
#7798 = LINE('',#7799,#7800);
#7799 = CARTESIAN_POINT('',(-38.66428571428,-20.63761904761,23.42));
#7800 = VECTOR('',#7801,1.);
#7801 = DIRECTION('',(0.,0.,1.));
#7802 = ORIENTED_EDGE('',*,*,#7803,.T.);
#7803 = EDGE_CURVE('',#7796,#7763,#7804,.T.);
#7804 = B_SPLINE_CURVE_WITH_KNOTS('',2,(#7805,#7806,#7807),
  .UNSPECIFIED.,.F.,.F.,(3,3),(0.,1.),.PIECEWISE_BEZIER_KNOTS.);
#7805 = CARTESIAN_POINT('',(-38.66428571428,-20.63761904761,24.42));
#7806 = CARTESIAN_POINT('',(-38.06428571428,-20.63761904761,24.42));
#7807 = CARTESIAN_POINT('',(-37.95714285714,-20.09476190476,24.42));
#7808 = ORIENTED_EDGE('',*,*,#7760,.F.);
#7809 = ORIENTED_EDGE('',*,*,#7810,.F.);
#7810 = EDGE_CURVE('',#7794,#7761,#7811,.T.);
#7811 = B_SPLINE_CURVE_WITH_KNOTS('',2,(#7812,#7813,#7814),
  .UNSPECIFIED.,.F.,.F.,(3,3),(0.,1.),.PIECEWISE_BEZIER_KNOTS.);
#7812 = CARTESIAN_POINT('',(-38.66428571428,-20.63761904761,23.42));
#7813 = CARTESIAN_POINT('',(-38.06428571428,-20.63761904761,23.42));
#7814 = CARTESIAN_POINT('',(-37.95714285714,-20.09476190476,23.42));
#7815 = SURFACE_OF_LINEAR_EXTRUSION('',#7816,#7820);
#7816 = B_SPLINE_CURVE_WITH_KNOTS('',2,(#7817,#7818,#7819),
  .UNSPECIFIED.,.F.,.F.,(3,3),(0.,1.),.PIECEWISE_BEZIER_KNOTS.);
#7817 = CARTESIAN_POINT('',(-38.66428571428,-20.63761904761,23.42));
#7818 = CARTESIAN_POINT('',(-38.06428571428,-20.63761904761,23.42));
#7819 = CARTESIAN_POINT('',(-37.95714285714,-20.09476190476,23.42));
#7820 = VECTOR('',#7821,1.);
#7821 = DIRECTION('',(-0.,-0.,-1.));
#7822 = ADVANCED_FACE('',(#7823),#7848,.T.);
#7823 = FACE_BOUND('',#7824,.T.);
#7824 = EDGE_LOOP('',(#7825,#7835,#7841,#7842));
#7825 = ORIENTED_EDGE('',*,*,#7826,.T.);
#7826 = EDGE_CURVE('',#7827,#7829,#7831,.T.);
#7827 = VERTEX_POINT('',#7828);
#7828 = CARTESIAN_POINT('',(-38.78571428571,-20.63047619047,23.42));
#7829 = VERTEX_POINT('',#7830);
#7830 = CARTESIAN_POINT('',(-38.78571428571,-20.63047619047,24.42));
#7831 = LINE('',#7832,#7833);
#7832 = CARTESIAN_POINT('',(-38.78571428571,-20.63047619047,23.42));
#7833 = VECTOR('',#7834,1.);
#7834 = DIRECTION('',(0.,0.,1.));
#7835 = ORIENTED_EDGE('',*,*,#7836,.T.);
#7836 = EDGE_CURVE('',#7829,#7796,#7837,.T.);
#7837 = B_SPLINE_CURVE_WITH_KNOTS('',2,(#7838,#7839,#7840),
  .UNSPECIFIED.,.F.,.F.,(3,3),(0.,1.),.PIECEWISE_BEZIER_KNOTS.);
#7838 = CARTESIAN_POINT('',(-38.78571428571,-20.63047619047,24.42));
#7839 = CARTESIAN_POINT('',(-38.72142857142,-20.63761904761,24.42));
#7840 = CARTESIAN_POINT('',(-38.66428571428,-20.63761904761,24.42));
#7841 = ORIENTED_EDGE('',*,*,#7793,.F.);
#7842 = ORIENTED_EDGE('',*,*,#7843,.F.);
#7843 = EDGE_CURVE('',#7827,#7794,#7844,.T.);
#7844 = B_SPLINE_CURVE_WITH_KNOTS('',2,(#7845,#7846,#7847),
  .UNSPECIFIED.,.F.,.F.,(3,3),(0.,1.),.PIECEWISE_BEZIER_KNOTS.);
#7845 = CARTESIAN_POINT('',(-38.78571428571,-20.63047619047,23.42));
#7846 = CARTESIAN_POINT('',(-38.72142857142,-20.63761904761,23.42));
#7847 = CARTESIAN_POINT('',(-38.66428571428,-20.63761904761,23.42));
#7848 = SURFACE_OF_LINEAR_EXTRUSION('',#7849,#7853);
#7849 = B_SPLINE_CURVE_WITH_KNOTS('',2,(#7850,#7851,#7852),
  .UNSPECIFIED.,.F.,.F.,(3,3),(0.,1.),.PIECEWISE_BEZIER_KNOTS.);
#7850 = CARTESIAN_POINT('',(-38.78571428571,-20.63047619047,23.42));
#7851 = CARTESIAN_POINT('',(-38.72142857142,-20.63761904761,23.42));
#7852 = CARTESIAN_POINT('',(-38.66428571428,-20.63761904761,23.42));
#7853 = VECTOR('',#7854,1.);
#7854 = DIRECTION('',(-0.,-0.,-1.));
#7855 = ADVANCED_FACE('',(#7856),#7881,.T.);
#7856 = FACE_BOUND('',#7857,.T.);
#7857 = EDGE_LOOP('',(#7858,#7868,#7874,#7875));
#7858 = ORIENTED_EDGE('',*,*,#7859,.T.);
#7859 = EDGE_CURVE('',#7860,#7862,#7864,.T.);
#7860 = VERTEX_POINT('',#7861);
#7861 = CARTESIAN_POINT('',(-39.37857142857,-19.94476190476,23.42));
#7862 = VERTEX_POINT('',#7863);
#7863 = CARTESIAN_POINT('',(-39.37857142857,-19.94476190476,24.42));
#7864 = LINE('',#7865,#7866);
#7865 = CARTESIAN_POINT('',(-39.37857142857,-19.94476190476,23.42));
#7866 = VECTOR('',#7867,1.);
#7867 = DIRECTION('',(0.,0.,1.));
#7868 = ORIENTED_EDGE('',*,*,#7869,.T.);
#7869 = EDGE_CURVE('',#7862,#7829,#7870,.T.);
#7870 = B_SPLINE_CURVE_WITH_KNOTS('',2,(#7871,#7872,#7873),
  .UNSPECIFIED.,.F.,.F.,(3,3),(0.,1.),.PIECEWISE_BEZIER_KNOTS.);
#7871 = CARTESIAN_POINT('',(-39.37857142857,-19.94476190476,24.42));
#7872 = CARTESIAN_POINT('',(-39.37857142857,-20.56619047619,24.42));
#7873 = CARTESIAN_POINT('',(-38.78571428571,-20.63047619047,24.42));
#7874 = ORIENTED_EDGE('',*,*,#7826,.F.);
#7875 = ORIENTED_EDGE('',*,*,#7876,.F.);
#7876 = EDGE_CURVE('',#7860,#7827,#7877,.T.);
#7877 = B_SPLINE_CURVE_WITH_KNOTS('',2,(#7878,#7879,#7880),
  .UNSPECIFIED.,.F.,.F.,(3,3),(0.,1.),.PIECEWISE_BEZIER_KNOTS.);
#7878 = CARTESIAN_POINT('',(-39.37857142857,-19.94476190476,23.42));
#7879 = CARTESIAN_POINT('',(-39.37857142857,-20.56619047619,23.42));
#7880 = CARTESIAN_POINT('',(-38.78571428571,-20.63047619047,23.42));
#7881 = SURFACE_OF_LINEAR_EXTRUSION('',#7882,#7886);
#7882 = B_SPLINE_CURVE_WITH_KNOTS('',2,(#7883,#7884,#7885),
  .UNSPECIFIED.,.F.,.F.,(3,3),(0.,1.),.PIECEWISE_BEZIER_KNOTS.);
#7883 = CARTESIAN_POINT('',(-39.37857142857,-19.94476190476,23.42));
#7884 = CARTESIAN_POINT('',(-39.37857142857,-20.56619047619,23.42));
#7885 = CARTESIAN_POINT('',(-38.78571428571,-20.63047619047,23.42));
#7886 = VECTOR('',#7887,1.);
#7887 = DIRECTION('',(-0.,-0.,-1.));
#7888 = ADVANCED_FACE('',(#7889),#7905,.T.);
#7889 = FACE_BOUND('',#7890,.T.);
#7890 = EDGE_LOOP('',(#7891,#7892,#7898,#7899));
#7891 = ORIENTED_EDGE('',*,*,#7290,.T.);
#7892 = ORIENTED_EDGE('',*,*,#7893,.T.);
#7893 = EDGE_CURVE('',#7283,#7862,#7894,.T.);
#7894 = LINE('',#7895,#7896);
#7895 = CARTESIAN_POINT('',(-39.37857142857,-19.54476190476,24.42));
#7896 = VECTOR('',#7897,1.);
#7897 = DIRECTION('',(0.,-1.,0.));
#7898 = ORIENTED_EDGE('',*,*,#7859,.F.);
#7899 = ORIENTED_EDGE('',*,*,#7900,.F.);
#7900 = EDGE_CURVE('',#7291,#7860,#7901,.T.);
#7901 = LINE('',#7902,#7903);
#7902 = CARTESIAN_POINT('',(-39.37857142857,-19.54476190476,23.42));
#7903 = VECTOR('',#7904,1.);
#7904 = DIRECTION('',(0.,-1.,0.));
#7905 = PLANE('',#7906);
#7906 = AXIS2_PLACEMENT_3D('',#7907,#7908,#7909);
#7907 = CARTESIAN_POINT('',(-39.37857142857,-19.54476190476,23.42));
#7908 = DIRECTION('',(1.,-2.2E-16,0.));
#7909 = DIRECTION('',(-2.2E-16,-1.,0.));
#7910 = ADVANCED_FACE('',(#7911),#7933,.F.);
#7911 = FACE_BOUND('',#7912,.F.);
#7912 = EDGE_LOOP('',(#7913,#7914,#7915,#7916,#7917,#7918,#7919,#7920,
    #7921,#7922,#7923,#7924,#7925,#7926,#7927,#7928,#7929,#7930,#7931,
    #7932));
#7913 = ORIENTED_EDGE('',*,*,#7298,.F.);
#7914 = ORIENTED_EDGE('',*,*,#7329,.F.);
#7915 = ORIENTED_EDGE('',*,*,#7360,.F.);
#7916 = ORIENTED_EDGE('',*,*,#7393,.F.);
#7917 = ORIENTED_EDGE('',*,*,#7426,.F.);
#7918 = ORIENTED_EDGE('',*,*,#7457,.F.);
#7919 = ORIENTED_EDGE('',*,*,#7488,.F.);
#7920 = ORIENTED_EDGE('',*,*,#7519,.F.);
#7921 = ORIENTED_EDGE('',*,*,#7552,.F.);
#7922 = ORIENTED_EDGE('',*,*,#7585,.F.);
#7923 = ORIENTED_EDGE('',*,*,#7618,.F.);
#7924 = ORIENTED_EDGE('',*,*,#7651,.F.);
#7925 = ORIENTED_EDGE('',*,*,#7684,.F.);
#7926 = ORIENTED_EDGE('',*,*,#7715,.F.);
#7927 = ORIENTED_EDGE('',*,*,#7746,.F.);
#7928 = ORIENTED_EDGE('',*,*,#7777,.F.);
#7929 = ORIENTED_EDGE('',*,*,#7810,.F.);
#7930 = ORIENTED_EDGE('',*,*,#7843,.F.);
#7931 = ORIENTED_EDGE('',*,*,#7876,.F.);
#7932 = ORIENTED_EDGE('',*,*,#7900,.F.);
#7933 = PLANE('',#7934);
#7934 = AXIS2_PLACEMENT_3D('',#7935,#7936,#7937);
#7935 = CARTESIAN_POINT('',(-39.60719016499,-19.81256201889,23.42));
#7936 = DIRECTION('',(0.,0.,1.));
#7937 = DIRECTION('',(0.,-1.,0.));
#7938 = ADVANCED_FACE('',(#7939),#7961,.T.);
#7939 = FACE_BOUND('',#7940,.T.);
#7940 = EDGE_LOOP('',(#7941,#7942,#7943,#7944,#7945,#7946,#7947,#7948,
    #7949,#7950,#7951,#7952,#7953,#7954,#7955,#7956,#7957,#7958,#7959,
    #7960));
#7941 = ORIENTED_EDGE('',*,*,#7282,.F.);
#7942 = ORIENTED_EDGE('',*,*,#7322,.F.);
#7943 = ORIENTED_EDGE('',*,*,#7353,.F.);
#7944 = ORIENTED_EDGE('',*,*,#7386,.F.);
#7945 = ORIENTED_EDGE('',*,*,#7419,.F.);
#7946 = ORIENTED_EDGE('',*,*,#7450,.F.);
#7947 = ORIENTED_EDGE('',*,*,#7481,.F.);
#7948 = ORIENTED_EDGE('',*,*,#7512,.F.);
#7949 = ORIENTED_EDGE('',*,*,#7545,.F.);
#7950 = ORIENTED_EDGE('',*,*,#7578,.F.);
#7951 = ORIENTED_EDGE('',*,*,#7611,.F.);
#7952 = ORIENTED_EDGE('',*,*,#7644,.F.);
#7953 = ORIENTED_EDGE('',*,*,#7677,.F.);
#7954 = ORIENTED_EDGE('',*,*,#7708,.F.);
#7955 = ORIENTED_EDGE('',*,*,#7739,.F.);
#7956 = ORIENTED_EDGE('',*,*,#7770,.F.);
#7957 = ORIENTED_EDGE('',*,*,#7803,.F.);
#7958 = ORIENTED_EDGE('',*,*,#7836,.F.);
#7959 = ORIENTED_EDGE('',*,*,#7869,.F.);
#7960 = ORIENTED_EDGE('',*,*,#7893,.F.);
#7961 = PLANE('',#7962);
#7962 = AXIS2_PLACEMENT_3D('',#7963,#7964,#7965);
#7963 = CARTESIAN_POINT('',(-39.60719016499,-19.81256201889,24.42));
#7964 = DIRECTION('',(0.,0.,1.));
#7965 = DIRECTION('',(0.,-1.,0.));
#7966 = MANIFOLD_SOLID_BREP('',#7967);
#7967 = CLOSED_SHELL('',(#7968,#8008,#8039,#8070,#8092,#8104));
#7968 = ADVANCED_FACE('',(#7969),#8003,.T.);
#7969 = FACE_BOUND('',#7970,.T.);
#7970 = EDGE_LOOP('',(#7971,#7981,#7989,#7997));
#7971 = ORIENTED_EDGE('',*,*,#7972,.T.);
#7972 = EDGE_CURVE('',#7973,#7975,#7977,.T.);
#7973 = VERTEX_POINT('',#7974);
#7974 = CARTESIAN_POINT('',(-42.2,-18.38047619047,23.42));
#7975 = VERTEX_POINT('',#7976);
#7976 = CARTESIAN_POINT('',(-42.2,-18.38047619047,24.42));
#7977 = LINE('',#7978,#7979);
#7978 = CARTESIAN_POINT('',(-42.2,-18.38047619047,23.42));
#7979 = VECTOR('',#7980,1.);
#7980 = DIRECTION('',(0.,0.,1.));
#7981 = ORIENTED_EDGE('',*,*,#7982,.T.);
#7982 = EDGE_CURVE('',#7975,#7983,#7985,.T.);
#7983 = VERTEX_POINT('',#7984);
#7984 = CARTESIAN_POINT('',(-37.2,-18.38047619047,24.42));
#7985 = LINE('',#7986,#7987);
#7986 = CARTESIAN_POINT('',(-42.2,-18.38047619047,24.42));
#7987 = VECTOR('',#7988,1.);
#7988 = DIRECTION('',(1.,0.,0.));
#7989 = ORIENTED_EDGE('',*,*,#7990,.F.);
#7990 = EDGE_CURVE('',#7991,#7983,#7993,.T.);
#7991 = VERTEX_POINT('',#7992);
#7992 = CARTESIAN_POINT('',(-37.2,-18.38047619047,23.42));
#7993 = LINE('',#7994,#7995);
#7994 = CARTESIAN_POINT('',(-37.2,-18.38047619047,23.42));
#7995 = VECTOR('',#7996,1.);
#7996 = DIRECTION('',(0.,0.,1.));
#7997 = ORIENTED_EDGE('',*,*,#7998,.F.);
#7998 = EDGE_CURVE('',#7973,#7991,#7999,.T.);
#7999 = LINE('',#8000,#8001);
#8000 = CARTESIAN_POINT('',(-42.2,-18.38047619047,23.42));
#8001 = VECTOR('',#8002,1.);
#8002 = DIRECTION('',(1.,0.,0.));
#8003 = PLANE('',#8004);
#8004 = AXIS2_PLACEMENT_3D('',#8005,#8006,#8007);
#8005 = CARTESIAN_POINT('',(-42.2,-18.38047619047,23.42));
#8006 = DIRECTION('',(2.2E-16,1.,0.));
#8007 = DIRECTION('',(1.,-2.2E-16,0.));
#8008 = ADVANCED_FACE('',(#8009),#8034,.T.);
#8009 = FACE_BOUND('',#8010,.T.);
#8010 = EDGE_LOOP('',(#8011,#8021,#8027,#8028));
#8011 = ORIENTED_EDGE('',*,*,#8012,.T.);
#8012 = EDGE_CURVE('',#8013,#8015,#8017,.T.);
#8013 = VERTEX_POINT('',#8014);
#8014 = CARTESIAN_POINT('',(-42.2,-19.18047619047,23.42));
#8015 = VERTEX_POINT('',#8016);
#8016 = CARTESIAN_POINT('',(-42.2,-19.18047619047,24.42));
#8017 = LINE('',#8018,#8019);
#8018 = CARTESIAN_POINT('',(-42.2,-19.18047619047,23.42));
#8019 = VECTOR('',#8020,1.);
#8020 = DIRECTION('',(0.,0.,1.));
#8021 = ORIENTED_EDGE('',*,*,#8022,.T.);
#8022 = EDGE_CURVE('',#8015,#7975,#8023,.T.);
#8023 = LINE('',#8024,#8025);
#8024 = CARTESIAN_POINT('',(-42.2,-19.18047619047,24.42));
#8025 = VECTOR('',#8026,1.);
#8026 = DIRECTION('',(0.,1.,0.));
#8027 = ORIENTED_EDGE('',*,*,#7972,.F.);
#8028 = ORIENTED_EDGE('',*,*,#8029,.F.);
#8029 = EDGE_CURVE('',#8013,#7973,#8030,.T.);
#8030 = LINE('',#8031,#8032);
#8031 = CARTESIAN_POINT('',(-42.2,-19.18047619047,23.42));
#8032 = VECTOR('',#8033,1.);
#8033 = DIRECTION('',(0.,1.,0.));
#8034 = PLANE('',#8035);
#8035 = AXIS2_PLACEMENT_3D('',#8036,#8037,#8038);
#8036 = CARTESIAN_POINT('',(-42.2,-19.18047619047,23.42));
#8037 = DIRECTION('',(-1.,2.2E-16,0.));
#8038 = DIRECTION('',(2.2E-16,1.,0.));
#8039 = ADVANCED_FACE('',(#8040),#8065,.T.);
#8040 = FACE_BOUND('',#8041,.T.);
#8041 = EDGE_LOOP('',(#8042,#8052,#8058,#8059));
#8042 = ORIENTED_EDGE('',*,*,#8043,.T.);
#8043 = EDGE_CURVE('',#8044,#8046,#8048,.T.);
#8044 = VERTEX_POINT('',#8045);
#8045 = CARTESIAN_POINT('',(-37.2,-19.18047619047,23.42));
#8046 = VERTEX_POINT('',#8047);
#8047 = CARTESIAN_POINT('',(-37.2,-19.18047619047,24.42));
#8048 = LINE('',#8049,#8050);
#8049 = CARTESIAN_POINT('',(-37.2,-19.18047619047,23.42));
#8050 = VECTOR('',#8051,1.);
#8051 = DIRECTION('',(0.,0.,1.));
#8052 = ORIENTED_EDGE('',*,*,#8053,.T.);
#8053 = EDGE_CURVE('',#8046,#8015,#8054,.T.);
#8054 = LINE('',#8055,#8056);
#8055 = CARTESIAN_POINT('',(-37.2,-19.18047619047,24.42));
#8056 = VECTOR('',#8057,1.);
#8057 = DIRECTION('',(-1.,0.,0.));
#8058 = ORIENTED_EDGE('',*,*,#8012,.F.);
#8059 = ORIENTED_EDGE('',*,*,#8060,.F.);
#8060 = EDGE_CURVE('',#8044,#8013,#8061,.T.);
#8061 = LINE('',#8062,#8063);
#8062 = CARTESIAN_POINT('',(-37.2,-19.18047619047,23.42));
#8063 = VECTOR('',#8064,1.);
#8064 = DIRECTION('',(-1.,0.,0.));
#8065 = PLANE('',#8066);
#8066 = AXIS2_PLACEMENT_3D('',#8067,#8068,#8069);
#8067 = CARTESIAN_POINT('',(-37.2,-19.18047619047,23.42));
#8068 = DIRECTION('',(-2.2E-16,-1.,0.));
#8069 = DIRECTION('',(-1.,2.2E-16,0.));
#8070 = ADVANCED_FACE('',(#8071),#8087,.T.);
#8071 = FACE_BOUND('',#8072,.T.);
#8072 = EDGE_LOOP('',(#8073,#8074,#8080,#8081));
#8073 = ORIENTED_EDGE('',*,*,#7990,.T.);
#8074 = ORIENTED_EDGE('',*,*,#8075,.T.);
#8075 = EDGE_CURVE('',#7983,#8046,#8076,.T.);
#8076 = LINE('',#8077,#8078);
#8077 = CARTESIAN_POINT('',(-37.2,-18.38047619047,24.42));
#8078 = VECTOR('',#8079,1.);
#8079 = DIRECTION('',(0.,-1.,0.));
#8080 = ORIENTED_EDGE('',*,*,#8043,.F.);
#8081 = ORIENTED_EDGE('',*,*,#8082,.F.);
#8082 = EDGE_CURVE('',#7991,#8044,#8083,.T.);
#8083 = LINE('',#8084,#8085);
#8084 = CARTESIAN_POINT('',(-37.2,-18.38047619047,23.42));
#8085 = VECTOR('',#8086,1.);
#8086 = DIRECTION('',(0.,-1.,0.));
#8087 = PLANE('',#8088);
#8088 = AXIS2_PLACEMENT_3D('',#8089,#8090,#8091);
#8089 = CARTESIAN_POINT('',(-37.2,-18.38047619047,23.42));
#8090 = DIRECTION('',(1.,-2.2E-16,0.));
#8091 = DIRECTION('',(-2.2E-16,-1.,0.));
#8092 = ADVANCED_FACE('',(#8093),#8099,.F.);
#8093 = FACE_BOUND('',#8094,.F.);
#8094 = EDGE_LOOP('',(#8095,#8096,#8097,#8098));
#8095 = ORIENTED_EDGE('',*,*,#7998,.F.);
#8096 = ORIENTED_EDGE('',*,*,#8029,.F.);
#8097 = ORIENTED_EDGE('',*,*,#8060,.F.);
#8098 = ORIENTED_EDGE('',*,*,#8082,.F.);
#8099 = PLANE('',#8100);
#8100 = AXIS2_PLACEMENT_3D('',#8101,#8102,#8103);
#8101 = CARTESIAN_POINT('',(-39.60719016499,-19.81256201889,23.42));
#8102 = DIRECTION('',(0.,0.,1.));
#8103 = DIRECTION('',(0.,-1.,0.));
#8104 = ADVANCED_FACE('',(#8105),#8111,.T.);
#8105 = FACE_BOUND('',#8106,.T.);
#8106 = EDGE_LOOP('',(#8107,#8108,#8109,#8110));
#8107 = ORIENTED_EDGE('',*,*,#7982,.F.);
#8108 = ORIENTED_EDGE('',*,*,#8022,.F.);
#8109 = ORIENTED_EDGE('',*,*,#8053,.F.);
#8110 = ORIENTED_EDGE('',*,*,#8075,.F.);
#8111 = PLANE('',#8112);
#8112 = AXIS2_PLACEMENT_3D('',#8113,#8114,#8115);
#8113 = CARTESIAN_POINT('',(-39.60719016499,-19.81256201889,24.42));
#8114 = DIRECTION('',(0.,0.,1.));
#8115 = DIRECTION('',(0.,-1.,0.));
#8116 = MANIFOLD_SOLID_BREP('',#8117);
#8117 = CLOSED_SHELL('',(#8118,#8158,#8189,#8220,#8251,#8282,#8304,#8318
    ));
#8118 = ADVANCED_FACE('',(#8119),#8153,.T.);
#8119 = FACE_BOUND('',#8120,.T.);
#8120 = EDGE_LOOP('',(#8121,#8131,#8139,#8147));
#8121 = ORIENTED_EDGE('',*,*,#8122,.T.);
#8122 = EDGE_CURVE('',#8123,#8125,#8127,.T.);
#8123 = VERTEX_POINT('',#8124);
#8124 = CARTESIAN_POINT('',(-37.2,-21.81333333333,23.42));
#8125 = VERTEX_POINT('',#8126);
#8126 = CARTESIAN_POINT('',(-37.2,-21.81333333333,24.42));
#8127 = LINE('',#8128,#8129);
#8128 = CARTESIAN_POINT('',(-37.2,-21.81333333333,23.42));
#8129 = VECTOR('',#8130,1.);
#8130 = DIRECTION('',(0.,0.,1.));
#8131 = ORIENTED_EDGE('',*,*,#8132,.T.);
#8132 = EDGE_CURVE('',#8125,#8133,#8135,.T.);
#8133 = VERTEX_POINT('',#8134);
#8134 = CARTESIAN_POINT('',(-37.2,-22.6419047619,24.42));
#8135 = LINE('',#8136,#8137);
#8136 = CARTESIAN_POINT('',(-37.2,-21.81333333333,24.42));
#8137 = VECTOR('',#8138,1.);
#8138 = DIRECTION('',(0.,-1.,0.));
#8139 = ORIENTED_EDGE('',*,*,#8140,.F.);
#8140 = EDGE_CURVE('',#8141,#8133,#8143,.T.);
#8141 = VERTEX_POINT('',#8142);
#8142 = CARTESIAN_POINT('',(-37.2,-22.6419047619,23.42));
#8143 = LINE('',#8144,#8145);
#8144 = CARTESIAN_POINT('',(-37.2,-22.6419047619,23.42));
#8145 = VECTOR('',#8146,1.);
#8146 = DIRECTION('',(0.,0.,1.));
#8147 = ORIENTED_EDGE('',*,*,#8148,.F.);
#8148 = EDGE_CURVE('',#8123,#8141,#8149,.T.);
#8149 = LINE('',#8150,#8151);
#8150 = CARTESIAN_POINT('',(-37.2,-21.81333333333,23.42));
#8151 = VECTOR('',#8152,1.);
#8152 = DIRECTION('',(0.,-1.,0.));
#8153 = PLANE('',#8154);
#8154 = AXIS2_PLACEMENT_3D('',#8155,#8156,#8157);
#8155 = CARTESIAN_POINT('',(-37.2,-21.81333333333,23.42));
#8156 = DIRECTION('',(1.,-2.2E-16,0.));
#8157 = DIRECTION('',(-2.2E-16,-1.,0.));
#8158 = ADVANCED_FACE('',(#8159),#8184,.T.);
#8159 = FACE_BOUND('',#8160,.T.);
#8160 = EDGE_LOOP('',(#8161,#8171,#8177,#8178));
#8161 = ORIENTED_EDGE('',*,*,#8162,.T.);
#8162 = EDGE_CURVE('',#8163,#8165,#8167,.T.);
#8163 = VERTEX_POINT('',#8164);
#8164 = CARTESIAN_POINT('',(-40.4,-22.86333333333,23.42));
#8165 = VERTEX_POINT('',#8166);
#8166 = CARTESIAN_POINT('',(-40.4,-22.86333333333,24.42));
#8167 = LINE('',#8168,#8169);
#8168 = CARTESIAN_POINT('',(-40.4,-22.86333333333,23.42));
#8169 = VECTOR('',#8170,1.);
#8170 = DIRECTION('',(0.,0.,1.));
#8171 = ORIENTED_EDGE('',*,*,#8172,.T.);
#8172 = EDGE_CURVE('',#8165,#8125,#8173,.T.);
#8173 = LINE('',#8174,#8175);
#8174 = CARTESIAN_POINT('',(-40.4,-22.86333333333,24.42));
#8175 = VECTOR('',#8176,1.);
#8176 = DIRECTION('',(0.950157464068,0.311770417897,0.));
#8177 = ORIENTED_EDGE('',*,*,#8122,.F.);
#8178 = ORIENTED_EDGE('',*,*,#8179,.F.);
#8179 = EDGE_CURVE('',#8163,#8123,#8180,.T.);
#8180 = LINE('',#8181,#8182);
#8181 = CARTESIAN_POINT('',(-40.4,-22.86333333333,23.42));
#8182 = VECTOR('',#8183,1.);
#8183 = DIRECTION('',(0.950157464068,0.311770417897,0.));
#8184 = PLANE('',#8185);
#8185 = AXIS2_PLACEMENT_3D('',#8186,#8187,#8188);
#8186 = CARTESIAN_POINT('',(-40.4,-22.86333333333,23.42));
#8187 = DIRECTION('',(-0.311770417897,0.950157464068,0.));
#8188 = DIRECTION('',(0.950157464068,0.311770417897,0.));
#8189 = ADVANCED_FACE('',(#8190),#8215,.T.);
#8190 = FACE_BOUND('',#8191,.T.);
#8191 = EDGE_LOOP('',(#8192,#8202,#8208,#8209));
#8192 = ORIENTED_EDGE('',*,*,#8193,.T.);
#8193 = EDGE_CURVE('',#8194,#8196,#8198,.T.);
#8194 = VERTEX_POINT('',#8195);
#8195 = CARTESIAN_POINT('',(-42.2,-22.86333333333,23.42));
#8196 = VERTEX_POINT('',#8197);
#8197 = CARTESIAN_POINT('',(-42.2,-22.86333333333,24.42));
#8198 = LINE('',#8199,#8200);
#8199 = CARTESIAN_POINT('',(-42.2,-22.86333333333,23.42));
#8200 = VECTOR('',#8201,1.);
#8201 = DIRECTION('',(0.,0.,1.));
#8202 = ORIENTED_EDGE('',*,*,#8203,.T.);
#8203 = EDGE_CURVE('',#8196,#8165,#8204,.T.);
#8204 = LINE('',#8205,#8206);
#8205 = CARTESIAN_POINT('',(-42.2,-22.86333333333,24.42));
#8206 = VECTOR('',#8207,1.);
#8207 = DIRECTION('',(1.,0.,0.));
#8208 = ORIENTED_EDGE('',*,*,#8162,.F.);
#8209 = ORIENTED_EDGE('',*,*,#8210,.F.);
#8210 = EDGE_CURVE('',#8194,#8163,#8211,.T.);
#8211 = LINE('',#8212,#8213);
#8212 = CARTESIAN_POINT('',(-42.2,-22.86333333333,23.42));
#8213 = VECTOR('',#8214,1.);
#8214 = DIRECTION('',(1.,0.,0.));
#8215 = PLANE('',#8216);
#8216 = AXIS2_PLACEMENT_3D('',#8217,#8218,#8219);
#8217 = CARTESIAN_POINT('',(-42.2,-22.86333333333,23.42));
#8218 = DIRECTION('',(2.2E-16,1.,0.));
#8219 = DIRECTION('',(1.,-2.2E-16,0.));
#8220 = ADVANCED_FACE('',(#8221),#8246,.T.);
#8221 = FACE_BOUND('',#8222,.T.);
#8222 = EDGE_LOOP('',(#8223,#8233,#8239,#8240));
#8223 = ORIENTED_EDGE('',*,*,#8224,.T.);
#8224 = EDGE_CURVE('',#8225,#8227,#8229,.T.);
#8225 = VERTEX_POINT('',#8226);
#8226 = CARTESIAN_POINT('',(-42.2,-23.68476190476,23.42));
#8227 = VERTEX_POINT('',#8228);
#8228 = CARTESIAN_POINT('',(-42.2,-23.68476190476,24.42));
#8229 = LINE('',#8230,#8231);
#8230 = CARTESIAN_POINT('',(-42.2,-23.68476190476,23.42));
#8231 = VECTOR('',#8232,1.);
#8232 = DIRECTION('',(0.,0.,1.));
#8233 = ORIENTED_EDGE('',*,*,#8234,.T.);
#8234 = EDGE_CURVE('',#8227,#8196,#8235,.T.);
#8235 = LINE('',#8236,#8237);
#8236 = CARTESIAN_POINT('',(-42.2,-23.68476190476,24.42));
#8237 = VECTOR('',#8238,1.);
#8238 = DIRECTION('',(0.,1.,0.));
#8239 = ORIENTED_EDGE('',*,*,#8193,.F.);
#8240 = ORIENTED_EDGE('',*,*,#8241,.F.);
#8241 = EDGE_CURVE('',#8225,#8194,#8242,.T.);
#8242 = LINE('',#8243,#8244);
#8243 = CARTESIAN_POINT('',(-42.2,-23.68476190476,23.42));
#8244 = VECTOR('',#8245,1.);
#8245 = DIRECTION('',(0.,1.,0.));
#8246 = PLANE('',#8247);
#8247 = AXIS2_PLACEMENT_3D('',#8248,#8249,#8250);
#8248 = CARTESIAN_POINT('',(-42.2,-23.68476190476,23.42));
#8249 = DIRECTION('',(-1.,2.2E-16,0.));
#8250 = DIRECTION('',(2.2E-16,1.,0.));
#8251 = ADVANCED_FACE('',(#8252),#8277,.T.);
#8252 = FACE_BOUND('',#8253,.T.);
#8253 = EDGE_LOOP('',(#8254,#8264,#8270,#8271));
#8254 = ORIENTED_EDGE('',*,*,#8255,.T.);
#8255 = EDGE_CURVE('',#8256,#8258,#8260,.T.);
#8256 = VERTEX_POINT('',#8257);
#8257 = CARTESIAN_POINT('',(-40.39285714285,-23.68476190476,23.42));
#8258 = VERTEX_POINT('',#8259);
#8259 = CARTESIAN_POINT('',(-40.39285714285,-23.68476190476,24.42));
#8260 = LINE('',#8261,#8262);
#8261 = CARTESIAN_POINT('',(-40.39285714285,-23.68476190476,23.42));
#8262 = VECTOR('',#8263,1.);
#8263 = DIRECTION('',(0.,0.,1.));
#8264 = ORIENTED_EDGE('',*,*,#8265,.T.);
#8265 = EDGE_CURVE('',#8258,#8227,#8266,.T.);
#8266 = LINE('',#8267,#8268);
#8267 = CARTESIAN_POINT('',(-40.39285714285,-23.68476190476,24.42));
#8268 = VECTOR('',#8269,1.);
#8269 = DIRECTION('',(-1.,0.,0.));
#8270 = ORIENTED_EDGE('',*,*,#8224,.F.);
#8271 = ORIENTED_EDGE('',*,*,#8272,.F.);
#8272 = EDGE_CURVE('',#8256,#8225,#8273,.T.);
#8273 = LINE('',#8274,#8275);
#8274 = CARTESIAN_POINT('',(-40.39285714285,-23.68476190476,23.42));
#8275 = VECTOR('',#8276,1.);
#8276 = DIRECTION('',(-1.,0.,0.));
#8277 = PLANE('',#8278);
#8278 = AXIS2_PLACEMENT_3D('',#8279,#8280,#8281);
#8279 = CARTESIAN_POINT('',(-40.39285714285,-23.68476190476,23.42));
#8280 = DIRECTION('',(-2.2E-16,-1.,0.));
#8281 = DIRECTION('',(-1.,2.2E-16,0.));
#8282 = ADVANCED_FACE('',(#8283),#8299,.T.);
#8283 = FACE_BOUND('',#8284,.T.);
#8284 = EDGE_LOOP('',(#8285,#8286,#8292,#8293));
#8285 = ORIENTED_EDGE('',*,*,#8140,.T.);
#8286 = ORIENTED_EDGE('',*,*,#8287,.T.);
#8287 = EDGE_CURVE('',#8133,#8258,#8288,.T.);
#8288 = LINE('',#8289,#8290);
#8289 = CARTESIAN_POINT('',(-37.2,-22.6419047619,24.42));
#8290 = VECTOR('',#8291,1.);
#8291 = DIRECTION('',(-0.95057984149,-0.310480216684,0.));
#8292 = ORIENTED_EDGE('',*,*,#8255,.F.);
#8293 = ORIENTED_EDGE('',*,*,#8294,.F.);
#8294 = EDGE_CURVE('',#8141,#8256,#8295,.T.);
#8295 = LINE('',#8296,#8297);
#8296 = CARTESIAN_POINT('',(-37.2,-22.6419047619,23.42));
#8297 = VECTOR('',#8298,1.);
#8298 = DIRECTION('',(-0.95057984149,-0.310480216684,0.));
#8299 = PLANE('',#8300);
#8300 = AXIS2_PLACEMENT_3D('',#8301,#8302,#8303);
#8301 = CARTESIAN_POINT('',(-37.2,-22.6419047619,23.42));
#8302 = DIRECTION('',(0.310480216684,-0.95057984149,0.));
#8303 = DIRECTION('',(-0.95057984149,-0.310480216684,0.));
#8304 = ADVANCED_FACE('',(#8305),#8313,.F.);
#8305 = FACE_BOUND('',#8306,.F.);
#8306 = EDGE_LOOP('',(#8307,#8308,#8309,#8310,#8311,#8312));
#8307 = ORIENTED_EDGE('',*,*,#8148,.F.);
#8308 = ORIENTED_EDGE('',*,*,#8179,.F.);
#8309 = ORIENTED_EDGE('',*,*,#8210,.F.);
#8310 = ORIENTED_EDGE('',*,*,#8241,.F.);
#8311 = ORIENTED_EDGE('',*,*,#8272,.F.);
#8312 = ORIENTED_EDGE('',*,*,#8294,.F.);
#8313 = PLANE('',#8314);
#8314 = AXIS2_PLACEMENT_3D('',#8315,#8316,#8317);
#8315 = CARTESIAN_POINT('',(-39.21662928859,-23.33639764064,23.42));
#8316 = DIRECTION('',(0.,0.,1.));
#8317 = DIRECTION('',(0.,-1.,0.));
#8318 = ADVANCED_FACE('',(#8319),#8327,.T.);
#8319 = FACE_BOUND('',#8320,.T.);
#8320 = EDGE_LOOP('',(#8321,#8322,#8323,#8324,#8325,#8326));
#8321 = ORIENTED_EDGE('',*,*,#8132,.F.);
#8322 = ORIENTED_EDGE('',*,*,#8172,.F.);
#8323 = ORIENTED_EDGE('',*,*,#8203,.F.);
#8324 = ORIENTED_EDGE('',*,*,#8234,.F.);
#8325 = ORIENTED_EDGE('',*,*,#8265,.F.);
#8326 = ORIENTED_EDGE('',*,*,#8287,.F.);
#8327 = PLANE('',#8328);
#8328 = AXIS2_PLACEMENT_3D('',#8329,#8330,#8331);
#8329 = CARTESIAN_POINT('',(-39.21662928859,-23.33639764064,24.42));
#8330 = DIRECTION('',(0.,0.,1.));
#8331 = DIRECTION('',(0.,-1.,0.));
#8332 = MANIFOLD_SOLID_BREP('',#8333);
#8333 = CLOSED_SHELL('',(#8334,#8374,#8405,#8436,#8467,#8489,#8502));
#8334 = ADVANCED_FACE('',(#8335),#8369,.T.);
#8335 = FACE_BOUND('',#8336,.T.);
#8336 = EDGE_LOOP('',(#8337,#8347,#8355,#8363));
#8337 = ORIENTED_EDGE('',*,*,#8338,.T.);
#8338 = EDGE_CURVE('',#8339,#8341,#8343,.T.);
#8339 = VERTEX_POINT('',#8340);
#8340 = CARTESIAN_POINT('',(-38.59285714285,-23.52047619047,23.42));
#8341 = VERTEX_POINT('',#8342);
#8342 = CARTESIAN_POINT('',(-38.59285714285,-23.52047619047,24.42));
#8343 = LINE('',#8344,#8345);
#8344 = CARTESIAN_POINT('',(-38.59285714285,-23.52047619047,23.42));
#8345 = VECTOR('',#8346,1.);
#8346 = DIRECTION('',(0.,0.,1.));
#8347 = ORIENTED_EDGE('',*,*,#8348,.T.);
#8348 = EDGE_CURVE('',#8341,#8349,#8351,.T.);
#8349 = VERTEX_POINT('',#8350);
#8350 = CARTESIAN_POINT('',(-37.2,-24.0419047619,24.42));
#8351 = LINE('',#8352,#8353);
#8352 = CARTESIAN_POINT('',(-38.59285714285,-23.52047619047,24.42));
#8353 = VECTOR('',#8354,1.);
#8354 = DIRECTION('',(0.936526400854,-0.350597062884,0.));
#8355 = ORIENTED_EDGE('',*,*,#8356,.F.);
#8356 = EDGE_CURVE('',#8357,#8349,#8359,.T.);
#8357 = VERTEX_POINT('',#8358);
#8358 = CARTESIAN_POINT('',(-37.2,-24.0419047619,23.42));
#8359 = LINE('',#8360,#8361);
#8360 = CARTESIAN_POINT('',(-37.2,-24.0419047619,23.42));
#8361 = VECTOR('',#8362,1.);
#8362 = DIRECTION('',(0.,0.,1.));
#8363 = ORIENTED_EDGE('',*,*,#8364,.F.);
#8364 = EDGE_CURVE('',#8339,#8357,#8365,.T.);
#8365 = LINE('',#8366,#8367);
#8366 = CARTESIAN_POINT('',(-38.59285714285,-23.52047619047,23.42));
#8367 = VECTOR('',#8368,1.);
#8368 = DIRECTION('',(0.936526400854,-0.350597062884,0.));
#8369 = PLANE('',#8370);
#8370 = AXIS2_PLACEMENT_3D('',#8371,#8372,#8373);
#8371 = CARTESIAN_POINT('',(-38.59285714285,-23.52047619047,23.42));
#8372 = DIRECTION('',(0.350597062884,0.936526400854,0.));
#8373 = DIRECTION('',(0.936526400854,-0.350597062884,0.));
#8374 = ADVANCED_FACE('',(#8375),#8400,.T.);
#8375 = FACE_BOUND('',#8376,.T.);
#8376 = EDGE_LOOP('',(#8377,#8387,#8393,#8394));
#8377 = ORIENTED_EDGE('',*,*,#8378,.T.);
#8378 = EDGE_CURVE('',#8379,#8381,#8383,.T.);
#8379 = VERTEX_POINT('',#8380);
#8380 = CARTESIAN_POINT('',(-39.87857142857,-23.8919047619,23.42));
#8381 = VERTEX_POINT('',#8382);
#8382 = CARTESIAN_POINT('',(-39.87857142857,-23.8919047619,24.42));
#8383 = LINE('',#8384,#8385);
#8384 = CARTESIAN_POINT('',(-39.87857142857,-23.8919047619,23.42));
#8385 = VECTOR('',#8386,1.);
#8386 = DIRECTION('',(0.,0.,1.));
#8387 = ORIENTED_EDGE('',*,*,#8388,.T.);
#8388 = EDGE_CURVE('',#8381,#8341,#8389,.T.);
#8389 = LINE('',#8390,#8391);
#8390 = CARTESIAN_POINT('',(-39.87857142857,-23.8919047619,24.42));
#8391 = VECTOR('',#8392,1.);
#8392 = DIRECTION('',(0.960714182841,0.277539652821,0.));
#8393 = ORIENTED_EDGE('',*,*,#8338,.F.);
#8394 = ORIENTED_EDGE('',*,*,#8395,.F.);
#8395 = EDGE_CURVE('',#8379,#8339,#8396,.T.);
#8396 = LINE('',#8397,#8398);
#8397 = CARTESIAN_POINT('',(-39.87857142857,-23.8919047619,23.42));
#8398 = VECTOR('',#8399,1.);
#8399 = DIRECTION('',(0.960714182841,0.277539652821,0.));
#8400 = PLANE('',#8401);
#8401 = AXIS2_PLACEMENT_3D('',#8402,#8403,#8404);
#8402 = CARTESIAN_POINT('',(-39.87857142857,-23.8919047619,23.42));
#8403 = DIRECTION('',(-0.277539652821,0.960714182841,0.));
#8404 = DIRECTION('',(0.960714182841,0.277539652821,0.));
#8405 = ADVANCED_FACE('',(#8406),#8431,.T.);
#8406 = FACE_BOUND('',#8407,.T.);
#8407 = EDGE_LOOP('',(#8408,#8418,#8424,#8425));
#8408 = ORIENTED_EDGE('',*,*,#8409,.T.);
#8409 = EDGE_CURVE('',#8410,#8412,#8414,.T.);
#8410 = VERTEX_POINT('',#8411);
#8411 = CARTESIAN_POINT('',(-39.87857142857,-23.94904761904,23.42));
#8412 = VERTEX_POINT('',#8413);
#8413 = CARTESIAN_POINT('',(-39.87857142857,-23.94904761904,24.42));
#8414 = LINE('',#8415,#8416);
#8415 = CARTESIAN_POINT('',(-39.87857142857,-23.94904761904,23.42));
#8416 = VECTOR('',#8417,1.);
#8417 = DIRECTION('',(0.,0.,1.));
#8418 = ORIENTED_EDGE('',*,*,#8419,.T.);
#8419 = EDGE_CURVE('',#8412,#8381,#8420,.T.);
#8420 = LINE('',#8421,#8422);
#8421 = CARTESIAN_POINT('',(-39.87857142857,-23.94904761904,24.42));
#8422 = VECTOR('',#8423,1.);
#8423 = DIRECTION('',(0.,1.,0.));
#8424 = ORIENTED_EDGE('',*,*,#8378,.F.);
#8425 = ORIENTED_EDGE('',*,*,#8426,.F.);
#8426 = EDGE_CURVE('',#8410,#8379,#8427,.T.);
#8427 = LINE('',#8428,#8429);
#8428 = CARTESIAN_POINT('',(-39.87857142857,-23.94904761904,23.42));
#8429 = VECTOR('',#8430,1.);
#8430 = DIRECTION('',(0.,1.,0.));
#8431 = PLANE('',#8432);
#8432 = AXIS2_PLACEMENT_3D('',#8433,#8434,#8435);
#8433 = CARTESIAN_POINT('',(-39.87857142857,-23.94904761904,23.42));
#8434 = DIRECTION('',(-1.,2.2E-16,0.));
#8435 = DIRECTION('',(2.2E-16,1.,0.));
#8436 = ADVANCED_FACE('',(#8437),#8462,.T.);
#8437 = FACE_BOUND('',#8438,.T.);
#8438 = EDGE_LOOP('',(#8439,#8449,#8455,#8456));
#8439 = ORIENTED_EDGE('',*,*,#8440,.T.);
#8440 = EDGE_CURVE('',#8441,#8443,#8445,.T.);
#8441 = VERTEX_POINT('',#8442);
#8442 = CARTESIAN_POINT('',(-37.2,-24.86333333333,23.42));
#8443 = VERTEX_POINT('',#8444);
#8444 = CARTESIAN_POINT('',(-37.2,-24.86333333333,24.42));
#8445 = LINE('',#8446,#8447);
#8446 = CARTESIAN_POINT('',(-37.2,-24.86333333333,23.42));
#8447 = VECTOR('',#8448,1.);
#8448 = DIRECTION('',(0.,0.,1.));
#8449 = ORIENTED_EDGE('',*,*,#8450,.T.);
#8450 = EDGE_CURVE('',#8443,#8412,#8451,.T.);
#8451 = LINE('',#8452,#8453);
#8452 = CARTESIAN_POINT('',(-37.2,-24.86333333333,24.42));
#8453 = VECTOR('',#8454,1.);
#8454 = DIRECTION('',(-0.946387496742,0.323033598888,0.));
#8455 = ORIENTED_EDGE('',*,*,#8409,.F.);
#8456 = ORIENTED_EDGE('',*,*,#8457,.F.);
#8457 = EDGE_CURVE('',#8441,#8410,#8458,.T.);
#8458 = LINE('',#8459,#8460);
#8459 = CARTESIAN_POINT('',(-37.2,-24.86333333333,23.42));
#8460 = VECTOR('',#8461,1.);
#8461 = DIRECTION('',(-0.946387496742,0.323033598888,0.));
#8462 = PLANE('',#8463);
#8463 = AXIS2_PLACEMENT_3D('',#8464,#8465,#8466);
#8464 = CARTESIAN_POINT('',(-37.2,-24.86333333333,23.42));
#8465 = DIRECTION('',(-0.323033598888,-0.946387496742,0.));
#8466 = DIRECTION('',(-0.946387496742,0.323033598888,0.));
#8467 = ADVANCED_FACE('',(#8468),#8484,.T.);
#8468 = FACE_BOUND('',#8469,.T.);
#8469 = EDGE_LOOP('',(#8470,#8471,#8477,#8478));
#8470 = ORIENTED_EDGE('',*,*,#8356,.T.);
#8471 = ORIENTED_EDGE('',*,*,#8472,.T.);
#8472 = EDGE_CURVE('',#8349,#8443,#8473,.T.);
#8473 = LINE('',#8474,#8475);
#8474 = CARTESIAN_POINT('',(-37.2,-24.0419047619,24.42));
#8475 = VECTOR('',#8476,1.);
#8476 = DIRECTION('',(0.,-1.,0.));
#8477 = ORIENTED_EDGE('',*,*,#8440,.F.);
#8478 = ORIENTED_EDGE('',*,*,#8479,.F.);
#8479 = EDGE_CURVE('',#8357,#8441,#8480,.T.);
#8480 = LINE('',#8481,#8482);
#8481 = CARTESIAN_POINT('',(-37.2,-24.0419047619,23.42));
#8482 = VECTOR('',#8483,1.);
#8483 = DIRECTION('',(0.,-1.,0.));
#8484 = PLANE('',#8485);
#8485 = AXIS2_PLACEMENT_3D('',#8486,#8487,#8488);
#8486 = CARTESIAN_POINT('',(-37.2,-24.0419047619,23.42));
#8487 = DIRECTION('',(1.,-2.2E-16,0.));
#8488 = DIRECTION('',(-2.2E-16,-1.,0.));
#8489 = ADVANCED_FACE('',(#8490),#8497,.F.);
#8490 = FACE_BOUND('',#8491,.F.);
#8491 = EDGE_LOOP('',(#8492,#8493,#8494,#8495,#8496));
#8492 = ORIENTED_EDGE('',*,*,#8364,.F.);
#8493 = ORIENTED_EDGE('',*,*,#8395,.F.);
#8494 = ORIENTED_EDGE('',*,*,#8426,.F.);
#8495 = ORIENTED_EDGE('',*,*,#8457,.F.);
#8496 = ORIENTED_EDGE('',*,*,#8479,.F.);
#8497 = PLANE('',#8498);
#8498 = AXIS2_PLACEMENT_3D('',#8499,#8500,#8501);
#8499 = CARTESIAN_POINT('',(-39.21662928859,-23.33639764064,23.42));
#8500 = DIRECTION('',(0.,0.,1.));
#8501 = DIRECTION('',(0.,-1.,0.));
#8502 = ADVANCED_FACE('',(#8503),#8510,.T.);
#8503 = FACE_BOUND('',#8504,.T.);
#8504 = EDGE_LOOP('',(#8505,#8506,#8507,#8508,#8509));
#8505 = ORIENTED_EDGE('',*,*,#8348,.F.);
#8506 = ORIENTED_EDGE('',*,*,#8388,.F.);
#8507 = ORIENTED_EDGE('',*,*,#8419,.F.);
#8508 = ORIENTED_EDGE('',*,*,#8450,.F.);
#8509 = ORIENTED_EDGE('',*,*,#8472,.F.);
#8510 = PLANE('',#8511);
#8511 = AXIS2_PLACEMENT_3D('',#8512,#8513,#8514);
#8512 = CARTESIAN_POINT('',(-39.21662928859,-23.33639764064,24.42));
#8513 = DIRECTION('',(0.,0.,1.));
#8514 = DIRECTION('',(0.,-1.,0.));
#8515 = ( GEOMETRIC_REPRESENTATION_CONTEXT(3) 
GLOBAL_UNCERTAINTY_ASSIGNED_CONTEXT((#8519)) 
GLOBAL_UNIT_ASSIGNED_CONTEXT((#8516,#8517,#8518)) REPRESENTATION_CONTEXT
('Context #1','3D Context with UNIT and UNCERTAINTY') );
#8516 = ( LENGTH_UNIT() NAMED_UNIT(*) SI_UNIT(.MILLI.,.METRE.) );
#8517 = ( NAMED_UNIT(*) PLANE_ANGLE_UNIT() SI_UNIT($,.RADIAN.) );
#8518 = ( NAMED_UNIT(*) SI_UNIT($,.STERADIAN.) SOLID_ANGLE_UNIT() );
#8519 = UNCERTAINTY_MEASURE_WITH_UNIT(LENGTH_MEASURE(1.E-07),#8516,
  'distance_accuracy_value','confusion accuracy');
#8520 = PRODUCT_RELATED_PRODUCT_CATEGORY('part',$,(#7));
#8521 = MECHANICAL_DESIGN_GEOMETRIC_PRESENTATION_REPRESENTATION('',(
    #8522,#8533,#8542,#8551,#8560,#8569,#8578,#8587,#8596,#8605,#8614,
    #8623,#8632,#8641,#8650,#8659,#8668,#8677,#8686,#8695,#8704,#8713,
    #8722,#8731,#8740,#8749,#8758,#8767),#8515);
#8522 = STYLED_ITEM('color',(#8523),#15);
#8523 = PRESENTATION_STYLE_ASSIGNMENT((#8524,#8530));
#8524 = SURFACE_STYLE_USAGE(.BOTH.,#8525);
#8525 = SURFACE_SIDE_STYLE('',(#8526));
#8526 = SURFACE_STYLE_FILL_AREA(#8527);
#8527 = FILL_AREA_STYLE('',(#8528));
#8528 = FILL_AREA_STYLE_COLOUR('',#8529);
#8529 = COLOUR_RGB('',0.447058818107,0.474509808674,0.501960817233);
#8530 = CURVE_STYLE('',#8531,POSITIVE_LENGTH_MEASURE(0.1),#8532);
#8531 = DRAUGHTING_PRE_DEFINED_CURVE_FONT('continuous');
#8532 = COLOUR_RGB('',9.803921802644E-02,9.803921802644E-02,
  9.803921802644E-02);
#8533 = STYLED_ITEM('color',(#8534),#165);
#8534 = PRESENTATION_STYLE_ASSIGNMENT((#8535,#8540));
#8535 = SURFACE_STYLE_USAGE(.BOTH.,#8536);
#8536 = SURFACE_SIDE_STYLE('',(#8537));
#8537 = SURFACE_STYLE_FILL_AREA(#8538);
#8538 = FILL_AREA_STYLE('',(#8539));
#8539 = FILL_AREA_STYLE_COLOUR('',#8529);
#8540 = CURVE_STYLE('',#8541,POSITIVE_LENGTH_MEASURE(0.1),#8532);
#8541 = DRAUGHTING_PRE_DEFINED_CURVE_FONT('continuous');
#8542 = STYLED_ITEM('color',(#8543),#381);
#8543 = PRESENTATION_STYLE_ASSIGNMENT((#8544,#8549));
#8544 = SURFACE_STYLE_USAGE(.BOTH.,#8545);
#8545 = SURFACE_SIDE_STYLE('',(#8546));
#8546 = SURFACE_STYLE_FILL_AREA(#8547);
#8547 = FILL_AREA_STYLE('',(#8548));
#8548 = FILL_AREA_STYLE_COLOUR('',#8529);
#8549 = CURVE_STYLE('',#8550,POSITIVE_LENGTH_MEASURE(0.1),#8532);
#8550 = DRAUGHTING_PRE_DEFINED_CURVE_FONT('continuous');
#8551 = STYLED_ITEM('color',(#8552),#564);
#8552 = PRESENTATION_STYLE_ASSIGNMENT((#8553,#8558));
#8553 = SURFACE_STYLE_USAGE(.BOTH.,#8554);
#8554 = SURFACE_SIDE_STYLE('',(#8555));
#8555 = SURFACE_STYLE_FILL_AREA(#8556);
#8556 = FILL_AREA_STYLE('',(#8557));
#8557 = FILL_AREA_STYLE_COLOUR('',#8529);
#8558 = CURVE_STYLE('',#8559,POSITIVE_LENGTH_MEASURE(0.1),#8532);
#8559 = DRAUGHTING_PRE_DEFINED_CURVE_FONT('continuous');
#8560 = STYLED_ITEM('color',(#8561),#747);
#8561 = PRESENTATION_STYLE_ASSIGNMENT((#8562,#8567));
#8562 = SURFACE_STYLE_USAGE(.BOTH.,#8563);
#8563 = SURFACE_SIDE_STYLE('',(#8564));
#8564 = SURFACE_STYLE_FILL_AREA(#8565);
#8565 = FILL_AREA_STYLE('',(#8566));
#8566 = FILL_AREA_STYLE_COLOUR('',#8529);
#8567 = CURVE_STYLE('',#8568,POSITIVE_LENGTH_MEASURE(0.1),#8532);
#8568 = DRAUGHTING_PRE_DEFINED_CURVE_FONT('continuous');
#8569 = STYLED_ITEM('color',(#8570),#1177);
#8570 = PRESENTATION_STYLE_ASSIGNMENT((#8571,#8576));
#8571 = SURFACE_STYLE_USAGE(.BOTH.,#8572);
#8572 = SURFACE_SIDE_STYLE('',(#8573));
#8573 = SURFACE_STYLE_FILL_AREA(#8574);
#8574 = FILL_AREA_STYLE('',(#8575));
#8575 = FILL_AREA_STYLE_COLOUR('',#8529);
#8576 = CURVE_STYLE('',#8577,POSITIVE_LENGTH_MEASURE(0.1),#8532);
#8577 = DRAUGHTING_PRE_DEFINED_CURVE_FONT('continuous');
#8578 = STYLED_ITEM('color',(#8579),#1327);
#8579 = PRESENTATION_STYLE_ASSIGNMENT((#8580,#8585));
#8580 = SURFACE_STYLE_USAGE(.BOTH.,#8581);
#8581 = SURFACE_SIDE_STYLE('',(#8582));
#8582 = SURFACE_STYLE_FILL_AREA(#8583);
#8583 = FILL_AREA_STYLE('',(#8584));
#8584 = FILL_AREA_STYLE_COLOUR('',#8529);
#8585 = CURVE_STYLE('',#8586,POSITIVE_LENGTH_MEASURE(0.1),#8532);
#8586 = DRAUGHTING_PRE_DEFINED_CURVE_FONT('continuous');
#8587 = STYLED_ITEM('color',(#8588),#1757);
#8588 = PRESENTATION_STYLE_ASSIGNMENT((#8589,#8594));
#8589 = SURFACE_STYLE_USAGE(.BOTH.,#8590);
#8590 = SURFACE_SIDE_STYLE('',(#8591));
#8591 = SURFACE_STYLE_FILL_AREA(#8592);
#8592 = FILL_AREA_STYLE('',(#8593));
#8593 = FILL_AREA_STYLE_COLOUR('',#8529);
#8594 = CURVE_STYLE('',#8595,POSITIVE_LENGTH_MEASURE(0.1),#8532);
#8595 = DRAUGHTING_PRE_DEFINED_CURVE_FONT('continuous');
#8596 = STYLED_ITEM('color',(#8597),#2187);
#8597 = PRESENTATION_STYLE_ASSIGNMENT((#8598,#8603));
#8598 = SURFACE_STYLE_USAGE(.BOTH.,#8599);
#8599 = SURFACE_SIDE_STYLE('',(#8600));
#8600 = SURFACE_STYLE_FILL_AREA(#8601);
#8601 = FILL_AREA_STYLE('',(#8602));
#8602 = FILL_AREA_STYLE_COLOUR('',#8529);
#8603 = CURVE_STYLE('',#8604,POSITIVE_LENGTH_MEASURE(0.1),#8532);
#8604 = DRAUGHTING_PRE_DEFINED_CURVE_FONT('continuous');
#8605 = STYLED_ITEM('color',(#8606),#2617);
#8606 = PRESENTATION_STYLE_ASSIGNMENT((#8607,#8612));
#8607 = SURFACE_STYLE_USAGE(.BOTH.,#8608);
#8608 = SURFACE_SIDE_STYLE('',(#8609));
#8609 = SURFACE_STYLE_FILL_AREA(#8610);
#8610 = FILL_AREA_STYLE('',(#8611));
#8611 = FILL_AREA_STYLE_COLOUR('',#8529);
#8612 = CURVE_STYLE('',#8613,POSITIVE_LENGTH_MEASURE(0.1),#8532);
#8613 = DRAUGHTING_PRE_DEFINED_CURVE_FONT('continuous');
#8614 = STYLED_ITEM('color',(#8615),#3047);
#8615 = PRESENTATION_STYLE_ASSIGNMENT((#8616,#8621));
#8616 = SURFACE_STYLE_USAGE(.BOTH.,#8617);
#8617 = SURFACE_SIDE_STYLE('',(#8618));
#8618 = SURFACE_STYLE_FILL_AREA(#8619);
#8619 = FILL_AREA_STYLE('',(#8620));
#8620 = FILL_AREA_STYLE_COLOUR('',#8529);
#8621 = CURVE_STYLE('',#8622,POSITIVE_LENGTH_MEASURE(0.1),#8532);
#8622 = DRAUGHTING_PRE_DEFINED_CURVE_FONT('continuous');
#8623 = STYLED_ITEM('color',(#8624),#3747);
#8624 = PRESENTATION_STYLE_ASSIGNMENT((#8625,#8630));
#8625 = SURFACE_STYLE_USAGE(.BOTH.,#8626);
#8626 = SURFACE_SIDE_STYLE('',(#8627));
#8627 = SURFACE_STYLE_FILL_AREA(#8628);
#8628 = FILL_AREA_STYLE('',(#8629));
#8629 = FILL_AREA_STYLE_COLOUR('',#8529);
#8630 = CURVE_STYLE('',#8631,POSITIVE_LENGTH_MEASURE(0.1),#8532);
#8631 = DRAUGHTING_PRE_DEFINED_CURVE_FONT('continuous');
#8632 = STYLED_ITEM('color',(#8633),#3897);
#8633 = PRESENTATION_STYLE_ASSIGNMENT((#8634,#8639));
#8634 = SURFACE_STYLE_USAGE(.BOTH.,#8635);
#8635 = SURFACE_SIDE_STYLE('',(#8636));
#8636 = SURFACE_STYLE_FILL_AREA(#8637);
#8637 = FILL_AREA_STYLE('',(#8638));
#8638 = FILL_AREA_STYLE_COLOUR('',#8529);
#8639 = CURVE_STYLE('',#8640,POSITIVE_LENGTH_MEASURE(0.1),#8532);
#8640 = DRAUGHTING_PRE_DEFINED_CURVE_FONT('continuous');
#8641 = STYLED_ITEM('color',(#8642),#4047);
#8642 = PRESENTATION_STYLE_ASSIGNMENT((#8643,#8648));
#8643 = SURFACE_STYLE_USAGE(.BOTH.,#8644);
#8644 = SURFACE_SIDE_STYLE('',(#8645));
#8645 = SURFACE_STYLE_FILL_AREA(#8646);
#8646 = FILL_AREA_STYLE('',(#8647));
#8647 = FILL_AREA_STYLE_COLOUR('',#8529);
#8648 = CURVE_STYLE('',#8649,POSITIVE_LENGTH_MEASURE(0.1),#8532);
#8649 = DRAUGHTING_PRE_DEFINED_CURVE_FONT('continuous');
#8650 = STYLED_ITEM('color',(#8651),#4263);
#8651 = PRESENTATION_STYLE_ASSIGNMENT((#8652,#8657));
#8652 = SURFACE_STYLE_USAGE(.BOTH.,#8653);
#8653 = SURFACE_SIDE_STYLE('',(#8654));
#8654 = SURFACE_STYLE_FILL_AREA(#8655);
#8655 = FILL_AREA_STYLE('',(#8656));
#8656 = FILL_AREA_STYLE_COLOUR('',#8529);
#8657 = CURVE_STYLE('',#8658,POSITIVE_LENGTH_MEASURE(0.1),#8532);
#8658 = DRAUGHTING_PRE_DEFINED_CURVE_FONT('continuous');
#8659 = STYLED_ITEM('color',(#8660),#4446);
#8660 = PRESENTATION_STYLE_ASSIGNMENT((#8661,#8666));
#8661 = SURFACE_STYLE_USAGE(.BOTH.,#8662);
#8662 = SURFACE_SIDE_STYLE('',(#8663));
#8663 = SURFACE_STYLE_FILL_AREA(#8664);
#8664 = FILL_AREA_STYLE('',(#8665));
#8665 = FILL_AREA_STYLE_COLOUR('',#8529);
#8666 = CURVE_STYLE('',#8667,POSITIVE_LENGTH_MEASURE(0.1),#8532);
#8667 = DRAUGHTING_PRE_DEFINED_CURVE_FONT('continuous');
#8668 = STYLED_ITEM('color',(#8669),#4629);
#8669 = PRESENTATION_STYLE_ASSIGNMENT((#8670,#8675));
#8670 = SURFACE_STYLE_USAGE(.BOTH.,#8671);
#8671 = SURFACE_SIDE_STYLE('',(#8672));
#8672 = SURFACE_STYLE_FILL_AREA(#8673);
#8673 = FILL_AREA_STYLE('',(#8674));
#8674 = FILL_AREA_STYLE_COLOUR('',#8529);
#8675 = CURVE_STYLE('',#8676,POSITIVE_LENGTH_MEASURE(0.1),#8532);
#8676 = DRAUGHTING_PRE_DEFINED_CURVE_FONT('continuous');
#8677 = STYLED_ITEM('color',(#8678),#5059);
#8678 = PRESENTATION_STYLE_ASSIGNMENT((#8679,#8684));
#8679 = SURFACE_STYLE_USAGE(.BOTH.,#8680);
#8680 = SURFACE_SIDE_STYLE('',(#8681));
#8681 = SURFACE_STYLE_FILL_AREA(#8682);
#8682 = FILL_AREA_STYLE('',(#8683));
#8683 = FILL_AREA_STYLE_COLOUR('',#8529);
#8684 = CURVE_STYLE('',#8685,POSITIVE_LENGTH_MEASURE(0.1),#8532);
#8685 = DRAUGHTING_PRE_DEFINED_CURVE_FONT('continuous');
#8686 = STYLED_ITEM('color',(#8687),#5209);
#8687 = PRESENTATION_STYLE_ASSIGNMENT((#8688,#8693));
#8688 = SURFACE_STYLE_USAGE(.BOTH.,#8689);
#8689 = SURFACE_SIDE_STYLE('',(#8690));
#8690 = SURFACE_STYLE_FILL_AREA(#8691);
#8691 = FILL_AREA_STYLE('',(#8692));
#8692 = FILL_AREA_STYLE_COLOUR('',#8529);
#8693 = CURVE_STYLE('',#8694,POSITIVE_LENGTH_MEASURE(0.1),#8532);
#8694 = DRAUGHTING_PRE_DEFINED_CURVE_FONT('continuous');
#8695 = STYLED_ITEM('color',(#8696),#5499);
#8696 = PRESENTATION_STYLE_ASSIGNMENT((#8697,#8702));
#8697 = SURFACE_STYLE_USAGE(.BOTH.,#8698);
#8698 = SURFACE_SIDE_STYLE('',(#8699));
#8699 = SURFACE_STYLE_FILL_AREA(#8700);
#8700 = FILL_AREA_STYLE('',(#8701));
#8701 = FILL_AREA_STYLE_COLOUR('',#8529);
#8702 = CURVE_STYLE('',#8703,POSITIVE_LENGTH_MEASURE(0.1),#8532);
#8703 = DRAUGHTING_PRE_DEFINED_CURVE_FONT('continuous');
#8704 = STYLED_ITEM('color',(#8705),#5789);
#8705 = PRESENTATION_STYLE_ASSIGNMENT((#8706,#8711));
#8706 = SURFACE_STYLE_USAGE(.BOTH.,#8707);
#8707 = SURFACE_SIDE_STYLE('',(#8708));
#8708 = SURFACE_STYLE_FILL_AREA(#8709);
#8709 = FILL_AREA_STYLE('',(#8710));
#8710 = FILL_AREA_STYLE_COLOUR('',#8529);
#8711 = CURVE_STYLE('',#8712,POSITIVE_LENGTH_MEASURE(0.1),#8532);
#8712 = DRAUGHTING_PRE_DEFINED_CURVE_FONT('continuous');
#8713 = STYLED_ITEM('color',(#8714),#6503);
#8714 = PRESENTATION_STYLE_ASSIGNMENT((#8715,#8720));
#8715 = SURFACE_STYLE_USAGE(.BOTH.,#8716);
#8716 = SURFACE_SIDE_STYLE('',(#8717));
#8717 = SURFACE_STYLE_FILL_AREA(#8718);
#8718 = FILL_AREA_STYLE('',(#8719));
#8719 = FILL_AREA_STYLE_COLOUR('',#8529);
#8720 = CURVE_STYLE('',#8721,POSITIVE_LENGTH_MEASURE(0.1),#8532);
#8721 = DRAUGHTING_PRE_DEFINED_CURVE_FONT('continuous');
#8722 = STYLED_ITEM('color',(#8723),#6727);
#8723 = PRESENTATION_STYLE_ASSIGNMENT((#8724,#8729));
#8724 = SURFACE_STYLE_USAGE(.BOTH.,#8725);
#8725 = SURFACE_SIDE_STYLE('',(#8726));
#8726 = SURFACE_STYLE_FILL_AREA(#8727);
#8727 = FILL_AREA_STYLE('',(#8728));
#8728 = FILL_AREA_STYLE_COLOUR('',#8529);
#8729 = CURVE_STYLE('',#8730,POSITIVE_LENGTH_MEASURE(0.1),#8532);
#8730 = DRAUGHTING_PRE_DEFINED_CURVE_FONT('continuous');
#8731 = STYLED_ITEM('color',(#8732),#6984);
#8732 = PRESENTATION_STYLE_ASSIGNMENT((#8733,#8738));
#8733 = SURFACE_STYLE_USAGE(.BOTH.,#8734);
#8734 = SURFACE_SIDE_STYLE('',(#8735));
#8735 = SURFACE_STYLE_FILL_AREA(#8736);
#8736 = FILL_AREA_STYLE('',(#8737));
#8737 = FILL_AREA_STYLE_COLOUR('',#8529);
#8738 = CURVE_STYLE('',#8739,POSITIVE_LENGTH_MEASURE(0.1),#8532);
#8739 = DRAUGHTING_PRE_DEFINED_CURVE_FONT('continuous');
#8740 = STYLED_ITEM('color',(#8741),#7266);
#8741 = PRESENTATION_STYLE_ASSIGNMENT((#8742,#8747));
#8742 = SURFACE_STYLE_USAGE(.BOTH.,#8743);
#8743 = SURFACE_SIDE_STYLE('',(#8744));
#8744 = SURFACE_STYLE_FILL_AREA(#8745);
#8745 = FILL_AREA_STYLE('',(#8746));
#8746 = FILL_AREA_STYLE_COLOUR('',#8529);
#8747 = CURVE_STYLE('',#8748,POSITIVE_LENGTH_MEASURE(0.1),#8532);
#8748 = DRAUGHTING_PRE_DEFINED_CURVE_FONT('continuous');
#8749 = STYLED_ITEM('color',(#8750),#7966);
#8750 = PRESENTATION_STYLE_ASSIGNMENT((#8751,#8756));
#8751 = SURFACE_STYLE_USAGE(.BOTH.,#8752);
#8752 = SURFACE_SIDE_STYLE('',(#8753));
#8753 = SURFACE_STYLE_FILL_AREA(#8754);
#8754 = FILL_AREA_STYLE('',(#8755));
#8755 = FILL_AREA_STYLE_COLOUR('',#8529);
#8756 = CURVE_STYLE('',#8757,POSITIVE_LENGTH_MEASURE(0.1),#8532);
#8757 = DRAUGHTING_PRE_DEFINED_CURVE_FONT('continuous');
#8758 = STYLED_ITEM('color',(#8759),#8116);
#8759 = PRESENTATION_STYLE_ASSIGNMENT((#8760,#8765));
#8760 = SURFACE_STYLE_USAGE(.BOTH.,#8761);
#8761 = SURFACE_SIDE_STYLE('',(#8762));
#8762 = SURFACE_STYLE_FILL_AREA(#8763);
#8763 = FILL_AREA_STYLE('',(#8764));
#8764 = FILL_AREA_STYLE_COLOUR('',#8529);
#8765 = CURVE_STYLE('',#8766,POSITIVE_LENGTH_MEASURE(0.1),#8532);
#8766 = DRAUGHTING_PRE_DEFINED_CURVE_FONT('continuous');
#8767 = STYLED_ITEM('color',(#8768),#8332);
#8768 = PRESENTATION_STYLE_ASSIGNMENT((#8769,#8774));
#8769 = SURFACE_STYLE_USAGE(.BOTH.,#8770);
#8770 = SURFACE_SIDE_STYLE('',(#8771));
#8771 = SURFACE_STYLE_FILL_AREA(#8772);
#8772 = FILL_AREA_STYLE('',(#8773));
#8773 = FILL_AREA_STYLE_COLOUR('',#8529);
#8774 = CURVE_STYLE('',#8775,POSITIVE_LENGTH_MEASURE(0.1),#8532);
#8775 = DRAUGHTING_PRE_DEFINED_CURVE_FONT('continuous');
ENDSEC;
END-ISO-10303-21;
