ISO-10303-21;
HEADER;
FILE_DESCRIPTION((''),'2;1');
FILE_NAME('15','2021-09-02T20:49:52',('Administrator'),(''),
'CREO PARAMETRIC BY PTC INC, 2016510','CREO PARAMETRIC BY PTC INC, 2016510','');
FILE_SCHEMA(('CONFIG_CONTROL_DESIGN','GEOMETRIC_VALIDATION_PROPERTIES_MIM'));
ENDSEC;
DATA;
#39=DIRECTION('',(0.E0,0.E0,-1.E0));
#40=VECTOR('',#39,2.E-2);
#41=CARTESIAN_POINT('',(-3.570666515350E-1,-6.186021274030E-1,0.E0));
#42=LINE('',#41,#40);
#43=DIRECTION('',(1.E0,0.E0,0.E0));
#44=VECTOR('',#43,1.5E0);
#45=CARTESIAN_POINT('',(-3.8E0,1.65E0,0.E0));
#46=LINE('',#45,#44);
#47=DIRECTION('',(0.E0,-1.E0,0.E0));
#48=VECTOR('',#47,3.3E0);
#49=CARTESIAN_POINT('',(-3.8E0,1.65E0,0.E0));
#50=LINE('',#49,#48);
#51=DIRECTION('',(1.E0,0.E0,0.E0));
#52=VECTOR('',#51,1.5E0);
#53=CARTESIAN_POINT('',(-3.8E0,-1.65E0,0.E0));
#54=LINE('',#53,#52);
#55=DIRECTION('',(0.E0,1.E0,0.E0));
#56=VECTOR('',#55,6.E-1);
#57=CARTESIAN_POINT('',(-2.3E0,-2.25E0,0.E0));
#58=LINE('',#57,#56);
#59=DIRECTION('',(1.E0,0.E0,0.E0));
#60=VECTOR('',#59,4.6E0);
#61=CARTESIAN_POINT('',(-2.3E0,-2.25E0,0.E0));
#62=LINE('',#61,#60);
#63=DIRECTION('',(0.E0,1.E0,0.E0));
#64=VECTOR('',#63,6.E-1);
#65=CARTESIAN_POINT('',(2.3E0,-2.25E0,0.E0));
#66=LINE('',#65,#64);
#67=DIRECTION('',(-1.E0,0.E0,0.E0));
#68=VECTOR('',#67,1.5E0);
#69=CARTESIAN_POINT('',(3.8E0,-1.65E0,0.E0));
#70=LINE('',#69,#68);
#71=DIRECTION('',(0.E0,1.E0,0.E0));
#72=VECTOR('',#71,3.3E0);
#73=CARTESIAN_POINT('',(3.8E0,-1.65E0,0.E0));
#74=LINE('',#73,#72);
#75=DIRECTION('',(-1.E0,0.E0,0.E0));
#76=VECTOR('',#75,1.5E0);
#77=CARTESIAN_POINT('',(3.8E0,1.65E0,0.E0));
#78=LINE('',#77,#76);
#79=DIRECTION('',(0.E0,-1.E0,0.E0));
#80=VECTOR('',#79,6.E-1);
#81=CARTESIAN_POINT('',(2.3E0,2.25E0,0.E0));
#82=LINE('',#81,#80);
#83=DIRECTION('',(-1.E0,0.E0,0.E0));
#84=VECTOR('',#83,4.6E0);
#85=CARTESIAN_POINT('',(2.3E0,2.25E0,0.E0));
#86=LINE('',#85,#84);
#87=DIRECTION('',(0.E0,-1.E0,0.E0));
#88=VECTOR('',#87,6.E-1);
#89=CARTESIAN_POINT('',(-2.3E0,2.25E0,0.E0));
#90=LINE('',#89,#88);
#91=DIRECTION('',(0.E0,1.E0,0.E0));
#92=VECTOR('',#91,3.E-1);
#93=CARTESIAN_POINT('',(1.55E0,-1.5E-1,0.E0));
#94=LINE('',#93,#92);
#95=DIRECTION('',(0.E0,-1.E0,0.E0));
#96=VECTOR('',#95,3.E-1);
#97=CARTESIAN_POINT('',(2.45E0,1.5E-1,0.E0));
#98=LINE('',#97,#96);
#99=DIRECTION('',(0.E0,1.E0,0.E0));
#100=VECTOR('',#99,3.E-1);
#101=CARTESIAN_POINT('',(-4.5E-1,-1.5E-1,0.E0));
#102=LINE('',#101,#100);
#103=DIRECTION('',(0.E0,-1.E0,0.E0));
#104=VECTOR('',#103,3.E-1);
#105=CARTESIAN_POINT('',(4.5E-1,1.5E-1,0.E0));
#106=LINE('',#105,#104);
#107=DIRECTION('',(0.E0,1.E0,0.E0));
#108=VECTOR('',#107,3.E-1);
#109=CARTESIAN_POINT('',(-2.45E0,-1.5E-1,0.E0));
#110=LINE('',#109,#108);
#111=DIRECTION('',(0.E0,-1.E0,0.E0));
#112=VECTOR('',#111,3.E-1);
#113=CARTESIAN_POINT('',(-1.55E0,1.5E-1,0.E0));
#114=LINE('',#113,#112);
#115=DIRECTION('',(0.E0,1.E0,0.E0));
#116=VECTOR('',#115,3.808E-1);
#117=CARTESIAN_POINT('',(-7.934E-1,-9.913E-1,0.E0));
#118=LINE('',#117,#116);
#119=DIRECTION('',(1.E0,0.E0,0.E0));
#120=VECTOR('',#119,2.856E-1);
#121=CARTESIAN_POINT('',(-7.934E-1,-6.105E-1,0.E0));
#122=LINE('',#121,#120);
#123=DIRECTION('',(0.E0,-1.E0,0.E0));
#124=VECTOR('',#123,4.861276583672E-2);
#125=CARTESIAN_POINT('',(-5.078E-1,-6.105E-1,0.E0));
#126=LINE('',#125,#124);
#127=DIRECTION('',(-1.E0,0.E0,0.E0));
#128=VECTOR('',#127,2.38E-1);
#129=CARTESIAN_POINT('',(-5.078E-1,-6.591127658367E-1,0.E0));
#130=LINE('',#129,#128);
#131=DIRECTION('',(0.E0,-1.E0,0.E0));
#132=VECTOR('',#131,3.321872341633E-1);
#133=CARTESIAN_POINT('',(-7.458E-1,-6.591127658367E-1,0.E0));
#134=LINE('',#133,#132);
#135=DIRECTION('',(-1.E0,0.E0,0.E0));
#136=VECTOR('',#135,4.76E-2);
#137=CARTESIAN_POINT('',(-7.458E-1,-9.913E-1,0.E0));
#138=LINE('',#137,#136);
#139=DIRECTION('',(-1.E0,0.E0,0.E0));
#140=VECTOR('',#139,4.76E-2);
#141=CARTESIAN_POINT('',(-1.349333484650E-1,-7.077255316734E-1,0.E0));
#142=LINE('',#141,#140);
#143=DIRECTION('',(-3.102789952956E-1,9.506455412394E-1,0.E0));
#144=VECTOR('',#143,2.556828915380E-2);
#145=CARTESIAN_POINT('',(-1.825333484650E-1,-7.077255316734E-1,0.E0));
#146=LINE('',#145,#144);
#147=DIRECTION('',(-8.265991871191E-1,5.627910658976E-1,0.E0));
#148=VECTOR('',#147,2.879267288291E-2);
#149=CARTESIAN_POINT('',(-1.904666515350E-1,-6.834191515923E-1,0.E0));
#150=LINE('',#149,#148);
#151=DIRECTION('',(-9.689177459678E-1,2.473831068378E-1,0.E0));
#152=VECTOR('',#151,3.275133374017E-2);
#153=CARTESIAN_POINT('',(-2.142666515350E-1,-6.672148925304E-1,0.E0));
#154=LINE('',#153,#152);
#155=DIRECTION('',(-1.E0,0.E0,0.E0));
#156=VECTOR('',#155,7.14E-2);
#157=CARTESIAN_POINT('',(-2.46E-1,-6.591127658367E-1,0.E0));
#158=LINE('',#157,#156);
#159=DIRECTION('',(-9.689177459678E-1,-2.473831068378E-1,0.E0));
#160=VECTOR('',#159,3.275133374017E-2);
#161=CARTESIAN_POINT('',(-3.174E-1,-6.591127658367E-1,0.E0));
#162=LINE('',#161,#160);
#163=DIRECTION('',(-8.265991871191E-1,-5.627910658976E-1,0.E0));
#164=VECTOR('',#163,2.879267288291E-2);
#165=CARTESIAN_POINT('',(-3.491333484650E-1,-6.672148925304E-1,0.E0));
#166=LINE('',#165,#164);
#167=DIRECTION('',(-5.466221810895E-1,-8.373793591563E-1,0.E0));
#168=VECTOR('',#167,2.902672464445E-2);
#169=CARTESIAN_POINT('',(-3.729333484650E-1,-6.834191515923E-1,0.E0));
#170=LINE('',#169,#168);
#171=DIRECTION('',(-2.377717803411E-1,-9.713210491251E-1,0.E0));
#172=VECTOR('',#171,3.336539118976E-2);
#173=CARTESIAN_POINT('',(-3.888E-1,-7.077255316734E-1,0.E0));
#174=LINE('',#173,#172);
#175=DIRECTION('',(0.E0,-1.E0,0.E0));
#176=VECTOR('',#175,1.215319117546E-1);
#177=CARTESIAN_POINT('',(-3.967333484650E-1,-7.401340384483E-1,0.E0));
#178=LINE('',#177,#176);
#179=DIRECTION('',(2.377717803411E-1,-9.713210491251E-1,0.E0));
#180=VECTOR('',#179,3.336539118976E-2);
#181=CARTESIAN_POINT('',(-3.967333484650E-1,-8.616659502029E-1,0.E0));
#182=LINE('',#181,#180);
#183=DIRECTION('',(5.466218231676E-1,-8.373795927994E-1,0.E0));
#184=VECTOR('',#183,2.902674365083E-2);
#185=CARTESIAN_POINT('',(-3.888E-1,-8.940744569778E-1,0.E0));
#186=LINE('',#185,#184);
#187=DIRECTION('',(8.265992787996E-1,-5.627909312417E-1,0.E0));
#188=VECTOR('',#187,2.879266968943E-2);
#189=CARTESIAN_POINT('',(-3.729333484650E-1,-9.183808597565E-1,0.E0));
#190=LINE('',#189,#188);
#191=DIRECTION('',(9.689177459678E-1,-2.473831068378E-1,0.E0));
#192=VECTOR('',#191,3.275133374017E-2);
#193=CARTESIAN_POINT('',(-3.491333484650E-1,-9.345851131439E-1,0.E0));
#194=LINE('',#193,#192);
#195=DIRECTION('',(1.E0,0.E0,0.E0));
#196=VECTOR('',#195,7.14E-2);
#197=CARTESIAN_POINT('',(-3.174E-1,-9.426872398376E-1,0.E0));
#198=LINE('',#197,#196);
#199=DIRECTION('',(9.689177459678E-1,2.473831068378E-1,0.E0));
#200=VECTOR('',#199,3.275133374017E-2);
#201=CARTESIAN_POINT('',(-2.46E-1,-9.426872398376E-1,0.E0));
#202=LINE('',#201,#200);
#203=DIRECTION('',(8.265992787996E-1,5.627909312417E-1,0.E0));
#204=VECTOR('',#203,2.879266968943E-2);
#205=CARTESIAN_POINT('',(-2.142666515350E-1,-9.345851131439E-1,0.E0));
#206=LINE('',#205,#204);
#207=DIRECTION('',(3.102787334496E-1,9.506456267027E-1,0.E0));
#208=VECTOR('',#207,2.556831073103E-2);
#209=CARTESIAN_POINT('',(-1.904666515350E-1,-9.183808597565E-1,0.E0));
#210=LINE('',#209,#208);
#211=DIRECTION('',(1.E0,0.E0,0.E0));
#212=VECTOR('',#211,4.76E-2);
#213=CARTESIAN_POINT('',(-1.825333484650E-1,-8.940744569778E-1,0.E0));
#214=LINE('',#213,#212);
#215=DIRECTION('',(-1.921820436730E-1,-9.813592930674E-1,0.E0));
#216=VECTOR('',#215,4.128014729392E-2);
#217=CARTESIAN_POINT('',(-1.349333484650E-1,-8.940744569778E-1,0.E0));
#218=LINE('',#217,#216);
#219=DIRECTION('',(-6.996250055017E-1,-7.145102180353E-1,0.E0));
#220=VECTOR('',#219,4.535765333632E-2);
#221=CARTESIAN_POINT('',(-1.428666515350E-1,-9.345851131439E-1,0.E0));
#222=LINE('',#221,#220);
#223=DIRECTION('',(-8.906053746977E-1,-4.547769415434E-1,0.E0));
#224=VECTOR('',#223,3.563121149559E-2);
#225=CARTESIAN_POINT('',(-1.746E-1,-9.669936199188E-1,0.E0));
#226=LINE('',#225,#224);
#227=DIRECTION('',(-9.797706943097E-1,-2.001234283435E-1,0.E0));
#228=VECTOR('',#227,4.048564808624E-2);
#229=CARTESIAN_POINT('',(-2.063333484650E-1,-9.831978733063E-1,0.E0));
#230=LINE('',#229,#228);
#231=DIRECTION('',(-1.E0,0.E0,0.E0));
#232=VECTOR('',#231,7.14E-2);
#233=CARTESIAN_POINT('',(-2.46E-1,-9.913E-1,0.E0));
#234=LINE('',#233,#232);
#235=DIRECTION('',(-9.797706943097E-1,2.001234283435E-1,0.E0));
#236=VECTOR('',#235,4.048564808624E-2);
#237=CARTESIAN_POINT('',(-3.174E-1,-9.913E-1,0.E0));
#238=LINE('',#237,#236);
#239=DIRECTION('',(-8.906053746977E-1,4.547769415434E-1,0.E0));
#240=VECTOR('',#239,3.563121149559E-2);
#241=CARTESIAN_POINT('',(-3.570666515350E-1,-9.831978733063E-1,0.E0));
#242=LINE('',#241,#240);
#243=DIRECTION('',(-6.996247500295E-1,7.145104681851E-1,0.E0));
#244=VECTOR('',#243,4.535763745662E-2);
#245=CARTESIAN_POINT('',(-3.888E-1,-9.669936199188E-1,0.E0));
#246=LINE('',#245,#244);
#247=DIRECTION('',(-4.397136649566E-1,8.981380143666E-1,0.E0));
#248=VECTOR('',#247,3.608410540084E-2);
#249=CARTESIAN_POINT('',(-4.205333257675E-1,-9.345851131439E-1,0.E0));
#250=LINE('',#249,#248);
#251=DIRECTION('',(-1.921825732045E-1,9.813591893677E-1,0.E0));
#252=VECTOR('',#251,4.128015165597E-2);
#253=CARTESIAN_POINT('',(-4.364E-1,-9.021766063690E-1,0.E0));
#254=LINE('',#253,#252);
#255=DIRECTION('',(0.E0,1.E0,0.E0));
#256=VECTOR('',#255,1.215319117546E-1);
#257=CARTESIAN_POINT('',(-4.443333257675E-1,-8.616659502029E-1,0.E0));
#258=LINE('',#257,#256);
#259=DIRECTION('',(1.921826769043E-1,9.813591690599E-1,0.E0));
#260=VECTOR('',#259,4.128012938162E-2);
#261=CARTESIAN_POINT('',(-4.443333257675E-1,-7.401340384483E-1,0.E0));
#262=LINE('',#261,#260);
#263=DIRECTION('',(4.397136028534E-1,8.981380447713E-1,0.E0));
#264=VECTOR('',#263,3.608411049720E-2);
#265=CARTESIAN_POINT('',(-4.364E-1,-6.996234049797E-1,0.E0));
#266=LINE('',#265,#264);
#267=DIRECTION('',(6.996247187608E-1,7.145104988025E-1,0.E0));
#268=VECTOR('',#267,4.535763948382E-2);
#269=CARTESIAN_POINT('',(-4.205333257675E-1,-6.672148925304E-1,0.E0));
#270=LINE('',#269,#268);
#271=DIRECTION('',(8.906053505096E-1,4.547769889117E-1,0.E0));
#272=VECTOR('',#271,3.563121246331E-2);
#273=CARTESIAN_POINT('',(-3.888E-1,-6.348063829184E-1,0.E0));
#274=LINE('',#273,#272);
#275=DIRECTION('',(9.797706908745E-1,2.001234451615E-1,0.E0));
#276=VECTOR('',#275,4.048564822819E-2);
#277=CARTESIAN_POINT('',(-3.570666515350E-1,-6.186021274030E-1,0.E0));
#278=LINE('',#277,#276);
#279=DIRECTION('',(1.E0,0.E0,0.E0));
#280=VECTOR('',#279,7.14E-2);
#281=CARTESIAN_POINT('',(-3.174E-1,-6.105E-1,0.E0));
#282=LINE('',#281,#280);
#283=DIRECTION('',(9.797706908745E-1,-2.001234451615E-1,0.E0));
#284=VECTOR('',#283,4.048564822819E-2);
#285=CARTESIAN_POINT('',(-2.46E-1,-6.105E-1,0.E0));
#286=LINE('',#285,#284);
#287=DIRECTION('',(8.906053505096E-1,-4.547769889117E-1,0.E0));
#288=VECTOR('',#287,3.563121246331E-2);
#289=CARTESIAN_POINT('',(-2.063333484650E-1,-6.186021274030E-1,0.E0));
#290=LINE('',#289,#288);
#291=DIRECTION('',(6.996249742329E-1,-7.145102486526E-1,0.E0));
#292=VECTOR('',#291,4.535765536352E-2);
#293=CARTESIAN_POINT('',(-1.746E-1,-6.348063829184E-1,0.E0));
#294=LINE('',#293,#292);
#295=DIRECTION('',(1.921821214477E-1,-9.813592778365E-1,0.E0));
#296=VECTOR('',#295,4.128013058815E-2);
#297=CARTESIAN_POINT('',(-1.428666515350E-1,-6.672148925304E-1,0.E0));
#298=LINE('',#297,#296);
#299=DIRECTION('',(-1.E0,0.E0,0.E0));
#300=VECTOR('',#299,2.38E-1);
#301=CARTESIAN_POINT('',(2.141333030701E-1,-6.591127658367E-1,0.E0));
#302=LINE('',#301,#300);
#303=DIRECTION('',(0.E0,-1.E0,0.E0));
#304=VECTOR('',#303,1.296340441227E-1);
#305=CARTESIAN_POINT('',(-2.386669692993E-2,-6.591127658367E-1,0.E0));
#306=LINE('',#305,#304);
#307=DIRECTION('',(1.E0,0.E0,0.E0));
#308=VECTOR('',#307,2.062666969299E-1);
#309=CARTESIAN_POINT('',(-2.386669692993E-2,-7.887468099594E-1,0.E0));
#310=LINE('',#309,#308);
#311=DIRECTION('',(0.E0,-1.E0,0.E0));
#312=VECTOR('',#311,4.861276016235E-2);
#313=CARTESIAN_POINT('',(1.824E-1,-7.887468099594E-1,0.E0));
#314=LINE('',#313,#312);
#315=DIRECTION('',(-1.E0,0.E0,0.E0));
#316=VECTOR('',#315,2.062666969299E-1);
#317=CARTESIAN_POINT('',(1.824E-1,-8.373595701218E-1,0.E0));
#318=LINE('',#317,#316);
#319=DIRECTION('',(0.E0,-1.E0,0.E0));
#320=VECTOR('',#319,1.053276697159E-1);
#321=CARTESIAN_POINT('',(-2.386669692993E-2,-8.373595701218E-1,0.E0));
#322=LINE('',#321,#320);
#323=DIRECTION('',(1.E0,0.E0,0.E0));
#324=VECTOR('',#323,2.38E-1);
#325=CARTESIAN_POINT('',(-2.386669692993E-2,-9.426872398376E-1,0.E0));
#326=LINE('',#325,#324);
#327=DIRECTION('',(0.E0,-1.E0,0.E0));
#328=VECTOR('',#327,4.861276016235E-2);
#329=CARTESIAN_POINT('',(2.141333030701E-1,-9.426872398376E-1,0.E0));
#330=LINE('',#329,#328);
#331=DIRECTION('',(-1.E0,0.E0,0.E0));
#332=VECTOR('',#331,2.855999546051E-1);
#333=CARTESIAN_POINT('',(2.141333030701E-1,-9.913E-1,0.E0));
#334=LINE('',#333,#332);
#335=DIRECTION('',(0.E0,1.E0,0.E0));
#336=VECTOR('',#335,3.808E-1);
#337=CARTESIAN_POINT('',(-7.146665153503E-2,-9.913E-1,0.E0));
#338=LINE('',#337,#336);
#339=DIRECTION('',(1.E0,0.E0,0.E0));
#340=VECTOR('',#339,2.855999546051E-1);
#341=CARTESIAN_POINT('',(-7.146665153503E-2,-6.105E-1,0.E0));
#342=LINE('',#341,#340);
#343=DIRECTION('',(0.E0,-1.E0,0.E0));
#344=VECTOR('',#343,4.861276583672E-2);
#345=CARTESIAN_POINT('',(2.141333030701E-1,-6.105E-1,0.E0));
#346=LINE('',#345,#344);
#347=DIRECTION('',(-1.E0,0.E0,0.E0));
#348=VECTOR('',#347,1.904E-1);
#349=CARTESIAN_POINT('',(4.68E-1,-9.913E-1,0.E0));
#350=LINE('',#349,#348);
#351=DIRECTION('',(0.E0,1.E0,0.E0));
#352=VECTOR('',#351,3.808E-1);
#353=CARTESIAN_POINT('',(2.776E-1,-9.913E-1,0.E0));
#354=LINE('',#353,#352);
#355=DIRECTION('',(1.E0,0.E0,0.E0));
#356=VECTOR('',#355,1.904E-1);
#357=CARTESIAN_POINT('',(2.776E-1,-6.105E-1,0.E0));
#358=LINE('',#357,#356);
#359=DIRECTION('',(9.797707357802E-1,-2.001232253108E-1,0.E0));
#360=VECTOR('',#359,4.048569270478E-2);
#361=CARTESIAN_POINT('',(4.68E-1,-6.105E-1,0.E0));
#362=LINE('',#361,#360);
#363=DIRECTION('',(8.906050870136E-1,-4.547775049247E-1,0.E0));
#364=VECTOR('',#363,3.563117203437E-2);
#365=CARTESIAN_POINT('',(5.076666969299E-1,-6.186021274030E-1,0.E0));
#366=LINE('',#365,#364);
#367=DIRECTION('',(6.996244632883E-1,-7.145107489524E-1,0.E0));
#368=VECTOR('',#367,4.535762360412E-2);
#369=CARTESIAN_POINT('',(5.394E-1,-6.348063829184E-1,0.E0));
#370=LINE('',#369,#368);
#371=DIRECTION('',(4.397141102494E-1,-8.981377963584E-1,0.E0));
#372=VECTOR('',#371,3.608412047758E-2);
#373=CARTESIAN_POINT('',(5.711333030701E-1,-6.672148925304E-1,0.E0));
#374=LINE('',#373,#372);
#375=DIRECTION('',(1.921821473726E-1,-9.813592727596E-1,0.E0));
#376=VECTOR('',#375,4.128012501957E-2);
#377=CARTESIAN_POINT('',(5.87E-1,-6.996234049797E-1,0.E0));
#378=LINE('',#377,#376);
#379=DIRECTION('',(0.E0,-1.E0,0.E0));
#380=VECTOR('',#379,1.215319117546E-1);
#381=CARTESIAN_POINT('',(5.949333030701E-1,-7.401340384483E-1,0.E0));
#382=LINE('',#381,#380);
#383=DIRECTION('',(-1.921820436730E-1,-9.813592930674E-1,0.E0));
#384=VECTOR('',#383,4.128014729392E-2);
#385=CARTESIAN_POINT('',(5.949333030701E-1,-8.616659502029E-1,0.E0));
#386=LINE('',#385,#384);
#387=DIRECTION('',(-4.397141723527E-1,-8.981377659536E-1,0.E0));
#388=VECTOR('',#387,3.608411538122E-2);
#389=CARTESIAN_POINT('',(5.87E-1,-9.021766063690E-1,0.E0));
#390=LINE('',#389,#388);
#391=DIRECTION('',(-6.996244945571E-1,-7.145107183351E-1,0.E0));
#392=VECTOR('',#391,4.535762157693E-2);
#393=CARTESIAN_POINT('',(5.711333030701E-1,-9.345851131439E-1,0.E0));
#394=LINE('',#393,#392);
#395=DIRECTION('',(-8.906051112017E-1,-4.547774575564E-1,0.E0));
#396=VECTOR('',#395,3.563117106666E-2);
#397=CARTESIAN_POINT('',(5.394E-1,-9.669936199188E-1,0.E0));
#398=LINE('',#397,#396);
#399=DIRECTION('',(-9.797707392153E-1,-2.001232084928E-1,0.E0));
#400=VECTOR('',#399,4.048569256283E-2);
#401=CARTESIAN_POINT('',(5.076666969299E-1,-9.831978733063E-1,0.E0));
#402=LINE('',#401,#400);
#403=DIRECTION('',(1.E0,0.E0,0.E0));
#404=VECTOR('',#403,1.428E-1);
#405=CARTESIAN_POINT('',(3.252E-1,-9.426872398376E-1,0.E0));
#406=LINE('',#405,#404);
#407=DIRECTION('',(9.689176611437E-1,2.473834390653E-1,0.E0));
#408=VECTOR('',#407,3.275128975625E-2);
#409=CARTESIAN_POINT('',(4.68E-1,-9.426872398376E-1,0.E0));
#410=LINE('',#409,#408);
#411=DIRECTION('',(8.265992787996E-1,5.627909312417E-1,0.E0));
#412=VECTOR('',#411,2.879266968943E-2);
#413=CARTESIAN_POINT('',(4.997333030701E-1,-9.345851131439E-1,0.E0));
#414=LINE('',#413,#412);
#415=DIRECTION('',(5.466229197794E-1,8.373788769559E-1,0.E0));
#416=VECTOR('',#415,2.902676846470E-2);
#417=CARTESIAN_POINT('',(5.235333030701E-1,-9.183808597565E-1,0.E0));
#418=LINE('',#417,#416);
#419=DIRECTION('',(2.377704967207E-1,9.713213633444E-1,0.E0));
#420=VECTOR('',#419,3.336538039616E-2);
#421=CARTESIAN_POINT('',(5.394E-1,-8.940744569778E-1,0.E0));
#422=LINE('',#421,#420);
#423=DIRECTION('',(0.E0,1.E0,0.E0));
#424=VECTOR('',#423,1.215319117546E-1);
#425=CARTESIAN_POINT('',(5.473333030701E-1,-8.616659502029E-1,0.E0));
#426=LINE('',#425,#424);
#427=DIRECTION('',(-2.377704967207E-1,9.713213633444E-1,0.E0));
#428=VECTOR('',#427,3.336538039616E-2);
#429=CARTESIAN_POINT('',(5.473333030701E-1,-7.401340384483E-1,0.E0));
#430=LINE('',#429,#428);
#431=DIRECTION('',(-5.466232777014E-1,8.373786433120E-1,0.E0));
#432=VECTOR('',#431,2.902674945833E-2);
#433=CARTESIAN_POINT('',(5.394E-1,-7.077255316734E-1,0.E0));
#434=LINE('',#433,#432);
#435=DIRECTION('',(-8.265991871191E-1,5.627910658976E-1,0.E0));
#436=VECTOR('',#435,2.879267288291E-2);
#437=CARTESIAN_POINT('',(5.235333030701E-1,-6.834191515923E-1,0.E0));
#438=LINE('',#437,#436);
#439=DIRECTION('',(-9.689176611437E-1,2.473834390653E-1,0.E0));
#440=VECTOR('',#439,3.275128975625E-2);
#441=CARTESIAN_POINT('',(4.997333030701E-1,-6.672148925304E-1,0.E0));
#442=LINE('',#441,#440);
#443=DIRECTION('',(-1.E0,0.E0,0.E0));
#444=VECTOR('',#443,1.428E-1);
#445=CARTESIAN_POINT('',(4.68E-1,-6.591127658367E-1,0.E0));
#446=LINE('',#445,#444);
#447=DIRECTION('',(0.E0,-1.E0,0.E0));
#448=VECTOR('',#447,2.835744740009E-1);
#449=CARTESIAN_POINT('',(3.252E-1,-6.591127658367E-1,0.E0));
#450=LINE('',#449,#448);
#451=DIRECTION('',(-1.E0,0.E0,0.E0));
#452=VECTOR('',#451,6.346660614014E-2);
#453=CARTESIAN_POINT('',(8.488E-1,-9.913E-1,0.E0));
#454=LINE('',#453,#452);
#455=DIRECTION('',(-3.162279017271E-1,9.486832528138E-1,0.E0));
#456=VECTOR('',#455,4.013984634709E-1);
#457=CARTESIAN_POINT('',(7.853333938599E-1,-9.913E-1,0.E0));
#458=LINE('',#457,#456);
#459=DIRECTION('',(1.E0,0.E0,0.E0));
#460=VECTOR('',#459,4.76E-2);
#461=CARTESIAN_POINT('',(6.584E-1,-6.105E-1,0.E0));
#462=LINE('',#461,#460);
#463=DIRECTION('',(3.102805670740E-1,-9.506450282288E-1,0.E0));
#464=VECTOR('',#463,1.022732237443E-1);
#465=CARTESIAN_POINT('',(7.06E-1,-6.105E-1,0.E0));
#466=LINE('',#465,#464);
#467=DIRECTION('',(1.E0,0.E0,0.E0));
#468=VECTOR('',#467,1.586666061401E-1);
#469=CARTESIAN_POINT('',(7.377333938599E-1,-7.077255316734E-1,0.E0));
#470=LINE('',#469,#468);
#471=DIRECTION('',(3.102805670740E-1,9.506450282288E-1,0.E0));
#472=VECTOR('',#471,1.022732237443E-1);
#473=CARTESIAN_POINT('',(8.964E-1,-7.077255316734E-1,0.E0));
#474=LINE('',#473,#472);
#475=DIRECTION('',(1.E0,0.E0,0.E0));
#476=VECTOR('',#475,4.76E-2);
#477=CARTESIAN_POINT('',(9.281333938599E-1,-6.105E-1,0.E0));
#478=LINE('',#477,#476);
#479=DIRECTION('',(-3.162279017271E-1,-9.486832528138E-1,0.E0));
#480=VECTOR('',#479,4.013984634709E-1);
#481=CARTESIAN_POINT('',(9.757333938599E-1,-6.105E-1,0.E0));
#482=LINE('',#481,#480);
#483=DIRECTION('',(3.102800213276E-1,9.506452063546E-1,0.E0));
#484=VECTOR('',#483,2.301147192607E-1);
#485=CARTESIAN_POINT('',(8.170666061401E-1,-9.588914932251E-1,0.E0));
#486=LINE('',#485,#484);
#487=DIRECTION('',(-1.E0,0.E0,0.E0));
#488=VECTOR('',#487,1.428E-1);
#489=CARTESIAN_POINT('',(8.884666061401E-1,-7.401340384483E-1,0.E0));
#490=LINE('',#489,#488);
#491=DIRECTION('',(3.102800213276E-1,-9.506452063546E-1,0.E0));
#492=VECTOR('',#491,2.301147192607E-1);
#493=CARTESIAN_POINT('',(7.456666061401E-1,-7.401340384483E-1,0.E0));
#494=LINE('',#493,#492);
#495=DIRECTION('',(0.E0,0.E0,-1.E0));
#496=VECTOR('',#495,8.E-1);
#497=CARTESIAN_POINT('',(-2.3E0,1.65E0,8.E-1));
#498=LINE('',#497,#496);
#499=DIRECTION('',(0.E0,0.E0,1.E0));
#500=VECTOR('',#499,8.E-1);
#501=CARTESIAN_POINT('',(-2.3E0,2.25E0,0.E0));
#502=LINE('',#501,#500);
#503=DIRECTION('',(0.E0,0.E0,1.E0));
#504=VECTOR('',#503,8.E-1);
#505=CARTESIAN_POINT('',(2.3E0,2.25E0,0.E0));
#506=LINE('',#505,#504);
#507=DIRECTION('',(0.E0,0.E0,-1.E0));
#508=VECTOR('',#507,8.E-1);
#509=CARTESIAN_POINT('',(2.3E0,1.65E0,8.E-1));
#510=LINE('',#509,#508);
#511=DIRECTION('',(0.E0,0.E0,1.E0));
#512=VECTOR('',#511,8.E-1);
#513=CARTESIAN_POINT('',(3.8E0,1.65E0,0.E0));
#514=LINE('',#513,#512);
#515=DIRECTION('',(0.E0,0.E0,1.E0));
#516=VECTOR('',#515,8.E-1);
#517=CARTESIAN_POINT('',(3.8E0,-1.65E0,0.E0));
#518=LINE('',#517,#516);
#519=DIRECTION('',(0.E0,0.E0,-1.E0));
#520=VECTOR('',#519,8.E-1);
#521=CARTESIAN_POINT('',(2.3E0,-1.65E0,8.E-1));
#522=LINE('',#521,#520);
#523=DIRECTION('',(0.E0,0.E0,1.E0));
#524=VECTOR('',#523,8.E-1);
#525=CARTESIAN_POINT('',(-2.3E0,-2.25E0,0.E0));
#526=LINE('',#525,#524);
#527=DIRECTION('',(0.E0,0.E0,1.E0));
#528=VECTOR('',#527,8.E-1);
#529=CARTESIAN_POINT('',(2.3E0,-2.25E0,0.E0));
#530=LINE('',#529,#528);
#531=DIRECTION('',(0.E0,0.E0,-1.E0));
#532=VECTOR('',#531,8.E-1);
#533=CARTESIAN_POINT('',(-2.3E0,-1.65E0,8.E-1));
#534=LINE('',#533,#532);
#535=DIRECTION('',(0.E0,0.E0,1.E0));
#536=VECTOR('',#535,8.E-1);
#537=CARTESIAN_POINT('',(-3.8E0,1.65E0,0.E0));
#538=LINE('',#537,#536);
#539=DIRECTION('',(0.E0,0.E0,1.E0));
#540=VECTOR('',#539,8.E-1);
#541=CARTESIAN_POINT('',(-3.8E0,-1.65E0,0.E0));
#542=LINE('',#541,#540);
#543=DIRECTION('',(1.E0,0.E0,0.E0));
#544=VECTOR('',#543,1.5E0);
#545=CARTESIAN_POINT('',(-3.8E0,1.65E0,8.E-1));
#546=LINE('',#545,#544);
#547=DIRECTION('',(0.E0,-1.E0,0.E0));
#548=VECTOR('',#547,6.E-1);
#549=CARTESIAN_POINT('',(-2.3E0,2.25E0,8.E-1));
#550=LINE('',#549,#548);
#551=DIRECTION('',(-1.E0,0.E0,0.E0));
#552=VECTOR('',#551,4.6E0);
#553=CARTESIAN_POINT('',(2.3E0,2.25E0,8.E-1));
#554=LINE('',#553,#552);
#555=DIRECTION('',(0.E0,-1.E0,0.E0));
#556=VECTOR('',#555,6.E-1);
#557=CARTESIAN_POINT('',(2.3E0,2.25E0,8.E-1));
#558=LINE('',#557,#556);
#559=DIRECTION('',(-1.E0,0.E0,0.E0));
#560=VECTOR('',#559,1.5E0);
#561=CARTESIAN_POINT('',(3.8E0,1.65E0,8.E-1));
#562=LINE('',#561,#560);
#563=DIRECTION('',(0.E0,1.E0,0.E0));
#564=VECTOR('',#563,3.3E0);
#565=CARTESIAN_POINT('',(3.8E0,-1.65E0,8.E-1));
#566=LINE('',#565,#564);
#567=DIRECTION('',(-1.E0,0.E0,0.E0));
#568=VECTOR('',#567,1.5E0);
#569=CARTESIAN_POINT('',(3.8E0,-1.65E0,8.E-1));
#570=LINE('',#569,#568);
#571=DIRECTION('',(0.E0,1.E0,0.E0));
#572=VECTOR('',#571,6.E-1);
#573=CARTESIAN_POINT('',(2.3E0,-2.25E0,8.E-1));
#574=LINE('',#573,#572);
#575=DIRECTION('',(1.E0,0.E0,0.E0));
#576=VECTOR('',#575,4.6E0);
#577=CARTESIAN_POINT('',(-2.3E0,-2.25E0,8.E-1));
#578=LINE('',#577,#576);
#579=DIRECTION('',(0.E0,1.E0,0.E0));
#580=VECTOR('',#579,6.E-1);
#581=CARTESIAN_POINT('',(-2.3E0,-2.25E0,8.E-1));
#582=LINE('',#581,#580);
#583=DIRECTION('',(1.E0,0.E0,0.E0));
#584=VECTOR('',#583,1.5E0);
#585=CARTESIAN_POINT('',(-3.8E0,-1.65E0,8.E-1));
#586=LINE('',#585,#584);
#587=DIRECTION('',(0.E0,-1.E0,0.E0));
#588=VECTOR('',#587,3.3E0);
#589=CARTESIAN_POINT('',(-3.8E0,1.65E0,8.E-1));
#590=LINE('',#589,#588);
#591=DIRECTION('',(0.E0,-1.E0,0.E0));
#592=VECTOR('',#591,3.E0);
#593=CARTESIAN_POINT('',(-3.E0,1.5E0,8.E-1));
#594=LINE('',#593,#592);
#595=DIRECTION('',(1.E0,0.E0,0.E0));
#596=VECTOR('',#595,6.E0);
#597=CARTESIAN_POINT('',(-3.E0,-1.5E0,8.E-1));
#598=LINE('',#597,#596);
#599=DIRECTION('',(0.E0,1.E0,0.E0));
#600=VECTOR('',#599,3.E0);
#601=CARTESIAN_POINT('',(3.E0,-1.5E0,8.E-1));
#602=LINE('',#601,#600);
#603=DIRECTION('',(-1.E0,0.E0,0.E0));
#604=VECTOR('',#603,6.E0);
#605=CARTESIAN_POINT('',(3.E0,1.5E0,8.E-1));
#606=LINE('',#605,#604);
#607=DIRECTION('',(0.E0,0.E0,1.E0));
#608=VECTOR('',#607,2.6E0);
#609=CARTESIAN_POINT('',(-3.E0,1.5E0,8.E-1));
#610=LINE('',#609,#608);
#611=DIRECTION('',(0.E0,0.E0,1.E0));
#612=VECTOR('',#611,2.6E0);
#613=CARTESIAN_POINT('',(3.E0,1.5E0,8.E-1));
#614=LINE('',#613,#612);
#615=DIRECTION('',(0.E0,0.E0,1.E0));
#616=VECTOR('',#615,2.6E0);
#617=CARTESIAN_POINT('',(3.E0,-1.5E0,8.E-1));
#618=LINE('',#617,#616);
#619=DIRECTION('',(0.E0,0.E0,1.E0));
#620=VECTOR('',#619,2.6E0);
#621=CARTESIAN_POINT('',(-3.E0,-1.5E0,8.E-1));
#622=LINE('',#621,#620);
#623=DIRECTION('',(0.E0,0.E0,1.E0));
#624=VECTOR('',#623,2.E0);
#625=CARTESIAN_POINT('',(0.E0,-1.5E0,1.1E0));
#626=LINE('',#625,#624);
#627=DIRECTION('',(1.E0,0.E0,0.E0));
#628=VECTOR('',#627,2.E0);
#629=CARTESIAN_POINT('',(-2.E0,-1.5E0,3.1E0));
#630=LINE('',#629,#628);
#631=DIRECTION('',(0.E0,0.E0,-1.E0));
#632=VECTOR('',#631,2.E0);
#633=CARTESIAN_POINT('',(-2.E0,-1.5E0,3.1E0));
#634=LINE('',#633,#632);
#635=DIRECTION('',(1.E0,0.E0,0.E0));
#636=VECTOR('',#635,2.E0);
#637=CARTESIAN_POINT('',(-2.E0,-1.5E0,1.1E0));
#638=LINE('',#637,#636);
#639=DIRECTION('',(0.E0,-1.E0,0.E0));
#640=VECTOR('',#639,3.E0);
#641=CARTESIAN_POINT('',(-3.E0,1.5E0,3.4E0));
#642=LINE('',#641,#640);
#643=DIRECTION('',(-1.E0,0.E0,0.E0));
#644=VECTOR('',#643,6.E0);
#645=CARTESIAN_POINT('',(3.E0,1.5E0,3.4E0));
#646=LINE('',#645,#644);
#647=DIRECTION('',(0.E0,1.E0,0.E0));
#648=VECTOR('',#647,3.E0);
#649=CARTESIAN_POINT('',(3.E0,-1.5E0,3.4E0));
#650=LINE('',#649,#648);
#651=DIRECTION('',(1.E0,0.E0,0.E0));
#652=VECTOR('',#651,6.E0);
#653=CARTESIAN_POINT('',(-3.E0,-1.5E0,3.4E0));
#654=LINE('',#653,#652);
#655=DIRECTION('',(0.E0,-1.E0,0.E0));
#656=VECTOR('',#655,5.75E0);
#657=CARTESIAN_POINT('',(0.E0,-1.5E0,1.1E0));
#658=LINE('',#657,#656);
#659=DIRECTION('',(-7.071067811865E-1,7.071067811865E-1,0.E0));
#660=VECTOR('',#659,7.071067811865E-1);
#661=CARTESIAN_POINT('',(-5.E-1,-7.25E0,1.1E0));
#662=LINE('',#661,#660);
#663=DIRECTION('',(0.E0,-1.E0,0.E0));
#664=VECTOR('',#663,5.75E0);
#665=CARTESIAN_POINT('',(-2.E0,-1.5E0,1.1E0));
#666=LINE('',#665,#664);
#667=DIRECTION('',(-7.071067811865E-1,-7.071067811865E-1,0.E0));
#668=VECTOR('',#667,7.071067811865E-1);
#669=CARTESIAN_POINT('',(-1.E0,-6.75E0,1.1E0));
#670=LINE('',#669,#668);
#671=DIRECTION('',(0.E0,0.E0,1.E0));
#672=VECTOR('',#671,2.E0);
#673=CARTESIAN_POINT('',(-5.E-1,-7.25E0,1.1E0));
#674=LINE('',#673,#672);
#675=DIRECTION('',(-1.E0,0.E0,0.E0));
#676=VECTOR('',#675,5.E-1);
#677=CARTESIAN_POINT('',(0.E0,-7.25E0,3.1E0));
#678=LINE('',#677,#676);
#679=DIRECTION('',(0.E0,0.E0,1.E0));
#680=VECTOR('',#679,2.E0);
#681=CARTESIAN_POINT('',(0.E0,-7.25E0,1.1E0));
#682=LINE('',#681,#680);
#683=DIRECTION('',(1.E0,0.E0,0.E0));
#684=VECTOR('',#683,5.E-1);
#685=CARTESIAN_POINT('',(-5.E-1,-7.25E0,1.1E0));
#686=LINE('',#685,#684);
#687=DIRECTION('',(0.E0,0.E0,1.E0));
#688=VECTOR('',#687,2.E0);
#689=CARTESIAN_POINT('',(-1.5E0,-7.25E0,1.1E0));
#690=LINE('',#689,#688);
#691=DIRECTION('',(1.E0,0.E0,0.E0));
#692=VECTOR('',#691,5.E-1);
#693=CARTESIAN_POINT('',(-2.E0,-7.25E0,1.1E0));
#694=LINE('',#693,#692);
#695=DIRECTION('',(0.E0,0.E0,-1.E0));
#696=VECTOR('',#695,2.E0);
#697=CARTESIAN_POINT('',(-2.E0,-7.25E0,3.1E0));
#698=LINE('',#697,#696);
#699=DIRECTION('',(-1.E0,0.E0,0.E0));
#700=VECTOR('',#699,5.E-1);
#701=CARTESIAN_POINT('',(-1.5E0,-7.25E0,3.1E0));
#702=LINE('',#701,#700);
#703=DIRECTION('',(-7.071067811865E-1,7.071067811865E-1,0.E0));
#704=VECTOR('',#703,7.071067811865E-1);
#705=CARTESIAN_POINT('',(-5.E-1,-7.25E0,3.1E0));
#706=LINE('',#705,#704);
#707=DIRECTION('',(-7.071067811865E-1,-7.071067811865E-1,0.E0));
#708=VECTOR('',#707,7.071067811865E-1);
#709=CARTESIAN_POINT('',(-1.E0,-6.75E0,3.1E0));
#710=LINE('',#709,#708);
#711=DIRECTION('',(0.E0,-1.E0,0.E0));
#712=VECTOR('',#711,5.75E0);
#713=CARTESIAN_POINT('',(0.E0,-1.5E0,3.1E0));
#714=LINE('',#713,#712);
#715=DIRECTION('',(0.E0,0.E0,-1.E0));
#716=VECTOR('',#715,2.E0);
#717=CARTESIAN_POINT('',(-1.E0,-6.75E0,3.1E0));
#718=LINE('',#717,#716);
#719=DIRECTION('',(0.E0,-1.E0,0.E0));
#720=VECTOR('',#719,5.75E0);
#721=CARTESIAN_POINT('',(-2.E0,-1.5E0,3.1E0));
#722=LINE('',#721,#720);
#723=DIRECTION('',(0.E0,0.E0,-1.E0));
#724=VECTOR('',#723,3.E-1);
#725=CARTESIAN_POINT('',(1.55E0,-1.5E-1,0.E0));
#726=LINE('',#725,#724);
#727=DIRECTION('',(0.E0,0.E0,-1.E0));
#728=VECTOR('',#727,2.65E0);
#729=CARTESIAN_POINT('',(1.75E0,-1.5E-1,-3.E-1));
#730=LINE('',#729,#728);
#731=DIRECTION('',(1.E0,0.E0,0.E0));
#732=VECTOR('',#731,9.E-1);
#733=CARTESIAN_POINT('',(1.55E0,-1.5E-1,0.E0));
#734=LINE('',#733,#732);
#735=DIRECTION('',(0.E0,0.E0,-1.E0));
#736=VECTOR('',#735,3.E-1);
#737=CARTESIAN_POINT('',(2.45E0,-1.5E-1,0.E0));
#738=LINE('',#737,#736);
#739=DIRECTION('',(0.E0,0.E0,1.E0));
#740=VECTOR('',#739,2.65E0);
#741=CARTESIAN_POINT('',(2.25E0,-1.5E-1,-2.95E0));
#742=LINE('',#741,#740);
#743=CARTESIAN_POINT('',(2.E0,-1.5E-1,-2.95E0));
#744=DIRECTION('',(0.E0,-1.E0,0.E0));
#745=DIRECTION('',(-1.E0,0.E0,0.E0));
#746=AXIS2_PLACEMENT_3D('',#743,#744,#745);
#748=DIRECTION('',(0.E0,-1.E0,0.E0));
#749=VECTOR('',#748,3.E-1);
#750=CARTESIAN_POINT('',(1.75E0,1.5E-1,-3.E-1));
#751=LINE('',#750,#749);
#752=DIRECTION('',(0.E0,-1.E0,0.E0));
#753=VECTOR('',#752,3.E-1);
#754=CARTESIAN_POINT('',(1.75E0,1.5E-1,-2.95E0));
#755=LINE('',#754,#753);
#756=DIRECTION('',(1.E0,0.E0,0.E0));
#757=VECTOR('',#756,2.E-1);
#758=CARTESIAN_POINT('',(1.55E0,1.5E-1,-3.E-1));
#759=LINE('',#758,#757);
#760=DIRECTION('',(0.E0,1.E0,0.E0));
#761=VECTOR('',#760,3.E-1);
#762=CARTESIAN_POINT('',(1.55E0,-1.5E-1,-3.E-1));
#763=LINE('',#762,#761);
#764=DIRECTION('',(-1.E0,0.E0,0.E0));
#765=VECTOR('',#764,2.E-1);
#766=CARTESIAN_POINT('',(1.75E0,-1.5E-1,-3.E-1));
#767=LINE('',#766,#765);
#768=DIRECTION('',(-1.E0,0.E0,0.E0));
#769=VECTOR('',#768,2.E-1);
#770=CARTESIAN_POINT('',(2.45E0,-1.5E-1,-3.E-1));
#771=LINE('',#770,#769);
#772=DIRECTION('',(0.E0,-1.E0,0.E0));
#773=VECTOR('',#772,3.E-1);
#774=CARTESIAN_POINT('',(2.45E0,1.5E-1,-3.E-1));
#775=LINE('',#774,#773);
#776=DIRECTION('',(1.E0,0.E0,0.E0));
#777=VECTOR('',#776,2.E-1);
#778=CARTESIAN_POINT('',(2.25E0,1.5E-1,-3.E-1));
#779=LINE('',#778,#777);
#780=DIRECTION('',(0.E0,0.E0,1.E0));
#781=VECTOR('',#780,2.65E0);
#782=CARTESIAN_POINT('',(2.25E0,1.5E-1,-2.95E0));
#783=LINE('',#782,#781);
#784=DIRECTION('',(-1.E0,0.E0,0.E0));
#785=VECTOR('',#784,9.E-1);
#786=CARTESIAN_POINT('',(2.45E0,1.5E-1,0.E0));
#787=LINE('',#786,#785);
#788=DIRECTION('',(0.E0,0.E0,-1.E0));
#789=VECTOR('',#788,3.E-1);
#790=CARTESIAN_POINT('',(1.55E0,1.5E-1,0.E0));
#791=LINE('',#790,#789);
#792=DIRECTION('',(0.E0,0.E0,-1.E0));
#793=VECTOR('',#792,2.65E0);
#794=CARTESIAN_POINT('',(1.75E0,1.5E-1,-3.E-1));
#795=LINE('',#794,#793);
#796=CARTESIAN_POINT('',(2.E0,1.5E-1,-2.95E0));
#797=DIRECTION('',(0.E0,1.E0,0.E0));
#798=DIRECTION('',(1.E0,0.E0,0.E0));
#799=AXIS2_PLACEMENT_3D('',#796,#797,#798);
#801=DIRECTION('',(0.E0,-1.E0,0.E0));
#802=VECTOR('',#801,3.E-1);
#803=CARTESIAN_POINT('',(2.25E0,1.5E-1,-3.E-1));
#804=LINE('',#803,#802);
#805=DIRECTION('',(0.E0,-1.E0,0.E0));
#806=VECTOR('',#805,3.E-1);
#807=CARTESIAN_POINT('',(2.25E0,1.5E-1,-2.95E0));
#808=LINE('',#807,#806);
#809=DIRECTION('',(0.E0,0.E0,-1.E0));
#810=VECTOR('',#809,3.E-1);
#811=CARTESIAN_POINT('',(2.45E0,1.5E-1,0.E0));
#812=LINE('',#811,#810);
#813=DIRECTION('',(0.E0,0.E0,-1.E0));
#814=VECTOR('',#813,3.E-1);
#815=CARTESIAN_POINT('',(-4.5E-1,-1.5E-1,0.E0));
#816=LINE('',#815,#814);
#817=DIRECTION('',(0.E0,0.E0,-1.E0));
#818=VECTOR('',#817,2.65E0);
#819=CARTESIAN_POINT('',(-2.5E-1,-1.5E-1,-3.E-1));
#820=LINE('',#819,#818);
#821=DIRECTION('',(1.E0,0.E0,0.E0));
#822=VECTOR('',#821,9.E-1);
#823=CARTESIAN_POINT('',(-4.5E-1,-1.5E-1,0.E0));
#824=LINE('',#823,#822);
#825=DIRECTION('',(0.E0,0.E0,-1.E0));
#826=VECTOR('',#825,3.E-1);
#827=CARTESIAN_POINT('',(4.5E-1,-1.5E-1,0.E0));
#828=LINE('',#827,#826);
#829=DIRECTION('',(0.E0,0.E0,1.E0));
#830=VECTOR('',#829,2.65E0);
#831=CARTESIAN_POINT('',(2.5E-1,-1.5E-1,-2.95E0));
#832=LINE('',#831,#830);
#833=CARTESIAN_POINT('',(0.E0,-1.5E-1,-2.95E0));
#834=DIRECTION('',(0.E0,-1.E0,0.E0));
#835=DIRECTION('',(-1.E0,0.E0,0.E0));
#836=AXIS2_PLACEMENT_3D('',#833,#834,#835);
#838=DIRECTION('',(0.E0,-1.E0,0.E0));
#839=VECTOR('',#838,3.E-1);
#840=CARTESIAN_POINT('',(-2.5E-1,1.5E-1,-3.E-1));
#841=LINE('',#840,#839);
#842=DIRECTION('',(0.E0,-1.E0,0.E0));
#843=VECTOR('',#842,3.E-1);
#844=CARTESIAN_POINT('',(-2.5E-1,1.5E-1,-2.95E0));
#845=LINE('',#844,#843);
#846=DIRECTION('',(1.E0,0.E0,0.E0));
#847=VECTOR('',#846,2.E-1);
#848=CARTESIAN_POINT('',(-4.5E-1,1.5E-1,-3.E-1));
#849=LINE('',#848,#847);
#850=DIRECTION('',(0.E0,1.E0,0.E0));
#851=VECTOR('',#850,3.E-1);
#852=CARTESIAN_POINT('',(-4.5E-1,-1.5E-1,-3.E-1));
#853=LINE('',#852,#851);
#854=DIRECTION('',(-1.E0,0.E0,0.E0));
#855=VECTOR('',#854,2.E-1);
#856=CARTESIAN_POINT('',(-2.5E-1,-1.5E-1,-3.E-1));
#857=LINE('',#856,#855);
#858=DIRECTION('',(1.E0,0.E0,0.E0));
#859=VECTOR('',#858,2.E-1);
#860=CARTESIAN_POINT('',(2.5E-1,1.5E-1,-3.E-1));
#861=LINE('',#860,#859);
#862=DIRECTION('',(-1.E0,0.E0,0.E0));
#863=VECTOR('',#862,2.E-1);
#864=CARTESIAN_POINT('',(4.5E-1,-1.5E-1,-3.E-1));
#865=LINE('',#864,#863);
#866=DIRECTION('',(0.E0,-1.E0,0.E0));
#867=VECTOR('',#866,3.E-1);
#868=CARTESIAN_POINT('',(4.5E-1,1.5E-1,-3.E-1));
#869=LINE('',#868,#867);
#870=DIRECTION('',(0.E0,0.E0,1.E0));
#871=VECTOR('',#870,2.65E0);
#872=CARTESIAN_POINT('',(2.5E-1,1.5E-1,-2.95E0));
#873=LINE('',#872,#871);
#874=DIRECTION('',(-1.E0,0.E0,0.E0));
#875=VECTOR('',#874,9.E-1);
#876=CARTESIAN_POINT('',(4.5E-1,1.5E-1,0.E0));
#877=LINE('',#876,#875);
#878=DIRECTION('',(0.E0,0.E0,-1.E0));
#879=VECTOR('',#878,3.E-1);
#880=CARTESIAN_POINT('',(-4.5E-1,1.5E-1,0.E0));
#881=LINE('',#880,#879);
#882=DIRECTION('',(0.E0,0.E0,-1.E0));
#883=VECTOR('',#882,2.65E0);
#884=CARTESIAN_POINT('',(-2.5E-1,1.5E-1,-3.E-1));
#885=LINE('',#884,#883);
#886=CARTESIAN_POINT('',(0.E0,1.5E-1,-2.95E0));
#887=DIRECTION('',(0.E0,1.E0,0.E0));
#888=DIRECTION('',(1.E0,0.E0,0.E0));
#889=AXIS2_PLACEMENT_3D('',#886,#887,#888);
#891=DIRECTION('',(0.E0,-1.E0,0.E0));
#892=VECTOR('',#891,3.E-1);
#893=CARTESIAN_POINT('',(2.5E-1,1.5E-1,-3.E-1));
#894=LINE('',#893,#892);
#895=DIRECTION('',(0.E0,-1.E0,0.E0));
#896=VECTOR('',#895,3.E-1);
#897=CARTESIAN_POINT('',(2.5E-1,1.5E-1,-2.95E0));
#898=LINE('',#897,#896);
#899=DIRECTION('',(0.E0,0.E0,-1.E0));
#900=VECTOR('',#899,3.E-1);
#901=CARTESIAN_POINT('',(4.5E-1,1.5E-1,0.E0));
#902=LINE('',#901,#900);
#903=DIRECTION('',(0.E0,0.E0,-1.E0));
#904=VECTOR('',#903,3.E-1);
#905=CARTESIAN_POINT('',(-2.45E0,-1.5E-1,0.E0));
#906=LINE('',#905,#904);
#907=DIRECTION('',(0.E0,0.E0,-1.E0));
#908=VECTOR('',#907,2.65E0);
#909=CARTESIAN_POINT('',(-2.25E0,-1.5E-1,-3.E-1));
#910=LINE('',#909,#908);
#911=DIRECTION('',(1.E0,0.E0,0.E0));
#912=VECTOR('',#911,9.E-1);
#913=CARTESIAN_POINT('',(-2.45E0,-1.5E-1,0.E0));
#914=LINE('',#913,#912);
#915=DIRECTION('',(0.E0,0.E0,-1.E0));
#916=VECTOR('',#915,3.E-1);
#917=CARTESIAN_POINT('',(-1.55E0,-1.5E-1,0.E0));
#918=LINE('',#917,#916);
#919=DIRECTION('',(0.E0,0.E0,1.E0));
#920=VECTOR('',#919,2.65E0);
#921=CARTESIAN_POINT('',(-1.75E0,-1.5E-1,-2.95E0));
#922=LINE('',#921,#920);
#923=CARTESIAN_POINT('',(-2.E0,-1.5E-1,-2.95E0));
#924=DIRECTION('',(0.E0,-1.E0,0.E0));
#925=DIRECTION('',(-1.E0,0.E0,0.E0));
#926=AXIS2_PLACEMENT_3D('',#923,#924,#925);
#928=DIRECTION('',(0.E0,-1.E0,0.E0));
#929=VECTOR('',#928,3.E-1);
#930=CARTESIAN_POINT('',(-2.25E0,1.5E-1,-3.E-1));
#931=LINE('',#930,#929);
#932=DIRECTION('',(0.E0,-1.E0,0.E0));
#933=VECTOR('',#932,3.E-1);
#934=CARTESIAN_POINT('',(-2.25E0,1.5E-1,-2.95E0));
#935=LINE('',#934,#933);
#936=DIRECTION('',(1.E0,0.E0,0.E0));
#937=VECTOR('',#936,2.E-1);
#938=CARTESIAN_POINT('',(-2.45E0,1.5E-1,-3.E-1));
#939=LINE('',#938,#937);
#940=DIRECTION('',(0.E0,1.E0,0.E0));
#941=VECTOR('',#940,3.E-1);
#942=CARTESIAN_POINT('',(-2.45E0,-1.5E-1,-3.E-1));
#943=LINE('',#942,#941);
#944=DIRECTION('',(-1.E0,0.E0,0.E0));
#945=VECTOR('',#944,2.E-1);
#946=CARTESIAN_POINT('',(-2.25E0,-1.5E-1,-3.E-1));
#947=LINE('',#946,#945);
#948=DIRECTION('',(1.E0,0.E0,0.E0));
#949=VECTOR('',#948,2.E-1);
#950=CARTESIAN_POINT('',(-1.75E0,1.5E-1,-3.E-1));
#951=LINE('',#950,#949);
#952=DIRECTION('',(-1.E0,0.E0,0.E0));
#953=VECTOR('',#952,2.E-1);
#954=CARTESIAN_POINT('',(-1.55E0,-1.5E-1,-3.E-1));
#955=LINE('',#954,#953);
#956=DIRECTION('',(0.E0,-1.E0,0.E0));
#957=VECTOR('',#956,3.E-1);
#958=CARTESIAN_POINT('',(-1.55E0,1.5E-1,-3.E-1));
#959=LINE('',#958,#957);
#960=DIRECTION('',(0.E0,0.E0,1.E0));
#961=VECTOR('',#960,2.65E0);
#962=CARTESIAN_POINT('',(-1.75E0,1.5E-1,-2.95E0));
#963=LINE('',#962,#961);
#964=DIRECTION('',(-1.E0,0.E0,0.E0));
#965=VECTOR('',#964,9.E-1);
#966=CARTESIAN_POINT('',(-1.55E0,1.5E-1,0.E0));
#967=LINE('',#966,#965);
#968=DIRECTION('',(0.E0,0.E0,-1.E0));
#969=VECTOR('',#968,3.E-1);
#970=CARTESIAN_POINT('',(-2.45E0,1.5E-1,0.E0));
#971=LINE('',#970,#969);
#972=DIRECTION('',(0.E0,0.E0,-1.E0));
#973=VECTOR('',#972,2.65E0);
#974=CARTESIAN_POINT('',(-2.25E0,1.5E-1,-3.E-1));
#975=LINE('',#974,#973);
#976=CARTESIAN_POINT('',(-2.E0,1.5E-1,-2.95E0));
#977=DIRECTION('',(0.E0,1.E0,0.E0));
#978=DIRECTION('',(1.E0,0.E0,0.E0));
#979=AXIS2_PLACEMENT_3D('',#976,#977,#978);
#981=DIRECTION('',(0.E0,-1.E0,0.E0));
#982=VECTOR('',#981,3.E-1);
#983=CARTESIAN_POINT('',(-1.75E0,1.5E-1,-3.E-1));
#984=LINE('',#983,#982);
#985=DIRECTION('',(0.E0,-1.E0,0.E0));
#986=VECTOR('',#985,3.E-1);
#987=CARTESIAN_POINT('',(-1.75E0,1.5E-1,-2.95E0));
#988=LINE('',#987,#986);
#989=DIRECTION('',(0.E0,0.E0,-1.E0));
#990=VECTOR('',#989,3.E-1);
#991=CARTESIAN_POINT('',(-1.55E0,1.5E-1,0.E0));
#992=LINE('',#991,#990);
#993=DIRECTION('',(0.E0,0.E0,-1.E0));
#994=VECTOR('',#993,2.E-2);
#995=CARTESIAN_POINT('',(-7.934E-1,-9.913E-1,0.E0));
#996=LINE('',#995,#994);
#997=DIRECTION('',(0.E0,0.E0,-1.E0));
#998=VECTOR('',#997,2.E-2);
#999=CARTESIAN_POINT('',(-7.458E-1,-9.913E-1,0.E0));
#1000=LINE('',#999,#998);
#1001=DIRECTION('',(0.E0,0.E0,-1.E0));
#1002=VECTOR('',#1001,2.E-2);
#1003=CARTESIAN_POINT('',(-7.458E-1,-6.591127658367E-1,0.E0));
#1004=LINE('',#1003,#1002);
#1005=DIRECTION('',(0.E0,0.E0,-1.E0));
#1006=VECTOR('',#1005,2.E-2);
#1007=CARTESIAN_POINT('',(-5.078E-1,-6.591127658367E-1,0.E0));
#1008=LINE('',#1007,#1006);
#1009=DIRECTION('',(0.E0,0.E0,-1.E0));
#1010=VECTOR('',#1009,2.E-2);
#1011=CARTESIAN_POINT('',(-5.078E-1,-6.105E-1,0.E0));
#1012=LINE('',#1011,#1010);
#1013=DIRECTION('',(0.E0,0.E0,-1.E0));
#1014=VECTOR('',#1013,2.E-2);
#1015=CARTESIAN_POINT('',(-7.934E-1,-6.105E-1,0.E0));
#1016=LINE('',#1015,#1014);
#1017=DIRECTION('',(0.E0,1.E0,0.E0));
#1018=VECTOR('',#1017,3.808E-1);
#1019=CARTESIAN_POINT('',(-7.934E-1,-9.913E-1,-2.E-2));
#1020=LINE('',#1019,#1018);
#1021=DIRECTION('',(-1.E0,0.E0,0.E0));
#1022=VECTOR('',#1021,4.76E-2);
#1023=CARTESIAN_POINT('',(-7.458E-1,-9.913E-1,-2.E-2));
#1024=LINE('',#1023,#1022);
#1025=DIRECTION('',(0.E0,-1.E0,0.E0));
#1026=VECTOR('',#1025,3.321872341633E-1);
#1027=CARTESIAN_POINT('',(-7.458E-1,-6.591127658367E-1,-2.E-2));
#1028=LINE('',#1027,#1026);
#1029=DIRECTION('',(-1.E0,0.E0,0.E0));
#1030=VECTOR('',#1029,2.38E-1);
#1031=CARTESIAN_POINT('',(-5.078E-1,-6.591127658367E-1,-2.E-2));
#1032=LINE('',#1031,#1030);
#1033=DIRECTION('',(0.E0,-1.E0,0.E0));
#1034=VECTOR('',#1033,4.861276583672E-2);
#1035=CARTESIAN_POINT('',(-5.078E-1,-6.105E-1,-2.E-2));
#1036=LINE('',#1035,#1034);
#1037=DIRECTION('',(1.E0,0.E0,0.E0));
#1038=VECTOR('',#1037,2.856E-1);
#1039=CARTESIAN_POINT('',(-7.934E-1,-6.105E-1,-2.E-2));
#1040=LINE('',#1039,#1038);
#1041=DIRECTION('',(-1.E0,0.E0,0.E0));
#1042=VECTOR('',#1041,4.76E-2);
#1043=CARTESIAN_POINT('',(-1.349333484650E-1,-7.077255316734E-1,-2.E-2));
#1044=LINE('',#1043,#1042);
#1045=DIRECTION('',(1.921821214477E-1,-9.813592778365E-1,0.E0));
#1046=VECTOR('',#1045,4.128013058815E-2);
#1047=CARTESIAN_POINT('',(-1.428666515350E-1,-6.672148925304E-1,-2.E-2));
#1048=LINE('',#1047,#1046);
#1049=DIRECTION('',(6.996249742329E-1,-7.145102486526E-1,0.E0));
#1050=VECTOR('',#1049,4.535765536352E-2);
#1051=CARTESIAN_POINT('',(-1.746E-1,-6.348063829184E-1,-2.E-2));
#1052=LINE('',#1051,#1050);
#1053=DIRECTION('',(8.906053505096E-1,-4.547769889117E-1,0.E0));
#1054=VECTOR('',#1053,3.563121246331E-2);
#1055=CARTESIAN_POINT('',(-2.063333484650E-1,-6.186021274030E-1,-2.E-2));
#1056=LINE('',#1055,#1054);
#1057=DIRECTION('',(9.797706908745E-1,-2.001234451615E-1,0.E0));
#1058=VECTOR('',#1057,4.048564822819E-2);
#1059=CARTESIAN_POINT('',(-2.46E-1,-6.105E-1,-2.E-2));
#1060=LINE('',#1059,#1058);
#1061=DIRECTION('',(1.E0,0.E0,0.E0));
#1062=VECTOR('',#1061,7.14E-2);
#1063=CARTESIAN_POINT('',(-3.174E-1,-6.105E-1,-2.E-2));
#1064=LINE('',#1063,#1062);
#1065=DIRECTION('',(9.797706908745E-1,2.001234451615E-1,0.E0));
#1066=VECTOR('',#1065,4.048564822819E-2);
#1067=CARTESIAN_POINT('',(-3.570666515350E-1,-6.186021274030E-1,-2.E-2));
#1068=LINE('',#1067,#1066);
#1069=DIRECTION('',(8.906053505096E-1,4.547769889117E-1,0.E0));
#1070=VECTOR('',#1069,3.563121246331E-2);
#1071=CARTESIAN_POINT('',(-3.888E-1,-6.348063829184E-1,-2.E-2));
#1072=LINE('',#1071,#1070);
#1073=DIRECTION('',(6.996247187608E-1,7.145104988024E-1,0.E0));
#1074=VECTOR('',#1073,4.535763948382E-2);
#1075=CARTESIAN_POINT('',(-4.205333257675E-1,-6.672148925304E-1,-2.E-2));
#1076=LINE('',#1075,#1074);
#1077=DIRECTION('',(4.397136028534E-1,8.981380447713E-1,0.E0));
#1078=VECTOR('',#1077,3.608411049720E-2);
#1079=CARTESIAN_POINT('',(-4.364E-1,-6.996234049797E-1,-2.E-2));
#1080=LINE('',#1079,#1078);
#1081=DIRECTION('',(1.921826769043E-1,9.813591690599E-1,0.E0));
#1082=VECTOR('',#1081,4.128012938162E-2);
#1083=CARTESIAN_POINT('',(-4.443333257675E-1,-7.401340384483E-1,-2.E-2));
#1084=LINE('',#1083,#1082);
#1085=DIRECTION('',(0.E0,1.E0,0.E0));
#1086=VECTOR('',#1085,1.215319117546E-1);
#1087=CARTESIAN_POINT('',(-4.443333257675E-1,-8.616659502029E-1,-2.E-2));
#1088=LINE('',#1087,#1086);
#1089=DIRECTION('',(-1.921825732045E-1,9.813591893677E-1,0.E0));
#1090=VECTOR('',#1089,4.128015165597E-2);
#1091=CARTESIAN_POINT('',(-4.364E-1,-9.021766063690E-1,-2.E-2));
#1092=LINE('',#1091,#1090);
#1093=DIRECTION('',(-4.397136649566E-1,8.981380143666E-1,0.E0));
#1094=VECTOR('',#1093,3.608410540084E-2);
#1095=CARTESIAN_POINT('',(-4.205333257675E-1,-9.345851131439E-1,-2.E-2));
#1096=LINE('',#1095,#1094);
#1097=DIRECTION('',(-6.996247500295E-1,7.145104681851E-1,0.E0));
#1098=VECTOR('',#1097,4.535763745662E-2);
#1099=CARTESIAN_POINT('',(-3.888E-1,-9.669936199188E-1,-2.E-2));
#1100=LINE('',#1099,#1098);
#1101=DIRECTION('',(-8.906053746977E-1,4.547769415434E-1,0.E0));
#1102=VECTOR('',#1101,3.563121149559E-2);
#1103=CARTESIAN_POINT('',(-3.570666515350E-1,-9.831978733063E-1,-2.E-2));
#1104=LINE('',#1103,#1102);
#1105=DIRECTION('',(-9.797706943097E-1,2.001234283435E-1,0.E0));
#1106=VECTOR('',#1105,4.048564808624E-2);
#1107=CARTESIAN_POINT('',(-3.174E-1,-9.913E-1,-2.E-2));
#1108=LINE('',#1107,#1106);
#1109=DIRECTION('',(-1.E0,0.E0,0.E0));
#1110=VECTOR('',#1109,7.14E-2);
#1111=CARTESIAN_POINT('',(-2.46E-1,-9.913E-1,-2.E-2));
#1112=LINE('',#1111,#1110);
#1113=DIRECTION('',(-9.797706943097E-1,-2.001234283435E-1,0.E0));
#1114=VECTOR('',#1113,4.048564808624E-2);
#1115=CARTESIAN_POINT('',(-2.063333484650E-1,-9.831978733063E-1,-2.E-2));
#1116=LINE('',#1115,#1114);
#1117=DIRECTION('',(-8.906053746977E-1,-4.547769415434E-1,0.E0));
#1118=VECTOR('',#1117,3.563121149559E-2);
#1119=CARTESIAN_POINT('',(-1.746E-1,-9.669936199188E-1,-2.E-2));
#1120=LINE('',#1119,#1118);
#1121=DIRECTION('',(-6.996250055017E-1,-7.145102180353E-1,0.E0));
#1122=VECTOR('',#1121,4.535765333632E-2);
#1123=CARTESIAN_POINT('',(-1.428666515350E-1,-9.345851131439E-1,-2.E-2));
#1124=LINE('',#1123,#1122);
#1125=DIRECTION('',(-1.921820436730E-1,-9.813592930674E-1,0.E0));
#1126=VECTOR('',#1125,4.128014729392E-2);
#1127=CARTESIAN_POINT('',(-1.349333484650E-1,-8.940744569778E-1,-2.E-2));
#1128=LINE('',#1127,#1126);
#1129=DIRECTION('',(1.E0,0.E0,0.E0));
#1130=VECTOR('',#1129,4.76E-2);
#1131=CARTESIAN_POINT('',(-1.825333484650E-1,-8.940744569778E-1,-2.E-2));
#1132=LINE('',#1131,#1130);
#1133=DIRECTION('',(3.102787334496E-1,9.506456267027E-1,0.E0));
#1134=VECTOR('',#1133,2.556831073103E-2);
#1135=CARTESIAN_POINT('',(-1.904666515350E-1,-9.183808597565E-1,-2.E-2));
#1136=LINE('',#1135,#1134);
#1137=DIRECTION('',(8.265992787996E-1,5.627909312417E-1,0.E0));
#1138=VECTOR('',#1137,2.879266968943E-2);
#1139=CARTESIAN_POINT('',(-2.142666515350E-1,-9.345851131439E-1,-2.E-2));
#1140=LINE('',#1139,#1138);
#1141=DIRECTION('',(9.689177459678E-1,2.473831068378E-1,0.E0));
#1142=VECTOR('',#1141,3.275133374017E-2);
#1143=CARTESIAN_POINT('',(-2.46E-1,-9.426872398376E-1,-2.E-2));
#1144=LINE('',#1143,#1142);
#1145=DIRECTION('',(1.E0,0.E0,0.E0));
#1146=VECTOR('',#1145,7.14E-2);
#1147=CARTESIAN_POINT('',(-3.174E-1,-9.426872398376E-1,-2.E-2));
#1148=LINE('',#1147,#1146);
#1149=DIRECTION('',(9.689177459678E-1,-2.473831068378E-1,0.E0));
#1150=VECTOR('',#1149,3.275133374017E-2);
#1151=CARTESIAN_POINT('',(-3.491333484650E-1,-9.345851131439E-1,-2.E-2));
#1152=LINE('',#1151,#1150);
#1153=DIRECTION('',(8.265992787996E-1,-5.627909312417E-1,0.E0));
#1154=VECTOR('',#1153,2.879266968943E-2);
#1155=CARTESIAN_POINT('',(-3.729333484650E-1,-9.183808597565E-1,-2.E-2));
#1156=LINE('',#1155,#1154);
#1157=DIRECTION('',(5.466218231676E-1,-8.373795927994E-1,0.E0));
#1158=VECTOR('',#1157,2.902674365083E-2);
#1159=CARTESIAN_POINT('',(-3.888E-1,-8.940744569778E-1,-2.E-2));
#1160=LINE('',#1159,#1158);
#1161=DIRECTION('',(2.377717803411E-1,-9.713210491251E-1,0.E0));
#1162=VECTOR('',#1161,3.336539118976E-2);
#1163=CARTESIAN_POINT('',(-3.967333484650E-1,-8.616659502029E-1,-2.E-2));
#1164=LINE('',#1163,#1162);
#1165=DIRECTION('',(0.E0,-1.E0,0.E0));
#1166=VECTOR('',#1165,1.215319117546E-1);
#1167=CARTESIAN_POINT('',(-3.967333484650E-1,-7.401340384483E-1,-2.E-2));
#1168=LINE('',#1167,#1166);
#1169=DIRECTION('',(-2.377717803411E-1,-9.713210491251E-1,0.E0));
#1170=VECTOR('',#1169,3.336539118976E-2);
#1171=CARTESIAN_POINT('',(-3.888E-1,-7.077255316734E-1,-2.E-2));
#1172=LINE('',#1171,#1170);
#1173=DIRECTION('',(-5.466221810895E-1,-8.373793591563E-1,0.E0));
#1174=VECTOR('',#1173,2.902672464445E-2);
#1175=CARTESIAN_POINT('',(-3.729333484650E-1,-6.834191515923E-1,-2.E-2));
#1176=LINE('',#1175,#1174);
#1177=DIRECTION('',(-8.265991871191E-1,-5.627910658976E-1,0.E0));
#1178=VECTOR('',#1177,2.879267288291E-2);
#1179=CARTESIAN_POINT('',(-3.491333484650E-1,-6.672148925304E-1,-2.E-2));
#1180=LINE('',#1179,#1178);
#1181=DIRECTION('',(-9.689177459678E-1,-2.473831068378E-1,0.E0));
#1182=VECTOR('',#1181,3.275133374017E-2);
#1183=CARTESIAN_POINT('',(-3.174E-1,-6.591127658367E-1,-2.E-2));
#1184=LINE('',#1183,#1182);
#1185=DIRECTION('',(-1.E0,0.E0,0.E0));
#1186=VECTOR('',#1185,7.14E-2);
#1187=CARTESIAN_POINT('',(-2.46E-1,-6.591127658367E-1,-2.E-2));
#1188=LINE('',#1187,#1186);
#1189=DIRECTION('',(-9.689177459678E-1,2.473831068378E-1,0.E0));
#1190=VECTOR('',#1189,3.275133374017E-2);
#1191=CARTESIAN_POINT('',(-2.142666515350E-1,-6.672148925304E-1,-2.E-2));
#1192=LINE('',#1191,#1190);
#1193=DIRECTION('',(-8.265991871191E-1,5.627910658976E-1,0.E0));
#1194=VECTOR('',#1193,2.879267288291E-2);
#1195=CARTESIAN_POINT('',(-1.904666515350E-1,-6.834191515923E-1,-2.E-2));
#1196=LINE('',#1195,#1194);
#1197=DIRECTION('',(-3.102789952956E-1,9.506455412394E-1,0.E0));
#1198=VECTOR('',#1197,2.556828915380E-2);
#1199=CARTESIAN_POINT('',(-1.825333484650E-1,-7.077255316734E-1,-2.E-2));
#1200=LINE('',#1199,#1198);
#1201=DIRECTION('',(-1.E0,0.E0,0.E0));
#1202=VECTOR('',#1201,2.38E-1);
#1203=CARTESIAN_POINT('',(2.141333030701E-1,-6.591127658367E-1,-2.E-2));
#1204=LINE('',#1203,#1202);
#1205=DIRECTION('',(0.E0,-1.E0,0.E0));
#1206=VECTOR('',#1205,4.861276583672E-2);
#1207=CARTESIAN_POINT('',(2.141333030701E-1,-6.105E-1,-2.E-2));
#1208=LINE('',#1207,#1206);
#1209=DIRECTION('',(1.E0,0.E0,0.E0));
#1210=VECTOR('',#1209,2.855999546051E-1);
#1211=CARTESIAN_POINT('',(-7.146665153503E-2,-6.105E-1,-2.E-2));
#1212=LINE('',#1211,#1210);
#1213=DIRECTION('',(0.E0,1.E0,0.E0));
#1214=VECTOR('',#1213,3.808E-1);
#1215=CARTESIAN_POINT('',(-7.146665153503E-2,-9.913E-1,-2.E-2));
#1216=LINE('',#1215,#1214);
#1217=DIRECTION('',(-1.E0,0.E0,0.E0));
#1218=VECTOR('',#1217,2.855999546051E-1);
#1219=CARTESIAN_POINT('',(2.141333030701E-1,-9.913E-1,-2.E-2));
#1220=LINE('',#1219,#1218);
#1221=DIRECTION('',(0.E0,-1.E0,0.E0));
#1222=VECTOR('',#1221,4.861276016235E-2);
#1223=CARTESIAN_POINT('',(2.141333030701E-1,-9.426872398376E-1,-2.E-2));
#1224=LINE('',#1223,#1222);
#1225=DIRECTION('',(1.E0,0.E0,0.E0));
#1226=VECTOR('',#1225,2.38E-1);
#1227=CARTESIAN_POINT('',(-2.386669692993E-2,-9.426872398376E-1,-2.E-2));
#1228=LINE('',#1227,#1226);
#1229=DIRECTION('',(0.E0,-1.E0,0.E0));
#1230=VECTOR('',#1229,1.053276697159E-1);
#1231=CARTESIAN_POINT('',(-2.386669692993E-2,-8.373595701218E-1,-2.E-2));
#1232=LINE('',#1231,#1230);
#1233=DIRECTION('',(-1.E0,0.E0,0.E0));
#1234=VECTOR('',#1233,2.062666969299E-1);
#1235=CARTESIAN_POINT('',(1.824E-1,-8.373595701218E-1,-2.E-2));
#1236=LINE('',#1235,#1234);
#1237=DIRECTION('',(0.E0,-1.E0,0.E0));
#1238=VECTOR('',#1237,4.861276016235E-2);
#1239=CARTESIAN_POINT('',(1.824E-1,-7.887468099594E-1,-2.E-2));
#1240=LINE('',#1239,#1238);
#1241=DIRECTION('',(1.E0,0.E0,0.E0));
#1242=VECTOR('',#1241,2.062666969299E-1);
#1243=CARTESIAN_POINT('',(-2.386669692993E-2,-7.887468099594E-1,-2.E-2));
#1244=LINE('',#1243,#1242);
#1245=DIRECTION('',(0.E0,-1.E0,0.E0));
#1246=VECTOR('',#1245,1.296340441227E-1);
#1247=CARTESIAN_POINT('',(-2.386669692993E-2,-6.591127658367E-1,-2.E-2));
#1248=LINE('',#1247,#1246);
#1249=DIRECTION('',(-1.E0,0.E0,0.E0));
#1250=VECTOR('',#1249,1.904E-1);
#1251=CARTESIAN_POINT('',(4.68E-1,-9.913E-1,-2.E-2));
#1252=LINE('',#1251,#1250);
#1253=DIRECTION('',(-9.797707392153E-1,-2.001232084928E-1,0.E0));
#1254=VECTOR('',#1253,4.048569256283E-2);
#1255=CARTESIAN_POINT('',(5.076666969299E-1,-9.831978733063E-1,-2.E-2));
#1256=LINE('',#1255,#1254);
#1257=DIRECTION('',(-8.906051112017E-1,-4.547774575564E-1,0.E0));
#1258=VECTOR('',#1257,3.563117106666E-2);
#1259=CARTESIAN_POINT('',(5.394E-1,-9.669936199188E-1,-2.E-2));
#1260=LINE('',#1259,#1258);
#1261=DIRECTION('',(-6.996244945571E-1,-7.145107183351E-1,0.E0));
#1262=VECTOR('',#1261,4.535762157693E-2);
#1263=CARTESIAN_POINT('',(5.711333030701E-1,-9.345851131439E-1,-2.E-2));
#1264=LINE('',#1263,#1262);
#1265=DIRECTION('',(-4.397141723527E-1,-8.981377659536E-1,0.E0));
#1266=VECTOR('',#1265,3.608411538122E-2);
#1267=CARTESIAN_POINT('',(5.87E-1,-9.021766063690E-1,-2.E-2));
#1268=LINE('',#1267,#1266);
#1269=DIRECTION('',(-1.921820436730E-1,-9.813592930674E-1,0.E0));
#1270=VECTOR('',#1269,4.128014729392E-2);
#1271=CARTESIAN_POINT('',(5.949333030701E-1,-8.616659502029E-1,-2.E-2));
#1272=LINE('',#1271,#1270);
#1273=DIRECTION('',(0.E0,-1.E0,0.E0));
#1274=VECTOR('',#1273,1.215319117546E-1);
#1275=CARTESIAN_POINT('',(5.949333030701E-1,-7.401340384483E-1,-2.E-2));
#1276=LINE('',#1275,#1274);
#1277=DIRECTION('',(1.921821473726E-1,-9.813592727596E-1,0.E0));
#1278=VECTOR('',#1277,4.128012501957E-2);
#1279=CARTESIAN_POINT('',(5.87E-1,-6.996234049797E-1,-2.E-2));
#1280=LINE('',#1279,#1278);
#1281=DIRECTION('',(4.397141102494E-1,-8.981377963584E-1,0.E0));
#1282=VECTOR('',#1281,3.608412047758E-2);
#1283=CARTESIAN_POINT('',(5.711333030701E-1,-6.672148925304E-1,-2.E-2));
#1284=LINE('',#1283,#1282);
#1285=DIRECTION('',(6.996244632883E-1,-7.145107489524E-1,0.E0));
#1286=VECTOR('',#1285,4.535762360412E-2);
#1287=CARTESIAN_POINT('',(5.394E-1,-6.348063829184E-1,-2.E-2));
#1288=LINE('',#1287,#1286);
#1289=DIRECTION('',(8.906050870136E-1,-4.547775049247E-1,0.E0));
#1290=VECTOR('',#1289,3.563117203437E-2);
#1291=CARTESIAN_POINT('',(5.076666969299E-1,-6.186021274030E-1,-2.E-2));
#1292=LINE('',#1291,#1290);
#1293=DIRECTION('',(9.797707357802E-1,-2.001232253108E-1,0.E0));
#1294=VECTOR('',#1293,4.048569270478E-2);
#1295=CARTESIAN_POINT('',(4.68E-1,-6.105E-1,-2.E-2));
#1296=LINE('',#1295,#1294);
#1297=DIRECTION('',(1.E0,0.E0,0.E0));
#1298=VECTOR('',#1297,1.904E-1);
#1299=CARTESIAN_POINT('',(2.776E-1,-6.105E-1,-2.E-2));
#1300=LINE('',#1299,#1298);
#1301=DIRECTION('',(0.E0,1.E0,0.E0));
#1302=VECTOR('',#1301,3.808E-1);
#1303=CARTESIAN_POINT('',(2.776E-1,-9.913E-1,-2.E-2));
#1304=LINE('',#1303,#1302);
#1305=DIRECTION('',(1.E0,0.E0,0.E0));
#1306=VECTOR('',#1305,1.428E-1);
#1307=CARTESIAN_POINT('',(3.252E-1,-9.426872398376E-1,-2.E-2));
#1308=LINE('',#1307,#1306);
#1309=DIRECTION('',(0.E0,-1.E0,0.E0));
#1310=VECTOR('',#1309,2.835744740009E-1);
#1311=CARTESIAN_POINT('',(3.252E-1,-6.591127658367E-1,-2.E-2));
#1312=LINE('',#1311,#1310);
#1313=DIRECTION('',(-1.E0,0.E0,0.E0));
#1314=VECTOR('',#1313,1.428E-1);
#1315=CARTESIAN_POINT('',(4.68E-1,-6.591127658367E-1,-2.E-2));
#1316=LINE('',#1315,#1314);
#1317=DIRECTION('',(-9.689176611437E-1,2.473834390653E-1,0.E0));
#1318=VECTOR('',#1317,3.275128975625E-2);
#1319=CARTESIAN_POINT('',(4.997333030701E-1,-6.672148925304E-1,-2.E-2));
#1320=LINE('',#1319,#1318);
#1321=DIRECTION('',(-8.265991871191E-1,5.627910658976E-1,0.E0));
#1322=VECTOR('',#1321,2.879267288291E-2);
#1323=CARTESIAN_POINT('',(5.235333030701E-1,-6.834191515923E-1,-2.E-2));
#1324=LINE('',#1323,#1322);
#1325=DIRECTION('',(-5.466232777014E-1,8.373786433120E-1,0.E0));
#1326=VECTOR('',#1325,2.902674945833E-2);
#1327=CARTESIAN_POINT('',(5.394E-1,-7.077255316734E-1,-2.E-2));
#1328=LINE('',#1327,#1326);
#1329=DIRECTION('',(-2.377704967207E-1,9.713213633444E-1,0.E0));
#1330=VECTOR('',#1329,3.336538039616E-2);
#1331=CARTESIAN_POINT('',(5.473333030701E-1,-7.401340384483E-1,-2.E-2));
#1332=LINE('',#1331,#1330);
#1333=DIRECTION('',(0.E0,1.E0,0.E0));
#1334=VECTOR('',#1333,1.215319117546E-1);
#1335=CARTESIAN_POINT('',(5.473333030701E-1,-8.616659502029E-1,-2.E-2));
#1336=LINE('',#1335,#1334);
#1337=DIRECTION('',(2.377704967207E-1,9.713213633444E-1,0.E0));
#1338=VECTOR('',#1337,3.336538039616E-2);
#1339=CARTESIAN_POINT('',(5.394E-1,-8.940744569778E-1,-2.E-2));
#1340=LINE('',#1339,#1338);
#1341=DIRECTION('',(5.466229197794E-1,8.373788769559E-1,0.E0));
#1342=VECTOR('',#1341,2.902676846470E-2);
#1343=CARTESIAN_POINT('',(5.235333030701E-1,-9.183808597565E-1,-2.E-2));
#1344=LINE('',#1343,#1342);
#1345=DIRECTION('',(8.265992787996E-1,5.627909312417E-1,0.E0));
#1346=VECTOR('',#1345,2.879266968943E-2);
#1347=CARTESIAN_POINT('',(4.997333030701E-1,-9.345851131439E-1,-2.E-2));
#1348=LINE('',#1347,#1346);
#1349=DIRECTION('',(9.689176611437E-1,2.473834390653E-1,0.E0));
#1350=VECTOR('',#1349,3.275128975625E-2);
#1351=CARTESIAN_POINT('',(4.68E-1,-9.426872398376E-1,-2.E-2));
#1352=LINE('',#1351,#1350);
#1353=DIRECTION('',(-1.E0,0.E0,0.E0));
#1354=VECTOR('',#1353,6.346660614014E-2);
#1355=CARTESIAN_POINT('',(8.488E-1,-9.913E-1,-2.E-2));
#1356=LINE('',#1355,#1354);
#1357=DIRECTION('',(-3.162279017271E-1,-9.486832528138E-1,0.E0));
#1358=VECTOR('',#1357,4.013984634709E-1);
#1359=CARTESIAN_POINT('',(9.757333938599E-1,-6.105E-1,-2.E-2));
#1360=LINE('',#1359,#1358);
#1361=DIRECTION('',(1.E0,0.E0,0.E0));
#1362=VECTOR('',#1361,4.76E-2);
#1363=CARTESIAN_POINT('',(9.281333938599E-1,-6.105E-1,-2.E-2));
#1364=LINE('',#1363,#1362);
#1365=DIRECTION('',(3.102805670740E-1,9.506450282288E-1,0.E0));
#1366=VECTOR('',#1365,1.022732237443E-1);
#1367=CARTESIAN_POINT('',(8.964E-1,-7.077255316734E-1,-2.E-2));
#1368=LINE('',#1367,#1366);
#1369=DIRECTION('',(1.E0,0.E0,0.E0));
#1370=VECTOR('',#1369,1.586666061401E-1);
#1371=CARTESIAN_POINT('',(7.377333938599E-1,-7.077255316734E-1,-2.E-2));
#1372=LINE('',#1371,#1370);
#1373=DIRECTION('',(3.102805670740E-1,-9.506450282288E-1,0.E0));
#1374=VECTOR('',#1373,1.022732237443E-1);
#1375=CARTESIAN_POINT('',(7.06E-1,-6.105E-1,-2.E-2));
#1376=LINE('',#1375,#1374);
#1377=DIRECTION('',(1.E0,0.E0,0.E0));
#1378=VECTOR('',#1377,4.76E-2);
#1379=CARTESIAN_POINT('',(6.584E-1,-6.105E-1,-2.E-2));
#1380=LINE('',#1379,#1378);
#1381=DIRECTION('',(-3.162279017271E-1,9.486832528138E-1,0.E0));
#1382=VECTOR('',#1381,4.013984634709E-1);
#1383=CARTESIAN_POINT('',(7.853333938599E-1,-9.913E-1,-2.E-2));
#1384=LINE('',#1383,#1382);
#1385=DIRECTION('',(3.102800213276E-1,9.506452063546E-1,0.E0));
#1386=VECTOR('',#1385,2.301147192607E-1);
#1387=CARTESIAN_POINT('',(8.170666061401E-1,-9.588914932251E-1,-2.E-2));
#1388=LINE('',#1387,#1386);
#1389=DIRECTION('',(3.102800213276E-1,-9.506452063546E-1,0.E0));
#1390=VECTOR('',#1389,2.301147192607E-1);
#1391=CARTESIAN_POINT('',(7.456666061401E-1,-7.401340384483E-1,-2.E-2));
#1392=LINE('',#1391,#1390);
#1393=DIRECTION('',(-1.E0,0.E0,0.E0));
#1394=VECTOR('',#1393,1.428E-1);
#1395=CARTESIAN_POINT('',(8.884666061401E-1,-7.401340384483E-1,-2.E-2));
#1396=LINE('',#1395,#1394);
#1397=DIRECTION('',(0.E0,0.E0,-1.E0));
#1398=VECTOR('',#1397,2.E-2);
#1399=CARTESIAN_POINT('',(-1.349333484650E-1,-7.077255316734E-1,0.E0));
#1400=LINE('',#1399,#1398);
#1401=DIRECTION('',(0.E0,0.E0,-1.E0));
#1402=VECTOR('',#1401,2.E-2);
#1403=CARTESIAN_POINT('',(-1.428666515350E-1,-6.672148925304E-1,0.E0));
#1404=LINE('',#1403,#1402);
#1405=DIRECTION('',(0.E0,0.E0,-1.E0));
#1406=VECTOR('',#1405,2.E-2);
#1407=CARTESIAN_POINT('',(-1.746E-1,-6.348063829184E-1,0.E0));
#1408=LINE('',#1407,#1406);
#1409=DIRECTION('',(0.E0,0.E0,-1.E0));
#1410=VECTOR('',#1409,2.E-2);
#1411=CARTESIAN_POINT('',(-2.063333484650E-1,-6.186021274030E-1,0.E0));
#1412=LINE('',#1411,#1410);
#1413=DIRECTION('',(0.E0,0.E0,-1.E0));
#1414=VECTOR('',#1413,2.E-2);
#1415=CARTESIAN_POINT('',(-2.46E-1,-6.105E-1,0.E0));
#1416=LINE('',#1415,#1414);
#1417=DIRECTION('',(0.E0,0.E0,-1.E0));
#1418=VECTOR('',#1417,2.E-2);
#1419=CARTESIAN_POINT('',(-3.174E-1,-6.105E-1,0.E0));
#1420=LINE('',#1419,#1418);
#1421=DIRECTION('',(0.E0,0.E0,-1.E0));
#1422=VECTOR('',#1421,2.E-2);
#1423=CARTESIAN_POINT('',(-1.825333484650E-1,-7.077255316734E-1,0.E0));
#1424=LINE('',#1423,#1422);
#1425=DIRECTION('',(0.E0,0.E0,-1.E0));
#1426=VECTOR('',#1425,2.E-2);
#1427=CARTESIAN_POINT('',(-1.904666515350E-1,-6.834191515923E-1,0.E0));
#1428=LINE('',#1427,#1426);
#1429=DIRECTION('',(0.E0,0.E0,-1.E0));
#1430=VECTOR('',#1429,2.E-2);
#1431=CARTESIAN_POINT('',(-2.142666515350E-1,-6.672148925304E-1,0.E0));
#1432=LINE('',#1431,#1430);
#1433=DIRECTION('',(0.E0,0.E0,-1.E0));
#1434=VECTOR('',#1433,2.E-2);
#1435=CARTESIAN_POINT('',(-2.46E-1,-6.591127658367E-1,0.E0));
#1436=LINE('',#1435,#1434);
#1437=DIRECTION('',(0.E0,0.E0,-1.E0));
#1438=VECTOR('',#1437,2.E-2);
#1439=CARTESIAN_POINT('',(-3.174E-1,-6.591127658367E-1,0.E0));
#1440=LINE('',#1439,#1438);
#1441=DIRECTION('',(0.E0,0.E0,-1.E0));
#1442=VECTOR('',#1441,2.E-2);
#1443=CARTESIAN_POINT('',(-3.491333484650E-1,-6.672148925304E-1,0.E0));
#1444=LINE('',#1443,#1442);
#1445=DIRECTION('',(0.E0,0.E0,-1.E0));
#1446=VECTOR('',#1445,2.E-2);
#1447=CARTESIAN_POINT('',(-3.729333484650E-1,-6.834191515923E-1,0.E0));
#1448=LINE('',#1447,#1446);
#1449=DIRECTION('',(0.E0,0.E0,-1.E0));
#1450=VECTOR('',#1449,2.E-2);
#1451=CARTESIAN_POINT('',(-3.888E-1,-7.077255316734E-1,0.E0));
#1452=LINE('',#1451,#1450);
#1453=DIRECTION('',(0.E0,0.E0,-1.E0));
#1454=VECTOR('',#1453,2.E-2);
#1455=CARTESIAN_POINT('',(-3.967333484650E-1,-7.401340384483E-1,0.E0));
#1456=LINE('',#1455,#1454);
#1457=DIRECTION('',(0.E0,0.E0,-1.E0));
#1458=VECTOR('',#1457,2.E-2);
#1459=CARTESIAN_POINT('',(-3.967333484650E-1,-8.616659502029E-1,0.E0));
#1460=LINE('',#1459,#1458);
#1461=DIRECTION('',(0.E0,0.E0,-1.E0));
#1462=VECTOR('',#1461,2.E-2);
#1463=CARTESIAN_POINT('',(-3.888E-1,-8.940744569778E-1,0.E0));
#1464=LINE('',#1463,#1462);
#1465=DIRECTION('',(0.E0,0.E0,-1.E0));
#1466=VECTOR('',#1465,2.E-2);
#1467=CARTESIAN_POINT('',(-3.729333484650E-1,-9.183808597565E-1,0.E0));
#1468=LINE('',#1467,#1466);
#1469=DIRECTION('',(0.E0,0.E0,-1.E0));
#1470=VECTOR('',#1469,2.E-2);
#1471=CARTESIAN_POINT('',(-3.491333484650E-1,-9.345851131439E-1,0.E0));
#1472=LINE('',#1471,#1470);
#1473=DIRECTION('',(0.E0,0.E0,-1.E0));
#1474=VECTOR('',#1473,2.E-2);
#1475=CARTESIAN_POINT('',(-3.174E-1,-9.426872398376E-1,0.E0));
#1476=LINE('',#1475,#1474);
#1477=DIRECTION('',(0.E0,0.E0,-1.E0));
#1478=VECTOR('',#1477,2.E-2);
#1479=CARTESIAN_POINT('',(-2.46E-1,-9.426872398376E-1,0.E0));
#1480=LINE('',#1479,#1478);
#1481=DIRECTION('',(0.E0,0.E0,-1.E0));
#1482=VECTOR('',#1481,2.E-2);
#1483=CARTESIAN_POINT('',(-2.142666515350E-1,-9.345851131439E-1,0.E0));
#1484=LINE('',#1483,#1482);
#1485=DIRECTION('',(0.E0,0.E0,-1.E0));
#1486=VECTOR('',#1485,2.E-2);
#1487=CARTESIAN_POINT('',(-1.904666515350E-1,-9.183808597565E-1,0.E0));
#1488=LINE('',#1487,#1486);
#1489=DIRECTION('',(0.E0,0.E0,-1.E0));
#1490=VECTOR('',#1489,2.E-2);
#1491=CARTESIAN_POINT('',(-1.825333484650E-1,-8.940744569778E-1,0.E0));
#1492=LINE('',#1491,#1490);
#1493=DIRECTION('',(0.E0,0.E0,-1.E0));
#1494=VECTOR('',#1493,2.E-2);
#1495=CARTESIAN_POINT('',(-1.349333484650E-1,-8.940744569778E-1,0.E0));
#1496=LINE('',#1495,#1494);
#1497=DIRECTION('',(0.E0,0.E0,-1.E0));
#1498=VECTOR('',#1497,2.E-2);
#1499=CARTESIAN_POINT('',(-1.428666515350E-1,-9.345851131439E-1,0.E0));
#1500=LINE('',#1499,#1498);
#1501=DIRECTION('',(0.E0,0.E0,-1.E0));
#1502=VECTOR('',#1501,2.E-2);
#1503=CARTESIAN_POINT('',(-1.746E-1,-9.669936199188E-1,0.E0));
#1504=LINE('',#1503,#1502);
#1505=DIRECTION('',(0.E0,1.665334536938E-14,-1.E0));
#1506=VECTOR('',#1505,2.E-2);
#1507=CARTESIAN_POINT('',(-2.063333484650E-1,-9.831978733063E-1,0.E0));
#1508=LINE('',#1507,#1506);
#1509=DIRECTION('',(0.E0,0.E0,-1.E0));
#1510=VECTOR('',#1509,2.E-2);
#1511=CARTESIAN_POINT('',(-2.46E-1,-9.913E-1,0.E0));
#1512=LINE('',#1511,#1510);
#1513=DIRECTION('',(0.E0,0.E0,-1.E0));
#1514=VECTOR('',#1513,2.E-2);
#1515=CARTESIAN_POINT('',(-3.174E-1,-9.913E-1,0.E0));
#1516=LINE('',#1515,#1514);
#1517=DIRECTION('',(0.E0,0.E0,-1.E0));
#1518=VECTOR('',#1517,2.E-2);
#1519=CARTESIAN_POINT('',(-3.570666515350E-1,-9.831978733063E-1,0.E0));
#1520=LINE('',#1519,#1518);
#1521=DIRECTION('',(0.E0,0.E0,-1.E0));
#1522=VECTOR('',#1521,2.E-2);
#1523=CARTESIAN_POINT('',(-3.888E-1,-9.669936199188E-1,0.E0));
#1524=LINE('',#1523,#1522);
#1525=DIRECTION('',(0.E0,0.E0,-1.E0));
#1526=VECTOR('',#1525,2.E-2);
#1527=CARTESIAN_POINT('',(-4.205333257675E-1,-9.345851131439E-1,0.E0));
#1528=LINE('',#1527,#1526);
#1529=DIRECTION('',(0.E0,0.E0,-1.E0));
#1530=VECTOR('',#1529,2.E-2);
#1531=CARTESIAN_POINT('',(-4.364E-1,-9.021766063690E-1,0.E0));
#1532=LINE('',#1531,#1530);
#1533=DIRECTION('',(0.E0,0.E0,-1.E0));
#1534=VECTOR('',#1533,2.E-2);
#1535=CARTESIAN_POINT('',(-4.443333257675E-1,-8.616659502029E-1,0.E0));
#1536=LINE('',#1535,#1534);
#1537=DIRECTION('',(0.E0,0.E0,-1.E0));
#1538=VECTOR('',#1537,2.E-2);
#1539=CARTESIAN_POINT('',(-4.443333257675E-1,-7.401340384483E-1,0.E0));
#1540=LINE('',#1539,#1538);
#1541=DIRECTION('',(0.E0,0.E0,-1.E0));
#1542=VECTOR('',#1541,2.E-2);
#1543=CARTESIAN_POINT('',(-4.364E-1,-6.996234049797E-1,0.E0));
#1544=LINE('',#1543,#1542);
#1545=DIRECTION('',(0.E0,0.E0,-1.E0));
#1546=VECTOR('',#1545,2.E-2);
#1547=CARTESIAN_POINT('',(-4.205333257675E-1,-6.672148925304E-1,0.E0));
#1548=LINE('',#1547,#1546);
#1549=DIRECTION('',(0.E0,0.E0,-1.E0));
#1550=VECTOR('',#1549,2.E-2);
#1551=CARTESIAN_POINT('',(-3.888E-1,-6.348063829184E-1,0.E0));
#1552=LINE('',#1551,#1550);
#1553=DIRECTION('',(0.E0,0.E0,-1.E0));
#1554=VECTOR('',#1553,2.E-2);
#1555=CARTESIAN_POINT('',(2.141333030701E-1,-6.591127658367E-1,0.E0));
#1556=LINE('',#1555,#1554);
#1557=DIRECTION('',(0.E0,0.E0,-1.E0));
#1558=VECTOR('',#1557,2.E-2);
#1559=CARTESIAN_POINT('',(2.141333030701E-1,-6.105E-1,0.E0));
#1560=LINE('',#1559,#1558);
#1561=DIRECTION('',(0.E0,0.E0,-1.E0));
#1562=VECTOR('',#1561,2.E-2);
#1563=CARTESIAN_POINT('',(-7.146665153503E-2,-6.105E-1,0.E0));
#1564=LINE('',#1563,#1562);
#1565=DIRECTION('',(0.E0,0.E0,-1.E0));
#1566=VECTOR('',#1565,2.E-2);
#1567=CARTESIAN_POINT('',(-7.146665153503E-2,-9.913E-1,0.E0));
#1568=LINE('',#1567,#1566);
#1569=DIRECTION('',(0.E0,0.E0,-1.E0));
#1570=VECTOR('',#1569,2.E-2);
#1571=CARTESIAN_POINT('',(2.141333030701E-1,-9.913E-1,0.E0));
#1572=LINE('',#1571,#1570);
#1573=DIRECTION('',(0.E0,0.E0,-1.E0));
#1574=VECTOR('',#1573,2.E-2);
#1575=CARTESIAN_POINT('',(2.141333030701E-1,-9.426872398376E-1,0.E0));
#1576=LINE('',#1575,#1574);
#1577=DIRECTION('',(0.E0,0.E0,-1.E0));
#1578=VECTOR('',#1577,2.E-2);
#1579=CARTESIAN_POINT('',(-2.386669692993E-2,-9.426872398376E-1,0.E0));
#1580=LINE('',#1579,#1578);
#1581=DIRECTION('',(0.E0,0.E0,-1.E0));
#1582=VECTOR('',#1581,2.E-2);
#1583=CARTESIAN_POINT('',(-2.386669692993E-2,-8.373595701218E-1,0.E0));
#1584=LINE('',#1583,#1582);
#1585=DIRECTION('',(0.E0,0.E0,-1.E0));
#1586=VECTOR('',#1585,2.E-2);
#1587=CARTESIAN_POINT('',(1.824E-1,-8.373595701218E-1,0.E0));
#1588=LINE('',#1587,#1586);
#1589=DIRECTION('',(0.E0,0.E0,-1.E0));
#1590=VECTOR('',#1589,2.E-2);
#1591=CARTESIAN_POINT('',(1.824E-1,-7.887468099594E-1,0.E0));
#1592=LINE('',#1591,#1590);
#1593=DIRECTION('',(0.E0,0.E0,-1.E0));
#1594=VECTOR('',#1593,2.E-2);
#1595=CARTESIAN_POINT('',(-2.386669692993E-2,-7.887468099594E-1,0.E0));
#1596=LINE('',#1595,#1594);
#1597=DIRECTION('',(0.E0,0.E0,-1.E0));
#1598=VECTOR('',#1597,2.E-2);
#1599=CARTESIAN_POINT('',(-2.386669692993E-2,-6.591127658367E-1,0.E0));
#1600=LINE('',#1599,#1598);
#1601=DIRECTION('',(0.E0,0.E0,-1.E0));
#1602=VECTOR('',#1601,2.E-2);
#1603=CARTESIAN_POINT('',(4.68E-1,-9.913E-1,0.E0));
#1604=LINE('',#1603,#1602);
#1605=DIRECTION('',(0.E0,0.E0,-1.E0));
#1606=VECTOR('',#1605,2.E-2);
#1607=CARTESIAN_POINT('',(5.076666969299E-1,-9.831978733063E-1,0.E0));
#1608=LINE('',#1607,#1606);
#1609=DIRECTION('',(0.E0,0.E0,-1.E0));
#1610=VECTOR('',#1609,2.E-2);
#1611=CARTESIAN_POINT('',(5.394E-1,-9.669936199188E-1,0.E0));
#1612=LINE('',#1611,#1610);
#1613=DIRECTION('',(0.E0,0.E0,-1.E0));
#1614=VECTOR('',#1613,2.E-2);
#1615=CARTESIAN_POINT('',(5.711333030701E-1,-9.345851131439E-1,0.E0));
#1616=LINE('',#1615,#1614);
#1617=DIRECTION('',(0.E0,0.E0,-1.E0));
#1618=VECTOR('',#1617,2.E-2);
#1619=CARTESIAN_POINT('',(5.87E-1,-9.021766063690E-1,0.E0));
#1620=LINE('',#1619,#1618);
#1621=DIRECTION('',(0.E0,0.E0,-1.E0));
#1622=VECTOR('',#1621,2.E-2);
#1623=CARTESIAN_POINT('',(5.949333030701E-1,-8.616659502029E-1,0.E0));
#1624=LINE('',#1623,#1622);
#1625=DIRECTION('',(0.E0,0.E0,-1.E0));
#1626=VECTOR('',#1625,2.E-2);
#1627=CARTESIAN_POINT('',(5.949333030701E-1,-7.401340384483E-1,0.E0));
#1628=LINE('',#1627,#1626);
#1629=DIRECTION('',(0.E0,0.E0,-1.E0));
#1630=VECTOR('',#1629,2.E-2);
#1631=CARTESIAN_POINT('',(5.87E-1,-6.996234049797E-1,0.E0));
#1632=LINE('',#1631,#1630);
#1633=DIRECTION('',(0.E0,0.E0,-1.E0));
#1634=VECTOR('',#1633,2.E-2);
#1635=CARTESIAN_POINT('',(5.711333030701E-1,-6.672148925304E-1,0.E0));
#1636=LINE('',#1635,#1634);
#1637=DIRECTION('',(0.E0,0.E0,-1.E0));
#1638=VECTOR('',#1637,2.E-2);
#1639=CARTESIAN_POINT('',(5.394E-1,-6.348063829184E-1,0.E0));
#1640=LINE('',#1639,#1638);
#1641=DIRECTION('',(0.E0,0.E0,-1.E0));
#1642=VECTOR('',#1641,2.E-2);
#1643=CARTESIAN_POINT('',(5.076666969299E-1,-6.186021274030E-1,0.E0));
#1644=LINE('',#1643,#1642);
#1645=DIRECTION('',(0.E0,0.E0,-1.E0));
#1646=VECTOR('',#1645,2.E-2);
#1647=CARTESIAN_POINT('',(4.68E-1,-6.105E-1,0.E0));
#1648=LINE('',#1647,#1646);
#1649=DIRECTION('',(0.E0,0.E0,-1.E0));
#1650=VECTOR('',#1649,2.E-2);
#1651=CARTESIAN_POINT('',(2.776E-1,-6.105E-1,0.E0));
#1652=LINE('',#1651,#1650);
#1653=DIRECTION('',(0.E0,0.E0,-1.E0));
#1654=VECTOR('',#1653,2.E-2);
#1655=CARTESIAN_POINT('',(2.776E-1,-9.913E-1,0.E0));
#1656=LINE('',#1655,#1654);
#1657=DIRECTION('',(0.E0,0.E0,-1.E0));
#1658=VECTOR('',#1657,2.E-2);
#1659=CARTESIAN_POINT('',(3.252E-1,-9.426872398376E-1,0.E0));
#1660=LINE('',#1659,#1658);
#1661=DIRECTION('',(0.E0,0.E0,-1.E0));
#1662=VECTOR('',#1661,2.E-2);
#1663=CARTESIAN_POINT('',(3.252E-1,-6.591127658367E-1,0.E0));
#1664=LINE('',#1663,#1662);
#1665=DIRECTION('',(0.E0,0.E0,-1.E0));
#1666=VECTOR('',#1665,2.E-2);
#1667=CARTESIAN_POINT('',(4.68E-1,-6.591127658367E-1,0.E0));
#1668=LINE('',#1667,#1666);
#1669=DIRECTION('',(0.E0,0.E0,-1.E0));
#1670=VECTOR('',#1669,2.E-2);
#1671=CARTESIAN_POINT('',(4.997333030701E-1,-6.672148925304E-1,0.E0));
#1672=LINE('',#1671,#1670);
#1673=DIRECTION('',(0.E0,0.E0,-1.E0));
#1674=VECTOR('',#1673,2.E-2);
#1675=CARTESIAN_POINT('',(5.235333030701E-1,-6.834191515923E-1,0.E0));
#1676=LINE('',#1675,#1674);
#1677=DIRECTION('',(0.E0,0.E0,-1.E0));
#1678=VECTOR('',#1677,2.E-2);
#1679=CARTESIAN_POINT('',(5.394E-1,-7.077255316734E-1,0.E0));
#1680=LINE('',#1679,#1678);
#1681=DIRECTION('',(0.E0,0.E0,-1.E0));
#1682=VECTOR('',#1681,2.E-2);
#1683=CARTESIAN_POINT('',(5.473333030701E-1,-7.401340384483E-1,0.E0));
#1684=LINE('',#1683,#1682);
#1685=DIRECTION('',(0.E0,0.E0,-1.E0));
#1686=VECTOR('',#1685,2.E-2);
#1687=CARTESIAN_POINT('',(5.473333030701E-1,-8.616659502029E-1,0.E0));
#1688=LINE('',#1687,#1686);
#1689=DIRECTION('',(0.E0,1.665334536938E-14,-1.E0));
#1690=VECTOR('',#1689,2.E-2);
#1691=CARTESIAN_POINT('',(5.394E-1,-8.940744569778E-1,0.E0));
#1692=LINE('',#1691,#1690);
#1693=DIRECTION('',(0.E0,0.E0,-1.E0));
#1694=VECTOR('',#1693,2.E-2);
#1695=CARTESIAN_POINT('',(5.235333030701E-1,-9.183808597565E-1,0.E0));
#1696=LINE('',#1695,#1694);
#1697=DIRECTION('',(0.E0,0.E0,-1.E0));
#1698=VECTOR('',#1697,2.E-2);
#1699=CARTESIAN_POINT('',(4.997333030701E-1,-9.345851131439E-1,0.E0));
#1700=LINE('',#1699,#1698);
#1701=DIRECTION('',(0.E0,0.E0,-1.E0));
#1702=VECTOR('',#1701,2.E-2);
#1703=CARTESIAN_POINT('',(4.68E-1,-9.426872398376E-1,0.E0));
#1704=LINE('',#1703,#1702);
#1705=DIRECTION('',(0.E0,0.E0,-1.E0));
#1706=VECTOR('',#1705,2.E-2);
#1707=CARTESIAN_POINT('',(8.488E-1,-9.913E-1,0.E0));
#1708=LINE('',#1707,#1706);
#1709=DIRECTION('',(0.E0,0.E0,-1.E0));
#1710=VECTOR('',#1709,2.E-2);
#1711=CARTESIAN_POINT('',(9.757333938599E-1,-6.105E-1,0.E0));
#1712=LINE('',#1711,#1710);
#1713=DIRECTION('',(0.E0,0.E0,-1.E0));
#1714=VECTOR('',#1713,2.E-2);
#1715=CARTESIAN_POINT('',(9.281333938599E-1,-6.105E-1,0.E0));
#1716=LINE('',#1715,#1714);
#1717=DIRECTION('',(0.E0,0.E0,-1.E0));
#1718=VECTOR('',#1717,2.E-2);
#1719=CARTESIAN_POINT('',(8.964E-1,-7.077255316734E-1,0.E0));
#1720=LINE('',#1719,#1718);
#1721=DIRECTION('',(0.E0,0.E0,-1.E0));
#1722=VECTOR('',#1721,2.E-2);
#1723=CARTESIAN_POINT('',(7.377333938599E-1,-7.077255316734E-1,0.E0));
#1724=LINE('',#1723,#1722);
#1725=DIRECTION('',(0.E0,0.E0,-1.E0));
#1726=VECTOR('',#1725,2.E-2);
#1727=CARTESIAN_POINT('',(7.06E-1,-6.105E-1,0.E0));
#1728=LINE('',#1727,#1726);
#1729=DIRECTION('',(0.E0,0.E0,-1.E0));
#1730=VECTOR('',#1729,2.E-2);
#1731=CARTESIAN_POINT('',(6.584E-1,-6.105E-1,0.E0));
#1732=LINE('',#1731,#1730);
#1733=DIRECTION('',(0.E0,0.E0,-1.E0));
#1734=VECTOR('',#1733,2.E-2);
#1735=CARTESIAN_POINT('',(7.853333938599E-1,-9.913E-1,0.E0));
#1736=LINE('',#1735,#1734);
#1737=DIRECTION('',(0.E0,0.E0,-1.E0));
#1738=VECTOR('',#1737,2.E-2);
#1739=CARTESIAN_POINT('',(8.170666061401E-1,-9.588914932251E-1,0.E0));
#1740=LINE('',#1739,#1738);
#1741=DIRECTION('',(0.E0,0.E0,-1.E0));
#1742=VECTOR('',#1741,2.E-2);
#1743=CARTESIAN_POINT('',(7.456666061401E-1,-7.401340384483E-1,0.E0));
#1744=LINE('',#1743,#1742);
#1745=DIRECTION('',(0.E0,0.E0,-1.E0));
#1746=VECTOR('',#1745,2.E-2);
#1747=CARTESIAN_POINT('',(8.884666061401E-1,-7.401340384483E-1,0.E0));
#1748=LINE('',#1747,#1746);
#1749=CARTESIAN_POINT('',(-3.8E0,1.65E0,0.E0));
#1750=CARTESIAN_POINT('',(-2.3E0,1.65E0,0.E0));
#1751=VERTEX_POINT('',#1749);
#1752=VERTEX_POINT('',#1750);
#1753=CARTESIAN_POINT('',(-2.3E0,2.25E0,0.E0));
#1754=VERTEX_POINT('',#1753);
#1755=CARTESIAN_POINT('',(-2.3E0,-2.25E0,0.E0));
#1756=CARTESIAN_POINT('',(-2.3E0,-1.65E0,0.E0));
#1757=VERTEX_POINT('',#1755);
#1758=VERTEX_POINT('',#1756);
#1759=CARTESIAN_POINT('',(-3.8E0,-1.65E0,0.E0));
#1760=VERTEX_POINT('',#1759);
#1761=CARTESIAN_POINT('',(2.3E0,2.25E0,0.E0));
#1762=CARTESIAN_POINT('',(2.3E0,1.65E0,0.E0));
#1763=VERTEX_POINT('',#1761);
#1764=VERTEX_POINT('',#1762);
#1765=CARTESIAN_POINT('',(3.8E0,1.65E0,0.E0));
#1766=VERTEX_POINT('',#1765);
#1767=CARTESIAN_POINT('',(3.8E0,-1.65E0,0.E0));
#1768=CARTESIAN_POINT('',(2.3E0,-1.65E0,0.E0));
#1769=VERTEX_POINT('',#1767);
#1770=VERTEX_POINT('',#1768);
#1771=CARTESIAN_POINT('',(2.3E0,-2.25E0,0.E0));
#1772=VERTEX_POINT('',#1771);
#1773=CARTESIAN_POINT('',(-3.8E0,1.65E0,8.E-1));
#1774=CARTESIAN_POINT('',(-2.3E0,1.65E0,8.E-1));
#1775=VERTEX_POINT('',#1773);
#1776=VERTEX_POINT('',#1774);
#1777=CARTESIAN_POINT('',(-2.3E0,2.25E0,8.E-1));
#1778=VERTEX_POINT('',#1777);
#1779=CARTESIAN_POINT('',(-2.3E0,-2.25E0,8.E-1));
#1780=CARTESIAN_POINT('',(-2.3E0,-1.65E0,8.E-1));
#1781=VERTEX_POINT('',#1779);
#1782=VERTEX_POINT('',#1780);
#1783=CARTESIAN_POINT('',(-3.8E0,-1.65E0,8.E-1));
#1784=VERTEX_POINT('',#1783);
#1785=CARTESIAN_POINT('',(2.3E0,2.25E0,8.E-1));
#1786=CARTESIAN_POINT('',(2.3E0,1.65E0,8.E-1));
#1787=VERTEX_POINT('',#1785);
#1788=VERTEX_POINT('',#1786);
#1789=CARTESIAN_POINT('',(3.8E0,1.65E0,8.E-1));
#1790=VERTEX_POINT('',#1789);
#1791=CARTESIAN_POINT('',(3.8E0,-1.65E0,8.E-1));
#1792=CARTESIAN_POINT('',(2.3E0,-1.65E0,8.E-1));
#1793=VERTEX_POINT('',#1791);
#1794=VERTEX_POINT('',#1792);
#1795=CARTESIAN_POINT('',(2.3E0,-2.25E0,8.E-1));
#1796=VERTEX_POINT('',#1795);
#1797=CARTESIAN_POINT('',(-3.E0,1.5E0,3.4E0));
#1798=CARTESIAN_POINT('',(-3.E0,-1.5E0,3.4E0));
#1799=VERTEX_POINT('',#1797);
#1800=VERTEX_POINT('',#1798);
#1801=CARTESIAN_POINT('',(3.E0,-1.5E0,3.4E0));
#1802=VERTEX_POINT('',#1801);
#1803=CARTESIAN_POINT('',(3.E0,1.5E0,3.4E0));
#1804=VERTEX_POINT('',#1803);
#1805=CARTESIAN_POINT('',(-3.E0,1.5E0,8.E-1));
#1806=CARTESIAN_POINT('',(-3.E0,-1.5E0,8.E-1));
#1807=VERTEX_POINT('',#1805);
#1808=VERTEX_POINT('',#1806);
#1809=CARTESIAN_POINT('',(3.E0,-1.5E0,8.E-1));
#1810=VERTEX_POINT('',#1809);
#1811=CARTESIAN_POINT('',(3.E0,1.5E0,8.E-1));
#1812=VERTEX_POINT('',#1811);
#1813=CARTESIAN_POINT('',(0.E0,-7.25E0,1.1E0));
#1814=CARTESIAN_POINT('',(0.E0,-7.25E0,3.1E0));
#1815=VERTEX_POINT('',#1813);
#1816=VERTEX_POINT('',#1814);
#1817=CARTESIAN_POINT('',(-2.E0,-7.25E0,3.1E0));
#1818=CARTESIAN_POINT('',(-2.E0,-7.25E0,1.1E0));
#1819=VERTEX_POINT('',#1817);
#1820=VERTEX_POINT('',#1818);
#1821=CARTESIAN_POINT('',(0.E0,-1.5E0,1.1E0));
#1822=CARTESIAN_POINT('',(0.E0,-1.5E0,3.1E0));
#1823=VERTEX_POINT('',#1821);
#1824=VERTEX_POINT('',#1822);
#1825=CARTESIAN_POINT('',(-2.E0,-1.5E0,3.1E0));
#1826=VERTEX_POINT('',#1825);
#1827=CARTESIAN_POINT('',(-2.E0,-1.5E0,1.1E0));
#1828=VERTEX_POINT('',#1827);
#1829=CARTESIAN_POINT('',(-5.E-1,-7.25E0,1.1E0));
#1830=CARTESIAN_POINT('',(-5.E-1,-7.25E0,3.1E0));
#1831=VERTEX_POINT('',#1829);
#1832=VERTEX_POINT('',#1830);
#1833=CARTESIAN_POINT('',(-1.5E0,-7.25E0,1.1E0));
#1834=CARTESIAN_POINT('',(-1.5E0,-7.25E0,3.1E0));
#1835=VERTEX_POINT('',#1833);
#1836=VERTEX_POINT('',#1834);
#1837=CARTESIAN_POINT('',(-1.E0,-6.75E0,1.1E0));
#1838=VERTEX_POINT('',#1837);
#1839=CARTESIAN_POINT('',(-1.E0,-6.75E0,3.1E0));
#1840=VERTEX_POINT('',#1839);
#1841=CARTESIAN_POINT('',(1.75E0,-1.5E-1,-2.95E0));
#1842=CARTESIAN_POINT('',(2.25E0,-1.5E-1,-2.95E0));
#1843=VERTEX_POINT('',#1841);
#1844=VERTEX_POINT('',#1842);
#1845=CARTESIAN_POINT('',(2.25E0,1.5E-1,-2.95E0));
#1846=VERTEX_POINT('',#1845);
#1847=CARTESIAN_POINT('',(1.75E0,1.5E-1,-2.95E0));
#1848=VERTEX_POINT('',#1847);
#1849=CARTESIAN_POINT('',(1.55E0,-1.5E-1,-3.E-1));
#1850=CARTESIAN_POINT('',(1.55E0,1.5E-1,-3.E-1));
#1851=VERTEX_POINT('',#1849);
#1852=VERTEX_POINT('',#1850);
#1853=CARTESIAN_POINT('',(2.45E0,1.5E-1,-3.E-1));
#1854=CARTESIAN_POINT('',(2.45E0,-1.5E-1,-3.E-1));
#1855=VERTEX_POINT('',#1853);
#1856=VERTEX_POINT('',#1854);
#1857=CARTESIAN_POINT('',(1.55E0,-1.5E-1,0.E0));
#1858=CARTESIAN_POINT('',(1.55E0,1.5E-1,0.E0));
#1859=VERTEX_POINT('',#1857);
#1860=VERTEX_POINT('',#1858);
#1861=CARTESIAN_POINT('',(2.45E0,1.5E-1,0.E0));
#1862=CARTESIAN_POINT('',(2.45E0,-1.5E-1,0.E0));
#1863=VERTEX_POINT('',#1861);
#1864=VERTEX_POINT('',#1862);
#1865=CARTESIAN_POINT('',(1.75E0,1.5E-1,-3.E-1));
#1866=CARTESIAN_POINT('',(1.75E0,-1.5E-1,-3.E-1));
#1867=VERTEX_POINT('',#1865);
#1868=VERTEX_POINT('',#1866);
#1869=CARTESIAN_POINT('',(2.25E0,1.5E-1,-3.E-1));
#1870=CARTESIAN_POINT('',(2.25E0,-1.5E-1,-3.E-1));
#1871=VERTEX_POINT('',#1869);
#1872=VERTEX_POINT('',#1870);
#1873=CARTESIAN_POINT('',(-4.5E-1,-1.5E-1,-3.E-1));
#1874=CARTESIAN_POINT('',(-4.5E-1,1.5E-1,-3.E-1));
#1875=VERTEX_POINT('',#1873);
#1876=VERTEX_POINT('',#1874);
#1877=CARTESIAN_POINT('',(4.5E-1,1.5E-1,-3.E-1));
#1878=CARTESIAN_POINT('',(4.5E-1,-1.5E-1,-3.E-1));
#1879=VERTEX_POINT('',#1877);
#1880=VERTEX_POINT('',#1878);
#1881=CARTESIAN_POINT('',(-2.5E-1,1.5E-1,-3.E-1));
#1882=VERTEX_POINT('',#1881);
#1883=CARTESIAN_POINT('',(2.5E-1,1.5E-1,-3.E-1));
#1884=VERTEX_POINT('',#1883);
#1885=CARTESIAN_POINT('',(2.5E-1,-1.5E-1,-3.E-1));
#1886=VERTEX_POINT('',#1885);
#1887=CARTESIAN_POINT('',(-2.5E-1,-1.5E-1,-3.E-1));
#1888=VERTEX_POINT('',#1887);
#1889=CARTESIAN_POINT('',(-4.5E-1,-1.5E-1,0.E0));
#1890=VERTEX_POINT('',#1889);
#1891=CARTESIAN_POINT('',(-4.5E-1,1.5E-1,0.E0));
#1892=VERTEX_POINT('',#1891);
#1893=CARTESIAN_POINT('',(4.5E-1,1.5E-1,0.E0));
#1894=VERTEX_POINT('',#1893);
#1895=CARTESIAN_POINT('',(4.5E-1,-1.5E-1,0.E0));
#1896=VERTEX_POINT('',#1895);
#1897=CARTESIAN_POINT('',(-2.45E0,-1.5E-1,-3.E-1));
#1898=CARTESIAN_POINT('',(-2.45E0,1.5E-1,-3.E-1));
#1899=VERTEX_POINT('',#1897);
#1900=VERTEX_POINT('',#1898);
#1901=CARTESIAN_POINT('',(-1.55E0,1.5E-1,-3.E-1));
#1902=CARTESIAN_POINT('',(-1.55E0,-1.5E-1,-3.E-1));
#1903=VERTEX_POINT('',#1901);
#1904=VERTEX_POINT('',#1902);
#1905=CARTESIAN_POINT('',(-2.25E0,1.5E-1,-3.E-1));
#1906=VERTEX_POINT('',#1905);
#1907=CARTESIAN_POINT('',(-1.75E0,1.5E-1,-3.E-1));
#1908=VERTEX_POINT('',#1907);
#1909=CARTESIAN_POINT('',(-1.75E0,-1.5E-1,-3.E-1));
#1910=VERTEX_POINT('',#1909);
#1911=CARTESIAN_POINT('',(-2.25E0,-1.5E-1,-3.E-1));
#1912=VERTEX_POINT('',#1911);
#1913=CARTESIAN_POINT('',(-2.45E0,-1.5E-1,0.E0));
#1914=VERTEX_POINT('',#1913);
#1915=CARTESIAN_POINT('',(-2.45E0,1.5E-1,0.E0));
#1916=VERTEX_POINT('',#1915);
#1917=CARTESIAN_POINT('',(-1.55E0,1.5E-1,0.E0));
#1918=VERTEX_POINT('',#1917);
#1919=CARTESIAN_POINT('',(-1.55E0,-1.5E-1,0.E0));
#1920=VERTEX_POINT('',#1919);
#1921=CARTESIAN_POINT('',(-2.5E-1,-1.5E-1,-2.95E0));
#1922=CARTESIAN_POINT('',(2.5E-1,-1.5E-1,-2.95E0));
#1923=VERTEX_POINT('',#1921);
#1924=VERTEX_POINT('',#1922);
#1925=CARTESIAN_POINT('',(2.5E-1,1.5E-1,-2.95E0));
#1926=VERTEX_POINT('',#1925);
#1927=CARTESIAN_POINT('',(-2.5E-1,1.5E-1,-2.95E0));
#1928=VERTEX_POINT('',#1927);
#1929=CARTESIAN_POINT('',(-2.25E0,-1.5E-1,-2.95E0));
#1930=CARTESIAN_POINT('',(-1.75E0,-1.5E-1,-2.95E0));
#1931=VERTEX_POINT('',#1929);
#1932=VERTEX_POINT('',#1930);
#1933=CARTESIAN_POINT('',(-1.75E0,1.5E-1,-2.95E0));
#1934=VERTEX_POINT('',#1933);
#1935=CARTESIAN_POINT('',(-2.25E0,1.5E-1,-2.95E0));
#1936=VERTEX_POINT('',#1935);
#1937=CARTESIAN_POINT('',(-7.934E-1,-9.913E-1,-2.E-2));
#1938=CARTESIAN_POINT('',(-7.934E-1,-6.105E-1,-2.E-2));
#1939=VERTEX_POINT('',#1937);
#1940=VERTEX_POINT('',#1938);
#1941=CARTESIAN_POINT('',(-5.078E-1,-6.105E-1,-2.E-2));
#1942=VERTEX_POINT('',#1941);
#1943=CARTESIAN_POINT('',(-5.078E-1,-6.591127658367E-1,-2.E-2));
#1944=VERTEX_POINT('',#1943);
#1945=CARTESIAN_POINT('',(-7.458E-1,-6.591127658367E-1,-2.E-2));
#1946=VERTEX_POINT('',#1945);
#1947=CARTESIAN_POINT('',(-7.458E-1,-9.913E-1,-2.E-2));
#1948=VERTEX_POINT('',#1947);
#1949=CARTESIAN_POINT('',(-1.349333484650E-1,-7.077255316734E-1,-2.E-2));
#1950=CARTESIAN_POINT('',(-1.825333484650E-1,-7.077255316734E-1,-2.E-2));
#1951=VERTEX_POINT('',#1949);
#1952=VERTEX_POINT('',#1950);
#1953=CARTESIAN_POINT('',(-1.904666515350E-1,-6.834191515923E-1,-2.E-2));
#1954=VERTEX_POINT('',#1953);
#1955=CARTESIAN_POINT('',(-2.142666515350E-1,-6.672148925304E-1,-2.E-2));
#1956=VERTEX_POINT('',#1955);
#1957=CARTESIAN_POINT('',(-2.46E-1,-6.591127658367E-1,-2.E-2));
#1958=VERTEX_POINT('',#1957);
#1959=CARTESIAN_POINT('',(-3.174E-1,-6.591127658367E-1,-2.E-2));
#1960=VERTEX_POINT('',#1959);
#1961=CARTESIAN_POINT('',(-3.491333484650E-1,-6.672148925304E-1,-2.E-2));
#1962=VERTEX_POINT('',#1961);
#1963=CARTESIAN_POINT('',(-3.729333484650E-1,-6.834191515923E-1,-2.E-2));
#1964=VERTEX_POINT('',#1963);
#1965=CARTESIAN_POINT('',(-3.888E-1,-7.077255316734E-1,-2.E-2));
#1966=VERTEX_POINT('',#1965);
#1967=CARTESIAN_POINT('',(-3.967333484650E-1,-7.401340384483E-1,-2.E-2));
#1968=VERTEX_POINT('',#1967);
#1969=CARTESIAN_POINT('',(-3.967333484650E-1,-8.616659502029E-1,-2.E-2));
#1970=VERTEX_POINT('',#1969);
#1971=CARTESIAN_POINT('',(-3.888E-1,-8.940744569778E-1,-2.E-2));
#1972=VERTEX_POINT('',#1971);
#1973=CARTESIAN_POINT('',(-3.729333484650E-1,-9.183808597565E-1,-2.E-2));
#1974=VERTEX_POINT('',#1973);
#1975=CARTESIAN_POINT('',(-3.491333484650E-1,-9.345851131439E-1,-2.E-2));
#1976=VERTEX_POINT('',#1975);
#1977=CARTESIAN_POINT('',(-3.174E-1,-9.426872398376E-1,-2.E-2));
#1978=VERTEX_POINT('',#1977);
#1979=CARTESIAN_POINT('',(-2.46E-1,-9.426872398376E-1,-2.E-2));
#1980=VERTEX_POINT('',#1979);
#1981=CARTESIAN_POINT('',(-2.142666515350E-1,-9.345851131439E-1,-2.E-2));
#1982=VERTEX_POINT('',#1981);
#1983=CARTESIAN_POINT('',(-1.904666515350E-1,-9.183808597565E-1,-2.E-2));
#1984=VERTEX_POINT('',#1983);
#1985=CARTESIAN_POINT('',(-1.825333484650E-1,-8.940744569778E-1,-2.E-2));
#1986=VERTEX_POINT('',#1985);
#1987=CARTESIAN_POINT('',(-1.349333484650E-1,-8.940744569778E-1,-2.E-2));
#1988=VERTEX_POINT('',#1987);
#1989=CARTESIAN_POINT('',(-1.428666515350E-1,-9.345851131439E-1,-2.E-2));
#1990=VERTEX_POINT('',#1989);
#1991=CARTESIAN_POINT('',(-1.746E-1,-9.669936199188E-1,-2.E-2));
#1992=VERTEX_POINT('',#1991);
#1993=CARTESIAN_POINT('',(-2.063333484650E-1,-9.831978733063E-1,-2.E-2));
#1994=VERTEX_POINT('',#1993);
#1995=CARTESIAN_POINT('',(-2.46E-1,-9.913E-1,-2.E-2));
#1996=VERTEX_POINT('',#1995);
#1997=CARTESIAN_POINT('',(-3.174E-1,-9.913E-1,-2.E-2));
#1998=VERTEX_POINT('',#1997);
#1999=CARTESIAN_POINT('',(-3.570666515350E-1,-9.831978733063E-1,-2.E-2));
#2000=VERTEX_POINT('',#1999);
#2001=CARTESIAN_POINT('',(-3.888E-1,-9.669936199188E-1,-2.E-2));
#2002=VERTEX_POINT('',#2001);
#2003=CARTESIAN_POINT('',(-4.205333257675E-1,-9.345851131439E-1,-2.E-2));
#2004=VERTEX_POINT('',#2003);
#2005=CARTESIAN_POINT('',(-4.364E-1,-9.021766063690E-1,-2.E-2));
#2006=VERTEX_POINT('',#2005);
#2007=CARTESIAN_POINT('',(-4.443333257675E-1,-8.616659502029E-1,-2.E-2));
#2008=VERTEX_POINT('',#2007);
#2009=CARTESIAN_POINT('',(-4.443333257675E-1,-7.401340384483E-1,-2.E-2));
#2010=VERTEX_POINT('',#2009);
#2011=CARTESIAN_POINT('',(-4.364E-1,-6.996234049797E-1,-2.E-2));
#2012=VERTEX_POINT('',#2011);
#2013=CARTESIAN_POINT('',(-4.205333257675E-1,-6.672148925304E-1,-2.E-2));
#2014=VERTEX_POINT('',#2013);
#2015=CARTESIAN_POINT('',(-3.888E-1,-6.348063829184E-1,-2.E-2));
#2016=VERTEX_POINT('',#2015);
#2017=CARTESIAN_POINT('',(-3.570666515350E-1,-6.186021274030E-1,-2.E-2));
#2018=VERTEX_POINT('',#2017);
#2019=CARTESIAN_POINT('',(-3.174E-1,-6.105E-1,-2.E-2));
#2020=VERTEX_POINT('',#2019);
#2021=CARTESIAN_POINT('',(-2.46E-1,-6.105E-1,-2.E-2));
#2022=VERTEX_POINT('',#2021);
#2023=CARTESIAN_POINT('',(-2.063333484650E-1,-6.186021274030E-1,-2.E-2));
#2024=VERTEX_POINT('',#2023);
#2025=CARTESIAN_POINT('',(-1.746E-1,-6.348063829184E-1,-2.E-2));
#2026=VERTEX_POINT('',#2025);
#2027=CARTESIAN_POINT('',(-1.428666515350E-1,-6.672148925304E-1,-2.E-2));
#2028=VERTEX_POINT('',#2027);
#2029=CARTESIAN_POINT('',(2.141333030701E-1,-6.591127658367E-1,-2.E-2));
#2030=CARTESIAN_POINT('',(-2.386669692993E-2,-6.591127658367E-1,-2.E-2));
#2031=VERTEX_POINT('',#2029);
#2032=VERTEX_POINT('',#2030);
#2033=CARTESIAN_POINT('',(-2.386669692993E-2,-7.887468099594E-1,-2.E-2));
#2034=VERTEX_POINT('',#2033);
#2035=CARTESIAN_POINT('',(1.824E-1,-7.887468099594E-1,-2.E-2));
#2036=VERTEX_POINT('',#2035);
#2037=CARTESIAN_POINT('',(1.824E-1,-8.373595701218E-1,-2.E-2));
#2038=VERTEX_POINT('',#2037);
#2039=CARTESIAN_POINT('',(-2.386669692993E-2,-8.373595701218E-1,-2.E-2));
#2040=VERTEX_POINT('',#2039);
#2041=CARTESIAN_POINT('',(-2.386669692993E-2,-9.426872398376E-1,-2.E-2));
#2042=VERTEX_POINT('',#2041);
#2043=CARTESIAN_POINT('',(2.141333030701E-1,-9.426872398376E-1,-2.E-2));
#2044=VERTEX_POINT('',#2043);
#2045=CARTESIAN_POINT('',(2.141333030701E-1,-9.913E-1,-2.E-2));
#2046=VERTEX_POINT('',#2045);
#2047=CARTESIAN_POINT('',(-7.146665153503E-2,-9.913E-1,-2.E-2));
#2048=VERTEX_POINT('',#2047);
#2049=CARTESIAN_POINT('',(-7.146665153503E-2,-6.105E-1,-2.E-2));
#2050=VERTEX_POINT('',#2049);
#2051=CARTESIAN_POINT('',(2.141333030701E-1,-6.105E-1,-2.E-2));
#2052=VERTEX_POINT('',#2051);
#2053=CARTESIAN_POINT('',(4.68E-1,-9.913E-1,-2.E-2));
#2054=CARTESIAN_POINT('',(2.776E-1,-9.913E-1,-2.E-2));
#2055=VERTEX_POINT('',#2053);
#2056=VERTEX_POINT('',#2054);
#2057=CARTESIAN_POINT('',(2.776E-1,-6.105E-1,-2.E-2));
#2058=VERTEX_POINT('',#2057);
#2059=CARTESIAN_POINT('',(4.68E-1,-6.105E-1,-2.E-2));
#2060=VERTEX_POINT('',#2059);
#2061=CARTESIAN_POINT('',(5.076666969299E-1,-6.186021274030E-1,-2.E-2));
#2062=VERTEX_POINT('',#2061);
#2063=CARTESIAN_POINT('',(5.394E-1,-6.348063829184E-1,-2.E-2));
#2064=VERTEX_POINT('',#2063);
#2065=CARTESIAN_POINT('',(5.711333030701E-1,-6.672148925304E-1,-2.E-2));
#2066=VERTEX_POINT('',#2065);
#2067=CARTESIAN_POINT('',(5.87E-1,-6.996234049797E-1,-2.E-2));
#2068=VERTEX_POINT('',#2067);
#2069=CARTESIAN_POINT('',(5.949333030701E-1,-7.401340384483E-1,-2.E-2));
#2070=VERTEX_POINT('',#2069);
#2071=CARTESIAN_POINT('',(5.949333030701E-1,-8.616659502029E-1,-2.E-2));
#2072=VERTEX_POINT('',#2071);
#2073=CARTESIAN_POINT('',(5.87E-1,-9.021766063690E-1,-2.E-2));
#2074=VERTEX_POINT('',#2073);
#2075=CARTESIAN_POINT('',(5.711333030701E-1,-9.345851131439E-1,-2.E-2));
#2076=VERTEX_POINT('',#2075);
#2077=CARTESIAN_POINT('',(5.394E-1,-9.669936199188E-1,-2.E-2));
#2078=VERTEX_POINT('',#2077);
#2079=CARTESIAN_POINT('',(5.076666969299E-1,-9.831978733063E-1,-2.E-2));
#2080=VERTEX_POINT('',#2079);
#2081=CARTESIAN_POINT('',(3.252E-1,-9.426872398376E-1,-2.E-2));
#2082=CARTESIAN_POINT('',(4.68E-1,-9.426872398376E-1,-2.E-2));
#2083=VERTEX_POINT('',#2081);
#2084=VERTEX_POINT('',#2082);
#2085=CARTESIAN_POINT('',(4.997333030701E-1,-9.345851131439E-1,-2.E-2));
#2086=VERTEX_POINT('',#2085);
#2087=CARTESIAN_POINT('',(5.235333030701E-1,-9.183808597565E-1,-2.E-2));
#2088=VERTEX_POINT('',#2087);
#2089=CARTESIAN_POINT('',(5.394E-1,-8.940744569778E-1,-2.E-2));
#2090=VERTEX_POINT('',#2089);
#2091=CARTESIAN_POINT('',(5.473333030701E-1,-8.616659502029E-1,-2.E-2));
#2092=VERTEX_POINT('',#2091);
#2093=CARTESIAN_POINT('',(5.473333030701E-1,-7.401340384483E-1,-2.E-2));
#2094=VERTEX_POINT('',#2093);
#2095=CARTESIAN_POINT('',(5.394E-1,-7.077255316734E-1,-2.E-2));
#2096=VERTEX_POINT('',#2095);
#2097=CARTESIAN_POINT('',(5.235333030701E-1,-6.834191515923E-1,-2.E-2));
#2098=VERTEX_POINT('',#2097);
#2099=CARTESIAN_POINT('',(4.997333030701E-1,-6.672148925304E-1,-2.E-2));
#2100=VERTEX_POINT('',#2099);
#2101=CARTESIAN_POINT('',(4.68E-1,-6.591127658367E-1,-2.E-2));
#2102=VERTEX_POINT('',#2101);
#2103=CARTESIAN_POINT('',(3.252E-1,-6.591127658367E-1,-2.E-2));
#2104=VERTEX_POINT('',#2103);
#2105=CARTESIAN_POINT('',(8.488E-1,-9.913E-1,-2.E-2));
#2106=CARTESIAN_POINT('',(7.853333938599E-1,-9.913E-1,-2.E-2));
#2107=VERTEX_POINT('',#2105);
#2108=VERTEX_POINT('',#2106);
#2109=CARTESIAN_POINT('',(6.584E-1,-6.105E-1,-2.E-2));
#2110=VERTEX_POINT('',#2109);
#2111=CARTESIAN_POINT('',(7.06E-1,-6.105E-1,-2.E-2));
#2112=VERTEX_POINT('',#2111);
#2113=CARTESIAN_POINT('',(7.377333938599E-1,-7.077255316734E-1,-2.E-2));
#2114=VERTEX_POINT('',#2113);
#2115=CARTESIAN_POINT('',(8.964E-1,-7.077255316734E-1,-2.E-2));
#2116=VERTEX_POINT('',#2115);
#2117=CARTESIAN_POINT('',(9.281333938599E-1,-6.105E-1,-2.E-2));
#2118=VERTEX_POINT('',#2117);
#2119=CARTESIAN_POINT('',(9.757333938599E-1,-6.105E-1,-2.E-2));
#2120=VERTEX_POINT('',#2119);
#2121=CARTESIAN_POINT('',(8.170666061401E-1,-9.588914932251E-1,-2.E-2));
#2122=CARTESIAN_POINT('',(8.884666061401E-1,-7.401340384483E-1,-2.E-2));
#2123=VERTEX_POINT('',#2121);
#2124=VERTEX_POINT('',#2122);
#2125=CARTESIAN_POINT('',(7.456666061401E-1,-7.401340384483E-1,-2.E-2));
#2126=VERTEX_POINT('',#2125);
#2127=CARTESIAN_POINT('',(-7.934E-1,-9.913E-1,0.E0));
#2128=CARTESIAN_POINT('',(-7.934E-1,-6.105E-1,0.E0));
#2129=VERTEX_POINT('',#2127);
#2130=VERTEX_POINT('',#2128);
#2131=CARTESIAN_POINT('',(-5.078E-1,-6.105E-1,0.E0));
#2132=VERTEX_POINT('',#2131);
#2133=CARTESIAN_POINT('',(-5.078E-1,-6.591127658367E-1,0.E0));
#2134=VERTEX_POINT('',#2133);
#2135=CARTESIAN_POINT('',(-7.458E-1,-6.591127658367E-1,0.E0));
#2136=VERTEX_POINT('',#2135);
#2137=CARTESIAN_POINT('',(-7.458E-1,-9.913E-1,0.E0));
#2138=VERTEX_POINT('',#2137);
#2139=CARTESIAN_POINT('',(-1.349333484650E-1,-7.077255316734E-1,0.E0));
#2140=CARTESIAN_POINT('',(-1.825333484650E-1,-7.077255316734E-1,0.E0));
#2141=VERTEX_POINT('',#2139);
#2142=VERTEX_POINT('',#2140);
#2143=CARTESIAN_POINT('',(-1.904666515350E-1,-6.834191515923E-1,0.E0));
#2144=VERTEX_POINT('',#2143);
#2145=CARTESIAN_POINT('',(-2.142666515350E-1,-6.672148925304E-1,0.E0));
#2146=VERTEX_POINT('',#2145);
#2147=CARTESIAN_POINT('',(-2.46E-1,-6.591127658367E-1,0.E0));
#2148=VERTEX_POINT('',#2147);
#2149=CARTESIAN_POINT('',(-3.174E-1,-6.591127658367E-1,0.E0));
#2150=VERTEX_POINT('',#2149);
#2151=CARTESIAN_POINT('',(-3.491333484650E-1,-6.672148925304E-1,0.E0));
#2152=VERTEX_POINT('',#2151);
#2153=CARTESIAN_POINT('',(-3.729333484650E-1,-6.834191515923E-1,0.E0));
#2154=VERTEX_POINT('',#2153);
#2155=CARTESIAN_POINT('',(-3.888E-1,-7.077255316734E-1,0.E0));
#2156=VERTEX_POINT('',#2155);
#2157=CARTESIAN_POINT('',(-3.967333484650E-1,-7.401340384483E-1,0.E0));
#2158=VERTEX_POINT('',#2157);
#2159=CARTESIAN_POINT('',(-3.967333484650E-1,-8.616659502029E-1,0.E0));
#2160=VERTEX_POINT('',#2159);
#2161=CARTESIAN_POINT('',(-3.888E-1,-8.940744569778E-1,0.E0));
#2162=VERTEX_POINT('',#2161);
#2163=CARTESIAN_POINT('',(-3.729333484650E-1,-9.183808597565E-1,0.E0));
#2164=VERTEX_POINT('',#2163);
#2165=CARTESIAN_POINT('',(-3.491333484650E-1,-9.345851131439E-1,0.E0));
#2166=VERTEX_POINT('',#2165);
#2167=CARTESIAN_POINT('',(-3.174E-1,-9.426872398376E-1,0.E0));
#2168=VERTEX_POINT('',#2167);
#2169=CARTESIAN_POINT('',(-2.46E-1,-9.426872398376E-1,0.E0));
#2170=VERTEX_POINT('',#2169);
#2171=CARTESIAN_POINT('',(-2.142666515350E-1,-9.345851131439E-1,0.E0));
#2172=VERTEX_POINT('',#2171);
#2173=CARTESIAN_POINT('',(-1.904666515350E-1,-9.183808597565E-1,0.E0));
#2174=VERTEX_POINT('',#2173);
#2175=CARTESIAN_POINT('',(-1.825333484650E-1,-8.940744569778E-1,0.E0));
#2176=VERTEX_POINT('',#2175);
#2177=CARTESIAN_POINT('',(-1.349333484650E-1,-8.940744569778E-1,0.E0));
#2178=VERTEX_POINT('',#2177);
#2179=CARTESIAN_POINT('',(-1.428666515350E-1,-9.345851131439E-1,0.E0));
#2180=VERTEX_POINT('',#2179);
#2181=CARTESIAN_POINT('',(-1.746E-1,-9.669936199188E-1,0.E0));
#2182=VERTEX_POINT('',#2181);
#2183=CARTESIAN_POINT('',(-2.063333484650E-1,-9.831978733063E-1,0.E0));
#2184=VERTEX_POINT('',#2183);
#2185=CARTESIAN_POINT('',(-2.46E-1,-9.913E-1,0.E0));
#2186=VERTEX_POINT('',#2185);
#2187=CARTESIAN_POINT('',(-3.174E-1,-9.913E-1,0.E0));
#2188=VERTEX_POINT('',#2187);
#2189=CARTESIAN_POINT('',(-3.570666515350E-1,-9.831978733063E-1,0.E0));
#2190=VERTEX_POINT('',#2189);
#2191=CARTESIAN_POINT('',(-3.888E-1,-9.669936199188E-1,0.E0));
#2192=VERTEX_POINT('',#2191);
#2193=CARTESIAN_POINT('',(-4.205333257675E-1,-9.345851131439E-1,0.E0));
#2194=VERTEX_POINT('',#2193);
#2195=CARTESIAN_POINT('',(-4.364E-1,-9.021766063690E-1,0.E0));
#2196=VERTEX_POINT('',#2195);
#2197=CARTESIAN_POINT('',(-4.443333257675E-1,-8.616659502029E-1,0.E0));
#2198=VERTEX_POINT('',#2197);
#2199=CARTESIAN_POINT('',(-4.443333257675E-1,-7.401340384483E-1,0.E0));
#2200=VERTEX_POINT('',#2199);
#2201=CARTESIAN_POINT('',(-4.364E-1,-6.996234049797E-1,0.E0));
#2202=VERTEX_POINT('',#2201);
#2203=CARTESIAN_POINT('',(-4.205333257675E-1,-6.672148925304E-1,0.E0));
#2204=VERTEX_POINT('',#2203);
#2205=CARTESIAN_POINT('',(-3.888E-1,-6.348063829184E-1,0.E0));
#2206=VERTEX_POINT('',#2205);
#2207=CARTESIAN_POINT('',(-3.570666515350E-1,-6.186021274030E-1,0.E0));
#2208=VERTEX_POINT('',#2207);
#2209=CARTESIAN_POINT('',(-3.174E-1,-6.105E-1,0.E0));
#2210=VERTEX_POINT('',#2209);
#2211=CARTESIAN_POINT('',(-2.46E-1,-6.105E-1,0.E0));
#2212=VERTEX_POINT('',#2211);
#2213=CARTESIAN_POINT('',(-2.063333484650E-1,-6.186021274030E-1,0.E0));
#2214=VERTEX_POINT('',#2213);
#2215=CARTESIAN_POINT('',(-1.746E-1,-6.348063829184E-1,0.E0));
#2216=VERTEX_POINT('',#2215);
#2217=CARTESIAN_POINT('',(-1.428666515350E-1,-6.672148925304E-1,0.E0));
#2218=VERTEX_POINT('',#2217);
#2219=CARTESIAN_POINT('',(2.141333030701E-1,-6.591127658367E-1,0.E0));
#2220=CARTESIAN_POINT('',(-2.386669692993E-2,-6.591127658367E-1,0.E0));
#2221=VERTEX_POINT('',#2219);
#2222=VERTEX_POINT('',#2220);
#2223=CARTESIAN_POINT('',(-2.386669692993E-2,-7.887468099594E-1,0.E0));
#2224=VERTEX_POINT('',#2223);
#2225=CARTESIAN_POINT('',(1.824E-1,-7.887468099594E-1,0.E0));
#2226=VERTEX_POINT('',#2225);
#2227=CARTESIAN_POINT('',(1.824E-1,-8.373595701218E-1,0.E0));
#2228=VERTEX_POINT('',#2227);
#2229=CARTESIAN_POINT('',(-2.386669692993E-2,-8.373595701218E-1,0.E0));
#2230=VERTEX_POINT('',#2229);
#2231=CARTESIAN_POINT('',(-2.386669692993E-2,-9.426872398376E-1,0.E0));
#2232=VERTEX_POINT('',#2231);
#2233=CARTESIAN_POINT('',(2.141333030701E-1,-9.426872398376E-1,0.E0));
#2234=VERTEX_POINT('',#2233);
#2235=CARTESIAN_POINT('',(2.141333030701E-1,-9.913E-1,0.E0));
#2236=VERTEX_POINT('',#2235);
#2237=CARTESIAN_POINT('',(-7.146665153503E-2,-9.913E-1,0.E0));
#2238=VERTEX_POINT('',#2237);
#2239=CARTESIAN_POINT('',(-7.146665153503E-2,-6.105E-1,0.E0));
#2240=VERTEX_POINT('',#2239);
#2241=CARTESIAN_POINT('',(2.141333030701E-1,-6.105E-1,0.E0));
#2242=VERTEX_POINT('',#2241);
#2243=CARTESIAN_POINT('',(4.68E-1,-9.913E-1,0.E0));
#2244=CARTESIAN_POINT('',(2.776E-1,-9.913E-1,0.E0));
#2245=VERTEX_POINT('',#2243);
#2246=VERTEX_POINT('',#2244);
#2247=CARTESIAN_POINT('',(2.776E-1,-6.105E-1,0.E0));
#2248=VERTEX_POINT('',#2247);
#2249=CARTESIAN_POINT('',(4.68E-1,-6.105E-1,0.E0));
#2250=VERTEX_POINT('',#2249);
#2251=CARTESIAN_POINT('',(5.076666969299E-1,-6.186021274030E-1,0.E0));
#2252=VERTEX_POINT('',#2251);
#2253=CARTESIAN_POINT('',(5.394E-1,-6.348063829184E-1,0.E0));
#2254=VERTEX_POINT('',#2253);
#2255=CARTESIAN_POINT('',(5.711333030701E-1,-6.672148925304E-1,0.E0));
#2256=VERTEX_POINT('',#2255);
#2257=CARTESIAN_POINT('',(5.87E-1,-6.996234049797E-1,0.E0));
#2258=VERTEX_POINT('',#2257);
#2259=CARTESIAN_POINT('',(5.949333030701E-1,-7.401340384483E-1,0.E0));
#2260=VERTEX_POINT('',#2259);
#2261=CARTESIAN_POINT('',(5.949333030701E-1,-8.616659502029E-1,0.E0));
#2262=VERTEX_POINT('',#2261);
#2263=CARTESIAN_POINT('',(5.87E-1,-9.021766063690E-1,0.E0));
#2264=VERTEX_POINT('',#2263);
#2265=CARTESIAN_POINT('',(5.711333030701E-1,-9.345851131439E-1,0.E0));
#2266=VERTEX_POINT('',#2265);
#2267=CARTESIAN_POINT('',(5.394E-1,-9.669936199188E-1,0.E0));
#2268=VERTEX_POINT('',#2267);
#2269=CARTESIAN_POINT('',(5.076666969299E-1,-9.831978733063E-1,0.E0));
#2270=VERTEX_POINT('',#2269);
#2271=CARTESIAN_POINT('',(3.252E-1,-9.426872398376E-1,0.E0));
#2272=CARTESIAN_POINT('',(4.68E-1,-9.426872398376E-1,0.E0));
#2273=VERTEX_POINT('',#2271);
#2274=VERTEX_POINT('',#2272);
#2275=CARTESIAN_POINT('',(4.997333030701E-1,-9.345851131439E-1,0.E0));
#2276=VERTEX_POINT('',#2275);
#2277=CARTESIAN_POINT('',(5.235333030701E-1,-9.183808597565E-1,0.E0));
#2278=VERTEX_POINT('',#2277);
#2279=CARTESIAN_POINT('',(5.394E-1,-8.940744569778E-1,0.E0));
#2280=VERTEX_POINT('',#2279);
#2281=CARTESIAN_POINT('',(5.473333030701E-1,-8.616659502029E-1,0.E0));
#2282=VERTEX_POINT('',#2281);
#2283=CARTESIAN_POINT('',(5.473333030701E-1,-7.401340384483E-1,0.E0));
#2284=VERTEX_POINT('',#2283);
#2285=CARTESIAN_POINT('',(5.394E-1,-7.077255316734E-1,0.E0));
#2286=VERTEX_POINT('',#2285);
#2287=CARTESIAN_POINT('',(5.235333030701E-1,-6.834191515923E-1,0.E0));
#2288=VERTEX_POINT('',#2287);
#2289=CARTESIAN_POINT('',(4.997333030701E-1,-6.672148925304E-1,0.E0));
#2290=VERTEX_POINT('',#2289);
#2291=CARTESIAN_POINT('',(4.68E-1,-6.591127658367E-1,0.E0));
#2292=VERTEX_POINT('',#2291);
#2293=CARTESIAN_POINT('',(3.252E-1,-6.591127658367E-1,0.E0));
#2294=VERTEX_POINT('',#2293);
#2295=CARTESIAN_POINT('',(8.488E-1,-9.913E-1,0.E0));
#2296=CARTESIAN_POINT('',(7.853333938599E-1,-9.913E-1,0.E0));
#2297=VERTEX_POINT('',#2295);
#2298=VERTEX_POINT('',#2296);
#2299=CARTESIAN_POINT('',(6.584E-1,-6.105E-1,0.E0));
#2300=VERTEX_POINT('',#2299);
#2301=CARTESIAN_POINT('',(7.06E-1,-6.105E-1,0.E0));
#2302=VERTEX_POINT('',#2301);
#2303=CARTESIAN_POINT('',(7.377333938599E-1,-7.077255316734E-1,0.E0));
#2304=VERTEX_POINT('',#2303);
#2305=CARTESIAN_POINT('',(8.964E-1,-7.077255316734E-1,0.E0));
#2306=VERTEX_POINT('',#2305);
#2307=CARTESIAN_POINT('',(9.281333938599E-1,-6.105E-1,0.E0));
#2308=VERTEX_POINT('',#2307);
#2309=CARTESIAN_POINT('',(9.757333938599E-1,-6.105E-1,0.E0));
#2310=VERTEX_POINT('',#2309);
#2311=CARTESIAN_POINT('',(8.170666061401E-1,-9.588914932251E-1,0.E0));
#2312=CARTESIAN_POINT('',(8.884666061401E-1,-7.401340384483E-1,0.E0));
#2313=VERTEX_POINT('',#2311);
#2314=VERTEX_POINT('',#2312);
#2315=CARTESIAN_POINT('',(7.456666061401E-1,-7.401340384483E-1,0.E0));
#2316=VERTEX_POINT('',#2315);
#2317=CARTESIAN_POINT('',(-3.570666515350E-1,-6.186021274030E-1,0.E0));
#2318=DIRECTION('',(-2.001234451615E-1,9.797706908745E-1,0.E0));
#2319=DIRECTION('',(9.797706908745E-1,2.001234451615E-1,0.E0));
#2320=AXIS2_PLACEMENT_3D('',#2317,#2318,#2319);
#2321=PLANE('',#2320);
#2323=ORIENTED_EDGE('',*,*,#2322,.F.);
#2325=ORIENTED_EDGE('',*,*,#2324,.T.);
#2327=ORIENTED_EDGE('',*,*,#2326,.T.);
#2329=ORIENTED_EDGE('',*,*,#2328,.F.);
#2330=EDGE_LOOP('',(#2323,#2325,#2327,#2329));
#2331=FACE_OUTER_BOUND('',#2330,.F.);
#2332=ADVANCED_FACE('',(#2331),#2321,.T.);
#2333=FILL_AREA_STYLE_COLOUR('',#27);
#2334=FILL_AREA_STYLE('',(#2333));
#2335=SURFACE_STYLE_FILL_AREA(#2334);
#2336=SURFACE_SIDE_STYLE('',(#2335));
#2337=SURFACE_STYLE_USAGE(.POSITIVE.,#2336);
#2338=PRESENTATION_STYLE_ASSIGNMENT((#2337));
#2339=STYLED_ITEM('',(#2338),#2332);
#2340=CARTESIAN_POINT('',(0.E0,0.E0,0.E0));
#2341=DIRECTION('',(0.E0,0.E0,1.E0));
#2342=DIRECTION('',(1.E0,0.E0,0.E0));
#2343=AXIS2_PLACEMENT_3D('',#2340,#2341,#2342);
#2344=PLANE('',#2343);
#2346=ORIENTED_EDGE('',*,*,#2345,.F.);
#2348=ORIENTED_EDGE('',*,*,#2347,.T.);
#2350=ORIENTED_EDGE('',*,*,#2349,.T.);
#2352=ORIENTED_EDGE('',*,*,#2351,.F.);
#2354=ORIENTED_EDGE('',*,*,#2353,.T.);
#2356=ORIENTED_EDGE('',*,*,#2355,.T.);
#2358=ORIENTED_EDGE('',*,*,#2357,.F.);
#2360=ORIENTED_EDGE('',*,*,#2359,.T.);
#2362=ORIENTED_EDGE('',*,*,#2361,.T.);
#2364=ORIENTED_EDGE('',*,*,#2363,.F.);
#2366=ORIENTED_EDGE('',*,*,#2365,.T.);
#2368=ORIENTED_EDGE('',*,*,#2367,.T.);
#2369=EDGE_LOOP('',(#2346,#2348,#2350,#2352,#2354,#2356,#2358,#2360,#2362,#2364,
#2366,#2368));
#2370=FACE_OUTER_BOUND('',#2369,.F.);
#2372=ORIENTED_EDGE('',*,*,#2371,.T.);
#2374=ORIENTED_EDGE('',*,*,#2373,.F.);
#2376=ORIENTED_EDGE('',*,*,#2375,.T.);
#2378=ORIENTED_EDGE('',*,*,#2377,.F.);
#2379=EDGE_LOOP('',(#2372,#2374,#2376,#2378));
#2380=FACE_BOUND('',#2379,.F.);
#2382=ORIENTED_EDGE('',*,*,#2381,.T.);
#2384=ORIENTED_EDGE('',*,*,#2383,.F.);
#2386=ORIENTED_EDGE('',*,*,#2385,.T.);
#2388=ORIENTED_EDGE('',*,*,#2387,.F.);
#2389=EDGE_LOOP('',(#2382,#2384,#2386,#2388));
#2390=FACE_BOUND('',#2389,.F.);
#2392=ORIENTED_EDGE('',*,*,#2391,.T.);
#2394=ORIENTED_EDGE('',*,*,#2393,.F.);
#2396=ORIENTED_EDGE('',*,*,#2395,.T.);
#2398=ORIENTED_EDGE('',*,*,#2397,.F.);
#2399=EDGE_LOOP('',(#2392,#2394,#2396,#2398));
#2400=FACE_BOUND('',#2399,.F.);
#2402=ORIENTED_EDGE('',*,*,#2401,.T.);
#2404=ORIENTED_EDGE('',*,*,#2403,.T.);
#2406=ORIENTED_EDGE('',*,*,#2405,.T.);
#2408=ORIENTED_EDGE('',*,*,#2407,.T.);
#2410=ORIENTED_EDGE('',*,*,#2409,.T.);
#2412=ORIENTED_EDGE('',*,*,#2411,.T.);
#2413=EDGE_LOOP('',(#2402,#2404,#2406,#2408,#2410,#2412));
#2414=FACE_BOUND('',#2413,.F.);
#2416=ORIENTED_EDGE('',*,*,#2415,.T.);
#2418=ORIENTED_EDGE('',*,*,#2417,.T.);
#2420=ORIENTED_EDGE('',*,*,#2419,.T.);
#2422=ORIENTED_EDGE('',*,*,#2421,.T.);
#2424=ORIENTED_EDGE('',*,*,#2423,.T.);
#2426=ORIENTED_EDGE('',*,*,#2425,.T.);
#2428=ORIENTED_EDGE('',*,*,#2427,.T.);
#2430=ORIENTED_EDGE('',*,*,#2429,.T.);
#2432=ORIENTED_EDGE('',*,*,#2431,.T.);
#2434=ORIENTED_EDGE('',*,*,#2433,.T.);
#2436=ORIENTED_EDGE('',*,*,#2435,.T.);
#2438=ORIENTED_EDGE('',*,*,#2437,.T.);
#2440=ORIENTED_EDGE('',*,*,#2439,.T.);
#2442=ORIENTED_EDGE('',*,*,#2441,.T.);
#2444=ORIENTED_EDGE('',*,*,#2443,.T.);
#2446=ORIENTED_EDGE('',*,*,#2445,.T.);
#2448=ORIENTED_EDGE('',*,*,#2447,.T.);
#2450=ORIENTED_EDGE('',*,*,#2449,.T.);
#2452=ORIENTED_EDGE('',*,*,#2451,.T.);
#2454=ORIENTED_EDGE('',*,*,#2453,.T.);
#2456=ORIENTED_EDGE('',*,*,#2455,.T.);
#2458=ORIENTED_EDGE('',*,*,#2457,.T.);
#2460=ORIENTED_EDGE('',*,*,#2459,.T.);
#2462=ORIENTED_EDGE('',*,*,#2461,.T.);
#2464=ORIENTED_EDGE('',*,*,#2463,.T.);
#2466=ORIENTED_EDGE('',*,*,#2465,.T.);
#2468=ORIENTED_EDGE('',*,*,#2467,.T.);
#2470=ORIENTED_EDGE('',*,*,#2469,.T.);
#2472=ORIENTED_EDGE('',*,*,#2471,.T.);
#2474=ORIENTED_EDGE('',*,*,#2473,.T.);
#2476=ORIENTED_EDGE('',*,*,#2475,.T.);
#2478=ORIENTED_EDGE('',*,*,#2477,.T.);
#2480=ORIENTED_EDGE('',*,*,#2479,.T.);
#2482=ORIENTED_EDGE('',*,*,#2481,.T.);
#2483=ORIENTED_EDGE('',*,*,#2322,.T.);
#2485=ORIENTED_EDGE('',*,*,#2484,.T.);
#2487=ORIENTED_EDGE('',*,*,#2486,.T.);
#2489=ORIENTED_EDGE('',*,*,#2488,.T.);
#2491=ORIENTED_EDGE('',*,*,#2490,.T.);
#2493=ORIENTED_EDGE('',*,*,#2492,.T.);
#2494=EDGE_LOOP('',(#2416,#2418,#2420,#2422,#2424,#2426,#2428,#2430,#2432,#2434,
#2436,#2438,#2440,#2442,#2444,#2446,#2448,#2450,#2452,#2454,#2456,#2458,#2460,
#2462,#2464,#2466,#2468,#2470,#2472,#2474,#2476,#2478,#2480,#2482,#2483,#2485,
#2487,#2489,#2491,#2493));
#2495=FACE_BOUND('',#2494,.F.);
#2497=ORIENTED_EDGE('',*,*,#2496,.T.);
#2499=ORIENTED_EDGE('',*,*,#2498,.T.);
#2501=ORIENTED_EDGE('',*,*,#2500,.T.);
#2503=ORIENTED_EDGE('',*,*,#2502,.T.);
#2505=ORIENTED_EDGE('',*,*,#2504,.T.);
#2507=ORIENTED_EDGE('',*,*,#2506,.T.);
#2509=ORIENTED_EDGE('',*,*,#2508,.T.);
#2511=ORIENTED_EDGE('',*,*,#2510,.T.);
#2513=ORIENTED_EDGE('',*,*,#2512,.T.);
#2515=ORIENTED_EDGE('',*,*,#2514,.T.);
#2517=ORIENTED_EDGE('',*,*,#2516,.T.);
#2519=ORIENTED_EDGE('',*,*,#2518,.T.);
#2520=EDGE_LOOP('',(#2497,#2499,#2501,#2503,#2505,#2507,#2509,#2511,#2513,#2515,
#2517,#2519));
#2521=FACE_BOUND('',#2520,.F.);
#2523=ORIENTED_EDGE('',*,*,#2522,.T.);
#2525=ORIENTED_EDGE('',*,*,#2524,.T.);
#2527=ORIENTED_EDGE('',*,*,#2526,.T.);
#2529=ORIENTED_EDGE('',*,*,#2528,.T.);
#2531=ORIENTED_EDGE('',*,*,#2530,.T.);
#2533=ORIENTED_EDGE('',*,*,#2532,.T.);
#2535=ORIENTED_EDGE('',*,*,#2534,.T.);
#2537=ORIENTED_EDGE('',*,*,#2536,.T.);
#2539=ORIENTED_EDGE('',*,*,#2538,.T.);
#2541=ORIENTED_EDGE('',*,*,#2540,.T.);
#2543=ORIENTED_EDGE('',*,*,#2542,.T.);
#2545=ORIENTED_EDGE('',*,*,#2544,.T.);
#2547=ORIENTED_EDGE('',*,*,#2546,.T.);
#2549=ORIENTED_EDGE('',*,*,#2548,.T.);
#2550=EDGE_LOOP('',(#2523,#2525,#2527,#2529,#2531,#2533,#2535,#2537,#2539,#2541,
#2543,#2545,#2547,#2549));
#2551=FACE_BOUND('',#2550,.F.);
#2553=ORIENTED_EDGE('',*,*,#2552,.T.);
#2555=ORIENTED_EDGE('',*,*,#2554,.T.);
#2557=ORIENTED_EDGE('',*,*,#2556,.T.);
#2559=ORIENTED_EDGE('',*,*,#2558,.T.);
#2561=ORIENTED_EDGE('',*,*,#2560,.T.);
#2563=ORIENTED_EDGE('',*,*,#2562,.T.);
#2565=ORIENTED_EDGE('',*,*,#2564,.T.);
#2567=ORIENTED_EDGE('',*,*,#2566,.T.);
#2568=EDGE_LOOP('',(#2553,#2555,#2557,#2559,#2561,#2563,#2565,#2567));
#2569=FACE_BOUND('',#2568,.F.);
#2570=ADVANCED_FACE('',(#2370,#2380,#2390,#2400,#2414,#2495,#2521,#2551,#2569),
#2344,.F.);
#2571=FILL_AREA_STYLE_COLOUR('',#19);
#2572=FILL_AREA_STYLE('',(#2571));
#2573=SURFACE_STYLE_FILL_AREA(#2572);
#2574=SURFACE_SIDE_STYLE('',(#2573));
#2575=SURFACE_STYLE_USAGE(.POSITIVE.,#2574);
#2576=PRESENTATION_STYLE_ASSIGNMENT((#2575));
#2577=STYLED_ITEM('',(#2576),#2570);
#2578=CARTESIAN_POINT('',(0.E0,0.E0,0.E0));
#2579=DIRECTION('',(0.E0,0.E0,1.E0));
#2580=DIRECTION('',(1.E0,0.E0,0.E0));
#2581=AXIS2_PLACEMENT_3D('',#2578,#2579,#2580);
#2582=PLANE('',#2581);
#2584=ORIENTED_EDGE('',*,*,#2583,.T.);
#2586=ORIENTED_EDGE('',*,*,#2585,.T.);
#2588=ORIENTED_EDGE('',*,*,#2587,.T.);
#2590=ORIENTED_EDGE('',*,*,#2589,.T.);
#2592=ORIENTED_EDGE('',*,*,#2591,.T.);
#2594=ORIENTED_EDGE('',*,*,#2593,.T.);
#2596=ORIENTED_EDGE('',*,*,#2595,.T.);
#2598=ORIENTED_EDGE('',*,*,#2597,.T.);
#2600=ORIENTED_EDGE('',*,*,#2599,.T.);
#2602=ORIENTED_EDGE('',*,*,#2601,.T.);
#2604=ORIENTED_EDGE('',*,*,#2603,.T.);
#2606=ORIENTED_EDGE('',*,*,#2605,.T.);
#2607=EDGE_LOOP('',(#2584,#2586,#2588,#2590,#2592,#2594,#2596,#2598,#2600,#2602,
#2604,#2606));
#2608=FACE_OUTER_BOUND('',#2607,.F.);
#2609=ADVANCED_FACE('',(#2608),#2582,.F.);
#2610=FILL_AREA_STYLE_COLOUR('',#19);
#2611=FILL_AREA_STYLE('',(#2610));
#2612=SURFACE_STYLE_FILL_AREA(#2611);
#2613=SURFACE_SIDE_STYLE('',(#2612));
#2614=SURFACE_STYLE_USAGE(.POSITIVE.,#2613);
#2615=PRESENTATION_STYLE_ASSIGNMENT((#2614));
#2616=STYLED_ITEM('',(#2615),#2609);
#2617=CARTESIAN_POINT('',(0.E0,0.E0,0.E0));
#2618=DIRECTION('',(0.E0,0.E0,1.E0));
#2619=DIRECTION('',(1.E0,0.E0,0.E0));
#2620=AXIS2_PLACEMENT_3D('',#2617,#2618,#2619);
#2621=PLANE('',#2620);
#2623=ORIENTED_EDGE('',*,*,#2622,.T.);
#2625=ORIENTED_EDGE('',*,*,#2624,.T.);
#2627=ORIENTED_EDGE('',*,*,#2626,.T.);
#2628=EDGE_LOOP('',(#2623,#2625,#2627));
#2629=FACE_OUTER_BOUND('',#2628,.F.);
#2630=ADVANCED_FACE('',(#2629),#2621,.F.);
#2631=FILL_AREA_STYLE_COLOUR('',#19);
#2632=FILL_AREA_STYLE('',(#2631));
#2633=SURFACE_STYLE_FILL_AREA(#2632);
#2634=SURFACE_SIDE_STYLE('',(#2633));
#2635=SURFACE_STYLE_USAGE(.POSITIVE.,#2634);
#2636=PRESENTATION_STYLE_ASSIGNMENT((#2635));
#2637=STYLED_ITEM('',(#2636),#2630);
#2638=CARTESIAN_POINT('',(-3.8E0,1.65E0,8.E-1));
#2639=DIRECTION('',(0.E0,-1.E0,0.E0));
#2640=DIRECTION('',(1.E0,0.E0,0.E0));
#2641=AXIS2_PLACEMENT_3D('',#2638,#2639,#2640);
#2642=PLANE('',#2641);
#2643=ORIENTED_EDGE('',*,*,#2345,.T.);
#2645=ORIENTED_EDGE('',*,*,#2644,.F.);
#2647=ORIENTED_EDGE('',*,*,#2646,.F.);
#2649=ORIENTED_EDGE('',*,*,#2648,.F.);
#2650=EDGE_LOOP('',(#2643,#2645,#2647,#2649));
#2651=FACE_OUTER_BOUND('',#2650,.F.);
#2652=ADVANCED_FACE('',(#2651),#2642,.F.);
#2653=FILL_AREA_STYLE_COLOUR('',#20);
#2654=FILL_AREA_STYLE('',(#2653));
#2655=SURFACE_STYLE_FILL_AREA(#2654);
#2656=SURFACE_SIDE_STYLE('',(#2655));
#2657=SURFACE_STYLE_USAGE(.POSITIVE.,#2656);
#2658=PRESENTATION_STYLE_ASSIGNMENT((#2657));
#2659=STYLED_ITEM('',(#2658),#2652);
#2660=CARTESIAN_POINT('',(-2.3E0,1.65E0,8.E-1));
#2661=DIRECTION('',(1.E0,0.E0,0.E0));
#2662=DIRECTION('',(0.E0,1.E0,0.E0));
#2663=AXIS2_PLACEMENT_3D('',#2660,#2661,#2662);
#2664=PLANE('',#2663);
#2665=ORIENTED_EDGE('',*,*,#2367,.F.);
#2667=ORIENTED_EDGE('',*,*,#2666,.T.);
#2669=ORIENTED_EDGE('',*,*,#2668,.T.);
#2670=ORIENTED_EDGE('',*,*,#2644,.T.);
#2671=EDGE_LOOP('',(#2665,#2667,#2669,#2670));
#2672=FACE_OUTER_BOUND('',#2671,.F.);
#2673=ADVANCED_FACE('',(#2672),#2664,.F.);
#2674=FILL_AREA_STYLE_COLOUR('',#20);
#2675=FILL_AREA_STYLE('',(#2674));
#2676=SURFACE_STYLE_FILL_AREA(#2675);
#2677=SURFACE_SIDE_STYLE('',(#2676));
#2678=SURFACE_STYLE_USAGE(.POSITIVE.,#2677);
#2679=PRESENTATION_STYLE_ASSIGNMENT((#2678));
#2680=STYLED_ITEM('',(#2679),#2673);
#2681=CARTESIAN_POINT('',(3.8E0,2.25E0,0.E0));
#2682=DIRECTION('',(0.E0,1.E0,0.E0));
#2683=DIRECTION('',(-1.E0,0.E0,0.E0));
#2684=AXIS2_PLACEMENT_3D('',#2681,#2682,#2683);
#2685=PLANE('',#2684);
#2686=ORIENTED_EDGE('',*,*,#2666,.F.);
#2687=ORIENTED_EDGE('',*,*,#2365,.F.);
#2689=ORIENTED_EDGE('',*,*,#2688,.T.);
#2691=ORIENTED_EDGE('',*,*,#2690,.T.);
#2692=EDGE_LOOP('',(#2686,#2687,#2689,#2691));
#2693=FACE_OUTER_BOUND('',#2692,.F.);
#2694=ADVANCED_FACE('',(#2693),#2685,.T.);
#2695=FILL_AREA_STYLE_COLOUR('',#20);
#2696=FILL_AREA_STYLE('',(#2695));
#2697=SURFACE_STYLE_FILL_AREA(#2696);
#2698=SURFACE_SIDE_STYLE('',(#2697));
#2699=SURFACE_STYLE_USAGE(.POSITIVE.,#2698);
#2700=PRESENTATION_STYLE_ASSIGNMENT((#2699));
#2701=STYLED_ITEM('',(#2700),#2694);
#2702=CARTESIAN_POINT('',(2.3E0,2.25E0,8.E-1));
#2703=DIRECTION('',(-1.E0,0.E0,0.E0));
#2704=DIRECTION('',(0.E0,-1.E0,0.E0));
#2705=AXIS2_PLACEMENT_3D('',#2702,#2703,#2704);
#2706=PLANE('',#2705);
#2707=ORIENTED_EDGE('',*,*,#2363,.T.);
#2709=ORIENTED_EDGE('',*,*,#2708,.F.);
#2711=ORIENTED_EDGE('',*,*,#2710,.F.);
#2712=ORIENTED_EDGE('',*,*,#2688,.F.);
#2713=EDGE_LOOP('',(#2707,#2709,#2711,#2712));
#2714=FACE_OUTER_BOUND('',#2713,.F.);
#2715=ADVANCED_FACE('',(#2714),#2706,.F.);
#2716=FILL_AREA_STYLE_COLOUR('',#20);
#2717=FILL_AREA_STYLE('',(#2716));
#2718=SURFACE_STYLE_FILL_AREA(#2717);
#2719=SURFACE_SIDE_STYLE('',(#2718));
#2720=SURFACE_STYLE_USAGE(.POSITIVE.,#2719);
#2721=PRESENTATION_STYLE_ASSIGNMENT((#2720));
#2722=STYLED_ITEM('',(#2721),#2715);
#2723=CARTESIAN_POINT('',(2.3E0,1.65E0,8.E-1));
#2724=DIRECTION('',(0.E0,-1.E0,0.E0));
#2725=DIRECTION('',(1.E0,0.E0,0.E0));
#2726=AXIS2_PLACEMENT_3D('',#2723,#2724,#2725);
#2727=PLANE('',#2726);
#2728=ORIENTED_EDGE('',*,*,#2361,.F.);
#2730=ORIENTED_EDGE('',*,*,#2729,.T.);
#2732=ORIENTED_EDGE('',*,*,#2731,.T.);
#2733=ORIENTED_EDGE('',*,*,#2708,.T.);
#2734=EDGE_LOOP('',(#2728,#2730,#2732,#2733));
#2735=FACE_OUTER_BOUND('',#2734,.F.);
#2736=ADVANCED_FACE('',(#2735),#2727,.F.);
#2737=FILL_AREA_STYLE_COLOUR('',#20);
#2738=FILL_AREA_STYLE('',(#2737));
#2739=SURFACE_STYLE_FILL_AREA(#2738);
#2740=SURFACE_SIDE_STYLE('',(#2739));
#2741=SURFACE_STYLE_USAGE(.POSITIVE.,#2740);
#2742=PRESENTATION_STYLE_ASSIGNMENT((#2741));
#2743=STYLED_ITEM('',(#2742),#2736);
#2744=CARTESIAN_POINT('',(3.8E0,-2.25E0,0.E0));
#2745=DIRECTION('',(1.E0,0.E0,0.E0));
#2746=DIRECTION('',(0.E0,1.E0,0.E0));
#2747=AXIS2_PLACEMENT_3D('',#2744,#2745,#2746);
#2748=PLANE('',#2747);
#2749=ORIENTED_EDGE('',*,*,#2729,.F.);
#2750=ORIENTED_EDGE('',*,*,#2359,.F.);
#2752=ORIENTED_EDGE('',*,*,#2751,.T.);
#2754=ORIENTED_EDGE('',*,*,#2753,.T.);
#2755=EDGE_LOOP('',(#2749,#2750,#2752,#2754));
#2756=FACE_OUTER_BOUND('',#2755,.F.);
#2757=ADVANCED_FACE('',(#2756),#2748,.T.);
#2758=FILL_AREA_STYLE_COLOUR('',#20);
#2759=FILL_AREA_STYLE('',(#2758));
#2760=SURFACE_STYLE_FILL_AREA(#2759);
#2761=SURFACE_SIDE_STYLE('',(#2760));
#2762=SURFACE_STYLE_USAGE(.POSITIVE.,#2761);
#2763=PRESENTATION_STYLE_ASSIGNMENT((#2762));
#2764=STYLED_ITEM('',(#2763),#2757);
#2765=CARTESIAN_POINT('',(3.8E0,-1.65E0,8.E-1));
#2766=DIRECTION('',(0.E0,1.E0,0.E0));
#2767=DIRECTION('',(-1.E0,0.E0,0.E0));
#2768=AXIS2_PLACEMENT_3D('',#2765,#2766,#2767);
#2769=PLANE('',#2768);
#2770=ORIENTED_EDGE('',*,*,#2357,.T.);
#2772=ORIENTED_EDGE('',*,*,#2771,.F.);
#2774=ORIENTED_EDGE('',*,*,#2773,.F.);
#2775=ORIENTED_EDGE('',*,*,#2751,.F.);
#2776=EDGE_LOOP('',(#2770,#2772,#2774,#2775));
#2777=FACE_OUTER_BOUND('',#2776,.F.);
#2778=ADVANCED_FACE('',(#2777),#2769,.F.);
#2779=FILL_AREA_STYLE_COLOUR('',#20);
#2780=FILL_AREA_STYLE('',(#2779));
#2781=SURFACE_STYLE_FILL_AREA(#2780);
#2782=SURFACE_SIDE_STYLE('',(#2781));
#2783=SURFACE_STYLE_USAGE(.POSITIVE.,#2782);
#2784=PRESENTATION_STYLE_ASSIGNMENT((#2783));
#2785=STYLED_ITEM('',(#2784),#2778);
#2786=CARTESIAN_POINT('',(2.3E0,-1.65E0,8.E-1));
#2787=DIRECTION('',(-1.E0,0.E0,0.E0));
#2788=DIRECTION('',(0.E0,-1.E0,0.E0));
#2789=AXIS2_PLACEMENT_3D('',#2786,#2787,#2788);
#2790=PLANE('',#2789);
#2791=ORIENTED_EDGE('',*,*,#2355,.F.);
#2793=ORIENTED_EDGE('',*,*,#2792,.T.);
#2795=ORIENTED_EDGE('',*,*,#2794,.T.);
#2796=ORIENTED_EDGE('',*,*,#2771,.T.);
#2797=EDGE_LOOP('',(#2791,#2793,#2795,#2796));
#2798=FACE_OUTER_BOUND('',#2797,.F.);
#2799=ADVANCED_FACE('',(#2798),#2790,.F.);
#2800=FILL_AREA_STYLE_COLOUR('',#20);
#2801=FILL_AREA_STYLE('',(#2800));
#2802=SURFACE_STYLE_FILL_AREA(#2801);
#2803=SURFACE_SIDE_STYLE('',(#2802));
#2804=SURFACE_STYLE_USAGE(.POSITIVE.,#2803);
#2805=PRESENTATION_STYLE_ASSIGNMENT((#2804));
#2806=STYLED_ITEM('',(#2805),#2799);
#2807=CARTESIAN_POINT('',(-3.8E0,-2.25E0,0.E0));
#2808=DIRECTION('',(0.E0,-1.E0,0.E0));
#2809=DIRECTION('',(1.E0,0.E0,0.E0));
#2810=AXIS2_PLACEMENT_3D('',#2807,#2808,#2809);
#2811=PLANE('',#2810);
#2813=ORIENTED_EDGE('',*,*,#2812,.T.);
#2815=ORIENTED_EDGE('',*,*,#2814,.T.);
#2816=ORIENTED_EDGE('',*,*,#2792,.F.);
#2817=ORIENTED_EDGE('',*,*,#2353,.F.);
#2818=EDGE_LOOP('',(#2813,#2815,#2816,#2817));
#2819=FACE_OUTER_BOUND('',#2818,.F.);
#2820=ADVANCED_FACE('',(#2819),#2811,.T.);
#2821=FILL_AREA_STYLE_COLOUR('',#20);
#2822=FILL_AREA_STYLE('',(#2821));
#2823=SURFACE_STYLE_FILL_AREA(#2822);
#2824=SURFACE_SIDE_STYLE('',(#2823));
#2825=SURFACE_STYLE_USAGE(.POSITIVE.,#2824);
#2826=PRESENTATION_STYLE_ASSIGNMENT((#2825));
#2827=STYLED_ITEM('',(#2826),#2820);
#2828=CARTESIAN_POINT('',(-2.3E0,-2.25E0,8.E-1));
#2829=DIRECTION('',(1.E0,0.E0,0.E0));
#2830=DIRECTION('',(0.E0,1.E0,0.E0));
#2831=AXIS2_PLACEMENT_3D('',#2828,#2829,#2830);
#2832=PLANE('',#2831);
#2833=ORIENTED_EDGE('',*,*,#2351,.T.);
#2835=ORIENTED_EDGE('',*,*,#2834,.F.);
#2837=ORIENTED_EDGE('',*,*,#2836,.F.);
#2838=ORIENTED_EDGE('',*,*,#2812,.F.);
#2839=EDGE_LOOP('',(#2833,#2835,#2837,#2838));
#2840=FACE_OUTER_BOUND('',#2839,.F.);
#2841=ADVANCED_FACE('',(#2840),#2832,.F.);
#2842=FILL_AREA_STYLE_COLOUR('',#20);
#2843=FILL_AREA_STYLE('',(#2842));
#2844=SURFACE_STYLE_FILL_AREA(#2843);
#2845=SURFACE_SIDE_STYLE('',(#2844));
#2846=SURFACE_STYLE_USAGE(.POSITIVE.,#2845);
#2847=PRESENTATION_STYLE_ASSIGNMENT((#2846));
#2848=STYLED_ITEM('',(#2847),#2841);
#2849=CARTESIAN_POINT('',(-2.3E0,-1.65E0,8.E-1));
#2850=DIRECTION('',(0.E0,1.E0,0.E0));
#2851=DIRECTION('',(-1.E0,0.E0,0.E0));
#2852=AXIS2_PLACEMENT_3D('',#2849,#2850,#2851);
#2853=PLANE('',#2852);
#2854=ORIENTED_EDGE('',*,*,#2349,.F.);
#2856=ORIENTED_EDGE('',*,*,#2855,.T.);
#2858=ORIENTED_EDGE('',*,*,#2857,.T.);
#2859=ORIENTED_EDGE('',*,*,#2834,.T.);
#2860=EDGE_LOOP('',(#2854,#2856,#2858,#2859));
#2861=FACE_OUTER_BOUND('',#2860,.F.);
#2862=ADVANCED_FACE('',(#2861),#2853,.F.);
#2863=FILL_AREA_STYLE_COLOUR('',#20);
#2864=FILL_AREA_STYLE('',(#2863));
#2865=SURFACE_STYLE_FILL_AREA(#2864);
#2866=SURFACE_SIDE_STYLE('',(#2865));
#2867=SURFACE_STYLE_USAGE(.POSITIVE.,#2866);
#2868=PRESENTATION_STYLE_ASSIGNMENT((#2867));
#2869=STYLED_ITEM('',(#2868),#2862);
#2870=CARTESIAN_POINT('',(-3.8E0,2.25E0,0.E0));
#2871=DIRECTION('',(-1.E0,0.E0,0.E0));
#2872=DIRECTION('',(0.E0,-1.E0,0.E0));
#2873=AXIS2_PLACEMENT_3D('',#2870,#2871,#2872);
#2874=PLANE('',#2873);
#2875=ORIENTED_EDGE('',*,*,#2648,.T.);
#2877=ORIENTED_EDGE('',*,*,#2876,.T.);
#2878=ORIENTED_EDGE('',*,*,#2855,.F.);
#2879=ORIENTED_EDGE('',*,*,#2347,.F.);
#2880=EDGE_LOOP('',(#2875,#2877,#2878,#2879));
#2881=FACE_OUTER_BOUND('',#2880,.F.);
#2882=ADVANCED_FACE('',(#2881),#2874,.T.);
#2883=FILL_AREA_STYLE_COLOUR('',#20);
#2884=FILL_AREA_STYLE('',(#2883));
#2885=SURFACE_STYLE_FILL_AREA(#2884);
#2886=SURFACE_SIDE_STYLE('',(#2885));
#2887=SURFACE_STYLE_USAGE(.POSITIVE.,#2886);
#2888=PRESENTATION_STYLE_ASSIGNMENT((#2887));
#2889=STYLED_ITEM('',(#2888),#2882);
#2890=CARTESIAN_POINT('',(0.E0,0.E0,8.E-1));
#2891=DIRECTION('',(0.E0,0.E0,1.E0));
#2892=DIRECTION('',(1.E0,0.E0,0.E0));
#2893=AXIS2_PLACEMENT_3D('',#2890,#2891,#2892);
#2894=PLANE('',#2893);
#2895=ORIENTED_EDGE('',*,*,#2646,.T.);
#2896=ORIENTED_EDGE('',*,*,#2668,.F.);
#2897=ORIENTED_EDGE('',*,*,#2690,.F.);
#2898=ORIENTED_EDGE('',*,*,#2710,.T.);
#2899=ORIENTED_EDGE('',*,*,#2731,.F.);
#2900=ORIENTED_EDGE('',*,*,#2753,.F.);
#2901=ORIENTED_EDGE('',*,*,#2773,.T.);
#2902=ORIENTED_EDGE('',*,*,#2794,.F.);
#2903=ORIENTED_EDGE('',*,*,#2814,.F.);
#2904=ORIENTED_EDGE('',*,*,#2836,.T.);
#2905=ORIENTED_EDGE('',*,*,#2857,.F.);
#2906=ORIENTED_EDGE('',*,*,#2876,.F.);
#2907=EDGE_LOOP('',(#2895,#2896,#2897,#2898,#2899,#2900,#2901,#2902,#2903,#2904,
#2905,#2906));
#2908=FACE_OUTER_BOUND('',#2907,.F.);
#2910=ORIENTED_EDGE('',*,*,#2909,.T.);
#2912=ORIENTED_EDGE('',*,*,#2911,.T.);
#2914=ORIENTED_EDGE('',*,*,#2913,.T.);
#2916=ORIENTED_EDGE('',*,*,#2915,.T.);
#2917=EDGE_LOOP('',(#2910,#2912,#2914,#2916));
#2918=FACE_BOUND('',#2917,.F.);
#2919=ADVANCED_FACE('',(#2908,#2918),#2894,.T.);
#2920=FILL_AREA_STYLE_COLOUR('',#19);
#2921=FILL_AREA_STYLE('',(#2920));
#2922=SURFACE_STYLE_FILL_AREA(#2921);
#2923=SURFACE_SIDE_STYLE('',(#2922));
#2924=SURFACE_STYLE_USAGE(.POSITIVE.,#2923);
#2925=PRESENTATION_STYLE_ASSIGNMENT((#2924));
#2926=STYLED_ITEM('',(#2925),#2919);
#2927=CARTESIAN_POINT('',(-3.E0,1.5E0,8.E-1));
#2928=DIRECTION('',(-1.E0,0.E0,0.E0));
#2929=DIRECTION('',(0.E0,-1.E0,0.E0));
#2930=AXIS2_PLACEMENT_3D('',#2927,#2928,#2929);
#2931=PLANE('',#2930);
#2932=ORIENTED_EDGE('',*,*,#2909,.F.);
#2934=ORIENTED_EDGE('',*,*,#2933,.T.);
#2936=ORIENTED_EDGE('',*,*,#2935,.T.);
#2938=ORIENTED_EDGE('',*,*,#2937,.F.);
#2939=EDGE_LOOP('',(#2932,#2934,#2936,#2938));
#2940=FACE_OUTER_BOUND('',#2939,.F.);
#2941=ADVANCED_FACE('',(#2940),#2931,.T.);
#2942=FILL_AREA_STYLE_COLOUR('',#6);
#2943=FILL_AREA_STYLE('',(#2942));
#2944=SURFACE_STYLE_FILL_AREA(#2943);
#2945=SURFACE_SIDE_STYLE('',(#2944));
#2946=SURFACE_STYLE_USAGE(.POSITIVE.,#2945);
#2947=PRESENTATION_STYLE_ASSIGNMENT((#2946));
#2948=STYLED_ITEM('',(#2947),#2941);
#2949=CARTESIAN_POINT('',(3.E0,1.5E0,8.E-1));
#2950=DIRECTION('',(0.E0,1.E0,0.E0));
#2951=DIRECTION('',(-1.E0,0.E0,0.E0));
#2952=AXIS2_PLACEMENT_3D('',#2949,#2950,#2951);
#2953=PLANE('',#2952);
#2954=ORIENTED_EDGE('',*,*,#2915,.F.);
#2956=ORIENTED_EDGE('',*,*,#2955,.T.);
#2958=ORIENTED_EDGE('',*,*,#2957,.T.);
#2959=ORIENTED_EDGE('',*,*,#2933,.F.);
#2960=EDGE_LOOP('',(#2954,#2956,#2958,#2959));
#2961=FACE_OUTER_BOUND('',#2960,.F.);
#2962=ADVANCED_FACE('',(#2961),#2953,.T.);
#2963=FILL_AREA_STYLE_COLOUR('',#6);
#2964=FILL_AREA_STYLE('',(#2963));
#2965=SURFACE_STYLE_FILL_AREA(#2964);
#2966=SURFACE_SIDE_STYLE('',(#2965));
#2967=SURFACE_STYLE_USAGE(.POSITIVE.,#2966);
#2968=PRESENTATION_STYLE_ASSIGNMENT((#2967));
#2969=STYLED_ITEM('',(#2968),#2962);
#2970=CARTESIAN_POINT('',(3.E0,-1.5E0,8.E-1));
#2971=DIRECTION('',(1.E0,0.E0,0.E0));
#2972=DIRECTION('',(0.E0,1.E0,0.E0));
#2973=AXIS2_PLACEMENT_3D('',#2970,#2971,#2972);
#2974=PLANE('',#2973);
#2975=ORIENTED_EDGE('',*,*,#2913,.F.);
#2977=ORIENTED_EDGE('',*,*,#2976,.T.);
#2979=ORIENTED_EDGE('',*,*,#2978,.T.);
#2980=ORIENTED_EDGE('',*,*,#2955,.F.);
#2981=EDGE_LOOP('',(#2975,#2977,#2979,#2980));
#2982=FACE_OUTER_BOUND('',#2981,.F.);
#2983=ADVANCED_FACE('',(#2982),#2974,.T.);
#2984=FILL_AREA_STYLE_COLOUR('',#6);
#2985=FILL_AREA_STYLE('',(#2984));
#2986=SURFACE_STYLE_FILL_AREA(#2985);
#2987=SURFACE_SIDE_STYLE('',(#2986));
#2988=SURFACE_STYLE_USAGE(.POSITIVE.,#2987);
#2989=PRESENTATION_STYLE_ASSIGNMENT((#2988));
#2990=STYLED_ITEM('',(#2989),#2983);
#2991=CARTESIAN_POINT('',(-3.E0,-1.5E0,8.E-1));
#2992=DIRECTION('',(0.E0,-1.E0,0.E0));
#2993=DIRECTION('',(1.E0,0.E0,0.E0));
#2994=AXIS2_PLACEMENT_3D('',#2991,#2992,#2993);
#2995=PLANE('',#2994);
#2996=ORIENTED_EDGE('',*,*,#2911,.F.);
#2997=ORIENTED_EDGE('',*,*,#2937,.T.);
#2999=ORIENTED_EDGE('',*,*,#2998,.T.);
#3000=ORIENTED_EDGE('',*,*,#2976,.F.);
#3001=EDGE_LOOP('',(#2996,#2997,#2999,#3000));
#3002=FACE_OUTER_BOUND('',#3001,.F.);
#3004=ORIENTED_EDGE('',*,*,#3003,.T.);
#3006=ORIENTED_EDGE('',*,*,#3005,.F.);
#3008=ORIENTED_EDGE('',*,*,#3007,.T.);
#3010=ORIENTED_EDGE('',*,*,#3009,.T.);
#3011=EDGE_LOOP('',(#3004,#3006,#3008,#3010));
#3012=FACE_BOUND('',#3011,.F.);
#3013=ADVANCED_FACE('',(#3002,#3012),#2995,.T.);
#3014=FILL_AREA_STYLE_COLOUR('',#6);
#3015=FILL_AREA_STYLE('',(#3014));
#3016=SURFACE_STYLE_FILL_AREA(#3015);
#3017=SURFACE_SIDE_STYLE('',(#3016));
#3018=SURFACE_STYLE_USAGE(.POSITIVE.,#3017);
#3019=PRESENTATION_STYLE_ASSIGNMENT((#3018));
#3020=STYLED_ITEM('',(#3019),#3013);
#3021=CARTESIAN_POINT('',(0.E0,0.E0,3.4E0));
#3022=DIRECTION('',(0.E0,0.E0,1.E0));
#3023=DIRECTION('',(1.E0,0.E0,0.E0));
#3024=AXIS2_PLACEMENT_3D('',#3021,#3022,#3023);
#3025=PLANE('',#3024);
#3026=ORIENTED_EDGE('',*,*,#2935,.F.);
#3027=ORIENTED_EDGE('',*,*,#2957,.F.);
#3028=ORIENTED_EDGE('',*,*,#2978,.F.);
#3029=ORIENTED_EDGE('',*,*,#2998,.F.);
#3030=EDGE_LOOP('',(#3026,#3027,#3028,#3029));
#3031=FACE_OUTER_BOUND('',#3030,.F.);
#3032=ADVANCED_FACE('',(#3031),#3025,.T.);
#3033=FILL_AREA_STYLE_COLOUR('',#6);
#3034=FILL_AREA_STYLE('',(#3033));
#3035=SURFACE_STYLE_FILL_AREA(#3034);
#3036=SURFACE_SIDE_STYLE('',(#3035));
#3037=SURFACE_STYLE_USAGE(.POSITIVE.,#3036);
#3038=PRESENTATION_STYLE_ASSIGNMENT((#3037));
#3039=STYLED_ITEM('',(#3038),#3032);
#3040=CARTESIAN_POINT('',(0.E0,-1.5E0,1.1E0));
#3041=DIRECTION('',(1.E0,0.E0,0.E0));
#3042=DIRECTION('',(0.E0,0.E0,1.E0));
#3043=AXIS2_PLACEMENT_3D('',#3040,#3041,#3042);
#3044=PLANE('',#3043);
#3045=ORIENTED_EDGE('',*,*,#3003,.F.);
#3047=ORIENTED_EDGE('',*,*,#3046,.T.);
#3049=ORIENTED_EDGE('',*,*,#3048,.T.);
#3051=ORIENTED_EDGE('',*,*,#3050,.F.);
#3052=EDGE_LOOP('',(#3045,#3047,#3049,#3051));
#3053=FACE_OUTER_BOUND('',#3052,.F.);
#3054=ADVANCED_FACE('',(#3053),#3044,.T.);
#3055=FILL_AREA_STYLE_COLOUR('',#6);
#3056=FILL_AREA_STYLE('',(#3055));
#3057=SURFACE_STYLE_FILL_AREA(#3056);
#3058=SURFACE_SIDE_STYLE('',(#3057));
#3059=SURFACE_STYLE_USAGE(.POSITIVE.,#3058);
#3060=PRESENTATION_STYLE_ASSIGNMENT((#3059));
#3061=STYLED_ITEM('',(#3060),#3054);
#3062=CARTESIAN_POINT('',(-2.E0,-1.5E0,1.1E0));
#3063=DIRECTION('',(0.E0,0.E0,-1.E0));
#3064=DIRECTION('',(1.E0,0.E0,0.E0));
#3065=AXIS2_PLACEMENT_3D('',#3062,#3063,#3064);
#3066=PLANE('',#3065);
#3068=ORIENTED_EDGE('',*,*,#3067,.F.);
#3070=ORIENTED_EDGE('',*,*,#3069,.T.);
#3071=ORIENTED_EDGE('',*,*,#3046,.F.);
#3072=ORIENTED_EDGE('',*,*,#3009,.F.);
#3074=ORIENTED_EDGE('',*,*,#3073,.T.);
#3076=ORIENTED_EDGE('',*,*,#3075,.T.);
#3078=ORIENTED_EDGE('',*,*,#3077,.F.);
#3079=EDGE_LOOP('',(#3068,#3070,#3071,#3072,#3074,#3076,#3078));
#3080=FACE_OUTER_BOUND('',#3079,.F.);
#3081=ADVANCED_FACE('',(#3080),#3066,.T.);
#3082=FILL_AREA_STYLE_COLOUR('',#6);
#3083=FILL_AREA_STYLE('',(#3082));
#3084=SURFACE_STYLE_FILL_AREA(#3083);
#3085=SURFACE_SIDE_STYLE('',(#3084));
#3086=SURFACE_STYLE_USAGE(.POSITIVE.,#3085);
#3087=PRESENTATION_STYLE_ASSIGNMENT((#3086));
#3088=STYLED_ITEM('',(#3087),#3081);
#3089=CARTESIAN_POINT('',(-5.E-1,-7.25E0,3.1E0));
#3090=DIRECTION('',(7.071067811865E-1,7.071067811865E-1,0.E0));
#3091=DIRECTION('',(-7.071067811865E-1,7.071067811865E-1,0.E0));
#3092=AXIS2_PLACEMENT_3D('',#3089,#3090,#3091);
#3093=PLANE('',#3092);
#3095=ORIENTED_EDGE('',*,*,#3094,.F.);
#3096=ORIENTED_EDGE('',*,*,#3067,.T.);
#3098=ORIENTED_EDGE('',*,*,#3097,.F.);
#3100=ORIENTED_EDGE('',*,*,#3099,.F.);
#3101=EDGE_LOOP('',(#3095,#3096,#3098,#3100));
#3102=FACE_OUTER_BOUND('',#3101,.F.);
#3103=ADVANCED_FACE('',(#3102),#3093,.F.);
#3104=FILL_AREA_STYLE_COLOUR('',#6);
#3105=FILL_AREA_STYLE('',(#3104));
#3106=SURFACE_STYLE_FILL_AREA(#3105);
#3107=SURFACE_SIDE_STYLE('',(#3106));
#3108=SURFACE_STYLE_USAGE(.POSITIVE.,#3107);
#3109=PRESENTATION_STYLE_ASSIGNMENT((#3108));
#3110=STYLED_ITEM('',(#3109),#3103);
#3111=CARTESIAN_POINT('',(0.E0,-7.25E0,3.4E0));
#3112=DIRECTION('',(0.E0,-1.E0,0.E0));
#3113=DIRECTION('',(1.E0,0.E0,0.E0));
#3114=AXIS2_PLACEMENT_3D('',#3111,#3112,#3113);
#3115=PLANE('',#3114);
#3116=ORIENTED_EDGE('',*,*,#3094,.T.);
#3118=ORIENTED_EDGE('',*,*,#3117,.F.);
#3119=ORIENTED_EDGE('',*,*,#3048,.F.);
#3120=ORIENTED_EDGE('',*,*,#3069,.F.);
#3121=EDGE_LOOP('',(#3116,#3118,#3119,#3120));
#3122=FACE_OUTER_BOUND('',#3121,.F.);
#3123=ADVANCED_FACE('',(#3122),#3115,.T.);
#3124=FILL_AREA_STYLE_COLOUR('',#6);
#3125=FILL_AREA_STYLE('',(#3124));
#3126=SURFACE_STYLE_FILL_AREA(#3125);
#3127=SURFACE_SIDE_STYLE('',(#3126));
#3128=SURFACE_STYLE_USAGE(.POSITIVE.,#3127);
#3129=PRESENTATION_STYLE_ASSIGNMENT((#3128));
#3130=STYLED_ITEM('',(#3129),#3123);
#3131=CARTESIAN_POINT('',(0.E0,-7.25E0,3.4E0));
#3132=DIRECTION('',(0.E0,-1.E0,0.E0));
#3133=DIRECTION('',(1.E0,0.E0,0.E0));
#3134=AXIS2_PLACEMENT_3D('',#3131,#3132,#3133);
#3135=PLANE('',#3134);
#3137=ORIENTED_EDGE('',*,*,#3136,.F.);
#3138=ORIENTED_EDGE('',*,*,#3075,.F.);
#3140=ORIENTED_EDGE('',*,*,#3139,.F.);
#3142=ORIENTED_EDGE('',*,*,#3141,.F.);
#3143=EDGE_LOOP('',(#3137,#3138,#3140,#3142));
#3144=FACE_OUTER_BOUND('',#3143,.F.);
#3145=ADVANCED_FACE('',(#3144),#3135,.T.);
#3146=FILL_AREA_STYLE_COLOUR('',#6);
#3147=FILL_AREA_STYLE('',(#3146));
#3148=SURFACE_STYLE_FILL_AREA(#3147);
#3149=SURFACE_SIDE_STYLE('',(#3148));
#3150=SURFACE_STYLE_USAGE(.POSITIVE.,#3149);
#3151=PRESENTATION_STYLE_ASSIGNMENT((#3150));
#3152=STYLED_ITEM('',(#3151),#3145);
#3153=CARTESIAN_POINT('',(0.E0,-1.5E0,3.1E0));
#3154=DIRECTION('',(0.E0,0.E0,1.E0));
#3155=DIRECTION('',(-1.E0,0.E0,0.E0));
#3156=AXIS2_PLACEMENT_3D('',#3153,#3154,#3155);
#3157=PLANE('',#3156);
#3158=ORIENTED_EDGE('',*,*,#3099,.T.);
#3160=ORIENTED_EDGE('',*,*,#3159,.T.);
#3161=ORIENTED_EDGE('',*,*,#3141,.T.);
#3163=ORIENTED_EDGE('',*,*,#3162,.F.);
#3164=ORIENTED_EDGE('',*,*,#3005,.T.);
#3165=ORIENTED_EDGE('',*,*,#3050,.T.);
#3166=ORIENTED_EDGE('',*,*,#3117,.T.);
#3167=EDGE_LOOP('',(#3158,#3160,#3161,#3163,#3164,#3165,#3166));
#3168=FACE_OUTER_BOUND('',#3167,.F.);
#3169=ADVANCED_FACE('',(#3168),#3157,.T.);
#3170=FILL_AREA_STYLE_COLOUR('',#6);
#3171=FILL_AREA_STYLE('',(#3170));
#3172=SURFACE_STYLE_FILL_AREA(#3171);
#3173=SURFACE_SIDE_STYLE('',(#3172));
#3174=SURFACE_STYLE_USAGE(.POSITIVE.,#3173);
#3175=PRESENTATION_STYLE_ASSIGNMENT((#3174));
#3176=STYLED_ITEM('',(#3175),#3169);
#3177=CARTESIAN_POINT('',(-1.E0,-6.75E0,3.1E0));
#3178=DIRECTION('',(-7.071067811865E-1,7.071067811865E-1,0.E0));
#3179=DIRECTION('',(-7.071067811865E-1,-7.071067811865E-1,0.E0));
#3180=AXIS2_PLACEMENT_3D('',#3177,#3178,#3179);
#3181=PLANE('',#3180);
#3182=ORIENTED_EDGE('',*,*,#3136,.T.);
#3183=ORIENTED_EDGE('',*,*,#3159,.F.);
#3184=ORIENTED_EDGE('',*,*,#3097,.T.);
#3185=ORIENTED_EDGE('',*,*,#3077,.T.);
#3186=EDGE_LOOP('',(#3182,#3183,#3184,#3185));
#3187=FACE_OUTER_BOUND('',#3186,.F.);
#3188=ADVANCED_FACE('',(#3187),#3181,.F.);
#3189=FILL_AREA_STYLE_COLOUR('',#6);
#3190=FILL_AREA_STYLE('',(#3189));
#3191=SURFACE_STYLE_FILL_AREA(#3190);
#3192=SURFACE_SIDE_STYLE('',(#3191));
#3193=SURFACE_STYLE_USAGE(.POSITIVE.,#3192);
#3194=PRESENTATION_STYLE_ASSIGNMENT((#3193));
#3195=STYLED_ITEM('',(#3194),#3188);
#3196=CARTESIAN_POINT('',(-2.E0,-1.5E0,3.1E0));
#3197=DIRECTION('',(-1.E0,0.E0,0.E0));
#3198=DIRECTION('',(0.E0,0.E0,-1.E0));
#3199=AXIS2_PLACEMENT_3D('',#3196,#3197,#3198);
#3200=PLANE('',#3199);
#3201=ORIENTED_EDGE('',*,*,#3073,.F.);
#3202=ORIENTED_EDGE('',*,*,#3007,.F.);
#3203=ORIENTED_EDGE('',*,*,#3162,.T.);
#3204=ORIENTED_EDGE('',*,*,#3139,.T.);
#3205=EDGE_LOOP('',(#3201,#3202,#3203,#3204));
#3206=FACE_OUTER_BOUND('',#3205,.F.);
#3207=ADVANCED_FACE('',(#3206),#3200,.T.);
#3208=FILL_AREA_STYLE_COLOUR('',#6);
#3209=FILL_AREA_STYLE('',(#3208));
#3210=SURFACE_STYLE_FILL_AREA(#3209);
#3211=SURFACE_SIDE_STYLE('',(#3210));
#3212=SURFACE_STYLE_USAGE(.POSITIVE.,#3211);
#3213=PRESENTATION_STYLE_ASSIGNMENT((#3212));
#3214=STYLED_ITEM('',(#3213),#3207);
#3215=CARTESIAN_POINT('',(1.55E0,-1.5E-1,0.E0));
#3216=DIRECTION('',(-1.E0,0.E0,0.E0));
#3217=DIRECTION('',(0.E0,1.E0,0.E0));
#3218=AXIS2_PLACEMENT_3D('',#3215,#3216,#3217);
#3219=PLANE('',#3218);
#3220=ORIENTED_EDGE('',*,*,#2371,.F.);
#3222=ORIENTED_EDGE('',*,*,#3221,.T.);
#3224=ORIENTED_EDGE('',*,*,#3223,.T.);
#3226=ORIENTED_EDGE('',*,*,#3225,.F.);
#3227=EDGE_LOOP('',(#3220,#3222,#3224,#3226));
#3228=FACE_OUTER_BOUND('',#3227,.F.);
#3229=ADVANCED_FACE('',(#3228),#3219,.T.);
#3230=FILL_AREA_STYLE_COLOUR('',#27);
#3231=FILL_AREA_STYLE('',(#3230));
#3232=SURFACE_STYLE_FILL_AREA(#3231);
#3233=SURFACE_SIDE_STYLE('',(#3232));
#3234=SURFACE_STYLE_USAGE(.POSITIVE.,#3233);
#3235=PRESENTATION_STYLE_ASSIGNMENT((#3234));
#3236=STYLED_ITEM('',(#3235),#3229);
#3237=CARTESIAN_POINT('',(0.E0,-1.5E-1,0.E0));
#3238=DIRECTION('',(0.E0,-1.E0,0.E0));
#3239=DIRECTION('',(1.E0,0.E0,0.E0));
#3240=AXIS2_PLACEMENT_3D('',#3237,#3238,#3239);
#3241=PLANE('',#3240);
#3243=ORIENTED_EDGE('',*,*,#3242,.F.);
#3245=ORIENTED_EDGE('',*,*,#3244,.T.);
#3246=ORIENTED_EDGE('',*,*,#3221,.F.);
#3247=ORIENTED_EDGE('',*,*,#2377,.T.);
#3249=ORIENTED_EDGE('',*,*,#3248,.T.);
#3251=ORIENTED_EDGE('',*,*,#3250,.T.);
#3253=ORIENTED_EDGE('',*,*,#3252,.F.);
#3255=ORIENTED_EDGE('',*,*,#3254,.F.);
#3256=EDGE_LOOP('',(#3243,#3245,#3246,#3247,#3249,#3251,#3253,#3255));
#3257=FACE_OUTER_BOUND('',#3256,.F.);
#3258=ADVANCED_FACE('',(#3257),#3241,.T.);
#3259=FILL_AREA_STYLE_COLOUR('',#27);
#3260=FILL_AREA_STYLE('',(#3259));
#3261=SURFACE_STYLE_FILL_AREA(#3260);
#3262=SURFACE_SIDE_STYLE('',(#3261));
#3263=SURFACE_STYLE_USAGE(.POSITIVE.,#3262);
#3264=PRESENTATION_STYLE_ASSIGNMENT((#3263));
#3265=STYLED_ITEM('',(#3264),#3258);
#3266=CARTESIAN_POINT('',(1.75E0,1.5E-1,0.E0));
#3267=DIRECTION('',(-1.E0,0.E0,0.E0));
#3268=DIRECTION('',(0.E0,0.E0,-1.E0));
#3269=AXIS2_PLACEMENT_3D('',#3266,#3267,#3268);
#3270=PLANE('',#3269);
#3272=ORIENTED_EDGE('',*,*,#3271,.T.);
#3273=ORIENTED_EDGE('',*,*,#3242,.T.);
#3275=ORIENTED_EDGE('',*,*,#3274,.F.);
#3277=ORIENTED_EDGE('',*,*,#3276,.F.);
#3278=EDGE_LOOP('',(#3272,#3273,#3275,#3277));
#3279=FACE_OUTER_BOUND('',#3278,.F.);
#3280=ADVANCED_FACE('',(#3279),#3270,.T.);
#3281=FILL_AREA_STYLE_COLOUR('',#27);
#3282=FILL_AREA_STYLE('',(#3281));
#3283=SURFACE_STYLE_FILL_AREA(#3282);
#3284=SURFACE_SIDE_STYLE('',(#3283));
#3285=SURFACE_STYLE_USAGE(.POSITIVE.,#3284);
#3286=PRESENTATION_STYLE_ASSIGNMENT((#3285));
#3287=STYLED_ITEM('',(#3286),#3280);
#3288=CARTESIAN_POINT('',(0.E0,0.E0,-3.E-1));
#3289=DIRECTION('',(0.E0,0.E0,-1.E0));
#3290=DIRECTION('',(1.E0,0.E0,0.E0));
#3291=AXIS2_PLACEMENT_3D('',#3288,#3289,#3290);
#3292=PLANE('',#3291);
#3293=ORIENTED_EDGE('',*,*,#3271,.F.);
#3295=ORIENTED_EDGE('',*,*,#3294,.F.);
#3296=ORIENTED_EDGE('',*,*,#3223,.F.);
#3297=ORIENTED_EDGE('',*,*,#3244,.F.);
#3298=EDGE_LOOP('',(#3293,#3295,#3296,#3297));
#3299=FACE_OUTER_BOUND('',#3298,.F.);
#3300=ADVANCED_FACE('',(#3299),#3292,.T.);
#3301=FILL_AREA_STYLE_COLOUR('',#27);
#3302=FILL_AREA_STYLE('',(#3301));
#3303=SURFACE_STYLE_FILL_AREA(#3302);
#3304=SURFACE_SIDE_STYLE('',(#3303));
#3305=SURFACE_STYLE_USAGE(.POSITIVE.,#3304);
#3306=PRESENTATION_STYLE_ASSIGNMENT((#3305));
#3307=STYLED_ITEM('',(#3306),#3300);
#3308=CARTESIAN_POINT('',(0.E0,0.E0,-3.E-1));
#3309=DIRECTION('',(0.E0,0.E0,-1.E0));
#3310=DIRECTION('',(1.E0,0.E0,0.E0));
#3311=AXIS2_PLACEMENT_3D('',#3308,#3309,#3310);
#3312=PLANE('',#3311);
#3314=ORIENTED_EDGE('',*,*,#3313,.T.);
#3315=ORIENTED_EDGE('',*,*,#3250,.F.);
#3317=ORIENTED_EDGE('',*,*,#3316,.F.);
#3319=ORIENTED_EDGE('',*,*,#3318,.F.);
#3320=EDGE_LOOP('',(#3314,#3315,#3317,#3319));
#3321=FACE_OUTER_BOUND('',#3320,.F.);
#3322=ADVANCED_FACE('',(#3321),#3312,.T.);
#3323=FILL_AREA_STYLE_COLOUR('',#27);
#3324=FILL_AREA_STYLE('',(#3323));
#3325=SURFACE_STYLE_FILL_AREA(#3324);
#3326=SURFACE_SIDE_STYLE('',(#3325));
#3327=SURFACE_STYLE_USAGE(.POSITIVE.,#3326);
#3328=PRESENTATION_STYLE_ASSIGNMENT((#3327));
#3329=STYLED_ITEM('',(#3328),#3322);
#3330=CARTESIAN_POINT('',(0.E0,1.5E-1,0.E0));
#3331=DIRECTION('',(0.E0,-1.E0,0.E0));
#3332=DIRECTION('',(1.E0,0.E0,0.E0));
#3333=AXIS2_PLACEMENT_3D('',#3330,#3331,#3332);
#3334=PLANE('',#3333);
#3336=ORIENTED_EDGE('',*,*,#3335,.T.);
#3337=ORIENTED_EDGE('',*,*,#3318,.T.);
#3339=ORIENTED_EDGE('',*,*,#3338,.F.);
#3340=ORIENTED_EDGE('',*,*,#2373,.T.);
#3341=ORIENTED_EDGE('',*,*,#3225,.T.);
#3342=ORIENTED_EDGE('',*,*,#3294,.T.);
#3343=ORIENTED_EDGE('',*,*,#3276,.T.);
#3345=ORIENTED_EDGE('',*,*,#3344,.F.);
#3346=EDGE_LOOP('',(#3336,#3337,#3339,#3340,#3341,#3342,#3343,#3345));
#3347=FACE_OUTER_BOUND('',#3346,.F.);
#3348=ADVANCED_FACE('',(#3347),#3334,.F.);
#3349=FILL_AREA_STYLE_COLOUR('',#27);
#3350=FILL_AREA_STYLE('',(#3349));
#3351=SURFACE_STYLE_FILL_AREA(#3350);
#3352=SURFACE_SIDE_STYLE('',(#3351));
#3353=SURFACE_STYLE_USAGE(.POSITIVE.,#3352);
#3354=PRESENTATION_STYLE_ASSIGNMENT((#3353));
#3355=STYLED_ITEM('',(#3354),#3348);
#3356=CARTESIAN_POINT('',(2.25E0,1.5E-1,-3.2E0));
#3357=DIRECTION('',(1.E0,0.E0,0.E0));
#3358=DIRECTION('',(0.E0,0.E0,1.E0));
#3359=AXIS2_PLACEMENT_3D('',#3356,#3357,#3358);
#3360=PLANE('',#3359);
#3361=ORIENTED_EDGE('',*,*,#3313,.F.);
#3362=ORIENTED_EDGE('',*,*,#3335,.F.);
#3364=ORIENTED_EDGE('',*,*,#3363,.T.);
#3365=ORIENTED_EDGE('',*,*,#3252,.T.);
#3366=EDGE_LOOP('',(#3361,#3362,#3364,#3365));
#3367=FACE_OUTER_BOUND('',#3366,.F.);
#3368=ADVANCED_FACE('',(#3367),#3360,.T.);
#3369=FILL_AREA_STYLE_COLOUR('',#27);
#3370=FILL_AREA_STYLE('',(#3369));
#3371=SURFACE_STYLE_FILL_AREA(#3370);
#3372=SURFACE_SIDE_STYLE('',(#3371));
#3373=SURFACE_STYLE_USAGE(.POSITIVE.,#3372);
#3374=PRESENTATION_STYLE_ASSIGNMENT((#3373));
#3375=STYLED_ITEM('',(#3374),#3368);
#3376=CARTESIAN_POINT('',(2.E0,1.486456E1,-2.95E0));
#3377=DIRECTION('',(0.E0,-1.E0,0.E0));
#3378=DIRECTION('',(1.E0,0.E0,0.E0));
#3379=AXIS2_PLACEMENT_3D('',#3376,#3377,#3378);
#3380=CYLINDRICAL_SURFACE('',#3379,2.5E-1);
#3381=ORIENTED_EDGE('',*,*,#3254,.T.);
#3382=ORIENTED_EDGE('',*,*,#3363,.F.);
#3383=ORIENTED_EDGE('',*,*,#3344,.T.);
#3384=ORIENTED_EDGE('',*,*,#3274,.T.);
#3385=EDGE_LOOP('',(#3381,#3382,#3383,#3384));
#3386=FACE_OUTER_BOUND('',#3385,.F.);
#3387=ADVANCED_FACE('',(#3386),#3380,.T.);
#3388=FILL_AREA_STYLE_COLOUR('',#27);
#3389=FILL_AREA_STYLE('',(#3388));
#3390=SURFACE_STYLE_FILL_AREA(#3389);
#3391=SURFACE_SIDE_STYLE('',(#3390));
#3392=SURFACE_STYLE_USAGE(.POSITIVE.,#3391);
#3393=PRESENTATION_STYLE_ASSIGNMENT((#3392));
#3394=STYLED_ITEM('',(#3393),#3387);
#3395=CARTESIAN_POINT('',(2.45E0,1.5E-1,0.E0));
#3396=DIRECTION('',(1.E0,0.E0,0.E0));
#3397=DIRECTION('',(0.E0,-1.E0,0.E0));
#3398=AXIS2_PLACEMENT_3D('',#3395,#3396,#3397);
#3399=PLANE('',#3398);
#3400=ORIENTED_EDGE('',*,*,#2375,.F.);
#3401=ORIENTED_EDGE('',*,*,#3338,.T.);
#3402=ORIENTED_EDGE('',*,*,#3316,.T.);
#3403=ORIENTED_EDGE('',*,*,#3248,.F.);
#3404=EDGE_LOOP('',(#3400,#3401,#3402,#3403));
#3405=FACE_OUTER_BOUND('',#3404,.F.);
#3406=ADVANCED_FACE('',(#3405),#3399,.T.);
#3407=FILL_AREA_STYLE_COLOUR('',#27);
#3408=FILL_AREA_STYLE('',(#3407));
#3409=SURFACE_STYLE_FILL_AREA(#3408);
#3410=SURFACE_SIDE_STYLE('',(#3409));
#3411=SURFACE_STYLE_USAGE(.POSITIVE.,#3410);
#3412=PRESENTATION_STYLE_ASSIGNMENT((#3411));
#3413=STYLED_ITEM('',(#3412),#3406);
#3414=CARTESIAN_POINT('',(-4.5E-1,-1.5E-1,0.E0));
#3415=DIRECTION('',(-1.E0,0.E0,0.E0));
#3416=DIRECTION('',(0.E0,1.E0,0.E0));
#3417=AXIS2_PLACEMENT_3D('',#3414,#3415,#3416);
#3418=PLANE('',#3417);
#3420=ORIENTED_EDGE('',*,*,#3419,.T.);
#3422=ORIENTED_EDGE('',*,*,#3421,.T.);
#3424=ORIENTED_EDGE('',*,*,#3423,.F.);
#3425=ORIENTED_EDGE('',*,*,#2381,.F.);
#3426=EDGE_LOOP('',(#3420,#3422,#3424,#3425));
#3427=FACE_OUTER_BOUND('',#3426,.F.);
#3428=ADVANCED_FACE('',(#3427),#3418,.T.);
#3429=FILL_AREA_STYLE_COLOUR('',#27);
#3430=FILL_AREA_STYLE('',(#3429));
#3431=SURFACE_STYLE_FILL_AREA(#3430);
#3432=SURFACE_SIDE_STYLE('',(#3431));
#3433=SURFACE_STYLE_USAGE(.POSITIVE.,#3432);
#3434=PRESENTATION_STYLE_ASSIGNMENT((#3433));
#3435=STYLED_ITEM('',(#3434),#3428);
#3436=CARTESIAN_POINT('',(-2.E0,-1.5E-1,0.E0));
#3437=DIRECTION('',(0.E0,-1.E0,0.E0));
#3438=DIRECTION('',(1.E0,0.E0,0.E0));
#3439=AXIS2_PLACEMENT_3D('',#3436,#3437,#3438);
#3440=PLANE('',#3439);
#3442=ORIENTED_EDGE('',*,*,#3441,.F.);
#3444=ORIENTED_EDGE('',*,*,#3443,.T.);
#3445=ORIENTED_EDGE('',*,*,#3419,.F.);
#3446=ORIENTED_EDGE('',*,*,#2387,.T.);
#3448=ORIENTED_EDGE('',*,*,#3447,.T.);
#3450=ORIENTED_EDGE('',*,*,#3449,.T.);
#3452=ORIENTED_EDGE('',*,*,#3451,.F.);
#3454=ORIENTED_EDGE('',*,*,#3453,.F.);
#3455=EDGE_LOOP('',(#3442,#3444,#3445,#3446,#3448,#3450,#3452,#3454));
#3456=FACE_OUTER_BOUND('',#3455,.F.);
#3457=ADVANCED_FACE('',(#3456),#3440,.T.);
#3458=FILL_AREA_STYLE_COLOUR('',#27);
#3459=FILL_AREA_STYLE('',(#3458));
#3460=SURFACE_STYLE_FILL_AREA(#3459);
#3461=SURFACE_SIDE_STYLE('',(#3460));
#3462=SURFACE_STYLE_USAGE(.POSITIVE.,#3461);
#3463=PRESENTATION_STYLE_ASSIGNMENT((#3462));
#3464=STYLED_ITEM('',(#3463),#3457);
#3465=CARTESIAN_POINT('',(-2.5E-1,1.5E-1,0.E0));
#3466=DIRECTION('',(-1.E0,0.E0,0.E0));
#3467=DIRECTION('',(0.E0,0.E0,-1.E0));
#3468=AXIS2_PLACEMENT_3D('',#3465,#3466,#3467);
#3469=PLANE('',#3468);
#3471=ORIENTED_EDGE('',*,*,#3470,.T.);
#3472=ORIENTED_EDGE('',*,*,#3441,.T.);
#3474=ORIENTED_EDGE('',*,*,#3473,.F.);
#3476=ORIENTED_EDGE('',*,*,#3475,.F.);
#3477=EDGE_LOOP('',(#3471,#3472,#3474,#3476));
#3478=FACE_OUTER_BOUND('',#3477,.F.);
#3479=ADVANCED_FACE('',(#3478),#3469,.T.);
#3480=FILL_AREA_STYLE_COLOUR('',#27);
#3481=FILL_AREA_STYLE('',(#3480));
#3482=SURFACE_STYLE_FILL_AREA(#3481);
#3483=SURFACE_SIDE_STYLE('',(#3482));
#3484=SURFACE_STYLE_USAGE(.POSITIVE.,#3483);
#3485=PRESENTATION_STYLE_ASSIGNMENT((#3484));
#3486=STYLED_ITEM('',(#3485),#3479);
#3487=CARTESIAN_POINT('',(-2.E0,0.E0,-3.E-1));
#3488=DIRECTION('',(0.E0,0.E0,-1.E0));
#3489=DIRECTION('',(1.E0,0.E0,0.E0));
#3490=AXIS2_PLACEMENT_3D('',#3487,#3488,#3489);
#3491=PLANE('',#3490);
#3493=ORIENTED_EDGE('',*,*,#3492,.F.);
#3494=ORIENTED_EDGE('',*,*,#3421,.F.);
#3495=ORIENTED_EDGE('',*,*,#3443,.F.);
#3496=ORIENTED_EDGE('',*,*,#3470,.F.);
#3497=EDGE_LOOP('',(#3493,#3494,#3495,#3496));
#3498=FACE_OUTER_BOUND('',#3497,.F.);
#3499=ADVANCED_FACE('',(#3498),#3491,.T.);
#3500=FILL_AREA_STYLE_COLOUR('',#27);
#3501=FILL_AREA_STYLE('',(#3500));
#3502=SURFACE_STYLE_FILL_AREA(#3501);
#3503=SURFACE_SIDE_STYLE('',(#3502));
#3504=SURFACE_STYLE_USAGE(.POSITIVE.,#3503);
#3505=PRESENTATION_STYLE_ASSIGNMENT((#3504));
#3506=STYLED_ITEM('',(#3505),#3499);
#3507=CARTESIAN_POINT('',(-2.E0,0.E0,-3.E-1));
#3508=DIRECTION('',(0.E0,0.E0,-1.E0));
#3509=DIRECTION('',(1.E0,0.E0,0.E0));
#3510=AXIS2_PLACEMENT_3D('',#3507,#3508,#3509);
#3511=PLANE('',#3510);
#3513=ORIENTED_EDGE('',*,*,#3512,.F.);
#3515=ORIENTED_EDGE('',*,*,#3514,.T.);
#3516=ORIENTED_EDGE('',*,*,#3449,.F.);
#3518=ORIENTED_EDGE('',*,*,#3517,.F.);
#3519=EDGE_LOOP('',(#3513,#3515,#3516,#3518));
#3520=FACE_OUTER_BOUND('',#3519,.F.);
#3521=ADVANCED_FACE('',(#3520),#3511,.T.);
#3522=FILL_AREA_STYLE_COLOUR('',#27);
#3523=FILL_AREA_STYLE('',(#3522));
#3524=SURFACE_STYLE_FILL_AREA(#3523);
#3525=SURFACE_SIDE_STYLE('',(#3524));
#3526=SURFACE_STYLE_USAGE(.POSITIVE.,#3525);
#3527=PRESENTATION_STYLE_ASSIGNMENT((#3526));
#3528=STYLED_ITEM('',(#3527),#3521);
#3529=CARTESIAN_POINT('',(-2.E0,1.5E-1,0.E0));
#3530=DIRECTION('',(0.E0,-1.E0,0.E0));
#3531=DIRECTION('',(1.E0,0.E0,0.E0));
#3532=AXIS2_PLACEMENT_3D('',#3529,#3530,#3531);
#3533=PLANE('',#3532);
#3535=ORIENTED_EDGE('',*,*,#3534,.T.);
#3536=ORIENTED_EDGE('',*,*,#3512,.T.);
#3538=ORIENTED_EDGE('',*,*,#3537,.F.);
#3539=ORIENTED_EDGE('',*,*,#2383,.T.);
#3540=ORIENTED_EDGE('',*,*,#3423,.T.);
#3541=ORIENTED_EDGE('',*,*,#3492,.T.);
#3542=ORIENTED_EDGE('',*,*,#3475,.T.);
#3544=ORIENTED_EDGE('',*,*,#3543,.F.);
#3545=EDGE_LOOP('',(#3535,#3536,#3538,#3539,#3540,#3541,#3542,#3544));
#3546=FACE_OUTER_BOUND('',#3545,.F.);
#3547=ADVANCED_FACE('',(#3546),#3533,.F.);
#3548=FILL_AREA_STYLE_COLOUR('',#27);
#3549=FILL_AREA_STYLE('',(#3548));
#3550=SURFACE_STYLE_FILL_AREA(#3549);
#3551=SURFACE_SIDE_STYLE('',(#3550));
#3552=SURFACE_STYLE_USAGE(.POSITIVE.,#3551);
#3553=PRESENTATION_STYLE_ASSIGNMENT((#3552));
#3554=STYLED_ITEM('',(#3553),#3547);
#3555=CARTESIAN_POINT('',(2.5E-1,1.5E-1,-3.2E0));
#3556=DIRECTION('',(1.E0,0.E0,0.E0));
#3557=DIRECTION('',(0.E0,0.E0,1.E0));
#3558=AXIS2_PLACEMENT_3D('',#3555,#3556,#3557);
#3559=PLANE('',#3558);
#3560=ORIENTED_EDGE('',*,*,#3514,.F.);
#3561=ORIENTED_EDGE('',*,*,#3534,.F.);
#3563=ORIENTED_EDGE('',*,*,#3562,.T.);
#3564=ORIENTED_EDGE('',*,*,#3451,.T.);
#3565=EDGE_LOOP('',(#3560,#3561,#3563,#3564));
#3566=FACE_OUTER_BOUND('',#3565,.F.);
#3567=ADVANCED_FACE('',(#3566),#3559,.T.);
#3568=FILL_AREA_STYLE_COLOUR('',#27);
#3569=FILL_AREA_STYLE('',(#3568));
#3570=SURFACE_STYLE_FILL_AREA(#3569);
#3571=SURFACE_SIDE_STYLE('',(#3570));
#3572=SURFACE_STYLE_USAGE(.POSITIVE.,#3571);
#3573=PRESENTATION_STYLE_ASSIGNMENT((#3572));
#3574=STYLED_ITEM('',(#3573),#3567);
#3575=CARTESIAN_POINT('',(0.E0,1.486456E1,-2.95E0));
#3576=DIRECTION('',(0.E0,-1.E0,0.E0));
#3577=DIRECTION('',(1.E0,0.E0,0.E0));
#3578=AXIS2_PLACEMENT_3D('',#3575,#3576,#3577);
#3579=CYLINDRICAL_SURFACE('',#3578,2.5E-1);
#3580=ORIENTED_EDGE('',*,*,#3453,.T.);
#3581=ORIENTED_EDGE('',*,*,#3562,.F.);
#3582=ORIENTED_EDGE('',*,*,#3543,.T.);
#3583=ORIENTED_EDGE('',*,*,#3473,.T.);
#3584=EDGE_LOOP('',(#3580,#3581,#3582,#3583));
#3585=FACE_OUTER_BOUND('',#3584,.F.);
#3586=ADVANCED_FACE('',(#3585),#3579,.T.);
#3587=FILL_AREA_STYLE_COLOUR('',#27);
#3588=FILL_AREA_STYLE('',(#3587));
#3589=SURFACE_STYLE_FILL_AREA(#3588);
#3590=SURFACE_SIDE_STYLE('',(#3589));
#3591=SURFACE_STYLE_USAGE(.POSITIVE.,#3590);
#3592=PRESENTATION_STYLE_ASSIGNMENT((#3591));
#3593=STYLED_ITEM('',(#3592),#3586);
#3594=CARTESIAN_POINT('',(4.5E-1,1.5E-1,0.E0));
#3595=DIRECTION('',(1.E0,0.E0,0.E0));
#3596=DIRECTION('',(0.E0,-1.E0,0.E0));
#3597=AXIS2_PLACEMENT_3D('',#3594,#3595,#3596);
#3598=PLANE('',#3597);
#3599=ORIENTED_EDGE('',*,*,#3537,.T.);
#3600=ORIENTED_EDGE('',*,*,#3517,.T.);
#3601=ORIENTED_EDGE('',*,*,#3447,.F.);
#3602=ORIENTED_EDGE('',*,*,#2385,.F.);
#3603=EDGE_LOOP('',(#3599,#3600,#3601,#3602));
#3604=FACE_OUTER_BOUND('',#3603,.F.);
#3605=ADVANCED_FACE('',(#3604),#3598,.T.);
#3606=FILL_AREA_STYLE_COLOUR('',#27);
#3607=FILL_AREA_STYLE('',(#3606));
#3608=SURFACE_STYLE_FILL_AREA(#3607);
#3609=SURFACE_SIDE_STYLE('',(#3608));
#3610=SURFACE_STYLE_USAGE(.POSITIVE.,#3609);
#3611=PRESENTATION_STYLE_ASSIGNMENT((#3610));
#3612=STYLED_ITEM('',(#3611),#3605);
#3613=CARTESIAN_POINT('',(-2.45E0,-1.5E-1,0.E0));
#3614=DIRECTION('',(-1.E0,0.E0,0.E0));
#3615=DIRECTION('',(0.E0,1.E0,0.E0));
#3616=AXIS2_PLACEMENT_3D('',#3613,#3614,#3615);
#3617=PLANE('',#3616);
#3619=ORIENTED_EDGE('',*,*,#3618,.T.);
#3621=ORIENTED_EDGE('',*,*,#3620,.T.);
#3623=ORIENTED_EDGE('',*,*,#3622,.F.);
#3624=ORIENTED_EDGE('',*,*,#2391,.F.);
#3625=EDGE_LOOP('',(#3619,#3621,#3623,#3624));
#3626=FACE_OUTER_BOUND('',#3625,.F.);
#3627=ADVANCED_FACE('',(#3626),#3617,.T.);
#3628=FILL_AREA_STYLE_COLOUR('',#27);
#3629=FILL_AREA_STYLE('',(#3628));
#3630=SURFACE_STYLE_FILL_AREA(#3629);
#3631=SURFACE_SIDE_STYLE('',(#3630));
#3632=SURFACE_STYLE_USAGE(.POSITIVE.,#3631);
#3633=PRESENTATION_STYLE_ASSIGNMENT((#3632));
#3634=STYLED_ITEM('',(#3633),#3627);
#3635=CARTESIAN_POINT('',(-4.E0,-1.5E-1,0.E0));
#3636=DIRECTION('',(0.E0,-1.E0,0.E0));
#3637=DIRECTION('',(1.E0,0.E0,0.E0));
#3638=AXIS2_PLACEMENT_3D('',#3635,#3636,#3637);
#3639=PLANE('',#3638);
#3641=ORIENTED_EDGE('',*,*,#3640,.F.);
#3643=ORIENTED_EDGE('',*,*,#3642,.T.);
#3644=ORIENTED_EDGE('',*,*,#3618,.F.);
#3645=ORIENTED_EDGE('',*,*,#2397,.T.);
#3647=ORIENTED_EDGE('',*,*,#3646,.T.);
#3649=ORIENTED_EDGE('',*,*,#3648,.T.);
#3651=ORIENTED_EDGE('',*,*,#3650,.F.);
#3653=ORIENTED_EDGE('',*,*,#3652,.F.);
#3654=EDGE_LOOP('',(#3641,#3643,#3644,#3645,#3647,#3649,#3651,#3653));
#3655=FACE_OUTER_BOUND('',#3654,.F.);
#3656=ADVANCED_FACE('',(#3655),#3639,.T.);
#3657=FILL_AREA_STYLE_COLOUR('',#27);
#3658=FILL_AREA_STYLE('',(#3657));
#3659=SURFACE_STYLE_FILL_AREA(#3658);
#3660=SURFACE_SIDE_STYLE('',(#3659));
#3661=SURFACE_STYLE_USAGE(.POSITIVE.,#3660);
#3662=PRESENTATION_STYLE_ASSIGNMENT((#3661));
#3663=STYLED_ITEM('',(#3662),#3656);
#3664=CARTESIAN_POINT('',(-2.25E0,1.5E-1,0.E0));
#3665=DIRECTION('',(-1.E0,0.E0,0.E0));
#3666=DIRECTION('',(0.E0,0.E0,-1.E0));
#3667=AXIS2_PLACEMENT_3D('',#3664,#3665,#3666);
#3668=PLANE('',#3667);
#3670=ORIENTED_EDGE('',*,*,#3669,.T.);
#3671=ORIENTED_EDGE('',*,*,#3640,.T.);
#3673=ORIENTED_EDGE('',*,*,#3672,.F.);
#3675=ORIENTED_EDGE('',*,*,#3674,.F.);
#3676=EDGE_LOOP('',(#3670,#3671,#3673,#3675));
#3677=FACE_OUTER_BOUND('',#3676,.F.);
#3678=ADVANCED_FACE('',(#3677),#3668,.T.);
#3679=FILL_AREA_STYLE_COLOUR('',#27);
#3680=FILL_AREA_STYLE('',(#3679));
#3681=SURFACE_STYLE_FILL_AREA(#3680);
#3682=SURFACE_SIDE_STYLE('',(#3681));
#3683=SURFACE_STYLE_USAGE(.POSITIVE.,#3682);
#3684=PRESENTATION_STYLE_ASSIGNMENT((#3683));
#3685=STYLED_ITEM('',(#3684),#3678);
#3686=CARTESIAN_POINT('',(-4.E0,0.E0,-3.E-1));
#3687=DIRECTION('',(0.E0,0.E0,-1.E0));
#3688=DIRECTION('',(1.E0,0.E0,0.E0));
#3689=AXIS2_PLACEMENT_3D('',#3686,#3687,#3688);
#3690=PLANE('',#3689);
#3692=ORIENTED_EDGE('',*,*,#3691,.F.);
#3693=ORIENTED_EDGE('',*,*,#3620,.F.);
#3694=ORIENTED_EDGE('',*,*,#3642,.F.);
#3695=ORIENTED_EDGE('',*,*,#3669,.F.);
#3696=EDGE_LOOP('',(#3692,#3693,#3694,#3695));
#3697=FACE_OUTER_BOUND('',#3696,.F.);
#3698=ADVANCED_FACE('',(#3697),#3690,.T.);
#3699=FILL_AREA_STYLE_COLOUR('',#27);
#3700=FILL_AREA_STYLE('',(#3699));
#3701=SURFACE_STYLE_FILL_AREA(#3700);
#3702=SURFACE_SIDE_STYLE('',(#3701));
#3703=SURFACE_STYLE_USAGE(.POSITIVE.,#3702);
#3704=PRESENTATION_STYLE_ASSIGNMENT((#3703));
#3705=STYLED_ITEM('',(#3704),#3698);
#3706=CARTESIAN_POINT('',(-4.E0,0.E0,-3.E-1));
#3707=DIRECTION('',(0.E0,0.E0,-1.E0));
#3708=DIRECTION('',(1.E0,0.E0,0.E0));
#3709=AXIS2_PLACEMENT_3D('',#3706,#3707,#3708);
#3710=PLANE('',#3709);
#3712=ORIENTED_EDGE('',*,*,#3711,.F.);
#3714=ORIENTED_EDGE('',*,*,#3713,.T.);
#3715=ORIENTED_EDGE('',*,*,#3648,.F.);
#3717=ORIENTED_EDGE('',*,*,#3716,.F.);
#3718=EDGE_LOOP('',(#3712,#3714,#3715,#3717));
#3719=FACE_OUTER_BOUND('',#3718,.F.);
#3720=ADVANCED_FACE('',(#3719),#3710,.T.);
#3721=FILL_AREA_STYLE_COLOUR('',#27);
#3722=FILL_AREA_STYLE('',(#3721));
#3723=SURFACE_STYLE_FILL_AREA(#3722);
#3724=SURFACE_SIDE_STYLE('',(#3723));
#3725=SURFACE_STYLE_USAGE(.POSITIVE.,#3724);
#3726=PRESENTATION_STYLE_ASSIGNMENT((#3725));
#3727=STYLED_ITEM('',(#3726),#3720);
#3728=CARTESIAN_POINT('',(-4.E0,1.5E-1,0.E0));
#3729=DIRECTION('',(0.E0,-1.E0,0.E0));
#3730=DIRECTION('',(1.E0,0.E0,0.E0));
#3731=AXIS2_PLACEMENT_3D('',#3728,#3729,#3730);
#3732=PLANE('',#3731);
#3734=ORIENTED_EDGE('',*,*,#3733,.T.);
#3735=ORIENTED_EDGE('',*,*,#3711,.T.);
#3737=ORIENTED_EDGE('',*,*,#3736,.F.);
#3738=ORIENTED_EDGE('',*,*,#2393,.T.);
#3739=ORIENTED_EDGE('',*,*,#3622,.T.);
#3740=ORIENTED_EDGE('',*,*,#3691,.T.);
#3741=ORIENTED_EDGE('',*,*,#3674,.T.);
#3743=ORIENTED_EDGE('',*,*,#3742,.F.);
#3744=EDGE_LOOP('',(#3734,#3735,#3737,#3738,#3739,#3740,#3741,#3743));
#3745=FACE_OUTER_BOUND('',#3744,.F.);
#3746=ADVANCED_FACE('',(#3745),#3732,.F.);
#3747=FILL_AREA_STYLE_COLOUR('',#27);
#3748=FILL_AREA_STYLE('',(#3747));
#3749=SURFACE_STYLE_FILL_AREA(#3748);
#3750=SURFACE_SIDE_STYLE('',(#3749));
#3751=SURFACE_STYLE_USAGE(.POSITIVE.,#3750);
#3752=PRESENTATION_STYLE_ASSIGNMENT((#3751));
#3753=STYLED_ITEM('',(#3752),#3746);
#3754=CARTESIAN_POINT('',(-1.75E0,1.5E-1,-3.2E0));
#3755=DIRECTION('',(1.E0,0.E0,0.E0));
#3756=DIRECTION('',(0.E0,0.E0,1.E0));
#3757=AXIS2_PLACEMENT_3D('',#3754,#3755,#3756);
#3758=PLANE('',#3757);
#3759=ORIENTED_EDGE('',*,*,#3713,.F.);
#3760=ORIENTED_EDGE('',*,*,#3733,.F.);
#3762=ORIENTED_EDGE('',*,*,#3761,.T.);
#3763=ORIENTED_EDGE('',*,*,#3650,.T.);
#3764=EDGE_LOOP('',(#3759,#3760,#3762,#3763));
#3765=FACE_OUTER_BOUND('',#3764,.F.);
#3766=ADVANCED_FACE('',(#3765),#3758,.T.);
#3767=FILL_AREA_STYLE_COLOUR('',#27);
#3768=FILL_AREA_STYLE('',(#3767));
#3769=SURFACE_STYLE_FILL_AREA(#3768);
#3770=SURFACE_SIDE_STYLE('',(#3769));
#3771=SURFACE_STYLE_USAGE(.POSITIVE.,#3770);
#3772=PRESENTATION_STYLE_ASSIGNMENT((#3771));
#3773=STYLED_ITEM('',(#3772),#3766);
#3774=CARTESIAN_POINT('',(-2.E0,1.486456E1,-2.95E0));
#3775=DIRECTION('',(0.E0,-1.E0,0.E0));
#3776=DIRECTION('',(1.E0,0.E0,0.E0));
#3777=AXIS2_PLACEMENT_3D('',#3774,#3775,#3776);
#3778=CYLINDRICAL_SURFACE('',#3777,2.5E-1);
#3779=ORIENTED_EDGE('',*,*,#3652,.T.);
#3780=ORIENTED_EDGE('',*,*,#3761,.F.);
#3781=ORIENTED_EDGE('',*,*,#3742,.T.);
#3782=ORIENTED_EDGE('',*,*,#3672,.T.);
#3783=EDGE_LOOP('',(#3779,#3780,#3781,#3782));
#3784=FACE_OUTER_BOUND('',#3783,.F.);
#3785=ADVANCED_FACE('',(#3784),#3778,.T.);
#3786=FILL_AREA_STYLE_COLOUR('',#27);
#3787=FILL_AREA_STYLE('',(#3786));
#3788=SURFACE_STYLE_FILL_AREA(#3787);
#3789=SURFACE_SIDE_STYLE('',(#3788));
#3790=SURFACE_STYLE_USAGE(.POSITIVE.,#3789);
#3791=PRESENTATION_STYLE_ASSIGNMENT((#3790));
#3792=STYLED_ITEM('',(#3791),#3785);
#3793=CARTESIAN_POINT('',(-1.55E0,1.5E-1,0.E0));
#3794=DIRECTION('',(1.E0,0.E0,0.E0));
#3795=DIRECTION('',(0.E0,-1.E0,0.E0));
#3796=AXIS2_PLACEMENT_3D('',#3793,#3794,#3795);
#3797=PLANE('',#3796);
#3798=ORIENTED_EDGE('',*,*,#3736,.T.);
#3799=ORIENTED_EDGE('',*,*,#3716,.T.);
#3800=ORIENTED_EDGE('',*,*,#3646,.F.);
#3801=ORIENTED_EDGE('',*,*,#2395,.F.);
#3802=EDGE_LOOP('',(#3798,#3799,#3800,#3801));
#3803=FACE_OUTER_BOUND('',#3802,.F.);
#3804=ADVANCED_FACE('',(#3803),#3797,.T.);
#3805=FILL_AREA_STYLE_COLOUR('',#27);
#3806=FILL_AREA_STYLE('',(#3805));
#3807=SURFACE_STYLE_FILL_AREA(#3806);
#3808=SURFACE_SIDE_STYLE('',(#3807));
#3809=SURFACE_STYLE_USAGE(.POSITIVE.,#3808);
#3810=PRESENTATION_STYLE_ASSIGNMENT((#3809));
#3811=STYLED_ITEM('',(#3810),#3804);
#3812=CARTESIAN_POINT('',(-7.934E-1,-9.913E-1,0.E0));
#3813=DIRECTION('',(-1.E0,0.E0,0.E0));
#3814=DIRECTION('',(0.E0,1.E0,0.E0));
#3815=AXIS2_PLACEMENT_3D('',#3812,#3813,#3814);
#3816=PLANE('',#3815);
#3817=ORIENTED_EDGE('',*,*,#2401,.F.);
#3819=ORIENTED_EDGE('',*,*,#3818,.T.);
#3821=ORIENTED_EDGE('',*,*,#3820,.T.);
#3823=ORIENTED_EDGE('',*,*,#3822,.F.);
#3824=EDGE_LOOP('',(#3817,#3819,#3821,#3823));
#3825=FACE_OUTER_BOUND('',#3824,.F.);
#3826=ADVANCED_FACE('',(#3825),#3816,.T.);
#3827=FILL_AREA_STYLE_COLOUR('',#27);
#3828=FILL_AREA_STYLE('',(#3827));
#3829=SURFACE_STYLE_FILL_AREA(#3828);
#3830=SURFACE_SIDE_STYLE('',(#3829));
#3831=SURFACE_STYLE_USAGE(.POSITIVE.,#3830);
#3832=PRESENTATION_STYLE_ASSIGNMENT((#3831));
#3833=STYLED_ITEM('',(#3832),#3826);
#3834=CARTESIAN_POINT('',(-7.458E-1,-9.913E-1,0.E0));
#3835=DIRECTION('',(0.E0,-1.E0,0.E0));
#3836=DIRECTION('',(-1.E0,0.E0,0.E0));
#3837=AXIS2_PLACEMENT_3D('',#3834,#3835,#3836);
#3838=PLANE('',#3837);
#3839=ORIENTED_EDGE('',*,*,#2411,.F.);
#3841=ORIENTED_EDGE('',*,*,#3840,.T.);
#3843=ORIENTED_EDGE('',*,*,#3842,.T.);
#3844=ORIENTED_EDGE('',*,*,#3818,.F.);
#3845=EDGE_LOOP('',(#3839,#3841,#3843,#3844));
#3846=FACE_OUTER_BOUND('',#3845,.F.);
#3847=ADVANCED_FACE('',(#3846),#3838,.T.);
#3848=FILL_AREA_STYLE_COLOUR('',#27);
#3849=FILL_AREA_STYLE('',(#3848));
#3850=SURFACE_STYLE_FILL_AREA(#3849);
#3851=SURFACE_SIDE_STYLE('',(#3850));
#3852=SURFACE_STYLE_USAGE(.POSITIVE.,#3851);
#3853=PRESENTATION_STYLE_ASSIGNMENT((#3852));
#3854=STYLED_ITEM('',(#3853),#3847);
#3855=CARTESIAN_POINT('',(-7.458E-1,-6.591127658367E-1,0.E0));
#3856=DIRECTION('',(1.E0,0.E0,0.E0));
#3857=DIRECTION('',(0.E0,-1.E0,0.E0));
#3858=AXIS2_PLACEMENT_3D('',#3855,#3856,#3857);
#3859=PLANE('',#3858);
#3860=ORIENTED_EDGE('',*,*,#2409,.F.);
#3862=ORIENTED_EDGE('',*,*,#3861,.T.);
#3864=ORIENTED_EDGE('',*,*,#3863,.T.);
#3865=ORIENTED_EDGE('',*,*,#3840,.F.);
#3866=EDGE_LOOP('',(#3860,#3862,#3864,#3865));
#3867=FACE_OUTER_BOUND('',#3866,.F.);
#3868=ADVANCED_FACE('',(#3867),#3859,.T.);
#3869=FILL_AREA_STYLE_COLOUR('',#27);
#3870=FILL_AREA_STYLE('',(#3869));
#3871=SURFACE_STYLE_FILL_AREA(#3870);
#3872=SURFACE_SIDE_STYLE('',(#3871));
#3873=SURFACE_STYLE_USAGE(.POSITIVE.,#3872);
#3874=PRESENTATION_STYLE_ASSIGNMENT((#3873));
#3875=STYLED_ITEM('',(#3874),#3868);
#3876=CARTESIAN_POINT('',(-5.078E-1,-6.591127658367E-1,0.E0));
#3877=DIRECTION('',(0.E0,-1.E0,0.E0));
#3878=DIRECTION('',(-1.E0,0.E0,0.E0));
#3879=AXIS2_PLACEMENT_3D('',#3876,#3877,#3878);
#3880=PLANE('',#3879);
#3881=ORIENTED_EDGE('',*,*,#2407,.F.);
#3883=ORIENTED_EDGE('',*,*,#3882,.T.);
#3885=ORIENTED_EDGE('',*,*,#3884,.T.);
#3886=ORIENTED_EDGE('',*,*,#3861,.F.);
#3887=EDGE_LOOP('',(#3881,#3883,#3885,#3886));
#3888=FACE_OUTER_BOUND('',#3887,.F.);
#3889=ADVANCED_FACE('',(#3888),#3880,.T.);
#3890=FILL_AREA_STYLE_COLOUR('',#27);
#3891=FILL_AREA_STYLE('',(#3890));
#3892=SURFACE_STYLE_FILL_AREA(#3891);
#3893=SURFACE_SIDE_STYLE('',(#3892));
#3894=SURFACE_STYLE_USAGE(.POSITIVE.,#3893);
#3895=PRESENTATION_STYLE_ASSIGNMENT((#3894));
#3896=STYLED_ITEM('',(#3895),#3889);
#3897=CARTESIAN_POINT('',(-5.078E-1,-6.105E-1,0.E0));
#3898=DIRECTION('',(1.E0,0.E0,0.E0));
#3899=DIRECTION('',(0.E0,-1.E0,0.E0));
#3900=AXIS2_PLACEMENT_3D('',#3897,#3898,#3899);
#3901=PLANE('',#3900);
#3902=ORIENTED_EDGE('',*,*,#2405,.F.);
#3904=ORIENTED_EDGE('',*,*,#3903,.T.);
#3906=ORIENTED_EDGE('',*,*,#3905,.T.);
#3907=ORIENTED_EDGE('',*,*,#3882,.F.);
#3908=EDGE_LOOP('',(#3902,#3904,#3906,#3907));
#3909=FACE_OUTER_BOUND('',#3908,.F.);
#3910=ADVANCED_FACE('',(#3909),#3901,.T.);
#3911=FILL_AREA_STYLE_COLOUR('',#27);
#3912=FILL_AREA_STYLE('',(#3911));
#3913=SURFACE_STYLE_FILL_AREA(#3912);
#3914=SURFACE_SIDE_STYLE('',(#3913));
#3915=SURFACE_STYLE_USAGE(.POSITIVE.,#3914);
#3916=PRESENTATION_STYLE_ASSIGNMENT((#3915));
#3917=STYLED_ITEM('',(#3916),#3910);
#3918=CARTESIAN_POINT('',(-7.934E-1,-6.105E-1,0.E0));
#3919=DIRECTION('',(0.E0,1.E0,0.E0));
#3920=DIRECTION('',(1.E0,0.E0,0.E0));
#3921=AXIS2_PLACEMENT_3D('',#3918,#3919,#3920);
#3922=PLANE('',#3921);
#3923=ORIENTED_EDGE('',*,*,#2403,.F.);
#3924=ORIENTED_EDGE('',*,*,#3822,.T.);
#3926=ORIENTED_EDGE('',*,*,#3925,.T.);
#3927=ORIENTED_EDGE('',*,*,#3903,.F.);
#3928=EDGE_LOOP('',(#3923,#3924,#3926,#3927));
#3929=FACE_OUTER_BOUND('',#3928,.F.);
#3930=ADVANCED_FACE('',(#3929),#3922,.T.);
#3931=FILL_AREA_STYLE_COLOUR('',#27);
#3932=FILL_AREA_STYLE('',(#3931));
#3933=SURFACE_STYLE_FILL_AREA(#3932);
#3934=SURFACE_SIDE_STYLE('',(#3933));
#3935=SURFACE_STYLE_USAGE(.POSITIVE.,#3934);
#3936=PRESENTATION_STYLE_ASSIGNMENT((#3935));
#3937=STYLED_ITEM('',(#3936),#3930);
#3938=CARTESIAN_POINT('',(0.E0,0.E0,-2.E-2));
#3939=DIRECTION('',(0.E0,0.E0,-1.E0));
#3940=DIRECTION('',(1.E0,0.E0,0.E0));
#3941=AXIS2_PLACEMENT_3D('',#3938,#3939,#3940);
#3942=PLANE('',#3941);
#3943=ORIENTED_EDGE('',*,*,#3820,.F.);
#3944=ORIENTED_EDGE('',*,*,#3842,.F.);
#3945=ORIENTED_EDGE('',*,*,#3863,.F.);
#3946=ORIENTED_EDGE('',*,*,#3884,.F.);
#3947=ORIENTED_EDGE('',*,*,#3905,.F.);
#3948=ORIENTED_EDGE('',*,*,#3925,.F.);
#3949=EDGE_LOOP('',(#3943,#3944,#3945,#3946,#3947,#3948));
#3950=FACE_OUTER_BOUND('',#3949,.F.);
#3951=ADVANCED_FACE('',(#3950),#3942,.T.);
#3952=FILL_AREA_STYLE_COLOUR('',#27);
#3953=FILL_AREA_STYLE('',(#3952));
#3954=SURFACE_STYLE_FILL_AREA(#3953);
#3955=SURFACE_SIDE_STYLE('',(#3954));
#3956=SURFACE_STYLE_USAGE(.POSITIVE.,#3955);
#3957=PRESENTATION_STYLE_ASSIGNMENT((#3956));
#3958=STYLED_ITEM('',(#3957),#3951);
#3959=CARTESIAN_POINT('',(0.E0,0.E0,-2.E-2));
#3960=DIRECTION('',(0.E0,0.E0,-1.E0));
#3961=DIRECTION('',(1.E0,0.E0,0.E0));
#3962=AXIS2_PLACEMENT_3D('',#3959,#3960,#3961);
#3963=PLANE('',#3962);
#3965=ORIENTED_EDGE('',*,*,#3964,.F.);
#3967=ORIENTED_EDGE('',*,*,#3966,.F.);
#3969=ORIENTED_EDGE('',*,*,#3968,.F.);
#3971=ORIENTED_EDGE('',*,*,#3970,.F.);
#3973=ORIENTED_EDGE('',*,*,#3972,.F.);
#3975=ORIENTED_EDGE('',*,*,#3974,.F.);
#3976=ORIENTED_EDGE('',*,*,#2326,.F.);
#3978=ORIENTED_EDGE('',*,*,#3977,.F.);
#3980=ORIENTED_EDGE('',*,*,#3979,.F.);
#3982=ORIENTED_EDGE('',*,*,#3981,.F.);
#3984=ORIENTED_EDGE('',*,*,#3983,.F.);
#3986=ORIENTED_EDGE('',*,*,#3985,.F.);
#3988=ORIENTED_EDGE('',*,*,#3987,.F.);
#3990=ORIENTED_EDGE('',*,*,#3989,.F.);
#3992=ORIENTED_EDGE('',*,*,#3991,.F.);
#3994=ORIENTED_EDGE('',*,*,#3993,.F.);
#3996=ORIENTED_EDGE('',*,*,#3995,.F.);
#3998=ORIENTED_EDGE('',*,*,#3997,.F.);
#4000=ORIENTED_EDGE('',*,*,#3999,.F.);
#4002=ORIENTED_EDGE('',*,*,#4001,.F.);
#4004=ORIENTED_EDGE('',*,*,#4003,.F.);
#4006=ORIENTED_EDGE('',*,*,#4005,.F.);
#4008=ORIENTED_EDGE('',*,*,#4007,.F.);
#4010=ORIENTED_EDGE('',*,*,#4009,.F.);
#4012=ORIENTED_EDGE('',*,*,#4011,.F.);
#4014=ORIENTED_EDGE('',*,*,#4013,.F.);
#4016=ORIENTED_EDGE('',*,*,#4015,.F.);
#4018=ORIENTED_EDGE('',*,*,#4017,.F.);
#4020=ORIENTED_EDGE('',*,*,#4019,.F.);
#4022=ORIENTED_EDGE('',*,*,#4021,.F.);
#4024=ORIENTED_EDGE('',*,*,#4023,.F.);
#4026=ORIENTED_EDGE('',*,*,#4025,.F.);
#4028=ORIENTED_EDGE('',*,*,#4027,.F.);
#4030=ORIENTED_EDGE('',*,*,#4029,.F.);
#4032=ORIENTED_EDGE('',*,*,#4031,.F.);
#4034=ORIENTED_EDGE('',*,*,#4033,.F.);
#4036=ORIENTED_EDGE('',*,*,#4035,.F.);
#4038=ORIENTED_EDGE('',*,*,#4037,.F.);
#4040=ORIENTED_EDGE('',*,*,#4039,.F.);
#4042=ORIENTED_EDGE('',*,*,#4041,.F.);
#4043=EDGE_LOOP('',(#3965,#3967,#3969,#3971,#3973,#3975,#3976,#3978,#3980,#3982,
#3984,#3986,#3988,#3990,#3992,#3994,#3996,#3998,#4000,#4002,#4004,#4006,#4008,
#4010,#4012,#4014,#4016,#4018,#4020,#4022,#4024,#4026,#4028,#4030,#4032,#4034,
#4036,#4038,#4040,#4042));
#4044=FACE_OUTER_BOUND('',#4043,.F.);
#4045=ADVANCED_FACE('',(#4044),#3963,.T.);
#4046=FILL_AREA_STYLE_COLOUR('',#27);
#4047=FILL_AREA_STYLE('',(#4046));
#4048=SURFACE_STYLE_FILL_AREA(#4047);
#4049=SURFACE_SIDE_STYLE('',(#4048));
#4050=SURFACE_STYLE_USAGE(.POSITIVE.,#4049);
#4051=PRESENTATION_STYLE_ASSIGNMENT((#4050));
#4052=STYLED_ITEM('',(#4051),#4045);
#4053=CARTESIAN_POINT('',(0.E0,0.E0,-2.E-2));
#4054=DIRECTION('',(0.E0,0.E0,-1.E0));
#4055=DIRECTION('',(1.E0,0.E0,0.E0));
#4056=AXIS2_PLACEMENT_3D('',#4053,#4054,#4055);
#4057=PLANE('',#4056);
#4059=ORIENTED_EDGE('',*,*,#4058,.F.);
#4061=ORIENTED_EDGE('',*,*,#4060,.F.);
#4063=ORIENTED_EDGE('',*,*,#4062,.F.);
#4065=ORIENTED_EDGE('',*,*,#4064,.F.);
#4067=ORIENTED_EDGE('',*,*,#4066,.F.);
#4069=ORIENTED_EDGE('',*,*,#4068,.F.);
#4071=ORIENTED_EDGE('',*,*,#4070,.F.);
#4073=ORIENTED_EDGE('',*,*,#4072,.F.);
#4075=ORIENTED_EDGE('',*,*,#4074,.F.);
#4077=ORIENTED_EDGE('',*,*,#4076,.F.);
#4079=ORIENTED_EDGE('',*,*,#4078,.F.);
#4081=ORIENTED_EDGE('',*,*,#4080,.F.);
#4082=EDGE_LOOP('',(#4059,#4061,#4063,#4065,#4067,#4069,#4071,#4073,#4075,#4077,
#4079,#4081));
#4083=FACE_OUTER_BOUND('',#4082,.F.);
#4084=ADVANCED_FACE('',(#4083),#4057,.T.);
#4085=FILL_AREA_STYLE_COLOUR('',#27);
#4086=FILL_AREA_STYLE('',(#4085));
#4087=SURFACE_STYLE_FILL_AREA(#4086);
#4088=SURFACE_SIDE_STYLE('',(#4087));
#4089=SURFACE_STYLE_USAGE(.POSITIVE.,#4088);
#4090=PRESENTATION_STYLE_ASSIGNMENT((#4089));
#4091=STYLED_ITEM('',(#4090),#4084);
#4092=CARTESIAN_POINT('',(0.E0,0.E0,-2.E-2));
#4093=DIRECTION('',(0.E0,0.E0,-1.E0));
#4094=DIRECTION('',(1.E0,0.E0,0.E0));
#4095=AXIS2_PLACEMENT_3D('',#4092,#4093,#4094);
#4096=PLANE('',#4095);
#4098=ORIENTED_EDGE('',*,*,#4097,.F.);
#4100=ORIENTED_EDGE('',*,*,#4099,.F.);
#4102=ORIENTED_EDGE('',*,*,#4101,.F.);
#4104=ORIENTED_EDGE('',*,*,#4103,.F.);
#4106=ORIENTED_EDGE('',*,*,#4105,.F.);
#4108=ORIENTED_EDGE('',*,*,#4107,.F.);
#4110=ORIENTED_EDGE('',*,*,#4109,.F.);
#4112=ORIENTED_EDGE('',*,*,#4111,.F.);
#4114=ORIENTED_EDGE('',*,*,#4113,.F.);
#4116=ORIENTED_EDGE('',*,*,#4115,.F.);
#4118=ORIENTED_EDGE('',*,*,#4117,.F.);
#4120=ORIENTED_EDGE('',*,*,#4119,.F.);
#4122=ORIENTED_EDGE('',*,*,#4121,.F.);
#4124=ORIENTED_EDGE('',*,*,#4123,.F.);
#4125=EDGE_LOOP('',(#4098,#4100,#4102,#4104,#4106,#4108,#4110,#4112,#4114,#4116,
#4118,#4120,#4122,#4124));
#4126=FACE_OUTER_BOUND('',#4125,.F.);
#4128=ORIENTED_EDGE('',*,*,#4127,.F.);
#4130=ORIENTED_EDGE('',*,*,#4129,.F.);
#4132=ORIENTED_EDGE('',*,*,#4131,.F.);
#4134=ORIENTED_EDGE('',*,*,#4133,.F.);
#4136=ORIENTED_EDGE('',*,*,#4135,.F.);
#4138=ORIENTED_EDGE('',*,*,#4137,.F.);
#4140=ORIENTED_EDGE('',*,*,#4139,.F.);
#4142=ORIENTED_EDGE('',*,*,#4141,.F.);
#4144=ORIENTED_EDGE('',*,*,#4143,.F.);
#4146=ORIENTED_EDGE('',*,*,#4145,.F.);
#4148=ORIENTED_EDGE('',*,*,#4147,.F.);
#4150=ORIENTED_EDGE('',*,*,#4149,.F.);
#4151=EDGE_LOOP('',(#4128,#4130,#4132,#4134,#4136,#4138,#4140,#4142,#4144,#4146,
#4148,#4150));
#4152=FACE_BOUND('',#4151,.F.);
#4153=ADVANCED_FACE('',(#4126,#4152),#4096,.T.);
#4154=FILL_AREA_STYLE_COLOUR('',#27);
#4155=FILL_AREA_STYLE('',(#4154));
#4156=SURFACE_STYLE_FILL_AREA(#4155);
#4157=SURFACE_SIDE_STYLE('',(#4156));
#4158=SURFACE_STYLE_USAGE(.POSITIVE.,#4157);
#4159=PRESENTATION_STYLE_ASSIGNMENT((#4158));
#4160=STYLED_ITEM('',(#4159),#4153);
#4161=CARTESIAN_POINT('',(0.E0,0.E0,-2.E-2));
#4162=DIRECTION('',(0.E0,0.E0,-1.E0));
#4163=DIRECTION('',(1.E0,0.E0,0.E0));
#4164=AXIS2_PLACEMENT_3D('',#4161,#4162,#4163);
#4165=PLANE('',#4164);
#4167=ORIENTED_EDGE('',*,*,#4166,.F.);
#4169=ORIENTED_EDGE('',*,*,#4168,.F.);
#4171=ORIENTED_EDGE('',*,*,#4170,.F.);
#4173=ORIENTED_EDGE('',*,*,#4172,.F.);
#4175=ORIENTED_EDGE('',*,*,#4174,.F.);
#4177=ORIENTED_EDGE('',*,*,#4176,.F.);
#4179=ORIENTED_EDGE('',*,*,#4178,.F.);
#4181=ORIENTED_EDGE('',*,*,#4180,.F.);
#4182=EDGE_LOOP('',(#4167,#4169,#4171,#4173,#4175,#4177,#4179,#4181));
#4183=FACE_OUTER_BOUND('',#4182,.F.);
#4185=ORIENTED_EDGE('',*,*,#4184,.F.);
#4187=ORIENTED_EDGE('',*,*,#4186,.F.);
#4189=ORIENTED_EDGE('',*,*,#4188,.F.);
#4190=EDGE_LOOP('',(#4185,#4187,#4189));
#4191=FACE_BOUND('',#4190,.F.);
#4192=ADVANCED_FACE('',(#4183,#4191),#4165,.T.);
#4193=FILL_AREA_STYLE_COLOUR('',#27);
#4194=FILL_AREA_STYLE('',(#4193));
#4195=SURFACE_STYLE_FILL_AREA(#4194);
#4196=SURFACE_SIDE_STYLE('',(#4195));
#4197=SURFACE_STYLE_USAGE(.POSITIVE.,#4196);
#4198=PRESENTATION_STYLE_ASSIGNMENT((#4197));
#4199=STYLED_ITEM('',(#4198),#4192);
#4200=CARTESIAN_POINT('',(-1.349333484650E-1,-7.077255316734E-1,0.E0));
#4201=DIRECTION('',(0.E0,-1.E0,0.E0));
#4202=DIRECTION('',(-1.E0,0.E0,0.E0));
#4203=AXIS2_PLACEMENT_3D('',#4200,#4201,#4202);
#4204=PLANE('',#4203);
#4205=ORIENTED_EDGE('',*,*,#2415,.F.);
#4207=ORIENTED_EDGE('',*,*,#4206,.T.);
#4208=ORIENTED_EDGE('',*,*,#3964,.T.);
#4210=ORIENTED_EDGE('',*,*,#4209,.F.);
#4211=EDGE_LOOP('',(#4205,#4207,#4208,#4210));
#4212=FACE_OUTER_BOUND('',#4211,.F.);
#4213=ADVANCED_FACE('',(#4212),#4204,.T.);
#4214=FILL_AREA_STYLE_COLOUR('',#27);
#4215=FILL_AREA_STYLE('',(#4214));
#4216=SURFACE_STYLE_FILL_AREA(#4215);
#4217=SURFACE_SIDE_STYLE('',(#4216));
#4218=SURFACE_STYLE_USAGE(.POSITIVE.,#4217);
#4219=PRESENTATION_STYLE_ASSIGNMENT((#4218));
#4220=STYLED_ITEM('',(#4219),#4213);
#4221=CARTESIAN_POINT('',(-1.428666515350E-1,-6.672148925304E-1,0.E0));
#4222=DIRECTION('',(9.813592778365E-1,1.921821214477E-1,0.E0));
#4223=DIRECTION('',(1.921821214477E-1,-9.813592778365E-1,0.E0));
#4224=AXIS2_PLACEMENT_3D('',#4221,#4222,#4223);
#4225=PLANE('',#4224);
#4226=ORIENTED_EDGE('',*,*,#2492,.F.);
#4228=ORIENTED_EDGE('',*,*,#4227,.T.);
#4229=ORIENTED_EDGE('',*,*,#3966,.T.);
#4230=ORIENTED_EDGE('',*,*,#4206,.F.);
#4231=EDGE_LOOP('',(#4226,#4228,#4229,#4230));
#4232=FACE_OUTER_BOUND('',#4231,.F.);
#4233=ADVANCED_FACE('',(#4232),#4225,.T.);
#4234=FILL_AREA_STYLE_COLOUR('',#27);
#4235=FILL_AREA_STYLE('',(#4234));
#4236=SURFACE_STYLE_FILL_AREA(#4235);
#4237=SURFACE_SIDE_STYLE('',(#4236));
#4238=SURFACE_STYLE_USAGE(.POSITIVE.,#4237);
#4239=PRESENTATION_STYLE_ASSIGNMENT((#4238));
#4240=STYLED_ITEM('',(#4239),#4233);
#4241=CARTESIAN_POINT('',(-1.746E-1,-6.348063829184E-1,0.E0));
#4242=DIRECTION('',(7.145102486526E-1,6.996249742329E-1,0.E0));
#4243=DIRECTION('',(6.996249742329E-1,-7.145102486526E-1,0.E0));
#4244=AXIS2_PLACEMENT_3D('',#4241,#4242,#4243);
#4245=PLANE('',#4244);
#4246=ORIENTED_EDGE('',*,*,#2490,.F.);
#4248=ORIENTED_EDGE('',*,*,#4247,.T.);
#4249=ORIENTED_EDGE('',*,*,#3968,.T.);
#4250=ORIENTED_EDGE('',*,*,#4227,.F.);
#4251=EDGE_LOOP('',(#4246,#4248,#4249,#4250));
#4252=FACE_OUTER_BOUND('',#4251,.F.);
#4253=ADVANCED_FACE('',(#4252),#4245,.T.);
#4254=FILL_AREA_STYLE_COLOUR('',#27);
#4255=FILL_AREA_STYLE('',(#4254));
#4256=SURFACE_STYLE_FILL_AREA(#4255);
#4257=SURFACE_SIDE_STYLE('',(#4256));
#4258=SURFACE_STYLE_USAGE(.POSITIVE.,#4257);
#4259=PRESENTATION_STYLE_ASSIGNMENT((#4258));
#4260=STYLED_ITEM('',(#4259),#4253);
#4261=CARTESIAN_POINT('',(-2.063333484650E-1,-6.186021274030E-1,0.E0));
#4262=DIRECTION('',(4.547769889117E-1,8.906053505096E-1,0.E0));
#4263=DIRECTION('',(8.906053505096E-1,-4.547769889117E-1,0.E0));
#4264=AXIS2_PLACEMENT_3D('',#4261,#4262,#4263);
#4265=PLANE('',#4264);
#4266=ORIENTED_EDGE('',*,*,#2488,.F.);
#4268=ORIENTED_EDGE('',*,*,#4267,.T.);
#4269=ORIENTED_EDGE('',*,*,#3970,.T.);
#4270=ORIENTED_EDGE('',*,*,#4247,.F.);
#4271=EDGE_LOOP('',(#4266,#4268,#4269,#4270));
#4272=FACE_OUTER_BOUND('',#4271,.F.);
#4273=ADVANCED_FACE('',(#4272),#4265,.T.);
#4274=FILL_AREA_STYLE_COLOUR('',#27);
#4275=FILL_AREA_STYLE('',(#4274));
#4276=SURFACE_STYLE_FILL_AREA(#4275);
#4277=SURFACE_SIDE_STYLE('',(#4276));
#4278=SURFACE_STYLE_USAGE(.POSITIVE.,#4277);
#4279=PRESENTATION_STYLE_ASSIGNMENT((#4278));
#4280=STYLED_ITEM('',(#4279),#4273);
#4281=CARTESIAN_POINT('',(-2.46E-1,-6.105E-1,0.E0));
#4282=DIRECTION('',(2.001234451615E-1,9.797706908745E-1,0.E0));
#4283=DIRECTION('',(9.797706908745E-1,-2.001234451615E-1,0.E0));
#4284=AXIS2_PLACEMENT_3D('',#4281,#4282,#4283);
#4285=PLANE('',#4284);
#4286=ORIENTED_EDGE('',*,*,#2486,.F.);
#4288=ORIENTED_EDGE('',*,*,#4287,.T.);
#4289=ORIENTED_EDGE('',*,*,#3972,.T.);
#4290=ORIENTED_EDGE('',*,*,#4267,.F.);
#4291=EDGE_LOOP('',(#4286,#4288,#4289,#4290));
#4292=FACE_OUTER_BOUND('',#4291,.F.);
#4293=ADVANCED_FACE('',(#4292),#4285,.T.);
#4294=FILL_AREA_STYLE_COLOUR('',#27);
#4295=FILL_AREA_STYLE('',(#4294));
#4296=SURFACE_STYLE_FILL_AREA(#4295);
#4297=SURFACE_SIDE_STYLE('',(#4296));
#4298=SURFACE_STYLE_USAGE(.POSITIVE.,#4297);
#4299=PRESENTATION_STYLE_ASSIGNMENT((#4298));
#4300=STYLED_ITEM('',(#4299),#4293);
#4301=CARTESIAN_POINT('',(-3.174E-1,-6.105E-1,0.E0));
#4302=DIRECTION('',(0.E0,1.E0,0.E0));
#4303=DIRECTION('',(1.E0,0.E0,0.E0));
#4304=AXIS2_PLACEMENT_3D('',#4301,#4302,#4303);
#4305=PLANE('',#4304);
#4306=ORIENTED_EDGE('',*,*,#2484,.F.);
#4307=ORIENTED_EDGE('',*,*,#2328,.T.);
#4308=ORIENTED_EDGE('',*,*,#3974,.T.);
#4309=ORIENTED_EDGE('',*,*,#4287,.F.);
#4310=EDGE_LOOP('',(#4306,#4307,#4308,#4309));
#4311=FACE_OUTER_BOUND('',#4310,.F.);
#4312=ADVANCED_FACE('',(#4311),#4305,.T.);
#4313=FILL_AREA_STYLE_COLOUR('',#27);
#4314=FILL_AREA_STYLE('',(#4313));
#4315=SURFACE_STYLE_FILL_AREA(#4314);
#4316=SURFACE_SIDE_STYLE('',(#4315));
#4317=SURFACE_STYLE_USAGE(.POSITIVE.,#4316);
#4318=PRESENTATION_STYLE_ASSIGNMENT((#4317));
#4319=STYLED_ITEM('',(#4318),#4312);
#4320=CARTESIAN_POINT('',(-1.825333484650E-1,-7.077255316734E-1,0.E0));
#4321=DIRECTION('',(-9.506455412394E-1,-3.102789952956E-1,0.E0));
#4322=DIRECTION('',(-3.102789952956E-1,9.506455412394E-1,0.E0));
#4323=AXIS2_PLACEMENT_3D('',#4320,#4321,#4322);
#4324=PLANE('',#4323);
#4325=ORIENTED_EDGE('',*,*,#2417,.F.);
#4326=ORIENTED_EDGE('',*,*,#4209,.T.);
#4327=ORIENTED_EDGE('',*,*,#4041,.T.);
#4329=ORIENTED_EDGE('',*,*,#4328,.F.);
#4330=EDGE_LOOP('',(#4325,#4326,#4327,#4329));
#4331=FACE_OUTER_BOUND('',#4330,.F.);
#4332=ADVANCED_FACE('',(#4331),#4324,.T.);
#4333=FILL_AREA_STYLE_COLOUR('',#27);
#4334=FILL_AREA_STYLE('',(#4333));
#4335=SURFACE_STYLE_FILL_AREA(#4334);
#4336=SURFACE_SIDE_STYLE('',(#4335));
#4337=SURFACE_STYLE_USAGE(.POSITIVE.,#4336);
#4338=PRESENTATION_STYLE_ASSIGNMENT((#4337));
#4339=STYLED_ITEM('',(#4338),#4332);
#4340=CARTESIAN_POINT('',(-1.904666515350E-1,-6.834191515923E-1,0.E0));
#4341=DIRECTION('',(-5.627910658976E-1,-8.265991871191E-1,0.E0));
#4342=DIRECTION('',(-8.265991871191E-1,5.627910658976E-1,0.E0));
#4343=AXIS2_PLACEMENT_3D('',#4340,#4341,#4342);
#4344=PLANE('',#4343);
#4345=ORIENTED_EDGE('',*,*,#2419,.F.);
#4346=ORIENTED_EDGE('',*,*,#4328,.T.);
#4347=ORIENTED_EDGE('',*,*,#4039,.T.);
#4349=ORIENTED_EDGE('',*,*,#4348,.F.);
#4350=EDGE_LOOP('',(#4345,#4346,#4347,#4349));
#4351=FACE_OUTER_BOUND('',#4350,.F.);
#4352=ADVANCED_FACE('',(#4351),#4344,.T.);
#4353=FILL_AREA_STYLE_COLOUR('',#27);
#4354=FILL_AREA_STYLE('',(#4353));
#4355=SURFACE_STYLE_FILL_AREA(#4354);
#4356=SURFACE_SIDE_STYLE('',(#4355));
#4357=SURFACE_STYLE_USAGE(.POSITIVE.,#4356);
#4358=PRESENTATION_STYLE_ASSIGNMENT((#4357));
#4359=STYLED_ITEM('',(#4358),#4352);
#4360=CARTESIAN_POINT('',(-2.142666515350E-1,-6.672148925304E-1,0.E0));
#4361=DIRECTION('',(-2.473831068378E-1,-9.689177459678E-1,0.E0));
#4362=DIRECTION('',(-9.689177459678E-1,2.473831068378E-1,0.E0));
#4363=AXIS2_PLACEMENT_3D('',#4360,#4361,#4362);
#4364=PLANE('',#4363);
#4365=ORIENTED_EDGE('',*,*,#2421,.F.);
#4366=ORIENTED_EDGE('',*,*,#4348,.T.);
#4367=ORIENTED_EDGE('',*,*,#4037,.T.);
#4369=ORIENTED_EDGE('',*,*,#4368,.F.);
#4370=EDGE_LOOP('',(#4365,#4366,#4367,#4369));
#4371=FACE_OUTER_BOUND('',#4370,.F.);
#4372=ADVANCED_FACE('',(#4371),#4364,.T.);
#4373=FILL_AREA_STYLE_COLOUR('',#27);
#4374=FILL_AREA_STYLE('',(#4373));
#4375=SURFACE_STYLE_FILL_AREA(#4374);
#4376=SURFACE_SIDE_STYLE('',(#4375));
#4377=SURFACE_STYLE_USAGE(.POSITIVE.,#4376);
#4378=PRESENTATION_STYLE_ASSIGNMENT((#4377));
#4379=STYLED_ITEM('',(#4378),#4372);
#4380=CARTESIAN_POINT('',(-2.46E-1,-6.591127658367E-1,0.E0));
#4381=DIRECTION('',(0.E0,-1.E0,0.E0));
#4382=DIRECTION('',(-1.E0,0.E0,0.E0));
#4383=AXIS2_PLACEMENT_3D('',#4380,#4381,#4382);
#4384=PLANE('',#4383);
#4385=ORIENTED_EDGE('',*,*,#2423,.F.);
#4386=ORIENTED_EDGE('',*,*,#4368,.T.);
#4387=ORIENTED_EDGE('',*,*,#4035,.T.);
#4389=ORIENTED_EDGE('',*,*,#4388,.F.);
#4390=EDGE_LOOP('',(#4385,#4386,#4387,#4389));
#4391=FACE_OUTER_BOUND('',#4390,.F.);
#4392=ADVANCED_FACE('',(#4391),#4384,.T.);
#4393=FILL_AREA_STYLE_COLOUR('',#27);
#4394=FILL_AREA_STYLE('',(#4393));
#4395=SURFACE_STYLE_FILL_AREA(#4394);
#4396=SURFACE_SIDE_STYLE('',(#4395));
#4397=SURFACE_STYLE_USAGE(.POSITIVE.,#4396);
#4398=PRESENTATION_STYLE_ASSIGNMENT((#4397));
#4399=STYLED_ITEM('',(#4398),#4392);
#4400=CARTESIAN_POINT('',(-3.174E-1,-6.591127658367E-1,0.E0));
#4401=DIRECTION('',(2.473831068378E-1,-9.689177459678E-1,0.E0));
#4402=DIRECTION('',(-9.689177459678E-1,-2.473831068378E-1,0.E0));
#4403=AXIS2_PLACEMENT_3D('',#4400,#4401,#4402);
#4404=PLANE('',#4403);
#4405=ORIENTED_EDGE('',*,*,#2425,.F.);
#4406=ORIENTED_EDGE('',*,*,#4388,.T.);
#4407=ORIENTED_EDGE('',*,*,#4033,.T.);
#4409=ORIENTED_EDGE('',*,*,#4408,.F.);
#4410=EDGE_LOOP('',(#4405,#4406,#4407,#4409));
#4411=FACE_OUTER_BOUND('',#4410,.F.);
#4412=ADVANCED_FACE('',(#4411),#4404,.T.);
#4413=FILL_AREA_STYLE_COLOUR('',#27);
#4414=FILL_AREA_STYLE('',(#4413));
#4415=SURFACE_STYLE_FILL_AREA(#4414);
#4416=SURFACE_SIDE_STYLE('',(#4415));
#4417=SURFACE_STYLE_USAGE(.POSITIVE.,#4416);
#4418=PRESENTATION_STYLE_ASSIGNMENT((#4417));
#4419=STYLED_ITEM('',(#4418),#4412);
#4420=CARTESIAN_POINT('',(-3.491333484650E-1,-6.672148925304E-1,0.E0));
#4421=DIRECTION('',(5.627910658976E-1,-8.265991871191E-1,0.E0));
#4422=DIRECTION('',(-8.265991871191E-1,-5.627910658976E-1,0.E0));
#4423=AXIS2_PLACEMENT_3D('',#4420,#4421,#4422);
#4424=PLANE('',#4423);
#4425=ORIENTED_EDGE('',*,*,#2427,.F.);
#4426=ORIENTED_EDGE('',*,*,#4408,.T.);
#4427=ORIENTED_EDGE('',*,*,#4031,.T.);
#4429=ORIENTED_EDGE('',*,*,#4428,.F.);
#4430=EDGE_LOOP('',(#4425,#4426,#4427,#4429));
#4431=FACE_OUTER_BOUND('',#4430,.F.);
#4432=ADVANCED_FACE('',(#4431),#4424,.T.);
#4433=FILL_AREA_STYLE_COLOUR('',#27);
#4434=FILL_AREA_STYLE('',(#4433));
#4435=SURFACE_STYLE_FILL_AREA(#4434);
#4436=SURFACE_SIDE_STYLE('',(#4435));
#4437=SURFACE_STYLE_USAGE(.POSITIVE.,#4436);
#4438=PRESENTATION_STYLE_ASSIGNMENT((#4437));
#4439=STYLED_ITEM('',(#4438),#4432);
#4440=CARTESIAN_POINT('',(-3.729333484650E-1,-6.834191515923E-1,0.E0));
#4441=DIRECTION('',(8.373793591563E-1,-5.466221810895E-1,0.E0));
#4442=DIRECTION('',(-5.466221810895E-1,-8.373793591563E-1,0.E0));
#4443=AXIS2_PLACEMENT_3D('',#4440,#4441,#4442);
#4444=PLANE('',#4443);
#4445=ORIENTED_EDGE('',*,*,#2429,.F.);
#4446=ORIENTED_EDGE('',*,*,#4428,.T.);
#4447=ORIENTED_EDGE('',*,*,#4029,.T.);
#4449=ORIENTED_EDGE('',*,*,#4448,.F.);
#4450=EDGE_LOOP('',(#4445,#4446,#4447,#4449));
#4451=FACE_OUTER_BOUND('',#4450,.F.);
#4452=ADVANCED_FACE('',(#4451),#4444,.T.);
#4453=FILL_AREA_STYLE_COLOUR('',#27);
#4454=FILL_AREA_STYLE('',(#4453));
#4455=SURFACE_STYLE_FILL_AREA(#4454);
#4456=SURFACE_SIDE_STYLE('',(#4455));
#4457=SURFACE_STYLE_USAGE(.POSITIVE.,#4456);
#4458=PRESENTATION_STYLE_ASSIGNMENT((#4457));
#4459=STYLED_ITEM('',(#4458),#4452);
#4460=CARTESIAN_POINT('',(-3.888E-1,-7.077255316734E-1,0.E0));
#4461=DIRECTION('',(9.713210491251E-1,-2.377717803411E-1,0.E0));
#4462=DIRECTION('',(-2.377717803411E-1,-9.713210491251E-1,0.E0));
#4463=AXIS2_PLACEMENT_3D('',#4460,#4461,#4462);
#4464=PLANE('',#4463);
#4465=ORIENTED_EDGE('',*,*,#2431,.F.);
#4466=ORIENTED_EDGE('',*,*,#4448,.T.);
#4467=ORIENTED_EDGE('',*,*,#4027,.T.);
#4469=ORIENTED_EDGE('',*,*,#4468,.F.);
#4470=EDGE_LOOP('',(#4465,#4466,#4467,#4469));
#4471=FACE_OUTER_BOUND('',#4470,.F.);
#4472=ADVANCED_FACE('',(#4471),#4464,.T.);
#4473=FILL_AREA_STYLE_COLOUR('',#27);
#4474=FILL_AREA_STYLE('',(#4473));
#4475=SURFACE_STYLE_FILL_AREA(#4474);
#4476=SURFACE_SIDE_STYLE('',(#4475));
#4477=SURFACE_STYLE_USAGE(.POSITIVE.,#4476);
#4478=PRESENTATION_STYLE_ASSIGNMENT((#4477));
#4479=STYLED_ITEM('',(#4478),#4472);
#4480=CARTESIAN_POINT('',(-3.967333484650E-1,-7.401340384483E-1,0.E0));
#4481=DIRECTION('',(1.E0,0.E0,0.E0));
#4482=DIRECTION('',(0.E0,-1.E0,0.E0));
#4483=AXIS2_PLACEMENT_3D('',#4480,#4481,#4482);
#4484=PLANE('',#4483);
#4485=ORIENTED_EDGE('',*,*,#2433,.F.);
#4486=ORIENTED_EDGE('',*,*,#4468,.T.);
#4487=ORIENTED_EDGE('',*,*,#4025,.T.);
#4489=ORIENTED_EDGE('',*,*,#4488,.F.);
#4490=EDGE_LOOP('',(#4485,#4486,#4487,#4489));
#4491=FACE_OUTER_BOUND('',#4490,.F.);
#4492=ADVANCED_FACE('',(#4491),#4484,.T.);
#4493=FILL_AREA_STYLE_COLOUR('',#27);
#4494=FILL_AREA_STYLE('',(#4493));
#4495=SURFACE_STYLE_FILL_AREA(#4494);
#4496=SURFACE_SIDE_STYLE('',(#4495));
#4497=SURFACE_STYLE_USAGE(.POSITIVE.,#4496);
#4498=PRESENTATION_STYLE_ASSIGNMENT((#4497));
#4499=STYLED_ITEM('',(#4498),#4492);
#4500=CARTESIAN_POINT('',(-3.967333484650E-1,-8.616659502029E-1,0.E0));
#4501=DIRECTION('',(9.713210491251E-1,2.377717803411E-1,0.E0));
#4502=DIRECTION('',(2.377717803411E-1,-9.713210491251E-1,0.E0));
#4503=AXIS2_PLACEMENT_3D('',#4500,#4501,#4502);
#4504=PLANE('',#4503);
#4505=ORIENTED_EDGE('',*,*,#2435,.F.);
#4506=ORIENTED_EDGE('',*,*,#4488,.T.);
#4507=ORIENTED_EDGE('',*,*,#4023,.T.);
#4509=ORIENTED_EDGE('',*,*,#4508,.F.);
#4510=EDGE_LOOP('',(#4505,#4506,#4507,#4509));
#4511=FACE_OUTER_BOUND('',#4510,.F.);
#4512=ADVANCED_FACE('',(#4511),#4504,.T.);
#4513=FILL_AREA_STYLE_COLOUR('',#27);
#4514=FILL_AREA_STYLE('',(#4513));
#4515=SURFACE_STYLE_FILL_AREA(#4514);
#4516=SURFACE_SIDE_STYLE('',(#4515));
#4517=SURFACE_STYLE_USAGE(.POSITIVE.,#4516);
#4518=PRESENTATION_STYLE_ASSIGNMENT((#4517));
#4519=STYLED_ITEM('',(#4518),#4512);
#4520=CARTESIAN_POINT('',(-3.888E-1,-8.940744569778E-1,0.E0));
#4521=DIRECTION('',(8.373795927994E-1,5.466218231676E-1,0.E0));
#4522=DIRECTION('',(5.466218231676E-1,-8.373795927994E-1,0.E0));
#4523=AXIS2_PLACEMENT_3D('',#4520,#4521,#4522);
#4524=PLANE('',#4523);
#4525=ORIENTED_EDGE('',*,*,#2437,.F.);
#4526=ORIENTED_EDGE('',*,*,#4508,.T.);
#4527=ORIENTED_EDGE('',*,*,#4021,.T.);
#4529=ORIENTED_EDGE('',*,*,#4528,.F.);
#4530=EDGE_LOOP('',(#4525,#4526,#4527,#4529));
#4531=FACE_OUTER_BOUND('',#4530,.F.);
#4532=ADVANCED_FACE('',(#4531),#4524,.T.);
#4533=FILL_AREA_STYLE_COLOUR('',#27);
#4534=FILL_AREA_STYLE('',(#4533));
#4535=SURFACE_STYLE_FILL_AREA(#4534);
#4536=SURFACE_SIDE_STYLE('',(#4535));
#4537=SURFACE_STYLE_USAGE(.POSITIVE.,#4536);
#4538=PRESENTATION_STYLE_ASSIGNMENT((#4537));
#4539=STYLED_ITEM('',(#4538),#4532);
#4540=CARTESIAN_POINT('',(-3.729333484650E-1,-9.183808597565E-1,0.E0));
#4541=DIRECTION('',(5.627909312417E-1,8.265992787996E-1,0.E0));
#4542=DIRECTION('',(8.265992787996E-1,-5.627909312417E-1,0.E0));
#4543=AXIS2_PLACEMENT_3D('',#4540,#4541,#4542);
#4544=PLANE('',#4543);
#4545=ORIENTED_EDGE('',*,*,#2439,.F.);
#4546=ORIENTED_EDGE('',*,*,#4528,.T.);
#4547=ORIENTED_EDGE('',*,*,#4019,.T.);
#4549=ORIENTED_EDGE('',*,*,#4548,.F.);
#4550=EDGE_LOOP('',(#4545,#4546,#4547,#4549));
#4551=FACE_OUTER_BOUND('',#4550,.F.);
#4552=ADVANCED_FACE('',(#4551),#4544,.T.);
#4553=FILL_AREA_STYLE_COLOUR('',#27);
#4554=FILL_AREA_STYLE('',(#4553));
#4555=SURFACE_STYLE_FILL_AREA(#4554);
#4556=SURFACE_SIDE_STYLE('',(#4555));
#4557=SURFACE_STYLE_USAGE(.POSITIVE.,#4556);
#4558=PRESENTATION_STYLE_ASSIGNMENT((#4557));
#4559=STYLED_ITEM('',(#4558),#4552);
#4560=CARTESIAN_POINT('',(-3.491333484650E-1,-9.345851131439E-1,0.E0));
#4561=DIRECTION('',(2.473831068378E-1,9.689177459678E-1,0.E0));
#4562=DIRECTION('',(9.689177459678E-1,-2.473831068378E-1,0.E0));
#4563=AXIS2_PLACEMENT_3D('',#4560,#4561,#4562);
#4564=PLANE('',#4563);
#4565=ORIENTED_EDGE('',*,*,#2441,.F.);
#4566=ORIENTED_EDGE('',*,*,#4548,.T.);
#4567=ORIENTED_EDGE('',*,*,#4017,.T.);
#4569=ORIENTED_EDGE('',*,*,#4568,.F.);
#4570=EDGE_LOOP('',(#4565,#4566,#4567,#4569));
#4571=FACE_OUTER_BOUND('',#4570,.F.);
#4572=ADVANCED_FACE('',(#4571),#4564,.T.);
#4573=FILL_AREA_STYLE_COLOUR('',#27);
#4574=FILL_AREA_STYLE('',(#4573));
#4575=SURFACE_STYLE_FILL_AREA(#4574);
#4576=SURFACE_SIDE_STYLE('',(#4575));
#4577=SURFACE_STYLE_USAGE(.POSITIVE.,#4576);
#4578=PRESENTATION_STYLE_ASSIGNMENT((#4577));
#4579=STYLED_ITEM('',(#4578),#4572);
#4580=CARTESIAN_POINT('',(-3.174E-1,-9.426872398376E-1,0.E0));
#4581=DIRECTION('',(0.E0,1.E0,0.E0));
#4582=DIRECTION('',(1.E0,0.E0,0.E0));
#4583=AXIS2_PLACEMENT_3D('',#4580,#4581,#4582);
#4584=PLANE('',#4583);
#4585=ORIENTED_EDGE('',*,*,#2443,.F.);
#4586=ORIENTED_EDGE('',*,*,#4568,.T.);
#4587=ORIENTED_EDGE('',*,*,#4015,.T.);
#4589=ORIENTED_EDGE('',*,*,#4588,.F.);
#4590=EDGE_LOOP('',(#4585,#4586,#4587,#4589));
#4591=FACE_OUTER_BOUND('',#4590,.F.);
#4592=ADVANCED_FACE('',(#4591),#4584,.T.);
#4593=FILL_AREA_STYLE_COLOUR('',#27);
#4594=FILL_AREA_STYLE('',(#4593));
#4595=SURFACE_STYLE_FILL_AREA(#4594);
#4596=SURFACE_SIDE_STYLE('',(#4595));
#4597=SURFACE_STYLE_USAGE(.POSITIVE.,#4596);
#4598=PRESENTATION_STYLE_ASSIGNMENT((#4597));
#4599=STYLED_ITEM('',(#4598),#4592);
#4600=CARTESIAN_POINT('',(-2.46E-1,-9.426872398376E-1,0.E0));
#4601=DIRECTION('',(-2.473831068378E-1,9.689177459678E-1,0.E0));
#4602=DIRECTION('',(9.689177459678E-1,2.473831068378E-1,0.E0));
#4603=AXIS2_PLACEMENT_3D('',#4600,#4601,#4602);
#4604=PLANE('',#4603);
#4605=ORIENTED_EDGE('',*,*,#2445,.F.);
#4606=ORIENTED_EDGE('',*,*,#4588,.T.);
#4607=ORIENTED_EDGE('',*,*,#4013,.T.);
#4609=ORIENTED_EDGE('',*,*,#4608,.F.);
#4610=EDGE_LOOP('',(#4605,#4606,#4607,#4609));
#4611=FACE_OUTER_BOUND('',#4610,.F.);
#4612=ADVANCED_FACE('',(#4611),#4604,.T.);
#4613=FILL_AREA_STYLE_COLOUR('',#27);
#4614=FILL_AREA_STYLE('',(#4613));
#4615=SURFACE_STYLE_FILL_AREA(#4614);
#4616=SURFACE_SIDE_STYLE('',(#4615));
#4617=SURFACE_STYLE_USAGE(.POSITIVE.,#4616);
#4618=PRESENTATION_STYLE_ASSIGNMENT((#4617));
#4619=STYLED_ITEM('',(#4618),#4612);
#4620=CARTESIAN_POINT('',(-2.142666515350E-1,-9.345851131439E-1,0.E0));
#4621=DIRECTION('',(-5.627909312417E-1,8.265992787996E-1,0.E0));
#4622=DIRECTION('',(8.265992787996E-1,5.627909312417E-1,0.E0));
#4623=AXIS2_PLACEMENT_3D('',#4620,#4621,#4622);
#4624=PLANE('',#4623);
#4625=ORIENTED_EDGE('',*,*,#2447,.F.);
#4626=ORIENTED_EDGE('',*,*,#4608,.T.);
#4627=ORIENTED_EDGE('',*,*,#4011,.T.);
#4629=ORIENTED_EDGE('',*,*,#4628,.F.);
#4630=EDGE_LOOP('',(#4625,#4626,#4627,#4629));
#4631=FACE_OUTER_BOUND('',#4630,.F.);
#4632=ADVANCED_FACE('',(#4631),#4624,.T.);
#4633=FILL_AREA_STYLE_COLOUR('',#27);
#4634=FILL_AREA_STYLE('',(#4633));
#4635=SURFACE_STYLE_FILL_AREA(#4634);
#4636=SURFACE_SIDE_STYLE('',(#4635));
#4637=SURFACE_STYLE_USAGE(.POSITIVE.,#4636);
#4638=PRESENTATION_STYLE_ASSIGNMENT((#4637));
#4639=STYLED_ITEM('',(#4638),#4632);
#4640=CARTESIAN_POINT('',(-1.904666515350E-1,-9.183808597565E-1,0.E0));
#4641=DIRECTION('',(-9.506456267027E-1,3.102787334496E-1,0.E0));
#4642=DIRECTION('',(3.102787334496E-1,9.506456267027E-1,0.E0));
#4643=AXIS2_PLACEMENT_3D('',#4640,#4641,#4642);
#4644=PLANE('',#4643);
#4645=ORIENTED_EDGE('',*,*,#2449,.F.);
#4646=ORIENTED_EDGE('',*,*,#4628,.T.);
#4647=ORIENTED_EDGE('',*,*,#4009,.T.);
#4649=ORIENTED_EDGE('',*,*,#4648,.F.);
#4650=EDGE_LOOP('',(#4645,#4646,#4647,#4649));
#4651=FACE_OUTER_BOUND('',#4650,.F.);
#4652=ADVANCED_FACE('',(#4651),#4644,.T.);
#4653=FILL_AREA_STYLE_COLOUR('',#27);
#4654=FILL_AREA_STYLE('',(#4653));
#4655=SURFACE_STYLE_FILL_AREA(#4654);
#4656=SURFACE_SIDE_STYLE('',(#4655));
#4657=SURFACE_STYLE_USAGE(.POSITIVE.,#4656);
#4658=PRESENTATION_STYLE_ASSIGNMENT((#4657));
#4659=STYLED_ITEM('',(#4658),#4652);
#4660=CARTESIAN_POINT('',(-1.825333484650E-1,-8.940744569778E-1,0.E0));
#4661=DIRECTION('',(0.E0,1.E0,0.E0));
#4662=DIRECTION('',(1.E0,0.E0,0.E0));
#4663=AXIS2_PLACEMENT_3D('',#4660,#4661,#4662);
#4664=PLANE('',#4663);
#4665=ORIENTED_EDGE('',*,*,#2451,.F.);
#4666=ORIENTED_EDGE('',*,*,#4648,.T.);
#4667=ORIENTED_EDGE('',*,*,#4007,.T.);
#4669=ORIENTED_EDGE('',*,*,#4668,.F.);
#4670=EDGE_LOOP('',(#4665,#4666,#4667,#4669));
#4671=FACE_OUTER_BOUND('',#4670,.F.);
#4672=ADVANCED_FACE('',(#4671),#4664,.T.);
#4673=FILL_AREA_STYLE_COLOUR('',#27);
#4674=FILL_AREA_STYLE('',(#4673));
#4675=SURFACE_STYLE_FILL_AREA(#4674);
#4676=SURFACE_SIDE_STYLE('',(#4675));
#4677=SURFACE_STYLE_USAGE(.POSITIVE.,#4676);
#4678=PRESENTATION_STYLE_ASSIGNMENT((#4677));
#4679=STYLED_ITEM('',(#4678),#4672);
#4680=CARTESIAN_POINT('',(-1.349333484650E-1,-8.940744569778E-1,0.E0));
#4681=DIRECTION('',(9.813592930674E-1,-1.921820436730E-1,0.E0));
#4682=DIRECTION('',(-1.921820436730E-1,-9.813592930674E-1,0.E0));
#4683=AXIS2_PLACEMENT_3D('',#4680,#4681,#4682);
#4684=PLANE('',#4683);
#4685=ORIENTED_EDGE('',*,*,#2453,.F.);
#4686=ORIENTED_EDGE('',*,*,#4668,.T.);
#4687=ORIENTED_EDGE('',*,*,#4005,.T.);
#4689=ORIENTED_EDGE('',*,*,#4688,.F.);
#4690=EDGE_LOOP('',(#4685,#4686,#4687,#4689));
#4691=FACE_OUTER_BOUND('',#4690,.F.);
#4692=ADVANCED_FACE('',(#4691),#4684,.T.);
#4693=FILL_AREA_STYLE_COLOUR('',#27);
#4694=FILL_AREA_STYLE('',(#4693));
#4695=SURFACE_STYLE_FILL_AREA(#4694);
#4696=SURFACE_SIDE_STYLE('',(#4695));
#4697=SURFACE_STYLE_USAGE(.POSITIVE.,#4696);
#4698=PRESENTATION_STYLE_ASSIGNMENT((#4697));
#4699=STYLED_ITEM('',(#4698),#4692);
#4700=CARTESIAN_POINT('',(-1.428666515350E-1,-9.345851131439E-1,0.E0));
#4701=DIRECTION('',(7.145102180353E-1,-6.996250055017E-1,0.E0));
#4702=DIRECTION('',(-6.996250055017E-1,-7.145102180353E-1,0.E0));
#4703=AXIS2_PLACEMENT_3D('',#4700,#4701,#4702);
#4704=PLANE('',#4703);
#4705=ORIENTED_EDGE('',*,*,#2455,.F.);
#4706=ORIENTED_EDGE('',*,*,#4688,.T.);
#4707=ORIENTED_EDGE('',*,*,#4003,.T.);
#4709=ORIENTED_EDGE('',*,*,#4708,.F.);
#4710=EDGE_LOOP('',(#4705,#4706,#4707,#4709));
#4711=FACE_OUTER_BOUND('',#4710,.F.);
#4712=ADVANCED_FACE('',(#4711),#4704,.T.);
#4713=FILL_AREA_STYLE_COLOUR('',#27);
#4714=FILL_AREA_STYLE('',(#4713));
#4715=SURFACE_STYLE_FILL_AREA(#4714);
#4716=SURFACE_SIDE_STYLE('',(#4715));
#4717=SURFACE_STYLE_USAGE(.POSITIVE.,#4716);
#4718=PRESENTATION_STYLE_ASSIGNMENT((#4717));
#4719=STYLED_ITEM('',(#4718),#4712);
#4720=CARTESIAN_POINT('',(-1.746E-1,-9.669936199188E-1,0.E0));
#4721=DIRECTION('',(4.547769415434E-1,-8.906053746977E-1,0.E0));
#4722=DIRECTION('',(-8.906053746977E-1,-4.547769415434E-1,0.E0));
#4723=AXIS2_PLACEMENT_3D('',#4720,#4721,#4722);
#4724=PLANE('',#4723);
#4725=ORIENTED_EDGE('',*,*,#2457,.F.);
#4726=ORIENTED_EDGE('',*,*,#4708,.T.);
#4727=ORIENTED_EDGE('',*,*,#4001,.T.);
#4729=ORIENTED_EDGE('',*,*,#4728,.F.);
#4730=EDGE_LOOP('',(#4725,#4726,#4727,#4729));
#4731=FACE_OUTER_BOUND('',#4730,.F.);
#4732=ADVANCED_FACE('',(#4731),#4724,.T.);
#4733=FILL_AREA_STYLE_COLOUR('',#27);
#4734=FILL_AREA_STYLE('',(#4733));
#4735=SURFACE_STYLE_FILL_AREA(#4734);
#4736=SURFACE_SIDE_STYLE('',(#4735));
#4737=SURFACE_STYLE_USAGE(.POSITIVE.,#4736);
#4738=PRESENTATION_STYLE_ASSIGNMENT((#4737));
#4739=STYLED_ITEM('',(#4738),#4732);
#4740=CARTESIAN_POINT('',(-2.063333484650E-1,-9.831978733063E-1,0.E0));
#4741=DIRECTION('',(2.001234283435E-1,-9.797706943097E-1,0.E0));
#4742=DIRECTION('',(-9.797706943097E-1,-2.001234283435E-1,0.E0));
#4743=AXIS2_PLACEMENT_3D('',#4740,#4741,#4742);
#4744=PLANE('',#4743);
#4745=ORIENTED_EDGE('',*,*,#2459,.F.);
#4746=ORIENTED_EDGE('',*,*,#4728,.T.);
#4747=ORIENTED_EDGE('',*,*,#3999,.T.);
#4749=ORIENTED_EDGE('',*,*,#4748,.F.);
#4750=EDGE_LOOP('',(#4745,#4746,#4747,#4749));
#4751=FACE_OUTER_BOUND('',#4750,.F.);
#4752=ADVANCED_FACE('',(#4751),#4744,.T.);
#4753=FILL_AREA_STYLE_COLOUR('',#27);
#4754=FILL_AREA_STYLE('',(#4753));
#4755=SURFACE_STYLE_FILL_AREA(#4754);
#4756=SURFACE_SIDE_STYLE('',(#4755));
#4757=SURFACE_STYLE_USAGE(.POSITIVE.,#4756);
#4758=PRESENTATION_STYLE_ASSIGNMENT((#4757));
#4759=STYLED_ITEM('',(#4758),#4752);
#4760=CARTESIAN_POINT('',(-2.46E-1,-9.913E-1,0.E0));
#4761=DIRECTION('',(0.E0,-1.E0,0.E0));
#4762=DIRECTION('',(-1.E0,0.E0,0.E0));
#4763=AXIS2_PLACEMENT_3D('',#4760,#4761,#4762);
#4764=PLANE('',#4763);
#4765=ORIENTED_EDGE('',*,*,#2461,.F.);
#4766=ORIENTED_EDGE('',*,*,#4748,.T.);
#4767=ORIENTED_EDGE('',*,*,#3997,.T.);
#4769=ORIENTED_EDGE('',*,*,#4768,.F.);
#4770=EDGE_LOOP('',(#4765,#4766,#4767,#4769));
#4771=FACE_OUTER_BOUND('',#4770,.F.);
#4772=ADVANCED_FACE('',(#4771),#4764,.T.);
#4773=FILL_AREA_STYLE_COLOUR('',#27);
#4774=FILL_AREA_STYLE('',(#4773));
#4775=SURFACE_STYLE_FILL_AREA(#4774);
#4776=SURFACE_SIDE_STYLE('',(#4775));
#4777=SURFACE_STYLE_USAGE(.POSITIVE.,#4776);
#4778=PRESENTATION_STYLE_ASSIGNMENT((#4777));
#4779=STYLED_ITEM('',(#4778),#4772);
#4780=CARTESIAN_POINT('',(-3.174E-1,-9.913E-1,0.E0));
#4781=DIRECTION('',(-2.001234283435E-1,-9.797706943097E-1,0.E0));
#4782=DIRECTION('',(-9.797706943097E-1,2.001234283435E-1,0.E0));
#4783=AXIS2_PLACEMENT_3D('',#4780,#4781,#4782);
#4784=PLANE('',#4783);
#4785=ORIENTED_EDGE('',*,*,#2463,.F.);
#4786=ORIENTED_EDGE('',*,*,#4768,.T.);
#4787=ORIENTED_EDGE('',*,*,#3995,.T.);
#4789=ORIENTED_EDGE('',*,*,#4788,.F.);
#4790=EDGE_LOOP('',(#4785,#4786,#4787,#4789));
#4791=FACE_OUTER_BOUND('',#4790,.F.);
#4792=ADVANCED_FACE('',(#4791),#4784,.T.);
#4793=FILL_AREA_STYLE_COLOUR('',#27);
#4794=FILL_AREA_STYLE('',(#4793));
#4795=SURFACE_STYLE_FILL_AREA(#4794);
#4796=SURFACE_SIDE_STYLE('',(#4795));
#4797=SURFACE_STYLE_USAGE(.POSITIVE.,#4796);
#4798=PRESENTATION_STYLE_ASSIGNMENT((#4797));
#4799=STYLED_ITEM('',(#4798),#4792);
#4800=CARTESIAN_POINT('',(-3.570666515350E-1,-9.831978733063E-1,0.E0));
#4801=DIRECTION('',(-4.547769415434E-1,-8.906053746977E-1,0.E0));
#4802=DIRECTION('',(-8.906053746977E-1,4.547769415434E-1,0.E0));
#4803=AXIS2_PLACEMENT_3D('',#4800,#4801,#4802);
#4804=PLANE('',#4803);
#4805=ORIENTED_EDGE('',*,*,#2465,.F.);
#4806=ORIENTED_EDGE('',*,*,#4788,.T.);
#4807=ORIENTED_EDGE('',*,*,#3993,.T.);
#4809=ORIENTED_EDGE('',*,*,#4808,.F.);
#4810=EDGE_LOOP('',(#4805,#4806,#4807,#4809));
#4811=FACE_OUTER_BOUND('',#4810,.F.);
#4812=ADVANCED_FACE('',(#4811),#4804,.T.);
#4813=FILL_AREA_STYLE_COLOUR('',#27);
#4814=FILL_AREA_STYLE('',(#4813));
#4815=SURFACE_STYLE_FILL_AREA(#4814);
#4816=SURFACE_SIDE_STYLE('',(#4815));
#4817=SURFACE_STYLE_USAGE(.POSITIVE.,#4816);
#4818=PRESENTATION_STYLE_ASSIGNMENT((#4817));
#4819=STYLED_ITEM('',(#4818),#4812);
#4820=CARTESIAN_POINT('',(-3.888E-1,-9.669936199188E-1,0.E0));
#4821=DIRECTION('',(-7.145104681851E-1,-6.996247500295E-1,0.E0));
#4822=DIRECTION('',(-6.996247500295E-1,7.145104681851E-1,0.E0));
#4823=AXIS2_PLACEMENT_3D('',#4820,#4821,#4822);
#4824=PLANE('',#4823);
#4825=ORIENTED_EDGE('',*,*,#2467,.F.);
#4826=ORIENTED_EDGE('',*,*,#4808,.T.);
#4827=ORIENTED_EDGE('',*,*,#3991,.T.);
#4829=ORIENTED_EDGE('',*,*,#4828,.F.);
#4830=EDGE_LOOP('',(#4825,#4826,#4827,#4829));
#4831=FACE_OUTER_BOUND('',#4830,.F.);
#4832=ADVANCED_FACE('',(#4831),#4824,.T.);
#4833=FILL_AREA_STYLE_COLOUR('',#27);
#4834=FILL_AREA_STYLE('',(#4833));
#4835=SURFACE_STYLE_FILL_AREA(#4834);
#4836=SURFACE_SIDE_STYLE('',(#4835));
#4837=SURFACE_STYLE_USAGE(.POSITIVE.,#4836);
#4838=PRESENTATION_STYLE_ASSIGNMENT((#4837));
#4839=STYLED_ITEM('',(#4838),#4832);
#4840=CARTESIAN_POINT('',(-4.205333257675E-1,-9.345851131439E-1,0.E0));
#4841=DIRECTION('',(-8.981380143666E-1,-4.397136649566E-1,0.E0));
#4842=DIRECTION('',(-4.397136649566E-1,8.981380143666E-1,0.E0));
#4843=AXIS2_PLACEMENT_3D('',#4840,#4841,#4842);
#4844=PLANE('',#4843);
#4845=ORIENTED_EDGE('',*,*,#2469,.F.);
#4846=ORIENTED_EDGE('',*,*,#4828,.T.);
#4847=ORIENTED_EDGE('',*,*,#3989,.T.);
#4849=ORIENTED_EDGE('',*,*,#4848,.F.);
#4850=EDGE_LOOP('',(#4845,#4846,#4847,#4849));
#4851=FACE_OUTER_BOUND('',#4850,.F.);
#4852=ADVANCED_FACE('',(#4851),#4844,.T.);
#4853=FILL_AREA_STYLE_COLOUR('',#27);
#4854=FILL_AREA_STYLE('',(#4853));
#4855=SURFACE_STYLE_FILL_AREA(#4854);
#4856=SURFACE_SIDE_STYLE('',(#4855));
#4857=SURFACE_STYLE_USAGE(.POSITIVE.,#4856);
#4858=PRESENTATION_STYLE_ASSIGNMENT((#4857));
#4859=STYLED_ITEM('',(#4858),#4852);
#4860=CARTESIAN_POINT('',(-4.364E-1,-9.021766063690E-1,0.E0));
#4861=DIRECTION('',(-9.813591893677E-1,-1.921825732045E-1,0.E0));
#4862=DIRECTION('',(-1.921825732045E-1,9.813591893677E-1,0.E0));
#4863=AXIS2_PLACEMENT_3D('',#4860,#4861,#4862);
#4864=PLANE('',#4863);
#4865=ORIENTED_EDGE('',*,*,#2471,.F.);
#4866=ORIENTED_EDGE('',*,*,#4848,.T.);
#4867=ORIENTED_EDGE('',*,*,#3987,.T.);
#4869=ORIENTED_EDGE('',*,*,#4868,.F.);
#4870=EDGE_LOOP('',(#4865,#4866,#4867,#4869));
#4871=FACE_OUTER_BOUND('',#4870,.F.);
#4872=ADVANCED_FACE('',(#4871),#4864,.T.);
#4873=FILL_AREA_STYLE_COLOUR('',#27);
#4874=FILL_AREA_STYLE('',(#4873));
#4875=SURFACE_STYLE_FILL_AREA(#4874);
#4876=SURFACE_SIDE_STYLE('',(#4875));
#4877=SURFACE_STYLE_USAGE(.POSITIVE.,#4876);
#4878=PRESENTATION_STYLE_ASSIGNMENT((#4877));
#4879=STYLED_ITEM('',(#4878),#4872);
#4880=CARTESIAN_POINT('',(-4.443333257675E-1,-8.616659502029E-1,0.E0));
#4881=DIRECTION('',(-1.E0,0.E0,0.E0));
#4882=DIRECTION('',(0.E0,1.E0,0.E0));
#4883=AXIS2_PLACEMENT_3D('',#4880,#4881,#4882);
#4884=PLANE('',#4883);
#4885=ORIENTED_EDGE('',*,*,#2473,.F.);
#4886=ORIENTED_EDGE('',*,*,#4868,.T.);
#4887=ORIENTED_EDGE('',*,*,#3985,.T.);
#4889=ORIENTED_EDGE('',*,*,#4888,.F.);
#4890=EDGE_LOOP('',(#4885,#4886,#4887,#4889));
#4891=FACE_OUTER_BOUND('',#4890,.F.);
#4892=ADVANCED_FACE('',(#4891),#4884,.T.);
#4893=FILL_AREA_STYLE_COLOUR('',#27);
#4894=FILL_AREA_STYLE('',(#4893));
#4895=SURFACE_STYLE_FILL_AREA(#4894);
#4896=SURFACE_SIDE_STYLE('',(#4895));
#4897=SURFACE_STYLE_USAGE(.POSITIVE.,#4896);
#4898=PRESENTATION_STYLE_ASSIGNMENT((#4897));
#4899=STYLED_ITEM('',(#4898),#4892);
#4900=CARTESIAN_POINT('',(-4.443333257675E-1,-7.401340384483E-1,0.E0));
#4901=DIRECTION('',(-9.813591690599E-1,1.921826769043E-1,0.E0));
#4902=DIRECTION('',(1.921826769043E-1,9.813591690599E-1,0.E0));
#4903=AXIS2_PLACEMENT_3D('',#4900,#4901,#4902);
#4904=PLANE('',#4903);
#4905=ORIENTED_EDGE('',*,*,#2475,.F.);
#4906=ORIENTED_EDGE('',*,*,#4888,.T.);
#4907=ORIENTED_EDGE('',*,*,#3983,.T.);
#4909=ORIENTED_EDGE('',*,*,#4908,.F.);
#4910=EDGE_LOOP('',(#4905,#4906,#4907,#4909));
#4911=FACE_OUTER_BOUND('',#4910,.F.);
#4912=ADVANCED_FACE('',(#4911),#4904,.T.);
#4913=FILL_AREA_STYLE_COLOUR('',#27);
#4914=FILL_AREA_STYLE('',(#4913));
#4915=SURFACE_STYLE_FILL_AREA(#4914);
#4916=SURFACE_SIDE_STYLE('',(#4915));
#4917=SURFACE_STYLE_USAGE(.POSITIVE.,#4916);
#4918=PRESENTATION_STYLE_ASSIGNMENT((#4917));
#4919=STYLED_ITEM('',(#4918),#4912);
#4920=CARTESIAN_POINT('',(-4.364E-1,-6.996234049797E-1,0.E0));
#4921=DIRECTION('',(-8.981380447713E-1,4.397136028534E-1,0.E0));
#4922=DIRECTION('',(4.397136028534E-1,8.981380447713E-1,0.E0));
#4923=AXIS2_PLACEMENT_3D('',#4920,#4921,#4922);
#4924=PLANE('',#4923);
#4925=ORIENTED_EDGE('',*,*,#2477,.F.);
#4926=ORIENTED_EDGE('',*,*,#4908,.T.);
#4927=ORIENTED_EDGE('',*,*,#3981,.T.);
#4929=ORIENTED_EDGE('',*,*,#4928,.F.);
#4930=EDGE_LOOP('',(#4925,#4926,#4927,#4929));
#4931=FACE_OUTER_BOUND('',#4930,.F.);
#4932=ADVANCED_FACE('',(#4931),#4924,.T.);
#4933=FILL_AREA_STYLE_COLOUR('',#27);
#4934=FILL_AREA_STYLE('',(#4933));
#4935=SURFACE_STYLE_FILL_AREA(#4934);
#4936=SURFACE_SIDE_STYLE('',(#4935));
#4937=SURFACE_STYLE_USAGE(.POSITIVE.,#4936);
#4938=PRESENTATION_STYLE_ASSIGNMENT((#4937));
#4939=STYLED_ITEM('',(#4938),#4932);
#4940=CARTESIAN_POINT('',(-4.205333257675E-1,-6.672148925304E-1,0.E0));
#4941=DIRECTION('',(-7.145104988025E-1,6.996247187608E-1,0.E0));
#4942=DIRECTION('',(6.996247187608E-1,7.145104988025E-1,0.E0));
#4943=AXIS2_PLACEMENT_3D('',#4940,#4941,#4942);
#4944=PLANE('',#4943);
#4945=ORIENTED_EDGE('',*,*,#2479,.F.);
#4946=ORIENTED_EDGE('',*,*,#4928,.T.);
#4947=ORIENTED_EDGE('',*,*,#3979,.T.);
#4949=ORIENTED_EDGE('',*,*,#4948,.F.);
#4950=EDGE_LOOP('',(#4945,#4946,#4947,#4949));
#4951=FACE_OUTER_BOUND('',#4950,.F.);
#4952=ADVANCED_FACE('',(#4951),#4944,.T.);
#4953=FILL_AREA_STYLE_COLOUR('',#27);
#4954=FILL_AREA_STYLE('',(#4953));
#4955=SURFACE_STYLE_FILL_AREA(#4954);
#4956=SURFACE_SIDE_STYLE('',(#4955));
#4957=SURFACE_STYLE_USAGE(.POSITIVE.,#4956);
#4958=PRESENTATION_STYLE_ASSIGNMENT((#4957));
#4959=STYLED_ITEM('',(#4958),#4952);
#4960=CARTESIAN_POINT('',(-3.888E-1,-6.348063829184E-1,0.E0));
#4961=DIRECTION('',(-4.547769889117E-1,8.906053505096E-1,0.E0));
#4962=DIRECTION('',(8.906053505096E-1,4.547769889117E-1,0.E0));
#4963=AXIS2_PLACEMENT_3D('',#4960,#4961,#4962);
#4964=PLANE('',#4963);
#4965=ORIENTED_EDGE('',*,*,#2481,.F.);
#4966=ORIENTED_EDGE('',*,*,#4948,.T.);
#4967=ORIENTED_EDGE('',*,*,#3977,.T.);
#4968=ORIENTED_EDGE('',*,*,#2324,.F.);
#4969=EDGE_LOOP('',(#4965,#4966,#4967,#4968));
#4970=FACE_OUTER_BOUND('',#4969,.F.);
#4971=ADVANCED_FACE('',(#4970),#4964,.T.);
#4972=FILL_AREA_STYLE_COLOUR('',#27);
#4973=FILL_AREA_STYLE('',(#4972));
#4974=SURFACE_STYLE_FILL_AREA(#4973);
#4975=SURFACE_SIDE_STYLE('',(#4974));
#4976=SURFACE_STYLE_USAGE(.POSITIVE.,#4975);
#4977=PRESENTATION_STYLE_ASSIGNMENT((#4976));
#4978=STYLED_ITEM('',(#4977),#4971);
#4979=CARTESIAN_POINT('',(2.141333030701E-1,-6.591127658367E-1,0.E0));
#4980=DIRECTION('',(0.E0,-1.E0,0.E0));
#4981=DIRECTION('',(-1.E0,0.E0,0.E0));
#4982=AXIS2_PLACEMENT_3D('',#4979,#4980,#4981);
#4983=PLANE('',#4982);
#4984=ORIENTED_EDGE('',*,*,#2496,.F.);
#4986=ORIENTED_EDGE('',*,*,#4985,.T.);
#4987=ORIENTED_EDGE('',*,*,#4058,.T.);
#4989=ORIENTED_EDGE('',*,*,#4988,.F.);
#4990=EDGE_LOOP('',(#4984,#4986,#4987,#4989));
#4991=FACE_OUTER_BOUND('',#4990,.F.);
#4992=ADVANCED_FACE('',(#4991),#4983,.T.);
#4993=FILL_AREA_STYLE_COLOUR('',#27);
#4994=FILL_AREA_STYLE('',(#4993));
#4995=SURFACE_STYLE_FILL_AREA(#4994);
#4996=SURFACE_SIDE_STYLE('',(#4995));
#4997=SURFACE_STYLE_USAGE(.POSITIVE.,#4996);
#4998=PRESENTATION_STYLE_ASSIGNMENT((#4997));
#4999=STYLED_ITEM('',(#4998),#4992);
#5000=CARTESIAN_POINT('',(2.141333030701E-1,-6.105E-1,0.E0));
#5001=DIRECTION('',(1.E0,0.E0,0.E0));
#5002=DIRECTION('',(0.E0,-1.E0,0.E0));
#5003=AXIS2_PLACEMENT_3D('',#5000,#5001,#5002);
#5004=PLANE('',#5003);
#5005=ORIENTED_EDGE('',*,*,#2518,.F.);
#5007=ORIENTED_EDGE('',*,*,#5006,.T.);
#5008=ORIENTED_EDGE('',*,*,#4060,.T.);
#5009=ORIENTED_EDGE('',*,*,#4985,.F.);
#5010=EDGE_LOOP('',(#5005,#5007,#5008,#5009));
#5011=FACE_OUTER_BOUND('',#5010,.F.);
#5012=ADVANCED_FACE('',(#5011),#5004,.T.);
#5013=FILL_AREA_STYLE_COLOUR('',#27);
#5014=FILL_AREA_STYLE('',(#5013));
#5015=SURFACE_STYLE_FILL_AREA(#5014);
#5016=SURFACE_SIDE_STYLE('',(#5015));
#5017=SURFACE_STYLE_USAGE(.POSITIVE.,#5016);
#5018=PRESENTATION_STYLE_ASSIGNMENT((#5017));
#5019=STYLED_ITEM('',(#5018),#5012);
#5020=CARTESIAN_POINT('',(-7.146665153503E-2,-6.105E-1,0.E0));
#5021=DIRECTION('',(0.E0,1.E0,0.E0));
#5022=DIRECTION('',(1.E0,0.E0,0.E0));
#5023=AXIS2_PLACEMENT_3D('',#5020,#5021,#5022);
#5024=PLANE('',#5023);
#5025=ORIENTED_EDGE('',*,*,#2516,.F.);
#5027=ORIENTED_EDGE('',*,*,#5026,.T.);
#5028=ORIENTED_EDGE('',*,*,#4062,.T.);
#5029=ORIENTED_EDGE('',*,*,#5006,.F.);
#5030=EDGE_LOOP('',(#5025,#5027,#5028,#5029));
#5031=FACE_OUTER_BOUND('',#5030,.F.);
#5032=ADVANCED_FACE('',(#5031),#5024,.T.);
#5033=FILL_AREA_STYLE_COLOUR('',#27);
#5034=FILL_AREA_STYLE('',(#5033));
#5035=SURFACE_STYLE_FILL_AREA(#5034);
#5036=SURFACE_SIDE_STYLE('',(#5035));
#5037=SURFACE_STYLE_USAGE(.POSITIVE.,#5036);
#5038=PRESENTATION_STYLE_ASSIGNMENT((#5037));
#5039=STYLED_ITEM('',(#5038),#5032);
#5040=CARTESIAN_POINT('',(-7.146665153503E-2,-9.913E-1,0.E0));
#5041=DIRECTION('',(-1.E0,0.E0,0.E0));
#5042=DIRECTION('',(0.E0,1.E0,0.E0));
#5043=AXIS2_PLACEMENT_3D('',#5040,#5041,#5042);
#5044=PLANE('',#5043);
#5045=ORIENTED_EDGE('',*,*,#2514,.F.);
#5047=ORIENTED_EDGE('',*,*,#5046,.T.);
#5048=ORIENTED_EDGE('',*,*,#4064,.T.);
#5049=ORIENTED_EDGE('',*,*,#5026,.F.);
#5050=EDGE_LOOP('',(#5045,#5047,#5048,#5049));
#5051=FACE_OUTER_BOUND('',#5050,.F.);
#5052=ADVANCED_FACE('',(#5051),#5044,.T.);
#5053=FILL_AREA_STYLE_COLOUR('',#27);
#5054=FILL_AREA_STYLE('',(#5053));
#5055=SURFACE_STYLE_FILL_AREA(#5054);
#5056=SURFACE_SIDE_STYLE('',(#5055));
#5057=SURFACE_STYLE_USAGE(.POSITIVE.,#5056);
#5058=PRESENTATION_STYLE_ASSIGNMENT((#5057));
#5059=STYLED_ITEM('',(#5058),#5052);
#5060=CARTESIAN_POINT('',(2.141333030701E-1,-9.913E-1,0.E0));
#5061=DIRECTION('',(0.E0,-1.E0,0.E0));
#5062=DIRECTION('',(-1.E0,0.E0,0.E0));
#5063=AXIS2_PLACEMENT_3D('',#5060,#5061,#5062);
#5064=PLANE('',#5063);
#5065=ORIENTED_EDGE('',*,*,#2512,.F.);
#5067=ORIENTED_EDGE('',*,*,#5066,.T.);
#5068=ORIENTED_EDGE('',*,*,#4066,.T.);
#5069=ORIENTED_EDGE('',*,*,#5046,.F.);
#5070=EDGE_LOOP('',(#5065,#5067,#5068,#5069));
#5071=FACE_OUTER_BOUND('',#5070,.F.);
#5072=ADVANCED_FACE('',(#5071),#5064,.T.);
#5073=FILL_AREA_STYLE_COLOUR('',#27);
#5074=FILL_AREA_STYLE('',(#5073));
#5075=SURFACE_STYLE_FILL_AREA(#5074);
#5076=SURFACE_SIDE_STYLE('',(#5075));
#5077=SURFACE_STYLE_USAGE(.POSITIVE.,#5076);
#5078=PRESENTATION_STYLE_ASSIGNMENT((#5077));
#5079=STYLED_ITEM('',(#5078),#5072);
#5080=CARTESIAN_POINT('',(2.141333030701E-1,-9.426872398376E-1,0.E0));
#5081=DIRECTION('',(1.E0,0.E0,0.E0));
#5082=DIRECTION('',(0.E0,-1.E0,0.E0));
#5083=AXIS2_PLACEMENT_3D('',#5080,#5081,#5082);
#5084=PLANE('',#5083);
#5085=ORIENTED_EDGE('',*,*,#2510,.F.);
#5087=ORIENTED_EDGE('',*,*,#5086,.T.);
#5088=ORIENTED_EDGE('',*,*,#4068,.T.);
#5089=ORIENTED_EDGE('',*,*,#5066,.F.);
#5090=EDGE_LOOP('',(#5085,#5087,#5088,#5089));
#5091=FACE_OUTER_BOUND('',#5090,.F.);
#5092=ADVANCED_FACE('',(#5091),#5084,.T.);
#5093=FILL_AREA_STYLE_COLOUR('',#27);
#5094=FILL_AREA_STYLE('',(#5093));
#5095=SURFACE_STYLE_FILL_AREA(#5094);
#5096=SURFACE_SIDE_STYLE('',(#5095));
#5097=SURFACE_STYLE_USAGE(.POSITIVE.,#5096);
#5098=PRESENTATION_STYLE_ASSIGNMENT((#5097));
#5099=STYLED_ITEM('',(#5098),#5092);
#5100=CARTESIAN_POINT('',(-2.386669692993E-2,-9.426872398376E-1,0.E0));
#5101=DIRECTION('',(0.E0,1.E0,0.E0));
#5102=DIRECTION('',(1.E0,0.E0,0.E0));
#5103=AXIS2_PLACEMENT_3D('',#5100,#5101,#5102);
#5104=PLANE('',#5103);
#5105=ORIENTED_EDGE('',*,*,#2508,.F.);
#5107=ORIENTED_EDGE('',*,*,#5106,.T.);
#5108=ORIENTED_EDGE('',*,*,#4070,.T.);
#5109=ORIENTED_EDGE('',*,*,#5086,.F.);
#5110=EDGE_LOOP('',(#5105,#5107,#5108,#5109));
#5111=FACE_OUTER_BOUND('',#5110,.F.);
#5112=ADVANCED_FACE('',(#5111),#5104,.T.);
#5113=FILL_AREA_STYLE_COLOUR('',#27);
#5114=FILL_AREA_STYLE('',(#5113));
#5115=SURFACE_STYLE_FILL_AREA(#5114);
#5116=SURFACE_SIDE_STYLE('',(#5115));
#5117=SURFACE_STYLE_USAGE(.POSITIVE.,#5116);
#5118=PRESENTATION_STYLE_ASSIGNMENT((#5117));
#5119=STYLED_ITEM('',(#5118),#5112);
#5120=CARTESIAN_POINT('',(-2.386669692993E-2,-8.373595701218E-1,0.E0));
#5121=DIRECTION('',(1.E0,0.E0,0.E0));
#5122=DIRECTION('',(0.E0,-1.E0,0.E0));
#5123=AXIS2_PLACEMENT_3D('',#5120,#5121,#5122);
#5124=PLANE('',#5123);
#5125=ORIENTED_EDGE('',*,*,#2506,.F.);
#5127=ORIENTED_EDGE('',*,*,#5126,.T.);
#5128=ORIENTED_EDGE('',*,*,#4072,.T.);
#5129=ORIENTED_EDGE('',*,*,#5106,.F.);
#5130=EDGE_LOOP('',(#5125,#5127,#5128,#5129));
#5131=FACE_OUTER_BOUND('',#5130,.F.);
#5132=ADVANCED_FACE('',(#5131),#5124,.T.);
#5133=FILL_AREA_STYLE_COLOUR('',#27);
#5134=FILL_AREA_STYLE('',(#5133));
#5135=SURFACE_STYLE_FILL_AREA(#5134);
#5136=SURFACE_SIDE_STYLE('',(#5135));
#5137=SURFACE_STYLE_USAGE(.POSITIVE.,#5136);
#5138=PRESENTATION_STYLE_ASSIGNMENT((#5137));
#5139=STYLED_ITEM('',(#5138),#5132);
#5140=CARTESIAN_POINT('',(1.824E-1,-8.373595701218E-1,0.E0));
#5141=DIRECTION('',(0.E0,-1.E0,0.E0));
#5142=DIRECTION('',(-1.E0,0.E0,0.E0));
#5143=AXIS2_PLACEMENT_3D('',#5140,#5141,#5142);
#5144=PLANE('',#5143);
#5145=ORIENTED_EDGE('',*,*,#2504,.F.);
#5147=ORIENTED_EDGE('',*,*,#5146,.T.);
#5148=ORIENTED_EDGE('',*,*,#4074,.T.);
#5149=ORIENTED_EDGE('',*,*,#5126,.F.);
#5150=EDGE_LOOP('',(#5145,#5147,#5148,#5149));
#5151=FACE_OUTER_BOUND('',#5150,.F.);
#5152=ADVANCED_FACE('',(#5151),#5144,.T.);
#5153=FILL_AREA_STYLE_COLOUR('',#27);
#5154=FILL_AREA_STYLE('',(#5153));
#5155=SURFACE_STYLE_FILL_AREA(#5154);
#5156=SURFACE_SIDE_STYLE('',(#5155));
#5157=SURFACE_STYLE_USAGE(.POSITIVE.,#5156);
#5158=PRESENTATION_STYLE_ASSIGNMENT((#5157));
#5159=STYLED_ITEM('',(#5158),#5152);
#5160=CARTESIAN_POINT('',(1.824E-1,-7.887468099594E-1,0.E0));
#5161=DIRECTION('',(1.E0,0.E0,0.E0));
#5162=DIRECTION('',(0.E0,-1.E0,0.E0));
#5163=AXIS2_PLACEMENT_3D('',#5160,#5161,#5162);
#5164=PLANE('',#5163);
#5165=ORIENTED_EDGE('',*,*,#2502,.F.);
#5167=ORIENTED_EDGE('',*,*,#5166,.T.);
#5168=ORIENTED_EDGE('',*,*,#4076,.T.);
#5169=ORIENTED_EDGE('',*,*,#5146,.F.);
#5170=EDGE_LOOP('',(#5165,#5167,#5168,#5169));
#5171=FACE_OUTER_BOUND('',#5170,.F.);
#5172=ADVANCED_FACE('',(#5171),#5164,.T.);
#5173=FILL_AREA_STYLE_COLOUR('',#27);
#5174=FILL_AREA_STYLE('',(#5173));
#5175=SURFACE_STYLE_FILL_AREA(#5174);
#5176=SURFACE_SIDE_STYLE('',(#5175));
#5177=SURFACE_STYLE_USAGE(.POSITIVE.,#5176);
#5178=PRESENTATION_STYLE_ASSIGNMENT((#5177));
#5179=STYLED_ITEM('',(#5178),#5172);
#5180=CARTESIAN_POINT('',(-2.386669692993E-2,-7.887468099594E-1,0.E0));
#5181=DIRECTION('',(0.E0,1.E0,0.E0));
#5182=DIRECTION('',(1.E0,0.E0,0.E0));
#5183=AXIS2_PLACEMENT_3D('',#5180,#5181,#5182);
#5184=PLANE('',#5183);
#5185=ORIENTED_EDGE('',*,*,#2500,.F.);
#5187=ORIENTED_EDGE('',*,*,#5186,.T.);
#5188=ORIENTED_EDGE('',*,*,#4078,.T.);
#5189=ORIENTED_EDGE('',*,*,#5166,.F.);
#5190=EDGE_LOOP('',(#5185,#5187,#5188,#5189));
#5191=FACE_OUTER_BOUND('',#5190,.F.);
#5192=ADVANCED_FACE('',(#5191),#5184,.T.);
#5193=FILL_AREA_STYLE_COLOUR('',#27);
#5194=FILL_AREA_STYLE('',(#5193));
#5195=SURFACE_STYLE_FILL_AREA(#5194);
#5196=SURFACE_SIDE_STYLE('',(#5195));
#5197=SURFACE_STYLE_USAGE(.POSITIVE.,#5196);
#5198=PRESENTATION_STYLE_ASSIGNMENT((#5197));
#5199=STYLED_ITEM('',(#5198),#5192);
#5200=CARTESIAN_POINT('',(-2.386669692993E-2,-6.591127658367E-1,0.E0));
#5201=DIRECTION('',(1.E0,0.E0,0.E0));
#5202=DIRECTION('',(0.E0,-1.E0,0.E0));
#5203=AXIS2_PLACEMENT_3D('',#5200,#5201,#5202);
#5204=PLANE('',#5203);
#5205=ORIENTED_EDGE('',*,*,#2498,.F.);
#5206=ORIENTED_EDGE('',*,*,#4988,.T.);
#5207=ORIENTED_EDGE('',*,*,#4080,.T.);
#5208=ORIENTED_EDGE('',*,*,#5186,.F.);
#5209=EDGE_LOOP('',(#5205,#5206,#5207,#5208));
#5210=FACE_OUTER_BOUND('',#5209,.F.);
#5211=ADVANCED_FACE('',(#5210),#5204,.T.);
#5212=FILL_AREA_STYLE_COLOUR('',#27);
#5213=FILL_AREA_STYLE('',(#5212));
#5214=SURFACE_STYLE_FILL_AREA(#5213);
#5215=SURFACE_SIDE_STYLE('',(#5214));
#5216=SURFACE_STYLE_USAGE(.POSITIVE.,#5215);
#5217=PRESENTATION_STYLE_ASSIGNMENT((#5216));
#5218=STYLED_ITEM('',(#5217),#5211);
#5219=CARTESIAN_POINT('',(4.68E-1,-9.913E-1,0.E0));
#5220=DIRECTION('',(0.E0,-1.E0,0.E0));
#5221=DIRECTION('',(-1.E0,0.E0,0.E0));
#5222=AXIS2_PLACEMENT_3D('',#5219,#5220,#5221);
#5223=PLANE('',#5222);
#5224=ORIENTED_EDGE('',*,*,#2522,.F.);
#5226=ORIENTED_EDGE('',*,*,#5225,.T.);
#5227=ORIENTED_EDGE('',*,*,#4097,.T.);
#5229=ORIENTED_EDGE('',*,*,#5228,.F.);
#5230=EDGE_LOOP('',(#5224,#5226,#5227,#5229));
#5231=FACE_OUTER_BOUND('',#5230,.F.);
#5232=ADVANCED_FACE('',(#5231),#5223,.T.);
#5233=FILL_AREA_STYLE_COLOUR('',#27);
#5234=FILL_AREA_STYLE('',(#5233));
#5235=SURFACE_STYLE_FILL_AREA(#5234);
#5236=SURFACE_SIDE_STYLE('',(#5235));
#5237=SURFACE_STYLE_USAGE(.POSITIVE.,#5236);
#5238=PRESENTATION_STYLE_ASSIGNMENT((#5237));
#5239=STYLED_ITEM('',(#5238),#5232);
#5240=CARTESIAN_POINT('',(5.076666969299E-1,-9.831978733063E-1,0.E0));
#5241=DIRECTION('',(2.001232084928E-1,-9.797707392153E-1,0.E0));
#5242=DIRECTION('',(-9.797707392153E-1,-2.001232084928E-1,0.E0));
#5243=AXIS2_PLACEMENT_3D('',#5240,#5241,#5242);
#5244=PLANE('',#5243);
#5245=ORIENTED_EDGE('',*,*,#2548,.F.);
#5247=ORIENTED_EDGE('',*,*,#5246,.T.);
#5248=ORIENTED_EDGE('',*,*,#4099,.T.);
#5249=ORIENTED_EDGE('',*,*,#5225,.F.);
#5250=EDGE_LOOP('',(#5245,#5247,#5248,#5249));
#5251=FACE_OUTER_BOUND('',#5250,.F.);
#5252=ADVANCED_FACE('',(#5251),#5244,.T.);
#5253=FILL_AREA_STYLE_COLOUR('',#27);
#5254=FILL_AREA_STYLE('',(#5253));
#5255=SURFACE_STYLE_FILL_AREA(#5254);
#5256=SURFACE_SIDE_STYLE('',(#5255));
#5257=SURFACE_STYLE_USAGE(.POSITIVE.,#5256);
#5258=PRESENTATION_STYLE_ASSIGNMENT((#5257));
#5259=STYLED_ITEM('',(#5258),#5252);
#5260=CARTESIAN_POINT('',(5.394E-1,-9.669936199188E-1,0.E0));
#5261=DIRECTION('',(4.547774575564E-1,-8.906051112017E-1,0.E0));
#5262=DIRECTION('',(-8.906051112017E-1,-4.547774575564E-1,0.E0));
#5263=AXIS2_PLACEMENT_3D('',#5260,#5261,#5262);
#5264=PLANE('',#5263);
#5265=ORIENTED_EDGE('',*,*,#2546,.F.);
#5267=ORIENTED_EDGE('',*,*,#5266,.T.);
#5268=ORIENTED_EDGE('',*,*,#4101,.T.);
#5269=ORIENTED_EDGE('',*,*,#5246,.F.);
#5270=EDGE_LOOP('',(#5265,#5267,#5268,#5269));
#5271=FACE_OUTER_BOUND('',#5270,.F.);
#5272=ADVANCED_FACE('',(#5271),#5264,.T.);
#5273=FILL_AREA_STYLE_COLOUR('',#27);
#5274=FILL_AREA_STYLE('',(#5273));
#5275=SURFACE_STYLE_FILL_AREA(#5274);
#5276=SURFACE_SIDE_STYLE('',(#5275));
#5277=SURFACE_STYLE_USAGE(.POSITIVE.,#5276);
#5278=PRESENTATION_STYLE_ASSIGNMENT((#5277));
#5279=STYLED_ITEM('',(#5278),#5272);
#5280=CARTESIAN_POINT('',(5.711333030701E-1,-9.345851131439E-1,0.E0));
#5281=DIRECTION('',(7.145107183351E-1,-6.996244945571E-1,0.E0));
#5282=DIRECTION('',(-6.996244945571E-1,-7.145107183351E-1,0.E0));
#5283=AXIS2_PLACEMENT_3D('',#5280,#5281,#5282);
#5284=PLANE('',#5283);
#5285=ORIENTED_EDGE('',*,*,#2544,.F.);
#5287=ORIENTED_EDGE('',*,*,#5286,.T.);
#5288=ORIENTED_EDGE('',*,*,#4103,.T.);
#5289=ORIENTED_EDGE('',*,*,#5266,.F.);
#5290=EDGE_LOOP('',(#5285,#5287,#5288,#5289));
#5291=FACE_OUTER_BOUND('',#5290,.F.);
#5292=ADVANCED_FACE('',(#5291),#5284,.T.);
#5293=FILL_AREA_STYLE_COLOUR('',#27);
#5294=FILL_AREA_STYLE('',(#5293));
#5295=SURFACE_STYLE_FILL_AREA(#5294);
#5296=SURFACE_SIDE_STYLE('',(#5295));
#5297=SURFACE_STYLE_USAGE(.POSITIVE.,#5296);
#5298=PRESENTATION_STYLE_ASSIGNMENT((#5297));
#5299=STYLED_ITEM('',(#5298),#5292);
#5300=CARTESIAN_POINT('',(5.87E-1,-9.021766063690E-1,0.E0));
#5301=DIRECTION('',(8.981377659536E-1,-4.397141723527E-1,0.E0));
#5302=DIRECTION('',(-4.397141723527E-1,-8.981377659536E-1,0.E0));
#5303=AXIS2_PLACEMENT_3D('',#5300,#5301,#5302);
#5304=PLANE('',#5303);
#5305=ORIENTED_EDGE('',*,*,#2542,.F.);
#5307=ORIENTED_EDGE('',*,*,#5306,.T.);
#5308=ORIENTED_EDGE('',*,*,#4105,.T.);
#5309=ORIENTED_EDGE('',*,*,#5286,.F.);
#5310=EDGE_LOOP('',(#5305,#5307,#5308,#5309));
#5311=FACE_OUTER_BOUND('',#5310,.F.);
#5312=ADVANCED_FACE('',(#5311),#5304,.T.);
#5313=FILL_AREA_STYLE_COLOUR('',#27);
#5314=FILL_AREA_STYLE('',(#5313));
#5315=SURFACE_STYLE_FILL_AREA(#5314);
#5316=SURFACE_SIDE_STYLE('',(#5315));
#5317=SURFACE_STYLE_USAGE(.POSITIVE.,#5316);
#5318=PRESENTATION_STYLE_ASSIGNMENT((#5317));
#5319=STYLED_ITEM('',(#5318),#5312);
#5320=CARTESIAN_POINT('',(5.949333030701E-1,-8.616659502029E-1,0.E0));
#5321=DIRECTION('',(9.813592930674E-1,-1.921820436730E-1,0.E0));
#5322=DIRECTION('',(-1.921820436730E-1,-9.813592930674E-1,0.E0));
#5323=AXIS2_PLACEMENT_3D('',#5320,#5321,#5322);
#5324=PLANE('',#5323);
#5325=ORIENTED_EDGE('',*,*,#2540,.F.);
#5327=ORIENTED_EDGE('',*,*,#5326,.T.);
#5328=ORIENTED_EDGE('',*,*,#4107,.T.);
#5329=ORIENTED_EDGE('',*,*,#5306,.F.);
#5330=EDGE_LOOP('',(#5325,#5327,#5328,#5329));
#5331=FACE_OUTER_BOUND('',#5330,.F.);
#5332=ADVANCED_FACE('',(#5331),#5324,.T.);
#5333=FILL_AREA_STYLE_COLOUR('',#27);
#5334=FILL_AREA_STYLE('',(#5333));
#5335=SURFACE_STYLE_FILL_AREA(#5334);
#5336=SURFACE_SIDE_STYLE('',(#5335));
#5337=SURFACE_STYLE_USAGE(.POSITIVE.,#5336);
#5338=PRESENTATION_STYLE_ASSIGNMENT((#5337));
#5339=STYLED_ITEM('',(#5338),#5332);
#5340=CARTESIAN_POINT('',(5.949333030701E-1,-7.401340384483E-1,0.E0));
#5341=DIRECTION('',(1.E0,0.E0,0.E0));
#5342=DIRECTION('',(0.E0,-1.E0,0.E0));
#5343=AXIS2_PLACEMENT_3D('',#5340,#5341,#5342);
#5344=PLANE('',#5343);
#5345=ORIENTED_EDGE('',*,*,#2538,.F.);
#5347=ORIENTED_EDGE('',*,*,#5346,.T.);
#5348=ORIENTED_EDGE('',*,*,#4109,.T.);
#5349=ORIENTED_EDGE('',*,*,#5326,.F.);
#5350=EDGE_LOOP('',(#5345,#5347,#5348,#5349));
#5351=FACE_OUTER_BOUND('',#5350,.F.);
#5352=ADVANCED_FACE('',(#5351),#5344,.T.);
#5353=FILL_AREA_STYLE_COLOUR('',#27);
#5354=FILL_AREA_STYLE('',(#5353));
#5355=SURFACE_STYLE_FILL_AREA(#5354);
#5356=SURFACE_SIDE_STYLE('',(#5355));
#5357=SURFACE_STYLE_USAGE(.POSITIVE.,#5356);
#5358=PRESENTATION_STYLE_ASSIGNMENT((#5357));
#5359=STYLED_ITEM('',(#5358),#5352);
#5360=CARTESIAN_POINT('',(5.87E-1,-6.996234049797E-1,0.E0));
#5361=DIRECTION('',(9.813592727596E-1,1.921821473726E-1,0.E0));
#5362=DIRECTION('',(1.921821473726E-1,-9.813592727596E-1,0.E0));
#5363=AXIS2_PLACEMENT_3D('',#5360,#5361,#5362);
#5364=PLANE('',#5363);
#5365=ORIENTED_EDGE('',*,*,#2536,.F.);
#5367=ORIENTED_EDGE('',*,*,#5366,.T.);
#5368=ORIENTED_EDGE('',*,*,#4111,.T.);
#5369=ORIENTED_EDGE('',*,*,#5346,.F.);
#5370=EDGE_LOOP('',(#5365,#5367,#5368,#5369));
#5371=FACE_OUTER_BOUND('',#5370,.F.);
#5372=ADVANCED_FACE('',(#5371),#5364,.T.);
#5373=FILL_AREA_STYLE_COLOUR('',#27);
#5374=FILL_AREA_STYLE('',(#5373));
#5375=SURFACE_STYLE_FILL_AREA(#5374);
#5376=SURFACE_SIDE_STYLE('',(#5375));
#5377=SURFACE_STYLE_USAGE(.POSITIVE.,#5376);
#5378=PRESENTATION_STYLE_ASSIGNMENT((#5377));
#5379=STYLED_ITEM('',(#5378),#5372);
#5380=CARTESIAN_POINT('',(5.711333030701E-1,-6.672148925304E-1,0.E0));
#5381=DIRECTION('',(8.981377963584E-1,4.397141102494E-1,0.E0));
#5382=DIRECTION('',(4.397141102494E-1,-8.981377963584E-1,0.E0));
#5383=AXIS2_PLACEMENT_3D('',#5380,#5381,#5382);
#5384=PLANE('',#5383);
#5385=ORIENTED_EDGE('',*,*,#2534,.F.);
#5387=ORIENTED_EDGE('',*,*,#5386,.T.);
#5388=ORIENTED_EDGE('',*,*,#4113,.T.);
#5389=ORIENTED_EDGE('',*,*,#5366,.F.);
#5390=EDGE_LOOP('',(#5385,#5387,#5388,#5389));
#5391=FACE_OUTER_BOUND('',#5390,.F.);
#5392=ADVANCED_FACE('',(#5391),#5384,.T.);
#5393=FILL_AREA_STYLE_COLOUR('',#27);
#5394=FILL_AREA_STYLE('',(#5393));
#5395=SURFACE_STYLE_FILL_AREA(#5394);
#5396=SURFACE_SIDE_STYLE('',(#5395));
#5397=SURFACE_STYLE_USAGE(.POSITIVE.,#5396);
#5398=PRESENTATION_STYLE_ASSIGNMENT((#5397));
#5399=STYLED_ITEM('',(#5398),#5392);
#5400=CARTESIAN_POINT('',(5.394E-1,-6.348063829184E-1,0.E0));
#5401=DIRECTION('',(7.145107489524E-1,6.996244632883E-1,0.E0));
#5402=DIRECTION('',(6.996244632883E-1,-7.145107489524E-1,0.E0));
#5403=AXIS2_PLACEMENT_3D('',#5400,#5401,#5402);
#5404=PLANE('',#5403);
#5405=ORIENTED_EDGE('',*,*,#2532,.F.);
#5407=ORIENTED_EDGE('',*,*,#5406,.T.);
#5408=ORIENTED_EDGE('',*,*,#4115,.T.);
#5409=ORIENTED_EDGE('',*,*,#5386,.F.);
#5410=EDGE_LOOP('',(#5405,#5407,#5408,#5409));
#5411=FACE_OUTER_BOUND('',#5410,.F.);
#5412=ADVANCED_FACE('',(#5411),#5404,.T.);
#5413=FILL_AREA_STYLE_COLOUR('',#27);
#5414=FILL_AREA_STYLE('',(#5413));
#5415=SURFACE_STYLE_FILL_AREA(#5414);
#5416=SURFACE_SIDE_STYLE('',(#5415));
#5417=SURFACE_STYLE_USAGE(.POSITIVE.,#5416);
#5418=PRESENTATION_STYLE_ASSIGNMENT((#5417));
#5419=STYLED_ITEM('',(#5418),#5412);
#5420=CARTESIAN_POINT('',(5.076666969299E-1,-6.186021274030E-1,0.E0));
#5421=DIRECTION('',(4.547775049247E-1,8.906050870136E-1,0.E0));
#5422=DIRECTION('',(8.906050870136E-1,-4.547775049247E-1,0.E0));
#5423=AXIS2_PLACEMENT_3D('',#5420,#5421,#5422);
#5424=PLANE('',#5423);
#5425=ORIENTED_EDGE('',*,*,#2530,.F.);
#5427=ORIENTED_EDGE('',*,*,#5426,.T.);
#5428=ORIENTED_EDGE('',*,*,#4117,.T.);
#5429=ORIENTED_EDGE('',*,*,#5406,.F.);
#5430=EDGE_LOOP('',(#5425,#5427,#5428,#5429));
#5431=FACE_OUTER_BOUND('',#5430,.F.);
#5432=ADVANCED_FACE('',(#5431),#5424,.T.);
#5433=FILL_AREA_STYLE_COLOUR('',#27);
#5434=FILL_AREA_STYLE('',(#5433));
#5435=SURFACE_STYLE_FILL_AREA(#5434);
#5436=SURFACE_SIDE_STYLE('',(#5435));
#5437=SURFACE_STYLE_USAGE(.POSITIVE.,#5436);
#5438=PRESENTATION_STYLE_ASSIGNMENT((#5437));
#5439=STYLED_ITEM('',(#5438),#5432);
#5440=CARTESIAN_POINT('',(4.68E-1,-6.105E-1,0.E0));
#5441=DIRECTION('',(2.001232253108E-1,9.797707357802E-1,0.E0));
#5442=DIRECTION('',(9.797707357802E-1,-2.001232253108E-1,0.E0));
#5443=AXIS2_PLACEMENT_3D('',#5440,#5441,#5442);
#5444=PLANE('',#5443);
#5445=ORIENTED_EDGE('',*,*,#2528,.F.);
#5447=ORIENTED_EDGE('',*,*,#5446,.T.);
#5448=ORIENTED_EDGE('',*,*,#4119,.T.);
#5449=ORIENTED_EDGE('',*,*,#5426,.F.);
#5450=EDGE_LOOP('',(#5445,#5447,#5448,#5449));
#5451=FACE_OUTER_BOUND('',#5450,.F.);
#5452=ADVANCED_FACE('',(#5451),#5444,.T.);
#5453=FILL_AREA_STYLE_COLOUR('',#27);
#5454=FILL_AREA_STYLE('',(#5453));
#5455=SURFACE_STYLE_FILL_AREA(#5454);
#5456=SURFACE_SIDE_STYLE('',(#5455));
#5457=SURFACE_STYLE_USAGE(.POSITIVE.,#5456);
#5458=PRESENTATION_STYLE_ASSIGNMENT((#5457));
#5459=STYLED_ITEM('',(#5458),#5452);
#5460=CARTESIAN_POINT('',(2.776E-1,-6.105E-1,0.E0));
#5461=DIRECTION('',(0.E0,1.E0,0.E0));
#5462=DIRECTION('',(1.E0,0.E0,0.E0));
#5463=AXIS2_PLACEMENT_3D('',#5460,#5461,#5462);
#5464=PLANE('',#5463);
#5465=ORIENTED_EDGE('',*,*,#2526,.F.);
#5467=ORIENTED_EDGE('',*,*,#5466,.T.);
#5468=ORIENTED_EDGE('',*,*,#4121,.T.);
#5469=ORIENTED_EDGE('',*,*,#5446,.F.);
#5470=EDGE_LOOP('',(#5465,#5467,#5468,#5469));
#5471=FACE_OUTER_BOUND('',#5470,.F.);
#5472=ADVANCED_FACE('',(#5471),#5464,.T.);
#5473=FILL_AREA_STYLE_COLOUR('',#27);
#5474=FILL_AREA_STYLE('',(#5473));
#5475=SURFACE_STYLE_FILL_AREA(#5474);
#5476=SURFACE_SIDE_STYLE('',(#5475));
#5477=SURFACE_STYLE_USAGE(.POSITIVE.,#5476);
#5478=PRESENTATION_STYLE_ASSIGNMENT((#5477));
#5479=STYLED_ITEM('',(#5478),#5472);
#5480=CARTESIAN_POINT('',(2.776E-1,-9.913E-1,0.E0));
#5481=DIRECTION('',(-1.E0,0.E0,0.E0));
#5482=DIRECTION('',(0.E0,1.E0,0.E0));
#5483=AXIS2_PLACEMENT_3D('',#5480,#5481,#5482);
#5484=PLANE('',#5483);
#5485=ORIENTED_EDGE('',*,*,#2524,.F.);
#5486=ORIENTED_EDGE('',*,*,#5228,.T.);
#5487=ORIENTED_EDGE('',*,*,#4123,.T.);
#5488=ORIENTED_EDGE('',*,*,#5466,.F.);
#5489=EDGE_LOOP('',(#5485,#5486,#5487,#5488));
#5490=FACE_OUTER_BOUND('',#5489,.F.);
#5491=ADVANCED_FACE('',(#5490),#5484,.T.);
#5492=FILL_AREA_STYLE_COLOUR('',#27);
#5493=FILL_AREA_STYLE('',(#5492));
#5494=SURFACE_STYLE_FILL_AREA(#5493);
#5495=SURFACE_SIDE_STYLE('',(#5494));
#5496=SURFACE_STYLE_USAGE(.POSITIVE.,#5495);
#5497=PRESENTATION_STYLE_ASSIGNMENT((#5496));
#5498=STYLED_ITEM('',(#5497),#5491);
#5499=CARTESIAN_POINT('',(3.252E-1,-9.426872398376E-1,0.E0));
#5500=DIRECTION('',(0.E0,1.E0,0.E0));
#5501=DIRECTION('',(1.E0,0.E0,0.E0));
#5502=AXIS2_PLACEMENT_3D('',#5499,#5500,#5501);
#5503=PLANE('',#5502);
#5504=ORIENTED_EDGE('',*,*,#2583,.F.);
#5506=ORIENTED_EDGE('',*,*,#5505,.T.);
#5507=ORIENTED_EDGE('',*,*,#4127,.T.);
#5509=ORIENTED_EDGE('',*,*,#5508,.F.);
#5510=EDGE_LOOP('',(#5504,#5506,#5507,#5509));
#5511=FACE_OUTER_BOUND('',#5510,.F.);
#5512=ADVANCED_FACE('',(#5511),#5503,.T.);
#5513=FILL_AREA_STYLE_COLOUR('',#27);
#5514=FILL_AREA_STYLE('',(#5513));
#5515=SURFACE_STYLE_FILL_AREA(#5514);
#5516=SURFACE_SIDE_STYLE('',(#5515));
#5517=SURFACE_STYLE_USAGE(.POSITIVE.,#5516);
#5518=PRESENTATION_STYLE_ASSIGNMENT((#5517));
#5519=STYLED_ITEM('',(#5518),#5512);
#5520=CARTESIAN_POINT('',(3.252E-1,-6.591127658367E-1,0.E0));
#5521=DIRECTION('',(1.E0,0.E0,0.E0));
#5522=DIRECTION('',(0.E0,-1.E0,0.E0));
#5523=AXIS2_PLACEMENT_3D('',#5520,#5521,#5522);
#5524=PLANE('',#5523);
#5525=ORIENTED_EDGE('',*,*,#2605,.F.);
#5527=ORIENTED_EDGE('',*,*,#5526,.T.);
#5528=ORIENTED_EDGE('',*,*,#4129,.T.);
#5529=ORIENTED_EDGE('',*,*,#5505,.F.);
#5530=EDGE_LOOP('',(#5525,#5527,#5528,#5529));
#5531=FACE_OUTER_BOUND('',#5530,.F.);
#5532=ADVANCED_FACE('',(#5531),#5524,.T.);
#5533=FILL_AREA_STYLE_COLOUR('',#27);
#5534=FILL_AREA_STYLE('',(#5533));
#5535=SURFACE_STYLE_FILL_AREA(#5534);
#5536=SURFACE_SIDE_STYLE('',(#5535));
#5537=SURFACE_STYLE_USAGE(.POSITIVE.,#5536);
#5538=PRESENTATION_STYLE_ASSIGNMENT((#5537));
#5539=STYLED_ITEM('',(#5538),#5532);
#5540=CARTESIAN_POINT('',(4.68E-1,-6.591127658367E-1,0.E0));
#5541=DIRECTION('',(0.E0,-1.E0,0.E0));
#5542=DIRECTION('',(-1.E0,0.E0,0.E0));
#5543=AXIS2_PLACEMENT_3D('',#5540,#5541,#5542);
#5544=PLANE('',#5543);
#5545=ORIENTED_EDGE('',*,*,#2603,.F.);
#5547=ORIENTED_EDGE('',*,*,#5546,.T.);
#5548=ORIENTED_EDGE('',*,*,#4131,.T.);
#5549=ORIENTED_EDGE('',*,*,#5526,.F.);
#5550=EDGE_LOOP('',(#5545,#5547,#5548,#5549));
#5551=FACE_OUTER_BOUND('',#5550,.F.);
#5552=ADVANCED_FACE('',(#5551),#5544,.T.);
#5553=FILL_AREA_STYLE_COLOUR('',#27);
#5554=FILL_AREA_STYLE('',(#5553));
#5555=SURFACE_STYLE_FILL_AREA(#5554);
#5556=SURFACE_SIDE_STYLE('',(#5555));
#5557=SURFACE_STYLE_USAGE(.POSITIVE.,#5556);
#5558=PRESENTATION_STYLE_ASSIGNMENT((#5557));
#5559=STYLED_ITEM('',(#5558),#5552);
#5560=CARTESIAN_POINT('',(4.997333030701E-1,-6.672148925304E-1,0.E0));
#5561=DIRECTION('',(-2.473834390653E-1,-9.689176611437E-1,0.E0));
#5562=DIRECTION('',(-9.689176611437E-1,2.473834390653E-1,0.E0));
#5563=AXIS2_PLACEMENT_3D('',#5560,#5561,#5562);
#5564=PLANE('',#5563);
#5565=ORIENTED_EDGE('',*,*,#2601,.F.);
#5567=ORIENTED_EDGE('',*,*,#5566,.T.);
#5568=ORIENTED_EDGE('',*,*,#4133,.T.);
#5569=ORIENTED_EDGE('',*,*,#5546,.F.);
#5570=EDGE_LOOP('',(#5565,#5567,#5568,#5569));
#5571=FACE_OUTER_BOUND('',#5570,.F.);
#5572=ADVANCED_FACE('',(#5571),#5564,.T.);
#5573=FILL_AREA_STYLE_COLOUR('',#27);
#5574=FILL_AREA_STYLE('',(#5573));
#5575=SURFACE_STYLE_FILL_AREA(#5574);
#5576=SURFACE_SIDE_STYLE('',(#5575));
#5577=SURFACE_STYLE_USAGE(.POSITIVE.,#5576);
#5578=PRESENTATION_STYLE_ASSIGNMENT((#5577));
#5579=STYLED_ITEM('',(#5578),#5572);
#5580=CARTESIAN_POINT('',(5.235333030701E-1,-6.834191515923E-1,0.E0));
#5581=DIRECTION('',(-5.627910658976E-1,-8.265991871191E-1,0.E0));
#5582=DIRECTION('',(-8.265991871191E-1,5.627910658976E-1,0.E0));
#5583=AXIS2_PLACEMENT_3D('',#5580,#5581,#5582);
#5584=PLANE('',#5583);
#5585=ORIENTED_EDGE('',*,*,#2599,.F.);
#5587=ORIENTED_EDGE('',*,*,#5586,.T.);
#5588=ORIENTED_EDGE('',*,*,#4135,.T.);
#5589=ORIENTED_EDGE('',*,*,#5566,.F.);
#5590=EDGE_LOOP('',(#5585,#5587,#5588,#5589));
#5591=FACE_OUTER_BOUND('',#5590,.F.);
#5592=ADVANCED_FACE('',(#5591),#5584,.T.);
#5593=FILL_AREA_STYLE_COLOUR('',#27);
#5594=FILL_AREA_STYLE('',(#5593));
#5595=SURFACE_STYLE_FILL_AREA(#5594);
#5596=SURFACE_SIDE_STYLE('',(#5595));
#5597=SURFACE_STYLE_USAGE(.POSITIVE.,#5596);
#5598=PRESENTATION_STYLE_ASSIGNMENT((#5597));
#5599=STYLED_ITEM('',(#5598),#5592);
#5600=CARTESIAN_POINT('',(5.394E-1,-7.077255316734E-1,0.E0));
#5601=DIRECTION('',(-8.373786433120E-1,-5.466232777014E-1,0.E0));
#5602=DIRECTION('',(-5.466232777014E-1,8.373786433120E-1,0.E0));
#5603=AXIS2_PLACEMENT_3D('',#5600,#5601,#5602);
#5604=PLANE('',#5603);
#5605=ORIENTED_EDGE('',*,*,#2597,.F.);
#5607=ORIENTED_EDGE('',*,*,#5606,.T.);
#5608=ORIENTED_EDGE('',*,*,#4137,.T.);
#5609=ORIENTED_EDGE('',*,*,#5586,.F.);
#5610=EDGE_LOOP('',(#5605,#5607,#5608,#5609));
#5611=FACE_OUTER_BOUND('',#5610,.F.);
#5612=ADVANCED_FACE('',(#5611),#5604,.T.);
#5613=FILL_AREA_STYLE_COLOUR('',#27);
#5614=FILL_AREA_STYLE('',(#5613));
#5615=SURFACE_STYLE_FILL_AREA(#5614);
#5616=SURFACE_SIDE_STYLE('',(#5615));
#5617=SURFACE_STYLE_USAGE(.POSITIVE.,#5616);
#5618=PRESENTATION_STYLE_ASSIGNMENT((#5617));
#5619=STYLED_ITEM('',(#5618),#5612);
#5620=CARTESIAN_POINT('',(5.473333030701E-1,-7.401340384483E-1,0.E0));
#5621=DIRECTION('',(-9.713213633444E-1,-2.377704967206E-1,0.E0));
#5622=DIRECTION('',(-2.377704967206E-1,9.713213633444E-1,0.E0));
#5623=AXIS2_PLACEMENT_3D('',#5620,#5621,#5622);
#5624=PLANE('',#5623);
#5625=ORIENTED_EDGE('',*,*,#2595,.F.);
#5627=ORIENTED_EDGE('',*,*,#5626,.T.);
#5628=ORIENTED_EDGE('',*,*,#4139,.T.);
#5629=ORIENTED_EDGE('',*,*,#5606,.F.);
#5630=EDGE_LOOP('',(#5625,#5627,#5628,#5629));
#5631=FACE_OUTER_BOUND('',#5630,.F.);
#5632=ADVANCED_FACE('',(#5631),#5624,.T.);
#5633=FILL_AREA_STYLE_COLOUR('',#27);
#5634=FILL_AREA_STYLE('',(#5633));
#5635=SURFACE_STYLE_FILL_AREA(#5634);
#5636=SURFACE_SIDE_STYLE('',(#5635));
#5637=SURFACE_STYLE_USAGE(.POSITIVE.,#5636);
#5638=PRESENTATION_STYLE_ASSIGNMENT((#5637));
#5639=STYLED_ITEM('',(#5638),#5632);
#5640=CARTESIAN_POINT('',(5.473333030701E-1,-8.616659502029E-1,0.E0));
#5641=DIRECTION('',(-1.E0,0.E0,0.E0));
#5642=DIRECTION('',(0.E0,1.E0,0.E0));
#5643=AXIS2_PLACEMENT_3D('',#5640,#5641,#5642);
#5644=PLANE('',#5643);
#5645=ORIENTED_EDGE('',*,*,#2593,.F.);
#5647=ORIENTED_EDGE('',*,*,#5646,.T.);
#5648=ORIENTED_EDGE('',*,*,#4141,.T.);
#5649=ORIENTED_EDGE('',*,*,#5626,.F.);
#5650=EDGE_LOOP('',(#5645,#5647,#5648,#5649));
#5651=FACE_OUTER_BOUND('',#5650,.F.);
#5652=ADVANCED_FACE('',(#5651),#5644,.T.);
#5653=FILL_AREA_STYLE_COLOUR('',#27);
#5654=FILL_AREA_STYLE('',(#5653));
#5655=SURFACE_STYLE_FILL_AREA(#5654);
#5656=SURFACE_SIDE_STYLE('',(#5655));
#5657=SURFACE_STYLE_USAGE(.POSITIVE.,#5656);
#5658=PRESENTATION_STYLE_ASSIGNMENT((#5657));
#5659=STYLED_ITEM('',(#5658),#5652);
#5660=CARTESIAN_POINT('',(5.394E-1,-8.940744569778E-1,0.E0));
#5661=DIRECTION('',(-9.713213633444E-1,2.377704967207E-1,0.E0));
#5662=DIRECTION('',(2.377704967207E-1,9.713213633444E-1,0.E0));
#5663=AXIS2_PLACEMENT_3D('',#5660,#5661,#5662);
#5664=PLANE('',#5663);
#5665=ORIENTED_EDGE('',*,*,#2591,.F.);
#5667=ORIENTED_EDGE('',*,*,#5666,.T.);
#5668=ORIENTED_EDGE('',*,*,#4143,.T.);
#5669=ORIENTED_EDGE('',*,*,#5646,.F.);
#5670=EDGE_LOOP('',(#5665,#5667,#5668,#5669));
#5671=FACE_OUTER_BOUND('',#5670,.F.);
#5672=ADVANCED_FACE('',(#5671),#5664,.T.);
#5673=FILL_AREA_STYLE_COLOUR('',#27);
#5674=FILL_AREA_STYLE('',(#5673));
#5675=SURFACE_STYLE_FILL_AREA(#5674);
#5676=SURFACE_SIDE_STYLE('',(#5675));
#5677=SURFACE_STYLE_USAGE(.POSITIVE.,#5676);
#5678=PRESENTATION_STYLE_ASSIGNMENT((#5677));
#5679=STYLED_ITEM('',(#5678),#5672);
#5680=CARTESIAN_POINT('',(5.235333030701E-1,-9.183808597565E-1,0.E0));
#5681=DIRECTION('',(-8.373788769559E-1,5.466229197794E-1,0.E0));
#5682=DIRECTION('',(5.466229197794E-1,8.373788769559E-1,0.E0));
#5683=AXIS2_PLACEMENT_3D('',#5680,#5681,#5682);
#5684=PLANE('',#5683);
#5685=ORIENTED_EDGE('',*,*,#2589,.F.);
#5687=ORIENTED_EDGE('',*,*,#5686,.T.);
#5688=ORIENTED_EDGE('',*,*,#4145,.T.);
#5689=ORIENTED_EDGE('',*,*,#5666,.F.);
#5690=EDGE_LOOP('',(#5685,#5687,#5688,#5689));
#5691=FACE_OUTER_BOUND('',#5690,.F.);
#5692=ADVANCED_FACE('',(#5691),#5684,.T.);
#5693=FILL_AREA_STYLE_COLOUR('',#27);
#5694=FILL_AREA_STYLE('',(#5693));
#5695=SURFACE_STYLE_FILL_AREA(#5694);
#5696=SURFACE_SIDE_STYLE('',(#5695));
#5697=SURFACE_STYLE_USAGE(.POSITIVE.,#5696);
#5698=PRESENTATION_STYLE_ASSIGNMENT((#5697));
#5699=STYLED_ITEM('',(#5698),#5692);
#5700=CARTESIAN_POINT('',(4.997333030701E-1,-9.345851131439E-1,0.E0));
#5701=DIRECTION('',(-5.627909312417E-1,8.265992787996E-1,0.E0));
#5702=DIRECTION('',(8.265992787996E-1,5.627909312417E-1,0.E0));
#5703=AXIS2_PLACEMENT_3D('',#5700,#5701,#5702);
#5704=PLANE('',#5703);
#5705=ORIENTED_EDGE('',*,*,#2587,.F.);
#5707=ORIENTED_EDGE('',*,*,#5706,.T.);
#5708=ORIENTED_EDGE('',*,*,#4147,.T.);
#5709=ORIENTED_EDGE('',*,*,#5686,.F.);
#5710=EDGE_LOOP('',(#5705,#5707,#5708,#5709));
#5711=FACE_OUTER_BOUND('',#5710,.F.);
#5712=ADVANCED_FACE('',(#5711),#5704,.T.);
#5713=FILL_AREA_STYLE_COLOUR('',#27);
#5714=FILL_AREA_STYLE('',(#5713));
#5715=SURFACE_STYLE_FILL_AREA(#5714);
#5716=SURFACE_SIDE_STYLE('',(#5715));
#5717=SURFACE_STYLE_USAGE(.POSITIVE.,#5716);
#5718=PRESENTATION_STYLE_ASSIGNMENT((#5717));
#5719=STYLED_ITEM('',(#5718),#5712);
#5720=CARTESIAN_POINT('',(4.68E-1,-9.426872398376E-1,0.E0));
#5721=DIRECTION('',(-2.473834390653E-1,9.689176611437E-1,0.E0));
#5722=DIRECTION('',(9.689176611437E-1,2.473834390653E-1,0.E0));
#5723=AXIS2_PLACEMENT_3D('',#5720,#5721,#5722);
#5724=PLANE('',#5723);
#5725=ORIENTED_EDGE('',*,*,#2585,.F.);
#5726=ORIENTED_EDGE('',*,*,#5508,.T.);
#5727=ORIENTED_EDGE('',*,*,#4149,.T.);
#5728=ORIENTED_EDGE('',*,*,#5706,.F.);
#5729=EDGE_LOOP('',(#5725,#5726,#5727,#5728));
#5730=FACE_OUTER_BOUND('',#5729,.F.);
#5731=ADVANCED_FACE('',(#5730),#5724,.T.);
#5732=FILL_AREA_STYLE_COLOUR('',#27);
#5733=FILL_AREA_STYLE('',(#5732));
#5734=SURFACE_STYLE_FILL_AREA(#5733);
#5735=SURFACE_SIDE_STYLE('',(#5734));
#5736=SURFACE_STYLE_USAGE(.POSITIVE.,#5735);
#5737=PRESENTATION_STYLE_ASSIGNMENT((#5736));
#5738=STYLED_ITEM('',(#5737),#5731);
#5739=CARTESIAN_POINT('',(8.488E-1,-9.913E-1,0.E0));
#5740=DIRECTION('',(0.E0,-1.E0,0.E0));
#5741=DIRECTION('',(-1.E0,0.E0,0.E0));
#5742=AXIS2_PLACEMENT_3D('',#5739,#5740,#5741);
#5743=PLANE('',#5742);
#5744=ORIENTED_EDGE('',*,*,#2552,.F.);
#5746=ORIENTED_EDGE('',*,*,#5745,.T.);
#5747=ORIENTED_EDGE('',*,*,#4166,.T.);
#5749=ORIENTED_EDGE('',*,*,#5748,.F.);
#5750=EDGE_LOOP('',(#5744,#5746,#5747,#5749));
#5751=FACE_OUTER_BOUND('',#5750,.F.);
#5752=ADVANCED_FACE('',(#5751),#5743,.T.);
#5753=FILL_AREA_STYLE_COLOUR('',#27);
#5754=FILL_AREA_STYLE('',(#5753));
#5755=SURFACE_STYLE_FILL_AREA(#5754);
#5756=SURFACE_SIDE_STYLE('',(#5755));
#5757=SURFACE_STYLE_USAGE(.POSITIVE.,#5756);
#5758=PRESENTATION_STYLE_ASSIGNMENT((#5757));
#5759=STYLED_ITEM('',(#5758),#5752);
#5760=CARTESIAN_POINT('',(9.757333938599E-1,-6.105E-1,0.E0));
#5761=DIRECTION('',(9.486832528138E-1,-3.162279017271E-1,0.E0));
#5762=DIRECTION('',(-3.162279017271E-1,-9.486832528138E-1,0.E0));
#5763=AXIS2_PLACEMENT_3D('',#5760,#5761,#5762);
#5764=PLANE('',#5763);
#5765=ORIENTED_EDGE('',*,*,#2566,.F.);
#5767=ORIENTED_EDGE('',*,*,#5766,.T.);
#5768=ORIENTED_EDGE('',*,*,#4168,.T.);
#5769=ORIENTED_EDGE('',*,*,#5745,.F.);
#5770=EDGE_LOOP('',(#5765,#5767,#5768,#5769));
#5771=FACE_OUTER_BOUND('',#5770,.F.);
#5772=ADVANCED_FACE('',(#5771),#5764,.T.);
#5773=FILL_AREA_STYLE_COLOUR('',#27);
#5774=FILL_AREA_STYLE('',(#5773));
#5775=SURFACE_STYLE_FILL_AREA(#5774);
#5776=SURFACE_SIDE_STYLE('',(#5775));
#5777=SURFACE_STYLE_USAGE(.POSITIVE.,#5776);
#5778=PRESENTATION_STYLE_ASSIGNMENT((#5777));
#5779=STYLED_ITEM('',(#5778),#5772);
#5780=CARTESIAN_POINT('',(9.281333938599E-1,-6.105E-1,0.E0));
#5781=DIRECTION('',(0.E0,1.E0,0.E0));
#5782=DIRECTION('',(1.E0,0.E0,0.E0));
#5783=AXIS2_PLACEMENT_3D('',#5780,#5781,#5782);
#5784=PLANE('',#5783);
#5785=ORIENTED_EDGE('',*,*,#2564,.F.);
#5787=ORIENTED_EDGE('',*,*,#5786,.T.);
#5788=ORIENTED_EDGE('',*,*,#4170,.T.);
#5789=ORIENTED_EDGE('',*,*,#5766,.F.);
#5790=EDGE_LOOP('',(#5785,#5787,#5788,#5789));
#5791=FACE_OUTER_BOUND('',#5790,.F.);
#5792=ADVANCED_FACE('',(#5791),#5784,.T.);
#5793=FILL_AREA_STYLE_COLOUR('',#27);
#5794=FILL_AREA_STYLE('',(#5793));
#5795=SURFACE_STYLE_FILL_AREA(#5794);
#5796=SURFACE_SIDE_STYLE('',(#5795));
#5797=SURFACE_STYLE_USAGE(.POSITIVE.,#5796);
#5798=PRESENTATION_STYLE_ASSIGNMENT((#5797));
#5799=STYLED_ITEM('',(#5798),#5792);
#5800=CARTESIAN_POINT('',(8.964E-1,-7.077255316734E-1,0.E0));
#5801=DIRECTION('',(-9.506450282288E-1,3.102805670740E-1,0.E0));
#5802=DIRECTION('',(3.102805670740E-1,9.506450282288E-1,0.E0));
#5803=AXIS2_PLACEMENT_3D('',#5800,#5801,#5802);
#5804=PLANE('',#5803);
#5805=ORIENTED_EDGE('',*,*,#2562,.F.);
#5807=ORIENTED_EDGE('',*,*,#5806,.T.);
#5808=ORIENTED_EDGE('',*,*,#4172,.T.);
#5809=ORIENTED_EDGE('',*,*,#5786,.F.);
#5810=EDGE_LOOP('',(#5805,#5807,#5808,#5809));
#5811=FACE_OUTER_BOUND('',#5810,.F.);
#5812=ADVANCED_FACE('',(#5811),#5804,.T.);
#5813=FILL_AREA_STYLE_COLOUR('',#27);
#5814=FILL_AREA_STYLE('',(#5813));
#5815=SURFACE_STYLE_FILL_AREA(#5814);
#5816=SURFACE_SIDE_STYLE('',(#5815));
#5817=SURFACE_STYLE_USAGE(.POSITIVE.,#5816);
#5818=PRESENTATION_STYLE_ASSIGNMENT((#5817));
#5819=STYLED_ITEM('',(#5818),#5812);
#5820=CARTESIAN_POINT('',(7.377333938599E-1,-7.077255316734E-1,0.E0));
#5821=DIRECTION('',(0.E0,1.E0,0.E0));
#5822=DIRECTION('',(1.E0,0.E0,0.E0));
#5823=AXIS2_PLACEMENT_3D('',#5820,#5821,#5822);
#5824=PLANE('',#5823);
#5825=ORIENTED_EDGE('',*,*,#2560,.F.);
#5827=ORIENTED_EDGE('',*,*,#5826,.T.);
#5828=ORIENTED_EDGE('',*,*,#4174,.T.);
#5829=ORIENTED_EDGE('',*,*,#5806,.F.);
#5830=EDGE_LOOP('',(#5825,#5827,#5828,#5829));
#5831=FACE_OUTER_BOUND('',#5830,.F.);
#5832=ADVANCED_FACE('',(#5831),#5824,.T.);
#5833=FILL_AREA_STYLE_COLOUR('',#27);
#5834=FILL_AREA_STYLE('',(#5833));
#5835=SURFACE_STYLE_FILL_AREA(#5834);
#5836=SURFACE_SIDE_STYLE('',(#5835));
#5837=SURFACE_STYLE_USAGE(.POSITIVE.,#5836);
#5838=PRESENTATION_STYLE_ASSIGNMENT((#5837));
#5839=STYLED_ITEM('',(#5838),#5832);
#5840=CARTESIAN_POINT('',(7.06E-1,-6.105E-1,0.E0));
#5841=DIRECTION('',(9.506450282288E-1,3.102805670740E-1,0.E0));
#5842=DIRECTION('',(3.102805670740E-1,-9.506450282288E-1,0.E0));
#5843=AXIS2_PLACEMENT_3D('',#5840,#5841,#5842);
#5844=PLANE('',#5843);
#5845=ORIENTED_EDGE('',*,*,#2558,.F.);
#5847=ORIENTED_EDGE('',*,*,#5846,.T.);
#5848=ORIENTED_EDGE('',*,*,#4176,.T.);
#5849=ORIENTED_EDGE('',*,*,#5826,.F.);
#5850=EDGE_LOOP('',(#5845,#5847,#5848,#5849));
#5851=FACE_OUTER_BOUND('',#5850,.F.);
#5852=ADVANCED_FACE('',(#5851),#5844,.T.);
#5853=FILL_AREA_STYLE_COLOUR('',#27);
#5854=FILL_AREA_STYLE('',(#5853));
#5855=SURFACE_STYLE_FILL_AREA(#5854);
#5856=SURFACE_SIDE_STYLE('',(#5855));
#5857=SURFACE_STYLE_USAGE(.POSITIVE.,#5856);
#5858=PRESENTATION_STYLE_ASSIGNMENT((#5857));
#5859=STYLED_ITEM('',(#5858),#5852);
#5860=CARTESIAN_POINT('',(6.584E-1,-6.105E-1,0.E0));
#5861=DIRECTION('',(0.E0,1.E0,0.E0));
#5862=DIRECTION('',(1.E0,0.E0,0.E0));
#5863=AXIS2_PLACEMENT_3D('',#5860,#5861,#5862);
#5864=PLANE('',#5863);
#5865=ORIENTED_EDGE('',*,*,#2556,.F.);
#5867=ORIENTED_EDGE('',*,*,#5866,.T.);
#5868=ORIENTED_EDGE('',*,*,#4178,.T.);
#5869=ORIENTED_EDGE('',*,*,#5846,.F.);
#5870=EDGE_LOOP('',(#5865,#5867,#5868,#5869));
#5871=FACE_OUTER_BOUND('',#5870,.F.);
#5872=ADVANCED_FACE('',(#5871),#5864,.T.);
#5873=FILL_AREA_STYLE_COLOUR('',#27);
#5874=FILL_AREA_STYLE('',(#5873));
#5875=SURFACE_STYLE_FILL_AREA(#5874);
#5876=SURFACE_SIDE_STYLE('',(#5875));
#5877=SURFACE_STYLE_USAGE(.POSITIVE.,#5876);
#5878=PRESENTATION_STYLE_ASSIGNMENT((#5877));
#5879=STYLED_ITEM('',(#5878),#5872);
#5880=CARTESIAN_POINT('',(7.853333938599E-1,-9.913E-1,0.E0));
#5881=DIRECTION('',(-9.486832528138E-1,-3.162279017271E-1,0.E0));
#5882=DIRECTION('',(-3.162279017271E-1,9.486832528138E-1,0.E0));
#5883=AXIS2_PLACEMENT_3D('',#5880,#5881,#5882);
#5884=PLANE('',#5883);
#5885=ORIENTED_EDGE('',*,*,#2554,.F.);
#5886=ORIENTED_EDGE('',*,*,#5748,.T.);
#5887=ORIENTED_EDGE('',*,*,#4180,.T.);
#5888=ORIENTED_EDGE('',*,*,#5866,.F.);
#5889=EDGE_LOOP('',(#5885,#5886,#5887,#5888));
#5890=FACE_OUTER_BOUND('',#5889,.F.);
#5891=ADVANCED_FACE('',(#5890),#5884,.T.);
#5892=FILL_AREA_STYLE_COLOUR('',#27);
#5893=FILL_AREA_STYLE('',(#5892));
#5894=SURFACE_STYLE_FILL_AREA(#5893);
#5895=SURFACE_SIDE_STYLE('',(#5894));
#5896=SURFACE_STYLE_USAGE(.POSITIVE.,#5895);
#5897=PRESENTATION_STYLE_ASSIGNMENT((#5896));
#5898=STYLED_ITEM('',(#5897),#5891);
#5899=CARTESIAN_POINT('',(8.170666061401E-1,-9.588914932251E-1,0.E0));
#5900=DIRECTION('',(-9.506452063546E-1,3.102800213276E-1,0.E0));
#5901=DIRECTION('',(3.102800213276E-1,9.506452063546E-1,0.E0));
#5902=AXIS2_PLACEMENT_3D('',#5899,#5900,#5901);
#5903=PLANE('',#5902);
#5904=ORIENTED_EDGE('',*,*,#2622,.F.);
#5906=ORIENTED_EDGE('',*,*,#5905,.T.);
#5907=ORIENTED_EDGE('',*,*,#4184,.T.);
#5909=ORIENTED_EDGE('',*,*,#5908,.F.);
#5910=EDGE_LOOP('',(#5904,#5906,#5907,#5909));
#5911=FACE_OUTER_BOUND('',#5910,.F.);
#5912=ADVANCED_FACE('',(#5911),#5903,.T.);
#5913=FILL_AREA_STYLE_COLOUR('',#27);
#5914=FILL_AREA_STYLE('',(#5913));
#5915=SURFACE_STYLE_FILL_AREA(#5914);
#5916=SURFACE_SIDE_STYLE('',(#5915));
#5917=SURFACE_STYLE_USAGE(.POSITIVE.,#5916);
#5918=PRESENTATION_STYLE_ASSIGNMENT((#5917));
#5919=STYLED_ITEM('',(#5918),#5912);
#5920=CARTESIAN_POINT('',(7.456666061401E-1,-7.401340384483E-1,0.E0));
#5921=DIRECTION('',(9.506452063546E-1,3.102800213276E-1,0.E0));
#5922=DIRECTION('',(3.102800213276E-1,-9.506452063546E-1,0.E0));
#5923=AXIS2_PLACEMENT_3D('',#5920,#5921,#5922);
#5924=PLANE('',#5923);
#5925=ORIENTED_EDGE('',*,*,#2626,.F.);
#5927=ORIENTED_EDGE('',*,*,#5926,.T.);
#5928=ORIENTED_EDGE('',*,*,#4186,.T.);
#5929=ORIENTED_EDGE('',*,*,#5905,.F.);
#5930=EDGE_LOOP('',(#5925,#5927,#5928,#5929));
#5931=FACE_OUTER_BOUND('',#5930,.F.);
#5932=ADVANCED_FACE('',(#5931),#5924,.T.);
#5933=FILL_AREA_STYLE_COLOUR('',#27);
#5934=FILL_AREA_STYLE('',(#5933));
#5935=SURFACE_STYLE_FILL_AREA(#5934);
#5936=SURFACE_SIDE_STYLE('',(#5935));
#5937=SURFACE_STYLE_USAGE(.POSITIVE.,#5936);
#5938=PRESENTATION_STYLE_ASSIGNMENT((#5937));
#5939=STYLED_ITEM('',(#5938),#5932);
#5940=CARTESIAN_POINT('',(8.884666061401E-1,-7.401340384483E-1,0.E0));
#5941=DIRECTION('',(0.E0,-1.E0,0.E0));
#5942=DIRECTION('',(-1.E0,0.E0,0.E0));
#5943=AXIS2_PLACEMENT_3D('',#5940,#5941,#5942);
#5944=PLANE('',#5943);
#5945=ORIENTED_EDGE('',*,*,#2624,.F.);
#5946=ORIENTED_EDGE('',*,*,#5908,.T.);
#5947=ORIENTED_EDGE('',*,*,#4188,.T.);
#5948=ORIENTED_EDGE('',*,*,#5926,.F.);
#5949=EDGE_LOOP('',(#5945,#5946,#5947,#5948));
#5950=FACE_OUTER_BOUND('',#5949,.F.);
#5951=ADVANCED_FACE('',(#5950),#5944,.T.);
#5952=FILL_AREA_STYLE_COLOUR('',#27);
#5953=FILL_AREA_STYLE('',(#5952));
#5954=SURFACE_STYLE_FILL_AREA(#5953);
#5955=SURFACE_SIDE_STYLE('',(#5954));
#5956=SURFACE_STYLE_USAGE(.POSITIVE.,#5955);
#5957=PRESENTATION_STYLE_ASSIGNMENT((#5956));
#5958=STYLED_ITEM('',(#5957),#5951);
#5959=CLOSED_SHELL('',(#2332,#2570,#2609,#2630,#2652,#2673,#2694,#2715,#2736,
#2757,#2778,#2799,#2820,#2841,#2862,#2882,#2919,#2941,#2962,#2983,#3013,#3032,
#3054,#3081,#3103,#3123,#3145,#3169,#3188,#3207,#3229,#3258,#3280,#3300,#3322,
#3348,#3368,#3387,#3406,#3428,#3457,#3479,#3499,#3521,#3547,#3567,#3586,#3605,
#3627,#3656,#3678,#3698,#3720,#3746,#3766,#3785,#3804,#3826,#3847,#3868,#3889,
#3910,#3930,#3951,#4045,#4084,#4153,#4192,#4213,#4233,#4253,#4273,#4293,#4312,
#4332,#4352,#4372,#4392,#4412,#4432,#4452,#4472,#4492,#4512,#4532,#4552,#4572,
#4592,#4612,#4632,#4652,#4672,#4692,#4712,#4732,#4752,#4772,#4792,#4812,#4832,
#4852,#4872,#4892,#4912,#4932,#4952,#4971,#4992,#5012,#5032,#5052,#5072,#5092,
#5112,#5132,#5152,#5172,#5192,#5211,#5232,#5252,#5272,#5292,#5312,#5332,#5352,
#5372,#5392,#5412,#5432,#5452,#5472,#5491,#5512,#5532,#5552,#5572,#5592,#5612,
#5632,#5652,#5672,#5692,#5712,#5731,#5752,#5772,#5792,#5812,#5832,#5852,#5872,
#5891,#5912,#5932,#5951));
#5960=MANIFOLD_SOLID_BREP('',#5959);
#5961=CARTESIAN_POINT('',(4.3E0,-7.547E-1,-6.E-1));
#5962=DIRECTION('',(1.E0,0.E0,0.E0));
#5963=DIRECTION('',(0.E0,1.E0,0.E0));
#5964=AXIS2_PLACEMENT_3D('',#5961,#5962,#5963);
#5966=DIRECTION('',(0.E0,2.054691478103E-14,-1.E0));
#5967=VECTOR('',#5966,3.242013810219E-2);
#5968=CARTESIAN_POINT('',(4.3E0,-1.75E0,3.4984E0));
#5969=LINE('',#5968,#5967);
#5970=DIRECTION('',(0.E0,1.E0,0.E0));
#5971=VECTOR('',#5970,3.5E0);
#5972=CARTESIAN_POINT('',(4.3E0,-1.75E0,3.4984E0));
#5973=LINE('',#5972,#5971);
#5974=DIRECTION('',(-2.739588637471E-14,-2.054691478103E-14,-1.E0));
#5975=VECTOR('',#5974,3.242013810219E-2);
#5976=CARTESIAN_POINT('',(4.3E0,1.75E0,3.4984E0));
#5977=LINE('',#5976,#5975);
#5978=CARTESIAN_POINT('',(4.3E0,7.547E-1,-6.E-1));
#5979=DIRECTION('',(1.E0,0.E0,0.E0));
#5980=DIRECTION('',(0.E0,1.E0,0.E0));
#5981=AXIS2_PLACEMENT_3D('',#5978,#5979,#5980);
#5983=DIRECTION('',(0.E0,-1.240347345892E-1,9.922778767137E-1));
#5984=VECTOR('',#5983,1.612451549660E0);
#5985=CARTESIAN_POINT('',(4.3E0,6.E-1,-2.2E0));
#5986=LINE('',#5985,#5984);
#5987=DIRECTION('',(0.E0,2.873478855663E-1,9.578262852212E-1));
#5988=VECTOR('',#5987,9.696275858019E-1);
#5989=CARTESIAN_POINT('',(4.3E0,3.213795634330E-1,-3.128734788557E0));
#5990=LINE('',#5989,#5988);
#5991=CARTESIAN_POINT('',(4.3E0,2.255969349109E-1,-3.1E0));
#5992=DIRECTION('',(1.E0,0.E0,0.E0));
#5993=DIRECTION('',(0.E0,0.E0,-1.E0));
#5994=AXIS2_PLACEMENT_3D('',#5991,#5992,#5993);
#5996=DIRECTION('',(0.E0,1.E0,0.E0));
#5997=VECTOR('',#5996,4.511938698218E-1);
#5998=CARTESIAN_POINT('',(4.3E0,-2.255969349109E-1,-3.2E0));
#5999=LINE('',#5998,#5997);
#6000=CARTESIAN_POINT('',(4.3E0,-2.255969349109E-1,-3.1E0));
#6001=DIRECTION('',(1.E0,0.E0,0.E0));
#6002=DIRECTION('',(0.E0,-9.578262852212E-1,-2.873478855663E-1));
#6003=AXIS2_PLACEMENT_3D('',#6000,#6001,#6002);
#6005=DIRECTION('',(0.E0,2.873478855663E-1,-9.578262852212E-1));
#6006=VECTOR('',#6005,9.696275858020E-1);
#6007=CARTESIAN_POINT('',(4.3E0,-6.E-1,-2.2E0));
#6008=LINE('',#6007,#6006);
#6009=DIRECTION('',(0.E0,-1.240347345892E-1,-9.922778767137E-1));
#6010=VECTOR('',#6009,1.612451549660E0);
#6011=CARTESIAN_POINT('',(4.3E0,-4.E-1,-6.E-1));
#6012=LINE('',#6011,#6010);
#6013=DIRECTION('',(1.E0,0.E0,0.E0));
#6014=VECTOR('',#6013,4.E-1);
#6015=CARTESIAN_POINT('',(3.9E0,-4.E-1,-6.E-1));
#6016=LINE('',#6015,#6014);
#6017=DIRECTION('',(-1.E0,0.E0,0.E0));
#6018=VECTOR('',#6017,4.E-1);
#6019=CARTESIAN_POINT('',(4.3E0,-3.213795634330E-1,-3.128734788557E0));
#6020=LINE('',#6019,#6018);
#6021=DIRECTION('',(-1.E0,0.E0,0.E0));
#6022=VECTOR('',#6021,4.E-1);
#6023=CARTESIAN_POINT('',(4.3E0,-6.E-1,-2.2E0));
#6024=LINE('',#6023,#6022);
#6025=CARTESIAN_POINT('',(3.9E0,-7.547E-1,-6.E-1));
#6026=DIRECTION('',(1.E0,0.E0,0.E0));
#6027=DIRECTION('',(0.E0,1.E0,0.E0));
#6028=AXIS2_PLACEMENT_3D('',#6025,#6026,#6027);
#6030=DIRECTION('',(0.E0,-1.240347345892E-1,-9.922778767137E-1));
#6031=VECTOR('',#6030,1.612451549660E0);
#6032=CARTESIAN_POINT('',(3.9E0,-4.E-1,-6.E-1));
#6033=LINE('',#6032,#6031);
#6034=DIRECTION('',(0.E0,2.873478855663E-1,-9.578262852212E-1));
#6035=VECTOR('',#6034,9.696275858020E-1);
#6036=CARTESIAN_POINT('',(3.9E0,-6.E-1,-2.2E0));
#6037=LINE('',#6036,#6035);
#6038=CARTESIAN_POINT('',(3.9E0,-2.255969349109E-1,-3.1E0));
#6039=DIRECTION('',(-1.E0,0.E0,0.E0));
#6040=DIRECTION('',(0.E0,0.E0,-1.E0));
#6041=AXIS2_PLACEMENT_3D('',#6038,#6039,#6040);
#6043=DIRECTION('',(0.E0,1.E0,0.E0));
#6044=VECTOR('',#6043,4.511938698218E-1);
#6045=CARTESIAN_POINT('',(3.9E0,-2.255969349109E-1,-3.2E0));
#6046=LINE('',#6045,#6044);
#6047=CARTESIAN_POINT('',(3.9E0,2.255969349109E-1,-3.1E0));
#6048=DIRECTION('',(-1.E0,0.E0,0.E0));
#6049=DIRECTION('',(0.E0,9.578262852211E-1,-2.873478855664E-1));
#6050=AXIS2_PLACEMENT_3D('',#6047,#6048,#6049);
#6052=DIRECTION('',(0.E0,2.873478855663E-1,9.578262852212E-1));
#6053=VECTOR('',#6052,9.696275858020E-1);
#6054=CARTESIAN_POINT('',(3.9E0,3.213795634330E-1,-3.128734788557E0));
#6055=LINE('',#6054,#6053);
#6056=DIRECTION('',(0.E0,-1.240347345892E-1,9.922778767137E-1));
#6057=VECTOR('',#6056,1.612451549660E0);
#6058=CARTESIAN_POINT('',(3.9E0,6.E-1,-2.2E0));
#6059=LINE('',#6058,#6057);
#6060=CARTESIAN_POINT('',(3.9E0,7.547E-1,-6.E-1));
#6061=DIRECTION('',(1.E0,0.E0,0.E0));
#6062=DIRECTION('',(0.E0,1.E0,0.E0));
#6063=AXIS2_PLACEMENT_3D('',#6060,#6061,#6062);
#6065=DIRECTION('',(0.E0,1.E0,0.E0));
#6066=VECTOR('',#6065,9.906E-1);
#6067=CARTESIAN_POINT('',(3.9E0,1.1094E0,-6.E-1));
#6068=LINE('',#6067,#6066);
#6069=DIRECTION('',(0.E0,-1.E0,0.E0));
#6070=VECTOR('',#6069,3.512274260926E0);
#6071=CARTESIAN_POINT('',(3.9E0,1.756137130463E0,3.4984E0));
#6072=LINE('',#6071,#6070);
#6073=DIRECTION('',(0.E0,1.E0,0.E0));
#6074=VECTOR('',#6073,9.906E-1);
#6075=CARTESIAN_POINT('',(3.9E0,-2.1E0,-6.E-1));
#6076=LINE('',#6075,#6074);
#6077=DIRECTION('',(-1.E0,0.E0,0.E0));
#6078=VECTOR('',#6077,4.E-1);
#6079=CARTESIAN_POINT('',(4.3E0,2.255969349109E-1,-3.2E0));
#6080=LINE('',#6079,#6078);
#6081=DIRECTION('',(-1.E0,0.E0,0.E0));
#6082=VECTOR('',#6081,4.E-1);
#6083=CARTESIAN_POINT('',(4.3E0,-2.255969349109E-1,-3.2E0));
#6084=LINE('',#6083,#6082);
#6085=DIRECTION('',(-1.E0,0.E0,0.E0));
#6086=VECTOR('',#6085,4.E-1);
#6087=CARTESIAN_POINT('',(4.3E0,3.213795634330E-1,-3.128734788557E0));
#6088=LINE('',#6087,#6086);
#6089=DIRECTION('',(1.E0,0.E0,0.E0));
#6090=VECTOR('',#6089,4.E-1);
#6091=CARTESIAN_POINT('',(3.9E0,4.E-1,-6.E-1));
#6092=LINE('',#6091,#6090);
#6093=DIRECTION('',(-1.E0,0.E0,0.E0));
#6094=VECTOR('',#6093,4.E-1);
#6095=CARTESIAN_POINT('',(4.3E0,6.E-1,-2.2E0));
#6096=LINE('',#6095,#6094);
#6097=DIRECTION('',(1.E0,0.E0,0.E0));
#6098=VECTOR('',#6097,4.E-1);
#6099=CARTESIAN_POINT('',(3.9E0,-1.1094E0,-6.E-1));
#6100=LINE('',#6099,#6098);
#6101=DIRECTION('',(0.E0,1.E0,0.E0));
#6102=VECTOR('',#6101,9.906E-1);
#6103=CARTESIAN_POINT('',(4.3E0,-2.1E0,-6.E-1));
#6104=LINE('',#6103,#6102);
#6105=DIRECTION('',(1.E0,0.E0,0.E0));
#6106=VECTOR('',#6105,4.E-1);
#6107=CARTESIAN_POINT('',(3.9E0,1.1094E0,-6.E-1));
#6108=LINE('',#6107,#6106);
#6109=DIRECTION('',(0.E0,1.E0,0.E0));
#6110=VECTOR('',#6109,9.906E-1);
#6111=CARTESIAN_POINT('',(4.3E0,1.1094E0,-6.E-1));
#6112=LINE('',#6111,#6110);
#6113=DIRECTION('',(0.E0,-2.711169431951E-14,-1.E0));
#6114=VECTOR('',#6113,3.669117165238E0);
#6115=CARTESIAN_POINT('',(4.3E0,-2.1E0,3.069117165238E0));
#6116=LINE('',#6115,#6114);
#6117=DIRECTION('',(-1.E0,0.E0,0.E0));
#6118=VECTOR('',#6117,4.E-1);
#6119=CARTESIAN_POINT('',(4.3E0,-2.1E0,-6.E-1));
#6120=LINE('',#6119,#6118);
#6121=DIRECTION('',(0.E0,2.929031261305E-14,1.E0));
#6122=VECTOR('',#6121,3.669117165238E0);
#6123=CARTESIAN_POINT('',(3.9E0,-2.1E0,-6.E-1));
#6124=LINE('',#6123,#6122);
#6125=DIRECTION('',(-1.E0,1.998401444325E-14,0.E0));
#6126=VECTOR('',#6125,4.E-1);
#6127=CARTESIAN_POINT('',(4.3E0,-2.1E0,3.069117165238E0));
#6128=LINE('',#6127,#6126);
#6129=CARTESIAN_POINT('',(4.3E0,-2.15E0,3.465979861898E0));
#6130=DIRECTION('',(-1.E0,0.E0,0.E0));
#6131=DIRECTION('',(0.E0,1.E0,2.742250870824E-13));
#6132=AXIS2_PLACEMENT_3D('',#6129,#6130,#6131);
#6134=CARTESIAN_POINT('',(3.9E0,-2.15E0,3.465979861898E0));
#6135=DIRECTION('',(1.E0,0.E0,0.E0));
#6136=DIRECTION('',(0.E0,1.25E-1,-9.921567416492E-1));
#6137=AXIS2_PLACEMENT_3D('',#6134,#6135,#6136);
#6139=CARTESIAN_POINT('',(3.9E0,-1.756137130463E0,3.396179861898E0));
#6140=CARTESIAN_POINT('',(3.907631207844E0,-1.754786233213E0,3.403802616445E0));
#6141=CARTESIAN_POINT('',(3.922976789223E0,-1.752521298644E0,3.419161776691E0));
#6142=CARTESIAN_POINT('',(3.946266302860E0,-1.750463977038E0,3.442440905208E0));
#6143=CARTESIAN_POINT('',(3.961930117334E0,-1.75E0,3.458118834468E0));
#6144=CARTESIAN_POINT('',(3.9698E0,-1.75E0,3.465979861898E0));
#6146=DIRECTION('',(-1.E0,0.E0,-2.219101139469E-13));
#6147=VECTOR('',#6146,3.302E-1);
#6148=CARTESIAN_POINT('',(4.3E0,-1.75E0,3.465979861898E0));
#6149=LINE('',#6148,#6147);
#6150=DIRECTION('',(0.E0,0.E0,1.E0));
#6151=VECTOR('',#6150,5.038271809007E-1);
#6152=CARTESIAN_POINT('',(3.9698E0,-1.75E0,3.465979861898E0));
#6153=LINE('',#6152,#6151);
#6154=CARTESIAN_POINT('',(3.7984E0,-1.75E0,3.4984E0));
#6155=DIRECTION('',(0.E0,1.E0,0.E0));
#6156=DIRECTION('',(3.417065390750E-1,0.E0,9.398067041437E-1));
#6157=AXIS2_PLACEMENT_3D('',#6154,#6155,#6156);
#6159=CARTESIAN_POINT('',(3.7984E0,1.75E0,3.4984E0));
#6160=DIRECTION('',(0.E0,1.E0,0.E0));
#6161=DIRECTION('',(3.417065390750E-1,0.E0,9.398067041437E-1));
#6162=AXIS2_PLACEMENT_3D('',#6159,#6160,#6161);
#6164=CARTESIAN_POINT('',(3.705224868894E0,-1.85E0,4.E0));
#6165=CARTESIAN_POINT('',(3.686377305700E0,-1.866621988344E0,4.E0));
#6166=CARTESIAN_POINT('',(3.652029139752E0,-1.903209623782E0,3.997946686654E0));
#6167=CARTESIAN_POINT('',(3.611720240766E0,-1.966619333288E0,3.984697130616E0));
#6168=CARTESIAN_POINT('',(3.584772149964E0,-2.034287402167E0,3.957697204733E0));
#6169=CARTESIAN_POINT('',(3.571652065446E0,-2.098501335529E0,3.916414666187E0));
#6170=CARTESIAN_POINT('',(3.5698E0,-2.133846226715E0,3.882891788327E0));
#6171=CARTESIAN_POINT('',(3.5698E0,-2.15E0,3.864575131106E0));
#6173=CARTESIAN_POINT('',(3.9698E0,-2.15E0,4.E0));
#6174=DIRECTION('',(0.E0,0.E0,-1.E0));
#6175=DIRECTION('',(-6.614378277661E-1,7.5E-1,0.E0));
#6176=AXIS2_PLACEMENT_3D('',#6173,#6174,#6175);
#6178=CARTESIAN_POINT('',(3.7984E0,-1.788583287603E0,4.E0));
#6179=CARTESIAN_POINT('',(3.816614642286E0,-1.779945088038E0,4.E0));
#6180=CARTESIAN_POINT('',(3.854061645197E0,-1.765533310353E0,3.998030069744E0));
#6181=CARTESIAN_POINT('',(3.912670144670E0,-1.752641177417E0,3.988034113896E0));
#6182=CARTESIAN_POINT('',(3.950946251211E0,-1.75E0,3.976662121847E0));
#6183=CARTESIAN_POINT('',(3.9698E0,-1.75E0,3.969807042798E0));
#6185=DIRECTION('',(0.E0,0.E0,1.E0));
#6186=VECTOR('',#6185,1.022201381023E-1);
#6187=CARTESIAN_POINT('',(3.9E0,-1.756137130463E0,3.396179861898E0));
#6188=LINE('',#6187,#6186);
#6189=CARTESIAN_POINT('',(3.9E0,-1.756137130463E0,3.4984E0));
#6190=CARTESIAN_POINT('',(3.9E0,-1.756137130463E0,3.509350174266E0));
#6191=CARTESIAN_POINT('',(3.896653383872E0,-1.756706640220E0,3.530076650167E0));
#6192=CARTESIAN_POINT('',(3.882036770547E0,-1.759595691213E0,3.558991432638E0));
#6193=CARTESIAN_POINT('',(3.859480781105E0,-1.765190589699E0,3.581699855379E0));
#6194=CARTESIAN_POINT('',(3.830381032819E0,-1.774612130495E0,3.596599682855E0));
#6195=CARTESIAN_POINT('',(3.809388650451E0,-1.783371977161E0,3.6E0));
#6196=CARTESIAN_POINT('',(3.7984E0,-1.788583287603E0,3.6E0));
#6198=CARTESIAN_POINT('',(3.9698E0,-2.15E0,3.6E0));
#6199=DIRECTION('',(0.E0,0.E0,1.E0));
#6200=DIRECTION('',(-4.285E-1,9.035417809930E-1,0.E0));
#6201=AXIS2_PLACEMENT_3D('',#6198,#6199,#6200);
#6203=DIRECTION('',(0.E0,0.E0,-1.E0));
#6204=VECTOR('',#6203,2.645751311065E-1);
#6205=CARTESIAN_POINT('',(3.5698E0,2.15E0,3.864575131106E0));
#6206=LINE('',#6205,#6204);
#6207=CARTESIAN_POINT('',(3.5698E0,1.85E0,3.6E0));
#6208=DIRECTION('',(1.E0,0.E0,0.E0));
#6209=DIRECTION('',(0.E0,1.E0,2.109423746788E-14));
#6210=AXIS2_PLACEMENT_3D('',#6207,#6208,#6209);
#6212=DIRECTION('',(0.E0,-1.E0,-1.776356839400E-14));
#6213=VECTOR('',#6212,1.E-1);
#6214=CARTESIAN_POINT('',(3.5698E0,2.25E0,3.6E0));
#6215=LINE('',#6214,#6213);
#6216=DIRECTION('',(0.E0,0.E0,1.E0));
#6217=VECTOR('',#6216,2.645751311065E-1);
#6218=CARTESIAN_POINT('',(3.5698E0,-2.15E0,3.6E0));
#6219=LINE('',#6218,#6217);
#6220=DIRECTION('',(0.E0,-1.E0,0.E0));
#6221=VECTOR('',#6220,1.E-1);
#6222=CARTESIAN_POINT('',(3.5698E0,-2.15E0,3.6E0));
#6223=LINE('',#6222,#6221);
#6224=CARTESIAN_POINT('',(3.5698E0,-1.85E0,3.6E0));
#6225=DIRECTION('',(1.E0,0.E0,0.E0));
#6226=DIRECTION('',(0.E0,-7.5E-1,6.614378277661E-1));
#6227=AXIS2_PLACEMENT_3D('',#6224,#6225,#6226);
#6229=CARTESIAN_POINT('',(3.9698E0,2.15E0,3.6E0));
#6230=DIRECTION('',(0.E0,0.E0,1.E0));
#6231=DIRECTION('',(-1.E0,0.E0,0.E0));
#6232=AXIS2_PLACEMENT_3D('',#6229,#6230,#6231);
#6234=CARTESIAN_POINT('',(3.7984E0,1.788583287603E0,3.6E0));
#6235=CARTESIAN_POINT('',(3.809391839700E0,1.783370464676E0,3.6E0));
#6236=CARTESIAN_POINT('',(3.830388946627E0,1.774609076092E0,3.596597816514E0));
#6237=CARTESIAN_POINT('',(3.859489527873E0,1.765188167717E0,3.581692901659E0));
#6238=CARTESIAN_POINT('',(3.882041014922E0,1.759594761931E0,3.558986618857E0));
#6239=CARTESIAN_POINT('',(3.896659337106E0,1.756705542700E0,3.530059073573E0));
#6240=CARTESIAN_POINT('',(3.9E0,1.756137130463E0,3.509342774563E0));
#6241=CARTESIAN_POINT('',(3.9E0,1.756137130463E0,3.4984E0));
#6243=DIRECTION('',(0.E0,0.E0,-1.E0));
#6244=VECTOR('',#6243,1.022201381023E-1);
#6245=CARTESIAN_POINT('',(3.9E0,1.756137130463E0,3.4984E0));
#6246=LINE('',#6245,#6244);
#6247=CARTESIAN_POINT('',(3.9E0,1.756137130463E0,3.396179861898E0));
#6248=CARTESIAN_POINT('',(3.907625812315E0,1.754785691318E0,3.403814148669E0));
#6249=CARTESIAN_POINT('',(3.922989106945E0,1.752520393984E0,3.419163833410E0));
#6250=CARTESIAN_POINT('',(3.946268062685E0,1.750463625689E0,3.442453186914E0));
#6251=CARTESIAN_POINT('',(3.961941981177E0,1.75E0,3.458112987925E0));
#6252=CARTESIAN_POINT('',(3.9698E0,1.75E0,3.465979861898E0));
#6254=CARTESIAN_POINT('',(3.9698E0,1.75E0,3.969807042798E0));
#6255=CARTESIAN_POINT('',(3.950946251211E0,1.75E0,3.976662121847E0));
#6256=CARTESIAN_POINT('',(3.912670144670E0,1.752641177417E0,3.988034113896E0));
#6257=CARTESIAN_POINT('',(3.854061645197E0,1.765533310353E0,3.998030069744E0));
#6258=CARTESIAN_POINT('',(3.816614642286E0,1.779945088038E0,4.E0));
#6259=CARTESIAN_POINT('',(3.7984E0,1.788583287603E0,4.E0));
#6261=CARTESIAN_POINT('',(3.9698E0,2.15E0,4.E0));
#6262=DIRECTION('',(0.E0,0.E0,-1.E0));
#6263=DIRECTION('',(-4.285E-1,-9.035417809930E-1,0.E0));
#6264=AXIS2_PLACEMENT_3D('',#6261,#6262,#6263);
#6266=CARTESIAN_POINT('',(3.5698E0,2.15E0,3.864575131106E0));
#6267=CARTESIAN_POINT('',(3.5698E0,2.133846074591E0,3.882891960819E0));
#6268=CARTESIAN_POINT('',(3.571652130484E0,2.098500888789E0,3.916415000301E0));
#6269=CARTESIAN_POINT('',(3.584772168151E0,2.034287367864E0,3.957697206743E0));
#6270=CARTESIAN_POINT('',(3.611720349434E0,1.966619106122E0,3.984697207840E0));
#6271=CARTESIAN_POINT('',(3.652029200734E0,1.903209565763E0,3.997946682868E0));
#6272=CARTESIAN_POINT('',(3.686377331235E0,1.866621965824E0,4.E0));
#6273=CARTESIAN_POINT('',(3.705224868894E0,1.85E0,4.E0));
#6275=DIRECTION('',(1.E0,0.E0,0.E0));
#6276=VECTOR('',#6275,1.2E0);
#6277=CARTESIAN_POINT('',(-6.E-1,1.65E0,3.6E0));
#6278=LINE('',#6277,#6276);
#6279=DIRECTION('',(0.E0,-1.E0,0.E0));
#6280=VECTOR('',#6279,3.577166575206E0);
#6281=CARTESIAN_POINT('',(-3.7984E0,1.788583287603E0,3.6E0));
#6282=LINE('',#6281,#6280);
#6283=DIRECTION('',(0.E0,0.E0,1.E0));
#6284=VECTOR('',#6283,1.632148336542E0);
#6285=CARTESIAN_POINT('',(6.E-1,1.85E0,1.667851663458E0));
#6286=LINE('',#6285,#6284);
#6287=DIRECTION('',(1.E0,0.E0,0.E0));
#6288=VECTOR('',#6287,2.6698E0);
#6289=CARTESIAN_POINT('',(9.E-1,1.85E0,3.6E0));
#6290=LINE('',#6289,#6288);
#6291=CARTESIAN_POINT('',(4.303498165334E0,1.85E0,3.756003244150E0));
#6292=DIRECTION('',(0.E0,-1.E0,0.E0));
#6293=DIRECTION('',(-9.781338026052E-1,0.E0,-2.079765953204E-1));
#6294=AXIS2_PLACEMENT_3D('',#6291,#6292,#6293);
#6296=DIRECTION('',(0.E0,0.E0,-1.E0));
#6297=VECTOR('',#6296,3.2E0);
#6298=CARTESIAN_POINT('',(3.8E0,1.85E0,3.2E0));
#6299=LINE('',#6298,#6297);
#6300=DIRECTION('',(-1.E0,0.E0,0.E0));
#6301=VECTOR('',#6300,6.831E-1);
#6302=CARTESIAN_POINT('',(3.8E0,1.85E0,0.E0));
#6303=LINE('',#6302,#6301);
#6304=DIRECTION('',(0.E0,0.E0,-1.E0));
#6305=VECTOR('',#6304,2.34E-2);
#6306=CARTESIAN_POINT('',(3.1169E0,1.85E0,0.E0));
#6307=LINE('',#6306,#6305);
#6308=DIRECTION('',(-1.E0,0.E0,0.E0));
#6309=VECTOR('',#6308,6.84E-1);
#6310=CARTESIAN_POINT('',(3.1169E0,1.85E0,-2.34E-2));
#6311=LINE('',#6310,#6309);
#6312=DIRECTION('',(0.E0,0.E0,1.E0));
#6313=VECTOR('',#6312,9.15E-1);
#6314=CARTESIAN_POINT('',(2.4329E0,1.85E0,-2.34E-2));
#6315=LINE('',#6314,#6313);
#6316=DIRECTION('',(-1.E0,0.E0,0.E0));
#6317=VECTOR('',#6316,4.8658E0);
#6318=CARTESIAN_POINT('',(2.4329E0,1.85E0,8.916E-1));
#6319=LINE('',#6318,#6317);
#6320=DIRECTION('',(0.E0,0.E0,-1.E0));
#6321=VECTOR('',#6320,9.15E-1);
#6322=CARTESIAN_POINT('',(-2.4329E0,1.85E0,8.916E-1));
#6323=LINE('',#6322,#6321);
#6324=DIRECTION('',(1.E0,0.E0,0.E0));
#6325=VECTOR('',#6324,6.84E-1);
#6326=CARTESIAN_POINT('',(-3.1169E0,1.85E0,-2.34E-2));
#6327=LINE('',#6326,#6325);
#6328=DIRECTION('',(0.E0,0.E0,1.E0));
#6329=VECTOR('',#6328,2.34E-2);
#6330=CARTESIAN_POINT('',(-3.1169E0,1.85E0,-2.34E-2));
#6331=LINE('',#6330,#6329);
#6332=DIRECTION('',(-1.E0,0.E0,0.E0));
#6333=VECTOR('',#6332,6.831E-1);
#6334=CARTESIAN_POINT('',(-3.1169E0,1.85E0,0.E0));
#6335=LINE('',#6334,#6333);
#6336=DIRECTION('',(0.E0,0.E0,1.E0));
#6337=VECTOR('',#6336,3.2E0);
#6338=CARTESIAN_POINT('',(-3.8E0,1.85E0,0.E0));
#6339=LINE('',#6338,#6337);
#6340=CARTESIAN_POINT('',(-4.303498165334E0,1.85E0,3.756003244150E0));
#6341=DIRECTION('',(0.E0,-1.E0,0.E0));
#6342=DIRECTION('',(6.712413882605E-1,0.E0,-7.412388270228E-1));
#6343=AXIS2_PLACEMENT_3D('',#6340,#6341,#6342);
#6345=DIRECTION('',(1.E0,0.E0,0.E0));
#6346=VECTOR('',#6345,2.6698E0);
#6347=CARTESIAN_POINT('',(-3.5698E0,1.85E0,3.6E0));
#6348=LINE('',#6347,#6346);
#6349=DIRECTION('',(0.E0,0.E0,1.E0));
#6350=VECTOR('',#6349,1.632148336542E0);
#6351=CARTESIAN_POINT('',(-6.E-1,1.85E0,1.667851663458E0));
#6352=LINE('',#6351,#6350);
#6353=DIRECTION('',(-1.E0,0.E0,0.E0));
#6354=VECTOR('',#6353,1.2E0);
#6355=CARTESIAN_POINT('',(6.E-1,1.85E0,1.667851663458E0));
#6356=LINE('',#6355,#6354);
#6357=DIRECTION('',(0.E0,1.E0,0.E0));
#6358=VECTOR('',#6357,4.E-1);
#6359=CARTESIAN_POINT('',(-6.E-1,1.85E0,3.3E0));
#6360=LINE('',#6359,#6358);
#6361=DIRECTION('',(1.E0,-2.457714565383E-14,0.E0));
#6362=VECTOR('',#6361,3.613838776114E-2);
#6363=CARTESIAN_POINT('',(-6.E-1,2.25E0,3.3E0));
#6364=LINE('',#6363,#6362);
#6365=CARTESIAN_POINT('',(-5.638616122389E-1,2.119687387799E0,3.3E0));
#6366=DIRECTION('',(0.E0,0.E0,1.E0));
#6367=DIRECTION('',(8.950491679457E-1,4.459674729840E-1,0.E0));
#6368=AXIS2_PLACEMENT_3D('',#6365,#6366,#6367);
#6370=CARTESIAN_POINT('',(0.E0,2.400637247682E0,3.3E0));
#6371=DIRECTION('',(0.E0,0.E0,-1.E0));
#6372=DIRECTION('',(8.950491679457E-1,-4.459674729840E-1,0.E0));
#6373=AXIS2_PLACEMENT_3D('',#6370,#6371,#6372);
#6375=CARTESIAN_POINT('',(5.638616122389E-1,2.119687387799E0,3.3E0));
#6376=DIRECTION('',(0.E0,0.E0,1.E0));
#6377=DIRECTION('',(0.E0,1.E0,0.E0));
#6378=AXIS2_PLACEMENT_3D('',#6375,#6376,#6377);
#6380=DIRECTION('',(1.E0,0.E0,1.228857282692E-14));
#6381=VECTOR('',#6380,3.613838776114E-2);
#6382=CARTESIAN_POINT('',(5.638616122389E-1,2.25E0,3.3E0));
#6383=LINE('',#6382,#6381);
#6384=DIRECTION('',(0.E0,-1.E0,0.E0));
#6385=VECTOR('',#6384,4.E-1);
#6386=CARTESIAN_POINT('',(6.E-1,2.25E0,3.3E0));
#6387=LINE('',#6386,#6385);
#6388=CARTESIAN_POINT('',(0.E0,2.207318726442E0,3.3E0));
#6389=DIRECTION('',(0.E0,0.E0,1.E0));
#6390=DIRECTION('',(-8.591821771428E-1,-5.116698021968E-1,0.E0));
#6391=AXIS2_PLACEMENT_3D('',#6388,#6389,#6390);
#6393=CARTESIAN_POINT('',(-6.E-1,2.25E0,3.6E0));
#6394=DIRECTION('',(0.E0,-1.E0,0.E0));
#6395=DIRECTION('',(-1.E0,0.E0,0.E0));
#6396=AXIS2_PLACEMENT_3D('',#6393,#6394,#6395);
#6398=CARTESIAN_POINT('',(-6.E-1,1.85E0,3.6E0));
#6399=DIRECTION('',(0.E0,1.E0,0.E0));
#6400=DIRECTION('',(0.E0,0.E0,-1.E0));
#6401=AXIS2_PLACEMENT_3D('',#6398,#6399,#6400);
#6403=DIRECTION('',(0.E0,1.E0,0.E0));
#6404=VECTOR('',#6403,1.E-1);
#6405=CARTESIAN_POINT('',(-9.E-1,1.85E0,3.6E0));
#6406=LINE('',#6405,#6404);
#6407=DIRECTION('',(0.E0,1.E0,0.E0));
#6408=VECTOR('',#6407,3.E-1);
#6409=CARTESIAN_POINT('',(-9.E-1,1.95E0,3.6E0));
#6410=LINE('',#6409,#6408);
#6411=DIRECTION('',(0.E0,0.E0,-1.E0));
#6412=VECTOR('',#6411,3.872983346207E-1);
#6413=CARTESIAN_POINT('',(-9.E-1,1.95E0,3.987298334621E0));
#6414=LINE('',#6413,#6412);
#6415=CARTESIAN_POINT('',(-6.E-1,1.95E0,4.E0));
#6416=DIRECTION('',(0.E0,0.E0,-1.E0));
#6417=DIRECTION('',(0.E0,-1.E0,0.E0));
#6418=AXIS2_PLACEMENT_3D('',#6415,#6416,#6417);
#6420=CARTESIAN_POINT('',(-8.828427124746E-1,1.85E0,4.E0));
#6421=CARTESIAN_POINT('',(-8.885972279559E-1,1.866276227677E0,4.E0));
#6422=CARTESIAN_POINT('',(-8.971977707339E-1,1.899560373291E0,
3.998001217501E0));
#6423=CARTESIAN_POINT('',(-9.E-1,1.933287086254E0,3.991613590394E0));
#6424=CARTESIAN_POINT('',(-9.E-1,1.95E0,3.987298334621E0));
#6426=CARTESIAN_POINT('',(-6.E-1,1.95E0,3.6E0));
#6427=DIRECTION('',(0.E0,0.E0,1.E0));
#6428=DIRECTION('',(-1.E0,0.E0,0.E0));
#6429=AXIS2_PLACEMENT_3D('',#6426,#6427,#6428);
#6431=DIRECTION('',(0.E0,0.E0,-1.E0));
#6432=VECTOR('',#6431,4.E-1);
#6433=CARTESIAN_POINT('',(-6.E-1,1.65E0,4.E0));
#6434=LINE('',#6433,#6432);
#6435=DIRECTION('',(0.E0,0.E0,-1.E0));
#6436=VECTOR('',#6435,4.E-1);
#6437=CARTESIAN_POINT('',(6.E-1,1.65E0,4.E0));
#6438=LINE('',#6437,#6436);
#6439=CARTESIAN_POINT('',(9.E-1,1.95E0,3.987298334621E0));
#6440=CARTESIAN_POINT('',(9.E-1,1.933288543554E0,3.991613214121E0));
#6441=CARTESIAN_POINT('',(8.971982778123E-1,1.899563389278E0,3.998000848179E0));
#6442=CARTESIAN_POINT('',(8.885977298081E-1,1.866277647129E0,4.E0));
#6443=CARTESIAN_POINT('',(8.828427124746E-1,1.85E0,4.E0));
#6445=CARTESIAN_POINT('',(6.E-1,1.95E0,4.E0));
#6446=DIRECTION('',(0.E0,0.E0,-1.E0));
#6447=DIRECTION('',(9.428090415821E-1,-3.333333333333E-1,0.E0));
#6448=AXIS2_PLACEMENT_3D('',#6445,#6446,#6447);
#6450=CARTESIAN_POINT('',(6.E-1,1.95E0,3.6E0));
#6451=DIRECTION('',(0.E0,0.E0,1.E0));
#6452=DIRECTION('',(0.E0,-1.E0,0.E0));
#6453=AXIS2_PLACEMENT_3D('',#6450,#6451,#6452);
#6455=DIRECTION('',(0.E0,-1.E0,0.E0));
#6456=VECTOR('',#6455,3.E-1);
#6457=CARTESIAN_POINT('',(9.E-1,2.25E0,3.6E0));
#6458=LINE('',#6457,#6456);
#6459=DIRECTION('',(0.E0,0.E0,-1.E0));
#6460=VECTOR('',#6459,3.872983346207E-1);
#6461=CARTESIAN_POINT('',(9.E-1,1.95E0,3.987298334621E0));
#6462=LINE('',#6461,#6460);
#6463=CARTESIAN_POINT('',(6.E-1,2.25E0,3.6E0));
#6464=DIRECTION('',(0.E0,-1.E0,0.E0));
#6465=DIRECTION('',(0.E0,0.E0,-1.E0));
#6466=AXIS2_PLACEMENT_3D('',#6463,#6464,#6465);
#6468=DIRECTION('',(0.E0,-1.E0,0.E0));
#6469=VECTOR('',#6468,1.E-1);
#6470=CARTESIAN_POINT('',(9.E-1,1.95E0,3.6E0));
#6471=LINE('',#6470,#6469);
#6472=CARTESIAN_POINT('',(6.E-1,1.85E0,3.6E0));
#6473=DIRECTION('',(0.E0,1.E0,0.E0));
#6474=DIRECTION('',(1.E0,0.E0,0.E0));
#6475=AXIS2_PLACEMENT_3D('',#6472,#6473,#6474);
#6477=DIRECTION('',(-1.E0,0.E0,0.E0));
#6478=VECTOR('',#6477,2.6698E0);
#6479=CARTESIAN_POINT('',(3.5698E0,2.25E0,3.6E0));
#6480=LINE('',#6479,#6478);
#6481=DIRECTION('',(-1.E0,0.E0,0.E0));
#6482=VECTOR('',#6481,7.479205260132E-1);
#6483=CARTESIAN_POINT('',(3.739602630066E-1,2.25E0,1.667851663458E0));
#6484=LINE('',#6483,#6482);
#6485=DIRECTION('',(0.E0,8.853458358279E-10,1.E0));
#6486=VECTOR('',#6485,1.532148336542E0);
#6487=CARTESIAN_POINT('',(-5.638616122389E-1,2.249999998644E0,
1.767851663458E0));
#6488=LINE('',#6487,#6486);
#6489=DIRECTION('',(-1.E0,0.E0,0.E0));
#6490=VECTOR('',#6489,2.6698E0);
#6491=CARTESIAN_POINT('',(-9.E-1,2.25E0,3.6E0));
#6492=LINE('',#6491,#6490);
#6493=CARTESIAN_POINT('',(-4.303498165334E0,2.25E0,3.756003244150E0));
#6494=DIRECTION('',(0.E0,-1.E0,0.E0));
#6495=DIRECTION('',(6.712413882605E-1,0.E0,-7.412388270228E-1));
#6496=AXIS2_PLACEMENT_3D('',#6493,#6494,#6495);
#6498=DIRECTION('',(0.E0,0.E0,1.E0));
#6499=VECTOR('',#6498,3.2E0);
#6500=CARTESIAN_POINT('',(-3.8E0,2.25E0,0.E0));
#6501=LINE('',#6500,#6499);
#6502=DIRECTION('',(-1.E0,0.E0,0.E0));
#6503=VECTOR('',#6502,6.831E-1);
#6504=CARTESIAN_POINT('',(-3.1169E0,2.25E0,0.E0));
#6505=LINE('',#6504,#6503);
#6506=DIRECTION('',(0.E0,0.E0,1.E0));
#6507=VECTOR('',#6506,1.234E-1);
#6508=CARTESIAN_POINT('',(-3.1169E0,2.25E0,-1.234E-1));
#6509=LINE('',#6508,#6507);
#6510=DIRECTION('',(-1.E0,0.E0,0.E0));
#6511=VECTOR('',#6510,6.84E-1);
#6512=CARTESIAN_POINT('',(-2.4329E0,2.25E0,-1.234E-1));
#6513=LINE('',#6512,#6511);
#6514=DIRECTION('',(0.E0,0.E0,-1.E0));
#6515=VECTOR('',#6514,1.015E0);
#6516=CARTESIAN_POINT('',(-2.4329E0,2.25E0,8.916E-1));
#6517=LINE('',#6516,#6515);
#6518=DIRECTION('',(-1.E0,0.E0,0.E0));
#6519=VECTOR('',#6518,4.8658E0);
#6520=CARTESIAN_POINT('',(2.4329E0,2.25E0,8.916E-1));
#6521=LINE('',#6520,#6519);
#6522=DIRECTION('',(0.E0,0.E0,1.E0));
#6523=VECTOR('',#6522,1.015E0);
#6524=CARTESIAN_POINT('',(2.4329E0,2.25E0,-1.234E-1));
#6525=LINE('',#6524,#6523);
#6526=DIRECTION('',(-1.E0,0.E0,0.E0));
#6527=VECTOR('',#6526,6.84E-1);
#6528=CARTESIAN_POINT('',(3.1169E0,2.25E0,-1.234E-1));
#6529=LINE('',#6528,#6527);
#6530=DIRECTION('',(0.E0,0.E0,-1.E0));
#6531=VECTOR('',#6530,1.234E-1);
#6532=CARTESIAN_POINT('',(3.1169E0,2.25E0,0.E0));
#6533=LINE('',#6532,#6531);
#6534=DIRECTION('',(-1.E0,0.E0,0.E0));
#6535=VECTOR('',#6534,6.831E-1);
#6536=CARTESIAN_POINT('',(3.8E0,2.25E0,0.E0));
#6537=LINE('',#6536,#6535);
#6538=DIRECTION('',(0.E0,0.E0,-1.E0));
#6539=VECTOR('',#6538,3.2E0);
#6540=CARTESIAN_POINT('',(3.8E0,2.25E0,3.2E0));
#6541=LINE('',#6540,#6539);
#6542=CARTESIAN_POINT('',(4.303498165334E0,2.25E0,3.756003244150E0));
#6543=DIRECTION('',(0.E0,-1.E0,0.E0));
#6544=DIRECTION('',(-9.781338026052E-1,0.E0,-2.079765953204E-1));
#6545=AXIS2_PLACEMENT_3D('',#6542,#6543,#6544);
#6547=CARTESIAN_POINT('',(-9.E-1,1.85E0,3.6E0));
#6548=DIRECTION('',(-1.E0,0.E0,0.E0));
#6549=DIRECTION('',(0.E0,2.5E-1,9.682458365519E-1));
#6550=AXIS2_PLACEMENT_3D('',#6547,#6548,#6549);
#6552=DIRECTION('',(-1.E0,0.E0,0.E0));
#6553=VECTOR('',#6552,2.822382156419E0);
#6554=CARTESIAN_POINT('',(-8.828427124746E-1,1.85E0,4.E0));
#6555=LINE('',#6554,#6553);
#6556=DIRECTION('',(-1.E0,0.E0,0.E0));
#6557=VECTOR('',#6556,2.822382156419E0);
#6558=CARTESIAN_POINT('',(3.705224868894E0,1.85E0,4.E0));
#6559=LINE('',#6558,#6557);
#6560=CARTESIAN_POINT('',(9.E-1,1.85E0,3.6E0));
#6561=DIRECTION('',(-1.E0,0.E0,0.E0));
#6562=DIRECTION('',(0.E0,2.5E-1,9.682458365519E-1));
#6563=AXIS2_PLACEMENT_3D('',#6560,#6561,#6562);
#6565=DIRECTION('',(1.E0,0.E0,0.E0));
#6566=VECTOR('',#6565,1.2E0);
#6567=CARTESIAN_POINT('',(-6.E-1,1.65E0,4.E0));
#6568=LINE('',#6567,#6566);
#6569=DIRECTION('',(0.E0,-1.E0,0.E0));
#6570=VECTOR('',#6569,3.577166575206E0);
#6571=CARTESIAN_POINT('',(3.7984E0,1.788583287603E0,4.E0));
#6572=LINE('',#6571,#6570);
#6573=DIRECTION('',(1.E0,0.E0,0.E0));
#6574=VECTOR('',#6573,7.410449737787E0);
#6575=CARTESIAN_POINT('',(-3.705224868894E0,-1.85E0,4.E0));
#6576=LINE('',#6575,#6574);
#6577=DIRECTION('',(1.E0,0.E0,0.E0));
#6578=VECTOR('',#6577,7.1396E0);
#6579=CARTESIAN_POINT('',(-3.5698E0,-2.25E0,3.6E0));
#6580=LINE('',#6579,#6578);
#6581=CARTESIAN_POINT('',(4.303498165334E0,-2.25E0,3.756003244150E0));
#6582=DIRECTION('',(0.E0,1.E0,0.E0));
#6583=DIRECTION('',(-6.712413882605E-1,0.E0,-7.412388270228E-1));
#6584=AXIS2_PLACEMENT_3D('',#6581,#6582,#6583);
#6586=DIRECTION('',(0.E0,0.E0,1.E0));
#6587=VECTOR('',#6586,3.2E0);
#6588=CARTESIAN_POINT('',(3.8E0,-2.25E0,0.E0));
#6589=LINE('',#6588,#6587);
#6590=DIRECTION('',(1.E0,0.E0,0.E0));
#6591=VECTOR('',#6590,6.831E-1);
#6592=CARTESIAN_POINT('',(3.1169E0,-2.25E0,0.E0));
#6593=LINE('',#6592,#6591);
#6594=DIRECTION('',(0.E0,0.E0,1.E0));
#6595=VECTOR('',#6594,1.234E-1);
#6596=CARTESIAN_POINT('',(3.1169E0,-2.25E0,-1.234E-1));
#6597=LINE('',#6596,#6595);
#6598=DIRECTION('',(1.E0,0.E0,0.E0));
#6599=VECTOR('',#6598,6.84E-1);
#6600=CARTESIAN_POINT('',(2.4329E0,-2.25E0,-1.234E-1));
#6601=LINE('',#6600,#6599);
#6602=DIRECTION('',(0.E0,0.E0,-1.E0));
#6603=VECTOR('',#6602,1.015E0);
#6604=CARTESIAN_POINT('',(2.4329E0,-2.25E0,8.916E-1));
#6605=LINE('',#6604,#6603);
#6606=DIRECTION('',(1.E0,0.E0,0.E0));
#6607=VECTOR('',#6606,3.329E-1);
#6608=CARTESIAN_POINT('',(2.1E0,-2.25E0,8.916E-1));
#6609=LINE('',#6608,#6607);
#6610=DIRECTION('',(0.E0,0.E0,-1.E0));
#6611=VECTOR('',#6610,2.3084E0);
#6612=CARTESIAN_POINT('',(2.1E0,-2.25E0,3.2E0));
#6613=LINE('',#6612,#6611);
#6614=DIRECTION('',(1.E0,0.E0,0.E0));
#6615=VECTOR('',#6614,4.2E0);
#6616=CARTESIAN_POINT('',(-2.1E0,-2.25E0,3.2E0));
#6617=LINE('',#6616,#6615);
#6618=DIRECTION('',(0.E0,0.E0,1.E0));
#6619=VECTOR('',#6618,2.3084E0);
#6620=CARTESIAN_POINT('',(-2.1E0,-2.25E0,8.916E-1));
#6621=LINE('',#6620,#6619);
#6622=DIRECTION('',(1.E0,0.E0,0.E0));
#6623=VECTOR('',#6622,3.329E-1);
#6624=CARTESIAN_POINT('',(-2.4329E0,-2.25E0,8.916E-1));
#6625=LINE('',#6624,#6623);
#6626=DIRECTION('',(0.E0,0.E0,1.E0));
#6627=VECTOR('',#6626,1.015E0);
#6628=CARTESIAN_POINT('',(-2.4329E0,-2.25E0,-1.234E-1));
#6629=LINE('',#6628,#6627);
#6630=DIRECTION('',(1.E0,0.E0,0.E0));
#6631=VECTOR('',#6630,6.84E-1);
#6632=CARTESIAN_POINT('',(-3.1169E0,-2.25E0,-1.234E-1));
#6633=LINE('',#6632,#6631);
#6634=DIRECTION('',(0.E0,0.E0,-1.E0));
#6635=VECTOR('',#6634,1.234E-1);
#6636=CARTESIAN_POINT('',(-3.1169E0,-2.25E0,0.E0));
#6637=LINE('',#6636,#6635);
#6638=DIRECTION('',(1.E0,0.E0,0.E0));
#6639=VECTOR('',#6638,6.831E-1);
#6640=CARTESIAN_POINT('',(-3.8E0,-2.25E0,0.E0));
#6641=LINE('',#6640,#6639);
#6642=DIRECTION('',(0.E0,0.E0,-1.E0));
#6643=VECTOR('',#6642,3.2E0);
#6644=CARTESIAN_POINT('',(-3.8E0,-2.25E0,3.2E0));
#6645=LINE('',#6644,#6643);
#6646=CARTESIAN_POINT('',(-4.303498165334E0,-2.25E0,3.756003244150E0));
#6647=DIRECTION('',(0.E0,1.E0,0.E0));
#6648=DIRECTION('',(9.781338026052E-1,0.E0,-2.079765953204E-1));
#6649=AXIS2_PLACEMENT_3D('',#6646,#6647,#6648);
#6651=DIRECTION('',(0.E0,1.E0,0.E0));
#6652=VECTOR('',#6651,3.E-1);
#6653=CARTESIAN_POINT('',(3.5698E0,-2.15E0,3.6E0));
#6654=LINE('',#6653,#6652);
#6655=DIRECTION('',(0.E0,-1.E0,0.E0));
#6656=VECTOR('',#6655,4.E-1);
#6657=CARTESIAN_POINT('',(3.8E0,-1.85E0,3.2E0));
#6658=LINE('',#6657,#6656);
#6659=CARTESIAN_POINT('',(-4.303498165334E0,-1.85E0,3.756003244150E0));
#6660=DIRECTION('',(0.E0,1.E0,0.E0));
#6661=DIRECTION('',(9.781338026052E-1,0.E0,-2.079765953204E-1));
#6662=AXIS2_PLACEMENT_3D('',#6659,#6660,#6661);
#6664=DIRECTION('',(0.E0,0.E0,-1.E0));
#6665=VECTOR('',#6664,3.2E0);
#6666=CARTESIAN_POINT('',(-3.8E0,-1.85E0,3.2E0));
#6667=LINE('',#6666,#6665);
#6668=DIRECTION('',(1.E0,0.E0,0.E0));
#6669=VECTOR('',#6668,6.831E-1);
#6670=CARTESIAN_POINT('',(-3.8E0,-1.85E0,0.E0));
#6671=LINE('',#6670,#6669);
#6672=DIRECTION('',(0.E0,0.E0,-1.E0));
#6673=VECTOR('',#6672,2.34E-2);
#6674=CARTESIAN_POINT('',(-3.1169E0,-1.85E0,0.E0));
#6675=LINE('',#6674,#6673);
#6676=DIRECTION('',(1.E0,0.E0,0.E0));
#6677=VECTOR('',#6676,6.84E-1);
#6678=CARTESIAN_POINT('',(-3.1169E0,-1.85E0,-2.34E-2));
#6679=LINE('',#6678,#6677);
#6680=DIRECTION('',(0.E0,0.E0,1.E0));
#6681=VECTOR('',#6680,9.15E-1);
#6682=CARTESIAN_POINT('',(-2.4329E0,-1.85E0,-2.34E-2));
#6683=LINE('',#6682,#6681);
#6684=DIRECTION('',(1.E0,0.E0,0.E0));
#6685=VECTOR('',#6684,3.329E-1);
#6686=CARTESIAN_POINT('',(-2.4329E0,-1.85E0,8.916E-1));
#6687=LINE('',#6686,#6685);
#6688=DIRECTION('',(0.E0,0.E0,1.E0));
#6689=VECTOR('',#6688,2.3084E0);
#6690=CARTESIAN_POINT('',(-2.1E0,-1.85E0,8.916E-1));
#6691=LINE('',#6690,#6689);
#6692=DIRECTION('',(1.E0,0.E0,0.E0));
#6693=VECTOR('',#6692,4.2E0);
#6694=CARTESIAN_POINT('',(-2.1E0,-1.85E0,3.2E0));
#6695=LINE('',#6694,#6693);
#6696=DIRECTION('',(0.E0,0.E0,-1.E0));
#6697=VECTOR('',#6696,2.3084E0);
#6698=CARTESIAN_POINT('',(2.1E0,-1.85E0,3.2E0));
#6699=LINE('',#6698,#6697);
#6700=DIRECTION('',(1.E0,0.E0,0.E0));
#6701=VECTOR('',#6700,3.329E-1);
#6702=CARTESIAN_POINT('',(2.1E0,-1.85E0,8.916E-1));
#6703=LINE('',#6702,#6701);
#6704=DIRECTION('',(0.E0,0.E0,-1.E0));
#6705=VECTOR('',#6704,9.15E-1);
#6706=CARTESIAN_POINT('',(2.4329E0,-1.85E0,8.916E-1));
#6707=LINE('',#6706,#6705);
#6708=DIRECTION('',(-1.E0,0.E0,0.E0));
#6709=VECTOR('',#6708,6.84E-1);
#6710=CARTESIAN_POINT('',(3.1169E0,-1.85E0,-2.34E-2));
#6711=LINE('',#6710,#6709);
#6712=DIRECTION('',(0.E0,0.E0,1.E0));
#6713=VECTOR('',#6712,2.34E-2);
#6714=CARTESIAN_POINT('',(3.1169E0,-1.85E0,-2.34E-2));
#6715=LINE('',#6714,#6713);
#6716=DIRECTION('',(1.E0,0.E0,0.E0));
#6717=VECTOR('',#6716,6.831E-1);
#6718=CARTESIAN_POINT('',(3.1169E0,-1.85E0,0.E0));
#6719=LINE('',#6718,#6717);
#6720=DIRECTION('',(0.E0,0.E0,1.E0));
#6721=VECTOR('',#6720,3.2E0);
#6722=CARTESIAN_POINT('',(3.8E0,-1.85E0,0.E0));
#6723=LINE('',#6722,#6721);
#6724=CARTESIAN_POINT('',(4.303498165334E0,-1.85E0,3.756003244150E0));
#6725=DIRECTION('',(0.E0,1.E0,0.E0));
#6726=DIRECTION('',(-6.712413882605E-1,0.E0,-7.412388270228E-1));
#6727=AXIS2_PLACEMENT_3D('',#6724,#6725,#6726);
#6729=DIRECTION('',(1.E0,0.E0,0.E0));
#6730=VECTOR('',#6729,7.1396E0);
#6731=CARTESIAN_POINT('',(-3.5698E0,-1.85E0,3.6E0));
#6732=LINE('',#6731,#6730);
#6733=DIRECTION('',(0.E0,1.E0,0.E0));
#6734=VECTOR('',#6733,3.E-1);
#6735=CARTESIAN_POINT('',(-3.5698E0,-2.15E0,3.6E0));
#6736=LINE('',#6735,#6734);
#6737=DIRECTION('',(0.E0,-1.E0,0.E0));
#6738=VECTOR('',#6737,4.E-1);
#6739=CARTESIAN_POINT('',(-3.8E0,-1.85E0,3.2E0));
#6740=LINE('',#6739,#6738);
#6741=DIRECTION('',(0.E0,-1.E0,0.E0));
#6742=VECTOR('',#6741,4.E-1);
#6743=CARTESIAN_POINT('',(-3.8E0,-1.85E0,0.E0));
#6744=LINE('',#6743,#6742);
#6745=CARTESIAN_POINT('',(-3.1169E0,-1.95E0,-1.234E-1));
#6746=DIRECTION('',(-1.E0,0.E0,0.E0));
#6747=DIRECTION('',(0.E0,0.E0,-1.E0));
#6748=AXIS2_PLACEMENT_3D('',#6745,#6746,#6747);
#6750=DIRECTION('',(0.E0,1.E0,0.E0));
#6751=VECTOR('',#6750,6.199952794187E-1);
#6752=CARTESIAN_POINT('',(-3.1169E0,-1.95E0,-4.234E-1));
#6753=LINE('',#6752,#6751);
#6754=DIRECTION('',(0.E0,0.E0,-1.E0));
#6755=VECTOR('',#6754,4.E-1);
#6756=CARTESIAN_POINT('',(-3.1169E0,-1.330004720581E0,-2.34E-2));
#6757=LINE('',#6756,#6755);
#6758=DIRECTION('',(0.E0,-1.E0,0.E0));
#6759=VECTOR('',#6758,4.E-1);
#6760=CARTESIAN_POINT('',(-3.1169E0,-1.85E0,0.E0));
#6761=LINE('',#6760,#6759);
#6762=CARTESIAN_POINT('',(-2.4329E0,-1.95E0,-1.234E-1));
#6763=DIRECTION('',(1.E0,0.E0,0.E0));
#6764=DIRECTION('',(0.E0,-1.E0,0.E0));
#6765=AXIS2_PLACEMENT_3D('',#6762,#6763,#6764);
#6767=DIRECTION('',(0.E0,0.E0,-1.E0));
#6768=VECTOR('',#6767,4.E-1);
#6769=CARTESIAN_POINT('',(-2.4329E0,-1.330004720581E0,-2.34E-2));
#6770=LINE('',#6769,#6768);
#6771=DIRECTION('',(0.E0,-1.E0,0.E0));
#6772=VECTOR('',#6771,6.199952794187E-1);
#6773=CARTESIAN_POINT('',(-2.4329E0,-1.330004720581E0,-4.234E-1));
#6774=LINE('',#6773,#6772);
#6775=DIRECTION('',(0.E0,-1.E0,0.E0));
#6776=VECTOR('',#6775,4.E-1);
#6777=CARTESIAN_POINT('',(-2.4329E0,-1.85E0,8.916E-1));
#6778=LINE('',#6777,#6776);
#6779=DIRECTION('',(0.E0,-1.E0,0.E0));
#6780=VECTOR('',#6779,4.E-1);
#6781=CARTESIAN_POINT('',(-2.1E0,-1.85E0,8.916E-1));
#6782=LINE('',#6781,#6780);
#6783=DIRECTION('',(0.E0,-1.E0,0.E0));
#6784=VECTOR('',#6783,4.E-1);
#6785=CARTESIAN_POINT('',(-2.1E0,-1.85E0,3.2E0));
#6786=LINE('',#6785,#6784);
#6787=DIRECTION('',(0.E0,-1.E0,0.E0));
#6788=VECTOR('',#6787,4.E-1);
#6789=CARTESIAN_POINT('',(2.1E0,-1.85E0,3.2E0));
#6790=LINE('',#6789,#6788);
#6791=DIRECTION('',(0.E0,-1.E0,0.E0));
#6792=VECTOR('',#6791,4.E-1);
#6793=CARTESIAN_POINT('',(2.1E0,-1.85E0,8.916E-1));
#6794=LINE('',#6793,#6792);
#6795=CARTESIAN_POINT('',(2.4329E0,-1.95E0,-1.234E-1));
#6796=DIRECTION('',(-1.E0,0.E0,0.E0));
#6797=DIRECTION('',(0.E0,0.E0,-1.E0));
#6798=AXIS2_PLACEMENT_3D('',#6795,#6796,#6797);
#6800=DIRECTION('',(0.E0,1.E0,0.E0));
#6801=VECTOR('',#6800,6.199952794187E-1);
#6802=CARTESIAN_POINT('',(2.4329E0,-1.95E0,-4.234E-1));
#6803=LINE('',#6802,#6801);
#6804=DIRECTION('',(0.E0,0.E0,-1.E0));
#6805=VECTOR('',#6804,4.E-1);
#6806=CARTESIAN_POINT('',(2.4329E0,-1.330004720581E0,-2.34E-2));
#6807=LINE('',#6806,#6805);
#6808=DIRECTION('',(0.E0,-1.E0,0.E0));
#6809=VECTOR('',#6808,4.E-1);
#6810=CARTESIAN_POINT('',(2.4329E0,-1.85E0,8.916E-1));
#6811=LINE('',#6810,#6809);
#6812=CARTESIAN_POINT('',(3.1169E0,-1.95E0,-1.234E-1));
#6813=DIRECTION('',(1.E0,0.E0,0.E0));
#6814=DIRECTION('',(0.E0,-1.E0,0.E0));
#6815=AXIS2_PLACEMENT_3D('',#6812,#6813,#6814);
#6817=DIRECTION('',(0.E0,0.E0,-1.E0));
#6818=VECTOR('',#6817,4.E-1);
#6819=CARTESIAN_POINT('',(3.1169E0,-1.330004720581E0,-2.34E-2));
#6820=LINE('',#6819,#6818);
#6821=DIRECTION('',(0.E0,-1.E0,0.E0));
#6822=VECTOR('',#6821,6.199952794187E-1);
#6823=CARTESIAN_POINT('',(3.1169E0,-1.330004720581E0,-4.234E-1));
#6824=LINE('',#6823,#6822);
#6825=DIRECTION('',(0.E0,-1.E0,0.E0));
#6826=VECTOR('',#6825,4.E-1);
#6827=CARTESIAN_POINT('',(3.1169E0,-1.85E0,0.E0));
#6828=LINE('',#6827,#6826);
#6829=DIRECTION('',(0.E0,-1.E0,0.E0));
#6830=VECTOR('',#6829,4.E-1);
#6831=CARTESIAN_POINT('',(3.8E0,-1.85E0,0.E0));
#6832=LINE('',#6831,#6830);
#6833=CARTESIAN_POINT('',(2.7749E0,-1.330004720581E0,-2.34E-2));
#6834=DIRECTION('',(0.E0,0.E0,1.E0));
#6835=DIRECTION('',(1.E0,0.E0,0.E0));
#6836=AXIS2_PLACEMENT_3D('',#6833,#6834,#6835);
#6838=DIRECTION('',(0.E0,1.E0,0.E0));
#6839=VECTOR('',#6838,5.199952794187E-1);
#6840=CARTESIAN_POINT('',(3.1169E0,-1.85E0,-2.34E-2));
#6841=LINE('',#6840,#6839);
#6842=DIRECTION('',(0.E0,-1.E0,0.E0));
#6843=VECTOR('',#6842,5.199952794187E-1);
#6844=CARTESIAN_POINT('',(2.4329E0,-1.330004720581E0,-2.34E-2));
#6845=LINE('',#6844,#6843);
#6846=DIRECTION('',(1.E0,0.E0,0.E0));
#6847=VECTOR('',#6846,6.84E-1);
#6848=CARTESIAN_POINT('',(2.4329E0,-1.95E0,-4.234E-1));
#6849=LINE('',#6848,#6847);
#6850=CARTESIAN_POINT('',(2.7749E0,-1.330004720581E0,-4.234E-1));
#6851=DIRECTION('',(0.E0,0.E0,-1.E0));
#6852=DIRECTION('',(-1.E0,0.E0,0.E0));
#6853=AXIS2_PLACEMENT_3D('',#6850,#6851,#6852);
#6855=CARTESIAN_POINT('',(-2.7749E0,-1.330004720581E0,-2.34E-2));
#6856=DIRECTION('',(0.E0,0.E0,1.E0));
#6857=DIRECTION('',(1.E0,0.E0,0.E0));
#6858=AXIS2_PLACEMENT_3D('',#6855,#6856,#6857);
#6860=DIRECTION('',(0.E0,-1.E0,0.E0));
#6861=VECTOR('',#6860,5.199952794187E-1);
#6862=CARTESIAN_POINT('',(-2.4329E0,-1.330004720581E0,-2.34E-2));
#6863=LINE('',#6862,#6861);
#6864=DIRECTION('',(0.E0,1.E0,0.E0));
#6865=VECTOR('',#6864,5.199952794187E-1);
#6866=CARTESIAN_POINT('',(-3.1169E0,-1.85E0,-2.34E-2));
#6867=LINE('',#6866,#6865);
#6868=DIRECTION('',(1.E0,0.E0,0.E0));
#6869=VECTOR('',#6868,6.84E-1);
#6870=CARTESIAN_POINT('',(-3.1169E0,-1.95E0,-4.234E-1));
#6871=LINE('',#6870,#6869);
#6872=CARTESIAN_POINT('',(-2.7749E0,-1.330004720581E0,-4.234E-1));
#6873=DIRECTION('',(0.E0,0.E0,-1.E0));
#6874=DIRECTION('',(-1.E0,0.E0,0.E0));
#6875=AXIS2_PLACEMENT_3D('',#6872,#6873,#6874);
#6877=DIRECTION('',(0.E0,0.E0,1.E0));
#6878=VECTOR('',#6877,2.645751311065E-1);
#6879=CARTESIAN_POINT('',(-3.5698E0,2.15E0,3.6E0));
#6880=LINE('',#6879,#6878);
#6881=DIRECTION('',(0.E0,1.E0,0.E0));
#6882=VECTOR('',#6881,1.E-1);
#6883=CARTESIAN_POINT('',(-3.5698E0,2.15E0,3.6E0));
#6884=LINE('',#6883,#6882);
#6885=CARTESIAN_POINT('',(-3.5698E0,1.85E0,3.6E0));
#6886=DIRECTION('',(-1.E0,0.E0,0.E0));
#6887=DIRECTION('',(0.E0,7.5E-1,6.614378277662E-1));
#6888=AXIS2_PLACEMENT_3D('',#6885,#6886,#6887);
#6890=DIRECTION('',(0.E0,0.E0,-1.E0));
#6891=VECTOR('',#6890,2.645751311065E-1);
#6892=CARTESIAN_POINT('',(-3.5698E0,-2.15E0,3.864575131106E0));
#6893=LINE('',#6892,#6891);
#6894=CARTESIAN_POINT('',(-3.5698E0,-1.85E0,3.6E0));
#6895=DIRECTION('',(-1.E0,0.E0,0.E0));
#6896=DIRECTION('',(0.E0,-1.E0,-1.887379141863E-14));
#6897=AXIS2_PLACEMENT_3D('',#6894,#6895,#6896);
#6899=DIRECTION('',(0.E0,1.E0,3.996802888651E-14));
#6900=VECTOR('',#6899,1.E-1);
#6901=CARTESIAN_POINT('',(-3.5698E0,-2.25E0,3.6E0));
#6902=LINE('',#6901,#6900);
#6903=CARTESIAN_POINT('',(-3.705224868894E0,1.85E0,4.E0));
#6904=CARTESIAN_POINT('',(-3.686377305700E0,1.866621988344E0,4.E0));
#6905=CARTESIAN_POINT('',(-3.652029139752E0,1.903209623782E0,3.997946686654E0));
#6906=CARTESIAN_POINT('',(-3.611720240766E0,1.966619333288E0,3.984697130616E0));
#6907=CARTESIAN_POINT('',(-3.584772149964E0,2.034287402167E0,3.957697204733E0));
#6908=CARTESIAN_POINT('',(-3.571652065446E0,2.098501335529E0,3.916414666187E0));
#6909=CARTESIAN_POINT('',(-3.5698E0,2.133846226715E0,3.882891788327E0));
#6910=CARTESIAN_POINT('',(-3.5698E0,2.15E0,3.864575131106E0));
#6912=CARTESIAN_POINT('',(-3.9698E0,2.15E0,4.E0));
#6913=DIRECTION('',(0.E0,0.E0,-1.E0));
#6914=DIRECTION('',(6.614378277662E-1,-7.5E-1,0.E0));
#6915=AXIS2_PLACEMENT_3D('',#6912,#6913,#6914);
#6917=CARTESIAN_POINT('',(-3.7984E0,1.788583287603E0,4.E0));
#6918=CARTESIAN_POINT('',(-3.826079464013E0,1.775456445459E0,4.E0));
#6919=CARTESIAN_POINT('',(-3.883417351348E0,1.756076121757E0,3.995364958627E0));
#6920=CARTESIAN_POINT('',(-3.941418625184E0,1.75E0,3.980126293895E0));
#6921=CARTESIAN_POINT('',(-3.9698E0,1.75E0,3.969807042798E0));
#6923=CARTESIAN_POINT('',(-3.9698E0,1.75E0,3.465979861898E0));
#6924=CARTESIAN_POINT('',(-3.957997286372E0,1.75E0,3.454147673867E0));
#6925=CARTESIAN_POINT('',(-3.934501815775E0,1.751045427630E0,3.430682152503E0));
#6926=CARTESIAN_POINT('',(-3.911405953892E0,1.754115778253E0,3.407614340534E0));
#6927=CARTESIAN_POINT('',(-3.9E0,1.756137130463E0,3.396179861898E0));
#6929=DIRECTION('',(0.E0,0.E0,1.E0));
#6930=VECTOR('',#6929,1.022201381019E-1);
#6931=CARTESIAN_POINT('',(-3.9E0,1.756137130463E0,3.396179861898E0));
#6932=LINE('',#6931,#6930);
#6933=CARTESIAN_POINT('',(-3.9E0,1.756137130463E0,3.4984E0));
#6934=CARTESIAN_POINT('',(-3.9E0,1.756137130463E0,3.509030791329E0));
#6935=CARTESIAN_POINT('',(-3.896931383275E0,1.756652586108E0,3.529318177228E0));
#6936=CARTESIAN_POINT('',(-3.882087971508E0,1.759590292386E0,3.558933989591E0));
#6937=CARTESIAN_POINT('',(-3.859918014345E0,1.765056243277E0,3.581413062698E0));
#6938=CARTESIAN_POINT('',(-3.829931002482E0,1.774763813290E0,3.596813709365E0));
#6939=CARTESIAN_POINT('',(-3.809200973755E0,1.783460981860E0,3.6E0));
#6940=CARTESIAN_POINT('',(-3.7984E0,1.788583287603E0,3.6E0));
#6942=CARTESIAN_POINT('',(-3.9698E0,2.15E0,3.6E0));
#6943=DIRECTION('',(0.E0,0.E0,1.E0));
#6944=DIRECTION('',(4.285E-1,-9.035417809930E-1,0.E0));
#6945=AXIS2_PLACEMENT_3D('',#6942,#6943,#6944);
#6947=DIRECTION('',(0.E0,-1.E0,0.E0));
#6948=VECTOR('',#6947,3.577166575206E0);
#6949=CARTESIAN_POINT('',(-3.7984E0,1.788583287603E0,4.E0));
#6950=LINE('',#6949,#6948);
#6951=CARTESIAN_POINT('',(-3.7984E0,-1.75E0,3.4984E0));
#6952=DIRECTION('',(0.E0,-1.E0,0.E0));
#6953=DIRECTION('',(-3.417065390750E-1,0.E0,9.398067041437E-1));
#6954=AXIS2_PLACEMENT_3D('',#6951,#6952,#6953);
#6956=CARTESIAN_POINT('',(-3.7984E0,1.75E0,3.4984E0));
#6957=DIRECTION('',(0.E0,-1.E0,0.E0));
#6958=DIRECTION('',(-3.417065390750E-1,0.E0,9.398067041437E-1));
#6959=AXIS2_PLACEMENT_3D('',#6956,#6957,#6958);
#6961=CARTESIAN_POINT('',(-3.9698E0,-2.15E0,3.6E0));
#6962=DIRECTION('',(0.E0,0.E0,1.E0));
#6963=DIRECTION('',(1.E0,0.E0,0.E0));
#6964=AXIS2_PLACEMENT_3D('',#6961,#6962,#6963);
#6966=CARTESIAN_POINT('',(-3.7984E0,-1.788583287603E0,3.6E0));
#6967=CARTESIAN_POINT('',(-3.809175184912E0,-1.783473212084E0,3.6E0));
#6968=CARTESIAN_POINT('',(-3.829869356058E0,-1.774786411817E0,
3.596834032505E0));
#6969=CARTESIAN_POINT('',(-3.859905582730E0,-1.765058578737E0,
3.581428425540E0));
#6970=CARTESIAN_POINT('',(-3.882091468E0,-1.759589570448E0,3.558931575184E0));
#6971=CARTESIAN_POINT('',(-3.896936115541E0,-1.756651704804E0,
3.529303735783E0));
#6972=CARTESIAN_POINT('',(-3.9E0,-1.756137130463E0,3.509024025582E0));
#6973=CARTESIAN_POINT('',(-3.9E0,-1.756137130463E0,3.4984E0));
#6975=DIRECTION('',(0.E0,1.086109885231E-14,-1.E0));
#6976=VECTOR('',#6975,1.022201381022E-1);
#6977=CARTESIAN_POINT('',(-3.9E0,-1.756137130463E0,3.4984E0));
#6978=LINE('',#6977,#6976);
#6979=CARTESIAN_POINT('',(-3.9698E0,-1.75E0,3.969807042798E0));
#6980=CARTESIAN_POINT('',(-3.941418625184E0,-1.75E0,3.980126293895E0));
#6981=CARTESIAN_POINT('',(-3.883417351348E0,-1.756076121757E0,
3.995364958627E0));
#6982=CARTESIAN_POINT('',(-3.826079464013E0,-1.775456445459E0,4.E0));
#6983=CARTESIAN_POINT('',(-3.7984E0,-1.788583287603E0,4.E0));
#6985=CARTESIAN_POINT('',(-3.9698E0,-2.15E0,4.E0));
#6986=DIRECTION('',(0.E0,0.E0,-1.E0));
#6987=DIRECTION('',(4.285E-1,9.035417809930E-1,0.E0));
#6988=AXIS2_PLACEMENT_3D('',#6985,#6986,#6987);
#6990=CARTESIAN_POINT('',(-3.5698E0,-2.15E0,3.864575131106E0));
#6991=CARTESIAN_POINT('',(-3.5698E0,-2.133846074591E0,3.882891960819E0));
#6992=CARTESIAN_POINT('',(-3.571652130484E0,-2.098500888789E0,
3.916415000301E0));
#6993=CARTESIAN_POINT('',(-3.584772168151E0,-2.034287367864E0,
3.957697206743E0));
#6994=CARTESIAN_POINT('',(-3.611720349434E0,-1.966619106122E0,
3.984697207840E0));
#6995=CARTESIAN_POINT('',(-3.652029200734E0,-1.903209565763E0,
3.997946682868E0));
#6996=CARTESIAN_POINT('',(-3.686377331235E0,-1.866621965824E0,4.E0));
#6997=CARTESIAN_POINT('',(-3.705224868894E0,-1.85E0,4.E0));
#6999=CARTESIAN_POINT('',(-3.9E0,-7.547E-1,-6.E-1));
#7000=DIRECTION('',(1.E0,0.E0,0.E0));
#7001=DIRECTION('',(0.E0,1.E0,0.E0));
#7002=AXIS2_PLACEMENT_3D('',#6999,#7000,#7001);
#7004=DIRECTION('',(0.E0,1.E0,0.E0));
#7005=VECTOR('',#7004,9.906E-1);
#7006=CARTESIAN_POINT('',(-3.9E0,-2.1E0,-6.E-1));
#7007=LINE('',#7006,#7005);
#7008=DIRECTION('',(0.E0,1.E0,0.E0));
#7009=VECTOR('',#7008,3.512274260926E0);
#7010=CARTESIAN_POINT('',(-3.9E0,-1.756137130463E0,3.4984E0));
#7011=LINE('',#7010,#7009);
#7012=DIRECTION('',(0.E0,1.E0,0.E0));
#7013=VECTOR('',#7012,9.906E-1);
#7014=CARTESIAN_POINT('',(-3.9E0,1.1094E0,-6.E-1));
#7015=LINE('',#7014,#7013);
#7016=CARTESIAN_POINT('',(-3.9E0,7.547E-1,-6.E-1));
#7017=DIRECTION('',(1.E0,0.E0,0.E0));
#7018=DIRECTION('',(0.E0,1.E0,0.E0));
#7019=AXIS2_PLACEMENT_3D('',#7016,#7017,#7018);
#7021=DIRECTION('',(0.E0,-1.240347345892E-1,9.922778767137E-1));
#7022=VECTOR('',#7021,1.612451549660E0);
#7023=CARTESIAN_POINT('',(-3.9E0,6.E-1,-2.2E0));
#7024=LINE('',#7023,#7022);
#7025=DIRECTION('',(0.E0,2.873478855663E-1,9.578262852212E-1));
#7026=VECTOR('',#7025,9.696275858020E-1);
#7027=CARTESIAN_POINT('',(-3.9E0,3.213795634330E-1,-3.128734788557E0));
#7028=LINE('',#7027,#7026);
#7029=CARTESIAN_POINT('',(-3.9E0,2.255969349109E-1,-3.1E0));
#7030=DIRECTION('',(1.E0,0.E0,0.E0));
#7031=DIRECTION('',(0.E0,0.E0,-1.E0));
#7032=AXIS2_PLACEMENT_3D('',#7029,#7030,#7031);
#7034=DIRECTION('',(0.E0,1.E0,0.E0));
#7035=VECTOR('',#7034,4.511938698218E-1);
#7036=CARTESIAN_POINT('',(-3.9E0,-2.255969349109E-1,-3.2E0));
#7037=LINE('',#7036,#7035);
#7038=CARTESIAN_POINT('',(-3.9E0,-2.255969349109E-1,-3.1E0));
#7039=DIRECTION('',(1.E0,0.E0,0.E0));
#7040=DIRECTION('',(0.E0,-9.578262852211E-1,-2.873478855664E-1));
#7041=AXIS2_PLACEMENT_3D('',#7038,#7039,#7040);
#7043=DIRECTION('',(0.E0,2.873478855663E-1,-9.578262852212E-1));
#7044=VECTOR('',#7043,9.696275858020E-1);
#7045=CARTESIAN_POINT('',(-3.9E0,-6.E-1,-2.2E0));
#7046=LINE('',#7045,#7044);
#7047=DIRECTION('',(0.E0,-1.240347345892E-1,-9.922778767137E-1));
#7048=VECTOR('',#7047,1.612451549660E0);
#7049=CARTESIAN_POINT('',(-3.9E0,-4.E-1,-6.E-1));
#7050=LINE('',#7049,#7048);
#7051=CARTESIAN_POINT('',(-4.3E0,-7.547E-1,-6.E-1));
#7052=DIRECTION('',(1.E0,0.E0,0.E0));
#7053=DIRECTION('',(0.E0,1.E0,0.E0));
#7054=AXIS2_PLACEMENT_3D('',#7051,#7052,#7053);
#7056=DIRECTION('',(0.E0,-1.240347345892E-1,-9.922778767137E-1));
#7057=VECTOR('',#7056,1.612451549660E0);
#7058=CARTESIAN_POINT('',(-4.3E0,-4.E-1,-6.E-1));
#7059=LINE('',#7058,#7057);
#7060=DIRECTION('',(0.E0,2.873478855663E-1,-9.578262852212E-1));
#7061=VECTOR('',#7060,9.696275858020E-1);
#7062=CARTESIAN_POINT('',(-4.3E0,-6.E-1,-2.2E0));
#7063=LINE('',#7062,#7061);
#7064=CARTESIAN_POINT('',(-4.3E0,-2.255969349109E-1,-3.1E0));
#7065=DIRECTION('',(-1.E0,0.E0,0.E0));
#7066=DIRECTION('',(0.E0,0.E0,-1.E0));
#7067=AXIS2_PLACEMENT_3D('',#7064,#7065,#7066);
#7069=DIRECTION('',(0.E0,1.E0,0.E0));
#7070=VECTOR('',#7069,4.511938698218E-1);
#7071=CARTESIAN_POINT('',(-4.3E0,-2.255969349109E-1,-3.2E0));
#7072=LINE('',#7071,#7070);
#7073=CARTESIAN_POINT('',(-4.3E0,2.255969349109E-1,-3.1E0));
#7074=DIRECTION('',(-1.E0,0.E0,0.E0));
#7075=DIRECTION('',(0.E0,9.578262852212E-1,-2.873478855663E-1));
#7076=AXIS2_PLACEMENT_3D('',#7073,#7074,#7075);
#7078=DIRECTION('',(0.E0,2.873478855663E-1,9.578262852212E-1));
#7079=VECTOR('',#7078,9.696275858019E-1);
#7080=CARTESIAN_POINT('',(-4.3E0,3.213795634330E-1,-3.128734788557E0));
#7081=LINE('',#7080,#7079);
#7082=DIRECTION('',(0.E0,-1.240347345892E-1,9.922778767137E-1));
#7083=VECTOR('',#7082,1.612451549660E0);
#7084=CARTESIAN_POINT('',(-4.3E0,6.E-1,-2.2E0));
#7085=LINE('',#7084,#7083);
#7086=CARTESIAN_POINT('',(-4.3E0,7.547E-1,-6.E-1));
#7087=DIRECTION('',(1.E0,0.E0,0.E0));
#7088=DIRECTION('',(0.E0,1.E0,0.E0));
#7089=AXIS2_PLACEMENT_3D('',#7086,#7087,#7088);
#7091=DIRECTION('',(2.739588637471E-14,-2.054691478103E-14,-1.E0));
#7092=VECTOR('',#7091,3.242013810219E-2);
#7093=CARTESIAN_POINT('',(-4.3E0,1.75E0,3.4984E0));
#7094=LINE('',#7093,#7092);
#7095=DIRECTION('',(0.E0,1.E0,0.E0));
#7096=VECTOR('',#7095,3.5E0);
#7097=CARTESIAN_POINT('',(-4.3E0,-1.75E0,3.4984E0));
#7098=LINE('',#7097,#7096);
#7099=DIRECTION('',(0.E0,2.054691478103E-14,-1.E0));
#7100=VECTOR('',#7099,3.242013810219E-2);
#7101=CARTESIAN_POINT('',(-4.3E0,-1.75E0,3.4984E0));
#7102=LINE('',#7101,#7100);
#7103=DIRECTION('',(1.E0,0.E0,0.E0));
#7104=VECTOR('',#7103,4.E-1);
#7105=CARTESIAN_POINT('',(-4.3E0,-4.E-1,-6.E-1));
#7106=LINE('',#7105,#7104);
#7107=DIRECTION('',(-1.E0,0.E0,0.E0));
#7108=VECTOR('',#7107,4.E-1);
#7109=CARTESIAN_POINT('',(-3.9E0,-3.213795634330E-1,-3.128734788557E0));
#7110=LINE('',#7109,#7108);
#7111=DIRECTION('',(1.E0,0.E0,0.E0));
#7112=VECTOR('',#7111,4.E-1);
#7113=CARTESIAN_POINT('',(-4.3E0,-6.E-1,-2.2E0));
#7114=LINE('',#7113,#7112);
#7115=DIRECTION('',(-1.E0,0.E0,0.E0));
#7116=VECTOR('',#7115,4.E-1);
#7117=CARTESIAN_POINT('',(-3.9E0,2.255969349109E-1,-3.2E0));
#7118=LINE('',#7117,#7116);
#7119=DIRECTION('',(-1.E0,0.E0,0.E0));
#7120=VECTOR('',#7119,4.E-1);
#7121=CARTESIAN_POINT('',(-3.9E0,-2.255969349109E-1,-3.2E0));
#7122=LINE('',#7121,#7120);
#7123=DIRECTION('',(-1.E0,0.E0,0.E0));
#7124=VECTOR('',#7123,4.E-1);
#7125=CARTESIAN_POINT('',(-3.9E0,3.213795634330E-1,-3.128734788557E0));
#7126=LINE('',#7125,#7124);
#7127=DIRECTION('',(1.E0,0.E0,0.E0));
#7128=VECTOR('',#7127,4.E-1);
#7129=CARTESIAN_POINT('',(-4.3E0,4.E-1,-6.E-1));
#7130=LINE('',#7129,#7128);
#7131=DIRECTION('',(1.E0,0.E0,0.E0));
#7132=VECTOR('',#7131,4.E-1);
#7133=CARTESIAN_POINT('',(-4.3E0,6.E-1,-2.2E0));
#7134=LINE('',#7133,#7132);
#7135=DIRECTION('',(1.E0,0.E0,0.E0));
#7136=VECTOR('',#7135,4.E-1);
#7137=CARTESIAN_POINT('',(-4.3E0,-1.1094E0,-6.E-1));
#7138=LINE('',#7137,#7136);
#7139=DIRECTION('',(0.E0,1.E0,0.E0));
#7140=VECTOR('',#7139,9.906E-1);
#7141=CARTESIAN_POINT('',(-4.3E0,-2.1E0,-6.E-1));
#7142=LINE('',#7141,#7140);
#7143=DIRECTION('',(1.E0,0.E0,0.E0));
#7144=VECTOR('',#7143,4.E-1);
#7145=CARTESIAN_POINT('',(-4.3E0,1.1094E0,-6.E-1));
#7146=LINE('',#7145,#7144);
#7147=DIRECTION('',(0.E0,1.E0,0.E0));
#7148=VECTOR('',#7147,9.906E-1);
#7149=CARTESIAN_POINT('',(-4.3E0,1.1094E0,-6.E-1));
#7150=LINE('',#7149,#7148);
#7151=DIRECTION('',(0.E0,-2.880617521448E-14,-1.E0));
#7152=VECTOR('',#7151,3.669117165238E0);
#7153=CARTESIAN_POINT('',(-4.3E0,-2.1E0,3.069117165238E0));
#7154=LINE('',#7153,#7152);
#7155=DIRECTION('',(-1.E0,-1.887379141863E-14,0.E0));
#7156=VECTOR('',#7155,4.E-1);
#7157=CARTESIAN_POINT('',(-3.9E0,-2.1E0,3.069117165238E0));
#7158=LINE('',#7157,#7156);
#7159=DIRECTION('',(0.E0,3.086375915837E-14,1.E0));
#7160=VECTOR('',#7159,3.669117165238E0);
#7161=CARTESIAN_POINT('',(-3.9E0,-2.1E0,-6.E-1));
#7162=LINE('',#7161,#7160);
#7163=DIRECTION('',(1.E0,0.E0,0.E0));
#7164=VECTOR('',#7163,4.E-1);
#7165=CARTESIAN_POINT('',(-4.3E0,-2.1E0,-6.E-1));
#7166=LINE('',#7165,#7164);
#7167=CARTESIAN_POINT('',(-4.3E0,-2.15E0,3.465979861898E0));
#7168=DIRECTION('',(1.E0,0.E0,0.E0));
#7169=DIRECTION('',(0.E0,1.25E-1,-9.921567416492E-1));
#7170=AXIS2_PLACEMENT_3D('',#7167,#7168,#7169);
#7172=CARTESIAN_POINT('',(-3.9698E0,-1.75E0,3.465979861898E0));
#7173=CARTESIAN_POINT('',(-3.961928783127E0,-1.75E0,3.458117500306E0));
#7174=CARTESIAN_POINT('',(-3.946263188756E0,-1.750464132729E0,
3.442437792340E0));
#7175=CARTESIAN_POINT('',(-3.922973593507E0,-1.752521701053E0,
3.419158576585E0));
#7176=CARTESIAN_POINT('',(-3.907629837842E0,-1.754786474334E0,
3.403801255862E0));
#7177=CARTESIAN_POINT('',(-3.9E0,-1.756137130463E0,3.396179861898E0));
#7179=CARTESIAN_POINT('',(-3.9E0,-2.15E0,3.465979861898E0));
#7180=DIRECTION('',(-1.E0,0.E0,0.E0));
#7181=DIRECTION('',(0.E0,9.846571738428E-1,-1.745E-1));
#7182=AXIS2_PLACEMENT_3D('',#7179,#7180,#7181);
#7184=DIRECTION('',(0.E0,0.E0,-1.E0));
#7185=VECTOR('',#7184,5.038271809007E-1);
#7186=CARTESIAN_POINT('',(-3.9698E0,-1.75E0,3.969807042798E0));
#7187=LINE('',#7186,#7185);
#7188=DIRECTION('',(-1.E0,0.E0,8.607422601576E-14));
#7189=VECTOR('',#7188,3.302E-1);
#7190=CARTESIAN_POINT('',(-3.9698E0,-1.75E0,3.465979861898E0));
#7191=LINE('',#7190,#7189);
#7192=DIRECTION('',(0.E0,2.263342338281E-14,-1.E0));
#7193=VECTOR('',#7192,3.669117165238E0);
#7194=CARTESIAN_POINT('',(-4.3E0,2.1E0,3.069117165238E0));
#7195=LINE('',#7194,#7193);
#7196=DIRECTION('',(1.E0,0.E0,0.E0));
#7197=VECTOR('',#7196,4.E-1);
#7198=CARTESIAN_POINT('',(-4.3E0,2.1E0,-6.E-1));
#7199=LINE('',#7198,#7197);
#7200=DIRECTION('',(0.E0,-2.456997297706E-14,1.E0));
#7201=VECTOR('',#7200,3.669117165238E0);
#7202=CARTESIAN_POINT('',(-3.9E0,2.1E0,-6.E-1));
#7203=LINE('',#7202,#7201);
#7204=DIRECTION('',(1.E0,-1.887379141863E-14,1.110223024625E-14));
#7205=VECTOR('',#7204,4.E-1);
#7206=CARTESIAN_POINT('',(-4.3E0,2.1E0,3.069117165238E0));
#7207=LINE('',#7206,#7205);
#7208=CARTESIAN_POINT('',(-4.3E0,2.15E0,3.465979861898E0));
#7209=DIRECTION('',(1.E0,0.E0,2.192801158758E-14));
#7210=DIRECTION('',(0.E0,-1.E0,-7.327471962526E-13));
#7211=AXIS2_PLACEMENT_3D('',#7208,#7209,#7210);
#7213=CARTESIAN_POINT('',(-3.9E0,2.15E0,3.465979861898E0));
#7214=DIRECTION('',(-1.E0,0.E0,-2.192801158758E-14));
#7215=DIRECTION('',(2.220446049250E-14,-1.249999999999E-1,-9.921567416492E-1));
#7216=AXIS2_PLACEMENT_3D('',#7213,#7214,#7215);
#7218=DIRECTION('',(1.E0,0.E0,6.065543114548E-13));
#7219=VECTOR('',#7218,3.302E-1);
#7220=CARTESIAN_POINT('',(-4.3E0,1.75E0,3.465979861898E0));
#7221=LINE('',#7220,#7219);
#7222=DIRECTION('',(0.E0,0.E0,1.E0));
#7223=VECTOR('',#7222,5.038271809005E-1);
#7224=CARTESIAN_POINT('',(-3.9698E0,1.75E0,3.465979861898E0));
#7225=LINE('',#7224,#7223);
#7226=DIRECTION('',(0.E0,-1.E0,0.E0));
#7227=VECTOR('',#7226,3.E-1);
#7228=CARTESIAN_POINT('',(-3.5698E0,2.15E0,3.6E0));
#7229=LINE('',#7228,#7227);
#7230=DIRECTION('',(0.E0,1.E0,0.E0));
#7231=VECTOR('',#7230,4.E-1);
#7232=CARTESIAN_POINT('',(-3.8E0,1.85E0,3.2E0));
#7233=LINE('',#7232,#7231);
#7234=DIRECTION('',(0.E0,1.E0,0.E0));
#7235=VECTOR('',#7234,4.E-1);
#7236=CARTESIAN_POINT('',(-3.8E0,1.85E0,0.E0));
#7237=LINE('',#7236,#7235);
#7238=DIRECTION('',(0.E0,1.E0,0.E0));
#7239=VECTOR('',#7238,4.E-1);
#7240=CARTESIAN_POINT('',(-3.1169E0,1.85E0,0.E0));
#7241=LINE('',#7240,#7239);
#7242=CARTESIAN_POINT('',(-3.1169E0,1.95E0,-1.234E-1));
#7243=DIRECTION('',(-1.E0,0.E0,0.E0));
#7244=DIRECTION('',(0.E0,1.E0,0.E0));
#7245=AXIS2_PLACEMENT_3D('',#7242,#7243,#7244);
#7247=DIRECTION('',(0.E0,0.E0,1.E0));
#7248=VECTOR('',#7247,4.E-1);
#7249=CARTESIAN_POINT('',(-3.1169E0,1.330004720581E0,-4.234E-1));
#7250=LINE('',#7249,#7248);
#7251=DIRECTION('',(0.E0,1.E0,0.E0));
#7252=VECTOR('',#7251,6.199952794187E-1);
#7253=CARTESIAN_POINT('',(-3.1169E0,1.330004720581E0,-4.234E-1));
#7254=LINE('',#7253,#7252);
#7255=DIRECTION('',(-1.E0,0.E0,0.E0));
#7256=VECTOR('',#7255,6.84E-1);
#7257=CARTESIAN_POINT('',(-2.4329E0,1.95E0,-4.234E-1));
#7258=LINE('',#7257,#7256);
#7259=CARTESIAN_POINT('',(-2.7749E0,1.330004720581E0,-4.234E-1));
#7260=DIRECTION('',(0.E0,0.E0,-1.E0));
#7261=DIRECTION('',(1.E0,0.E0,0.E0));
#7262=AXIS2_PLACEMENT_3D('',#7259,#7260,#7261);
#7264=CARTESIAN_POINT('',(-2.7749E0,1.330004720581E0,-2.34E-2));
#7265=DIRECTION('',(0.E0,0.E0,1.E0));
#7266=DIRECTION('',(-1.E0,0.E0,0.E0));
#7267=AXIS2_PLACEMENT_3D('',#7264,#7265,#7266);
#7269=DIRECTION('',(0.E0,-1.E0,0.E0));
#7270=VECTOR('',#7269,5.199952794187E-1);
#7271=CARTESIAN_POINT('',(-3.1169E0,1.85E0,-2.34E-2));
#7272=LINE('',#7271,#7270);
#7273=DIRECTION('',(0.E0,1.E0,0.E0));
#7274=VECTOR('',#7273,5.199952794187E-1);
#7275=CARTESIAN_POINT('',(-2.4329E0,1.330004720581E0,-2.34E-2));
#7276=LINE('',#7275,#7274);
#7277=CARTESIAN_POINT('',(-2.4329E0,1.95E0,-1.234E-1));
#7278=DIRECTION('',(1.E0,0.E0,0.E0));
#7279=DIRECTION('',(0.E0,0.E0,-1.E0));
#7280=AXIS2_PLACEMENT_3D('',#7277,#7278,#7279);
#7282=DIRECTION('',(0.E0,-1.E0,0.E0));
#7283=VECTOR('',#7282,6.199952794187E-1);
#7284=CARTESIAN_POINT('',(-2.4329E0,1.95E0,-4.234E-1));
#7285=LINE('',#7284,#7283);
#7286=DIRECTION('',(0.E0,0.E0,1.E0));
#7287=VECTOR('',#7286,4.E-1);
#7288=CARTESIAN_POINT('',(-2.4329E0,1.330004720581E0,-4.234E-1));
#7289=LINE('',#7288,#7287);
#7290=DIRECTION('',(0.E0,1.E0,0.E0));
#7291=VECTOR('',#7290,4.E-1);
#7292=CARTESIAN_POINT('',(-2.4329E0,1.85E0,8.916E-1));
#7293=LINE('',#7292,#7291);
#7294=DIRECTION('',(0.E0,1.E0,0.E0));
#7295=VECTOR('',#7294,4.E-1);
#7296=CARTESIAN_POINT('',(2.4329E0,1.85E0,8.916E-1));
#7297=LINE('',#7296,#7295);
#7298=CARTESIAN_POINT('',(2.4329E0,1.95E0,-1.234E-1));
#7299=DIRECTION('',(-1.E0,0.E0,0.E0));
#7300=DIRECTION('',(0.E0,1.E0,0.E0));
#7301=AXIS2_PLACEMENT_3D('',#7298,#7299,#7300);
#7303=DIRECTION('',(0.E0,0.E0,-1.E0));
#7304=VECTOR('',#7303,4.E-1);
#7305=CARTESIAN_POINT('',(2.4329E0,1.330004720581E0,-2.34E-2));
#7306=LINE('',#7305,#7304);
#7307=DIRECTION('',(0.E0,1.E0,0.E0));
#7308=VECTOR('',#7307,6.199952794187E-1);
#7309=CARTESIAN_POINT('',(2.4329E0,1.330004720581E0,-4.234E-1));
#7310=LINE('',#7309,#7308);
#7311=DIRECTION('',(-1.E0,0.E0,0.E0));
#7312=VECTOR('',#7311,6.84E-1);
#7313=CARTESIAN_POINT('',(3.1169E0,1.95E0,-4.234E-1));
#7314=LINE('',#7313,#7312);
#7315=CARTESIAN_POINT('',(2.7749E0,1.330004720581E0,-4.234E-1));
#7316=DIRECTION('',(0.E0,0.E0,-1.E0));
#7317=DIRECTION('',(1.E0,0.E0,0.E0));
#7318=AXIS2_PLACEMENT_3D('',#7315,#7316,#7317);
#7320=CARTESIAN_POINT('',(2.7749E0,1.330004720581E0,-2.34E-2));
#7321=DIRECTION('',(0.E0,0.E0,1.E0));
#7322=DIRECTION('',(-1.E0,0.E0,0.E0));
#7323=AXIS2_PLACEMENT_3D('',#7320,#7321,#7322);
#7325=DIRECTION('',(0.E0,1.E0,0.E0));
#7326=VECTOR('',#7325,5.199952794187E-1);
#7327=CARTESIAN_POINT('',(2.4329E0,1.330004720581E0,-2.34E-2));
#7328=LINE('',#7327,#7326);
#7329=DIRECTION('',(0.E0,-1.E0,0.E0));
#7330=VECTOR('',#7329,5.199952794187E-1);
#7331=CARTESIAN_POINT('',(3.1169E0,1.85E0,-2.34E-2));
#7332=LINE('',#7331,#7330);
#7333=CARTESIAN_POINT('',(3.1169E0,1.95E0,-1.234E-1));
#7334=DIRECTION('',(1.E0,0.E0,0.E0));
#7335=DIRECTION('',(0.E0,0.E0,-1.E0));
#7336=AXIS2_PLACEMENT_3D('',#7333,#7334,#7335);
#7338=DIRECTION('',(0.E0,-1.E0,0.E0));
#7339=VECTOR('',#7338,6.199952794187E-1);
#7340=CARTESIAN_POINT('',(3.1169E0,1.95E0,-4.234E-1));
#7341=LINE('',#7340,#7339);
#7342=DIRECTION('',(0.E0,0.E0,-1.E0));
#7343=VECTOR('',#7342,4.E-1);
#7344=CARTESIAN_POINT('',(3.1169E0,1.330004720581E0,-2.34E-2));
#7345=LINE('',#7344,#7343);
#7346=DIRECTION('',(0.E0,1.E0,0.E0));
#7347=VECTOR('',#7346,4.E-1);
#7348=CARTESIAN_POINT('',(3.1169E0,1.85E0,0.E0));
#7349=LINE('',#7348,#7347);
#7350=DIRECTION('',(0.E0,1.E0,0.E0));
#7351=VECTOR('',#7350,4.E-1);
#7352=CARTESIAN_POINT('',(3.8E0,1.85E0,0.E0));
#7353=LINE('',#7352,#7351);
#7354=DIRECTION('',(0.E0,1.E0,0.E0));
#7355=VECTOR('',#7354,4.E-1);
#7356=CARTESIAN_POINT('',(3.8E0,1.85E0,3.2E0));
#7357=LINE('',#7356,#7355);
#7358=DIRECTION('',(0.E0,-1.E0,0.E0));
#7359=VECTOR('',#7358,3.E-1);
#7360=CARTESIAN_POINT('',(3.5698E0,2.15E0,3.6E0));
#7361=LINE('',#7360,#7359);
#7362=CARTESIAN_POINT('',(5.638616122389E-1,2.119687387799E0,1.767851663458E0));
#7363=DIRECTION('',(0.E0,0.E0,1.E0));
#7364=DIRECTION('',(0.E0,1.E0,0.E0));
#7365=AXIS2_PLACEMENT_3D('',#7362,#7363,#7364);
#7367=DIRECTION('',(0.E0,1.166851426445E-9,1.E0));
#7368=VECTOR('',#7367,1.532148336542E0);
#7369=CARTESIAN_POINT('',(5.638616122389E-1,2.249999998212E0,1.767851663458E0));
#7370=LINE('',#7369,#7368);
#7371=CARTESIAN_POINT('',(3.739602630066E-1,2.25E0,1.667851663458E0));
#7372=CARTESIAN_POINT('',(3.852358768763E-1,2.25E0,1.667851662959E0));
#7373=CARTESIAN_POINT('',(4.064801762606E-1,2.25E0,1.670408537987E0));
#7374=CARTESIAN_POINT('',(4.341068302254E-1,2.249999999999E0,1.678641498932E0));
#7375=CARTESIAN_POINT('',(4.586151405775E-1,2.250000000004E0,1.689538648954E0));
#7376=CARTESIAN_POINT('',(4.812432681991E-1,2.249999999984E0,1.702466909860E0));
#7377=CARTESIAN_POINT('',(5.030002046576E-1,2.250000000060E0,1.717322937630E0));
#7378=CARTESIAN_POINT('',(5.239474719454E-1,2.249999999778E0,1.733575099196E0));
#7379=CARTESIAN_POINT('',(5.441087938087E-1,2.250000000830E0,1.750547925841E0));
#7380=CARTESIAN_POINT('',(5.572845285364E-1,2.249999998212E0,1.762090102614E0));
#7381=CARTESIAN_POINT('',(5.638616122389E-1,2.249999998212E0,1.767851663458E0));
#7383=CARTESIAN_POINT('',(3.577205003208E-1,2.222399321459E0,1.767851663458E0));
#7384=DIRECTION('',(-4.459674729840E-1,-8.950491679457E-1,0.E0));
#7385=DIRECTION('',(-4.607425552194E-14,2.220446049250E-14,-1.E0));
#7386=AXIS2_PLACEMENT_3D('',#7383,#7384,#7385);
#7388=CARTESIAN_POINT('',(-5.638616122389E-1,2.119687387799E0,
1.667851663458E0));
#7389=DIRECTION('',(0.E0,0.E0,1.E0));
#7390=DIRECTION('',(8.950491679457E-1,4.459674729840E-1,0.E0));
#7391=AXIS2_PLACEMENT_3D('',#7388,#7389,#7390);
#7393=CARTESIAN_POINT('',(5.638616122389E-1,2.119687387799E0,1.667851663458E0));
#7394=DIRECTION('',(0.E0,0.E0,1.E0));
#7395=DIRECTION('',(-8.245373426028E-1,5.658075385265E-1,0.E0));
#7396=AXIS2_PLACEMENT_3D('',#7393,#7394,#7395);
#7398=CARTESIAN_POINT('',(0.E0,2.400637247682E0,1.667851663458E0));
#7399=DIRECTION('',(0.E0,0.E0,-1.E0));
#7400=DIRECTION('',(8.950491679457E-1,-4.459674729840E-1,0.E0));
#7401=AXIS2_PLACEMENT_3D('',#7398,#7399,#7400);
#7403=CARTESIAN_POINT('',(-3.577205039632E-1,2.222399319644E0,
1.767851663458E0));
#7404=DIRECTION('',(-4.459674729840E-1,8.950491679457E-1,0.E0));
#7405=DIRECTION('',(2.976936142041E-8,1.483289047144E-8,-1.E0));
#7406=AXIS2_PLACEMENT_3D('',#7403,#7404,#7405);
#7408=CARTESIAN_POINT('',(-5.638616122389E-1,2.249999998644E0,
1.767851663458E0));
#7409=CARTESIAN_POINT('',(-5.570721281825E-1,2.249999998644E0,
1.761904038787E0));
#7410=CARTESIAN_POINT('',(-5.435664698309E-1,2.250000000630E0,
1.750075562330E0));
#7411=CARTESIAN_POINT('',(-5.232791121520E-1,2.249999999831E0,
1.733031168832E0));
#7412=CARTESIAN_POINT('',(-5.022892658753E-1,2.250000000045E0,
1.716801338880E0));
#7413=CARTESIAN_POINT('',(-4.801891841545E-1,2.249999999988E0,
1.701778278017E0));
#7414=CARTESIAN_POINT('',(-4.564012131695E-1,2.250000000003E0,
1.688367736138E0));
#7415=CARTESIAN_POINT('',(-4.307174359539E-1,2.249999999999E0,
1.677372901159E0));
#7416=CARTESIAN_POINT('',(-4.031401682524E-1,2.25E0,1.669819189760E0));
#7417=CARTESIAN_POINT('',(-3.838580554303E-1,2.25E0,1.667851663126E0));
#7418=CARTESIAN_POINT('',(-3.739602630066E-1,2.25E0,1.667851663458E0));
#7420=CARTESIAN_POINT('',(-5.638616122389E-1,2.119687387799E0,
1.767851663458E0));
#7421=DIRECTION('',(0.E0,0.E0,1.E0));
#7422=DIRECTION('',(8.950491679457E-1,4.459674729840E-1,0.E0));
#7423=AXIS2_PLACEMENT_3D('',#7420,#7421,#7422);
#7425=DIRECTION('',(8.936707241222E-10,-3.046632383874E-10,1.E0));
#7426=VECTOR('',#7425,1.532148336542E0);
#7427=CARTESIAN_POINT('',(-4.472254184846E-1,2.177802574627E0,
1.767851663458E0));
#7428=LINE('',#7427,#7426);
#7429=CARTESIAN_POINT('',(0.E0,2.400637247682E0,1.767851663458E0));
#7430=DIRECTION('',(0.E0,0.E0,-1.E0));
#7431=DIRECTION('',(8.950491679457E-1,-4.459674729840E-1,0.E0));
#7432=AXIS2_PLACEMENT_3D('',#7429,#7430,#7431);
#7434=DIRECTION('',(-9.962050022804E-10,-3.702887473286E-11,1.E0));
#7435=VECTOR('',#7434,1.532148336542E0);
#7436=CARTESIAN_POINT('',(4.472254186417E-1,2.177802574217E0,1.767851663458E0));
#7437=LINE('',#7436,#7435);
#7438=CARTESIAN_POINT('',(0.E0,2.207318726442E0,1.667851663458E0));
#7439=DIRECTION('',(0.E0,0.E0,1.E0));
#7440=DIRECTION('',(-8.591821771428E-1,-5.116698021968E-1,0.E0));
#7441=AXIS2_PLACEMENT_3D('',#7438,#7439,#7440);
#7443=DIRECTION('',(0.E0,-1.E0,0.E0));
#7444=VECTOR('',#7443,3.577166575206E0);
#7445=CARTESIAN_POINT('',(3.7984E0,1.788583287603E0,3.6E0));
#7446=LINE('',#7445,#7444);
#7447=CARTESIAN_POINT('',(4.3E0,2.15E0,3.465979861898E0));
#7448=DIRECTION('',(-1.E0,0.E0,0.E0));
#7449=DIRECTION('',(0.E0,-1.25E-1,-9.921567416492E-1));
#7450=AXIS2_PLACEMENT_3D('',#7447,#7448,#7449);
#7452=CARTESIAN_POINT('',(3.9E0,2.15E0,3.465979861898E0));
#7453=DIRECTION('',(1.E0,0.E0,0.E0));
#7454=DIRECTION('',(0.E0,-9.846571738428E-1,-1.745E-1));
#7455=AXIS2_PLACEMENT_3D('',#7452,#7453,#7454);
#7457=DIRECTION('',(0.E0,-9.101783092980E-14,-1.E0));
#7458=VECTOR('',#7457,3.669117165238E0);
#7459=CARTESIAN_POINT('',(4.3E0,2.1E0,3.069117165238E0));
#7460=LINE('',#7459,#7458);
#7461=DIRECTION('',(1.E0,-1.998401444325E-14,0.E0));
#7462=VECTOR('',#7461,4.E-1);
#7463=CARTESIAN_POINT('',(3.9E0,2.1E0,3.069117165238E0));
#7464=LINE('',#7463,#7462);
#7465=DIRECTION('',(0.E0,9.319644922333E-14,1.E0));
#7466=VECTOR('',#7465,3.669117165238E0);
#7467=CARTESIAN_POINT('',(3.9E0,2.1E0,-6.E-1));
#7468=LINE('',#7467,#7466);
#7469=DIRECTION('',(-1.E0,0.E0,0.E0));
#7470=VECTOR('',#7469,4.E-1);
#7471=CARTESIAN_POINT('',(4.3E0,2.1E0,-6.E-1));
#7472=LINE('',#7471,#7470);
#7473=DIRECTION('',(0.E0,0.E0,-1.E0));
#7474=VECTOR('',#7473,5.038271809007E-1);
#7475=CARTESIAN_POINT('',(3.9698E0,1.75E0,3.969807042798E0));
#7476=LINE('',#7475,#7474);
#7477=DIRECTION('',(1.E0,0.E0,2.286346628544E-13));
#7478=VECTOR('',#7477,3.302E-1);
#7479=CARTESIAN_POINT('',(3.9698E0,1.75E0,3.465979861898E0));
#7480=LINE('',#7479,#7478);
#7481=CARTESIAN_POINT('',(-3.8E0,-1.85E0,0.E0));
#7482=CARTESIAN_POINT('',(-3.1169E0,-1.85E0,0.E0));
#7483=VERTEX_POINT('',#7481);
#7484=VERTEX_POINT('',#7482);
#7485=CARTESIAN_POINT('',(-2.4329E0,-1.85E0,8.916E-1));
#7486=CARTESIAN_POINT('',(-2.1E0,-1.85E0,8.916E-1));
#7487=VERTEX_POINT('',#7485);
#7488=VERTEX_POINT('',#7486);
#7489=CARTESIAN_POINT('',(-2.1E0,-1.85E0,3.2E0));
#7490=VERTEX_POINT('',#7489);
#7491=CARTESIAN_POINT('',(2.1E0,-1.85E0,3.2E0));
#7492=VERTEX_POINT('',#7491);
#7493=CARTESIAN_POINT('',(2.1E0,-1.85E0,8.916E-1));
#7494=VERTEX_POINT('',#7493);
#7495=CARTESIAN_POINT('',(2.4329E0,-1.85E0,8.916E-1));
#7496=VERTEX_POINT('',#7495);
#7497=CARTESIAN_POINT('',(3.1169E0,-1.85E0,0.E0));
#7498=CARTESIAN_POINT('',(3.8E0,-1.85E0,0.E0));
#7499=VERTEX_POINT('',#7497);
#7500=VERTEX_POINT('',#7498);
#7501=CARTESIAN_POINT('',(3.8E0,-1.85E0,3.2E0));
#7502=VERTEX_POINT('',#7501);
#7503=CARTESIAN_POINT('',(-3.8E0,-1.85E0,3.2E0));
#7504=VERTEX_POINT('',#7503);
#7505=CARTESIAN_POINT('',(-3.8E0,-2.25E0,0.E0));
#7506=CARTESIAN_POINT('',(-3.1169E0,-2.25E0,0.E0));
#7507=VERTEX_POINT('',#7505);
#7508=VERTEX_POINT('',#7506);
#7509=CARTESIAN_POINT('',(-2.4329E0,-2.25E0,8.916E-1));
#7510=CARTESIAN_POINT('',(-2.1E0,-2.25E0,8.916E-1));
#7511=VERTEX_POINT('',#7509);
#7512=VERTEX_POINT('',#7510);
#7513=CARTESIAN_POINT('',(-2.1E0,-2.25E0,3.2E0));
#7514=VERTEX_POINT('',#7513);
#7515=CARTESIAN_POINT('',(2.1E0,-2.25E0,3.2E0));
#7516=VERTEX_POINT('',#7515);
#7517=CARTESIAN_POINT('',(2.1E0,-2.25E0,8.916E-1));
#7518=VERTEX_POINT('',#7517);
#7519=CARTESIAN_POINT('',(2.4329E0,-2.25E0,8.916E-1));
#7520=VERTEX_POINT('',#7519);
#7521=CARTESIAN_POINT('',(3.1169E0,-2.25E0,0.E0));
#7522=CARTESIAN_POINT('',(3.8E0,-2.25E0,0.E0));
#7523=VERTEX_POINT('',#7521);
#7524=VERTEX_POINT('',#7522);
#7525=CARTESIAN_POINT('',(3.8E0,-2.25E0,3.2E0));
#7526=VERTEX_POINT('',#7525);
#7527=CARTESIAN_POINT('',(-3.8E0,-2.25E0,3.2E0));
#7528=VERTEX_POINT('',#7527);
#7529=CARTESIAN_POINT('',(3.8E0,1.85E0,3.2E0));
#7530=CARTESIAN_POINT('',(3.8E0,1.85E0,0.E0));
#7531=VERTEX_POINT('',#7529);
#7532=VERTEX_POINT('',#7530);
#7533=CARTESIAN_POINT('',(3.1169E0,1.85E0,0.E0));
#7534=VERTEX_POINT('',#7533);
#7535=CARTESIAN_POINT('',(2.4329E0,1.85E0,8.916E-1));
#7536=CARTESIAN_POINT('',(-2.4329E0,1.85E0,8.916E-1));
#7537=VERTEX_POINT('',#7535);
#7538=VERTEX_POINT('',#7536);
#7539=CARTESIAN_POINT('',(-3.1169E0,1.85E0,0.E0));
#7540=CARTESIAN_POINT('',(-3.8E0,1.85E0,0.E0));
#7541=VERTEX_POINT('',#7539);
#7542=VERTEX_POINT('',#7540);
#7543=CARTESIAN_POINT('',(-3.8E0,1.85E0,3.2E0));
#7544=VERTEX_POINT('',#7543);
#7545=CARTESIAN_POINT('',(3.8E0,2.25E0,3.2E0));
#7546=CARTESIAN_POINT('',(3.8E0,2.25E0,0.E0));
#7547=VERTEX_POINT('',#7545);
#7548=VERTEX_POINT('',#7546);
#7549=CARTESIAN_POINT('',(3.1169E0,2.25E0,0.E0));
#7550=VERTEX_POINT('',#7549);
#7551=CARTESIAN_POINT('',(2.4329E0,2.25E0,8.916E-1));
#7552=CARTESIAN_POINT('',(-2.4329E0,2.25E0,8.916E-1));
#7553=VERTEX_POINT('',#7551);
#7554=VERTEX_POINT('',#7552);
#7555=CARTESIAN_POINT('',(-3.1169E0,2.25E0,0.E0));
#7556=CARTESIAN_POINT('',(-3.8E0,2.25E0,0.E0));
#7557=VERTEX_POINT('',#7555);
#7558=VERTEX_POINT('',#7556);
#7559=CARTESIAN_POINT('',(-3.8E0,2.25E0,3.2E0));
#7560=VERTEX_POINT('',#7559);
#7561=CARTESIAN_POINT('',(4.3E0,-2.1E0,-6.E-1));
#7562=CARTESIAN_POINT('',(3.9E0,-2.1E0,-6.E-1));
#7563=VERTEX_POINT('',#7561);
#7564=VERTEX_POINT('',#7562);
#7565=CARTESIAN_POINT('',(4.3E0,2.1E0,-6.E-1));
#7566=CARTESIAN_POINT('',(3.9E0,2.1E0,-6.E-1));
#7567=VERTEX_POINT('',#7565);
#7568=VERTEX_POINT('',#7566);
#7569=CARTESIAN_POINT('',(4.3E0,-1.75E0,3.4984E0));
#7570=CARTESIAN_POINT('',(4.3E0,1.75E0,3.4984E0));
#7571=VERTEX_POINT('',#7569);
#7572=VERTEX_POINT('',#7570);
#7573=CARTESIAN_POINT('',(3.5698E0,2.15E0,3.6E0));
#7574=CARTESIAN_POINT('',(3.5698E0,1.85E0,3.6E0));
#7575=VERTEX_POINT('',#7573);
#7576=VERTEX_POINT('',#7574);
#7577=CARTESIAN_POINT('',(3.9698E0,1.75E0,3.969807042798E0));
#7578=VERTEX_POINT('',#7577);
#7579=CARTESIAN_POINT('',(4.3E0,1.75E0,3.465979861898E0));
#7580=VERTEX_POINT('',#7579);
#7581=CARTESIAN_POINT('',(3.5698E0,-2.15E0,3.6E0));
#7582=CARTESIAN_POINT('',(3.5698E0,-1.85E0,3.6E0));
#7583=VERTEX_POINT('',#7581);
#7584=VERTEX_POINT('',#7582);
#7585=CARTESIAN_POINT('',(3.9698E0,-1.75E0,3.969807042798E0));
#7586=VERTEX_POINT('',#7585);
#7587=CARTESIAN_POINT('',(4.3E0,-1.75E0,3.465979861898E0));
#7588=VERTEX_POINT('',#7587);
#7589=CARTESIAN_POINT('',(3.7984E0,1.788583287603E0,4.E0));
#7590=CARTESIAN_POINT('',(3.7984E0,-1.788583287603E0,4.E0));
#7591=VERTEX_POINT('',#7589);
#7592=VERTEX_POINT('',#7590);
#7593=CARTESIAN_POINT('',(3.7984E0,1.788583287603E0,3.6E0));
#7594=CARTESIAN_POINT('',(3.7984E0,-1.788583287603E0,3.6E0));
#7595=VERTEX_POINT('',#7593);
#7596=VERTEX_POINT('',#7594);
#7597=CARTESIAN_POINT('',(4.3E0,-6.E-1,-2.2E0));
#7598=CARTESIAN_POINT('',(3.9E0,-6.E-1,-2.2E0));
#7599=VERTEX_POINT('',#7597);
#7600=VERTEX_POINT('',#7598);
#7601=CARTESIAN_POINT('',(4.3E0,6.E-1,-2.2E0));
#7602=CARTESIAN_POINT('',(3.9E0,6.E-1,-2.2E0));
#7603=VERTEX_POINT('',#7601);
#7604=VERTEX_POINT('',#7602);
#7605=CARTESIAN_POINT('',(3.9E0,3.213795634330E-1,-3.128734788557E0));
#7606=CARTESIAN_POINT('',(3.9E0,2.255969349109E-1,-3.2E0));
#7607=VERTEX_POINT('',#7605);
#7608=VERTEX_POINT('',#7606);
#7609=CARTESIAN_POINT('',(4.3E0,2.255969349109E-1,-3.2E0));
#7610=VERTEX_POINT('',#7609);
#7611=CARTESIAN_POINT('',(4.3E0,3.213795634330E-1,-3.128734788557E0));
#7612=VERTEX_POINT('',#7611);
#7613=CARTESIAN_POINT('',(3.9E0,-2.255969349109E-1,-3.2E0));
#7614=CARTESIAN_POINT('',(3.9E0,-3.213795634330E-1,-3.128734788557E0));
#7615=VERTEX_POINT('',#7613);
#7616=VERTEX_POINT('',#7614);
#7617=CARTESIAN_POINT('',(4.3E0,-3.213795634330E-1,-3.128734788557E0));
#7618=VERTEX_POINT('',#7617);
#7619=CARTESIAN_POINT('',(4.3E0,-2.255969349109E-1,-3.2E0));
#7620=VERTEX_POINT('',#7619);
#7621=CARTESIAN_POINT('',(4.3E0,-4.E-1,-6.E-1));
#7622=CARTESIAN_POINT('',(4.3E0,-1.1094E0,-6.E-1));
#7623=VERTEX_POINT('',#7621);
#7624=VERTEX_POINT('',#7622);
#7625=CARTESIAN_POINT('',(4.3E0,1.1094E0,-6.E-1));
#7626=CARTESIAN_POINT('',(4.3E0,4.E-1,-6.E-1));
#7627=VERTEX_POINT('',#7625);
#7628=VERTEX_POINT('',#7626);
#7629=CARTESIAN_POINT('',(3.9E0,-4.E-1,-6.E-1));
#7630=VERTEX_POINT('',#7629);
#7631=CARTESIAN_POINT('',(3.9E0,-1.1094E0,-6.E-1));
#7632=VERTEX_POINT('',#7631);
#7633=CARTESIAN_POINT('',(3.9E0,1.1094E0,-6.E-1));
#7634=VERTEX_POINT('',#7633);
#7635=CARTESIAN_POINT('',(3.9E0,4.E-1,-6.E-1));
#7636=VERTEX_POINT('',#7635);
#7637=CARTESIAN_POINT('',(-4.3E0,-2.1E0,-6.E-1));
#7638=CARTESIAN_POINT('',(-3.9E0,-2.1E0,-6.E-1));
#7639=VERTEX_POINT('',#7637);
#7640=VERTEX_POINT('',#7638);
#7641=CARTESIAN_POINT('',(-4.3E0,2.1E0,-6.E-1));
#7642=CARTESIAN_POINT('',(-3.9E0,2.1E0,-6.E-1));
#7643=VERTEX_POINT('',#7641);
#7644=VERTEX_POINT('',#7642);
#7645=CARTESIAN_POINT('',(-4.3E0,-6.E-1,-2.2E0));
#7646=CARTESIAN_POINT('',(-3.9E0,-6.E-1,-2.2E0));
#7647=VERTEX_POINT('',#7645);
#7648=VERTEX_POINT('',#7646);
#7649=CARTESIAN_POINT('',(-4.3E0,6.E-1,-2.2E0));
#7650=CARTESIAN_POINT('',(-3.9E0,6.E-1,-2.2E0));
#7651=VERTEX_POINT('',#7649);
#7652=VERTEX_POINT('',#7650);
#7653=CARTESIAN_POINT('',(-4.3E0,-1.75E0,3.4984E0));
#7654=CARTESIAN_POINT('',(-4.3E0,1.75E0,3.4984E0));
#7655=VERTEX_POINT('',#7653);
#7656=VERTEX_POINT('',#7654);
#7657=CARTESIAN_POINT('',(-3.5698E0,2.15E0,3.6E0));
#7658=CARTESIAN_POINT('',(-3.5698E0,1.85E0,3.6E0));
#7659=VERTEX_POINT('',#7657);
#7660=VERTEX_POINT('',#7658);
#7661=CARTESIAN_POINT('',(-3.5698E0,-2.15E0,3.6E0));
#7662=CARTESIAN_POINT('',(-3.5698E0,-1.85E0,3.6E0));
#7663=VERTEX_POINT('',#7661);
#7664=VERTEX_POINT('',#7662);
#7665=CARTESIAN_POINT('',(-3.9698E0,1.75E0,3.969807042798E0));
#7666=VERTEX_POINT('',#7665);
#7667=CARTESIAN_POINT('',(-4.3E0,1.75E0,3.465979861898E0));
#7668=VERTEX_POINT('',#7667);
#7669=CARTESIAN_POINT('',(-3.9698E0,-1.75E0,3.969807042798E0));
#7670=VERTEX_POINT('',#7669);
#7671=CARTESIAN_POINT('',(-4.3E0,-1.75E0,3.465979861898E0));
#7672=VERTEX_POINT('',#7671);
#7673=CARTESIAN_POINT('',(-3.7984E0,1.788583287603E0,3.6E0));
#7674=CARTESIAN_POINT('',(-3.7984E0,-1.788583287603E0,3.6E0));
#7675=VERTEX_POINT('',#7673);
#7676=VERTEX_POINT('',#7674);
#7677=CARTESIAN_POINT('',(-3.7984E0,1.788583287603E0,4.E0));
#7678=CARTESIAN_POINT('',(-3.7984E0,-1.788583287603E0,4.E0));
#7679=VERTEX_POINT('',#7677);
#7680=VERTEX_POINT('',#7678);
#7681=CARTESIAN_POINT('',(-4.3E0,3.213795634330E-1,-3.128734788557E0));
#7682=CARTESIAN_POINT('',(-4.3E0,2.255969349109E-1,-3.2E0));
#7683=VERTEX_POINT('',#7681);
#7684=VERTEX_POINT('',#7682);
#7685=CARTESIAN_POINT('',(-3.9E0,2.255969349109E-1,-3.2E0));
#7686=VERTEX_POINT('',#7685);
#7687=CARTESIAN_POINT('',(-3.9E0,3.213795634330E-1,-3.128734788557E0));
#7688=VERTEX_POINT('',#7687);
#7689=CARTESIAN_POINT('',(-4.3E0,-2.255969349109E-1,-3.2E0));
#7690=CARTESIAN_POINT('',(-4.3E0,-3.213795634330E-1,-3.128734788557E0));
#7691=VERTEX_POINT('',#7689);
#7692=VERTEX_POINT('',#7690);
#7693=CARTESIAN_POINT('',(-3.9E0,-3.213795634330E-1,-3.128734788557E0));
#7694=VERTEX_POINT('',#7693);
#7695=CARTESIAN_POINT('',(-3.9E0,-2.255969349109E-1,-3.2E0));
#7696=VERTEX_POINT('',#7695);
#7697=CARTESIAN_POINT('',(-4.3E0,-4.E-1,-6.E-1));
#7698=CARTESIAN_POINT('',(-4.3E0,-1.1094E0,-6.E-1));
#7699=VERTEX_POINT('',#7697);
#7700=VERTEX_POINT('',#7698);
#7701=CARTESIAN_POINT('',(-4.3E0,1.1094E0,-6.E-1));
#7702=CARTESIAN_POINT('',(-4.3E0,4.E-1,-6.E-1));
#7703=VERTEX_POINT('',#7701);
#7704=VERTEX_POINT('',#7702);
#7705=CARTESIAN_POINT('',(-3.9E0,-4.E-1,-6.E-1));
#7706=VERTEX_POINT('',#7705);
#7707=CARTESIAN_POINT('',(-3.9E0,-1.1094E0,-6.E-1));
#7708=VERTEX_POINT('',#7707);
#7709=CARTESIAN_POINT('',(-3.9E0,1.1094E0,-6.E-1));
#7710=VERTEX_POINT('',#7709);
#7711=CARTESIAN_POINT('',(-3.9E0,4.E-1,-6.E-1));
#7712=VERTEX_POINT('',#7711);
#7713=CARTESIAN_POINT('',(-3.5698E0,-2.25E0,3.6E0));
#7714=CARTESIAN_POINT('',(3.5698E0,-2.25E0,3.6E0));
#7715=VERTEX_POINT('',#7713);
#7716=VERTEX_POINT('',#7714);
#7717=CARTESIAN_POINT('',(-3.705224868894E0,-1.85E0,4.E0));
#7718=CARTESIAN_POINT('',(3.705224868894E0,-1.85E0,4.E0));
#7719=VERTEX_POINT('',#7717);
#7720=VERTEX_POINT('',#7718);
#7721=CARTESIAN_POINT('',(-3.1169E0,-1.85E0,-2.34E-2));
#7722=CARTESIAN_POINT('',(-2.4329E0,-1.85E0,-2.34E-2));
#7723=VERTEX_POINT('',#7721);
#7724=VERTEX_POINT('',#7722);
#7725=CARTESIAN_POINT('',(-3.1169E0,-1.330004720581E0,-4.234E-1));
#7726=CARTESIAN_POINT('',(-2.4329E0,-1.330004720581E0,-4.234E-1));
#7727=VERTEX_POINT('',#7725);
#7728=VERTEX_POINT('',#7726);
#7729=CARTESIAN_POINT('',(-2.4329E0,-1.330004720581E0,-2.34E-2));
#7730=VERTEX_POINT('',#7729);
#7731=CARTESIAN_POINT('',(-3.1169E0,-1.330004720581E0,-2.34E-2));
#7732=VERTEX_POINT('',#7731);
#7733=CARTESIAN_POINT('',(-2.4329E0,-2.25E0,-1.234E-1));
#7734=CARTESIAN_POINT('',(-2.4329E0,-1.95E0,-4.234E-1));
#7735=VERTEX_POINT('',#7733);
#7736=VERTEX_POINT('',#7734);
#7737=CARTESIAN_POINT('',(-3.1169E0,-1.95E0,-4.234E-1));
#7738=VERTEX_POINT('',#7737);
#7739=CARTESIAN_POINT('',(-3.1169E0,-2.25E0,-1.234E-1));
#7740=VERTEX_POINT('',#7739);
#7741=CARTESIAN_POINT('',(3.1169E0,-1.85E0,-2.34E-2));
#7742=CARTESIAN_POINT('',(2.4329E0,-1.85E0,-2.34E-2));
#7743=VERTEX_POINT('',#7741);
#7744=VERTEX_POINT('',#7742);
#7745=CARTESIAN_POINT('',(2.4329E0,-1.330004720581E0,-4.234E-1));
#7746=CARTESIAN_POINT('',(3.1169E0,-1.330004720581E0,-4.234E-1));
#7747=VERTEX_POINT('',#7745);
#7748=VERTEX_POINT('',#7746);
#7749=CARTESIAN_POINT('',(3.1169E0,-1.330004720581E0,-2.34E-2));
#7750=VERTEX_POINT('',#7749);
#7751=CARTESIAN_POINT('',(2.4329E0,-1.330004720581E0,-2.34E-2));
#7752=VERTEX_POINT('',#7751);
#7753=CARTESIAN_POINT('',(3.1169E0,-2.25E0,-1.234E-1));
#7754=CARTESIAN_POINT('',(3.1169E0,-1.95E0,-4.234E-1));
#7755=VERTEX_POINT('',#7753);
#7756=VERTEX_POINT('',#7754);
#7757=CARTESIAN_POINT('',(2.4329E0,-1.95E0,-4.234E-1));
#7758=VERTEX_POINT('',#7757);
#7759=CARTESIAN_POINT('',(2.4329E0,-2.25E0,-1.234E-1));
#7760=VERTEX_POINT('',#7759);
#7761=CARTESIAN_POINT('',(-3.1169E0,1.85E0,-2.34E-2));
#7762=CARTESIAN_POINT('',(-2.4329E0,1.85E0,-2.34E-2));
#7763=VERTEX_POINT('',#7761);
#7764=VERTEX_POINT('',#7762);
#7765=CARTESIAN_POINT('',(-3.1169E0,1.330004720581E0,-2.34E-2));
#7766=CARTESIAN_POINT('',(-2.4329E0,1.330004720581E0,-2.34E-2));
#7767=VERTEX_POINT('',#7765);
#7768=VERTEX_POINT('',#7766);
#7769=CARTESIAN_POINT('',(-2.4329E0,1.330004720581E0,-4.234E-1));
#7770=VERTEX_POINT('',#7769);
#7771=CARTESIAN_POINT('',(-3.1169E0,1.330004720581E0,-4.234E-1));
#7772=VERTEX_POINT('',#7771);
#7773=CARTESIAN_POINT('',(-3.1169E0,2.25E0,-1.234E-1));
#7774=CARTESIAN_POINT('',(-3.1169E0,1.95E0,-4.234E-1));
#7775=VERTEX_POINT('',#7773);
#7776=VERTEX_POINT('',#7774);
#7777=CARTESIAN_POINT('',(-2.4329E0,1.95E0,-4.234E-1));
#7778=VERTEX_POINT('',#7777);
#7779=CARTESIAN_POINT('',(-2.4329E0,2.25E0,-1.234E-1));
#7780=VERTEX_POINT('',#7779);
#7781=CARTESIAN_POINT('',(3.1169E0,1.85E0,-2.34E-2));
#7782=CARTESIAN_POINT('',(2.4329E0,1.85E0,-2.34E-2));
#7783=VERTEX_POINT('',#7781);
#7784=VERTEX_POINT('',#7782);
#7785=CARTESIAN_POINT('',(3.1169E0,1.330004720581E0,-4.234E-1));
#7786=CARTESIAN_POINT('',(2.4329E0,1.330004720581E0,-4.234E-1));
#7787=VERTEX_POINT('',#7785);
#7788=VERTEX_POINT('',#7786);
#7789=CARTESIAN_POINT('',(2.4329E0,1.330004720581E0,-2.34E-2));
#7790=VERTEX_POINT('',#7789);
#7791=CARTESIAN_POINT('',(3.1169E0,1.330004720581E0,-2.34E-2));
#7792=VERTEX_POINT('',#7791);
#7793=CARTESIAN_POINT('',(2.4329E0,2.25E0,-1.234E-1));
#7794=CARTESIAN_POINT('',(2.4329E0,1.95E0,-4.234E-1));
#7795=VERTEX_POINT('',#7793);
#7796=VERTEX_POINT('',#7794);
#7797=CARTESIAN_POINT('',(3.1169E0,1.95E0,-4.234E-1));
#7798=VERTEX_POINT('',#7797);
#7799=CARTESIAN_POINT('',(3.1169E0,2.25E0,-1.234E-1));
#7800=VERTEX_POINT('',#7799);
#7801=VERTEX_POINT('',#6189);
#7802=VERTEX_POINT('',#6241);
#7803=CARTESIAN_POINT('',(3.9698E0,1.75E0,3.465979861898E0));
#7804=VERTEX_POINT('',#7803);
#7805=CARTESIAN_POINT('',(3.9698E0,-1.75E0,3.465979861898E0));
#7806=VERTEX_POINT('',#7805);
#7807=VERTEX_POINT('',#6973);
#7808=VERTEX_POINT('',#6933);
#7809=CARTESIAN_POINT('',(-3.9698E0,1.75E0,3.465979861898E0));
#7810=VERTEX_POINT('',#7809);
#7811=CARTESIAN_POINT('',(-3.9698E0,-1.75E0,3.465979861898E0));
#7812=VERTEX_POINT('',#7811);
#7813=CARTESIAN_POINT('',(3.5698E0,2.15E0,3.864575131106E0));
#7814=VERTEX_POINT('',#7813);
#7815=CARTESIAN_POINT('',(3.5698E0,-2.15E0,3.864575131106E0));
#7816=VERTEX_POINT('',#7815);
#7817=CARTESIAN_POINT('',(3.705224868894E0,1.85E0,4.E0));
#7818=VERTEX_POINT('',#7817);
#7819=CARTESIAN_POINT('',(-3.5698E0,2.15E0,3.864575131106E0));
#7820=VERTEX_POINT('',#7819);
#7821=CARTESIAN_POINT('',(-3.5698E0,-2.15E0,3.864575131106E0));
#7822=VERTEX_POINT('',#7821);
#7823=CARTESIAN_POINT('',(-3.705224868894E0,1.85E0,4.E0));
#7824=VERTEX_POINT('',#7823);
#7825=CARTESIAN_POINT('',(4.3E0,2.1E0,3.069117165238E0));
#7826=VERTEX_POINT('',#7825);
#7827=CARTESIAN_POINT('',(3.9E0,2.1E0,3.069117165238E0));
#7828=VERTEX_POINT('',#7827);
#7829=CARTESIAN_POINT('',(4.3E0,-2.1E0,3.069117165238E0));
#7830=VERTEX_POINT('',#7829);
#7831=CARTESIAN_POINT('',(3.9E0,-2.1E0,3.069117165238E0));
#7832=VERTEX_POINT('',#7831);
#7833=CARTESIAN_POINT('',(-4.3E0,2.1E0,3.069117165238E0));
#7834=VERTEX_POINT('',#7833);
#7835=CARTESIAN_POINT('',(-3.9E0,2.1E0,3.069117165238E0));
#7836=VERTEX_POINT('',#7835);
#7837=CARTESIAN_POINT('',(-4.3E0,-2.1E0,3.069117165238E0));
#7838=VERTEX_POINT('',#7837);
#7839=CARTESIAN_POINT('',(-3.9E0,-2.1E0,3.069117165238E0));
#7840=VERTEX_POINT('',#7839);
#7841=CARTESIAN_POINT('',(-3.5698E0,2.25E0,3.6E0));
#7842=VERTEX_POINT('',#7841);
#7843=CARTESIAN_POINT('',(3.5698E0,2.25E0,3.6E0));
#7844=VERTEX_POINT('',#7843);
#7845=CARTESIAN_POINT('',(5.638616122389E-1,2.25E0,3.3E0));
#7846=CARTESIAN_POINT('',(4.472254171154E-1,2.177802574160E0,3.3E0));
#7847=VERTEX_POINT('',#7845);
#7848=VERTEX_POINT('',#7846);
#7849=CARTESIAN_POINT('',(-4.472254171154E-1,2.177802574160E0,3.3E0));
#7850=VERTEX_POINT('',#7849);
#7851=CARTESIAN_POINT('',(-5.638616122389E-1,2.25E0,3.3E0));
#7852=VERTEX_POINT('',#7851);
#7853=CARTESIAN_POINT('',(6.E-1,1.85E0,1.667851663458E0));
#7854=CARTESIAN_POINT('',(-6.E-1,1.85E0,1.667851663458E0));
#7855=VERTEX_POINT('',#7853);
#7856=VERTEX_POINT('',#7854);
#7857=CARTESIAN_POINT('',(-3.577205039632E-1,2.222399319644E0,
1.667851663458E0));
#7858=CARTESIAN_POINT('',(-3.739602663620E-1,2.249999997697E0,
1.667851663458E0));
#7859=VERTEX_POINT('',#7857);
#7860=VERTEX_POINT('',#7858);
#7861=CARTESIAN_POINT('',(-4.472254171154E-1,2.177802574160E0,
1.767851663458E0));
#7862=CARTESIAN_POINT('',(-5.638616122389E-1,2.25E0,1.767851663458E0));
#7863=VERTEX_POINT('',#7861);
#7864=VERTEX_POINT('',#7862);
#7865=CARTESIAN_POINT('',(3.577205003208E-1,2.222399321459E0,1.667851663458E0));
#7866=VERTEX_POINT('',#7865);
#7867=CARTESIAN_POINT('',(4.472254171154E-1,2.177802574160E0,1.767851663458E0));
#7868=VERTEX_POINT('',#7867);
#7869=CARTESIAN_POINT('',(5.638616122389E-1,2.25E0,1.767851663458E0));
#7870=VERTEX_POINT('',#7869);
#7871=CARTESIAN_POINT('',(3.739602674289E-1,2.249999996965E0,1.667851663458E0));
#7872=VERTEX_POINT('',#7871);
#7873=CARTESIAN_POINT('',(-9.E-1,1.95E0,3.6E0));
#7874=CARTESIAN_POINT('',(-9.E-1,2.25E0,3.6E0));
#7875=VERTEX_POINT('',#7873);
#7876=VERTEX_POINT('',#7874);
#7877=CARTESIAN_POINT('',(-6.E-1,1.85E0,3.3E0));
#7878=CARTESIAN_POINT('',(-6.E-1,2.25E0,3.3E0));
#7879=VERTEX_POINT('',#7877);
#7880=VERTEX_POINT('',#7878);
#7881=CARTESIAN_POINT('',(-6.E-1,1.65E0,4.E0));
#7882=CARTESIAN_POINT('',(-6.E-1,1.65E0,3.6E0));
#7883=VERTEX_POINT('',#7881);
#7884=VERTEX_POINT('',#7882);
#7885=CARTESIAN_POINT('',(-9.E-1,1.95E0,3.987298334621E0));
#7886=VERTEX_POINT('',#7885);
#7887=CARTESIAN_POINT('',(6.E-1,2.25E0,3.3E0));
#7888=CARTESIAN_POINT('',(6.E-1,1.85E0,3.3E0));
#7889=VERTEX_POINT('',#7887);
#7890=VERTEX_POINT('',#7888);
#7891=CARTESIAN_POINT('',(9.E-1,2.25E0,3.6E0));
#7892=CARTESIAN_POINT('',(9.E-1,1.95E0,3.6E0));
#7893=VERTEX_POINT('',#7891);
#7894=VERTEX_POINT('',#7892);
#7895=CARTESIAN_POINT('',(9.E-1,1.95E0,3.987298334621E0));
#7896=VERTEX_POINT('',#7895);
#7897=CARTESIAN_POINT('',(6.E-1,1.65E0,4.E0));
#7898=CARTESIAN_POINT('',(6.E-1,1.65E0,3.6E0));
#7899=VERTEX_POINT('',#7897);
#7900=VERTEX_POINT('',#7898);
#7901=CARTESIAN_POINT('',(-9.E-1,1.85E0,3.6E0));
#7902=VERTEX_POINT('',#7901);
#7903=CARTESIAN_POINT('',(9.E-1,1.85E0,3.6E0));
#7904=VERTEX_POINT('',#7903);
#7905=CARTESIAN_POINT('',(-8.828427124746E-1,1.85E0,4.E0));
#7906=VERTEX_POINT('',#7905);
#7907=VERTEX_POINT('',#6443);
#7908=VERTEX_POINT('',#6139);
#7909=VERTEX_POINT('',#6247);
#7910=VERTEX_POINT('',#7177);
#7911=VERTEX_POINT('',#6927);
#7912=CARTESIAN_POINT('',(4.3E0,7.547E-1,-6.E-1));
#7913=DIRECTION('',(1.E0,0.E0,0.E0));
#7914=DIRECTION('',(0.E0,1.E0,0.E0));
#7915=AXIS2_PLACEMENT_3D('',#7912,#7913,#7914);
#7916=CYLINDRICAL_SURFACE('',#7915,3.547E-1);
#7918=ORIENTED_EDGE('',*,*,#7917,.F.);
#7920=ORIENTED_EDGE('',*,*,#7919,.F.);
#7922=ORIENTED_EDGE('',*,*,#7921,.T.);
#7924=ORIENTED_EDGE('',*,*,#7923,.T.);
#7925=EDGE_LOOP('',(#7918,#7920,#7922,#7924));
#7926=FACE_OUTER_BOUND('',#7925,.F.);
#7927=ADVANCED_FACE('',(#7926),#7916,.F.);
#7928=FILL_AREA_STYLE_COLOUR('',#27);
#7929=FILL_AREA_STYLE('',(#7928));
#7930=SURFACE_STYLE_FILL_AREA(#7929);
#7931=SURFACE_SIDE_STYLE('',(#7930));
#7932=SURFACE_STYLE_USAGE(.POSITIVE.,#7931);
#7933=PRESENTATION_STYLE_ASSIGNMENT((#7932));
#7934=STYLED_ITEM('',(#7933),#7927);
#7935=CARTESIAN_POINT('',(4.3E0,-2.1E0,3.4984E0));
#7936=DIRECTION('',(1.E0,0.E0,0.E0));
#7937=DIRECTION('',(0.E0,0.E0,-1.E0));
#7938=AXIS2_PLACEMENT_3D('',#7935,#7936,#7937);
#7939=PLANE('',#7938);
#7941=ORIENTED_EDGE('',*,*,#7940,.T.);
#7943=ORIENTED_EDGE('',*,*,#7942,.F.);
#7945=ORIENTED_EDGE('',*,*,#7944,.F.);
#7947=ORIENTED_EDGE('',*,*,#7946,.F.);
#7949=ORIENTED_EDGE('',*,*,#7948,.F.);
#7951=ORIENTED_EDGE('',*,*,#7950,.T.);
#7953=ORIENTED_EDGE('',*,*,#7952,.T.);
#7955=ORIENTED_EDGE('',*,*,#7954,.F.);
#7957=ORIENTED_EDGE('',*,*,#7956,.T.);
#7959=ORIENTED_EDGE('',*,*,#7958,.F.);
#7960=ORIENTED_EDGE('',*,*,#7917,.T.);
#7962=ORIENTED_EDGE('',*,*,#7961,.F.);
#7964=ORIENTED_EDGE('',*,*,#7963,.F.);
#7966=ORIENTED_EDGE('',*,*,#7965,.F.);
#7968=ORIENTED_EDGE('',*,*,#7967,.F.);
#7970=ORIENTED_EDGE('',*,*,#7969,.F.);
#7972=ORIENTED_EDGE('',*,*,#7971,.F.);
#7974=ORIENTED_EDGE('',*,*,#7973,.F.);
#7975=EDGE_LOOP('',(#7941,#7943,#7945,#7947,#7949,#7951,#7953,#7955,#7957,#7959,
#7960,#7962,#7964,#7966,#7968,#7970,#7972,#7974));
#7976=FACE_OUTER_BOUND('',#7975,.F.);
#7977=ADVANCED_FACE('',(#7976),#7939,.T.);
#7978=FILL_AREA_STYLE_COLOUR('',#27);
#7979=FILL_AREA_STYLE('',(#7978));
#7980=SURFACE_STYLE_FILL_AREA(#7979);
#7981=SURFACE_SIDE_STYLE('',(#7980));
#7982=SURFACE_STYLE_USAGE(.POSITIVE.,#7981);
#7983=PRESENTATION_STYLE_ASSIGNMENT((#7982));
#7984=STYLED_ITEM('',(#7983),#7977);
#7985=CARTESIAN_POINT('',(4.3E0,-7.547E-1,-6.E-1));
#7986=DIRECTION('',(1.E0,0.E0,0.E0));
#7987=DIRECTION('',(0.E0,1.E0,0.E0));
#7988=AXIS2_PLACEMENT_3D('',#7985,#7986,#7987);
#7989=CYLINDRICAL_SURFACE('',#7988,3.547E-1);
#7990=ORIENTED_EDGE('',*,*,#7940,.F.);
#7992=ORIENTED_EDGE('',*,*,#7991,.F.);
#7994=ORIENTED_EDGE('',*,*,#7993,.T.);
#7996=ORIENTED_EDGE('',*,*,#7995,.T.);
#7997=EDGE_LOOP('',(#7990,#7992,#7994,#7996));
#7998=FACE_OUTER_BOUND('',#7997,.F.);
#7999=ADVANCED_FACE('',(#7998),#7989,.F.);
#8000=FILL_AREA_STYLE_COLOUR('',#27);
#8001=FILL_AREA_STYLE('',(#8000));
#8002=SURFACE_STYLE_FILL_AREA(#8001);
#8003=SURFACE_SIDE_STYLE('',(#8002));
#8004=SURFACE_STYLE_USAGE(.POSITIVE.,#8003);
#8005=PRESENTATION_STYLE_ASSIGNMENT((#8004));
#8006=STYLED_ITEM('',(#8005),#7999);
#8007=CARTESIAN_POINT('',(4.3E0,-4.E-1,-6.E-1));
#8008=DIRECTION('',(0.E0,-9.922778767137E-1,1.240347345892E-1));
#8009=DIRECTION('',(0.E0,-1.240347345892E-1,-9.922778767137E-1));
#8010=AXIS2_PLACEMENT_3D('',#8007,#8008,#8009);
#8011=PLANE('',#8010);
#8012=ORIENTED_EDGE('',*,*,#7991,.T.);
#8013=ORIENTED_EDGE('',*,*,#7973,.T.);
#8015=ORIENTED_EDGE('',*,*,#8014,.T.);
#8017=ORIENTED_EDGE('',*,*,#8016,.F.);
#8018=EDGE_LOOP('',(#8012,#8013,#8015,#8017));
#8019=FACE_OUTER_BOUND('',#8018,.F.);
#8020=ADVANCED_FACE('',(#8019),#8011,.T.);
#8021=FILL_AREA_STYLE_COLOUR('',#27);
#8022=FILL_AREA_STYLE('',(#8021));
#8023=SURFACE_STYLE_FILL_AREA(#8022);
#8024=SURFACE_SIDE_STYLE('',(#8023));
#8025=SURFACE_STYLE_USAGE(.POSITIVE.,#8024);
#8026=PRESENTATION_STYLE_ASSIGNMENT((#8025));
#8027=STYLED_ITEM('',(#8026),#8020);
#8028=CARTESIAN_POINT('',(4.3E0,-6.E-1,-2.2E0));
#8029=DIRECTION('',(0.E0,-9.578262852212E-1,-2.873478855663E-1));
#8030=DIRECTION('',(0.E0,2.873478855663E-1,-9.578262852212E-1));
#8031=AXIS2_PLACEMENT_3D('',#8028,#8029,#8030);
#8032=PLANE('',#8031);
#8034=ORIENTED_EDGE('',*,*,#8033,.T.);
#8036=ORIENTED_EDGE('',*,*,#8035,.F.);
#8037=ORIENTED_EDGE('',*,*,#8014,.F.);
#8038=ORIENTED_EDGE('',*,*,#7971,.T.);
#8039=EDGE_LOOP('',(#8034,#8036,#8037,#8038));
#8040=FACE_OUTER_BOUND('',#8039,.F.);
#8041=ADVANCED_FACE('',(#8040),#8032,.T.);
#8042=FILL_AREA_STYLE_COLOUR('',#27);
#8043=FILL_AREA_STYLE('',(#8042));
#8044=SURFACE_STYLE_FILL_AREA(#8043);
#8045=SURFACE_SIDE_STYLE('',(#8044));
#8046=SURFACE_STYLE_USAGE(.POSITIVE.,#8045);
#8047=PRESENTATION_STYLE_ASSIGNMENT((#8046));
#8048=STYLED_ITEM('',(#8047),#8041);
#8049=CARTESIAN_POINT('',(1.485916E1,-2.255969349109E-1,-3.1E0));
#8050=DIRECTION('',(-1.E0,0.E0,0.E0));
#8051=DIRECTION('',(0.E0,0.E0,-1.E0));
#8052=AXIS2_PLACEMENT_3D('',#8049,#8050,#8051);
#8053=CYLINDRICAL_SURFACE('',#8052,1.E-1);
#8055=ORIENTED_EDGE('',*,*,#8054,.T.);
#8056=ORIENTED_EDGE('',*,*,#8033,.F.);
#8057=ORIENTED_EDGE('',*,*,#7969,.T.);
#8059=ORIENTED_EDGE('',*,*,#8058,.T.);
#8060=EDGE_LOOP('',(#8055,#8056,#8057,#8059));
#8061=FACE_OUTER_BOUND('',#8060,.F.);
#8062=ADVANCED_FACE('',(#8061),#8053,.T.);
#8063=FILL_AREA_STYLE_COLOUR('',#27);
#8064=FILL_AREA_STYLE('',(#8063));
#8065=SURFACE_STYLE_FILL_AREA(#8064);
#8066=SURFACE_SIDE_STYLE('',(#8065));
#8067=SURFACE_STYLE_USAGE(.POSITIVE.,#8066);
#8068=PRESENTATION_STYLE_ASSIGNMENT((#8067));
#8069=STYLED_ITEM('',(#8068),#8062);
#8070=CARTESIAN_POINT('',(3.9E0,-2.1E0,-6.E-1));
#8071=DIRECTION('',(-1.E0,0.E0,0.E0));
#8072=DIRECTION('',(0.E0,0.E0,1.E0));
#8073=AXIS2_PLACEMENT_3D('',#8070,#8071,#8072);
#8074=PLANE('',#8073);
#8075=ORIENTED_EDGE('',*,*,#7993,.F.);
#8076=ORIENTED_EDGE('',*,*,#8016,.T.);
#8077=ORIENTED_EDGE('',*,*,#8035,.T.);
#8078=ORIENTED_EDGE('',*,*,#8054,.F.);
#8080=ORIENTED_EDGE('',*,*,#8079,.T.);
#8082=ORIENTED_EDGE('',*,*,#8081,.F.);
#8084=ORIENTED_EDGE('',*,*,#8083,.T.);
#8086=ORIENTED_EDGE('',*,*,#8085,.T.);
#8087=ORIENTED_EDGE('',*,*,#7921,.F.);
#8089=ORIENTED_EDGE('',*,*,#8088,.T.);
#8091=ORIENTED_EDGE('',*,*,#8090,.T.);
#8093=ORIENTED_EDGE('',*,*,#8092,.F.);
#8095=ORIENTED_EDGE('',*,*,#8094,.F.);
#8097=ORIENTED_EDGE('',*,*,#8096,.T.);
#8099=ORIENTED_EDGE('',*,*,#8098,.F.);
#8101=ORIENTED_EDGE('',*,*,#8100,.F.);
#8103=ORIENTED_EDGE('',*,*,#8102,.F.);
#8105=ORIENTED_EDGE('',*,*,#8104,.T.);
#8106=EDGE_LOOP('',(#8075,#8076,#8077,#8078,#8080,#8082,#8084,#8086,#8087,#8089,
#8091,#8093,#8095,#8097,#8099,#8101,#8103,#8105));
#8107=FACE_OUTER_BOUND('',#8106,.F.);
#8108=ADVANCED_FACE('',(#8107),#8074,.T.);
#8109=FILL_AREA_STYLE_COLOUR('',#27);
#8110=FILL_AREA_STYLE('',(#8109));
#8111=SURFACE_STYLE_FILL_AREA(#8110);
#8112=SURFACE_SIDE_STYLE('',(#8111));
#8113=SURFACE_STYLE_USAGE(.POSITIVE.,#8112);
#8114=PRESENTATION_STYLE_ASSIGNMENT((#8113));
#8115=STYLED_ITEM('',(#8114),#8108);
#8116=CARTESIAN_POINT('',(4.3E0,-3.E-1,-3.2E0));
#8117=DIRECTION('',(0.E0,0.E0,-1.E0));
#8118=DIRECTION('',(0.E0,1.E0,0.E0));
#8119=AXIS2_PLACEMENT_3D('',#8116,#8117,#8118);
#8120=PLANE('',#8119);
#8122=ORIENTED_EDGE('',*,*,#8121,.T.);
#8123=ORIENTED_EDGE('',*,*,#8079,.F.);
#8124=ORIENTED_EDGE('',*,*,#8058,.F.);
#8125=ORIENTED_EDGE('',*,*,#7967,.T.);
#8126=EDGE_LOOP('',(#8122,#8123,#8124,#8125));
#8127=FACE_OUTER_BOUND('',#8126,.F.);
#8128=ADVANCED_FACE('',(#8127),#8120,.T.);
#8129=FILL_AREA_STYLE_COLOUR('',#27);
#8130=FILL_AREA_STYLE('',(#8129));
#8131=SURFACE_STYLE_FILL_AREA(#8130);
#8132=SURFACE_SIDE_STYLE('',(#8131));
#8133=SURFACE_STYLE_USAGE(.POSITIVE.,#8132);
#8134=PRESENTATION_STYLE_ASSIGNMENT((#8133));
#8135=STYLED_ITEM('',(#8134),#8128);
#8136=CARTESIAN_POINT('',(1.485916E1,2.255969349109E-1,-3.1E0));
#8137=DIRECTION('',(-1.E0,0.E0,0.E0));
#8138=DIRECTION('',(0.E0,9.578262852212E-1,-2.873478855663E-1));
#8139=AXIS2_PLACEMENT_3D('',#8136,#8137,#8138);
#8140=CYLINDRICAL_SURFACE('',#8139,1.E-1);
#8141=ORIENTED_EDGE('',*,*,#8081,.T.);
#8142=ORIENTED_EDGE('',*,*,#8121,.F.);
#8143=ORIENTED_EDGE('',*,*,#7965,.T.);
#8145=ORIENTED_EDGE('',*,*,#8144,.T.);
#8146=EDGE_LOOP('',(#8141,#8142,#8143,#8145));
#8147=FACE_OUTER_BOUND('',#8146,.F.);
#8148=ADVANCED_FACE('',(#8147),#8140,.T.);
#8149=FILL_AREA_STYLE_COLOUR('',#27);
#8150=FILL_AREA_STYLE('',(#8149));
#8151=SURFACE_STYLE_FILL_AREA(#8150);
#8152=SURFACE_SIDE_STYLE('',(#8151));
#8153=SURFACE_STYLE_USAGE(.POSITIVE.,#8152);
#8154=PRESENTATION_STYLE_ASSIGNMENT((#8153));
#8155=STYLED_ITEM('',(#8154),#8148);
#8156=CARTESIAN_POINT('',(4.3E0,3.E-1,-3.2E0));
#8157=DIRECTION('',(0.E0,9.578262852212E-1,-2.873478855663E-1));
#8158=DIRECTION('',(0.E0,2.873478855663E-1,9.578262852212E-1));
#8159=AXIS2_PLACEMENT_3D('',#8156,#8157,#8158);
#8160=PLANE('',#8159);
#8161=ORIENTED_EDGE('',*,*,#8144,.F.);
#8162=ORIENTED_EDGE('',*,*,#7963,.T.);
#8164=ORIENTED_EDGE('',*,*,#8163,.T.);
#8165=ORIENTED_EDGE('',*,*,#8083,.F.);
#8166=EDGE_LOOP('',(#8161,#8162,#8164,#8165));
#8167=FACE_OUTER_BOUND('',#8166,.F.);
#8168=ADVANCED_FACE('',(#8167),#8160,.T.);
#8169=FILL_AREA_STYLE_COLOUR('',#27);
#8170=FILL_AREA_STYLE('',(#8169));
#8171=SURFACE_STYLE_FILL_AREA(#8170);
#8172=SURFACE_SIDE_STYLE('',(#8171));
#8173=SURFACE_STYLE_USAGE(.POSITIVE.,#8172);
#8174=PRESENTATION_STYLE_ASSIGNMENT((#8173));
#8175=STYLED_ITEM('',(#8174),#8168);
#8176=CARTESIAN_POINT('',(4.3E0,6.E-1,-2.2E0));
#8177=DIRECTION('',(0.E0,9.922778767137E-1,1.240347345892E-1));
#8178=DIRECTION('',(0.E0,-1.240347345892E-1,9.922778767137E-1));
#8179=AXIS2_PLACEMENT_3D('',#8176,#8177,#8178);
#8180=PLANE('',#8179);
#8181=ORIENTED_EDGE('',*,*,#7923,.F.);
#8182=ORIENTED_EDGE('',*,*,#8085,.F.);
#8183=ORIENTED_EDGE('',*,*,#8163,.F.);
#8184=ORIENTED_EDGE('',*,*,#7961,.T.);
#8185=EDGE_LOOP('',(#8181,#8182,#8183,#8184));
#8186=FACE_OUTER_BOUND('',#8185,.F.);
#8187=ADVANCED_FACE('',(#8186),#8180,.T.);
#8188=FILL_AREA_STYLE_COLOUR('',#27);
#8189=FILL_AREA_STYLE('',(#8188));
#8190=SURFACE_STYLE_FILL_AREA(#8189);
#8191=SURFACE_SIDE_STYLE('',(#8190));
#8192=SURFACE_STYLE_USAGE(.POSITIVE.,#8191);
#8193=PRESENTATION_STYLE_ASSIGNMENT((#8192));
#8194=STYLED_ITEM('',(#8193),#8187);
#8195=CARTESIAN_POINT('',(4.3E0,-2.1E0,-6.E-1));
#8196=DIRECTION('',(0.E0,0.E0,-1.E0));
#8197=DIRECTION('',(-1.E0,0.E0,0.E0));
#8198=AXIS2_PLACEMENT_3D('',#8195,#8196,#8197);
#8199=PLANE('',#8198);
#8200=ORIENTED_EDGE('',*,*,#7995,.F.);
#8201=ORIENTED_EDGE('',*,*,#8104,.F.);
#8203=ORIENTED_EDGE('',*,*,#8202,.F.);
#8204=ORIENTED_EDGE('',*,*,#7942,.T.);
#8205=EDGE_LOOP('',(#8200,#8201,#8203,#8204));
#8206=FACE_OUTER_BOUND('',#8205,.F.);
#8207=ADVANCED_FACE('',(#8206),#8199,.T.);
#8208=FILL_AREA_STYLE_COLOUR('',#27);
#8209=FILL_AREA_STYLE('',(#8208));
#8210=SURFACE_STYLE_FILL_AREA(#8209);
#8211=SURFACE_SIDE_STYLE('',(#8210));
#8212=SURFACE_STYLE_USAGE(.POSITIVE.,#8211);
#8213=PRESENTATION_STYLE_ASSIGNMENT((#8212));
#8214=STYLED_ITEM('',(#8213),#8207);
#8215=CARTESIAN_POINT('',(4.3E0,-2.1E0,-6.E-1));
#8216=DIRECTION('',(0.E0,0.E0,-1.E0));
#8217=DIRECTION('',(-1.E0,0.E0,0.E0));
#8218=AXIS2_PLACEMENT_3D('',#8215,#8216,#8217);
#8219=PLANE('',#8218);
#8220=ORIENTED_EDGE('',*,*,#7919,.T.);
#8221=ORIENTED_EDGE('',*,*,#7958,.T.);
#8223=ORIENTED_EDGE('',*,*,#8222,.T.);
#8224=ORIENTED_EDGE('',*,*,#8088,.F.);
#8225=EDGE_LOOP('',(#8220,#8221,#8223,#8224));
#8226=FACE_OUTER_BOUND('',#8225,.F.);
#8227=ADVANCED_FACE('',(#8226),#8219,.T.);
#8228=FILL_AREA_STYLE_COLOUR('',#27);
#8229=FILL_AREA_STYLE('',(#8228));
#8230=SURFACE_STYLE_FILL_AREA(#8229);
#8231=SURFACE_SIDE_STYLE('',(#8230));
#8232=SURFACE_STYLE_USAGE(.POSITIVE.,#8231);
#8233=PRESENTATION_STYLE_ASSIGNMENT((#8232));
#8234=STYLED_ITEM('',(#8233),#8227);
#8235=CARTESIAN_POINT('',(0.E0,-2.1E0,0.E0));
#8236=DIRECTION('',(0.E0,1.E0,0.E0));
#8237=DIRECTION('',(-1.E0,0.E0,0.E0));
#8238=AXIS2_PLACEMENT_3D('',#8235,#8236,#8237);
#8239=PLANE('',#8238);
#8240=ORIENTED_EDGE('',*,*,#7944,.T.);
#8241=ORIENTED_EDGE('',*,*,#8202,.T.);
#8242=ORIENTED_EDGE('',*,*,#8102,.T.);
#8244=ORIENTED_EDGE('',*,*,#8243,.F.);
#8245=EDGE_LOOP('',(#8240,#8241,#8242,#8244));
#8246=FACE_OUTER_BOUND('',#8245,.F.);
#8247=ADVANCED_FACE('',(#8246),#8239,.F.);
#8248=FILL_AREA_STYLE_COLOUR('',#27);
#8249=FILL_AREA_STYLE('',(#8248));
#8250=SURFACE_STYLE_FILL_AREA(#8249);
#8251=SURFACE_SIDE_STYLE('',(#8250));
#8252=SURFACE_STYLE_USAGE(.POSITIVE.,#8251);
#8253=PRESENTATION_STYLE_ASSIGNMENT((#8252));
#8254=STYLED_ITEM('',(#8253),#8247);
#8255=CARTESIAN_POINT('',(1.489593896335E1,-2.15E0,3.465979861898E0));
#8256=DIRECTION('',(-1.E0,0.E0,0.E0));
#8257=DIRECTION('',(0.E0,1.E0,0.E0));
#8258=AXIS2_PLACEMENT_3D('',#8255,#8256,#8257);
#8259=CYLINDRICAL_SURFACE('',#8258,4.E-1);
#8261=ORIENTED_EDGE('',*,*,#8260,.F.);
#8262=ORIENTED_EDGE('',*,*,#7946,.T.);
#8263=ORIENTED_EDGE('',*,*,#8243,.T.);
#8264=ORIENTED_EDGE('',*,*,#8100,.T.);
#8266=ORIENTED_EDGE('',*,*,#8265,.T.);
#8267=EDGE_LOOP('',(#8261,#8262,#8263,#8264,#8266));
#8268=FACE_OUTER_BOUND('',#8267,.F.);
#8269=ADVANCED_FACE('',(#8268),#8259,.F.);
#8270=FILL_AREA_STYLE_COLOUR('',#27);
#8271=FILL_AREA_STYLE('',(#8270));
#8272=SURFACE_STYLE_FILL_AREA(#8271);
#8273=SURFACE_SIDE_STYLE('',(#8272));
#8274=SURFACE_STYLE_USAGE(.POSITIVE.,#8273);
#8275=PRESENTATION_STYLE_ASSIGNMENT((#8274));
#8276=STYLED_ITEM('',(#8275),#8269);
#8277=CARTESIAN_POINT('',(0.E0,-1.75E0,8.E-1));
#8278=DIRECTION('',(0.E0,1.E0,0.E0));
#8279=DIRECTION('',(-1.E0,0.E0,0.E0));
#8280=AXIS2_PLACEMENT_3D('',#8277,#8278,#8279);
#8281=PLANE('',#8280);
#8283=ORIENTED_EDGE('',*,*,#8282,.T.);
#8284=ORIENTED_EDGE('',*,*,#7948,.T.);
#8285=ORIENTED_EDGE('',*,*,#8260,.T.);
#8287=ORIENTED_EDGE('',*,*,#8286,.T.);
#8288=EDGE_LOOP('',(#8283,#8284,#8285,#8287));
#8289=FACE_OUTER_BOUND('',#8288,.F.);
#8290=ADVANCED_FACE('',(#8289),#8281,.F.);
#8291=FILL_AREA_STYLE_COLOUR('',#27);
#8292=FILL_AREA_STYLE('',(#8291));
#8293=SURFACE_STYLE_FILL_AREA(#8292);
#8294=SURFACE_SIDE_STYLE('',(#8293));
#8295=SURFACE_STYLE_USAGE(.POSITIVE.,#8294);
#8296=PRESENTATION_STYLE_ASSIGNMENT((#8295));
#8297=STYLED_ITEM('',(#8296),#8290);
#8298=CARTESIAN_POINT('',(3.7984E0,-2.1E0,3.4984E0));
#8299=DIRECTION('',(0.E0,1.E0,0.E0));
#8300=DIRECTION('',(-1.E0,0.E0,0.E0));
#8301=AXIS2_PLACEMENT_3D('',#8298,#8299,#8300);
#8302=CYLINDRICAL_SURFACE('',#8301,5.016E-1);
#8303=ORIENTED_EDGE('',*,*,#8282,.F.);
#8305=ORIENTED_EDGE('',*,*,#8304,.F.);
#8307=ORIENTED_EDGE('',*,*,#8306,.F.);
#8309=ORIENTED_EDGE('',*,*,#8308,.F.);
#8311=ORIENTED_EDGE('',*,*,#8310,.T.);
#8312=ORIENTED_EDGE('',*,*,#7950,.F.);
#8313=EDGE_LOOP('',(#8303,#8305,#8307,#8309,#8311,#8312));
#8314=FACE_OUTER_BOUND('',#8313,.F.);
#8315=ADVANCED_FACE('',(#8314),#8302,.T.);
#8316=FILL_AREA_STYLE_COLOUR('',#27);
#8317=FILL_AREA_STYLE('',(#8316));
#8318=SURFACE_STYLE_FILL_AREA(#8317);
#8319=SURFACE_SIDE_STYLE('',(#8318));
#8320=SURFACE_STYLE_USAGE(.POSITIVE.,#8319);
#8321=PRESENTATION_STYLE_ASSIGNMENT((#8320));
#8322=STYLED_ITEM('',(#8321),#8315);
#8323=CARTESIAN_POINT('',(3.9698E0,-2.15E0,-6.59656E0));
#8324=DIRECTION('',(0.E0,0.E0,1.E0));
#8325=DIRECTION('',(0.E0,1.E0,0.E0));
#8326=AXIS2_PLACEMENT_3D('',#8323,#8324,#8325);
#8327=CYLINDRICAL_SURFACE('',#8326,4.E-1);
#8329=ORIENTED_EDGE('',*,*,#8328,.T.);
#8331=ORIENTED_EDGE('',*,*,#8330,.F.);
#8333=ORIENTED_EDGE('',*,*,#8332,.T.);
#8334=ORIENTED_EDGE('',*,*,#8304,.T.);
#8335=ORIENTED_EDGE('',*,*,#8286,.F.);
#8336=ORIENTED_EDGE('',*,*,#8265,.F.);
#8337=ORIENTED_EDGE('',*,*,#8098,.T.);
#8339=ORIENTED_EDGE('',*,*,#8338,.T.);
#8341=ORIENTED_EDGE('',*,*,#8340,.T.);
#8342=EDGE_LOOP('',(#8329,#8331,#8333,#8334,#8335,#8336,#8337,#8339,#8341));
#8343=FACE_OUTER_BOUND('',#8342,.F.);
#8344=ADVANCED_FACE('',(#8343),#8327,.F.);
#8345=FILL_AREA_STYLE_COLOUR('',#27);
#8346=FILL_AREA_STYLE('',(#8345));
#8347=SURFACE_STYLE_FILL_AREA(#8346);
#8348=SURFACE_SIDE_STYLE('',(#8347));
#8349=SURFACE_STYLE_USAGE(.POSITIVE.,#8348);
#8350=PRESENTATION_STYLE_ASSIGNMENT((#8349));
#8351=STYLED_ITEM('',(#8350),#8344);
#8352=CARTESIAN_POINT('',(3.5698E0,-2.25E0,3.6E0));
#8353=DIRECTION('',(1.E0,0.E0,0.E0));
#8354=DIRECTION('',(0.E0,1.E0,0.E0));
#8355=AXIS2_PLACEMENT_3D('',#8352,#8353,#8354);
#8356=PLANE('',#8355);
#8358=ORIENTED_EDGE('',*,*,#8357,.F.);
#8360=ORIENTED_EDGE('',*,*,#8359,.F.);
#8362=ORIENTED_EDGE('',*,*,#8361,.T.);
#8363=EDGE_LOOP('',(#8358,#8360,#8362));
#8364=FACE_OUTER_BOUND('',#8363,.F.);
#8365=ADVANCED_FACE('',(#8364),#8356,.T.);
#8366=FILL_AREA_STYLE_COLOUR('',#27);
#8367=FILL_AREA_STYLE('',(#8366));
#8368=SURFACE_STYLE_FILL_AREA(#8367);
#8369=SURFACE_SIDE_STYLE('',(#8368));
#8370=SURFACE_STYLE_USAGE(.POSITIVE.,#8369);
#8371=PRESENTATION_STYLE_ASSIGNMENT((#8370));
#8372=STYLED_ITEM('',(#8371),#8365);
#8373=CARTESIAN_POINT('',(3.5698E0,-2.25E0,3.6E0));
#8374=DIRECTION('',(1.E0,0.E0,0.E0));
#8375=DIRECTION('',(0.E0,1.E0,0.E0));
#8376=AXIS2_PLACEMENT_3D('',#8373,#8374,#8375);
#8377=PLANE('',#8376);
#8378=ORIENTED_EDGE('',*,*,#8328,.F.);
#8380=ORIENTED_EDGE('',*,*,#8379,.T.);
#8382=ORIENTED_EDGE('',*,*,#8381,.F.);
#8383=EDGE_LOOP('',(#8378,#8380,#8382));
#8384=FACE_OUTER_BOUND('',#8383,.F.);
#8385=ADVANCED_FACE('',(#8384),#8377,.T.);
#8386=FILL_AREA_STYLE_COLOUR('',#27);
#8387=FILL_AREA_STYLE('',(#8386));
#8388=SURFACE_STYLE_FILL_AREA(#8387);
#8389=SURFACE_SIDE_STYLE('',(#8388));
#8390=SURFACE_STYLE_USAGE(.POSITIVE.,#8389);
#8391=PRESENTATION_STYLE_ASSIGNMENT((#8390));
#8392=STYLED_ITEM('',(#8391),#8385);
#8393=CARTESIAN_POINT('',(3.9698E0,2.15E0,9.99656E0));
#8394=DIRECTION('',(0.E0,0.E0,-1.E0));
#8395=DIRECTION('',(0.E0,-1.E0,0.E0));
#8396=AXIS2_PLACEMENT_3D('',#8393,#8394,#8395);
#8397=CYLINDRICAL_SURFACE('',#8396,4.E-1);
#8398=ORIENTED_EDGE('',*,*,#8357,.T.);
#8400=ORIENTED_EDGE('',*,*,#8399,.T.);
#8402=ORIENTED_EDGE('',*,*,#8401,.T.);
#8403=ORIENTED_EDGE('',*,*,#8094,.T.);
#8405=ORIENTED_EDGE('',*,*,#8404,.T.);
#8407=ORIENTED_EDGE('',*,*,#8406,.F.);
#8408=ORIENTED_EDGE('',*,*,#8308,.T.);
#8410=ORIENTED_EDGE('',*,*,#8409,.T.);
#8412=ORIENTED_EDGE('',*,*,#8411,.F.);
#8413=EDGE_LOOP('',(#8398,#8400,#8402,#8403,#8405,#8407,#8408,#8410,#8412));
#8414=FACE_OUTER_BOUND('',#8413,.F.);
#8415=ADVANCED_FACE('',(#8414),#8397,.F.);
#8416=FILL_AREA_STYLE_COLOUR('',#27);
#8417=FILL_AREA_STYLE('',(#8416));
#8418=SURFACE_STYLE_FILL_AREA(#8417);
#8419=SURFACE_SIDE_STYLE('',(#8418));
#8420=SURFACE_STYLE_USAGE(.POSITIVE.,#8419);
#8421=PRESENTATION_STYLE_ASSIGNMENT((#8420));
#8422=STYLED_ITEM('',(#8421),#8415);
#8423=CARTESIAN_POINT('',(0.E0,1.85E0,3.6E0));
#8424=DIRECTION('',(0.E0,0.E0,1.E0));
#8425=DIRECTION('',(1.E0,0.E0,0.E0));
#8426=AXIS2_PLACEMENT_3D('',#8423,#8424,#8425);
#8427=PLANE('',#8426);
#8429=ORIENTED_EDGE('',*,*,#8428,.F.);
#8431=ORIENTED_EDGE('',*,*,#8430,.F.);
#8433=ORIENTED_EDGE('',*,*,#8432,.F.);
#8435=ORIENTED_EDGE('',*,*,#8434,.F.);
#8437=ORIENTED_EDGE('',*,*,#8436,.F.);
#8439=ORIENTED_EDGE('',*,*,#8438,.F.);
#8441=ORIENTED_EDGE('',*,*,#8440,.F.);
#8443=ORIENTED_EDGE('',*,*,#8442,.F.);
#8445=ORIENTED_EDGE('',*,*,#8444,.F.);
#8447=ORIENTED_EDGE('',*,*,#8446,.T.);
#8449=ORIENTED_EDGE('',*,*,#8448,.F.);
#8451=ORIENTED_EDGE('',*,*,#8450,.T.);
#8453=ORIENTED_EDGE('',*,*,#8452,.T.);
#8455=ORIENTED_EDGE('',*,*,#8454,.F.);
#8456=ORIENTED_EDGE('',*,*,#8340,.F.);
#8458=ORIENTED_EDGE('',*,*,#8457,.F.);
#8459=ORIENTED_EDGE('',*,*,#8399,.F.);
#8461=ORIENTED_EDGE('',*,*,#8460,.T.);
#8462=EDGE_LOOP('',(#8429,#8431,#8433,#8435,#8437,#8439,#8441,#8443,#8445,#8447,
#8449,#8451,#8453,#8455,#8456,#8458,#8459,#8461));
#8463=FACE_OUTER_BOUND('',#8462,.F.);
#8464=ADVANCED_FACE('',(#8463),#8427,.F.);
#8465=FILL_AREA_STYLE_COLOUR('',#27);
#8466=FILL_AREA_STYLE('',(#8465));
#8467=SURFACE_STYLE_FILL_AREA(#8466);
#8468=SURFACE_SIDE_STYLE('',(#8467));
#8469=SURFACE_STYLE_USAGE(.POSITIVE.,#8468);
#8470=PRESENTATION_STYLE_ASSIGNMENT((#8469));
#8471=STYLED_ITEM('',(#8470),#8464);
#8472=CARTESIAN_POINT('',(0.E0,1.85E0,8.E-1));
#8473=DIRECTION('',(0.E0,1.E0,0.E0));
#8474=DIRECTION('',(-1.E0,0.E0,0.E0));
#8475=AXIS2_PLACEMENT_3D('',#8472,#8473,#8474);
#8476=PLANE('',#8475);
#8478=ORIENTED_EDGE('',*,*,#8477,.T.);
#8480=ORIENTED_EDGE('',*,*,#8479,.F.);
#8481=ORIENTED_EDGE('',*,*,#8428,.T.);
#8483=ORIENTED_EDGE('',*,*,#8482,.T.);
#8485=ORIENTED_EDGE('',*,*,#8484,.T.);
#8487=ORIENTED_EDGE('',*,*,#8486,.T.);
#8489=ORIENTED_EDGE('',*,*,#8488,.T.);
#8491=ORIENTED_EDGE('',*,*,#8490,.T.);
#8493=ORIENTED_EDGE('',*,*,#8492,.T.);
#8495=ORIENTED_EDGE('',*,*,#8494,.T.);
#8497=ORIENTED_EDGE('',*,*,#8496,.T.);
#8499=ORIENTED_EDGE('',*,*,#8498,.F.);
#8501=ORIENTED_EDGE('',*,*,#8500,.T.);
#8503=ORIENTED_EDGE('',*,*,#8502,.T.);
#8505=ORIENTED_EDGE('',*,*,#8504,.T.);
#8507=ORIENTED_EDGE('',*,*,#8506,.T.);
#8508=ORIENTED_EDGE('',*,*,#8440,.T.);
#8510=ORIENTED_EDGE('',*,*,#8509,.F.);
#8512=ORIENTED_EDGE('',*,*,#8511,.F.);
#8514=ORIENTED_EDGE('',*,*,#8513,.F.);
#8515=EDGE_LOOP('',(#8478,#8480,#8481,#8483,#8485,#8487,#8489,#8491,#8493,#8495,
#8497,#8499,#8501,#8503,#8505,#8507,#8508,#8510,#8512,#8514));
#8516=FACE_OUTER_BOUND('',#8515,.F.);
#8517=ADVANCED_FACE('',(#8516),#8476,.F.);
#8518=FILL_AREA_STYLE_COLOUR('',#27);
#8519=FILL_AREA_STYLE('',(#8518));
#8520=SURFACE_STYLE_FILL_AREA(#8519);
#8521=SURFACE_SIDE_STYLE('',(#8520));
#8522=SURFACE_STYLE_USAGE(.POSITIVE.,#8521);
#8523=PRESENTATION_STYLE_ASSIGNMENT((#8522));
#8524=STYLED_ITEM('',(#8523),#8517);
#8525=CARTESIAN_POINT('',(0.E0,2.207318726442E0,1.667851663458E0));
#8526=DIRECTION('',(0.E0,0.E0,1.E0));
#8527=DIRECTION('',(-1.E0,0.E0,0.E0));
#8528=AXIS2_PLACEMENT_3D('',#8525,#8526,#8527);
#8529=CYLINDRICAL_SURFACE('',#8528,6.983385083653E-1);
#8530=ORIENTED_EDGE('',*,*,#8511,.T.);
#8532=ORIENTED_EDGE('',*,*,#8531,.T.);
#8533=ORIENTED_EDGE('',*,*,#8477,.F.);
#8535=ORIENTED_EDGE('',*,*,#8534,.F.);
#8536=EDGE_LOOP('',(#8530,#8532,#8533,#8535));
#8537=FACE_OUTER_BOUND('',#8536,.F.);
#8538=ADVANCED_FACE('',(#8537),#8529,.T.);
#8539=CARTESIAN_POINT('',(0.E0,1.85E0,3.3E0));
#8540=DIRECTION('',(0.E0,0.E0,1.E0));
#8541=DIRECTION('',(-1.E0,0.E0,0.E0));
#8542=AXIS2_PLACEMENT_3D('',#8539,#8540,#8541);
#8543=PLANE('',#8542);
#8545=ORIENTED_EDGE('',*,*,#8544,.T.);
#8547=ORIENTED_EDGE('',*,*,#8546,.T.);
#8549=ORIENTED_EDGE('',*,*,#8548,.F.);
#8551=ORIENTED_EDGE('',*,*,#8550,.F.);
#8553=ORIENTED_EDGE('',*,*,#8552,.F.);
#8555=ORIENTED_EDGE('',*,*,#8554,.T.);
#8557=ORIENTED_EDGE('',*,*,#8556,.T.);
#8558=ORIENTED_EDGE('',*,*,#8531,.F.);
#8559=EDGE_LOOP('',(#8545,#8547,#8549,#8551,#8553,#8555,#8557,#8558));
#8560=FACE_OUTER_BOUND('',#8559,.F.);
#8561=ADVANCED_FACE('',(#8560),#8543,.T.);
#8562=FILL_AREA_STYLE_COLOUR('',#27);
#8563=FILL_AREA_STYLE('',(#8562));
#8564=SURFACE_STYLE_FILL_AREA(#8563);
#8565=SURFACE_SIDE_STYLE('',(#8564));
#8566=SURFACE_STYLE_USAGE(.POSITIVE.,#8565);
#8567=PRESENTATION_STYLE_ASSIGNMENT((#8566));
#8568=STYLED_ITEM('',(#8567),#8561);
#8569=CARTESIAN_POINT('',(-6.E-1,-1.976456E1,3.6E0));
#8570=DIRECTION('',(0.E0,1.E0,0.E0));
#8571=DIRECTION('',(0.E0,0.E0,-1.E0));
#8572=AXIS2_PLACEMENT_3D('',#8569,#8570,#8571);
#8573=CYLINDRICAL_SURFACE('',#8572,3.E-1);
#8575=ORIENTED_EDGE('',*,*,#8574,.T.);
#8577=ORIENTED_EDGE('',*,*,#8576,.T.);
#8578=ORIENTED_EDGE('',*,*,#8544,.F.);
#8579=ORIENTED_EDGE('',*,*,#8509,.T.);
#8580=ORIENTED_EDGE('',*,*,#8438,.T.);
#8581=EDGE_LOOP('',(#8575,#8577,#8578,#8579,#8580));
#8582=FACE_OUTER_BOUND('',#8581,.F.);
#8583=ADVANCED_FACE('',(#8582),#8573,.F.);
#8584=FILL_AREA_STYLE_COLOUR('',#27);
#8585=FILL_AREA_STYLE('',(#8584));
#8586=SURFACE_STYLE_FILL_AREA(#8585);
#8587=SURFACE_SIDE_STYLE('',(#8586));
#8588=SURFACE_STYLE_USAGE(.POSITIVE.,#8587);
#8589=PRESENTATION_STYLE_ASSIGNMENT((#8588));
#8590=STYLED_ITEM('',(#8589),#8583);
#8591=CARTESIAN_POINT('',(-9.E-1,2.25E0,4.E0));
#8592=DIRECTION('',(-1.E0,0.E0,0.E0));
#8593=DIRECTION('',(0.E0,-1.E0,0.E0));
#8594=AXIS2_PLACEMENT_3D('',#8591,#8592,#8593);
#8595=PLANE('',#8594);
#8596=ORIENTED_EDGE('',*,*,#8574,.F.);
#8598=ORIENTED_EDGE('',*,*,#8597,.F.);
#8600=ORIENTED_EDGE('',*,*,#8599,.T.);
#8601=EDGE_LOOP('',(#8596,#8598,#8600));
#8602=FACE_OUTER_BOUND('',#8601,.F.);
#8603=ADVANCED_FACE('',(#8602),#8595,.F.);
#8604=FILL_AREA_STYLE_COLOUR('',#27);
#8605=FILL_AREA_STYLE('',(#8604));
#8606=SURFACE_STYLE_FILL_AREA(#8605);
#8607=SURFACE_SIDE_STYLE('',(#8606));
#8608=SURFACE_STYLE_USAGE(.POSITIVE.,#8607);
#8609=PRESENTATION_STYLE_ASSIGNMENT((#8608));
#8610=STYLED_ITEM('',(#8609),#8603);
#8611=CARTESIAN_POINT('',(-6.E-1,1.95E0,1.338617090436E1));
#8612=DIRECTION('',(0.E0,0.E0,-1.E0));
#8613=DIRECTION('',(0.E0,-1.E0,0.E0));
#8614=AXIS2_PLACEMENT_3D('',#8611,#8612,#8613);
#8615=CYLINDRICAL_SURFACE('',#8614,3.E-1);
#8617=ORIENTED_EDGE('',*,*,#8616,.F.);
#8619=ORIENTED_EDGE('',*,*,#8618,.T.);
#8621=ORIENTED_EDGE('',*,*,#8620,.T.);
#8622=ORIENTED_EDGE('',*,*,#8597,.T.);
#8623=ORIENTED_EDGE('',*,*,#8436,.T.);
#8624=EDGE_LOOP('',(#8617,#8619,#8621,#8622,#8623));
#8625=FACE_OUTER_BOUND('',#8624,.F.);
#8626=ADVANCED_FACE('',(#8625),#8615,.F.);
#8627=FILL_AREA_STYLE_COLOUR('',#27);
#8628=FILL_AREA_STYLE('',(#8627));
#8629=SURFACE_STYLE_FILL_AREA(#8628);
#8630=SURFACE_SIDE_STYLE('',(#8629));
#8631=SURFACE_STYLE_USAGE(.POSITIVE.,#8630);
#8632=PRESENTATION_STYLE_ASSIGNMENT((#8631));
#8633=STYLED_ITEM('',(#8632),#8626);
#8634=CARTESIAN_POINT('',(-9.E-1,1.65E0,4.E0));
#8635=DIRECTION('',(0.E0,-1.E0,0.E0));
#8636=DIRECTION('',(1.E0,0.E0,0.E0));
#8637=AXIS2_PLACEMENT_3D('',#8634,#8635,#8636);
#8638=PLANE('',#8637);
#8639=ORIENTED_EDGE('',*,*,#8616,.T.);
#8640=ORIENTED_EDGE('',*,*,#8434,.T.);
#8642=ORIENTED_EDGE('',*,*,#8641,.F.);
#8644=ORIENTED_EDGE('',*,*,#8643,.F.);
#8645=EDGE_LOOP('',(#8639,#8640,#8642,#8644));
#8646=FACE_OUTER_BOUND('',#8645,.F.);
#8647=ADVANCED_FACE('',(#8646),#8638,.F.);
#8648=FILL_AREA_STYLE_COLOUR('',#27);
#8649=FILL_AREA_STYLE('',(#8648));
#8650=SURFACE_STYLE_FILL_AREA(#8649);
#8651=SURFACE_SIDE_STYLE('',(#8650));
#8652=SURFACE_STYLE_USAGE(.POSITIVE.,#8651);
#8653=PRESENTATION_STYLE_ASSIGNMENT((#8652));
#8654=STYLED_ITEM('',(#8653),#8647);
#8655=CARTESIAN_POINT('',(6.E-1,1.95E0,1.338617090436E1));
#8656=DIRECTION('',(0.E0,0.E0,-1.E0));
#8657=DIRECTION('',(1.E0,0.E0,0.E0));
#8658=AXIS2_PLACEMENT_3D('',#8655,#8656,#8657);
#8659=CYLINDRICAL_SURFACE('',#8658,3.E-1);
#8661=ORIENTED_EDGE('',*,*,#8660,.F.);
#8663=ORIENTED_EDGE('',*,*,#8662,.T.);
#8665=ORIENTED_EDGE('',*,*,#8664,.T.);
#8666=ORIENTED_EDGE('',*,*,#8641,.T.);
#8667=ORIENTED_EDGE('',*,*,#8432,.T.);
#8668=EDGE_LOOP('',(#8661,#8663,#8665,#8666,#8667));
#8669=FACE_OUTER_BOUND('',#8668,.F.);
#8670=ADVANCED_FACE('',(#8669),#8659,.F.);
#8671=FILL_AREA_STYLE_COLOUR('',#27);
#8672=FILL_AREA_STYLE('',(#8671));
#8673=SURFACE_STYLE_FILL_AREA(#8672);
#8674=SURFACE_SIDE_STYLE('',(#8673));
#8675=SURFACE_STYLE_USAGE(.POSITIVE.,#8674);
#8676=PRESENTATION_STYLE_ASSIGNMENT((#8675));
#8677=STYLED_ITEM('',(#8676),#8670);
#8678=CARTESIAN_POINT('',(9.E-1,1.65E0,4.E0));
#8679=DIRECTION('',(1.E0,0.E0,0.E0));
#8680=DIRECTION('',(0.E0,1.E0,0.E0));
#8681=AXIS2_PLACEMENT_3D('',#8678,#8679,#8680);
#8682=PLANE('',#8681);
#8684=ORIENTED_EDGE('',*,*,#8683,.F.);
#8686=ORIENTED_EDGE('',*,*,#8685,.F.);
#8687=ORIENTED_EDGE('',*,*,#8660,.T.);
#8688=EDGE_LOOP('',(#8684,#8686,#8687));
#8689=FACE_OUTER_BOUND('',#8688,.F.);
#8690=ADVANCED_FACE('',(#8689),#8682,.F.);
#8691=FILL_AREA_STYLE_COLOUR('',#27);
#8692=FILL_AREA_STYLE('',(#8691));
#8693=SURFACE_STYLE_FILL_AREA(#8692);
#8694=SURFACE_SIDE_STYLE('',(#8693));
#8695=SURFACE_STYLE_USAGE(.POSITIVE.,#8694);
#8696=PRESENTATION_STYLE_ASSIGNMENT((#8695));
#8697=STYLED_ITEM('',(#8696),#8690);
#8698=CARTESIAN_POINT('',(6.E-1,1.486456E1,3.6E0));
#8699=DIRECTION('',(0.E0,-1.E0,0.E0));
#8700=DIRECTION('',(0.E0,0.E0,-1.E0));
#8701=AXIS2_PLACEMENT_3D('',#8698,#8699,#8700);
#8702=CYLINDRICAL_SURFACE('',#8701,3.E-1);
#8703=ORIENTED_EDGE('',*,*,#8556,.F.);
#8705=ORIENTED_EDGE('',*,*,#8704,.T.);
#8706=ORIENTED_EDGE('',*,*,#8683,.T.);
#8707=ORIENTED_EDGE('',*,*,#8430,.T.);
#8708=ORIENTED_EDGE('',*,*,#8479,.T.);
#8709=EDGE_LOOP('',(#8703,#8705,#8706,#8707,#8708));
#8710=FACE_OUTER_BOUND('',#8709,.F.);
#8711=ADVANCED_FACE('',(#8710),#8702,.F.);
#8712=FILL_AREA_STYLE_COLOUR('',#27);
#8713=FILL_AREA_STYLE('',(#8712));
#8714=SURFACE_STYLE_FILL_AREA(#8713);
#8715=SURFACE_SIDE_STYLE('',(#8714));
#8716=SURFACE_STYLE_USAGE(.POSITIVE.,#8715);
#8717=PRESENTATION_STYLE_ASSIGNMENT((#8716));
#8718=STYLED_ITEM('',(#8717),#8711);
#8719=CARTESIAN_POINT('',(0.E0,2.25E0,8.E-1));
#8720=DIRECTION('',(0.E0,1.E0,0.E0));
#8721=DIRECTION('',(-1.E0,0.E0,0.E0));
#8722=AXIS2_PLACEMENT_3D('',#8719,#8720,#8721);
#8723=PLANE('',#8722);
#8725=ORIENTED_EDGE('',*,*,#8724,.T.);
#8726=ORIENTED_EDGE('',*,*,#8704,.F.);
#8727=ORIENTED_EDGE('',*,*,#8554,.F.);
#8729=ORIENTED_EDGE('',*,*,#8728,.F.);
#8731=ORIENTED_EDGE('',*,*,#8730,.F.);
#8733=ORIENTED_EDGE('',*,*,#8732,.T.);
#8735=ORIENTED_EDGE('',*,*,#8734,.F.);
#8737=ORIENTED_EDGE('',*,*,#8736,.T.);
#8738=ORIENTED_EDGE('',*,*,#8546,.F.);
#8739=ORIENTED_EDGE('',*,*,#8576,.F.);
#8741=ORIENTED_EDGE('',*,*,#8740,.T.);
#8743=ORIENTED_EDGE('',*,*,#8742,.F.);
#8745=ORIENTED_EDGE('',*,*,#8744,.F.);
#8747=ORIENTED_EDGE('',*,*,#8746,.F.);
#8749=ORIENTED_EDGE('',*,*,#8748,.F.);
#8751=ORIENTED_EDGE('',*,*,#8750,.F.);
#8753=ORIENTED_EDGE('',*,*,#8752,.F.);
#8755=ORIENTED_EDGE('',*,*,#8754,.F.);
#8757=ORIENTED_EDGE('',*,*,#8756,.F.);
#8759=ORIENTED_EDGE('',*,*,#8758,.F.);
#8761=ORIENTED_EDGE('',*,*,#8760,.F.);
#8763=ORIENTED_EDGE('',*,*,#8762,.F.);
#8765=ORIENTED_EDGE('',*,*,#8764,.F.);
#8767=ORIENTED_EDGE('',*,*,#8766,.F.);
#8768=EDGE_LOOP('',(#8725,#8726,#8727,#8729,#8731,#8733,#8735,#8737,#8738,#8739,
#8741,#8743,#8745,#8747,#8749,#8751,#8753,#8755,#8757,#8759,#8761,#8763,#8765,
#8767));
#8769=FACE_OUTER_BOUND('',#8768,.F.);
#8770=ADVANCED_FACE('',(#8769),#8723,.T.);
#8771=FILL_AREA_STYLE_COLOUR('',#27);
#8772=FILL_AREA_STYLE('',(#8771));
#8773=SURFACE_STYLE_FILL_AREA(#8772);
#8774=SURFACE_SIDE_STYLE('',(#8773));
#8775=SURFACE_STYLE_USAGE(.POSITIVE.,#8774);
#8776=PRESENTATION_STYLE_ASSIGNMENT((#8775));
#8777=STYLED_ITEM('',(#8776),#8770);
#8778=CARTESIAN_POINT('',(1.551096E1,1.85E0,3.6E0));
#8779=DIRECTION('',(-1.E0,0.E0,0.E0));
#8780=DIRECTION('',(0.E0,0.E0,1.E0));
#8781=AXIS2_PLACEMENT_3D('',#8778,#8779,#8780);
#8782=CYLINDRICAL_SURFACE('',#8781,4.E-1);
#8783=ORIENTED_EDGE('',*,*,#8599,.F.);
#8784=ORIENTED_EDGE('',*,*,#8620,.F.);
#8786=ORIENTED_EDGE('',*,*,#8785,.T.);
#8788=ORIENTED_EDGE('',*,*,#8787,.T.);
#8790=ORIENTED_EDGE('',*,*,#8789,.T.);
#8791=ORIENTED_EDGE('',*,*,#8740,.F.);
#8792=EDGE_LOOP('',(#8783,#8784,#8786,#8788,#8790,#8791));
#8793=FACE_OUTER_BOUND('',#8792,.F.);
#8794=ADVANCED_FACE('',(#8793),#8782,.T.);
#8795=FILL_AREA_STYLE_COLOUR('',#27);
#8796=FILL_AREA_STYLE('',(#8795));
#8797=SURFACE_STYLE_FILL_AREA(#8796);
#8798=SURFACE_SIDE_STYLE('',(#8797));
#8799=SURFACE_STYLE_USAGE(.POSITIVE.,#8798);
#8800=PRESENTATION_STYLE_ASSIGNMENT((#8799));
#8801=STYLED_ITEM('',(#8800),#8794);
#8802=CARTESIAN_POINT('',(1.551096E1,1.85E0,3.6E0));
#8803=DIRECTION('',(-1.E0,0.E0,0.E0));
#8804=DIRECTION('',(0.E0,0.E0,1.E0));
#8805=AXIS2_PLACEMENT_3D('',#8802,#8803,#8804);
#8806=CYLINDRICAL_SURFACE('',#8805,4.E-1);
#8808=ORIENTED_EDGE('',*,*,#8807,.T.);
#8809=ORIENTED_EDGE('',*,*,#8662,.F.);
#8810=ORIENTED_EDGE('',*,*,#8685,.T.);
#8811=ORIENTED_EDGE('',*,*,#8724,.F.);
#8812=ORIENTED_EDGE('',*,*,#8359,.T.);
#8813=ORIENTED_EDGE('',*,*,#8411,.T.);
#8814=EDGE_LOOP('',(#8808,#8809,#8810,#8811,#8812,#8813));
#8815=FACE_OUTER_BOUND('',#8814,.F.);
#8816=ADVANCED_FACE('',(#8815),#8806,.T.);
#8817=FILL_AREA_STYLE_COLOUR('',#27);
#8818=FILL_AREA_STYLE('',(#8817));
#8819=SURFACE_STYLE_FILL_AREA(#8818);
#8820=SURFACE_SIDE_STYLE('',(#8819));
#8821=SURFACE_STYLE_USAGE(.POSITIVE.,#8820);
#8822=PRESENTATION_STYLE_ASSIGNMENT((#8821));
#8823=STYLED_ITEM('',(#8822),#8816);
#8824=CARTESIAN_POINT('',(0.E0,1.85E0,4.E0));
#8825=DIRECTION('',(0.E0,0.E0,1.E0));
#8826=DIRECTION('',(1.E0,0.E0,0.E0));
#8827=AXIS2_PLACEMENT_3D('',#8824,#8825,#8826);
#8828=PLANE('',#8827);
#8829=ORIENTED_EDGE('',*,*,#8643,.T.);
#8830=ORIENTED_EDGE('',*,*,#8664,.F.);
#8831=ORIENTED_EDGE('',*,*,#8807,.F.);
#8832=ORIENTED_EDGE('',*,*,#8409,.F.);
#8833=ORIENTED_EDGE('',*,*,#8306,.T.);
#8834=ORIENTED_EDGE('',*,*,#8332,.F.);
#8836=ORIENTED_EDGE('',*,*,#8835,.F.);
#8838=ORIENTED_EDGE('',*,*,#8837,.F.);
#8840=ORIENTED_EDGE('',*,*,#8839,.F.);
#8842=ORIENTED_EDGE('',*,*,#8841,.F.);
#8843=ORIENTED_EDGE('',*,*,#8785,.F.);
#8844=ORIENTED_EDGE('',*,*,#8618,.F.);
#8845=EDGE_LOOP('',(#8829,#8830,#8831,#8832,#8833,#8834,#8836,#8838,#8840,#8842,
#8843,#8844));
#8846=FACE_OUTER_BOUND('',#8845,.F.);
#8847=ADVANCED_FACE('',(#8846),#8828,.T.);
#8848=FILL_AREA_STYLE_COLOUR('',#27);
#8849=FILL_AREA_STYLE('',(#8848));
#8850=SURFACE_STYLE_FILL_AREA(#8849);
#8851=SURFACE_SIDE_STYLE('',(#8850));
#8852=SURFACE_STYLE_USAGE(.POSITIVE.,#8851);
#8853=PRESENTATION_STYLE_ASSIGNMENT((#8852));
#8854=STYLED_ITEM('',(#8853),#8847);
#8855=CARTESIAN_POINT('',(-1.551096E1,-1.85E0,3.6E0));
#8856=DIRECTION('',(1.E0,0.E0,0.E0));
#8857=DIRECTION('',(0.E0,0.E0,1.E0));
#8858=AXIS2_PLACEMENT_3D('',#8855,#8856,#8857);
#8859=CYLINDRICAL_SURFACE('',#8858,4.E-1);
#8861=ORIENTED_EDGE('',*,*,#8860,.F.);
#8863=ORIENTED_EDGE('',*,*,#8862,.T.);
#8865=ORIENTED_EDGE('',*,*,#8864,.T.);
#8866=ORIENTED_EDGE('',*,*,#8835,.T.);
#8867=ORIENTED_EDGE('',*,*,#8330,.T.);
#8868=ORIENTED_EDGE('',*,*,#8381,.T.);
#8869=EDGE_LOOP('',(#8861,#8863,#8865,#8866,#8867,#8868));
#8870=FACE_OUTER_BOUND('',#8869,.F.);
#8871=ADVANCED_FACE('',(#8870),#8859,.T.);
#8872=FILL_AREA_STYLE_COLOUR('',#27);
#8873=FILL_AREA_STYLE('',(#8872));
#8874=SURFACE_STYLE_FILL_AREA(#8873);
#8875=SURFACE_SIDE_STYLE('',(#8874));
#8876=SURFACE_STYLE_USAGE(.POSITIVE.,#8875);
#8877=PRESENTATION_STYLE_ASSIGNMENT((#8876));
#8878=STYLED_ITEM('',(#8877),#8871);
#8879=CARTESIAN_POINT('',(0.E0,-2.25E0,8.E-1));
#8880=DIRECTION('',(0.E0,-1.E0,0.E0));
#8881=DIRECTION('',(1.E0,0.E0,0.E0));
#8882=AXIS2_PLACEMENT_3D('',#8879,#8880,#8881);
#8883=PLANE('',#8882);
#8884=ORIENTED_EDGE('',*,*,#8860,.T.);
#8886=ORIENTED_EDGE('',*,*,#8885,.F.);
#8888=ORIENTED_EDGE('',*,*,#8887,.F.);
#8890=ORIENTED_EDGE('',*,*,#8889,.F.);
#8892=ORIENTED_EDGE('',*,*,#8891,.F.);
#8894=ORIENTED_EDGE('',*,*,#8893,.F.);
#8896=ORIENTED_EDGE('',*,*,#8895,.F.);
#8898=ORIENTED_EDGE('',*,*,#8897,.F.);
#8900=ORIENTED_EDGE('',*,*,#8899,.F.);
#8902=ORIENTED_EDGE('',*,*,#8901,.F.);
#8904=ORIENTED_EDGE('',*,*,#8903,.F.);
#8906=ORIENTED_EDGE('',*,*,#8905,.F.);
#8908=ORIENTED_EDGE('',*,*,#8907,.F.);
#8910=ORIENTED_EDGE('',*,*,#8909,.F.);
#8912=ORIENTED_EDGE('',*,*,#8911,.F.);
#8914=ORIENTED_EDGE('',*,*,#8913,.F.);
#8916=ORIENTED_EDGE('',*,*,#8915,.F.);
#8918=ORIENTED_EDGE('',*,*,#8917,.F.);
#8919=EDGE_LOOP('',(#8884,#8886,#8888,#8890,#8892,#8894,#8896,#8898,#8900,#8902,
#8904,#8906,#8908,#8910,#8912,#8914,#8916,#8918));
#8920=FACE_OUTER_BOUND('',#8919,.F.);
#8921=ADVANCED_FACE('',(#8920),#8883,.T.);
#8922=FILL_AREA_STYLE_COLOUR('',#27);
#8923=FILL_AREA_STYLE('',(#8922));
#8924=SURFACE_STYLE_FILL_AREA(#8923);
#8925=SURFACE_SIDE_STYLE('',(#8924));
#8926=SURFACE_STYLE_USAGE(.POSITIVE.,#8925);
#8927=PRESENTATION_STYLE_ASSIGNMENT((#8926));
#8928=STYLED_ITEM('',(#8927),#8921);
#8929=CARTESIAN_POINT('',(4.303498165334E0,-1.85E0,3.756003244150E0));
#8930=DIRECTION('',(0.E0,-1.E0,0.E0));
#8931=DIRECTION('',(1.E0,0.E0,0.E0));
#8932=AXIS2_PLACEMENT_3D('',#8929,#8930,#8931);
#8933=CYLINDRICAL_SURFACE('',#8932,7.501E-1);
#8934=ORIENTED_EDGE('',*,*,#8885,.T.);
#8935=ORIENTED_EDGE('',*,*,#8379,.F.);
#8936=ORIENTED_EDGE('',*,*,#8454,.T.);
#8938=ORIENTED_EDGE('',*,*,#8937,.F.);
#8940=ORIENTED_EDGE('',*,*,#8939,.T.);
#8941=EDGE_LOOP('',(#8934,#8935,#8936,#8938,#8940));
#8942=FACE_OUTER_BOUND('',#8941,.F.);
#8943=ADVANCED_FACE('',(#8942),#8933,.F.);
#8944=FILL_AREA_STYLE_COLOUR('',#27);
#8945=FILL_AREA_STYLE('',(#8944));
#8946=SURFACE_STYLE_FILL_AREA(#8945);
#8947=SURFACE_SIDE_STYLE('',(#8946));
#8948=SURFACE_STYLE_USAGE(.POSITIVE.,#8947);
#8949=PRESENTATION_STYLE_ASSIGNMENT((#8948));
#8950=STYLED_ITEM('',(#8949),#8943);
#8951=CARTESIAN_POINT('',(0.E0,-1.85E0,8.E-1));
#8952=DIRECTION('',(0.E0,-1.E0,0.E0));
#8953=DIRECTION('',(1.E0,0.E0,0.E0));
#8954=AXIS2_PLACEMENT_3D('',#8951,#8952,#8953);
#8955=PLANE('',#8954);
#8957=ORIENTED_EDGE('',*,*,#8956,.T.);
#8959=ORIENTED_EDGE('',*,*,#8958,.T.);
#8961=ORIENTED_EDGE('',*,*,#8960,.T.);
#8963=ORIENTED_EDGE('',*,*,#8962,.T.);
#8965=ORIENTED_EDGE('',*,*,#8964,.T.);
#8967=ORIENTED_EDGE('',*,*,#8966,.T.);
#8969=ORIENTED_EDGE('',*,*,#8968,.T.);
#8971=ORIENTED_EDGE('',*,*,#8970,.T.);
#8973=ORIENTED_EDGE('',*,*,#8972,.T.);
#8975=ORIENTED_EDGE('',*,*,#8974,.T.);
#8977=ORIENTED_EDGE('',*,*,#8976,.T.);
#8979=ORIENTED_EDGE('',*,*,#8978,.T.);
#8981=ORIENTED_EDGE('',*,*,#8980,.F.);
#8983=ORIENTED_EDGE('',*,*,#8982,.T.);
#8985=ORIENTED_EDGE('',*,*,#8984,.T.);
#8987=ORIENTED_EDGE('',*,*,#8986,.T.);
#8988=ORIENTED_EDGE('',*,*,#8937,.T.);
#8989=ORIENTED_EDGE('',*,*,#8452,.F.);
#8990=EDGE_LOOP('',(#8957,#8959,#8961,#8963,#8965,#8967,#8969,#8971,#8973,#8975,
#8977,#8979,#8981,#8983,#8985,#8987,#8988,#8989));
#8991=FACE_OUTER_BOUND('',#8990,.F.);
#8992=ADVANCED_FACE('',(#8991),#8955,.F.);
#8993=FILL_AREA_STYLE_COLOUR('',#27);
#8994=FILL_AREA_STYLE('',(#8993));
#8995=SURFACE_STYLE_FILL_AREA(#8994);
#8996=SURFACE_SIDE_STYLE('',(#8995));
#8997=SURFACE_STYLE_USAGE(.POSITIVE.,#8996);
#8998=PRESENTATION_STYLE_ASSIGNMENT((#8997));
#8999=STYLED_ITEM('',(#8998),#8992);
#9000=CARTESIAN_POINT('',(-4.303498165334E0,-1.85E0,3.756003244150E0));
#9001=DIRECTION('',(0.E0,-1.E0,0.E0));
#9002=DIRECTION('',(1.E0,0.E0,0.E0));
#9003=AXIS2_PLACEMENT_3D('',#9000,#9001,#9002);
#9004=CYLINDRICAL_SURFACE('',#9003,7.501E-1);
#9005=ORIENTED_EDGE('',*,*,#8917,.T.);
#9007=ORIENTED_EDGE('',*,*,#9006,.F.);
#9008=ORIENTED_EDGE('',*,*,#8956,.F.);
#9009=ORIENTED_EDGE('',*,*,#8450,.F.);
#9011=ORIENTED_EDGE('',*,*,#9010,.F.);
#9012=EDGE_LOOP('',(#9005,#9007,#9008,#9009,#9011));
#9013=FACE_OUTER_BOUND('',#9012,.F.);
#9014=ADVANCED_FACE('',(#9013),#9004,.F.);
#9015=FILL_AREA_STYLE_COLOUR('',#27);
#9016=FILL_AREA_STYLE('',(#9015));
#9017=SURFACE_STYLE_FILL_AREA(#9016);
#9018=SURFACE_SIDE_STYLE('',(#9017));
#9019=SURFACE_STYLE_USAGE(.POSITIVE.,#9018);
#9020=PRESENTATION_STYLE_ASSIGNMENT((#9019));
#9021=STYLED_ITEM('',(#9020),#9014);
#9022=CARTESIAN_POINT('',(-3.8E0,-1.85E0,3.2E0));
#9023=DIRECTION('',(-1.E0,0.E0,0.E0));
#9024=DIRECTION('',(0.E0,0.E0,-1.E0));
#9025=AXIS2_PLACEMENT_3D('',#9022,#9023,#9024);
#9026=PLANE('',#9025);
#9027=ORIENTED_EDGE('',*,*,#8958,.F.);
#9028=ORIENTED_EDGE('',*,*,#9006,.T.);
#9029=ORIENTED_EDGE('',*,*,#8915,.T.);
#9031=ORIENTED_EDGE('',*,*,#9030,.F.);
#9032=EDGE_LOOP('',(#9027,#9028,#9029,#9031));
#9033=FACE_OUTER_BOUND('',#9032,.F.);
#9034=ADVANCED_FACE('',(#9033),#9026,.T.);
#9035=FILL_AREA_STYLE_COLOUR('',#27);
#9036=FILL_AREA_STYLE('',(#9035));
#9037=SURFACE_STYLE_FILL_AREA(#9036);
#9038=SURFACE_SIDE_STYLE('',(#9037));
#9039=SURFACE_STYLE_USAGE(.POSITIVE.,#9038);
#9040=PRESENTATION_STYLE_ASSIGNMENT((#9039));
#9041=STYLED_ITEM('',(#9040),#9034);
#9042=CARTESIAN_POINT('',(-3.8E0,-1.85E0,0.E0));
#9043=DIRECTION('',(0.E0,0.E0,-1.E0));
#9044=DIRECTION('',(1.E0,0.E0,0.E0));
#9045=AXIS2_PLACEMENT_3D('',#9042,#9043,#9044);
#9046=PLANE('',#9045);
#9047=ORIENTED_EDGE('',*,*,#8960,.F.);
#9048=ORIENTED_EDGE('',*,*,#9030,.T.);
#9049=ORIENTED_EDGE('',*,*,#8913,.T.);
#9051=ORIENTED_EDGE('',*,*,#9050,.F.);
#9052=EDGE_LOOP('',(#9047,#9048,#9049,#9051));
#9053=FACE_OUTER_BOUND('',#9052,.F.);
#9054=ADVANCED_FACE('',(#9053),#9046,.T.);
#9055=FILL_AREA_STYLE_COLOUR('',#27);
#9056=FILL_AREA_STYLE('',(#9055));
#9057=SURFACE_STYLE_FILL_AREA(#9056);
#9058=SURFACE_SIDE_STYLE('',(#9057));
#9059=SURFACE_STYLE_USAGE(.POSITIVE.,#9058);
#9060=PRESENTATION_STYLE_ASSIGNMENT((#9059));
#9061=STYLED_ITEM('',(#9060),#9054);
#9062=CARTESIAN_POINT('',(-3.1169E0,-1.85E0,0.E0));
#9063=DIRECTION('',(-1.E0,0.E0,0.E0));
#9064=DIRECTION('',(0.E0,0.E0,-1.E0));
#9065=AXIS2_PLACEMENT_3D('',#9062,#9063,#9064);
#9066=PLANE('',#9065);
#9068=ORIENTED_EDGE('',*,*,#9067,.F.);
#9070=ORIENTED_EDGE('',*,*,#9069,.T.);
#9072=ORIENTED_EDGE('',*,*,#9071,.F.);
#9074=ORIENTED_EDGE('',*,*,#9073,.F.);
#9075=ORIENTED_EDGE('',*,*,#8962,.F.);
#9076=ORIENTED_EDGE('',*,*,#9050,.T.);
#9077=ORIENTED_EDGE('',*,*,#8911,.T.);
#9078=EDGE_LOOP('',(#9068,#9070,#9072,#9074,#9075,#9076,#9077));
#9079=FACE_OUTER_BOUND('',#9078,.F.);
#9080=ADVANCED_FACE('',(#9079),#9066,.T.);
#9081=FILL_AREA_STYLE_COLOUR('',#27);
#9082=FILL_AREA_STYLE('',(#9081));
#9083=SURFACE_STYLE_FILL_AREA(#9082);
#9084=SURFACE_SIDE_STYLE('',(#9083));
#9085=SURFACE_STYLE_USAGE(.POSITIVE.,#9084);
#9086=PRESENTATION_STYLE_ASSIGNMENT((#9085));
#9087=STYLED_ITEM('',(#9086),#9080);
#9088=CARTESIAN_POINT('',(-1.370736E1,-1.95E0,-1.234E-1));
#9089=DIRECTION('',(1.E0,0.E0,0.E0));
#9090=DIRECTION('',(0.E0,-1.E0,0.E0));
#9091=AXIS2_PLACEMENT_3D('',#9088,#9089,#9090);
#9092=CYLINDRICAL_SURFACE('',#9091,3.E-1);
#9094=ORIENTED_EDGE('',*,*,#9093,.T.);
#9096=ORIENTED_EDGE('',*,*,#9095,.F.);
#9097=ORIENTED_EDGE('',*,*,#9067,.T.);
#9098=ORIENTED_EDGE('',*,*,#8909,.T.);
#9099=EDGE_LOOP('',(#9094,#9096,#9097,#9098));
#9100=FACE_OUTER_BOUND('',#9099,.F.);
#9101=ADVANCED_FACE('',(#9100),#9092,.T.);
#9102=FILL_AREA_STYLE_COLOUR('',#27);
#9103=FILL_AREA_STYLE('',(#9102));
#9104=SURFACE_STYLE_FILL_AREA(#9103);
#9105=SURFACE_SIDE_STYLE('',(#9104));
#9106=SURFACE_STYLE_USAGE(.POSITIVE.,#9105);
#9107=PRESENTATION_STYLE_ASSIGNMENT((#9106));
#9108=STYLED_ITEM('',(#9107),#9101);
#9109=CARTESIAN_POINT('',(-2.4329E0,-1.85E0,-4.234E-1));
#9110=DIRECTION('',(1.E0,0.E0,0.E0));
#9111=DIRECTION('',(0.E0,0.E0,1.E0));
#9112=AXIS2_PLACEMENT_3D('',#9109,#9110,#9111);
#9113=PLANE('',#9112);
#9114=ORIENTED_EDGE('',*,*,#9093,.F.);
#9115=ORIENTED_EDGE('',*,*,#8907,.T.);
#9117=ORIENTED_EDGE('',*,*,#9116,.F.);
#9118=ORIENTED_EDGE('',*,*,#8966,.F.);
#9120=ORIENTED_EDGE('',*,*,#9119,.F.);
#9122=ORIENTED_EDGE('',*,*,#9121,.T.);
#9124=ORIENTED_EDGE('',*,*,#9123,.T.);
#9125=EDGE_LOOP('',(#9114,#9115,#9117,#9118,#9120,#9122,#9124));
#9126=FACE_OUTER_BOUND('',#9125,.F.);
#9127=ADVANCED_FACE('',(#9126),#9113,.T.);
#9128=FILL_AREA_STYLE_COLOUR('',#27);
#9129=FILL_AREA_STYLE('',(#9128));
#9130=SURFACE_STYLE_FILL_AREA(#9129);
#9131=SURFACE_SIDE_STYLE('',(#9130));
#9132=SURFACE_STYLE_USAGE(.POSITIVE.,#9131);
#9133=PRESENTATION_STYLE_ASSIGNMENT((#9132));
#9134=STYLED_ITEM('',(#9133),#9127);
#9135=CARTESIAN_POINT('',(-2.4329E0,-1.85E0,8.916E-1));
#9136=DIRECTION('',(0.E0,0.E0,-1.E0));
#9137=DIRECTION('',(1.E0,0.E0,0.E0));
#9138=AXIS2_PLACEMENT_3D('',#9135,#9136,#9137);
#9139=PLANE('',#9138);
#9140=ORIENTED_EDGE('',*,*,#8968,.F.);
#9141=ORIENTED_EDGE('',*,*,#9116,.T.);
#9142=ORIENTED_EDGE('',*,*,#8905,.T.);
#9144=ORIENTED_EDGE('',*,*,#9143,.F.);
#9145=EDGE_LOOP('',(#9140,#9141,#9142,#9144));
#9146=FACE_OUTER_BOUND('',#9145,.F.);
#9147=ADVANCED_FACE('',(#9146),#9139,.T.);
#9148=FILL_AREA_STYLE_COLOUR('',#27);
#9149=FILL_AREA_STYLE('',(#9148));
#9150=SURFACE_STYLE_FILL_AREA(#9149);
#9151=SURFACE_SIDE_STYLE('',(#9150));
#9152=SURFACE_STYLE_USAGE(.POSITIVE.,#9151);
#9153=PRESENTATION_STYLE_ASSIGNMENT((#9152));
#9154=STYLED_ITEM('',(#9153),#9147);
#9155=CARTESIAN_POINT('',(-2.1E0,-1.85E0,8.916E-1));
#9156=DIRECTION('',(1.E0,0.E0,0.E0));
#9157=DIRECTION('',(0.E0,0.E0,1.E0));
#9158=AXIS2_PLACEMENT_3D('',#9155,#9156,#9157);
#9159=PLANE('',#9158);
#9160=ORIENTED_EDGE('',*,*,#8970,.F.);
#9161=ORIENTED_EDGE('',*,*,#9143,.T.);
#9162=ORIENTED_EDGE('',*,*,#8903,.T.);
#9164=ORIENTED_EDGE('',*,*,#9163,.F.);
#9165=EDGE_LOOP('',(#9160,#9161,#9162,#9164));
#9166=FACE_OUTER_BOUND('',#9165,.F.);
#9167=ADVANCED_FACE('',(#9166),#9159,.T.);
#9168=FILL_AREA_STYLE_COLOUR('',#27);
#9169=FILL_AREA_STYLE('',(#9168));
#9170=SURFACE_STYLE_FILL_AREA(#9169);
#9171=SURFACE_SIDE_STYLE('',(#9170));
#9172=SURFACE_STYLE_USAGE(.POSITIVE.,#9171);
#9173=PRESENTATION_STYLE_ASSIGNMENT((#9172));
#9174=STYLED_ITEM('',(#9173),#9167);
#9175=CARTESIAN_POINT('',(-2.1E0,-1.85E0,3.2E0));
#9176=DIRECTION('',(0.E0,0.E0,-1.E0));
#9177=DIRECTION('',(1.E0,0.E0,0.E0));
#9178=AXIS2_PLACEMENT_3D('',#9175,#9176,#9177);
#9179=PLANE('',#9178);
#9180=ORIENTED_EDGE('',*,*,#8972,.F.);
#9181=ORIENTED_EDGE('',*,*,#9163,.T.);
#9182=ORIENTED_EDGE('',*,*,#8901,.T.);
#9184=ORIENTED_EDGE('',*,*,#9183,.F.);
#9185=EDGE_LOOP('',(#9180,#9181,#9182,#9184));
#9186=FACE_OUTER_BOUND('',#9185,.F.);
#9187=ADVANCED_FACE('',(#9186),#9179,.T.);
#9188=FILL_AREA_STYLE_COLOUR('',#27);
#9189=FILL_AREA_STYLE('',(#9188));
#9190=SURFACE_STYLE_FILL_AREA(#9189);
#9191=SURFACE_SIDE_STYLE('',(#9190));
#9192=SURFACE_STYLE_USAGE(.POSITIVE.,#9191);
#9193=PRESENTATION_STYLE_ASSIGNMENT((#9192));
#9194=STYLED_ITEM('',(#9193),#9187);
#9195=CARTESIAN_POINT('',(2.1E0,-1.85E0,3.2E0));
#9196=DIRECTION('',(-1.E0,0.E0,0.E0));
#9197=DIRECTION('',(0.E0,0.E0,-1.E0));
#9198=AXIS2_PLACEMENT_3D('',#9195,#9196,#9197);
#9199=PLANE('',#9198);
#9200=ORIENTED_EDGE('',*,*,#8974,.F.);
#9201=ORIENTED_EDGE('',*,*,#9183,.T.);
#9202=ORIENTED_EDGE('',*,*,#8899,.T.);
#9204=ORIENTED_EDGE('',*,*,#9203,.F.);
#9205=EDGE_LOOP('',(#9200,#9201,#9202,#9204));
#9206=FACE_OUTER_BOUND('',#9205,.F.);
#9207=ADVANCED_FACE('',(#9206),#9199,.T.);
#9208=FILL_AREA_STYLE_COLOUR('',#27);
#9209=FILL_AREA_STYLE('',(#9208));
#9210=SURFACE_STYLE_FILL_AREA(#9209);
#9211=SURFACE_SIDE_STYLE('',(#9210));
#9212=SURFACE_STYLE_USAGE(.POSITIVE.,#9211);
#9213=PRESENTATION_STYLE_ASSIGNMENT((#9212));
#9214=STYLED_ITEM('',(#9213),#9207);
#9215=CARTESIAN_POINT('',(2.1E0,-1.85E0,8.916E-1));
#9216=DIRECTION('',(0.E0,0.E0,-1.E0));
#9217=DIRECTION('',(1.E0,0.E0,0.E0));
#9218=AXIS2_PLACEMENT_3D('',#9215,#9216,#9217);
#9219=PLANE('',#9218);
#9220=ORIENTED_EDGE('',*,*,#8976,.F.);
#9221=ORIENTED_EDGE('',*,*,#9203,.T.);
#9222=ORIENTED_EDGE('',*,*,#8897,.T.);
#9224=ORIENTED_EDGE('',*,*,#9223,.F.);
#9225=EDGE_LOOP('',(#9220,#9221,#9222,#9224));
#9226=FACE_OUTER_BOUND('',#9225,.F.);
#9227=ADVANCED_FACE('',(#9226),#9219,.T.);
#9228=FILL_AREA_STYLE_COLOUR('',#27);
#9229=FILL_AREA_STYLE('',(#9228));
#9230=SURFACE_STYLE_FILL_AREA(#9229);
#9231=SURFACE_SIDE_STYLE('',(#9230));
#9232=SURFACE_STYLE_USAGE(.POSITIVE.,#9231);
#9233=PRESENTATION_STYLE_ASSIGNMENT((#9232));
#9234=STYLED_ITEM('',(#9233),#9227);
#9235=CARTESIAN_POINT('',(2.4329E0,-1.85E0,8.916E-1));
#9236=DIRECTION('',(-1.E0,0.E0,0.E0));
#9237=DIRECTION('',(0.E0,0.E0,-1.E0));
#9238=AXIS2_PLACEMENT_3D('',#9235,#9236,#9237);
#9239=PLANE('',#9238);
#9241=ORIENTED_EDGE('',*,*,#9240,.F.);
#9243=ORIENTED_EDGE('',*,*,#9242,.T.);
#9245=ORIENTED_EDGE('',*,*,#9244,.F.);
#9247=ORIENTED_EDGE('',*,*,#9246,.T.);
#9248=ORIENTED_EDGE('',*,*,#8978,.F.);
#9249=ORIENTED_EDGE('',*,*,#9223,.T.);
#9250=ORIENTED_EDGE('',*,*,#8895,.T.);
#9251=EDGE_LOOP('',(#9241,#9243,#9245,#9247,#9248,#9249,#9250));
#9252=FACE_OUTER_BOUND('',#9251,.F.);
#9253=ADVANCED_FACE('',(#9252),#9239,.T.);
#9254=FILL_AREA_STYLE_COLOUR('',#27);
#9255=FILL_AREA_STYLE('',(#9254));
#9256=SURFACE_STYLE_FILL_AREA(#9255);
#9257=SURFACE_SIDE_STYLE('',(#9256));
#9258=SURFACE_STYLE_USAGE(.POSITIVE.,#9257);
#9259=PRESENTATION_STYLE_ASSIGNMENT((#9258));
#9260=STYLED_ITEM('',(#9259),#9253);
#9261=CARTESIAN_POINT('',(-1.370736E1,-1.95E0,-1.234E-1));
#9262=DIRECTION('',(1.E0,0.E0,0.E0));
#9263=DIRECTION('',(0.E0,-1.E0,0.E0));
#9264=AXIS2_PLACEMENT_3D('',#9261,#9262,#9263);
#9265=CYLINDRICAL_SURFACE('',#9264,3.E-1);
#9267=ORIENTED_EDGE('',*,*,#9266,.T.);
#9269=ORIENTED_EDGE('',*,*,#9268,.F.);
#9270=ORIENTED_EDGE('',*,*,#9240,.T.);
#9271=ORIENTED_EDGE('',*,*,#8893,.T.);
#9272=EDGE_LOOP('',(#9267,#9269,#9270,#9271));
#9273=FACE_OUTER_BOUND('',#9272,.F.);
#9274=ADVANCED_FACE('',(#9273),#9265,.T.);
#9275=FILL_AREA_STYLE_COLOUR('',#27);
#9276=FILL_AREA_STYLE('',(#9275));
#9277=SURFACE_STYLE_FILL_AREA(#9276);
#9278=SURFACE_SIDE_STYLE('',(#9277));
#9279=SURFACE_STYLE_USAGE(.POSITIVE.,#9278);
#9280=PRESENTATION_STYLE_ASSIGNMENT((#9279));
#9281=STYLED_ITEM('',(#9280),#9274);
#9282=CARTESIAN_POINT('',(3.1169E0,-1.85E0,-4.234E-1));
#9283=DIRECTION('',(1.E0,0.E0,0.E0));
#9284=DIRECTION('',(0.E0,0.E0,1.E0));
#9285=AXIS2_PLACEMENT_3D('',#9282,#9283,#9284);
#9286=PLANE('',#9285);
#9287=ORIENTED_EDGE('',*,*,#9266,.F.);
#9288=ORIENTED_EDGE('',*,*,#8891,.T.);
#9290=ORIENTED_EDGE('',*,*,#9289,.F.);
#9291=ORIENTED_EDGE('',*,*,#8982,.F.);
#9293=ORIENTED_EDGE('',*,*,#9292,.T.);
#9295=ORIENTED_EDGE('',*,*,#9294,.T.);
#9297=ORIENTED_EDGE('',*,*,#9296,.T.);
#9298=EDGE_LOOP('',(#9287,#9288,#9290,#9291,#9293,#9295,#9297));
#9299=FACE_OUTER_BOUND('',#9298,.F.);
#9300=ADVANCED_FACE('',(#9299),#9286,.T.);
#9301=FILL_AREA_STYLE_COLOUR('',#27);
#9302=FILL_AREA_STYLE('',(#9301));
#9303=SURFACE_STYLE_FILL_AREA(#9302);
#9304=SURFACE_SIDE_STYLE('',(#9303));
#9305=SURFACE_STYLE_USAGE(.POSITIVE.,#9304);
#9306=PRESENTATION_STYLE_ASSIGNMENT((#9305));
#9307=STYLED_ITEM('',(#9306),#9300);
#9308=CARTESIAN_POINT('',(3.1169E0,-1.85E0,0.E0));
#9309=DIRECTION('',(0.E0,0.E0,-1.E0));
#9310=DIRECTION('',(1.E0,0.E0,0.E0));
#9311=AXIS2_PLACEMENT_3D('',#9308,#9309,#9310);
#9312=PLANE('',#9311);
#9313=ORIENTED_EDGE('',*,*,#8984,.F.);
#9314=ORIENTED_EDGE('',*,*,#9289,.T.);
#9315=ORIENTED_EDGE('',*,*,#8889,.T.);
#9317=ORIENTED_EDGE('',*,*,#9316,.F.);
#9318=EDGE_LOOP('',(#9313,#9314,#9315,#9317));
#9319=FACE_OUTER_BOUND('',#9318,.F.);
#9320=ADVANCED_FACE('',(#9319),#9312,.T.);
#9321=FILL_AREA_STYLE_COLOUR('',#27);
#9322=FILL_AREA_STYLE('',(#9321));
#9323=SURFACE_STYLE_FILL_AREA(#9322);
#9324=SURFACE_SIDE_STYLE('',(#9323));
#9325=SURFACE_STYLE_USAGE(.POSITIVE.,#9324);
#9326=PRESENTATION_STYLE_ASSIGNMENT((#9325));
#9327=STYLED_ITEM('',(#9326),#9320);
#9328=CARTESIAN_POINT('',(3.8E0,-1.85E0,0.E0));
#9329=DIRECTION('',(1.E0,0.E0,0.E0));
#9330=DIRECTION('',(0.E0,0.E0,1.E0));
#9331=AXIS2_PLACEMENT_3D('',#9328,#9329,#9330);
#9332=PLANE('',#9331);
#9333=ORIENTED_EDGE('',*,*,#8986,.F.);
#9334=ORIENTED_EDGE('',*,*,#9316,.T.);
#9335=ORIENTED_EDGE('',*,*,#8887,.T.);
#9336=ORIENTED_EDGE('',*,*,#8939,.F.);
#9337=EDGE_LOOP('',(#9333,#9334,#9335,#9336));
#9338=FACE_OUTER_BOUND('',#9337,.F.);
#9339=ADVANCED_FACE('',(#9338),#9332,.T.);
#9340=FILL_AREA_STYLE_COLOUR('',#27);
#9341=FILL_AREA_STYLE('',(#9340));
#9342=SURFACE_STYLE_FILL_AREA(#9341);
#9343=SURFACE_SIDE_STYLE('',(#9342));
#9344=SURFACE_STYLE_USAGE(.POSITIVE.,#9343);
#9345=PRESENTATION_STYLE_ASSIGNMENT((#9344));
#9346=STYLED_ITEM('',(#9345),#9339);
#9347=CARTESIAN_POINT('',(0.E0,-1.85E0,-2.34E-2));
#9348=DIRECTION('',(0.E0,0.E0,1.E0));
#9349=DIRECTION('',(-1.E0,0.E0,0.E0));
#9350=AXIS2_PLACEMENT_3D('',#9347,#9348,#9349);
#9351=PLANE('',#9350);
#9353=ORIENTED_EDGE('',*,*,#9352,.F.);
#9354=ORIENTED_EDGE('',*,*,#9292,.F.);
#9355=ORIENTED_EDGE('',*,*,#8980,.T.);
#9356=ORIENTED_EDGE('',*,*,#9246,.F.);
#9357=EDGE_LOOP('',(#9353,#9354,#9355,#9356));
#9358=FACE_OUTER_BOUND('',#9357,.F.);
#9359=ADVANCED_FACE('',(#9358),#9351,.T.);
#9360=FILL_AREA_STYLE_COLOUR('',#27);
#9361=FILL_AREA_STYLE('',(#9360));
#9362=SURFACE_STYLE_FILL_AREA(#9361);
#9363=SURFACE_SIDE_STYLE('',(#9362));
#9364=SURFACE_STYLE_USAGE(.POSITIVE.,#9363);
#9365=PRESENTATION_STYLE_ASSIGNMENT((#9364));
#9366=STYLED_ITEM('',(#9365),#9359);
#9367=CARTESIAN_POINT('',(2.7749E0,-1.330004720581E0,9.76634424E0));
#9368=DIRECTION('',(0.E0,0.E0,-1.E0));
#9369=DIRECTION('',(1.E0,0.E0,0.E0));
#9370=AXIS2_PLACEMENT_3D('',#9367,#9368,#9369);
#9371=CYLINDRICAL_SURFACE('',#9370,3.42E-1);
#9373=ORIENTED_EDGE('',*,*,#9372,.T.);
#9374=ORIENTED_EDGE('',*,*,#9294,.F.);
#9375=ORIENTED_EDGE('',*,*,#9352,.T.);
#9376=ORIENTED_EDGE('',*,*,#9244,.T.);
#9377=EDGE_LOOP('',(#9373,#9374,#9375,#9376));
#9378=FACE_OUTER_BOUND('',#9377,.F.);
#9379=ADVANCED_FACE('',(#9378),#9371,.T.);
#9380=FILL_AREA_STYLE_COLOUR('',#27);
#9381=FILL_AREA_STYLE('',(#9380));
#9382=SURFACE_STYLE_FILL_AREA(#9381);
#9383=SURFACE_SIDE_STYLE('',(#9382));
#9384=SURFACE_STYLE_USAGE(.POSITIVE.,#9383);
#9385=PRESENTATION_STYLE_ASSIGNMENT((#9384));
#9386=STYLED_ITEM('',(#9385),#9379);
#9387=CARTESIAN_POINT('',(2.4329E0,-1.85E0,-4.234E-1));
#9388=DIRECTION('',(0.E0,0.E0,-1.E0));
#9389=DIRECTION('',(1.E0,0.E0,0.E0));
#9390=AXIS2_PLACEMENT_3D('',#9387,#9388,#9389);
#9391=PLANE('',#9390);
#9392=ORIENTED_EDGE('',*,*,#9268,.T.);
#9393=ORIENTED_EDGE('',*,*,#9296,.F.);
#9394=ORIENTED_EDGE('',*,*,#9372,.F.);
#9395=ORIENTED_EDGE('',*,*,#9242,.F.);
#9396=EDGE_LOOP('',(#9392,#9393,#9394,#9395));
#9397=FACE_OUTER_BOUND('',#9396,.F.);
#9398=ADVANCED_FACE('',(#9397),#9391,.T.);
#9399=FILL_AREA_STYLE_COLOUR('',#27);
#9400=FILL_AREA_STYLE('',(#9399));
#9401=SURFACE_STYLE_FILL_AREA(#9400);
#9402=SURFACE_SIDE_STYLE('',(#9401));
#9403=SURFACE_STYLE_USAGE(.POSITIVE.,#9402);
#9404=PRESENTATION_STYLE_ASSIGNMENT((#9403));
#9405=STYLED_ITEM('',(#9404),#9398);
#9406=CARTESIAN_POINT('',(0.E0,-1.85E0,-2.34E-2));
#9407=DIRECTION('',(0.E0,0.E0,-1.E0));
#9408=DIRECTION('',(1.E0,0.E0,0.E0));
#9409=AXIS2_PLACEMENT_3D('',#9406,#9407,#9408);
#9410=PLANE('',#9409);
#9412=ORIENTED_EDGE('',*,*,#9411,.F.);
#9413=ORIENTED_EDGE('',*,*,#9119,.T.);
#9414=ORIENTED_EDGE('',*,*,#8964,.F.);
#9415=ORIENTED_EDGE('',*,*,#9073,.T.);
#9416=EDGE_LOOP('',(#9412,#9413,#9414,#9415));
#9417=FACE_OUTER_BOUND('',#9416,.F.);
#9418=ADVANCED_FACE('',(#9417),#9410,.F.);
#9419=FILL_AREA_STYLE_COLOUR('',#27);
#9420=FILL_AREA_STYLE('',(#9419));
#9421=SURFACE_STYLE_FILL_AREA(#9420);
#9422=SURFACE_SIDE_STYLE('',(#9421));
#9423=SURFACE_STYLE_USAGE(.POSITIVE.,#9422);
#9424=PRESENTATION_STYLE_ASSIGNMENT((#9423));
#9425=STYLED_ITEM('',(#9424),#9418);
#9426=CARTESIAN_POINT('',(-2.7749E0,-1.330004720581E0,9.76634424E0));
#9427=DIRECTION('',(0.E0,0.E0,-1.E0));
#9428=DIRECTION('',(1.E0,0.E0,0.E0));
#9429=AXIS2_PLACEMENT_3D('',#9426,#9427,#9428);
#9430=CYLINDRICAL_SURFACE('',#9429,3.42E-1);
#9432=ORIENTED_EDGE('',*,*,#9431,.T.);
#9433=ORIENTED_EDGE('',*,*,#9121,.F.);
#9434=ORIENTED_EDGE('',*,*,#9411,.T.);
#9435=ORIENTED_EDGE('',*,*,#9071,.T.);
#9436=EDGE_LOOP('',(#9432,#9433,#9434,#9435));
#9437=FACE_OUTER_BOUND('',#9436,.F.);
#9438=ADVANCED_FACE('',(#9437),#9430,.T.);
#9439=FILL_AREA_STYLE_COLOUR('',#27);
#9440=FILL_AREA_STYLE('',(#9439));
#9441=SURFACE_STYLE_FILL_AREA(#9440);
#9442=SURFACE_SIDE_STYLE('',(#9441));
#9443=SURFACE_STYLE_USAGE(.POSITIVE.,#9442);
#9444=PRESENTATION_STYLE_ASSIGNMENT((#9443));
#9445=STYLED_ITEM('',(#9444),#9438);
#9446=CARTESIAN_POINT('',(-3.1169E0,-1.85E0,-4.234E-1));
#9447=DIRECTION('',(0.E0,0.E0,-1.E0));
#9448=DIRECTION('',(1.E0,0.E0,0.E0));
#9449=AXIS2_PLACEMENT_3D('',#9446,#9447,#9448);
#9450=PLANE('',#9449);
#9451=ORIENTED_EDGE('',*,*,#9095,.T.);
#9452=ORIENTED_EDGE('',*,*,#9123,.F.);
#9453=ORIENTED_EDGE('',*,*,#9431,.F.);
#9454=ORIENTED_EDGE('',*,*,#9069,.F.);
#9455=EDGE_LOOP('',(#9451,#9452,#9453,#9454));
#9456=FACE_OUTER_BOUND('',#9455,.F.);
#9457=ADVANCED_FACE('',(#9456),#9450,.T.);
#9458=FILL_AREA_STYLE_COLOUR('',#27);
#9459=FILL_AREA_STYLE('',(#9458));
#9460=SURFACE_STYLE_FILL_AREA(#9459);
#9461=SURFACE_SIDE_STYLE('',(#9460));
#9462=SURFACE_STYLE_USAGE(.POSITIVE.,#9461);
#9463=PRESENTATION_STYLE_ASSIGNMENT((#9462));
#9464=STYLED_ITEM('',(#9463),#9457);
#9465=CARTESIAN_POINT('',(-3.5698E0,2.25E0,3.6E0));
#9466=DIRECTION('',(-1.E0,0.E0,0.E0));
#9467=DIRECTION('',(0.E0,-1.E0,0.E0));
#9468=AXIS2_PLACEMENT_3D('',#9465,#9466,#9467);
#9469=PLANE('',#9468);
#9471=ORIENTED_EDGE('',*,*,#9470,.F.);
#9473=ORIENTED_EDGE('',*,*,#9472,.T.);
#9474=ORIENTED_EDGE('',*,*,#8789,.F.);
#9475=EDGE_LOOP('',(#9471,#9473,#9474));
#9476=FACE_OUTER_BOUND('',#9475,.F.);
#9477=ADVANCED_FACE('',(#9476),#9469,.T.);
#9478=FILL_AREA_STYLE_COLOUR('',#27);
#9479=FILL_AREA_STYLE('',(#9478));
#9480=SURFACE_STYLE_FILL_AREA(#9479);
#9481=SURFACE_SIDE_STYLE('',(#9480));
#9482=SURFACE_STYLE_USAGE(.POSITIVE.,#9481);
#9483=PRESENTATION_STYLE_ASSIGNMENT((#9482));
#9484=STYLED_ITEM('',(#9483),#9477);
#9485=CARTESIAN_POINT('',(-3.5698E0,2.25E0,3.6E0));
#9486=DIRECTION('',(-1.E0,0.E0,0.E0));
#9487=DIRECTION('',(0.E0,-1.E0,0.E0));
#9488=AXIS2_PLACEMENT_3D('',#9485,#9486,#9487);
#9489=PLANE('',#9488);
#9491=ORIENTED_EDGE('',*,*,#9490,.F.);
#9492=ORIENTED_EDGE('',*,*,#8862,.F.);
#9493=ORIENTED_EDGE('',*,*,#9010,.T.);
#9494=EDGE_LOOP('',(#9491,#9492,#9493));
#9495=FACE_OUTER_BOUND('',#9494,.F.);
#9496=ADVANCED_FACE('',(#9495),#9489,.T.);
#9497=FILL_AREA_STYLE_COLOUR('',#27);
#9498=FILL_AREA_STYLE('',(#9497));
#9499=SURFACE_STYLE_FILL_AREA(#9498);
#9500=SURFACE_SIDE_STYLE('',(#9499));
#9501=SURFACE_STYLE_USAGE(.POSITIVE.,#9500);
#9502=PRESENTATION_STYLE_ASSIGNMENT((#9501));
#9503=STYLED_ITEM('',(#9502),#9496);
#9504=CARTESIAN_POINT('',(-3.9698E0,2.15E0,-1.258592E1));
#9505=DIRECTION('',(0.E0,0.E0,1.E0));
#9506=DIRECTION('',(0.E0,-1.E0,0.E0));
#9507=AXIS2_PLACEMENT_3D('',#9504,#9505,#9506);
#9508=CYLINDRICAL_SURFACE('',#9507,4.E-1);
#9509=ORIENTED_EDGE('',*,*,#9470,.T.);
#9510=ORIENTED_EDGE('',*,*,#8787,.F.);
#9511=ORIENTED_EDGE('',*,*,#8841,.T.);
#9513=ORIENTED_EDGE('',*,*,#9512,.T.);
#9515=ORIENTED_EDGE('',*,*,#9514,.F.);
#9517=ORIENTED_EDGE('',*,*,#9516,.T.);
#9519=ORIENTED_EDGE('',*,*,#9518,.T.);
#9521=ORIENTED_EDGE('',*,*,#9520,.T.);
#9522=ORIENTED_EDGE('',*,*,#8444,.T.);
#9523=EDGE_LOOP('',(#9509,#9510,#9511,#9513,#9515,#9517,#9519,#9521,#9522));
#9524=FACE_OUTER_BOUND('',#9523,.F.);
#9525=ADVANCED_FACE('',(#9524),#9508,.F.);
#9526=FILL_AREA_STYLE_COLOUR('',#27);
#9527=FILL_AREA_STYLE('',(#9526));
#9528=SURFACE_STYLE_FILL_AREA(#9527);
#9529=SURFACE_SIDE_STYLE('',(#9528));
#9530=SURFACE_STYLE_USAGE(.POSITIVE.,#9529);
#9531=PRESENTATION_STYLE_ASSIGNMENT((#9530));
#9532=STYLED_ITEM('',(#9531),#9525);
#9533=CARTESIAN_POINT('',(-3.7984E0,-2.1E0,3.4984E0));
#9534=DIRECTION('',(0.E0,-1.E0,0.E0));
#9535=DIRECTION('',(1.E0,0.E0,0.E0));
#9536=AXIS2_PLACEMENT_3D('',#9533,#9534,#9535);
#9537=CYLINDRICAL_SURFACE('',#9536,5.016E-1);
#9538=ORIENTED_EDGE('',*,*,#8839,.T.);
#9540=ORIENTED_EDGE('',*,*,#9539,.F.);
#9542=ORIENTED_EDGE('',*,*,#9541,.T.);
#9544=ORIENTED_EDGE('',*,*,#9543,.T.);
#9546=ORIENTED_EDGE('',*,*,#9545,.F.);
#9547=ORIENTED_EDGE('',*,*,#9512,.F.);
#9548=EDGE_LOOP('',(#9538,#9540,#9542,#9544,#9546,#9547));
#9549=FACE_OUTER_BOUND('',#9548,.F.);
#9550=ADVANCED_FACE('',(#9549),#9537,.T.);
#9551=FILL_AREA_STYLE_COLOUR('',#27);
#9552=FILL_AREA_STYLE('',(#9551));
#9553=SURFACE_STYLE_FILL_AREA(#9552);
#9554=SURFACE_SIDE_STYLE('',(#9553));
#9555=SURFACE_STYLE_USAGE(.POSITIVE.,#9554);
#9556=PRESENTATION_STYLE_ASSIGNMENT((#9555));
#9557=STYLED_ITEM('',(#9556),#9550);
#9558=CARTESIAN_POINT('',(-3.9698E0,-2.15E0,1.338592E1));
#9559=DIRECTION('',(0.E0,0.E0,-1.E0));
#9560=DIRECTION('',(0.E0,1.E0,0.E0));
#9561=AXIS2_PLACEMENT_3D('',#9558,#9559,#9560);
#9562=CYLINDRICAL_SURFACE('',#9561,4.E-1);
#9563=ORIENTED_EDGE('',*,*,#9490,.T.);
#9564=ORIENTED_EDGE('',*,*,#8448,.T.);
#9566=ORIENTED_EDGE('',*,*,#9565,.T.);
#9568=ORIENTED_EDGE('',*,*,#9567,.T.);
#9570=ORIENTED_EDGE('',*,*,#9569,.F.);
#9572=ORIENTED_EDGE('',*,*,#9571,.F.);
#9573=ORIENTED_EDGE('',*,*,#9539,.T.);
#9574=ORIENTED_EDGE('',*,*,#8837,.T.);
#9575=ORIENTED_EDGE('',*,*,#8864,.F.);
#9576=EDGE_LOOP('',(#9563,#9564,#9566,#9568,#9570,#9572,#9573,#9574,#9575));
#9577=FACE_OUTER_BOUND('',#9576,.F.);
#9578=ADVANCED_FACE('',(#9577),#9562,.F.);
#9579=FILL_AREA_STYLE_COLOUR('',#27);
#9580=FILL_AREA_STYLE('',(#9579));
#9581=SURFACE_STYLE_FILL_AREA(#9580);
#9582=SURFACE_SIDE_STYLE('',(#9581));
#9583=SURFACE_STYLE_USAGE(.POSITIVE.,#9582);
#9584=PRESENTATION_STYLE_ASSIGNMENT((#9583));
#9585=STYLED_ITEM('',(#9584),#9578);
#9586=CARTESIAN_POINT('',(-3.7984E0,-2.1E0,3.4984E0));
#9587=DIRECTION('',(0.E0,-1.E0,0.E0));
#9588=DIRECTION('',(1.E0,0.E0,0.E0));
#9589=AXIS2_PLACEMENT_3D('',#9586,#9587,#9588);
#9590=CYLINDRICAL_SURFACE('',#9589,1.016E-1);
#9592=ORIENTED_EDGE('',*,*,#9591,.F.);
#9593=ORIENTED_EDGE('',*,*,#9565,.F.);
#9594=ORIENTED_EDGE('',*,*,#8446,.F.);
#9595=ORIENTED_EDGE('',*,*,#9520,.F.);
#9596=EDGE_LOOP('',(#9592,#9593,#9594,#9595));
#9597=FACE_OUTER_BOUND('',#9596,.F.);
#9598=ADVANCED_FACE('',(#9597),#9590,.F.);
#9599=FILL_AREA_STYLE_COLOUR('',#27);
#9600=FILL_AREA_STYLE('',(#9599));
#9601=SURFACE_STYLE_FILL_AREA(#9600);
#9602=SURFACE_SIDE_STYLE('',(#9601));
#9603=SURFACE_STYLE_USAGE(.POSITIVE.,#9602);
#9604=PRESENTATION_STYLE_ASSIGNMENT((#9603));
#9605=STYLED_ITEM('',(#9604),#9598);
#9606=CARTESIAN_POINT('',(-3.9E0,-2.1E0,-6.E-1));
#9607=DIRECTION('',(-1.E0,0.E0,0.E0));
#9608=DIRECTION('',(0.E0,0.E0,1.E0));
#9609=AXIS2_PLACEMENT_3D('',#9606,#9607,#9608);
#9610=PLANE('',#9609);
#9612=ORIENTED_EDGE('',*,*,#9611,.T.);
#9614=ORIENTED_EDGE('',*,*,#9613,.F.);
#9616=ORIENTED_EDGE('',*,*,#9615,.T.);
#9618=ORIENTED_EDGE('',*,*,#9617,.F.);
#9619=ORIENTED_EDGE('',*,*,#9567,.F.);
#9620=ORIENTED_EDGE('',*,*,#9591,.T.);
#9621=ORIENTED_EDGE('',*,*,#9518,.F.);
#9623=ORIENTED_EDGE('',*,*,#9622,.F.);
#9625=ORIENTED_EDGE('',*,*,#9624,.F.);
#9627=ORIENTED_EDGE('',*,*,#9626,.F.);
#9629=ORIENTED_EDGE('',*,*,#9628,.T.);
#9631=ORIENTED_EDGE('',*,*,#9630,.F.);
#9633=ORIENTED_EDGE('',*,*,#9632,.F.);
#9635=ORIENTED_EDGE('',*,*,#9634,.F.);
#9637=ORIENTED_EDGE('',*,*,#9636,.F.);
#9639=ORIENTED_EDGE('',*,*,#9638,.F.);
#9641=ORIENTED_EDGE('',*,*,#9640,.F.);
#9643=ORIENTED_EDGE('',*,*,#9642,.F.);
#9644=EDGE_LOOP('',(#9612,#9614,#9616,#9618,#9619,#9620,#9621,#9623,#9625,#9627,
#9629,#9631,#9633,#9635,#9637,#9639,#9641,#9643));
#9645=FACE_OUTER_BOUND('',#9644,.F.);
#9646=ADVANCED_FACE('',(#9645),#9610,.F.);
#9647=FILL_AREA_STYLE_COLOUR('',#27);
#9648=FILL_AREA_STYLE('',(#9647));
#9649=SURFACE_STYLE_FILL_AREA(#9648);
#9650=SURFACE_SIDE_STYLE('',(#9649));
#9651=SURFACE_STYLE_USAGE(.POSITIVE.,#9650);
#9652=PRESENTATION_STYLE_ASSIGNMENT((#9651));
#9653=STYLED_ITEM('',(#9652),#9646);
#9654=CARTESIAN_POINT('',(-4.3E0,-7.547E-1,-6.E-1));
#9655=DIRECTION('',(1.E0,0.E0,0.E0));
#9656=DIRECTION('',(0.E0,1.E0,0.E0));
#9657=AXIS2_PLACEMENT_3D('',#9654,#9655,#9656);
#9658=CYLINDRICAL_SURFACE('',#9657,3.547E-1);
#9660=ORIENTED_EDGE('',*,*,#9659,.T.);
#9662=ORIENTED_EDGE('',*,*,#9661,.T.);
#9663=ORIENTED_EDGE('',*,*,#9611,.F.);
#9665=ORIENTED_EDGE('',*,*,#9664,.F.);
#9666=EDGE_LOOP('',(#9660,#9662,#9663,#9665));
#9667=FACE_OUTER_BOUND('',#9666,.F.);
#9668=ADVANCED_FACE('',(#9667),#9658,.F.);
#9669=FILL_AREA_STYLE_COLOUR('',#27);
#9670=FILL_AREA_STYLE('',(#9669));
#9671=SURFACE_STYLE_FILL_AREA(#9670);
#9672=SURFACE_SIDE_STYLE('',(#9671));
#9673=SURFACE_STYLE_USAGE(.POSITIVE.,#9672);
#9674=PRESENTATION_STYLE_ASSIGNMENT((#9673));
#9675=STYLED_ITEM('',(#9674),#9668);
#9676=CARTESIAN_POINT('',(-4.3E0,-2.1E0,3.4984E0));
#9677=DIRECTION('',(1.E0,0.E0,0.E0));
#9678=DIRECTION('',(0.E0,0.E0,-1.E0));
#9679=AXIS2_PLACEMENT_3D('',#9676,#9677,#9678);
#9680=PLANE('',#9679);
#9681=ORIENTED_EDGE('',*,*,#9659,.F.);
#9683=ORIENTED_EDGE('',*,*,#9682,.T.);
#9685=ORIENTED_EDGE('',*,*,#9684,.T.);
#9687=ORIENTED_EDGE('',*,*,#9686,.F.);
#9689=ORIENTED_EDGE('',*,*,#9688,.T.);
#9691=ORIENTED_EDGE('',*,*,#9690,.F.);
#9693=ORIENTED_EDGE('',*,*,#9692,.T.);
#9695=ORIENTED_EDGE('',*,*,#9694,.T.);
#9697=ORIENTED_EDGE('',*,*,#9696,.F.);
#9699=ORIENTED_EDGE('',*,*,#9698,.T.);
#9701=ORIENTED_EDGE('',*,*,#9700,.F.);
#9703=ORIENTED_EDGE('',*,*,#9702,.F.);
#9705=ORIENTED_EDGE('',*,*,#9704,.F.);
#9706=ORIENTED_EDGE('',*,*,#9543,.F.);
#9708=ORIENTED_EDGE('',*,*,#9707,.T.);
#9710=ORIENTED_EDGE('',*,*,#9709,.F.);
#9712=ORIENTED_EDGE('',*,*,#9711,.T.);
#9714=ORIENTED_EDGE('',*,*,#9713,.T.);
#9715=EDGE_LOOP('',(#9681,#9683,#9685,#9687,#9689,#9691,#9693,#9695,#9697,#9699,
#9701,#9703,#9705,#9706,#9708,#9710,#9712,#9714));
#9716=FACE_OUTER_BOUND('',#9715,.F.);
#9717=ADVANCED_FACE('',(#9716),#9680,.F.);
#9718=FILL_AREA_STYLE_COLOUR('',#27);
#9719=FILL_AREA_STYLE('',(#9718));
#9720=SURFACE_STYLE_FILL_AREA(#9719);
#9721=SURFACE_SIDE_STYLE('',(#9720));
#9722=SURFACE_STYLE_USAGE(.POSITIVE.,#9721);
#9723=PRESENTATION_STYLE_ASSIGNMENT((#9722));
#9724=STYLED_ITEM('',(#9723),#9717);
#9725=CARTESIAN_POINT('',(-4.3E0,-4.E-1,-6.E-1));
#9726=DIRECTION('',(0.E0,9.922778767137E-1,-1.240347345892E-1));
#9727=DIRECTION('',(0.E0,-1.240347345892E-1,-9.922778767137E-1));
#9728=AXIS2_PLACEMENT_3D('',#9725,#9726,#9727);
#9729=PLANE('',#9728);
#9730=ORIENTED_EDGE('',*,*,#9664,.T.);
#9731=ORIENTED_EDGE('',*,*,#9642,.T.);
#9733=ORIENTED_EDGE('',*,*,#9732,.F.);
#9734=ORIENTED_EDGE('',*,*,#9682,.F.);
#9735=EDGE_LOOP('',(#9730,#9731,#9733,#9734));
#9736=FACE_OUTER_BOUND('',#9735,.F.);
#9737=ADVANCED_FACE('',(#9736),#9729,.F.);
#9738=FILL_AREA_STYLE_COLOUR('',#27);
#9739=FILL_AREA_STYLE('',(#9738));
#9740=SURFACE_STYLE_FILL_AREA(#9739);
#9741=SURFACE_SIDE_STYLE('',(#9740));
#9742=SURFACE_STYLE_USAGE(.POSITIVE.,#9741);
#9743=PRESENTATION_STYLE_ASSIGNMENT((#9742));
#9744=STYLED_ITEM('',(#9743),#9737);
#9745=CARTESIAN_POINT('',(-4.3E0,-6.E-1,-2.2E0));
#9746=DIRECTION('',(0.E0,9.578262852212E-1,2.873478855663E-1));
#9747=DIRECTION('',(0.E0,2.873478855663E-1,-9.578262852212E-1));
#9748=AXIS2_PLACEMENT_3D('',#9745,#9746,#9747);
#9749=PLANE('',#9748);
#9751=ORIENTED_EDGE('',*,*,#9750,.T.);
#9752=ORIENTED_EDGE('',*,*,#9684,.F.);
#9753=ORIENTED_EDGE('',*,*,#9732,.T.);
#9754=ORIENTED_EDGE('',*,*,#9640,.T.);
#9755=EDGE_LOOP('',(#9751,#9752,#9753,#9754));
#9756=FACE_OUTER_BOUND('',#9755,.F.);
#9757=ADVANCED_FACE('',(#9756),#9749,.F.);
#9758=FILL_AREA_STYLE_COLOUR('',#27);
#9759=FILL_AREA_STYLE('',(#9758));
#9760=SURFACE_STYLE_FILL_AREA(#9759);
#9761=SURFACE_SIDE_STYLE('',(#9760));
#9762=SURFACE_STYLE_USAGE(.POSITIVE.,#9761);
#9763=PRESENTATION_STYLE_ASSIGNMENT((#9762));
#9764=STYLED_ITEM('',(#9763),#9757);
#9765=CARTESIAN_POINT('',(1.551096E1,-2.255969349109E-1,-3.1E0));
#9766=DIRECTION('',(-1.E0,0.E0,0.E0));
#9767=DIRECTION('',(0.E0,0.E0,-1.E0));
#9768=AXIS2_PLACEMENT_3D('',#9765,#9766,#9767);
#9769=CYLINDRICAL_SURFACE('',#9768,1.E-1);
#9770=ORIENTED_EDGE('',*,*,#9686,.T.);
#9771=ORIENTED_EDGE('',*,*,#9750,.F.);
#9772=ORIENTED_EDGE('',*,*,#9638,.T.);
#9774=ORIENTED_EDGE('',*,*,#9773,.T.);
#9775=EDGE_LOOP('',(#9770,#9771,#9772,#9774));
#9776=FACE_OUTER_BOUND('',#9775,.F.);
#9777=ADVANCED_FACE('',(#9776),#9769,.T.);
#9778=FILL_AREA_STYLE_COLOUR('',#27);
#9779=FILL_AREA_STYLE('',(#9778));
#9780=SURFACE_STYLE_FILL_AREA(#9779);
#9781=SURFACE_SIDE_STYLE('',(#9780));
#9782=SURFACE_STYLE_USAGE(.POSITIVE.,#9781);
#9783=PRESENTATION_STYLE_ASSIGNMENT((#9782));
#9784=STYLED_ITEM('',(#9783),#9777);
#9785=CARTESIAN_POINT('',(-4.3E0,-3.E-1,-3.2E0));
#9786=DIRECTION('',(0.E0,0.E0,1.E0));
#9787=DIRECTION('',(0.E0,1.E0,0.E0));
#9788=AXIS2_PLACEMENT_3D('',#9785,#9786,#9787);
#9789=PLANE('',#9788);
#9791=ORIENTED_EDGE('',*,*,#9790,.T.);
#9792=ORIENTED_EDGE('',*,*,#9688,.F.);
#9793=ORIENTED_EDGE('',*,*,#9773,.F.);
#9794=ORIENTED_EDGE('',*,*,#9636,.T.);
#9795=EDGE_LOOP('',(#9791,#9792,#9793,#9794));
#9796=FACE_OUTER_BOUND('',#9795,.F.);
#9797=ADVANCED_FACE('',(#9796),#9789,.F.);
#9798=FILL_AREA_STYLE_COLOUR('',#27);
#9799=FILL_AREA_STYLE('',(#9798));
#9800=SURFACE_STYLE_FILL_AREA(#9799);
#9801=SURFACE_SIDE_STYLE('',(#9800));
#9802=SURFACE_STYLE_USAGE(.POSITIVE.,#9801);
#9803=PRESENTATION_STYLE_ASSIGNMENT((#9802));
#9804=STYLED_ITEM('',(#9803),#9797);
#9805=CARTESIAN_POINT('',(1.551096E1,2.255969349109E-1,-3.1E0));
#9806=DIRECTION('',(-1.E0,0.E0,0.E0));
#9807=DIRECTION('',(0.E0,9.578262852212E-1,-2.873478855663E-1));
#9808=AXIS2_PLACEMENT_3D('',#9805,#9806,#9807);
#9809=CYLINDRICAL_SURFACE('',#9808,1.E-1);
#9810=ORIENTED_EDGE('',*,*,#9690,.T.);
#9811=ORIENTED_EDGE('',*,*,#9790,.F.);
#9812=ORIENTED_EDGE('',*,*,#9634,.T.);
#9814=ORIENTED_EDGE('',*,*,#9813,.T.);
#9815=EDGE_LOOP('',(#9810,#9811,#9812,#9814));
#9816=FACE_OUTER_BOUND('',#9815,.F.);
#9817=ADVANCED_FACE('',(#9816),#9809,.T.);
#9818=FILL_AREA_STYLE_COLOUR('',#27);
#9819=FILL_AREA_STYLE('',(#9818));
#9820=SURFACE_STYLE_FILL_AREA(#9819);
#9821=SURFACE_SIDE_STYLE('',(#9820));
#9822=SURFACE_STYLE_USAGE(.POSITIVE.,#9821);
#9823=PRESENTATION_STYLE_ASSIGNMENT((#9822));
#9824=STYLED_ITEM('',(#9823),#9817);
#9825=CARTESIAN_POINT('',(-4.3E0,3.E-1,-3.2E0));
#9826=DIRECTION('',(0.E0,-9.578262852212E-1,2.873478855663E-1));
#9827=DIRECTION('',(0.E0,2.873478855663E-1,9.578262852212E-1));
#9828=AXIS2_PLACEMENT_3D('',#9825,#9826,#9827);
#9829=PLANE('',#9828);
#9830=ORIENTED_EDGE('',*,*,#9813,.F.);
#9831=ORIENTED_EDGE('',*,*,#9632,.T.);
#9833=ORIENTED_EDGE('',*,*,#9832,.F.);
#9834=ORIENTED_EDGE('',*,*,#9692,.F.);
#9835=EDGE_LOOP('',(#9830,#9831,#9833,#9834));
#9836=FACE_OUTER_BOUND('',#9835,.F.);
#9837=ADVANCED_FACE('',(#9836),#9829,.F.);
#9838=FILL_AREA_STYLE_COLOUR('',#27);
#9839=FILL_AREA_STYLE('',(#9838));
#9840=SURFACE_STYLE_FILL_AREA(#9839);
#9841=SURFACE_SIDE_STYLE('',(#9840));
#9842=SURFACE_STYLE_USAGE(.POSITIVE.,#9841);
#9843=PRESENTATION_STYLE_ASSIGNMENT((#9842));
#9844=STYLED_ITEM('',(#9843),#9837);
#9845=CARTESIAN_POINT('',(-4.3E0,6.E-1,-2.2E0));
#9846=DIRECTION('',(0.E0,-9.922778767137E-1,-1.240347345892E-1));
#9847=DIRECTION('',(0.E0,-1.240347345892E-1,9.922778767137E-1));
#9848=AXIS2_PLACEMENT_3D('',#9845,#9846,#9847);
#9849=PLANE('',#9848);
#9851=ORIENTED_EDGE('',*,*,#9850,.F.);
#9852=ORIENTED_EDGE('',*,*,#9694,.F.);
#9853=ORIENTED_EDGE('',*,*,#9832,.T.);
#9854=ORIENTED_EDGE('',*,*,#9630,.T.);
#9855=EDGE_LOOP('',(#9851,#9852,#9853,#9854));
#9856=FACE_OUTER_BOUND('',#9855,.F.);
#9857=ADVANCED_FACE('',(#9856),#9849,.F.);
#9858=FILL_AREA_STYLE_COLOUR('',#27);
#9859=FILL_AREA_STYLE('',(#9858));
#9860=SURFACE_STYLE_FILL_AREA(#9859);
#9861=SURFACE_SIDE_STYLE('',(#9860));
#9862=SURFACE_STYLE_USAGE(.POSITIVE.,#9861);
#9863=PRESENTATION_STYLE_ASSIGNMENT((#9862));
#9864=STYLED_ITEM('',(#9863),#9857);
#9865=CARTESIAN_POINT('',(-4.3E0,7.547E-1,-6.E-1));
#9866=DIRECTION('',(1.E0,0.E0,0.E0));
#9867=DIRECTION('',(0.E0,1.E0,0.E0));
#9868=AXIS2_PLACEMENT_3D('',#9865,#9866,#9867);
#9869=CYLINDRICAL_SURFACE('',#9868,3.547E-1);
#9870=ORIENTED_EDGE('',*,*,#9696,.T.);
#9871=ORIENTED_EDGE('',*,*,#9850,.T.);
#9872=ORIENTED_EDGE('',*,*,#9628,.F.);
#9874=ORIENTED_EDGE('',*,*,#9873,.F.);
#9875=EDGE_LOOP('',(#9870,#9871,#9872,#9874));
#9876=FACE_OUTER_BOUND('',#9875,.F.);
#9877=ADVANCED_FACE('',(#9876),#9869,.F.);
#9878=FILL_AREA_STYLE_COLOUR('',#27);
#9879=FILL_AREA_STYLE('',(#9878));
#9880=SURFACE_STYLE_FILL_AREA(#9879);
#9881=SURFACE_SIDE_STYLE('',(#9880));
#9882=SURFACE_STYLE_USAGE(.POSITIVE.,#9881);
#9883=PRESENTATION_STYLE_ASSIGNMENT((#9882));
#9884=STYLED_ITEM('',(#9883),#9877);
#9885=CARTESIAN_POINT('',(-4.3E0,-2.1E0,-6.E-1));
#9886=DIRECTION('',(0.E0,0.E0,1.E0));
#9887=DIRECTION('',(1.E0,0.E0,0.E0));
#9888=AXIS2_PLACEMENT_3D('',#9885,#9886,#9887);
#9889=PLANE('',#9888);
#9890=ORIENTED_EDGE('',*,*,#9661,.F.);
#9891=ORIENTED_EDGE('',*,*,#9713,.F.);
#9893=ORIENTED_EDGE('',*,*,#9892,.T.);
#9894=ORIENTED_EDGE('',*,*,#9613,.T.);
#9895=EDGE_LOOP('',(#9890,#9891,#9893,#9894));
#9896=FACE_OUTER_BOUND('',#9895,.F.);
#9897=ADVANCED_FACE('',(#9896),#9889,.F.);
#9898=FILL_AREA_STYLE_COLOUR('',#27);
#9899=FILL_AREA_STYLE('',(#9898));
#9900=SURFACE_STYLE_FILL_AREA(#9899);
#9901=SURFACE_SIDE_STYLE('',(#9900));
#9902=SURFACE_STYLE_USAGE(.POSITIVE.,#9901);
#9903=PRESENTATION_STYLE_ASSIGNMENT((#9902));
#9904=STYLED_ITEM('',(#9903),#9897);
#9905=CARTESIAN_POINT('',(-4.3E0,-2.1E0,-6.E-1));
#9906=DIRECTION('',(0.E0,0.E0,1.E0));
#9907=DIRECTION('',(1.E0,0.E0,0.E0));
#9908=AXIS2_PLACEMENT_3D('',#9905,#9906,#9907);
#9909=PLANE('',#9908);
#9910=ORIENTED_EDGE('',*,*,#9873,.T.);
#9911=ORIENTED_EDGE('',*,*,#9626,.T.);
#9913=ORIENTED_EDGE('',*,*,#9912,.F.);
#9914=ORIENTED_EDGE('',*,*,#9698,.F.);
#9915=EDGE_LOOP('',(#9910,#9911,#9913,#9914));
#9916=FACE_OUTER_BOUND('',#9915,.F.);
#9917=ADVANCED_FACE('',(#9916),#9909,.F.);
#9918=FILL_AREA_STYLE_COLOUR('',#27);
#9919=FILL_AREA_STYLE('',(#9918));
#9920=SURFACE_STYLE_FILL_AREA(#9919);
#9921=SURFACE_SIDE_STYLE('',(#9920));
#9922=SURFACE_STYLE_USAGE(.POSITIVE.,#9921);
#9923=PRESENTATION_STYLE_ASSIGNMENT((#9922));
#9924=STYLED_ITEM('',(#9923),#9917);
#9925=CARTESIAN_POINT('',(0.E0,-2.1E0,0.E0));
#9926=DIRECTION('',(0.E0,-1.E0,0.E0));
#9927=DIRECTION('',(1.E0,0.E0,0.E0));
#9928=AXIS2_PLACEMENT_3D('',#9925,#9926,#9927);
#9929=PLANE('',#9928);
#9930=ORIENTED_EDGE('',*,*,#9711,.F.);
#9932=ORIENTED_EDGE('',*,*,#9931,.F.);
#9933=ORIENTED_EDGE('',*,*,#9615,.F.);
#9934=ORIENTED_EDGE('',*,*,#9892,.F.);
#9935=EDGE_LOOP('',(#9930,#9932,#9933,#9934));
#9936=FACE_OUTER_BOUND('',#9935,.F.);
#9937=ADVANCED_FACE('',(#9936),#9929,.T.);
#9938=FILL_AREA_STYLE_COLOUR('',#27);
#9939=FILL_AREA_STYLE('',(#9938));
#9940=SURFACE_STYLE_FILL_AREA(#9939);
#9941=SURFACE_SIDE_STYLE('',(#9940));
#9942=SURFACE_STYLE_USAGE(.POSITIVE.,#9941);
#9943=PRESENTATION_STYLE_ASSIGNMENT((#9942));
#9944=STYLED_ITEM('',(#9943),#9937);
#9945=CARTESIAN_POINT('',(1.488560558632E1,-2.15E0,3.465979861898E0));
#9946=DIRECTION('',(-1.E0,0.E0,0.E0));
#9947=DIRECTION('',(0.E0,1.E0,0.E0));
#9948=AXIS2_PLACEMENT_3D('',#9945,#9946,#9947);
#9949=CYLINDRICAL_SURFACE('',#9948,4.E-1);
#9950=ORIENTED_EDGE('',*,*,#9931,.T.);
#9951=ORIENTED_EDGE('',*,*,#9709,.T.);
#9953=ORIENTED_EDGE('',*,*,#9952,.F.);
#9954=ORIENTED_EDGE('',*,*,#9569,.T.);
#9955=ORIENTED_EDGE('',*,*,#9617,.T.);
#9956=EDGE_LOOP('',(#9950,#9951,#9953,#9954,#9955));
#9957=FACE_OUTER_BOUND('',#9956,.F.);
#9958=ADVANCED_FACE('',(#9957),#9949,.F.);
#9959=FILL_AREA_STYLE_COLOUR('',#27);
#9960=FILL_AREA_STYLE('',(#9959));
#9961=SURFACE_STYLE_FILL_AREA(#9960);
#9962=SURFACE_SIDE_STYLE('',(#9961));
#9963=SURFACE_STYLE_USAGE(.POSITIVE.,#9962);
#9964=PRESENTATION_STYLE_ASSIGNMENT((#9963));
#9965=STYLED_ITEM('',(#9964),#9958);
#9966=CARTESIAN_POINT('',(0.E0,-1.75E0,8.E-1));
#9967=DIRECTION('',(0.E0,-1.E0,0.E0));
#9968=DIRECTION('',(1.E0,0.E0,0.E0));
#9969=AXIS2_PLACEMENT_3D('',#9966,#9967,#9968);
#9970=PLANE('',#9969);
#9971=ORIENTED_EDGE('',*,*,#9541,.F.);
#9972=ORIENTED_EDGE('',*,*,#9571,.T.);
#9973=ORIENTED_EDGE('',*,*,#9952,.T.);
#9974=ORIENTED_EDGE('',*,*,#9707,.F.);
#9975=EDGE_LOOP('',(#9971,#9972,#9973,#9974));
#9976=FACE_OUTER_BOUND('',#9975,.F.);
#9977=ADVANCED_FACE('',(#9976),#9970,.T.);
#9978=FILL_AREA_STYLE_COLOUR('',#27);
#9979=FILL_AREA_STYLE('',(#9978));
#9980=SURFACE_STYLE_FILL_AREA(#9979);
#9981=SURFACE_SIDE_STYLE('',(#9980));
#9982=SURFACE_STYLE_USAGE(.POSITIVE.,#9981);
#9983=PRESENTATION_STYLE_ASSIGNMENT((#9982));
#9984=STYLED_ITEM('',(#9983),#9977);
#9985=CARTESIAN_POINT('',(0.E0,2.1E0,0.E0));
#9986=DIRECTION('',(0.E0,-1.E0,0.E0));
#9987=DIRECTION('',(1.E0,0.E0,0.E0));
#9988=AXIS2_PLACEMENT_3D('',#9985,#9986,#9987);
#9989=PLANE('',#9988);
#9990=ORIENTED_EDGE('',*,*,#9700,.T.);
#9991=ORIENTED_EDGE('',*,*,#9912,.T.);
#9992=ORIENTED_EDGE('',*,*,#9624,.T.);
#9994=ORIENTED_EDGE('',*,*,#9993,.F.);
#9995=EDGE_LOOP('',(#9990,#9991,#9992,#9994));
#9996=FACE_OUTER_BOUND('',#9995,.F.);
#9997=ADVANCED_FACE('',(#9996),#9989,.F.);
#9998=FILL_AREA_STYLE_COLOUR('',#27);
#9999=FILL_AREA_STYLE('',(#9998));
#10000=SURFACE_STYLE_FILL_AREA(#9999);
#10001=SURFACE_SIDE_STYLE('',(#10000));
#10002=SURFACE_STYLE_USAGE(.POSITIVE.,#10001);
#10003=PRESENTATION_STYLE_ASSIGNMENT((#10002));
#10004=STYLED_ITEM('',(#10003),#9997);
#10005=CARTESIAN_POINT('',(-1.555159174285E1,2.15E0,3.465979861898E0));
#10006=DIRECTION('',(1.E0,0.E0,2.192801158758E-14));
#10007=DIRECTION('',(0.E0,-1.E0,0.E0));
#10008=AXIS2_PLACEMENT_3D('',#10005,#10006,#10007);
#10009=CYLINDRICAL_SURFACE('',#10008,4.E-1);
#10011=ORIENTED_EDGE('',*,*,#10010,.F.);
#10012=ORIENTED_EDGE('',*,*,#9702,.T.);
#10013=ORIENTED_EDGE('',*,*,#9993,.T.);
#10014=ORIENTED_EDGE('',*,*,#9622,.T.);
#10015=ORIENTED_EDGE('',*,*,#9516,.F.);
#10016=EDGE_LOOP('',(#10011,#10012,#10013,#10014,#10015));
#10017=FACE_OUTER_BOUND('',#10016,.F.);
#10018=ADVANCED_FACE('',(#10017),#10009,.F.);
#10019=FILL_AREA_STYLE_COLOUR('',#27);
#10020=FILL_AREA_STYLE('',(#10019));
#10021=SURFACE_STYLE_FILL_AREA(#10020);
#10022=SURFACE_SIDE_STYLE('',(#10021));
#10023=SURFACE_STYLE_USAGE(.POSITIVE.,#10022);
#10024=PRESENTATION_STYLE_ASSIGNMENT((#10023));
#10025=STYLED_ITEM('',(#10024),#10018);
#10026=CARTESIAN_POINT('',(0.E0,1.75E0,8.E-1));
#10027=DIRECTION('',(0.E0,-1.E0,0.E0));
#10028=DIRECTION('',(1.E0,0.E0,0.E0));
#10029=AXIS2_PLACEMENT_3D('',#10026,#10027,#10028);
#10030=PLANE('',#10029);
#10031=ORIENTED_EDGE('',*,*,#9545,.T.);
#10032=ORIENTED_EDGE('',*,*,#9704,.T.);
#10033=ORIENTED_EDGE('',*,*,#10010,.T.);
#10034=ORIENTED_EDGE('',*,*,#9514,.T.);
#10035=EDGE_LOOP('',(#10031,#10032,#10033,#10034));
#10036=FACE_OUTER_BOUND('',#10035,.F.);
#10037=ADVANCED_FACE('',(#10036),#10030,.F.);
#10038=FILL_AREA_STYLE_COLOUR('',#27);
#10039=FILL_AREA_STYLE('',(#10038));
#10040=SURFACE_STYLE_FILL_AREA(#10039);
#10041=SURFACE_SIDE_STYLE('',(#10040));
#10042=SURFACE_STYLE_USAGE(.POSITIVE.,#10041);
#10043=PRESENTATION_STYLE_ASSIGNMENT((#10042));
#10044=STYLED_ITEM('',(#10043),#10037);
#10045=CARTESIAN_POINT('',(-4.303498165334E0,1.85E0,3.756003244150E0));
#10046=DIRECTION('',(0.E0,1.E0,0.E0));
#10047=DIRECTION('',(-1.E0,0.E0,0.E0));
#10048=AXIS2_PLACEMENT_3D('',#10045,#10046,#10047);
#10049=CYLINDRICAL_SURFACE('',#10048,7.501E-1);
#10050=ORIENTED_EDGE('',*,*,#8742,.T.);
#10051=ORIENTED_EDGE('',*,*,#9472,.F.);
#10052=ORIENTED_EDGE('',*,*,#8442,.T.);
#10053=ORIENTED_EDGE('',*,*,#8506,.F.);
#10055=ORIENTED_EDGE('',*,*,#10054,.T.);
#10056=EDGE_LOOP('',(#10050,#10051,#10052,#10053,#10055));
#10057=FACE_OUTER_BOUND('',#10056,.F.);
#10058=ADVANCED_FACE('',(#10057),#10049,.F.);
#10059=FILL_AREA_STYLE_COLOUR('',#27);
#10060=FILL_AREA_STYLE('',(#10059));
#10061=SURFACE_STYLE_FILL_AREA(#10060);
#10062=SURFACE_SIDE_STYLE('',(#10061));
#10063=SURFACE_STYLE_USAGE(.POSITIVE.,#10062);
#10064=PRESENTATION_STYLE_ASSIGNMENT((#10063));
#10065=STYLED_ITEM('',(#10064),#10058);
#10066=CARTESIAN_POINT('',(-3.8E0,1.85E0,0.E0));
#10067=DIRECTION('',(-1.E0,0.E0,0.E0));
#10068=DIRECTION('',(0.E0,0.E0,1.E0));
#10069=AXIS2_PLACEMENT_3D('',#10066,#10067,#10068);
#10070=PLANE('',#10069);
#10071=ORIENTED_EDGE('',*,*,#8504,.F.);
#10073=ORIENTED_EDGE('',*,*,#10072,.T.);
#10074=ORIENTED_EDGE('',*,*,#8744,.T.);
#10075=ORIENTED_EDGE('',*,*,#10054,.F.);
#10076=EDGE_LOOP('',(#10071,#10073,#10074,#10075));
#10077=FACE_OUTER_BOUND('',#10076,.F.);
#10078=ADVANCED_FACE('',(#10077),#10070,.T.);
#10079=FILL_AREA_STYLE_COLOUR('',#27);
#10080=FILL_AREA_STYLE('',(#10079));
#10081=SURFACE_STYLE_FILL_AREA(#10080);
#10082=SURFACE_SIDE_STYLE('',(#10081));
#10083=SURFACE_STYLE_USAGE(.POSITIVE.,#10082);
#10084=PRESENTATION_STYLE_ASSIGNMENT((#10083));
#10085=STYLED_ITEM('',(#10084),#10078);
#10086=CARTESIAN_POINT('',(-3.1169E0,1.85E0,0.E0));
#10087=DIRECTION('',(0.E0,0.E0,-1.E0));
#10088=DIRECTION('',(-1.E0,0.E0,0.E0));
#10089=AXIS2_PLACEMENT_3D('',#10086,#10087,#10088);
#10090=PLANE('',#10089);
#10091=ORIENTED_EDGE('',*,*,#8502,.F.);
#10093=ORIENTED_EDGE('',*,*,#10092,.T.);
#10094=ORIENTED_EDGE('',*,*,#8746,.T.);
#10095=ORIENTED_EDGE('',*,*,#10072,.F.);
#10096=EDGE_LOOP('',(#10091,#10093,#10094,#10095));
#10097=FACE_OUTER_BOUND('',#10096,.F.);
#10098=ADVANCED_FACE('',(#10097),#10090,.T.);
#10099=FILL_AREA_STYLE_COLOUR('',#27);
#10100=FILL_AREA_STYLE('',(#10099));
#10101=SURFACE_STYLE_FILL_AREA(#10100);
#10102=SURFACE_SIDE_STYLE('',(#10101));
#10103=SURFACE_STYLE_USAGE(.POSITIVE.,#10102);
#10104=PRESENTATION_STYLE_ASSIGNMENT((#10103));
#10105=STYLED_ITEM('',(#10104),#10098);
#10106=CARTESIAN_POINT('',(-3.1169E0,1.85E0,-4.234E-1));
#10107=DIRECTION('',(-1.E0,0.E0,0.E0));
#10108=DIRECTION('',(0.E0,0.E0,1.E0));
#10109=AXIS2_PLACEMENT_3D('',#10106,#10107,#10108);
#10110=PLANE('',#10109);
#10112=ORIENTED_EDGE('',*,*,#10111,.F.);
#10113=ORIENTED_EDGE('',*,*,#8748,.T.);
#10114=ORIENTED_EDGE('',*,*,#10092,.F.);
#10115=ORIENTED_EDGE('',*,*,#8500,.F.);
#10117=ORIENTED_EDGE('',*,*,#10116,.T.);
#10119=ORIENTED_EDGE('',*,*,#10118,.F.);
#10121=ORIENTED_EDGE('',*,*,#10120,.T.);
#10122=EDGE_LOOP('',(#10112,#10113,#10114,#10115,#10117,#10119,#10121));
#10123=FACE_OUTER_BOUND('',#10122,.F.);
#10124=ADVANCED_FACE('',(#10123),#10110,.T.);
#10125=FILL_AREA_STYLE_COLOUR('',#27);
#10126=FILL_AREA_STYLE('',(#10125));
#10127=SURFACE_STYLE_FILL_AREA(#10126);
#10128=SURFACE_SIDE_STYLE('',(#10127));
#10129=SURFACE_STYLE_USAGE(.POSITIVE.,#10128);
#10130=PRESENTATION_STYLE_ASSIGNMENT((#10129));
#10131=STYLED_ITEM('',(#10130),#10124);
#10132=CARTESIAN_POINT('',(1.370736E1,1.95E0,-1.234E-1));
#10133=DIRECTION('',(-1.E0,0.E0,0.E0));
#10134=DIRECTION('',(0.E0,1.E0,0.E0));
#10135=AXIS2_PLACEMENT_3D('',#10132,#10133,#10134);
#10136=CYLINDRICAL_SURFACE('',#10135,3.E-1);
#10137=ORIENTED_EDGE('',*,*,#10111,.T.);
#10139=ORIENTED_EDGE('',*,*,#10138,.F.);
#10141=ORIENTED_EDGE('',*,*,#10140,.T.);
#10142=ORIENTED_EDGE('',*,*,#8750,.T.);
#10143=EDGE_LOOP('',(#10137,#10139,#10141,#10142));
#10144=FACE_OUTER_BOUND('',#10143,.F.);
#10145=ADVANCED_FACE('',(#10144),#10136,.T.);
#10146=FILL_AREA_STYLE_COLOUR('',#27);
#10147=FILL_AREA_STYLE('',(#10146));
#10148=SURFACE_STYLE_FILL_AREA(#10147);
#10149=SURFACE_SIDE_STYLE('',(#10148));
#10150=SURFACE_STYLE_USAGE(.POSITIVE.,#10149);
#10151=PRESENTATION_STYLE_ASSIGNMENT((#10150));
#10152=STYLED_ITEM('',(#10151),#10145);
#10153=CARTESIAN_POINT('',(-2.4329E0,1.85E0,-4.234E-1));
#10154=DIRECTION('',(0.E0,0.E0,-1.E0));
#10155=DIRECTION('',(-1.E0,0.E0,0.E0));
#10156=AXIS2_PLACEMENT_3D('',#10153,#10154,#10155);
#10157=PLANE('',#10156);
#10158=ORIENTED_EDGE('',*,*,#10138,.T.);
#10159=ORIENTED_EDGE('',*,*,#10120,.F.);
#10161=ORIENTED_EDGE('',*,*,#10160,.F.);
#10163=ORIENTED_EDGE('',*,*,#10162,.F.);
#10164=EDGE_LOOP('',(#10158,#10159,#10161,#10163));
#10165=FACE_OUTER_BOUND('',#10164,.F.);
#10166=ADVANCED_FACE('',(#10165),#10157,.T.);
#10167=FILL_AREA_STYLE_COLOUR('',#27);
#10168=FILL_AREA_STYLE('',(#10167));
#10169=SURFACE_STYLE_FILL_AREA(#10168);
#10170=SURFACE_SIDE_STYLE('',(#10169));
#10171=SURFACE_STYLE_USAGE(.POSITIVE.,#10170);
#10172=PRESENTATION_STYLE_ASSIGNMENT((#10171));
#10173=STYLED_ITEM('',(#10172),#10166);
#10174=CARTESIAN_POINT('',(-2.7749E0,1.330004720581E0,-6.18974424E0));
#10175=DIRECTION('',(0.E0,0.E0,1.E0));
#10176=DIRECTION('',(1.E0,0.E0,0.E0));
#10177=AXIS2_PLACEMENT_3D('',#10174,#10175,#10176);
#10178=CYLINDRICAL_SURFACE('',#10177,3.42E-1);
#10180=ORIENTED_EDGE('',*,*,#10179,.T.);
#10182=ORIENTED_EDGE('',*,*,#10181,.F.);
#10183=ORIENTED_EDGE('',*,*,#10160,.T.);
#10184=ORIENTED_EDGE('',*,*,#10118,.T.);
#10185=EDGE_LOOP('',(#10180,#10182,#10183,#10184));
#10186=FACE_OUTER_BOUND('',#10185,.F.);
#10187=ADVANCED_FACE('',(#10186),#10178,.T.);
#10188=FILL_AREA_STYLE_COLOUR('',#27);
#10189=FILL_AREA_STYLE('',(#10188));
#10190=SURFACE_STYLE_FILL_AREA(#10189);
#10191=SURFACE_SIDE_STYLE('',(#10190));
#10192=SURFACE_STYLE_USAGE(.POSITIVE.,#10191);
#10193=PRESENTATION_STYLE_ASSIGNMENT((#10192));
#10194=STYLED_ITEM('',(#10193),#10187);
#10195=CARTESIAN_POINT('',(0.E0,1.85E0,-2.34E-2));
#10196=DIRECTION('',(0.E0,0.E0,1.E0));
#10197=DIRECTION('',(1.E0,0.E0,0.E0));
#10198=AXIS2_PLACEMENT_3D('',#10195,#10196,#10197);
#10199=PLANE('',#10198);
#10200=ORIENTED_EDGE('',*,*,#10179,.F.);
#10201=ORIENTED_EDGE('',*,*,#10116,.F.);
#10202=ORIENTED_EDGE('',*,*,#8498,.T.);
#10204=ORIENTED_EDGE('',*,*,#10203,.F.);
#10205=EDGE_LOOP('',(#10200,#10201,#10202,#10204));
#10206=FACE_OUTER_BOUND('',#10205,.F.);
#10207=ADVANCED_FACE('',(#10206),#10199,.T.);
#10208=FILL_AREA_STYLE_COLOUR('',#27);
#10209=FILL_AREA_STYLE('',(#10208));
#10210=SURFACE_STYLE_FILL_AREA(#10209);
#10211=SURFACE_SIDE_STYLE('',(#10210));
#10212=SURFACE_STYLE_USAGE(.POSITIVE.,#10211);
#10213=PRESENTATION_STYLE_ASSIGNMENT((#10212));
#10214=STYLED_ITEM('',(#10213),#10207);
#10215=CARTESIAN_POINT('',(-2.4329E0,1.85E0,8.916E-1));
#10216=DIRECTION('',(1.E0,0.E0,0.E0));
#10217=DIRECTION('',(0.E0,0.E0,-1.E0));
#10218=AXIS2_PLACEMENT_3D('',#10215,#10216,#10217);
#10219=PLANE('',#10218);
#10220=ORIENTED_EDGE('',*,*,#10140,.F.);
#10221=ORIENTED_EDGE('',*,*,#10162,.T.);
#10222=ORIENTED_EDGE('',*,*,#10181,.T.);
#10223=ORIENTED_EDGE('',*,*,#10203,.T.);
#10224=ORIENTED_EDGE('',*,*,#8496,.F.);
#10226=ORIENTED_EDGE('',*,*,#10225,.T.);
#10227=ORIENTED_EDGE('',*,*,#8752,.T.);
#10228=EDGE_LOOP('',(#10220,#10221,#10222,#10223,#10224,#10226,#10227));
#10229=FACE_OUTER_BOUND('',#10228,.F.);
#10230=ADVANCED_FACE('',(#10229),#10219,.T.);
#10231=FILL_AREA_STYLE_COLOUR('',#27);
#10232=FILL_AREA_STYLE('',(#10231));
#10233=SURFACE_STYLE_FILL_AREA(#10232);
#10234=SURFACE_SIDE_STYLE('',(#10233));
#10235=SURFACE_STYLE_USAGE(.POSITIVE.,#10234);
#10236=PRESENTATION_STYLE_ASSIGNMENT((#10235));
#10237=STYLED_ITEM('',(#10236),#10230);
#10238=CARTESIAN_POINT('',(2.4329E0,1.85E0,8.916E-1));
#10239=DIRECTION('',(0.E0,0.E0,-1.E0));
#10240=DIRECTION('',(-1.E0,0.E0,0.E0));
#10241=AXIS2_PLACEMENT_3D('',#10238,#10239,#10240);
#10242=PLANE('',#10241);
#10243=ORIENTED_EDGE('',*,*,#8494,.F.);
#10245=ORIENTED_EDGE('',*,*,#10244,.T.);
#10246=ORIENTED_EDGE('',*,*,#8754,.T.);
#10247=ORIENTED_EDGE('',*,*,#10225,.F.);
#10248=EDGE_LOOP('',(#10243,#10245,#10246,#10247));
#10249=FACE_OUTER_BOUND('',#10248,.F.);
#10250=ADVANCED_FACE('',(#10249),#10242,.T.);
#10251=FILL_AREA_STYLE_COLOUR('',#27);
#10252=FILL_AREA_STYLE('',(#10251));
#10253=SURFACE_STYLE_FILL_AREA(#10252);
#10254=SURFACE_SIDE_STYLE('',(#10253));
#10255=SURFACE_STYLE_USAGE(.POSITIVE.,#10254);
#10256=PRESENTATION_STYLE_ASSIGNMENT((#10255));
#10257=STYLED_ITEM('',(#10256),#10250);
#10258=CARTESIAN_POINT('',(2.4329E0,1.85E0,-4.234E-1));
#10259=DIRECTION('',(-1.E0,0.E0,0.E0));
#10260=DIRECTION('',(0.E0,0.E0,1.E0));
#10261=AXIS2_PLACEMENT_3D('',#10258,#10259,#10260);
#10262=PLANE('',#10261);
#10264=ORIENTED_EDGE('',*,*,#10263,.F.);
#10265=ORIENTED_EDGE('',*,*,#8756,.T.);
#10266=ORIENTED_EDGE('',*,*,#10244,.F.);
#10267=ORIENTED_EDGE('',*,*,#8492,.F.);
#10269=ORIENTED_EDGE('',*,*,#10268,.F.);
#10271=ORIENTED_EDGE('',*,*,#10270,.T.);
#10273=ORIENTED_EDGE('',*,*,#10272,.T.);
#10274=EDGE_LOOP('',(#10264,#10265,#10266,#10267,#10269,#10271,#10273));
#10275=FACE_OUTER_BOUND('',#10274,.F.);
#10276=ADVANCED_FACE('',(#10275),#10262,.T.);
#10277=FILL_AREA_STYLE_COLOUR('',#27);
#10278=FILL_AREA_STYLE('',(#10277));
#10279=SURFACE_STYLE_FILL_AREA(#10278);
#10280=SURFACE_SIDE_STYLE('',(#10279));
#10281=SURFACE_STYLE_USAGE(.POSITIVE.,#10280);
#10282=PRESENTATION_STYLE_ASSIGNMENT((#10281));
#10283=STYLED_ITEM('',(#10282),#10276);
#10284=CARTESIAN_POINT('',(1.370736E1,1.95E0,-1.234E-1));
#10285=DIRECTION('',(-1.E0,0.E0,0.E0));
#10286=DIRECTION('',(0.E0,1.E0,0.E0));
#10287=AXIS2_PLACEMENT_3D('',#10284,#10285,#10286);
#10288=CYLINDRICAL_SURFACE('',#10287,3.E-1);
#10289=ORIENTED_EDGE('',*,*,#10263,.T.);
#10291=ORIENTED_EDGE('',*,*,#10290,.F.);
#10293=ORIENTED_EDGE('',*,*,#10292,.T.);
#10294=ORIENTED_EDGE('',*,*,#8758,.T.);
#10295=EDGE_LOOP('',(#10289,#10291,#10293,#10294));
#10296=FACE_OUTER_BOUND('',#10295,.F.);
#10297=ADVANCED_FACE('',(#10296),#10288,.T.);
#10298=FILL_AREA_STYLE_COLOUR('',#27);
#10299=FILL_AREA_STYLE('',(#10298));
#10300=SURFACE_STYLE_FILL_AREA(#10299);
#10301=SURFACE_SIDE_STYLE('',(#10300));
#10302=SURFACE_STYLE_USAGE(.POSITIVE.,#10301);
#10303=PRESENTATION_STYLE_ASSIGNMENT((#10302));
#10304=STYLED_ITEM('',(#10303),#10297);
#10305=CARTESIAN_POINT('',(3.1169E0,1.85E0,-4.234E-1));
#10306=DIRECTION('',(0.E0,0.E0,-1.E0));
#10307=DIRECTION('',(-1.E0,0.E0,0.E0));
#10308=AXIS2_PLACEMENT_3D('',#10305,#10306,#10307);
#10309=PLANE('',#10308);
#10310=ORIENTED_EDGE('',*,*,#10290,.T.);
#10311=ORIENTED_EDGE('',*,*,#10272,.F.);
#10313=ORIENTED_EDGE('',*,*,#10312,.F.);
#10315=ORIENTED_EDGE('',*,*,#10314,.F.);
#10316=EDGE_LOOP('',(#10310,#10311,#10313,#10315));
#10317=FACE_OUTER_BOUND('',#10316,.F.);
#10318=ADVANCED_FACE('',(#10317),#10309,.T.);
#10319=FILL_AREA_STYLE_COLOUR('',#27);
#10320=FILL_AREA_STYLE('',(#10319));
#10321=SURFACE_STYLE_FILL_AREA(#10320);
#10322=SURFACE_SIDE_STYLE('',(#10321));
#10323=SURFACE_STYLE_USAGE(.POSITIVE.,#10322);
#10324=PRESENTATION_STYLE_ASSIGNMENT((#10323));
#10325=STYLED_ITEM('',(#10324),#10318);
#10326=CARTESIAN_POINT('',(2.7749E0,1.330004720581E0,9.76634424E0));
#10327=DIRECTION('',(0.E0,0.E0,-1.E0));
#10328=DIRECTION('',(-1.E0,0.E0,0.E0));
#10329=AXIS2_PLACEMENT_3D('',#10326,#10327,#10328);
#10330=CYLINDRICAL_SURFACE('',#10329,3.42E-1);
#10331=ORIENTED_EDGE('',*,*,#10312,.T.);
#10332=ORIENTED_EDGE('',*,*,#10270,.F.);
#10334=ORIENTED_EDGE('',*,*,#10333,.T.);
#10336=ORIENTED_EDGE('',*,*,#10335,.T.);
#10337=EDGE_LOOP('',(#10331,#10332,#10334,#10336));
#10338=FACE_OUTER_BOUND('',#10337,.F.);
#10339=ADVANCED_FACE('',(#10338),#10330,.T.);
#10340=FILL_AREA_STYLE_COLOUR('',#27);
#10341=FILL_AREA_STYLE('',(#10340));
#10342=SURFACE_STYLE_FILL_AREA(#10341);
#10343=SURFACE_SIDE_STYLE('',(#10342));
#10344=SURFACE_STYLE_USAGE(.POSITIVE.,#10343);
#10345=PRESENTATION_STYLE_ASSIGNMENT((#10344));
#10346=STYLED_ITEM('',(#10345),#10339);
#10347=CARTESIAN_POINT('',(0.E0,1.85E0,-2.34E-2));
#10348=DIRECTION('',(0.E0,0.E0,-1.E0));
#10349=DIRECTION('',(-1.E0,0.E0,0.E0));
#10350=AXIS2_PLACEMENT_3D('',#10347,#10348,#10349);
#10351=PLANE('',#10350);
#10352=ORIENTED_EDGE('',*,*,#10333,.F.);
#10353=ORIENTED_EDGE('',*,*,#10268,.T.);
#10354=ORIENTED_EDGE('',*,*,#8490,.F.);
#10356=ORIENTED_EDGE('',*,*,#10355,.T.);
#10357=EDGE_LOOP('',(#10352,#10353,#10354,#10356));
#10358=FACE_OUTER_BOUND('',#10357,.F.);
#10359=ADVANCED_FACE('',(#10358),#10351,.F.);
#10360=FILL_AREA_STYLE_COLOUR('',#27);
#10361=FILL_AREA_STYLE('',(#10360));
#10362=SURFACE_STYLE_FILL_AREA(#10361);
#10363=SURFACE_SIDE_STYLE('',(#10362));
#10364=SURFACE_STYLE_USAGE(.POSITIVE.,#10363);
#10365=PRESENTATION_STYLE_ASSIGNMENT((#10364));
#10366=STYLED_ITEM('',(#10365),#10359);
#10367=CARTESIAN_POINT('',(3.1169E0,1.85E0,0.E0));
#10368=DIRECTION('',(1.E0,0.E0,0.E0));
#10369=DIRECTION('',(0.E0,0.E0,-1.E0));
#10370=AXIS2_PLACEMENT_3D('',#10367,#10368,#10369);
#10371=PLANE('',#10370);
#10372=ORIENTED_EDGE('',*,*,#10292,.F.);
#10373=ORIENTED_EDGE('',*,*,#10314,.T.);
#10374=ORIENTED_EDGE('',*,*,#10335,.F.);
#10375=ORIENTED_EDGE('',*,*,#10355,.F.);
#10376=ORIENTED_EDGE('',*,*,#8488,.F.);
#10378=ORIENTED_EDGE('',*,*,#10377,.T.);
#10379=ORIENTED_EDGE('',*,*,#8760,.T.);
#10380=EDGE_LOOP('',(#10372,#10373,#10374,#10375,#10376,#10378,#10379));
#10381=FACE_OUTER_BOUND('',#10380,.F.);
#10382=ADVANCED_FACE('',(#10381),#10371,.T.);
#10383=FILL_AREA_STYLE_COLOUR('',#27);
#10384=FILL_AREA_STYLE('',(#10383));
#10385=SURFACE_STYLE_FILL_AREA(#10384);
#10386=SURFACE_SIDE_STYLE('',(#10385));
#10387=SURFACE_STYLE_USAGE(.POSITIVE.,#10386);
#10388=PRESENTATION_STYLE_ASSIGNMENT((#10387));
#10389=STYLED_ITEM('',(#10388),#10382);
#10390=CARTESIAN_POINT('',(3.8E0,1.85E0,0.E0));
#10391=DIRECTION('',(0.E0,0.E0,-1.E0));
#10392=DIRECTION('',(-1.E0,0.E0,0.E0));
#10393=AXIS2_PLACEMENT_3D('',#10390,#10391,#10392);
#10394=PLANE('',#10393);
#10395=ORIENTED_EDGE('',*,*,#8486,.F.);
#10397=ORIENTED_EDGE('',*,*,#10396,.T.);
#10398=ORIENTED_EDGE('',*,*,#8762,.T.);
#10399=ORIENTED_EDGE('',*,*,#10377,.F.);
#10400=EDGE_LOOP('',(#10395,#10397,#10398,#10399));
#10401=FACE_OUTER_BOUND('',#10400,.F.);
#10402=ADVANCED_FACE('',(#10401),#10394,.T.);
#10403=FILL_AREA_STYLE_COLOUR('',#27);
#10404=FILL_AREA_STYLE('',(#10403));
#10405=SURFACE_STYLE_FILL_AREA(#10404);
#10406=SURFACE_SIDE_STYLE('',(#10405));
#10407=SURFACE_STYLE_USAGE(.POSITIVE.,#10406);
#10408=PRESENTATION_STYLE_ASSIGNMENT((#10407));
#10409=STYLED_ITEM('',(#10408),#10402);
#10410=CARTESIAN_POINT('',(3.8E0,1.85E0,3.2E0));
#10411=DIRECTION('',(1.E0,0.E0,0.E0));
#10412=DIRECTION('',(0.E0,0.E0,-1.E0));
#10413=AXIS2_PLACEMENT_3D('',#10410,#10411,#10412);
#10414=PLANE('',#10413);
#10415=ORIENTED_EDGE('',*,*,#8484,.F.);
#10417=ORIENTED_EDGE('',*,*,#10416,.T.);
#10418=ORIENTED_EDGE('',*,*,#8764,.T.);
#10419=ORIENTED_EDGE('',*,*,#10396,.F.);
#10420=EDGE_LOOP('',(#10415,#10417,#10418,#10419));
#10421=FACE_OUTER_BOUND('',#10420,.F.);
#10422=ADVANCED_FACE('',(#10421),#10414,.T.);
#10423=FILL_AREA_STYLE_COLOUR('',#27);
#10424=FILL_AREA_STYLE('',(#10423));
#10425=SURFACE_STYLE_FILL_AREA(#10424);
#10426=SURFACE_SIDE_STYLE('',(#10425));
#10427=SURFACE_STYLE_USAGE(.POSITIVE.,#10426);
#10428=PRESENTATION_STYLE_ASSIGNMENT((#10427));
#10429=STYLED_ITEM('',(#10428),#10422);
#10430=CARTESIAN_POINT('',(4.303498165334E0,1.85E0,3.756003244150E0));
#10431=DIRECTION('',(0.E0,1.E0,0.E0));
#10432=DIRECTION('',(-1.E0,0.E0,0.E0));
#10433=AXIS2_PLACEMENT_3D('',#10430,#10431,#10432);
#10434=CYLINDRICAL_SURFACE('',#10433,7.501E-1);
#10435=ORIENTED_EDGE('',*,*,#8766,.T.);
#10436=ORIENTED_EDGE('',*,*,#10416,.F.);
#10437=ORIENTED_EDGE('',*,*,#8482,.F.);
#10438=ORIENTED_EDGE('',*,*,#8460,.F.);
#10439=ORIENTED_EDGE('',*,*,#8361,.F.);
#10440=EDGE_LOOP('',(#10435,#10436,#10437,#10438,#10439));
#10441=FACE_OUTER_BOUND('',#10440,.F.);
#10442=ADVANCED_FACE('',(#10441),#10434,.F.);
#10443=FILL_AREA_STYLE_COLOUR('',#27);
#10444=FILL_AREA_STYLE('',(#10443));
#10445=SURFACE_STYLE_FILL_AREA(#10444);
#10446=SURFACE_SIDE_STYLE('',(#10445));
#10447=SURFACE_STYLE_USAGE(.POSITIVE.,#10446);
#10448=PRESENTATION_STYLE_ASSIGNMENT((#10447));
#10449=STYLED_ITEM('',(#10448),#10442);
#10450=CARTESIAN_POINT('',(5.638616122389E-1,2.119687387799E0,
1.667851663458E0));
#10451=DIRECTION('',(0.E0,0.E0,1.E0));
#10452=DIRECTION('',(-1.E0,0.E0,0.E0));
#10453=AXIS2_PLACEMENT_3D('',#10450,#10451,#10452);
#10454=CYLINDRICAL_SURFACE('',#10453,1.303126122012E-1);
#10456=ORIENTED_EDGE('',*,*,#10455,.F.);
#10457=ORIENTED_EDGE('',*,*,#8728,.T.);
#10458=ORIENTED_EDGE('',*,*,#8552,.T.);
#10460=ORIENTED_EDGE('',*,*,#10459,.F.);
#10461=EDGE_LOOP('',(#10456,#10457,#10458,#10460));
#10462=FACE_OUTER_BOUND('',#10461,.F.);
#10463=ADVANCED_FACE('',(#10462),#10454,.T.);
#10464=FILL_AREA_STYLE_COLOUR('',#27);
#10465=FILL_AREA_STYLE('',(#10464));
#10466=SURFACE_STYLE_FILL_AREA(#10465);
#10467=SURFACE_SIDE_STYLE('',(#10466));
#10468=SURFACE_STYLE_USAGE(.POSITIVE.,#10467);
#10469=PRESENTATION_STYLE_ASSIGNMENT((#10468));
#10470=STYLED_ITEM('',(#10469),#10463);
#10471=CARTESIAN_POINT('',(5.638616122389E-1,2.119687387799E0,
1.767851663458E0));
#10472=DIRECTION('',(0.E0,0.E0,1.E0));
#10473=DIRECTION('',(-9.768347996994E-1,2.139947992269E-1,0.E0));
#10474=AXIS2_PLACEMENT_3D('',#10471,#10472,#10473);
#10475=TOROIDAL_SURFACE('',#10474,2.303126068378E-1,1.E-1);
#10476=ORIENTED_EDGE('',*,*,#10455,.T.);
#10478=ORIENTED_EDGE('',*,*,#10477,.F.);
#10480=ORIENTED_EDGE('',*,*,#10479,.F.);
#10481=ORIENTED_EDGE('',*,*,#8730,.T.);
#10482=EDGE_LOOP('',(#10476,#10478,#10480,#10481));
#10483=FACE_OUTER_BOUND('',#10482,.F.);
#10484=ADVANCED_FACE('',(#10483),#10475,.F.);
#10485=FILL_AREA_STYLE_COLOUR('',#27);
#10486=FILL_AREA_STYLE('',(#10485));
#10487=SURFACE_STYLE_FILL_AREA(#10486);
#10488=SURFACE_SIDE_STYLE('',(#10487));
#10489=SURFACE_STYLE_USAGE(.POSITIVE.,#10488);
#10490=PRESENTATION_STYLE_ASSIGNMENT((#10489));
#10491=STYLED_ITEM('',(#10490),#10484);
#10492=CARTESIAN_POINT('',(0.E0,2.400637247682E0,1.767851663458E0));
#10493=DIRECTION('',(0.E0,0.E0,1.E0));
#10494=DIRECTION('',(9.218379772514E-1,-3.875754683891E-1,0.E0));
#10495=AXIS2_PLACEMENT_3D('',#10492,#10493,#10494);
#10496=TOROIDAL_SURFACE('',#10495,3.996657537170E-1,1.E-1);
#10498=ORIENTED_EDGE('',*,*,#10497,.F.);
#10499=ORIENTED_EDGE('',*,*,#10477,.T.);
#10501=ORIENTED_EDGE('',*,*,#10500,.T.);
#10503=ORIENTED_EDGE('',*,*,#10502,.F.);
#10504=EDGE_LOOP('',(#10498,#10499,#10501,#10503));
#10505=FACE_OUTER_BOUND('',#10504,.F.);
#10506=ADVANCED_FACE('',(#10505),#10496,.F.);
#10507=FILL_AREA_STYLE_COLOUR('',#27);
#10508=FILL_AREA_STYLE('',(#10507));
#10509=SURFACE_STYLE_FILL_AREA(#10508);
#10510=SURFACE_SIDE_STYLE('',(#10509));
#10511=SURFACE_STYLE_USAGE(.POSITIVE.,#10510);
#10512=PRESENTATION_STYLE_ASSIGNMENT((#10511));
#10513=STYLED_ITEM('',(#10512),#10506);
#10514=CARTESIAN_POINT('',(6.E-1,2.25E0,1.667851663458E0));
#10515=DIRECTION('',(0.E0,0.E0,-1.E0));
#10516=DIRECTION('',(-1.E0,0.E0,0.E0));
#10517=AXIS2_PLACEMENT_3D('',#10514,#10515,#10516);
#10518=PLANE('',#10517);
#10520=ORIENTED_EDGE('',*,*,#10519,.T.);
#10521=ORIENTED_EDGE('',*,*,#8732,.F.);
#10522=ORIENTED_EDGE('',*,*,#10479,.T.);
#10523=ORIENTED_EDGE('',*,*,#10497,.T.);
#10524=EDGE_LOOP('',(#10520,#10521,#10522,#10523));
#10525=FACE_OUTER_BOUND('',#10524,.F.);
#10526=ADVANCED_FACE('',(#10525),#10518,.F.);
#10527=FILL_AREA_STYLE_COLOUR('',#27);
#10528=FILL_AREA_STYLE('',(#10527));
#10529=SURFACE_STYLE_FILL_AREA(#10528);
#10530=SURFACE_SIDE_STYLE('',(#10529));
#10531=SURFACE_STYLE_USAGE(.POSITIVE.,#10530);
#10532=PRESENTATION_STYLE_ASSIGNMENT((#10531));
#10533=STYLED_ITEM('',(#10532),#10526);
#10534=CARTESIAN_POINT('',(-5.638616122389E-1,2.119687387799E0,
1.767851663458E0));
#10535=DIRECTION('',(0.E0,0.E0,1.E0));
#10536=DIRECTION('',(9.586346567825E-1,2.846394119152E-1,0.E0));
#10537=AXIS2_PLACEMENT_3D('',#10534,#10535,#10536);
#10538=TOROIDAL_SURFACE('',#10537,2.303126081317E-1,1.E-1);
#10539=ORIENTED_EDGE('',*,*,#10519,.F.);
#10540=ORIENTED_EDGE('',*,*,#10502,.T.);
#10542=ORIENTED_EDGE('',*,*,#10541,.T.);
#10543=ORIENTED_EDGE('',*,*,#8734,.T.);
#10544=EDGE_LOOP('',(#10539,#10540,#10542,#10543));
#10545=FACE_OUTER_BOUND('',#10544,.F.);
#10546=ADVANCED_FACE('',(#10545),#10538,.F.);
#10547=FILL_AREA_STYLE_COLOUR('',#27);
#10548=FILL_AREA_STYLE('',(#10547));
#10549=SURFACE_STYLE_FILL_AREA(#10548);
#10550=SURFACE_SIDE_STYLE('',(#10549));
#10551=SURFACE_STYLE_USAGE(.POSITIVE.,#10550);
#10552=PRESENTATION_STYLE_ASSIGNMENT((#10551));
#10553=STYLED_ITEM('',(#10552),#10546);
#10554=CARTESIAN_POINT('',(-5.638616122389E-1,2.119687387799E0,
1.667851663458E0));
#10555=DIRECTION('',(0.E0,0.E0,1.E0));
#10556=DIRECTION('',(-1.E0,0.E0,0.E0));
#10557=AXIS2_PLACEMENT_3D('',#10554,#10555,#10556);
#10558=CYLINDRICAL_SURFACE('',#10557,1.303126122012E-1);
#10559=ORIENTED_EDGE('',*,*,#10541,.F.);
#10561=ORIENTED_EDGE('',*,*,#10560,.T.);
#10562=ORIENTED_EDGE('',*,*,#8548,.T.);
#10563=ORIENTED_EDGE('',*,*,#8736,.F.);
#10564=EDGE_LOOP('',(#10559,#10561,#10562,#10563));
#10565=FACE_OUTER_BOUND('',#10564,.F.);
#10566=ADVANCED_FACE('',(#10565),#10558,.T.);
#10567=FILL_AREA_STYLE_COLOUR('',#27);
#10568=FILL_AREA_STYLE('',(#10567));
#10569=SURFACE_STYLE_FILL_AREA(#10568);
#10570=SURFACE_SIDE_STYLE('',(#10569));
#10571=SURFACE_STYLE_USAGE(.POSITIVE.,#10570);
#10572=PRESENTATION_STYLE_ASSIGNMENT((#10571));
#10573=STYLED_ITEM('',(#10572),#10566);
#10574=CARTESIAN_POINT('',(0.E0,2.400637247682E0,1.667851663458E0));
#10575=DIRECTION('',(0.E0,0.E0,1.E0));
#10576=DIRECTION('',(-1.E0,0.E0,0.E0));
#10577=AXIS2_PLACEMENT_3D('',#10574,#10575,#10576);
#10578=CYLINDRICAL_SURFACE('',#10577,4.996657537170E-1);
#10579=ORIENTED_EDGE('',*,*,#10500,.F.);
#10580=ORIENTED_EDGE('',*,*,#10459,.T.);
#10581=ORIENTED_EDGE('',*,*,#8550,.T.);
#10582=ORIENTED_EDGE('',*,*,#10560,.F.);
#10583=EDGE_LOOP('',(#10579,#10580,#10581,#10582));
#10584=FACE_OUTER_BOUND('',#10583,.F.);
#10585=ADVANCED_FACE('',(#10584),#10578,.F.);
#10586=FILL_AREA_STYLE_COLOUR('',#27);
#10587=FILL_AREA_STYLE('',(#10586));
#10588=SURFACE_STYLE_FILL_AREA(#10587);
#10589=SURFACE_SIDE_STYLE('',(#10588));
#10590=SURFACE_STYLE_USAGE(.POSITIVE.,#10589);
#10591=PRESENTATION_STYLE_ASSIGNMENT((#10590));
#10592=STYLED_ITEM('',(#10591),#10585);
#10593=CARTESIAN_POINT('',(0.E0,2.25E0,1.667851663458E0));
#10594=DIRECTION('',(0.E0,0.E0,1.E0));
#10595=DIRECTION('',(-1.E0,0.E0,0.E0));
#10596=AXIS2_PLACEMENT_3D('',#10593,#10594,#10595);
#10597=PLANE('',#10596);
#10598=ORIENTED_EDGE('',*,*,#8513,.T.);
#10599=ORIENTED_EDGE('',*,*,#8534,.T.);
#10600=EDGE_LOOP('',(#10598,#10599));
#10601=FACE_OUTER_BOUND('',#10600,.F.);
#10602=ADVANCED_FACE('',(#10601),#10597,.F.);
#10603=CARTESIAN_POINT('',(3.7984E0,-2.1E0,3.4984E0));
#10604=DIRECTION('',(0.E0,1.E0,0.E0));
#10605=DIRECTION('',(-1.E0,0.E0,0.E0));
#10606=AXIS2_PLACEMENT_3D('',#10603,#10604,#10605);
#10607=CYLINDRICAL_SURFACE('',#10606,1.016E-1);
#10608=ORIENTED_EDGE('',*,*,#8457,.T.);
#10609=ORIENTED_EDGE('',*,*,#8338,.F.);
#10610=ORIENTED_EDGE('',*,*,#8096,.F.);
#10611=ORIENTED_EDGE('',*,*,#8401,.F.);
#10612=EDGE_LOOP('',(#10608,#10609,#10610,#10611));
#10613=FACE_OUTER_BOUND('',#10612,.F.);
#10614=ADVANCED_FACE('',(#10613),#10607,.F.);
#10615=FILL_AREA_STYLE_COLOUR('',#27);
#10616=FILL_AREA_STYLE('',(#10615));
#10617=SURFACE_STYLE_FILL_AREA(#10616);
#10618=SURFACE_SIDE_STYLE('',(#10617));
#10619=SURFACE_STYLE_USAGE(.POSITIVE.,#10618);
#10620=PRESENTATION_STYLE_ASSIGNMENT((#10619));
#10621=STYLED_ITEM('',(#10620),#10614);
#10622=CARTESIAN_POINT('',(-1.437997309977E1,2.15E0,3.465979861898E0));
#10623=DIRECTION('',(1.E0,0.E0,0.E0));
#10624=DIRECTION('',(0.E0,-1.E0,0.E0));
#10625=AXIS2_PLACEMENT_3D('',#10622,#10623,#10624);
#10626=CYLINDRICAL_SURFACE('',#10625,4.E-1);
#10628=ORIENTED_EDGE('',*,*,#10627,.T.);
#10629=ORIENTED_EDGE('',*,*,#7954,.T.);
#10631=ORIENTED_EDGE('',*,*,#10630,.F.);
#10632=ORIENTED_EDGE('',*,*,#8404,.F.);
#10633=ORIENTED_EDGE('',*,*,#8092,.T.);
#10634=EDGE_LOOP('',(#10628,#10629,#10631,#10632,#10633));
#10635=FACE_OUTER_BOUND('',#10634,.F.);
#10636=ADVANCED_FACE('',(#10635),#10626,.F.);
#10637=FILL_AREA_STYLE_COLOUR('',#27);
#10638=FILL_AREA_STYLE('',(#10637));
#10639=SURFACE_STYLE_FILL_AREA(#10638);
#10640=SURFACE_SIDE_STYLE('',(#10639));
#10641=SURFACE_STYLE_USAGE(.POSITIVE.,#10640);
#10642=PRESENTATION_STYLE_ASSIGNMENT((#10641));
#10643=STYLED_ITEM('',(#10642),#10636);
#10644=CARTESIAN_POINT('',(0.E0,2.1E0,0.E0));
#10645=DIRECTION('',(0.E0,1.E0,0.E0));
#10646=DIRECTION('',(-1.E0,0.E0,0.E0));
#10647=AXIS2_PLACEMENT_3D('',#10644,#10645,#10646);
#10648=PLANE('',#10647);
#10649=ORIENTED_EDGE('',*,*,#7956,.F.);
#10650=ORIENTED_EDGE('',*,*,#10627,.F.);
#10651=ORIENTED_EDGE('',*,*,#8090,.F.);
#10652=ORIENTED_EDGE('',*,*,#8222,.F.);
#10653=EDGE_LOOP('',(#10649,#10650,#10651,#10652));
#10654=FACE_OUTER_BOUND('',#10653,.F.);
#10655=ADVANCED_FACE('',(#10654),#10648,.T.);
#10656=FILL_AREA_STYLE_COLOUR('',#27);
#10657=FILL_AREA_STYLE('',(#10656));
#10658=SURFACE_STYLE_FILL_AREA(#10657);
#10659=SURFACE_SIDE_STYLE('',(#10658));
#10660=SURFACE_STYLE_USAGE(.POSITIVE.,#10659);
#10661=PRESENTATION_STYLE_ASSIGNMENT((#10660));
#10662=STYLED_ITEM('',(#10661),#10655);
#10663=CARTESIAN_POINT('',(0.E0,1.75E0,8.E-1));
#10664=DIRECTION('',(0.E0,1.E0,0.E0));
#10665=DIRECTION('',(-1.E0,0.E0,0.E0));
#10666=AXIS2_PLACEMENT_3D('',#10663,#10664,#10665);
#10667=PLANE('',#10666);
#10668=ORIENTED_EDGE('',*,*,#8310,.F.);
#10669=ORIENTED_EDGE('',*,*,#8406,.T.);
#10670=ORIENTED_EDGE('',*,*,#10630,.T.);
#10671=ORIENTED_EDGE('',*,*,#7952,.F.);
#10672=EDGE_LOOP('',(#10668,#10669,#10670,#10671));
#10673=FACE_OUTER_BOUND('',#10672,.F.);
#10674=ADVANCED_FACE('',(#10673),#10667,.T.);
#10675=FILL_AREA_STYLE_COLOUR('',#27);
#10676=FILL_AREA_STYLE('',(#10675));
#10677=SURFACE_STYLE_FILL_AREA(#10676);
#10678=SURFACE_SIDE_STYLE('',(#10677));
#10679=SURFACE_STYLE_USAGE(.POSITIVE.,#10678);
#10680=PRESENTATION_STYLE_ASSIGNMENT((#10679));
#10681=STYLED_ITEM('',(#10680),#10674);
#10682=CLOSED_SHELL('',(#7927,#7977,#7999,#8020,#8041,#8062,#8108,#8128,#8148,
#8168,#8187,#8207,#8227,#8247,#8269,#8290,#8315,#8344,#8365,#8385,#8415,#8464,
#8517,#8538,#8561,#8583,#8603,#8626,#8647,#8670,#8690,#8711,#8770,#8794,#8816,
#8847,#8871,#8921,#8943,#8992,#9014,#9034,#9054,#9080,#9101,#9127,#9147,#9167,
#9187,#9207,#9227,#9253,#9274,#9300,#9320,#9339,#9359,#9379,#9398,#9418,#9438,
#9457,#9477,#9496,#9525,#9550,#9578,#9598,#9646,#9668,#9717,#9737,#9757,#9777,
#9797,#9817,#9837,#9857,#9877,#9897,#9917,#9937,#9958,#9977,#9997,#10018,#10037,
#10058,#10078,#10098,#10124,#10145,#10166,#10187,#10207,#10230,#10250,#10276,
#10297,#10318,#10339,#10359,#10382,#10402,#10422,#10442,#10463,#10484,#10506,
#10526,#10546,#10566,#10585,#10602,#10614,#10636,#10655,#10674));
#10683=MANIFOLD_SOLID_BREP('',#10682);
#10685=DIMENSIONAL_EXPONENTS(0.E0,0.E0,0.E0,0.E0,0.E0,0.E0,0.E0);
#10687=PLANE_ANGLE_MEASURE_WITH_UNIT(PLANE_ANGLE_MEASURE(1.745329251994E-2),
#10686);
#10688=(CONVERSION_BASED_UNIT('DEGREE',#10687)NAMED_UNIT(*)PLANE_ANGLE_UNIT());
#10690=UNCERTAINTY_MEASURE_WITH_UNIT(LENGTH_MEASURE(1.476327875910E-3),#10684,
'closure',
'Maximum model space distance between geometric entities at asserted connectivities');
#10691=(GEOMETRIC_REPRESENTATION_CONTEXT(3)GLOBAL_UNCERTAINTY_ASSIGNED_CONTEXT((
#10690))GLOBAL_UNIT_ASSIGNED_CONTEXT((#10684,#10688,#10689))REPRESENTATION_CONTEXT('ID1','3'));
#10693=MECHANICAL_DESIGN_GEOMETRIC_PRESENTATION_REPRESENTATION('',(#2339,#2577,
#2616,#2637,#2659,#2680,#2701,#2722,#2743,#2764,#2785,#2806,#2827,#2848,#2869,
#2889,#2926,#2948,#2969,#2990,#3020,#3039,#3061,#3088,#3110,#3130,#3152,#3176,
#3195,#3214,#3236,#3265,#3287,#3307,#3329,#3355,#3375,#3394,#3413,#3435,#3464,
#3486,#3506,#3528,#3554,#3574,#3593,#3612,#3634,#3663,#3685,#3705,#3727,#3753,
#3773,#3792,#3811,#3833,#3854,#3875,#3896,#3917,#3937,#3958,#4052,#4091,#4160,
#4199,#4220,#4240,#4260,#4280,#4300,#4319,#4339,#4359,#4379,#4399,#4419,#4439,
#4459,#4479,#4499,#4519,#4539,#4559,#4579,#4599,#4619,#4639,#4659,#4679,#4699,
#4719,#4739,#4759,#4779,#4799,#4819,#4839,#4859,#4879,#4899,#4919,#4939,#4959,
#4978,#4999,#5019,#5039,#5059,#5079,#5099,#5119,#5139,#5159,#5179,#5199,#5218,
#5239,#5259,#5279,#5299,#5319,#5339,#5359,#5379,#5399,#5419,#5439,#5459,#5479,
#5498,#5519,#5539,#5559,#5579,#5599,#5619,#5639,#5659,#5679,#5699,#5719,#5738,
#5759,#5779,#5799,#5819,#5839,#5859,#5879,#5898,#5919,#5939,#5958,#7934,#7984,
#8006,#8027,#8048,#8069,#8115,#8135,#8155,#8175,#8194,#8214,#8234,#8254,#8276,
#8297,#8322,#8351,#8372,#8392,#8422,#8471,#8524,#8568,#8590,#8610,#8633,#8654,
#8677,#8697,#8718,#8777,#8801,#8823,#8854,#8878,#8928,#8950,#8999,#9021,#9041,
#9061,#9087,#9108,#9134,#9154,#9174,#9194,#9214,#9234,#9260,#9281,#9307,#9327,
#9346,#9366,#9386,#9405,#9425,#9445,#9464,#9484,#9503,#9532,#9557,#9585,#9605,
#9653,#9675,#9724,#9744,#9764,#9784,#9804,#9824,#9844,#9864,#9884,#9904,#9924,
#9944,#9965,#9984,#10004,#10025,#10044,#10065,#10085,#10105,#10131,#10152,
#10173,#10194,#10214,#10237,#10257,#10283,#10304,#10325,#10346,#10366,#10389,
#10409,#10429,#10449,#10470,#10491,#10513,#10533,#10553,#10573,#10592,#10621,
#10643,#10662,#10681),#10691);
#10694=APPLICATION_CONTEXT(
'CONFIGURATION CONTROLLED 3D DESIGNS OF MECHANICAL PARTS AND ASSEMBLIES');
#10695=APPLICATION_PROTOCOL_DEFINITION('international standard',
'ccd_cla_gvp_ast_asd',1995,#10694);
#10696=DESIGN_CONTEXT('',#10694,'design');
#10697=MECHANICAL_CONTEXT('',#10694,'mechanical');
#10698=PRODUCT('15','15','NOT SPECIFIED',(#10697));
#10699=PRODUCT_DEFINITION_FORMATION_WITH_SPECIFIED_SOURCE('1','LAST_VERSION',
#10698,.MADE.);
#10707=DERIVED_UNIT_ELEMENT(#10706,2.E0);
#10708=DERIVED_UNIT((#10707));
#10709=MEASURE_REPRESENTATION_ITEM('surface area measure',AREA_MEASURE(
4.519748667124E2),#10708);
#10714=DERIVED_UNIT_ELEMENT(#10713,3.E0);
#10715=DERIVED_UNIT((#10714));
#10716=MEASURE_REPRESENTATION_ITEM('volume measure',VOLUME_MEASURE(
1.401947482417E2),#10715);
#10720=CARTESIAN_POINT('centre point',(-1.604879247755E-1,-6.438421584411E-1,
1.788650664906E0));
#10725=DERIVED_UNIT_ELEMENT(#10724,2.E0);
#10726=DERIVED_UNIT((#10725));
#10727=MEASURE_REPRESENTATION_ITEM('surface area measure',AREA_MEASURE(
4.519748667124E2),#10726);
#10732=DERIVED_UNIT_ELEMENT(#10731,3.E0);
#10733=DERIVED_UNIT((#10732));
#10734=MEASURE_REPRESENTATION_ITEM('volume measure',VOLUME_MEASURE(
1.401947482417E2),#10733);
#10738=CARTESIAN_POINT('centre point',(-1.604879247755E-1,-6.438421584411E-1,
1.788650664906E0));
#10743=PRODUCT_CATEGORY('part','');
#10744=PRODUCT_RELATED_PRODUCT_CATEGORY('detail','',(#10698));
#10745=PRODUCT_CATEGORY_RELATIONSHIP('','',#10743,#10744);
#10746=SECURITY_CLASSIFICATION_LEVEL('unclassified');
#10747=SECURITY_CLASSIFICATION('','',#10746);
#10748=CC_DESIGN_SECURITY_CLASSIFICATION(#10747,(#10699));
#10749=APPROVAL_STATUS('approved');
#10750=APPROVAL(#10749,'');
#10751=CC_DESIGN_APPROVAL(#10750,(#10747,#10699,#10700));
#10752=CALENDAR_DATE(121,2,9);
#10753=COORDINATED_UNIVERSAL_TIME_OFFSET(8,0,.AHEAD.);
#10754=LOCAL_TIME(20,49,5.2E1,#10753);
#10755=DATE_AND_TIME(#10752,#10754);
#10756=APPROVAL_DATE_TIME(#10755,#10750);
#10757=DATE_TIME_ROLE('creation_date');
#10758=CC_DESIGN_DATE_AND_TIME_ASSIGNMENT(#10755,#10757,(#10700));
#10759=DATE_TIME_ROLE('classification_date');
#10760=CC_DESIGN_DATE_AND_TIME_ASSIGNMENT(#10755,#10759,(#10747));
#10761=PERSON('UNSPECIFIED','UNSPECIFIED',$,$,$,$);
#10762=ORGANIZATION('UNSPECIFIED','UNSPECIFIED','UNSPECIFIED');
#10763=PERSON_AND_ORGANIZATION(#10761,#10762);
#10764=APPROVAL_ROLE('approver');
#10765=APPROVAL_PERSON_ORGANIZATION(#10763,#10750,#10764);
#10766=PERSON_AND_ORGANIZATION_ROLE('creator');
#10767=CC_DESIGN_PERSON_AND_ORGANIZATION_ASSIGNMENT(#10763,#10766,(#10699,
#10700));
#10768=PERSON_AND_ORGANIZATION_ROLE('design_supplier');
#10769=CC_DESIGN_PERSON_AND_ORGANIZATION_ASSIGNMENT(#10763,#10768,(#10699));
#10770=PERSON_AND_ORGANIZATION_ROLE('classification_officer');
#10771=CC_DESIGN_PERSON_AND_ORGANIZATION_ASSIGNMENT(#10763,#10770,(#10747));
#10772=PERSON_AND_ORGANIZATION_ROLE('design_owner');
#10773=CC_DESIGN_PERSON_AND_ORGANIZATION_ASSIGNMENT(#10763,#10772,(#10698));
#1=DRAUGHTING_PRE_DEFINED_COLOUR('green');
#2=COLOUR_RGB('',1.1E-2,1.2E-2,1.E0);
#3=COLOUR_RGB('',2.15686E-1,5.18041E-1,1.E0);
#4=COLOUR_RGB('',2.36993E-1,1.E0,6.49617E-1);
#5=COLOUR_RGB('',2.57282E-1,2.57282E-1,2.57282E-1);
#6=COLOUR_RGB('',2.62136E-1,2.62136E-1,2.62136E-1);
#7=COLOUR_RGB('',2.60765E-1,3.42788E-1,8.64078E-1);
#8=COLOUR_RGB('',2.69953E-1,7.31256E-1,1.E0);
#9=COLOUR_RGB('',3.34677E-1,8.15534E-1,4.38691E-1);
#10=COLOUR_RGB('',3.43194E-1,8.15534E-1,5.48197E-1);
#11=COLOUR_RGB('',4.1E-1,2.61589E-1,1.12848E-1);
#12=COLOUR_RGB('',4.46095E-1,1.E0,3.94692E-1);
#13=COLOUR_RGB('',4.51243E-1,1.E0,6.21554E-1);
#14=COLOUR_RGB('',5.45098E-1,2.62745E-1,1.76471E-1);
#15=COLOUR_RGB('',6.31068E-1,5.73064E-1,5.17491E-1);
#16=COLOUR_RGB('',6.35294E-1,6.86275E-1,7.4902E-1);
#17=COLOUR_RGB('',6.40777E-1,6.40777E-1,6.40777E-1);
#18=COLOUR_RGB('',6.69062E-1,6.69903E-1,6.55217E-1);
#19=COLOUR_RGB('',6.86275E-1,4.074710242885E-1,2.427247098339E-1);
#20=COLOUR_RGB('',6.86275E-1,5.354473878900E-1,4.362434311093E-1);
#21=COLOUR_RGB('',6.8932E-1,1.934E-1,1.61111E-1);
#22=COLOUR_RGB('',6.94175E-1,1.01459E-1,1.27464E-1);
#23=COLOUR_RGB('',7.82797E-1,8.00971E-1,7.18987E-1);
#24=COLOUR_RGB('',7.96078E-1,8.1E-1,9.41176E-1);
#25=COLOUR_RGB('',8.03922E-1,4.98039E-1,1.96078E-1);
#26=COLOUR_RGB('',8.15534E-1,8.15534E-1,8.15534E-1);
#27=COLOUR_RGB('',8.446393141794E-1,8.446393141794E-1,8.446601941748E-1);
#28=COLOUR_RGB('',8.5098E-1,8.07843E-1,7.37255E-1);
#29=COLOUR_RGB('',8.5098E-1,8.07843E-1,7.7E-1);
#30=COLOUR_RGB('',8.73786E-1,8.73278E-1,7.54776E-1);
#31=COLOUR_RGB('',8.83495E-1,8.E-1,7.4E-1);
#32=COLOUR_RGB('',8.82353E-1,8.82353E-1,8.82353E-1);
#33=COLOUR_RGB('',8.8835E-1,7.49609E-1,6.19346E-1);
#34=COLOUR_RGB('',1.E0,2.99729E-1,5.3274E-2);
#35=COLOUR_RGB('',1.E0,6.48135E-1,4.66429E-1);
#36=DRAUGHTING_PRE_DEFINED_COLOUR('yellow');
#37=COLOUR_RGB('',1.E0,1.E0,5.3E-1);
#38=DRAUGHTING_PRE_DEFINED_COLOUR('white');
#747=CIRCLE('',#746,2.5E-1);
#800=CIRCLE('',#799,2.5E-1);
#837=CIRCLE('',#836,2.5E-1);
#890=CIRCLE('',#889,2.5E-1);
#927=CIRCLE('',#926,2.5E-1);
#980=CIRCLE('',#979,2.5E-1);
#2322=EDGE_CURVE('',#2208,#2210,#278,.T.);
#2324=EDGE_CURVE('',#2208,#2018,#42,.T.);
#2326=EDGE_CURVE('',#2018,#2020,#1068,.T.);
#2328=EDGE_CURVE('',#2210,#2020,#1420,.T.);
#2345=EDGE_CURVE('',#1751,#1752,#46,.T.);
#2347=EDGE_CURVE('',#1751,#1760,#50,.T.);
#2349=EDGE_CURVE('',#1760,#1758,#54,.T.);
#2351=EDGE_CURVE('',#1757,#1758,#58,.T.);
#2353=EDGE_CURVE('',#1757,#1772,#62,.T.);
#2355=EDGE_CURVE('',#1772,#1770,#66,.T.);
#2357=EDGE_CURVE('',#1769,#1770,#70,.T.);
#2359=EDGE_CURVE('',#1769,#1766,#74,.T.);
#2361=EDGE_CURVE('',#1766,#1764,#78,.T.);
#2363=EDGE_CURVE('',#1763,#1764,#82,.T.);
#2365=EDGE_CURVE('',#1763,#1754,#86,.T.);
#2367=EDGE_CURVE('',#1754,#1752,#90,.T.);
#2371=EDGE_CURVE('',#1859,#1860,#94,.T.);
#2373=EDGE_CURVE('',#1863,#1860,#787,.T.);
#2375=EDGE_CURVE('',#1863,#1864,#98,.T.);
#2377=EDGE_CURVE('',#1859,#1864,#734,.T.);
#2381=EDGE_CURVE('',#1890,#1892,#102,.T.);
#2383=EDGE_CURVE('',#1894,#1892,#877,.T.);
#2385=EDGE_CURVE('',#1894,#1896,#106,.T.);
#2387=EDGE_CURVE('',#1890,#1896,#824,.T.);
#2391=EDGE_CURVE('',#1914,#1916,#110,.T.);
#2393=EDGE_CURVE('',#1918,#1916,#967,.T.);
#2395=EDGE_CURVE('',#1918,#1920,#114,.T.);
#2397=EDGE_CURVE('',#1914,#1920,#914,.T.);
#2401=EDGE_CURVE('',#2129,#2130,#118,.T.);
#2403=EDGE_CURVE('',#2130,#2132,#122,.T.);
#2405=EDGE_CURVE('',#2132,#2134,#126,.T.);
#2407=EDGE_CURVE('',#2134,#2136,#130,.T.);
#2409=EDGE_CURVE('',#2136,#2138,#134,.T.);
#2411=EDGE_CURVE('',#2138,#2129,#138,.T.);
#2415=EDGE_CURVE('',#2141,#2142,#142,.T.);
#2417=EDGE_CURVE('',#2142,#2144,#146,.T.);
#2419=EDGE_CURVE('',#2144,#2146,#150,.T.);
#2421=EDGE_CURVE('',#2146,#2148,#154,.T.);
#2423=EDGE_CURVE('',#2148,#2150,#158,.T.);
#2425=EDGE_CURVE('',#2150,#2152,#162,.T.);
#2427=EDGE_CURVE('',#2152,#2154,#166,.T.);
#2429=EDGE_CURVE('',#2154,#2156,#170,.T.);
#2431=EDGE_CURVE('',#2156,#2158,#174,.T.);
#2433=EDGE_CURVE('',#2158,#2160,#178,.T.);
#2435=EDGE_CURVE('',#2160,#2162,#182,.T.);
#2437=EDGE_CURVE('',#2162,#2164,#186,.T.);
#2439=EDGE_CURVE('',#2164,#2166,#190,.T.);
#2441=EDGE_CURVE('',#2166,#2168,#194,.T.);
#2443=EDGE_CURVE('',#2168,#2170,#198,.T.);
#2445=EDGE_CURVE('',#2170,#2172,#202,.T.);
#2447=EDGE_CURVE('',#2172,#2174,#206,.T.);
#2449=EDGE_CURVE('',#2174,#2176,#210,.T.);
#2451=EDGE_CURVE('',#2176,#2178,#214,.T.);
#2453=EDGE_CURVE('',#2178,#2180,#218,.T.);
#2455=EDGE_CURVE('',#2180,#2182,#222,.T.);
#2457=EDGE_CURVE('',#2182,#2184,#226,.T.);
#2459=EDGE_CURVE('',#2184,#2186,#230,.T.);
#2461=EDGE_CURVE('',#2186,#2188,#234,.T.);
#2463=EDGE_CURVE('',#2188,#2190,#238,.T.);
#2465=EDGE_CURVE('',#2190,#2192,#242,.T.);
#2467=EDGE_CURVE('',#2192,#2194,#246,.T.);
#2469=EDGE_CURVE('',#2194,#2196,#250,.T.);
#2471=EDGE_CURVE('',#2196,#2198,#254,.T.);
#2473=EDGE_CURVE('',#2198,#2200,#258,.T.);
#2475=EDGE_CURVE('',#2200,#2202,#262,.T.);
#2477=EDGE_CURVE('',#2202,#2204,#266,.T.);
#2479=EDGE_CURVE('',#2204,#2206,#270,.T.);
#2481=EDGE_CURVE('',#2206,#2208,#274,.T.);
#2484=EDGE_CURVE('',#2210,#2212,#282,.T.);
#2486=EDGE_CURVE('',#2212,#2214,#286,.T.);
#2488=EDGE_CURVE('',#2214,#2216,#290,.T.);
#2490=EDGE_CURVE('',#2216,#2218,#294,.T.);
#2492=EDGE_CURVE('',#2218,#2141,#298,.T.);
#2496=EDGE_CURVE('',#2221,#2222,#302,.T.);
#2498=EDGE_CURVE('',#2222,#2224,#306,.T.);
#2500=EDGE_CURVE('',#2224,#2226,#310,.T.);
#2502=EDGE_CURVE('',#2226,#2228,#314,.T.);
#2504=EDGE_CURVE('',#2228,#2230,#318,.T.);
#2506=EDGE_CURVE('',#2230,#2232,#322,.T.);
#2508=EDGE_CURVE('',#2232,#2234,#326,.T.);
#2510=EDGE_CURVE('',#2234,#2236,#330,.T.);
#2512=EDGE_CURVE('',#2236,#2238,#334,.T.);
#2514=EDGE_CURVE('',#2238,#2240,#338,.T.);
#2516=EDGE_CURVE('',#2240,#2242,#342,.T.);
#2518=EDGE_CURVE('',#2242,#2221,#346,.T.);
#2522=EDGE_CURVE('',#2245,#2246,#350,.T.);
#2524=EDGE_CURVE('',#2246,#2248,#354,.T.);
#2526=EDGE_CURVE('',#2248,#2250,#358,.T.);
#2528=EDGE_CURVE('',#2250,#2252,#362,.T.);
#2530=EDGE_CURVE('',#2252,#2254,#366,.T.);
#2532=EDGE_CURVE('',#2254,#2256,#370,.T.);
#2534=EDGE_CURVE('',#2256,#2258,#374,.T.);
#2536=EDGE_CURVE('',#2258,#2260,#378,.T.);
#2538=EDGE_CURVE('',#2260,#2262,#382,.T.);
#2540=EDGE_CURVE('',#2262,#2264,#386,.T.);
#2542=EDGE_CURVE('',#2264,#2266,#390,.T.);
#2544=EDGE_CURVE('',#2266,#2268,#394,.T.);
#2546=EDGE_CURVE('',#2268,#2270,#398,.T.);
#2548=EDGE_CURVE('',#2270,#2245,#402,.T.);
#2552=EDGE_CURVE('',#2297,#2298,#454,.T.);
#2554=EDGE_CURVE('',#2298,#2300,#458,.T.);
#2556=EDGE_CURVE('',#2300,#2302,#462,.T.);
#2558=EDGE_CURVE('',#2302,#2304,#466,.T.);
#2560=EDGE_CURVE('',#2304,#2306,#470,.T.);
#2562=EDGE_CURVE('',#2306,#2308,#474,.T.);
#2564=EDGE_CURVE('',#2308,#2310,#478,.T.);
#2566=EDGE_CURVE('',#2310,#2297,#482,.T.);
#2583=EDGE_CURVE('',#2273,#2274,#406,.T.);
#2585=EDGE_CURVE('',#2274,#2276,#410,.T.);
#2587=EDGE_CURVE('',#2276,#2278,#414,.T.);
#2589=EDGE_CURVE('',#2278,#2280,#418,.T.);
#2591=EDGE_CURVE('',#2280,#2282,#422,.T.);
#2593=EDGE_CURVE('',#2282,#2284,#426,.T.);
#2595=EDGE_CURVE('',#2284,#2286,#430,.T.);
#2597=EDGE_CURVE('',#2286,#2288,#434,.T.);
#2599=EDGE_CURVE('',#2288,#2290,#438,.T.);
#2601=EDGE_CURVE('',#2290,#2292,#442,.T.);
#2603=EDGE_CURVE('',#2292,#2294,#446,.T.);
#2605=EDGE_CURVE('',#2294,#2273,#450,.T.);
#2622=EDGE_CURVE('',#2313,#2314,#486,.T.);
#2624=EDGE_CURVE('',#2314,#2316,#490,.T.);
#2626=EDGE_CURVE('',#2316,#2313,#494,.T.);
#2644=EDGE_CURVE('',#1776,#1752,#498,.T.);
#2646=EDGE_CURVE('',#1775,#1776,#546,.T.);
#2648=EDGE_CURVE('',#1751,#1775,#538,.T.);
#2666=EDGE_CURVE('',#1754,#1778,#502,.T.);
#2668=EDGE_CURVE('',#1778,#1776,#550,.T.);
#2688=EDGE_CURVE('',#1763,#1787,#506,.T.);
#2690=EDGE_CURVE('',#1787,#1778,#554,.T.);
#2708=EDGE_CURVE('',#1788,#1764,#510,.T.);
#2710=EDGE_CURVE('',#1787,#1788,#558,.T.);
#2729=EDGE_CURVE('',#1766,#1790,#514,.T.);
#2731=EDGE_CURVE('',#1790,#1788,#562,.T.);
#2751=EDGE_CURVE('',#1769,#1793,#518,.T.);
#2753=EDGE_CURVE('',#1793,#1790,#566,.T.);
#2771=EDGE_CURVE('',#1794,#1770,#522,.T.);
#2773=EDGE_CURVE('',#1793,#1794,#570,.T.);
#2792=EDGE_CURVE('',#1772,#1796,#530,.T.);
#2794=EDGE_CURVE('',#1796,#1794,#574,.T.);
#2812=EDGE_CURVE('',#1757,#1781,#526,.T.);
#2814=EDGE_CURVE('',#1781,#1796,#578,.T.);
#2834=EDGE_CURVE('',#1782,#1758,#534,.T.);
#2836=EDGE_CURVE('',#1781,#1782,#582,.T.);
#2855=EDGE_CURVE('',#1760,#1784,#542,.T.);
#2857=EDGE_CURVE('',#1784,#1782,#586,.T.);
#2876=EDGE_CURVE('',#1775,#1784,#590,.T.);
#2909=EDGE_CURVE('',#1807,#1808,#594,.T.);
#2911=EDGE_CURVE('',#1808,#1810,#598,.T.);
#2913=EDGE_CURVE('',#1810,#1812,#602,.T.);
#2915=EDGE_CURVE('',#1812,#1807,#606,.T.);
#2933=EDGE_CURVE('',#1807,#1799,#610,.T.);
#2935=EDGE_CURVE('',#1799,#1800,#642,.T.);
#2937=EDGE_CURVE('',#1808,#1800,#622,.T.);
#2955=EDGE_CURVE('',#1812,#1804,#614,.T.);
#2957=EDGE_CURVE('',#1804,#1799,#646,.T.);
#2976=EDGE_CURVE('',#1810,#1802,#618,.T.);
#2978=EDGE_CURVE('',#1802,#1804,#650,.T.);
#2998=EDGE_CURVE('',#1800,#1802,#654,.T.);
#3003=EDGE_CURVE('',#1823,#1824,#626,.T.);
#3005=EDGE_CURVE('',#1826,#1824,#630,.T.);
#3007=EDGE_CURVE('',#1826,#1828,#634,.T.);
#3009=EDGE_CURVE('',#1828,#1823,#638,.T.);
#3046=EDGE_CURVE('',#1823,#1815,#658,.T.);
#3048=EDGE_CURVE('',#1815,#1816,#682,.T.);
#3050=EDGE_CURVE('',#1824,#1816,#714,.T.);
#3067=EDGE_CURVE('',#1831,#1838,#662,.T.);
#3069=EDGE_CURVE('',#1831,#1815,#686,.T.);
#3073=EDGE_CURVE('',#1828,#1820,#666,.T.);
#3075=EDGE_CURVE('',#1820,#1835,#694,.T.);
#3077=EDGE_CURVE('',#1838,#1835,#670,.T.);
#3094=EDGE_CURVE('',#1831,#1832,#674,.T.);
#3097=EDGE_CURVE('',#1840,#1838,#718,.T.);
#3099=EDGE_CURVE('',#1832,#1840,#706,.T.);
#3117=EDGE_CURVE('',#1816,#1832,#678,.T.);
#3136=EDGE_CURVE('',#1835,#1836,#690,.T.);
#3139=EDGE_CURVE('',#1819,#1820,#698,.T.);
#3141=EDGE_CURVE('',#1836,#1819,#702,.T.);
#3159=EDGE_CURVE('',#1840,#1836,#710,.T.);
#3162=EDGE_CURVE('',#1826,#1819,#722,.T.);
#3221=EDGE_CURVE('',#1859,#1851,#726,.T.);
#3223=EDGE_CURVE('',#1851,#1852,#763,.T.);
#3225=EDGE_CURVE('',#1860,#1852,#791,.T.);
#3242=EDGE_CURVE('',#1868,#1843,#730,.T.);
#3244=EDGE_CURVE('',#1868,#1851,#767,.T.);
#3248=EDGE_CURVE('',#1864,#1856,#738,.T.);
#3250=EDGE_CURVE('',#1856,#1872,#771,.T.);
#3252=EDGE_CURVE('',#1844,#1872,#742,.T.);
#3254=EDGE_CURVE('',#1843,#1844,#747,.T.);
#3271=EDGE_CURVE('',#1867,#1868,#751,.T.);
#3274=EDGE_CURVE('',#1848,#1843,#755,.T.);
#3276=EDGE_CURVE('',#1867,#1848,#795,.T.);
#3294=EDGE_CURVE('',#1852,#1867,#759,.T.);
#3313=EDGE_CURVE('',#1871,#1872,#804,.T.);
#3316=EDGE_CURVE('',#1855,#1856,#775,.T.);
#3318=EDGE_CURVE('',#1871,#1855,#779,.T.);
#3335=EDGE_CURVE('',#1846,#1871,#783,.T.);
#3338=EDGE_CURVE('',#1863,#1855,#812,.T.);
#3344=EDGE_CURVE('',#1846,#1848,#800,.T.);
#3363=EDGE_CURVE('',#1846,#1844,#808,.T.);
#3419=EDGE_CURVE('',#1890,#1875,#816,.T.);
#3421=EDGE_CURVE('',#1875,#1876,#853,.T.);
#3423=EDGE_CURVE('',#1892,#1876,#881,.T.);
#3441=EDGE_CURVE('',#1888,#1923,#820,.T.);
#3443=EDGE_CURVE('',#1888,#1875,#857,.T.);
#3447=EDGE_CURVE('',#1896,#1880,#828,.T.);
#3449=EDGE_CURVE('',#1880,#1886,#865,.T.);
#3451=EDGE_CURVE('',#1924,#1886,#832,.T.);
#3453=EDGE_CURVE('',#1923,#1924,#837,.T.);
#3470=EDGE_CURVE('',#1882,#1888,#841,.T.);
#3473=EDGE_CURVE('',#1928,#1923,#845,.T.);
#3475=EDGE_CURVE('',#1882,#1928,#885,.T.);
#3492=EDGE_CURVE('',#1876,#1882,#849,.T.);
#3512=EDGE_CURVE('',#1884,#1879,#861,.T.);
#3514=EDGE_CURVE('',#1884,#1886,#894,.T.);
#3517=EDGE_CURVE('',#1879,#1880,#869,.T.);
#3534=EDGE_CURVE('',#1926,#1884,#873,.T.);
#3537=EDGE_CURVE('',#1894,#1879,#902,.T.);
#3543=EDGE_CURVE('',#1926,#1928,#890,.T.);
#3562=EDGE_CURVE('',#1926,#1924,#898,.T.);
#3618=EDGE_CURVE('',#1914,#1899,#906,.T.);
#3620=EDGE_CURVE('',#1899,#1900,#943,.T.);
#3622=EDGE_CURVE('',#1916,#1900,#971,.T.);
#3640=EDGE_CURVE('',#1912,#1931,#910,.T.);
#3642=EDGE_CURVE('',#1912,#1899,#947,.T.);
#3646=EDGE_CURVE('',#1920,#1904,#918,.T.);
#3648=EDGE_CURVE('',#1904,#1910,#955,.T.);
#3650=EDGE_CURVE('',#1932,#1910,#922,.T.);
#3652=EDGE_CURVE('',#1931,#1932,#927,.T.);
#3669=EDGE_CURVE('',#1906,#1912,#931,.T.);
#3672=EDGE_CURVE('',#1936,#1931,#935,.T.);
#3674=EDGE_CURVE('',#1906,#1936,#975,.T.);
#3691=EDGE_CURVE('',#1900,#1906,#939,.T.);
#3711=EDGE_CURVE('',#1908,#1903,#951,.T.);
#3713=EDGE_CURVE('',#1908,#1910,#984,.T.);
#3716=EDGE_CURVE('',#1903,#1904,#959,.T.);
#3733=EDGE_CURVE('',#1934,#1908,#963,.T.);
#3736=EDGE_CURVE('',#1918,#1903,#992,.T.);
#3742=EDGE_CURVE('',#1934,#1936,#980,.T.);
#3761=EDGE_CURVE('',#1934,#1932,#988,.T.);
#3818=EDGE_CURVE('',#2129,#1939,#996,.T.);
#3820=EDGE_CURVE('',#1939,#1940,#1020,.T.);
#3822=EDGE_CURVE('',#2130,#1940,#1016,.T.);
#3840=EDGE_CURVE('',#2138,#1948,#1000,.T.);
#3842=EDGE_CURVE('',#1948,#1939,#1024,.T.);
#3861=EDGE_CURVE('',#2136,#1946,#1004,.T.);
#3863=EDGE_CURVE('',#1946,#1948,#1028,.T.);
#3882=EDGE_CURVE('',#2134,#1944,#1008,.T.);
#3884=EDGE_CURVE('',#1944,#1946,#1032,.T.);
#3903=EDGE_CURVE('',#2132,#1942,#1012,.T.);
#3905=EDGE_CURVE('',#1942,#1944,#1036,.T.);
#3925=EDGE_CURVE('',#1940,#1942,#1040,.T.);
#3964=EDGE_CURVE('',#1951,#1952,#1044,.T.);
#3966=EDGE_CURVE('',#2028,#1951,#1048,.T.);
#3968=EDGE_CURVE('',#2026,#2028,#1052,.T.);
#3970=EDGE_CURVE('',#2024,#2026,#1056,.T.);
#3972=EDGE_CURVE('',#2022,#2024,#1060,.T.);
#3974=EDGE_CURVE('',#2020,#2022,#1064,.T.);
#3977=EDGE_CURVE('',#2016,#2018,#1072,.T.);
#3979=EDGE_CURVE('',#2014,#2016,#1076,.T.);
#3981=EDGE_CURVE('',#2012,#2014,#1080,.T.);
#3983=EDGE_CURVE('',#2010,#2012,#1084,.T.);
#3985=EDGE_CURVE('',#2008,#2010,#1088,.T.);
#3987=EDGE_CURVE('',#2006,#2008,#1092,.T.);
#3989=EDGE_CURVE('',#2004,#2006,#1096,.T.);
#3991=EDGE_CURVE('',#2002,#2004,#1100,.T.);
#3993=EDGE_CURVE('',#2000,#2002,#1104,.T.);
#3995=EDGE_CURVE('',#1998,#2000,#1108,.T.);
#3997=EDGE_CURVE('',#1996,#1998,#1112,.T.);
#3999=EDGE_CURVE('',#1994,#1996,#1116,.T.);
#4001=EDGE_CURVE('',#1992,#1994,#1120,.T.);
#4003=EDGE_CURVE('',#1990,#1992,#1124,.T.);
#4005=EDGE_CURVE('',#1988,#1990,#1128,.T.);
#4007=EDGE_CURVE('',#1986,#1988,#1132,.T.);
#4009=EDGE_CURVE('',#1984,#1986,#1136,.T.);
#4011=EDGE_CURVE('',#1982,#1984,#1140,.T.);
#4013=EDGE_CURVE('',#1980,#1982,#1144,.T.);
#4015=EDGE_CURVE('',#1978,#1980,#1148,.T.);
#4017=EDGE_CURVE('',#1976,#1978,#1152,.T.);
#4019=EDGE_CURVE('',#1974,#1976,#1156,.T.);
#4021=EDGE_CURVE('',#1972,#1974,#1160,.T.);
#4023=EDGE_CURVE('',#1970,#1972,#1164,.T.);
#4025=EDGE_CURVE('',#1968,#1970,#1168,.T.);
#4027=EDGE_CURVE('',#1966,#1968,#1172,.T.);
#4029=EDGE_CURVE('',#1964,#1966,#1176,.T.);
#4031=EDGE_CURVE('',#1962,#1964,#1180,.T.);
#4033=EDGE_CURVE('',#1960,#1962,#1184,.T.);
#4035=EDGE_CURVE('',#1958,#1960,#1188,.T.);
#4037=EDGE_CURVE('',#1956,#1958,#1192,.T.);
#4039=EDGE_CURVE('',#1954,#1956,#1196,.T.);
#4041=EDGE_CURVE('',#1952,#1954,#1200,.T.);
#4058=EDGE_CURVE('',#2031,#2032,#1204,.T.);
#4060=EDGE_CURVE('',#2052,#2031,#1208,.T.);
#4062=EDGE_CURVE('',#2050,#2052,#1212,.T.);
#4064=EDGE_CURVE('',#2048,#2050,#1216,.T.);
#4066=EDGE_CURVE('',#2046,#2048,#1220,.T.);
#4068=EDGE_CURVE('',#2044,#2046,#1224,.T.);
#4070=EDGE_CURVE('',#2042,#2044,#1228,.T.);
#4072=EDGE_CURVE('',#2040,#2042,#1232,.T.);
#4074=EDGE_CURVE('',#2038,#2040,#1236,.T.);
#4076=EDGE_CURVE('',#2036,#2038,#1240,.T.);
#4078=EDGE_CURVE('',#2034,#2036,#1244,.T.);
#4080=EDGE_CURVE('',#2032,#2034,#1248,.T.);
#4097=EDGE_CURVE('',#2055,#2056,#1252,.T.);
#4099=EDGE_CURVE('',#2080,#2055,#1256,.T.);
#4101=EDGE_CURVE('',#2078,#2080,#1260,.T.);
#4103=EDGE_CURVE('',#2076,#2078,#1264,.T.);
#4105=EDGE_CURVE('',#2074,#2076,#1268,.T.);
#4107=EDGE_CURVE('',#2072,#2074,#1272,.T.);
#4109=EDGE_CURVE('',#2070,#2072,#1276,.T.);
#4111=EDGE_CURVE('',#2068,#2070,#1280,.T.);
#4113=EDGE_CURVE('',#2066,#2068,#1284,.T.);
#4115=EDGE_CURVE('',#2064,#2066,#1288,.T.);
#4117=EDGE_CURVE('',#2062,#2064,#1292,.T.);
#4119=EDGE_CURVE('',#2060,#2062,#1296,.T.);
#4121=EDGE_CURVE('',#2058,#2060,#1300,.T.);
#4123=EDGE_CURVE('',#2056,#2058,#1304,.T.);
#4127=EDGE_CURVE('',#2083,#2084,#1308,.T.);
#4129=EDGE_CURVE('',#2104,#2083,#1312,.T.);
#4131=EDGE_CURVE('',#2102,#2104,#1316,.T.);
#4133=EDGE_CURVE('',#2100,#2102,#1320,.T.);
#4135=EDGE_CURVE('',#2098,#2100,#1324,.T.);
#4137=EDGE_CURVE('',#2096,#2098,#1328,.T.);
#4139=EDGE_CURVE('',#2094,#2096,#1332,.T.);
#4141=EDGE_CURVE('',#2092,#2094,#1336,.T.);
#4143=EDGE_CURVE('',#2090,#2092,#1340,.T.);
#4145=EDGE_CURVE('',#2088,#2090,#1344,.T.);
#4147=EDGE_CURVE('',#2086,#2088,#1348,.T.);
#4149=EDGE_CURVE('',#2084,#2086,#1352,.T.);
#4166=EDGE_CURVE('',#2107,#2108,#1356,.T.);
#4168=EDGE_CURVE('',#2120,#2107,#1360,.T.);
#4170=EDGE_CURVE('',#2118,#2120,#1364,.T.);
#4172=EDGE_CURVE('',#2116,#2118,#1368,.T.);
#4174=EDGE_CURVE('',#2114,#2116,#1372,.T.);
#4176=EDGE_CURVE('',#2112,#2114,#1376,.T.);
#4178=EDGE_CURVE('',#2110,#2112,#1380,.T.);
#4180=EDGE_CURVE('',#2108,#2110,#1384,.T.);
#4184=EDGE_CURVE('',#2123,#2124,#1388,.T.);
#4186=EDGE_CURVE('',#2126,#2123,#1392,.T.);
#4188=EDGE_CURVE('',#2124,#2126,#1396,.T.);
#4206=EDGE_CURVE('',#2141,#1951,#1400,.T.);
#4209=EDGE_CURVE('',#2142,#1952,#1424,.T.);
#4227=EDGE_CURVE('',#2218,#2028,#1404,.T.);
#4247=EDGE_CURVE('',#2216,#2026,#1408,.T.);
#4267=EDGE_CURVE('',#2214,#2024,#1412,.T.);
#4287=EDGE_CURVE('',#2212,#2022,#1416,.T.);
#4328=EDGE_CURVE('',#2144,#1954,#1428,.T.);
#4348=EDGE_CURVE('',#2146,#1956,#1432,.T.);
#4368=EDGE_CURVE('',#2148,#1958,#1436,.T.);
#4388=EDGE_CURVE('',#2150,#1960,#1440,.T.);
#4408=EDGE_CURVE('',#2152,#1962,#1444,.T.);
#4428=EDGE_CURVE('',#2154,#1964,#1448,.T.);
#4448=EDGE_CURVE('',#2156,#1966,#1452,.T.);
#4468=EDGE_CURVE('',#2158,#1968,#1456,.T.);
#4488=EDGE_CURVE('',#2160,#1970,#1460,.T.);
#4508=EDGE_CURVE('',#2162,#1972,#1464,.T.);
#4528=EDGE_CURVE('',#2164,#1974,#1468,.T.);
#4548=EDGE_CURVE('',#2166,#1976,#1472,.T.);
#4568=EDGE_CURVE('',#2168,#1978,#1476,.T.);
#4588=EDGE_CURVE('',#2170,#1980,#1480,.T.);
#4608=EDGE_CURVE('',#2172,#1982,#1484,.T.);
#4628=EDGE_CURVE('',#2174,#1984,#1488,.T.);
#4648=EDGE_CURVE('',#2176,#1986,#1492,.T.);
#4668=EDGE_CURVE('',#2178,#1988,#1496,.T.);
#4688=EDGE_CURVE('',#2180,#1990,#1500,.T.);
#4708=EDGE_CURVE('',#2182,#1992,#1504,.T.);
#4728=EDGE_CURVE('',#2184,#1994,#1508,.T.);
#4748=EDGE_CURVE('',#2186,#1996,#1512,.T.);
#4768=EDGE_CURVE('',#2188,#1998,#1516,.T.);
#4788=EDGE_CURVE('',#2190,#2000,#1520,.T.);
#4808=EDGE_CURVE('',#2192,#2002,#1524,.T.);
#4828=EDGE_CURVE('',#2194,#2004,#1528,.T.);
#4848=EDGE_CURVE('',#2196,#2006,#1532,.T.);
#4868=EDGE_CURVE('',#2198,#2008,#1536,.T.);
#4888=EDGE_CURVE('',#2200,#2010,#1540,.T.);
#4908=EDGE_CURVE('',#2202,#2012,#1544,.T.);
#4928=EDGE_CURVE('',#2204,#2014,#1548,.T.);
#4948=EDGE_CURVE('',#2206,#2016,#1552,.T.);
#4985=EDGE_CURVE('',#2221,#2031,#1556,.T.);
#4988=EDGE_CURVE('',#2222,#2032,#1600,.T.);
#5006=EDGE_CURVE('',#2242,#2052,#1560,.T.);
#5026=EDGE_CURVE('',#2240,#2050,#1564,.T.);
#5046=EDGE_CURVE('',#2238,#2048,#1568,.T.);
#5066=EDGE_CURVE('',#2236,#2046,#1572,.T.);
#5086=EDGE_CURVE('',#2234,#2044,#1576,.T.);
#5106=EDGE_CURVE('',#2232,#2042,#1580,.T.);
#5126=EDGE_CURVE('',#2230,#2040,#1584,.T.);
#5146=EDGE_CURVE('',#2228,#2038,#1588,.T.);
#5166=EDGE_CURVE('',#2226,#2036,#1592,.T.);
#5186=EDGE_CURVE('',#2224,#2034,#1596,.T.);
#5225=EDGE_CURVE('',#2245,#2055,#1604,.T.);
#5228=EDGE_CURVE('',#2246,#2056,#1656,.T.);
#5246=EDGE_CURVE('',#2270,#2080,#1608,.T.);
#5266=EDGE_CURVE('',#2268,#2078,#1612,.T.);
#5286=EDGE_CURVE('',#2266,#2076,#1616,.T.);
#5306=EDGE_CURVE('',#2264,#2074,#1620,.T.);
#5326=EDGE_CURVE('',#2262,#2072,#1624,.T.);
#5346=EDGE_CURVE('',#2260,#2070,#1628,.T.);
#5366=EDGE_CURVE('',#2258,#2068,#1632,.T.);
#5386=EDGE_CURVE('',#2256,#2066,#1636,.T.);
#5406=EDGE_CURVE('',#2254,#2064,#1640,.T.);
#5426=EDGE_CURVE('',#2252,#2062,#1644,.T.);
#5446=EDGE_CURVE('',#2250,#2060,#1648,.T.);
#5466=EDGE_CURVE('',#2248,#2058,#1652,.T.);
#5505=EDGE_CURVE('',#2273,#2083,#1660,.T.);
#5508=EDGE_CURVE('',#2274,#2084,#1704,.T.);
#5526=EDGE_CURVE('',#2294,#2104,#1664,.T.);
#5546=EDGE_CURVE('',#2292,#2102,#1668,.T.);
#5566=EDGE_CURVE('',#2290,#2100,#1672,.T.);
#5586=EDGE_CURVE('',#2288,#2098,#1676,.T.);
#5606=EDGE_CURVE('',#2286,#2096,#1680,.T.);
#5626=EDGE_CURVE('',#2284,#2094,#1684,.T.);
#5646=EDGE_CURVE('',#2282,#2092,#1688,.T.);
#5666=EDGE_CURVE('',#2280,#2090,#1692,.T.);
#5686=EDGE_CURVE('',#2278,#2088,#1696,.T.);
#5706=EDGE_CURVE('',#2276,#2086,#1700,.T.);
#5745=EDGE_CURVE('',#2297,#2107,#1708,.T.);
#5748=EDGE_CURVE('',#2298,#2108,#1736,.T.);
#5766=EDGE_CURVE('',#2310,#2120,#1712,.T.);
#5786=EDGE_CURVE('',#2308,#2118,#1716,.T.);
#5806=EDGE_CURVE('',#2306,#2116,#1720,.T.);
#5826=EDGE_CURVE('',#2304,#2114,#1724,.T.);
#5846=EDGE_CURVE('',#2302,#2112,#1728,.T.);
#5866=EDGE_CURVE('',#2300,#2110,#1732,.T.);
#5905=EDGE_CURVE('',#2313,#2123,#1740,.T.);
#5908=EDGE_CURVE('',#2314,#2124,#1748,.T.);
#5926=EDGE_CURVE('',#2316,#2126,#1744,.T.);
#5965=CIRCLE('',#5964,3.547E-1);
#5982=CIRCLE('',#5981,3.547E-1);
#5995=CIRCLE('',#5994,1.E-1);
#6004=CIRCLE('',#6003,1.E-1);
#6029=CIRCLE('',#6028,3.547E-1);
#6042=CIRCLE('',#6041,1.E-1);
#6051=CIRCLE('',#6050,1.E-1);
#6064=CIRCLE('',#6063,3.547E-1);
#6133=CIRCLE('',#6132,4.E-1);
#6138=CIRCLE('',#6137,4.E-1);
#6145=B_SPLINE_CURVE_WITH_KNOTS('',3,(#6139,#6140,#6141,#6142,#6143,#6144),
.UNSPECIFIED.,.F.,.F.,(4,1,1,4),(0.E0,3.333333333333E-1,6.666666666667E-1,1.E0),
.UNSPECIFIED.);
#6158=CIRCLE('',#6157,5.016E-1);
#6163=CIRCLE('',#6162,5.016E-1);
#6172=B_SPLINE_CURVE_WITH_KNOTS('',3,(#6164,#6165,#6166,#6167,#6168,#6169,#6170,
#6171),.UNSPECIFIED.,.F.,.F.,(4,1,1,1,1,4),(0.E0,2.E-1,4.E-1,6.E-1,8.E-1,1.E0),
.UNSPECIFIED.);
#6177=CIRCLE('',#6176,4.E-1);
#6184=B_SPLINE_CURVE_WITH_KNOTS('',3,(#6178,#6179,#6180,#6181,#6182,#6183),
.UNSPECIFIED.,.F.,.F.,(4,1,1,4),(0.E0,3.333333333333E-1,6.666666666667E-1,1.E0),
.UNSPECIFIED.);
#6197=B_SPLINE_CURVE_WITH_KNOTS('',3,(#6189,#6190,#6191,#6192,#6193,#6194,#6195,
#6196),.UNSPECIFIED.,.F.,.F.,(4,1,1,1,1,4),(0.E0,2.E-1,4.E-1,6.E-1,8.E-1,1.E0),
.UNSPECIFIED.);
#6202=CIRCLE('',#6201,4.E-1);
#6211=CIRCLE('',#6210,4.E-1);
#6228=CIRCLE('',#6227,4.E-1);
#6233=CIRCLE('',#6232,4.E-1);
#6242=B_SPLINE_CURVE_WITH_KNOTS('',3,(#6234,#6235,#6236,#6237,#6238,#6239,#6240,
#6241),.UNSPECIFIED.,.F.,.F.,(4,1,1,1,1,4),(0.E0,2.E-1,4.E-1,6.E-1,8.E-1,1.E0),
.UNSPECIFIED.);
#6253=B_SPLINE_CURVE_WITH_KNOTS('',3,(#6247,#6248,#6249,#6250,#6251,#6252),
.UNSPECIFIED.,.F.,.F.,(4,1,1,4),(0.E0,3.333333333333E-1,6.666666666667E-1,1.E0),
.UNSPECIFIED.);
#6260=B_SPLINE_CURVE_WITH_KNOTS('',3,(#6254,#6255,#6256,#6257,#6258,#6259),
.UNSPECIFIED.,.F.,.F.,(4,1,1,4),(0.E0,3.333333333333E-1,6.666666666667E-1,1.E0),
.UNSPECIFIED.);
#6265=CIRCLE('',#6264,4.E-1);
#6274=B_SPLINE_CURVE_WITH_KNOTS('',3,(#6266,#6267,#6268,#6269,#6270,#6271,#6272,
#6273),.UNSPECIFIED.,.F.,.F.,(4,1,1,1,1,4),(0.E0,2.E-1,4.E-1,6.E-1,8.E-1,1.E0),
.UNSPECIFIED.);
#6295=CIRCLE('',#6294,7.501E-1);
#6344=CIRCLE('',#6343,7.501E-1);
#6369=CIRCLE('',#6368,1.303126122012E-1);
#6374=CIRCLE('',#6373,4.996657537170E-1);
#6379=CIRCLE('',#6378,1.303126122012E-1);
#6392=CIRCLE('',#6391,6.983385083653E-1);
#6397=CIRCLE('',#6396,3.E-1);
#6402=CIRCLE('',#6401,3.E-1);
#6419=CIRCLE('',#6418,3.E-1);
#6425=B_SPLINE_CURVE_WITH_KNOTS('',3,(#6420,#6421,#6422,#6423,#6424),
.UNSPECIFIED.,.F.,.F.,(4,1,4),(0.E0,5.E-1,1.E0),.UNSPECIFIED.);
#6430=CIRCLE('',#6429,3.E-1);
#6444=B_SPLINE_CURVE_WITH_KNOTS('',3,(#6439,#6440,#6441,#6442,#6443),
.UNSPECIFIED.,.F.,.F.,(4,1,4),(0.E0,5.E-1,1.E0),.UNSPECIFIED.);
#6449=CIRCLE('',#6448,3.E-1);
#6454=CIRCLE('',#6453,3.E-1);
#6467=CIRCLE('',#6466,3.E-1);
#6476=CIRCLE('',#6475,3.E-1);
#6497=CIRCLE('',#6496,7.501E-1);
#6546=CIRCLE('',#6545,7.501E-1);
#6551=CIRCLE('',#6550,4.E-1);
#6564=CIRCLE('',#6563,4.E-1);
#6585=CIRCLE('',#6584,7.501E-1);
#6650=CIRCLE('',#6649,7.501E-1);
#6663=CIRCLE('',#6662,7.501E-1);
#6728=CIRCLE('',#6727,7.501E-1);
#6749=CIRCLE('',#6748,3.E-1);
#6766=CIRCLE('',#6765,3.E-1);
#6799=CIRCLE('',#6798,3.E-1);
#6816=CIRCLE('',#6815,3.E-1);
#6837=CIRCLE('',#6836,3.42E-1);
#6854=CIRCLE('',#6853,3.42E-1);
#6859=CIRCLE('',#6858,3.42E-1);
#6876=CIRCLE('',#6875,3.42E-1);
#6889=CIRCLE('',#6888,4.E-1);
#6898=CIRCLE('',#6897,4.E-1);
#6911=B_SPLINE_CURVE_WITH_KNOTS('',3,(#6903,#6904,#6905,#6906,#6907,#6908,#6909,
#6910),.UNSPECIFIED.,.F.,.F.,(4,1,1,1,1,4),(0.E0,2.E-1,4.E-1,6.E-1,8.E-1,1.E0),
.UNSPECIFIED.);
#6916=CIRCLE('',#6915,4.E-1);
#6922=B_SPLINE_CURVE_WITH_KNOTS('',3,(#6917,#6918,#6919,#6920,#6921),
.UNSPECIFIED.,.F.,.F.,(4,1,4),(0.E0,5.E-1,1.E0),.UNSPECIFIED.);
#6928=B_SPLINE_CURVE_WITH_KNOTS('',3,(#6923,#6924,#6925,#6926,#6927),
.UNSPECIFIED.,.F.,.F.,(4,1,4),(0.E0,5.E-1,1.E0),.UNSPECIFIED.);
#6941=B_SPLINE_CURVE_WITH_KNOTS('',3,(#6933,#6934,#6935,#6936,#6937,#6938,#6939,
#6940),.UNSPECIFIED.,.F.,.F.,(4,1,1,1,1,4),(0.E0,2.E-1,4.E-1,6.E-1,8.E-1,1.E0),
.UNSPECIFIED.);
#6946=CIRCLE('',#6945,4.E-1);
#6955=CIRCLE('',#6954,5.016E-1);
#6960=CIRCLE('',#6959,5.016E-1);
#6965=CIRCLE('',#6964,4.E-1);
#6974=B_SPLINE_CURVE_WITH_KNOTS('',3,(#6966,#6967,#6968,#6969,#6970,#6971,#6972,
#6973),.UNSPECIFIED.,.F.,.F.,(4,1,1,1,1,4),(0.E0,2.E-1,4.E-1,6.E-1,8.E-1,1.E0),
.UNSPECIFIED.);
#6984=B_SPLINE_CURVE_WITH_KNOTS('',3,(#6979,#6980,#6981,#6982,#6983),
.UNSPECIFIED.,.F.,.F.,(4,1,4),(0.E0,5.E-1,1.E0),.UNSPECIFIED.);
#6989=CIRCLE('',#6988,4.E-1);
#6998=B_SPLINE_CURVE_WITH_KNOTS('',3,(#6990,#6991,#6992,#6993,#6994,#6995,#6996,
#6997),.UNSPECIFIED.,.F.,.F.,(4,1,1,1,1,4),(0.E0,2.E-1,4.E-1,6.E-1,8.E-1,1.E0),
.UNSPECIFIED.);
#7003=CIRCLE('',#7002,3.547E-1);
#7020=CIRCLE('',#7019,3.547E-1);
#7033=CIRCLE('',#7032,1.E-1);
#7042=CIRCLE('',#7041,1.E-1);
#7055=CIRCLE('',#7054,3.547E-1);
#7068=CIRCLE('',#7067,1.E-1);
#7077=CIRCLE('',#7076,1.E-1);
#7090=CIRCLE('',#7089,3.547E-1);
#7171=CIRCLE('',#7170,4.E-1);
#7178=B_SPLINE_CURVE_WITH_KNOTS('',3,(#7172,#7173,#7174,#7175,#7176,#7177),
.UNSPECIFIED.,.F.,.F.,(4,1,1,4),(0.E0,3.333333333333E-1,6.666666666667E-1,1.E0),
.UNSPECIFIED.);
#7183=CIRCLE('',#7182,4.E-1);
#7212=CIRCLE('',#7211,4.E-1);
#7217=CIRCLE('',#7216,4.E-1);
#7246=CIRCLE('',#7245,3.E-1);
#7263=CIRCLE('',#7262,3.42E-1);
#7268=CIRCLE('',#7267,3.42E-1);
#7281=CIRCLE('',#7280,3.E-1);
#7302=CIRCLE('',#7301,3.E-1);
#7319=CIRCLE('',#7318,3.42E-1);
#7324=CIRCLE('',#7323,3.42E-1);
#7337=CIRCLE('',#7336,3.E-1);
#7366=CIRCLE('',#7365,1.303126122012E-1);
#7382=B_SPLINE_CURVE_WITH_KNOTS('',3,(#7371,#7372,#7373,#7374,#7375,#7376,#7377,
#7378,#7379,#7380,#7381),.UNSPECIFIED.,.F.,.F.,(4,1,1,1,1,1,1,1,4),(0.E0,
1.25E-1,2.5E-1,3.75E-1,5.E-1,6.25E-1,7.5E-1,8.75E-1,1.E0),.UNSPECIFIED.);
#7387=CIRCLE('',#7386,1.E-1);
#7392=CIRCLE('',#7391,2.303126081317E-1);
#7397=CIRCLE('',#7396,2.303126068378E-1);
#7402=CIRCLE('',#7401,3.996657537170E-1);
#7407=CIRCLE('',#7406,1.E-1);
#7419=B_SPLINE_CURVE_WITH_KNOTS('',3,(#7408,#7409,#7410,#7411,#7412,#7413,#7414,
#7415,#7416,#7417,#7418),.UNSPECIFIED.,.F.,.F.,(4,1,1,1,1,1,1,1,4),(0.E0,
1.25E-1,2.5E-1,3.75E-1,5.E-1,6.25E-1,7.5E-1,8.75E-1,1.E0),.UNSPECIFIED.);
#7424=CIRCLE('',#7423,1.303126122012E-1);
#7433=CIRCLE('',#7432,4.996657537170E-1);
#7442=CIRCLE('',#7441,6.983385083653E-1);
#7451=CIRCLE('',#7450,4.E-1);
#7456=CIRCLE('',#7455,4.E-1);
#7917=EDGE_CURVE('',#7627,#7628,#5982,.T.);
#7919=EDGE_CURVE('',#7634,#7627,#6108,.T.);
#7921=EDGE_CURVE('',#7634,#7636,#6064,.T.);
#7923=EDGE_CURVE('',#7636,#7628,#6092,.T.);
#7940=EDGE_CURVE('',#7623,#7624,#5965,.T.);
#7942=EDGE_CURVE('',#7563,#7624,#6104,.T.);
#7944=EDGE_CURVE('',#7830,#7563,#6116,.T.);
#7946=EDGE_CURVE('',#7588,#7830,#6133,.T.);
#7948=EDGE_CURVE('',#7571,#7588,#5969,.T.);
#7950=EDGE_CURVE('',#7571,#7572,#5973,.T.);
#7952=EDGE_CURVE('',#7572,#7580,#5977,.T.);
#7954=EDGE_CURVE('',#7826,#7580,#7451,.T.);
#7956=EDGE_CURVE('',#7826,#7567,#7460,.T.);
#7958=EDGE_CURVE('',#7627,#7567,#6112,.T.);
#7961=EDGE_CURVE('',#7603,#7628,#5986,.T.);
#7963=EDGE_CURVE('',#7612,#7603,#5990,.T.);
#7965=EDGE_CURVE('',#7610,#7612,#5995,.T.);
#7967=EDGE_CURVE('',#7620,#7610,#5999,.T.);
#7969=EDGE_CURVE('',#7618,#7620,#6004,.T.);
#7971=EDGE_CURVE('',#7599,#7618,#6008,.T.);
#7973=EDGE_CURVE('',#7623,#7599,#6012,.T.);
#7991=EDGE_CURVE('',#7630,#7623,#6016,.T.);
#7993=EDGE_CURVE('',#7630,#7632,#6029,.T.);
#7995=EDGE_CURVE('',#7632,#7624,#6100,.T.);
#8014=EDGE_CURVE('',#7599,#7600,#6024,.T.);
#8016=EDGE_CURVE('',#7630,#7600,#6033,.T.);
#8033=EDGE_CURVE('',#7618,#7616,#6020,.T.);
#8035=EDGE_CURVE('',#7600,#7616,#6037,.T.);
#8054=EDGE_CURVE('',#7615,#7616,#6042,.T.);
#8058=EDGE_CURVE('',#7620,#7615,#6084,.T.);
#8079=EDGE_CURVE('',#7615,#7608,#6046,.T.);
#8081=EDGE_CURVE('',#7607,#7608,#6051,.T.);
#8083=EDGE_CURVE('',#7607,#7604,#6055,.T.);
#8085=EDGE_CURVE('',#7604,#7636,#6059,.T.);
#8088=EDGE_CURVE('',#7634,#7568,#6068,.T.);
#8090=EDGE_CURVE('',#7568,#7828,#7468,.T.);
#8092=EDGE_CURVE('',#7909,#7828,#7456,.T.);
#8094=EDGE_CURVE('',#7802,#7909,#6246,.T.);
#8096=EDGE_CURVE('',#7802,#7801,#6072,.T.);
#8098=EDGE_CURVE('',#7908,#7801,#6188,.T.);
#8100=EDGE_CURVE('',#7832,#7908,#6138,.T.);
#8102=EDGE_CURVE('',#7564,#7832,#6124,.T.);
#8104=EDGE_CURVE('',#7564,#7632,#6076,.T.);
#8121=EDGE_CURVE('',#7610,#7608,#6080,.T.);
#8144=EDGE_CURVE('',#7612,#7607,#6088,.T.);
#8163=EDGE_CURVE('',#7603,#7604,#6096,.T.);
#8202=EDGE_CURVE('',#7563,#7564,#6120,.T.);
#8222=EDGE_CURVE('',#7567,#7568,#7472,.T.);
#8243=EDGE_CURVE('',#7830,#7832,#6128,.T.);
#8260=EDGE_CURVE('',#7588,#7806,#6149,.T.);
#8265=EDGE_CURVE('',#7908,#7806,#6145,.T.);
#8282=EDGE_CURVE('',#7586,#7571,#6158,.T.);
#8286=EDGE_CURVE('',#7806,#7586,#6153,.T.);
#8304=EDGE_CURVE('',#7592,#7586,#6184,.T.);
#8306=EDGE_CURVE('',#7591,#7592,#6572,.T.);
#8308=EDGE_CURVE('',#7578,#7591,#6260,.T.);
#8310=EDGE_CURVE('',#7578,#7572,#6163,.T.);
#8328=EDGE_CURVE('',#7583,#7816,#6219,.T.);
#8330=EDGE_CURVE('',#7720,#7816,#6172,.T.);
#8332=EDGE_CURVE('',#7720,#7592,#6177,.T.);
#8338=EDGE_CURVE('',#7801,#7596,#6197,.T.);
#8340=EDGE_CURVE('',#7596,#7583,#6202,.T.);
#8357=EDGE_CURVE('',#7814,#7575,#6206,.T.);
#8359=EDGE_CURVE('',#7844,#7814,#6211,.T.);
#8361=EDGE_CURVE('',#7844,#7575,#6215,.T.);
#8379=EDGE_CURVE('',#7583,#7716,#6223,.T.);
#8381=EDGE_CURVE('',#7816,#7716,#6228,.T.);
#8399=EDGE_CURVE('',#7575,#7595,#6233,.T.);
#8401=EDGE_CURVE('',#7595,#7802,#6242,.T.);
#8404=EDGE_CURVE('',#7909,#7804,#6253,.T.);
#8406=EDGE_CURVE('',#7578,#7804,#7476,.T.);
#8409=EDGE_CURVE('',#7591,#7818,#6265,.T.);
#8411=EDGE_CURVE('',#7814,#7818,#6274,.T.);
#8428=EDGE_CURVE('',#7904,#7576,#6290,.T.);
#8430=EDGE_CURVE('',#7894,#7904,#6471,.T.);
#8432=EDGE_CURVE('',#7900,#7894,#6454,.T.);
#8434=EDGE_CURVE('',#7884,#7900,#6278,.T.);
#8436=EDGE_CURVE('',#7875,#7884,#6430,.T.);
#8438=EDGE_CURVE('',#7902,#7875,#6406,.T.);
#8440=EDGE_CURVE('',#7660,#7902,#6348,.T.);
#8442=EDGE_CURVE('',#7659,#7660,#7229,.T.);
#8444=EDGE_CURVE('',#7675,#7659,#6946,.T.);
#8446=EDGE_CURVE('',#7675,#7676,#6282,.T.);
#8448=EDGE_CURVE('',#7663,#7676,#6965,.T.);
#8450=EDGE_CURVE('',#7663,#7664,#6736,.T.);
#8452=EDGE_CURVE('',#7664,#7584,#6732,.T.);
#8454=EDGE_CURVE('',#7583,#7584,#6654,.T.);
#8457=EDGE_CURVE('',#7595,#7596,#7446,.T.);
#8460=EDGE_CURVE('',#7575,#7576,#7361,.T.);
#8477=EDGE_CURVE('',#7855,#7890,#6286,.T.);
#8479=EDGE_CURVE('',#7904,#7890,#6476,.T.);
#8482=EDGE_CURVE('',#7576,#7531,#6295,.T.);
#8484=EDGE_CURVE('',#7531,#7532,#6299,.T.);
#8486=EDGE_CURVE('',#7532,#7534,#6303,.T.);
#8488=EDGE_CURVE('',#7534,#7783,#6307,.T.);
#8490=EDGE_CURVE('',#7783,#7784,#6311,.T.);
#8492=EDGE_CURVE('',#7784,#7537,#6315,.T.);
#8494=EDGE_CURVE('',#7537,#7538,#6319,.T.);
#8496=EDGE_CURVE('',#7538,#7764,#6323,.T.);
#8498=EDGE_CURVE('',#7763,#7764,#6327,.T.);
#8500=EDGE_CURVE('',#7763,#7541,#6331,.T.);
#8502=EDGE_CURVE('',#7541,#7542,#6335,.T.);
#8504=EDGE_CURVE('',#7542,#7544,#6339,.T.);
#8506=EDGE_CURVE('',#7544,#7660,#6344,.T.);
#8509=EDGE_CURVE('',#7879,#7902,#6402,.T.);
#8511=EDGE_CURVE('',#7856,#7879,#6352,.T.);
#8513=EDGE_CURVE('',#7855,#7856,#6356,.T.);
#8531=EDGE_CURVE('',#7879,#7890,#6392,.T.);
#8534=EDGE_CURVE('',#7856,#7855,#7442,.T.);
#8544=EDGE_CURVE('',#7879,#7880,#6360,.T.);
#8546=EDGE_CURVE('',#7880,#7852,#6364,.T.);
#8548=EDGE_CURVE('',#7850,#7852,#6369,.T.);
#8550=EDGE_CURVE('',#7848,#7850,#6374,.T.);
#8552=EDGE_CURVE('',#7847,#7848,#6379,.T.);
#8554=EDGE_CURVE('',#7847,#7889,#6383,.T.);
#8556=EDGE_CURVE('',#7889,#7890,#6387,.T.);
#8574=EDGE_CURVE('',#7875,#7876,#6410,.T.);
#8576=EDGE_CURVE('',#7876,#7880,#6397,.T.);
#8597=EDGE_CURVE('',#7886,#7875,#6414,.T.);
#8599=EDGE_CURVE('',#7886,#7876,#6551,.T.);
#8616=EDGE_CURVE('',#7883,#7884,#6434,.T.);
#8618=EDGE_CURVE('',#7883,#7906,#6419,.T.);
#8620=EDGE_CURVE('',#7906,#7886,#6425,.T.);
#8641=EDGE_CURVE('',#7899,#7900,#6438,.T.);
#8643=EDGE_CURVE('',#7883,#7899,#6568,.T.);
#8660=EDGE_CURVE('',#7896,#7894,#6462,.T.);
#8662=EDGE_CURVE('',#7896,#7907,#6444,.T.);
#8664=EDGE_CURVE('',#7907,#7899,#6449,.T.);
#8683=EDGE_CURVE('',#7893,#7894,#6458,.T.);
#8685=EDGE_CURVE('',#7896,#7893,#6564,.T.);
#8704=EDGE_CURVE('',#7889,#7893,#6467,.T.);
#8724=EDGE_CURVE('',#7844,#7893,#6480,.T.);
#8728=EDGE_CURVE('',#7870,#7847,#7370,.T.);
#8730=EDGE_CURVE('',#7872,#7870,#7382,.T.);
#8732=EDGE_CURVE('',#7872,#7860,#6484,.T.);
#8734=EDGE_CURVE('',#7864,#7860,#7419,.T.);
#8736=EDGE_CURVE('',#7864,#7852,#6488,.T.);
#8740=EDGE_CURVE('',#7876,#7842,#6492,.T.);
#8742=EDGE_CURVE('',#7560,#7842,#6497,.T.);
#8744=EDGE_CURVE('',#7558,#7560,#6501,.T.);
#8746=EDGE_CURVE('',#7557,#7558,#6505,.T.);
#8748=EDGE_CURVE('',#7775,#7557,#6509,.T.);
#8750=EDGE_CURVE('',#7780,#7775,#6513,.T.);
#8752=EDGE_CURVE('',#7554,#7780,#6517,.T.);
#8754=EDGE_CURVE('',#7553,#7554,#6521,.T.);
#8756=EDGE_CURVE('',#7795,#7553,#6525,.T.);
#8758=EDGE_CURVE('',#7800,#7795,#6529,.T.);
#8760=EDGE_CURVE('',#7550,#7800,#6533,.T.);
#8762=EDGE_CURVE('',#7548,#7550,#6537,.T.);
#8764=EDGE_CURVE('',#7547,#7548,#6541,.T.);
#8766=EDGE_CURVE('',#7844,#7547,#6546,.T.);
#8785=EDGE_CURVE('',#7906,#7824,#6555,.T.);
#8787=EDGE_CURVE('',#7824,#7820,#6911,.T.);
#8789=EDGE_CURVE('',#7820,#7842,#6889,.T.);
#8807=EDGE_CURVE('',#7818,#7907,#6559,.T.);
#8835=EDGE_CURVE('',#7719,#7720,#6576,.T.);
#8837=EDGE_CURVE('',#7680,#7719,#6989,.T.);
#8839=EDGE_CURVE('',#7679,#7680,#6950,.T.);
#8841=EDGE_CURVE('',#7824,#7679,#6916,.T.);
#8860=EDGE_CURVE('',#7715,#7716,#6580,.T.);
#8862=EDGE_CURVE('',#7715,#7822,#6898,.T.);
#8864=EDGE_CURVE('',#7822,#7719,#6998,.T.);
#8885=EDGE_CURVE('',#7526,#7716,#6585,.T.);
#8887=EDGE_CURVE('',#7524,#7526,#6589,.T.);
#8889=EDGE_CURVE('',#7523,#7524,#6593,.T.);
#8891=EDGE_CURVE('',#7755,#7523,#6597,.T.);
#8893=EDGE_CURVE('',#7760,#7755,#6601,.T.);
#8895=EDGE_CURVE('',#7520,#7760,#6605,.T.);
#8897=EDGE_CURVE('',#7518,#7520,#6609,.T.);
#8899=EDGE_CURVE('',#7516,#7518,#6613,.T.);
#8901=EDGE_CURVE('',#7514,#7516,#6617,.T.);
#8903=EDGE_CURVE('',#7512,#7514,#6621,.T.);
#8905=EDGE_CURVE('',#7511,#7512,#6625,.T.);
#8907=EDGE_CURVE('',#7735,#7511,#6629,.T.);
#8909=EDGE_CURVE('',#7740,#7735,#6633,.T.);
#8911=EDGE_CURVE('',#7508,#7740,#6637,.T.);
#8913=EDGE_CURVE('',#7507,#7508,#6641,.T.);
#8915=EDGE_CURVE('',#7528,#7507,#6645,.T.);
#8917=EDGE_CURVE('',#7715,#7528,#6650,.T.);
#8937=EDGE_CURVE('',#7502,#7584,#6728,.T.);
#8939=EDGE_CURVE('',#7502,#7526,#6658,.T.);
#8956=EDGE_CURVE('',#7664,#7504,#6663,.T.);
#8958=EDGE_CURVE('',#7504,#7483,#6667,.T.);
#8960=EDGE_CURVE('',#7483,#7484,#6671,.T.);
#8962=EDGE_CURVE('',#7484,#7723,#6675,.T.);
#8964=EDGE_CURVE('',#7723,#7724,#6679,.T.);
#8966=EDGE_CURVE('',#7724,#7487,#6683,.T.);
#8968=EDGE_CURVE('',#7487,#7488,#6687,.T.);
#8970=EDGE_CURVE('',#7488,#7490,#6691,.T.);
#8972=EDGE_CURVE('',#7490,#7492,#6695,.T.);
#8974=EDGE_CURVE('',#7492,#7494,#6699,.T.);
#8976=EDGE_CURVE('',#7494,#7496,#6703,.T.);
#8978=EDGE_CURVE('',#7496,#7744,#6707,.T.);
#8980=EDGE_CURVE('',#7743,#7744,#6711,.T.);
#8982=EDGE_CURVE('',#7743,#7499,#6715,.T.);
#8984=EDGE_CURVE('',#7499,#7500,#6719,.T.);
#8986=EDGE_CURVE('',#7500,#7502,#6723,.T.);
#9006=EDGE_CURVE('',#7504,#7528,#6740,.T.);
#9010=EDGE_CURVE('',#7715,#7663,#6902,.T.);
#9030=EDGE_CURVE('',#7483,#7507,#6744,.T.);
#9050=EDGE_CURVE('',#7484,#7508,#6761,.T.);
#9067=EDGE_CURVE('',#7738,#7740,#6749,.T.);
#9069=EDGE_CURVE('',#7738,#7727,#6753,.T.);
#9071=EDGE_CURVE('',#7732,#7727,#6757,.T.);
#9073=EDGE_CURVE('',#7723,#7732,#6867,.T.);
#9093=EDGE_CURVE('',#7735,#7736,#6766,.T.);
#9095=EDGE_CURVE('',#7738,#7736,#6871,.T.);
#9116=EDGE_CURVE('',#7487,#7511,#6778,.T.);
#9119=EDGE_CURVE('',#7730,#7724,#6863,.T.);
#9121=EDGE_CURVE('',#7730,#7728,#6770,.T.);
#9123=EDGE_CURVE('',#7728,#7736,#6774,.T.);
#9143=EDGE_CURVE('',#7488,#7512,#6782,.T.);
#9163=EDGE_CURVE('',#7490,#7514,#6786,.T.);
#9183=EDGE_CURVE('',#7492,#7516,#6790,.T.);
#9203=EDGE_CURVE('',#7494,#7518,#6794,.T.);
#9223=EDGE_CURVE('',#7496,#7520,#6811,.T.);
#9240=EDGE_CURVE('',#7758,#7760,#6799,.T.);
#9242=EDGE_CURVE('',#7758,#7747,#6803,.T.);
#9244=EDGE_CURVE('',#7752,#7747,#6807,.T.);
#9246=EDGE_CURVE('',#7752,#7744,#6845,.T.);
#9266=EDGE_CURVE('',#7755,#7756,#6816,.T.);
#9268=EDGE_CURVE('',#7758,#7756,#6849,.T.);
#9289=EDGE_CURVE('',#7499,#7523,#6828,.T.);
#9292=EDGE_CURVE('',#7743,#7750,#6841,.T.);
#9294=EDGE_CURVE('',#7750,#7748,#6820,.T.);
#9296=EDGE_CURVE('',#7748,#7756,#6824,.T.);
#9316=EDGE_CURVE('',#7500,#7524,#6832,.T.);
#9352=EDGE_CURVE('',#7750,#7752,#6837,.T.);
#9372=EDGE_CURVE('',#7747,#7748,#6854,.T.);
#9411=EDGE_CURVE('',#7730,#7732,#6859,.T.);
#9431=EDGE_CURVE('',#7727,#7728,#6876,.T.);
#9470=EDGE_CURVE('',#7659,#7820,#6880,.T.);
#9472=EDGE_CURVE('',#7659,#7842,#6884,.T.);
#9490=EDGE_CURVE('',#7822,#7663,#6893,.T.);
#9512=EDGE_CURVE('',#7679,#7666,#6922,.T.);
#9514=EDGE_CURVE('',#7810,#7666,#7225,.T.);
#9516=EDGE_CURVE('',#7810,#7911,#6928,.T.);
#9518=EDGE_CURVE('',#7911,#7808,#6932,.T.);
#9520=EDGE_CURVE('',#7808,#7675,#6941,.T.);
#9539=EDGE_CURVE('',#7670,#7680,#6984,.T.);
#9541=EDGE_CURVE('',#7670,#7655,#6955,.T.);
#9543=EDGE_CURVE('',#7655,#7656,#7098,.T.);
#9545=EDGE_CURVE('',#7666,#7656,#6960,.T.);
#9565=EDGE_CURVE('',#7676,#7807,#6974,.T.);
#9567=EDGE_CURVE('',#7807,#7910,#6978,.T.);
#9569=EDGE_CURVE('',#7812,#7910,#7178,.T.);
#9571=EDGE_CURVE('',#7670,#7812,#7187,.T.);
#9591=EDGE_CURVE('',#7807,#7808,#7011,.T.);
#9611=EDGE_CURVE('',#7706,#7708,#7003,.T.);
#9613=EDGE_CURVE('',#7640,#7708,#7007,.T.);
#9615=EDGE_CURVE('',#7640,#7840,#7162,.T.);
#9617=EDGE_CURVE('',#7910,#7840,#7183,.T.);
#9622=EDGE_CURVE('',#7836,#7911,#7217,.T.);
#9624=EDGE_CURVE('',#7644,#7836,#7203,.T.);
#9626=EDGE_CURVE('',#7710,#7644,#7015,.T.);
#9628=EDGE_CURVE('',#7710,#7712,#7020,.T.);
#9630=EDGE_CURVE('',#7652,#7712,#7024,.T.);
#9632=EDGE_CURVE('',#7688,#7652,#7028,.T.);
#9634=EDGE_CURVE('',#7686,#7688,#7033,.T.);
#9636=EDGE_CURVE('',#7696,#7686,#7037,.T.);
#9638=EDGE_CURVE('',#7694,#7696,#7042,.T.);
#9640=EDGE_CURVE('',#7648,#7694,#7046,.T.);
#9642=EDGE_CURVE('',#7706,#7648,#7050,.T.);
#9659=EDGE_CURVE('',#7699,#7700,#7055,.T.);
#9661=EDGE_CURVE('',#7700,#7708,#7138,.T.);
#9664=EDGE_CURVE('',#7699,#7706,#7106,.T.);
#9682=EDGE_CURVE('',#7699,#7647,#7059,.T.);
#9684=EDGE_CURVE('',#7647,#7692,#7063,.T.);
#9686=EDGE_CURVE('',#7691,#7692,#7068,.T.);
#9688=EDGE_CURVE('',#7691,#7684,#7072,.T.);
#9690=EDGE_CURVE('',#7683,#7684,#7077,.T.);
#9692=EDGE_CURVE('',#7683,#7651,#7081,.T.);
#9694=EDGE_CURVE('',#7651,#7704,#7085,.T.);
#9696=EDGE_CURVE('',#7703,#7704,#7090,.T.);
#9698=EDGE_CURVE('',#7703,#7643,#7150,.T.);
#9700=EDGE_CURVE('',#7834,#7643,#7195,.T.);
#9702=EDGE_CURVE('',#7668,#7834,#7212,.T.);
#9704=EDGE_CURVE('',#7656,#7668,#7094,.T.);
#9707=EDGE_CURVE('',#7655,#7672,#7102,.T.);
#9709=EDGE_CURVE('',#7838,#7672,#7171,.T.);
#9711=EDGE_CURVE('',#7838,#7639,#7154,.T.);
#9713=EDGE_CURVE('',#7639,#7700,#7142,.T.);
#9732=EDGE_CURVE('',#7647,#7648,#7114,.T.);
#9750=EDGE_CURVE('',#7694,#7692,#7110,.T.);
#9773=EDGE_CURVE('',#7696,#7691,#7122,.T.);
#9790=EDGE_CURVE('',#7686,#7684,#7118,.T.);
#9813=EDGE_CURVE('',#7688,#7683,#7126,.T.);
#9832=EDGE_CURVE('',#7651,#7652,#7134,.T.);
#9850=EDGE_CURVE('',#7704,#7712,#7130,.T.);
#9873=EDGE_CURVE('',#7703,#7710,#7146,.T.);
#9892=EDGE_CURVE('',#7639,#7640,#7166,.T.);
#9912=EDGE_CURVE('',#7643,#7644,#7199,.T.);
#9931=EDGE_CURVE('',#7840,#7838,#7158,.T.);
#9952=EDGE_CURVE('',#7812,#7672,#7191,.T.);
#9993=EDGE_CURVE('',#7834,#7836,#7207,.T.);
#10010=EDGE_CURVE('',#7668,#7810,#7221,.T.);
#10054=EDGE_CURVE('',#7544,#7560,#7233,.T.);
#10072=EDGE_CURVE('',#7542,#7558,#7237,.T.);
#10092=EDGE_CURVE('',#7541,#7557,#7241,.T.);
#10111=EDGE_CURVE('',#7775,#7776,#7246,.T.);
#10116=EDGE_CURVE('',#7763,#7767,#7272,.T.);
#10118=EDGE_CURVE('',#7772,#7767,#7250,.T.);
#10120=EDGE_CURVE('',#7772,#7776,#7254,.T.);
#10138=EDGE_CURVE('',#7778,#7776,#7258,.T.);
#10140=EDGE_CURVE('',#7778,#7780,#7281,.T.);
#10160=EDGE_CURVE('',#7770,#7772,#7263,.T.);
#10162=EDGE_CURVE('',#7778,#7770,#7285,.T.);
#10179=EDGE_CURVE('',#7767,#7768,#7268,.T.);
#10181=EDGE_CURVE('',#7770,#7768,#7289,.T.);
#10203=EDGE_CURVE('',#7768,#7764,#7276,.T.);
#10225=EDGE_CURVE('',#7538,#7554,#7293,.T.);
#10244=EDGE_CURVE('',#7537,#7553,#7297,.T.);
#10263=EDGE_CURVE('',#7795,#7796,#7302,.T.);
#10268=EDGE_CURVE('',#7790,#7784,#7328,.T.);
#10270=EDGE_CURVE('',#7790,#7788,#7306,.T.);
#10272=EDGE_CURVE('',#7788,#7796,#7310,.T.);
#10290=EDGE_CURVE('',#7798,#7796,#7314,.T.);
#10292=EDGE_CURVE('',#7798,#7800,#7337,.T.);
#10312=EDGE_CURVE('',#7787,#7788,#7319,.T.);
#10314=EDGE_CURVE('',#7798,#7787,#7341,.T.);
#10333=EDGE_CURVE('',#7790,#7792,#7324,.T.);
#10335=EDGE_CURVE('',#7792,#7787,#7345,.T.);
#10355=EDGE_CURVE('',#7783,#7792,#7332,.T.);
#10377=EDGE_CURVE('',#7534,#7550,#7349,.T.);
#10396=EDGE_CURVE('',#7532,#7548,#7353,.T.);
#10416=EDGE_CURVE('',#7531,#7547,#7357,.T.);
#10455=EDGE_CURVE('',#7870,#7868,#7366,.T.);
#10459=EDGE_CURVE('',#7868,#7848,#7437,.T.);
#10477=EDGE_CURVE('',#7866,#7868,#7387,.T.);
#10479=EDGE_CURVE('',#7872,#7866,#7397,.T.);
#10497=EDGE_CURVE('',#7866,#7859,#7402,.T.);
#10500=EDGE_CURVE('',#7868,#7863,#7433,.T.);
#10502=EDGE_CURVE('',#7859,#7863,#7407,.T.);
#10519=EDGE_CURVE('',#7859,#7860,#7392,.T.);
#10541=EDGE_CURVE('',#7863,#7864,#7424,.T.);
#10560=EDGE_CURVE('',#7863,#7850,#7428,.T.);
#10627=EDGE_CURVE('',#7828,#7826,#7464,.T.);
#10630=EDGE_CURVE('',#7804,#7580,#7480,.T.);
#10684=(LENGTH_UNIT()NAMED_UNIT(*)SI_UNIT(.MILLI.,.METRE.));
#10686=(NAMED_UNIT(*)PLANE_ANGLE_UNIT()SI_UNIT($,.RADIAN.));
#10689=(NAMED_UNIT(*)SI_UNIT($,.STERADIAN.)SOLID_ANGLE_UNIT());
#10692=ADVANCED_BREP_SHAPE_REPRESENTATION('',(#5960,#10683),#10691);
#10700=PRODUCT_DEFINITION('design','',#10699,#10696);
#10701=PRODUCT_DEFINITION_SHAPE('','SHAPE FOR 15.',#10700);
#10702=SHAPE_ASPECT('','solid data associated with 15',#10701,.F.);
#10703=PROPERTY_DEFINITION('',
'shape for solid data with which properties are associated',#10702);
#10704=SHAPE_REPRESENTATION('',(#10683),#10691);
#10705=SHAPE_DEFINITION_REPRESENTATION(#10703,#10704);
#10706=(LENGTH_UNIT()NAMED_UNIT(*)SI_UNIT(.MILLI.,.METRE.));
#10710=PROPERTY_DEFINITION('geometric validation property','area of 15',#10702);
#10711=REPRESENTATION('surface area',(#10709),#10691);
#10712=PROPERTY_DEFINITION_REPRESENTATION(#10710,#10711);
#10713=(LENGTH_UNIT()NAMED_UNIT(*)SI_UNIT(.MILLI.,.METRE.));
#10717=PROPERTY_DEFINITION('geometric validation property','volume of 15',
#10702);
#10718=REPRESENTATION('volume',(#10716),#10691);
#10719=PROPERTY_DEFINITION_REPRESENTATION(#10717,#10718);
#10721=PROPERTY_DEFINITION('geometric validation property','centroid of 15',
#10702);
#10722=REPRESENTATION('centroid',(#10720),#10691);
#10723=PROPERTY_DEFINITION_REPRESENTATION(#10721,#10722);
#10724=(LENGTH_UNIT()NAMED_UNIT(*)SI_UNIT(.MILLI.,.METRE.));
#10728=PROPERTY_DEFINITION('geometric validation property','area of 15',#10701);
#10729=REPRESENTATION('surface area',(#10727),#10691);
#10730=PROPERTY_DEFINITION_REPRESENTATION(#10728,#10729);
#10731=(LENGTH_UNIT()NAMED_UNIT(*)SI_UNIT(.MILLI.,.METRE.));
#10735=PROPERTY_DEFINITION('geometric validation property','volume of 15',
#10701);
#10736=REPRESENTATION('volume',(#10734),#10691);
#10737=PROPERTY_DEFINITION_REPRESENTATION(#10735,#10736);
#10739=PROPERTY_DEFINITION('geometric validation property','centroid of 15',
#10701);
#10740=REPRESENTATION('centroid',(#10738),#10691);
#10741=PROPERTY_DEFINITION_REPRESENTATION(#10739,#10740);
#10742=SHAPE_DEFINITION_REPRESENTATION(#10701,#10692);
ENDSEC;
END-ISO-10303-21;
